datetime,count
2011-01-20 00:00:00,89.79741
2011-01-20 01:00:00,87.256516
2011-01-20 02:00:00,87.256516
2011-01-20 03:00:00,89.212036
2011-01-20 04:00:00,89.212036
2011-01-20 05:00:00,84.23842
2011-01-20 06:00:00,80.06319
2011-01-20 07:00:00,76.677246
2011-01-20 08:00:00,66.24167
2011-01-20 09:00:00,103.25287
2011-01-20 10:00:00,80.1221
2011-01-20 11:00:00,116.42021
2011-01-20 12:00:00,55.228985
2011-01-20 13:00:00,101.17873
2011-01-20 14:00:00,111.59537
2011-01-20 15:00:00,121.69106
2011-01-20 16:00:00,118.55977
2011-01-20 17:00:00,107.24222
2011-01-20 18:00:00,113.413246
2011-01-20 19:00:00,81.00989
2011-01-20 20:00:00,93.72818
2011-01-20 21:00:00,98.59108
2011-01-20 22:00:00,87.65133
2011-01-20 23:00:00,80.17942
2011-01-21 00:00:00,98.501076
2011-01-21 01:00:00,98.501076
2011-01-21 02:00:00,97.658806
2011-01-21 03:00:00,52.674244
2011-01-21 04:00:00,79.19459
2011-01-21 05:00:00,88.268585
2011-01-21 06:00:00,68.83689
2011-01-21 07:00:00,62.64291
2011-01-21 08:00:00,65.982574
2011-01-21 09:00:00,66.48087
2011-01-21 10:00:00,80.74515
2011-01-21 11:00:00,85.82373
2011-01-21 12:00:00,105.69122
2011-01-21 13:00:00,106.05351
2011-01-21 14:00:00,97.79082
2011-01-21 15:00:00,82.748184
2011-01-21 16:00:00,78.84433
2011-01-21 17:00:00,71.704025
2011-01-21 18:00:00,68.344055
2011-01-21 19:00:00,64.630844
2011-01-21 20:00:00,64.051445
2011-01-21 21:00:00,50.84806
2011-01-21 22:00:00,51.06855
2011-01-21 23:00:00,47.891163
2011-01-22 00:00:00,29.946152
2011-01-22 01:00:00,41.35806
2011-01-22 02:00:00,43.027634
2011-01-22 03:00:00,42.106457
2011-01-22 04:00:00,43.416065
2011-01-22 06:00:00,37.634106
2011-01-22 07:00:00,27.66731
2011-01-22 08:00:00,26.35829
2011-01-22 09:00:00,32.010345
2011-01-22 10:00:00,24.12921
2011-01-22 11:00:00,21.581436
2011-01-22 12:00:00,19.68257
2011-01-22 13:00:00,24.960472
2011-01-22 14:00:00,32.175087
2011-01-22 15:00:00,33.01563
2011-01-22 16:00:00,52.85658
2011-01-22 17:00:00,34.19811
2011-01-22 18:00:00,36.304867
2011-01-22 19:00:00,30.536673
2011-01-22 20:00:00,27.59149
2011-01-22 21:00:00,24.901308
2011-01-22 22:00:00,21.751286
2011-01-22 23:00:00,24.132143
2011-01-23 00:00:00,24.132143
2011-01-23 01:00:00,24.132143
2011-01-23 02:00:00,25.10406
2011-01-23 03:00:00,25.10406
2011-01-23 05:00:00,34.66242
2011-01-23 06:00:00,34.66242
2011-01-23 07:00:00,29.413881
2011-01-23 08:00:00,27.115923
2011-01-23 09:00:00,27.263681
2011-01-23 10:00:00,35.098217
2011-01-23 11:00:00,42.770916
2011-01-23 12:00:00,48.95506
2011-01-23 13:00:00,46.306446
2011-01-23 14:00:00,54.603985
2011-01-23 15:00:00,54.603985
2011-01-23 16:00:00,58.96824
2011-01-23 17:00:00,50.798534
2011-01-23 18:00:00,55.15396
2011-01-23 19:00:00,51.890324
2011-01-23 20:00:00,44.759296
2011-01-23 21:00:00,38.15391
2011-01-23 22:00:00,34.15093
2011-01-23 23:00:00,32.29094
2011-01-24 00:00:00,74.09689
2011-01-24 01:00:00,74.01395
2011-01-24 03:00:00,59.091496
2011-01-24 04:00:00,68.50607
2011-01-24 05:00:00,68.50607
2011-01-24 06:00:00,62.51357
2011-01-24 07:00:00,44.727077
2011-01-24 08:00:00,47.021404
2011-01-24 09:00:00,50.184956
2011-01-24 10:00:00,58.804996
2011-01-24 11:00:00,77.998314
2011-01-24 12:00:00,88.6454
2011-01-24 13:00:00,82.60502
2011-01-24 14:00:00,83.02031
2011-01-24 15:00:00,93.35376
2011-01-24 16:00:00,61.26231
2011-01-24 17:00:00,60.67029
2011-01-24 18:00:00,75.1359
2011-01-24 19:00:00,76.227974
2011-01-24 20:00:00,75.1359
2011-01-24 21:00:00,69.015335
2011-01-24 22:00:00,97.31638
2011-01-24 23:00:00,89.7102
2011-01-25 00:00:00,73.53803
2011-01-25 01:00:00,89.18326
2011-01-25 02:00:00,76.49381
2011-01-25 04:00:00,66.711334
2011-01-25 05:00:00,67.46576
2011-01-25 06:00:00,69.26099
2011-01-25 07:00:00,72.03181
2011-01-25 08:00:00,80.18503
2011-01-25 09:00:00,94.671295
2011-01-25 10:00:00,101.28278
2011-01-25 11:00:00,106.117004
2011-01-25 12:00:00,105.406845
2011-01-25 13:00:00,108.64852
2011-01-25 14:00:00,59.701183
2011-01-25 15:00:00,57.213757
2011-01-25 16:00:00,57.213757
2011-01-25 17:00:00,99.839035
2011-01-25 18:00:00,103.21706
2011-01-25 19:00:00,115.41229
2011-01-25 20:00:00,89.79775
2011-01-25 21:00:00,89.79775
2011-01-25 22:00:00,83.63445
2011-01-25 23:00:00,106.15884
2011-01-26 00:00:00,103.17883
2011-01-26 01:00:00,109.040955
2011-01-26 02:00:00,102.69046
2011-01-26 05:00:00,54.60717
2011-01-26 06:00:00,54.60717
2011-01-26 07:00:00,47.71108
2011-01-26 08:00:00,47.71108
2011-01-26 09:00:00,47.71108
2011-01-26 10:00:00,45.827763
2011-01-26 11:00:00,35.44409
2011-01-26 12:00:00,35.44409
2011-01-26 13:00:00,35.44409
2011-01-26 14:00:00,30.369251
2011-01-26 15:00:00,28.516493
2011-01-26 16:00:00,33.877956
2011-01-26 17:00:00,29.43302
2011-01-27 16:00:00,83.80574
2011-01-27 17:00:00,84.12863
2011-01-27 18:00:00,72.55731
2011-01-27 19:00:00,72.55731
2011-01-27 20:00:00,69.974686
2011-01-27 21:00:00,69.974686
2011-01-27 22:00:00,69.974686
2011-01-27 23:00:00,66.804504
2011-01-28 00:00:00,86.91086
2011-01-28 01:00:00,86.91086
2011-01-28 02:00:00,87.85976
2011-01-28 03:00:00,86.66167
2011-01-28 05:00:00,75.223816
2011-01-28 06:00:00,74.81823
2011-01-28 07:00:00,66.38055
2011-01-28 08:00:00,66.38055
2011-01-28 09:00:00,68.434166
2011-01-28 10:00:00,66.4458
2011-01-28 11:00:00,57.987118
2011-01-28 12:00:00,57.987118
2011-01-28 13:00:00,57.987118
2011-01-28 14:00:00,97.4282
2011-01-28 15:00:00,82.393814
2011-01-28 16:00:00,74.79727
2011-01-28 17:00:00,82.232895
2011-01-28 18:00:00,87.16433
2011-01-28 19:00:00,96.62773
2011-01-28 20:00:00,106.57712
2011-01-28 21:00:00,91.66888
2011-01-28 22:00:00,83.965836
2011-01-28 23:00:00,84.23842
2011-01-29 00:00:00,51.14638
2011-01-29 01:00:00,44.146236
2011-01-29 02:00:00,43.778263
2011-01-29 03:00:00,41.471195
2011-01-29 04:00:00,35.338295
2011-01-29 06:00:00,36.1789
2011-01-29 07:00:00,33.816975
2011-01-29 08:00:00,41.74082
2011-01-29 09:00:00,35.8974
2011-01-29 10:00:00,62.928204
2011-01-29 11:00:00,64.41277
2011-01-29 12:00:00,70.15826
2011-01-29 13:00:00,74.85985
2011-01-29 14:00:00,74.04721
2011-01-29 15:00:00,42.27768
2011-01-29 16:00:00,50.37974
2011-01-29 17:00:00,39.431644
2011-01-29 18:00:00,43.11308
2011-01-29 19:00:00,73.03224
2011-01-29 20:00:00,37.778378
2011-01-29 21:00:00,37.778378
2011-01-29 22:00:00,33.86408
2011-01-29 23:00:00,33.86408
2011-01-30 00:00:00,33.133804
2011-01-30 01:00:00,33.123737
2011-01-30 02:00:00,35.464508
2011-01-30 03:00:00,25.822065
2011-01-30 04:00:00,25.822065
2011-01-30 05:00:00,32.358673
2011-01-30 07:00:00,32.358673
2011-01-30 08:00:00,52.004253
2011-01-30 09:00:00,52.930767
2011-01-30 10:00:00,57.156887
2011-01-30 11:00:00,44.320515
2011-01-30 12:00:00,77.542946
2011-01-30 13:00:00,60.97196
2011-01-30 14:00:00,59.811226
2011-01-30 15:00:00,53.296463
2011-01-30 16:00:00,53.296463
2011-01-30 17:00:00,77.408356
2011-01-30 18:00:00,51.21948
2011-01-30 19:00:00,51.020172
2011-01-30 20:00:00,80.6163
2011-01-30 21:00:00,78.25359
2011-01-30 22:00:00,78.44624
2011-01-30 23:00:00,84.314316
2011-01-31 00:00:00,114.44301
2011-01-31 01:00:00,76.00823
2011-01-31 02:00:00,84.26561
2011-01-31 03:00:00,84.26561
2011-01-31 04:00:00,75.519806
2011-01-31 05:00:00,68.43448
2011-01-31 06:00:00,62.41081
2011-01-31 07:00:00,76.05334
2011-01-31 08:00:00,79.22348
2011-01-31 09:00:00,74.4474
2011-01-31 10:00:00,101.893295
2011-01-31 11:00:00,101.893295
2011-01-31 12:00:00,94.732635
2011-01-31 13:00:00,77.78273
2011-01-31 14:00:00,95.93387
2011-01-31 15:00:00,92.62875
2011-01-31 16:00:00,100.0251
2011-01-31 17:00:00,101.893295
2011-01-31 18:00:00,94.01368
2011-01-31 19:00:00,86.93443
2011-01-31 20:00:00,118.0784
2011-01-31 21:00:00,107.31545
2011-01-31 22:00:00,90.55145
2011-01-31 23:00:00,87.13679
2011-02-20 00:00:00,75.10322
2011-02-20 01:00:00,61.730198
2011-02-20 02:00:00,64.25626
2011-02-20 03:00:00,58.985867
2011-02-20 04:00:00,58.985867
2011-02-20 06:00:00,56.306667
2011-02-20 07:00:00,45.672787
2011-02-20 08:00:00,39.73842
2011-02-20 09:00:00,68.58304
2011-02-20 10:00:00,62.472607
2011-02-20 11:00:00,61.099762
2011-02-20 12:00:00,98.00069
2011-02-20 13:00:00,116.33801
2011-02-20 14:00:00,147.73988
2011-02-20 15:00:00,148.74486
2011-02-20 16:00:00,146.40016
2011-02-20 17:00:00,132.93915
2011-02-20 18:00:00,67.69093
2011-02-20 19:00:00,67.69093
2011-02-20 20:00:00,47.82612
2011-02-20 21:00:00,42.36706
2011-02-20 22:00:00,109.15772
2011-02-20 23:00:00,96.91352
2011-02-21 00:00:00,105.52488
2011-02-21 01:00:00,105.52488
2011-02-21 02:00:00,105.52488
2011-02-21 03:00:00,98.03596
2011-02-21 04:00:00,83.94216
2011-02-21 05:00:00,33.676983
2011-02-21 06:00:00,121.46787
2011-02-21 07:00:00,118.285866
2011-02-21 08:00:00,127.88025
2011-02-21 09:00:00,130.69482
2011-02-21 10:00:00,119.197334
2011-02-21 11:00:00,55.36147
2011-02-21 12:00:00,107.61775
2011-02-21 13:00:00,88.81465
2011-02-21 14:00:00,108.65871
2011-02-21 15:00:00,92.03444
2011-02-21 16:00:00,63.63833
2011-02-21 17:00:00,92.15074
2011-02-21 18:00:00,71.93999
2011-02-21 19:00:00,71.93999
2011-02-21 20:00:00,55.301456
2011-02-21 21:00:00,49.185703
2011-02-21 22:00:00,49.31599
2011-02-21 23:00:00,49.31599
2011-02-22 06:00:00,54.16963
2011-02-22 07:00:00,54.16963
2011-02-22 08:00:00,63.429302
2011-02-22 09:00:00,74.77901
2011-02-22 10:00:00,65.43938
2011-02-22 11:00:00,65.97014
2011-02-22 12:00:00,78.87524
2011-02-22 13:00:00,83.83505
2011-02-22 14:00:00,83.80574
2011-02-22 15:00:00,89.188095
2011-02-22 16:00:00,84.61825
2011-02-22 17:00:00,76.10008
2011-02-22 18:00:00,88.01256
2011-02-22 19:00:00,64.02502
2011-02-22 20:00:00,72.61913
2011-02-22 21:00:00,64.74935
2011-02-22 22:00:00,59.694725
2011-02-22 23:00:00,59.694725
2011-02-23 00:00:00,78.307724
2011-02-23 01:00:00,81.98105
2011-02-23 02:00:00,73.80325
2011-02-23 03:00:00,77.86335
2011-02-23 05:00:00,70.77101
2011-02-23 06:00:00,70.77101
2011-02-23 07:00:00,69.31224
2011-02-23 08:00:00,76.227974
2011-02-23 09:00:00,79.65025
2011-02-23 10:00:00,84.01843
2011-02-23 11:00:00,103.157364
2011-02-23 12:00:00,113.745415
2011-02-23 13:00:00,156.72078
2011-02-23 14:00:00,167.12761
2011-02-23 15:00:00,183.06535
2011-02-23 16:00:00,152.79605
2011-02-23 17:00:00,183.06535
2011-02-23 18:00:00,172.1759
2011-02-23 19:00:00,116.599594
2011-02-23 20:00:00,85.52676
2011-02-23 21:00:00,87.500565
2011-02-23 22:00:00,87.500565
2011-02-23 23:00:00,82.19855
2011-02-24 00:00:00,82.19855
2011-02-24 01:00:00,77.79976
2011-02-24 02:00:00,73.95412
2011-02-24 03:00:00,78.023605
2011-02-24 05:00:00,76.59758
2011-02-24 06:00:00,82.7977
2011-02-24 07:00:00,83.4689
2011-02-24 08:00:00,94.44867
2011-02-24 09:00:00,77.20286
2011-02-24 10:00:00,87.80088
2011-02-24 11:00:00,99.40217
2011-02-24 12:00:00,108.65209
2011-02-24 13:00:00,114.6996
2011-02-24 14:00:00,117.963394
2011-02-24 15:00:00,91.11887
2011-02-24 16:00:00,108.40141
2011-02-24 17:00:00,135.72179
2011-02-24 18:00:00,85.587425
2011-02-24 19:00:00,69.61756
2011-02-24 20:00:00,80.01169
2011-02-24 21:00:00,85.587425
2011-02-24 22:00:00,78.76657
2011-02-24 23:00:00,88.89613
2011-02-25 00:00:00,119.52812
2011-02-25 01:00:00,109.73126
2011-02-25 02:00:00,109.73126
2011-02-25 03:00:00,101.65808
2011-02-25 05:00:00,101.65808
2011-02-25 06:00:00,106.37078
2011-02-25 07:00:00,83.4694
2011-02-25 08:00:00,105.11476
2011-02-25 09:00:00,49.032406
2011-02-25 10:00:00,92.038124
2011-02-25 11:00:00,157.72115
2011-02-25 12:00:00,110.62795
2011-02-25 13:00:00,110.62795
2011-02-25 14:00:00,117.884964
2011-02-25 15:00:00,225.57603
2011-02-25 16:00:00,123.47045
2011-02-25 17:00:00,150.73035
2011-02-25 18:00:00,125.29642
2011-02-25 19:00:00,114.916374
2011-02-25 20:00:00,132.94327
2011-02-25 21:00:00,97.06627
2011-02-25 22:00:00,96.394226
2011-02-25 23:00:00,83.335594
2011-02-26 00:00:00,60.464592
2011-02-26 01:00:00,67.02727
2011-02-26 02:00:00,53.41038
2011-02-26 03:00:00,47.604923
2011-02-26 04:00:00,56.039307
2011-02-26 05:00:00,71.286285
2011-02-26 06:00:00,36.467373
2011-02-26 07:00:00,44.0309
2011-02-26 08:00:00,29.929564
2011-02-26 09:00:00,86.89378
2011-02-26 10:00:00,65.90962
2011-02-26 11:00:00,63.55406
2011-02-26 12:00:00,73.21531
2011-02-26 13:00:00,124.8497
2011-02-26 14:00:00,119.45715
2011-02-26 15:00:00,142.58723
2011-02-26 16:00:00,145.85196
2011-02-26 17:00:00,142.55899
2011-02-26 18:00:00,122.24045
2011-02-26 19:00:00,111.371216
2011-02-26 20:00:00,78.420074
2011-02-26 21:00:00,61.13581
2011-02-26 22:00:00,51.705532
2011-02-26 23:00:00,53.13483
2011-02-27 00:00:00,36.821255
2011-02-27 01:00:00,34.929134
2011-02-27 02:00:00,36.917294
2011-02-27 03:00:00,40.396015
2011-02-27 04:00:00,32.86765
2011-02-27 06:00:00,45.815495
2011-02-27 07:00:00,32.86765
2011-02-27 08:00:00,49.455093
2011-02-27 09:00:00,44.203922
2011-02-27 10:00:00,49.590008
2011-02-27 11:00:00,88.60145
2011-02-27 12:00:00,121.4725
2011-02-27 13:00:00,126.55963
2011-02-27 14:00:00,167.09268
2011-02-27 15:00:00,198.11131
2011-02-27 16:00:00,216.95143
2011-02-27 17:00:00,160.53847
2011-02-27 18:00:00,145.64224
2011-02-27 19:00:00,130.84726
2011-02-27 20:00:00,121.4725
2011-02-27 21:00:00,108.212944
2011-02-27 22:00:00,114.3141
2011-02-27 23:00:00,114.58455
2011-02-28 00:00:00,139.00352
2011-02-28 01:00:00,49.101543
2011-02-28 03:00:00,80.7644
2011-02-28 05:00:00,125.75329
2011-02-28 06:00:00,105.76952
2011-02-28 07:00:00,118.57392
2011-02-28 08:00:00,95.53746
2011-02-28 09:00:00,131.4005
2011-02-28 10:00:00,129.58018
2011-02-28 11:00:00,213.48564
2011-02-28 12:00:00,213.48564
2011-02-28 13:00:00,135.74144
2011-02-28 14:00:00,98.431335
2011-02-28 15:00:00,98.431335
2011-02-28 16:00:00,130.0227
2011-02-28 17:00:00,89.02861
2011-02-28 18:00:00,142.78256
2011-02-28 19:00:00,61.531307
2011-02-28 20:00:00,61.531307
2011-02-28 21:00:00,81.47324
2011-02-28 22:00:00,40.874744
2011-02-28 23:00:00,66.55449
2011-03-20 00:00:00,102.069084
2011-03-20 01:00:00,97.0582
2011-03-20 02:00:00,97.76162
2011-03-20 03:00:00,74.60813
2011-03-20 04:00:00,64.70359
2011-03-20 05:00:00,56.861946
2011-03-20 06:00:00,58.46236
2011-03-20 07:00:00,51.32136
2011-03-20 08:00:00,67.804146
2011-03-20 09:00:00,80.724525
2011-03-20 10:00:00,41.551792
2011-03-20 11:00:00,116.13091
2011-03-20 12:00:00,128.80338
2011-03-20 13:00:00,138.22304
2011-03-20 14:00:00,165.17577
2011-03-20 15:00:00,173.68745
2011-03-20 16:00:00,173.37473
2011-03-20 17:00:00,181.17763
2011-03-20 18:00:00,144.0792
2011-03-20 19:00:00,147.97807
2011-03-20 20:00:00,145.85196
2011-03-20 21:00:00,128.61353
2011-03-20 22:00:00,123.78174
2011-03-20 23:00:00,95.165085
2011-03-21 00:00:00,88.40586
2011-03-21 01:00:00,107.269005
2011-03-21 02:00:00,106.299286
2011-03-21 03:00:00,106.299286
2011-03-21 05:00:00,80.94915
2011-03-21 06:00:00,84.314186
2011-03-21 07:00:00,50.46612
2011-03-21 08:00:00,76.394264
2011-03-21 09:00:00,83.76205
2011-03-21 10:00:00,94.49437
2011-03-21 11:00:00,129.05656
2011-03-21 12:00:00,127.09801
2011-03-21 13:00:00,185.95946
2011-03-21 14:00:00,206.74129
2011-03-21 15:00:00,219.50497
2011-03-21 16:00:00,195.76198
2011-03-21 17:00:00,204.5095
2011-03-21 18:00:00,185.07289
2011-03-21 19:00:00,224.69853
2011-03-21 20:00:00,212.0418
2011-03-21 21:00:00,51.335155
2011-03-21 22:00:00,71.95983
2011-03-21 23:00:00,66.25505
2011-03-22 00:00:00,66.04385
2011-03-22 01:00:00,34.120663
2011-03-22 02:00:00,48.739353
2011-03-22 03:00:00,88.655945
2011-03-22 04:00:00,93.613785
2011-03-22 05:00:00,82.14367
2011-03-22 06:00:00,65.9703
2011-03-22 07:00:00,107.04607
2011-03-22 08:00:00,141.07991
2011-03-22 09:00:00,126.79755
2011-03-22 10:00:00,149.34467
2011-03-22 11:00:00,182.80118
2011-03-22 12:00:00,204.81694
2011-03-22 13:00:00,238.93385
2011-03-22 14:00:00,255.34523
2011-03-22 15:00:00,257.28586
2011-03-22 16:00:00,219.55719
2011-03-22 17:00:00,219.55719
2011-03-22 18:00:00,185.2234
2011-03-22 19:00:00,154.90685
2011-03-22 20:00:00,143.95447
2011-03-22 21:00:00,145.372
2011-03-22 22:00:00,145.89072
2011-03-22 23:00:00,145.89072
2011-03-23 00:00:00,101.032394
2011-03-23 01:00:00,84.46063
2011-03-23 02:00:00,84.46063
2011-03-23 03:00:00,99.346855
2011-03-23 05:00:00,55.811226
2011-03-23 06:00:00,69.7742
2011-03-23 07:00:00,50.722004
2011-03-23 08:00:00,57.468098
2011-03-23 09:00:00,82.000305
2011-03-23 10:00:00,83.37451
2011-03-23 11:00:00,60.776226
2011-03-23 12:00:00,64.37884
2011-03-23 13:00:00,68.20704
2011-03-23 14:00:00,77.3636
2011-03-23 15:00:00,84.12532
2011-03-23 16:00:00,108.95093
2011-03-23 17:00:00,108.95093
2011-03-23 18:00:00,77.710175
2011-03-23 19:00:00,77.710175
2011-03-23 20:00:00,75.98799
2011-03-23 21:00:00,44.361362
2011-03-23 22:00:00,50.49423
2011-03-23 23:00:00,82.311966
2011-03-24 00:00:00,50.722004
2011-03-24 01:00:00,35.913925
2011-03-24 02:00:00,40.35217
2011-03-24 03:00:00,33.492924
2011-03-24 04:00:00,33.492924
2011-03-24 05:00:00,47.09064
2011-03-24 06:00:00,47.09064
2011-03-24 07:00:00,32.265205
2011-03-24 08:00:00,41.970284
2011-03-24 09:00:00,45.329006
2011-03-24 10:00:00,58.442562
2011-03-24 11:00:00,77.226166
2011-03-24 12:00:00,97.1551
2011-03-24 13:00:00,109.2116
2011-03-24 14:00:00,88.04329
2011-03-24 15:00:00,105.7447
2011-03-24 16:00:00,120.04058
2011-03-24 17:00:00,104.93759
2011-03-24 18:00:00,119.24531
2011-03-24 19:00:00,124.93972
2011-03-24 20:00:00,96.57599
2011-03-24 21:00:00,85.47517
2011-03-24 22:00:00,66.681274
2011-03-24 23:00:00,76.47188
2011-03-25 00:00:00,86.05129
2011-03-25 01:00:00,57.312252
2011-03-25 02:00:00,75.19594
2011-03-25 03:00:00,48.044964
2011-03-25 04:00:00,43.03478
2011-03-25 05:00:00,51.847134
2011-03-25 06:00:00,65.42156
2011-03-25 07:00:00,90.538734
2011-03-25 08:00:00,93.63646
2011-03-25 09:00:00,100.44522
2011-03-25 10:00:00,57.57174
2011-03-25 11:00:00,129.6852
2011-03-25 12:00:00,147.79652
2011-03-25 13:00:00,156.86177
2011-03-25 14:00:00,194.49905
2011-03-25 15:00:00,114.106766
2011-03-25 16:00:00,115.382576
2011-03-25 17:00:00,113.478745
2011-03-25 18:00:00,145.61208
2011-03-25 19:00:00,101.28363
2011-03-25 20:00:00,83.966736
2011-03-25 21:00:00,98.82917
2011-03-25 22:00:00,100.91388
2011-03-25 23:00:00,96.6707
2011-03-26 00:00:00,46.293594
2011-03-26 01:00:00,73.17323
2011-03-26 02:00:00,39.50939
2011-03-26 03:00:00,29.207636
2011-03-26 04:00:00,39.50939
2011-03-26 05:00:00,27.565334
2011-03-26 06:00:00,26.114264
2011-03-26 07:00:00,27.565334
2011-03-26 08:00:00,28.576973
2011-03-26 09:00:00,33.764893
2011-03-26 10:00:00,40.24632
2011-03-26 11:00:00,50.467083
2011-03-26 12:00:00,69.284744
2011-03-26 13:00:00,95.46835
2011-03-26 14:00:00,119.13849
2011-03-26 15:00:00,111.2173
2011-03-26 16:00:00,135.69255
2011-03-26 17:00:00,128.65784
2011-03-26 18:00:00,64.917336
2011-03-26 19:00:00,44.20039
2011-03-26 20:00:00,44.20039
2011-03-26 21:00:00,25.54849
2011-03-26 22:00:00,33.885574
2011-03-26 23:00:00,48.63448
2011-03-27 00:00:00,22.857767
2011-03-27 01:00:00,26.636763
2011-03-27 02:00:00,36.424213
2011-03-27 03:00:00,40.925632
2011-03-27 04:00:00,33.27559
2011-03-27 06:00:00,33.998013
2011-03-27 07:00:00,40.413677
2011-03-27 08:00:00,29.595467
2011-03-27 09:00:00,25.217442
2011-03-27 10:00:00,34.664814
2011-03-27 11:00:00,21.997793
2011-03-27 12:00:00,29.848246
2011-03-27 13:00:00,71.22403
2011-03-27 14:00:00,69.00085
2011-03-27 15:00:00,100.65632
2011-03-27 16:00:00,64.21022
2011-03-27 17:00:00,110.43247
2011-03-27 18:00:00,77.089516
2011-03-27 19:00:00,92.80002
2011-03-27 20:00:00,54.87827
2011-03-27 21:00:00,40.24632
2011-03-27 22:00:00,40.24632
2011-03-27 23:00:00,40.9303
2011-03-28 00:00:00,93.09023
2011-03-28 01:00:00,102.85216
2011-03-28 02:00:00,101.757576
2011-03-28 03:00:00,101.757576
2011-03-28 05:00:00,88.839066
2011-03-28 06:00:00,94.47896
2011-03-28 07:00:00,106.669785
2011-03-28 08:00:00,102.64137
2011-03-28 09:00:00,86.36833
2011-03-28 10:00:00,129.18448
2011-03-28 11:00:00,94.416885
2011-03-28 12:00:00,50.418827
2011-03-28 13:00:00,84.74535
2011-03-28 14:00:00,176.28017
2011-03-28 15:00:00,179.67313
2011-03-28 16:00:00,184.42677
2011-03-28 17:00:00,187.9309
2011-03-28 18:00:00,176.6198
2011-03-28 19:00:00,179.69746
2011-03-28 20:00:00,181.3316
2011-03-28 21:00:00,185.20355
2011-03-28 22:00:00,168.43465
2011-03-28 23:00:00,163.11568
2011-03-29 00:00:00,141.45316
2011-03-29 01:00:00,123.64461
2011-03-29 02:00:00,123.64461
2011-03-29 03:00:00,123.64461
2011-03-29 04:00:00,94.67014
2011-03-29 05:00:00,107.029106
2011-03-29 06:00:00,101.036415
2011-03-29 07:00:00,106.98033
2011-03-29 08:00:00,119.00781
2011-03-29 09:00:00,155.0584
2011-03-29 10:00:00,171.71602
2011-03-29 11:00:00,128.538
2011-03-29 12:00:00,187.05397
2011-03-29 13:00:00,189.882
2011-03-29 14:00:00,195.29546
2011-03-29 15:00:00,207.1089
2011-03-29 16:00:00,210.40019
2011-03-29 17:00:00,233.11807
2011-03-29 18:00:00,195.08665
2011-03-29 19:00:00,183.5271
2011-03-29 20:00:00,195.08665
2011-03-29 21:00:00,91.84831
2011-03-29 22:00:00,68.46828
2011-03-29 23:00:00,91.28887
2011-03-30 00:00:00,38.239628
2011-03-30 01:00:00,94.04941
2011-03-30 02:00:00,38.239628
2011-03-30 03:00:00,34.712254
2011-03-30 04:00:00,38.239628
2011-03-30 05:00:00,121.87512
2011-03-30 06:00:00,101.20679
2011-03-30 07:00:00,74.158646
2011-03-30 08:00:00,116.65125
2011-03-30 09:00:00,124.18646
2011-03-30 10:00:00,134.62758
2011-03-30 11:00:00,131.7369
2011-03-30 12:00:00,119.227585
2011-03-30 13:00:00,137.39565
2011-03-30 14:00:00,134.11961
2011-03-30 15:00:00,62.765812
2011-03-30 16:00:00,53.776516
2011-03-30 17:00:00,51.584503
2011-03-30 18:00:00,45.329006
2011-03-30 19:00:00,45.329006
2011-03-30 20:00:00,45.520954
2011-03-30 21:00:00,49.7194
2011-03-30 22:00:00,39.91293
2011-03-30 23:00:00,47.49013
2011-03-31 00:00:00,39.91293
2011-03-31 01:00:00,41.648933
2011-03-31 02:00:00,41.648933
2011-03-31 03:00:00,39.91293
2011-03-31 04:00:00,41.747555
2011-03-31 05:00:00,39.91293
2011-03-31 06:00:00,45.520954
2011-03-31 07:00:00,41.747555
2011-03-31 08:00:00,40.24515
2011-03-31 09:00:00,42.821705
2011-03-31 10:00:00,42.821705
2011-03-31 11:00:00,43.22927
2011-03-31 12:00:00,43.22927
2011-03-31 13:00:00,60.520325
2011-03-31 14:00:00,60.520325
2011-03-31 15:00:00,55.74114
2011-03-31 16:00:00,63.243984
2011-03-31 17:00:00,63.243984
2011-03-31 18:00:00,56.960567
2011-03-31 19:00:00,56.960567
2011-03-31 20:00:00,48.048763
2011-03-31 21:00:00,43.94002
2011-03-31 22:00:00,43.190006
2011-03-31 23:00:00,37.069935
2011-04-20 00:00:00,56.373356
2011-04-20 01:00:00,41.036854
2011-04-20 02:00:00,41.036854
2011-04-20 03:00:00,59.87995
2011-04-20 04:00:00,32.88255
2011-04-20 05:00:00,39.43691
2011-04-20 06:00:00,41.036854
2011-04-20 07:00:00,65.754524
2011-04-20 08:00:00,224.67473
2011-04-20 09:00:00,284.78564
2011-04-20 10:00:00,189.41658
2011-04-20 11:00:00,189.41658
2011-04-20 12:00:00,302.81638
2011-04-20 13:00:00,302.81638
2011-04-20 14:00:00,310.11435
2011-04-20 15:00:00,246.31721
2011-04-20 16:00:00,246.31721
2011-04-20 17:00:00,246.70102
2011-04-20 18:00:00,315.9199
2011-04-20 19:00:00,333.40225
2011-04-20 20:00:00,326.8522
2011-04-20 21:00:00,314.66272
2011-04-20 22:00:00,305.19272
2011-04-20 23:00:00,293.65674
2011-04-21 00:00:00,274.63153
2011-04-21 01:00:00,252.32071
2011-04-21 02:00:00,250.15208
2011-04-21 03:00:00,160.40054
2011-04-21 04:00:00,150.26349
2011-04-21 05:00:00,145.05482
2011-04-21 06:00:00,133.24852
2011-04-21 07:00:00,143.63307
2011-04-21 08:00:00,137.05608
2011-04-21 09:00:00,144.76572
2011-04-21 10:00:00,192.95457
2011-04-21 11:00:00,217.64233
2011-04-21 12:00:00,240.2524
2011-04-21 13:00:00,266.48215
2011-04-21 14:00:00,276.98788
2011-04-21 15:00:00,295.6416
2011-04-21 16:00:00,299.7036
2011-04-21 17:00:00,289.83594
2011-04-21 18:00:00,295.34598
2011-04-21 19:00:00,261.63437
2011-04-21 20:00:00,235.49782
2011-04-21 21:00:00,191.48277
2011-04-21 22:00:00,180.72078
2011-04-21 23:00:00,146.33757
2011-04-22 00:00:00,98.18743
2011-04-22 01:00:00,131.33302
2011-04-22 02:00:00,137.83049
2011-04-22 03:00:00,137.83049
2011-04-22 04:00:00,127.36958
2011-04-22 05:00:00,123.116325
2011-04-22 06:00:00,127.36958
2011-04-22 07:00:00,134.57532
2011-04-22 08:00:00,136.42845
2011-04-22 09:00:00,111.67552
2011-04-22 10:00:00,126.5085
2011-04-22 11:00:00,103.95099
2011-04-22 12:00:00,88.881714
2011-04-22 13:00:00,59.310505
2011-04-22 14:00:00,61.074757
2011-04-22 15:00:00,59.310505
2011-04-22 16:00:00,68.20704
2011-04-22 17:00:00,46.176743
2011-04-22 18:00:00,46.176743
2011-04-22 19:00:00,46.176743
2011-04-22 20:00:00,54.47533
2011-04-22 21:00:00,47.992466
2011-04-22 22:00:00,48.327736
2011-04-22 23:00:00,64.45047
2011-04-23 00:00:00,37.277752
2011-04-23 01:00:00,37.277752
2011-04-23 02:00:00,53.943783
2011-04-23 03:00:00,53.970505
2011-04-23 04:00:00,60.0469
2011-04-23 05:00:00,60.0469
2011-04-23 06:00:00,40.83204
2011-04-23 07:00:00,55.51913
2011-04-23 08:00:00,35.998783
2011-04-23 09:00:00,51.428326
2011-04-23 10:00:00,76.34517
2011-04-23 11:00:00,87.90169
2011-04-23 12:00:00,106.13252
2011-04-23 13:00:00,111.534676
2011-04-23 14:00:00,180.36545
2011-04-23 15:00:00,236.31287
2011-04-23 16:00:00,210.16005
2011-04-23 17:00:00,230.19461
2011-04-23 18:00:00,137.74792
2011-04-23 19:00:00,116.465775
2011-04-23 20:00:00,113.7127
2011-04-23 21:00:00,137.64977
2011-04-23 22:00:00,163.79381
2011-04-23 23:00:00,119.44696
2011-04-24 00:00:00,86.386986
2011-04-24 01:00:00,58.782513
2011-04-24 02:00:00,58.782513
2011-04-24 03:00:00,50.488544
2011-04-24 04:00:00,50.488544
2011-04-24 05:00:00,50.488544
2011-04-24 06:00:00,105.99195
2011-04-24 07:00:00,105.99195
2011-04-24 08:00:00,47.322845
2011-04-24 09:00:00,84.96549
2011-04-24 10:00:00,144.97957
2011-04-24 11:00:00,220.71587
2011-04-24 12:00:00,270.82687
2011-04-24 13:00:00,340.09653
2011-04-24 14:00:00,379.11148
2011-04-24 15:00:00,296.8674
2011-04-24 16:00:00,394.24808
2011-04-24 17:00:00,286.31747
2011-04-24 18:00:00,199.51363
2011-04-24 19:00:00,159.57185
2011-04-24 20:00:00,159.57185
2011-04-24 21:00:00,114.75391
2011-04-24 22:00:00,106.79198
2011-04-24 23:00:00,123.735
2011-04-25 00:00:00,128.20555
2011-04-25 01:00:00,60.11709
2011-04-25 02:00:00,60.11709
2011-04-25 03:00:00,107.87915
2011-04-25 04:00:00,137.29381
2011-04-25 05:00:00,124.819664
2011-04-25 06:00:00,137.53072
2011-04-25 07:00:00,115.17056
2011-04-25 08:00:00,103.63385
2011-04-25 09:00:00,134.1382
2011-04-25 10:00:00,230.8539
2011-04-25 11:00:00,230.8539
2011-04-25 12:00:00,244.18729
2011-04-25 13:00:00,275.80392
2011-04-25 14:00:00,322.29654
2011-04-25 15:00:00,324.6384
2011-04-25 16:00:00,304.3558
2011-04-25 17:00:00,312.9304
2011-04-25 18:00:00,291.47986
2011-04-25 19:00:00,287.73193
2011-04-25 20:00:00,284.78564
2011-04-25 21:00:00,254.5739
2011-04-25 22:00:00,225.29213
2011-04-25 23:00:00,204.27107
2011-04-26 00:00:00,249.81421
2011-04-26 01:00:00,235.57852
2011-04-26 02:00:00,177.28677
2011-04-26 03:00:00,159.86821
2011-04-26 04:00:00,177.36961
2011-04-26 05:00:00,143.0205
2011-04-26 06:00:00,138.6876
2011-04-26 07:00:00,192.4398
2011-04-26 08:00:00,192.4398
2011-04-26 09:00:00,230.42628
2011-04-26 10:00:00,252.9017
2011-04-26 11:00:00,265.70514
2011-04-26 12:00:00,279.15405
2011-04-26 13:00:00,304.79617
2011-04-26 14:00:00,297.7696
2011-04-26 15:00:00,282.34134
2011-04-26 16:00:00,289.65317
2011-04-26 17:00:00,279.03925
2011-04-26 18:00:00,263.63986
2011-04-26 19:00:00,220.93884
2011-04-26 20:00:00,230.42628
2011-04-26 21:00:00,213.38069
2011-04-26 22:00:00,202.74571
2011-04-26 23:00:00,211.50317
2011-04-27 00:00:00,174.91847
2011-04-27 01:00:00,192.86098
2011-04-27 02:00:00,163.63358
2011-04-27 03:00:00,206.04082
2011-04-27 04:00:00,111.7614
2011-04-27 05:00:00,172.57536
2011-04-27 06:00:00,130.92155
2011-04-27 07:00:00,206.04082
2011-04-27 08:00:00,198.75279
2011-04-27 09:00:00,180.93625
2011-04-27 10:00:00,228.73346
2011-04-27 11:00:00,236.64113
2011-04-27 12:00:00,215.88896
2011-04-27 13:00:00,214.77675
2011-04-27 14:00:00,252.18622
2011-04-27 15:00:00,261.9801
2011-04-27 16:00:00,255.02501
2011-04-27 17:00:00,143.79918
2011-04-27 18:00:00,143.79918
2011-04-27 19:00:00,213.38069
2011-04-27 20:00:00,195.43907
2011-04-27 21:00:00,190.22058
2011-04-27 22:00:00,212.66698
2011-04-27 23:00:00,203.19713
2011-04-28 00:00:00,207.80486
2011-04-28 01:00:00,190.05638
2011-04-28 02:00:00,172.14534
2011-04-28 03:00:00,195.39384
2011-04-28 04:00:00,180.59343
2011-04-28 05:00:00,190.05638
2011-04-28 06:00:00,175.53838
2011-04-28 07:00:00,177.76436
2011-04-28 08:00:00,183.59264
2011-04-28 09:00:00,157.77142
2011-04-28 10:00:00,224.68188
2011-04-28 11:00:00,228.73346
2011-04-28 12:00:00,227.15935
2011-04-28 13:00:00,223.11595
2011-04-28 14:00:00,198.48607
2011-04-28 15:00:00,255.07883
2011-04-28 16:00:00,209.63686
2011-04-28 17:00:00,290.5148
2011-04-28 18:00:00,290.5148
2011-04-28 19:00:00,291.86136
2011-04-28 20:00:00,290.13577
2011-04-28 21:00:00,262.1157
2011-04-28 22:00:00,262.07416
2011-04-28 23:00:00,247.97047
2011-04-29 00:00:00,273.98367
2011-04-29 01:00:00,200.04964
2011-04-29 02:00:00,114.93186
2011-04-29 03:00:00,118.05888
2011-04-29 04:00:00,152.16432
2011-04-29 05:00:00,168.5567
2011-04-29 06:00:00,235.18668
2011-04-29 07:00:00,271.7054
2011-04-29 08:00:00,280.52225
2011-04-29 09:00:00,280.20038
2011-04-29 10:00:00,283.77258
2011-04-29 11:00:00,317.6796
2011-04-29 12:00:00,293.49478
2011-04-29 13:00:00,292.21097
2011-04-29 14:00:00,311.17972
2011-04-29 15:00:00,213.84439
2011-04-29 16:00:00,208.17244
2011-04-29 17:00:00,190.8998
2011-04-29 18:00:00,234.37167
2011-04-29 19:00:00,181.372
2011-04-29 20:00:00,210.43825
2011-04-29 21:00:00,185.13579
2011-04-29 22:00:00,116.07246
2011-04-29 23:00:00,99.58798
2011-04-30 00:00:00,138.57475
2011-04-30 01:00:00,95.48575
2011-04-30 02:00:00,124.7931
2011-04-30 03:00:00,96.132965
2011-04-30 04:00:00,113.4644
2011-04-30 05:00:00,128.19406
2011-04-30 06:00:00,109.57138
2011-04-30 07:00:00,118.11477
2011-04-30 08:00:00,129.00668
2011-04-30 09:00:00,155.00703
2011-04-30 10:00:00,200.65831
2011-04-30 11:00:00,231.99962
2011-04-30 12:00:00,238.97159
2011-04-30 13:00:00,306.9257
2011-04-30 14:00:00,284.64645
2011-04-30 15:00:00,296.86545
2011-04-30 16:00:00,344.5422
2011-04-30 17:00:00,259.3882
2011-04-30 18:00:00,231.46286
2011-04-30 19:00:00,231.46286
2011-04-30 20:00:00,93.22316
2011-04-30 21:00:00,93.22316
2011-04-30 22:00:00,79.75833
2011-04-30 23:00:00,79.75833
2011-05-20 00:00:00,55.326836
2011-05-20 01:00:00,65.30373
2011-05-20 02:00:00,41.970493
2011-05-20 03:00:00,58.136673
2011-05-20 04:00:00,48.739353
2011-05-20 05:00:00,47.290638
2011-05-20 06:00:00,64.41969
2011-05-20 07:00:00,123.057495
2011-05-20 08:00:00,153.25868
2011-05-20 09:00:00,194.46129
2011-05-20 10:00:00,212.0418
2011-05-20 11:00:00,225.93254
2011-05-20 12:00:00,227.55946
2011-05-20 13:00:00,202.39835
2011-05-20 14:00:00,300.70944
2011-05-20 15:00:00,219.787
2011-05-20 16:00:00,213.85364
2011-05-20 17:00:00,251.92336
2011-05-20 18:00:00,261.50516
2011-05-20 19:00:00,196.36797
2011-05-20 20:00:00,200.16887
2011-05-20 21:00:00,183.87468
2011-05-20 22:00:00,151.04451
2011-05-20 23:00:00,147.4536
2011-05-21 00:00:00,100.57437
2011-05-21 01:00:00,100.341156
2011-05-21 02:00:00,110.44727
2011-05-21 03:00:00,77.54893
2011-05-21 04:00:00,50.978058
2011-05-21 05:00:00,56.000515
2011-05-21 06:00:00,85.30669
2011-05-21 07:00:00,124.229645
2011-05-21 08:00:00,183.00671
2011-05-21 09:00:00,240.21053
2011-05-21 10:00:00,234.87483
2011-05-21 11:00:00,319.57425
2011-05-21 12:00:00,320.1138
2011-05-21 13:00:00,372.7598
2011-05-21 14:00:00,406.9288
2011-05-21 15:00:00,432.48825
2011-05-21 16:00:00,430.19827
2011-05-21 17:00:00,405.05182
2011-05-21 18:00:00,369.22678
2011-05-21 19:00:00,389.80768
2011-05-21 20:00:00,203.77507
2011-05-21 21:00:00,234.87483
2011-05-21 22:00:00,185.53497
2011-05-21 23:00:00,124.358826
2011-05-22 00:00:00,75.42569
2011-05-22 01:00:00,47.857647
2011-05-22 02:00:00,52.39625
2011-05-22 03:00:00,34.05341
2011-05-22 04:00:00,55.688732
2011-05-22 05:00:00,34.05341
2011-05-22 06:00:00,52.39625
2011-05-22 07:00:00,81.34684
2011-05-22 08:00:00,158.70583
2011-05-22 09:00:00,182.55196
2011-05-22 10:00:00,217.83177
2011-05-22 11:00:00,333.7077
2011-05-22 12:00:00,342.0073
2011-05-22 13:00:00,292.55203
2011-05-22 14:00:00,210.30858
2011-05-22 15:00:00,239.35457
2011-05-22 16:00:00,251.59416
2011-05-22 17:00:00,327.287
2011-05-22 18:00:00,283.8143
2011-05-22 19:00:00,270.86295
2011-05-22 20:00:00,227.48273
2011-05-22 21:00:00,180.82907
2011-05-22 22:00:00,117.12375
2011-05-22 23:00:00,153.13315
2011-05-23 00:00:00,152.75792
2011-05-23 01:00:00,103.63385
2011-05-23 02:00:00,124.39267
2011-05-23 03:00:00,112.74495
2011-05-23 04:00:00,156.1575
2011-05-23 05:00:00,156.1575
2011-05-23 06:00:00,137.07204
2011-05-23 07:00:00,139.02318
2011-05-23 08:00:00,130.8253
2011-05-23 09:00:00,149.66011
2011-05-23 10:00:00,241.93788
2011-05-23 11:00:00,254.46384
2011-05-23 12:00:00,254.46384
2011-05-23 13:00:00,277.62704
2011-05-23 14:00:00,241.20398
2011-05-23 15:00:00,255.97446
2011-05-23 16:00:00,274.67374
2011-05-23 17:00:00,185.44292
2011-05-23 18:00:00,259.9821
2011-05-23 19:00:00,242.12642
2011-05-23 20:00:00,184.53822
2011-05-23 21:00:00,151.93056
2011-05-23 22:00:00,125.73663
2011-05-23 23:00:00,197.76834
2011-05-24 00:00:00,168.21758
2011-05-24 01:00:00,155.47456
2011-05-24 02:00:00,168.21758
2011-05-24 03:00:00,142.29662
2011-05-24 04:00:00,104.19444
2011-05-24 05:00:00,182.15622
2011-05-24 06:00:00,157.2372
2011-05-24 07:00:00,163.3806
2011-05-24 08:00:00,152.28513
2011-05-24 09:00:00,234.69658
2011-05-24 10:00:00,284.82962
2011-05-24 11:00:00,324.6384
2011-05-24 12:00:00,303.94543
2011-05-24 13:00:00,317.28592
2011-05-24 14:00:00,314.2627
2011-05-24 15:00:00,225.11195
2011-05-24 16:00:00,241.792
2011-05-24 17:00:00,247.16492
2011-05-24 18:00:00,246.83543
2011-05-24 19:00:00,222.6638
2011-05-24 20:00:00,173.75023
2011-05-24 21:00:00,152.21333
2011-05-24 22:00:00,147.41872
2011-05-24 23:00:00,190.19426
2011-05-25 00:00:00,149.2687
2011-05-25 01:00:00,132.66307
2011-05-25 02:00:00,156.60175
2011-05-25 03:00:00,59.59186
2011-05-25 04:00:00,58.154957
2011-05-25 05:00:00,107.32075
2011-05-25 06:00:00,79.40335
2011-05-25 07:00:00,189.75246
2011-05-25 08:00:00,248.11482
2011-05-25 09:00:00,220.70253
2011-05-25 10:00:00,240.65387
2011-05-25 11:00:00,271.22397
2011-05-25 12:00:00,281.13528
2011-05-25 13:00:00,281.13528
2011-05-25 14:00:00,293.44382
2011-05-25 15:00:00,315.49625
2011-05-25 16:00:00,316.60782
2011-05-25 17:00:00,324.6384
2011-05-25 18:00:00,308.67014
2011-05-25 19:00:00,260.2588
2011-05-25 20:00:00,271.69986
2011-05-25 21:00:00,219.87886
2011-05-25 22:00:00,262.86478
2011-05-25 23:00:00,196.39845
2011-05-26 00:00:00,196.39845
2011-05-26 01:00:00,196.39845
2011-05-26 02:00:00,131.75325
2011-05-26 03:00:00,105.77626
2011-05-26 04:00:00,126.96346
2011-05-26 05:00:00,167.6201
2011-05-26 06:00:00,129.31177
2011-05-26 07:00:00,203.4792
2011-05-26 08:00:00,212.54802
2011-05-26 09:00:00,238.06303
2011-05-26 10:00:00,259.9821
2011-05-26 11:00:00,281.0977
2011-05-26 12:00:00,308.05505
2011-05-26 13:00:00,302.92813
2011-05-26 14:00:00,302.92813
2011-05-26 15:00:00,269.81665
2011-05-26 16:00:00,269.6359
2011-05-26 17:00:00,307.686
2011-05-26 18:00:00,303.39877
2011-05-26 19:00:00,308.8646
2011-05-26 20:00:00,287.1508
2011-05-26 21:00:00,238.44437
2011-05-26 22:00:00,244.39777
2011-05-26 23:00:00,265.73782
2011-05-27 00:00:00,267.83585
2011-05-27 01:00:00,298.86014
2011-05-27 02:00:00,289.76218
2011-05-27 03:00:00,220.45825
2011-05-27 04:00:00,217.20384
2011-05-27 05:00:00,267.58197
2011-05-27 06:00:00,193.89398
2011-05-27 07:00:00,212.00099
2011-05-27 08:00:00,245.5096
2011-05-27 09:00:00,279.00528
2011-05-27 10:00:00,304.6594
2011-05-27 11:00:00,280.5801
2011-05-27 12:00:00,287.3577
2011-05-27 13:00:00,300.3208
2011-05-27 14:00:00,315.3406
2011-05-27 15:00:00,310.55295
2011-05-27 16:00:00,286.0225
2011-05-27 17:00:00,296.074
2011-05-27 18:00:00,274.67374
2011-05-27 19:00:00,155.91035
2011-05-27 20:00:00,230.99127
2011-05-27 21:00:00,130.44759
2011-05-27 22:00:00,158.62953
2011-05-27 23:00:00,103.95228
2011-05-28 00:00:00,87.69414
2011-05-28 01:00:00,85.23111
2011-05-28 02:00:00,53.317055
2011-05-28 03:00:00,79.318954
2011-05-28 04:00:00,84.96549
2011-05-28 05:00:00,79.318954
2011-05-28 06:00:00,121.46631
2011-05-28 07:00:00,131.40094
2011-05-28 08:00:00,153.53986
2011-05-28 09:00:00,209.82448
2011-05-28 10:00:00,262.09912
2011-05-28 11:00:00,262.09912
2011-05-28 12:00:00,329.56424
2011-05-28 13:00:00,287.52908
2011-05-28 14:00:00,318.87823
2011-05-28 15:00:00,342.52844
2011-05-28 16:00:00,366.34995
2011-05-28 17:00:00,370.40176
2011-05-28 18:00:00,302.9746
2011-05-28 19:00:00,247.75029
2011-05-28 20:00:00,262.09912
2011-05-28 21:00:00,228.80844
2011-05-28 22:00:00,169.01062
2011-05-28 23:00:00,127.03983
2011-05-29 00:00:00,134.4395
2011-05-29 01:00:00,92.26436
2011-05-29 02:00:00,89.38308
2011-05-29 03:00:00,89.38308
2011-05-29 04:00:00,92.63274
2011-05-29 05:00:00,56.794052
2011-05-29 06:00:00,148.02568
2011-05-29 07:00:00,153.43204
2011-05-29 08:00:00,148.57153
2011-05-29 09:00:00,134.3529
2011-05-29 10:00:00,170.09032
2011-05-29 11:00:00,187.27907
2011-05-29 12:00:00,219.99004
2011-05-29 13:00:00,264.64313
2011-05-29 14:00:00,271.25842
2011-05-29 15:00:00,279.9245
2011-05-29 16:00:00,271.25842
2011-05-29 17:00:00,271.25842
2011-05-29 18:00:00,243.22575
2011-05-29 19:00:00,226.23499
2011-05-29 20:00:00,157.1314
2011-05-29 21:00:00,120.08039
2011-05-29 22:00:00,82.33145
2011-05-29 23:00:00,85.034355
2011-05-30 00:00:00,101.26536
2011-05-30 01:00:00,72.89435
2011-05-30 02:00:00,101.26536
2011-05-30 03:00:00,101.26536
2011-05-30 04:00:00,83.12478
2011-05-30 05:00:00,89.307144
2011-05-30 06:00:00,84.53539
2011-05-30 07:00:00,81.93671
2011-05-30 08:00:00,108.304184
2011-05-30 09:00:00,119.13716
2011-05-30 10:00:00,305.84018
2011-05-30 11:00:00,266.61765
2011-05-30 12:00:00,332.19168
2011-05-30 13:00:00,339.93152
2011-05-30 14:00:00,347.89883
2011-05-30 15:00:00,401.51157
2011-05-30 16:00:00,403.49515
2011-05-30 17:00:00,387.51443
2011-05-30 18:00:00,368.3873
2011-05-30 19:00:00,138.50136
2011-05-30 20:00:00,200.05144
2011-05-30 21:00:00,165.07036
2011-05-30 22:00:00,162.40787
2011-05-30 23:00:00,85.35452
2011-05-31 00:00:00,155.95958
2011-05-31 01:00:00,99.54134
2011-05-31 02:00:00,147.56015
2011-05-31 03:00:00,152.68373
2011-05-31 04:00:00,135.73094
2011-05-31 05:00:00,135.73094
2011-05-31 06:00:00,152.86847
2011-05-31 07:00:00,229.29488
2011-05-31 08:00:00,269.22726
2011-05-31 09:00:00,269.40048
2011-05-31 10:00:00,265.0909
2011-05-31 11:00:00,240.46504
2011-05-31 12:00:00,269.2502
2011-05-31 13:00:00,281.23578
2011-05-31 14:00:00,257.188
2011-05-31 15:00:00,286.98996
2011-05-31 16:00:00,270.0945
2011-05-31 17:00:00,301.7819
2011-05-31 18:00:00,289.23685
2011-05-31 19:00:00,256.68527
2011-05-31 20:00:00,256.68527
2011-05-31 21:00:00,232.34863
2011-05-31 22:00:00,240.92499
2011-05-31 23:00:00,159.29631
2011-06-20 00:00:00,156.95003
2011-06-20 01:00:00,99.85728
2011-06-20 02:00:00,99.85728
2011-06-20 03:00:00,136.36832
2011-06-20 04:00:00,136.86766
2011-06-20 05:00:00,138.96599
2011-06-20 06:00:00,141.80682
2011-06-20 07:00:00,122.497986
2011-06-20 08:00:00,126.62843
2011-06-20 09:00:00,220.46301
2011-06-20 10:00:00,220.46301
2011-06-20 11:00:00,189.1873
2011-06-20 12:00:00,217.97752
2011-06-20 13:00:00,223.35341
2011-06-20 14:00:00,241.45728
2011-06-20 15:00:00,255.38689
2011-06-20 16:00:00,285.0488
2011-06-20 17:00:00,247.03978
2011-06-20 18:00:00,295.48254
2011-06-20 19:00:00,268.6601
2011-06-20 20:00:00,251.81999
2011-06-20 21:00:00,212.00099
2011-06-20 22:00:00,239.03258
2011-06-20 23:00:00,209.63686
2011-06-21 00:00:00,131.39015
2011-06-21 01:00:00,160.79152
2011-06-21 02:00:00,134.14435
2011-06-21 03:00:00,134.14435
2011-06-21 04:00:00,94.27315
2011-06-21 05:00:00,103.23944
2011-06-21 06:00:00,103.23944
2011-06-21 07:00:00,63.357704
2011-06-21 08:00:00,103.18126
2011-06-21 09:00:00,149.8589
2011-06-21 10:00:00,165.30684
2011-06-21 11:00:00,106.04337
2011-06-21 12:00:00,189.54298
2011-06-21 13:00:00,250.74106
2011-06-21 14:00:00,303.1261
2011-06-21 15:00:00,313.69968
2011-06-21 16:00:00,312.90875
2011-06-21 17:00:00,305.08862
2011-06-21 18:00:00,309.1373
2011-06-21 19:00:00,270.77078
2011-06-21 20:00:00,316.993
2011-06-21 21:00:00,220.43289
2011-06-21 22:00:00,126.60793
2011-06-21 23:00:00,150.2453
2011-06-22 00:00:00,165.1764
2011-06-22 01:00:00,121.07117
2011-06-22 02:00:00,86.221054
2011-06-22 03:00:00,121.07117
2011-06-22 04:00:00,70.83678
2011-06-22 05:00:00,56.176964
2011-06-22 06:00:00,74.39531
2011-06-22 07:00:00,95.97022
2011-06-22 08:00:00,167.40196
2011-06-22 09:00:00,183.4244
2011-06-22 10:00:00,292.63254
2011-06-22 11:00:00,229.51192
2011-06-22 12:00:00,309.0053
2011-06-22 13:00:00,307.40353
2011-06-22 14:00:00,293.67197
2011-06-22 15:00:00,300.86215
2011-06-22 16:00:00,303.1438
2011-06-22 17:00:00,283.64435
2011-06-22 18:00:00,309.77676
2011-06-22 19:00:00,300.84662
2011-06-22 20:00:00,200.23848
2011-06-22 21:00:00,196.38951
2011-06-22 22:00:00,229.77718
2011-06-22 23:00:00,238.51347
2011-06-23 00:00:00,210.99977
2011-06-23 01:00:00,241.41109
2011-06-23 02:00:00,241.41109
2011-06-23 03:00:00,249.99117
2011-06-23 04:00:00,213.0997
2011-06-23 05:00:00,205.07906
2011-06-23 06:00:00,205.07906
2011-06-23 07:00:00,248.119
2011-06-23 08:00:00,281.63522
2011-06-23 09:00:00,265.7866
2011-06-23 10:00:00,281.3939
2011-06-23 11:00:00,364.22833
2011-06-23 12:00:00,317.16913
2011-06-23 13:00:00,306.222
2011-06-23 14:00:00,313.69232
2011-06-23 15:00:00,263.23102
2011-06-23 16:00:00,301.12546
2011-06-23 17:00:00,264.77722
2011-06-23 18:00:00,276.3995
2011-06-23 19:00:00,284.82404
2011-06-23 20:00:00,228.04329
2011-06-23 21:00:00,206.74792
2011-06-23 22:00:00,256.51434
2011-06-23 23:00:00,256.20447
2011-06-24 00:00:00,168.86192
2011-06-24 01:00:00,175.9586
2011-06-24 02:00:00,175.9586
2011-06-24 03:00:00,106.04337
2011-06-24 04:00:00,83.671295
2011-06-24 05:00:00,53.056835
2011-06-24 06:00:00,93.9776
2011-06-24 07:00:00,188.26549
2011-06-24 08:00:00,228.04329
2011-06-24 09:00:00,235.49678
2011-06-24 10:00:00,287.76834
2011-06-24 11:00:00,290.3876
2011-06-24 12:00:00,289.6041
2011-06-24 13:00:00,309.2432
2011-06-24 14:00:00,291.1908
2011-06-24 15:00:00,291.65314
2011-06-24 16:00:00,309.74564
2011-06-24 17:00:00,313.93973
2011-06-24 18:00:00,310.57736
2011-06-24 19:00:00,318.71884
2011-06-24 20:00:00,296.19983
2011-06-24 21:00:00,264.4407
2011-06-24 22:00:00,201.8513
2011-06-24 23:00:00,252.13051
2011-06-25 00:00:00,354.82077
2011-06-25 01:00:00,317.47714
2011-06-25 02:00:00,299.42856
2011-06-25 03:00:00,246.79329
2011-06-25 04:00:00,246.79329
2011-06-25 05:00:00,184.18156
2011-06-25 06:00:00,259.57083
2011-06-25 07:00:00,293.7841
2011-06-25 08:00:00,378.89606
2011-06-25 09:00:00,414.24948
2011-06-25 10:00:00,383.32294
2011-06-25 11:00:00,337.65402
2011-06-25 12:00:00,469.02133
2011-06-25 13:00:00,469.02133
2011-06-25 14:00:00,429.40695
2011-06-25 15:00:00,318.34628
2011-06-25 16:00:00,434.98593
2011-06-25 17:00:00,417.19284
2011-06-25 18:00:00,414.24948
2011-06-25 19:00:00,392.22568
2011-06-25 20:00:00,349.1927
2011-06-25 21:00:00,301.8049
2011-06-25 22:00:00,368.28006
2011-06-25 23:00:00,333.91672
2011-06-26 00:00:00,260.32907
2011-06-26 01:00:00,260.9862
2011-06-26 02:00:00,218.46162
2011-06-26 03:00:00,155.60835
2011-06-26 04:00:00,155.50227
2011-06-26 05:00:00,160.82613
2011-06-26 06:00:00,160.82613
2011-06-26 07:00:00,183.35246
2011-06-26 08:00:00,201.32512
2011-06-26 09:00:00,243.77737
2011-06-26 10:00:00,307.3034
2011-06-26 11:00:00,352.44458
2011-06-26 12:00:00,407.34268
2011-06-26 13:00:00,352.17834
2011-06-26 14:00:00,389.245
2011-06-26 15:00:00,352.17834
2011-06-26 16:00:00,401.05603
2011-06-26 17:00:00,373.81744
2011-06-26 18:00:00,386.03122
2011-06-26 19:00:00,334.60748
2011-06-26 20:00:00,316.90598
2011-06-26 21:00:00,280.03748
2011-06-26 22:00:00,276.05908
2011-06-26 23:00:00,239.49171
2011-06-27 00:00:00,207.74275
2011-06-27 01:00:00,169.29672
2011-06-27 02:00:00,160.36064
2011-06-27 03:00:00,160.36064
2011-06-27 04:00:00,142.99045
2011-06-27 05:00:00,150.29091
2011-06-27 06:00:00,172.48322
2011-06-27 07:00:00,218.25505
2011-06-27 08:00:00,187.6798
2011-06-27 09:00:00,268.09048
2011-06-27 10:00:00,261.88928
2011-06-27 11:00:00,258.72354
2011-06-27 12:00:00,268.09048
2011-06-27 13:00:00,291.82446
2011-06-27 14:00:00,257.81912
2011-06-27 15:00:00,277.52264
2011-06-27 16:00:00,233.04042
2011-06-27 17:00:00,249.34293
2011-06-27 18:00:00,184.93004
2011-06-27 19:00:00,272.37607
2011-06-27 20:00:00,199.1774
2011-06-27 21:00:00,143.92043
2011-06-27 22:00:00,120.74259
2011-06-27 23:00:00,120.74259
2011-06-28 00:00:00,194.9794
2011-06-28 01:00:00,98.49022
2011-06-28 02:00:00,197.96501
2011-06-28 03:00:00,197.96501
2011-06-28 04:00:00,98.49022
2011-06-28 05:00:00,86.221054
2011-06-28 06:00:00,106.04337
2011-06-28 07:00:00,136.59718
2011-06-28 08:00:00,165.90184
2011-06-28 09:00:00,146.07564
2011-06-28 10:00:00,290.32468
2011-06-28 11:00:00,230.22214
2011-06-28 12:00:00,307.46347
2011-06-28 13:00:00,239.13728
2011-06-28 14:00:00,305.8149
2011-06-28 15:00:00,255.41393
2011-06-28 16:00:00,295.5812
2011-06-28 17:00:00,349.24478
2011-06-28 18:00:00,330.00275
2011-06-28 19:00:00,267.6824
2011-06-28 20:00:00,157.79073
2011-06-28 21:00:00,309.0137
2011-06-28 22:00:00,269.5872
2011-06-28 23:00:00,269.23782
2011-06-29 00:00:00,232.84673
2011-06-29 01:00:00,203.17943
2011-06-29 02:00:00,142.2169
2011-06-29 03:00:00,163.93538
2011-06-29 04:00:00,86.87491
2011-06-29 05:00:00,120.53837
2011-06-29 06:00:00,252.76147
2011-06-29 07:00:00,296.57663
2011-06-29 08:00:00,299.52844
2011-06-29 09:00:00,307.01245
2011-06-29 10:00:00,303.28256
2011-06-29 11:00:00,325.928
2011-06-29 12:00:00,319.91547
2011-06-29 13:00:00,308.0355
2011-06-29 14:00:00,330.50287
2011-06-29 15:00:00,336.28787
2011-06-29 16:00:00,308.0677
2011-06-29 17:00:00,319.97006
2011-06-29 18:00:00,316.70486
2011-06-29 19:00:00,313.59286
2011-06-29 20:00:00,312.12363
2011-06-29 21:00:00,319.1731
2011-06-29 22:00:00,317.40384
2011-06-29 23:00:00,298.9917
2011-06-30 00:00:00,264.96243
2011-06-30 01:00:00,233.76634
2011-06-30 02:00:00,216.92249
2011-06-30 03:00:00,214.33919
2011-06-30 04:00:00,171.92766
2011-06-30 05:00:00,224.46211
2011-06-30 06:00:00,238.18805
2011-06-30 07:00:00,252.88365
2011-06-30 08:00:00,300.07077
2011-06-30 09:00:00,315.93805
2011-06-30 10:00:00,324.0932
2011-06-30 11:00:00,315.54037
2011-06-30 12:00:00,331.8253
2011-06-30 13:00:00,340.09232
2011-06-30 14:00:00,339.31573
2011-06-30 15:00:00,359.49832
2011-06-30 16:00:00,355.48358
2011-06-30 17:00:00,328.52603
2011-06-30 18:00:00,344.19913
2011-06-30 19:00:00,344.79645
2011-06-30 20:00:00,344.79645
2011-06-30 21:00:00,301.28336
2011-06-30 22:00:00,303.63004
2011-06-30 23:00:00,200.94392
2011-07-20 00:00:00,104.50546
2011-07-20 01:00:00,79.92663
2011-07-20 02:00:00,79.92663
2011-07-20 03:00:00,104.50546
2011-07-20 04:00:00,77.472435
2011-07-20 05:00:00,97.04981
2011-07-20 06:00:00,128.7555
2011-07-20 07:00:00,180.91899
2011-07-20 08:00:00,135.8261
2011-07-20 09:00:00,186.14168
2011-07-20 10:00:00,163.40755
2011-07-20 11:00:00,235.96004
2011-07-20 12:00:00,204.9651
2011-07-20 13:00:00,301.31216
2011-07-20 14:00:00,313.82996
2011-07-20 15:00:00,290.2662
2011-07-20 16:00:00,222.23634
2011-07-20 17:00:00,304.15387
2011-07-20 18:00:00,316.04922
2011-07-20 19:00:00,288.08383
2011-07-20 20:00:00,307.7357
2011-07-20 21:00:00,279.25256
2011-07-20 22:00:00,305.59082
2011-07-20 23:00:00,284.38217
2011-07-21 00:00:00,270.84006
2011-07-21 01:00:00,227.55089
2011-07-21 02:00:00,227.55089
2011-07-21 03:00:00,232.20058
2011-07-21 04:00:00,197.66862
2011-07-21 05:00:00,197.66862
2011-07-21 06:00:00,197.66862
2011-07-21 07:00:00,213.76906
2011-07-21 08:00:00,252.45622
2011-07-21 09:00:00,316.8276
2011-07-21 10:00:00,335.57797
2011-07-21 11:00:00,332.59384
2011-07-21 12:00:00,302.44742
2011-07-21 13:00:00,310.5986
2011-07-21 14:00:00,287.95
2011-07-21 15:00:00,324.84033
2011-07-21 16:00:00,308.2168
2011-07-21 17:00:00,298.0444
2011-07-21 18:00:00,305.80667
2011-07-21 19:00:00,341.0278
2011-07-21 20:00:00,329.4244
2011-07-21 21:00:00,325.74225
2011-07-21 22:00:00,290.27536
2011-07-21 23:00:00,280.69803
2011-07-22 00:00:00,270.853
2011-07-22 01:00:00,190.80869
2011-07-22 02:00:00,220.12541
2011-07-22 03:00:00,214.90688
2011-07-22 04:00:00,192.3247
2011-07-22 05:00:00,155.38435
2011-07-22 06:00:00,183.30312
2011-07-22 07:00:00,284.66934
2011-07-22 08:00:00,305.17593
2011-07-22 09:00:00,273.90335
2011-07-22 10:00:00,288.73398
2011-07-22 11:00:00,287.70062
2011-07-22 12:00:00,315.13672
2011-07-22 13:00:00,319.7964
2011-07-22 14:00:00,321.2632
2011-07-22 15:00:00,321.9387
2011-07-22 16:00:00,317.4199
2011-07-22 17:00:00,281.52573
2011-07-22 18:00:00,311.90768
2011-07-22 19:00:00,308.7445
2011-07-22 20:00:00,222.23634
2011-07-22 21:00:00,249.03682
2011-07-22 22:00:00,290.59787
2011-07-22 23:00:00,295.12823
2011-07-23 00:00:00,295.976
2011-07-23 01:00:00,301.53537
2011-07-23 02:00:00,301.68207
2011-07-23 03:00:00,208.37233
2011-07-23 04:00:00,193.90245
2011-07-23 05:00:00,214.83409
2011-07-23 06:00:00,300.30057
2011-07-23 07:00:00,293.86783
2011-07-23 08:00:00,371.91284
2011-07-23 09:00:00,334.60803
2011-07-23 10:00:00,390.93423
2011-07-23 11:00:00,401.24295
2011-07-23 12:00:00,382.54773
2011-07-23 13:00:00,402.57983
2011-07-23 14:00:00,367.09045
2011-07-23 15:00:00,376.3267
2011-07-23 16:00:00,393.05472
2011-07-23 17:00:00,393.05472
2011-07-23 18:00:00,415.68475
2011-07-23 19:00:00,339.47018
2011-07-23 20:00:00,317.47116
2011-07-23 21:00:00,317.47116
2011-07-23 22:00:00,287.2591
2011-07-23 23:00:00,260.8102
2011-07-24 00:00:00,260.8102
2011-07-24 01:00:00,210.2613
2011-07-24 02:00:00,240.2678
2011-07-24 03:00:00,240.2678
2011-07-24 04:00:00,210.2613
2011-07-24 05:00:00,208.37233
2011-07-24 06:00:00,306.0236
2011-07-24 07:00:00,267.42664
2011-07-24 08:00:00,358.2194
2011-07-24 09:00:00,383.05557
2011-07-24 10:00:00,414.8954
2011-07-24 11:00:00,365.63406
2011-07-24 12:00:00,371.97897
2011-07-24 13:00:00,369.2692
2011-07-24 14:00:00,394.03864
2011-07-24 15:00:00,411.42203
2011-07-24 16:00:00,411.42203
2011-07-24 17:00:00,367.55963
2011-07-24 18:00:00,367.6653
2011-07-24 19:00:00,346.37433
2011-07-24 20:00:00,334.60803
2011-07-24 21:00:00,250.20616
2011-07-24 22:00:00,217.52882
2011-07-24 23:00:00,250.46239
2011-07-25 00:00:00,272.30338
2011-07-25 01:00:00,261.04486
2011-07-25 02:00:00,231.55725
2011-07-25 03:00:00,116.8408
2011-07-25 04:00:00,118.45958
2011-07-25 05:00:00,118.45958
2011-07-25 06:00:00,195.14305
2011-07-25 07:00:00,232.35516
2011-07-25 08:00:00,259.80768
2011-07-25 09:00:00,190.20946
2011-07-25 10:00:00,204.9651
2011-07-25 11:00:00,307.93582
2011-07-25 12:00:00,307.93582
2011-07-25 13:00:00,257.54642
2011-07-25 14:00:00,229.77718
2011-07-25 15:00:00,193.2032
2011-07-25 16:00:00,158.54948
2011-07-25 17:00:00,126.0352
2011-07-25 18:00:00,170.74669
2011-07-25 19:00:00,186.14168
2011-07-25 20:00:00,187.72617
2011-07-25 21:00:00,79.92663
2011-07-25 22:00:00,79.92663
2011-07-25 23:00:00,100.53091
2011-07-26 00:00:00,126.60793
2011-07-26 01:00:00,126.60793
2011-07-26 02:00:00,63.38666
2011-07-26 03:00:00,68.94661
2011-07-26 04:00:00,84.45569
2011-07-26 05:00:00,56.044376
2011-07-26 06:00:00,151.5226
2011-07-26 07:00:00,298.14822
2011-07-26 08:00:00,287.40796
2011-07-26 09:00:00,310.2314
2011-07-26 10:00:00,323.0861
2011-07-26 11:00:00,285.98856
2011-07-26 12:00:00,296.44226
2011-07-26 13:00:00,297.49036
2011-07-26 14:00:00,298.37717
2011-07-26 15:00:00,293.54605
2011-07-26 16:00:00,289.56223
2011-07-26 17:00:00,280.10614
2011-07-26 18:00:00,283.8019
2011-07-26 19:00:00,286.9679
2011-07-26 20:00:00,297.3039
2011-07-26 21:00:00,306.4263
2011-07-26 22:00:00,253.94902
2011-07-26 23:00:00,230.8904
2011-07-27 00:00:00,291.6537
2011-07-27 01:00:00,303.43506
2011-07-27 02:00:00,297.16318
2011-07-27 03:00:00,258.80417
2011-07-27 04:00:00,292.10754
2011-07-27 05:00:00,300.8351
2011-07-27 06:00:00,296.57663
2011-07-27 07:00:00,299.16556
2011-07-27 08:00:00,304.3539
2011-07-27 09:00:00,319.91547
2011-07-27 10:00:00,273.71603
2011-07-27 11:00:00,281.64865
2011-07-27 12:00:00,308.54672
2011-07-27 13:00:00,297.83072
2011-07-27 14:00:00,320.5494
2011-07-27 15:00:00,314.991
2011-07-27 16:00:00,345.36575
2011-07-27 17:00:00,332.26532
2011-07-27 18:00:00,324.03516
2011-07-27 19:00:00,321.5215
2011-07-27 20:00:00,306.8287
2011-07-27 21:00:00,253.0613
2011-07-27 22:00:00,197.67325
2011-07-27 23:00:00,255.67815
2011-07-28 00:00:00,254.08896
2011-07-28 01:00:00,183.8286
2011-07-28 02:00:00,231.0999
2011-07-28 03:00:00,173.77705
2011-07-28 04:00:00,211.15263
2011-07-28 05:00:00,199.1774
2011-07-28 06:00:00,158.01482
2011-07-28 07:00:00,218.59041
2011-07-28 08:00:00,250.74106
2011-07-28 09:00:00,291.4637
2011-07-28 10:00:00,303.77805
2011-07-28 11:00:00,307.24606
2011-07-28 12:00:00,308.6328
2011-07-28 13:00:00,301.32794
2011-07-28 14:00:00,304.43127
2011-07-28 15:00:00,301.94266
2011-07-28 16:00:00,291.49814
2011-07-28 17:00:00,300.23175
2011-07-28 18:00:00,313.57687
2011-07-28 19:00:00,300.7762
2011-07-28 20:00:00,295.12823
2011-07-28 21:00:00,320.72855
2011-07-28 22:00:00,305.10843
2011-07-28 23:00:00,246.87416
2011-07-29 00:00:00,196.38951
2011-07-29 01:00:00,174.45581
2011-07-29 02:00:00,116.8408
2011-07-29 03:00:00,116.8408
2011-07-29 04:00:00,136.58913
2011-07-29 05:00:00,95.19306
2011-07-29 06:00:00,200.53786
2011-07-29 07:00:00,231.55725
2011-07-29 08:00:00,260.35175
2011-07-29 09:00:00,301.32794
2011-07-29 10:00:00,292.475
2011-07-29 11:00:00,291.01724
2011-07-29 12:00:00,296.4279
2011-07-29 13:00:00,291.00662
2011-07-29 14:00:00,314.8749
2011-07-29 15:00:00,305.80423
2011-07-29 16:00:00,271.97775
2011-07-29 17:00:00,292.64075
2011-07-29 18:00:00,281.40683
2011-07-29 19:00:00,308.15298
2011-07-29 20:00:00,280.7054
2011-07-29 21:00:00,294.46982
2011-07-29 22:00:00,306.48575
2011-07-29 23:00:00,250.03777
2011-07-30 00:00:00,273.69962
2011-07-30 01:00:00,250.52965
2011-07-30 02:00:00,251.85652
2011-07-30 03:00:00,206.13567
2011-07-30 04:00:00,179.42854
2011-07-30 05:00:00,207.87846
2011-07-30 06:00:00,217.18016
2011-07-30 07:00:00,217.98409
2011-07-30 08:00:00,280.72986
2011-07-30 09:00:00,409.47275
2011-07-30 10:00:00,429.44858
2011-07-30 11:00:00,410.4279
2011-07-30 12:00:00,434.4597
2011-07-30 13:00:00,392.1648
2011-07-30 14:00:00,391.31696
2011-07-30 15:00:00,411.0809
2011-07-30 16:00:00,478.3884
2011-07-30 17:00:00,410.81116
2011-07-30 18:00:00,466.85974
2011-07-30 19:00:00,501.31216
2011-07-30 20:00:00,340.01614
2011-07-30 21:00:00,319.7077
2011-07-30 22:00:00,284.10397
2011-07-30 23:00:00,250.52965
2011-07-31 00:00:00,250.52965
2011-07-31 01:00:00,193.90938
2011-07-31 02:00:00,177.437
2011-07-31 03:00:00,185.81049
2011-07-31 04:00:00,150.79216
2011-07-31 05:00:00,156.56097
2011-07-31 06:00:00,160.92593
2011-07-31 07:00:00,224.19574
2011-07-31 08:00:00,288.92154
2011-07-31 09:00:00,301.76425
2011-07-31 10:00:00,396.5089
2011-07-31 11:00:00,462.09146
2011-07-31 12:00:00,484.80518
2011-07-31 13:00:00,464.2869
2011-07-31 14:00:00,479.97028
2011-07-31 15:00:00,531.69977
2011-07-31 16:00:00,543.7714
2011-07-31 17:00:00,541.2887
2011-07-31 18:00:00,423.15405
2011-07-31 19:00:00,374.61234
2011-07-31 20:00:00,374.61234
2011-07-31 21:00:00,320.9708
2011-07-31 22:00:00,228.49883
2011-07-31 23:00:00,211.6611
2011-08-20 00:00:00,52.829468
2011-08-20 01:00:00,69.34749
2011-08-20 02:00:00,86.599915
2011-08-20 03:00:00,86.599915
2011-08-20 04:00:00,126.49595
2011-08-20 05:00:00,66.51482
2011-08-20 06:00:00,112.533936
2011-08-20 07:00:00,69.34749
2011-08-20 08:00:00,133.84187
2011-08-20 09:00:00,164.61246
2011-08-20 10:00:00,189.86601
2011-08-20 11:00:00,216.7321
2011-08-20 12:00:00,224.19574
2011-08-20 13:00:00,256.80585
2011-08-20 14:00:00,333.31073
2011-08-20 15:00:00,366.53012
2011-08-20 16:00:00,345.8302
2011-08-20 17:00:00,333.31073
2011-08-20 18:00:00,285.73135
2011-08-20 19:00:00,215.3706
2011-08-20 20:00:00,229.30534
2011-08-20 21:00:00,179.8575
2011-08-20 22:00:00,202.19142
2011-08-20 23:00:00,126.22641
2011-08-21 00:00:00,141.06438
2011-08-21 01:00:00,115.38983
2011-08-21 02:00:00,105.28197
2011-08-21 03:00:00,78.95169
2011-08-21 04:00:00,93.29703
2011-08-21 05:00:00,64.944595
2011-08-21 06:00:00,60.86437
2011-08-21 07:00:00,111.76
2011-08-21 08:00:00,130.35883
2011-08-21 09:00:00,166.4467
2011-08-21 10:00:00,189.67505
2011-08-21 11:00:00,312.2466
2011-08-21 12:00:00,347.46652
2011-08-21 13:00:00,357.61295
2011-08-21 14:00:00,219.83302
2011-08-21 15:00:00,117.417755
2011-08-21 16:00:00,128.466
2011-08-21 17:00:00,121.85958
2011-08-21 18:00:00,157.42842
2011-08-21 19:00:00,191.46468
2011-08-21 20:00:00,141.70212
2011-08-21 21:00:00,141.70212
2011-08-21 22:00:00,173.4311
2011-08-21 23:00:00,132.15616
2011-08-22 00:00:00,149.42369
2011-08-22 01:00:00,105.93379
2011-08-22 02:00:00,253.41249
2011-08-22 03:00:00,297.45035
2011-08-22 04:00:00,245.74538
2011-08-22 05:00:00,284.6593
2011-08-22 06:00:00,287.87537
2011-08-22 07:00:00,293.35583
2011-08-22 08:00:00,293.35583
2011-08-22 09:00:00,295.05646
2011-08-22 10:00:00,299.52844
2011-08-22 11:00:00,317.86282
2011-08-22 12:00:00,316.66635
2011-08-22 13:00:00,332.02866
2011-08-22 14:00:00,331.44852
2011-08-22 15:00:00,335.67413
2011-08-22 16:00:00,331.44852
2011-08-22 17:00:00,346.97113
2011-08-22 18:00:00,348.53308
2011-08-22 19:00:00,348.5041
2011-08-22 20:00:00,350.8393
2011-08-22 21:00:00,331.38742
2011-08-22 22:00:00,322.9443
2011-08-22 23:00:00,318.93982
2011-08-23 00:00:00,306.51212
2011-08-23 01:00:00,288.93283
2011-08-23 02:00:00,275.06494
2011-08-23 03:00:00,279.54834
2011-08-23 04:00:00,224.1379
2011-08-23 05:00:00,240.97203
2011-08-23 06:00:00,210.13843
2011-08-23 07:00:00,276.39343
2011-08-23 08:00:00,226.40895
2011-08-23 09:00:00,238.68582
2011-08-23 10:00:00,265.3355
2011-08-23 11:00:00,320.98242
2011-08-23 12:00:00,282.4934
2011-08-23 13:00:00,346.2247
2011-08-23 14:00:00,339.76276
2011-08-23 15:00:00,335.62592
2011-08-23 16:00:00,345.69333
2011-08-23 17:00:00,335.62592
2011-08-23 18:00:00,341.64502
2011-08-23 19:00:00,290.4801
2011-08-23 20:00:00,281.37408
2011-08-23 21:00:00,173.68248
2011-08-23 22:00:00,216.92249
2011-08-23 23:00:00,203.51965
2011-08-24 00:00:00,216.92249
2011-08-24 01:00:00,191.87767
2011-08-24 02:00:00,149.78021
2011-08-24 03:00:00,149.78021
2011-08-24 04:00:00,107.71019
2011-08-24 05:00:00,107.71019
2011-08-24 06:00:00,93.905106
2011-08-24 07:00:00,159.40205
2011-08-24 08:00:00,161.2689
2011-08-24 09:00:00,240.06923
2011-08-24 10:00:00,299.2585
2011-08-24 11:00:00,298.3244
2011-08-24 12:00:00,297.38962
2011-08-24 13:00:00,303.7448
2011-08-24 14:00:00,303.7448
2011-08-24 15:00:00,308.73404
2011-08-24 16:00:00,299.65515
2011-08-24 17:00:00,293.97443
2011-08-24 18:00:00,300.91092
2011-08-24 19:00:00,300.91092
2011-08-24 20:00:00,304.65335
2011-08-24 21:00:00,307.16077
2011-08-24 22:00:00,294.9953
2011-08-24 23:00:00,263.07574
2011-08-25 00:00:00,239.35439
2011-08-25 01:00:00,277.3585
2011-08-25 02:00:00,277.3585
2011-08-25 03:00:00,231.77544
2011-08-25 04:00:00,215.97171
2011-08-25 05:00:00,195.09744
2011-08-25 06:00:00,175.9586
2011-08-25 07:00:00,218.79457
2011-08-25 08:00:00,257.9946
2011-08-25 09:00:00,281.21527
2011-08-25 10:00:00,303.56943
2011-08-25 11:00:00,252.71083
2011-08-25 12:00:00,252.71083
2011-08-25 13:00:00,126.60793
2011-08-25 14:00:00,239.41742
2011-08-25 15:00:00,259.5482
2011-08-25 16:00:00,95.19306
2011-08-25 17:00:00,95.19306
2011-08-25 18:00:00,202.99826
2011-08-25 19:00:00,202.52724
2011-08-25 20:00:00,204.37482
2011-08-25 21:00:00,196.73866
2011-08-25 22:00:00,68.64374
2011-08-25 23:00:00,75.523506
2011-08-26 00:00:00,85.18547
2011-08-26 01:00:00,68.64374
2011-08-26 02:00:00,61.304394
2011-08-26 03:00:00,53.458427
2011-08-26 04:00:00,57.271397
2011-08-26 05:00:00,104.24957
2011-08-26 06:00:00,57.271397
2011-08-26 07:00:00,70.83678
2011-08-26 08:00:00,86.87491
2011-08-26 09:00:00,111.60478
2011-08-26 10:00:00,202.77905
2011-08-26 11:00:00,274.40945
2011-08-26 12:00:00,274.65784
2011-08-26 13:00:00,275.11542
2011-08-26 14:00:00,191.93034
2011-08-26 15:00:00,300.35214
2011-08-26 16:00:00,231.34392
2011-08-26 17:00:00,274.04202
2011-08-26 18:00:00,257.54642
2011-08-26 19:00:00,142.69247
2011-08-26 20:00:00,133.81099
2011-08-26 21:00:00,183.4244
2011-08-26 22:00:00,142.69247
2011-08-26 23:00:00,100.53091
2011-08-27 00:00:00,86.592705
2011-08-27 01:00:00,94.64694
2011-08-27 02:00:00,98.39842
2011-08-27 03:00:00,140.42607
2011-08-27 04:00:00,140.42607
2011-08-27 05:00:00,144.94824
2011-08-27 06:00:00,144.94824
2011-08-27 07:00:00,169.58394
2011-08-27 08:00:00,140.17787
2011-08-27 09:00:00,181.51994
2011-08-27 10:00:00,215.99176
2011-08-27 11:00:00,143.47675
2011-08-27 12:00:00,157.02351
2011-08-27 13:00:00,175.7151
2011-08-27 14:00:00,118.46242
2011-08-27 15:00:00,118.46242
2011-08-27 16:00:00,121.63878
2011-08-27 17:00:00,167.12689
2011-08-28 07:00:00,150.02776
2011-08-28 08:00:00,146.35466
2011-08-28 09:00:00,204.65578
2011-08-28 10:00:00,305.63867
2011-08-28 11:00:00,315.97098
2011-08-28 12:00:00,374.06427
2011-08-28 13:00:00,422.52896
2011-08-28 14:00:00,430.4858
2011-08-28 15:00:00,426.8206
2011-08-28 16:00:00,462.6054
2011-08-28 17:00:00,455.31714
2011-08-28 18:00:00,417.19284
2011-08-28 19:00:00,307.3034
2011-08-28 20:00:00,337.44855
2011-08-28 21:00:00,179.29099
2011-08-28 22:00:00,118.24949
2011-08-28 23:00:00,93.88771
2011-08-29 00:00:00,120.77344
2011-08-29 01:00:00,136.6788
2011-08-29 02:00:00,187.6744
2011-08-29 03:00:00,136.6788
2011-08-29 04:00:00,143.96136
2011-08-29 05:00:00,119.747856
2011-08-29 06:00:00,119.747856
2011-08-29 07:00:00,249.53036
2011-08-29 08:00:00,272.45166
2011-08-29 09:00:00,276.81848
2011-08-29 10:00:00,299.25064
2011-08-29 11:00:00,276.04053
2011-08-29 12:00:00,253.51021
2011-08-29 13:00:00,252.36212
2011-08-29 14:00:00,237.8352
2011-08-29 15:00:00,303.63004
2011-08-29 16:00:00,307.97366
2011-08-29 17:00:00,262.7035
2011-08-29 18:00:00,300.26276
2011-08-29 19:00:00,300.26276
2011-08-29 20:00:00,250.5396
2011-08-29 21:00:00,267.76233
2011-08-29 22:00:00,216.92249
2011-08-29 23:00:00,185.93654
2011-08-30 00:00:00,119.747856
2011-08-30 01:00:00,129.89818
2011-08-30 02:00:00,104.01267
2011-08-30 03:00:00,143.74782
2011-08-30 04:00:00,104.8579
2011-08-30 05:00:00,80.97713
2011-08-30 06:00:00,104.01267
2011-08-30 07:00:00,143.96136
2011-08-30 08:00:00,216.92249
2011-08-30 09:00:00,290.4801
2011-08-30 10:00:00,322.81177
2011-08-30 11:00:00,330.1156
2011-08-30 12:00:00,262.36182
2011-08-30 13:00:00,314.45303
2011-08-30 14:00:00,349.66412
2011-08-30 15:00:00,331.60553
2011-08-30 16:00:00,330.57553
2011-08-30 17:00:00,324.0932
2011-08-30 18:00:00,291.90515
2011-08-30 19:00:00,228.14565
2011-08-30 20:00:00,200.94392
2011-08-30 21:00:00,162.93176
2011-08-30 22:00:00,162.20744
2011-08-30 23:00:00,162.20744
2011-08-31 00:00:00,115.68937
2011-08-31 01:00:00,115.68937
2011-08-31 02:00:00,93.905106
2011-08-31 03:00:00,76.0008
2011-08-31 04:00:00,93.905106
2011-08-31 05:00:00,63.4139
2011-08-31 06:00:00,76.798134
2011-08-31 07:00:00,81.54768
2011-08-31 08:00:00,115.88217
2011-08-31 09:00:00,138.78456
2011-08-31 10:00:00,262.07977
2011-08-31 11:00:00,288.6019
2011-08-31 12:00:00,287.6583
2011-08-31 13:00:00,300.2549
2011-08-31 14:00:00,299.0021
2011-08-31 15:00:00,299.0021
2011-08-31 16:00:00,291.0754
2011-08-31 17:00:00,278.32755
2011-08-31 18:00:00,299.45917
2011-08-31 19:00:00,300.32095
2011-08-31 20:00:00,231.06512
2011-08-31 21:00:00,193.61171
2011-08-31 22:00:00,116.67393
2011-08-31 23:00:00,96.403046
2011-09-20 00:00:00,165.34438
2011-09-20 01:00:00,90.44018
2011-09-20 02:00:00,90.44018
2011-09-20 03:00:00,129.98547
2011-09-20 04:00:00,70.22151
2011-09-20 05:00:00,101.07294
2011-09-20 06:00:00,101.07294
2011-09-20 07:00:00,90.44018
2011-09-20 08:00:00,84.06384
2011-09-20 09:00:00,77.7059
2011-09-20 10:00:00,86.33469
2011-09-20 11:00:00,86.33469
2011-09-20 12:00:00,64.26623
2011-09-20 13:00:00,55.848568
2011-09-20 14:00:00,115.755
2011-09-20 15:00:00,161.61986
2011-09-20 16:00:00,142.99045
2011-09-20 17:00:00,75.135605
2011-09-20 18:00:00,75.135605
2011-09-20 19:00:00,53.517807
2011-09-20 20:00:00,38.488613
2011-09-20 21:00:00,38.488613
2011-09-20 22:00:00,38.488613
2011-09-20 23:00:00,38.488613
2011-09-21 00:00:00,33.61016
2011-09-21 01:00:00,39.643658
2011-09-21 02:00:00,39.643658
2011-09-21 03:00:00,48.563084
2011-09-21 04:00:00,40.140724
2011-09-21 05:00:00,46.61771
2011-09-21 06:00:00,56.07781
2011-09-21 07:00:00,56.07781
2011-09-21 08:00:00,37.83437
2011-09-21 09:00:00,36.147816
2011-09-21 10:00:00,94.50586
2011-09-21 11:00:00,150.29091
2011-09-21 12:00:00,170.45729
2011-09-21 13:00:00,217.45758
2011-09-21 14:00:00,222.32332
2011-09-21 15:00:00,210.99217
2011-09-21 16:00:00,210.99217
2011-09-21 17:00:00,214.37395
2011-09-21 18:00:00,141.6938
2011-09-21 19:00:00,89.00669
2011-09-21 20:00:00,89.00669
2011-09-21 21:00:00,42.714405
2011-09-21 22:00:00,72.398636
2011-09-21 23:00:00,38.387142
2011-09-22 00:00:00,38.387142
2011-09-22 01:00:00,56.458794
2011-09-22 02:00:00,59.071987
2011-09-22 03:00:00,56.458794
2011-09-22 04:00:00,56.458794
2011-09-22 05:00:00,59.071987
2011-09-22 06:00:00,49.71844
2011-09-22 07:00:00,43.581703
2011-09-22 08:00:00,58.53955
2011-09-22 09:00:00,95.38759
2011-09-22 10:00:00,141.71973
2011-09-22 11:00:00,134.72456
2011-09-22 12:00:00,178.05203
2011-09-22 13:00:00,182.35808
2011-09-22 14:00:00,188.26549
2011-09-22 15:00:00,210.08412
2011-09-22 16:00:00,226.88765
2011-09-22 17:00:00,186.12703
2011-09-22 18:00:00,143.71507
2011-09-22 19:00:00,102.75755
2011-09-22 20:00:00,73.47398
2011-09-22 21:00:00,102.75755
2011-09-22 22:00:00,44.280636
2011-09-22 23:00:00,72.398636
2011-09-23 00:00:00,176.01372
2011-09-23 01:00:00,80.958725
2011-09-23 02:00:00,109.5806
2011-09-23 03:00:00,80.958725
2011-09-23 04:00:00,106.25728
2011-09-23 05:00:00,147.14053
2011-09-23 06:00:00,176.01372
2011-09-23 07:00:00,190.93855
2011-09-23 08:00:00,190.93855
2011-09-23 09:00:00,140.07085
2011-09-23 10:00:00,135.92456
2011-09-23 11:00:00,135.92456
2011-09-23 12:00:00,186.39268
2011-09-23 13:00:00,118.408676
2011-09-23 14:00:00,118.408676
2011-09-23 15:00:00,186.39268
2011-09-23 16:00:00,171.65434
2011-09-23 17:00:00,80.958725
2011-09-23 18:00:00,76.99388
2011-09-23 19:00:00,146.40764
2011-09-23 20:00:00,117.94975
2011-09-23 21:00:00,115.379585
2011-09-23 22:00:00,156.12447
2011-09-23 23:00:00,124.73212
2011-09-24 00:00:00,66.38784
2011-09-24 01:00:00,148.72308
2011-09-24 02:00:00,148.72308
2011-09-24 03:00:00,104.30881
2011-09-24 04:00:00,103.52885
2011-09-24 05:00:00,141.49898
2011-09-24 06:00:00,141.49898
2011-09-24 07:00:00,178.45723
2011-09-24 08:00:00,174.21104
2011-09-24 09:00:00,192.43333
2011-09-24 10:00:00,192.43333
2011-09-24 11:00:00,241.32256
2011-09-24 12:00:00,241.32256
2011-09-24 13:00:00,232.84369
2011-09-24 14:00:00,302.1326
2011-09-24 15:00:00,302.1326
2011-09-24 16:00:00,280.28506
2011-09-24 17:00:00,285.71976
2011-09-24 18:00:00,250.93416
2011-09-24 19:00:00,148.71501
2011-09-24 20:00:00,190.30351
2011-09-24 21:00:00,211.56717
2011-09-24 22:00:00,214.18706
2011-09-24 23:00:00,192.43333
2011-09-25 00:00:00,201.45631
2011-09-25 01:00:00,190.08177
2011-09-25 02:00:00,174.58157
2011-09-25 03:00:00,174.58157
2011-09-25 04:00:00,161.85072
2011-09-25 05:00:00,160.00801
2011-09-25 06:00:00,190.08177
2011-09-25 07:00:00,151.25961
2011-09-25 08:00:00,214.18706
2011-09-25 09:00:00,269.75452
2011-09-25 10:00:00,269.75452
2011-09-25 11:00:00,282.17532
2011-09-25 12:00:00,306.72183
2011-09-25 13:00:00,332.82193
2011-09-25 14:00:00,306.72183
2011-09-25 15:00:00,306.72183
2011-09-25 16:00:00,307.60425
2011-09-25 17:00:00,272.45187
2011-09-25 18:00:00,272.45187
2011-09-25 19:00:00,212.66826
2011-09-25 20:00:00,212.16109
2011-09-25 21:00:00,107.07138
2011-09-25 22:00:00,164.10677
2011-09-25 23:00:00,166.703
2011-09-26 00:00:00,147.14053
2011-09-26 01:00:00,219.10551
2011-09-26 02:00:00,219.10551
2011-09-26 03:00:00,147.14053
2011-09-26 04:00:00,176.01372
2011-09-26 05:00:00,201.27998
2011-09-26 06:00:00,176.01372
2011-09-26 07:00:00,147.14053
2011-09-26 08:00:00,147.14053
2011-09-26 09:00:00,241.8276
2011-09-26 10:00:00,241.8276
2011-09-26 11:00:00,308.36288
2011-09-26 12:00:00,309.71823
2011-09-26 13:00:00,349.9841
2011-09-26 14:00:00,350.44888
2011-09-26 15:00:00,354.20596
2011-09-26 16:00:00,356.02197
2011-09-26 17:00:00,346.93185
2011-09-26 18:00:00,257.971
2011-09-26 19:00:00,264.14053
2011-09-26 20:00:00,195.21835
2011-09-26 21:00:00,195.21835
2011-09-26 22:00:00,146.40764
2011-09-26 23:00:00,146.40764
2011-09-27 00:00:00,146.40764
2011-09-27 01:00:00,159.73901
2011-09-27 02:00:00,138.00255
2011-09-27 03:00:00,147.14053
2011-09-27 04:00:00,184.2566
2011-09-27 05:00:00,184.2566
2011-09-27 06:00:00,180.12186
2011-09-27 07:00:00,180.12186
2011-09-27 08:00:00,230.34224
2011-09-27 09:00:00,235.70464
2011-09-27 10:00:00,204.81651
2011-09-27 11:00:00,245.81442
2011-09-27 12:00:00,251.29411
2011-09-27 13:00:00,346.83722
2011-09-27 14:00:00,319.78433
2011-09-27 15:00:00,293.39914
2011-09-27 16:00:00,277.89783
2011-09-27 17:00:00,256.26224
2011-09-27 18:00:00,244.2457
2011-09-27 19:00:00,235.6776
2011-09-27 20:00:00,246.42564
2011-09-27 21:00:00,212.47249
2011-09-27 22:00:00,184.03758
2011-09-27 23:00:00,184.03758
2011-09-28 00:00:00,177.44154
2011-09-28 01:00:00,177.44154
2011-09-28 02:00:00,251.72762
2011-09-28 03:00:00,153.03206
2011-09-28 04:00:00,177.44154
2011-09-28 05:00:00,122.55908
2011-09-28 06:00:00,167.22752
2011-09-28 07:00:00,167.22752
2011-09-28 08:00:00,184.50598
2011-09-28 09:00:00,184.50598
2011-09-28 10:00:00,147.14053
2011-09-28 11:00:00,277.57666
2011-09-28 12:00:00,309.27866
2011-09-28 13:00:00,353.9361
2011-09-28 14:00:00,372.9006
2011-09-28 15:00:00,346.93185
2011-09-28 16:00:00,355.01572
2011-09-28 17:00:00,361.06827
2011-09-28 18:00:00,292.5182
2011-09-28 19:00:00,292.5182
2011-09-28 20:00:00,229.43791
2011-09-28 21:00:00,208.65685
2011-09-28 22:00:00,184.03758
2011-09-28 23:00:00,142.50305
2011-09-29 00:00:00,173.22542
2011-09-29 01:00:00,150.68665
2011-09-29 02:00:00,150.68665
2011-09-29 03:00:00,189.8625
2011-09-29 04:00:00,217.05641
2011-09-29 05:00:00,203.45564
2011-09-29 06:00:00,200.45161
2011-09-29 07:00:00,195.33345
2011-09-29 08:00:00,212.47249
2011-09-29 09:00:00,305.07382
2011-09-29 10:00:00,359.42493
2011-09-29 11:00:00,359.02267
2011-09-29 12:00:00,368.44934
2011-09-29 13:00:00,367.2338
2011-09-29 14:00:00,356.44913
2011-09-29 15:00:00,327.32083
2011-09-29 16:00:00,336.66263
2011-09-29 17:00:00,341.81644
2011-09-29 18:00:00,368.5897
2011-09-29 19:00:00,352.31064
2011-09-29 20:00:00,345.8862
2011-09-29 21:00:00,312.30783
2011-09-29 22:00:00,271.18478
2011-09-29 23:00:00,226.19148
2011-09-30 00:00:00,193.00713
2011-09-30 01:00:00,223.9644
2011-09-30 02:00:00,193.00713
2011-09-30 03:00:00,193.00713
2011-09-30 04:00:00,207.43843
2011-09-30 05:00:00,207.43843
2011-09-30 06:00:00,215.76074
2011-09-30 07:00:00,215.76074
2011-09-30 08:00:00,247.47621
2011-09-30 09:00:00,277.4716
2011-09-30 10:00:00,309.91916
2011-09-30 11:00:00,358.05585
2011-09-30 12:00:00,324.86887
2011-09-30 13:00:00,277.95282
2011-09-30 14:00:00,278.15695
2011-09-30 15:00:00,337.7113
2011-09-30 16:00:00,356.66626
2011-09-30 17:00:00,369.7817
2011-09-30 18:00:00,273.0472
2011-09-30 19:00:00,256.4073
2011-09-30 20:00:00,256.4073
2011-09-30 21:00:00,282.0815
2011-09-30 22:00:00,244.87035
2011-09-30 23:00:00,244.87035
2011-10-20 00:00:00,219.3313
2011-10-20 01:00:00,203.53288
2011-10-20 02:00:00,191.6016
2011-10-20 03:00:00,177.2965
2011-10-20 04:00:00,177.2965
2011-10-20 05:00:00,177.3922
2011-10-20 06:00:00,158.77408
2011-10-20 07:00:00,165.85216
2011-10-20 08:00:00,229.39847
2011-10-20 09:00:00,247.00946
2011-10-20 10:00:00,246.11815
2011-10-20 11:00:00,294.5848
2011-10-20 12:00:00,301.90762
2011-10-20 13:00:00,327.34958
2011-10-20 14:00:00,262.53964
2011-10-20 15:00:00,236.18138
2011-10-20 16:00:00,236.18138
2011-10-20 17:00:00,230.18338
2011-10-20 18:00:00,244.15645
2011-10-20 19:00:00,251.65443
2011-10-20 20:00:00,235.6232
2011-10-20 21:00:00,238.1032
2011-10-20 22:00:00,243.93425
2011-10-20 23:00:00,218.61983
2011-10-21 00:00:00,204.23625
2011-10-21 01:00:00,213.38672
2011-10-21 02:00:00,189.83104
2011-10-21 03:00:00,159.74623
2011-10-21 04:00:00,168.31514
2011-10-21 05:00:00,167.42752
2011-10-21 06:00:00,168.31514
2011-10-21 07:00:00,168.31514
2011-10-21 08:00:00,216.72731
2011-10-21 09:00:00,266.57504
2011-10-21 10:00:00,267.20035
2011-10-21 11:00:00,270.86978
2011-10-21 12:00:00,266.0422
2011-10-21 13:00:00,256.12906
2011-10-21 14:00:00,281.63663
2011-10-21 15:00:00,265.6254
2011-10-21 16:00:00,266.8984
2011-10-21 17:00:00,258.92477
2011-10-21 18:00:00,261.95642
2011-10-21 19:00:00,222.80644
2011-10-21 20:00:00,275.62466
2011-10-21 21:00:00,237.11723
2011-10-21 22:00:00,259.0327
2011-10-21 23:00:00,213.38672
2011-10-22 00:00:00,180.72404
2011-10-22 01:00:00,180.72404
2011-10-22 02:00:00,180.82733
2011-10-22 03:00:00,191.76822
2011-10-22 04:00:00,172.8295
2011-10-22 05:00:00,179.40471
2011-10-22 06:00:00,135.84773
2011-10-22 07:00:00,120.10086
2011-10-22 08:00:00,168.32076
2011-10-22 09:00:00,191.59914
2011-10-22 10:00:00,260.447
2011-10-22 11:00:00,260.447
2011-10-22 12:00:00,284.59702
2011-10-22 13:00:00,404.158
2011-10-22 14:00:00,309.08224
2011-10-22 15:00:00,313.6628
2011-10-22 16:00:00,375.1267
2011-10-22 17:00:00,274.4976
2011-10-22 18:00:00,273.57556
2011-10-22 19:00:00,222.35744
2011-10-22 20:00:00,208.39955
2011-10-22 21:00:00,145.19978
2011-10-22 22:00:00,145.19978
2011-10-22 23:00:00,117.265884
2011-10-23 00:00:00,99.63507
2011-10-23 01:00:00,99.63507
2011-10-23 02:00:00,84.043175
2011-10-23 03:00:00,91.568634
2011-10-23 04:00:00,91.568634
2011-10-23 05:00:00,83.359886
2011-10-23 06:00:00,78.10158
2011-10-23 07:00:00,84.043175
2011-10-23 08:00:00,91.300705
2011-10-23 09:00:00,145.19978
2011-10-23 10:00:00,177.30698
2011-10-23 11:00:00,184.95854
2011-10-23 12:00:00,264.62555
2011-10-23 13:00:00,302.86826
2011-10-23 14:00:00,303.61252
2011-10-23 15:00:00,327.52542
2011-10-23 16:00:00,302.86826
2011-10-23 17:00:00,241.75336
2011-10-23 18:00:00,247.84193
2011-10-23 19:00:00,170.3184
2011-10-23 20:00:00,184.562
2011-10-23 21:00:00,184.562
2011-10-23 22:00:00,154.24797
2011-10-23 23:00:00,155.02425
2011-10-24 00:00:00,160.81425
2011-10-24 01:00:00,154.12012
2011-10-24 02:00:00,129.75528
2011-10-24 03:00:00,141.91995
2011-10-24 04:00:00,131.0295
2011-10-24 05:00:00,109.71703
2011-10-24 06:00:00,129.75528
2011-10-24 07:00:00,122.87949
2011-10-24 08:00:00,159.47888
2011-10-24 09:00:00,183.52647
2011-10-24 10:00:00,200.72499
2011-10-24 11:00:00,248.42427
2011-10-24 12:00:00,274.1777
2011-10-24 13:00:00,300.95822
2011-10-24 14:00:00,297.08533
2011-10-24 15:00:00,315.5816
2011-10-24 16:00:00,290.69052
2011-10-24 17:00:00,264.14108
2011-10-24 18:00:00,305.03622
2011-10-24 19:00:00,168.87086
2011-10-24 20:00:00,178.9264
2011-10-24 21:00:00,147.46388
2011-10-24 22:00:00,207.92392
2011-10-24 23:00:00,185.2714
2011-10-25 00:00:00,183.99036
2011-10-25 01:00:00,183.99036
2011-10-25 02:00:00,159.67119
2011-10-25 03:00:00,111.535034
2011-10-25 04:00:00,142.7328
2011-10-25 05:00:00,142.7328
2011-10-25 06:00:00,141.65587
2011-10-25 07:00:00,188.90721
2011-10-25 08:00:00,193.89734
2011-10-25 09:00:00,248.65164
2011-10-25 10:00:00,249.37587
2011-10-25 11:00:00,262.53967
2011-10-25 12:00:00,293.098
2011-10-25 13:00:00,303.35052
2011-10-25 14:00:00,301.99045
2011-10-25 15:00:00,326.7668
2011-10-25 16:00:00,322.20126
2011-10-25 17:00:00,326.7668
2011-10-25 18:00:00,300.04092
2011-10-25 19:00:00,230.2405
2011-10-25 20:00:00,224.01268
2011-10-25 21:00:00,194.76637
2011-10-25 22:00:00,220.87572
2011-10-25 23:00:00,194.76637
2011-10-26 00:00:00,205.72765
2011-10-26 01:00:00,203.60762
2011-10-26 02:00:00,213.00578
2011-10-26 03:00:00,214.2234
2011-10-26 04:00:00,200.00578
2011-10-26 05:00:00,208.40968
2011-10-26 06:00:00,208.40968
2011-10-26 07:00:00,193.64221
2011-10-26 08:00:00,251.57422
2011-10-26 09:00:00,271.5779
2011-10-26 10:00:00,270.9744
2011-10-26 11:00:00,234.16505
2011-10-26 12:00:00,331.27493
2011-10-26 13:00:00,344.7425
2011-10-26 14:00:00,204.13304
2011-10-26 15:00:00,204.13304
2011-10-26 16:00:00,217.29079
2011-10-26 17:00:00,220.17424
2011-10-26 18:00:00,233.58458
2011-10-26 19:00:00,167.12428
2011-10-26 20:00:00,134.06895
2011-10-26 21:00:00,204.13304
2011-10-26 22:00:00,136.6818
2011-10-26 23:00:00,136.6818
2011-10-27 00:00:00,90.79749
2011-10-27 01:00:00,90.79749
2011-10-27 02:00:00,89.5307
2011-10-27 03:00:00,89.5307
2011-10-27 04:00:00,126.41225
2011-10-27 05:00:00,127.99681
2011-10-27 06:00:00,177.37872
2011-10-27 07:00:00,88.03157
2011-10-27 08:00:00,134.16115
2011-10-27 09:00:00,191.66646
2011-10-27 10:00:00,141.00241
2011-10-27 11:00:00,141.50337
2011-10-27 12:00:00,141.50337
2011-10-27 13:00:00,156.5118
2011-10-27 14:00:00,165.5199
2011-10-27 15:00:00,180.06822
2011-10-27 16:00:00,262.97287
2011-10-27 17:00:00,171.92168
2011-10-27 18:00:00,178.42213
2011-10-27 19:00:00,170.761
2011-10-27 20:00:00,212.7707
2011-10-27 21:00:00,222.72534
2011-10-27 22:00:00,167.19237
2011-10-27 23:00:00,164.62218
2011-10-28 00:00:00,174.64578
2011-10-28 01:00:00,170.0237
2011-10-28 02:00:00,164.9397
2011-10-28 03:00:00,161.71764
2011-10-28 04:00:00,160.57222
2011-10-28 05:00:00,199.94225
2011-10-28 06:00:00,165.28508
2011-10-28 07:00:00,165.28508
2011-10-28 08:00:00,158.7147
2011-10-28 09:00:00,183.9984
2011-10-28 10:00:00,190.70175
2011-10-28 11:00:00,224.33524
2011-10-28 12:00:00,268.1912
2011-10-28 13:00:00,249.2639
2011-10-28 14:00:00,265.2431
2011-10-28 15:00:00,240.80559
2011-10-28 16:00:00,271.6485
2011-10-28 17:00:00,262.02597
2011-10-28 18:00:00,265.1628
2011-10-28 19:00:00,262.02597
2011-10-28 20:00:00,210.88423
2011-10-28 21:00:00,148.3107
2011-10-28 22:00:00,126.385635
2011-10-28 23:00:00,123.81771
2011-10-29 00:00:00,85.70366
2011-10-29 01:00:00,93.48436
2011-10-29 02:00:00,93.48436
2011-10-29 03:00:00,73.90871
2011-10-29 04:00:00,73.90871
2011-10-29 05:00:00,78.74002
2011-10-29 06:00:00,78.673355
2011-10-29 07:00:00,78.673355
2011-10-29 08:00:00,86.36499
2011-10-29 09:00:00,86.36499
2011-10-29 10:00:00,77.485535
2011-10-29 11:00:00,72.86193
2011-10-29 12:00:00,48.002728
2011-10-29 13:00:00,47.728783
2011-10-29 14:00:00,52.337303
2011-10-29 15:00:00,59.512962
2011-10-29 16:00:00,61.5826
2011-10-29 17:00:00,61.5826
2011-10-29 18:00:00,61.5826
2011-10-29 19:00:00,69.045586
2011-10-29 20:00:00,69.045586
2011-10-29 21:00:00,69.045586
2011-10-29 22:00:00,60.422916
2011-10-29 23:00:00,54.590034
2011-10-30 00:00:00,60.422916
2011-10-30 01:00:00,62.134438
2011-10-30 02:00:00,63.94125
2011-10-30 03:00:00,77.480804
2011-10-30 04:00:00,78.162125
2011-10-30 05:00:00,85.09369
2011-10-30 06:00:00,75.29336
2011-10-30 07:00:00,50.453953
2011-10-30 08:00:00,75.44227
2011-10-30 09:00:00,102.74261
2011-10-30 10:00:00,145.05734
2011-10-30 11:00:00,185.0454
2011-10-30 12:00:00,234.10526
2011-10-30 13:00:00,299.81827
2011-10-30 14:00:00,353.16574
2011-10-30 15:00:00,371.16684
2011-10-30 16:00:00,378.59335
2011-10-30 17:00:00,349.7354
2011-10-30 18:00:00,256.6755
2011-10-30 19:00:00,366.24814
2011-10-30 20:00:00,186.3488
2011-10-30 21:00:00,131.24178
2011-10-30 22:00:00,95.34043
2011-10-30 23:00:00,60.829456
2011-10-31 00:00:00,95.27346
2011-10-31 01:00:00,91.53455
2011-10-31 02:00:00,89.55841
2011-10-31 03:00:00,108.59047
2011-10-31 04:00:00,89.55841
2011-10-31 05:00:00,79.69689
2011-10-31 06:00:00,89.55841
2011-10-31 07:00:00,83.94731
2011-10-31 08:00:00,113.04103
2011-10-31 09:00:00,182.80032
2011-10-31 10:00:00,256.357
2011-10-31 11:00:00,269.24384
2011-10-31 12:00:00,262.13028
2011-10-31 13:00:00,264.30356
2011-10-31 14:00:00,268.9503
2011-10-31 15:00:00,278.47385
2011-10-31 16:00:00,259.0327
2011-10-31 17:00:00,261.99585
2011-10-31 18:00:00,200.97107
2011-10-31 19:00:00,200.97107
2011-10-31 20:00:00,200.97107
2011-10-31 21:00:00,199.57866
2011-10-31 22:00:00,199.57866
2011-10-31 23:00:00,199.57866
2011-11-20 00:00:00,158.43315
2011-11-20 01:00:00,180.82733
2011-11-20 02:00:00,182.38113
2011-11-20 03:00:00,205.19734
2011-11-20 04:00:00,189.75261
2011-11-20 05:00:00,212.5994
2011-11-20 06:00:00,216.65112
2011-11-20 07:00:00,172.93202
2011-11-20 08:00:00,199.64906
2011-11-20 09:00:00,179.07738
2011-11-20 10:00:00,234.40369
2011-11-20 11:00:00,279.9211
2011-11-20 12:00:00,270.76114
2011-11-20 13:00:00,284.65536
2011-11-20 14:00:00,250.75084
2011-11-20 15:00:00,251.01733
2011-11-20 16:00:00,277.7992
2011-11-20 17:00:00,264.5018
2011-11-20 18:00:00,273.0651
2011-11-20 19:00:00,249.58682
2011-11-20 20:00:00,271.39993
2011-11-20 21:00:00,230.8087
2011-11-20 22:00:00,161.61256
2011-11-20 23:00:00,161.61256
2011-11-21 00:00:00,73.6388
2011-11-21 01:00:00,99.85607
2011-11-21 02:00:00,81.07602
2011-11-21 03:00:00,62.539776
2011-11-21 04:00:00,62.539776
2011-11-21 05:00:00,48.213627
2011-11-21 06:00:00,51.374653
2011-11-21 07:00:00,123.68118
2011-11-21 08:00:00,73.6388
2011-11-21 09:00:00,96.10693
2011-11-21 10:00:00,165.5199
2011-11-21 11:00:00,180.06822
2011-11-21 12:00:00,217.60547
2011-11-21 13:00:00,217.60547
2011-11-21 14:00:00,187.43962
2011-11-21 15:00:00,98.992676
2011-11-21 16:00:00,98.992676
2011-11-21 17:00:00,118.29589
2011-11-21 18:00:00,111.10015
2011-11-21 19:00:00,95.636795
2011-11-21 20:00:00,112.57236
2011-11-21 21:00:00,108.31924
2011-11-21 22:00:00,104.94991
2011-11-21 23:00:00,108.31924
2011-11-22 00:00:00,74.32257
2011-11-22 01:00:00,78.41831
2011-11-22 02:00:00,63.957504
2011-11-22 03:00:00,63.957504
2011-11-22 04:00:00,89.0674
2011-11-22 05:00:00,89.0674
2011-11-22 06:00:00,122.87949
2011-11-22 07:00:00,109.444084
2011-11-22 08:00:00,109.444084
2011-11-22 09:00:00,64.477196
2011-11-22 10:00:00,64.477196
2011-11-22 11:00:00,78.41831
2011-11-22 12:00:00,58.77122
2011-11-22 13:00:00,57.014523
2011-11-22 14:00:00,57.014523
2011-11-22 15:00:00,77.60228
2011-11-22 16:00:00,77.60228
2011-11-22 17:00:00,57.921474
2011-11-22 18:00:00,55.50561
2011-11-22 19:00:00,89.58749
2011-11-22 20:00:00,133.58768
2011-11-22 21:00:00,155.25702
2011-11-22 22:00:00,140.92787
2011-11-22 23:00:00,169.92732
2011-11-23 00:00:00,169.92732
2011-11-23 01:00:00,181.7834
2011-11-23 02:00:00,112.12864
2011-11-23 03:00:00,112.12864
2011-11-23 04:00:00,132.06099
2011-11-23 05:00:00,143.71317
2011-11-23 06:00:00,48.213627
2011-11-23 07:00:00,60.306248
2011-11-23 08:00:00,96.10693
2011-11-23 09:00:00,147.58855
2011-11-23 10:00:00,147.58855
2011-11-23 11:00:00,171.15099
2011-11-23 12:00:00,259.37518
2011-11-23 13:00:00,224.44136
2011-11-23 14:00:00,249.8868
2011-11-23 15:00:00,213.17995
2011-11-23 16:00:00,173.80028
2011-11-23 17:00:00,144.87114
2011-11-23 18:00:00,187.05074
2011-11-23 19:00:00,191.03636
2011-11-23 20:00:00,167.25894
2011-11-23 21:00:00,193.0085
2011-11-23 22:00:00,168.10184
2011-11-23 23:00:00,163.32994
2011-11-24 00:00:00,95.64252
2011-11-24 01:00:00,147.91304
2011-11-24 02:00:00,100.327515
2011-11-24 03:00:00,36.670406
2011-11-24 04:00:00,38.1433
2011-11-24 05:00:00,41.158382
2011-11-24 06:00:00,38.1433
2011-11-24 07:00:00,26.888945
2011-11-24 08:00:00,36.55284
2011-11-24 09:00:00,41.494564
2011-11-24 10:00:00,79.004196
2011-11-24 11:00:00,298.5801
2011-11-24 12:00:00,389.31253
2011-11-24 13:00:00,420.41336
2011-11-24 14:00:00,427.3458
2011-11-24 15:00:00,436.0963
2011-11-24 16:00:00,426.28433
2011-11-24 17:00:00,388.3953
2011-11-24 18:00:00,237.90013
2011-11-24 19:00:00,197.29001
2011-11-24 20:00:00,95.520065
2011-11-24 21:00:00,96.54879
2011-11-24 22:00:00,96.54879
2011-11-24 23:00:00,61.47784
2011-11-25 00:00:00,160.80025
2011-11-25 01:00:00,120.47372
2011-11-25 02:00:00,125.3668
2011-11-25 03:00:00,131.48741
2011-11-25 04:00:00,132.87749
2011-11-25 05:00:00,80.327385
2011-11-25 06:00:00,122.43239
2011-11-25 07:00:00,91.53455
2011-11-25 08:00:00,128.50673
2011-11-25 09:00:00,108.31751
2011-11-25 10:00:00,168.31514
2011-11-25 11:00:00,199.57574
2011-11-25 12:00:00,277.98978
2011-11-25 13:00:00,270.86978
2011-11-25 14:00:00,298.9208
2011-11-25 15:00:00,318.3892
2011-11-25 16:00:00,310.577
2011-11-25 17:00:00,331.6346
2011-11-25 18:00:00,294.43283
2011-11-25 19:00:00,210.71642
2011-11-25 20:00:00,239.66547
2011-11-25 21:00:00,158.49487
2011-11-25 22:00:00,141.94756
2011-11-25 23:00:00,142.56683
2011-11-26 00:00:00,112.4679
2011-11-26 01:00:00,104.26193
2011-11-26 02:00:00,87.77995
2011-11-26 03:00:00,82.908745
2011-11-26 04:00:00,82.908745
2011-11-26 05:00:00,101.77792
2011-11-26 06:00:00,147.86816
2011-11-26 07:00:00,56.986134
2011-11-26 08:00:00,104.26193
2011-11-26 09:00:00,110.814255
2011-11-26 10:00:00,110.31574
2011-11-26 11:00:00,199.18922
2011-11-26 12:00:00,331.57535
2011-11-26 13:00:00,402.57706
2011-11-26 14:00:00,319.15048
2011-11-26 15:00:00,367.78824
2011-11-26 16:00:00,312.44058
2011-11-26 17:00:00,312.44058
2011-11-26 18:00:00,234.59337
2011-11-26 19:00:00,218.72853
2011-11-26 20:00:00,279.4106
2011-11-26 21:00:00,189.28905
2011-11-26 22:00:00,201.1251
2011-11-26 23:00:00,110.31574
2011-11-27 00:00:00,110.31574
2011-11-27 01:00:00,110.31574
2011-11-27 02:00:00,101.19353
2011-11-27 03:00:00,91.568634
2011-11-27 04:00:00,84.64862
2011-11-27 05:00:00,90.15022
2011-11-27 06:00:00,124.20085
2011-11-27 07:00:00,98.46796
2011-11-27 08:00:00,108.41535
2011-11-27 09:00:00,179.6089
2011-11-27 10:00:00,179.6089
2011-11-27 11:00:00,230.74706
2011-11-27 12:00:00,307.1621
2011-11-27 13:00:00,288.246
2011-11-27 14:00:00,384.78116
2011-11-27 15:00:00,469.84
2011-11-27 16:00:00,352.37134
2011-11-27 17:00:00,311.95898
2011-11-27 18:00:00,240.32866
2011-11-27 19:00:00,206.523
2011-11-27 20:00:00,239.68971
2011-11-27 21:00:00,211.07991
2011-11-27 22:00:00,184.19298
2011-11-27 23:00:00,184.19298
2011-11-28 00:00:00,192.37807
2011-11-28 01:00:00,187.49947
2011-11-28 03:00:00,172.43736
2011-11-28 04:00:00,157.00298
2011-11-28 05:00:00,111.535034
2011-11-28 06:00:00,148.98616
2011-11-28 07:00:00,112.267944
2011-11-28 08:00:00,72.3614
2011-11-28 09:00:00,181.94212
2011-11-28 10:00:00,210.11772
2011-11-28 11:00:00,274.1777
2011-11-28 12:00:00,320.78726
2011-11-28 13:00:00,304.1321
2011-11-28 14:00:00,314.92688
2011-11-28 15:00:00,329.30234
2011-11-28 16:00:00,315.28134
2011-11-28 17:00:00,324.46912
2011-11-28 18:00:00,301.06903
2011-11-28 19:00:00,260.27524
2011-11-28 20:00:00,250.65361
2011-11-28 21:00:00,236.72655
2011-11-28 22:00:00,180.06822
2011-11-28 23:00:00,186.98424
2011-11-29 00:00:00,168.9446
2011-11-29 01:00:00,189.66371
2011-11-29 02:00:00,123.795975
2011-11-29 03:00:00,123.795975
2011-11-29 04:00:00,192.7541
2011-11-29 05:00:00,200.08739
2011-11-29 06:00:00,209.6152
2011-11-29 07:00:00,234.0626
2011-11-29 08:00:00,230.59373
2011-11-29 09:00:00,185.94516
2011-11-29 10:00:00,185.94516
2011-11-29 11:00:00,141.28401
2011-11-29 12:00:00,105.35659
2011-11-29 13:00:00,166.89706
2011-11-29 14:00:00,95.636795
2011-11-29 15:00:00,119.92408
2011-11-29 16:00:00,112.57236
2011-11-29 17:00:00,173.23119
2011-11-29 18:00:00,173.97966
2011-11-29 19:00:00,163.06604
2011-11-29 20:00:00,182.43062
2011-11-29 21:00:00,182.43062
2011-11-29 22:00:00,169.26648
2011-11-29 23:00:00,148.48827
2011-11-30 00:00:00,170.83098
2011-11-30 01:00:00,165.75755
2011-11-30 02:00:00,157.84804
2011-11-30 03:00:00,157.84804
2011-11-30 04:00:00,170.98338
2011-11-30 05:00:00,147.34167
2011-11-30 06:00:00,111.65512
2011-11-30 07:00:00,122.43239
2011-11-30 08:00:00,147.34167
2011-11-30 09:00:00,159.07684
2011-11-30 10:00:00,180.9242
2011-11-30 11:00:00,194.66658
2011-11-30 12:00:00,227.71422
2011-11-30 13:00:00,217.19633
2011-11-30 14:00:00,217.19633
2011-11-30 15:00:00,210.73322
2011-11-30 16:00:00,216.09901
2011-11-30 17:00:00,209.34425
2011-11-30 18:00:00,179.42351
2011-11-30 19:00:00,206.24957
2011-11-30 20:00:00,206.24957
2011-11-30 21:00:00,170.49097
2011-11-30 22:00:00,156.98573
2011-11-30 23:00:00,159.24306
2011-12-20 00:00:00,213.87325
2011-12-20 01:00:00,241.50862
2011-12-20 02:00:00,165.41927
2011-12-20 03:00:00,165.41927
2011-12-20 04:00:00,251.56021
2011-12-20 05:00:00,205.29523
2011-12-20 06:00:00,205.29523
2011-12-20 07:00:00,198.81737
2011-12-20 08:00:00,276.85706
2011-12-20 09:00:00,190.70169
2011-12-20 10:00:00,275.28445
2011-12-20 11:00:00,257.39642
2011-12-20 12:00:00,280.31546
2011-12-20 13:00:00,280.31546
2011-12-20 14:00:00,272.37195
2011-12-20 15:00:00,281.87268
2011-12-20 16:00:00,282.97684
2011-12-20 17:00:00,214.33456
2011-12-20 18:00:00,195.16673
2011-12-20 19:00:00,197.2627
2011-12-20 20:00:00,179.08112
2011-12-20 21:00:00,173.55025
2011-12-20 22:00:00,190.70169
2011-12-20 23:00:00,225.8972
2011-12-21 00:00:00,135.73038
2011-12-21 01:00:00,139.00352
2011-12-21 02:00:00,148.28886
2011-12-21 03:00:00,148.28886
2011-12-21 04:00:00,148.28886
2011-12-21 05:00:00,148.47511
2011-12-21 06:00:00,143.28665
2011-12-21 07:00:00,127.78776
2011-12-21 08:00:00,137.7576
2011-12-21 09:00:00,124.98486
2011-12-21 10:00:00,110.41845
2011-12-21 11:00:00,110.41845
2011-12-21 12:00:00,85.47833
2011-12-21 13:00:00,110.19946
2011-12-21 14:00:00,131.82184
2011-12-21 15:00:00,118.66185
2011-12-21 16:00:00,107.2095
2011-12-21 17:00:00,107.2095
2011-12-21 18:00:00,124.22924
2011-12-21 19:00:00,158.49167
2011-12-21 20:00:00,144.85036
2011-12-21 21:00:00,162.58827
2011-12-21 22:00:00,154.09396
2011-12-21 23:00:00,150.0428
2011-12-22 00:00:00,209.04848
2011-12-22 01:00:00,134.04758
2011-12-22 02:00:00,173.73152
2011-12-22 03:00:00,131.16115
2011-12-22 04:00:00,121.864624
2011-12-22 05:00:00,129.41484
2011-12-22 06:00:00,116.29802
2011-12-22 07:00:00,94.14987
2011-12-22 08:00:00,143.28665
2011-12-22 09:00:00,142.41093
2011-12-22 10:00:00,162.44765
2011-12-22 11:00:00,207.58119
2011-12-22 12:00:00,145.91493
2011-12-22 13:00:00,176.83574
2011-12-22 14:00:00,176.83574
2011-12-22 15:00:00,166.47766
2011-12-22 16:00:00,176.83574
2011-12-22 17:00:00,171.98572
2011-12-22 18:00:00,165.59111
2011-12-22 19:00:00,159.7544
2011-12-22 20:00:00,154.38889
2011-12-22 21:00:00,154.38889
2011-12-22 22:00:00,112.593575
2011-12-22 23:00:00,169.60857
2011-12-23 00:00:00,121.1089
2011-12-23 01:00:00,121.1089
2011-12-23 02:00:00,116.76992
2011-12-23 03:00:00,116.76992
2011-12-23 04:00:00,85.76396
2011-12-23 05:00:00,96.68236
2011-12-23 06:00:00,115.65684
2011-12-23 07:00:00,112.29599
2011-12-23 08:00:00,132.98767
2011-12-23 09:00:00,129.92235
2011-12-23 10:00:00,132.57506
2011-12-23 11:00:00,151.13469
2011-12-23 12:00:00,167.61229
2011-12-23 13:00:00,159.33165
2011-12-23 14:00:00,146.82431
2011-12-23 15:00:00,127.48268
2011-12-23 16:00:00,120.43524
2011-12-23 17:00:00,109.256424
2011-12-23 18:00:00,111.54031
2011-12-23 19:00:00,105.45958
2011-12-23 20:00:00,104.56883
2011-12-23 21:00:00,101.27011
2011-12-23 22:00:00,98.30186
2011-12-23 23:00:00,92.715256
2011-12-24 00:00:00,100.42452
2011-12-24 01:00:00,58.933437
2011-12-24 02:00:00,94.7563
2011-12-24 03:00:00,98.19887
2011-12-24 04:00:00,101.42978
2011-12-24 05:00:00,101.42978
2011-12-24 06:00:00,86.994804
2011-12-24 07:00:00,78.754005
2011-12-24 08:00:00,52.68945
2011-12-24 09:00:00,85.06659
2011-12-24 10:00:00,80.204666
2011-12-24 11:00:00,105.73038
2011-12-24 12:00:00,132.09053
2011-12-24 13:00:00,126.40398
2011-12-24 14:00:00,126.40398
2011-12-24 15:00:00,116.0526
2011-12-24 16:00:00,111.59654
2011-12-24 17:00:00,76.28869
2011-12-24 18:00:00,84.26394
2011-12-24 19:00:00,73.48682
2011-12-24 20:00:00,59.561962
2011-12-24 21:00:00,61.141346
2011-12-24 22:00:00,39.57909
2011-12-24 23:00:00,37.655144
2011-12-25 00:00:00,50.382893
2011-12-25 01:00:00,43.11308
2011-12-25 02:00:00,43.506607
2011-12-25 03:00:00,42.68966
2011-12-25 05:00:00,40.30798
2011-12-25 06:00:00,40.30798
2011-12-25 07:00:00,40.551323
2011-12-25 08:00:00,36.390423
2011-12-25 09:00:00,32.480415
2011-12-25 10:00:00,41.51723
2011-12-25 11:00:00,55.969902
2011-12-25 12:00:00,61.590702
2011-12-25 13:00:00,70.96291
2011-12-25 14:00:00,92.88258
2011-12-25 15:00:00,88.618965
2011-12-25 16:00:00,95.204796
2011-12-25 17:00:00,82.137985
2011-12-25 18:00:00,62.528275
2011-12-25 19:00:00,86.03593
2011-12-25 20:00:00,87.092514
2011-12-25 21:00:00,77.11503
2011-12-25 22:00:00,60.27132
2011-12-25 23:00:00,51.19234
2011-12-26 00:00:00,61.946262
2011-12-26 01:00:00,95.109566
2011-12-26 02:00:00,120.441635
2011-12-26 04:00:00,124.4321
2011-12-26 05:00:00,118.057556
2011-12-26 06:00:00,116.481255
2011-12-26 07:00:00,101.424286
2011-12-26 08:00:00,69.003876
2011-12-26 09:00:00,124.4321
2011-12-26 10:00:00,133.59242
2011-12-26 11:00:00,142.77478
2011-12-26 12:00:00,129.44652
2011-12-26 13:00:00,129.64606
2011-12-26 14:00:00,124.81923
2011-12-26 15:00:00,138.78624
2011-12-26 16:00:00,127.95319
2011-12-26 17:00:00,120.441635
2011-12-26 18:00:00,56.496197
2011-12-26 19:00:00,86.388504
2011-12-26 20:00:00,60.128143
2011-12-26 21:00:00,51.605724
2011-12-26 22:00:00,51.605724
2011-12-26 23:00:00,71.76973
2011-12-27 00:00:00,89.94803
2011-12-27 01:00:00,85.29481
2011-12-27 02:00:00,85.29481
2011-12-27 03:00:00,124.36656
2011-12-27 04:00:00,126.62836
2011-12-27 05:00:00,101.142685
2011-12-27 06:00:00,102.10324
2011-12-27 07:00:00,99.91451
2011-12-27 08:00:00,122.97758
2011-12-27 09:00:00,138.15535
2011-12-27 10:00:00,126.089325
2011-12-27 11:00:00,138.15535
2011-12-27 12:00:00,111.8397
2011-12-27 13:00:00,91.91313
2011-12-27 14:00:00,70.72717
2011-12-27 15:00:00,70.72717
2011-12-27 16:00:00,98.16556
2011-12-27 17:00:00,135.91182
2011-12-27 18:00:00,112.16702
2011-12-27 19:00:00,97.46344
2011-12-27 20:00:00,79.36256
2011-12-27 21:00:00,89.85701
2011-12-27 22:00:00,89.85701
2011-12-27 23:00:00,72.642654
2011-12-28 00:00:00,89.985535
2011-12-28 01:00:00,104.37171
2011-12-28 02:00:00,99.07747
2011-12-28 03:00:00,99.07747
2011-12-28 05:00:00,107.77611
2011-12-28 06:00:00,95.528595
2011-12-28 07:00:00,95.528595
2011-12-28 08:00:00,107.77611
2011-12-28 09:00:00,103.23385
2011-12-28 10:00:00,103.060005
2011-12-28 11:00:00,122.83747
2011-12-28 12:00:00,137.31834
2011-12-28 13:00:00,127.134514
2011-12-28 14:00:00,113.01715
2011-12-28 15:00:00,117.88645
2011-12-28 16:00:00,110.28853
2011-12-28 17:00:00,104.93196
2011-12-28 18:00:00,87.97211
2011-12-28 19:00:00,81.280136
2011-12-28 20:00:00,89.43064
2011-12-28 21:00:00,92.59126
2011-12-28 22:00:00,92.465294
2011-12-28 23:00:00,71.26091
2011-12-29 00:00:00,107.807014
2011-12-29 01:00:00,75.51503
2011-12-29 02:00:00,82.45613
2011-12-29 03:00:00,82.37843
2011-12-29 04:00:00,80.84587
2011-12-29 05:00:00,81.293846
2011-12-29 06:00:00,74.26703
2011-12-29 07:00:00,72.43875
2011-12-29 08:00:00,87.77784
2011-12-29 09:00:00,99.641174
2011-12-29 10:00:00,106.15884
2011-12-29 11:00:00,104.35326
2011-12-29 12:00:00,106.9084
2011-12-29 13:00:00,110.10601
2011-12-29 14:00:00,73.45537
2011-12-29 15:00:00,107.65279
2011-12-29 16:00:00,96.08642
2011-12-29 17:00:00,90.84569
2011-12-29 18:00:00,90.419586
2011-12-29 19:00:00,89.31781
2011-12-29 20:00:00,87.12436
2011-12-29 21:00:00,114.28996
2011-12-29 22:00:00,87.480835
2011-12-29 23:00:00,92.20903
2011-12-30 00:00:00,89.5921
2011-12-30 01:00:00,81.26822
2011-12-30 02:00:00,79.01337
2011-12-30 03:00:00,79.01337
2011-12-30 04:00:00,78.26973
2011-12-30 05:00:00,74.334595
2011-12-30 06:00:00,78.26973
2011-12-30 07:00:00,78.52949
2011-12-30 08:00:00,97.925476
2011-12-30 09:00:00,82.19088
2011-12-30 10:00:00,97.36021
2011-12-30 11:00:00,98.30186
2011-12-30 12:00:00,92.10025
2011-12-30 13:00:00,131.09415
2011-12-30 14:00:00,115.62171
2011-12-30 15:00:00,139.25296
2011-12-30 16:00:00,157.24232
2011-12-30 17:00:00,111.42036
2011-12-30 18:00:00,102.27467
2011-12-30 19:00:00,109.314606
2011-12-30 20:00:00,131.77228
2011-12-30 21:00:00,139.00352
2011-12-30 22:00:00,131.50502
2011-12-30 23:00:00,128.2132
2011-12-31 00:00:00,139.0746
2011-12-31 01:00:00,141.19984
2011-12-31 02:00:00,141.19984
2011-12-31 03:00:00,141.19984
2011-12-31 04:00:00,98.06654
2011-12-31 05:00:00,96.897644
2011-12-31 06:00:00,136.56203
2011-12-31 07:00:00,104.085335
2011-12-31 08:00:00,61.308598
2011-12-31 09:00:00,86.89254
2011-12-31 10:00:00,92.8638
2011-12-31 11:00:00,113.56439
2011-12-31 12:00:00,271.0377
2011-12-31 13:00:00,179.7899
2011-12-31 14:00:00,204.869
2011-12-31 15:00:00,152.64272
2011-12-31 16:00:00,173.52542
2011-12-31 17:00:00,160.53847
2011-12-31 18:00:00,144.51364
2011-12-31 19:00:00,162.76938
2011-12-31 20:00:00,162.76938
2011-12-31 21:00:00,131.91394
2011-12-31 22:00:00,105.79307
2011-12-31 23:00:00,73.44817
2012-01-20 00:00:00,88.8203
2012-01-20 01:00:00,96.0261
2012-01-20 02:00:00,96.0261
2012-01-20 03:00:00,88.08188
2012-01-20 04:00:00,80.32599
2012-01-20 05:00:00,80.32599
2012-01-20 06:00:00,76.75234
2012-01-20 07:00:00,89.79086
2012-01-20 08:00:00,76.00823
2012-01-20 09:00:00,76.69418
2012-01-20 10:00:00,79.01736
2012-01-20 11:00:00,71.85449
2012-01-20 12:00:00,69.84131
2012-01-20 13:00:00,88.33287
2012-01-20 14:00:00,73.89172
2012-01-20 15:00:00,97.54466
2012-01-20 16:00:00,105.41966
2012-01-20 17:00:00,76.779976
2012-01-20 18:00:00,84.76328
2012-01-20 19:00:00,92.21362
2012-01-20 20:00:00,84.76328
2012-01-20 21:00:00,86.710526
2012-01-20 22:00:00,89.101746
2012-01-20 23:00:00,100.7514
2012-01-21 00:00:00,74.38364
2012-01-21 01:00:00,36.34779
2012-01-21 02:00:00,32.36316
2012-01-21 03:00:00,42.789204
2012-01-21 04:00:00,50.46227
2012-01-21 05:00:00,51.35229
2012-01-21 06:00:00,37.24364
2012-01-21 07:00:00,37.24364
2012-01-21 08:00:00,33.14049
2012-01-21 09:00:00,33.14049
2012-01-21 10:00:00,29.10079
2012-01-21 11:00:00,45.598156
2012-01-21 12:00:00,53.310818
2012-01-21 13:00:00,51.197308
2012-01-21 14:00:00,61.864006
2012-01-21 15:00:00,61.864006
2012-01-21 16:00:00,46.655422
2012-01-21 17:00:00,37.527626
2012-01-21 18:00:00,41.68036
2012-01-21 19:00:00,34.62778
2012-01-21 20:00:00,43.07723
2012-01-21 21:00:00,35.369434
2012-01-21 22:00:00,50.869648
2012-01-21 23:00:00,42.469162
2012-01-22 00:00:00,29.384157
2012-01-22 01:00:00,50.869648
2012-01-22 02:00:00,51.708466
2012-01-22 03:00:00,58.802536
2012-01-22 04:00:00,42.697697
2012-01-22 05:00:00,60.8882
2012-01-22 06:00:00,51.34189
2012-01-22 07:00:00,51.34189
2012-01-22 08:00:00,51.34189
2012-01-22 09:00:00,51.34189
2012-01-22 10:00:00,46.735542
2012-01-22 11:00:00,46.53203
2012-01-22 12:00:00,45.08033
2012-01-22 13:00:00,48.931087
2012-01-22 14:00:00,47.8174
2012-01-22 15:00:00,46.56934
2012-01-22 16:00:00,46.56934
2012-01-22 17:00:00,50.705006
2012-01-22 18:00:00,51.35229
2012-01-22 19:00:00,51.35229
2012-01-22 20:00:00,47.477512
2012-01-22 21:00:00,51.35229
2012-01-22 22:00:00,39.374386
2012-01-22 23:00:00,37.954258
2012-01-23 00:00:00,77.74601
2012-01-23 01:00:00,69.715256
2012-01-23 02:00:00,69.715256
2012-01-23 03:00:00,77.74601
2012-01-23 04:00:00,88.86662
2012-01-23 05:00:00,82.393814
2012-01-23 06:00:00,82.393814
2012-01-23 07:00:00,85.77936
2012-01-23 08:00:00,67.34366
2012-01-23 09:00:00,75.3656
2012-01-23 10:00:00,76.38228
2012-01-23 11:00:00,69.12964
2012-01-23 12:00:00,81.644844
2012-01-23 13:00:00,68.008804
2012-01-23 14:00:00,52.80583
2012-01-23 15:00:00,54.07859
2012-01-23 16:00:00,71.025085
2012-01-23 17:00:00,73.14575
2012-01-23 18:00:00,73.22952
2012-01-23 19:00:00,76.20178
2012-01-23 20:00:00,66.289505
2012-01-23 21:00:00,60.9074
2012-01-23 22:00:00,60.9074
2012-01-23 23:00:00,66.69505
2012-01-24 00:00:00,72.56648
2012-01-24 01:00:00,87.44804
2012-01-24 02:00:00,88.89613
2012-01-24 03:00:00,97.33504
2012-01-24 04:00:00,89.11461
2012-01-24 05:00:00,89.11461
2012-01-24 06:00:00,89.9503
2012-01-24 07:00:00,97.33504
2012-01-24 08:00:00,97.33504
2012-01-24 09:00:00,109.264206
2012-01-24 10:00:00,79.36256
2012-01-24 11:00:00,96.5858
2012-01-24 12:00:00,97.46344
2012-01-24 13:00:00,97.46344
2012-01-24 14:00:00,107.39832
2012-01-24 15:00:00,156.05942
2012-01-24 16:00:00,120.05924
2012-01-24 17:00:00,132.2189
2012-01-24 18:00:00,119.133064
2012-01-24 19:00:00,140.84518
2012-01-24 20:00:00,98.150635
2012-01-24 21:00:00,113.6417
2012-01-24 22:00:00,100.575806
2012-01-24 23:00:00,98.150635
2012-01-25 00:00:00,68.08676
2012-01-25 01:00:00,101.43378
2012-01-25 02:00:00,95.406876
2012-01-25 03:00:00,91.19858
2012-01-25 04:00:00,94.36952
2012-01-25 05:00:00,94.36952
2012-01-25 06:00:00,92.90167
2012-01-25 07:00:00,89.62926
2012-01-25 08:00:00,91.67083
2012-01-25 09:00:00,91.67083
2012-01-25 10:00:00,77.08363
2012-01-25 11:00:00,102.10324
2012-01-25 12:00:00,95.92645
2012-01-25 13:00:00,109.4479
2012-01-25 14:00:00,109.608505
2012-01-25 15:00:00,115.450485
2012-01-25 16:00:00,101.77789
2012-01-25 17:00:00,106.93715
2012-01-25 18:00:00,92.715256
2012-01-25 19:00:00,82.02085
2012-01-25 20:00:00,97.21417
2012-01-25 21:00:00,88.608696
2012-01-25 22:00:00,89.27634
2012-01-25 23:00:00,105.56695
2012-01-26 00:00:00,111.33593
2012-01-26 01:00:00,115.78084
2012-01-26 02:00:00,107.84824
2012-01-26 03:00:00,112.77458
2012-01-26 04:00:00,86.75892
2012-01-26 05:00:00,119.35747
2012-01-26 06:00:00,111.50705
2012-01-26 07:00:00,102.87662
2012-01-26 08:00:00,102.87662
2012-01-26 09:00:00,120.570206
2012-01-26 10:00:00,107.064255
2012-01-26 11:00:00,100.07485
2012-01-26 12:00:00,124.22252
2012-01-26 13:00:00,160.44
2012-01-26 14:00:00,161.49811
2012-01-26 15:00:00,171.10286
2012-01-26 16:00:00,162.73645
2012-01-26 17:00:00,185.9146
2012-01-26 18:00:00,185.9146
2012-01-26 19:00:00,161.79271
2012-01-26 20:00:00,150.82646
2012-01-26 21:00:00,161.79271
2012-01-26 22:00:00,123.677734
2012-01-26 23:00:00,175.01341
2012-01-27 00:00:00,126.77231
2012-01-27 01:00:00,124.98486
2012-01-27 02:00:00,122.43736
2012-01-27 03:00:00,121.012405
2012-01-27 04:00:00,105.4364
2012-01-27 05:00:00,115.5627
2012-01-27 06:00:00,116.12107
2012-01-27 07:00:00,114.03687
2012-01-27 08:00:00,146.51555
2012-01-27 09:00:00,146.51555
2012-01-27 10:00:00,154.59436
2012-01-27 11:00:00,169.4667
2012-01-27 12:00:00,177.46454
2012-01-27 13:00:00,194.75514
2012-01-27 14:00:00,217.55624
2012-01-27 15:00:00,175.36714
2012-01-27 16:00:00,195.02733
2012-01-27 17:00:00,182.70563
2012-01-27 18:00:00,163.27438
2012-01-27 19:00:00,127.65385
2012-01-27 20:00:00,114.57312
2012-01-27 21:00:00,135.61214
2012-01-27 22:00:00,118.70154
2012-01-27 23:00:00,116.945305
2012-01-28 00:00:00,97.76162
2012-01-28 01:00:00,84.90281
2012-01-28 02:00:00,43.360218
2012-01-28 03:00:00,54.61045
2012-01-28 04:00:00,55.711323
2012-01-28 05:00:00,45.07127
2012-01-28 06:00:00,45.675457
2012-01-28 07:00:00,44.320515
2012-01-28 08:00:00,37.992935
2012-01-28 09:00:00,44.0883
2012-01-28 10:00:00,48.5538
2012-01-28 11:00:00,77.11503
2012-01-28 12:00:00,79.31258
2012-01-28 13:00:00,100.89063
2012-01-28 14:00:00,134.824
2012-01-28 15:00:00,168.49222
2012-01-28 16:00:00,176.67525
2012-01-28 17:00:00,168.55284
2012-01-28 18:00:00,191.0721
2012-01-28 19:00:00,111.63236
2012-01-28 20:00:00,147.87341
2012-01-28 21:00:00,123.05865
2012-01-28 22:00:00,130.24716
2012-01-28 23:00:00,121.90675
2012-01-29 00:00:00,110.69311
2012-01-29 01:00:00,94.88501
2012-01-29 02:00:00,89.93738
2012-01-29 03:00:00,94.286934
2012-01-29 04:00:00,57.168278
2012-01-29 05:00:00,44.093945
2012-01-29 06:00:00,43.284496
2012-01-29 07:00:00,50.044224
2012-01-29 08:00:00,41.61832
2012-01-29 09:00:00,39.697742
2012-01-29 10:00:00,65.67869
2012-01-29 11:00:00,106.187874
2012-01-29 12:00:00,127.45352
2012-01-29 13:00:00,127.45352
2012-01-29 14:00:00,123.66922
2012-01-29 15:00:00,136.51376
2012-01-29 16:00:00,120.8882
2012-01-29 17:00:00,120.8882
2012-01-29 18:00:00,113.003876
2012-01-29 19:00:00,124.61229
2012-01-29 20:00:00,106.57943
2012-01-29 21:00:00,107.0029
2012-01-29 22:00:00,102.20323
2012-01-29 23:00:00,97.0674
2012-01-30 00:00:00,107.55462
2012-01-30 01:00:00,85.47875
2012-01-30 02:00:00,80.74595
2012-01-30 03:00:00,89.188095
2012-01-30 04:00:00,82.18535
2012-01-30 05:00:00,82.18535
2012-01-30 06:00:00,71.26091
2012-01-30 07:00:00,70.82976
2012-01-30 08:00:00,72.61913
2012-01-30 09:00:00,72.61913
2012-01-30 10:00:00,72.523605
2012-01-30 11:00:00,101.09886
2012-01-30 12:00:00,95.232285
2012-01-30 13:00:00,141.07793
2012-01-30 14:00:00,187.8463
2012-01-30 15:00:00,164.3715
2012-01-30 16:00:00,175.40955
2012-01-30 17:00:00,187.2476
2012-01-30 18:00:00,189.9955
2012-01-30 19:00:00,107.93654
2012-01-30 20:00:00,139.96373
2012-01-30 21:00:00,128.29736
2012-01-30 22:00:00,89.41501
2012-01-30 23:00:00,89.848
2012-01-31 00:00:00,81.52908
2012-01-31 01:00:00,104.33127
2012-01-31 02:00:00,111.33366
2012-01-31 03:00:00,104.286575
2012-01-31 04:00:00,105.926575
2012-01-31 05:00:00,105.926575
2012-01-31 06:00:00,94.49492
2012-01-31 07:00:00,89.848
2012-01-31 08:00:00,83.96542
2012-01-31 09:00:00,99.80434
2012-01-31 10:00:00,125.01347
2012-01-31 11:00:00,175.92558
2012-01-31 12:00:00,150.33443
2012-01-31 13:00:00,204.06566
2012-01-31 14:00:00,230.10721
2012-01-31 15:00:00,250.34523
2012-01-31 16:00:00,250.34523
2012-01-31 17:00:00,251.49657
2012-01-31 18:00:00,247.76193
2012-01-31 19:00:00,228.10127
2012-01-31 20:00:00,116.79146
2012-01-31 21:00:00,211.47838
2012-01-31 22:00:00,198.01915
2012-01-31 23:00:00,188.26247
2012-02-20 00:00:00,70.77555
2012-02-20 01:00:00,70.77555
2012-02-20 02:00:00,70.77555
2012-02-20 03:00:00,69.55323
2012-02-20 05:00:00,96.6463
2012-02-20 06:00:00,100.81771
2012-02-20 07:00:00,94.41084
2012-02-20 08:00:00,84.53842
2012-02-20 09:00:00,84.53842
2012-02-20 10:00:00,96.55434
2012-02-20 11:00:00,103.72978
2012-02-20 12:00:00,99.56253
2012-02-20 13:00:00,105.97591
2012-02-20 14:00:00,95.070175
2012-02-20 15:00:00,117.5305
2012-02-20 16:00:00,98.31555
2012-02-20 17:00:00,139.06026
2012-02-20 18:00:00,117.5305
2012-02-20 19:00:00,117.5305
2012-02-20 20:00:00,103.72711
2012-02-20 21:00:00,70.07691
2012-02-20 22:00:00,45.95722
2012-02-20 23:00:00,35.70275
2012-02-21 00:00:00,78.79941
2012-02-21 01:00:00,85.318436
2012-02-21 02:00:00,79.49135
2012-02-21 04:00:00,73.81182
2012-02-21 05:00:00,69.619095
2012-02-21 06:00:00,70.52235
2012-02-21 07:00:00,73.81182
2012-02-21 08:00:00,72.55731
2012-02-21 09:00:00,73.017204
2012-02-21 10:00:00,91.53999
2012-02-21 11:00:00,87.80088
2012-02-21 12:00:00,97.80939
2012-02-21 13:00:00,124.62749
2012-02-21 14:00:00,101.5522
2012-02-21 15:00:00,124.62749
2012-02-21 16:00:00,132.09647
2012-02-21 17:00:00,151.46632
2012-02-21 18:00:00,151.46632
2012-02-21 19:00:00,123.21332
2012-02-21 20:00:00,102.052895
2012-02-21 21:00:00,98.70689
2012-02-21 22:00:00,128.47467
2012-02-21 23:00:00,103.24982
2012-02-22 00:00:00,103.24982
2012-02-22 01:00:00,96.45972
2012-02-22 02:00:00,109.06912
2012-02-22 03:00:00,126.83077
2012-02-22 04:00:00,103.68718
2012-02-22 05:00:00,97.17818
2012-02-22 06:00:00,104.37171
2012-02-22 07:00:00,98.38719
2012-02-22 08:00:00,92.133255
2012-02-22 09:00:00,96.70773
2012-02-22 10:00:00,103.71452
2012-02-22 11:00:00,103.96775
2012-02-22 12:00:00,127.116875
2012-02-22 13:00:00,135.03883
2012-02-22 14:00:00,148.41016
2012-02-22 15:00:00,239.37587
2012-02-22 16:00:00,244.72585
2012-02-22 17:00:00,243.87218
2012-02-22 18:00:00,143.20601
2012-02-22 19:00:00,137.25565
2012-02-22 20:00:00,145.97963
2012-02-22 21:00:00,135.6675
2012-02-22 22:00:00,133.68977
2012-02-22 23:00:00,132.80452
2012-02-23 00:00:00,133.68977
2012-02-23 01:00:00,140.04651
2012-02-23 02:00:00,163.90959
2012-02-23 03:00:00,149.5081
2012-02-23 04:00:00,125.533585
2012-02-23 05:00:00,125.533585
2012-02-23 06:00:00,105.5255
2012-02-23 07:00:00,107.39832
2012-02-23 08:00:00,98.220245
2012-02-23 09:00:00,112.69192
2012-02-23 10:00:00,125.17197
2012-02-23 11:00:00,177.1934
2012-02-23 12:00:00,203.31917
2012-02-23 13:00:00,235.92082
2012-02-23 14:00:00,238.44957
2012-02-23 15:00:00,251.38756
2012-02-23 16:00:00,236.46997
2012-02-23 17:00:00,260.67844
2012-02-23 18:00:00,245.76118
2012-02-23 19:00:00,208.56775
2012-02-23 20:00:00,179.24117
2012-02-23 21:00:00,150.02101
2012-02-23 22:00:00,144.83492
2012-02-23 23:00:00,143.82243
2012-02-24 00:00:00,155.54048
2012-02-24 01:00:00,134.01122
2012-02-24 02:00:00,111.30709
2012-02-24 03:00:00,139.49557
2012-02-24 04:00:00,128.51376
2012-02-24 05:00:00,130.20392
2012-02-24 06:00:00,137.10884
2012-02-24 07:00:00,137.15707
2012-02-24 08:00:00,99.122086
2012-02-24 09:00:00,98.46672
2012-02-24 10:00:00,118.71504
2012-02-24 11:00:00,136.86407
2012-02-24 12:00:00,154.97679
2012-02-24 13:00:00,171.10286
2012-02-24 14:00:00,184.04115
2012-02-24 15:00:00,121.1089
2012-02-24 16:00:00,121.1089
2012-02-24 17:00:00,144.95018
2012-02-24 18:00:00,170.38818
2012-02-24 19:00:00,172.13959
2012-02-24 20:00:00,157.45049
2012-02-24 21:00:00,205.0742
2012-02-24 22:00:00,165.80959
2012-02-24 23:00:00,167.77687
2012-02-25 00:00:00,124.948906
2012-02-25 01:00:00,116.87797
2012-02-25 02:00:00,118.829735
2012-02-25 03:00:00,105.632645
2012-02-25 04:00:00,99.41852
2012-02-25 05:00:00,112.77875
2012-02-25 06:00:00,112.77875
2012-02-25 07:00:00,72.35711
2012-02-25 08:00:00,78.58559
2012-02-25 09:00:00,58.600246
2012-02-25 10:00:00,66.13243
2012-02-25 11:00:00,73.19563
2012-02-25 12:00:00,79.44164
2012-02-25 13:00:00,96.824295
2012-02-25 14:00:00,93.79613
2012-02-25 15:00:00,100.74772
2012-02-25 16:00:00,94.21285
2012-02-25 17:00:00,94.545074
2012-02-25 18:00:00,87.19623
2012-02-25 19:00:00,76.60295
2012-02-25 20:00:00,76.85388
2012-02-25 21:00:00,73.28934
2012-02-25 22:00:00,65.36267
2012-02-25 23:00:00,62.583126
2012-02-26 00:00:00,68.31189
2012-02-26 01:00:00,68.38569
2012-02-26 02:00:00,68.38569
2012-02-26 03:00:00,69.107605
2012-02-26 04:00:00,69.107605
2012-02-26 05:00:00,63.551804
2012-02-26 06:00:00,60.991077
2012-02-26 07:00:00,53.53796
2012-02-26 08:00:00,53.313145
2012-02-26 09:00:00,60.547268
2012-02-26 10:00:00,73.41664
2012-02-26 11:00:00,100.20533
2012-02-26 12:00:00,91.44249
2012-02-26 13:00:00,90.64534
2012-02-26 14:00:00,117.69803
2012-02-26 15:00:00,130.73796
2012-02-26 16:00:00,148.23433
2012-02-26 17:00:00,147.87254
2012-02-26 18:00:00,129.6263
2012-02-26 19:00:00,128.09752
2012-02-26 20:00:00,105.655975
2012-02-26 21:00:00,86.22977
2012-02-26 22:00:00,103.66701
2012-02-26 23:00:00,61.141346
2012-02-27 00:00:00,82.52366
2012-02-27 01:00:00,93.972404
2012-02-27 02:00:00,95.08087
2012-02-27 03:00:00,84.9789
2012-02-27 04:00:00,73.11969
2012-02-27 05:00:00,73.11969
2012-02-27 06:00:00,91.67083
2012-02-27 07:00:00,84.23842
2012-02-27 08:00:00,80.51819
2012-02-27 09:00:00,89.848
2012-02-27 10:00:00,109.68852
2012-02-27 11:00:00,132.82649
2012-02-27 12:00:00,175.83078
2012-02-27 13:00:00,150.247
2012-02-27 14:00:00,202.90816
2012-02-27 15:00:00,239.3531
2012-02-27 16:00:00,250.34523
2012-02-27 17:00:00,252.83446
2012-02-27 18:00:00,241.66591
2012-02-27 19:00:00,233.74586
2012-02-27 20:00:00,220.56047
2012-02-27 21:00:00,202.90816
2012-02-27 22:00:00,166.3633
2012-02-27 23:00:00,142.14159
2012-02-28 00:00:00,127.6811
2012-02-28 01:00:00,106.06975
2012-02-28 02:00:00,119.27636
2012-02-28 03:00:00,180.61409
2012-02-28 04:00:00,110.20532
2012-02-28 05:00:00,110.20532
2012-02-28 06:00:00,99.052795
2012-02-28 07:00:00,90.86282
2012-02-28 08:00:00,79.033394
2012-02-28 09:00:00,94.550255
2012-02-28 10:00:00,104.33127
2012-02-28 11:00:00,141.49498
2012-02-28 12:00:00,173.36816
2012-02-28 13:00:00,172.48
2012-02-28 14:00:00,203.80959
2012-02-28 15:00:00,205.94646
2012-02-28 16:00:00,205.38344
2012-02-28 17:00:00,205.94646
2012-02-28 18:00:00,223.24269
2012-02-28 19:00:00,176.90149
2012-02-28 20:00:00,203.273
2012-02-28 21:00:00,115.56189
2012-02-28 22:00:00,115.56189
2012-02-28 23:00:00,96.21977
2012-02-29 00:00:00,97.56591
2012-02-29 01:00:00,105.02613
2012-02-29 02:00:00,94.18069
2012-02-29 03:00:00,85.011765
2012-02-29 05:00:00,82.04872
2012-02-29 06:00:00,112.77458
2012-02-29 07:00:00,93.11417
2012-02-29 08:00:00,111.33593
2012-02-29 09:00:00,100.43346
2012-02-29 10:00:00,100.43346
2012-02-29 11:00:00,83.661865
2012-02-29 12:00:00,50.098423
2012-02-29 13:00:00,86.35167
2012-02-29 14:00:00,86.35167
2012-02-29 15:00:00,125.7659
2012-02-29 16:00:00,118.719696
2012-02-29 17:00:00,137.10884
2012-02-29 18:00:00,169.60857
2012-02-29 19:00:00,152.40388
2012-02-29 20:00:00,136.39647
2012-02-29 21:00:00,136.39647
2012-02-29 22:00:00,109.46175
2012-02-29 23:00:00,109.46175
2012-03-20 00:00:00,250.16493
2012-03-20 01:00:00,220.86641
2012-03-20 02:00:00,197.81804
2012-03-20 03:00:00,256.3507
2012-03-20 04:00:00,195.51866
2012-03-20 05:00:00,229.34018
2012-03-20 06:00:00,175.35664
2012-03-20 07:00:00,170.24095
2012-03-20 08:00:00,206.01039
2012-03-20 09:00:00,196.6678
2012-03-20 10:00:00,170.5275
2012-03-20 11:00:00,208.56737
2012-03-20 12:00:00,244.35713
2012-03-20 13:00:00,227.01454
2012-03-20 14:00:00,269.75684
2012-03-20 15:00:00,281.64288
2012-03-20 16:00:00,284.52994
2012-03-20 17:00:00,240.70688
2012-03-20 18:00:00,269.05862
2012-03-20 19:00:00,223.85086
2012-03-20 20:00:00,232.22551
2012-03-20 21:00:00,241.37737
2012-03-20 22:00:00,229.28487
2012-03-20 23:00:00,216.07552
2012-03-21 00:00:00,121.76068
2012-03-21 01:00:00,114.597725
2012-03-21 02:00:00,79.605484
2012-03-21 03:00:00,126.43244
2012-03-21 04:00:00,128.31186
2012-03-21 05:00:00,128.31186
2012-03-21 06:00:00,109.517624
2012-03-21 07:00:00,98.95665
2012-03-21 08:00:00,112.74904
2012-03-21 09:00:00,122.802536
2012-03-21 10:00:00,146.74037
2012-03-21 11:00:00,146.74037
2012-03-21 12:00:00,185.65416
2012-03-21 13:00:00,181.16414
2012-03-21 14:00:00,188.81352
2012-03-21 15:00:00,188.81352
2012-03-21 16:00:00,157.82698
2012-03-21 17:00:00,185.92233
2012-03-21 18:00:00,170.35687
2012-03-21 19:00:00,192.47617
2012-03-21 20:00:00,142.58365
2012-03-21 21:00:00,123.00185
2012-03-21 22:00:00,110.416626
2012-03-21 23:00:00,146.5503
2012-03-22 00:00:00,114.597725
2012-03-22 01:00:00,114.597725
2012-03-22 02:00:00,114.597725
2012-03-22 03:00:00,114.597725
2012-03-22 04:00:00,101.452225
2012-03-22 05:00:00,101.452225
2012-03-22 06:00:00,101.452225
2012-03-22 07:00:00,101.452225
2012-03-22 08:00:00,128.87968
2012-03-22 09:00:00,128.87968
2012-03-22 10:00:00,111.41853
2012-03-22 11:00:00,155.9501
2012-03-22 12:00:00,153.68764
2012-03-22 13:00:00,147.5337
2012-03-22 14:00:00,167.94666
2012-03-22 15:00:00,232.7114
2012-03-22 16:00:00,255.59804
2012-03-22 17:00:00,248.40388
2012-03-22 18:00:00,248.40388
2012-03-22 19:00:00,215.82863
2012-03-22 20:00:00,235.57852
2012-03-22 21:00:00,168.41458
2012-03-22 22:00:00,146.1534
2012-03-22 23:00:00,131.25676
2012-03-23 00:00:00,139.59096
2012-03-23 01:00:00,126.28404
2012-03-23 02:00:00,106.08351
2012-03-23 03:00:00,94.72069
2012-03-23 04:00:00,124.90051
2012-03-23 05:00:00,156.23248
2012-03-23 06:00:00,163.50266
2012-03-23 07:00:00,119.158295
2012-03-23 08:00:00,117.35265
2012-03-23 09:00:00,145.79712
2012-03-23 10:00:00,157.16145
2012-03-23 11:00:00,213.49109
2012-03-23 12:00:00,252.97781
2012-03-23 13:00:00,248.79514
2012-03-23 14:00:00,234.90587
2012-03-23 15:00:00,238.76994
2012-03-23 16:00:00,247.22429
2012-03-23 17:00:00,247.22429
2012-03-23 18:00:00,315.37228
2012-03-23 19:00:00,315.16684
2012-03-23 20:00:00,292.2108
2012-03-23 21:00:00,264.14206
2012-03-23 22:00:00,251.18434
2012-03-23 23:00:00,243.20686
2012-03-24 00:00:00,137.0088
2012-03-24 01:00:00,128.49806
2012-03-24 02:00:00,110.28854
2012-03-24 03:00:00,110.28854
2012-03-24 04:00:00,90.48148
2012-03-24 05:00:00,125.788864
2012-03-24 06:00:00,125.788864
2012-03-24 07:00:00,112.45154
2012-03-24 08:00:00,90.27911
2012-03-24 09:00:00,130.3515
2012-03-24 10:00:00,110.20924
2012-03-24 11:00:00,90.27911
2012-03-24 12:00:00,95.470276
2012-03-24 13:00:00,93.02107
2012-03-24 14:00:00,111.48278
2012-03-24 15:00:00,94.44453
2012-03-24 16:00:00,85.64449
2012-03-24 17:00:00,98.79464
2012-03-24 18:00:00,77.929115
2012-03-24 19:00:00,88.033134
2012-03-24 20:00:00,71.388054
2012-03-24 21:00:00,71.388054
2012-03-24 22:00:00,62.303967
2012-03-24 23:00:00,63.494373
2012-03-25 00:00:00,63.494373
2012-03-25 01:00:00,44.47851
2012-03-25 02:00:00,55.01691
2012-03-25 03:00:00,61.93155
2012-03-25 04:00:00,58.70705
2012-03-25 05:00:00,41.94981
2012-03-25 06:00:00,41.94981
2012-03-25 07:00:00,54.88287
2012-03-25 08:00:00,54.88287
2012-03-25 09:00:00,56.01766
2012-03-25 10:00:00,67.82087
2012-03-25 11:00:00,56.01766
2012-03-25 12:00:00,59.051445
2012-03-25 13:00:00,85.65107
2012-03-25 14:00:00,90.54843
2012-03-25 15:00:00,85.44592
2012-03-25 16:00:00,80.96401
2012-03-25 17:00:00,99.29237
2012-03-25 18:00:00,99.29237
2012-03-25 19:00:00,126.32228
2012-03-25 20:00:00,94.40237
2012-03-25 21:00:00,90.60741
2012-03-25 22:00:00,72.40977
2012-03-25 23:00:00,78.70055
2012-03-26 00:00:00,121.82744
2012-03-26 01:00:00,120.987976
2012-03-26 02:00:00,71.95983
2012-03-26 03:00:00,87.710464
2012-03-26 04:00:00,75.75093
2012-03-26 05:00:00,90.47562
2012-03-26 06:00:00,74.75045
2012-03-26 07:00:00,107.65508
2012-03-26 08:00:00,141.16808
2012-03-26 09:00:00,205.12166
2012-03-26 10:00:00,246.28178
2012-03-26 11:00:00,242.566
2012-03-26 12:00:00,249.7636
2012-03-26 13:00:00,239.49828
2012-03-26 14:00:00,262.70023
2012-03-26 15:00:00,243.49422
2012-03-26 16:00:00,248.6284
2012-03-26 17:00:00,263.70178
2012-03-26 18:00:00,245.63747
2012-03-26 19:00:00,236.87119
2012-03-26 20:00:00,212.40779
2012-03-26 21:00:00,204.73625
2012-03-26 22:00:00,198.88408
2012-03-26 23:00:00,190.60213
2012-03-27 00:00:00,179.86183
2012-03-27 01:00:00,171.2513
2012-03-27 02:00:00,137.93118
2012-03-27 03:00:00,137.35287
2012-03-27 04:00:00,124.60654
2012-03-27 05:00:00,108.96983
2012-03-27 06:00:00,105.21385
2012-03-27 07:00:00,105.21385
2012-03-27 08:00:00,109.539406
2012-03-27 09:00:00,112.947464
2012-03-27 10:00:00,131.0554
2012-03-27 11:00:00,166.50487
2012-03-27 12:00:00,178.80151
2012-03-27 13:00:00,143.4089
2012-03-27 14:00:00,226.17227
2012-03-27 15:00:00,224.79507
2012-03-27 16:00:00,224.79507
2012-03-27 17:00:00,248.54698
2012-03-27 18:00:00,247.28104
2012-03-27 19:00:00,232.40651
2012-03-27 20:00:00,247.28104
2012-03-27 21:00:00,186.5542
2012-03-27 22:00:00,167.19926
2012-03-27 23:00:00,183.79262
2012-03-28 00:00:00,173.73042
2012-03-28 01:00:00,155.65767
2012-03-28 02:00:00,137.10118
2012-03-28 03:00:00,152.96574
2012-03-28 04:00:00,164.52412
2012-03-28 05:00:00,164.52412
2012-03-28 06:00:00,152.81818
2012-03-28 07:00:00,153.91011
2012-03-28 08:00:00,165.93088
2012-03-28 09:00:00,178.37415
2012-03-28 10:00:00,224.57893
2012-03-28 11:00:00,250.15208
2012-03-28 12:00:00,208.43611
2012-03-28 13:00:00,271.99014
2012-03-28 14:00:00,298.60898
2012-03-28 15:00:00,230.62971
2012-03-28 16:00:00,216.97383
2012-03-28 17:00:00,267.82477
2012-03-28 18:00:00,267.82477
2012-03-28 19:00:00,272.4505
2012-03-28 20:00:00,267.67795
2012-03-28 21:00:00,248.5719
2012-03-28 22:00:00,193.74773
2012-03-28 23:00:00,163.4776
2012-03-29 00:00:00,187.21336
2012-03-29 01:00:00,206.36276
2012-03-29 02:00:00,336.7891
2012-03-29 03:00:00,326.52176
2012-03-29 04:00:00,281.6495
2012-03-29 05:00:00,238.93385
2012-03-29 06:00:00,157.07236
2012-03-29 07:00:00,193.06557
2012-03-29 08:00:00,199.25603
2012-03-29 09:00:00,207.92438
2012-03-29 10:00:00,196.07791
2012-03-29 11:00:00,232.18367
2012-03-29 12:00:00,235.01643
2012-03-29 13:00:00,215.84636
2012-03-29 14:00:00,253.45796
2012-03-29 15:00:00,276.30203
2012-03-29 16:00:00,282.33163
2012-03-29 17:00:00,275.9688
2012-03-29 18:00:00,267.8823
2012-03-29 19:00:00,258.04642
2012-03-29 20:00:00,245.78294
2012-03-29 21:00:00,206.18843
2012-03-29 22:00:00,196.23114
2012-03-29 23:00:00,184.84996
2012-03-30 00:00:00,175.88564
2012-03-30 01:00:00,156.11394
2012-03-30 02:00:00,137.83049
2012-03-30 03:00:00,71.99667
2012-03-30 04:00:00,82.80063
2012-03-30 05:00:00,62.834446
2012-03-30 06:00:00,78.53375
2012-03-30 07:00:00,90.989136
2012-03-30 08:00:00,70.71383
2012-03-30 09:00:00,95.764336
2012-03-30 10:00:00,95.109665
2012-03-30 11:00:00,39.101734
2012-03-30 12:00:00,42.54789
2012-03-30 13:00:00,44.626133
2012-03-30 14:00:00,45.71675
2012-03-30 15:00:00,50.327152
2012-03-30 16:00:00,101.129425
2012-03-30 17:00:00,147.39607
2012-03-30 18:00:00,149.4629
2012-03-30 19:00:00,123.29141
2012-03-30 20:00:00,95.208115
2012-03-30 21:00:00,70.81149
2012-03-30 22:00:00,73.44166
2012-03-30 23:00:00,62.15907
2012-03-31 00:00:00,48.172077
2012-03-31 01:00:00,95.19278
2012-03-31 02:00:00,97.60645
2012-03-31 03:00:00,48.65843
2012-03-31 04:00:00,64.40594
2012-03-31 05:00:00,49.32292
2012-03-31 06:00:00,67.50261
2012-03-31 07:00:00,67.50261
2012-03-31 08:00:00,63.188858
2012-03-31 09:00:00,95.19278
2012-03-31 10:00:00,102.86606
2012-03-31 11:00:00,87.015114
2012-03-31 12:00:00,84.86186
2012-03-31 13:00:00,161.78865
2012-03-31 14:00:00,157.20508
2012-03-31 15:00:00,183.35551
2012-03-31 16:00:00,170.55902
2012-03-31 17:00:00,128.58891
2012-03-31 18:00:00,98.95453
2012-03-31 19:00:00,76.93214
2012-03-31 20:00:00,105.29719
2012-03-31 21:00:00,105.29719
2012-03-31 22:00:00,94.36867
2012-03-31 23:00:00,76.99902
2012-04-20 00:00:00,117.9793
2012-04-20 01:00:00,87.710464
2012-04-20 02:00:00,60.355106
2012-04-20 03:00:00,57.894978
2012-04-20 04:00:00,42.773987
2012-04-20 05:00:00,59.87995
2012-04-20 06:00:00,73.080986
2012-04-20 07:00:00,59.87995
2012-04-20 08:00:00,65.754524
2012-04-20 09:00:00,66.25505
2012-04-20 10:00:00,133.11658
2012-04-20 11:00:00,173.41887
2012-04-20 12:00:00,264.40402
2012-04-20 13:00:00,314.67532
2012-04-20 14:00:00,311.2986
2012-04-20 15:00:00,310.31647
2012-04-20 16:00:00,319.47684
2012-04-20 17:00:00,300.32767
2012-04-20 18:00:00,295.93222
2012-04-20 19:00:00,283.8712
2012-04-20 20:00:00,244.9185
2012-04-20 21:00:00,180.64185
2012-04-20 22:00:00,197.70384
2012-04-20 23:00:00,137.68382
2012-04-21 00:00:00,114.834854
2012-04-21 01:00:00,114.834854
2012-04-21 02:00:00,104.119125
2012-04-21 03:00:00,81.59271
2012-04-21 04:00:00,84.35471
2012-04-21 05:00:00,84.35471
2012-04-21 06:00:00,81.59271
2012-04-21 07:00:00,88.54559
2012-04-21 08:00:00,99.85893
2012-04-21 09:00:00,116.018425
2012-04-21 10:00:00,259.68802
2012-04-21 11:00:00,304.79678
2012-04-21 12:00:00,314.17148
2012-04-21 13:00:00,341.89154
2012-04-21 14:00:00,437.59128
2012-04-21 15:00:00,484.4263
2012-04-21 16:00:00,444.75003
2012-04-21 17:00:00,433.71274
2012-04-21 18:00:00,324.4587
2012-04-21 19:00:00,126.1846
2012-04-21 20:00:00,107.95953
2012-04-21 21:00:00,112.02347
2012-04-21 22:00:00,80.9597
2012-04-21 23:00:00,99.64664
2012-04-22 00:00:00,104.8495
2012-04-22 01:00:00,101.30849
2012-04-22 02:00:00,112.45912
2012-04-22 03:00:00,103.533646
2012-04-22 04:00:00,112.38345
2012-04-22 05:00:00,107.25149
2012-04-22 06:00:00,119.858086
2012-04-22 07:00:00,87.99932
2012-04-22 08:00:00,62.986713
2012-04-22 09:00:00,62.986713
2012-04-22 10:00:00,67.525536
2012-04-22 11:00:00,61.357944
2012-04-22 12:00:00,63.4777
2012-04-22 13:00:00,72.56205
2012-04-22 14:00:00,63.4777
2012-04-22 15:00:00,67.82196
2012-04-22 16:00:00,57.38541
2012-04-22 17:00:00,46.898174
2012-04-22 18:00:00,46.898174
2012-04-22 19:00:00,50.17477
2012-04-22 20:00:00,50.328354
2012-04-22 21:00:00,61.22504
2012-04-22 22:00:00,48.30572
2012-04-22 23:00:00,59.27351
2012-04-23 00:00:00,69.137665
2012-04-23 01:00:00,55.41331
2012-04-23 02:00:00,67.13881
2012-04-23 03:00:00,79.24564
2012-04-23 04:00:00,65.81772
2012-04-23 05:00:00,65.81772
2012-04-23 06:00:00,77.226166
2012-04-23 07:00:00,68.018616
2012-04-23 08:00:00,87.84587
2012-04-23 09:00:00,86.852554
2012-04-23 10:00:00,102.2639
2012-04-23 11:00:00,102.48825
2012-04-23 12:00:00,84.59642
2012-04-23 13:00:00,88.40586
2012-04-23 14:00:00,89.713715
2012-04-23 15:00:00,121.09784
2012-04-23 16:00:00,59.49252
2012-04-23 17:00:00,59.766422
2012-04-23 18:00:00,75.486916
2012-04-23 19:00:00,94.08923
2012-04-23 20:00:00,79.49057
2012-04-23 21:00:00,75.677475
2012-04-23 22:00:00,70.44003
2012-04-23 23:00:00,62.10725
2012-04-24 00:00:00,79.034546
2012-04-24 01:00:00,68.974396
2012-04-24 02:00:00,56.954746
2012-04-24 03:00:00,67.72432
2012-04-24 04:00:00,77.820526
2012-04-24 05:00:00,77.820526
2012-04-24 06:00:00,90.00374
2012-04-24 07:00:00,106.17178
2012-04-24 08:00:00,110.95625
2012-04-24 09:00:00,173.07695
2012-04-24 10:00:00,184.84996
2012-04-24 11:00:00,256.46136
2012-04-24 12:00:00,272.7339
2012-04-24 13:00:00,284.71127
2012-04-24 14:00:00,290.9543
2012-04-24 15:00:00,293.6995
2012-04-24 16:00:00,302.62277
2012-04-24 17:00:00,307.78003
2012-04-24 18:00:00,271.41934
2012-04-24 19:00:00,306.05722
2012-04-24 20:00:00,285.486
2012-04-24 21:00:00,147.18767
2012-04-24 22:00:00,209.42897
2012-04-24 23:00:00,180.72078
2012-04-25 00:00:00,150.55634
2012-04-25 01:00:00,122.362656
2012-04-25 02:00:00,54.850555
2012-04-25 03:00:00,50.571705
2012-04-25 04:00:00,56.279125
2012-04-25 05:00:00,51.741783
2012-04-25 06:00:00,51.741783
2012-04-25 07:00:00,55.760204
2012-04-25 08:00:00,57.162457
2012-04-25 09:00:00,81.31198
2012-04-25 10:00:00,224.19455
2012-04-25 11:00:00,273.14896
2012-04-25 12:00:00,312.48254
2012-04-25 13:00:00,325.28073
2012-04-25 14:00:00,329.36398
2012-04-25 15:00:00,354.23367
2012-04-25 16:00:00,356.87567
2012-04-25 17:00:00,356.46902
2012-04-25 18:00:00,356.62262
2012-04-25 19:00:00,361.02856
2012-04-25 20:00:00,310.00406
2012-04-25 21:00:00,198.14142
2012-04-25 22:00:00,143.754
2012-04-25 23:00:00,140.53413
2012-04-26 00:00:00,108.71797
2012-04-26 01:00:00,118.75746
2012-04-26 02:00:00,134.04103
2012-04-26 03:00:00,128.32108
2012-04-26 04:00:00,137.72038
2012-04-26 05:00:00,155.58333
2012-04-26 06:00:00,174.86238
2012-04-26 07:00:00,87.039246
2012-04-26 08:00:00,107.545425
2012-04-26 09:00:00,105.518135
2012-04-26 10:00:00,89.19368
2012-04-26 11:00:00,96.432556
2012-04-26 12:00:00,151.09056
2012-04-26 13:00:00,134.71663
2012-04-26 14:00:00,183.24211
2012-04-26 15:00:00,165.76648
2012-04-26 16:00:00,159.7808
2012-04-26 17:00:00,150.53218
2012-04-26 18:00:00,183.24211
2012-04-26 19:00:00,188.89317
2012-04-26 20:00:00,163.79248
2012-04-26 21:00:00,129.98166
2012-04-26 22:00:00,110.416626
2012-04-26 23:00:00,81.446075
2012-04-27 00:00:00,199.87077
2012-04-27 01:00:00,203.24062
2012-04-27 02:00:00,191.2429
2012-04-27 03:00:00,188.54727
2012-04-27 04:00:00,197.13524
2012-04-27 05:00:00,192.95457
2012-04-27 06:00:00,189.41753
2012-04-27 07:00:00,156.11394
2012-04-27 08:00:00,79.39557
2012-04-27 09:00:00,185.34251
2012-04-27 10:00:00,224.231
2012-04-27 11:00:00,228.19682
2012-04-27 12:00:00,250.18666
2012-04-27 13:00:00,253.75288
2012-04-27 14:00:00,253.84657
2012-04-27 15:00:00,286.96588
2012-04-27 16:00:00,302.55237
2012-04-27 17:00:00,314.32193
2012-04-27 18:00:00,303.77985
2012-04-27 19:00:00,287.783
2012-04-27 20:00:00,258.2978
2012-04-27 21:00:00,240.51077
2012-04-27 22:00:00,214.16248
2012-04-27 23:00:00,198.06926
2012-04-28 00:00:00,86.80259
2012-04-28 01:00:00,103.28796
2012-04-28 02:00:00,70.602295
2012-04-28 03:00:00,65.43177
2012-04-28 04:00:00,52.04182
2012-04-28 05:00:00,51.58617
2012-04-28 06:00:00,59.383858
2012-04-28 07:00:00,52.04182
2012-04-28 08:00:00,85.958206
2012-04-28 09:00:00,61.388653
2012-04-28 10:00:00,56.34821
2012-04-28 11:00:00,50.04946
2012-04-28 12:00:00,51.12264
2012-04-28 13:00:00,73.689514
2012-04-28 14:00:00,112.9359
2012-04-28 15:00:00,137.92624
2012-04-28 16:00:00,124.62672
2012-04-28 17:00:00,75.57332
2012-04-28 18:00:00,51.26173
2012-04-28 19:00:00,60.83228
2012-04-28 20:00:00,56.12698
2012-04-28 21:00:00,59.454327
2012-04-28 22:00:00,87.31058
2012-04-28 23:00:00,97.73663
2012-04-29 00:00:00,60.315445
2012-04-29 01:00:00,78.614136
2012-04-29 02:00:00,74.87749
2012-04-29 03:00:00,63.188858
2012-04-29 04:00:00,69.984726
2012-04-29 05:00:00,41.789654
2012-04-29 06:00:00,28.556326
2012-04-29 07:00:00,65.19628
2012-04-29 08:00:00,52.240093
2012-04-29 09:00:00,61.95466
2012-04-29 10:00:00,67.51659
2012-04-29 11:00:00,99.1318
2012-04-29 12:00:00,150.09525
2012-04-29 13:00:00,166.74214
2012-04-29 14:00:00,274.633
2012-04-29 15:00:00,296.86545
2012-04-29 16:00:00,454.95047
2012-04-29 17:00:00,470.72327
2012-04-29 18:00:00,462.1381
2012-04-29 19:00:00,309.78433
2012-04-29 20:00:00,322.89856
2012-04-29 21:00:00,183.30571
2012-04-29 22:00:00,158.63132
2012-04-29 23:00:00,94.094826
2012-04-30 00:00:00,85.49315
2012-04-30 01:00:00,74.45764
2012-04-30 02:00:00,78.425995
2012-04-30 03:00:00,78.3456
2012-04-30 04:00:00,122.022064
2012-04-30 05:00:00,122.022064
2012-04-30 06:00:00,181.11104
2012-04-30 07:00:00,167.45775
2012-04-30 08:00:00,192.32512
2012-04-30 09:00:00,131.45705
2012-04-30 10:00:00,116.44069
2012-04-30 11:00:00,94.33171
2012-04-30 12:00:00,113.22422
2012-04-30 13:00:00,117.99463
2012-04-30 14:00:00,155.17014
2012-04-30 15:00:00,166.29807
2012-04-30 16:00:00,224.79262
2012-04-30 17:00:00,215.08311
2012-04-30 18:00:00,219.50497
2012-04-30 19:00:00,204.5095
2012-04-30 20:00:00,183.54062
2012-04-30 21:00:00,183.54062
2012-04-30 22:00:00,171.00925
2012-04-30 23:00:00,187.28815
2012-05-20 00:00:00,222.51974
2012-05-20 01:00:00,189.28773
2012-05-20 02:00:00,189.28773
2012-05-20 03:00:00,165.35834
2012-05-20 04:00:00,117.44499
2012-05-20 05:00:00,101.02042
2012-05-20 06:00:00,127.94403
2012-05-20 07:00:00,135.91508
2012-05-20 08:00:00,202.21645
2012-05-20 09:00:00,478.75366
2012-05-20 10:00:00,477.53836
2012-05-20 11:00:00,451.72873
2012-05-20 12:00:00,468.28543
2012-05-20 13:00:00,497.53574
2012-05-20 14:00:00,442.46884
2012-05-20 15:00:00,377.14737
2012-05-20 16:00:00,434.76126
2012-05-20 17:00:00,428.46933
2012-05-20 18:00:00,394.05807
2012-05-20 19:00:00,308.78845
2012-05-20 20:00:00,308.78845
2012-05-20 21:00:00,276.84067
2012-05-20 22:00:00,237.4295
2012-05-20 23:00:00,188.2757
2012-05-21 00:00:00,157.8817
2012-05-21 01:00:00,140.72885
2012-05-21 02:00:00,129.32295
2012-05-21 03:00:00,199.98448
2012-05-21 04:00:00,155.7015
2012-05-21 05:00:00,155.7015
2012-05-21 06:00:00,155.7015
2012-05-21 07:00:00,155.7015
2012-05-21 08:00:00,140.13994
2012-05-21 09:00:00,129.40544
2012-05-21 10:00:00,154.14764
2012-05-21 11:00:00,188.80492
2012-05-21 12:00:00,217.2144
2012-05-21 13:00:00,153.91998
2012-05-21 14:00:00,139.87129
2012-05-21 15:00:00,234.69658
2012-05-21 16:00:00,243.70894
2012-05-21 17:00:00,258.90457
2012-05-21 18:00:00,179.20758
2012-05-21 19:00:00,198.90388
2012-05-21 20:00:00,217.20384
2012-05-21 21:00:00,189.41658
2012-05-21 22:00:00,223.5429
2012-05-21 23:00:00,235.57852
2012-05-22 00:00:00,187.2032
2012-05-22 01:00:00,173.9433
2012-05-22 02:00:00,174.66493
2012-05-22 03:00:00,174.66493
2012-05-22 04:00:00,153.93546
2012-05-22 05:00:00,122.497986
2012-05-22 06:00:00,118.31809
2012-05-22 07:00:00,118.31809
2012-05-22 08:00:00,152.75792
2012-05-22 09:00:00,177.82016
2012-05-22 10:00:00,188.21385
2012-05-22 11:00:00,192.64293
2012-05-22 12:00:00,195.59314
2012-05-22 13:00:00,209.83878
2012-05-22 14:00:00,222.27444
2012-05-22 15:00:00,240.65387
2012-05-22 16:00:00,244.23866
2012-05-22 17:00:00,242.42778
2012-05-22 18:00:00,258.4838
2012-05-22 19:00:00,251.81999
2012-05-22 20:00:00,241.43614
2012-05-22 21:00:00,162.38022
2012-05-22 22:00:00,168.33403
2012-05-22 23:00:00,173.144
2012-05-23 00:00:00,162.38022
2012-05-23 01:00:00,145.7476
2012-05-23 02:00:00,188.80492
2012-05-23 03:00:00,147.77554
2012-05-23 04:00:00,132.66307
2012-05-23 05:00:00,140.13994
2012-05-23 06:00:00,103.63385
2012-05-23 07:00:00,137.5352
2012-05-23 08:00:00,137.5352
2012-05-23 09:00:00,197.99225
2012-05-23 10:00:00,148.88283
2012-05-23 11:00:00,158.41374
2012-05-23 12:00:00,233.22781
2012-05-23 13:00:00,236.0305
2012-05-23 14:00:00,240.2242
2012-05-23 15:00:00,251.0066
2012-05-23 16:00:00,251.74237
2012-05-23 17:00:00,217.23723
2012-05-23 18:00:00,217.23723
2012-05-23 19:00:00,196.691
2012-05-23 20:00:00,181.35966
2012-05-23 21:00:00,190.01009
2012-05-23 22:00:00,196.691
2012-05-23 23:00:00,134.1382
2012-05-24 00:00:00,132.92387
2012-05-24 01:00:00,105.77626
2012-05-24 02:00:00,126.96346
2012-05-24 03:00:00,167.13583
2012-05-24 04:00:00,174.06456
2012-05-24 05:00:00,174.06456
2012-05-24 06:00:00,174.06456
2012-05-24 07:00:00,130.44759
2012-05-24 08:00:00,189.75246
2012-05-24 09:00:00,206.5096
2012-05-24 10:00:00,234.50684
2012-05-24 11:00:00,236.77089
2012-05-24 12:00:00,262.4319
2012-05-24 13:00:00,297.0155
2012-05-24 14:00:00,318.85043
2012-05-24 15:00:00,316.53995
2012-05-24 16:00:00,305.98682
2012-05-24 17:00:00,313.05112
2012-05-24 18:00:00,309.5189
2012-05-24 19:00:00,288.74838
2012-05-24 20:00:00,250.0484
2012-05-24 21:00:00,165.93422
2012-05-24 22:00:00,205.92113
2012-05-24 23:00:00,208.85762
2012-05-25 00:00:00,137.14859
2012-05-25 01:00:00,133.18529
2012-05-25 02:00:00,190.01009
2012-05-25 03:00:00,170.6491
2012-05-25 04:00:00,177.22662
2012-05-25 05:00:00,170.75462
2012-05-25 06:00:00,170.6491
2012-05-25 07:00:00,184.3499
2012-05-25 08:00:00,170.96646
2012-05-25 09:00:00,175.8461
2012-05-25 10:00:00,195.92427
2012-05-25 11:00:00,178.7061
2012-05-25 12:00:00,225.44916
2012-05-25 13:00:00,262.7153
2012-05-25 14:00:00,278.04788
2012-05-25 15:00:00,287.42767
2012-05-25 16:00:00,315.99844
2012-05-25 17:00:00,302.8918
2012-05-25 18:00:00,287.42767
2012-05-25 19:00:00,301.2371
2012-05-25 20:00:00,255.71597
2012-05-25 21:00:00,244.39777
2012-05-25 22:00:00,180.66249
2012-05-25 23:00:00,214.06508
2012-05-26 00:00:00,121.4377
2012-05-26 01:00:00,115.72861
2012-05-26 02:00:00,82.73831
2012-05-26 03:00:00,89.38308
2012-05-26 04:00:00,90.01268
2012-05-26 05:00:00,140.94777
2012-05-26 06:00:00,91.97269
2012-05-26 07:00:00,147.84966
2012-05-26 08:00:00,139.97667
2012-05-26 09:00:00,127.03983
2012-05-26 10:00:00,166.90384
2012-05-26 11:00:00,189.08803
2012-05-26 12:00:00,264.14218
2012-05-26 13:00:00,253.96025
2012-05-26 14:00:00,269.12943
2012-05-26 15:00:00,302.1661
2012-05-26 16:00:00,357.77118
2012-05-26 17:00:00,369.76242
2012-05-26 18:00:00,355.16666
2012-05-26 19:00:00,267.12326
2012-05-26 20:00:00,326.38113
2012-05-26 21:00:00,273.72766
2012-05-26 22:00:00,218.16325
2012-05-26 23:00:00,218.16325
2012-05-27 00:00:00,216.14342
2012-05-27 01:00:00,193.29022
2012-05-27 02:00:00,196.16096
2012-05-27 03:00:00,174.90715
2012-05-27 04:00:00,125.83591
2012-05-27 05:00:00,125.83591
2012-05-27 06:00:00,122.13125
2012-05-27 07:00:00,92.26436
2012-05-27 08:00:00,127.03983
2012-05-27 09:00:00,135.62764
2012-05-27 10:00:00,210.38368
2012-05-27 11:00:00,260.34857
2012-05-27 12:00:00,279.86252
2012-05-27 13:00:00,310.34366
2012-05-27 14:00:00,338.0149
2012-05-27 15:00:00,386.41418
2012-05-27 16:00:00,386.41418
2012-05-27 17:00:00,412.4915
2012-05-27 18:00:00,353.99417
2012-05-27 19:00:00,310.34366
2012-05-27 20:00:00,317.14902
2012-05-27 21:00:00,235.30995
2012-05-27 22:00:00,194.39764
2012-05-27 23:00:00,164.11232
2012-05-28 00:00:00,156.50293
2012-05-28 01:00:00,221.97124
2012-05-28 02:00:00,148.53477
2012-05-28 03:00:00,136.82986
2012-05-28 04:00:00,103.884
2012-05-28 05:00:00,103.884
2012-05-28 06:00:00,136.82986
2012-05-28 07:00:00,92.347466
2012-05-28 08:00:00,95.83844
2012-05-28 09:00:00,153.66533
2012-05-28 10:00:00,153.66533
2012-05-28 11:00:00,178.75189
2012-05-28 12:00:00,213.01118
2012-05-28 13:00:00,281.1252
2012-05-28 14:00:00,281.1252
2012-05-28 15:00:00,324.20514
2012-05-28 16:00:00,317.76193
2012-05-28 17:00:00,324.20514
2012-05-28 18:00:00,301.5082
2012-05-28 19:00:00,320.0082
2012-05-28 20:00:00,281.29126
2012-05-28 21:00:00,255.74696
2012-05-28 22:00:00,182.24965
2012-05-28 23:00:00,162.40787
2012-05-29 00:00:00,213.04482
2012-05-29 01:00:00,213.04482
2012-05-29 02:00:00,154.37122
2012-05-29 03:00:00,228.77692
2012-05-29 04:00:00,214.06508
2012-05-29 05:00:00,214.06508
2012-05-29 06:00:00,214.06508
2012-05-29 07:00:00,214.06508
2012-05-29 08:00:00,228.55966
2012-05-29 09:00:00,274.94968
2012-05-29 10:00:00,278.30814
2012-05-29 11:00:00,301.19864
2012-05-29 12:00:00,304.0363
2012-05-29 13:00:00,295.67444
2012-05-29 14:00:00,292.9229
2012-05-29 15:00:00,291.85245
2012-05-29 16:00:00,285.42935
2012-05-29 17:00:00,291.34903
2012-05-29 18:00:00,290.81082
2012-05-29 19:00:00,303.23636
2012-05-29 20:00:00,169.54863
2012-05-29 21:00:00,128.1579
2012-05-29 22:00:00,170.75462
2012-05-29 23:00:00,135.86214
2012-05-30 00:00:00,134.28024
2012-05-30 01:00:00,141.86662
2012-05-30 02:00:00,127.27255
2012-05-30 03:00:00,132.96495
2012-05-30 04:00:00,173.33987
2012-05-30 05:00:00,197.75371
2012-05-30 06:00:00,189.1873
2012-05-30 07:00:00,142.59857
2012-05-30 08:00:00,213.21165
2012-05-30 09:00:00,231.12453
2012-05-30 10:00:00,232.03175
2012-05-30 11:00:00,244.78162
2012-05-30 12:00:00,247.03978
2012-05-30 13:00:00,251.20934
2012-05-30 14:00:00,304.15012
2012-05-30 15:00:00,287.65305
2012-05-30 16:00:00,300.02524
2012-05-30 17:00:00,274.2342
2012-05-30 18:00:00,305.31503
2012-05-30 19:00:00,297.0155
2012-05-30 20:00:00,189.95699
2012-05-30 21:00:00,264.70975
2012-05-30 22:00:00,206.75621
2012-05-30 23:00:00,225.17256
2012-05-31 00:00:00,217.20384
2012-05-31 01:00:00,193.89398
2012-05-31 02:00:00,218.32007
2012-05-31 03:00:00,189.41658
2012-05-31 04:00:00,170.94698
2012-05-31 05:00:00,254.5739
2012-05-31 06:00:00,218.2888
2012-05-31 07:00:00,251.18434
2012-05-31 08:00:00,283.60083
2012-05-31 09:00:00,312.09177
2012-05-31 10:00:00,302.77652
2012-05-31 11:00:00,315.6549
2012-05-31 12:00:00,337.6716
2012-05-31 13:00:00,325.67892
2012-05-31 14:00:00,348.57007
2012-05-31 15:00:00,321.5888
2012-05-31 16:00:00,324.2092
2012-05-31 17:00:00,348.47977
2012-05-31 18:00:00,353.00696
2012-05-31 19:00:00,341.1165
2012-05-31 20:00:00,310.9717
2012-05-31 21:00:00,310.9717
2012-05-31 22:00:00,302.9748
2012-05-31 23:00:00,315.99127
2012-06-20 00:00:00,213.04482
2012-06-20 01:00:00,208.05501
2012-06-20 02:00:00,156.95003
2012-06-20 03:00:00,145.98311
2012-06-20 04:00:00,135.73094
2012-06-20 05:00:00,135.73094
2012-06-20 06:00:00,169.14513
2012-06-20 07:00:00,165.26793
2012-06-20 08:00:00,214.06377
2012-06-20 09:00:00,220.2318
2012-06-20 10:00:00,269.1545
2012-06-20 11:00:00,293.2877
2012-06-20 12:00:00,280.743
2012-06-20 13:00:00,263.00595
2012-06-20 14:00:00,298.71243
2012-06-20 15:00:00,264.81168
2012-06-20 16:00:00,270.6471
2012-06-20 17:00:00,257.188
2012-06-20 18:00:00,257.188
2012-06-20 19:00:00,298.90063
2012-06-20 20:00:00,305.25827
2012-06-20 21:00:00,263.33328
2012-06-20 22:00:00,264.69315
2012-06-20 23:00:00,257.0811
2012-06-21 00:00:00,186.14168
2012-06-21 01:00:00,161.92819
2012-06-21 02:00:00,142.69247
2012-06-21 03:00:00,126.0352
2012-06-21 04:00:00,100.53091
2012-06-21 05:00:00,104.50546
2012-06-21 06:00:00,177.30034
2012-06-21 07:00:00,177.30034
2012-06-21 08:00:00,146.07564
2012-06-21 09:00:00,299.71567
2012-06-21 10:00:00,269.35385
2012-06-21 11:00:00,294.73447
2012-06-21 12:00:00,318.14996
2012-06-21 13:00:00,279.48398
2012-06-21 14:00:00,311.78348
2012-06-21 15:00:00,321.52048
2012-06-21 16:00:00,309.09235
2012-06-21 17:00:00,268.62613
2012-06-21 18:00:00,311.69952
2012-06-21 19:00:00,304.18954
2012-06-21 20:00:00,307.21945
2012-06-21 21:00:00,300.37494
2012-06-21 22:00:00,278.4358
2012-06-21 23:00:00,239.1244
2012-06-22 00:00:00,271.46762
2012-06-22 01:00:00,228.38672
2012-06-22 02:00:00,116.8408
2012-06-22 03:00:00,116.8408
2012-06-22 04:00:00,275.54773
2012-06-22 05:00:00,270.305
2012-06-22 06:00:00,270.5161
2012-06-22 07:00:00,263.08084
2012-06-22 08:00:00,253.94902
2012-06-22 09:00:00,307.7028
2012-06-22 10:00:00,290.61273
2012-06-22 11:00:00,290.32468
2012-06-22 12:00:00,279.32916
2012-06-22 13:00:00,304.18954
2012-06-22 14:00:00,304.18954
2012-06-22 15:00:00,271.9008
2012-06-22 16:00:00,309.31073
2012-06-22 17:00:00,324.78397
2012-06-22 18:00:00,302.26065
2012-06-22 19:00:00,271.64105
2012-06-22 20:00:00,271.64105
2012-06-22 21:00:00,279.99484
2012-06-22 22:00:00,185.94093
2012-06-22 23:00:00,197.96501
2012-06-23 00:00:00,69.89958
2012-06-23 01:00:00,81.41531
2012-06-23 02:00:00,111.988464
2012-06-23 03:00:00,137.45796
2012-06-23 04:00:00,114.96976
2012-06-23 05:00:00,111.988464
2012-06-23 06:00:00,58.46857
2012-06-23 07:00:00,62.10529
2012-06-23 08:00:00,159.52193
2012-06-23 09:00:00,208.94351
2012-06-23 10:00:00,266.52502
2012-06-23 11:00:00,353.80627
2012-06-23 12:00:00,366.53012
2012-06-23 13:00:00,436.79868
2012-06-23 14:00:00,497.6762
2012-06-23 15:00:00,491.3597
2012-06-23 16:00:00,526.95105
2012-06-23 17:00:00,541.6872
2012-06-23 18:00:00,534.1575
2012-06-23 19:00:00,510.9932
2012-06-23 20:00:00,485.47314
2012-06-23 21:00:00,442.30835
2012-06-23 22:00:00,399.3564
2012-06-23 23:00:00,330.32635
2012-06-24 00:00:00,276.05908
2012-06-24 01:00:00,266.67276
2012-06-24 02:00:00,307.3798
2012-06-24 03:00:00,210.39496
2012-06-24 04:00:00,251.75783
2012-06-24 05:00:00,118.33061
2012-06-24 06:00:00,150.15907
2012-06-24 07:00:00,118.24949
2012-06-24 08:00:00,210.6707
2012-06-24 09:00:00,276.10843
2012-06-24 10:00:00,345.97205
2012-06-24 11:00:00,379.32794
2012-06-24 12:00:00,472.6943
2012-06-24 13:00:00,493.15842
2012-06-24 14:00:00,494.2427
2012-06-24 15:00:00,489.30093
2012-06-24 16:00:00,494.835
2012-06-24 17:00:00,476.6826
2012-06-24 18:00:00,465.176
2012-06-24 19:00:00,452.94632
2012-06-24 20:00:00,382.41876
2012-06-24 21:00:00,288.92154
2012-06-24 22:00:00,243.25735
2012-06-24 23:00:00,220.12833
2012-06-25 00:00:00,303.5512
2012-06-25 01:00:00,275.65323
2012-06-25 02:00:00,249.09734
2012-06-25 03:00:00,261.48392
2012-06-25 04:00:00,194.93123
2012-06-25 05:00:00,168.4502
2012-06-25 06:00:00,135.81364
2012-06-25 07:00:00,208.3233
2012-06-25 08:00:00,213.80115
2012-06-25 09:00:00,255.4392
2012-06-25 10:00:00,272.7051
2012-06-25 11:00:00,282.9958
2012-06-25 12:00:00,256.3557
2012-06-25 13:00:00,295.95367
2012-06-25 14:00:00,297.33246
2012-06-25 15:00:00,316.79285
2012-06-25 16:00:00,310.43866
2012-06-25 17:00:00,344.90866
2012-06-25 18:00:00,338.87
2012-06-25 19:00:00,338.56207
2012-06-25 20:00:00,329.19385
2012-06-25 21:00:00,351.3134
2012-06-25 22:00:00,343.0437
2012-06-25 23:00:00,338.29385
2012-06-26 00:00:00,337.72433
2012-06-26 01:00:00,314.53995
2012-06-26 02:00:00,319.1525
2012-06-26 03:00:00,307.64957
2012-06-26 04:00:00,308.57272
2012-06-26 05:00:00,288.21686
2012-06-26 06:00:00,265.0135
2012-06-26 07:00:00,263.00613
2012-06-26 08:00:00,289.04446
2012-06-26 09:00:00,297.22855
2012-06-26 10:00:00,301.7419
2012-06-26 11:00:00,311.09918
2012-06-26 12:00:00,315.58414
2012-06-26 13:00:00,327.40796
2012-06-26 14:00:00,327.40796
2012-06-26 15:00:00,332.51178
2012-06-26 16:00:00,337.34573
2012-06-26 17:00:00,338.2648
2012-06-26 18:00:00,342.01706
2012-06-26 19:00:00,359.51675
2012-06-26 20:00:00,348.5041
2012-06-26 21:00:00,346.7287
2012-06-26 22:00:00,341.60898
2012-06-26 23:00:00,288.05658
2012-06-27 00:00:00,316.2901
2012-06-27 01:00:00,290.6688
2012-06-27 02:00:00,252.29472
2012-06-27 03:00:00,244.39346
2012-06-27 04:00:00,323.85748
2012-06-27 05:00:00,308.53027
2012-06-27 06:00:00,307.63
2012-06-27 07:00:00,293.5269
2012-06-27 08:00:00,301.80673
2012-06-27 09:00:00,308.0178
2012-06-27 10:00:00,323.65244
2012-06-27 11:00:00,331.61337
2012-06-27 12:00:00,333.11658
2012-06-27 13:00:00,321.9236
2012-06-27 14:00:00,340.556
2012-06-27 15:00:00,333.4057
2012-06-27 16:00:00,337.1525
2012-06-27 17:00:00,331.7145
2012-06-27 18:00:00,321.9236
2012-06-27 19:00:00,322.04782
2012-06-27 20:00:00,349.1246
2012-06-27 21:00:00,328.5693
2012-06-27 22:00:00,282.71158
2012-06-27 23:00:00,262.24768
2012-06-28 00:00:00,234.37077
2012-06-28 01:00:00,183.6551
2012-06-28 02:00:00,228.14565
2012-06-28 03:00:00,228.14565
2012-06-28 04:00:00,191.34511
2012-06-28 05:00:00,200.16156
2012-06-28 06:00:00,200.16156
2012-06-28 07:00:00,191.34511
2012-06-28 08:00:00,248.06274
2012-06-28 09:00:00,262.46918
2012-06-28 10:00:00,304.85074
2012-06-28 11:00:00,330.50287
2012-06-28 12:00:00,318.96594
2012-06-28 13:00:00,321.75876
2012-06-28 14:00:00,309.77173
2012-06-28 15:00:00,309.77173
2012-06-28 16:00:00,339.54156
2012-06-28 17:00:00,343.02078
2012-06-28 18:00:00,329.5315
2012-06-28 19:00:00,301.0867
2012-06-28 20:00:00,318.84476
2012-06-28 21:00:00,292.13
2012-06-28 22:00:00,278.1048
2012-06-28 23:00:00,270.35123
2012-06-29 00:00:00,270.35123
2012-06-29 01:00:00,277.31342
2012-06-29 02:00:00,278.61566
2012-06-29 03:00:00,278.61566
2012-06-29 04:00:00,235.02858
2012-06-29 05:00:00,211.15263
2012-06-29 06:00:00,268.009
2012-06-29 07:00:00,211.15263
2012-06-29 08:00:00,268.49298
2012-06-29 09:00:00,272.7051
2012-06-29 10:00:00,285.2281
2012-06-29 11:00:00,299.5778
2012-06-29 12:00:00,312.28314
2012-06-29 13:00:00,319.3825
2012-06-29 14:00:00,314.93292
2012-06-29 15:00:00,292.84006
2012-06-29 16:00:00,292.84006
2012-06-29 17:00:00,327.91238
2012-06-29 18:00:00,295.40335
2012-06-29 19:00:00,310.39413
2012-06-29 20:00:00,305.08768
2012-06-29 21:00:00,311.90714
2012-06-29 22:00:00,371.33987
2012-06-29 23:00:00,371.33987
2012-06-30 00:00:00,112.77303
2012-06-30 01:00:00,105.98836
2012-06-30 02:00:00,131.7833
2012-06-30 03:00:00,131.7833
2012-06-30 04:00:00,96.77826
2012-06-30 05:00:00,41.568542
2012-06-30 06:00:00,41.568542
2012-06-30 07:00:00,41.568542
2012-06-30 08:00:00,41.568542
2012-06-30 09:00:00,41.568542
2012-06-30 10:00:00,472.7668
2012-06-30 11:00:00,472.7668
2012-06-30 12:00:00,472.7668
2012-06-30 13:00:00,472.7668
2012-06-30 14:00:00,472.7668
2012-06-30 15:00:00,472.7668
2012-06-30 16:00:00,436.86258
2012-06-30 17:00:00,406.7805
2012-06-30 18:00:00,362.1992
2012-06-30 19:00:00,388.60162
2012-06-30 20:00:00,320.51688
2012-06-30 21:00:00,320.51688
2012-06-30 22:00:00,242.12222
2012-06-30 23:00:00,223.28181
2012-07-20 00:00:00,119.4919
2012-07-20 01:00:00,63.67543
2012-07-20 02:00:00,110.71094
2012-07-20 03:00:00,115.617874
2012-07-20 04:00:00,138.61133
2012-07-20 05:00:00,125.55061
2012-07-20 06:00:00,138.61133
2012-07-20 07:00:00,148.96016
2012-07-20 08:00:00,189.19196
2012-07-20 09:00:00,213.0997
2012-07-20 10:00:00,215.80016
2012-07-20 11:00:00,278.40384
2012-07-20 12:00:00,181.01596
2012-07-20 13:00:00,180.98805
2012-07-20 14:00:00,197.24213
2012-07-20 15:00:00,226.77959
2012-07-20 16:00:00,211.78694
2012-07-20 17:00:00,194.62636
2012-07-20 18:00:00,202.52724
2012-07-20 19:00:00,187.9943
2012-07-20 20:00:00,144.87735
2012-07-20 21:00:00,139.78935
2012-07-20 22:00:00,153.48872
2012-07-20 23:00:00,177.418
2012-07-21 00:00:00,134.35454
2012-07-21 01:00:00,109.017044
2012-07-21 02:00:00,104.35013
2012-07-21 03:00:00,101.08003
2012-07-21 04:00:00,100.84864
2012-07-21 05:00:00,97.987755
2012-07-21 06:00:00,97.987755
2012-07-21 07:00:00,82.429
2012-07-21 08:00:00,104.53743
2012-07-21 09:00:00,102.467255
2012-07-21 10:00:00,97.987755
2012-07-21 11:00:00,105.54521
2012-07-21 12:00:00,118.75866
2012-07-21 13:00:00,123.89419
2012-07-21 14:00:00,82.80888
2012-07-21 15:00:00,101.08003
2012-07-21 16:00:00,100.47119
2012-07-21 17:00:00,103.96194
2012-07-21 18:00:00,81.637024
2012-07-21 19:00:00,85.05538
2012-07-21 20:00:00,103.96194
2012-07-21 21:00:00,85.05538
2012-07-21 22:00:00,97.40729
2012-07-21 23:00:00,126.49595
2012-07-22 00:00:00,97.40729
2012-07-22 01:00:00,85.05538
2012-07-22 02:00:00,97.40729
2012-07-22 03:00:00,97.40729
2012-07-22 04:00:00,52.829468
2012-07-22 05:00:00,52.829468
2012-07-22 06:00:00,134.82686
2012-07-22 07:00:00,169.93799
2012-07-22 08:00:00,191.86313
2012-07-22 09:00:00,241.9131
2012-07-22 10:00:00,225.69705
2012-07-22 11:00:00,225.69705
2012-07-22 12:00:00,218.11412
2012-07-22 13:00:00,240.05345
2012-07-22 14:00:00,168.506
2012-07-22 15:00:00,168.506
2012-07-22 16:00:00,178.49054
2012-07-22 17:00:00,211.6611
2012-07-22 18:00:00,190.91173
2012-07-22 19:00:00,160.08463
2012-07-22 20:00:00,132.15616
2012-07-22 21:00:00,102.76245
2012-07-22 22:00:00,141.06438
2012-07-22 23:00:00,97.54491
2012-07-23 00:00:00,56.044376
2012-07-23 01:00:00,88.33396
2012-07-23 02:00:00,76.47911
2012-07-23 03:00:00,76.47911
2012-07-23 04:00:00,87.91817
2012-07-23 05:00:00,87.91817
2012-07-23 06:00:00,124.21518
2012-07-23 07:00:00,114.404564
2012-07-23 08:00:00,142.69247
2012-07-23 09:00:00,257.54642
2012-07-23 10:00:00,279.30917
2012-07-23 11:00:00,296.39917
2012-07-23 12:00:00,296.39917
2012-07-23 13:00:00,282.06027
2012-07-23 14:00:00,288.5931
2012-07-23 15:00:00,299.71567
2012-07-23 16:00:00,272.67834
2012-07-23 17:00:00,272.67834
2012-07-23 18:00:00,274.13693
2012-07-23 19:00:00,304.9039
2012-07-23 20:00:00,262.72513
2012-07-23 21:00:00,282.73004
2012-07-23 22:00:00,277.15402
2012-07-23 23:00:00,242.1227
2012-07-24 00:00:00,170.62978
2012-07-24 01:00:00,149.42369
2012-07-24 02:00:00,106.04337
2012-07-24 03:00:00,106.04337
2012-07-24 04:00:00,83.671295
2012-07-24 05:00:00,86.87491
2012-07-24 06:00:00,93.9776
2012-07-24 07:00:00,189.54298
2012-07-24 08:00:00,249.44048
2012-07-24 09:00:00,225.80412
2012-07-24 10:00:00,303.29193
2012-07-24 11:00:00,291.12457
2012-07-24 12:00:00,312.34586
2012-07-24 13:00:00,296.33435
2012-07-24 14:00:00,316.86185
2012-07-24 15:00:00,292.6909
2012-07-24 16:00:00,301.72055
2012-07-24 17:00:00,294.34286
2012-07-24 18:00:00,308.75967
2012-07-24 19:00:00,262.72513
2012-07-24 20:00:00,250.74106
2012-07-24 21:00:00,292.5076
2012-07-24 22:00:00,308.24567
2012-07-24 23:00:00,301.97375
2012-07-25 00:00:00,304.65335
2012-07-25 01:00:00,274.19244
2012-07-25 02:00:00,286.70447
2012-07-25 03:00:00,256.43408
2012-07-25 04:00:00,245.3362
2012-07-25 05:00:00,209.92212
2012-07-25 06:00:00,226.41603
2012-07-25 07:00:00,297.7924
2012-07-25 08:00:00,310.597
2012-07-25 09:00:00,311.1687
2012-07-25 10:00:00,259.45956
2012-07-25 11:00:00,278.24863
2012-07-25 12:00:00,278.24863
2012-07-25 13:00:00,345.19498
2012-07-25 14:00:00,336.40347
2012-07-25 15:00:00,319.99918
2012-07-25 16:00:00,346.5508
2012-07-25 17:00:00,281.64865
2012-07-25 18:00:00,349.0051
2012-07-25 19:00:00,332.55542
2012-07-25 20:00:00,318.42853
2012-07-25 21:00:00,278.32755
2012-07-25 22:00:00,235.35477
2012-07-25 23:00:00,300.4169
2012-07-26 00:00:00,236.19702
2012-07-26 01:00:00,256.43408
2012-07-26 02:00:00,250.77153
2012-07-26 03:00:00,234.48459
2012-07-26 04:00:00,187.6798
2012-07-26 05:00:00,187.6798
2012-07-26 06:00:00,194.93123
2012-07-26 07:00:00,251.29897
2012-07-26 08:00:00,265.41623
2012-07-26 09:00:00,258.44315
2012-07-26 10:00:00,271.84015
2012-07-26 11:00:00,313.2814
2012-07-26 12:00:00,313.17142
2012-07-26 13:00:00,300.8513
2012-07-26 14:00:00,307.51907
2012-07-26 15:00:00,293.91937
2012-07-26 16:00:00,274.28827
2012-07-26 17:00:00,273.76752
2012-07-26 18:00:00,278.09818
2012-07-26 19:00:00,286.24185
2012-07-26 20:00:00,305.43304
2012-07-26 21:00:00,313.59854
2012-07-26 22:00:00,313.59854
2012-07-26 23:00:00,202.81197
2012-07-27 00:00:00,135.5204
2012-07-27 01:00:00,183.04042
2012-07-27 02:00:00,145.29411
2012-07-27 03:00:00,189.54298
2012-07-27 04:00:00,95.97022
2012-07-27 05:00:00,79.92663
2012-07-27 06:00:00,95.97022
2012-07-27 07:00:00,238.73405
2012-07-27 08:00:00,211.60545
2012-07-27 09:00:00,295.02698
2012-07-27 10:00:00,234.81593
2012-07-27 11:00:00,288.83755
2012-07-27 12:00:00,286.44327
2012-07-27 13:00:00,294.82404
2012-07-27 14:00:00,292.6948
2012-07-27 15:00:00,303.7543
2012-07-27 16:00:00,307.46347
2012-07-27 17:00:00,287.38205
2012-07-27 18:00:00,294.46982
2012-07-27 19:00:00,300.37494
2012-07-27 20:00:00,236.21248
2012-07-27 21:00:00,236.21248
2012-07-27 22:00:00,252.93973
2012-07-27 23:00:00,165.53638
2012-07-28 00:00:00,198.3573
2012-07-28 01:00:00,149.01974
2012-07-28 02:00:00,150.79216
2012-07-28 03:00:00,150.79216
2012-07-28 04:00:00,120.6317
2012-07-28 05:00:00,97.54491
2012-07-28 06:00:00,133.62119
2012-07-28 07:00:00,153.54523
2012-07-28 08:00:00,190.91173
2012-07-28 09:00:00,243.66878
2012-07-28 10:00:00,342.85965
2012-07-28 11:00:00,402.26828
2012-07-28 12:00:00,388.6837
2012-07-28 13:00:00,423.15405
2012-07-28 14:00:00,415.12607
2012-07-28 15:00:00,466.7158
2012-07-28 16:00:00,400.15793
2012-07-28 17:00:00,348.5193
2012-07-28 18:00:00,413.1479
2012-07-28 19:00:00,77.66494
2012-07-28 20:00:00,78.95169
2012-07-28 21:00:00,80.8403
2012-07-28 22:00:00,80.8403
2012-07-28 23:00:00,64.29341
2012-07-29 00:00:00,43.691517
2012-07-29 01:00:00,64.758354
2012-07-29 02:00:00,101.33453
2012-07-29 03:00:00,151.6896
2012-07-29 04:00:00,132.59589
2012-07-29 05:00:00,85.26281
2012-07-29 06:00:00,104.37085
2012-07-29 07:00:00,166.82784
2012-07-29 08:00:00,190.93642
2012-07-29 09:00:00,239.74168
2012-07-29 10:00:00,203.18654
2012-07-29 11:00:00,288.92154
2012-07-29 12:00:00,350.43762
2012-07-29 13:00:00,348.33237
2012-07-29 14:00:00,345.8302
2012-07-29 15:00:00,341.84192
2012-07-29 16:00:00,341.84192
2012-07-29 17:00:00,364.3936
2012-07-29 18:00:00,433.0508
2012-07-29 19:00:00,262.97537
2012-07-29 20:00:00,178.49054
2012-07-29 21:00:00,153.54523
2012-07-29 22:00:00,133.62119
2012-07-29 23:00:00,136.36853
2012-07-30 00:00:00,140.88268
2012-07-30 01:00:00,111.60478
2012-07-30 02:00:00,101.131546
2012-07-30 03:00:00,74.39531
2012-07-30 04:00:00,74.39531
2012-07-30 05:00:00,86.87491
2012-07-30 06:00:00,106.04337
2012-07-30 07:00:00,119.12456
2012-07-30 08:00:00,245.07005
2012-07-30 09:00:00,259.5482
2012-07-30 10:00:00,305.0592
2012-07-30 11:00:00,282.56247
2012-07-30 12:00:00,272.40787
2012-07-30 13:00:00,290.32468
2012-07-30 14:00:00,306.48575
2012-07-30 15:00:00,299.73337
2012-07-30 16:00:00,295.16495
2012-07-30 17:00:00,298.31998
2012-07-30 18:00:00,297.82956
2012-07-30 19:00:00,287.72122
2012-07-30 20:00:00,261.49677
2012-07-30 21:00:00,238.73405
2012-07-30 22:00:00,256.51434
2012-07-30 23:00:00,206.74792
2012-07-31 00:00:00,130.03572
2012-07-31 01:00:00,93.9776
2012-07-31 02:00:00,93.9776
2012-07-31 03:00:00,83.671295
2012-07-31 04:00:00,83.671295
2012-07-31 05:00:00,106.04337
2012-07-31 06:00:00,70.462944
2012-07-31 07:00:00,151.5226
2012-07-31 08:00:00,145.29411
2012-07-31 09:00:00,183.04042
2012-07-31 10:00:00,149.17622
2012-07-31 11:00:00,174.41367
2012-07-31 12:00:00,221.94524
2012-07-31 13:00:00,303.77805
2012-07-31 14:00:00,303.77805
2012-07-31 15:00:00,241.08037
2012-07-31 16:00:00,307.7028
2012-07-31 17:00:00,310.8547
2012-07-31 18:00:00,304.41208
2012-07-31 19:00:00,286.15887
2012-07-31 20:00:00,275.48642
2012-07-31 21:00:00,168.86192
2012-07-31 22:00:00,239.09709
2012-07-31 23:00:00,178.05203
2012-08-20 00:00:00,127.976524
2012-08-20 01:00:00,95.37457
2012-08-20 02:00:00,95.37457
2012-08-20 03:00:00,53.458427
2012-08-20 04:00:00,124.135506
2012-08-20 05:00:00,128.1757
2012-08-20 06:00:00,156.5533
2012-08-20 07:00:00,169.29672
2012-08-20 08:00:00,183.52599
2012-08-20 09:00:00,195.3612
2012-08-20 10:00:00,203.06987
2012-08-20 11:00:00,180.1932
2012-08-20 12:00:00,232.46156
2012-08-20 13:00:00,235.35477
2012-08-20 14:00:00,265.91946
2012-08-20 15:00:00,301.98853
2012-08-20 16:00:00,301.98853
2012-08-20 17:00:00,299.2585
2012-08-20 18:00:00,189.65431
2012-08-20 19:00:00,176.5525
2012-08-20 20:00:00,177.418
2012-08-20 21:00:00,66.39887
2012-08-20 22:00:00,128.1757
2012-08-20 23:00:00,128.1757
2012-08-21 00:00:00,124.135506
2012-08-21 01:00:00,135.86069
2012-08-21 02:00:00,148.86263
2012-08-21 03:00:00,51.451237
2012-08-21 04:00:00,51.451237
2012-08-21 05:00:00,67.67189
2012-08-21 06:00:00,68.668465
2012-08-21 07:00:00,96.403046
2012-08-21 08:00:00,108.67328
2012-08-21 09:00:00,116.67393
2012-08-21 10:00:00,204.51357
2012-08-21 11:00:00,174.20442
2012-08-21 12:00:00,217.46455
2012-08-21 13:00:00,242.95325
2012-08-21 14:00:00,289.1807
2012-08-21 15:00:00,255.17677
2012-08-21 16:00:00,255.17677
2012-08-21 17:00:00,298.56433
2012-08-21 18:00:00,300.76974
2012-08-21 19:00:00,188.47597
2012-08-21 20:00:00,100.52148
2012-08-21 21:00:00,100.52148
2012-08-21 22:00:00,83.56726
2012-08-21 23:00:00,68.64374
2012-08-22 00:00:00,77.58053
2012-08-22 01:00:00,82.49909
2012-08-22 02:00:00,82.49909
2012-08-22 03:00:00,82.49909
2012-08-22 04:00:00,73.54137
2012-08-22 05:00:00,81.54768
2012-08-22 06:00:00,99.593185
2012-08-22 07:00:00,82.49909
2012-08-22 08:00:00,117.256714
2012-08-22 09:00:00,138.368
2012-08-22 10:00:00,201.82509
2012-08-22 11:00:00,210.4399
2012-08-22 12:00:00,184.93004
2012-08-22 13:00:00,256.70114
2012-08-22 14:00:00,265.79538
2012-08-22 15:00:00,273.9045
2012-08-22 16:00:00,342.11844
2012-08-22 17:00:00,342.11844
2012-08-22 18:00:00,301.71164
2012-08-22 19:00:00,197.96501
2012-08-22 20:00:00,184.93343
2012-08-22 21:00:00,100.52148
2012-08-22 22:00:00,100.52148
2012-08-22 23:00:00,70.83678
2012-08-23 00:00:00,83.56726
2012-08-23 01:00:00,68.64374
2012-08-23 02:00:00,68.64374
2012-08-23 03:00:00,75.523506
2012-08-23 04:00:00,68.64374
2012-08-23 05:00:00,68.64374
2012-08-23 06:00:00,90.03778
2012-08-23 07:00:00,132.28465
2012-08-23 08:00:00,206.24919
2012-08-23 09:00:00,237.3491
2012-08-23 10:00:00,216.75316
2012-08-23 11:00:00,248.52669
2012-08-23 12:00:00,246.1382
2012-08-23 13:00:00,287.38016
2012-08-23 14:00:00,305.32748
2012-08-23 15:00:00,283.93683
2012-08-23 16:00:00,289.72836
2012-08-23 17:00:00,306.8287
2012-08-23 18:00:00,307.84155
2012-08-23 19:00:00,231.94151
2012-08-23 20:00:00,211.15263
2012-08-23 21:00:00,229.9774
2012-08-23 22:00:00,244.56956
2012-08-23 23:00:00,211.89815
2012-08-24 00:00:00,211.89815
2012-08-24 01:00:00,184.9196
2012-08-24 02:00:00,118.05766
2012-08-24 03:00:00,100.52148
2012-08-24 04:00:00,184.9196
2012-08-24 05:00:00,83.56726
2012-08-24 06:00:00,137.85344
2012-08-24 07:00:00,168.55168
2012-08-24 08:00:00,197.96501
2012-08-24 09:00:00,270.34195
2012-08-24 10:00:00,279.37088
2012-08-24 11:00:00,278.27448
2012-08-24 12:00:00,277.87326
2012-08-24 13:00:00,306.75064
2012-08-24 14:00:00,275.23096
2012-08-24 15:00:00,282.29877
2012-08-24 16:00:00,282.29877
2012-08-24 17:00:00,286.82034
2012-08-24 18:00:00,290.24722
2012-08-24 19:00:00,272.652
2012-08-24 20:00:00,284.9737
2012-08-24 21:00:00,268.009
2012-08-24 22:00:00,259.0301
2012-08-24 23:00:00,230.79922
2012-08-25 00:00:00,292.75076
2012-08-25 01:00:00,254.44768
2012-08-25 02:00:00,193.20638
2012-08-25 03:00:00,123.70488
2012-08-25 04:00:00,194.96303
2012-08-25 05:00:00,166.50401
2012-08-25 06:00:00,145.57866
2012-08-25 07:00:00,142.07646
2012-08-25 08:00:00,180.32516
2012-08-25 09:00:00,235.83629
2012-08-25 10:00:00,275.96335
2012-08-25 11:00:00,303.51456
2012-08-25 12:00:00,351.79236
2012-08-25 13:00:00,356.45175
2012-08-25 14:00:00,253.03738
2012-08-25 15:00:00,193.23422
2012-08-25 16:00:00,192.0001
2012-08-25 17:00:00,200.2162
2012-08-25 18:00:00,236.07486
2012-08-25 19:00:00,147.53464
2012-08-25 20:00:00,129.8809
2012-08-25 21:00:00,114.93721
2012-08-25 22:00:00,114.93721
2012-08-25 23:00:00,109.017044
2012-08-26 00:00:00,50.137444
2012-08-26 01:00:00,42.374935
2012-08-26 02:00:00,81.00171
2012-08-26 03:00:00,81.66129
2012-08-26 04:00:00,82.43196
2012-08-26 05:00:00,42.374935
2012-08-26 06:00:00,62.447742
2012-08-26 07:00:00,42.374935
2012-08-26 08:00:00,135.21492
2012-08-26 09:00:00,126.79905
2012-08-26 10:00:00,285.53442
2012-08-26 11:00:00,284.61273
2012-08-26 12:00:00,271.63324
2012-08-26 13:00:00,188.62602
2012-08-26 14:00:00,42.5025
2012-08-26 15:00:00,111.005325
2012-08-26 16:00:00,111.005325
2012-08-26 17:00:00,44.878433
2012-08-26 18:00:00,104.761826
2012-08-26 19:00:00,86.1022
2012-08-26 20:00:00,41.568542
2012-08-26 21:00:00,59.523792
2012-08-26 22:00:00,45.056152
2012-08-26 23:00:00,58.031914
2012-08-27 00:00:00,68.64374
2012-08-27 01:00:00,53.93843
2012-08-27 02:00:00,61.304394
2012-08-27 03:00:00,53.93843
2012-08-27 04:00:00,68.64374
2012-08-27 05:00:00,57.271397
2012-08-27 06:00:00,57.271397
2012-08-27 07:00:00,74.39531
2012-08-27 08:00:00,83.671295
2012-08-27 09:00:00,86.87491
2012-08-27 10:00:00,187.72617
2012-08-27 11:00:00,272.56738
2012-08-27 12:00:00,166.76746
2012-08-27 13:00:00,269.31152
2012-08-27 14:00:00,254.99431
2012-08-27 15:00:00,301.72055
2012-08-27 16:00:00,308.7256
2012-08-27 17:00:00,303.80063
2012-08-27 18:00:00,305.01303
2012-08-27 19:00:00,271.84015
2012-08-27 20:00:00,249.44048
2012-08-27 21:00:00,220.43289
2012-08-27 22:00:00,145.19356
2012-08-27 23:00:00,128.38374
2012-08-28 00:00:00,171.38628
2012-08-28 01:00:00,93.95685
2012-08-28 02:00:00,166.60118
2012-08-28 03:00:00,63.67543
2012-08-28 04:00:00,93.9776
2012-08-28 05:00:00,159.79095
2012-08-28 06:00:00,115.617874
2012-08-28 07:00:00,163.93538
2012-08-28 08:00:00,151.57185
2012-08-28 09:00:00,215.80016
2012-08-28 10:00:00,308.45193
2012-08-28 11:00:00,308.191
2012-08-28 12:00:00,295.16495
2012-08-28 13:00:00,286.9679
2012-08-28 14:00:00,282.2657
2012-08-28 15:00:00,293.38724
2012-08-28 16:00:00,298.35022
2012-08-28 17:00:00,302.61328
2012-08-28 18:00:00,299.20554
2012-08-28 19:00:00,298.41928
2012-08-28 20:00:00,250.08067
2012-08-28 21:00:00,242.2243
2012-08-28 22:00:00,174.20442
2012-08-28 23:00:00,164.76215
2012-08-29 00:00:00,118.05766
2012-08-29 01:00:00,167.30733
2012-08-29 02:00:00,137.58244
2012-08-29 03:00:00,120.77344
2012-08-29 04:00:00,190.10213
2012-08-29 05:00:00,170.92912
2012-08-29 06:00:00,170.92912
2012-08-29 07:00:00,162.93176
2012-08-29 08:00:00,240.48412
2012-08-29 09:00:00,291.23257
2012-08-29 10:00:00,284.4254
2012-08-29 11:00:00,217.46455
2012-08-29 12:00:00,236.52074
2012-08-29 13:00:00,229.84581
2012-08-29 14:00:00,275.40668
2012-08-29 15:00:00,319.8653
2012-08-29 16:00:00,311.8381
2012-08-29 17:00:00,317.81302
2012-08-29 18:00:00,308.82913
2012-08-29 19:00:00,282.09274
2012-08-29 20:00:00,164.76215
2012-08-29 21:00:00,221.88942
2012-08-29 22:00:00,183.6551
2012-08-29 23:00:00,169.6379
2012-08-30 00:00:00,116.67393
2012-08-30 01:00:00,135.96455
2012-08-30 02:00:00,99.593185
2012-08-30 03:00:00,99.593185
2012-08-30 04:00:00,99.593185
2012-08-30 05:00:00,99.593185
2012-08-30 06:00:00,95.37457
2012-08-30 07:00:00,100.52148
2012-08-30 08:00:00,135.962
2012-08-30 09:00:00,159.76045
2012-08-30 10:00:00,173.77705
2012-08-30 11:00:00,275.40668
2012-08-30 12:00:00,283.15408
2012-08-30 13:00:00,256.70114
2012-08-30 14:00:00,273.9045
2012-08-30 15:00:00,297.5181
2012-08-30 16:00:00,302.42123
2012-08-30 17:00:00,308.878
2012-08-30 18:00:00,304.27463
2012-08-30 19:00:00,273.9045
2012-08-30 20:00:00,263.08084
2012-08-30 21:00:00,221.52388
2012-08-30 22:00:00,121.96782
2012-08-30 23:00:00,150.2453
2012-08-31 00:00:00,119.28982
2012-08-31 01:00:00,119.28982
2012-08-31 02:00:00,63.67543
2012-08-31 03:00:00,57.662807
2012-08-31 04:00:00,60.247402
2012-08-31 05:00:00,70.462944
2012-08-31 06:00:00,123.425934
2012-08-31 07:00:00,102.75755
2012-08-31 08:00:00,226.18005
2012-08-31 09:00:00,146.07564
2012-08-31 10:00:00,215.04106
2012-08-31 11:00:00,300.42288
2012-08-31 12:00:00,314.991
2012-08-31 13:00:00,295.14072
2012-08-31 14:00:00,316.1641
2012-08-31 15:00:00,290.60516
2012-08-31 16:00:00,301.57916
2012-08-31 17:00:00,323.40103
2012-08-31 18:00:00,297.30185
2012-08-31 19:00:00,276.34073
2012-08-31 20:00:00,276.34073
2012-08-31 21:00:00,287.74878
2012-08-31 22:00:00,287.74878
2012-08-31 23:00:00,215.51662
2012-09-20 00:00:00,133.49939
2012-09-20 01:00:00,93.23291
2012-09-20 02:00:00,91.61157
2012-09-20 03:00:00,76.3376
2012-09-20 04:00:00,78.43234
2012-09-20 05:00:00,78.43234
2012-09-20 06:00:00,76.3376
2012-09-20 07:00:00,68.69045
2012-09-20 08:00:00,116.34671
2012-09-20 09:00:00,171.63089
2012-09-20 10:00:00,214.70934
2012-09-20 11:00:00,230.19583
2012-09-20 12:00:00,275.08658
2012-09-20 13:00:00,269.2541
2012-09-20 14:00:00,291.53305
2012-09-20 15:00:00,295.59363
2012-09-20 16:00:00,271.71768
2012-09-20 17:00:00,286.96707
2012-09-20 18:00:00,266.3723
2012-09-20 19:00:00,240.39363
2012-09-20 20:00:00,165.191
2012-09-20 21:00:00,194.67387
2012-09-20 22:00:00,104.01267
2012-09-20 23:00:00,125.77861
2012-09-21 00:00:00,112.97607
2012-09-21 01:00:00,93.53775
2012-09-21 02:00:00,93.53775
2012-09-21 03:00:00,79.141
2012-09-21 04:00:00,72.51575
2012-09-21 05:00:00,59.166954
2012-09-21 06:00:00,79.141
2012-09-21 07:00:00,74.6696
2012-09-21 08:00:00,115.43354
2012-09-21 09:00:00,149.78021
2012-09-21 10:00:00,252.88365
2012-09-21 11:00:00,284.78616
2012-09-21 12:00:00,252.87163
2012-09-21 13:00:00,262.46918
2012-09-21 14:00:00,300.34445
2012-09-21 15:00:00,296.57663
2012-09-21 16:00:00,282.09274
2012-09-21 17:00:00,297.20108
2012-09-21 18:00:00,283.19315
2012-09-21 19:00:00,252.89517
2012-09-21 20:00:00,199.36461
2012-09-21 21:00:00,206.53647
2012-09-21 22:00:00,170.92912
2012-09-21 23:00:00,213.15356
2012-09-22 00:00:00,152.85637
2012-09-22 01:00:00,83.43114
2012-09-22 02:00:00,47.013035
2012-09-22 03:00:00,71.831985
2012-09-22 04:00:00,71.831985
2012-09-22 05:00:00,88.674164
2012-09-22 06:00:00,77.643814
2012-09-22 07:00:00,96.94384
2012-09-22 08:00:00,161.13264
2012-09-22 09:00:00,164.26408
2012-09-22 10:00:00,249.63988
2012-09-22 11:00:00,282.3303
2012-09-22 12:00:00,333.44772
2012-09-22 13:00:00,371.99484
2012-09-22 14:00:00,390.61288
2012-09-22 15:00:00,400.76926
2012-09-22 16:00:00,372.13974
2012-09-22 17:00:00,372.13974
2012-09-22 18:00:00,323.9712
2012-09-22 19:00:00,227.34183
2012-09-22 20:00:00,306.2261
2012-09-22 21:00:00,275.56033
2012-09-22 22:00:00,245.0578
2012-09-22 23:00:00,328.27072
2012-09-23 00:00:00,487.66275
2012-09-23 01:00:00,302.74765
2012-09-23 02:00:00,360.6052
2012-09-23 03:00:00,281.8347
2012-09-23 04:00:00,267.6866
2012-09-23 05:00:00,240.48238
2012-09-23 06:00:00,208.98003
2012-09-23 07:00:00,240.33147
2012-09-23 08:00:00,253.87912
2012-09-23 09:00:00,304.3721
2012-09-23 10:00:00,396.72388
2012-09-23 11:00:00,399.08487
2012-09-23 12:00:00,423.51535
2012-09-23 13:00:00,475.0189
2012-09-23 14:00:00,476.98
2012-09-23 15:00:00,496.3107
2012-09-23 16:00:00,469.44943
2012-09-23 17:00:00,446.92426
2012-09-23 18:00:00,445.54013
2012-09-23 19:00:00,411.8108
2012-09-23 20:00:00,411.8108
2012-09-23 21:00:00,344.65933
2012-09-23 22:00:00,388.97943
2012-09-23 23:00:00,292.8934
2012-09-24 00:00:00,231.81789
2012-09-24 01:00:00,223.01595
2012-09-24 02:00:00,265.2445
2012-09-24 03:00:00,234.69687
2012-09-24 04:00:00,213.6316
2012-09-24 05:00:00,251.82185
2012-09-24 06:00:00,272.84088
2012-09-24 07:00:00,223.01595
2012-09-24 08:00:00,269.9767
2012-09-24 09:00:00,278.49127
2012-09-24 10:00:00,277.8682
2012-09-24 11:00:00,322.20126
2012-09-24 12:00:00,318.9703
2012-09-24 13:00:00,345.72763
2012-09-24 14:00:00,382.05606
2012-09-24 15:00:00,374.30032
2012-09-24 16:00:00,346.43573
2012-09-24 17:00:00,361.67987
2012-09-24 18:00:00,325.06058
2012-09-24 19:00:00,309.96802
2012-09-24 20:00:00,289.78635
2012-09-24 21:00:00,278.68246
2012-09-24 22:00:00,256.76483
2012-09-24 23:00:00,239.15033
2012-09-25 00:00:00,222.25758
2012-09-25 01:00:00,194.76637
2012-09-25 02:00:00,176.96722
2012-09-25 03:00:00,189.4681
2012-09-25 04:00:00,189.15028
2012-09-25 05:00:00,167.19032
2012-09-25 06:00:00,198.9742
2012-09-25 07:00:00,193.27205
2012-09-25 08:00:00,230.2405
2012-09-25 09:00:00,264.52496
2012-09-25 10:00:00,265.74545
2012-09-25 11:00:00,311.9794
2012-09-25 12:00:00,330.21207
2012-09-25 13:00:00,353.0685
2012-09-25 14:00:00,336.08267
2012-09-25 15:00:00,340.70026
2012-09-25 16:00:00,347.01303
2012-09-25 17:00:00,352.5589
2012-09-25 18:00:00,368.5897
2012-09-25 19:00:00,341.39926
2012-09-25 20:00:00,307.95016
2012-09-25 21:00:00,307.95016
2012-09-25 22:00:00,315.09006
2012-09-25 23:00:00,298.03577
2012-09-26 00:00:00,274.4404
2012-09-26 01:00:00,270.74387
2012-09-26 02:00:00,282.74783
2012-09-26 03:00:00,282.74783
2012-09-26 04:00:00,269.51105
2012-09-26 05:00:00,276.1149
2012-09-26 06:00:00,260.75943
2012-09-26 07:00:00,247.47621
2012-09-26 08:00:00,245.82005
2012-09-26 09:00:00,349.87442
2012-09-26 10:00:00,297.22263
2012-09-26 11:00:00,352.3205
2012-09-26 12:00:00,379.12497
2012-09-26 13:00:00,385.33157
2012-09-26 14:00:00,393.71298
2012-09-26 15:00:00,389.43625
2012-09-26 16:00:00,401.7886
2012-09-26 17:00:00,389.43625
2012-09-26 18:00:00,412.89334
2012-09-26 19:00:00,390.06674
2012-09-26 20:00:00,353.90067
2012-09-26 21:00:00,360.6992
2012-09-26 22:00:00,334.85562
2012-09-26 23:00:00,264.603
2012-09-27 00:00:00,274.90482
2012-09-27 01:00:00,274.90482
2012-09-27 02:00:00,274.90482
2012-09-27 03:00:00,242.18097
2012-09-27 04:00:00,139.37859
2012-09-27 05:00:00,206.73311
2012-09-27 06:00:00,173.12602
2012-09-27 07:00:00,242.18097
2012-09-27 08:00:00,325.7124
2012-09-27 09:00:00,316.97238
2012-09-27 10:00:00,309.41202
2012-09-27 11:00:00,349.66727
2012-09-27 12:00:00,357.65222
2012-09-27 13:00:00,362.75137
2012-09-27 14:00:00,367.48035
2012-09-27 15:00:00,369.93988
2012-09-27 16:00:00,317.2867
2012-09-27 17:00:00,307.2743
2012-09-27 18:00:00,336.72116
2012-09-27 19:00:00,357.32693
2012-09-27 20:00:00,324.20544
2012-09-27 21:00:00,245.56935
2012-09-27 22:00:00,245.56935
2012-09-27 23:00:00,260.35477
2012-09-28 00:00:00,211.42097
2012-09-28 01:00:00,201.43007
2012-09-28 02:00:00,203.69382
2012-09-28 03:00:00,235.57767
2012-09-28 04:00:00,185.36812
2012-09-28 05:00:00,165.72343
2012-09-28 06:00:00,134.27185
2012-09-28 07:00:00,105.31668
2012-09-28 08:00:00,238.77704
2012-09-28 09:00:00,245.37553
2012-09-28 10:00:00,284.30655
2012-09-28 11:00:00,333.11423
2012-09-28 12:00:00,321.6677
2012-09-28 13:00:00,318.46832
2012-09-28 14:00:00,321.6677
2012-09-28 15:00:00,301.06378
2012-09-28 16:00:00,316.365
2012-09-28 17:00:00,287.6799
2012-09-28 18:00:00,310.5328
2012-09-28 19:00:00,328.55994
2012-09-28 20:00:00,350.5584
2012-09-28 21:00:00,351.82556
2012-09-28 22:00:00,297.16147
2012-09-28 23:00:00,310.04272
2012-09-29 00:00:00,285.81723
2012-09-29 01:00:00,285.81723
2012-09-29 02:00:00,295.93655
2012-09-29 03:00:00,276.09567
2012-09-29 04:00:00,275.4263
2012-09-29 05:00:00,239.41174
2012-09-29 06:00:00,239.68971
2012-09-29 07:00:00,211.07991
2012-09-29 08:00:00,213.49223
2012-09-29 09:00:00,239.41174
2012-09-29 10:00:00,308.7053
2012-09-29 11:00:00,350.88727
2012-09-29 12:00:00,463.65628
2012-09-29 13:00:00,463.65628
2012-09-29 14:00:00,473.23627
2012-09-29 15:00:00,462.6497
2012-09-29 16:00:00,475.68887
2012-09-29 17:00:00,436.7838
2012-09-29 18:00:00,398.22723
2012-09-29 19:00:00,303.5613
2012-09-29 20:00:00,302.86826
2012-09-29 21:00:00,307.3713
2012-09-29 22:00:00,247.84193
2012-09-29 23:00:00,276.09396
2012-09-30 00:00:00,303.25827
2012-09-30 01:00:00,303.25827
2012-09-30 02:00:00,265.09088
2012-09-30 03:00:00,214.61604
2012-09-30 04:00:00,214.61604
2012-09-30 05:00:00,192.07433
2012-09-30 06:00:00,184.562
2012-09-30 07:00:00,163.58498
2012-09-30 08:00:00,219.41704
2012-09-30 09:00:00,257.1681
2012-09-30 10:00:00,413.98648
2012-09-30 11:00:00,463.4562
2012-09-30 12:00:00,463.65628
2012-09-30 13:00:00,475.68887
2012-09-30 14:00:00,475.68887
2012-09-30 15:00:00,502.71072
2012-09-30 16:00:00,499.2845
2012-09-30 17:00:00,487.80942
2012-09-30 18:00:00,234.30293
2012-09-30 19:00:00,261.8611
2012-09-30 20:00:00,261.8611
2012-09-30 21:00:00,239.52164
2012-09-30 22:00:00,205.71957
2012-09-30 23:00:00,198.27585
2012-10-20 00:00:00,149.79887
2012-10-20 01:00:00,186.43816
2012-10-20 02:00:00,162.97514
2012-10-20 03:00:00,154.69681
2012-10-20 04:00:00,192.07433
2012-10-20 05:00:00,126.585686
2012-10-20 06:00:00,187.38786
2012-10-20 07:00:00,126.585686
2012-10-20 08:00:00,206.20918
2012-10-20 09:00:00,267.48495
2012-10-20 10:00:00,331.03644
2012-10-20 11:00:00,337.76035
2012-10-20 12:00:00,403.50525
2012-10-20 13:00:00,422.01266
2012-10-20 14:00:00,452.2094
2012-10-20 15:00:00,438.29108
2012-10-20 16:00:00,415.03128
2012-10-20 17:00:00,446.8448
2012-10-20 18:00:00,431.3215
2012-10-20 19:00:00,377.53528
2012-10-20 20:00:00,422.76462
2012-10-20 21:00:00,324.10873
2012-10-20 22:00:00,289.27444
2012-10-20 23:00:00,267.2476
2012-10-21 00:00:00,259.60583
2012-10-21 01:00:00,214.59319
2012-10-21 02:00:00,185.5482
2012-10-21 03:00:00,172.8295
2012-10-21 04:00:00,128.71857
2012-10-21 05:00:00,172.8295
2012-10-21 06:00:00,222.53398
2012-10-21 07:00:00,222.53398
2012-10-21 08:00:00,208.39955
2012-10-21 09:00:00,269.75476
2012-10-21 10:00:00,339.36905
2012-10-21 11:00:00,363.6416
2012-10-21 12:00:00,408.63123
2012-10-21 13:00:00,454.9219
2012-10-21 14:00:00,461.16647
2012-10-21 15:00:00,432.81833
2012-10-21 16:00:00,446.8448
2012-10-21 17:00:00,433.2762
2012-10-21 18:00:00,429.88907
2012-10-21 19:00:00,401.18057
2012-10-21 20:00:00,367.2372
2012-10-21 21:00:00,242.89137
2012-10-21 22:00:00,294.93677
2012-10-21 23:00:00,313.23557
2012-10-22 00:00:00,230.32819
2012-10-22 01:00:00,181.60365
2012-10-22 02:00:00,170.97052
2012-10-22 03:00:00,230.32819
2012-10-22 04:00:00,197.2627
2012-10-22 05:00:00,155.5676
2012-10-22 06:00:00,145.11475
2012-10-22 07:00:00,193.17241
2012-10-22 08:00:00,219.66393
2012-10-22 09:00:00,241.75864
2012-10-22 10:00:00,293.7929
2012-10-22 11:00:00,331.3911
2012-10-22 12:00:00,348.7745
2012-10-22 13:00:00,393.40485
2012-10-22 14:00:00,381.71494
2012-10-22 15:00:00,401.5892
2012-10-22 16:00:00,387.39328
2012-10-22 17:00:00,381.4733
2012-10-22 18:00:00,296.8801
2012-10-22 19:00:00,289.78635
2012-10-22 20:00:00,280.79016
2012-10-22 21:00:00,235.48439
2012-10-22 22:00:00,176.2361
2012-10-22 23:00:00,168.75414
2012-10-23 00:00:00,155.54907
2012-10-23 01:00:00,195.61862
2012-10-23 02:00:00,143.6869
2012-10-23 03:00:00,183.99036
2012-10-23 04:00:00,171.11272
2012-10-23 05:00:00,175.00053
2012-10-23 06:00:00,141.91995
2012-10-23 07:00:00,205.06029
2012-10-23 08:00:00,235.29034
2012-10-23 09:00:00,249.15921
2012-10-23 10:00:00,296.39505
2012-10-23 11:00:00,318.75208
2012-10-23 12:00:00,322.19232
2012-10-23 13:00:00,326.99408
2012-10-23 14:00:00,411.0298
2012-10-23 15:00:00,395.27686
2012-10-23 16:00:00,381.08487
2012-10-23 17:00:00,363.92673
2012-10-23 18:00:00,351.038
2012-10-23 19:00:00,351.88242
2012-10-23 20:00:00,335.5252
2012-10-23 21:00:00,271.18478
2012-10-23 22:00:00,300.49643
2012-10-23 23:00:00,260.47
2012-10-24 00:00:00,256.8221
2012-10-24 01:00:00,257.7166
2012-10-24 02:00:00,257.7166
2012-10-24 03:00:00,207.65681
2012-10-24 04:00:00,207.65681
2012-10-24 05:00:00,167.12428
2012-10-24 06:00:00,178.9264
2012-10-24 07:00:00,148.90742
2012-10-24 08:00:00,180.06822
2012-10-24 09:00:00,217.29079
2012-10-24 10:00:00,231.77135
2012-10-24 11:00:00,303.90408
2012-10-24 12:00:00,353.06607
2012-10-24 13:00:00,337.44308
2012-10-24 14:00:00,424.9907
2012-10-24 15:00:00,401.85428
2012-10-24 16:00:00,444.99472
2012-10-24 17:00:00,345.09778
2012-10-24 18:00:00,352.6296
2012-10-24 19:00:00,327.11612
2012-10-24 20:00:00,324.12308
2012-10-24 21:00:00,323.2762
2012-10-24 22:00:00,317.95908
2012-10-24 23:00:00,297.49277
2012-10-25 00:00:00,319.64633
2012-10-25 01:00:00,284.50064
2012-10-25 02:00:00,206.60793
2012-10-25 03:00:00,158.0768
2012-10-25 04:00:00,151.0788
2012-10-25 05:00:00,165.63275
2012-10-25 06:00:00,174.59099
2012-10-25 07:00:00,174.59099
2012-10-25 08:00:00,195.39386
2012-10-25 09:00:00,196.99046
2012-10-25 10:00:00,198.47928
2012-10-25 11:00:00,191.60756
2012-10-25 12:00:00,232.79631
2012-10-25 13:00:00,225.0967
2012-10-25 14:00:00,310.94235
2012-10-25 15:00:00,355.6284
2012-10-25 16:00:00,331.01648
2012-10-25 17:00:00,331.01648
2012-10-25 18:00:00,216.64555
2012-10-25 19:00:00,222.74643
2012-10-25 20:00:00,158.0768
2012-10-25 21:00:00,158.0768
2012-10-25 22:00:00,188.38277
2012-10-25 23:00:00,198.47928
2012-10-26 00:00:00,215.8973
2012-10-26 01:00:00,147.96826
2012-10-26 02:00:00,151.0788
2012-10-26 03:00:00,165.63275
2012-10-26 04:00:00,165.63275
2012-10-26 05:00:00,151.0788
2012-10-26 06:00:00,147.96826
2012-10-26 07:00:00,151.0788
2012-10-26 08:00:00,170.35672
2012-10-26 09:00:00,170.35672
2012-10-26 10:00:00,163.0527
2012-10-26 11:00:00,238.66545
2012-10-26 12:00:00,271.04654
2012-10-26 13:00:00,294.8439
2012-10-26 14:00:00,317.95908
2012-10-26 15:00:00,323.2762
2012-10-26 16:00:00,271.56512
2012-10-26 17:00:00,248.3465
2012-10-26 18:00:00,238.61104
2012-10-26 19:00:00,204.99095
2012-10-26 20:00:00,204.99095
2012-10-26 21:00:00,233.82878
2012-10-26 22:00:00,186.98424
2012-10-26 23:00:00,205.03404
2012-10-27 00:00:00,119.80162
2012-10-27 01:00:00,163.45811
2012-10-27 02:00:00,158.36038
2012-10-27 03:00:00,117.32695
2012-10-27 04:00:00,162.22243
2012-10-27 05:00:00,185.92375
2012-10-27 06:00:00,185.92375
2012-10-27 07:00:00,135.05345
2012-10-27 08:00:00,168.64897
2012-10-27 09:00:00,168.64897
2012-10-27 10:00:00,215.82773
2012-10-27 11:00:00,277.86002
2012-10-27 12:00:00,413.46774
2012-10-27 13:00:00,462.6497
2012-10-27 14:00:00,454.86606
2012-10-27 15:00:00,298.9429
2012-10-27 16:00:00,282.56903
2012-10-27 17:00:00,282.56903
2012-10-27 18:00:00,282.56903
2012-10-27 19:00:00,235.3368
2012-10-27 20:00:00,235.3368
2012-10-27 21:00:00,235.3368
2012-10-27 22:00:00,230.07018
2012-10-27 23:00:00,213.00146
2012-10-28 00:00:00,267.50845
2012-10-28 01:00:00,214.81834
2012-10-28 02:00:00,232.11601
2012-10-28 03:00:00,251.02701
2012-10-28 04:00:00,240.2101
2012-10-28 05:00:00,251.91841
2012-10-28 06:00:00,264.23413
2012-10-28 07:00:00,269.97263
2012-10-28 08:00:00,205.88463
2012-10-28 09:00:00,248.97055
2012-10-28 10:00:00,248.09296
2012-10-28 11:00:00,272.5859
2012-10-28 12:00:00,202.40102
2012-10-28 13:00:00,227.94759
2012-10-28 14:00:00,225.97162
2012-10-28 15:00:00,193.60411
2012-10-28 16:00:00,186.37675
2012-10-28 17:00:00,125.12555
2012-10-28 18:00:00,93.538
2012-10-28 19:00:00,130.50632
2012-10-28 20:00:00,100.875046
2012-10-28 21:00:00,128.9061
2012-10-28 22:00:00,148.747
2012-10-28 23:00:00,130.50632
2012-10-29 00:00:00,111.62782
2012-10-30 13:00:00,118.1836
2012-10-30 14:00:00,118.1836
2012-10-30 15:00:00,137.4217
2012-10-30 16:00:00,137.4217
2012-10-30 17:00:00,128.67589
2012-10-30 18:00:00,108.46591
2012-10-30 19:00:00,272.07596
2012-10-30 20:00:00,176.45366
2012-10-30 21:00:00,149.75075
2012-10-30 22:00:00,135.67613
2012-10-30 23:00:00,135.67613
2012-10-31 00:00:00,151.5401
2012-10-31 01:00:00,145.63855
2012-10-31 02:00:00,162.42232
2012-10-31 03:00:00,151.5401
2012-10-31 04:00:00,164.04779
2012-10-31 05:00:00,162.42232
2012-10-31 06:00:00,143.81343
2012-10-31 07:00:00,156.20667
2012-10-31 08:00:00,142.35289
2012-10-31 09:00:00,154.04778
2012-10-31 10:00:00,176.11841
2012-10-31 11:00:00,233.69429
2012-10-31 12:00:00,232.997
2012-10-31 13:00:00,248.60063
2012-10-31 14:00:00,279.11996
2012-10-31 15:00:00,259.0327
2012-10-31 16:00:00,276.9961
2012-10-31 17:00:00,268.10068
2012-10-31 18:00:00,268.10068
2012-10-31 19:00:00,288.45572
2012-10-31 20:00:00,288.45572
2012-10-31 21:00:00,288.45572
2012-10-31 22:00:00,212.74947
2012-10-31 23:00:00,213.2784
2012-11-20 00:00:00,144.85442
2012-11-20 01:00:00,159.37413
2012-11-20 02:00:00,153.39885
2012-11-20 03:00:00,185.3033
2012-11-20 04:00:00,229.5017
2012-11-20 05:00:00,211.98438
2012-11-20 06:00:00,203.63832
2012-11-20 07:00:00,133.44199
2012-11-20 08:00:00,150.19052
2012-11-20 09:00:00,178.98943
2012-11-20 10:00:00,240.00894
2012-11-20 11:00:00,242.90431
2012-11-20 12:00:00,227.31505
2012-11-20 13:00:00,270.16544
2012-11-20 14:00:00,272.37195
2012-11-20 15:00:00,285.0104
2012-11-20 16:00:00,258.21207
2012-11-20 17:00:00,230.73589
2012-11-20 18:00:00,240.00894
2012-11-20 19:00:00,205.6249
2012-11-20 20:00:00,181.15419
2012-11-20 21:00:00,158.49487
2012-11-20 22:00:00,158.49487
2012-11-20 23:00:00,135.15466
2012-11-21 00:00:00,119.42327
2012-11-21 01:00:00,135.15466
2012-11-21 02:00:00,117.02025
2012-11-21 03:00:00,117.02025
2012-11-21 04:00:00,117.02025
2012-11-21 05:00:00,117.02025
2012-11-21 06:00:00,114.206665
2012-11-21 07:00:00,109.2734
2012-11-21 08:00:00,136.50957
2012-11-21 09:00:00,133.44199
2012-11-21 10:00:00,197.22717
2012-11-21 11:00:00,258.85532
2012-11-21 12:00:00,290.49094
2012-11-21 13:00:00,307.15796
2012-11-21 14:00:00,329.5671
2012-11-21 15:00:00,322.71777
2012-11-21 16:00:00,340.7424
2012-11-21 17:00:00,293.3212
2012-11-21 18:00:00,313.98587
2012-11-21 19:00:00,265.02853
2012-11-21 20:00:00,181.82979
2012-11-21 21:00:00,256.04248
2012-11-21 22:00:00,243.55098
2012-11-21 23:00:00,155.21272
2012-11-22 00:00:00,44.20088
2012-11-22 01:00:00,30.232473
2012-11-22 02:00:00,22.506205
2012-11-22 03:00:00,23.776428
2012-11-22 04:00:00,23.67265
2012-11-22 05:00:00,23.776428
2012-11-22 06:00:00,26.347755
2012-11-22 07:00:00,23.558268
2012-11-22 08:00:00,26.455088
2012-11-22 09:00:00,27.863935
2012-11-22 10:00:00,106.41112
2012-11-22 11:00:00,286.75162
2012-11-22 12:00:00,311.62924
2012-11-22 13:00:00,342.68402
2012-11-22 14:00:00,370.22794
2012-11-22 15:00:00,370.22794
2012-11-22 16:00:00,338.14664
2012-11-22 17:00:00,311.62924
2012-11-22 18:00:00,225.30817
2012-11-22 19:00:00,44.357807
2012-11-22 20:00:00,37.100758
2012-11-22 21:00:00,59.085526
2012-11-22 22:00:00,34.775173
2012-11-22 23:00:00,26.840187
2012-11-23 00:00:00,75.63997
2012-11-23 01:00:00,122.38675
2012-11-23 02:00:00,122.63902
2012-11-23 03:00:00,61.452522
2012-11-23 04:00:00,128.53806
2012-11-23 05:00:00,82.21363
2012-11-23 06:00:00,82.21363
2012-11-23 07:00:00,82.21363
2012-11-23 08:00:00,106.000275
2012-11-23 09:00:00,131.48741
2012-11-23 10:00:00,185.37187
2012-11-23 11:00:00,258.85532
2012-11-23 12:00:00,288.15698
2012-11-23 13:00:00,289.7646
2012-11-23 14:00:00,306.96326
2012-11-23 15:00:00,278.0268
2012-11-23 16:00:00,283.72
2012-11-23 17:00:00,288.6852
2012-11-23 18:00:00,293.34055
2012-11-23 19:00:00,279.12753
2012-11-23 20:00:00,304.6208
2012-11-23 21:00:00,251.34529
2012-11-23 22:00:00,314.61838
2012-11-23 23:00:00,281.78665
2012-11-24 00:00:00,272.77628
2012-11-24 01:00:00,169.57661
2012-11-24 02:00:00,167.28911
2012-11-24 03:00:00,147.68211
2012-11-24 04:00:00,121.98888
2012-11-24 05:00:00,129.03159
2012-11-24 06:00:00,103.04562
2012-11-24 07:00:00,112.369446
2012-11-24 08:00:00,110.481804
2012-11-24 09:00:00,118.34717
2012-11-24 10:00:00,103.480385
2012-11-24 11:00:00,134.3455
2012-11-24 12:00:00,179.89381
2012-11-24 13:00:00,215.2185
2012-11-24 14:00:00,211.13457
2012-11-24 15:00:00,179.46184
2012-11-24 16:00:00,150.1167
2012-11-24 17:00:00,125.009544
2012-11-24 18:00:00,133.01585
2012-11-24 19:00:00,144.04533
2012-11-24 20:00:00,103.04562
2012-11-24 21:00:00,88.46672
2012-11-24 22:00:00,110.77895
2012-11-24 23:00:00,88.46672
2012-11-25 00:00:00,85.06972
2012-11-25 01:00:00,78.199135
2012-11-25 02:00:00,89.66234
2012-11-25 03:00:00,105.421295
2012-11-25 04:00:00,105.421295
2012-11-25 05:00:00,55.83196
2012-11-25 06:00:00,49.145138
2012-11-25 07:00:00,48.198727
2012-11-25 08:00:00,62.65649
2012-11-25 09:00:00,78.29922
2012-11-25 10:00:00,95.94483
2012-11-25 11:00:00,106.43765
2012-11-25 12:00:00,106.43765
2012-11-25 13:00:00,81.985016
2012-11-25 14:00:00,155.35368
2012-11-25 15:00:00,185.54668
2012-11-25 16:00:00,195.10117
2012-11-25 17:00:00,150.03073
2012-11-25 18:00:00,111.10408
2012-11-25 19:00:00,165.7719
2012-11-25 20:00:00,76.51123
2012-11-25 21:00:00,133.83011
2012-11-25 22:00:00,76.51123
2012-11-25 23:00:00,37.292225
2012-11-26 00:00:00,45.77541
2012-11-26 01:00:00,42.33459
2012-11-26 02:00:00,42.33459
2012-11-26 03:00:00,42.33459
2012-11-26 04:00:00,45.77541
2012-11-26 05:00:00,156.19025
2012-11-26 06:00:00,45.77541
2012-11-26 07:00:00,55.377975
2012-11-26 08:00:00,55.377975
2012-11-26 09:00:00,158.78906
2012-11-26 10:00:00,226.61397
2012-11-26 11:00:00,264.71323
2012-11-26 12:00:00,322.59396
2012-11-26 13:00:00,322.59396
2012-11-26 14:00:00,334.1852
2012-11-26 15:00:00,324.29477
2012-11-26 16:00:00,354.7333
2012-11-26 17:00:00,342.13675
2012-11-26 18:00:00,251.91072
2012-11-26 19:00:00,222.18864
2012-11-26 20:00:00,243.55098
2012-11-26 21:00:00,243.55098
2012-11-26 22:00:00,155.21272
2012-11-26 23:00:00,170.56071
2012-11-27 00:00:00,161.69852
2012-11-27 01:00:00,177.3639
2012-11-27 02:00:00,191.7654
2012-11-27 03:00:00,149.78618
2012-11-27 04:00:00,124.415115
2012-11-27 05:00:00,180.2774
2012-11-27 06:00:00,169.43411
2012-11-27 07:00:00,114.93673
2012-11-27 08:00:00,122.86503
2012-11-27 09:00:00,169.08669
2012-11-27 10:00:00,120.17355
2012-11-27 11:00:00,137.90596
2012-11-27 12:00:00,118.28975
2012-11-27 13:00:00,139.74077
2012-11-27 14:00:00,128.48158
2012-11-27 15:00:00,167.46935
2012-11-27 16:00:00,167.46935
2012-11-27 17:00:00,136.4969
2012-11-27 18:00:00,129.94939
2012-11-27 19:00:00,148.20029
2012-11-27 20:00:00,142.19667
2012-11-27 21:00:00,147.90898
2012-11-27 22:00:00,134.23666
2012-11-27 23:00:00,175.81879
2012-11-28 00:00:00,182.21764
2012-11-28 01:00:00,190.94743
2012-11-28 02:00:00,190.94743
2012-11-28 03:00:00,195.33418
2012-11-28 04:00:00,187.63847
2012-11-28 05:00:00,158.5678
2012-11-28 06:00:00,188.64345
2012-11-28 07:00:00,167.67474
2012-11-28 08:00:00,160.29245
2012-11-28 09:00:00,194.34496
2012-11-28 10:00:00,229.57964
2012-11-28 11:00:00,260.27087
2012-11-28 12:00:00,215.91579
2012-11-28 13:00:00,253.87291
2012-11-28 14:00:00,231.46394
2012-11-28 15:00:00,254.98024
2012-11-28 16:00:00,270.16718
2012-11-28 17:00:00,296.69403
2012-11-28 18:00:00,226.42097
2012-11-28 19:00:00,267.8769
2012-11-28 20:00:00,280.0486
2012-11-28 21:00:00,257.7961
2012-11-28 22:00:00,230.6934
2012-11-28 23:00:00,199.51126
2012-11-29 00:00:00,106.62907
2012-11-29 01:00:00,87.225204
2012-11-29 02:00:00,50.031948
2012-11-29 04:00:00,120.42156
2012-11-29 05:00:00,42.33459
2012-11-29 06:00:00,45.77541
2012-11-29 07:00:00,44.21986
2012-11-29 08:00:00,117.21011
2012-11-29 09:00:00,65.38492
2012-11-29 10:00:00,104.40347
2012-11-29 11:00:00,256.713
2012-11-29 12:00:00,279.3622
2012-11-29 13:00:00,313.48962
2012-11-29 14:00:00,241.41898
2012-11-29 15:00:00,223.8931
2012-11-29 16:00:00,248.93027
2012-11-29 17:00:00,256.36508
2012-11-29 18:00:00,241.01598
2012-11-29 19:00:00,206.52104
2012-11-29 20:00:00,215.42598
2012-11-29 21:00:00,138.49947
2012-11-29 22:00:00,107.677765
2012-11-29 23:00:00,96.20296
2012-11-30 00:00:00,154.2853
2012-11-30 01:00:00,109.71153
2012-11-30 02:00:00,60.01405
2012-11-30 03:00:00,60.01405
2012-11-30 04:00:00,54.566525
2012-11-30 05:00:00,65.69327
2012-11-30 06:00:00,79.67518
2012-11-30 07:00:00,70.52844
2012-11-30 08:00:00,117.8736
2012-11-30 09:00:00,123.370285
2012-11-30 10:00:00,105.02321
2012-11-30 11:00:00,219.18918
2012-11-30 12:00:00,243.34184
2012-11-30 13:00:00,274.02786
2012-11-30 14:00:00,268.49805
2012-11-30 15:00:00,281.05557
2012-11-30 16:00:00,289.54593
2012-11-30 17:00:00,241.16386
2012-11-30 18:00:00,165.41927
2012-11-30 19:00:00,129.27554
2012-11-30 20:00:00,129.27554
2012-11-30 21:00:00,127.854485
2012-11-30 22:00:00,91.484604
2012-11-30 23:00:00,142.65977
2012-12-20 00:00:00,172.50427
2012-12-20 01:00:00,129.27554
2012-12-20 02:00:00,129.27554
2012-12-20 03:00:00,144.64996
2012-12-20 04:00:00,144.64996
2012-12-20 05:00:00,152.8478
2012-12-20 06:00:00,105.02321
2012-12-20 07:00:00,105.96847
2012-12-20 08:00:00,105.96847
2012-12-20 09:00:00,105.96847
2012-12-20 10:00:00,124.20105
2012-12-20 11:00:00,237.29344
2012-12-20 12:00:00,265.1628
2012-12-20 13:00:00,259.57455
2012-12-20 14:00:00,264.7639
2012-12-20 15:00:00,250.1967
2012-12-20 16:00:00,201.74965
2012-12-20 17:00:00,229.5017
2012-12-20 18:00:00,208.94832
2012-12-20 19:00:00,148.87741
2012-12-20 20:00:00,137.13977
2012-12-20 21:00:00,137.13977
2012-12-20 22:00:00,125.14848
2012-12-20 23:00:00,132.35036
2012-12-21 00:00:00,100.99657
2012-12-21 01:00:00,78.03426
2012-12-21 02:00:00,87.53446
2012-12-21 03:00:00,87.53446
2012-12-21 04:00:00,83.95496
2012-12-21 05:00:00,72.700264
2012-12-21 06:00:00,109.24567
2012-12-21 07:00:00,125.01347
2012-12-21 08:00:00,104.79059
2012-12-21 09:00:00,113.10667
2012-12-21 10:00:00,119.03729
2012-12-21 11:00:00,105.83789
2012-12-21 12:00:00,102.29913
2012-12-21 13:00:00,105.52992
2012-12-21 14:00:00,106.42024
2012-12-21 15:00:00,97.35454
2012-12-21 16:00:00,94.53385
2012-12-21 17:00:00,92.82969
2012-12-21 18:00:00,91.39949
2012-12-21 19:00:00,90.86282
2012-12-21 20:00:00,100.4159
2012-12-21 21:00:00,92.57064
2012-12-21 22:00:00,84.48091
2012-12-21 23:00:00,84.57636
2012-12-22 00:00:00,63.89664
2012-12-22 01:00:00,65.14052
2012-12-22 02:00:00,65.63649
2012-12-22 03:00:00,63.14943
2012-12-22 04:00:00,72.68057
2012-12-22 05:00:00,65.560005
2012-12-22 06:00:00,67.39435
2012-12-22 07:00:00,67.39435
2012-12-22 08:00:00,63.97611
2012-12-22 09:00:00,67.75787
2012-12-22 10:00:00,73.45049
2012-12-22 11:00:00,86.18622
2012-12-22 12:00:00,73.78192
2012-12-22 13:00:00,98.51602
2012-12-22 14:00:00,97.407394
2012-12-22 15:00:00,84.99407
2012-12-22 16:00:00,89.07598
2012-12-22 17:00:00,95.74042
2012-12-22 18:00:00,65.04198
2012-12-22 19:00:00,63.484043
2012-12-22 20:00:00,60.439896
2012-12-22 21:00:00,63.70159
2012-12-22 22:00:00,63.70159
2012-12-22 23:00:00,55.5764
2012-12-23 00:00:00,68.58304
2012-12-23 01:00:00,57.858013
2012-12-23 02:00:00,46.41312
2012-12-23 03:00:00,44.093945
2012-12-23 04:00:00,44.178585
2012-12-23 05:00:00,31.42999
2012-12-23 06:00:00,35.533623
2012-12-23 07:00:00,35.533623
2012-12-23 08:00:00,33.104137
2012-12-23 09:00:00,40.686146
2012-12-23 10:00:00,44.146236
2012-12-23 11:00:00,60.464592
2012-12-23 12:00:00,96.65509
2012-12-23 13:00:00,116.0526
2012-12-23 14:00:00,120.90979
2012-12-23 15:00:00,124.164215
2012-12-23 16:00:00,130.24716
2012-12-23 17:00:00,106.03973
2012-12-23 18:00:00,91.890526
2012-12-23 19:00:00,70.59274
2012-12-23 20:00:00,46.06155
2012-12-23 21:00:00,45.675457
2012-12-23 22:00:00,49.258625
2012-12-23 23:00:00,39.431644
2012-12-24 00:00:00,72.975334
2012-12-24 01:00:00,72.975334
2012-12-24 02:00:00,70.52235
2012-12-24 03:00:00,70.52235
2012-12-24 05:00:00,67.15708
2012-12-24 06:00:00,70.52235
2012-12-24 07:00:00,69.619095
2012-12-24 08:00:00,72.975334
2012-12-24 09:00:00,105.791855
2012-12-24 10:00:00,100.848366
2012-12-24 11:00:00,113.10802
2012-12-24 12:00:00,109.03069
2012-12-24 13:00:00,89.70944
2012-12-24 14:00:00,80.49715
2012-12-24 15:00:00,65.175
2012-12-24 16:00:00,65.175
2012-12-24 17:00:00,60.671146
2012-12-24 18:00:00,69.66803
2012-12-24 19:00:00,73.22952
2012-12-24 20:00:00,65.122314
2012-12-24 21:00:00,72.56795
2012-12-24 22:00:00,87.20614
2012-12-24 23:00:00,88.20039
2012-12-25 00:00:00,51.60525
2012-12-25 01:00:00,68.22633
2012-12-25 02:00:00,68.22633
2012-12-25 04:00:00,70.77555
2012-12-25 05:00:00,57.669064
2012-12-25 06:00:00,57.669064
2012-12-25 07:00:00,55.10361
2012-12-25 08:00:00,66.216415
2012-12-25 09:00:00,67.39602
2012-12-25 10:00:00,74.219894
2012-12-25 11:00:00,80.23117
2012-12-25 12:00:00,85.74843
2012-12-25 13:00:00,147.92848
2012-12-25 14:00:00,135.47939
2012-12-25 15:00:00,141.16374
2012-12-25 16:00:00,123.33064
2012-12-25 17:00:00,119.197334
2012-12-25 18:00:00,128.57504
2012-12-25 19:00:00,122.33443
2012-12-25 20:00:00,135.1355
2012-12-25 21:00:00,102.032074
2012-12-25 22:00:00,102.30824
2012-12-25 23:00:00,114.66089
2012-12-26 00:00:00,107.92404
2012-12-26 01:00:00,88.10151
2012-12-26 02:00:00,88.10151
2012-12-26 03:00:00,67.77204
2012-12-26 04:00:00,76.712746
2012-12-26 05:00:00,79.61318
2012-12-26 06:00:00,103.32776
2012-12-26 07:00:00,35.189537
2012-12-26 08:00:00,35.189537
2012-12-26 09:00:00,35.189537
2012-12-26 10:00:00,47.47035
2012-12-26 11:00:00,28.930548
2012-12-26 12:00:00,36.455807
2012-12-26 13:00:00,36.455807
2012-12-26 14:00:00,47.452557
2012-12-26 15:00:00,34.813026
2012-12-26 16:00:00,34.813026
2012-12-26 17:00:00,33.479282
2012-12-26 18:00:00,54.55583
2012-12-26 19:00:00,83.661865
2012-12-26 20:00:00,72.18013
2012-12-26 21:00:00,80.85452
2012-12-26 22:00:00,29.294134
2012-12-26 23:00:00,53.57523
2012-12-27 00:00:00,53.57523
2012-12-27 01:00:00,29.294134
2012-12-27 02:00:00,53.720676
2012-12-27 03:00:00,76.2189
2012-12-27 04:00:00,60.423786
2012-12-27 05:00:00,84.9789
2012-12-27 06:00:00,81.859055
2012-12-27 07:00:00,94.44867
2012-12-27 08:00:00,91.05232
2012-12-27 09:00:00,103.44398
2012-12-27 10:00:00,117.73074
2012-12-27 11:00:00,87.1544
2012-12-27 12:00:00,114.88115
2012-12-27 13:00:00,114.88115
2012-12-27 14:00:00,83.56227
2012-12-27 15:00:00,82.94319
2012-12-27 16:00:00,88.00968
2012-12-27 17:00:00,88.00968
2012-12-27 18:00:00,98.59108
2012-12-27 19:00:00,76.75234
2012-12-27 20:00:00,85.52676
2012-12-27 21:00:00,98.59108
2012-12-27 22:00:00,92.31205
2012-12-27 23:00:00,98.59108
2012-12-28 00:00:00,108.354904
2012-12-28 01:00:00,87.99407
2012-12-28 02:00:00,77.016846
2012-12-28 03:00:00,108.354904
2012-12-28 04:00:00,104.27601
2012-12-28 05:00:00,104.35326
2012-12-28 06:00:00,75.64188
2012-12-28 07:00:00,83.63445
2012-12-28 08:00:00,106.117004
2012-12-28 09:00:00,92.31205
2012-12-28 10:00:00,97.78059
2012-12-28 11:00:00,107.76267
2012-12-28 12:00:00,118.55977
2012-12-28 13:00:00,118.55977
2012-12-28 14:00:00,118.55977
2012-12-28 15:00:00,70.44266
2012-12-28 16:00:00,100.53024
2012-12-28 17:00:00,84.00748
2012-12-28 18:00:00,84.00748
2012-12-28 19:00:00,114.900475
2012-12-28 20:00:00,105.791855
2012-12-28 21:00:00,106.741806
2012-12-28 22:00:00,104.65099
2012-12-28 23:00:00,104.070755
2012-12-29 00:00:00,46.43876
2012-12-29 01:00:00,71.990555
2012-12-29 02:00:00,46.43876
2012-12-29 03:00:00,61.037838
2012-12-29 04:00:00,71.990555
2012-12-29 05:00:00,71.990555
2012-12-29 06:00:00,78.85248
2012-12-29 07:00:00,80.67789
2012-12-29 08:00:00,74.91452
2012-12-29 09:00:00,74.91452
2012-12-29 10:00:00,80.77605
2012-12-29 11:00:00,54.899876
2012-12-29 12:00:00,58.782486
2012-12-29 13:00:00,58.782486
2012-12-29 14:00:00,54.846004
2012-12-29 15:00:00,66.18486
2012-12-29 16:00:00,50.39008
2012-12-29 17:00:00,44.39123
2012-12-29 18:00:00,56.48382
2012-12-29 19:00:00,103.00651
2012-12-29 20:00:00,71.71543
2012-12-29 21:00:00,72.10042
2012-12-29 22:00:00,64.462074
2012-12-29 23:00:00,33.05243
2012-12-30 00:00:00,86.34697
2012-12-30 01:00:00,77.04123
2012-12-30 02:00:00,95.01444
2012-12-30 03:00:00,77.04123
2012-12-30 04:00:00,92.57758
2012-12-30 05:00:00,97.19701
2012-12-30 06:00:00,74.78589
2012-12-30 07:00:00,60.61848
2012-12-30 08:00:00,57.251606
2012-12-30 09:00:00,61.252052
2012-12-30 10:00:00,65.38101
2012-12-30 11:00:00,71.16905
2012-12-30 12:00:00,72.48793
2012-12-30 13:00:00,73.78192
2012-12-30 14:00:00,89.952866
2012-12-30 15:00:00,89.24378
2012-12-30 16:00:00,82.78874
2012-12-30 17:00:00,78.61279
2012-12-30 18:00:00,89.71569
2012-12-30 19:00:00,65.68965
2012-12-30 20:00:00,58.17384
2012-12-30 21:00:00,46.41312
2012-12-30 22:00:00,46.169113
2012-12-30 23:00:00,51.40231
2012-12-31 00:00:00,80.20884
2012-12-31 01:00:00,80.20884
2012-12-31 02:00:00,75.4281
2012-12-31 03:00:00,72.7215
2012-12-31 04:00:00,65.90946
2012-12-31 05:00:00,74.57672
2012-12-31 06:00:00,72.06158
2012-12-31 07:00:00,70.53242
2012-12-31 08:00:00,67.548615
2012-12-31 09:00:00,91.70152
2012-12-31 10:00:00,97.86452
2012-12-31 11:00:00,107.137436
2012-12-31 12:00:00,111.12787
2012-12-31 13:00:00,113.78693
2012-12-31 14:00:00,105.71274
2012-12-31 15:00:00,108.63219
2012-12-31 16:00:00,113.69412
2012-12-31 17:00:00,95.871895
2012-12-31 18:00:00,109.171646
2012-12-31 19:00:00,113.10802
2012-12-31 20:00:00,113.10802
2012-12-31 21:00:00,87.39369
2012-12-31 22:00:00,86.450485
2012-12-31 23:00:00,84.59241
