datetime,count
2011-01-20 00:00:00,137.81853
2011-01-20 01:00:00,52.27791
2011-01-20 02:00:00,52.27791
2011-01-20 03:00:00,57.85672
2011-01-20 04:00:00,57.85672
2011-01-20 05:00:00,87.92079
2011-01-20 06:00:00,94.85319
2011-01-20 07:00:00,77.32739
2011-01-20 08:00:00,91.91998
2011-01-20 09:00:00,100.00744
2011-01-20 10:00:00,165.23376
2011-01-20 11:00:00,121.77146
2011-01-20 12:00:00,28.624218
2011-01-20 13:00:00,127.4091
2011-01-20 14:00:00,125.48081
2011-01-20 15:00:00,104.19856
2011-01-20 16:00:00,145.39352
2011-01-20 17:00:00,153.63095
2011-01-20 18:00:00,151.08864
2011-01-20 19:00:00,174.33606
2011-01-20 20:00:00,82.324425
2011-01-20 21:00:00,73.738556
2011-01-20 22:00:00,54.083035
2011-01-20 23:00:00,36.326412
2011-01-21 00:00:00,83.7867
2011-01-21 01:00:00,83.7867
2011-01-21 02:00:00,45.742645
2011-01-21 03:00:00,43.28192
2011-01-21 04:00:00,63.87957
2011-01-21 05:00:00,150.70267
2011-01-21 06:00:00,79.35703
2011-01-21 07:00:00,41.235615
2011-01-21 08:00:00,110.38681
2011-01-21 09:00:00,118.34126
2011-01-21 10:00:00,87.81431
2011-01-21 11:00:00,87.8214
2011-01-21 12:00:00,72.22034
2011-01-21 13:00:00,197.36044
2011-01-21 14:00:00,61.54544
2011-01-21 15:00:00,42.727833
2011-01-21 16:00:00,51.73846
2011-01-21 17:00:00,44.22129
2011-01-21 18:00:00,105.27963
2011-01-21 19:00:00,39.57623
2011-01-21 20:00:00,67.82622
2011-01-21 21:00:00,45.657204
2011-01-21 22:00:00,56.431053
2011-01-21 23:00:00,10.380768
2011-01-22 00:00:00,1.5048537
2011-01-22 01:00:00,-1.3110127
2011-01-22 02:00:00,15.837374
2011-01-22 03:00:00,7.1785636
2011-01-22 04:00:00,5.936418
2011-01-22 06:00:00,39.145275
2011-01-22 07:00:00,2.6108165
2011-01-22 08:00:00,6.7308545
2011-01-22 09:00:00,5.3352733
2011-01-22 10:00:00,49.851097
2011-01-22 11:00:00,43.68358
2011-01-22 12:00:00,35.15542
2011-01-22 13:00:00,106.03994
2011-01-22 14:00:00,32.5695
2011-01-22 15:00:00,48.29434
2011-01-22 16:00:00,30.431622
2011-01-22 17:00:00,64.53781
2011-01-22 18:00:00,37.507515
2011-01-22 19:00:00,38.577694
2011-01-22 20:00:00,36.817684
2011-01-22 21:00:00,32.1987
2011-01-22 22:00:00,15.503572
2011-01-22 23:00:00,16.85953
2011-01-23 00:00:00,16.85953
2011-01-23 01:00:00,16.85953
2011-01-23 02:00:00,11.020609
2011-01-23 03:00:00,11.020609
2011-01-23 05:00:00,21.75607
2011-01-23 06:00:00,21.75607
2011-01-23 07:00:00,30.30227
2011-01-23 08:00:00,20.956888
2011-01-23 09:00:00,17.60384
2011-01-23 10:00:00,48.80419
2011-01-23 11:00:00,51.82007
2011-01-23 12:00:00,82.90182
2011-01-23 13:00:00,43.057648
2011-01-23 14:00:00,59.052433
2011-01-23 15:00:00,59.052433
2011-01-23 16:00:00,59.572258
2011-01-23 17:00:00,40.571213
2011-01-23 18:00:00,53.86684
2011-01-23 19:00:00,57.321217
2011-01-23 20:00:00,44.68766
2011-01-23 21:00:00,43.79772
2011-01-23 22:00:00,43.101532
2011-01-23 23:00:00,20.441963
2011-01-24 00:00:00,68.16396
2011-01-24 01:00:00,73.355255
2011-01-24 03:00:00,40.235596
2011-01-24 04:00:00,101.00559
2011-01-24 05:00:00,101.00559
2011-01-24 06:00:00,134.05391
2011-01-24 07:00:00,35.797985
2011-01-24 08:00:00,38.4369
2011-01-24 09:00:00,86.16014
2011-01-24 10:00:00,86.94714
2011-01-24 11:00:00,98.45724
2011-01-24 12:00:00,41.612602
2011-01-24 13:00:00,40.248127
2011-01-24 14:00:00,41.33947
2011-01-24 15:00:00,91.108444
2011-01-24 16:00:00,26.790136
2011-01-24 17:00:00,37.75771
2011-01-24 18:00:00,87.57017
2011-01-24 19:00:00,90.88761
2011-01-24 20:00:00,87.57017
2011-01-24 21:00:00,97.91269
2011-01-24 22:00:00,39.869415
2011-01-24 23:00:00,43.24393
2011-01-25 00:00:00,44.676647
2011-01-25 01:00:00,42.90198
2011-01-25 02:00:00,63.424046
2011-01-25 04:00:00,82.46634
2011-01-25 05:00:00,63.64636
2011-01-25 06:00:00,88.44337
2011-01-25 07:00:00,61.884266
2011-01-25 08:00:00,42.794376
2011-01-25 09:00:00,84.67744
2011-01-25 10:00:00,201.72083
2011-01-25 11:00:00,196.35574
2011-01-25 12:00:00,134.48781
2011-01-25 13:00:00,161.75034
2011-01-25 14:00:00,18.553385
2011-01-25 15:00:00,30.28435
2011-01-25 16:00:00,30.28435
2011-01-25 17:00:00,101.05657
2011-01-25 18:00:00,131.92755
2011-01-25 19:00:00,195.59886
2011-01-25 20:00:00,134.16917
2011-01-25 21:00:00,134.16917
2011-01-25 22:00:00,123.69257
2011-01-25 23:00:00,95.58122
2011-01-26 00:00:00,103.69138
2011-01-26 01:00:00,180.48196
2011-01-26 02:00:00,45.905148
2011-01-26 05:00:00,35.16402
2011-01-26 06:00:00,35.16402
2011-01-26 07:00:00,42.10055
2011-01-26 08:00:00,42.10055
2011-01-26 09:00:00,42.10055
2011-01-26 10:00:00,38.796886
2011-01-26 11:00:00,37.771053
2011-01-26 12:00:00,37.771053
2011-01-26 13:00:00,37.771053
2011-01-26 14:00:00,39.000427
2011-01-26 15:00:00,38.68164
2011-01-26 16:00:00,40.235558
2011-01-26 17:00:00,35.99736
2011-01-27 16:00:00,71.68295
2011-01-27 17:00:00,50.31441
2011-01-27 18:00:00,99.84297
2011-01-27 19:00:00,99.84297
2011-01-27 20:00:00,70.26887
2011-01-27 21:00:00,70.26887
2011-01-27 22:00:00,70.26887
2011-01-27 23:00:00,80.58625
2011-01-28 00:00:00,86.39352
2011-01-28 01:00:00,86.39352
2011-01-28 02:00:00,63.55657
2011-01-28 03:00:00,81.16121
2011-01-28 05:00:00,67.23492
2011-01-28 06:00:00,46.836754
2011-01-28 07:00:00,43.815826
2011-01-28 08:00:00,43.815826
2011-01-28 09:00:00,64.25046
2011-01-28 10:00:00,40.17127
2011-01-28 11:00:00,35.814236
2011-01-28 12:00:00,35.814236
2011-01-28 13:00:00,35.814236
2011-01-28 14:00:00,45.613586
2011-01-28 15:00:00,97.12647
2011-01-28 16:00:00,67.38554
2011-01-28 17:00:00,122.906555
2011-01-28 18:00:00,91.766525
2011-01-28 19:00:00,102.43015
2011-01-28 20:00:00,100.10706
2011-01-28 21:00:00,89.05279
2011-01-28 22:00:00,94.678055
2011-01-28 23:00:00,87.92079
2011-01-29 00:00:00,34.98894
2011-01-29 01:00:00,21.149084
2011-01-29 02:00:00,24.14578
2011-01-29 03:00:00,35.57779
2011-01-29 04:00:00,18.956709
2011-01-29 06:00:00,20.24924
2011-01-29 07:00:00,25.056032
2011-01-29 08:00:00,34.78556
2011-01-29 09:00:00,22.695692
2011-01-29 10:00:00,36.934956
2011-01-29 11:00:00,31.834574
2011-01-29 12:00:00,51.044426
2011-01-29 13:00:00,70.93432
2011-01-29 14:00:00,58.368763
2011-01-29 15:00:00,20.616621
2011-01-29 16:00:00,25.375153
2011-01-29 17:00:00,49.07508
2011-01-29 18:00:00,54.353226
2011-01-29 19:00:00,55.337776
2011-01-29 20:00:00,26.543905
2011-01-29 21:00:00,26.543905
2011-01-29 22:00:00,16.684855
2011-01-29 23:00:00,16.684855
2011-01-30 00:00:00,13.350618
2011-01-30 01:00:00,26.007317
2011-01-30 02:00:00,29.92019
2011-01-30 03:00:00,18.824322
2011-01-30 04:00:00,18.824322
2011-01-30 05:00:00,22.703918
2011-01-30 07:00:00,22.703918
2011-01-30 08:00:00,24.332327
2011-01-30 09:00:00,33.21967
2011-01-30 10:00:00,41.317257
2011-01-30 11:00:00,43.37189
2011-01-30 12:00:00,90.18458
2011-01-30 13:00:00,41.4701
2011-01-30 14:00:00,73.052925
2011-01-30 15:00:00,133.34073
2011-01-30 16:00:00,133.34073
2011-01-30 17:00:00,62.46505
2011-01-30 18:00:00,34.892796
2011-01-30 19:00:00,22.105778
2011-01-30 20:00:00,55.89909
2011-01-30 21:00:00,45.911682
2011-01-30 22:00:00,49.10266
2011-01-30 23:00:00,89.02398
2011-01-31 00:00:00,89.19405
2011-01-31 01:00:00,100.78321
2011-01-31 02:00:00,146.93645
2011-01-31 03:00:00,146.93645
2011-01-31 04:00:00,94.72283
2011-01-31 05:00:00,61.314316
2011-01-31 06:00:00,94.983536
2011-01-31 07:00:00,45.124096
2011-01-31 08:00:00,40.791817
2011-01-31 09:00:00,37.97456
2011-01-31 10:00:00,37.56555
2011-01-31 11:00:00,37.56555
2011-01-31 12:00:00,116.53109
2011-01-31 13:00:00,134.5779
2011-01-31 14:00:00,75.88741
2011-01-31 15:00:00,42.440575
2011-01-31 16:00:00,35.534164
2011-01-31 17:00:00,37.56555
2011-01-31 18:00:00,35.77295
2011-01-31 19:00:00,64.769295
2011-01-31 20:00:00,44.420517
2011-01-31 21:00:00,49.078064
2011-01-31 22:00:00,52.034058
2011-01-31 23:00:00,88.50196
2011-02-20 00:00:00,169.84268
2011-02-20 01:00:00,203.08144
2011-02-20 02:00:00,194.67783
2011-02-20 03:00:00,183.50932
2011-02-20 04:00:00,183.50932
2011-02-20 06:00:00,49.877174
2011-02-20 07:00:00,48.94896
2011-02-20 08:00:00,86.52722
2011-02-20 09:00:00,40.70872
2011-02-20 10:00:00,40.498196
2011-02-20 11:00:00,43.27548
2011-02-20 12:00:00,84.017975
2011-02-20 13:00:00,226.08932
2011-02-20 14:00:00,130.44308
2011-02-20 15:00:00,146.54805
2011-02-20 16:00:00,126.41169
2011-02-20 17:00:00,107.78082
2011-02-20 18:00:00,132.44774
2011-02-20 19:00:00,132.44774
2011-02-20 20:00:00,118.300514
2011-02-20 21:00:00,31.113474
2011-02-20 22:00:00,198.95786
2011-02-20 23:00:00,110.4533
2011-02-21 00:00:00,49.28569
2011-02-21 01:00:00,49.28569
2011-02-21 02:00:00,49.28569
2011-02-21 03:00:00,116.46287
2011-02-21 04:00:00,96.40399
2011-02-21 05:00:00,26.772146
2011-02-21 06:00:00,123.5543
2011-02-21 07:00:00,149.18619
2011-02-21 08:00:00,42.589012
2011-02-21 09:00:00,57.047943
2011-02-21 10:00:00,68.72266
2011-02-21 11:00:00,114.32194
2011-02-21 12:00:00,68.01057
2011-02-21 13:00:00,64.36776
2011-02-21 14:00:00,62.120903
2011-02-21 15:00:00,138.67017
2011-02-21 16:00:00,68.07098
2011-02-21 17:00:00,146.20168
2011-02-21 18:00:00,98.38453
2011-02-21 19:00:00,98.38453
2011-02-21 20:00:00,80.303764
2011-02-21 21:00:00,68.85587
2011-02-21 22:00:00,64.2994
2011-02-21 23:00:00,64.2994
2011-02-22 06:00:00,39.549923
2011-02-22 07:00:00,39.549923
2011-02-22 08:00:00,37.24517
2011-02-22 09:00:00,37.185276
2011-02-22 10:00:00,137.30215
2011-02-22 11:00:00,99.1296
2011-02-22 12:00:00,69.54203
2011-02-22 13:00:00,69.385704
2011-02-22 14:00:00,71.68295
2011-02-22 15:00:00,66.51718
2011-02-22 16:00:00,66.45364
2011-02-22 17:00:00,75.45652
2011-02-22 18:00:00,65.410355
2011-02-22 19:00:00,116.582245
2011-02-22 20:00:00,76.66389
2011-02-22 21:00:00,75.73735
2011-02-22 22:00:00,30.734083
2011-02-22 23:00:00,30.734083
2011-02-23 00:00:00,82.75506
2011-02-23 01:00:00,107.6072
2011-02-23 02:00:00,133.56786
2011-02-23 03:00:00,81.26673
2011-02-23 05:00:00,145.18854
2011-02-23 06:00:00,145.18854
2011-02-23 07:00:00,112.276054
2011-02-23 08:00:00,90.88761
2011-02-23 09:00:00,50.799522
2011-02-23 10:00:00,63.564682
2011-02-23 11:00:00,164.64618
2011-02-23 12:00:00,191.54361
2011-02-23 13:00:00,195.7563
2011-02-23 14:00:00,210.57639
2011-02-23 15:00:00,275.6858
2011-02-23 16:00:00,225.52457
2011-02-23 17:00:00,275.6858
2011-02-23 18:00:00,228.09818
2011-02-23 19:00:00,164.18468
2011-02-23 20:00:00,66.41416
2011-02-23 21:00:00,89.912315
2011-02-23 22:00:00,89.912315
2011-02-23 23:00:00,45.51351
2011-02-24 00:00:00,45.51351
2011-02-24 01:00:00,53.904015
2011-02-24 02:00:00,76.68082
2011-02-24 03:00:00,143.17514
2011-02-24 05:00:00,169.02155
2011-02-24 06:00:00,94.774284
2011-02-24 07:00:00,88.90014
2011-02-24 08:00:00,98.768654
2011-02-24 09:00:00,47.758427
2011-02-24 10:00:00,90.2749
2011-02-24 11:00:00,130.8204
2011-02-24 12:00:00,154.16005
2011-02-24 13:00:00,120.14211
2011-02-24 14:00:00,159.41089
2011-02-24 15:00:00,301.26062
2011-02-24 16:00:00,127.63175
2011-02-24 17:00:00,180.48077
2011-02-24 18:00:00,92.57648
2011-02-24 19:00:00,71.8559
2011-02-24 20:00:00,76.36986
2011-02-24 21:00:00,92.57648
2011-02-24 22:00:00,104.53097
2011-02-24 23:00:00,86.04618
2011-02-25 00:00:00,154.8183
2011-02-25 01:00:00,103.72495
2011-02-25 02:00:00,103.72495
2011-02-25 03:00:00,114.19677
2011-02-25 05:00:00,114.19677
2011-02-25 06:00:00,74.00689
2011-02-25 07:00:00,70.45678
2011-02-25 08:00:00,79.56219
2011-02-25 09:00:00,66.39408
2011-02-25 10:00:00,109.21288
2011-02-25 11:00:00,157.02225
2011-02-25 12:00:00,247.65492
2011-02-25 13:00:00,247.65492
2011-02-25 14:00:00,172.1632
2011-02-25 15:00:00,244.26736
2011-02-25 16:00:00,115.81884
2011-02-25 17:00:00,168.00488
2011-02-25 18:00:00,117.815
2011-02-25 19:00:00,107.98296
2011-02-25 20:00:00,142.02676
2011-02-25 21:00:00,123.07286
2011-02-25 22:00:00,101.239555
2011-02-25 23:00:00,166.38107
2011-02-26 00:00:00,41.53189
2011-02-26 01:00:00,39.25814
2011-02-26 02:00:00,41.87738
2011-02-26 03:00:00,33.136417
2011-02-26 04:00:00,54.276142
2011-02-26 05:00:00,44.33301
2011-02-26 06:00:00,44.03852
2011-02-26 07:00:00,31.972126
2011-02-26 08:00:00,45.80828
2011-02-26 09:00:00,91.762276
2011-02-26 10:00:00,72.54887
2011-02-26 11:00:00,107.05851
2011-02-26 12:00:00,43.518917
2011-02-26 13:00:00,55.718483
2011-02-26 14:00:00,33.75372
2011-02-26 15:00:00,108.46519
2011-02-26 16:00:00,106.90182
2011-02-26 17:00:00,84.73949
2011-02-26 18:00:00,139.69894
2011-02-26 19:00:00,114.37899
2011-02-26 20:00:00,76.482704
2011-02-26 21:00:00,22.520618
2011-02-26 22:00:00,29.172884
2011-02-26 23:00:00,5.343002
2011-02-27 00:00:00,-3.1034722
2011-02-27 01:00:00,37.666843
2011-02-27 02:00:00,45.865585
2011-02-27 03:00:00,30.249044
2011-02-27 04:00:00,40.976894
2011-02-27 06:00:00,59.56215
2011-02-27 07:00:00,40.976894
2011-02-27 08:00:00,63.776352
2011-02-27 09:00:00,29.278803
2011-02-27 10:00:00,39.74778
2011-02-27 11:00:00,79.708984
2011-02-27 12:00:00,313.2534
2011-02-27 13:00:00,272.96277
2011-02-27 14:00:00,265.30878
2011-02-27 15:00:00,218.91602
2011-02-27 16:00:00,238.31845
2011-02-27 17:00:00,112.22793
2011-02-27 18:00:00,113.15988
2011-02-27 19:00:00,118.99471
2011-02-27 20:00:00,313.2534
2011-02-27 21:00:00,183.23303
2011-02-27 22:00:00,219.67532
2011-02-27 23:00:00,101.80959
2011-02-28 00:00:00,98.11504
2011-02-28 01:00:00,81.99044
2011-02-28 03:00:00,88.35676
2011-02-28 05:00:00,84.21764
2011-02-28 06:00:00,137.31012
2011-02-28 07:00:00,162.91475
2011-02-28 08:00:00,80.253426
2011-02-28 09:00:00,107.20857
2011-02-28 10:00:00,152.49579
2011-02-28 11:00:00,168.57254
2011-02-28 12:00:00,168.57259
2011-02-28 13:00:00,90.43197
2011-02-28 14:00:00,100.2001
2011-02-28 15:00:00,100.2001
2011-02-28 16:00:00,183.30466
2011-02-28 17:00:00,97.34886
2011-02-28 18:00:00,88.44157
2011-02-28 19:00:00,83.993996
2011-02-28 20:00:00,83.993996
2011-02-28 21:00:00,99.98714
2011-02-28 22:00:00,59.651268
2011-02-28 23:00:00,89.15594
2011-03-20 00:00:00,92.668976
2011-03-20 01:00:00,93.51872
2011-03-20 02:00:00,101.14436
2011-03-20 03:00:00,53.333294
2011-03-20 04:00:00,44.757694
2011-03-20 05:00:00,26.146719
2011-03-20 06:00:00,30.987547
2011-03-20 07:00:00,25.497194
2011-03-20 08:00:00,44.889317
2011-03-20 09:00:00,184.9531
2011-03-20 10:00:00,35.596367
2011-03-20 11:00:00,102.73448
2011-03-20 12:00:00,117.873436
2011-03-20 13:00:00,214.06375
2011-03-20 14:00:00,252.3966
2011-03-20 15:00:00,149.7755
2011-03-20 16:00:00,241.9122
2011-03-20 17:00:00,207.52167
2011-03-20 18:00:00,146.8126
2011-03-20 19:00:00,106.31515
2011-03-20 20:00:00,106.90182
2011-03-20 21:00:00,110.85667
2011-03-20 22:00:00,46.494095
2011-03-20 23:00:00,104.65551
2011-03-21 00:00:00,52.06746
2011-03-21 01:00:00,58.637882
2011-03-21 02:00:00,78.73627
2011-03-21 03:00:00,78.73627
2011-03-21 05:00:00,61.210964
2011-03-21 06:00:00,41.38437
2011-03-21 07:00:00,35.916874
2011-03-21 08:00:00,52.21256
2011-03-21 09:00:00,44.04346
2011-03-21 10:00:00,92.08427
2011-03-21 11:00:00,101.979225
2011-03-21 12:00:00,84.49906
2011-03-21 13:00:00,139.86383
2011-03-21 14:00:00,148.66008
2011-03-21 15:00:00,170.76297
2011-03-21 16:00:00,152.74275
2011-03-21 17:00:00,148.14857
2011-03-21 18:00:00,120.08698
2011-03-21 19:00:00,251.65634
2011-03-21 20:00:00,217.85355
2011-03-21 21:00:00,50.97825
2011-03-21 22:00:00,72.032196
2011-03-21 23:00:00,48.284378
2011-03-22 00:00:00,65.89735
2011-03-22 01:00:00,53.834873
2011-03-22 02:00:00,28.95635
2011-03-22 03:00:00,90.15041
2011-03-22 04:00:00,82.17359
2011-03-22 05:00:00,62.27259
2011-03-22 06:00:00,81.36756
2011-03-22 07:00:00,83.16985
2011-03-22 08:00:00,138.04411
2011-03-22 09:00:00,106.076416
2011-03-22 10:00:00,191.96591
2011-03-22 11:00:00,167.03516
2011-03-22 12:00:00,185.80988
2011-03-22 13:00:00,200.4385
2011-03-22 14:00:00,238.62369
2011-03-22 15:00:00,208.0706
2011-03-22 16:00:00,206.96149
2011-03-22 17:00:00,206.96149
2011-03-22 18:00:00,236.10178
2011-03-22 19:00:00,163.09535
2011-03-22 20:00:00,146.79593
2011-03-22 21:00:00,199.09073
2011-03-22 22:00:00,149.96674
2011-03-22 23:00:00,149.96674
2011-03-23 00:00:00,62.56121
2011-03-23 01:00:00,40.635212
2011-03-23 02:00:00,40.635212
2011-03-23 03:00:00,95.32035
2011-03-23 05:00:00,35.196552
2011-03-23 06:00:00,43.507713
2011-03-23 07:00:00,40.23684
2011-03-23 08:00:00,63.43052
2011-03-23 09:00:00,45.7495
2011-03-23 10:00:00,57.418064
2011-03-23 11:00:00,68.104454
2011-03-23 12:00:00,55.289948
2011-03-23 13:00:00,53.103554
2011-03-23 14:00:00,41.146545
2011-03-23 15:00:00,135.86444
2011-03-23 16:00:00,90.39358
2011-03-23 17:00:00,90.39358
2011-03-23 18:00:00,68.814545
2011-03-23 19:00:00,68.814545
2011-03-23 20:00:00,259.9053
2011-03-23 21:00:00,32.15609
2011-03-23 22:00:00,59.04051
2011-03-23 23:00:00,70.75978
2011-03-24 00:00:00,40.23684
2011-03-24 01:00:00,35.762688
2011-03-24 02:00:00,34.363804
2011-03-24 03:00:00,34.887196
2011-03-24 04:00:00,34.887196
2011-03-24 05:00:00,33.900295
2011-03-24 06:00:00,33.900295
2011-03-24 07:00:00,15.02191
2011-03-24 08:00:00,4.0124326
2011-03-24 09:00:00,32.347683
2011-03-24 10:00:00,28.477713
2011-03-24 11:00:00,42.54866
2011-03-24 12:00:00,46.833733
2011-03-24 13:00:00,126.26245
2011-03-24 14:00:00,142.61784
2011-03-24 15:00:00,76.37665
2011-03-24 16:00:00,116.32807
2011-03-24 17:00:00,100.18823
2011-03-24 18:00:00,83.94921
2011-03-24 19:00:00,146.62054
2011-03-24 20:00:00,136.66383
2011-03-24 21:00:00,123.0017
2011-03-24 22:00:00,66.83689
2011-03-24 23:00:00,174.19798
2011-03-25 00:00:00,119.03611
2011-03-25 01:00:00,150.38028
2011-03-25 02:00:00,99.73674
2011-03-25 03:00:00,106.27639
2011-03-25 04:00:00,88.65809
2011-03-25 05:00:00,93.75563
2011-03-25 06:00:00,84.36616
2011-03-25 07:00:00,101.16566
2011-03-25 08:00:00,206.27084
2011-03-25 09:00:00,219.71255
2011-03-25 10:00:00,69.54702
2011-03-25 11:00:00,224.1412
2011-03-25 12:00:00,216.3734
2011-03-25 13:00:00,163.05193
2011-03-25 14:00:00,382.53467
2011-03-25 15:00:00,195.55237
2011-03-25 16:00:00,264.9132
2011-03-25 17:00:00,220.9904
2011-03-25 18:00:00,258.0623
2011-03-25 19:00:00,276.4789
2011-03-25 20:00:00,248.62741
2011-03-25 21:00:00,227.15555
2011-03-25 22:00:00,235.6771
2011-03-25 23:00:00,288.08835
2011-03-26 00:00:00,68.40098
2011-03-26 01:00:00,104.53573
2011-03-26 02:00:00,95.708855
2011-03-26 03:00:00,83.24575
2011-03-26 04:00:00,95.70887
2011-03-26 05:00:00,55.411522
2011-03-26 06:00:00,51.421326
2011-03-26 07:00:00,55.41153
2011-03-26 08:00:00,175.15005
2011-03-26 09:00:00,150.63689
2011-03-26 10:00:00,204.09918
2011-03-26 11:00:00,71.65415
2011-03-26 12:00:00,41.994125
2011-03-26 13:00:00,138.55704
2011-03-26 14:00:00,225.03629
2011-03-26 15:00:00,211.60515
2011-03-26 16:00:00,207.31573
2011-03-26 17:00:00,188.59097
2011-03-26 18:00:00,-0.19545269
2011-03-26 19:00:00,217.04422
2011-03-26 20:00:00,217.04422
2011-03-26 21:00:00,82.88755
2011-03-26 22:00:00,66.7918
2011-03-26 23:00:00,87.98739
2011-03-27 00:00:00,63.145332
2011-03-27 01:00:00,66.67741
2011-03-27 02:00:00,48.72824
2011-03-27 03:00:00,62.181892
2011-03-27 04:00:00,51.884315
2011-03-27 06:00:00,23.599588
2011-03-27 07:00:00,20.674883
2011-03-27 08:00:00,23.385069
2011-03-27 09:00:00,93.26699
2011-03-27 10:00:00,54.79638
2011-03-27 11:00:00,129.83571
2011-03-27 12:00:00,191.815
2011-03-27 13:00:00,181.61967
2011-03-27 14:00:00,90.87276
2011-03-27 15:00:00,221.53293
2011-03-27 16:00:00,290.97894
2011-03-27 17:00:00,292.51114
2011-03-27 18:00:00,52.393036
2011-03-27 19:00:00,177.95372
2011-03-27 20:00:00,34.33648
2011-03-27 21:00:00,204.09918
2011-03-27 22:00:00,204.09918
2011-03-27 23:00:00,209.71011
2011-03-28 00:00:00,85.616585
2011-03-28 01:00:00,177.93211
2011-03-28 02:00:00,154.52716
2011-03-28 03:00:00,154.52716
2011-03-28 05:00:00,147.00398
2011-03-28 06:00:00,122.942154
2011-03-28 07:00:00,92.79737
2011-03-28 08:00:00,309.26965
2011-03-28 09:00:00,245.57684
2011-03-28 10:00:00,209.38583
2011-03-28 11:00:00,263.53925
2011-03-28 12:00:00,129.79372
2011-03-28 13:00:00,-9.213232
2011-03-28 14:00:00,187.08752
2011-03-28 15:00:00,371.8895
2011-03-28 16:00:00,211.94308
2011-03-28 17:00:00,392.1723
2011-03-28 18:00:00,343.32312
2011-03-28 19:00:00,51.488037
2011-03-28 20:00:00,5.728293
2011-03-28 21:00:00,9.099314
2011-03-28 22:00:00,172.0483
2011-03-28 23:00:00,344.16467
2011-03-29 00:00:00,231.54276
2011-03-29 01:00:00,232.98245
2011-03-29 02:00:00,232.98245
2011-03-29 03:00:00,232.98245
2011-03-29 04:00:00,115.1195
2011-03-29 05:00:00,332.36664
2011-03-29 06:00:00,144.71686
2011-03-29 07:00:00,60.25756
2011-03-29 08:00:00,92.7158
2011-03-29 09:00:00,121.359856
2011-03-29 10:00:00,347.52213
2011-03-29 11:00:00,62.32701
2011-03-29 12:00:00,169.75217
2011-03-29 13:00:00,406.28125
2011-03-29 14:00:00,303.803
2011-03-29 15:00:00,263.30206
2011-03-29 16:00:00,118.356995
2011-03-29 17:00:00,87.70789
2011-03-29 18:00:00,15.680687
2011-03-29 19:00:00,202.43001
2011-03-29 20:00:00,15.680687
2011-03-29 21:00:00,69.16401
2011-03-29 22:00:00,80.17613
2011-03-29 23:00:00,98.94922
2011-03-30 00:00:00,89.5263
2011-03-30 01:00:00,84.29873
2011-03-30 02:00:00,89.5263
2011-03-30 03:00:00,79.18255
2011-03-30 04:00:00,89.5263
2011-03-30 05:00:00,102.26238
2011-03-30 06:00:00,53.8851
2011-03-30 07:00:00,78.047264
2011-03-30 08:00:00,106.802795
2011-03-30 09:00:00,234.44955
2011-03-30 10:00:00,203.62793
2011-03-30 11:00:00,282.1852
2011-03-30 12:00:00,179.87375
2011-03-30 13:00:00,142.70355
2011-03-30 14:00:00,260.04166
2011-03-30 15:00:00,32.8334
2011-03-30 16:00:00,30.728445
2011-03-30 17:00:00,30.688776
2011-03-30 18:00:00,32.347683
2011-03-30 19:00:00,32.347683
2011-03-30 20:00:00,25.741762
2011-03-30 21:00:00,24.376139
2011-03-30 22:00:00,21.952028
2011-03-30 23:00:00,25.036
2011-03-31 00:00:00,21.952028
2011-03-31 01:00:00,22.345287
2011-03-31 02:00:00,22.345287
2011-03-31 03:00:00,21.952028
2011-03-31 04:00:00,23.363544
2011-03-31 05:00:00,21.952028
2011-03-31 06:00:00,25.741762
2011-03-31 07:00:00,23.363544
2011-03-31 08:00:00,18.124672
2011-03-31 09:00:00,23.820425
2011-03-31 10:00:00,23.820425
2011-03-31 11:00:00,27.839249
2011-03-31 12:00:00,27.839249
2011-03-31 13:00:00,50.01837
2011-03-31 14:00:00,50.01837
2011-03-31 15:00:00,33.49313
2011-03-31 16:00:00,38.371468
2011-03-31 17:00:00,38.371468
2011-03-31 18:00:00,68.229126
2011-03-31 19:00:00,68.229126
2011-03-31 20:00:00,26.769648
2011-03-31 21:00:00,38.63324
2011-03-31 22:00:00,28.319345
2011-03-31 23:00:00,26.198402
2011-04-20 00:00:00,49.954273
2011-04-20 01:00:00,50.247414
2011-04-20 02:00:00,50.247414
2011-04-20 03:00:00,36.097332
2011-04-20 04:00:00,45.325554
2011-04-20 05:00:00,69.58761
2011-04-20 06:00:00,50.247414
2011-04-20 07:00:00,39.72784
2011-04-20 08:00:00,202.1965
2011-04-20 09:00:00,351.26263
2011-04-20 10:00:00,201.47842
2011-04-20 11:00:00,201.47842
2011-04-20 12:00:00,333.35364
2011-04-20 13:00:00,333.35364
2011-04-20 14:00:00,383.91498
2011-04-20 15:00:00,191.47812
2011-04-20 16:00:00,191.47812
2011-04-20 17:00:00,272.24332
2011-04-20 18:00:00,396.97974
2011-04-20 19:00:00,483.94318
2011-04-20 20:00:00,500.58127
2011-04-20 21:00:00,415.83826
2011-04-20 22:00:00,305.9532
2011-04-20 23:00:00,287.0493
2011-04-21 00:00:00,303.8164
2011-04-21 01:00:00,209.99506
2011-04-21 02:00:00,322.79474
2011-04-21 03:00:00,125.12426
2011-04-21 04:00:00,115.34905
2011-04-21 05:00:00,137.40744
2011-04-21 06:00:00,146.8095
2011-04-21 07:00:00,130.53905
2011-04-21 08:00:00,135.39262
2011-04-21 09:00:00,193.7634
2011-04-21 10:00:00,245.76257
2011-04-21 11:00:00,152.70586
2011-04-21 12:00:00,196.44595
2011-04-21 13:00:00,359.14642
2011-04-21 14:00:00,366.67697
2011-04-21 15:00:00,363.52808
2011-04-21 16:00:00,396.1732
2011-04-21 17:00:00,318.90488
2011-04-21 18:00:00,321.80255
2011-04-21 19:00:00,361.1687
2011-04-21 20:00:00,214.95148
2011-04-21 21:00:00,162.40897
2011-04-21 22:00:00,200.04156
2011-04-21 23:00:00,206.62154
2011-04-22 00:00:00,88.818
2011-04-22 01:00:00,77.405235
2011-04-22 02:00:00,137.26932
2011-04-22 03:00:00,137.26932
2011-04-22 04:00:00,100.58004
2011-04-22 05:00:00,87.14791
2011-04-22 06:00:00,100.57997
2011-04-22 07:00:00,257.8821
2011-04-22 08:00:00,214.9815
2011-04-22 09:00:00,60.833492
2011-04-22 10:00:00,81.361496
2011-04-22 11:00:00,84.65536
2011-04-22 12:00:00,87.964386
2011-04-22 13:00:00,44.87685
2011-04-22 14:00:00,37.60231
2011-04-22 15:00:00,44.87685
2011-04-22 16:00:00,53.103546
2011-04-22 17:00:00,34.92262
2011-04-22 18:00:00,34.92262
2011-04-22 19:00:00,34.92262
2011-04-22 20:00:00,35.924725
2011-04-22 21:00:00,35.584442
2011-04-22 22:00:00,29.999754
2011-04-22 23:00:00,27.503689
2011-04-23 00:00:00,29.564966
2011-04-23 01:00:00,29.564966
2011-04-23 02:00:00,28.682558
2011-04-23 03:00:00,30.862654
2011-04-23 04:00:00,36.36105
2011-04-23 05:00:00,36.36105
2011-04-23 06:00:00,48.996372
2011-04-23 07:00:00,28.274054
2011-04-23 08:00:00,17.903173
2011-04-23 09:00:00,28.340376
2011-04-23 10:00:00,38.662754
2011-04-23 11:00:00,59.15944
2011-04-23 12:00:00,110.124954
2011-04-23 13:00:00,93.80766
2011-04-23 14:00:00,139.32797
2011-04-23 15:00:00,167.06845
2011-04-23 16:00:00,200.23346
2011-04-23 17:00:00,213.48192
2011-04-23 18:00:00,92.76708
2011-04-23 19:00:00,104.479324
2011-04-23 20:00:00,172.00877
2011-04-23 21:00:00,220.15186
2011-04-23 22:00:00,256.4985
2011-04-23 23:00:00,106.62468
2011-04-24 00:00:00,80.61141
2011-04-24 01:00:00,58.049507
2011-04-24 02:00:00,58.049507
2011-04-24 03:00:00,52.692078
2011-04-24 04:00:00,52.692078
2011-04-24 05:00:00,52.692078
2011-04-24 06:00:00,55.599915
2011-04-24 07:00:00,55.599915
2011-04-24 08:00:00,66.99868
2011-04-24 09:00:00,91.18652
2011-04-24 10:00:00,119.64295
2011-04-24 11:00:00,253.62914
2011-04-24 12:00:00,426.2942
2011-04-24 13:00:00,404.9303
2011-04-24 14:00:00,408.46588
2011-04-24 15:00:00,406.1402
2011-04-24 16:00:00,484.17007
2011-04-24 17:00:00,455.4126
2011-04-24 18:00:00,197.84357
2011-04-24 19:00:00,245.54585
2011-04-24 20:00:00,245.54585
2011-04-24 21:00:00,102.74059
2011-04-24 22:00:00,134.3459
2011-04-24 23:00:00,239.2944
2011-04-25 00:00:00,177.39047
2011-04-25 01:00:00,48.018738
2011-04-25 02:00:00,48.018738
2011-04-25 03:00:00,66.56722
2011-04-25 04:00:00,143.77502
2011-04-25 05:00:00,65.79048
2011-04-25 06:00:00,98.74229
2011-04-25 07:00:00,76.248405
2011-04-25 08:00:00,69.83482
2011-04-25 09:00:00,97.69712
2011-04-25 10:00:00,224.67583
2011-04-25 11:00:00,224.67583
2011-04-25 12:00:00,220.97589
2011-04-25 13:00:00,339.16138
2011-04-25 14:00:00,371.71503
2011-04-25 15:00:00,389.87262
2011-04-25 16:00:00,326.26242
2011-04-25 17:00:00,365.65518
2011-04-25 18:00:00,312.07092
2011-04-25 19:00:00,307.10522
2011-04-25 20:00:00,351.26263
2011-04-25 21:00:00,238.98201
2011-04-25 22:00:00,127.26354
2011-04-25 23:00:00,181.24693
2011-04-26 00:00:00,231.16928
2011-04-26 01:00:00,157.05666
2011-04-26 02:00:00,178.7744
2011-04-26 03:00:00,217.01346
2011-04-26 04:00:00,242.12865
2011-04-26 05:00:00,204.50638
2011-04-26 06:00:00,163.38531
2011-04-26 07:00:00,226.70633
2011-04-26 08:00:00,226.70636
2011-04-26 09:00:00,136.14107
2011-04-26 10:00:00,225.24207
2011-04-26 11:00:00,261.96472
2011-04-26 12:00:00,324.5202
2011-04-26 13:00:00,377.44653
2011-04-26 14:00:00,381.45483
2011-04-26 15:00:00,312.81512
2011-04-26 16:00:00,320.79727
2011-04-26 17:00:00,294.3114
2011-04-26 18:00:00,280.2586
2011-04-26 19:00:00,129.02255
2011-04-26 20:00:00,136.14107
2011-04-26 21:00:00,166.8646
2011-04-26 22:00:00,193.56668
2011-04-26 23:00:00,178.43951
2011-04-27 00:00:00,203.2025
2011-04-27 01:00:00,241.0417
2011-04-27 02:00:00,217.17543
2011-04-27 03:00:00,184.83855
2011-04-27 04:00:00,123.901245
2011-04-27 05:00:00,223.09534
2011-04-27 06:00:00,168.0943
2011-04-27 07:00:00,184.83855
2011-04-27 08:00:00,148.01706
2011-04-27 09:00:00,184.98123
2011-04-27 10:00:00,181.43486
2011-04-27 11:00:00,176.5651
2011-04-27 12:00:00,134.2476
2011-04-27 13:00:00,160.51549
2011-04-27 14:00:00,272.07397
2011-04-27 15:00:00,317.11334
2011-04-27 16:00:00,254.38928
2011-04-27 17:00:00,88.65477
2011-04-27 18:00:00,88.65477
2011-04-27 19:00:00,166.8646
2011-04-27 20:00:00,196.15369
2011-04-27 21:00:00,257.6034
2011-04-27 22:00:00,175.12811
2011-04-27 23:00:00,159.33911
2011-04-28 00:00:00,126.401726
2011-04-28 01:00:00,101.47091
2011-04-28 02:00:00,117.60296
2011-04-28 03:00:00,120.695656
2011-04-28 04:00:00,86.340866
2011-04-28 05:00:00,101.47091
2011-04-28 06:00:00,90.37061
2011-04-28 07:00:00,83.26823
2011-04-28 08:00:00,92.93095
2011-04-28 09:00:00,71.829834
2011-04-28 10:00:00,202.02145
2011-04-28 11:00:00,181.43486
2011-04-28 12:00:00,160.62872
2011-04-28 13:00:00,173.83562
2011-04-28 14:00:00,219.18027
2011-04-28 15:00:00,275.05258
2011-04-28 16:00:00,186.52924
2011-04-28 17:00:00,311.58475
2011-04-28 18:00:00,311.58475
2011-04-28 19:00:00,265.99506
2011-04-28 20:00:00,242.42259
2011-04-28 21:00:00,259.92047
2011-04-28 22:00:00,207.77133
2011-04-28 23:00:00,186.56543
2011-04-29 00:00:00,225.83601
2011-04-29 01:00:00,251.18393
2011-04-29 02:00:00,158.90038
2011-04-29 03:00:00,118.85293
2011-04-29 04:00:00,201.08322
2011-04-29 05:00:00,201.55511
2011-04-29 06:00:00,187.02805
2011-04-29 07:00:00,205.33144
2011-04-29 08:00:00,230.96751
2011-04-29 09:00:00,289.0767
2011-04-29 10:00:00,242.75589
2011-04-29 11:00:00,338.92896
2011-04-29 12:00:00,300.82587
2011-04-29 13:00:00,296.45178
2011-04-29 14:00:00,355.16882
2011-04-29 15:00:00,288.97034
2011-04-29 16:00:00,247.59697
2011-04-29 17:00:00,257.44968
2011-04-29 18:00:00,276.16675
2011-04-29 19:00:00,134.08025
2011-04-29 20:00:00,209.25885
2011-04-29 21:00:00,184.67468
2011-04-29 22:00:00,144.13956
2011-04-29 23:00:00,145.58923
2011-04-30 00:00:00,66.761055
2011-04-30 01:00:00,122.211365
2011-04-30 02:00:00,61.53512
2011-04-30 03:00:00,42.427193
2011-04-30 04:00:00,52.257854
2011-04-30 05:00:00,109.20448
2011-04-30 06:00:00,167.60599
2011-04-30 07:00:00,112.40926
2011-04-30 08:00:00,119.99392
2011-04-30 09:00:00,112.358315
2011-04-30 10:00:00,168.80962
2011-04-30 11:00:00,236.33328
2011-04-30 12:00:00,260.87122
2011-04-30 13:00:00,338.90295
2011-04-30 14:00:00,296.86136
2011-04-30 15:00:00,340.2751
2011-04-30 16:00:00,388.8742
2011-04-30 17:00:00,245.28313
2011-04-30 18:00:00,217.16595
2011-04-30 19:00:00,217.16595
2011-04-30 20:00:00,74.25827
2011-04-30 21:00:00,74.25827
2011-04-30 22:00:00,71.48026
2011-04-30 23:00:00,71.48026
2011-05-20 00:00:00,35.08277
2011-05-20 01:00:00,30.386614
2011-05-20 02:00:00,24.45431
2011-05-20 03:00:00,29.02091
2011-05-20 04:00:00,28.95635
2011-05-20 05:00:00,34.649452
2011-05-20 06:00:00,51.127853
2011-05-20 07:00:00,137.33395
2011-05-20 08:00:00,196.81143
2011-05-20 09:00:00,167.29143
2011-05-20 10:00:00,217.85355
2011-05-20 11:00:00,196.35458
2011-05-20 12:00:00,199.68729
2011-05-20 13:00:00,332.07147
2011-05-20 14:00:00,299.9144
2011-05-20 15:00:00,220.0094
2011-05-20 16:00:00,269.09692
2011-05-20 17:00:00,263.0139
2011-05-20 18:00:00,284.42853
2011-05-20 19:00:00,196.35399
2011-05-20 20:00:00,225.91882
2011-05-20 21:00:00,201.89285
2011-05-20 22:00:00,221.88174
2011-05-20 23:00:00,189.50568
2011-05-21 00:00:00,86.5844
2011-05-21 01:00:00,60.010902
2011-05-21 02:00:00,83.66327
2011-05-21 03:00:00,68.05865
2011-05-21 04:00:00,63.567787
2011-05-21 05:00:00,52.895485
2011-05-21 06:00:00,77.36049
2011-05-21 07:00:00,90.57615
2011-05-21 08:00:00,201.43019
2011-05-21 09:00:00,360.0229
2011-05-21 10:00:00,266.92303
2011-05-21 11:00:00,328.5141
2011-05-21 12:00:00,367.1361
2011-05-21 13:00:00,464.81775
2011-05-21 14:00:00,513.95966
2011-05-21 15:00:00,449.98248
2011-05-21 16:00:00,537.5269
2011-05-21 17:00:00,326.07236
2011-05-21 18:00:00,283.72897
2011-05-21 19:00:00,347.73822
2011-05-21 20:00:00,363.80847
2011-05-21 21:00:00,266.92303
2011-05-21 22:00:00,173.38606
2011-05-21 23:00:00,96.23803
2011-05-22 00:00:00,88.67617
2011-05-22 01:00:00,75.90847
2011-05-22 02:00:00,56.39895
2011-05-22 03:00:00,50.471184
2011-05-22 04:00:00,25.124018
2011-05-22 05:00:00,50.471184
2011-05-22 06:00:00,56.39895
2011-05-22 07:00:00,70.13834
2011-05-22 08:00:00,125.45615
2011-05-22 09:00:00,200.56033
2011-05-22 10:00:00,234.34149
2011-05-22 11:00:00,325.5157
2011-05-22 12:00:00,278.94684
2011-05-22 13:00:00,245.98578
2011-05-22 14:00:00,208.47217
2011-05-22 15:00:00,235.37576
2011-05-22 16:00:00,288.11298
2011-05-22 17:00:00,382.93732
2011-05-22 18:00:00,388.34598
2011-05-22 19:00:00,301.6306
2011-05-22 20:00:00,221.5874
2011-05-22 21:00:00,134.8211
2011-05-22 22:00:00,100.549095
2011-05-22 23:00:00,161.42249
2011-05-23 00:00:00,112.865326
2011-05-23 01:00:00,69.83482
2011-05-23 02:00:00,154.4409
2011-05-23 03:00:00,166.79086
2011-05-23 04:00:00,341.06036
2011-05-23 05:00:00,341.06036
2011-05-23 06:00:00,224.27274
2011-05-23 07:00:00,128.5171
2011-05-23 08:00:00,134.26717
2011-05-23 09:00:00,151.73239
2011-05-23 10:00:00,208.95078
2011-05-23 11:00:00,224.06482
2011-05-23 12:00:00,224.06482
2011-05-23 13:00:00,246.63708
2011-05-23 14:00:00,280.63458
2011-05-23 15:00:00,245.38388
2011-05-23 16:00:00,259.02768
2011-05-23 17:00:00,220.983
2011-05-23 18:00:00,320.67462
2011-05-23 19:00:00,281.592
2011-05-23 20:00:00,193.46848
2011-05-23 21:00:00,146.25758
2011-05-23 22:00:00,111.6412
2011-05-23 23:00:00,240.40128
2011-05-24 00:00:00,220.42136
2011-05-24 01:00:00,205.4233
2011-05-24 02:00:00,220.42136
2011-05-24 03:00:00,154.93848
2011-05-24 04:00:00,75.54713
2011-05-24 05:00:00,248.647
2011-05-24 06:00:00,239.66855
2011-05-24 07:00:00,177.9389
2011-05-24 08:00:00,141.01274
2011-05-24 09:00:00,209.67499
2011-05-24 10:00:00,362.76813
2011-05-24 11:00:00,389.87262
2011-05-24 12:00:00,335.3443
2011-05-24 13:00:00,433.83383
2011-05-24 14:00:00,430.312
2011-05-24 15:00:00,360.01028
2011-05-24 16:00:00,274.9318
2011-05-24 17:00:00,312.05072
2011-05-24 18:00:00,289.97754
2011-05-24 19:00:00,309.30792
2011-05-24 20:00:00,237.68948
2011-05-24 21:00:00,201.91394
2011-05-24 22:00:00,130.66768
2011-05-24 23:00:00,204.69125
2011-05-25 00:00:00,143.1314
2011-05-25 01:00:00,141.00401
2011-05-25 02:00:00,367.8794
2011-05-25 03:00:00,46.990456
2011-05-25 04:00:00,45.297417
2011-05-25 05:00:00,73.03738
2011-05-25 06:00:00,69.632416
2011-05-25 07:00:00,234.62808
2011-05-25 08:00:00,254.1442
2011-05-25 09:00:00,281.88116
2011-05-25 10:00:00,309.56528
2011-05-25 11:00:00,430.79477
2011-05-25 12:00:00,442.12836
2011-05-25 13:00:00,442.12836
2011-05-25 14:00:00,455.35727
2011-05-25 15:00:00,427.55243
2011-05-25 16:00:00,407.4762
2011-05-25 17:00:00,389.87262
2011-05-25 18:00:00,367.93063
2011-05-25 19:00:00,343.18805
2011-05-25 20:00:00,360.86118
2011-05-25 21:00:00,301.70438
2011-05-25 22:00:00,287.00278
2011-05-25 23:00:00,246.62646
2011-05-26 00:00:00,246.62646
2011-05-26 01:00:00,246.62646
2011-05-26 02:00:00,139.58072
2011-05-26 03:00:00,78.1489
2011-05-26 04:00:00,273.23196
2011-05-26 05:00:00,250.32816
2011-05-26 06:00:00,75.10592
2011-05-26 07:00:00,257.7604
2011-05-26 08:00:00,189.71326
2011-05-26 09:00:00,337.9158
2011-05-26 10:00:00,320.67462
2011-05-26 11:00:00,392.02704
2011-05-26 12:00:00,436.94757
2011-05-26 13:00:00,430.91214
2011-05-26 14:00:00,430.91214
2011-05-26 15:00:00,335.95203
2011-05-26 16:00:00,377.9883
2011-05-26 17:00:00,412.66592
2011-05-26 18:00:00,401.53564
2011-05-26 19:00:00,388.44446
2011-05-26 20:00:00,422.15512
2011-05-26 21:00:00,324.86664
2011-05-26 22:00:00,319.1804
2011-05-26 23:00:00,319.7618
2011-05-27 00:00:00,315.236
2011-05-27 01:00:00,393.83572
2011-05-27 02:00:00,325.90857
2011-05-27 03:00:00,280.19867
2011-05-27 04:00:00,299.8767
2011-05-27 05:00:00,282.47754
2011-05-27 06:00:00,224.44212
2011-05-27 07:00:00,321.5501
2011-05-27 08:00:00,232.68942
2011-05-27 09:00:00,394.64484
2011-05-27 10:00:00,334.54822
2011-05-27 11:00:00,276.5152
2011-05-27 12:00:00,297.39325
2011-05-27 13:00:00,410.52155
2011-05-27 14:00:00,431.77545
2011-05-27 15:00:00,411.14313
2011-05-27 16:00:00,279.79767
2011-05-27 17:00:00,349.29694
2011-05-27 18:00:00,259.02768
2011-05-27 19:00:00,147.53983
2011-05-27 20:00:00,175.90158
2011-05-27 21:00:00,110.45347
2011-05-27 22:00:00,188.3381
2011-05-27 23:00:00,72.793015
2011-05-28 00:00:00,94.76237
2011-05-28 01:00:00,87.73746
2011-05-28 02:00:00,81.08464
2011-05-28 03:00:00,84.77739
2011-05-28 04:00:00,91.18652
2011-05-28 05:00:00,84.77739
2011-05-28 06:00:00,112.84507
2011-05-28 07:00:00,115.22029
2011-05-28 08:00:00,128.15137
2011-05-28 09:00:00,271.96432
2011-05-28 10:00:00,389.10187
2011-05-28 11:00:00,389.10187
2011-05-28 12:00:00,388.29428
2011-05-28 13:00:00,409.55966
2011-05-28 14:00:00,367.5186
2011-05-28 15:00:00,357.73895
2011-05-28 16:00:00,381.9403
2011-05-28 17:00:00,388.9179
2011-05-28 18:00:00,412.75293
2011-05-28 19:00:00,302.70062
2011-05-28 20:00:00,389.10187
2011-05-28 21:00:00,332.36646
2011-05-28 22:00:00,130.7059
2011-05-28 23:00:00,116.25656
2011-05-29 00:00:00,103.607445
2011-05-29 01:00:00,98.21222
2011-05-29 02:00:00,93.08527
2011-05-29 03:00:00,93.08527
2011-05-29 04:00:00,78.37141
2011-05-29 05:00:00,92.86547
2011-05-29 06:00:00,111.43941
2011-05-29 07:00:00,223.79065
2011-05-29 08:00:00,129.46062
2011-05-29 09:00:00,149.6499
2011-05-29 10:00:00,149.85281
2011-05-29 11:00:00,302.8351
2011-05-29 12:00:00,359.34238
2011-05-29 13:00:00,485.6136
2011-05-29 14:00:00,467.55707
2011-05-29 15:00:00,480.8648
2011-05-29 16:00:00,467.55707
2011-05-29 17:00:00,467.55707
2011-05-29 18:00:00,489.2978
2011-05-29 19:00:00,461.84467
2011-05-29 20:00:00,221.38925
2011-05-29 21:00:00,168.91049
2011-05-29 22:00:00,107.78767
2011-05-29 23:00:00,106.27224
2011-05-30 00:00:00,109.5552
2011-05-30 01:00:00,123.55923
2011-05-30 02:00:00,109.5552
2011-05-30 03:00:00,109.5552
2011-05-30 04:00:00,120.42756
2011-05-30 05:00:00,255.82304
2011-05-30 06:00:00,250.83505
2011-05-30 07:00:00,120.13817
2011-05-30 08:00:00,387.65564
2011-05-30 09:00:00,319.2445
2011-05-30 10:00:00,469.13092
2011-05-30 11:00:00,337.8058
2011-05-30 12:00:00,506.67456
2011-05-30 13:00:00,314.5293
2011-05-30 14:00:00,451.67865
2011-05-30 15:00:00,435.56924
2011-05-30 16:00:00,530.89453
2011-05-30 17:00:00,450.76
2011-05-30 18:00:00,453.9823
2011-05-30 19:00:00,248.1736
2011-05-30 20:00:00,540.2776
2011-05-30 21:00:00,392.58762
2011-05-30 22:00:00,290.3045
2011-05-30 23:00:00,296.21783
2011-05-31 00:00:00,274.32022
2011-05-31 01:00:00,218.02199
2011-05-31 02:00:00,181.74683
2011-05-31 03:00:00,350.0287
2011-05-31 04:00:00,186.9471
2011-05-31 05:00:00,186.9471
2011-05-31 06:00:00,251.43015
2011-05-31 07:00:00,327.3158
2011-05-31 08:00:00,459.33057
2011-05-31 09:00:00,511.06442
2011-05-31 10:00:00,476.9674
2011-05-31 11:00:00,186.79506
2011-05-31 12:00:00,206.00424
2011-05-31 13:00:00,183.3807
2011-05-31 14:00:00,260.84732
2011-05-31 15:00:00,302.3515
2011-05-31 16:00:00,177.87807
2011-05-31 17:00:00,463.24457
2011-05-31 18:00:00,378.70102
2011-05-31 19:00:00,359.85516
2011-05-31 20:00:00,359.85516
2011-05-31 21:00:00,346.10773
2011-05-31 22:00:00,358.39215
2011-05-31 23:00:00,284.2688
2011-06-20 00:00:00,219.44305
2011-06-20 01:00:00,89.53455
2011-06-20 02:00:00,89.53455
2011-06-20 03:00:00,171.03915
2011-06-20 04:00:00,92.13011
2011-06-20 05:00:00,75.48643
2011-06-20 06:00:00,103.30349
2011-06-20 07:00:00,163.39731
2011-06-20 08:00:00,145.59032
2011-06-20 09:00:00,155.19658
2011-06-20 10:00:00,155.19658
2011-06-20 11:00:00,102.48444
2011-06-20 12:00:00,173.80649
2011-06-20 13:00:00,288.83588
2011-06-20 14:00:00,285.55612
2011-06-20 15:00:00,310.39517
2011-06-20 16:00:00,391.02847
2011-06-20 17:00:00,259.79434
2011-06-20 18:00:00,375.08948
2011-06-20 19:00:00,300.65042
2011-06-20 20:00:00,267.32092
2011-06-20 21:00:00,321.55017
2011-06-20 22:00:00,196.04979
2011-06-20 23:00:00,186.52924
2011-06-21 00:00:00,119.29153
2011-06-21 01:00:00,174.67482
2011-06-21 02:00:00,152.55414
2011-06-21 03:00:00,152.55414
2011-06-21 04:00:00,103.55685
2011-06-21 05:00:00,101.679375
2011-06-21 06:00:00,101.679375
2011-06-21 07:00:00,97.05139
2011-06-21 08:00:00,125.99366
2011-06-21 09:00:00,152.50339
2011-06-21 10:00:00,216.18492
2011-06-21 11:00:00,122.45347
2011-06-21 12:00:00,251.13101
2011-06-21 13:00:00,295.6062
2011-06-21 14:00:00,356.97937
2011-06-21 15:00:00,423.94183
2011-06-21 16:00:00,416.30145
2011-06-21 17:00:00,395.69403
2011-06-21 18:00:00,312.53452
2011-06-21 19:00:00,288.2727
2011-06-21 20:00:00,426.7068
2011-06-21 21:00:00,254.39047
2011-06-21 22:00:00,138.02388
2011-06-21 23:00:00,193.27913
2011-06-22 00:00:00,121.136375
2011-06-22 01:00:00,144.95854
2011-06-22 02:00:00,71.93369
2011-06-22 03:00:00,144.95854
2011-06-22 04:00:00,87.96389
2011-06-22 05:00:00,97.66359
2011-06-22 06:00:00,87.1641
2011-06-22 07:00:00,80.45636
2011-06-22 08:00:00,208.61559
2011-06-22 09:00:00,239.37627
2011-06-22 10:00:00,380.37677
2011-06-22 11:00:00,282.58878
2011-06-22 12:00:00,327.6737
2011-06-22 13:00:00,383.58533
2011-06-22 14:00:00,363.76666
2011-06-22 15:00:00,333.57358
2011-06-22 16:00:00,285.82135
2011-06-22 17:00:00,259.56418
2011-06-22 18:00:00,354.20444
2011-06-22 19:00:00,400.84637
2011-06-22 20:00:00,247.83818
2011-06-22 21:00:00,248.23851
2011-06-22 22:00:00,297.67987
2011-06-22 23:00:00,283.59766
2011-06-23 00:00:00,243.96516
2011-06-23 01:00:00,284.01334
2011-06-23 02:00:00,284.01334
2011-06-23 03:00:00,309.30447
2011-06-23 04:00:00,322.63885
2011-06-23 05:00:00,272.35263
2011-06-23 06:00:00,272.35263
2011-06-23 07:00:00,329.2626
2011-06-23 08:00:00,263.6478
2011-06-23 09:00:00,310.30273
2011-06-23 10:00:00,297.72095
2011-06-23 11:00:00,426.28986
2011-06-23 12:00:00,287.37686
2011-06-23 13:00:00,262.79306
2011-06-23 14:00:00,270.72253
2011-06-23 15:00:00,289.1977
2011-06-23 16:00:00,231.74277
2011-06-23 17:00:00,233.95184
2011-06-23 18:00:00,209.2273
2011-06-23 19:00:00,279.9864
2011-06-23 20:00:00,241.83545
2011-06-23 21:00:00,229.7442
2011-06-23 22:00:00,298.5224
2011-06-23 23:00:00,270.93042
2011-06-24 00:00:00,150.37646
2011-06-24 01:00:00,189.7681
2011-06-24 02:00:00,189.7681
2011-06-24 03:00:00,122.45347
2011-06-24 04:00:00,73.75775
2011-06-24 05:00:00,61.483917
2011-06-24 06:00:00,115.9209
2011-06-24 07:00:00,226.24387
2011-06-24 08:00:00,241.83545
2011-06-24 09:00:00,303.61646
2011-06-24 10:00:00,349.9418
2011-06-24 11:00:00,276.7744
2011-06-24 12:00:00,343.66202
2011-06-24 13:00:00,438.6004
2011-06-24 14:00:00,358.2869
2011-06-24 15:00:00,235.5639
2011-06-24 16:00:00,388.12976
2011-06-24 17:00:00,356.66492
2011-06-24 18:00:00,317.53717
2011-06-24 19:00:00,468.94446
2011-06-24 20:00:00,440.66873
2011-06-24 21:00:00,245.18283
2011-06-24 22:00:00,230.92264
2011-06-24 23:00:00,229.82864
2011-06-25 00:00:00,383.21548
2011-06-25 01:00:00,341.53653
2011-06-25 02:00:00,237.07428
2011-06-25 03:00:00,240.253
2011-06-25 04:00:00,240.253
2011-06-25 05:00:00,199.77264
2011-06-25 06:00:00,232.2562
2011-06-25 07:00:00,247.14665
2011-06-25 08:00:00,379.58597
2011-06-25 09:00:00,436.72906
2011-06-25 10:00:00,446.61267
2011-06-25 11:00:00,579.06445
2011-06-25 12:00:00,546.2997
2011-06-25 13:00:00,546.2997
2011-06-25 14:00:00,434.09247
2011-06-25 15:00:00,547.8688
2011-06-25 16:00:00,458.9371
2011-06-25 17:00:00,496.34973
2011-06-25 18:00:00,436.72906
2011-06-25 19:00:00,373.9934
2011-06-25 20:00:00,381.6801
2011-06-25 21:00:00,333.87494
2011-06-25 22:00:00,387.30112
2011-06-25 23:00:00,283.52356
2011-06-26 00:00:00,158.80301
2011-06-26 01:00:00,263.52197
2011-06-26 02:00:00,219.88995
2011-06-26 03:00:00,154.9383
2011-06-26 04:00:00,150.53227
2011-06-26 05:00:00,142.23712
2011-06-26 06:00:00,142.23712
2011-06-26 07:00:00,140.67577
2011-06-26 08:00:00,212.67755
2011-06-26 09:00:00,244.0954
2011-06-26 10:00:00,355.23706
2011-06-26 11:00:00,423.4988
2011-06-26 12:00:00,571.79956
2011-06-26 13:00:00,561.17676
2011-06-26 14:00:00,561.8346
2011-06-26 15:00:00,561.17676
2011-06-26 16:00:00,492.92508
2011-06-26 17:00:00,490.52594
2011-06-26 18:00:00,555.44366
2011-06-26 19:00:00,251.55386
2011-06-26 20:00:00,205.94574
2011-06-26 21:00:00,155.75027
2011-06-26 22:00:00,437.6853
2011-06-26 23:00:00,284.46136
2011-06-27 00:00:00,239.22198
2011-06-27 01:00:00,249.67389
2011-06-27 02:00:00,159.25264
2011-06-27 03:00:00,159.25264
2011-06-27 04:00:00,193.2308
2011-06-27 05:00:00,233.65416
2011-06-27 06:00:00,270.68213
2011-06-27 07:00:00,256.0779
2011-06-27 08:00:00,173.72032
2011-06-27 09:00:00,392.65674
2011-06-27 10:00:00,151.96027
2011-06-27 11:00:00,244.73108
2011-06-27 12:00:00,392.65674
2011-06-27 13:00:00,280.8122
2011-06-27 14:00:00,172.95714
2011-06-27 15:00:00,383.9314
2011-06-27 16:00:00,297.61417
2011-06-27 17:00:00,300.88123
2011-06-27 18:00:00,229.23796
2011-06-27 19:00:00,287.38776
2011-06-27 20:00:00,252.46867
2011-06-27 21:00:00,133.2307
2011-06-27 22:00:00,83.069664
2011-06-27 23:00:00,83.069664
2011-06-28 00:00:00,300.59076
2011-06-28 01:00:00,74.79339
2011-06-28 02:00:00,287.84845
2011-06-28 03:00:00,287.84845
2011-06-28 04:00:00,74.79339
2011-06-28 05:00:00,71.93369
2011-06-28 06:00:00,122.45347
2011-06-28 07:00:00,124.27
2011-06-28 08:00:00,226.24292
2011-06-28 09:00:00,134.1851
2011-06-28 10:00:00,390.0542
2011-06-28 11:00:00,356.93002
2011-06-28 12:00:00,372.21436
2011-06-28 13:00:00,389.2959
2011-06-28 14:00:00,346.05496
2011-06-28 15:00:00,379.11267
2011-06-28 16:00:00,334.1173
2011-06-28 17:00:00,501.82983
2011-06-28 18:00:00,418.2517
2011-06-28 19:00:00,234.41177
2011-06-28 20:00:00,132.32506
2011-06-28 21:00:00,408.5423
2011-06-28 22:00:00,273.5992
2011-06-28 23:00:00,288.57376
2011-06-29 00:00:00,214.414
2011-06-29 01:00:00,212.73788
2011-06-29 02:00:00,103.025856
2011-06-29 03:00:00,202.51926
2011-06-29 04:00:00,78.05579
2011-06-29 05:00:00,86.59356
2011-06-29 06:00:00,228.4789
2011-06-29 07:00:00,330.8922
2011-06-29 08:00:00,360.3428
2011-06-29 09:00:00,474.9931
2011-06-29 10:00:00,384.25888
2011-06-29 11:00:00,364.76343
2011-06-29 12:00:00,317.9103
2011-06-29 13:00:00,276.54602
2011-06-29 14:00:00,404.58365
2011-06-29 15:00:00,430.20782
2011-06-29 16:00:00,311.1263
2011-06-29 17:00:00,344.54623
2011-06-29 18:00:00,308.91824
2011-06-29 19:00:00,444.05453
2011-06-29 20:00:00,327.4355
2011-06-29 21:00:00,438.92285
2011-06-29 22:00:00,572.42926
2011-06-29 23:00:00,434.33246
2011-06-30 00:00:00,233.39172
2011-06-30 01:00:00,204.18658
2011-06-30 02:00:00,226.6536
2011-06-30 03:00:00,218.7924
2011-06-30 04:00:00,332.4129
2011-06-30 05:00:00,253.19003
2011-06-30 06:00:00,229.14412
2011-06-30 07:00:00,255.64479
2011-06-30 08:00:00,509.27917
2011-06-30 09:00:00,504.64288
2011-06-30 10:00:00,565.801
2011-06-30 11:00:00,477.95673
2011-06-30 12:00:00,421.66638
2011-06-30 13:00:00,413.70068
2011-06-30 14:00:00,389.78986
2011-06-30 15:00:00,300.7827
2011-06-30 16:00:00,394.3039
2011-06-30 17:00:00,325.2313
2011-06-30 18:00:00,301.8955
2011-06-30 19:00:00,403.70737
2011-06-30 20:00:00,403.70737
2011-06-30 21:00:00,416.39264
2011-06-30 22:00:00,515.7721
2011-06-30 23:00:00,159.46683
2011-07-20 00:00:00,105.97133
2011-07-20 01:00:00,83.85835
2011-07-20 02:00:00,83.85835
2011-07-20 03:00:00,105.97133
2011-07-20 04:00:00,81.367195
2011-07-20 05:00:00,91.94437
2011-07-20 06:00:00,178.23302
2011-07-20 07:00:00,191.81761
2011-07-20 08:00:00,116.953735
2011-07-20 09:00:00,209.30986
2011-07-20 10:00:00,149.16444
2011-07-20 11:00:00,256.59186
2011-07-20 12:00:00,207.60037
2011-07-20 13:00:00,400.89703
2011-07-20 14:00:00,352.05978
2011-07-20 15:00:00,296.44513
2011-07-20 16:00:00,249.2614
2011-07-20 17:00:00,464.81216
2011-07-20 18:00:00,466.4332
2011-07-20 19:00:00,497.76715
2011-07-20 20:00:00,434.15485
2011-07-20 21:00:00,435.2559
2011-07-20 22:00:00,415.52936
2011-07-20 23:00:00,402.07312
2011-07-21 00:00:00,299.19952
2011-07-21 01:00:00,280.92908
2011-07-21 02:00:00,280.92908
2011-07-21 03:00:00,324.05545
2011-07-21 04:00:00,193.90872
2011-07-21 05:00:00,193.90872
2011-07-21 06:00:00,193.90872
2011-07-21 07:00:00,289.076
2011-07-21 08:00:00,324.55814
2011-07-21 09:00:00,347.65338
2011-07-21 10:00:00,381.8537
2011-07-21 11:00:00,361.4623
2011-07-21 12:00:00,320.0973
2011-07-21 13:00:00,333.92114
2011-07-21 14:00:00,323.92834
2011-07-21 15:00:00,206.34302
2011-07-21 16:00:00,300.426
2011-07-21 17:00:00,323.15723
2011-07-21 18:00:00,322.71848
2011-07-21 19:00:00,516.1325
2011-07-21 20:00:00,540.5731
2011-07-21 21:00:00,481.59772
2011-07-21 22:00:00,467.4331
2011-07-21 23:00:00,420.00662
2011-07-22 00:00:00,488.788
2011-07-22 01:00:00,160.08356
2011-07-22 02:00:00,291.5543
2011-07-22 03:00:00,263.42645
2011-07-22 04:00:00,228.72969
2011-07-22 05:00:00,202.52278
2011-07-22 06:00:00,223.2563
2011-07-22 07:00:00,366.47223
2011-07-22 08:00:00,410.21445
2011-07-22 09:00:00,250.09756
2011-07-22 10:00:00,178.42258
2011-07-22 11:00:00,176.48064
2011-07-22 12:00:00,169.12595
2011-07-22 13:00:00,157.68073
2011-07-22 14:00:00,254.39835
2011-07-22 15:00:00,247.61407
2011-07-22 16:00:00,163.4094
2011-07-22 17:00:00,224.77599
2011-07-22 18:00:00,480.20206
2011-07-22 19:00:00,334.10156
2011-07-22 20:00:00,249.2614
2011-07-22 21:00:00,231.79549
2011-07-22 22:00:00,291.97696
2011-07-22 23:00:00,410.56003
2011-07-23 00:00:00,410.85132
2011-07-23 01:00:00,352.59897
2011-07-23 02:00:00,449.91266
2011-07-23 03:00:00,238.47816
2011-07-23 04:00:00,237.23196
2011-07-23 05:00:00,281.8431
2011-07-23 06:00:00,373.5492
2011-07-23 07:00:00,342.79736
2011-07-23 08:00:00,511.43927
2011-07-23 09:00:00,446.54913
2011-07-23 10:00:00,504.55112
2011-07-23 11:00:00,412.68927
2011-07-23 12:00:00,394.15884
2011-07-23 13:00:00,386.8341
2011-07-23 14:00:00,469.2824
2011-07-23 15:00:00,398.79648
2011-07-23 16:00:00,398.0506
2011-07-23 17:00:00,398.0506
2011-07-23 18:00:00,395.00296
2011-07-23 19:00:00,335.81766
2011-07-23 20:00:00,372.61536
2011-07-23 21:00:00,372.61536
2011-07-23 22:00:00,334.81497
2011-07-23 23:00:00,299.80078
2011-07-24 00:00:00,299.80078
2011-07-24 01:00:00,252.76273
2011-07-24 02:00:00,273.07092
2011-07-24 03:00:00,273.07092
2011-07-24 04:00:00,252.76273
2011-07-24 05:00:00,238.47816
2011-07-24 06:00:00,320.32495
2011-07-24 07:00:00,321.81375
2011-07-24 08:00:00,422.3833
2011-07-24 09:00:00,425.72556
2011-07-24 10:00:00,468.48895
2011-07-24 11:00:00,481.38654
2011-07-24 12:00:00,395.80945
2011-07-24 13:00:00,467.5876
2011-07-24 14:00:00,472.8515
2011-07-24 15:00:00,441.40955
2011-07-24 16:00:00,441.40955
2011-07-24 17:00:00,452.25925
2011-07-24 18:00:00,437.29208
2011-07-24 19:00:00,447.28522
2011-07-24 20:00:00,446.54913
2011-07-24 21:00:00,314.72427
2011-07-24 22:00:00,228.84163
2011-07-24 23:00:00,259.924
2011-07-25 00:00:00,375.03415
2011-07-25 01:00:00,303.19833
2011-07-25 02:00:00,256.01645
2011-07-25 03:00:00,107.90644
2011-07-25 04:00:00,138.323
2011-07-25 05:00:00,138.323
2011-07-25 06:00:00,181.45013
2011-07-25 07:00:00,304.42352
2011-07-25 08:00:00,347.18027
2011-07-25 09:00:00,168.33969
2011-07-25 10:00:00,207.60037
2011-07-25 11:00:00,381.48553
2011-07-25 12:00:00,381.48553
2011-07-25 13:00:00,328.19986
2011-07-25 14:00:00,297.6798
2011-07-25 15:00:00,129.57944
2011-07-25 16:00:00,124.480934
2011-07-25 17:00:00,105.22407
2011-07-25 18:00:00,209.63977
2011-07-25 19:00:00,209.30986
2011-07-25 20:00:00,233.9195
2011-07-25 21:00:00,83.85835
2011-07-25 22:00:00,83.85835
2011-07-25 23:00:00,88.41851
2011-07-26 00:00:00,138.02396
2011-07-26 01:00:00,138.02396
2011-07-26 02:00:00,82.86818
2011-07-26 03:00:00,88.80172
2011-07-26 04:00:00,118.71559
2011-07-26 05:00:00,68.426414
2011-07-26 06:00:00,111.209496
2011-07-26 07:00:00,370.32654
2011-07-26 08:00:00,296.1123
2011-07-26 09:00:00,405.0006
2011-07-26 10:00:00,363.065
2011-07-26 11:00:00,347.17435
2011-07-26 12:00:00,410.18683
2011-07-26 13:00:00,326.28088
2011-07-26 14:00:00,319.16342
2011-07-26 15:00:00,314.33728
2011-07-26 16:00:00,348.07236
2011-07-26 17:00:00,218.46115
2011-07-26 18:00:00,286.24588
2011-07-26 19:00:00,353.26935
2011-07-26 20:00:00,370.20953
2011-07-26 21:00:00,452.30823
2011-07-26 22:00:00,328.919
2011-07-26 23:00:00,350.40704
2011-07-27 00:00:00,185.67719
2011-07-27 01:00:00,429.99988
2011-07-27 02:00:00,342.5437
2011-07-27 03:00:00,260.53726
2011-07-27 04:00:00,358.42813
2011-07-27 05:00:00,299.31155
2011-07-27 06:00:00,330.8922
2011-07-27 07:00:00,429.26337
2011-07-27 08:00:00,389.33752
2011-07-27 09:00:00,317.9103
2011-07-27 10:00:00,309.1799
2011-07-27 11:00:00,304.6184
2011-07-27 12:00:00,310.8651
2011-07-27 13:00:00,317.7284
2011-07-27 14:00:00,330.23975
2011-07-27 15:00:00,319.25708
2011-07-27 16:00:00,397.6089
2011-07-27 17:00:00,329.23004
2011-07-27 18:00:00,408.11407
2011-07-27 19:00:00,395.61594
2011-07-27 20:00:00,476.6366
2011-07-27 21:00:00,228.51123
2011-07-27 22:00:00,239.27138
2011-07-27 23:00:00,253.20084
2011-07-28 00:00:00,253.95767
2011-07-28 01:00:00,218.41902
2011-07-28 02:00:00,271.8912
2011-07-28 03:00:00,170.07222
2011-07-28 04:00:00,273.96405
2011-07-28 05:00:00,252.46867
2011-07-28 06:00:00,186.90036
2011-07-28 07:00:00,266.36023
2011-07-28 08:00:00,295.6062
2011-07-28 09:00:00,364.73727
2011-07-28 10:00:00,399.95416
2011-07-28 11:00:00,396.33154
2011-07-28 12:00:00,428.69873
2011-07-28 13:00:00,329.08997
2011-07-28 14:00:00,441.17255
2011-07-28 15:00:00,320.33423
2011-07-28 16:00:00,322.90628
2011-07-28 17:00:00,372.15036
2011-07-28 18:00:00,434.79874
2011-07-28 19:00:00,471.13696
2011-07-28 20:00:00,410.56003
2011-07-28 21:00:00,466.66016
2011-07-28 22:00:00,416.04028
2011-07-28 23:00:00,310.65115
2011-07-29 00:00:00,248.23851
2011-07-29 01:00:00,210.1372
2011-07-29 02:00:00,107.90644
2011-07-29 03:00:00,107.90644
2011-07-29 04:00:00,167.10187
2011-07-29 05:00:00,112.331635
2011-07-29 06:00:00,264.0495
2011-07-29 07:00:00,256.01645
2011-07-29 08:00:00,351.1002
2011-07-29 09:00:00,329.08997
2011-07-29 10:00:00,323.9884
2011-07-29 11:00:00,358.63248
2011-07-29 12:00:00,344.41388
2011-07-29 13:00:00,439.06384
2011-07-29 14:00:00,359.37924
2011-07-29 15:00:00,353.87677
2011-07-29 16:00:00,333.41403
2011-07-29 17:00:00,339.59747
2011-07-29 18:00:00,313.50305
2011-07-29 19:00:00,370.8762
2011-07-29 20:00:00,297.35864
2011-07-29 21:00:00,341.68372
2011-07-29 22:00:00,459.91595
2011-07-29 23:00:00,265.97638
2011-07-30 00:00:00,363.277
2011-07-30 01:00:00,293.3793
2011-07-30 02:00:00,317.8356
2011-07-30 03:00:00,262.09384
2011-07-30 04:00:00,236.14099
2011-07-30 05:00:00,214.53888
2011-07-30 06:00:00,249.73767
2011-07-30 07:00:00,255.69464
2011-07-30 08:00:00,337.68927
2011-07-30 09:00:00,471.73532
2011-07-30 10:00:00,441.83807
2011-07-30 11:00:00,480.46832
2011-07-30 12:00:00,404.57892
2011-07-30 13:00:00,393.2437
2011-07-30 14:00:00,382.21793
2011-07-30 15:00:00,361.56686
2011-07-30 16:00:00,428.23148
2011-07-30 17:00:00,351.97836
2011-07-30 18:00:00,378.87866
2011-07-30 19:00:00,645.76074
2011-07-30 20:00:00,479.0763
2011-07-30 21:00:00,423.91534
2011-07-30 22:00:00,334.81522
2011-07-30 23:00:00,293.37927
2011-07-31 00:00:00,293.3793
2011-07-31 01:00:00,229.6353
2011-07-31 02:00:00,208.93942
2011-07-31 03:00:00,191.4516
2011-07-31 04:00:00,186.72041
2011-07-31 05:00:00,185.97278
2011-07-31 06:00:00,194.79478
2011-07-31 07:00:00,287.9673
2011-07-31 08:00:00,356.6618
2011-07-31 09:00:00,485.20374
2011-07-31 10:00:00,478.19214
2011-07-31 11:00:00,389.265
2011-07-31 12:00:00,459.98718
2011-07-31 13:00:00,390.90765
2011-07-31 14:00:00,434.39874
2011-07-31 15:00:00,409.71936
2011-07-31 16:00:00,442.36923
2011-07-31 17:00:00,470.29745
2011-07-31 18:00:00,431.76453
2011-07-31 19:00:00,408.08234
2011-07-31 20:00:00,408.08234
2011-07-31 21:00:00,340.6415
2011-07-31 22:00:00,246.10883
2011-07-31 23:00:00,241.69711
2011-08-20 00:00:00,43.96678
2011-08-20 01:00:00,46.998306
2011-08-20 02:00:00,55.22753
2011-08-20 03:00:00,55.22753
2011-08-20 04:00:00,52.08457
2011-08-20 05:00:00,45.821793
2011-08-20 06:00:00,108.10483
2011-08-20 07:00:00,46.998314
2011-08-20 08:00:00,148.22421
2011-08-20 09:00:00,166.57414
2011-08-20 10:00:00,243.5676
2011-08-20 11:00:00,166.1721
2011-08-20 12:00:00,287.9673
2011-08-20 13:00:00,337.16528
2011-08-20 14:00:00,453.53333
2011-08-20 15:00:00,511.7578
2011-08-20 16:00:00,473.88452
2011-08-20 17:00:00,453.53333
2011-08-20 18:00:00,318.74902
2011-08-20 19:00:00,256.90445
2011-08-20 20:00:00,253.81187
2011-08-20 21:00:00,211.11682
2011-08-20 22:00:00,188.2731
2011-08-20 23:00:00,172.9732
2011-08-21 00:00:00,173.19742
2011-08-21 01:00:00,123.593666
2011-08-21 02:00:00,129.32607
2011-08-21 03:00:00,76.37057
2011-08-21 04:00:00,100.055786
2011-08-21 05:00:00,92.33224
2011-08-21 06:00:00,88.996086
2011-08-21 07:00:00,129.61429
2011-08-21 08:00:00,141.79623
2011-08-21 09:00:00,190.85963
2011-08-21 10:00:00,212.1459
2011-08-21 11:00:00,308.23065
2011-08-21 12:00:00,386.19055
2011-08-21 13:00:00,319.25244
2011-08-21 14:00:00,166.0311
2011-08-21 15:00:00,134.9484
2011-08-21 16:00:00,181.87488
2011-08-21 17:00:00,180.41803
2011-08-21 18:00:00,168.67993
2011-08-21 19:00:00,212.02559
2011-08-21 20:00:00,152.10104
2011-08-21 21:00:00,152.10104
2011-08-21 22:00:00,148.51575
2011-08-21 23:00:00,176.11646
2011-08-22 00:00:00,197.57355
2011-08-22 01:00:00,91.6909
2011-08-22 02:00:00,271.75696
2011-08-22 03:00:00,326.73373
2011-08-22 04:00:00,228.68054
2011-08-22 05:00:00,211.63416
2011-08-22 06:00:00,266.48877
2011-08-22 07:00:00,240.33276
2011-08-22 08:00:00,240.33276
2011-08-22 09:00:00,347.34125
2011-08-22 10:00:00,360.3428
2011-08-22 11:00:00,369.38763
2011-08-22 12:00:00,454.65704
2011-08-22 13:00:00,320.80292
2011-08-22 14:00:00,413.6373
2011-08-22 15:00:00,280.1756
2011-08-22 16:00:00,413.6373
2011-08-22 17:00:00,309.57935
2011-08-22 18:00:00,310.5694
2011-08-22 19:00:00,283.35178
2011-08-22 20:00:00,458.3426
2011-08-22 21:00:00,525.16504
2011-08-22 22:00:00,618.3459
2011-08-22 23:00:00,537.0819
2011-08-23 00:00:00,430.3933
2011-08-23 01:00:00,278.17258
2011-08-23 02:00:00,274.96106
2011-08-23 03:00:00,215.1438
2011-08-23 04:00:00,287.2337
2011-08-23 05:00:00,270.78424
2011-08-23 06:00:00,286.15222
2011-08-23 07:00:00,247.97153
2011-08-23 08:00:00,400.5293
2011-08-23 09:00:00,344.06024
2011-08-23 10:00:00,321.99826
2011-08-23 11:00:00,337.0653
2011-08-23 12:00:00,330.91406
2011-08-23 13:00:00,334.12402
2011-08-23 14:00:00,320.39233
2011-08-23 15:00:00,358.44482
2011-08-23 16:00:00,354.7904
2011-08-23 17:00:00,358.44482
2011-08-23 18:00:00,423.35266
2011-08-23 19:00:00,375.35648
2011-08-23 20:00:00,283.40845
2011-08-23 21:00:00,156.25967
2011-08-23 22:00:00,226.6536
2011-08-23 23:00:00,234.28168
2011-08-24 00:00:00,226.6536
2011-08-24 01:00:00,239.2006
2011-08-24 02:00:00,267.0513
2011-08-24 03:00:00,267.0513
2011-08-24 04:00:00,101.03807
2011-08-24 05:00:00,101.03807
2011-08-24 06:00:00,158.50003
2011-08-24 07:00:00,185.74086
2011-08-24 08:00:00,224.99252
2011-08-24 09:00:00,256.94885
2011-08-24 10:00:00,340.12683
2011-08-24 11:00:00,285.8681
2011-08-24 12:00:00,279.65506
2011-08-24 13:00:00,399.70648
2011-08-24 14:00:00,399.70648
2011-08-24 15:00:00,396.74243
2011-08-24 16:00:00,297.91354
2011-08-24 17:00:00,291.2666
2011-08-24 18:00:00,313.23502
2011-08-24 19:00:00,313.23502
2011-08-24 20:00:00,336.69736
2011-08-24 21:00:00,250.0424
2011-08-24 22:00:00,269.93298
2011-08-24 23:00:00,252.41068
2011-08-25 00:00:00,224.70697
2011-08-25 01:00:00,180.96187
2011-08-25 02:00:00,180.96187
2011-08-25 03:00:00,157.73581
2011-08-25 04:00:00,129.96753
2011-08-25 05:00:00,133.00017
2011-08-25 06:00:00,189.7681
2011-08-25 07:00:00,184.8062
2011-08-25 08:00:00,234.32999
2011-08-25 09:00:00,240.6482
2011-08-25 10:00:00,248.3257
2011-08-25 11:00:00,413.45728
2011-08-25 12:00:00,413.45728
2011-08-25 13:00:00,138.02396
2011-08-25 14:00:00,329.34064
2011-08-25 15:00:00,383.76154
2011-08-25 16:00:00,112.331635
2011-08-25 17:00:00,112.331635
2011-08-25 18:00:00,273.75287
2011-08-25 19:00:00,169.78487
2011-08-25 20:00:00,142.35568
2011-08-25 21:00:00,181.57245
2011-08-25 22:00:00,117.85757
2011-08-25 23:00:00,72.24022
2011-08-26 00:00:00,91.424614
2011-08-26 01:00:00,117.85757
2011-08-26 02:00:00,72.86684
2011-08-26 03:00:00,60.82306
2011-08-26 04:00:00,111.12268
2011-08-26 05:00:00,176.99445
2011-08-26 06:00:00,111.12268
2011-08-26 07:00:00,87.96389
2011-08-26 08:00:00,78.05579
2011-08-26 09:00:00,86.40742
2011-08-26 10:00:00,231.93042
2011-08-26 11:00:00,255.797
2011-08-26 12:00:00,305.88715
2011-08-26 13:00:00,238.33035
2011-08-26 14:00:00,168.76205
2011-08-26 15:00:00,274.30765
2011-08-26 16:00:00,327.27042
2011-08-26 17:00:00,368.56732
2011-08-26 18:00:00,328.19986
2011-08-26 19:00:00,182.07492
2011-08-26 20:00:00,163.12845
2011-08-26 21:00:00,239.37627
2011-08-26 22:00:00,182.07486
2011-08-26 23:00:00,88.418434
2011-08-27 00:00:00,100.151855
2011-08-27 01:00:00,132.1026
2011-08-27 02:00:00,136.54935
2011-08-27 03:00:00,106.64984
2011-08-27 04:00:00,106.64984
2011-08-27 05:00:00,159.42715
2011-08-27 06:00:00,159.42715
2011-08-27 07:00:00,223.53052
2011-08-27 08:00:00,94.83903
2011-08-27 09:00:00,179.9385
2011-08-27 10:00:00,134.88606
2011-08-27 11:00:00,296.72437
2011-08-27 12:00:00,179.72858
2011-08-27 13:00:00,333.95102
2011-08-27 14:00:00,84.68497
2011-08-27 15:00:00,84.68497
2011-08-27 16:00:00,94.66899
2011-08-27 17:00:00,150.16891
2011-08-28 07:00:00,382.79453
2011-08-28 08:00:00,353.80206
2011-08-28 09:00:00,109.92188
2011-08-28 10:00:00,185.74762
2011-08-28 11:00:00,224.63092
2011-08-28 12:00:00,366.0005
2011-08-28 13:00:00,559.9055
2011-08-28 14:00:00,651.56244
2011-08-28 15:00:00,582.22314
2011-08-28 16:00:00,521.35803
2011-08-28 17:00:00,506.75415
2011-08-28 18:00:00,496.34973
2011-08-28 19:00:00,355.23712
2011-08-28 20:00:00,400.8822
2011-08-28 21:00:00,220.21313
2011-08-28 22:00:00,144.39331
2011-08-28 23:00:00,110.64143
2011-08-29 00:00:00,120.60415
2011-08-29 01:00:00,181.04568
2011-08-29 02:00:00,206.79727
2011-08-29 03:00:00,181.04568
2011-08-29 04:00:00,269.76813
2011-08-29 05:00:00,109.80273
2011-08-29 06:00:00,109.80273
2011-08-29 07:00:00,259.936
2011-08-29 08:00:00,265.52127
2011-08-29 09:00:00,259.52332
2011-08-29 10:00:00,472.97055
2011-08-29 11:00:00,318.10144
2011-08-29 12:00:00,204.50063
2011-08-29 13:00:00,339.46356
2011-08-29 14:00:00,250.81952
2011-08-29 15:00:00,515.7721
2011-08-29 16:00:00,496.436
2011-08-29 17:00:00,365.47772
2011-08-29 18:00:00,369.1467
2011-08-29 19:00:00,369.1467
2011-08-29 20:00:00,203.07983
2011-08-29 21:00:00,243.4273
2011-08-29 22:00:00,226.6536
2011-08-29 23:00:00,211.26343
2011-08-30 00:00:00,109.80273
2011-08-30 01:00:00,244.58759
2011-08-30 02:00:00,112.181435
2011-08-30 03:00:00,114.83424
2011-08-30 04:00:00,75.81086
2011-08-30 05:00:00,67.75576
2011-08-30 06:00:00,112.181435
2011-08-30 07:00:00,269.76813
2011-08-30 08:00:00,226.6536
2011-08-30 09:00:00,375.35648
2011-08-30 10:00:00,478.5171
2011-08-30 11:00:00,485.2749
2011-08-30 12:00:00,342.39465
2011-08-30 13:00:00,392.2416
2011-08-30 14:00:00,372.3387
2011-08-30 15:00:00,367.56085
2011-08-30 16:00:00,505.14337
2011-08-30 17:00:00,565.801
2011-08-30 18:00:00,454.00906
2011-08-30 19:00:00,218.90482
2011-08-30 20:00:00,159.46683
2011-08-30 21:00:00,175.81616
2011-08-30 22:00:00,126.037476
2011-08-30 23:00:00,126.037476
2011-08-31 00:00:00,101.366646
2011-08-31 01:00:00,101.366646
2011-08-31 02:00:00,158.5
2011-08-31 03:00:00,151.28645
2011-08-31 04:00:00,158.5
2011-08-31 05:00:00,59.200233
2011-08-31 06:00:00,159.65549
2011-08-31 07:00:00,137.8216
2011-08-31 08:00:00,90.2127
2011-08-31 09:00:00,161.139
2011-08-31 10:00:00,241.71448
2011-08-31 11:00:00,413.06165
2011-08-31 12:00:00,386.7732
2011-08-31 13:00:00,429.74072
2011-08-31 14:00:00,507.23657
2011-08-31 15:00:00,507.23657
2011-08-31 16:00:00,429.87
2011-08-31 17:00:00,331.65005
2011-08-31 18:00:00,375.53076
2011-08-31 19:00:00,332.6996
2011-08-31 20:00:00,228.89772
2011-08-31 21:00:00,230.08008
2011-08-31 22:00:00,71.57251
2011-08-31 23:00:00,83.14424
2011-09-20 00:00:00,228.1218
2011-09-20 01:00:00,121.22813
2011-09-20 02:00:00,121.22813
2011-09-20 03:00:00,123.01835
2011-09-20 04:00:00,59.6188
2011-09-20 05:00:00,127.9511
2011-09-20 06:00:00,127.9511
2011-09-20 07:00:00,121.22813
2011-09-20 08:00:00,69.052216
2011-09-20 09:00:00,78.91572
2011-09-20 10:00:00,97.5418
2011-09-20 11:00:00,97.5418
2011-09-20 12:00:00,89.21113
2011-09-20 13:00:00,80.75545
2011-09-20 14:00:00,150.88838
2011-09-20 15:00:00,192.34836
2011-09-20 16:00:00,193.2308
2011-09-20 17:00:00,69.23399
2011-09-20 18:00:00,69.23399
2011-09-20 19:00:00,86.92517
2011-09-20 20:00:00,39.92614
2011-09-20 21:00:00,39.92614
2011-09-20 22:00:00,39.92614
2011-09-20 23:00:00,39.92614
2011-09-21 00:00:00,30.734495
2011-09-21 01:00:00,35.58197
2011-09-21 02:00:00,35.58197
2011-09-21 03:00:00,55.409683
2011-09-21 04:00:00,61.61904
2011-09-21 05:00:00,74.45219
2011-09-21 06:00:00,64.736694
2011-09-21 07:00:00,64.736694
2011-09-21 08:00:00,55.962643
2011-09-21 09:00:00,60.572548
2011-09-21 10:00:00,159.15024
2011-09-21 11:00:00,233.65416
2011-09-21 12:00:00,191.73952
2011-09-21 13:00:00,292.09494
2011-09-21 14:00:00,275.34424
2011-09-21 15:00:00,257.1014
2011-09-21 16:00:00,257.1014
2011-09-21 17:00:00,294.75958
2011-09-21 18:00:00,151.2377
2011-09-21 19:00:00,44.482307
2011-09-21 20:00:00,44.482307
2011-09-21 21:00:00,60.83956
2011-09-21 22:00:00,167.40804
2011-09-21 23:00:00,43.434227
2011-09-22 00:00:00,43.434227
2011-09-22 01:00:00,56.756557
2011-09-22 02:00:00,57.40812
2011-09-22 03:00:00,56.756554
2011-09-22 04:00:00,56.756554
2011-09-22 05:00:00,57.40812
2011-09-22 06:00:00,68.299736
2011-09-22 07:00:00,59.86676
2011-09-22 08:00:00,75.73228
2011-09-22 09:00:00,124.338875
2011-09-22 10:00:00,170.07088
2011-09-22 11:00:00,155.77544
2011-09-22 12:00:00,304.551
2011-09-22 13:00:00,271.85144
2011-09-22 14:00:00,226.24387
2011-09-22 15:00:00,325.25574
2011-09-22 16:00:00,328.42426
2011-09-22 17:00:00,195.88736
2011-09-22 18:00:00,199.74048
2011-09-22 19:00:00,154.58965
2011-09-22 20:00:00,82.3159
2011-09-22 21:00:00,154.58965
2011-09-22 22:00:00,63.44175
2011-09-22 23:00:00,167.40804
2011-09-23 00:00:00,254.49599
2011-09-23 01:00:00,78.994354
2011-09-23 02:00:00,243.23193
2011-09-23 03:00:00,78.994354
2011-09-23 04:00:00,86.87005
2011-09-23 05:00:00,46.96347
2011-09-23 06:00:00,254.49599
2011-09-23 07:00:00,214.7124
2011-09-23 08:00:00,214.7124
2011-09-23 09:00:00,160.84335
2011-09-23 10:00:00,182.8441
2011-09-23 11:00:00,182.8441
2011-09-23 12:00:00,223.28835
2011-09-23 13:00:00,132.6247
2011-09-23 14:00:00,132.6247
2011-09-23 15:00:00,223.28838
2011-09-23 16:00:00,154.50552
2011-09-23 17:00:00,78.994354
2011-09-23 18:00:00,215.06805
2011-09-23 19:00:00,131.97592
2011-09-23 20:00:00,222.61531
2011-09-23 21:00:00,86.05908
2011-09-23 22:00:00,112.22024
2011-09-23 23:00:00,115.67487
2011-09-24 00:00:00,61.34218
2011-09-24 01:00:00,164.48032
2011-09-24 02:00:00,164.48032
2011-09-24 03:00:00,61.948097
2011-09-24 04:00:00,109.188515
2011-09-24 05:00:00,130.30656
2011-09-24 06:00:00,130.30656
2011-09-24 07:00:00,263.4134
2011-09-24 08:00:00,366.12018
2011-09-24 09:00:00,363.19693
2011-09-24 10:00:00,363.19693
2011-09-24 11:00:00,396.84283
2011-09-24 12:00:00,396.84283
2011-09-24 13:00:00,233.81204
2011-09-24 14:00:00,370.4853
2011-09-24 15:00:00,370.4853
2011-09-24 16:00:00,419.93542
2011-09-24 17:00:00,380.97012
2011-09-24 18:00:00,270.47522
2011-09-24 19:00:00,123.32823
2011-09-24 20:00:00,134.18335
2011-09-24 21:00:00,221.2237
2011-09-24 22:00:00,130.48936
2011-09-24 23:00:00,363.19693
2011-09-25 00:00:00,129.55965
2011-09-25 01:00:00,289.5455
2011-09-25 02:00:00,227.44571
2011-09-25 03:00:00,227.44571
2011-09-25 04:00:00,149.73178
2011-09-25 05:00:00,140.15968
2011-09-25 06:00:00,289.5455
2011-09-25 07:00:00,127.646904
2011-09-25 08:00:00,130.48936
2011-09-25 09:00:00,275.2746
2011-09-25 10:00:00,275.2746
2011-09-25 11:00:00,352.21802
2011-09-25 12:00:00,490.02765
2011-09-25 13:00:00,602.4382
2011-09-25 14:00:00,490.02765
2011-09-25 15:00:00,490.02765
2011-09-25 16:00:00,459.8051
2011-09-25 17:00:00,322.10748
2011-09-25 18:00:00,322.10748
2011-09-25 19:00:00,165.3103
2011-09-25 20:00:00,232.83449
2011-09-25 21:00:00,115.87029
2011-09-25 22:00:00,149.19308
2011-09-25 23:00:00,230.60767
2011-09-26 00:00:00,46.96347
2011-09-26 01:00:00,382.72318
2011-09-26 02:00:00,382.72318
2011-09-26 03:00:00,46.96347
2011-09-26 04:00:00,254.49597
2011-09-26 05:00:00,49.21026
2011-09-26 06:00:00,254.49599
2011-09-26 07:00:00,46.96347
2011-09-26 08:00:00,46.96347
2011-09-26 09:00:00,223.37497
2011-09-26 10:00:00,223.37497
2011-09-26 11:00:00,320.6077
2011-09-26 12:00:00,359.13376
2011-09-26 13:00:00,339.86664
2011-09-26 14:00:00,478.07526
2011-09-26 15:00:00,499.03705
2011-09-26 16:00:00,469.91376
2011-09-26 17:00:00,520.0926
2011-09-26 18:00:00,372.90952
2011-09-26 19:00:00,353.55145
2011-09-26 20:00:00,165.76323
2011-09-26 21:00:00,165.76323
2011-09-26 22:00:00,131.97592
2011-09-26 23:00:00,131.97592
2011-09-27 00:00:00,131.97592
2011-09-27 01:00:00,106.78997
2011-09-27 02:00:00,139.39346
2011-09-27 03:00:00,46.96347
2011-09-27 04:00:00,219.32027
2011-09-27 05:00:00,219.32027
2011-09-27 06:00:00,274.77505
2011-09-27 07:00:00,274.77505
2011-09-27 08:00:00,407.36325
2011-09-27 09:00:00,268.78488
2011-09-27 10:00:00,244.77672
2011-09-27 11:00:00,417.17136
2011-09-27 12:00:00,295.02405
2011-09-27 13:00:00,363.05273
2011-09-27 14:00:00,425.82507
2011-09-27 15:00:00,429.37408
2011-09-27 16:00:00,314.899
2011-09-27 17:00:00,237.26227
2011-09-27 18:00:00,233.65884
2011-09-27 19:00:00,262.4516
2011-09-27 20:00:00,233.73047
2011-09-27 21:00:00,225.40848
2011-09-27 22:00:00,228.6001
2011-09-27 23:00:00,228.6001
2011-09-28 00:00:00,224.30617
2011-09-28 01:00:00,224.30617
2011-09-28 02:00:00,215.46182
2011-09-28 03:00:00,284.68573
2011-09-28 04:00:00,224.30617
2011-09-28 05:00:00,45.852768
2011-09-28 06:00:00,161.42607
2011-09-28 07:00:00,161.42607
2011-09-28 08:00:00,111.286766
2011-09-28 09:00:00,111.286766
2011-09-28 10:00:00,46.96347
2011-09-28 11:00:00,413.43866
2011-09-28 12:00:00,416.82385
2011-09-28 13:00:00,460.67102
2011-09-28 14:00:00,473.02432
2011-09-28 15:00:00,520.0926
2011-09-28 16:00:00,484.6791
2011-09-28 17:00:00,482.09494
2011-09-28 18:00:00,357.40094
2011-09-28 19:00:00,357.40094
2011-09-28 20:00:00,220.05962
2011-09-28 21:00:00,170.71542
2011-09-28 22:00:00,228.6001
2011-09-28 23:00:00,145.75363
2011-09-29 00:00:00,120.760315
2011-09-29 01:00:00,219.44667
2011-09-29 02:00:00,219.44667
2011-09-29 03:00:00,244.03287
2011-09-29 04:00:00,207.88461
2011-09-29 05:00:00,341.01456
2011-09-29 06:00:00,390.97424
2011-09-29 07:00:00,156.93759
2011-09-29 08:00:00,225.40848
2011-09-29 09:00:00,271.16122
2011-09-29 10:00:00,435.9944
2011-09-29 11:00:00,400.07138
2011-09-29 12:00:00,439.71814
2011-09-29 13:00:00,418.7356
2011-09-29 14:00:00,355.16876
2011-09-29 15:00:00,338.2909
2011-09-29 16:00:00,256.25436
2011-09-29 17:00:00,330.41068
2011-09-29 18:00:00,442.88974
2011-09-29 19:00:00,287.45013
2011-09-29 20:00:00,380.80093
2011-09-29 21:00:00,480.1181
2011-09-29 22:00:00,284.16614
2011-09-29 23:00:00,211.22653
2011-09-30 00:00:00,242.37427
2011-09-30 01:00:00,253.98822
2011-09-30 02:00:00,242.37427
2011-09-30 03:00:00,242.37434
2011-09-30 04:00:00,197.00134
2011-09-30 05:00:00,197.00131
2011-09-30 06:00:00,237.91867
2011-09-30 07:00:00,237.91867
2011-09-30 08:00:00,162.30887
2011-09-30 09:00:00,230.78172
2011-09-30 10:00:00,604.27435
2011-09-30 11:00:00,485.92822
2011-09-30 12:00:00,362.3418
2011-09-30 13:00:00,510.28027
2011-09-30 14:00:00,483.75418
2011-09-30 15:00:00,418.42938
2011-09-30 16:00:00,391.4229
2011-09-30 17:00:00,362.47427
2011-09-30 18:00:00,331.50342
2011-09-30 19:00:00,211.79941
2011-09-30 20:00:00,211.79941
2011-09-30 21:00:00,258.1148
2011-09-30 22:00:00,134.26651
2011-09-30 23:00:00,134.26651
2011-10-20 00:00:00,190.71005
2011-10-20 01:00:00,238.26288
2011-10-20 02:00:00,367.0986
2011-10-20 03:00:00,288.05978
2011-10-20 04:00:00,288.05978
2011-10-20 05:00:00,247.8002
2011-10-20 06:00:00,386.37897
2011-10-20 07:00:00,233.61115
2011-10-20 08:00:00,125.49504
2011-10-20 09:00:00,91.22407
2011-10-20 10:00:00,188.6301
2011-10-20 11:00:00,192.14767
2011-10-20 12:00:00,272.64462
2011-10-20 13:00:00,268.48395
2011-10-20 14:00:00,283.88626
2011-10-20 15:00:00,279.25085
2011-10-20 16:00:00,279.25085
2011-10-20 17:00:00,232.27875
2011-10-20 18:00:00,333.01215
2011-10-20 19:00:00,263.46487
2011-10-20 20:00:00,271.39935
2011-10-20 21:00:00,176.84085
2011-10-20 22:00:00,191.43143
2011-10-20 23:00:00,243.94968
2011-10-21 00:00:00,120.58291
2011-10-21 01:00:00,165.8676
2011-10-21 02:00:00,206.39871
2011-10-21 03:00:00,93.571846
2011-10-21 04:00:00,140.8226
2011-10-21 05:00:00,110.64675
2011-10-21 06:00:00,140.8226
2011-10-21 07:00:00,140.8226
2011-10-21 08:00:00,218.65712
2011-10-21 09:00:00,286.0032
2011-10-21 10:00:00,208.33197
2011-10-21 11:00:00,224.15045
2011-10-21 12:00:00,330.85385
2011-10-21 13:00:00,194.07626
2011-10-21 14:00:00,418.23108
2011-10-21 15:00:00,365.37964
2011-10-21 16:00:00,302.45245
2011-10-21 17:00:00,289.632
2011-10-21 18:00:00,312.79175
2011-10-21 19:00:00,285.1909
2011-10-21 20:00:00,259.2188
2011-10-21 21:00:00,231.16818
2011-10-21 22:00:00,230.81415
2011-10-21 23:00:00,165.8676
2011-10-22 00:00:00,175.22202
2011-10-22 01:00:00,175.22202
2011-10-22 02:00:00,275.01755
2011-10-22 03:00:00,178.60391
2011-10-22 04:00:00,243.73256
2011-10-22 05:00:00,187.2811
2011-10-22 06:00:00,174.01584
2011-10-22 07:00:00,100.84495
2011-10-22 08:00:00,197.41484
2011-10-22 09:00:00,227.30563
2011-10-22 10:00:00,158.6732
2011-10-22 11:00:00,158.6732
2011-10-22 12:00:00,273.55603
2011-10-22 13:00:00,549.86926
2011-10-22 14:00:00,270.40097
2011-10-22 15:00:00,292.72418
2011-10-22 16:00:00,385.53094
2011-10-22 17:00:00,224.3597
2011-10-22 18:00:00,276.73923
2011-10-22 19:00:00,208.1626
2011-10-22 20:00:00,221.54161
2011-10-22 21:00:00,176.83107
2011-10-22 22:00:00,176.83107
2011-10-22 23:00:00,110.27445
2011-10-23 00:00:00,152.25235
2011-10-23 01:00:00,152.25235
2011-10-23 02:00:00,69.00602
2011-10-23 03:00:00,156.40913
2011-10-23 04:00:00,156.40913
2011-10-23 05:00:00,134.07076
2011-10-23 06:00:00,62.349346
2011-10-23 07:00:00,69.00602
2011-10-23 08:00:00,82.95837
2011-10-23 09:00:00,176.83107
2011-10-23 10:00:00,191.42786
2011-10-23 11:00:00,179.7729
2011-10-23 12:00:00,226.5959
2011-10-23 13:00:00,338.55576
2011-10-23 14:00:00,308.2941
2011-10-23 15:00:00,347.1199
2011-10-23 16:00:00,338.55576
2011-10-23 17:00:00,245.54353
2011-10-23 18:00:00,263.5039
2011-10-23 19:00:00,133.83348
2011-10-23 20:00:00,205.35695
2011-10-23 21:00:00,205.35695
2011-10-23 22:00:00,151.38475
2011-10-23 23:00:00,157.3677
2011-10-24 00:00:00,189.04678
2011-10-24 01:00:00,70.16386
2011-10-24 02:00:00,80.54006
2011-10-24 03:00:00,79.59159
2011-10-24 04:00:00,87.57879
2011-10-24 05:00:00,104.5838
2011-10-24 06:00:00,80.54006
2011-10-24 07:00:00,122.61408
2011-10-24 08:00:00,144.18867
2011-10-24 09:00:00,161.76442
2011-10-24 10:00:00,143.30283
2011-10-24 11:00:00,324.17883
2011-10-24 12:00:00,265.3068
2011-10-24 13:00:00,326.96185
2011-10-24 14:00:00,323.00928
2011-10-24 15:00:00,359.09525
2011-10-24 16:00:00,368.7292
2011-10-24 17:00:00,267.49933
2011-10-24 18:00:00,411.42584
2011-10-24 19:00:00,134.74182
2011-10-24 20:00:00,194.9326
2011-10-24 21:00:00,86.75754
2011-10-24 22:00:00,190.99756
2011-10-24 23:00:00,240.88142
2011-10-25 00:00:00,172.64763
2011-10-25 01:00:00,172.64763
2011-10-25 02:00:00,63.26196
2011-10-25 03:00:00,99.44867
2011-10-25 04:00:00,87.36821
2011-10-25 05:00:00,87.36821
2011-10-25 06:00:00,74.21282
2011-10-25 07:00:00,194.55893
2011-10-25 08:00:00,183.52122
2011-10-25 09:00:00,195.17206
2011-10-25 10:00:00,184.0639
2011-10-25 11:00:00,299.6031
2011-10-25 12:00:00,356.1697
2011-10-25 13:00:00,315.12354
2011-10-25 14:00:00,400.26224
2011-10-25 15:00:00,227.67316
2011-10-25 16:00:00,465.64178
2011-10-25 17:00:00,227.67316
2011-10-25 18:00:00,220.85483
2011-10-25 19:00:00,230.67113
2011-10-25 20:00:00,268.2499
2011-10-25 21:00:00,203.7191
2011-10-25 22:00:00,217.46727
2011-10-25 23:00:00,203.7191
2011-10-26 00:00:00,206.45184
2011-10-26 01:00:00,97.410576
2011-10-26 02:00:00,206.09183
2011-10-26 03:00:00,181.8612
2011-10-26 04:00:00,177.8523
2011-10-26 05:00:00,226.82707
2011-10-26 06:00:00,226.82707
2011-10-26 07:00:00,206.66437
2011-10-26 08:00:00,307.28592
2011-10-26 09:00:00,291.74332
2011-10-26 10:00:00,277.4407
2011-10-26 11:00:00,142.46619
2011-10-26 12:00:00,471.59534
2011-10-26 13:00:00,321.6849
2011-10-26 14:00:00,152.03188
2011-10-26 15:00:00,152.03188
2011-10-26 16:00:00,281.10883
2011-10-26 17:00:00,240.43573
2011-10-26 18:00:00,169.78342
2011-10-26 19:00:00,140.04617
2011-10-26 20:00:00,162.32426
2011-10-26 21:00:00,152.03188
2011-10-26 22:00:00,112.746376
2011-10-26 23:00:00,112.746376
2011-10-27 00:00:00,131.05847
2011-10-27 01:00:00,131.05847
2011-10-27 02:00:00,157.43086
2011-10-27 03:00:00,157.43088
2011-10-27 04:00:00,225.9425
2011-10-27 05:00:00,57.97237
2011-10-27 06:00:00,121.81516
2011-10-27 07:00:00,115.191475
2011-10-27 08:00:00,124.27271
2011-10-27 09:00:00,197.45673
2011-10-27 10:00:00,164.14154
2011-10-27 11:00:00,162.88379
2011-10-27 12:00:00,162.88379
2011-10-27 13:00:00,211.20763
2011-10-27 14:00:00,71.735466
2011-10-27 15:00:00,222.22218
2011-10-27 16:00:00,306.5478
2011-10-27 17:00:00,240.9028
2011-10-27 18:00:00,213.14584
2011-10-27 19:00:00,213.75165
2011-10-27 20:00:00,140.5286
2011-10-27 21:00:00,166.29347
2011-10-27 22:00:00,52.423683
2011-10-27 23:00:00,203.81502
2011-10-28 00:00:00,195.06268
2011-10-28 01:00:00,218.44601
2011-10-28 02:00:00,297.0915
2011-10-28 03:00:00,280.3086
2011-10-28 04:00:00,317.109
2011-10-28 05:00:00,360.04108
2011-10-28 06:00:00,276.52203
2011-10-28 07:00:00,276.52203
2011-10-28 08:00:00,300.99985
2011-10-28 09:00:00,229.50363
2011-10-28 10:00:00,233.17883
2011-10-28 11:00:00,283.42914
2011-10-28 12:00:00,260.2724
2011-10-28 13:00:00,254.04333
2011-10-28 14:00:00,273.9724
2011-10-28 15:00:00,286.9436
2011-10-28 16:00:00,249.02428
2011-10-28 17:00:00,250.3154
2011-10-28 18:00:00,298.82135
2011-10-28 19:00:00,250.3154
2011-10-28 20:00:00,139.36574
2011-10-28 21:00:00,59.549305
2011-10-28 22:00:00,75.53891
2011-10-28 23:00:00,52.483135
2011-10-29 00:00:00,50.8621
2011-10-29 01:00:00,55.454582
2011-10-29 02:00:00,55.454582
2011-10-29 03:00:00,9.506397
2011-10-29 04:00:00,9.506397
2011-10-29 05:00:00,13.306316
2011-10-29 06:00:00,14.073523
2011-10-29 07:00:00,14.073523
2011-10-29 08:00:00,25.50593
2011-10-29 09:00:00,25.50593
2011-10-29 10:00:00,35.46305
2011-10-29 11:00:00,-1.6560407
2011-10-29 12:00:00,0.6155486
2011-10-29 13:00:00,1.3353763
2011-10-29 14:00:00,0.49508047
2011-10-29 15:00:00,50.119293
2011-10-29 16:00:00,21.353415
2011-10-29 17:00:00,21.353415
2011-10-29 18:00:00,21.353415
2011-10-29 19:00:00,6.537393
2011-10-29 20:00:00,6.537393
2011-10-29 21:00:00,6.5373473
2011-10-29 22:00:00,51.13941
2011-10-29 23:00:00,49.99119
2011-10-30 00:00:00,51.13941
2011-10-30 01:00:00,52.074806
2011-10-30 02:00:00,48.153347
2011-10-30 03:00:00,16.412176
2011-10-30 04:00:00,13.488207
2011-10-30 05:00:00,40.007652
2011-10-30 06:00:00,57.743332
2011-10-30 07:00:00,20.201515
2011-10-30 08:00:00,95.34889
2011-10-30 09:00:00,95.44824
2011-10-30 10:00:00,224.63524
2011-10-30 11:00:00,213.93878
2011-10-30 12:00:00,226.4245
2011-10-30 13:00:00,369.0567
2011-10-30 14:00:00,505.38306
2011-10-30 15:00:00,562.1976
2011-10-30 16:00:00,568.30005
2011-10-30 17:00:00,460.2708
2011-10-30 18:00:00,354.41412
2011-10-30 19:00:00,288.60657
2011-10-30 20:00:00,249.56769
2011-10-30 21:00:00,97.927574
2011-10-30 22:00:00,75.14028
2011-10-30 23:00:00,23.892405
2011-10-31 00:00:00,229.07224
2011-10-31 01:00:00,116.19678
2011-10-31 02:00:00,209.68759
2011-10-31 03:00:00,544.203
2011-10-31 04:00:00,209.68765
2011-10-31 05:00:00,165.08878
2011-10-31 06:00:00,209.68759
2011-10-31 07:00:00,184.99799
2011-10-31 08:00:00,134.99442
2011-10-31 09:00:00,216.82117
2011-10-31 10:00:00,358.2703
2011-10-31 11:00:00,254.70995
2011-10-31 12:00:00,238.64743
2011-10-31 13:00:00,270.93408
2011-10-31 14:00:00,239.65149
2011-10-31 15:00:00,246.52283
2011-10-31 16:00:00,230.81415
2011-10-31 17:00:00,245.32169
2011-10-31 18:00:00,279.55014
2011-10-31 19:00:00,279.55014
2011-10-31 20:00:00,279.55014
2011-10-31 21:00:00,179.01161
2011-10-31 22:00:00,179.01161
2011-10-31 23:00:00,179.01161
2011-11-20 00:00:00,183.11064
2011-11-20 01:00:00,275.01755
2011-11-20 02:00:00,286.17157
2011-11-20 03:00:00,203.83438
2011-11-20 04:00:00,146.98517
2011-11-20 05:00:00,235.80154
2011-11-20 06:00:00,254.46838
2011-11-20 07:00:00,267.3034
2011-11-20 08:00:00,209.4711
2011-11-20 09:00:00,171.39487
2011-11-20 10:00:00,216.50427
2011-11-20 11:00:00,215.7254
2011-11-20 12:00:00,213.22241
2011-11-20 13:00:00,153.30963
2011-11-20 14:00:00,333.8291
2011-11-20 15:00:00,242.37466
2011-11-20 16:00:00,237.18909
2011-11-20 17:00:00,210.07654
2011-11-20 18:00:00,258.54288
2011-11-20 19:00:00,222.71765
2011-11-20 20:00:00,234.05463
2011-11-20 21:00:00,238.01816
2011-11-20 22:00:00,217.01382
2011-11-20 23:00:00,217.01382
2011-11-21 00:00:00,51.285305
2011-11-21 01:00:00,83.83054
2011-11-21 02:00:00,110.613625
2011-11-21 03:00:00,94.89582
2011-11-21 04:00:00,94.89582
2011-11-21 05:00:00,73.9694
2011-11-21 06:00:00,93.09814
2011-11-21 07:00:00,163.75188
2011-11-21 08:00:00,51.285305
2011-11-21 09:00:00,76.40249
2011-11-21 10:00:00,71.735466
2011-11-21 11:00:00,222.22218
2011-11-21 12:00:00,232.87631
2011-11-21 13:00:00,232.87631
2011-11-21 14:00:00,146.98369
2011-11-21 15:00:00,91.45478
2011-11-21 16:00:00,91.45478
2011-11-21 17:00:00,88.12536
2011-11-21 18:00:00,82.58254
2011-11-21 19:00:00,108.185295
2011-11-21 20:00:00,89.7254
2011-11-21 21:00:00,97.30499
2011-11-21 22:00:00,111.51971
2011-11-21 23:00:00,97.30499
2011-11-22 00:00:00,59.940186
2011-11-22 01:00:00,72.8283
2011-11-22 02:00:00,59.339237
2011-11-22 03:00:00,59.339237
2011-11-22 04:00:00,112.66863
2011-11-22 05:00:00,112.66863
2011-11-22 06:00:00,122.61408
2011-11-22 07:00:00,93.202324
2011-11-22 08:00:00,93.202324
2011-11-22 09:00:00,88.571526
2011-11-22 10:00:00,88.571526
2011-11-22 11:00:00,72.8283
2011-11-22 12:00:00,49.914013
2011-11-22 13:00:00,48.473495
2011-11-22 14:00:00,48.473495
2011-11-22 15:00:00,145.12589
2011-11-22 16:00:00,145.12589
2011-11-22 17:00:00,45.859764
2011-11-22 18:00:00,66.56392
2011-11-22 19:00:00,112.98385
2011-11-22 20:00:00,215.9563
2011-11-22 21:00:00,241.66812
2011-11-22 22:00:00,217.48758
2011-11-22 23:00:00,242.87524
2011-11-23 00:00:00,242.87524
2011-11-23 01:00:00,329.30203
2011-11-23 02:00:00,92.369896
2011-11-23 03:00:00,92.36988
2011-11-23 04:00:00,147.2896
2011-11-23 05:00:00,187.5781
2011-11-23 06:00:00,73.9694
2011-11-23 07:00:00,128.88019
2011-11-23 08:00:00,76.40249
2011-11-23 09:00:00,208.2649
2011-11-23 10:00:00,208.2649
2011-11-23 11:00:00,287.72803
2011-11-23 12:00:00,323.27493
2011-11-23 13:00:00,229.56952
2011-11-23 14:00:00,199.22586
2011-11-23 15:00:00,213.38913
2011-11-23 16:00:00,212.33017
2011-11-23 17:00:00,218.42609
2011-11-23 18:00:00,207.60732
2011-11-23 19:00:00,341.56595
2011-11-23 20:00:00,255.63968
2011-11-23 21:00:00,186.16963
2011-11-23 22:00:00,191.88968
2011-11-23 23:00:00,275.1885
2011-11-24 00:00:00,60.764984
2011-11-24 01:00:00,69.82292
2011-11-24 02:00:00,46.120747
2011-11-24 03:00:00,7.30186
2011-11-24 04:00:00,47.40689
2011-11-24 05:00:00,37.34721
2011-11-24 06:00:00,47.40689
2011-11-24 07:00:00,7.2429357
2011-11-24 08:00:00,35.371815
2011-11-24 09:00:00,74.380424
2011-11-24 10:00:00,71.45406
2011-11-24 11:00:00,317.76114
2011-11-24 12:00:00,367.54785
2011-11-24 13:00:00,385.7069
2011-11-24 14:00:00,209.05634
2011-11-24 15:00:00,288.18826
2011-11-24 16:00:00,328.49347
2011-11-24 17:00:00,359.8769
2011-11-24 18:00:00,189.94873
2011-11-24 19:00:00,250.01962
2011-11-24 20:00:00,63.12688
2011-11-24 21:00:00,60.292747
2011-11-24 22:00:00,60.292747
2011-11-24 23:00:00,61.497414
2011-11-25 00:00:00,108.336296
2011-11-25 01:00:00,71.80235
2011-11-25 02:00:00,180.82568
2011-11-25 03:00:00,101.76774
2011-11-25 04:00:00,83.73995
2011-11-25 05:00:00,58.16581
2011-11-25 06:00:00,268.63934
2011-11-25 07:00:00,116.19678
2011-11-25 08:00:00,306.5484
2011-11-25 09:00:00,59.820366
2011-11-25 10:00:00,140.8226
2011-11-25 11:00:00,259.56436
2011-11-25 12:00:00,232.01292
2011-11-25 13:00:00,224.15045
2011-11-25 14:00:00,442.50732
2011-11-25 15:00:00,454.7253
2011-11-25 16:00:00,421.4621
2011-11-25 17:00:00,229.35643
2011-11-25 18:00:00,240.55914
2011-11-25 19:00:00,340.76746
2011-11-25 20:00:00,345.08417
2011-11-25 21:00:00,140.75436
2011-11-25 22:00:00,73.19982
2011-11-25 23:00:00,78.40399
2011-11-26 00:00:00,101.908
2011-11-26 01:00:00,97.19999
2011-11-26 02:00:00,79.347694
2011-11-26 03:00:00,106.79862
2011-11-26 04:00:00,106.79862
2011-11-26 05:00:00,103.547905
2011-11-26 06:00:00,363.66415
2011-11-26 07:00:00,40.630894
2011-11-26 08:00:00,97.19999
2011-11-26 09:00:00,87.19106
2011-11-26 10:00:00,107.81158
2011-11-26 11:00:00,222.44925
2011-11-26 12:00:00,270.38147
2011-11-26 13:00:00,556.96094
2011-11-26 14:00:00,172.0061
2011-11-26 15:00:00,255.33896
2011-11-26 16:00:00,167.83994
2011-11-26 17:00:00,167.83994
2011-11-26 18:00:00,48.51674
2011-11-26 19:00:00,259.2278
2011-11-26 20:00:00,464.20758
2011-11-26 21:00:00,204.52689
2011-11-26 22:00:00,343.09344
2011-11-26 23:00:00,107.81158
2011-11-27 00:00:00,107.81158
2011-11-27 01:00:00,107.81158
2011-11-27 02:00:00,107.829704
2011-11-27 03:00:00,156.40913
2011-11-27 04:00:00,69.77903
2011-11-27 05:00:00,100.64556
2011-11-27 06:00:00,144.49605
2011-11-27 07:00:00,100.63402
2011-11-27 08:00:00,119.79353
2011-11-27 09:00:00,337.37326
2011-11-27 10:00:00,337.37326
2011-11-27 11:00:00,167.90948
2011-11-27 12:00:00,263.90094
2011-11-27 13:00:00,330.61014
2011-11-27 14:00:00,697.52936
2011-11-27 15:00:00,538.46094
2011-11-27 16:00:00,359.02234
2011-11-27 17:00:00,372.5278
2011-11-27 18:00:00,264.43997
2011-11-27 19:00:00,224.98419
2011-11-27 20:00:00,294.26816
2011-11-27 21:00:00,303.06635
2011-11-27 22:00:00,313.95135
2011-11-27 23:00:00,313.95135
2011-11-28 00:00:00,193.16708
2011-11-28 01:00:00,187.76608
2011-11-28 03:00:00,127.15655
2011-11-28 04:00:00,144.27533
2011-11-28 05:00:00,99.44867
2011-11-28 06:00:00,87.29243
2011-11-28 07:00:00,106.32878
2011-11-28 08:00:00,47.49341
2011-11-28 09:00:00,169.94443
2011-11-28 10:00:00,234.59554
2011-11-28 11:00:00,265.30682
2011-11-28 12:00:00,393.35727
2011-11-28 13:00:00,465.3725
2011-11-28 14:00:00,453.34943
2011-11-28 15:00:00,375.04443
2011-11-28 16:00:00,373.54114
2011-11-28 17:00:00,354.832
2011-11-28 18:00:00,390.7172
2011-11-28 19:00:00,234.71022
2011-11-28 20:00:00,286.75684
2011-11-28 21:00:00,230.75362
2011-11-28 22:00:00,222.22218
2011-11-28 23:00:00,201.86194
2011-11-29 00:00:00,141.06174
2011-11-29 01:00:00,291.38113
2011-11-29 02:00:00,41.748825
2011-11-29 03:00:00,41.748825
2011-11-29 04:00:00,168.1222
2011-11-29 05:00:00,271.70178
2011-11-29 06:00:00,268.936
2011-11-29 07:00:00,231.778
2011-11-29 08:00:00,243.2612
2011-11-29 09:00:00,333.74533
2011-11-29 10:00:00,333.74533
2011-11-29 11:00:00,88.6984
2011-11-29 12:00:00,94.890114
2011-11-29 13:00:00,212.9506
2011-11-29 14:00:00,108.1853
2011-11-29 15:00:00,94.00263
2011-11-29 16:00:00,89.72544
2011-11-29 17:00:00,303.40744
2011-11-29 18:00:00,257.51294
2011-11-29 19:00:00,291.84518
2011-11-29 20:00:00,243.8999
2011-11-29 21:00:00,243.8999
2011-11-29 22:00:00,234.36752
2011-11-29 23:00:00,288.9148
2011-11-30 00:00:00,218.52386
2011-11-30 01:00:00,325.7387
2011-11-30 02:00:00,101.03153
2011-11-30 03:00:00,101.03153
2011-11-30 04:00:00,219.40695
2011-11-30 05:00:00,319.8884
2011-11-30 06:00:00,450.69208
2011-11-30 07:00:00,268.63934
2011-11-30 08:00:00,319.8884
2011-11-30 09:00:00,279.37042
2011-11-30 10:00:00,127.66747
2011-11-30 11:00:00,147.50357
2011-11-30 12:00:00,379.67197
2011-11-30 13:00:00,137.61322
2011-11-30 14:00:00,137.61322
2011-11-30 15:00:00,243.85092
2011-11-30 16:00:00,191.92877
2011-11-30 17:00:00,181.75662
2011-11-30 18:00:00,266.50192
2011-11-30 19:00:00,325.07257
2011-11-30 20:00:00,325.07257
2011-11-30 21:00:00,199.80286
2011-11-30 22:00:00,266.5346
2011-11-30 23:00:00,218.20438
2011-12-20 00:00:00,324.11737
2011-12-20 01:00:00,198.22522
2011-12-20 02:00:00,113.11237
2011-12-20 03:00:00,113.11237
2011-12-20 04:00:00,277.98715
2011-12-20 05:00:00,152.15619
2011-12-20 06:00:00,152.15616
2011-12-20 07:00:00,135.1919
2011-12-20 08:00:00,284.31433
2011-12-20 09:00:00,163.54227
2011-12-20 10:00:00,266.33585
2011-12-20 11:00:00,294.585
2011-12-20 12:00:00,268.71454
2011-12-20 13:00:00,268.71454
2011-12-20 14:00:00,298.15704
2011-12-20 15:00:00,316.0827
2011-12-20 16:00:00,391.61053
2011-12-20 17:00:00,272.3647
2011-12-20 18:00:00,224.60966
2011-12-20 19:00:00,401.3642
2011-12-20 20:00:00,369.31488
2011-12-20 21:00:00,237.81198
2011-12-20 22:00:00,163.54227
2011-12-20 23:00:00,149.825
2011-12-21 00:00:00,160.59396
2011-12-21 01:00:00,98.11504
2011-12-21 02:00:00,147.37415
2011-12-21 03:00:00,147.37415
2011-12-21 04:00:00,147.37415
2011-12-21 05:00:00,158.18854
2011-12-21 06:00:00,124.65552
2011-12-21 07:00:00,167.81293
2011-12-21 08:00:00,172.52817
2011-12-21 09:00:00,213.32413
2011-12-21 10:00:00,108.32631
2011-12-21 11:00:00,108.32631
2011-12-21 12:00:00,98.49877
2011-12-21 13:00:00,107.310875
2011-12-21 14:00:00,103.01766
2011-12-21 15:00:00,103.9049
2011-12-21 16:00:00,104.32914
2011-12-21 17:00:00,104.32914
2011-12-21 18:00:00,94.48765
2011-12-21 19:00:00,125.72726
2011-12-21 20:00:00,102.119705
2011-12-21 21:00:00,206.04391
2011-12-21 22:00:00,230.92691
2011-12-21 23:00:00,199.75998
2011-12-22 00:00:00,180.56491
2011-12-22 01:00:00,151.59744
2011-12-22 02:00:00,173.42383
2011-12-22 03:00:00,129.6329
2011-12-22 04:00:00,118.83259
2011-12-22 05:00:00,113.104256
2011-12-22 06:00:00,90.66215
2011-12-22 07:00:00,83.27991
2011-12-22 08:00:00,124.65552
2011-12-22 09:00:00,138.25912
2011-12-22 10:00:00,191.28732
2011-12-22 11:00:00,289.92743
2011-12-22 12:00:00,156.58011
2011-12-22 13:00:00,118.48454
2011-12-22 14:00:00,118.48454
2011-12-22 15:00:00,101.68276
2011-12-22 16:00:00,118.48454
2011-12-22 17:00:00,143.23985
2011-12-22 18:00:00,69.9823
2011-12-22 19:00:00,107.74004
2011-12-22 20:00:00,102.52686
2011-12-22 21:00:00,102.52686
2011-12-22 22:00:00,93.87464
2011-12-22 23:00:00,233.199
2011-12-23 00:00:00,88.64326
2011-12-23 01:00:00,88.64326
2011-12-23 02:00:00,87.16204
2011-12-23 03:00:00,87.16204
2011-12-23 04:00:00,110.09283
2011-12-23 05:00:00,106.543045
2011-12-23 06:00:00,101.873314
2011-12-23 07:00:00,88.28851
2011-12-23 08:00:00,82.27706
2011-12-23 09:00:00,77.88183
2011-12-23 10:00:00,112.45091
2011-12-23 11:00:00,229.12949
2011-12-23 12:00:00,153.20482
2011-12-23 13:00:00,196.19803
2011-12-23 14:00:00,259.97604
2011-12-23 15:00:00,146.75089
2011-12-23 16:00:00,85.43008
2011-12-23 17:00:00,81.06859
2011-12-23 18:00:00,75.329895
2011-12-23 19:00:00,78.962715
2011-12-23 20:00:00,151.91891
2011-12-23 21:00:00,60.908615
2011-12-23 22:00:00,61.740482
2011-12-23 23:00:00,71.810196
2011-12-24 00:00:00,106.37761
2011-12-24 01:00:00,56.606537
2011-12-24 02:00:00,118.811226
2011-12-24 03:00:00,118.90893
2011-12-24 04:00:00,119.39532
2011-12-24 05:00:00,119.39532
2011-12-24 06:00:00,58.383408
2011-12-24 07:00:00,24.356005
2011-12-24 08:00:00,39.139496
2011-12-24 09:00:00,92.16314
2011-12-24 10:00:00,133.69466
2011-12-24 11:00:00,88.4016
2011-12-24 12:00:00,93.71752
2011-12-24 13:00:00,83.77314
2011-12-24 14:00:00,83.77314
2011-12-24 15:00:00,73.30539
2011-12-24 16:00:00,84.00047
2011-12-24 17:00:00,167.9147
2011-12-24 18:00:00,77.35139
2011-12-24 19:00:00,124.00637
2011-12-24 20:00:00,35.504307
2011-12-24 21:00:00,32.85964
2011-12-24 22:00:00,49.236122
2011-12-24 23:00:00,40.93258
2011-12-25 00:00:00,25.973394
2011-12-25 01:00:00,54.353226
2011-12-25 02:00:00,32.683952
2011-12-25 03:00:00,41.12421
2011-12-25 05:00:00,41.27186
2011-12-25 06:00:00,41.27186
2011-12-25 07:00:00,43.913116
2011-12-25 08:00:00,23.904072
2011-12-25 09:00:00,38.628014
2011-12-25 10:00:00,-2.2008977
2011-12-25 11:00:00,42.95066
2011-12-25 12:00:00,7.0583453
2011-12-25 13:00:00,15.460369
2011-12-25 14:00:00,70.604195
2011-12-25 15:00:00,58.41557
2011-12-25 16:00:00,151.38158
2011-12-25 17:00:00,75.71052
2011-12-25 18:00:00,31.746578
2011-12-25 19:00:00,141.9885
2011-12-25 20:00:00,194.67056
2011-12-25 21:00:00,127.57914
2011-12-25 22:00:00,24.341875
2011-12-25 23:00:00,39.0111
2011-12-26 00:00:00,22.41268
2011-12-26 01:00:00,31.931139
2011-12-26 02:00:00,153.42612
2011-12-26 04:00:00,238.78964
2011-12-26 05:00:00,71.64709
2011-12-26 06:00:00,234.5731
2011-12-26 07:00:00,110.10903
2011-12-26 08:00:00,90.43982
2011-12-26 09:00:00,238.78964
2011-12-26 10:00:00,162.13551
2011-12-26 11:00:00,201.60919
2011-12-26 12:00:00,102.90248
2011-12-26 13:00:00,115.25308
2011-12-26 14:00:00,135.46051
2011-12-26 15:00:00,104.14315
2011-12-26 16:00:00,180.34676
2011-12-26 17:00:00,153.42612
2011-12-26 18:00:00,153.87216
2011-12-26 19:00:00,37.685284
2011-12-26 20:00:00,69.91819
2011-12-26 21:00:00,37.652744
2011-12-26 22:00:00,37.652725
2011-12-26 23:00:00,26.036917
2011-12-27 00:00:00,86.28625
2011-12-27 01:00:00,77.90838
2011-12-27 02:00:00,77.90838
2011-12-27 03:00:00,140.5336
2011-12-27 04:00:00,149.22157
2011-12-27 05:00:00,88.22922
2011-12-27 06:00:00,83.16834
2011-12-27 07:00:00,88.71666
2011-12-27 08:00:00,169.3178
2011-12-27 09:00:00,204.88501
2011-12-27 10:00:00,72.30912
2011-12-27 11:00:00,204.88501
2011-12-27 12:00:00,91.61465
2011-12-27 13:00:00,92.88252
2011-12-27 14:00:00,91.51597
2011-12-27 15:00:00,91.51597
2011-12-27 16:00:00,99.73232
2011-12-27 17:00:00,111.99814
2011-12-27 18:00:00,117.43485
2011-12-27 19:00:00,106.16511
2011-12-27 20:00:00,107.467636
2011-12-27 21:00:00,117.08681
2011-12-27 22:00:00,117.08681
2011-12-27 23:00:00,108.806244
2011-12-28 00:00:00,107.0333
2011-12-28 01:00:00,81.21345
2011-12-28 02:00:00,67.960236
2011-12-28 03:00:00,67.960236
2011-12-28 05:00:00,212.22757
2011-12-28 06:00:00,63.900368
2011-12-28 07:00:00,63.900368
2011-12-28 08:00:00,212.22754
2011-12-28 09:00:00,170.10522
2011-12-28 10:00:00,59.494038
2011-12-28 11:00:00,214.63943
2011-12-28 12:00:00,131.74957
2011-12-28 13:00:00,147.42169
2011-12-28 14:00:00,139.568
2011-12-28 15:00:00,154.10895
2011-12-28 16:00:00,156.97694
2011-12-28 17:00:00,100.62513
2011-12-28 18:00:00,125.64923
2011-12-28 19:00:00,79.33053
2011-12-28 20:00:00,75.93616
2011-12-28 21:00:00,68.50656
2011-12-28 22:00:00,103.05215
2011-12-28 23:00:00,77.39146
2011-12-29 00:00:00,152.82896
2011-12-29 01:00:00,75.11714
2011-12-29 02:00:00,59.11876
2011-12-29 03:00:00,103.32228
2011-12-29 04:00:00,78.792854
2011-12-29 05:00:00,55.331543
2011-12-29 06:00:00,76.539375
2011-12-29 07:00:00,144.84454
2011-12-29 08:00:00,106.41096
2011-12-29 09:00:00,92.62212
2011-12-29 10:00:00,95.58122
2011-12-29 11:00:00,167.92482
2011-12-29 12:00:00,164.75058
2011-12-29 13:00:00,99.91316
2011-12-29 14:00:00,104.72688
2011-12-29 15:00:00,138.94113
2011-12-29 16:00:00,77.02377
2011-12-29 17:00:00,52.05183
2011-12-29 18:00:00,67.01457
2011-12-29 19:00:00,62.784653
2011-12-29 20:00:00,64.473434
2011-12-29 21:00:00,172.66626
2011-12-29 22:00:00,60.76535
2011-12-29 23:00:00,60.01997
2011-12-30 00:00:00,73.396736
2011-12-30 01:00:00,69.65261
2011-12-30 02:00:00,76.820366
2011-12-30 03:00:00,76.820366
2011-12-30 04:00:00,70.10598
2011-12-30 05:00:00,72.68034
2011-12-30 06:00:00,70.10598
2011-12-30 07:00:00,77.93159
2011-12-30 08:00:00,72.736046
2011-12-30 09:00:00,61.36943
2011-12-30 10:00:00,84.39408
2011-12-30 11:00:00,61.740482
2011-12-30 12:00:00,95.58338
2011-12-30 13:00:00,170.10272
2011-12-30 14:00:00,116.286705
2011-12-30 15:00:00,143.70981
2011-12-30 16:00:00,155.74304
2011-12-30 17:00:00,106.42788
2011-12-30 18:00:00,133.31935
2011-12-30 19:00:00,143.8258
2011-12-30 20:00:00,91.89963
2011-12-30 21:00:00,98.11504
2011-12-30 22:00:00,157.01105
2011-12-30 23:00:00,104.680214
2011-12-31 00:00:00,68.28231
2011-12-31 01:00:00,150.8347
2011-12-31 02:00:00,150.8347
2011-12-31 03:00:00,150.8347
2011-12-31 04:00:00,56.861233
2011-12-31 05:00:00,162.61322
2011-12-31 06:00:00,354.44547
2011-12-31 07:00:00,35.04013
2011-12-31 08:00:00,58.28898
2011-12-31 09:00:00,114.97942
2011-12-31 10:00:00,80.69407
2011-12-31 11:00:00,122.93242
2011-12-31 12:00:00,313.86252
2011-12-31 13:00:00,254.1474
2011-12-31 14:00:00,142.84924
2011-12-31 15:00:00,152.48592
2011-12-31 16:00:00,87.663185
2011-12-31 17:00:00,112.22793
2011-12-31 18:00:00,158.36932
2011-12-31 19:00:00,131.76424
2011-12-31 20:00:00,131.76424
2011-12-31 21:00:00,156.47427
2011-12-31 22:00:00,135.45418
2011-12-31 23:00:00,181.5267
2012-01-20 00:00:00,80.384766
2012-01-20 01:00:00,82.42597
2012-01-20 02:00:00,82.42597
2012-01-20 03:00:00,49.679043
2012-01-20 04:00:00,60.209686
2012-01-20 05:00:00,60.209686
2012-01-20 06:00:00,104.04226
2012-01-20 07:00:00,97.07436
2012-01-20 08:00:00,100.783226
2012-01-20 09:00:00,94.95997
2012-01-20 10:00:00,55.86573
2012-01-20 11:00:00,175.03075
2012-01-20 12:00:00,172.7129
2012-01-20 13:00:00,109.75145
2012-01-20 14:00:00,164.47333
2012-01-20 15:00:00,213.15866
2012-01-20 16:00:00,152.47525
2012-01-20 17:00:00,64.102516
2012-01-20 18:00:00,102.94134
2012-01-20 19:00:00,122.83837
2012-01-20 20:00:00,102.94134
2012-01-20 21:00:00,116.001335
2012-01-20 22:00:00,144.97955
2012-01-20 23:00:00,40.214104
2012-01-21 00:00:00,51.1391
2012-01-21 01:00:00,18.771486
2012-01-21 02:00:00,25.428574
2012-01-21 03:00:00,33.379646
2012-01-21 04:00:00,37.23263
2012-01-21 05:00:00,27.313028
2012-01-21 06:00:00,7.097175
2012-01-21 07:00:00,7.097175
2012-01-21 08:00:00,11.047808
2012-01-21 09:00:00,11.047808
2012-01-21 10:00:00,-4.256537
2012-01-21 11:00:00,41.71911
2012-01-21 12:00:00,37.827324
2012-01-21 13:00:00,40.276146
2012-01-21 14:00:00,21.098047
2012-01-21 15:00:00,21.098051
2012-01-21 16:00:00,40.913742
2012-01-21 17:00:00,59.48813
2012-01-21 18:00:00,65.61178
2012-01-21 19:00:00,41.07846
2012-01-21 20:00:00,30.85731
2012-01-21 21:00:00,11.718866
2012-01-21 22:00:00,30.835573
2012-01-21 23:00:00,18.394533
2012-01-22 00:00:00,8.460768
2012-01-22 01:00:00,30.835573
2012-01-22 02:00:00,28.76726
2012-01-22 03:00:00,35.76612
2012-01-22 04:00:00,4.3312697
2012-01-22 05:00:00,18.515158
2012-01-22 06:00:00,20.778524
2012-01-22 07:00:00,20.778524
2012-01-22 08:00:00,20.778524
2012-01-22 09:00:00,20.778524
2012-01-22 10:00:00,13.81727
2012-01-22 11:00:00,6.500322
2012-01-22 12:00:00,17.447874
2012-01-22 13:00:00,33.743347
2012-01-22 14:00:00,20.058447
2012-01-22 15:00:00,16.29835
2012-01-22 16:00:00,16.29835
2012-01-22 17:00:00,37.18194
2012-01-22 18:00:00,27.313028
2012-01-22 19:00:00,27.313028
2012-01-22 20:00:00,3.001264
2012-01-22 21:00:00,27.313028
2012-01-22 22:00:00,24.493559
2012-01-22 23:00:00,22.596083
2012-01-23 00:00:00,81.80646
2012-01-23 01:00:00,46.384224
2012-01-23 02:00:00,46.384224
2012-01-23 03:00:00,81.806465
2012-01-23 04:00:00,138.04134
2012-01-23 05:00:00,97.12647
2012-01-23 06:00:00,97.12647
2012-01-23 07:00:00,73.25404
2012-01-23 08:00:00,33.94577
2012-01-23 09:00:00,64.9095
2012-01-23 10:00:00,84.59054
2012-01-23 11:00:00,55.00013
2012-01-23 12:00:00,174.5379
2012-01-23 13:00:00,76.050255
2012-01-23 14:00:00,40.269035
2012-01-23 15:00:00,53.027927
2012-01-23 16:00:00,67.41836
2012-01-23 17:00:00,55.02379
2012-01-23 18:00:00,64.3379
2012-01-23 19:00:00,82.01978
2012-01-23 20:00:00,71.5969
2012-01-23 21:00:00,56.82735
2012-01-23 22:00:00,56.82735
2012-01-23 23:00:00,58.741062
2012-01-24 00:00:00,60.21626
2012-01-24 01:00:00,84.409164
2012-01-24 02:00:00,86.04618
2012-01-24 03:00:00,211.42819
2012-01-24 04:00:00,51.50673
2012-01-24 05:00:00,51.50673
2012-01-24 06:00:00,106.98269
2012-01-24 07:00:00,211.42819
2012-01-24 08:00:00,211.42819
2012-01-24 09:00:00,165.22707
2012-01-24 10:00:00,107.467636
2012-01-24 11:00:00,117.3637
2012-01-24 12:00:00,106.16511
2012-01-24 13:00:00,106.16511
2012-01-24 14:00:00,99.17181
2012-01-24 15:00:00,150.66911
2012-01-24 16:00:00,164.69029
2012-01-24 17:00:00,127.751724
2012-01-24 18:00:00,95.75561
2012-01-24 19:00:00,92.84875
2012-01-24 20:00:00,71.88192
2012-01-24 21:00:00,210.57924
2012-01-24 22:00:00,78.736015
2012-01-24 23:00:00,71.88192
2012-01-25 00:00:00,61.142654
2012-01-25 01:00:00,93.9204
2012-01-25 02:00:00,87.50201
2012-01-25 03:00:00,100.77471
2012-01-25 04:00:00,100.34877
2012-01-25 05:00:00,100.34877
2012-01-25 06:00:00,93.21856
2012-01-25 07:00:00,89.18208
2012-01-25 08:00:00,97.51885
2012-01-25 09:00:00,97.51885
2012-01-25 10:00:00,61.613144
2012-01-25 11:00:00,83.16834
2012-01-25 12:00:00,112.82507
2012-01-25 13:00:00,125.544815
2012-01-25 14:00:00,74.78846
2012-01-25 15:00:00,122.501175
2012-01-25 16:00:00,92.988625
2012-01-25 17:00:00,98.58475
2012-01-25 18:00:00,71.810196
2012-01-25 19:00:00,94.30008
2012-01-25 20:00:00,54.35201
2012-01-25 21:00:00,93.60532
2012-01-25 22:00:00,85.13523
2012-01-25 23:00:00,116.198265
2012-01-26 00:00:00,192.07864
2012-01-26 01:00:00,204.83629
2012-01-26 02:00:00,186.85185
2012-01-26 03:00:00,182.71506
2012-01-26 04:00:00,66.86603
2012-01-26 05:00:00,174.79266
2012-01-26 06:00:00,129.39845
2012-01-26 07:00:00,102.575165
2012-01-26 08:00:00,102.575165
2012-01-26 09:00:00,140.70235
2012-01-26 10:00:00,205.87796
2012-01-26 11:00:00,180.38295
2012-01-26 12:00:00,193.40344
2012-01-26 13:00:00,188.66379
2012-01-26 14:00:00,119.61287
2012-01-26 15:00:00,114.247635
2012-01-26 16:00:00,116.910324
2012-01-26 17:00:00,217.20416
2012-01-26 18:00:00,217.20416
2012-01-26 19:00:00,143.51044
2012-01-26 20:00:00,158.49771
2012-01-26 21:00:00,143.51044
2012-01-26 22:00:00,123.63622
2012-01-26 23:00:00,200.7673
2012-01-27 00:00:00,145.69809
2012-01-27 01:00:00,213.32413
2012-01-27 02:00:00,129.6289
2012-01-27 03:00:00,118.63419
2012-01-27 04:00:00,96.234375
2012-01-27 05:00:00,103.24555
2012-01-27 06:00:00,96.38032
2012-01-27 07:00:00,95.57157
2012-01-27 08:00:00,84.8425
2012-01-27 09:00:00,84.8425
2012-01-27 10:00:00,135.37614
2012-01-27 11:00:00,259.11346
2012-01-27 12:00:00,265.7614
2012-01-27 13:00:00,274.13718
2012-01-27 14:00:00,224.38702
2012-01-27 15:00:00,141.15509
2012-01-27 16:00:00,178.81691
2012-01-27 17:00:00,149.95644
2012-01-27 18:00:00,184.6759
2012-01-27 19:00:00,185.26138
2012-01-27 20:00:00,217.96945
2012-01-27 21:00:00,107.73487
2012-01-27 22:00:00,164.94476
2012-01-27 23:00:00,118.23483
2012-01-28 00:00:00,101.14436
2012-01-28 01:00:00,129.81851
2012-01-28 02:00:00,55.542747
2012-01-28 03:00:00,70.04181
2012-01-28 04:00:00,24.329279
2012-01-28 05:00:00,42.109104
2012-01-28 06:00:00,48.489826
2012-01-28 07:00:00,43.37191
2012-01-28 08:00:00,21.915096
2012-01-28 09:00:00,48.02181
2012-01-28 10:00:00,46.920425
2012-01-28 11:00:00,127.57914
2012-01-28 12:00:00,50.764484
2012-01-28 13:00:00,95.66752
2012-01-28 14:00:00,105.38082
2012-01-28 15:00:00,98.238625
2012-01-28 16:00:00,103.83604
2012-01-28 17:00:00,134.45816
2012-01-28 18:00:00,224.1695
2012-01-28 19:00:00,144.76251
2012-01-28 20:00:00,194.73398
2012-01-28 21:00:00,278.24127
2012-01-28 22:00:00,126.476845
2012-01-28 23:00:00,116.88883
2012-01-29 00:00:00,100.199394
2012-01-29 01:00:00,193.25072
2012-01-29 02:00:00,219.80273
2012-01-29 03:00:00,68.08775
2012-01-29 04:00:00,141.22517
2012-01-29 05:00:00,50.18789
2012-01-29 06:00:00,146.61209
2012-01-29 07:00:00,161.96861
2012-01-29 08:00:00,138.10205
2012-01-29 09:00:00,149.4165
2012-01-29 10:00:00,51.035286
2012-01-29 11:00:00,86.19227
2012-01-29 12:00:00,97.91393
2012-01-29 13:00:00,97.91393
2012-01-29 14:00:00,122.92067
2012-01-29 15:00:00,167.30592
2012-01-29 16:00:00,62.979416
2012-01-29 17:00:00,62.97943
2012-01-29 18:00:00,225.32597
2012-01-29 19:00:00,117.06542
2012-01-29 20:00:00,120.04575
2012-01-29 21:00:00,131.81421
2012-01-29 22:00:00,183.89189
2012-01-29 23:00:00,136.19878
2012-01-30 00:00:00,46.912262
2012-01-30 01:00:00,176.94409
2012-01-30 02:00:00,106.01171
2012-01-30 03:00:00,66.51718
2012-01-30 04:00:00,71.292366
2012-01-30 05:00:00,71.292366
2012-01-30 06:00:00,77.39146
2012-01-30 07:00:00,154.94037
2012-01-30 08:00:00,76.66387
2012-01-30 09:00:00,76.66387
2012-01-30 10:00:00,142.48868
2012-01-30 11:00:00,74.8073
2012-01-30 12:00:00,151.16089
2012-01-30 13:00:00,207.71548
2012-01-30 14:00:00,189.19618
2012-01-30 15:00:00,209.24602
2012-01-30 16:00:00,221.32394
2012-01-30 17:00:00,179.16608
2012-01-30 18:00:00,197.25998
2012-01-30 19:00:00,134.82144
2012-01-30 20:00:00,171.05295
2012-01-30 21:00:00,157.72777
2012-01-30 22:00:00,70.50207
2012-01-30 23:00:00,64.31989
2012-01-31 00:00:00,69.68032
2012-01-31 01:00:00,199.68497
2012-01-31 02:00:00,88.42775
2012-01-31 03:00:00,77.92718
2012-01-31 04:00:00,76.862
2012-01-31 05:00:00,76.862
2012-01-31 06:00:00,56.190052
2012-01-31 07:00:00,64.31989
2012-01-31 08:00:00,52.65651
2012-01-31 09:00:00,59.912582
2012-01-31 10:00:00,120.70751
2012-01-31 11:00:00,222.1511
2012-01-31 12:00:00,124.909134
2012-01-31 13:00:00,266.6896
2012-01-31 14:00:00,390.3308
2012-01-31 15:00:00,364.17703
2012-01-31 16:00:00,364.17703
2012-01-31 17:00:00,374.05136
2012-01-31 18:00:00,306.86273
2012-01-31 19:00:00,293.8974
2012-01-31 20:00:00,91.90072
2012-01-31 21:00:00,299.4114
2012-01-31 22:00:00,269.31726
2012-01-31 23:00:00,265.43893
2012-02-20 00:00:00,53.302414
2012-02-20 01:00:00,53.302414
2012-02-20 02:00:00,53.302414
2012-02-20 03:00:00,65.15177
2012-02-20 05:00:00,56.81877
2012-02-20 06:00:00,274.41614
2012-02-20 07:00:00,51.634132
2012-02-20 08:00:00,226.13016
2012-02-20 09:00:00,226.13016
2012-02-20 10:00:00,285.31335
2012-02-20 11:00:00,240.18954
2012-02-20 12:00:00,216.73628
2012-02-20 13:00:00,199.42181
2012-02-20 14:00:00,82.93655
2012-02-20 15:00:00,93.38535
2012-02-20 16:00:00,186.53615
2012-02-20 17:00:00,93.60237
2012-02-20 18:00:00,93.38535
2012-02-20 19:00:00,93.38535
2012-02-20 20:00:00,111.5831
2012-02-20 21:00:00,67.51408
2012-02-20 22:00:00,113.48827
2012-02-20 23:00:00,53.20163
2012-02-21 00:00:00,86.190216
2012-02-21 01:00:00,59.284096
2012-02-21 02:00:00,83.78514
2012-02-21 04:00:00,57.382553
2012-02-21 05:00:00,52.85341
2012-02-21 06:00:00,68.98612
2012-02-21 07:00:00,57.382553
2012-02-21 08:00:00,99.84301
2012-02-21 09:00:00,73.35213
2012-02-21 10:00:00,100.45566
2012-02-21 11:00:00,90.2749
2012-02-21 12:00:00,121.479164
2012-02-21 13:00:00,129.6074
2012-02-21 14:00:00,156.05174
2012-02-21 15:00:00,129.6074
2012-02-21 16:00:00,170.40083
2012-02-21 17:00:00,177.50233
2012-02-21 18:00:00,177.50233
2012-02-21 19:00:00,85.514854
2012-02-21 20:00:00,62.959167
2012-02-21 21:00:00,71.1389
2012-02-21 22:00:00,152.89455
2012-02-21 23:00:00,72.98847
2012-02-22 00:00:00,72.98847
2012-02-22 01:00:00,73.853386
2012-02-22 02:00:00,83.25762
2012-02-22 03:00:00,160.28125
2012-02-22 04:00:00,68.90854
2012-02-22 05:00:00,93.1784
2012-02-22 06:00:00,81.21345
2012-02-22 07:00:00,117.317924
2012-02-22 08:00:00,106.53655
2012-02-22 09:00:00,106.14908
2012-02-22 10:00:00,114.35671
2012-02-22 11:00:00,90.20139
2012-02-22 12:00:00,80.58883
2012-02-22 13:00:00,96.27766
2012-02-22 14:00:00,101.83399
2012-02-22 15:00:00,372.10986
2012-02-22 16:00:00,359.19324
2012-02-22 17:00:00,393.16638
2012-02-22 18:00:00,264.93573
2012-02-22 19:00:00,216.5044
2012-02-22 20:00:00,313.37317
2012-02-22 21:00:00,292.20538
2012-02-22 22:00:00,192.87949
2012-02-22 23:00:00,232.78079
2012-02-23 00:00:00,192.87949
2012-02-23 01:00:00,117.74818
2012-02-23 02:00:00,139.17235
2012-02-23 03:00:00,98.93001
2012-02-23 04:00:00,91.20626
2012-02-23 05:00:00,91.20626
2012-02-23 06:00:00,103.05535
2012-02-23 07:00:00,99.17181
2012-02-23 08:00:00,103.91526
2012-02-23 09:00:00,107.611946
2012-02-23 10:00:00,107.04298
2012-02-23 11:00:00,190.04596
2012-02-23 12:00:00,257.57974
2012-02-23 13:00:00,278.76028
2012-02-23 14:00:00,313.6414
2012-02-23 15:00:00,233.19438
2012-02-23 16:00:00,434.27194
2012-02-23 17:00:00,284.67383
2012-02-23 18:00:00,244.04842
2012-02-23 19:00:00,228.78369
2012-02-23 20:00:00,195.17613
2012-02-23 21:00:00,151.48547
2012-02-23 22:00:00,119.99641
2012-02-23 23:00:00,163.98743
2012-02-24 00:00:00,78.27202
2012-02-24 01:00:00,111.03919
2012-02-24 02:00:00,83.43245
2012-02-24 03:00:00,122.35481
2012-02-24 04:00:00,123.3153
2012-02-24 05:00:00,207.34775
2012-02-24 06:00:00,182.82849
2012-02-24 07:00:00,83.64955
2012-02-24 08:00:00,84.86943
2012-02-24 09:00:00,94.54553
2012-02-24 10:00:00,100.861336
2012-02-24 11:00:00,165.62296
2012-02-24 12:00:00,132.3787
2012-02-24 13:00:00,114.247635
2012-02-24 14:00:00,87.64721
2012-02-24 15:00:00,88.64326
2012-02-24 16:00:00,88.64326
2012-02-24 17:00:00,199.15709
2012-02-24 18:00:00,130.97214
2012-02-24 19:00:00,227.2424
2012-02-24 20:00:00,249.88336
2012-02-24 21:00:00,114.45161
2012-02-24 22:00:00,196.3711
2012-02-24 23:00:00,209.85748
2012-02-25 00:00:00,95.79947
2012-02-25 01:00:00,94.77229
2012-02-25 02:00:00,122.00765
2012-02-25 03:00:00,92.29281
2012-02-25 04:00:00,87.95799
2012-02-25 05:00:00,62.525043
2012-02-25 06:00:00,62.525043
2012-02-25 07:00:00,107.236145
2012-02-25 08:00:00,47.830658
2012-02-25 09:00:00,48.420616
2012-02-25 10:00:00,38.311817
2012-02-25 11:00:00,238.45181
2012-02-25 12:00:00,25.431904
2012-02-25 13:00:00,160.6319
2012-02-25 14:00:00,23.294472
2012-02-25 15:00:00,179.5699
2012-02-25 16:00:00,39.768963
2012-02-25 17:00:00,134.9481
2012-02-25 18:00:00,17.213991
2012-02-25 19:00:00,151.36673
2012-02-25 20:00:00,26.34424
2012-02-25 21:00:00,100.03263
2012-02-25 22:00:00,211.61823
2012-02-25 23:00:00,173.8587
2012-02-26 00:00:00,90.43461
2012-02-26 01:00:00,73.21856
2012-02-26 02:00:00,73.21856
2012-02-26 03:00:00,94.69137
2012-02-26 04:00:00,94.69137
2012-02-26 05:00:00,59.90005
2012-02-26 06:00:00,83.20186
2012-02-26 07:00:00,47.776215
2012-02-26 08:00:00,41.064274
2012-02-26 09:00:00,42.285023
2012-02-26 10:00:00,133.77695
2012-02-26 11:00:00,87.220146
2012-02-26 12:00:00,117.85467
2012-02-26 13:00:00,194.0981
2012-02-26 14:00:00,194.74072
2012-02-26 15:00:00,239.68361
2012-02-26 16:00:00,135.56593
2012-02-26 17:00:00,157.54611
2012-02-26 18:00:00,124.74849
2012-02-26 19:00:00,110.83689
2012-02-26 20:00:00,96.715324
2012-02-26 21:00:00,150.22522
2012-02-26 22:00:00,146.52269
2012-02-26 23:00:00,32.85964
2012-02-27 00:00:00,83.98018
2012-02-27 01:00:00,103.46288
2012-02-27 02:00:00,98.03301
2012-02-27 03:00:00,112.19932
2012-02-27 04:00:00,100.80841
2012-02-27 05:00:00,100.80841
2012-02-27 06:00:00,97.51885
2012-02-27 07:00:00,87.92079
2012-02-27 08:00:00,60.83398
2012-02-27 09:00:00,64.31989
2012-02-27 10:00:00,72.67655
2012-02-27 11:00:00,98.66804
2012-02-27 12:00:00,216.67743
2012-02-27 13:00:00,145.83568
2012-02-27 14:00:00,273.82016
2012-02-27 15:00:00,366.01974
2012-02-27 16:00:00,364.17703
2012-02-27 17:00:00,345.81018
2012-02-27 18:00:00,377.6488
2012-02-27 19:00:00,372.92123
2012-02-27 20:00:00,389.14346
2012-02-27 21:00:00,273.82016
2012-02-27 22:00:00,180.29735
2012-02-27 23:00:00,149.56458
2012-02-28 00:00:00,127.16504
2012-02-28 01:00:00,102.595695
2012-02-28 02:00:00,88.0032
2012-02-28 03:00:00,318.49115
2012-02-28 04:00:00,155.52313
2012-02-28 05:00:00,155.52313
2012-02-28 06:00:00,158.61008
2012-02-28 07:00:00,192.48648
2012-02-28 08:00:00,123.75327
2012-02-28 09:00:00,142.74185
2012-02-28 10:00:00,199.68497
2012-02-28 11:00:00,171.08966
2012-02-28 12:00:00,211.0949
2012-02-28 13:00:00,218.84586
2012-02-28 14:00:00,300.99042
2012-02-28 15:00:00,282.49854
2012-02-28 16:00:00,212.75511
2012-02-28 17:00:00,282.49854
2012-02-28 18:00:00,256.56818
2012-02-28 19:00:00,273.48584
2012-02-28 20:00:00,272.0295
2012-02-28 21:00:00,123.00274
2012-02-28 22:00:00,123.00274
2012-02-28 23:00:00,60.664238
2012-02-29 00:00:00,87.56502
2012-02-29 01:00:00,123.64002
2012-02-29 02:00:00,56.19247
2012-02-29 03:00:00,87.613846
2012-02-29 05:00:00,85.56713
2012-02-29 06:00:00,182.71506
2012-02-29 07:00:00,148.23996
2012-02-29 08:00:00,192.07864
2012-02-29 09:00:00,93.64647
2012-02-29 10:00:00,93.64647
2012-02-29 11:00:00,88.17959
2012-02-29 12:00:00,63.84232
2012-02-29 13:00:00,87.998436
2012-02-29 14:00:00,87.998436
2012-02-29 15:00:00,147.5749
2012-02-29 16:00:00,85.15206
2012-02-29 17:00:00,182.82849
2012-02-29 18:00:00,233.199
2012-02-29 19:00:00,159.9231
2012-02-29 20:00:00,106.65966
2012-02-29 21:00:00,106.65966
2012-02-29 22:00:00,104.45314
2012-02-29 23:00:00,104.45314
2012-03-20 00:00:00,141.04222
2012-03-20 01:00:00,467.489
2012-03-20 02:00:00,246.00545
2012-03-20 03:00:00,416.5383
2012-03-20 04:00:00,289.45877
2012-03-20 05:00:00,479.47974
2012-03-20 06:00:00,314.64932
2012-03-20 07:00:00,90.04563
2012-03-20 08:00:00,269.91272
2012-03-20 09:00:00,267.991
2012-03-20 10:00:00,284.38138
2012-03-20 11:00:00,310.40646
2012-03-20 12:00:00,99.980095
2012-03-20 13:00:00,188.69675
2012-03-20 14:00:00,116.39154
2012-03-20 15:00:00,98.44715
2012-03-20 16:00:00,266.26086
2012-03-20 17:00:00,151.0955
2012-03-20 18:00:00,184.91711
2012-03-20 19:00:00,166.26328
2012-03-20 20:00:00,126.552315
2012-03-20 21:00:00,312.05038
2012-03-20 22:00:00,349.31494
2012-03-20 23:00:00,412.3365
2012-03-21 00:00:00,211.14691
2012-03-21 01:00:00,65.58677
2012-03-21 02:00:00,63.203117
2012-03-21 03:00:00,179.35168
2012-03-21 04:00:00,137.85074
2012-03-21 05:00:00,137.85074
2012-03-21 06:00:00,119.35413
2012-03-21 07:00:00,88.216064
2012-03-21 08:00:00,105.91026
2012-03-21 09:00:00,184.49777
2012-03-21 10:00:00,184.1905
2012-03-21 11:00:00,184.1905
2012-03-21 12:00:00,183.36775
2012-03-21 13:00:00,226.67136
2012-03-21 14:00:00,188.77644
2012-03-21 15:00:00,188.77644
2012-03-21 16:00:00,219.53928
2012-03-21 17:00:00,184.35583
2012-03-21 18:00:00,221.46494
2012-03-21 19:00:00,222.16434
2012-03-21 20:00:00,125.31771
2012-03-21 21:00:00,66.5298
2012-03-21 22:00:00,106.15551
2012-03-21 23:00:00,245.46692
2012-03-22 00:00:00,65.58677
2012-03-22 01:00:00,65.58677
2012-03-22 02:00:00,65.58677
2012-03-22 03:00:00,65.58677
2012-03-22 04:00:00,64.83947
2012-03-22 05:00:00,64.83947
2012-03-22 06:00:00,64.83947
2012-03-22 07:00:00,64.83947
2012-03-22 08:00:00,83.83529
2012-03-22 09:00:00,83.83529
2012-03-22 10:00:00,72.13286
2012-03-22 11:00:00,261.79306
2012-03-22 12:00:00,207.63834
2012-03-22 13:00:00,152.88937
2012-03-22 14:00:00,186.03793
2012-03-22 15:00:00,267.1595
2012-03-22 16:00:00,256.14508
2012-03-22 17:00:00,302.6672
2012-03-22 18:00:00,302.6672
2012-03-22 19:00:00,212.97083
2012-03-22 20:00:00,157.05666
2012-03-22 21:00:00,204.58772
2012-03-22 22:00:00,148.82245
2012-03-22 23:00:00,73.10715
2012-03-23 00:00:00,300.36743
2012-03-23 01:00:00,254.94266
2012-03-23 02:00:00,67.52466
2012-03-23 03:00:00,63.97612
2012-03-23 04:00:00,77.82398
2012-03-23 05:00:00,182.55298
2012-03-23 06:00:00,273.3869
2012-03-23 07:00:00,89.582115
2012-03-23 08:00:00,89.31925
2012-03-23 09:00:00,134.09024
2012-03-23 10:00:00,173.13046
2012-03-23 11:00:00,130.6626
2012-03-23 12:00:00,194.89319
2012-03-23 13:00:00,227.24182
2012-03-23 14:00:00,201.94376
2012-03-23 15:00:00,201.03973
2012-03-23 16:00:00,194.1336
2012-03-23 17:00:00,194.1336
2012-03-23 18:00:00,401.84964
2012-03-23 19:00:00,300.7204
2012-03-23 20:00:00,389.6368
2012-03-23 21:00:00,318.2185
2012-03-23 22:00:00,245.84042
2012-03-23 23:00:00,214.22379
2012-03-24 00:00:00,88.25067
2012-03-24 01:00:00,90.33747
2012-03-24 02:00:00,89.202194
2012-03-24 03:00:00,89.202194
2012-03-24 04:00:00,69.36402
2012-03-24 05:00:00,94.31868
2012-03-24 06:00:00,94.31868
2012-03-24 07:00:00,106.677246
2012-03-24 08:00:00,73.707466
2012-03-24 09:00:00,127.03938
2012-03-24 10:00:00,93.71756
2012-03-24 11:00:00,73.707466
2012-03-24 12:00:00,102.6333
2012-03-24 13:00:00,123.591194
2012-03-24 14:00:00,196.06216
2012-03-24 15:00:00,100.84492
2012-03-24 16:00:00,168.20024
2012-03-24 17:00:00,91.30738
2012-03-24 18:00:00,104.4548
2012-03-24 19:00:00,126.320206
2012-03-24 20:00:00,51.180916
2012-03-24 21:00:00,51.180916
2012-03-24 22:00:00,56.80133
2012-03-24 23:00:00,31.023352
2012-03-25 00:00:00,31.023352
2012-03-25 01:00:00,27.350988
2012-03-25 02:00:00,126.57326
2012-03-25 03:00:00,166.99586
2012-03-25 04:00:00,26.919008
2012-03-25 05:00:00,25.172205
2012-03-25 06:00:00,25.172205
2012-03-25 07:00:00,26.79624
2012-03-25 08:00:00,26.79624
2012-03-25 09:00:00,33.30467
2012-03-25 10:00:00,30.827261
2012-03-25 11:00:00,33.30467
2012-03-25 12:00:00,33.2827
2012-03-25 13:00:00,103.70281
2012-03-25 14:00:00,123.12359
2012-03-25 15:00:00,49.263058
2012-03-25 16:00:00,57.801056
2012-03-25 17:00:00,81.23424
2012-03-25 18:00:00,81.23424
2012-03-25 19:00:00,102.66497
2012-03-25 20:00:00,77.532524
2012-03-25 21:00:00,60.639927
2012-03-25 22:00:00,70.71581
2012-03-25 23:00:00,73.60067
2012-03-26 00:00:00,169.01007
2012-03-26 01:00:00,192.4267
2012-03-26 02:00:00,72.032196
2012-03-26 03:00:00,136.29343
2012-03-26 04:00:00,68.65076
2012-03-26 05:00:00,125.6748
2012-03-26 06:00:00,70.355835
2012-03-26 07:00:00,197.55408
2012-03-26 08:00:00,105.41926
2012-03-26 09:00:00,161.7539
2012-03-26 10:00:00,238.61058
2012-03-26 11:00:00,192.65189
2012-03-26 12:00:00,246.10599
2012-03-26 13:00:00,114.21015
2012-03-26 14:00:00,333.28046
2012-03-26 15:00:00,159.56071
2012-03-26 16:00:00,105.821335
2012-03-26 17:00:00,320.58908
2012-03-26 18:00:00,277.85956
2012-03-26 19:00:00,388.15723
2012-03-26 20:00:00,161.08527
2012-03-26 21:00:00,177.15337
2012-03-26 22:00:00,370.65375
2012-03-26 23:00:00,40.719032
2012-03-27 00:00:00,44.337368
2012-03-27 01:00:00,56.207428
2012-03-27 02:00:00,293.17337
2012-03-27 03:00:00,196.90607
2012-03-27 04:00:00,121.231544
2012-03-27 05:00:00,263.07526
2012-03-27 06:00:00,326.86295
2012-03-27 07:00:00,326.86295
2012-03-27 08:00:00,178.65018
2012-03-27 09:00:00,317.85364
2012-03-27 10:00:00,285.2011
2012-03-27 11:00:00,146.47662
2012-03-27 12:00:00,150.27988
2012-03-27 13:00:00,186.9436
2012-03-27 14:00:00,102.08709
2012-03-27 15:00:00,211.67429
2012-03-27 16:00:00,211.67429
2012-03-27 17:00:00,234.40152
2012-03-27 18:00:00,202.08902
2012-03-27 19:00:00,222.93729
2012-03-27 20:00:00,202.08913
2012-03-27 21:00:00,148.38838
2012-03-27 22:00:00,213.90118
2012-03-27 23:00:00,146.06201
2012-03-28 00:00:00,267.1323
2012-03-28 01:00:00,203.18906
2012-03-28 02:00:00,217.6129
2012-03-28 03:00:00,299.30258
2012-03-28 04:00:00,251.55652
2012-03-28 05:00:00,251.55652
2012-03-28 06:00:00,253.45053
2012-03-28 07:00:00,245.44093
2012-03-28 08:00:00,242.52754
2012-03-28 09:00:00,188.00864
2012-03-28 10:00:00,297.91138
2012-03-28 11:00:00,322.79474
2012-03-28 12:00:00,247.39462
2012-03-28 13:00:00,250.31131
2012-03-28 14:00:00,412.0181
2012-03-28 15:00:00,318.0041
2012-03-28 16:00:00,79.91227
2012-03-28 17:00:00,277.2126
2012-03-28 18:00:00,277.2126
2012-03-28 19:00:00,263.16925
2012-03-28 20:00:00,278.92136
2012-03-28 21:00:00,242.33226
2012-03-28 22:00:00,302.3272
2012-03-28 23:00:00,233.88019
2012-03-29 00:00:00,185.46057
2012-03-29 01:00:00,302.06198
2012-03-29 02:00:00,326.54855
2012-03-29 03:00:00,360.42737
2012-03-29 04:00:00,280.5775
2012-03-29 05:00:00,200.4385
2012-03-29 06:00:00,102.46746
2012-03-29 07:00:00,210.74815
2012-03-29 08:00:00,268.85
2012-03-29 09:00:00,267.03754
2012-03-29 10:00:00,243.39145
2012-03-29 11:00:00,299.7022
2012-03-29 12:00:00,289.47705
2012-03-29 13:00:00,200.96828
2012-03-29 14:00:00,298.72153
2012-03-29 15:00:00,336.7699
2012-03-29 16:00:00,337.2614
2012-03-29 17:00:00,354.4727
2012-03-29 18:00:00,213.95747
2012-03-29 19:00:00,193.32658
2012-03-29 20:00:00,219.16418
2012-03-29 21:00:00,130.74397
2012-03-29 22:00:00,120.88355
2012-03-29 23:00:00,123.49446
2012-03-30 00:00:00,125.242935
2012-03-30 01:00:00,84.14047
2012-03-30 02:00:00,137.26932
2012-03-30 03:00:00,119.35987
2012-03-30 04:00:00,119.886894
2012-03-30 05:00:00,55.883934
2012-03-30 06:00:00,143.613
2012-03-30 07:00:00,89.28867
2012-03-30 08:00:00,55.636185
2012-03-30 09:00:00,126.13279
2012-03-30 10:00:00,116.02647
2012-03-30 11:00:00,47.714096
2012-03-30 12:00:00,52.465004
2012-03-30 13:00:00,84.55079
2012-03-30 14:00:00,72.143715
2012-03-30 15:00:00,64.33727
2012-03-30 16:00:00,79.18416
2012-03-30 17:00:00,92.29422
2012-03-30 18:00:00,121.713295
2012-03-30 19:00:00,94.48991
2012-03-30 20:00:00,170.13081
2012-03-30 21:00:00,155.96478
2012-03-30 22:00:00,61.844467
2012-03-30 23:00:00,24.33422
2012-03-31 00:00:00,52.662056
2012-03-31 01:00:00,283.2563
2012-03-31 02:00:00,138.94235
2012-03-31 03:00:00,69.32311
2012-03-31 04:00:00,98.22313
2012-03-31 05:00:00,64.564896
2012-03-31 06:00:00,65.21213
2012-03-31 07:00:00,65.21213
2012-03-31 08:00:00,39.51162
2012-03-31 09:00:00,283.2563
2012-03-31 10:00:00,129.07388
2012-03-31 11:00:00,70.04288
2012-03-31 12:00:00,56.572304
2012-03-31 13:00:00,156.97809
2012-03-31 14:00:00,179.46039
2012-03-31 15:00:00,166.74472
2012-03-31 16:00:00,188.74277
2012-03-31 17:00:00,109.57752
2012-03-31 18:00:00,63.040825
2012-03-31 19:00:00,113.71324
2012-03-31 20:00:00,85.68782
2012-03-31 21:00:00,85.68782
2012-03-31 22:00:00,144.26068
2012-03-31 23:00:00,38.906097
2012-04-20 00:00:00,135.18756
2012-04-20 01:00:00,136.29343
2012-04-20 02:00:00,59.637245
2012-04-20 03:00:00,47.41958
2012-04-20 04:00:00,34.585075
2012-04-20 05:00:00,36.097332
2012-04-20 06:00:00,44.335346
2012-04-20 07:00:00,36.097332
2012-04-20 08:00:00,39.72784
2012-04-20 09:00:00,48.284378
2012-04-20 10:00:00,194.13031
2012-04-20 11:00:00,213.72328
2012-04-20 12:00:00,241.76944
2012-04-20 13:00:00,272.6441
2012-04-20 14:00:00,281.8494
2012-04-20 15:00:00,278.09976
2012-04-20 16:00:00,287.01147
2012-04-20 17:00:00,285.79468
2012-04-20 18:00:00,294.9386
2012-04-20 19:00:00,268.15704
2012-04-20 20:00:00,246.11346
2012-04-20 21:00:00,240.29796
2012-04-20 22:00:00,136.12279
2012-04-20 23:00:00,163.41078
2012-04-21 00:00:00,94.2338
2012-04-21 01:00:00,94.2338
2012-04-21 02:00:00,79.96993
2012-04-21 03:00:00,73.95051
2012-04-21 04:00:00,76.38371
2012-04-21 05:00:00,76.38371
2012-04-21 06:00:00,73.95052
2012-04-21 07:00:00,77.231575
2012-04-21 08:00:00,88.45218
2012-04-21 09:00:00,88.645836
2012-04-21 10:00:00,403.28696
2012-04-21 11:00:00,389.35104
2012-04-21 12:00:00,376.26495
2012-04-21 13:00:00,358.55743
2012-04-21 14:00:00,466.32086
2012-04-21 15:00:00,546.0978
2012-04-21 16:00:00,564.1076
2012-04-21 17:00:00,586.8312
2012-04-21 18:00:00,370.68146
2012-04-21 19:00:00,48.705948
2012-04-21 20:00:00,219.13687
2012-04-21 21:00:00,212.18106
2012-04-21 22:00:00,83.62618
2012-04-21 23:00:00,86.737686
2012-04-22 00:00:00,173.92569
2012-04-22 01:00:00,76.39793
2012-04-22 02:00:00,96.420586
2012-04-22 03:00:00,144.38638
2012-04-22 04:00:00,133.6977
2012-04-22 05:00:00,234.20374
2012-04-22 06:00:00,110.160515
2012-04-22 07:00:00,154.99663
2012-04-22 08:00:00,89.48462
2012-04-22 09:00:00,89.48462
2012-04-22 10:00:00,124.84521
2012-04-22 11:00:00,126.00617
2012-04-22 12:00:00,132.78795
2012-04-22 13:00:00,121.719955
2012-04-22 14:00:00,132.78795
2012-04-22 15:00:00,117.21253
2012-04-22 16:00:00,71.67306
2012-04-22 17:00:00,57.114174
2012-04-22 18:00:00,57.114174
2012-04-22 19:00:00,127.54356
2012-04-22 20:00:00,61.14602
2012-04-22 21:00:00,109.05128
2012-04-22 22:00:00,122.278786
2012-04-22 23:00:00,101.95906
2012-04-23 00:00:00,41.47513
2012-04-23 01:00:00,37.392883
2012-04-23 02:00:00,41.7183
2012-04-23 03:00:00,44.499386
2012-04-23 04:00:00,34.72358
2012-04-23 05:00:00,34.72358
2012-04-23 06:00:00,42.54866
2012-04-23 07:00:00,34.77398
2012-04-23 08:00:00,38.566433
2012-04-23 09:00:00,41.065
2012-04-23 10:00:00,73.34254
2012-04-23 11:00:00,47.51923
2012-04-23 12:00:00,42.33753
2012-04-23 13:00:00,52.06746
2012-04-23 14:00:00,191.85733
2012-04-23 15:00:00,137.7134
2012-04-23 16:00:00,32.738377
2012-04-23 17:00:00,34.210453
2012-04-23 18:00:00,56.490955
2012-04-23 19:00:00,140.31912
2012-04-23 20:00:00,129.19789
2012-04-23 21:00:00,59.649193
2012-04-23 22:00:00,71.32923
2012-04-23 23:00:00,73.14302
2012-04-24 00:00:00,101.2391
2012-04-24 01:00:00,100.07765
2012-04-24 02:00:00,80.285225
2012-04-24 03:00:00,80.50248
2012-04-24 04:00:00,66.77577
2012-04-24 05:00:00,66.77577
2012-04-24 06:00:00,74.572014
2012-04-24 07:00:00,95.41827
2012-04-24 08:00:00,64.53092
2012-04-24 09:00:00,237.63858
2012-04-24 10:00:00,123.49446
2012-04-24 11:00:00,364.71533
2012-04-24 12:00:00,406.17548
2012-04-24 13:00:00,419.96747
2012-04-24 14:00:00,368.73938
2012-04-24 15:00:00,357.00516
2012-04-24 16:00:00,299.23804
2012-04-24 17:00:00,406.2428
2012-04-24 18:00:00,328.35666
2012-04-24 19:00:00,384.42563
2012-04-24 20:00:00,380.95868
2012-04-24 21:00:00,31.351881
2012-04-24 22:00:00,216.58002
2012-04-24 23:00:00,200.04156
2012-04-25 00:00:00,166.04909
2012-04-25 01:00:00,178.85631
2012-04-25 02:00:00,109.3605
2012-04-25 03:00:00,59.037987
2012-04-25 04:00:00,58.399864
2012-04-25 05:00:00,46.97858
2012-04-25 06:00:00,46.97858
2012-04-25 07:00:00,17.754705
2012-04-25 08:00:00,53.251625
2012-04-25 09:00:00,135.94032
2012-04-25 10:00:00,264.38754
2012-04-25 11:00:00,201.10114
2012-04-25 12:00:00,381.0368
2012-04-25 13:00:00,352.48236
2012-04-25 14:00:00,376.75082
2012-04-25 15:00:00,432.53802
2012-04-25 16:00:00,465.58563
2012-04-25 17:00:00,485.89597
2012-04-25 18:00:00,487.90875
2012-04-25 19:00:00,454.2622
2012-04-25 20:00:00,568.00476
2012-04-25 21:00:00,244.56808
2012-04-25 22:00:00,182.50217
2012-04-25 23:00:00,179.3035
2012-04-26 00:00:00,122.25721
2012-04-26 01:00:00,186.08472
2012-04-26 02:00:00,198.16196
2012-04-26 03:00:00,149.72923
2012-04-26 04:00:00,100.744576
2012-04-26 05:00:00,154.34183
2012-04-26 06:00:00,146.21259
2012-04-26 07:00:00,81.65326
2012-04-26 08:00:00,116.44238
2012-04-26 09:00:00,129.7755
2012-04-26 10:00:00,92.068855
2012-04-26 11:00:00,128.53542
2012-04-26 12:00:00,136.85579
2012-04-26 13:00:00,174.51408
2012-04-26 14:00:00,132.10991
2012-04-26 15:00:00,119.31088
2012-04-26 16:00:00,173.17874
2012-04-26 17:00:00,163.202
2012-04-26 18:00:00,132.10991
2012-04-26 19:00:00,139.42142
2012-04-26 20:00:00,187.8329
2012-04-26 21:00:00,205.22107
2012-04-26 22:00:00,106.15551
2012-04-26 23:00:00,72.10043
2012-04-27 00:00:00,231.043
2012-04-27 01:00:00,271.02988
2012-04-27 02:00:00,248.34967
2012-04-27 03:00:00,200.11523
2012-04-27 04:00:00,140.04059
2012-04-27 05:00:00,245.76257
2012-04-27 06:00:00,133.18555
2012-04-27 07:00:00,84.14047
2012-04-27 08:00:00,123.66063
2012-04-27 09:00:00,190.02986
2012-04-27 10:00:00,290.85504
2012-04-27 11:00:00,282.9048
2012-04-27 12:00:00,346.50162
2012-04-27 13:00:00,345.35837
2012-04-27 14:00:00,336.28186
2012-04-27 15:00:00,287.0229
2012-04-27 16:00:00,424.39377
2012-04-27 17:00:00,383.63025
2012-04-27 18:00:00,389.5907
2012-04-27 19:00:00,369.4395
2012-04-27 20:00:00,312.0838
2012-04-27 21:00:00,285.91263
2012-04-27 22:00:00,182.82433
2012-04-27 23:00:00,159.38591
2012-04-28 00:00:00,107.889626
2012-04-28 01:00:00,178.84998
2012-04-28 02:00:00,111.94093
2012-04-28 03:00:00,216.66534
2012-04-28 04:00:00,174.83865
2012-04-28 05:00:00,123.34629
2012-04-28 06:00:00,149.57085
2012-04-28 07:00:00,174.83865
2012-04-28 08:00:00,107.44069
2012-04-28 09:00:00,181.74721
2012-04-28 10:00:00,91.63797
2012-04-28 11:00:00,183.32918
2012-04-28 12:00:00,216.81839
2012-04-28 13:00:00,187.70126
2012-04-28 14:00:00,112.35665
2012-04-28 15:00:00,111.15563
2012-04-28 16:00:00,136.43616
2012-04-28 17:00:00,203.64145
2012-04-28 18:00:00,92.49406
2012-04-28 19:00:00,57.368946
2012-04-28 20:00:00,38.630108
2012-04-28 21:00:00,54.28622
2012-04-28 22:00:00,242.0175
2012-04-28 23:00:00,172.1029
2012-04-29 00:00:00,53.50569
2012-04-29 01:00:00,178.44315
2012-04-29 02:00:00,96.55311
2012-04-29 03:00:00,39.511612
2012-04-29 04:00:00,138.67819
2012-04-29 05:00:00,33.495914
2012-04-29 06:00:00,54.2183
2012-04-29 07:00:00,117.46577
2012-04-29 08:00:00,45.05647
2012-04-29 09:00:00,49.063652
2012-04-29 10:00:00,69.9782
2012-04-29 11:00:00,150.92606
2012-04-29 12:00:00,180.8761
2012-04-29 13:00:00,202.70462
2012-04-29 14:00:00,445.81104
2012-04-29 15:00:00,340.2751
2012-04-29 16:00:00,377.92908
2012-04-29 17:00:00,364.45056
2012-04-29 18:00:00,320.48157
2012-04-29 19:00:00,379.45508
2012-04-29 20:00:00,408.11807
2012-04-29 21:00:00,212.03131
2012-04-29 22:00:00,189.12582
2012-04-29 23:00:00,69.87359
2012-04-30 00:00:00,64.95854
2012-04-30 01:00:00,65.5672
2012-04-30 02:00:00,95.47137
2012-04-30 03:00:00,79.78452
2012-04-30 04:00:00,69.77044
2012-04-30 05:00:00,69.77044
2012-04-30 06:00:00,143.20108
2012-04-30 07:00:00,126.74409
2012-04-30 08:00:00,156.65688
2012-04-30 09:00:00,132.81693
2012-04-30 10:00:00,242.79297
2012-04-30 11:00:00,306.34717
2012-04-30 12:00:00,299.43365
2012-04-30 13:00:00,187.81808
2012-04-30 14:00:00,268.98087
2012-04-30 15:00:00,194.08702
2012-04-30 16:00:00,232.47116
2012-04-30 17:00:00,246.66026
2012-04-30 18:00:00,170.76297
2012-04-30 19:00:00,148.14857
2012-04-30 20:00:00,170.26668
2012-04-30 21:00:00,170.26668
2012-04-30 22:00:00,238.83588
2012-04-30 23:00:00,176.1776
2012-05-20 00:00:00,246.08496
2012-05-20 01:00:00,232.0611
2012-05-20 02:00:00,232.0611
2012-05-20 03:00:00,189.13168
2012-05-20 04:00:00,88.15344
2012-05-20 05:00:00,81.98707
2012-05-20 06:00:00,108.12964
2012-05-20 07:00:00,94.379234
2012-05-20 08:00:00,209.02695
2012-05-20 09:00:00,435.50598
2012-05-20 10:00:00,571.6903
2012-05-20 11:00:00,589.991
2012-05-20 12:00:00,597.02155
2012-05-20 13:00:00,622.855
2012-05-20 14:00:00,643.5514
2012-05-20 15:00:00,600.6273
2012-05-20 16:00:00,600.0233
2012-05-20 17:00:00,529.4846
2012-05-20 18:00:00,397.70264
2012-05-20 19:00:00,206.34714
2012-05-20 20:00:00,206.3471
2012-05-20 21:00:00,213.36191
2012-05-20 22:00:00,239.7822
2012-05-20 23:00:00,327.39526
2012-05-21 00:00:00,85.5227
2012-05-21 01:00:00,75.98387
2012-05-21 02:00:00,80.250946
2012-05-21 03:00:00,164.39883
2012-05-21 04:00:00,94.37502
2012-05-21 05:00:00,94.37502
2012-05-21 06:00:00,94.37502
2012-05-21 07:00:00,94.37502
2012-05-21 08:00:00,94.40023
2012-05-21 09:00:00,123.7542
2012-05-21 10:00:00,84.260056
2012-05-21 11:00:00,214.92291
2012-05-21 12:00:00,181.90613
2012-05-21 13:00:00,122.210335
2012-05-21 14:00:00,137.28998
2012-05-21 15:00:00,209.67499
2012-05-21 16:00:00,201.57501
2012-05-21 17:00:00,219.96866
2012-05-21 18:00:00,209.28535
2012-05-21 19:00:00,260.1673
2012-05-21 20:00:00,299.8767
2012-05-21 21:00:00,201.47842
2012-05-21 22:00:00,195.71577
2012-05-21 23:00:00,157.05666
2012-05-22 00:00:00,240.25967
2012-05-22 01:00:00,137.54378
2012-05-22 02:00:00,122.7312
2012-05-22 03:00:00,122.7312
2012-05-22 04:00:00,224.76648
2012-05-22 05:00:00,163.39731
2012-05-22 06:00:00,97.40282
2012-05-22 07:00:00,97.40282
2012-05-22 08:00:00,112.865326
2012-05-22 09:00:00,117.776024
2012-05-22 10:00:00,99.28535
2012-05-22 11:00:00,180.38309
2012-05-22 12:00:00,109.96397
2012-05-22 13:00:00,232.66043
2012-05-22 14:00:00,151.63724
2012-05-22 15:00:00,309.56528
2012-05-22 16:00:00,299.46402
2012-05-22 17:00:00,240.50189
2012-05-22 18:00:00,324.21072
2012-05-22 19:00:00,267.32092
2012-05-22 20:00:00,211.85498
2012-05-22 21:00:00,214.82349
2012-05-22 22:00:00,211.24182
2012-05-22 23:00:00,197.63176
2012-05-23 00:00:00,214.82349
2012-05-23 01:00:00,139.4726
2012-05-23 02:00:00,214.92291
2012-05-23 03:00:00,179.34319
2012-05-23 04:00:00,141.00401
2012-05-23 05:00:00,94.40023
2012-05-23 06:00:00,69.83482
2012-05-23 07:00:00,294.2384
2012-05-23 08:00:00,294.2384
2012-05-23 09:00:00,185.7125
2012-05-23 10:00:00,195.95322
2012-05-23 11:00:00,237.63272
2012-05-23 12:00:00,169.55447
2012-05-23 13:00:00,226.88329
2012-05-23 14:00:00,312.80005
2012-05-23 15:00:00,388.8346
2012-05-23 16:00:00,137.81705
2012-05-23 17:00:00,156.70686
2012-05-23 18:00:00,156.70686
2012-05-23 19:00:00,205.37276
2012-05-23 20:00:00,135.23665
2012-05-23 21:00:00,209.28534
2012-05-23 22:00:00,205.37276
2012-05-23 23:00:00,97.69712
2012-05-24 00:00:00,124.27174
2012-05-24 01:00:00,78.1489
2012-05-24 02:00:00,273.23196
2012-05-24 03:00:00,218.2073
2012-05-24 04:00:00,241.2956
2012-05-24 05:00:00,241.2956
2012-05-24 06:00:00,241.2956
2012-05-24 07:00:00,110.45347
2012-05-24 08:00:00,234.62808
2012-05-24 09:00:00,316.9563
2012-05-24 10:00:00,316.11673
2012-05-24 11:00:00,314.5177
2012-05-24 12:00:00,332.88696
2012-05-24 13:00:00,424.12024
2012-05-24 14:00:00,391.6539
2012-05-24 15:00:00,420.29117
2012-05-24 16:00:00,350.37985
2012-05-24 17:00:00,440.76514
2012-05-24 18:00:00,350.6603
2012-05-24 19:00:00,412.47794
2012-05-24 20:00:00,230.30261
2012-05-24 21:00:00,154.65915
2012-05-24 22:00:00,119.94851
2012-05-24 23:00:00,178.64827
2012-05-25 00:00:00,123.15749
2012-05-25 01:00:00,155.73035
2012-05-25 02:00:00,209.28534
2012-05-25 03:00:00,200.37915
2012-05-25 04:00:00,267.8991
2012-05-25 05:00:00,232.5
2012-05-25 06:00:00,200.37915
2012-05-25 07:00:00,248.68933
2012-05-25 08:00:00,205.61139
2012-05-25 09:00:00,180.94571
2012-05-25 10:00:00,302.6247
2012-05-25 11:00:00,237.38622
2012-05-25 12:00:00,314.45172
2012-05-25 13:00:00,376.23566
2012-05-25 14:00:00,410.6875
2012-05-25 15:00:00,441.27588
2012-05-25 16:00:00,453.67828
2012-05-25 17:00:00,464.10544
2012-05-25 18:00:00,441.27588
2012-05-25 19:00:00,410.33313
2012-05-25 20:00:00,338.41013
2012-05-25 21:00:00,319.1804
2012-05-25 22:00:00,224.27736
2012-05-25 23:00:00,234.36375
2012-05-26 00:00:00,112.0976
2012-05-26 01:00:00,104.161385
2012-05-26 02:00:00,102.943436
2012-05-26 03:00:00,93.08532
2012-05-26 04:00:00,98.89741
2012-05-26 05:00:00,120.34224
2012-05-26 06:00:00,99.745346
2012-05-26 07:00:00,133.81882
2012-05-26 08:00:00,143.07077
2012-05-26 09:00:00,116.25656
2012-05-26 10:00:00,159.41682
2012-05-26 11:00:00,269.55475
2012-05-26 12:00:00,407.4301
2012-05-26 13:00:00,350.48535
2012-05-26 14:00:00,426.42505
2012-05-26 15:00:00,459.08923
2012-05-26 16:00:00,400.22064
2012-05-26 17:00:00,344.40182
2012-05-26 18:00:00,309.51593
2012-05-26 19:00:00,318.94498
2012-05-26 20:00:00,290.7987
2012-05-26 21:00:00,295.22668
2012-05-26 22:00:00,412.75983
2012-05-26 23:00:00,412.75983
2012-05-27 00:00:00,285.64966
2012-05-27 01:00:00,184.83067
2012-05-27 02:00:00,170.07202
2012-05-27 03:00:00,179.05753
2012-05-27 04:00:00,111.30938
2012-05-27 05:00:00,111.30938
2012-05-27 06:00:00,107.59425
2012-05-27 07:00:00,98.21222
2012-05-27 08:00:00,116.25656
2012-05-27 09:00:00,123.42163
2012-05-27 10:00:00,366.10376
2012-05-27 11:00:00,416.86496
2012-05-27 12:00:00,428.2297
2012-05-27 13:00:00,356.14496
2012-05-27 14:00:00,404.75696
2012-05-27 15:00:00,427.50717
2012-05-27 16:00:00,427.50717
2012-05-27 17:00:00,511.92566
2012-05-27 18:00:00,424.35944
2012-05-27 19:00:00,356.14496
2012-05-27 20:00:00,345.23376
2012-05-27 21:00:00,200.08456
2012-05-27 22:00:00,193.66579
2012-05-27 23:00:00,188.84787
2012-05-28 00:00:00,109.94203
2012-05-28 01:00:00,156.44113
2012-05-28 02:00:00,100.02896
2012-05-28 03:00:00,197.97876
2012-05-28 04:00:00,239.67746
2012-05-28 05:00:00,239.67746
2012-05-28 06:00:00,197.97876
2012-05-28 07:00:00,243.19604
2012-05-28 08:00:00,241.41379
2012-05-28 09:00:00,394.3521
2012-05-28 10:00:00,394.3521
2012-05-28 11:00:00,417.18817
2012-05-28 12:00:00,565.28406
2012-05-28 13:00:00,487.5505
2012-05-28 14:00:00,487.5505
2012-05-28 15:00:00,367.59912
2012-05-28 16:00:00,319.17462
2012-05-28 17:00:00,367.59912
2012-05-28 18:00:00,385.95554
2012-05-28 19:00:00,340.64908
2012-05-28 20:00:00,410.7107
2012-05-28 21:00:00,429.63043
2012-05-28 22:00:00,368.74597
2012-05-28 23:00:00,290.3045
2012-05-29 00:00:00,315.75806
2012-05-29 01:00:00,315.75806
2012-05-29 02:00:00,220.23102
2012-05-29 03:00:00,170.15622
2012-05-29 04:00:00,234.36375
2012-05-29 05:00:00,234.36375
2012-05-29 06:00:00,234.36375
2012-05-29 07:00:00,234.36375
2012-05-29 08:00:00,293.45892
2012-05-29 09:00:00,366.06787
2012-05-29 10:00:00,424.91498
2012-05-29 11:00:00,479.3655
2012-05-29 12:00:00,437.117
2012-05-29 13:00:00,353.3014
2012-05-29 14:00:00,334.1501
2012-05-29 15:00:00,331.5602
2012-05-29 16:00:00,375.40817
2012-05-29 17:00:00,350.41528
2012-05-29 18:00:00,377.1516
2012-05-29 19:00:00,352.59842
2012-05-29 20:00:00,288.9913
2012-05-29 21:00:00,85.19254
2012-05-29 22:00:00,232.5
2012-05-29 23:00:00,160.59119
2012-05-30 00:00:00,81.90615
2012-05-30 01:00:00,115.99343
2012-05-30 02:00:00,145.80522
2012-05-30 03:00:00,81.28824
2012-05-30 04:00:00,175.65189
2012-05-30 05:00:00,152.19318
2012-05-30 06:00:00,102.48444
2012-05-30 07:00:00,160.67099
2012-05-30 08:00:00,172.98618
2012-05-30 09:00:00,206.56894
2012-05-30 10:00:00,209.93033
2012-05-30 11:00:00,222.52505
2012-05-30 12:00:00,259.79434
2012-05-30 13:00:00,256.38992
2012-05-30 14:00:00,392.10666
2012-05-30 15:00:00,461.1309
2012-05-30 16:00:00,429.06122
2012-05-30 17:00:00,421.58728
2012-05-30 18:00:00,459.01523
2012-05-30 19:00:00,424.12024
2012-05-30 20:00:00,241.96837
2012-05-30 21:00:00,325.07465
2012-05-30 22:00:00,273.45462
2012-05-30 23:00:00,286.10007
2012-05-31 00:00:00,299.8767
2012-05-31 01:00:00,224.44217
2012-05-31 02:00:00,277.57886
2012-05-31 03:00:00,201.47842
2012-05-31 04:00:00,225.69351
2012-05-31 05:00:00,238.98201
2012-05-31 06:00:00,180.90047
2012-05-31 07:00:00,245.84042
2012-05-31 08:00:00,321.23495
2012-05-31 09:00:00,318.6989
2012-05-31 10:00:00,432.48715
2012-05-31 11:00:00,504.2151
2012-05-31 12:00:00,478.95148
2012-05-31 13:00:00,464.23157
2012-05-31 14:00:00,573.40796
2012-05-31 15:00:00,485.63324
2012-05-31 16:00:00,491.8975
2012-05-31 17:00:00,553.008
2012-05-31 18:00:00,574.4981
2012-05-31 19:00:00,530.48083
2012-05-31 20:00:00,380.03168
2012-05-31 21:00:00,380.03168
2012-05-31 22:00:00,335.2518
2012-05-31 23:00:00,321.55344
2012-06-20 00:00:00,315.75806
2012-06-20 01:00:00,330.5963
2012-06-20 02:00:00,219.44305
2012-06-20 03:00:00,180.96236
2012-06-20 04:00:00,186.9471
2012-06-20 05:00:00,186.9471
2012-06-20 06:00:00,237.73232
2012-06-20 07:00:00,257.61288
2012-06-20 08:00:00,149.00548
2012-06-20 09:00:00,278.42245
2012-06-20 10:00:00,325.23923
2012-06-20 11:00:00,286.35532
2012-06-20 12:00:00,203.70888
2012-06-20 13:00:00,198.12642
2012-06-20 14:00:00,272.5774
2012-06-20 15:00:00,268.77087
2012-06-20 16:00:00,348.14038
2012-06-20 17:00:00,260.84732
2012-06-20 18:00:00,260.84738
2012-06-20 19:00:00,343.97256
2012-06-20 20:00:00,380.53503
2012-06-20 21:00:00,236.03932
2012-06-20 22:00:00,284.70618
2012-06-20 23:00:00,404.94653
2012-06-21 00:00:00,209.30986
2012-06-21 01:00:00,197.2041
2012-06-21 02:00:00,182.07492
2012-06-21 03:00:00,105.22407
2012-06-21 04:00:00,88.41851
2012-06-21 05:00:00,105.97133
2012-06-21 06:00:00,174.51906
2012-06-21 07:00:00,174.51906
2012-06-21 08:00:00,134.1851
2012-06-21 09:00:00,397.4135
2012-06-21 10:00:00,356.1545
2012-06-21 11:00:00,411.85675
2012-06-21 12:00:00,461.6137
2012-06-21 13:00:00,265.8756
2012-06-21 14:00:00,490.37628
2012-06-21 15:00:00,431.58823
2012-06-21 16:00:00,446.19275
2012-06-21 17:00:00,309.8249
2012-06-21 18:00:00,390.62128
2012-06-21 19:00:00,460.51212
2012-06-21 20:00:00,341.6894
2012-06-21 21:00:00,408.83478
2012-06-21 22:00:00,426.10333
2012-06-21 23:00:00,231.54846
2012-06-22 00:00:00,326.46774
2012-06-22 01:00:00,311.4013
2012-06-22 02:00:00,107.90651
2012-06-22 03:00:00,107.90651
2012-06-22 04:00:00,329.8722
2012-06-22 05:00:00,307.41425
2012-06-22 06:00:00,279.4656
2012-06-22 07:00:00,279.89368
2012-06-22 08:00:00,328.91907
2012-06-22 09:00:00,359.80972
2012-06-22 10:00:00,354.139
2012-06-22 11:00:00,390.0542
2012-06-22 12:00:00,314.2027
2012-06-22 13:00:00,460.51212
2012-06-22 14:00:00,460.51212
2012-06-22 15:00:00,273.09784
2012-06-22 16:00:00,373.02655
2012-06-22 17:00:00,574.41895
2012-06-22 18:00:00,282.95068
2012-06-22 19:00:00,331.25275
2012-06-22 20:00:00,331.25275
2012-06-22 21:00:00,308.18378
2012-06-22 22:00:00,239.08438
2012-06-22 23:00:00,287.84845
2012-06-23 00:00:00,48.270714
2012-06-23 01:00:00,109.06098
2012-06-23 02:00:00,93.13819
2012-06-23 03:00:00,91.53513
2012-06-23 04:00:00,93.695915
2012-06-23 05:00:00,93.13819
2012-06-23 06:00:00,76.86982
2012-06-23 07:00:00,66.36426
2012-06-23 08:00:00,182.68808
2012-06-23 09:00:00,255.3379
2012-06-23 10:00:00,348.62823
2012-06-23 11:00:00,431.11224
2012-06-23 12:00:00,511.7578
2012-06-23 13:00:00,482.17398
2012-06-23 14:00:00,518.2699
2012-06-23 15:00:00,365.03656
2012-06-23 16:00:00,432.68073
2012-06-23 17:00:00,428.98743
2012-06-23 18:00:00,427.98053
2012-06-23 19:00:00,417.12122
2012-06-23 20:00:00,492.7138
2012-06-23 21:00:00,523.2131
2012-06-23 22:00:00,484.64465
2012-06-23 23:00:00,562.16113
2012-06-24 00:00:00,437.6853
2012-06-24 01:00:00,136.80544
2012-06-24 02:00:00,457.55167
2012-06-24 03:00:00,211.77103
2012-06-24 04:00:00,285.27203
2012-06-24 05:00:00,144.2877
2012-06-24 06:00:00,179.79132
2012-06-24 07:00:00,144.39331
2012-06-24 08:00:00,166.73953
2012-06-24 09:00:00,467.25073
2012-06-24 10:00:00,590.535
2012-06-24 11:00:00,528.4819
2012-06-24 12:00:00,498.83105
2012-06-24 13:00:00,432.29596
2012-06-24 14:00:00,351.17905
2012-06-24 15:00:00,358.80017
2012-06-24 16:00:00,378.959
2012-06-24 17:00:00,394.08795
2012-06-24 18:00:00,405.23016
2012-06-24 19:00:00,445.2412
2012-06-24 20:00:00,470.1488
2012-06-24 21:00:00,356.6618
2012-06-24 22:00:00,313.64658
2012-06-24 23:00:00,278.25024
2012-06-25 00:00:00,394.79654
2012-06-25 01:00:00,305.66794
2012-06-25 02:00:00,271.13284
2012-06-25 03:00:00,285.81024
2012-06-25 04:00:00,141.621
2012-06-25 05:00:00,215.60153
2012-06-25 06:00:00,126.95371
2012-06-25 07:00:00,208.44537
2012-06-25 08:00:00,207.23766
2012-06-25 09:00:00,245.02538
2012-06-25 10:00:00,320.4281
2012-06-25 11:00:00,357.47253
2012-06-25 12:00:00,530.66077
2012-06-25 13:00:00,302.07452
2012-06-25 14:00:00,351.33084
2012-06-25 15:00:00,473.89868
2012-06-25 16:00:00,321.61108
2012-06-25 17:00:00,401.4786
2012-06-25 18:00:00,342.78503
2012-06-25 19:00:00,336.98154
2012-06-25 20:00:00,350.16272
2012-06-25 21:00:00,386.70193
2012-06-25 22:00:00,420.67575
2012-06-25 23:00:00,486.9568
2012-06-26 00:00:00,475.6929
2012-06-26 01:00:00,525.01184
2012-06-26 02:00:00,333.33386
2012-06-26 03:00:00,200.71329
2012-06-26 04:00:00,196.69894
2012-06-26 05:00:00,361.63687
2012-06-26 06:00:00,166.3757
2012-06-26 07:00:00,282.09082
2012-06-26 08:00:00,199.06781
2012-06-26 09:00:00,378.50247
2012-06-26 10:00:00,468.64886
2012-06-26 11:00:00,554.93396
2012-06-26 12:00:00,508.6796
2012-06-26 13:00:00,403.0038
2012-06-26 14:00:00,403.0038
2012-06-26 15:00:00,371.02435
2012-06-26 16:00:00,330.75293
2012-06-26 17:00:00,409.023
2012-06-26 18:00:00,387.26025
2012-06-26 19:00:00,328.39767
2012-06-26 20:00:00,283.35178
2012-06-26 21:00:00,443.94034
2012-06-26 22:00:00,395.6377
2012-06-26 23:00:00,272.51166
2012-06-27 00:00:00,508.33417
2012-06-27 01:00:00,292.92462
2012-06-27 02:00:00,261.93018
2012-06-27 03:00:00,263.2687
2012-06-27 04:00:00,554.8041
2012-06-27 05:00:00,377.07935
2012-06-27 06:00:00,249.90363
2012-06-27 07:00:00,366.0116
2012-06-27 08:00:00,380.302
2012-06-27 09:00:00,551.3149
2012-06-27 10:00:00,379.5489
2012-06-27 11:00:00,275.33575
2012-06-27 12:00:00,296.40063
2012-06-27 13:00:00,314.65848
2012-06-27 14:00:00,365.1664
2012-06-27 15:00:00,359.61115
2012-06-27 16:00:00,398.28485
2012-06-27 17:00:00,372.1213
2012-06-27 18:00:00,314.65848
2012-06-27 19:00:00,302.1007
2012-06-27 20:00:00,381.2364
2012-06-27 21:00:00,416.0381
2012-06-27 22:00:00,375.8172
2012-06-27 23:00:00,255.83273
2012-06-28 00:00:00,221.6789
2012-06-28 01:00:00,155.68323
2012-06-28 02:00:00,218.90482
2012-06-28 03:00:00,218.90482
2012-06-28 04:00:00,232.91782
2012-06-28 05:00:00,247.94907
2012-06-28 06:00:00,247.94907
2012-06-28 07:00:00,232.91782
2012-06-28 08:00:00,234.61526
2012-06-28 09:00:00,246.18694
2012-06-28 10:00:00,427.0141
2012-06-28 11:00:00,404.58365
2012-06-28 12:00:00,300.01727
2012-06-28 13:00:00,338.77118
2012-06-28 14:00:00,308.21716
2012-06-28 15:00:00,308.21716
2012-06-28 16:00:00,417.79724
2012-06-28 17:00:00,439.82184
2012-06-28 18:00:00,347.63724
2012-06-28 19:00:00,318.3618
2012-06-28 20:00:00,480.91394
2012-06-28 21:00:00,323.09702
2012-06-28 22:00:00,330.3313
2012-06-28 23:00:00,275.3629
2012-06-29 00:00:00,275.3629
2012-06-29 01:00:00,313.17206
2012-06-29 02:00:00,271.02188
2012-06-29 03:00:00,271.02188
2012-06-29 04:00:00,247.66394
2012-06-29 05:00:00,273.96405
2012-06-29 06:00:00,221.12427
2012-06-29 07:00:00,273.96405
2012-06-29 08:00:00,168.50208
2012-06-29 09:00:00,320.4281
2012-06-29 10:00:00,341.677
2012-06-29 11:00:00,441.50757
2012-06-29 12:00:00,563.5078
2012-06-29 13:00:00,455.53775
2012-06-29 14:00:00,432.0005
2012-06-29 15:00:00,320.8926
2012-06-29 16:00:00,320.8926
2012-06-29 17:00:00,408.30496
2012-06-29 18:00:00,453.07007
2012-06-29 19:00:00,232.36137
2012-06-29 20:00:00,412.3772
2012-06-29 21:00:00,345.2032
2012-06-29 22:00:00,325.5287
2012-06-29 23:00:00,325.5287
2012-06-30 00:00:00,82.69468
2012-06-30 01:00:00,199.61543
2012-06-30 02:00:00,55.49698
2012-06-30 03:00:00,55.49698
2012-06-30 04:00:00,51.705856
2012-06-30 05:00:00,68.5655
2012-06-30 06:00:00,68.5655
2012-06-30 07:00:00,68.5655
2012-06-30 08:00:00,68.5655
2012-06-30 09:00:00,68.5655
2012-06-30 10:00:00,353.85114
2012-06-30 11:00:00,353.85114
2012-06-30 12:00:00,353.85114
2012-06-30 13:00:00,353.85114
2012-06-30 14:00:00,353.85114
2012-06-30 15:00:00,353.85114
2012-06-30 16:00:00,360.40726
2012-06-30 17:00:00,370.13522
2012-06-30 18:00:00,431.69327
2012-06-30 19:00:00,478.89838
2012-06-30 20:00:00,409.8488
2012-06-30 21:00:00,409.8488
2012-06-30 22:00:00,289.8673
2012-06-30 23:00:00,260.83752
2012-07-20 00:00:00,69.83849
2012-07-20 01:00:00,81.52943
2012-07-20 02:00:00,172.2172
2012-07-20 03:00:00,178.29985
2012-07-20 04:00:00,184.46567
2012-07-20 05:00:00,165.06723
2012-07-20 06:00:00,184.46567
2012-07-20 07:00:00,159.98611
2012-07-20 08:00:00,323.57556
2012-07-20 09:00:00,322.63885
2012-07-20 10:00:00,332.1662
2012-07-20 11:00:00,396.6857
2012-07-20 12:00:00,169.24985
2012-07-20 13:00:00,74.20597
2012-07-20 14:00:00,145.81853
2012-07-20 15:00:00,179.58615
2012-07-20 16:00:00,165.38873
2012-07-20 17:00:00,193.84357
2012-07-20 18:00:00,169.78487
2012-07-20 19:00:00,167.38663
2012-07-20 20:00:00,104.28054
2012-07-20 21:00:00,74.265465
2012-07-20 22:00:00,210.65828
2012-07-20 23:00:00,160.82819
2012-07-21 00:00:00,267.3363
2012-07-21 01:00:00,88.748314
2012-07-21 02:00:00,303.50882
2012-07-21 03:00:00,266.79596
2012-07-21 04:00:00,316.44537
2012-07-21 05:00:00,264.37985
2012-07-21 06:00:00,264.37985
2012-07-21 07:00:00,78.0847
2012-07-21 08:00:00,86.80296
2012-07-21 09:00:00,89.60074
2012-07-21 10:00:00,264.37985
2012-07-21 11:00:00,92.51325
2012-07-21 12:00:00,178.10947
2012-07-21 13:00:00,91.53855
2012-07-21 14:00:00,80.963036
2012-07-21 15:00:00,266.79596
2012-07-21 16:00:00,162.91112
2012-07-21 17:00:00,86.86269
2012-07-21 18:00:00,80.18093
2012-07-21 19:00:00,76.95243
2012-07-21 20:00:00,86.86269
2012-07-21 21:00:00,76.95243
2012-07-21 22:00:00,89.644165
2012-07-21 23:00:00,52.08457
2012-07-22 00:00:00,89.644165
2012-07-22 01:00:00,76.95243
2012-07-22 02:00:00,89.644165
2012-07-22 03:00:00,89.644165
2012-07-22 04:00:00,43.96678
2012-07-22 05:00:00,43.96678
2012-07-22 06:00:00,90.58731
2012-07-22 07:00:00,60.63114
2012-07-22 08:00:00,138.8147
2012-07-22 09:00:00,334.3524
2012-07-22 10:00:00,319.01688
2012-07-22 11:00:00,319.01688
2012-07-22 12:00:00,211.48366
2012-07-22 13:00:00,231.49023
2012-07-22 14:00:00,211.68973
2012-07-22 15:00:00,211.68973
2012-07-22 16:00:00,224.18669
2012-07-22 17:00:00,241.69711
2012-07-22 18:00:00,247.65076
2012-07-22 19:00:00,214.36377
2012-07-22 20:00:00,176.11646
2012-07-22 21:00:00,123.408394
2012-07-22 22:00:00,173.19742
2012-07-22 23:00:00,145.74135
2012-07-23 00:00:00,68.426414
2012-07-23 01:00:00,83.550224
2012-07-23 02:00:00,118.26813
2012-07-23 03:00:00,118.26813
2012-07-23 04:00:00,102.43171
2012-07-23 05:00:00,102.43171
2012-07-23 06:00:00,168.88391
2012-07-23 07:00:00,136.44775
2012-07-23 08:00:00,182.07492
2012-07-23 09:00:00,328.19986
2012-07-23 10:00:00,311.61728
2012-07-23 11:00:00,218.3179
2012-07-23 12:00:00,218.3179
2012-07-23 13:00:00,224.7514
2012-07-23 14:00:00,251.20847
2012-07-23 15:00:00,397.4135
2012-07-23 16:00:00,328.67682
2012-07-23 17:00:00,328.67682
2012-07-23 18:00:00,386.48477
2012-07-23 19:00:00,460.54675
2012-07-23 20:00:00,330.39395
2012-07-23 21:00:00,327.01007
2012-07-23 22:00:00,291.86798
2012-07-23 23:00:00,276.14185
2012-07-24 00:00:00,215.9555
2012-07-24 01:00:00,197.57355
2012-07-24 02:00:00,122.45347
2012-07-24 03:00:00,122.45347
2012-07-24 04:00:00,73.75775
2012-07-24 05:00:00,78.05579
2012-07-24 06:00:00,115.9209
2012-07-24 07:00:00,251.13101
2012-07-24 08:00:00,277.11243
2012-07-24 09:00:00,291.85376
2012-07-24 10:00:00,374.01004
2012-07-24 11:00:00,387.12665
2012-07-24 12:00:00,360.431
2012-07-24 13:00:00,380.78333
2012-07-24 14:00:00,368.16745
2012-07-24 15:00:00,359.363
2012-07-24 16:00:00,359.8977
2012-07-24 17:00:00,367.3759
2012-07-24 18:00:00,375.99304
2012-07-24 19:00:00,330.39395
2012-07-24 20:00:00,295.6062
2012-07-24 21:00:00,344.70148
2012-07-24 22:00:00,402.62225
2012-07-24 23:00:00,303.40173
2012-07-25 00:00:00,336.69736
2012-07-25 01:00:00,258.64835
2012-07-25 02:00:00,304.22794
2012-07-25 03:00:00,262.90204
2012-07-25 04:00:00,251.0603
2012-07-25 05:00:00,213.87448
2012-07-25 06:00:00,210.4525
2012-07-25 07:00:00,227.45265
2012-07-25 08:00:00,397.3058
2012-07-25 09:00:00,363.3867
2012-07-25 10:00:00,353.71967
2012-07-25 11:00:00,320.5244
2012-07-25 12:00:00,320.5244
2012-07-25 13:00:00,407.01654
2012-07-25 14:00:00,404.84872
2012-07-25 15:00:00,374.99878
2012-07-25 16:00:00,411.32538
2012-07-25 17:00:00,304.6184
2012-07-25 18:00:00,381.6267
2012-07-25 19:00:00,374.74905
2012-07-25 20:00:00,544.77765
2012-07-25 21:00:00,331.65005
2012-07-25 22:00:00,258.92566
2012-07-25 23:00:00,263.51886
2012-07-26 00:00:00,218.6485
2012-07-26 01:00:00,262.90204
2012-07-26 02:00:00,269.55875
2012-07-26 03:00:00,244.90948
2012-07-26 04:00:00,173.72032
2012-07-26 05:00:00,173.72032
2012-07-26 06:00:00,141.621
2012-07-26 07:00:00,296.7377
2012-07-26 08:00:00,293.0466
2012-07-26 09:00:00,310.73505
2012-07-26 10:00:00,320.78235
2012-07-26 11:00:00,441.75882
2012-07-26 12:00:00,445.76898
2012-07-26 13:00:00,349.42123
2012-07-26 14:00:00,321.67612
2012-07-26 15:00:00,339.20032
2012-07-26 16:00:00,242.6696
2012-07-26 17:00:00,294.1314
2012-07-26 18:00:00,244.48886
2012-07-26 19:00:00,326.2038
2012-07-26 20:00:00,335.76166
2012-07-26 21:00:00,317.5885
2012-07-26 22:00:00,317.5885
2012-07-26 23:00:00,275.14566
2012-07-27 00:00:00,115.52956
2012-07-27 01:00:00,209.78152
2012-07-27 02:00:00,172.32831
2012-07-27 03:00:00,251.13104
2012-07-27 04:00:00,80.45636
2012-07-27 05:00:00,83.85835
2012-07-27 06:00:00,80.45636
2012-07-27 07:00:00,251.19232
2012-07-27 08:00:00,253.01703
2012-07-27 09:00:00,359.3258
2012-07-27 10:00:00,345.39484
2012-07-27 11:00:00,360.88916
2012-07-27 12:00:00,338.00412
2012-07-27 13:00:00,341.76624
2012-07-27 14:00:00,345.78488
2012-07-27 15:00:00,381.8647
2012-07-27 16:00:00,372.21436
2012-07-27 17:00:00,332.27866
2012-07-27 18:00:00,341.68372
2012-07-27 19:00:00,408.83478
2012-07-27 20:00:00,346.30978
2012-07-27 21:00:00,346.30978
2012-07-27 22:00:00,398.69684
2012-07-27 23:00:00,150.06439
2012-07-28 00:00:00,268.6771
2012-07-28 01:00:00,190.74963
2012-07-28 02:00:00,186.72041
2012-07-28 03:00:00,186.72041
2012-07-28 04:00:00,156.57803
2012-07-28 05:00:00,145.74135
2012-07-28 06:00:00,174.70834
2012-07-28 07:00:00,208.10498
2012-07-28 08:00:00,247.65076
2012-07-28 09:00:00,297.5682
2012-07-28 10:00:00,466.24313
2012-07-28 11:00:00,532.922
2012-07-28 12:00:00,517.47156
2012-07-28 13:00:00,431.76453
2012-07-28 14:00:00,470.7138
2012-07-28 15:00:00,312.65366
2012-07-28 16:00:00,502.19354
2012-07-28 17:00:00,488.28638
2012-07-28 18:00:00,450.10974
2012-07-28 19:00:00,67.08061
2012-07-28 20:00:00,76.37057
2012-07-28 21:00:00,99.47691
2012-07-28 22:00:00,99.47691
2012-07-28 23:00:00,86.423676
2012-07-29 00:00:00,80.355064
2012-07-29 01:00:00,90.080635
2012-07-29 02:00:00,145.93117
2012-07-29 03:00:00,168.56998
2012-07-29 04:00:00,147.99487
2012-07-29 05:00:00,78.32978
2012-07-29 06:00:00,138.57442
2012-07-29 07:00:00,175.88364
2012-07-29 08:00:00,218.15924
2012-07-29 09:00:00,244.97388
2012-07-29 10:00:00,182.2811
2012-07-29 11:00:00,356.6618
2012-07-29 12:00:00,359.87003
2012-07-29 13:00:00,477.7679
2012-07-29 14:00:00,473.88452
2012-07-29 15:00:00,496.7774
2012-07-29 16:00:00,496.7774
2012-07-29 17:00:00,487.6491
2012-07-29 18:00:00,458.81622
2012-07-29 19:00:00,355.12582
2012-07-29 20:00:00,224.18669
2012-07-29 21:00:00,208.10498
2012-07-29 22:00:00,174.70834
2012-07-29 23:00:00,166.75307
2012-07-30 00:00:00,179.39746
2012-07-30 01:00:00,86.40742
2012-07-30 02:00:00,77.56716
2012-07-30 03:00:00,87.1641
2012-07-30 04:00:00,87.1641
2012-07-30 05:00:00,78.05579
2012-07-30 06:00:00,122.45347
2012-07-30 07:00:00,123.12135
2012-07-30 08:00:00,301.44748
2012-07-30 09:00:00,383.7616
2012-07-30 10:00:00,274.79803
2012-07-30 11:00:00,207.35773
2012-07-30 12:00:00,207.56369
2012-07-30 13:00:00,390.0542
2012-07-30 14:00:00,459.91595
2012-07-30 15:00:00,431.16772
2012-07-30 16:00:00,385.21057
2012-07-30 17:00:00,287.69977
2012-07-30 18:00:00,270.41095
2012-07-30 19:00:00,368.67337
2012-07-30 20:00:00,305.4648
2012-07-30 21:00:00,251.19232
2012-07-30 22:00:00,298.5224
2012-07-30 23:00:00,229.7442
2012-07-31 00:00:00,149.88641
2012-07-31 01:00:00,115.9209
2012-07-31 02:00:00,115.92089
2012-07-31 03:00:00,73.75773
2012-07-31 04:00:00,73.75775
2012-07-31 05:00:00,122.45347
2012-07-31 06:00:00,88.90003
2012-07-31 07:00:00,111.209496
2012-07-31 08:00:00,172.32837
2012-07-31 09:00:00,209.78152
2012-07-31 10:00:00,133.05502
2012-07-31 11:00:00,161.95442
2012-07-31 12:00:00,344.4659
2012-07-31 13:00:00,399.95416
2012-07-31 14:00:00,399.95416
2012-07-31 15:00:00,340.20612
2012-07-31 16:00:00,359.80972
2012-07-31 17:00:00,441.65424
2012-07-31 18:00:00,357.16296
2012-07-31 19:00:00,270.63208
2012-07-31 20:00:00,401.21884
2012-07-31 21:00:00,150.37646
2012-07-31 22:00:00,278.10724
2012-07-31 23:00:00,304.551
2012-08-20 00:00:00,175.06026
2012-08-20 01:00:00,87.67086
2012-08-20 02:00:00,87.67086
2012-08-20 03:00:00,60.82306
2012-08-20 04:00:00,168.4035
2012-08-20 05:00:00,151.65918
2012-08-20 06:00:00,237.1456
2012-08-20 07:00:00,249.67389
2012-08-20 08:00:00,225.8439
2012-08-20 09:00:00,336.7675
2012-08-20 10:00:00,265.71893
2012-08-20 11:00:00,214.17584
2012-08-20 12:00:00,204.95845
2012-08-20 13:00:00,258.92566
2012-08-20 14:00:00,271.2924
2012-08-20 15:00:00,389.67715
2012-08-20 16:00:00,389.67715
2012-08-20 17:00:00,340.12683
2012-08-20 18:00:00,161.50766
2012-08-20 19:00:00,237.9307
2012-08-20 20:00:00,160.82819
2012-08-20 21:00:00,133.73276
2012-08-20 22:00:00,151.65918
2012-08-20 23:00:00,151.65918
2012-08-21 00:00:00,168.4035
2012-08-21 01:00:00,202.61093
2012-08-21 02:00:00,123.47833
2012-08-21 03:00:00,62.04012
2012-08-21 04:00:00,62.04012
2012-08-21 05:00:00,62.03936
2012-08-21 06:00:00,67.786736
2012-08-21 07:00:00,83.14424
2012-08-21 08:00:00,118.57496
2012-08-21 09:00:00,71.57251
2012-08-21 10:00:00,245.86429
2012-08-21 11:00:00,161.30128
2012-08-21 12:00:00,249.80328
2012-08-21 13:00:00,344.88983
2012-08-21 14:00:00,432.013
2012-08-21 15:00:00,377.28564
2012-08-21 16:00:00,377.28564
2012-08-21 17:00:00,351.73422
2012-08-21 18:00:00,339.8292
2012-08-21 19:00:00,136.59686
2012-08-21 20:00:00,80.35845
2012-08-21 21:00:00,80.35845
2012-08-21 22:00:00,86.271164
2012-08-21 23:00:00,117.85757
2012-08-22 00:00:00,74.03182
2012-08-22 01:00:00,119.044586
2012-08-22 02:00:00,119.044586
2012-08-22 03:00:00,119.044586
2012-08-22 04:00:00,69.661736
2012-08-22 05:00:00,137.8216
2012-08-22 06:00:00,94.75039
2012-08-22 07:00:00,119.044586
2012-08-22 08:00:00,114.38079
2012-08-22 09:00:00,119.22719
2012-08-22 10:00:00,270.36688
2012-08-22 11:00:00,271.549
2012-08-22 12:00:00,229.23796
2012-08-22 13:00:00,237.20148
2012-08-22 14:00:00,304.35852
2012-08-22 15:00:00,296.05304
2012-08-22 16:00:00,510.2608
2012-08-22 17:00:00,510.2608
2012-08-22 18:00:00,446.80347
2012-08-22 19:00:00,287.84845
2012-08-22 20:00:00,163.34895
2012-08-22 21:00:00,80.35845
2012-08-22 22:00:00,80.35845
2012-08-22 23:00:00,87.96389
2012-08-23 00:00:00,86.271164
2012-08-23 01:00:00,117.85757
2012-08-23 02:00:00,117.85765
2012-08-23 03:00:00,72.24025
2012-08-23 04:00:00,117.85757
2012-08-23 05:00:00,117.85757
2012-08-23 06:00:00,117.272484
2012-08-23 07:00:00,176.32472
2012-08-23 08:00:00,221.37875
2012-08-23 09:00:00,368.09915
2012-08-23 10:00:00,270.69867
2012-08-23 11:00:00,231.74106
2012-08-23 12:00:00,419.64902
2012-08-23 13:00:00,432.8229
2012-08-23 14:00:00,462.10425
2012-08-23 15:00:00,356.8121
2012-08-23 16:00:00,376.8643
2012-08-23 17:00:00,476.6366
2012-08-23 18:00:00,463.618
2012-08-23 19:00:00,237.3384
2012-08-23 20:00:00,273.96405
2012-08-23 21:00:00,272.62766
2012-08-23 22:00:00,210.25455
2012-08-23 23:00:00,356.25278
2012-08-24 00:00:00,356.25278
2012-08-24 01:00:00,276.71747
2012-08-24 02:00:00,71.12747
2012-08-24 03:00:00,80.35845
2012-08-24 04:00:00,276.71747
2012-08-24 05:00:00,86.271164
2012-08-24 06:00:00,166.53772
2012-08-24 07:00:00,204.3183
2012-08-24 08:00:00,287.84845
2012-08-24 09:00:00,276.58673
2012-08-24 10:00:00,325.6506
2012-08-24 11:00:00,180.10324
2012-08-24 12:00:00,184.11235
2012-08-24 13:00:00,251.58957
2012-08-24 14:00:00,400.7942
2012-08-24 15:00:00,158.00876
2012-08-24 16:00:00,158.00876
2012-08-24 17:00:00,306.9163
2012-08-24 18:00:00,247.45157
2012-08-24 19:00:00,229.61447
2012-08-24 20:00:00,283.75528
2012-08-24 21:00:00,221.12427
2012-08-24 22:00:00,192.27791
2012-08-24 23:00:00,307.83502
2012-08-25 00:00:00,225.3225
2012-08-25 01:00:00,339.78152
2012-08-25 02:00:00,155.68166
2012-08-25 03:00:00,153.26343
2012-08-25 04:00:00,196.80998
2012-08-25 05:00:00,151.33826
2012-08-25 06:00:00,101.886055
2012-08-25 07:00:00,100.04722
2012-08-25 08:00:00,189.09918
2012-08-25 09:00:00,265.6468
2012-08-25 10:00:00,291.38614
2012-08-25 11:00:00,296.1282
2012-08-25 12:00:00,315.5691
2012-08-25 13:00:00,431.7174
2012-08-25 14:00:00,252.40765
2012-08-25 15:00:00,220.0528
2012-08-25 16:00:00,300.6621
2012-08-25 17:00:00,310.8608
2012-08-25 18:00:00,155.27216
2012-08-25 19:00:00,119.30884
2012-08-25 20:00:00,217.42136
2012-08-25 21:00:00,80.2231
2012-08-25 22:00:00,80.2231
2012-08-25 23:00:00,88.748314
2012-08-26 00:00:00,73.50035
2012-08-26 01:00:00,68.70536
2012-08-26 02:00:00,91.010185
2012-08-26 03:00:00,92.3529
2012-08-26 04:00:00,84.047806
2012-08-26 05:00:00,68.70536
2012-08-26 06:00:00,72.90545
2012-08-26 07:00:00,68.70536
2012-08-26 08:00:00,144.54054
2012-08-26 09:00:00,133.02875
2012-08-26 10:00:00,284.98645
2012-08-26 11:00:00,326.70685
2012-08-26 12:00:00,270.44022
2012-08-26 13:00:00,291.97186
2012-08-26 14:00:00,68.08796
2012-08-26 15:00:00,280.554
2012-08-26 16:00:00,280.554
2012-08-26 17:00:00,69.58846
2012-08-26 18:00:00,88.84069
2012-08-26 19:00:00,97.75451
2012-08-26 20:00:00,68.5655
2012-08-26 21:00:00,78.468636
2012-08-26 22:00:00,56.27317
2012-08-26 23:00:00,73.72344
2012-08-27 00:00:00,117.85757
2012-08-27 01:00:00,58.766228
2012-08-27 02:00:00,72.86681
2012-08-27 03:00:00,58.766243
2012-08-27 04:00:00,117.85757
2012-08-27 05:00:00,111.12268
2012-08-27 06:00:00,111.12268
2012-08-27 07:00:00,87.1641
2012-08-27 08:00:00,73.75775
2012-08-27 09:00:00,78.05579
2012-08-27 10:00:00,233.9195
2012-08-27 11:00:00,304.12183
2012-08-27 12:00:00,138.07872
2012-08-27 13:00:00,333.7411
2012-08-27 14:00:00,305.31403
2012-08-27 15:00:00,359.8977
2012-08-27 16:00:00,442.01666
2012-08-27 17:00:00,433.30048
2012-08-27 18:00:00,452.63806
2012-08-27 19:00:00,320.78235
2012-08-27 20:00:00,277.11243
2012-08-27 21:00:00,254.39047
2012-08-27 22:00:00,162.74332
2012-08-27 23:00:00,166.53181
2012-08-28 00:00:00,130.97057
2012-08-28 01:00:00,111.18522
2012-08-28 02:00:00,121.663155
2012-08-28 03:00:00,81.52943
2012-08-28 04:00:00,115.9209
2012-08-28 05:00:00,180.83627
2012-08-28 06:00:00,178.29985
2012-08-28 07:00:00,202.51926
2012-08-28 08:00:00,190.76312
2012-08-28 09:00:00,332.1662
2012-08-28 10:00:00,403.71027
2012-08-28 11:00:00,413.31738
2012-08-28 12:00:00,385.21057
2012-08-28 13:00:00,353.26935
2012-08-28 14:00:00,257.1115
2012-08-28 15:00:00,304.945
2012-08-28 16:00:00,267.61285
2012-08-28 17:00:00,320.88663
2012-08-28 18:00:00,349.8981
2012-08-28 19:00:00,413.95886
2012-08-28 20:00:00,236.15411
2012-08-28 21:00:00,225.75119
2012-08-28 22:00:00,161.30128
2012-08-28 23:00:00,175.92734
2012-08-29 00:00:00,71.12747
2012-08-29 01:00:00,216.27415
2012-08-29 02:00:00,183.32938
2012-08-29 03:00:00,120.60415
2012-08-29 04:00:00,174.70682
2012-08-29 05:00:00,139.21826
2012-08-29 06:00:00,139.21826
2012-08-29 07:00:00,175.81616
2012-08-29 08:00:00,231.23744
2012-08-29 09:00:00,317.08023
2012-08-29 10:00:00,358.1745
2012-08-29 11:00:00,249.80328
2012-08-29 12:00:00,398.39056
2012-08-29 13:00:00,340.66675
2012-08-29 14:00:00,408.61407
2012-08-29 15:00:00,454.0791
2012-08-29 16:00:00,481.95502
2012-08-29 17:00:00,383.86124
2012-08-29 18:00:00,475.86572
2012-08-29 19:00:00,270.0409
2012-08-29 20:00:00,175.92734
2012-08-29 21:00:00,221.77875
2012-08-29 22:00:00,155.68323
2012-08-29 23:00:00,166.15953
2012-08-30 00:00:00,71.57251
2012-08-30 01:00:00,93.81936
2012-08-30 02:00:00,94.75039
2012-08-30 03:00:00,94.75039
2012-08-30 04:00:00,94.75039
2012-08-30 05:00:00,94.75039
2012-08-30 06:00:00,87.67086
2012-08-30 07:00:00,80.35845
2012-08-30 08:00:00,103.64827
2012-08-30 09:00:00,157.31335
2012-08-30 10:00:00,170.07222
2012-08-30 11:00:00,408.61407
2012-08-30 12:00:00,352.42917
2012-08-30 13:00:00,237.20148
2012-08-30 14:00:00,296.05304
2012-08-30 15:00:00,379.72726
2012-08-30 16:00:00,375.2323
2012-08-30 17:00:00,446.9167
2012-08-30 18:00:00,463.2265
2012-08-30 19:00:00,296.05304
2012-08-30 20:00:00,279.89368
2012-08-30 21:00:00,282.3749
2012-08-30 22:00:00,88.03111
2012-08-30 23:00:00,193.27908
2012-08-31 00:00:00,158.66306
2012-08-31 01:00:00,158.66306
2012-08-31 02:00:00,81.529434
2012-08-31 03:00:00,67.67007
2012-08-31 04:00:00,77.67162
2012-08-31 05:00:00,88.90003
2012-08-31 06:00:00,159.46056
2012-08-31 07:00:00,154.58965
2012-08-31 08:00:00,309.5567
2012-08-31 09:00:00,134.1851
2012-08-31 10:00:00,263.1322
2012-08-31 11:00:00,312.1268
2012-08-31 12:00:00,319.25708
2012-08-31 13:00:00,310.6978
2012-08-31 14:00:00,361.92163
2012-08-31 15:00:00,322.8034
2012-08-31 16:00:00,334.3061
2012-08-31 17:00:00,437.38718
2012-08-31 18:00:00,413.65933
2012-08-31 19:00:00,349.07928
2012-08-31 20:00:00,349.07928
2012-08-31 21:00:00,324.16052
2012-08-31 22:00:00,324.16052
2012-08-31 23:00:00,302.08072
2012-09-20 00:00:00,136.32956
2012-09-20 01:00:00,96.45084
2012-09-20 02:00:00,127.64187
2012-09-20 03:00:00,103.26417
2012-09-20 04:00:00,67.399925
2012-09-20 05:00:00,67.399925
2012-09-20 06:00:00,103.26417
2012-09-20 07:00:00,51.249367
2012-09-20 08:00:00,202.21051
2012-09-20 09:00:00,379.2285
2012-09-20 10:00:00,368.27844
2012-09-20 11:00:00,234.92047
2012-09-20 12:00:00,224.22284
2012-09-20 13:00:00,260.68497
2012-09-20 14:00:00,354.84183
2012-09-20 15:00:00,420.48694
2012-09-20 16:00:00,251.72897
2012-09-20 17:00:00,317.88098
2012-09-20 18:00:00,250.54153
2012-09-20 19:00:00,286.21198
2012-09-20 20:00:00,335.52182
2012-09-20 21:00:00,301.5301
2012-09-20 22:00:00,112.181435
2012-09-20 23:00:00,252.88885
2012-09-21 00:00:00,162.36609
2012-09-21 01:00:00,171.49469
2012-09-21 02:00:00,171.49469
2012-09-21 03:00:00,67.415794
2012-09-21 04:00:00,169.13208
2012-09-21 05:00:00,60.50347
2012-09-21 06:00:00,67.415794
2012-09-21 07:00:00,181.11131
2012-09-21 08:00:00,100.0434
2012-09-21 09:00:00,267.0513
2012-09-21 10:00:00,255.64479
2012-09-21 11:00:00,298.10345
2012-09-21 12:00:00,225.36673
2012-09-21 13:00:00,246.18694
2012-09-21 14:00:00,268.9905
2012-09-21 15:00:00,330.8922
2012-09-21 16:00:00,270.04095
2012-09-21 17:00:00,302.2176
2012-09-21 18:00:00,313.76862
2012-09-21 19:00:00,267.56433
2012-09-21 20:00:00,209.02403
2012-09-21 21:00:00,197.7421
2012-09-21 22:00:00,139.21826
2012-09-21 23:00:00,130.39874
2012-09-22 00:00:00,115.67337
2012-09-22 01:00:00,75.29767
2012-09-22 02:00:00,57.808933
2012-09-22 03:00:00,66.02797
2012-09-22 04:00:00,66.02797
2012-09-22 05:00:00,74.338356
2012-09-22 06:00:00,65.895195
2012-09-22 07:00:00,83.95617
2012-09-22 08:00:00,106.788994
2012-09-22 09:00:00,164.62625
2012-09-22 10:00:00,289.382
2012-09-22 11:00:00,254.48633
2012-09-22 12:00:00,331.92056
2012-09-22 13:00:00,368.10858
2012-09-22 14:00:00,405.4507
2012-09-22 15:00:00,453.6447
2012-09-22 16:00:00,367.725
2012-09-22 17:00:00,367.725
2012-09-22 18:00:00,337.2162
2012-09-22 19:00:00,273.0604
2012-09-22 20:00:00,310.24115
2012-09-22 21:00:00,229.93806
2012-09-22 22:00:00,233.13332
2012-09-22 23:00:00,298.62158
2012-09-23 00:00:00,551.5085
2012-09-23 01:00:00,192.93028
2012-09-23 02:00:00,332.12463
2012-09-23 03:00:00,77.578995
2012-09-23 04:00:00,229.54343
2012-09-23 05:00:00,188.44408
2012-09-23 06:00:00,232.4323
2012-09-23 07:00:00,240.46837
2012-09-23 08:00:00,116.11265
2012-09-23 09:00:00,101.62888
2012-09-23 10:00:00,383.3554
2012-09-23 11:00:00,398.7235
2012-09-23 12:00:00,475.19482
2012-09-23 13:00:00,646.3843
2012-09-23 14:00:00,699.4911
2012-09-23 15:00:00,603.4876
2012-09-23 16:00:00,423.4184
2012-09-23 17:00:00,299.2494
2012-09-23 18:00:00,542.3622
2012-09-23 19:00:00,448.96515
2012-09-23 20:00:00,448.96515
2012-09-23 21:00:00,227.64673
2012-09-23 22:00:00,548.575
2012-09-23 23:00:00,187.56143
2012-09-24 00:00:00,272.92606
2012-09-24 01:00:00,233.08798
2012-09-24 02:00:00,323.08496
2012-09-24 03:00:00,282.48065
2012-09-24 04:00:00,251.11606
2012-09-24 05:00:00,406.71884
2012-09-24 06:00:00,438.26392
2012-09-24 07:00:00,233.08798
2012-09-24 08:00:00,224.30386
2012-09-24 09:00:00,194.5379
2012-09-24 10:00:00,206.73936
2012-09-24 11:00:00,465.64178
2012-09-24 12:00:00,268.84894
2012-09-24 13:00:00,243.22882
2012-09-24 14:00:00,583.0598
2012-09-24 15:00:00,533.42834
2012-09-24 16:00:00,213.65128
2012-09-24 17:00:00,469.97952
2012-09-24 18:00:00,397.7583
2012-09-24 19:00:00,343.50543
2012-09-24 20:00:00,253.79199
2012-09-24 21:00:00,226.53445
2012-09-24 22:00:00,178.6708
2012-09-24 23:00:00,289.52878
2012-09-25 00:00:00,215.03246
2012-09-25 01:00:00,203.7191
2012-09-25 02:00:00,148.39453
2012-09-25 03:00:00,249.475
2012-09-25 04:00:00,209.26923
2012-09-25 05:00:00,194.81567
2012-09-25 06:00:00,244.14102
2012-09-25 07:00:00,233.94823
2012-09-25 08:00:00,230.67111
2012-09-25 09:00:00,277.27475
2012-09-25 10:00:00,217.85925
2012-09-25 11:00:00,419.68393
2012-09-25 12:00:00,401.3994
2012-09-25 13:00:00,461.25015
2012-09-25 14:00:00,279.9554
2012-09-25 15:00:00,256.47983
2012-09-25 16:00:00,320.23615
2012-09-25 17:00:00,337.5753
2012-09-25 18:00:00,442.88983
2012-09-25 19:00:00,462.7129
2012-09-25 20:00:00,290.9646
2012-09-25 21:00:00,290.9646
2012-09-25 22:00:00,320.68167
2012-09-25 23:00:00,188.2002
2012-09-26 00:00:00,325.1197
2012-09-26 01:00:00,187.47815
2012-09-26 02:00:00,298.4646
2012-09-26 03:00:00,298.4646
2012-09-26 04:00:00,259.5784
2012-09-26 05:00:00,249.77338
2012-09-26 06:00:00,220.08458
2012-09-26 07:00:00,162.30887
2012-09-26 08:00:00,201.53226
2012-09-26 09:00:00,386.98627
2012-09-26 10:00:00,275.97223
2012-09-26 11:00:00,396.55
2012-09-26 12:00:00,461.48465
2012-09-26 13:00:00,498.69354
2012-09-26 14:00:00,446.93643
2012-09-26 15:00:00,384.95282
2012-09-26 16:00:00,413.53607
2012-09-26 17:00:00,384.95282
2012-09-26 18:00:00,554.9525
2012-09-26 19:00:00,456.57617
2012-09-26 20:00:00,455.0589
2012-09-26 21:00:00,452.82523
2012-09-26 22:00:00,421.86755
2012-09-26 23:00:00,284.62836
2012-09-27 00:00:00,384.2022
2012-09-27 01:00:00,384.2022
2012-09-27 02:00:00,384.2022
2012-09-27 03:00:00,215.26001
2012-09-27 04:00:00,101.26967
2012-09-27 05:00:00,205.40121
2012-09-27 06:00:00,207.3057
2012-09-27 07:00:00,215.26003
2012-09-27 08:00:00,507.5437
2012-09-27 09:00:00,648.0051
2012-09-27 10:00:00,503.98483
2012-09-27 11:00:00,308.31915
2012-09-27 12:00:00,175.21014
2012-09-27 13:00:00,441.02832
2012-09-27 14:00:00,241.36545
2012-09-27 15:00:00,440.46976
2012-09-27 16:00:00,295.76755
2012-09-27 17:00:00,326.4711
2012-09-27 18:00:00,300.6242
2012-09-27 19:00:00,471.8745
2012-09-27 20:00:00,301.34753
2012-09-27 21:00:00,240.50024
2012-09-27 22:00:00,240.50024
2012-09-27 23:00:00,315.84375
2012-09-28 00:00:00,254.95686
2012-09-28 01:00:00,107.17596
2012-09-28 02:00:00,144.89871
2012-09-28 03:00:00,247.80276
2012-09-28 04:00:00,208.99123
2012-09-28 05:00:00,179.25638
2012-09-28 06:00:00,238.72266
2012-09-28 07:00:00,41.696644
2012-09-28 08:00:00,326.3805
2012-09-28 09:00:00,388.49362
2012-09-28 10:00:00,319.7995
2012-09-28 11:00:00,360.33612
2012-09-28 12:00:00,373.73407
2012-09-28 13:00:00,485.9466
2012-09-28 14:00:00,373.73407
2012-09-28 15:00:00,338.21848
2012-09-28 16:00:00,420.36346
2012-09-28 17:00:00,299.91986
2012-09-28 18:00:00,404.70447
2012-09-28 19:00:00,417.02606
2012-09-28 20:00:00,326.4894
2012-09-28 21:00:00,396.19418
2012-09-28 22:00:00,284.16592
2012-09-28 23:00:00,306.4602
2012-09-29 00:00:00,346.05795
2012-09-29 01:00:00,346.05795
2012-09-29 02:00:00,105.28414
2012-09-29 03:00:00,90.43448
2012-09-29 04:00:00,249.72926
2012-09-29 05:00:00,273.55927
2012-09-29 06:00:00,294.26816
2012-09-29 07:00:00,303.06635
2012-09-29 08:00:00,318.20035
2012-09-29 09:00:00,273.55927
2012-09-29 10:00:00,305.9383
2012-09-29 11:00:00,313.25934
2012-09-29 12:00:00,526.4959
2012-09-29 13:00:00,526.4959
2012-09-29 14:00:00,565.2083
2012-09-29 15:00:00,539.7768
2012-09-29 16:00:00,574.90784
2012-09-29 17:00:00,492.1679
2012-09-29 18:00:00,440.54736
2012-09-29 19:00:00,336.72662
2012-09-29 20:00:00,338.55576
2012-09-29 21:00:00,294.58087
2012-09-29 22:00:00,263.5039
2012-09-29 23:00:00,301.54486
2012-09-30 00:00:00,337.90582
2012-09-30 01:00:00,337.90582
2012-09-30 02:00:00,264.2978
2012-09-30 03:00:00,241.36691
2012-09-30 04:00:00,241.36691
2012-09-30 05:00:00,165.59012
2012-09-30 06:00:00,205.35695
2012-09-30 07:00:00,144.8906
2012-09-30 08:00:00,233.76675
2012-09-30 09:00:00,288.37527
2012-09-30 10:00:00,485.78754
2012-09-30 11:00:00,572.87524
2012-09-30 12:00:00,526.4959
2012-09-30 13:00:00,574.90784
2012-09-30 14:00:00,574.90784
2012-09-30 15:00:00,585.5453
2012-09-30 16:00:00,649.19727
2012-09-30 17:00:00,517.09357
2012-09-30 18:00:00,98.73539
2012-09-30 19:00:00,108.55511
2012-09-30 20:00:00,108.55511
2012-09-30 21:00:00,231.0144
2012-09-30 22:00:00,145.14273
2012-09-30 23:00:00,248.56535
2012-10-20 00:00:00,117.05383
2012-10-20 01:00:00,192.66696
2012-10-20 02:00:00,166.09137
2012-10-20 03:00:00,171.75903
2012-10-20 04:00:00,165.59012
2012-10-20 05:00:00,114.72516
2012-10-20 06:00:00,200.12067
2012-10-20 07:00:00,114.72516
2012-10-20 08:00:00,202.88618
2012-10-20 09:00:00,242.55515
2012-10-20 10:00:00,322.16986
2012-10-20 11:00:00,352.69577
2012-10-20 12:00:00,428.7114
2012-10-20 13:00:00,481.55902
2012-10-20 14:00:00,576.15564
2012-10-20 15:00:00,574.5096
2012-10-20 16:00:00,394.36993
2012-10-20 17:00:00,479.76288
2012-10-20 18:00:00,502.4585
2012-10-20 19:00:00,384.67807
2012-10-20 20:00:00,475.25836
2012-10-20 21:00:00,342.12555
2012-10-20 22:00:00,251.81314
2012-10-20 23:00:00,302.54022
2012-10-21 00:00:00,236.67484
2012-10-21 01:00:00,206.0799
2012-10-21 02:00:00,179.73492
2012-10-21 03:00:00,243.73256
2012-10-21 04:00:00,120.83832
2012-10-21 05:00:00,243.73256
2012-10-21 06:00:00,263.30206
2012-10-21 07:00:00,263.30206
2012-10-21 08:00:00,221.54161
2012-10-21 09:00:00,233.8602
2012-10-21 10:00:00,221.30566
2012-10-21 11:00:00,307.69574
2012-10-21 12:00:00,391.33646
2012-10-21 13:00:00,410.76453
2012-10-21 14:00:00,570.1365
2012-10-21 15:00:00,282.31274
2012-10-21 16:00:00,479.76288
2012-10-21 17:00:00,447.87415
2012-10-21 18:00:00,519.9523
2012-10-21 19:00:00,430.0417
2012-10-21 20:00:00,395.68665
2012-10-21 21:00:00,221.39783
2012-10-21 22:00:00,191.26291
2012-10-21 23:00:00,209.9612
2012-10-22 00:00:00,484.67218
2012-10-22 01:00:00,274.7081
2012-10-22 02:00:00,259.54318
2012-10-22 03:00:00,484.67218
2012-10-22 04:00:00,401.3642
2012-10-22 05:00:00,82.49415
2012-10-22 06:00:00,75.0846
2012-10-22 07:00:00,282.59576
2012-10-22 08:00:00,286.09113
2012-10-22 09:00:00,342.6466
2012-10-22 10:00:00,395.8415
2012-10-22 11:00:00,359.48706
2012-10-22 12:00:00,371.6897
2012-10-22 13:00:00,249.63008
2012-10-22 14:00:00,203.3909
2012-10-22 15:00:00,253.92291
2012-10-22 16:00:00,297.44962
2012-10-22 17:00:00,335.9564
2012-10-22 18:00:00,403.28696
2012-10-22 19:00:00,253.79199
2012-10-22 20:00:00,312.0681
2012-10-22 21:00:00,330.68054
2012-10-22 22:00:00,136.06015
2012-10-22 23:00:00,182.04926
2012-10-23 00:00:00,63.727222
2012-10-23 01:00:00,200.77103
2012-10-23 02:00:00,59.979195
2012-10-23 03:00:00,172.64763
2012-10-23 04:00:00,168.29192
2012-10-23 05:00:00,235.1778
2012-10-23 06:00:00,79.59159
2012-10-23 07:00:00,257.7224
2012-10-23 08:00:00,263.84222
2012-10-23 09:00:00,257.16666
2012-10-23 10:00:00,603.8136
2012-10-23 11:00:00,290.2002
2012-10-23 12:00:00,176.83582
2012-10-23 13:00:00,374.8395
2012-10-23 14:00:00,448.2741
2012-10-23 15:00:00,455.88904
2012-10-23 16:00:00,207.56335
2012-10-23 17:00:00,337.40674
2012-10-23 18:00:00,392.48553
2012-10-23 19:00:00,466.97412
2012-10-23 20:00:00,392.47418
2012-10-23 21:00:00,284.16614
2012-10-23 22:00:00,431.40747
2012-10-23 23:00:00,291.27557
2012-10-24 00:00:00,329.10156
2012-10-24 01:00:00,232.22708
2012-10-24 02:00:00,232.22711
2012-10-24 03:00:00,241.47127
2012-10-24 04:00:00,241.47115
2012-10-24 05:00:00,140.04617
2012-10-24 06:00:00,194.9326
2012-10-24 07:00:00,209.82109
2012-10-24 08:00:00,222.22218
2012-10-24 09:00:00,281.10883
2012-10-24 10:00:00,125.54275
2012-10-24 11:00:00,626.8992
2012-10-24 12:00:00,482.28717
2012-10-24 13:00:00,266.22253
2012-10-24 14:00:00,210.55942
2012-10-24 15:00:00,287.21906
2012-10-24 16:00:00,348.0753
2012-10-24 17:00:00,263.0041
2012-10-24 18:00:00,300.9521
2012-10-24 19:00:00,162.08466
2012-10-24 20:00:00,256.48633
2012-10-24 21:00:00,255.34619
2012-10-24 22:00:00,308.3138
2012-10-24 23:00:00,277.50183
2012-10-25 00:00:00,243.13742
2012-10-25 01:00:00,396.54007
2012-10-25 02:00:00,148.19806
2012-10-25 03:00:00,195.81592
2012-10-25 04:00:00,205.91467
2012-10-25 05:00:00,215.0259
2012-10-25 06:00:00,202.17395
2012-10-25 07:00:00,202.17395
2012-10-25 08:00:00,203.10162
2012-10-25 09:00:00,188.3237
2012-10-25 10:00:00,207.72757
2012-10-25 11:00:00,255.56982
2012-10-25 12:00:00,284.46152
2012-10-25 13:00:00,139.11766
2012-10-25 14:00:00,381.37848
2012-10-25 15:00:00,439.45984
2012-10-25 16:00:00,347.8836
2012-10-25 17:00:00,347.8836
2012-10-25 18:00:00,273.1542
2012-10-25 19:00:00,186.2985
2012-10-25 20:00:00,195.81592
2012-10-25 21:00:00,195.81592
2012-10-25 22:00:00,333.71066
2012-10-25 23:00:00,207.72754
2012-10-26 00:00:00,140.30368
2012-10-26 01:00:00,263.8984
2012-10-26 02:00:00,205.91467
2012-10-26 03:00:00,215.0259
2012-10-26 04:00:00,215.0259
2012-10-26 05:00:00,205.91467
2012-10-26 06:00:00,263.8984
2012-10-26 07:00:00,205.91467
2012-10-26 08:00:00,185.64774
2012-10-26 09:00:00,185.64774
2012-10-26 10:00:00,225.23367
2012-10-26 11:00:00,277.56006
2012-10-26 12:00:00,316.65906
2012-10-26 13:00:00,294.59906
2012-10-26 14:00:00,308.3138
2012-10-26 15:00:00,255.34619
2012-10-26 16:00:00,298.26843
2012-10-26 17:00:00,314.50708
2012-10-26 18:00:00,259.55112
2012-10-26 19:00:00,206.56125
2012-10-26 20:00:00,206.56125
2012-10-26 21:00:00,252.26761
2012-10-26 22:00:00,201.86194
2012-10-26 23:00:00,140.88847
2012-10-27 00:00:00,104.67182
2012-10-27 01:00:00,145.06274
2012-10-27 02:00:00,189.47609
2012-10-27 03:00:00,102.232994
2012-10-27 04:00:00,124.50736
2012-10-27 05:00:00,131.3202
2012-10-27 06:00:00,131.3202
2012-10-27 07:00:00,111.47779
2012-10-27 08:00:00,272.6006
2012-10-27 09:00:00,272.6006
2012-10-27 10:00:00,347.86694
2012-10-27 11:00:00,347.19397
2012-10-27 12:00:00,468.5199
2012-10-27 13:00:00,539.7768
2012-10-27 14:00:00,479.27377
2012-10-27 15:00:00,135.02473
2012-10-27 16:00:00,196.49936
2012-10-27 17:00:00,196.49936
2012-10-27 18:00:00,196.49936
2012-10-27 19:00:00,198.56807
2012-10-27 20:00:00,198.56807
2012-10-27 21:00:00,198.56807
2012-10-27 22:00:00,238.93826
2012-10-27 23:00:00,235.97699
2012-10-28 00:00:00,143.18996
2012-10-28 01:00:00,295.97437
2012-10-28 02:00:00,281.72107
2012-10-28 03:00:00,182.80646
2012-10-28 04:00:00,233.94344
2012-10-28 05:00:00,126.97501
2012-10-28 06:00:00,117.24768
2012-10-28 07:00:00,52.081
2012-10-28 08:00:00,283.03558
2012-10-28 09:00:00,328.3787
2012-10-28 10:00:00,402.8941
2012-10-28 11:00:00,414.4391
2012-10-28 12:00:00,187.26337
2012-10-28 13:00:00,126.73107
2012-10-28 14:00:00,193.06929
2012-10-28 15:00:00,102.705635
2012-10-28 16:00:00,120.83933
2012-10-28 17:00:00,142.95326
2012-10-28 18:00:00,54.790592
2012-10-28 19:00:00,109.47697
2012-10-28 20:00:00,66.81529
2012-10-28 21:00:00,121.52288
2012-10-28 22:00:00,168.63171
2012-10-28 23:00:00,109.47697
2012-10-29 00:00:00,96.14139
2012-10-30 13:00:00,42.175606
2012-10-30 14:00:00,42.175606
2012-10-30 15:00:00,60.434303
2012-10-30 16:00:00,60.434303
2012-10-30 17:00:00,74.074265
2012-10-30 18:00:00,69.962944
2012-10-30 19:00:00,331.0613
2012-10-30 20:00:00,238.64494
2012-10-30 21:00:00,114.95852
2012-10-30 22:00:00,132.96516
2012-10-30 23:00:00,132.96516
2012-10-31 00:00:00,113.0691
2012-10-31 01:00:00,144.01791
2012-10-31 02:00:00,219.79663
2012-10-31 03:00:00,113.0691
2012-10-31 04:00:00,166.08307
2012-10-31 05:00:00,219.79663
2012-10-31 06:00:00,131.88956
2012-10-31 07:00:00,157.56212
2012-10-31 08:00:00,109.120415
2012-10-31 09:00:00,99.942085
2012-10-31 10:00:00,236.534
2012-10-31 11:00:00,198.78569
2012-10-31 12:00:00,218.67447
2012-10-31 13:00:00,226.01343
2012-10-31 14:00:00,268.496
2012-10-31 15:00:00,230.81415
2012-10-31 16:00:00,275.95554
2012-10-31 17:00:00,272.80148
2012-10-31 18:00:00,272.80148
2012-10-31 19:00:00,257.97208
2012-10-31 20:00:00,257.97208
2012-10-31 21:00:00,257.97208
2012-10-31 22:00:00,299.80533
2012-10-31 23:00:00,335.13864
2012-11-20 00:00:00,98.97646
2012-11-20 01:00:00,196.77245
2012-11-20 02:00:00,97.02625
2012-11-20 03:00:00,102.369316
2012-11-20 04:00:00,212.1295
2012-11-20 05:00:00,154.23318
2012-11-20 06:00:00,167.78992
2012-11-20 07:00:00,79.424164
2012-11-20 08:00:00,95.42192
2012-11-20 09:00:00,115.070076
2012-11-20 10:00:00,238.12906
2012-11-20 11:00:00,265.82516
2012-11-20 12:00:00,167.18091
2012-11-20 13:00:00,241.05199
2012-11-20 14:00:00,298.15704
2012-11-20 15:00:00,333.00848
2012-11-20 16:00:00,210.62799
2012-11-20 17:00:00,216.29547
2012-11-20 18:00:00,238.12906
2012-11-20 19:00:00,186.8234
2012-11-20 20:00:00,155.74129
2012-11-20 21:00:00,140.75436
2012-11-20 22:00:00,140.75436
2012-11-20 23:00:00,99.66508
2012-11-21 00:00:00,71.79362
2012-11-21 01:00:00,99.66508
2012-11-21 02:00:00,335.61374
2012-11-21 03:00:00,335.61374
2012-11-21 04:00:00,335.61374
2012-11-21 05:00:00,335.61374
2012-11-21 06:00:00,237.09723
2012-11-21 07:00:00,366.20944
2012-11-21 08:00:00,154.90703
2012-11-21 09:00:00,79.42417
2012-11-21 10:00:00,475.052
2012-11-21 11:00:00,251.83609
2012-11-21 12:00:00,296.6639
2012-11-21 13:00:00,369.37598
2012-11-21 14:00:00,393.84973
2012-11-21 15:00:00,180.31767
2012-11-21 16:00:00,337.44595
2012-11-21 17:00:00,301.689
2012-11-21 18:00:00,231.8255
2012-11-21 19:00:00,274.5223
2012-11-21 20:00:00,282.92557
2012-11-21 21:00:00,168.69128
2012-11-21 22:00:00,163.013
2012-11-21 23:00:00,241.5486
2012-11-22 00:00:00,54.892395
2012-11-22 01:00:00,5.1021476
2012-11-22 02:00:00,7.1771226
2012-11-22 03:00:00,7.2335553
2012-11-22 04:00:00,7.0722613
2012-11-22 05:00:00,7.2335553
2012-11-22 06:00:00,7.2538486
2012-11-22 07:00:00,6.7088127
2012-11-22 08:00:00,6.7802444
2012-11-22 09:00:00,69.197395
2012-11-22 10:00:00,182.30067
2012-11-22 11:00:00,218.05167
2012-11-22 12:00:00,196.20432
2012-11-22 13:00:00,248.6311
2012-11-22 14:00:00,285.3849
2012-11-22 15:00:00,285.3849
2012-11-22 16:00:00,233.14285
2012-11-22 17:00:00,196.20432
2012-11-22 18:00:00,79.275314
2012-11-22 19:00:00,47.339165
2012-11-22 20:00:00,37.70668
2012-11-22 21:00:00,53.037243
2012-11-22 22:00:00,73.20514
2012-11-22 23:00:00,60.955868
2012-11-23 00:00:00,60.967216
2012-11-23 01:00:00,133.68877
2012-11-23 02:00:00,126.40511
2012-11-23 03:00:00,24.91559
2012-11-23 04:00:00,202.96965
2012-11-23 05:00:00,123.18605
2012-11-23 06:00:00,123.18605
2012-11-23 07:00:00,123.18605
2012-11-23 08:00:00,303.6422
2012-11-23 09:00:00,101.76774
2012-11-23 10:00:00,206.11584
2012-11-23 11:00:00,251.83609
2012-11-23 12:00:00,394.18542
2012-11-23 13:00:00,481.44696
2012-11-23 14:00:00,447.24915
2012-11-23 15:00:00,426.96362
2012-11-23 16:00:00,156.18117
2012-11-23 17:00:00,128.85344
2012-11-23 18:00:00,302.88647
2012-11-23 19:00:00,279.0475
2012-11-23 20:00:00,210.40231
2012-11-23 21:00:00,192.98097
2012-11-23 22:00:00,393.80527
2012-11-23 23:00:00,492.7439
2012-11-24 00:00:00,323.5382
2012-11-24 01:00:00,340.1485
2012-11-24 02:00:00,235.31989
2012-11-24 03:00:00,309.52472
2012-11-24 04:00:00,312.58942
2012-11-24 05:00:00,296.88455
2012-11-24 06:00:00,99.71653
2012-11-24 07:00:00,311.6435
2012-11-24 08:00:00,272.23877
2012-11-24 09:00:00,363.26352
2012-11-24 10:00:00,176.83252
2012-11-24 11:00:00,348.3969
2012-11-24 12:00:00,289.86816
2012-11-24 13:00:00,272.3869
2012-11-24 14:00:00,290.8032
2012-11-24 15:00:00,312.38608
2012-11-24 16:00:00,362.0956
2012-11-24 17:00:00,356.01215
2012-11-24 18:00:00,366.79135
2012-11-24 19:00:00,309.13547
2012-11-24 20:00:00,99.7165
2012-11-24 21:00:00,85.59908
2012-11-24 22:00:00,89.82342
2012-11-24 23:00:00,85.59908
2012-11-25 00:00:00,77.22776
2012-11-25 01:00:00,65.60215
2012-11-25 02:00:00,121.60722
2012-11-25 03:00:00,173.70401
2012-11-25 04:00:00,173.70401
2012-11-25 05:00:00,57.910477
2012-11-25 06:00:00,42.59447
2012-11-25 07:00:00,44.441715
2012-11-25 08:00:00,88.19039
2012-11-25 09:00:00,91.571335
2012-11-25 10:00:00,79.286514
2012-11-25 11:00:00,119.367516
2012-11-25 12:00:00,119.367516
2012-11-25 13:00:00,93.36929
2012-11-25 14:00:00,224.70676
2012-11-25 15:00:00,235.98041
2012-11-25 16:00:00,269.47964
2012-11-25 17:00:00,207.93834
2012-11-25 18:00:00,159.28702
2012-11-25 19:00:00,240.87897
2012-11-25 20:00:00,51.495186
2012-11-25 21:00:00,136.9152
2012-11-25 22:00:00,51.495186
2012-11-25 23:00:00,41.762886
2012-11-26 00:00:00,22.616648
2012-11-26 01:00:00,14.996267
2012-11-26 02:00:00,14.996267
2012-11-26 03:00:00,14.996267
2012-11-26 04:00:00,22.616648
2012-11-26 05:00:00,277.21646
2012-11-26 06:00:00,22.616648
2012-11-26 07:00:00,14.813524
2012-11-26 08:00:00,14.813524
2012-11-26 09:00:00,141.67114
2012-11-26 10:00:00,184.3945
2012-11-26 11:00:00,366.10083
2012-11-26 12:00:00,206.11314
2012-11-26 13:00:00,206.11314
2012-11-26 14:00:00,265.30197
2012-11-26 15:00:00,166.64087
2012-11-26 16:00:00,259.23334
2012-11-26 17:00:00,256.82904
2012-11-26 18:00:00,279.9626
2012-11-26 19:00:00,180.46008
2012-11-26 20:00:00,163.013
2012-11-26 21:00:00,163.013
2012-11-26 22:00:00,241.54854
2012-11-26 23:00:00,125.60352
2012-11-27 00:00:00,91.42724
2012-11-27 01:00:00,137.91185
2012-11-27 02:00:00,196.26047
2012-11-27 03:00:00,64.0926
2012-11-27 04:00:00,82.38332
2012-11-27 05:00:00,129.87814
2012-11-27 06:00:00,284.2771
2012-11-27 07:00:00,59.663177
2012-11-27 08:00:00,74.960205
2012-11-27 09:00:00,162.07426
2012-11-27 10:00:00,79.29142
2012-11-27 11:00:00,54.150997
2012-11-27 12:00:00,37.77605
2012-11-27 13:00:00,58.53662
2012-11-27 14:00:00,46.62236
2012-11-27 15:00:00,90.819595
2012-11-27 16:00:00,90.819595
2012-11-27 17:00:00,78.35441
2012-11-27 18:00:00,74.892914
2012-11-27 19:00:00,275.96063
2012-11-27 20:00:00,96.510956
2012-11-27 21:00:00,127.66336
2012-11-27 22:00:00,461.39185
2012-11-27 23:00:00,103.55172
2012-11-28 00:00:00,90.949265
2012-11-28 01:00:00,87.169136
2012-11-28 02:00:00,87.169136
2012-11-28 03:00:00,105.782906
2012-11-28 04:00:00,138.64899
2012-11-28 05:00:00,223.40616
2012-11-28 06:00:00,266.2048
2012-11-28 07:00:00,300.82318
2012-11-28 08:00:00,192.34799
2012-11-28 09:00:00,221.9924
2012-11-28 10:00:00,293.41443
2012-11-28 11:00:00,313.95514
2012-11-28 12:00:00,349.3418
2012-11-28 13:00:00,317.91895
2012-11-28 14:00:00,190.64296
2012-11-28 15:00:00,264.3399
2012-11-28 16:00:00,204.81677
2012-11-28 17:00:00,215.9736
2012-11-28 18:00:00,221.64099
2012-11-28 19:00:00,303.53442
2012-11-28 20:00:00,306.90802
2012-11-28 21:00:00,312.38666
2012-11-28 22:00:00,360.82544
2012-11-28 23:00:00,247.10107
2012-11-29 00:00:00,68.37867
2012-11-29 01:00:00,71.92272
2012-11-29 02:00:00,13.97484
2012-11-29 04:00:00,107.9708
2012-11-29 05:00:00,14.996267
2012-11-29 06:00:00,22.616648
2012-11-29 07:00:00,10.813662
2012-11-29 08:00:00,144.16792
2012-11-29 09:00:00,38.901646
2012-11-29 10:00:00,72.5985
2012-11-29 11:00:00,242.18626
2012-11-29 12:00:00,301.2658
2012-11-29 13:00:00,260.12863
2012-11-29 14:00:00,256.87595
2012-11-29 15:00:00,206.91528
2012-11-29 16:00:00,252.32361
2012-11-29 17:00:00,293.93488
2012-11-29 18:00:00,316.72174
2012-11-29 19:00:00,278.63867
2012-11-29 20:00:00,296.68256
2012-11-29 21:00:00,96.472984
2012-11-29 22:00:00,81.222206
2012-11-29 23:00:00,68.57156
2012-11-30 00:00:00,135.5623
2012-11-30 01:00:00,101.36422
2012-11-30 02:00:00,62.208214
2012-11-30 03:00:00,62.208214
2012-11-30 04:00:00,49.444084
2012-11-30 05:00:00,22.310602
2012-11-30 06:00:00,46.591934
2012-11-30 07:00:00,60.873848
2012-11-30 08:00:00,335.85602
2012-11-30 09:00:00,184.45602
2012-11-30 10:00:00,115.12211
2012-11-30 11:00:00,261.14813
2012-11-30 12:00:00,256.98444
2012-11-30 13:00:00,238.3276
2012-11-30 14:00:00,184.96518
2012-11-30 15:00:00,149.76102
2012-11-30 16:00:00,289.7674
2012-11-30 17:00:00,288.61298
2012-11-30 18:00:00,113.11237
2012-11-30 19:00:00,123.101204
2012-11-30 20:00:00,123.101204
2012-11-30 21:00:00,85.18106
2012-11-30 22:00:00,56.198235
2012-11-30 23:00:00,122.65099
2012-12-20 00:00:00,170.40742
2012-12-20 01:00:00,123.101204
2012-12-20 02:00:00,123.101204
2012-12-20 03:00:00,71.3423
2012-12-20 04:00:00,71.3423
2012-12-20 05:00:00,64.948784
2012-12-20 06:00:00,115.12211
2012-12-20 07:00:00,92.499504
2012-12-20 08:00:00,92.499504
2012-12-20 09:00:00,92.499504
2012-12-20 10:00:00,111.01333
2012-12-20 11:00:00,351.79602
2012-12-20 12:00:00,298.82135
2012-12-20 13:00:00,458.20355
2012-12-20 14:00:00,399.87018
2012-12-20 15:00:00,449.81927
2012-12-20 16:00:00,246.24338
2012-12-20 17:00:00,212.1295
2012-12-20 18:00:00,198.36246
2012-12-20 19:00:00,85.66358
2012-12-20 20:00:00,92.156456
2012-12-20 21:00:00,92.156456
2012-12-20 22:00:00,85.41465
2012-12-20 23:00:00,81.42986
2012-12-21 00:00:00,100.23838
2012-12-21 01:00:00,99.95311
2012-12-21 02:00:00,103.277504
2012-12-21 03:00:00,103.277504
2012-12-21 04:00:00,126.56248
2012-12-21 05:00:00,58.850864
2012-12-21 06:00:00,206.14871
2012-12-21 07:00:00,120.707535
2012-12-21 08:00:00,110.99421
2012-12-21 09:00:00,211.70258
2012-12-21 10:00:00,142.29848
2012-12-21 11:00:00,160.73372
2012-12-21 12:00:00,144.20895
2012-12-21 13:00:00,162.62317
2012-12-21 14:00:00,174.39839
2012-12-21 15:00:00,162.01909
2012-12-21 16:00:00,141.20532
2012-12-21 17:00:00,33.58006
2012-12-21 18:00:00,36.285805
2012-12-21 19:00:00,192.48648
2012-12-21 20:00:00,79.31238
2012-12-21 21:00:00,121.16572
2012-12-21 22:00:00,156.51927
2012-12-21 23:00:00,162.98903
2012-12-22 00:00:00,238.15596
2012-12-22 01:00:00,180.63986
2012-12-22 02:00:00,249.8621
2012-12-22 03:00:00,143.76291
2012-12-22 04:00:00,96.095726
2012-12-22 05:00:00,114.01674
2012-12-22 06:00:00,119.64788
2012-12-22 07:00:00,119.64788
2012-12-22 08:00:00,223.6364
2012-12-22 09:00:00,99.858154
2012-12-22 10:00:00,57.645855
2012-12-22 11:00:00,82.96444
2012-12-22 12:00:00,122.623344
2012-12-22 13:00:00,131.27765
2012-12-22 14:00:00,135.45149
2012-12-22 15:00:00,134.7943
2012-12-22 16:00:00,124.29838
2012-12-22 17:00:00,92.414505
2012-12-22 18:00:00,198.02501
2012-12-22 19:00:00,80.46704
2012-12-22 20:00:00,81.921265
2012-12-22 21:00:00,40.33926
2012-12-22 22:00:00,40.33926
2012-12-22 23:00:00,41.385803
2012-12-23 00:00:00,40.70872
2012-12-23 01:00:00,53.80676
2012-12-23 02:00:00,44.191498
2012-12-23 03:00:00,50.18789
2012-12-23 04:00:00,116.046
2012-12-23 05:00:00,34.325222
2012-12-23 06:00:00,22.479666
2012-12-23 07:00:00,22.479666
2012-12-23 08:00:00,23.950876
2012-12-23 09:00:00,36.958862
2012-12-23 10:00:00,21.149084
2012-12-23 11:00:00,41.53189
2012-12-23 12:00:00,134.55377
2012-12-23 13:00:00,73.30539
2012-12-23 14:00:00,165.13026
2012-12-23 15:00:00,101.53036
2012-12-23 16:00:00,126.476845
2012-12-23 17:00:00,171.85088
2012-12-23 18:00:00,166.75705
2012-12-23 19:00:00,111.663155
2012-12-23 20:00:00,58.337765
2012-12-23 21:00:00,48.489826
2012-12-23 22:00:00,35.844433
2012-12-23 23:00:00,49.07508
2012-12-24 00:00:00,51.480515
2012-12-24 01:00:00,51.48051
2012-12-24 02:00:00,68.98612
2012-12-24 03:00:00,68.98612
2012-12-24 05:00:00,90.9009
2012-12-24 06:00:00,68.98612
2012-12-24 07:00:00,52.85341
2012-12-24 08:00:00,51.48051
2012-12-24 09:00:00,193.31728
2012-12-24 10:00:00,129.62631
2012-12-24 11:00:00,178.71289
2012-12-24 12:00:00,109.773415
2012-12-24 13:00:00,105.47111
2012-12-24 14:00:00,90.04331
2012-12-24 15:00:00,43.41583
2012-12-24 16:00:00,43.41583
2012-12-24 17:00:00,41.739044
2012-12-24 18:00:00,62.719513
2012-12-24 19:00:00,64.3379
2012-12-24 20:00:00,34.159786
2012-12-24 21:00:00,71.39696
2012-12-24 22:00:00,237.79355
2012-12-24 23:00:00,88.959175
2012-12-25 00:00:00,39.36581
2012-12-25 01:00:00,55.098396
2012-12-25 02:00:00,55.098396
2012-12-25 04:00:00,53.302414
2012-12-25 05:00:00,56.980385
2012-12-25 06:00:00,56.980385
2012-12-25 07:00:00,65.012764
2012-12-25 08:00:00,39.45661
2012-12-25 09:00:00,44.622444
2012-12-25 10:00:00,37.01733
2012-12-25 11:00:00,22.409967
2012-12-25 12:00:00,21.597431
2012-12-25 13:00:00,205.18779
2012-12-25 14:00:00,146.89754
2012-12-25 15:00:00,211.38873
2012-12-25 16:00:00,153.20497
2012-12-25 17:00:00,68.72266
2012-12-25 18:00:00,66.94645
2012-12-25 19:00:00,66.48435
2012-12-25 20:00:00,67.64669
2012-12-25 21:00:00,67.54944
2012-12-25 22:00:00,68.165405
2012-12-25 23:00:00,55.61331
2012-12-26 00:00:00,103.69222
2012-12-26 01:00:00,75.58549
2012-12-26 02:00:00,75.58549
2012-12-26 03:00:00,41.69834
2012-12-26 04:00:00,109.68701
2012-12-26 05:00:00,43.812656
2012-12-26 06:00:00,65.84995
2012-12-26 07:00:00,37.06776
2012-12-26 08:00:00,37.06776
2012-12-26 09:00:00,37.06776
2012-12-26 10:00:00,35.745296
2012-12-26 11:00:00,47.10737
2012-12-26 12:00:00,40.493443
2012-12-26 13:00:00,40.493443
2012-12-26 14:00:00,37.630436
2012-12-26 15:00:00,49.49669
2012-12-26 16:00:00,49.49669
2012-12-26 17:00:00,47.280567
2012-12-26 18:00:00,48.525864
2012-12-26 19:00:00,88.17959
2012-12-26 20:00:00,72.62248
2012-12-26 21:00:00,82.926216
2012-12-26 22:00:00,42.545147
2012-12-26 23:00:00,47.343647
2012-12-27 00:00:00,47.343647
2012-12-27 01:00:00,42.545147
2012-12-27 02:00:00,81.36194
2012-12-27 03:00:00,51.38686
2012-12-27 04:00:00,59.239773
2012-12-27 05:00:00,112.19932
2012-12-27 06:00:00,85.00456
2012-12-27 07:00:00,98.768654
2012-12-27 08:00:00,96.661736
2012-12-27 09:00:00,134.17207
2012-12-27 10:00:00,122.04091
2012-12-27 11:00:00,138.31418
2012-12-27 12:00:00,111.111885
2012-12-27 13:00:00,111.111885
2012-12-27 14:00:00,277.71835
2012-12-27 15:00:00,133.65953
2012-12-27 16:00:00,40.912323
2012-12-27 17:00:00,40.912323
2012-12-27 18:00:00,73.738556
2012-12-27 19:00:00,104.04226
2012-12-27 20:00:00,66.41416
2012-12-27 21:00:00,73.738556
2012-12-27 22:00:00,47.535694
2012-12-27 23:00:00,73.738556
2012-12-28 00:00:00,171.86005
2012-12-28 01:00:00,84.97057
2012-12-28 02:00:00,91.28634
2012-12-28 03:00:00,171.86005
2012-12-28 04:00:00,197.08786
2012-12-28 05:00:00,167.92482
2012-12-28 06:00:00,97.18318
2012-12-28 07:00:00,123.69257
2012-12-28 08:00:00,196.35574
2012-12-28 09:00:00,47.535694
2012-12-28 10:00:00,90.72683
2012-12-28 11:00:00,137.1213
2012-12-28 12:00:00,145.39352
2012-12-28 13:00:00,145.39352
2012-12-28 14:00:00,145.39352
2012-12-28 15:00:00,58.597206
2012-12-28 16:00:00,119.1905
2012-12-28 17:00:00,62.30974
2012-12-28 18:00:00,62.30974
2012-12-28 19:00:00,88.96119
2012-12-28 20:00:00,193.31728
2012-12-28 21:00:00,146.07053
2012-12-28 22:00:00,128.62119
2012-12-28 23:00:00,156.11465
2012-12-29 00:00:00,47.831734
2012-12-29 01:00:00,33.049854
2012-12-29 02:00:00,47.831734
2012-12-29 03:00:00,47.897766
2012-12-29 04:00:00,33.049854
2012-12-29 05:00:00,33.049854
2012-12-29 06:00:00,47.04985
2012-12-29 07:00:00,43.473827
2012-12-29 08:00:00,44.558235
2012-12-29 09:00:00,44.55823
2012-12-29 10:00:00,42.288937
2012-12-29 11:00:00,50.99581
2012-12-29 12:00:00,30.049261
2012-12-29 13:00:00,30.049261
2012-12-29 14:00:00,38.267487
2012-12-29 15:00:00,49.626976
2012-12-29 16:00:00,54.408813
2012-12-29 17:00:00,45.898502
2012-12-29 18:00:00,41.170704
2012-12-29 19:00:00,160.57608
2012-12-29 20:00:00,231.4561
2012-12-29 21:00:00,218.82614
2012-12-29 22:00:00,147.01593
2012-12-29 23:00:00,56.86906
2012-12-30 00:00:00,85.78489
2012-12-30 01:00:00,128.53398
2012-12-30 02:00:00,113.734055
2012-12-30 03:00:00,128.53398
2012-12-30 04:00:00,170.4118
2012-12-30 05:00:00,86.37397
2012-12-30 06:00:00,181.88637
2012-12-30 07:00:00,42.499462
2012-12-30 08:00:00,124.57885
2012-12-30 09:00:00,72.29654
2012-12-30 10:00:00,214.71625
2012-12-30 11:00:00,115.384094
2012-12-30 12:00:00,170.7401
2012-12-30 13:00:00,122.623344
2012-12-30 14:00:00,138.20436
2012-12-30 15:00:00,80.90716
2012-12-30 16:00:00,120.7223
2012-12-30 17:00:00,81.8216
2012-12-30 18:00:00,78.21119
2012-12-30 19:00:00,177.37564
2012-12-30 20:00:00,65.27421
2012-12-30 21:00:00,44.191498
2012-12-30 22:00:00,32.144894
2012-12-30 23:00:00,40.03431
2012-12-31 00:00:00,95.81346
2012-12-31 01:00:00,95.81346
2012-12-31 02:00:00,110.16616
2012-12-31 03:00:00,179.78749
2012-12-31 04:00:00,98.96796
2012-12-31 05:00:00,84.21357
2012-12-31 06:00:00,98.960075
2012-12-31 07:00:00,153.6509
2012-12-31 08:00:00,97.635895
2012-12-31 09:00:00,84.215866
2012-12-31 10:00:00,95.69547
2012-12-31 11:00:00,80.56025
2012-12-31 12:00:00,115.29931
2012-12-31 13:00:00,124.1227
2012-12-31 14:00:00,180.8005
2012-12-31 15:00:00,114.346466
2012-12-31 16:00:00,177.77333
2012-12-31 17:00:00,101.583115
2012-12-31 18:00:00,102.756996
2012-12-31 19:00:00,178.71289
2012-12-31 20:00:00,178.71289
2012-12-31 21:00:00,59.349266
2012-12-31 22:00:00,54.968937
2012-12-31 23:00:00,65.00142
