datetime,count
2011-01-20 00:00:00,110.12569
2011-01-20 01:00:00,94.05927
2011-01-20 02:00:00,94.05927
2011-01-20 03:00:00,97.100586
2011-01-20 04:00:00,97.100586
2011-01-20 05:00:00,90.71836
2011-01-20 06:00:00,87.0847
2011-01-20 07:00:00,90.35217
2011-01-20 08:00:00,92.1259
2011-01-20 09:00:00,77.40049
2011-01-20 10:00:00,110.07518
2011-01-20 11:00:00,88.52701
2011-01-20 12:00:00,105.918625
2011-01-20 13:00:00,93.33412
2011-01-20 14:00:00,96.74945
2011-01-20 15:00:00,99.2039
2011-01-20 16:00:00,97.96738
2011-01-20 17:00:00,101.68255
2011-01-20 18:00:00,85.1371
2011-01-20 19:00:00,103.35329
2011-01-20 20:00:00,79.53731
2011-01-20 21:00:00,76.80263
2011-01-20 22:00:00,72.02323
2011-01-20 23:00:00,69.73765
2011-01-21 00:00:00,72.578064
2011-01-21 01:00:00,72.578064
2011-01-21 02:00:00,60.95265
2011-01-21 03:00:00,48.591156
2011-01-21 04:00:00,64.35058
2011-01-21 05:00:00,101.56485
2011-01-21 06:00:00,90.98678
2011-01-21 07:00:00,91.54811
2011-01-21 08:00:00,98.67014
2011-01-21 09:00:00,97.628235
2011-01-21 10:00:00,104.99489
2011-01-21 11:00:00,113.79145
2011-01-21 12:00:00,132.94359
2011-01-21 13:00:00,132.4821
2011-01-21 14:00:00,124.54636
2011-01-21 15:00:00,108.72078
2011-01-21 16:00:00,106.7377
2011-01-21 17:00:00,100.31772
2011-01-21 18:00:00,94.563095
2011-01-21 19:00:00,94.09125
2011-01-21 20:00:00,91.0802
2011-01-21 21:00:00,82.19664
2011-01-21 22:00:00,83.5031
2011-01-21 23:00:00,81.47734
2011-01-22 00:00:00,45.55987
2011-01-22 01:00:00,40.491074
2011-01-22 02:00:00,43.397022
2011-01-22 03:00:00,42.86821
2011-01-22 04:00:00,35.335476
2011-01-22 06:00:00,39.918022
2011-01-22 07:00:00,45.47938
2011-01-22 08:00:00,47.058823
2011-01-22 09:00:00,50.75217
2011-01-22 10:00:00,46.86519
2011-01-22 11:00:00,53.251083
2011-01-22 12:00:00,56.28032
2011-01-22 13:00:00,66.80583
2011-01-22 14:00:00,72.43872
2011-01-22 15:00:00,80.0113
2011-01-22 16:00:00,88.65608
2011-01-22 17:00:00,86.40451
2011-01-22 18:00:00,65.24533
2011-01-22 19:00:00,65.334724
2011-01-22 20:00:00,46.967632
2011-01-22 21:00:00,53.156227
2011-01-22 22:00:00,44.22018
2011-01-22 23:00:00,32.343494
2011-01-23 00:00:00,32.343494
2011-01-23 01:00:00,32.343494
2011-01-23 02:00:00,28.79576
2011-01-23 03:00:00,28.79576
2011-01-23 05:00:00,37.634758
2011-01-23 06:00:00,37.634758
2011-01-23 07:00:00,35.785923
2011-01-23 08:00:00,31.21311
2011-01-23 09:00:00,47.84472
2011-01-23 10:00:00,66.69162
2011-01-23 11:00:00,64.78731
2011-01-23 12:00:00,84.16579
2011-01-23 13:00:00,83.94977
2011-01-23 14:00:00,98.41645
2011-01-23 15:00:00,98.41645
2011-01-23 16:00:00,100.49942
2011-01-23 17:00:00,93.969284
2011-01-23 18:00:00,86.27323
2011-01-23 19:00:00,86.55137
2011-01-23 20:00:00,70.06677
2011-01-23 21:00:00,67.3297
2011-01-23 22:00:00,60.7912
2011-01-23 23:00:00,53.224052
2011-01-24 00:00:00,74.78804
2011-01-24 01:00:00,70.48382
2011-01-24 03:00:00,71.78105
2011-01-24 04:00:00,66.68355
2011-01-24 05:00:00,66.68355
2011-01-24 06:00:00,66.022446
2011-01-24 07:00:00,65.24397
2011-01-24 08:00:00,66.72246
2011-01-24 09:00:00,72.65159
2011-01-24 10:00:00,76.81359
2011-01-24 11:00:00,76.49867
2011-01-24 12:00:00,64.181564
2011-01-24 13:00:00,65.02317
2011-01-24 14:00:00,64.588486
2011-01-24 15:00:00,91.20907
2011-01-24 16:00:00,86.419106
2011-01-24 17:00:00,81.21825
2011-01-24 18:00:00,74.93152
2011-01-24 19:00:00,77.88797
2011-01-24 20:00:00,74.93152
2011-01-24 21:00:00,70.4379
2011-01-24 22:00:00,59.281963
2011-01-24 23:00:00,59.771633
2011-01-25 00:00:00,56.518333
2011-01-25 01:00:00,63.517616
2011-01-25 02:00:00,67.70137
2011-01-25 04:00:00,60.02606
2011-01-25 05:00:00,61.35234
2011-01-25 06:00:00,62.34938
2011-01-25 07:00:00,63.459213
2011-01-25 08:00:00,61.21715
2011-01-25 09:00:00,78.88652
2011-01-25 10:00:00,82.620804
2011-01-25 11:00:00,84.58858
2011-01-25 12:00:00,93.07299
2011-01-25 13:00:00,89.82971
2011-01-25 14:00:00,107.14018
2011-01-25 15:00:00,111.75221
2011-01-25 16:00:00,111.75221
2011-01-25 17:00:00,115.35504
2011-01-25 18:00:00,102.31817
2011-01-25 19:00:00,86.77725
2011-01-25 20:00:00,83.75893
2011-01-25 21:00:00,83.75893
2011-01-25 22:00:00,81.42607
2011-01-25 23:00:00,77.86883
2011-01-26 00:00:00,77.71214
2011-01-26 01:00:00,84.252975
2011-01-26 02:00:00,57.019356
2011-01-26 05:00:00,45.084057
2011-01-26 06:00:00,45.084057
2011-01-26 07:00:00,47.746033
2011-01-26 08:00:00,47.746033
2011-01-26 09:00:00,47.746033
2011-01-26 10:00:00,47.699806
2011-01-26 11:00:00,45.506195
2011-01-26 12:00:00,45.506195
2011-01-26 13:00:00,45.506195
2011-01-26 14:00:00,44.039574
2011-01-26 15:00:00,40.510296
2011-01-26 16:00:00,36.850155
2011-01-26 17:00:00,41.76575
2011-01-27 16:00:00,90.3733
2011-01-27 17:00:00,89.08977
2011-01-27 18:00:00,73.3314
2011-01-27 19:00:00,73.3314
2011-01-27 20:00:00,65.79143
2011-01-27 21:00:00,65.79143
2011-01-27 22:00:00,65.79143
2011-01-27 23:00:00,62.55838
2011-01-28 00:00:00,67.828804
2011-01-28 01:00:00,67.828804
2011-01-28 02:00:00,67.65795
2011-01-28 03:00:00,68.58167
2011-01-28 05:00:00,61.169277
2011-01-28 06:00:00,60.542526
2011-01-28 07:00:00,54.148106
2011-01-28 08:00:00,54.148106
2011-01-28 09:00:00,55.02808
2011-01-28 10:00:00,54.076305
2011-01-28 11:00:00,53.670235
2011-01-28 12:00:00,53.670235
2011-01-28 13:00:00,53.670235
2011-01-28 14:00:00,71.52062
2011-01-28 15:00:00,63.972343
2011-01-28 16:00:00,69.86565
2011-01-28 17:00:00,76.03724
2011-01-28 18:00:00,75.640854
2011-01-28 19:00:00,76.14058
2011-01-28 20:00:00,76.56341
2011-01-28 21:00:00,71.9387
2011-01-28 22:00:00,88.8238
2011-01-28 23:00:00,90.71836
2011-01-29 00:00:00,53.871254
2011-01-29 01:00:00,50.871582
2011-01-29 02:00:00,50.33967
2011-01-29 03:00:00,46.35923
2011-01-29 04:00:00,35.00151
2011-01-29 06:00:00,39.98373
2011-01-29 07:00:00,45.499874
2011-01-29 08:00:00,55.189827
2011-01-29 09:00:00,49.770966
2011-01-29 10:00:00,53.041565
2011-01-29 11:00:00,51.40513
2011-01-29 12:00:00,55.393063
2011-01-29 13:00:00,66.488815
2011-01-29 14:00:00,63.458664
2011-01-29 15:00:00,44.31239
2011-01-29 16:00:00,59.430397
2011-01-29 17:00:00,61.824036
2011-01-29 18:00:00,44.14798
2011-01-29 19:00:00,49.762104
2011-01-29 20:00:00,34.6432
2011-01-29 21:00:00,34.6432
2011-01-29 22:00:00,28.81416
2011-01-29 23:00:00,28.81416
2011-01-30 00:00:00,27.983263
2011-01-30 01:00:00,29.491787
2011-01-30 02:00:00,31.595648
2011-01-30 03:00:00,24.780983
2011-01-30 04:00:00,24.780983
2011-01-30 05:00:00,26.872437
2011-01-30 07:00:00,26.872437
2011-01-30 08:00:00,33.234657
2011-01-30 09:00:00,40.13547
2011-01-30 10:00:00,43.58096
2011-01-30 11:00:00,43.124954
2011-01-30 12:00:00,92.43094
2011-01-30 13:00:00,67.76024
2011-01-30 14:00:00,69.58627
2011-01-30 15:00:00,84.60132
2011-01-30 16:00:00,84.60132
2011-01-30 17:00:00,82.023384
2011-01-30 18:00:00,57.40461
2011-01-30 19:00:00,57.842827
2011-01-30 20:00:00,71.67951
2011-01-30 21:00:00,58.658096
2011-01-30 22:00:00,55.98916
2011-01-30 23:00:00,55.63694
2011-01-31 00:00:00,76.60249
2011-01-31 01:00:00,81.50261
2011-01-31 02:00:00,81.58632
2011-01-31 03:00:00,81.58632
2011-01-31 04:00:00,84.31626
2011-01-31 05:00:00,76.08896
2011-01-31 06:00:00,70.40366
2011-01-31 07:00:00,58.77482
2011-01-31 08:00:00,61.45298
2011-01-31 09:00:00,60.943283
2011-01-31 10:00:00,65.04057
2011-01-31 11:00:00,65.04057
2011-01-31 12:00:00,74.174805
2011-01-31 13:00:00,74.58273
2011-01-31 14:00:00,72.03236
2011-01-31 15:00:00,68.24213
2011-01-31 16:00:00,65.85182
2011-01-31 17:00:00,65.04057
2011-01-31 18:00:00,64.820465
2011-01-31 19:00:00,105.53421
2011-01-31 20:00:00,49.52768
2011-01-31 21:00:00,54.369644
2011-01-31 22:00:00,69.489685
2011-01-31 23:00:00,69.61949
2011-02-20 00:00:00,116.88145
2011-02-20 01:00:00,99.341034
2011-02-20 02:00:00,99.40947
2011-02-20 03:00:00,89.74982
2011-02-20 04:00:00,89.74982
2011-02-20 06:00:00,74.35494
2011-02-20 07:00:00,61.00107
2011-02-20 08:00:00,65.273346
2011-02-20 09:00:00,80.69904
2011-02-20 10:00:00,91.65556
2011-02-20 11:00:00,116.2873
2011-02-20 12:00:00,141.93776
2011-02-20 13:00:00,158.03093
2011-02-20 14:00:00,185.86862
2011-02-20 15:00:00,188.51616
2011-02-20 16:00:00,182.20644
2011-02-20 17:00:00,166.02237
2011-02-20 18:00:00,129.82146
2011-02-20 19:00:00,129.82146
2011-02-20 20:00:00,137.5176
2011-02-20 21:00:00,114.109116
2011-02-20 22:00:00,90.55826
2011-02-20 23:00:00,84.85751
2011-02-21 00:00:00,104.7092
2011-02-21 01:00:00,104.7092
2011-02-21 02:00:00,104.7092
2011-02-21 03:00:00,104.5647
2011-02-21 04:00:00,109.08827
2011-02-21 05:00:00,128.6739
2011-02-21 06:00:00,167.89609
2011-02-21 07:00:00,167.82445
2011-02-21 08:00:00,80.97606
2011-02-21 09:00:00,81.36532
2011-02-21 10:00:00,82.23004
2011-02-21 11:00:00,91.83837
2011-02-21 12:00:00,78.94122
2011-02-21 13:00:00,53.444084
2011-02-21 14:00:00,67.30011
2011-02-21 15:00:00,60.678864
2011-02-21 16:00:00,49.287533
2011-02-21 17:00:00,52.14037
2011-02-21 18:00:00,36.458603
2011-02-21 19:00:00,36.458603
2011-02-21 20:00:00,37.73757
2011-02-21 21:00:00,37.248783
2011-02-21 22:00:00,33.65746
2011-02-21 23:00:00,33.65746
2011-02-22 06:00:00,49.97837
2011-02-22 07:00:00,49.97837
2011-02-22 08:00:00,49.67241
2011-02-22 09:00:00,53.79722
2011-02-22 10:00:00,65.17304
2011-02-22 11:00:00,71.53316
2011-02-22 12:00:00,82.24399
2011-02-22 13:00:00,90.192055
2011-02-22 14:00:00,90.3733
2011-02-22 15:00:00,99.35861
2011-02-22 16:00:00,93.37027
2011-02-22 17:00:00,93.35489
2011-02-22 18:00:00,95.82626
2011-02-22 19:00:00,94.90856
2011-02-22 20:00:00,92.918686
2011-02-22 21:00:00,93.71753
2011-02-22 22:00:00,89.76934
2011-02-22 23:00:00,89.76934
2011-02-23 00:00:00,80.21428
2011-02-23 01:00:00,82.82546
2011-02-23 02:00:00,77.02916
2011-02-23 03:00:00,77.470436
2011-02-23 05:00:00,76.62839
2011-02-23 06:00:00,76.62839
2011-02-23 07:00:00,74.931595
2011-02-23 08:00:00,77.88797
2011-02-23 09:00:00,85.01921
2011-02-23 10:00:00,96.77738
2011-02-23 11:00:00,106.5688
2011-02-23 12:00:00,119.88403
2011-02-23 13:00:00,145.33589
2011-02-23 14:00:00,152.81529
2011-02-23 15:00:00,167.0133
2011-02-23 16:00:00,158.63245
2011-02-23 17:00:00,167.0133
2011-02-23 18:00:00,157.32426
2011-02-23 19:00:00,130.45744
2011-02-23 20:00:00,89.952126
2011-02-23 21:00:00,96.54824
2011-02-23 22:00:00,96.54824
2011-02-23 23:00:00,89.05711
2011-02-24 00:00:00,89.05711
2011-02-24 01:00:00,85.01525
2011-02-24 02:00:00,77.93436
2011-02-24 03:00:00,77.7161
2011-02-24 05:00:00,72.84235
2011-02-24 06:00:00,72.928
2011-02-24 07:00:00,70.525055
2011-02-24 08:00:00,79.04353
2011-02-24 09:00:00,68.03288
2011-02-24 10:00:00,75.293365
2011-02-24 11:00:00,92.390594
2011-02-24 12:00:00,106.88684
2011-02-24 13:00:00,120.60159
2011-02-24 14:00:00,129.36125
2011-02-24 15:00:00,98.80295
2011-02-24 16:00:00,95.009796
2011-02-24 17:00:00,91.724075
2011-02-24 18:00:00,83.13474
2011-02-24 19:00:00,68.02951
2011-02-24 20:00:00,79.482864
2011-02-24 21:00:00,83.13474
2011-02-24 22:00:00,71.806046
2011-02-24 23:00:00,79.8888
2011-02-25 00:00:00,94.41155
2011-02-25 01:00:00,82.72866
2011-02-25 02:00:00,82.72866
2011-02-25 03:00:00,83.50451
2011-02-25 05:00:00,83.50451
2011-02-25 06:00:00,89.23438
2011-02-25 07:00:00,82.33424
2011-02-25 08:00:00,88.86823
2011-02-25 09:00:00,62.933403
2011-02-25 10:00:00,89.720024
2011-02-25 11:00:00,197.24538
2011-02-25 12:00:00,160.73564
2011-02-25 13:00:00,160.73564
2011-02-25 14:00:00,163.5232
2011-02-25 15:00:00,201.7353
2011-02-25 16:00:00,139.3226
2011-02-25 17:00:00,144.64641
2011-02-25 18:00:00,139.35875
2011-02-25 19:00:00,129.24666
2011-02-25 20:00:00,134.20245
2011-02-25 21:00:00,124.70889
2011-02-25 22:00:00,119.17158
2011-02-25 23:00:00,113.86128
2011-02-26 00:00:00,71.52112
2011-02-26 01:00:00,74.41205
2011-02-26 02:00:00,59.80699
2011-02-26 03:00:00,62.050407
2011-02-26 04:00:00,68.69396
2011-02-26 05:00:00,62.65986
2011-02-26 06:00:00,56.933174
2011-02-26 07:00:00,56.932163
2011-02-26 08:00:00,75.3714
2011-02-26 09:00:00,75.52531
2011-02-26 10:00:00,98.938095
2011-02-26 11:00:00,107.90044
2011-02-26 12:00:00,109.90289
2011-02-26 13:00:00,114.88081
2011-02-26 14:00:00,119.8403
2011-02-26 15:00:00,125.51764
2011-02-26 16:00:00,135.99332
2011-02-26 17:00:00,145.78299
2011-02-26 18:00:00,123.90947
2011-02-26 19:00:00,107.941055
2011-02-26 20:00:00,84.07173
2011-02-26 21:00:00,63.973778
2011-02-26 22:00:00,50.887707
2011-02-26 23:00:00,50.095135
2011-02-27 00:00:00,36.232586
2011-02-27 01:00:00,36.05386
2011-02-27 02:00:00,36.613163
2011-02-27 03:00:00,37.840195
2011-02-27 04:00:00,33.15895
2011-02-27 06:00:00,37.05153
2011-02-27 07:00:00,33.15895
2011-02-27 08:00:00,40.3291
2011-02-27 09:00:00,41.103806
2011-02-27 10:00:00,49.748596
2011-02-27 11:00:00,92.99785
2011-02-27 12:00:00,139.39171
2011-02-27 13:00:00,167.37064
2011-02-27 14:00:00,188.83186
2011-02-27 15:00:00,222.34514
2011-02-27 16:00:00,242.13918
2011-02-27 17:00:00,156.95406
2011-02-27 18:00:00,143.7458
2011-02-27 19:00:00,142.04546
2011-02-27 20:00:00,139.39171
2011-02-27 21:00:00,110.546524
2011-02-27 22:00:00,122.85583
2011-02-27 23:00:00,105.17976
2011-02-28 00:00:00,122.72804
2011-02-28 01:00:00,64.732315
2011-02-28 03:00:00,75.74927
2011-02-28 05:00:00,93.28699
2011-02-28 06:00:00,86.86627
2011-02-28 07:00:00,95.30553
2011-02-28 08:00:00,81.29256
2011-02-28 09:00:00,125.08515
2011-02-28 10:00:00,169.25458
2011-02-28 11:00:00,217.78978
2011-02-28 12:00:00,217.78978
2011-02-28 13:00:00,117.33058
2011-02-28 14:00:00,90.66418
2011-02-28 15:00:00,90.66418
2011-02-28 16:00:00,111.2231
2011-02-28 17:00:00,84.497574
2011-02-28 18:00:00,121.57292
2011-02-28 19:00:00,86.51643
2011-02-28 20:00:00,86.51643
2011-02-28 21:00:00,97.37119
2011-02-28 22:00:00,59.92786
2011-02-28 23:00:00,78.27547
2011-03-20 00:00:00,119.05139
2011-03-20 01:00:00,101.54866
2011-03-20 02:00:00,95.396065
2011-03-20 03:00:00,78.673645
2011-03-20 04:00:00,72.14664
2011-03-20 05:00:00,64.30753
2011-03-20 06:00:00,65.12196
2011-03-20 07:00:00,59.271576
2011-03-20 08:00:00,75.47448
2011-03-20 09:00:00,91.1453
2011-03-20 10:00:00,125.484695
2011-03-20 11:00:00,144.27505
2011-03-20 12:00:00,151.86356
2011-03-20 13:00:00,173.96805
2011-03-20 14:00:00,196.84373
2011-03-20 15:00:00,202.5852
2011-03-20 16:00:00,205.07866
2011-03-20 17:00:00,203.19023
2011-03-20 18:00:00,176.35876
2011-03-20 19:00:00,146.61555
2011-03-20 20:00:00,135.99332
2011-03-20 21:00:00,100.16794
2011-03-20 22:00:00,96.16908
2011-03-20 23:00:00,77.91831
2011-03-21 00:00:00,50.246864
2011-03-21 01:00:00,63.17951
2011-03-21 02:00:00,63.088924
2011-03-21 03:00:00,63.088924
2011-03-21 05:00:00,62.60827
2011-03-21 06:00:00,46.56059
2011-03-21 07:00:00,35.854492
2011-03-21 08:00:00,48.99388
2011-03-21 09:00:00,57.273132
2011-03-21 10:00:00,73.10554
2011-03-21 11:00:00,96.92136
2011-03-21 12:00:00,102.32251
2011-03-21 13:00:00,157.83318
2011-03-21 14:00:00,187.71535
2011-03-21 15:00:00,204.015
2011-03-21 16:00:00,182.9545
2011-03-21 17:00:00,185.81792
2011-03-21 18:00:00,160.79253
2011-03-21 19:00:00,244.86636
2011-03-21 20:00:00,215.30211
2011-03-21 21:00:00,78.471146
2011-03-21 22:00:00,87.05558
2011-03-21 23:00:00,83.48531
2011-03-22 00:00:00,86.8344
2011-03-22 01:00:00,63.42946
2011-03-22 02:00:00,71.683014
2011-03-22 03:00:00,90.949326
2011-03-22 04:00:00,98.918594
2011-03-22 05:00:00,84.32717
2011-03-22 06:00:00,69.38065
2011-03-22 07:00:00,97.80808
2011-03-22 08:00:00,99.67813
2011-03-22 09:00:00,99.11415
2011-03-22 10:00:00,119.31653
2011-03-22 11:00:00,181.74892
2011-03-22 12:00:00,200.71233
2011-03-22 13:00:00,226.10114
2011-03-22 14:00:00,235.20796
2011-03-22 15:00:00,232.68495
2011-03-22 16:00:00,213.63686
2011-03-22 17:00:00,213.63686
2011-03-22 18:00:00,190.21768
2011-03-22 19:00:00,119.08093
2011-03-22 20:00:00,118.76614
2011-03-22 21:00:00,109.37862
2011-03-22 22:00:00,98.96305
2011-03-22 23:00:00,98.96305
2011-03-23 00:00:00,58.517803
2011-03-23 01:00:00,51.843784
2011-03-23 02:00:00,51.843784
2011-03-23 03:00:00,62.87481
2011-03-23 05:00:00,49.48084
2011-03-23 06:00:00,59.128563
2011-03-23 07:00:00,51.438793
2011-03-23 08:00:00,56.08828
2011-03-23 09:00:00,56.240532
2011-03-23 10:00:00,59.554955
2011-03-23 11:00:00,60.78836
2011-03-23 12:00:00,59.60837
2011-03-23 13:00:00,59.77849
2011-03-23 14:00:00,68.790665
2011-03-23 15:00:00,77.38904
2011-03-23 16:00:00,87.77447
2011-03-23 17:00:00,87.77447
2011-03-23 18:00:00,60.309586
2011-03-23 19:00:00,60.309586
2011-03-23 20:00:00,45.557686
2011-03-23 21:00:00,36.493546
2011-03-23 22:00:00,53.20583
2011-03-23 23:00:00,72.48189
2011-03-24 00:00:00,51.438793
2011-03-24 01:00:00,45.21428
2011-03-24 02:00:00,44.996628
2011-03-24 03:00:00,42.6492
2011-03-24 04:00:00,42.6492
2011-03-24 05:00:00,44.312183
2011-03-24 06:00:00,44.312183
2011-03-24 07:00:00,37.025764
2011-03-24 08:00:00,32.846607
2011-03-24 09:00:00,41.535408
2011-03-24 10:00:00,44.46767
2011-03-24 11:00:00,51.412315
2011-03-24 12:00:00,57.315933
2011-03-24 13:00:00,62.785557
2011-03-24 14:00:00,63.62024
2011-03-24 15:00:00,58.237476
2011-03-24 16:00:00,62.873413
2011-03-24 17:00:00,58.937546
2011-03-24 18:00:00,65.2071
2011-03-24 19:00:00,116.28047
2011-03-24 20:00:00,85.8239
2011-03-24 21:00:00,70.32054
2011-03-24 22:00:00,67.04138
2011-03-24 23:00:00,65.399254
2011-03-25 00:00:00,72.934784
2011-03-25 01:00:00,55.010174
2011-03-25 02:00:00,57.78427
2011-03-25 03:00:00,53.86582
2011-03-25 04:00:00,47.76209
2011-03-25 05:00:00,49.072174
2011-03-25 06:00:00,51.930183
2011-03-25 07:00:00,80.98517
2011-03-25 08:00:00,86.8367
2011-03-25 09:00:00,97.58969
2011-03-25 10:00:00,81.535
2011-03-25 11:00:00,124.749466
2011-03-25 12:00:00,135.51387
2011-03-25 13:00:00,139.16301
2011-03-25 14:00:00,171.84972
2011-03-25 15:00:00,94.04283
2011-03-25 16:00:00,96.531494
2011-03-25 17:00:00,91.937416
2011-03-25 18:00:00,131.6756
2011-03-25 19:00:00,84.316284
2011-03-25 20:00:00,80.98291
2011-03-25 21:00:00,81.13948
2011-03-25 22:00:00,78.849236
2011-03-25 23:00:00,73.28034
2011-03-26 00:00:00,85.56421
2011-03-26 01:00:00,107.2915
2011-03-26 02:00:00,78.31241
2011-03-26 03:00:00,63.757545
2011-03-26 04:00:00,78.31241
2011-03-26 05:00:00,56.193245
2011-03-26 06:00:00,45.641205
2011-03-26 07:00:00,56.193245
2011-03-26 08:00:00,75.45547
2011-03-26 09:00:00,89.898224
2011-03-26 10:00:00,98.602295
2011-03-26 11:00:00,116.75975
2011-03-26 12:00:00,136.2524
2011-03-26 13:00:00,156.90652
2011-03-26 14:00:00,180.60234
2011-03-26 15:00:00,184.62708
2011-03-26 16:00:00,203.83168
2011-03-26 17:00:00,183.08188
2011-03-26 18:00:00,157.87025
2011-03-26 19:00:00,80.247025
2011-03-26 20:00:00,80.247025
2011-03-26 21:00:00,77.18007
2011-03-26 22:00:00,88.198784
2011-03-26 23:00:00,74.281555
2011-03-27 00:00:00,83.371254
2011-03-27 01:00:00,58.84104
2011-03-27 02:00:00,49.856712
2011-03-27 03:00:00,32.221058
2011-03-27 04:00:00,29.893732
2011-03-27 06:00:00,24.746958
2011-03-27 07:00:00,23.479204
2011-03-27 08:00:00,32.328674
2011-03-27 09:00:00,52.1688
2011-03-27 10:00:00,50.834885
2011-03-27 11:00:00,66.25061
2011-03-27 12:00:00,76.90285
2011-03-27 13:00:00,125.43299
2011-03-27 14:00:00,148.46303
2011-03-27 15:00:00,146.30055
2011-03-27 16:00:00,148.61166
2011-03-27 17:00:00,163.33238
2011-03-27 18:00:00,146.82683
2011-03-27 19:00:00,152.0139
2011-03-27 20:00:00,124.38229
2011-03-27 21:00:00,98.602295
2011-03-27 22:00:00,98.602295
2011-03-27 23:00:00,90.99354
2011-03-28 00:00:00,75.66116
2011-03-28 01:00:00,89.91258
2011-03-28 02:00:00,86.94212
2011-03-28 03:00:00,86.94212
2011-03-28 05:00:00,80.37744
2011-03-28 06:00:00,96.93037
2011-03-28 07:00:00,106.4301
2011-03-28 08:00:00,101.17081
2011-03-28 09:00:00,67.60441
2011-03-28 10:00:00,117.451416
2011-03-28 11:00:00,78.84577
2011-03-28 12:00:00,83.43238
2011-03-28 13:00:00,94.66562
2011-03-28 14:00:00,165.1645
2011-03-28 15:00:00,165.12189
2011-03-28 16:00:00,172.47185
2011-03-28 17:00:00,174.45555
2011-03-28 18:00:00,170.36702
2011-03-28 19:00:00,154.05981
2011-03-28 20:00:00,163.06346
2011-03-28 21:00:00,166.78629
2011-03-28 22:00:00,156.4008
2011-03-28 23:00:00,145.97124
2011-03-29 00:00:00,130.46341
2011-03-29 01:00:00,116.60982
2011-03-29 02:00:00,116.60982
2011-03-29 03:00:00,116.60982
2011-03-29 04:00:00,81.635666
2011-03-29 05:00:00,104.90622
2011-03-29 06:00:00,101.08763
2011-03-29 07:00:00,103.47748
2011-03-29 08:00:00,116.3325
2011-03-29 09:00:00,144.4917
2011-03-29 10:00:00,154.77612
2011-03-29 11:00:00,112.98653
2011-03-29 12:00:00,168.31242
2011-03-29 13:00:00,170.92947
2011-03-29 14:00:00,179.86536
2011-03-29 15:00:00,196.72273
2011-03-29 16:00:00,198.57347
2011-03-29 17:00:00,210.32274
2011-03-29 18:00:00,181.29655
2011-03-29 19:00:00,173.31844
2011-03-29 20:00:00,181.29655
2011-03-29 21:00:00,115.61296
2011-03-29 22:00:00,102.56889
2011-03-29 23:00:00,76.41313
2011-03-30 00:00:00,85.646515
2011-03-30 01:00:00,114.77735
2011-03-30 02:00:00,85.646515
2011-03-30 03:00:00,87.83398
2011-03-30 04:00:00,85.646515
2011-03-30 05:00:00,71.17302
2011-03-30 06:00:00,75.50998
2011-03-30 07:00:00,82.88249
2011-03-30 08:00:00,79.39256
2011-03-30 09:00:00,81.03456
2011-03-30 10:00:00,85.37213
2011-03-30 11:00:00,85.22275
2011-03-30 12:00:00,86.28136
2011-03-30 13:00:00,91.82378
2011-03-30 14:00:00,91.4219
2011-03-30 15:00:00,37.056732
2011-03-30 16:00:00,38.123444
2011-03-30 17:00:00,46.870804
2011-03-30 18:00:00,41.535408
2011-03-30 19:00:00,41.535408
2011-03-30 20:00:00,31.043615
2011-03-30 21:00:00,40.08741
2011-03-30 22:00:00,34.219376
2011-03-30 23:00:00,31.556105
2011-03-31 00:00:00,34.219376
2011-03-31 01:00:00,35.752274
2011-03-31 02:00:00,35.752274
2011-03-31 03:00:00,34.219376
2011-03-31 04:00:00,32.786087
2011-03-31 05:00:00,34.219376
2011-03-31 06:00:00,31.043615
2011-03-31 07:00:00,32.786087
2011-03-31 08:00:00,39.164032
2011-03-31 09:00:00,35.03482
2011-03-31 10:00:00,35.03482
2011-03-31 11:00:00,41.25876
2011-03-31 12:00:00,41.25876
2011-03-31 13:00:00,51.6028
2011-03-31 14:00:00,51.6028
2011-03-31 15:00:00,38.43421
2011-03-31 16:00:00,50.991997
2011-03-31 17:00:00,50.991997
2011-03-31 18:00:00,52.947113
2011-03-31 19:00:00,52.947113
2011-03-31 20:00:00,35.83638
2011-03-31 21:00:00,44.969223
2011-03-31 22:00:00,37.841763
2011-03-31 23:00:00,41.018673
2011-04-20 00:00:00,80.23111
2011-04-20 01:00:00,68.06956
2011-04-20 02:00:00,68.06956
2011-04-20 03:00:00,63.325653
2011-04-20 04:00:00,59.31558
2011-04-20 05:00:00,62.835083
2011-04-20 06:00:00,68.06956
2011-04-20 07:00:00,64.67848
2011-04-20 08:00:00,248.49596
2011-04-20 09:00:00,283.45023
2011-04-20 10:00:00,182.95576
2011-04-20 11:00:00,182.95576
2011-04-20 12:00:00,326.62674
2011-04-20 13:00:00,326.62674
2011-04-20 14:00:00,348.343
2011-04-20 15:00:00,314.2315
2011-04-20 16:00:00,314.2315
2011-04-20 17:00:00,304.60837
2011-04-20 18:00:00,369.85855
2011-04-20 19:00:00,353.05057
2011-04-20 20:00:00,332.3497
2011-04-20 21:00:00,333.11307
2011-04-20 22:00:00,314.04675
2011-04-20 23:00:00,303.83224
2011-04-21 00:00:00,264.9476
2011-04-21 01:00:00,237.63591
2011-04-21 02:00:00,233.96776
2011-04-21 03:00:00,131.71933
2011-04-21 04:00:00,119.15137
2011-04-21 05:00:00,113.50466
2011-04-21 06:00:00,101.194336
2011-04-21 07:00:00,122.566696
2011-04-21 08:00:00,110.415405
2011-04-21 09:00:00,118.402664
2011-04-21 10:00:00,186.93759
2011-04-21 11:00:00,202.75087
2011-04-21 12:00:00,211.75801
2011-04-21 13:00:00,243.6054
2011-04-21 14:00:00,251.87108
2011-04-21 15:00:00,273.35092
2011-04-21 16:00:00,278.929
2011-04-21 17:00:00,255.95055
2011-04-21 18:00:00,270.9069
2011-04-21 19:00:00,242.13374
2011-04-21 20:00:00,212.88902
2011-04-21 21:00:00,168.29164
2011-04-21 22:00:00,173.98936
2011-04-21 23:00:00,153.1179
2011-04-22 00:00:00,101.71739
2011-04-22 01:00:00,128.21088
2011-04-22 02:00:00,135.96255
2011-04-22 03:00:00,135.96255
2011-04-22 04:00:00,125.12659
2011-04-22 05:00:00,115.50946
2011-04-22 06:00:00,125.12659
2011-04-22 07:00:00,80.89151
2011-04-22 08:00:00,80.621025
2011-04-22 09:00:00,54.889435
2011-04-22 10:00:00,80.71997
2011-04-22 11:00:00,58.00531
2011-04-22 12:00:00,61.618607
2011-04-22 13:00:00,53.418976
2011-04-22 14:00:00,47.998436
2011-04-22 15:00:00,53.418976
2011-04-22 16:00:00,59.77849
2011-04-22 17:00:00,45.895863
2011-04-22 18:00:00,45.895863
2011-04-22 19:00:00,45.895863
2011-04-22 20:00:00,46.449684
2011-04-22 21:00:00,47.88491
2011-04-22 22:00:00,51.09868
2011-04-22 23:00:00,59.360268
2011-04-23 00:00:00,29.770962
2011-04-23 01:00:00,29.770962
2011-04-23 02:00:00,47.007812
2011-04-23 03:00:00,51.158897
2011-04-23 04:00:00,63.583214
2011-04-23 05:00:00,63.583214
2011-04-23 06:00:00,33.699745
2011-04-23 07:00:00,47.386654
2011-04-23 08:00:00,34.278748
2011-04-23 09:00:00,51.232964
2011-04-23 10:00:00,72.64965
2011-04-23 11:00:00,89.78546
2011-04-23 12:00:00,99.18355
2011-04-23 13:00:00,98.022606
2011-04-23 14:00:00,158.18173
2011-04-23 15:00:00,212.89267
2011-04-23 16:00:00,194.85779
2011-04-23 17:00:00,207.14189
2011-04-23 18:00:00,125.8159
2011-04-23 19:00:00,115.94525
2011-04-23 20:00:00,118.121765
2011-04-23 21:00:00,139.62778
2011-04-23 22:00:00,159.63202
2011-04-23 23:00:00,109.25954
2011-04-24 00:00:00,94.511475
2011-04-24 01:00:00,74.36254
2011-04-24 02:00:00,74.36254
2011-04-24 03:00:00,51.718964
2011-04-24 04:00:00,51.718964
2011-04-24 05:00:00,51.718964
2011-04-24 06:00:00,59.139023
2011-04-24 07:00:00,59.139023
2011-04-24 08:00:00,65.45732
2011-04-24 09:00:00,92.05536
2011-04-24 10:00:00,128.14877
2011-04-24 11:00:00,219.16573
2011-04-24 12:00:00,262.09894
2011-04-24 13:00:00,323.8167
2011-04-24 14:00:00,351.69565
2011-04-24 15:00:00,283.6697
2011-04-24 16:00:00,398.96127
2011-04-24 17:00:00,268.45654
2011-04-24 18:00:00,195.53145
2011-04-24 19:00:00,143.66643
2011-04-24 20:00:00,143.66643
2011-04-24 21:00:00,99.944565
2011-04-24 22:00:00,89.49089
2011-04-24 23:00:00,93.39572
2011-04-25 00:00:00,94.99155
2011-04-25 01:00:00,70.282074
2011-04-25 02:00:00,70.282074
2011-04-25 03:00:00,83.40542
2011-04-25 04:00:00,78.42757
2011-04-25 05:00:00,72.67884
2011-04-25 06:00:00,76.50666
2011-04-25 07:00:00,83.895485
2011-04-25 08:00:00,96.71114
2011-04-25 09:00:00,123.637596
2011-04-25 10:00:00,205.73277
2011-04-25 11:00:00,205.73277
2011-04-25 12:00:00,211.73419
2011-04-25 13:00:00,254.49472
2011-04-25 14:00:00,299.55087
2011-04-25 15:00:00,309.45416
2011-04-25 16:00:00,313.30878
2011-04-25 17:00:00,309.8677
2011-04-25 18:00:00,302.71844
2011-04-25 19:00:00,296.5082
2011-04-25 20:00:00,283.45023
2011-04-25 21:00:00,231.71571
2011-04-25 22:00:00,215.36699
2011-04-25 23:00:00,182.27975
2011-04-26 00:00:00,238.86931
2011-04-26 01:00:00,217.64156
2011-04-26 02:00:00,161.76622
2011-04-26 03:00:00,126.13422
2011-04-26 04:00:00,147.56442
2011-04-26 05:00:00,121.1203
2011-04-26 06:00:00,119.85428
2011-04-26 07:00:00,163.36351
2011-04-26 08:00:00,163.36351
2011-04-26 09:00:00,238.82103
2011-04-26 10:00:00,264.936
2011-04-26 11:00:00,286.38785
2011-04-26 12:00:00,301.29218
2011-04-26 13:00:00,333.03717
2011-04-26 14:00:00,305.2841
2011-04-26 15:00:00,299.63156
2011-04-26 16:00:00,306.7554
2011-04-26 17:00:00,294.3319
2011-04-26 18:00:00,288.8671
2011-04-26 19:00:00,249.20265
2011-04-26 20:00:00,238.82103
2011-04-26 21:00:00,192.80547
2011-04-26 22:00:00,155.20517
2011-04-26 23:00:00,158.51024
2011-04-27 00:00:00,147.42674
2011-04-27 01:00:00,155.65324
2011-04-27 02:00:00,128.35297
2011-04-27 03:00:00,147.5542
2011-04-27 04:00:00,99.50627
2011-04-27 05:00:00,125.102135
2011-04-27 06:00:00,104.963455
2011-04-27 07:00:00,147.5542
2011-04-27 08:00:00,153.76596
2011-04-27 09:00:00,166.4201
2011-04-27 10:00:00,167.75749
2011-04-27 11:00:00,187.8851
2011-04-27 12:00:00,211.78172
2011-04-27 13:00:00,199.97647
2011-04-27 14:00:00,223.75856
2011-04-27 15:00:00,296.05484
2011-04-27 16:00:00,275.11743
2011-04-27 17:00:00,148.39616
2011-04-27 18:00:00,148.39616
2011-04-27 19:00:00,192.80547
2011-04-27 20:00:00,182.76906
2011-04-27 21:00:00,142.26286
2011-04-27 22:00:00,158.76756
2011-04-27 23:00:00,162.92049
2011-04-28 00:00:00,215.89987
2011-04-28 01:00:00,181.4862
2011-04-28 02:00:00,186.24028
2011-04-28 03:00:00,200.17455
2011-04-28 04:00:00,184.77191
2011-04-28 05:00:00,181.4862
2011-04-28 06:00:00,206.1603
2011-04-28 07:00:00,205.38782
2011-04-28 08:00:00,212.2625
2011-04-28 09:00:00,121.073425
2011-04-28 10:00:00,152.10098
2011-04-28 11:00:00,167.75749
2011-04-28 12:00:00,181.37498
2011-04-28 13:00:00,169.47801
2011-04-28 14:00:00,171.43529
2011-04-28 15:00:00,258.9781
2011-04-28 16:00:00,184.30157
2011-04-28 17:00:00,305.5212
2011-04-28 18:00:00,305.5212
2011-04-28 19:00:00,307.90665
2011-04-28 20:00:00,276.94803
2011-04-28 21:00:00,249.49605
2011-04-28 22:00:00,244.81047
2011-04-28 23:00:00,247.32687
2011-04-29 00:00:00,252.4984
2011-04-29 01:00:00,199.92218
2011-04-29 02:00:00,135.63844
2011-04-29 03:00:00,140.8594
2011-04-29 04:00:00,167.34508
2011-04-29 05:00:00,178.80998
2011-04-29 06:00:00,228.31636
2011-04-29 07:00:00,243.03996
2011-04-29 08:00:00,264.14154
2011-04-29 09:00:00,263.60605
2011-04-29 10:00:00,273.0674
2011-04-29 11:00:00,312.8494
2011-04-29 12:00:00,279.2803
2011-04-29 13:00:00,279.51447
2011-04-29 14:00:00,312.79697
2011-04-29 15:00:00,211.72191
2011-04-29 16:00:00,193.97601
2011-04-29 17:00:00,177.04314
2011-04-29 18:00:00,232.81764
2011-04-29 19:00:00,183.26387
2011-04-29 20:00:00,208.74019
2011-04-29 21:00:00,180.76854
2011-04-29 22:00:00,134.61816
2011-04-29 23:00:00,122.05156
2011-04-30 00:00:00,130.08109
2011-04-30 01:00:00,133.13876
2011-04-30 02:00:00,131.03314
2011-04-30 03:00:00,121.569336
2011-04-30 04:00:00,120.475494
2011-04-30 05:00:00,152.61552
2011-04-30 06:00:00,118.36868
2011-04-30 07:00:00,139.59709
2011-04-30 08:00:00,137.06604
2011-04-30 09:00:00,179.05135
2011-04-30 10:00:00,237.31564
2011-04-30 11:00:00,263.14133
2011-04-30 12:00:00,275.7384
2011-04-30 13:00:00,309.8093
2011-04-30 14:00:00,311.05856
2011-04-30 15:00:00,332.68802
2011-04-30 16:00:00,347.84195
2011-04-30 17:00:00,303.64346
2011-04-30 18:00:00,288.1021
2011-04-30 19:00:00,288.1021
2011-04-30 20:00:00,110.001495
2011-04-30 21:00:00,110.001495
2011-04-30 22:00:00,91.955185
2011-04-30 23:00:00,91.955185
2011-05-20 00:00:00,73.28306
2011-05-20 01:00:00,58.669083
2011-05-20 02:00:00,63.79973
2011-05-20 03:00:00,57.56825
2011-05-20 04:00:00,71.683014
2011-05-20 05:00:00,72.426956
2011-05-20 06:00:00,84.61404
2011-05-20 07:00:00,127.85055
2011-05-20 08:00:00,139.36275
2011-05-20 09:00:00,190.98834
2011-05-20 10:00:00,215.30211
2011-05-20 11:00:00,216.12375
2011-05-20 12:00:00,236.14885
2011-05-20 13:00:00,225.37904
2011-05-20 14:00:00,288.77206
2011-05-20 15:00:00,230.90205
2011-05-20 16:00:00,232.93214
2011-05-20 17:00:00,212.85274
2011-05-20 18:00:00,259.44916
2011-05-20 19:00:00,193.17436
2011-05-20 20:00:00,198.73277
2011-05-20 21:00:00,192.33244
2011-05-20 22:00:00,124.43921
2011-05-20 23:00:00,157.81676
2011-05-21 00:00:00,96.660286
2011-05-21 01:00:00,96.155594
2011-05-21 02:00:00,116.86212
2011-05-21 03:00:00,75.21921
2011-05-21 04:00:00,61.911423
2011-05-21 05:00:00,59.55317
2011-05-21 06:00:00,82.346375
2011-05-21 07:00:00,124.91359
2011-05-21 08:00:00,184.2703
2011-05-21 09:00:00,240.77919
2011-05-21 10:00:00,225.81058
2011-05-21 11:00:00,300.97177
2011-05-21 12:00:00,280.37534
2011-05-21 13:00:00,319.8364
2011-05-21 14:00:00,343.76294
2011-05-21 15:00:00,395.95145
2011-05-21 16:00:00,386.60678
2011-05-21 17:00:00,362.84946
2011-05-21 18:00:00,344.28546
2011-05-21 19:00:00,364.3358
2011-05-21 20:00:00,189.52354
2011-05-21 21:00:00,225.81058
2011-05-21 22:00:00,174.37442
2011-05-21 23:00:00,105.789276
2011-05-22 00:00:00,76.85446
2011-05-22 01:00:00,57.810287
2011-05-22 02:00:00,55.49424
2011-05-22 03:00:00,41.880947
2011-05-22 04:00:00,37.547638
2011-05-22 05:00:00,41.880947
2011-05-22 06:00:00,55.49424
2011-05-22 07:00:00,70.70899
2011-05-22 08:00:00,139.72316
2011-05-22 09:00:00,173.25838
2011-05-22 10:00:00,213.23593
2011-05-22 11:00:00,327.54333
2011-05-22 12:00:00,327.0785
2011-05-22 13:00:00,295.5177
2011-05-22 14:00:00,204.67674
2011-05-22 15:00:00,252.7411
2011-05-22 16:00:00,252.89467
2011-05-22 17:00:00,316.1928
2011-05-22 18:00:00,275.4577
2011-05-22 19:00:00,266.57828
2011-05-22 20:00:00,223.44164
2011-05-22 21:00:00,172.38031
2011-05-22 22:00:00,98.76149
2011-05-22 23:00:00,133.70576
2011-05-23 00:00:00,124.76695
2011-05-23 01:00:00,96.71114
2011-05-23 02:00:00,106.443214
2011-05-23 03:00:00,96.823944
2011-05-23 04:00:00,91.74886
2011-05-23 05:00:00,91.74886
2011-05-23 06:00:00,80.41784
2011-05-23 07:00:00,103.438705
2011-05-23 08:00:00,117.57117
2011-05-23 09:00:00,124.37449
2011-05-23 10:00:00,223.74016
2011-05-23 11:00:00,274.93552
2011-05-23 12:00:00,274.93552
2011-05-23 13:00:00,274.19983
2011-05-23 14:00:00,270.07306
2011-05-23 15:00:00,267.22302
2011-05-23 16:00:00,249.7465
2011-05-23 17:00:00,218.2997
2011-05-23 18:00:00,228.48488
2011-05-23 19:00:00,212.50679
2011-05-23 20:00:00,153.31042
2011-05-23 21:00:00,126.28656
2011-05-23 22:00:00,104.77486
2011-05-23 23:00:00,140.79544
2011-05-24 00:00:00,118.58862
2011-05-24 01:00:00,113.658646
2011-05-24 02:00:00,118.58862
2011-05-24 03:00:00,104.02283
2011-05-24 04:00:00,100.61018
2011-05-24 05:00:00,126.24573
2011-05-24 06:00:00,115.81401
2011-05-24 07:00:00,152.26433
2011-05-24 08:00:00,129.63718
2011-05-24 09:00:00,196.47438
2011-05-24 10:00:00,295.95813
2011-05-24 11:00:00,309.45416
2011-05-24 12:00:00,345.8072
2011-05-24 13:00:00,328.85388
2011-05-24 14:00:00,333.04092
2011-05-24 15:00:00,260.9574
2011-05-24 16:00:00,221.9044
2011-05-24 17:00:00,230.57097
2011-05-24 18:00:00,223.8668
2011-05-24 19:00:00,196.18724
2011-05-24 20:00:00,164.10487
2011-05-24 21:00:00,140.1397
2011-05-24 22:00:00,112.53042
2011-05-24 23:00:00,175.90039
2011-05-25 00:00:00,124.63519
2011-05-25 01:00:00,119.608284
2011-05-25 02:00:00,94.906845
2011-05-25 03:00:00,72.7451
2011-05-25 04:00:00,71.04959
2011-05-25 05:00:00,94.85404
2011-05-25 06:00:00,81.59877
2011-05-25 07:00:00,176.87033
2011-05-25 08:00:00,227.09978
2011-05-25 09:00:00,205.868
2011-05-25 10:00:00,225.03468
2011-05-25 11:00:00,269.87857
2011-05-25 12:00:00,270.84302
2011-05-25 13:00:00,270.84302
2011-05-25 14:00:00,281.2514
2011-05-25 15:00:00,311.95816
2011-05-25 16:00:00,318.0665
2011-05-25 17:00:00,309.45416
2011-05-25 18:00:00,285.84583
2011-05-25 19:00:00,241.47491
2011-05-25 20:00:00,251.82454
2011-05-25 21:00:00,202.74008
2011-05-25 22:00:00,238.9192
2011-05-25 23:00:00,179.9423
2011-05-26 00:00:00,179.9423
2011-05-26 01:00:00,179.9423
2011-05-26 02:00:00,120.317184
2011-05-26 03:00:00,98.69014
2011-05-26 04:00:00,90.38506
2011-05-26 05:00:00,121.353165
2011-05-26 06:00:00,90.06239
2011-05-26 07:00:00,130.25807
2011-05-26 08:00:00,160.34465
2011-05-26 09:00:00,217.81917
2011-05-26 10:00:00,228.48488
2011-05-26 11:00:00,255.63454
2011-05-26 12:00:00,305.4541
2011-05-26 13:00:00,318.83542
2011-05-26 14:00:00,318.83542
2011-05-26 15:00:00,296.02408
2011-05-26 16:00:00,291.34714
2011-05-26 17:00:00,333.55396
2011-05-26 18:00:00,340.3173
2011-05-26 19:00:00,339.62054
2011-05-26 20:00:00,266.63647
2011-05-26 21:00:00,224.4543
2011-05-26 22:00:00,224.7322
2011-05-26 23:00:00,245.2764
2011-05-27 00:00:00,242.29613
2011-05-27 01:00:00,299.7332
2011-05-27 02:00:00,268.31976
2011-05-27 03:00:00,202.9416
2011-05-27 04:00:00,200.2433
2011-05-27 05:00:00,260.95737
2011-05-27 06:00:00,185.01308
2011-05-27 07:00:00,189.10393
2011-05-27 08:00:00,219.74681
2011-05-27 09:00:00,272.37512
2011-05-27 10:00:00,319.81674
2011-05-27 11:00:00,268.39914
2011-05-27 12:00:00,266.27734
2011-05-27 13:00:00,278.74557
2011-05-27 14:00:00,304.4136
2011-05-27 15:00:00,324.86093
2011-05-27 16:00:00,277.89508
2011-05-27 17:00:00,314.82672
2011-05-27 18:00:00,249.7465
2011-05-27 19:00:00,145.4192
2011-05-27 20:00:00,196.49945
2011-05-27 21:00:00,117.606125
2011-05-27 22:00:00,146.5798
2011-05-27 23:00:00,103.28935
2011-05-28 00:00:00,80.23931
2011-05-28 01:00:00,87.21272
2011-05-28 02:00:00,68.55944
2011-05-28 03:00:00,87.74251
2011-05-28 04:00:00,92.05536
2011-05-28 05:00:00,87.74251
2011-05-28 06:00:00,115.222435
2011-05-28 07:00:00,120.73505
2011-05-28 08:00:00,140.69035
2011-05-28 09:00:00,195.40453
2011-05-28 10:00:00,259.7416
2011-05-28 11:00:00,259.7416
2011-05-28 12:00:00,322.12567
2011-05-28 13:00:00,288.98856
2011-05-28 14:00:00,319.90915
2011-05-28 15:00:00,340.87173
2011-05-28 16:00:00,355.26266
2011-05-28 17:00:00,352.2098
2011-05-28 18:00:00,297.217
2011-05-28 19:00:00,250.63493
2011-05-28 20:00:00,259.7416
2011-05-28 21:00:00,206.67206
2011-05-28 22:00:00,156.61365
2011-05-28 23:00:00,115.816505
2011-05-29 00:00:00,121.20534
2011-05-29 01:00:00,88.550446
2011-05-29 02:00:00,82.765656
2011-05-29 03:00:00,82.765656
2011-05-29 04:00:00,77.95076
2011-05-29 05:00:00,68.00801
2011-05-29 06:00:00,130.06425
2011-05-29 07:00:00,134.03288
2011-05-29 08:00:00,131.7878
2011-05-29 09:00:00,115.889046
2011-05-29 10:00:00,157.65675
2011-05-29 11:00:00,163.10948
2011-05-29 12:00:00,211.25812
2011-05-29 13:00:00,250.42232
2011-05-29 14:00:00,256.4306
2011-05-29 15:00:00,260.48886
2011-05-29 16:00:00,256.4306
2011-05-29 17:00:00,256.4306
2011-05-29 18:00:00,225.5854
2011-05-29 19:00:00,217.28304
2011-05-29 20:00:00,157.87358
2011-05-29 21:00:00,120.54466
2011-05-29 22:00:00,86.94325
2011-05-29 23:00:00,90.37634
2011-05-30 00:00:00,92.54691
2011-05-30 01:00:00,83.20702
2011-05-30 02:00:00,92.54691
2011-05-30 03:00:00,92.54691
2011-05-30 04:00:00,83.40373
2011-05-30 05:00:00,107.48371
2011-05-30 06:00:00,110.18065
2011-05-30 07:00:00,95.140594
2011-05-30 08:00:00,138.69708
2011-05-30 09:00:00,180.3213
2011-05-30 10:00:00,369.56046
2011-05-30 11:00:00,329.04767
2011-05-30 12:00:00,406.4429
2011-05-30 13:00:00,411.23773
2011-05-30 14:00:00,421.4037
2011-05-30 15:00:00,468.83694
2011-05-30 16:00:00,477.56186
2011-05-30 17:00:00,448.40213
2011-05-30 18:00:00,436.8674
2011-05-30 19:00:00,186.91933
2011-05-30 20:00:00,257.63077
2011-05-30 21:00:00,218.9446
2011-05-30 22:00:00,201.22823
2011-05-30 23:00:00,132.1014
2011-05-31 00:00:00,148.00755
2011-05-31 01:00:00,104.49065
2011-05-31 02:00:00,112.00304
2011-05-31 03:00:00,100.729935
2011-05-31 04:00:00,122.94158
2011-05-31 05:00:00,122.94158
2011-05-31 06:00:00,143.45094
2011-05-31 07:00:00,215.90404
2011-05-31 08:00:00,258.89322
2011-05-31 09:00:00,277.65823
2011-05-31 10:00:00,276.11993
2011-05-31 11:00:00,269.0318
2011-05-31 12:00:00,309.8319
2011-05-31 13:00:00,340.2011
2011-05-31 14:00:00,316.1578
2011-05-31 15:00:00,346.1641
2011-05-31 16:00:00,334.72644
2011-05-31 17:00:00,308.50912
2011-05-31 18:00:00,303.8588
2011-05-31 19:00:00,236.28911
2011-05-31 20:00:00,236.28911
2011-05-31 21:00:00,218.89322
2011-05-31 22:00:00,221.30553
2011-05-31 23:00:00,152.97754
2011-06-20 00:00:00,140.23819
2011-06-20 01:00:00,98.57272
2011-06-20 02:00:00,98.57272
2011-06-20 03:00:00,124.75901
2011-06-20 04:00:00,113.58078
2011-06-20 05:00:00,129.70662
2011-06-20 06:00:00,143.4276
2011-06-20 07:00:00,105.92958
2011-06-20 08:00:00,117.0065
2011-06-20 09:00:00,178.31966
2011-06-20 10:00:00,178.31966
2011-06-20 11:00:00,160.6299
2011-06-20 12:00:00,192.25307
2011-06-20 13:00:00,205.63278
2011-06-20 14:00:00,224.45668
2011-06-20 15:00:00,235.71971
2011-06-20 16:00:00,264.41754
2011-06-20 17:00:00,220.25505
2011-06-20 18:00:00,280.61716
2011-06-20 19:00:00,247.91988
2011-06-20 20:00:00,230.39464
2011-06-20 21:00:00,189.10393
2011-06-20 22:00:00,199.8209
2011-06-20 23:00:00,184.30157
2011-06-21 00:00:00,121.35498
2011-06-21 01:00:00,153.83992
2011-06-21 02:00:00,128.57938
2011-06-21 03:00:00,128.57938
2011-06-21 04:00:00,100.798676
2011-06-21 05:00:00,104.48939
2011-06-21 06:00:00,104.48939
2011-06-21 07:00:00,73.55444
2011-06-21 08:00:00,105.20688
2011-06-21 09:00:00,115.55319
2011-06-21 10:00:00,135.45866
2011-06-21 11:00:00,104.24269
2011-06-21 12:00:00,165.89925
2011-06-21 13:00:00,213.8651
2011-06-21 14:00:00,251.61385
2011-06-21 15:00:00,265.52432
2011-06-21 16:00:00,264.19113
2011-06-21 17:00:00,243.70499
2011-06-21 18:00:00,221.0625
2011-06-21 19:00:00,198.79765
2011-06-21 20:00:00,232.50536
2011-06-21 21:00:00,183.68193
2011-06-21 22:00:00,119.077255
2011-06-21 23:00:00,147.42546
2011-06-22 00:00:00,139.75885
2011-06-22 01:00:00,120.53891
2011-06-22 02:00:00,98.20882
2011-06-22 03:00:00,120.53891
2011-06-22 04:00:00,77.15052
2011-06-22 05:00:00,62.61208
2011-06-22 06:00:00,80.92815
2011-06-22 07:00:00,104.209854
2011-06-22 08:00:00,154.30136
2011-06-22 09:00:00,144.83195
2011-06-22 10:00:00,225.14317
2011-06-22 11:00:00,197.00793
2011-06-22 12:00:00,259.83072
2011-06-22 13:00:00,272.56723
2011-06-22 14:00:00,281.41342
2011-06-22 15:00:00,272.32428
2011-06-22 16:00:00,266.20203
2011-06-22 17:00:00,270.35696
2011-06-22 18:00:00,260.20477
2011-06-22 19:00:00,275.20532
2011-06-22 20:00:00,169.03883
2011-06-22 21:00:00,151.2175
2011-06-22 22:00:00,171.89867
2011-06-22 23:00:00,173.60112
2011-06-23 00:00:00,166.82265
2011-06-23 01:00:00,193.55266
2011-06-23 02:00:00,193.55266
2011-06-23 03:00:00,191.30197
2011-06-23 04:00:00,161.93117
2011-06-23 05:00:00,173.27275
2011-06-23 06:00:00,173.27275
2011-06-23 07:00:00,189.92699
2011-06-23 08:00:00,212.40292
2011-06-23 09:00:00,210.27455
2011-06-23 10:00:00,229.221
2011-06-23 11:00:00,254.35045
2011-06-23 12:00:00,233.32893
2011-06-23 13:00:00,241.07385
2011-06-23 14:00:00,233.63039
2011-06-23 15:00:00,264.4975
2011-06-23 16:00:00,237.31459
2011-06-23 17:00:00,215.92038
2011-06-23 18:00:00,245.74464
2011-06-23 19:00:00,239.98366
2011-06-23 20:00:00,186.3424
2011-06-23 21:00:00,176.09145
2011-06-23 22:00:00,188.48851
2011-06-23 23:00:00,201.98195
2011-06-24 00:00:00,140.296
2011-06-24 01:00:00,156.68138
2011-06-24 02:00:00,156.68138
2011-06-24 03:00:00,104.24269
2011-06-24 04:00:00,88.53288
2011-06-24 05:00:00,65.38157
2011-06-24 06:00:00,96.83736
2011-06-24 07:00:00,142.10324
2011-06-24 08:00:00,186.3424
2011-06-24 09:00:00,217.6743
2011-06-24 10:00:00,309.0108
2011-06-24 11:00:00,334.60858
2011-06-24 12:00:00,316.8475
2011-06-24 13:00:00,324.22034
2011-06-24 14:00:00,311.32108
2011-06-24 15:00:00,358.1689
2011-06-24 16:00:00,366.12436
2011-06-24 17:00:00,329.15732
2011-06-24 18:00:00,336.8992
2011-06-24 19:00:00,314.93152
2011-06-24 20:00:00,286.1541
2011-06-24 21:00:00,268.42422
2011-06-24 22:00:00,228.74252
2011-06-24 23:00:00,256.507
2011-06-25 00:00:00,353.49112
2011-06-25 01:00:00,329.1031
2011-06-25 02:00:00,304.4313
2011-06-25 03:00:00,277.97256
2011-06-25 04:00:00,277.97256
2011-06-25 05:00:00,223.06741
2011-06-25 06:00:00,286.48172
2011-06-25 07:00:00,297.36447
2011-06-25 08:00:00,360.32318
2011-06-25 09:00:00,382.0157
2011-06-25 10:00:00,375.66568
2011-06-25 11:00:00,350.63834
2011-06-25 12:00:00,416.6559
2011-06-25 13:00:00,416.6559
2011-06-25 14:00:00,387.18753
2011-06-25 15:00:00,329.7333
2011-06-25 16:00:00,399.94467
2011-06-25 17:00:00,400.81027
2011-06-25 18:00:00,382.0157
2011-06-25 19:00:00,364.5222
2011-06-25 20:00:00,353.27444
2011-06-25 21:00:00,323.41827
2011-06-25 22:00:00,358.39316
2011-06-25 23:00:00,311.65106
2011-06-26 00:00:00,252.35707
2011-06-26 01:00:00,282.26425
2011-06-26 02:00:00,247.49713
2011-06-26 03:00:00,187.0656
2011-06-26 04:00:00,182.49117
2011-06-26 05:00:00,158.77043
2011-06-26 06:00:00,158.77043
2011-06-26 07:00:00,184.37251
2011-06-26 08:00:00,244.56767
2011-06-26 09:00:00,271.12338
2011-06-26 10:00:00,334.23227
2011-06-26 11:00:00,365.24158
2011-06-26 12:00:00,403.93417
2011-06-26 13:00:00,364.17783
2011-06-26 14:00:00,397.21072
2011-06-26 15:00:00,364.17783
2011-06-26 16:00:00,397.1533
2011-06-26 17:00:00,362.35443
2011-06-26 18:00:00,350.28238
2011-06-26 19:00:00,327.7856
2011-06-26 20:00:00,319.7499
2011-06-26 21:00:00,287.71225
2011-06-26 22:00:00,277.23648
2011-06-26 23:00:00,276.93796
2011-06-27 00:00:00,182.18422
2011-06-27 01:00:00,148.57451
2011-06-27 02:00:00,154.5053
2011-06-27 03:00:00,154.5053
2011-06-27 04:00:00,126.1336
2011-06-27 05:00:00,129.93745
2011-06-27 06:00:00,150.616
2011-06-27 07:00:00,179.14833
2011-06-27 08:00:00,164.05907
2011-06-27 09:00:00,240.59561
2011-06-27 10:00:00,248.15828
2011-06-27 11:00:00,225.6139
2011-06-27 12:00:00,240.59561
2011-06-27 13:00:00,240.80208
2011-06-27 14:00:00,234.86324
2011-06-27 15:00:00,243.26094
2011-06-27 16:00:00,234.52719
2011-06-27 17:00:00,243.57484
2011-06-27 18:00:00,218.37485
2011-06-27 19:00:00,236.04243
2011-06-27 20:00:00,188.62401
2011-06-27 21:00:00,161.3141
2011-06-27 22:00:00,142.2136
2011-06-27 23:00:00,142.2136
2011-06-28 00:00:00,155.90741
2011-06-28 01:00:00,113.9144
2011-06-28 02:00:00,165.66452
2011-06-28 03:00:00,165.66452
2011-06-28 04:00:00,113.9144
2011-06-28 05:00:00,98.20882
2011-06-28 06:00:00,104.24269
2011-06-28 07:00:00,118.93107
2011-06-28 08:00:00,136.63246
2011-06-28 09:00:00,152.8427
2011-06-28 10:00:00,274.75375
2011-06-28 11:00:00,258.38336
2011-06-28 12:00:00,293.1425
2011-06-28 13:00:00,268.74374
2011-06-28 14:00:00,302.02176
2011-06-28 15:00:00,288.103
2011-06-28 16:00:00,303.2702
2011-06-28 17:00:00,293.71567
2011-06-28 18:00:00,289.30234
2011-06-28 19:00:00,256.38705
2011-06-28 20:00:00,180.10408
2011-06-28 21:00:00,250.4106
2011-06-28 22:00:00,223.45256
2011-06-28 23:00:00,219.86519
2011-06-29 00:00:00,168.0604
2011-06-29 01:00:00,174.34825
2011-06-29 02:00:00,123.51734
2011-06-29 03:00:00,134.68944
2011-06-29 04:00:00,90.381584
2011-06-29 05:00:00,107.6727
2011-06-29 06:00:00,219.18466
2011-06-29 07:00:00,268.2867
2011-06-29 08:00:00,297.34464
2011-06-29 09:00:00,319.88733
2011-06-29 10:00:00,316.3063
2011-06-29 11:00:00,331.4692
2011-06-29 12:00:00,336.48697
2011-06-29 13:00:00,361.05582
2011-06-29 14:00:00,339.89078
2011-06-29 15:00:00,337.73517
2011-06-29 16:00:00,377.09964
2011-06-29 17:00:00,388.81607
2011-06-29 18:00:00,363.972
2011-06-29 19:00:00,352.95248
2011-06-29 20:00:00,337.95004
2011-06-29 21:00:00,317.89243
2011-06-29 22:00:00,303.96396
2011-06-29 23:00:00,286.89142
2011-06-30 00:00:00,270.37302
2011-06-30 01:00:00,244.14221
2011-06-30 02:00:00,222.58371
2011-06-30 03:00:00,218.79704
2011-06-30 04:00:00,187.8234
2011-06-30 05:00:00,222.05211
2011-06-30 06:00:00,228.82536
2011-06-30 07:00:00,237.86638
2011-06-30 08:00:00,291.89532
2011-06-30 09:00:00,308.7286
2011-06-30 10:00:00,302.9587
2011-06-30 11:00:00,306.84592
2011-06-30 12:00:00,319.71014
2011-06-30 13:00:00,334.266
2011-06-30 14:00:00,340.82138
2011-06-30 15:00:00,375.17908
2011-06-30 16:00:00,348.09302
2011-06-30 17:00:00,376.76175
2011-06-30 18:00:00,359.49902
2011-06-30 19:00:00,335.19922
2011-06-30 20:00:00,335.19922
2011-06-30 21:00:00,300.80045
2011-06-30 22:00:00,296.62656
2011-06-30 23:00:00,217.66702
2011-07-20 00:00:00,96.651344
2011-07-20 01:00:00,86.428375
2011-07-20 02:00:00,86.428375
2011-07-20 03:00:00,96.651344
2011-07-20 04:00:00,85.19664
2011-07-20 05:00:00,95.39015
2011-07-20 06:00:00,115.93808
2011-07-20 07:00:00,140.16508
2011-07-20 08:00:00,136.64369
2011-07-20 09:00:00,174.53128
2011-07-20 10:00:00,159.23943
2011-07-20 11:00:00,214.84909
2011-07-20 12:00:00,214.35744
2011-07-20 13:00:00,270.69852
2011-07-20 14:00:00,283.7042
2011-07-20 15:00:00,280.98987
2011-07-20 16:00:00,231.33266
2011-07-20 17:00:00,266.21848
2011-07-20 18:00:00,270.73465
2011-07-20 19:00:00,232.6454
2011-07-20 20:00:00,217.29703
2011-07-20 21:00:00,229.54774
2011-07-20 22:00:00,230.67703
2011-07-20 23:00:00,209.39757
2011-07-21 00:00:00,202.07317
2011-07-21 01:00:00,160.07188
2011-07-21 02:00:00,160.07188
2011-07-21 03:00:00,173.55489
2011-07-21 04:00:00,147.6411
2011-07-21 05:00:00,147.6411
2011-07-21 06:00:00,147.6411
2011-07-21 07:00:00,154.00606
2011-07-21 08:00:00,186.01108
2011-07-21 09:00:00,224.37883
2011-07-21 10:00:00,247.57957
2011-07-21 11:00:00,276.24832
2011-07-21 12:00:00,294.81863
2011-07-21 13:00:00,291.90976
2011-07-21 14:00:00,312.51602
2011-07-21 15:00:00,300.1417
2011-07-21 16:00:00,316.55103
2011-07-21 17:00:00,323.0093
2011-07-21 18:00:00,304.8512
2011-07-21 19:00:00,271.3967
2011-07-21 20:00:00,246.02348
2011-07-21 21:00:00,226.55858
2011-07-21 22:00:00,220.48352
2011-07-21 23:00:00,213.99966
2011-07-22 00:00:00,234.95532
2011-07-22 01:00:00,194.41331
2011-07-22 02:00:00,162.67194
2011-07-22 03:00:00,172.04547
2011-07-22 04:00:00,162.38043
2011-07-22 05:00:00,132.40576
2011-07-22 06:00:00,158.34715
2011-07-22 07:00:00,242.42917
2011-07-22 08:00:00,262.81427
2011-07-22 09:00:00,237.40129
2011-07-22 10:00:00,286.9092
2011-07-22 11:00:00,291.50366
2011-07-22 12:00:00,315.519
2011-07-22 13:00:00,313.24103
2011-07-22 14:00:00,333.60733
2011-07-22 15:00:00,321.8549
2011-07-22 16:00:00,349.17725
2011-07-22 17:00:00,290.81033
2011-07-22 18:00:00,320.98178
2011-07-22 19:00:00,315.50912
2011-07-22 20:00:00,231.33266
2011-07-22 21:00:00,232.8802
2011-07-22 22:00:00,289.61298
2011-07-22 23:00:00,248.85234
2011-07-23 00:00:00,282.1998
2011-07-23 01:00:00,328.9391
2011-07-23 02:00:00,306.0047
2011-07-23 03:00:00,221.83232
2011-07-23 04:00:00,214.5731
2011-07-23 05:00:00,245.83734
2011-07-23 06:00:00,328.96408
2011-07-23 07:00:00,320.02075
2011-07-23 08:00:00,376.05145
2011-07-23 09:00:00,364.57028
2011-07-23 10:00:00,411.5328
2011-07-23 11:00:00,429.81583
2011-07-23 12:00:00,425.30338
2011-07-23 13:00:00,433.0134
2011-07-23 14:00:00,401.1724
2011-07-23 15:00:00,415.45438
2011-07-23 16:00:00,428.45065
2011-07-23 17:00:00,428.45065
2011-07-23 18:00:00,431.13364
2011-07-23 19:00:00,317.1924
2011-07-23 20:00:00,321.01453
2011-07-23 21:00:00,321.01453
2011-07-23 22:00:00,305.97824
2011-07-23 23:00:00,279.02277
2011-07-24 00:00:00,279.02277
2011-07-24 01:00:00,225.66602
2011-07-24 02:00:00,252.0299
2011-07-24 03:00:00,252.0299
2011-07-24 04:00:00,225.66602
2011-07-24 05:00:00,221.83232
2011-07-24 06:00:00,289.0846
2011-07-24 07:00:00,287.88025
2011-07-24 08:00:00,338.98346
2011-07-24 09:00:00,349.3172
2011-07-24 10:00:00,384.51828
2011-07-24 11:00:00,356.54837
2011-07-24 12:00:00,401.39487
2011-07-24 13:00:00,388.14322
2011-07-24 14:00:00,380.13434
2011-07-24 15:00:00,420.63107
2011-07-24 16:00:00,420.63107
2011-07-24 17:00:00,411.7842
2011-07-24 18:00:00,405.24054
2011-07-24 19:00:00,379.917
2011-07-24 20:00:00,364.57028
2011-07-24 21:00:00,265.18918
2011-07-24 22:00:00,204.91959
2011-07-24 23:00:00,236.73659
2011-07-25 00:00:00,213.17378
2011-07-25 01:00:00,198.5851
2011-07-25 02:00:00,172.81146
2011-07-25 03:00:00,113.18648
2011-07-25 04:00:00,100.73815
2011-07-25 05:00:00,100.73815
2011-07-25 06:00:00,147.35806
2011-07-25 07:00:00,174.42482
2011-07-25 08:00:00,199.04243
2011-07-25 09:00:00,185.38832
2011-07-25 10:00:00,214.35744
2011-07-25 11:00:00,271.91495
2011-07-25 12:00:00,271.91495
2011-07-25 13:00:00,195.60112
2011-07-25 14:00:00,171.89867
2011-07-25 15:00:00,181.47456
2011-07-25 16:00:00,131.79921
2011-07-25 17:00:00,131.50449
2011-07-25 18:00:00,155.52129
2011-07-25 19:00:00,174.53128
2011-07-25 20:00:00,163.4051
2011-07-25 21:00:00,86.428375
2011-07-25 22:00:00,86.428375
2011-07-25 23:00:00,94.34111
2011-07-26 00:00:00,119.077255
2011-07-26 01:00:00,119.077255
2011-07-26 02:00:00,74.089325
2011-07-26 03:00:00,78.57725
2011-07-26 04:00:00,88.10738
2011-07-26 05:00:00,68.36917
2011-07-26 06:00:00,129.88269
2011-07-26 07:00:00,246.51945
2011-07-26 08:00:00,260.76926
2011-07-26 09:00:00,312.25616
2011-07-26 10:00:00,344.44952
2011-07-26 11:00:00,312.49234
2011-07-26 12:00:00,321.63812
2011-07-26 13:00:00,349.73648
2011-07-26 14:00:00,353.9488
2011-07-26 15:00:00,367.66296
2011-07-26 16:00:00,331.04648
2011-07-26 17:00:00,343.5644
2011-07-26 18:00:00,339.7178
2011-07-26 19:00:00,310.65897
2011-07-26 20:00:00,295.1229
2011-07-26 21:00:00,282.4894
2011-07-26 22:00:00,246.8292
2011-07-26 23:00:00,227.63368
2011-07-27 00:00:00,266.41766
2011-07-27 01:00:00,278.1114
2011-07-27 02:00:00,284.80386
2011-07-27 03:00:00,239.80064
2011-07-27 04:00:00,271.6118
2011-07-27 05:00:00,278.08066
2011-07-27 06:00:00,268.2867
2011-07-27 07:00:00,291.4426
2011-07-27 08:00:00,311.50867
2011-07-27 09:00:00,336.48697
2011-07-27 10:00:00,301.75082
2011-07-27 11:00:00,308.49643
2011-07-27 12:00:00,356.4471
2011-07-27 13:00:00,367.12485
2011-07-27 14:00:00,354.50595
2011-07-27 15:00:00,365.8972
2011-07-27 16:00:00,358.15317
2011-07-27 17:00:00,363.65692
2011-07-27 18:00:00,334.98502
2011-07-27 19:00:00,328.58524
2011-07-27 20:00:00,295.9147
2011-07-27 21:00:00,262.74918
2011-07-27 22:00:00,229.40335
2011-07-27 23:00:00,269.16116
2011-07-28 00:00:00,257.21216
2011-07-28 01:00:00,216.18837
2011-07-28 02:00:00,234.96893
2011-07-28 03:00:00,205.03722
2011-07-28 04:00:00,204.08263
2011-07-28 05:00:00,188.62401
2011-07-28 06:00:00,163.4553
2011-07-28 07:00:00,191.80214
2011-07-28 08:00:00,213.8651
2011-07-28 09:00:00,256.60468
2011-07-28 10:00:00,280.03378
2011-07-28 11:00:00,282.75662
2011-07-28 12:00:00,284.89874
2011-07-28 13:00:00,299.27438
2011-07-28 14:00:00,294.43906
2011-07-28 15:00:00,285.50806
2011-07-28 16:00:00,287.68903
2011-07-28 17:00:00,276.38004
2011-07-28 18:00:00,275.19107
2011-07-28 19:00:00,262.52936
2011-07-28 20:00:00,248.85234
2011-07-28 21:00:00,256.72375
2011-07-28 22:00:00,231.40485
2011-07-28 23:00:00,192.01251
2011-07-29 00:00:00,151.2175
2011-07-29 01:00:00,141.08897
2011-07-29 02:00:00,113.18648
2011-07-29 03:00:00,113.18648
2011-07-29 04:00:00,111.01579
2011-07-29 05:00:00,91.691376
2011-07-29 06:00:00,146.46866
2011-07-29 07:00:00,172.81146
2011-07-29 08:00:00,196.24837
2011-07-29 09:00:00,299.27438
2011-07-29 10:00:00,320.08582
2011-07-29 11:00:00,332.40695
2011-07-29 12:00:00,358.86752
2011-07-29 13:00:00,331.78915
2011-07-29 14:00:00,357.59885
2011-07-29 15:00:00,359.61478
2011-07-29 16:00:00,371.6997
2011-07-29 17:00:00,363.21414
2011-07-29 18:00:00,341.20148
2011-07-29 19:00:00,315.66263
2011-07-29 20:00:00,321.90125
2011-07-29 21:00:00,283.93967
2011-07-29 22:00:00,284.68866
2011-07-29 23:00:00,252.6527
2011-07-30 00:00:00,311.9923
2011-07-30 01:00:00,281.31522
2011-07-30 02:00:00,285.41257
2011-07-30 03:00:00,245.15886
2011-07-30 04:00:00,213.46709
2011-07-30 05:00:00,221.25166
2011-07-30 06:00:00,225.0696
2011-07-30 07:00:00,241.10005
2011-07-30 08:00:00,303.55103
2011-07-30 09:00:00,389.55753
2011-07-30 10:00:00,414.55225
2011-07-30 11:00:00,426.4011
2011-07-30 12:00:00,443.07642
2011-07-30 13:00:00,435.38327
2011-07-30 14:00:00,437.43002
2011-07-30 15:00:00,444.09848
2011-07-30 16:00:00,473.87167
2011-07-30 17:00:00,449.22415
2011-07-30 18:00:00,465.6531
2011-07-30 19:00:00,445.55737
2011-07-30 20:00:00,382.84982
2011-07-30 21:00:00,353.80807
2011-07-30 22:00:00,313.3275
2011-07-30 23:00:00,281.31522
2011-07-31 00:00:00,281.31522
2011-07-31 01:00:00,225.17943
2011-07-31 02:00:00,200.74557
2011-07-31 03:00:00,185.02248
2011-07-31 04:00:00,152.94069
2011-07-31 05:00:00,159.14255
2011-07-31 06:00:00,159.7051
2011-07-31 07:00:00,266.29288
2011-07-31 08:00:00,316.59525
2011-07-31 09:00:00,317.91684
2011-07-31 10:00:00,422.9175
2011-07-31 11:00:00,462.50507
2011-07-31 12:00:00,479.95993
2011-07-31 13:00:00,477.95676
2011-07-31 14:00:00,481.72406
2011-07-31 15:00:00,523.6198
2011-07-31 16:00:00,526.801
2011-07-31 17:00:00,521.0523
2011-07-31 18:00:00,417.26642
2011-07-31 19:00:00,341.6178
2011-07-31 20:00:00,341.6178
2011-07-31 21:00:00,312.71985
2011-07-31 22:00:00,232.40456
2011-07-31 23:00:00,238.53607
2011-08-20 00:00:00,51.793705
2011-08-20 01:00:00,66.39133
2011-08-20 02:00:00,83.19937
2011-08-20 03:00:00,83.19937
2011-08-20 04:00:00,94.76569
2011-08-20 05:00:00,63.648262
2011-08-20 06:00:00,119.135605
2011-08-20 07:00:00,66.39133
2011-08-20 08:00:00,137.45937
2011-08-20 09:00:00,175.56918
2011-08-20 10:00:00,225.42445
2011-08-20 11:00:00,228.114
2011-08-20 12:00:00,266.29288
2011-08-20 13:00:00,294.30377
2011-08-20 14:00:00,358.4305
2011-08-20 15:00:00,391.82114
2011-08-20 16:00:00,373.64954
2011-08-20 17:00:00,358.4305
2011-08-20 18:00:00,305.76035
2011-08-20 19:00:00,254.01534
2011-08-20 20:00:00,262.88028
2011-08-20 21:00:00,204.49232
2011-08-20 22:00:00,197.92331
2011-08-20 23:00:00,146.34195
2011-08-21 00:00:00,163.22246
2011-08-21 01:00:00,129.66377
2011-08-21 02:00:00,120.87218
2011-08-21 03:00:00,96.91893
2011-08-21 04:00:00,106.04536
2011-08-21 05:00:00,83.77733
2011-08-21 06:00:00,81.17785
2011-08-21 07:00:00,126.21701
2011-08-21 08:00:00,140.13863
2011-08-21 09:00:00,182.64883
2011-08-21 10:00:00,197.92844
2011-08-21 11:00:00,301.80405
2011-08-21 12:00:00,326.82864
2011-08-21 13:00:00,331.6456
2011-08-21 14:00:00,195.34375
2011-08-21 15:00:00,126.52246
2011-08-21 16:00:00,134.48708
2011-08-21 17:00:00,126.56591
2011-08-21 18:00:00,158.91356
2011-08-21 19:00:00,213.0092
2011-08-21 20:00:00,148.22691
2011-08-21 21:00:00,148.22691
2011-08-21 22:00:00,174.38889
2011-08-21 23:00:00,154.51985
2011-08-22 00:00:00,130.33434
2011-08-22 01:00:00,109.296005
2011-08-22 02:00:00,212.33116
2011-08-22 03:00:00,234.20328
2011-08-22 04:00:00,215.81172
2011-08-22 05:00:00,249.38066
2011-08-22 06:00:00,258.14236
2011-08-22 07:00:00,262.42484
2011-08-22 08:00:00,262.42484
2011-08-22 09:00:00,273.9682
2011-08-22 10:00:00,297.34464
2011-08-22 11:00:00,346.40463
2011-08-22 12:00:00,350.6779
2011-08-22 13:00:00,365.86475
2011-08-22 14:00:00,365.4475
2011-08-22 15:00:00,358.64172
2011-08-22 16:00:00,365.4475
2011-08-22 17:00:00,370.01685
2011-08-22 18:00:00,362.6567
2011-08-22 19:00:00,352.85526
2011-08-22 20:00:00,328.45294
2011-08-22 21:00:00,313.69113
2011-08-22 22:00:00,322.43503
2011-08-22 23:00:00,307.5251
2011-08-23 00:00:00,293.1598
2011-08-23 01:00:00,273.17795
2011-08-23 02:00:00,259.9271
2011-08-23 03:00:00,257.52795
2011-08-23 04:00:00,229.15689
2011-08-23 05:00:00,236.57643
2011-08-23 06:00:00,220.63748
2011-08-23 07:00:00,276.6112
2011-08-23 08:00:00,228.18173
2011-08-23 09:00:00,249.9797
2011-08-23 10:00:00,286.67673
2011-08-23 11:00:00,313.50333
2011-08-23 12:00:00,292.06375
2011-08-23 13:00:00,328.0899
2011-08-23 14:00:00,325.87793
2011-08-23 15:00:00,336.68198
2011-08-23 16:00:00,325.14865
2011-08-23 17:00:00,336.68198
2011-08-23 18:00:00,331.2555
2011-08-23 19:00:00,282.78784
2011-08-23 20:00:00,276.39575
2011-08-23 21:00:00,181.30486
2011-08-23 22:00:00,222.58371
2011-08-23 23:00:00,204.34795
2011-08-24 00:00:00,222.58371
2011-08-24 01:00:00,195.87549
2011-08-24 02:00:00,164.10893
2011-08-24 03:00:00,164.10893
2011-08-24 04:00:00,121.59668
2011-08-24 05:00:00,121.59668
2011-08-24 06:00:00,105.23691
2011-08-24 07:00:00,172.41231
2011-08-24 08:00:00,163.86668
2011-08-24 09:00:00,204.75085
2011-08-24 10:00:00,266.04114
2011-08-24 11:00:00,279.64368
2011-08-24 12:00:00,281.03668
2011-08-24 13:00:00,318.64758
2011-08-24 14:00:00,318.64758
2011-08-24 15:00:00,321.82022
2011-08-24 16:00:00,304.39218
2011-08-24 17:00:00,294.291
2011-08-24 18:00:00,276.44623
2011-08-24 19:00:00,276.44623
2011-08-24 20:00:00,268.12997
2011-08-24 21:00:00,268.28076
2011-08-24 22:00:00,253.30673
2011-08-24 23:00:00,223.68791
2011-08-25 00:00:00,198.47939
2011-08-25 01:00:00,237.79076
2011-08-25 02:00:00,237.79076
2011-08-25 03:00:00,200.68639
2011-08-25 04:00:00,195.89046
2011-08-25 05:00:00,181.79068
2011-08-25 06:00:00,156.68138
2011-08-25 07:00:00,172.05087
2011-08-25 08:00:00,194.53976
2011-08-25 09:00:00,212.68198
2011-08-25 10:00:00,229.46178
2011-08-25 11:00:00,181.48659
2011-08-25 12:00:00,181.48659
2011-08-25 13:00:00,119.077255
2011-08-25 14:00:00,189.08495
2011-08-25 15:00:00,205.54433
2011-08-25 16:00:00,91.691376
2011-08-25 17:00:00,91.691376
2011-08-25 18:00:00,148.6608
2011-08-25 19:00:00,171.04237
2011-08-25 20:00:00,183.416
2011-08-25 21:00:00,163.34993
2011-08-25 22:00:00,74.6445
2011-08-25 23:00:00,81.91234
2011-08-26 00:00:00,89.23912
2011-08-26 01:00:00,74.6445
2011-08-26 02:00:00,70.37059
2011-08-26 03:00:00,63.955574
2011-08-26 04:00:00,62.569412
2011-08-26 05:00:00,91.828545
2011-08-26 06:00:00,62.569412
2011-08-26 07:00:00,77.15052
2011-08-26 08:00:00,90.381584
2011-08-26 09:00:00,124.66344
2011-08-26 10:00:00,189.90202
2011-08-26 11:00:00,233.28041
2011-08-26 12:00:00,228.07108
2011-08-26 13:00:00,249.84462
2011-08-26 14:00:00,207.28694
2011-08-26 15:00:00,259.05246
2011-08-26 16:00:00,217.21092
2011-08-26 17:00:00,207.30031
2011-08-26 18:00:00,195.60112
2011-08-26 19:00:00,126.131165
2011-08-26 20:00:00,122.82117
2011-08-26 21:00:00,144.83195
2011-08-26 22:00:00,126.131165
2011-08-26 23:00:00,94.34111
2011-08-27 00:00:00,88.35592
2011-08-27 01:00:00,97.18416
2011-08-27 02:00:00,103.36325
2011-08-27 03:00:00,153.0072
2011-08-27 04:00:00,153.0072
2011-08-27 05:00:00,157.95631
2011-08-27 06:00:00,157.95631
2011-08-27 07:00:00,161.58229
2011-08-27 08:00:00,154.85625
2011-08-27 09:00:00,166.51312
2011-08-27 10:00:00,192.61012
2011-08-27 11:00:00,133.16977
2011-08-27 12:00:00,166.19107
2011-08-27 13:00:00,159.35529
2011-08-27 14:00:00,136.37698
2011-08-27 15:00:00,136.37698
2011-08-27 16:00:00,134.31938
2011-08-27 17:00:00,127.4532
2011-08-28 07:00:00,146.47551
2011-08-28 08:00:00,149.69995
2011-08-28 09:00:00,207.73692
2011-08-28 10:00:00,298.1626
2011-08-28 11:00:00,308.66696
2011-08-28 12:00:00,358.00473
2011-08-28 13:00:00,393.61356
2011-08-28 14:00:00,411.86136
2011-08-28 15:00:00,406.52545
2011-08-28 16:00:00,446.51428
2011-08-28 17:00:00,417.06845
2011-08-28 18:00:00,400.81027
2011-08-28 19:00:00,334.23227
2011-08-28 20:00:00,358.0355
2011-08-28 21:00:00,227.49962
2011-08-28 22:00:00,151.42442
2011-08-28 23:00:00,119.87955
2011-08-29 00:00:00,130.71562
2011-08-29 01:00:00,151.33919
2011-08-29 02:00:00,180.88045
2011-08-29 03:00:00,151.33919
2011-08-29 04:00:00,162.08916
2011-08-29 05:00:00,130.36444
2011-08-29 06:00:00,130.36444
2011-08-29 07:00:00,241.20177
2011-08-29 08:00:00,261.7315
2011-08-29 09:00:00,273.46793
2011-08-29 10:00:00,292.8597
2011-08-29 11:00:00,280.57196
2011-08-29 12:00:00,270.6502
2011-08-29 13:00:00,271.4086
2011-08-29 14:00:00,259.7371
2011-08-29 15:00:00,296.62656
2011-08-29 16:00:00,295.86743
2011-08-29 17:00:00,265.35852
2011-08-29 18:00:00,296.35156
2011-08-29 19:00:00,296.35156
2011-08-29 20:00:00,256.58444
2011-08-29 21:00:00,265.97165
2011-08-29 22:00:00,222.58371
2011-08-29 23:00:00,190.43382
2011-08-30 00:00:00,130.36444
2011-08-30 01:00:00,153.32516
2011-08-30 02:00:00,120.20723
2011-08-30 03:00:00,146.63174
2011-08-30 04:00:00,110.984665
2011-08-30 05:00:00,95.83499
2011-08-30 06:00:00,120.20723
2011-08-30 07:00:00,162.08916
2011-08-30 08:00:00,222.58371
2011-08-30 09:00:00,282.78784
2011-08-30 10:00:00,319.4149
2011-08-30 11:00:00,320.0821
2011-08-30 12:00:00,286.80588
2011-08-30 13:00:00,308.89868
2011-08-30 14:00:00,328.3442
2011-08-30 15:00:00,332.88065
2011-08-30 16:00:00,313.29547
2011-08-30 17:00:00,302.9587
2011-08-30 18:00:00,286.86444
2011-08-30 19:00:00,243.38252
2011-08-30 20:00:00,217.66702
2011-08-30 21:00:00,172.09999
2011-08-30 22:00:00,164.82515
2011-08-30 23:00:00,164.82515
2011-08-31 00:00:00,125.751495
2011-08-31 01:00:00,125.751495
2011-08-31 02:00:00,105.23691
2011-08-31 03:00:00,83.44827
2011-08-31 04:00:00,105.23691
2011-08-31 05:00:00,70.489494
2011-08-31 06:00:00,86.066986
2011-08-31 07:00:00,88.25951
2011-08-31 08:00:00,130.11206
2011-08-31 09:00:00,153.70937
2011-08-31 10:00:00,272.97195
2011-08-31 11:00:00,288.5278
2011-08-31 12:00:00,284.69543
2011-08-31 13:00:00,301.3973
2011-08-31 14:00:00,296.13516
2011-08-31 15:00:00,296.13516
2011-08-31 16:00:00,288.1082
2011-08-31 17:00:00,278.77817
2011-08-31 18:00:00,277.78036
2011-08-31 19:00:00,297.0018
2011-08-31 20:00:00,226.86061
2011-08-31 21:00:00,192.29909
2011-08-31 22:00:00,133.42513
2011-08-31 23:00:00,101.49688
2011-09-20 00:00:00,158.27771
2011-09-20 01:00:00,96.01494
2011-09-20 02:00:00,96.01494
2011-09-20 03:00:00,116.91721
2011-09-20 04:00:00,70.46669
2011-09-20 05:00:00,98.01715
2011-09-20 06:00:00,98.01715
2011-09-20 07:00:00,96.01494
2011-09-20 08:00:00,70.87309
2011-09-20 09:00:00,69.71665
2011-09-20 10:00:00,87.44737
2011-09-20 11:00:00,87.44737
2011-09-20 12:00:00,78.858894
2011-09-20 13:00:00,75.47686
2011-09-20 14:00:00,104.40967
2011-09-20 15:00:00,147.16786
2011-09-20 16:00:00,126.1336
2011-09-20 17:00:00,80.65724
2011-09-20 18:00:00,80.65724
2011-09-20 19:00:00,58.951454
2011-09-20 20:00:00,47.02502
2011-09-20 21:00:00,47.02502
2011-09-20 22:00:00,47.02502
2011-09-20 23:00:00,47.02502
2011-09-21 00:00:00,38.89902
2011-09-21 01:00:00,46.700134
2011-09-21 02:00:00,46.700134
2011-09-21 03:00:00,70.86502
2011-09-21 04:00:00,60.378044
2011-09-21 05:00:00,61.53467
2011-09-21 06:00:00,64.00404
2011-09-21 07:00:00,64.00404
2011-09-21 08:00:00,59.771317
2011-09-21 09:00:00,60.061707
2011-09-21 10:00:00,88.421745
2011-09-21 11:00:00,129.93745
2011-09-21 12:00:00,150.0146
2011-09-21 13:00:00,175.26617
2011-09-21 14:00:00,177.52357
2011-09-21 15:00:00,170.6782
2011-09-21 16:00:00,170.6782
2011-09-21 17:00:00,185.69197
2011-09-21 18:00:00,132.39162
2011-09-21 19:00:00,92.8945
2011-09-21 20:00:00,92.8945
2011-09-21 21:00:00,63.04527
2011-09-21 22:00:00,74.63311
2011-09-21 23:00:00,49.978397
2011-09-22 00:00:00,49.978397
2011-09-22 01:00:00,76.87821
2011-09-22 02:00:00,78.00667
2011-09-22 03:00:00,76.87821
2011-09-22 04:00:00,76.87821
2011-09-22 05:00:00,78.00667
2011-09-22 06:00:00,63.886757
2011-09-22 07:00:00,63.27803
2011-09-22 08:00:00,66.41412
2011-09-22 09:00:00,90.079
2011-09-22 10:00:00,113.921135
2011-09-22 11:00:00,112.062
2011-09-22 12:00:00,137.97888
2011-09-22 13:00:00,140.30281
2011-09-22 14:00:00,142.10324
2011-09-22 15:00:00,159.31505
2011-09-22 16:00:00,176.95863
2011-09-22 17:00:00,153.87291
2011-09-22 18:00:00,130.14171
2011-09-22 19:00:00,102.92328
2011-09-22 20:00:00,82.82503
2011-09-22 21:00:00,102.92328
2011-09-22 22:00:00,63.933872
2011-09-22 23:00:00,74.63311
2011-09-23 00:00:00,120.26513
2011-09-23 01:00:00,74.65137
2011-09-23 02:00:00,88.28529
2011-09-23 03:00:00,74.65137
2011-09-23 04:00:00,93.32207
2011-09-23 05:00:00,101.341
2011-09-23 06:00:00,120.26513
2011-09-23 07:00:00,123.12211
2011-09-23 08:00:00,123.12211
2011-09-23 09:00:00,93.72915
2011-09-23 10:00:00,93.67639
2011-09-23 11:00:00,93.67639
2011-09-23 12:00:00,122.997444
2011-09-23 13:00:00,89.592026
2011-09-23 14:00:00,89.592026
2011-09-23 15:00:00,122.997444
2011-09-23 16:00:00,123.407555
2011-09-23 17:00:00,74.65137
2011-09-23 18:00:00,56.687065
2011-09-23 19:00:00,94.88251
2011-09-23 20:00:00,74.04257
2011-09-23 21:00:00,75.526276
2011-09-23 22:00:00,100.41649
2011-09-23 23:00:00,87.31616
2011-09-24 00:00:00,50.913475
2011-09-24 01:00:00,120.383224
2011-09-24 02:00:00,120.383224
2011-09-24 03:00:00,66.45351
2011-09-24 04:00:00,65.842155
2011-09-24 05:00:00,119.66614
2011-09-24 06:00:00,119.66614
2011-09-24 07:00:00,155.25269
2011-09-24 08:00:00,144.13585
2011-09-24 09:00:00,159.10393
2011-09-24 10:00:00,159.10393
2011-09-24 11:00:00,191.07971
2011-09-24 12:00:00,191.07971
2011-09-24 13:00:00,148.78973
2011-09-24 14:00:00,244.00826
2011-09-24 15:00:00,244.00826
2011-09-24 16:00:00,219.45538
2011-09-24 17:00:00,201.55592
2011-09-24 18:00:00,166.84651
2011-09-24 19:00:00,90.33613
2011-09-24 20:00:00,115.394356
2011-09-24 21:00:00,125.329735
2011-09-24 22:00:00,151.48972
2011-09-24 23:00:00,159.10393
2011-09-25 00:00:00,148.3384
2011-09-25 01:00:00,160.55267
2011-09-25 02:00:00,146.81789
2011-09-25 03:00:00,146.81789
2011-09-25 04:00:00,143.73412
2011-09-25 05:00:00,93.35263
2011-09-25 06:00:00,160.55267
2011-09-25 07:00:00,126.12718
2011-09-25 08:00:00,151.48972
2011-09-25 09:00:00,186.95328
2011-09-25 10:00:00,186.95328
2011-09-25 11:00:00,221.84233
2011-09-25 12:00:00,223.2289
2011-09-25 13:00:00,247.10216
2011-09-25 14:00:00,223.2289
2011-09-25 15:00:00,223.2289
2011-09-25 16:00:00,219.18588
2011-09-25 17:00:00,186.03613
2011-09-25 18:00:00,186.03613
2011-09-25 19:00:00,137.58214
2011-09-25 20:00:00,128.54637
2011-09-25 21:00:00,70.09851
2011-09-25 22:00:00,96.342606
2011-09-25 23:00:00,125.747604
2011-09-26 00:00:00,101.341
2011-09-26 01:00:00,156.33498
2011-09-26 02:00:00,156.33498
2011-09-26 03:00:00,101.341
2011-09-26 04:00:00,120.26513
2011-09-26 05:00:00,136.58714
2011-09-26 06:00:00,120.26513
2011-09-26 07:00:00,101.341
2011-09-26 08:00:00,101.341
2011-09-26 09:00:00,158.24828
2011-09-26 10:00:00,158.24828
2011-09-26 11:00:00,203.76222
2011-09-26 12:00:00,207.22943
2011-09-26 13:00:00,236.30428
2011-09-26 14:00:00,248.68324
2011-09-26 15:00:00,287.3563
2011-09-26 16:00:00,275.9256
2011-09-26 17:00:00,242.70074
2011-09-26 18:00:00,153.91547
2011-09-26 19:00:00,156.90063
2011-09-26 20:00:00,122.76461
2011-09-26 21:00:00,122.76461
2011-09-26 22:00:00,94.88251
2011-09-26 23:00:00,94.88251
2011-09-27 00:00:00,94.88251
2011-09-27 01:00:00,100.7025
2011-09-27 02:00:00,89.655075
2011-09-27 03:00:00,101.341
2011-09-27 04:00:00,122.98121
2011-09-27 05:00:00,122.98121
2011-09-27 06:00:00,123.189995
2011-09-27 07:00:00,123.189995
2011-09-27 08:00:00,153.50511
2011-09-27 09:00:00,153.37752
2011-09-27 10:00:00,129.67313
2011-09-27 11:00:00,156.66219
2011-09-27 12:00:00,157.22687
2011-09-27 13:00:00,235.217
2011-09-27 14:00:00,206.36348
2011-09-27 15:00:00,186.8762
2011-09-27 16:00:00,187.00882
2011-09-27 17:00:00,160.1024
2011-09-27 18:00:00,159.88791
2011-09-27 19:00:00,154.38908
2011-09-27 20:00:00,154.65793
2011-09-27 21:00:00,123.0624
2011-09-27 22:00:00,114.101845
2011-09-27 23:00:00,114.101845
2011-09-28 00:00:00,97.71735
2011-09-28 01:00:00,97.71735
2011-09-28 02:00:00,151.85417
2011-09-28 03:00:00,118.47012
2011-09-28 04:00:00,97.71735
2011-09-28 05:00:00,97.92388
2011-09-28 06:00:00,117.75737
2011-09-28 07:00:00,117.75737
2011-09-28 08:00:00,123.72713
2011-09-28 09:00:00,123.72713
2011-09-28 10:00:00,101.341
2011-09-28 11:00:00,184.12166
2011-09-28 12:00:00,205.31209
2011-09-28 13:00:00,241.1936
2011-09-28 14:00:00,303.67078
2011-09-28 15:00:00,242.70074
2011-09-28 16:00:00,254.31963
2011-09-28 17:00:00,259.83774
2011-09-28 18:00:00,184.75224
2011-09-28 19:00:00,184.75224
2011-09-28 20:00:00,170.1387
2011-09-28 21:00:00,147.14769
2011-09-28 22:00:00,114.101845
2011-09-28 23:00:00,94.63252
2011-09-29 00:00:00,107.044365
2011-09-29 01:00:00,110.10304
2011-09-29 02:00:00,110.10304
2011-09-29 03:00:00,137.21301
2011-09-29 04:00:00,160.09038
2011-09-29 05:00:00,154.74783
2011-09-29 06:00:00,153.34137
2011-09-29 07:00:00,124.25192
2011-09-29 08:00:00,123.0624
2011-09-29 09:00:00,208.44084
2011-09-29 10:00:00,275.27087
2011-09-29 11:00:00,294.5651
2011-09-29 12:00:00,293.93423
2011-09-29 13:00:00,296.5733
2011-09-29 14:00:00,339.44803
2011-09-29 15:00:00,353.78397
2011-09-29 16:00:00,363.49246
2011-09-29 17:00:00,350.7609
2011-09-29 18:00:00,363.7607
2011-09-29 19:00:00,322.12988
2011-09-29 20:00:00,306.75177
2011-09-29 21:00:00,275.2575
2011-09-29 22:00:00,207.88467
2011-09-29 23:00:00,173.56319
2011-09-30 00:00:00,137.4669
2011-09-30 01:00:00,170.02155
2011-09-30 02:00:00,137.4669
2011-09-30 03:00:00,137.4669
2011-09-30 04:00:00,158.52676
2011-09-30 05:00:00,158.52676
2011-09-30 06:00:00,165.51517
2011-09-30 07:00:00,165.51517
2011-09-30 08:00:00,183.04344
2011-09-30 09:00:00,221.09749
2011-09-30 10:00:00,237.34645
2011-09-30 11:00:00,293.6827
2011-09-30 12:00:00,300.61154
2011-09-30 13:00:00,329.41483
2011-09-30 14:00:00,327.80392
2011-09-30 15:00:00,339.02054
2011-09-30 16:00:00,326.51608
2011-09-30 17:00:00,324.62228
2011-09-30 18:00:00,315.6441
2011-09-30 19:00:00,303.5798
2011-09-30 20:00:00,303.5798
2011-09-30 21:00:00,303.7187
2011-09-30 22:00:00,280.91394
2011-09-30 23:00:00,280.91394
2011-10-20 00:00:00,127.983475
2011-10-20 01:00:00,172.34175
2011-10-20 02:00:00,196.00008
2011-10-20 03:00:00,196.90068
2011-10-20 04:00:00,196.90068
2011-10-20 05:00:00,176.73914
2011-10-20 06:00:00,169.89143
2011-10-20 07:00:00,186.57407
2011-10-20 08:00:00,213.79372
2011-10-20 09:00:00,214.46913
2011-10-20 10:00:00,239.90315
2011-10-20 11:00:00,256.96445
2011-10-20 12:00:00,279.82373
2011-10-20 13:00:00,292.5847
2011-10-20 14:00:00,232.65944
2011-10-20 15:00:00,239.0092
2011-10-20 16:00:00,239.0092
2011-10-20 17:00:00,255.41216
2011-10-20 18:00:00,257.97412
2011-10-20 19:00:00,269.00943
2011-10-20 20:00:00,252.76671
2011-10-20 21:00:00,268.01285
2011-10-20 22:00:00,264.84323
2011-10-20 23:00:00,243.74327
2011-10-21 00:00:00,219.13707
2011-10-21 01:00:00,219.89336
2011-10-21 02:00:00,192.0995
2011-10-21 03:00:00,153.59158
2011-10-21 04:00:00,158.35497
2011-10-21 05:00:00,138.64586
2011-10-21 06:00:00,158.35497
2011-10-21 07:00:00,158.35497
2011-10-21 08:00:00,219.27737
2011-10-21 09:00:00,251.00296
2011-10-21 10:00:00,291.88638
2011-10-21 11:00:00,314.4547
2011-10-21 12:00:00,302.39273
2011-10-21 13:00:00,284.8533
2011-10-21 14:00:00,317.6024
2011-10-21 15:00:00,304.65875
2011-10-21 16:00:00,309.28107
2011-10-21 17:00:00,264.89505
2011-10-21 18:00:00,251.23613
2011-10-21 19:00:00,224.44868
2011-10-21 20:00:00,257.0397
2011-10-21 21:00:00,245.33717
2011-10-21 22:00:00,262.67773
2011-10-21 23:00:00,219.89336
2011-10-22 00:00:00,203.73503
2011-10-22 01:00:00,203.73503
2011-10-22 02:00:00,203.1644
2011-10-22 03:00:00,201.81947
2011-10-22 04:00:00,163.77332
2011-10-22 05:00:00,163.9587
2011-10-22 06:00:00,128.67564
2011-10-22 07:00:00,103.2405
2011-10-22 08:00:00,148.2887
2011-10-22 09:00:00,188.00499
2011-10-22 10:00:00,264.18985
2011-10-22 11:00:00,264.18985
2011-10-22 12:00:00,286.001
2011-10-22 13:00:00,360.90573
2011-10-22 14:00:00,325.24753
2011-10-22 15:00:00,322.39905
2011-10-22 16:00:00,368.3094
2011-10-22 17:00:00,287.3211
2011-10-22 18:00:00,279.7784
2011-10-22 19:00:00,184.89177
2011-10-22 20:00:00,179.14534
2011-10-22 21:00:00,122.6194
2011-10-22 22:00:00,122.6194
2011-10-22 23:00:00,91.224655
2011-10-23 00:00:00,71.67281
2011-10-23 01:00:00,71.67281
2011-10-23 02:00:00,64.99127
2011-10-23 03:00:00,69.25385
2011-10-23 04:00:00,69.25385
2011-10-23 05:00:00,64.912224
2011-10-23 06:00:00,58.673923
2011-10-23 07:00:00,64.99127
2011-10-23 08:00:00,68.80388
2011-10-23 09:00:00,122.6194
2011-10-23 10:00:00,166.69258
2011-10-23 11:00:00,183.50363
2011-10-23 12:00:00,282.83752
2011-10-23 13:00:00,323.40555
2011-10-23 14:00:00,322.20462
2011-10-23 15:00:00,342.22614
2011-10-23 16:00:00,323.40555
2011-10-23 17:00:00,251.4616
2011-10-23 18:00:00,245.39792
2011-10-23 19:00:00,126.2482
2011-10-23 20:00:00,168.46483
2011-10-23 21:00:00,168.46483
2011-10-23 22:00:00,136.61095
2011-10-23 23:00:00,134.91032
2011-10-24 00:00:00,138.11296
2011-10-24 01:00:00,134.35602
2011-10-24 02:00:00,111.41154
2011-10-24 03:00:00,125.5742
2011-10-24 04:00:00,112.3722
2011-10-24 05:00:00,96.784645
2011-10-24 06:00:00,111.41154
2011-10-24 07:00:00,111.93291
2011-10-24 08:00:00,149.18567
2011-10-24 09:00:00,172.27603
2011-10-24 10:00:00,180.40746
2011-10-24 11:00:00,222.99077
2011-10-24 12:00:00,240.23836
2011-10-24 13:00:00,267.07333
2011-10-24 14:00:00,267.98486
2011-10-24 15:00:00,289.5259
2011-10-24 16:00:00,269.93756
2011-10-24 17:00:00,236.05382
2011-10-24 18:00:00,273.72678
2011-10-24 19:00:00,152.17258
2011-10-24 20:00:00,138.80888
2011-10-24 21:00:00,109.96835
2011-10-24 22:00:00,192.74115
2011-10-24 23:00:00,162.60973
2011-10-25 00:00:00,166.02386
2011-10-25 01:00:00,166.02386
2011-10-25 02:00:00,138.85133
2011-10-25 03:00:00,94.59483
2011-10-25 04:00:00,113.46396
2011-10-25 05:00:00,113.46396
2011-10-25 06:00:00,123.5874
2011-10-25 07:00:00,162.57394
2011-10-25 08:00:00,169.34698
2011-10-25 09:00:00,284.81427
2011-10-25 10:00:00,295.75168
2011-10-25 11:00:00,304.6918
2011-10-25 12:00:00,325.5505
2011-10-25 13:00:00,334.92624
2011-10-25 14:00:00,344.80838
2011-10-25 15:00:00,365.06305
2011-10-25 16:00:00,360.76044
2011-10-25 17:00:00,365.06305
2011-10-25 18:00:00,344.54703
2011-10-25 19:00:00,235.92622
2011-10-25 20:00:00,220.37267
2011-10-25 21:00:00,192.24605
2011-10-25 22:00:00,224.50374
2011-10-25 23:00:00,192.24605
2011-10-26 00:00:00,193.33008
2011-10-26 01:00:00,213.21208
2011-10-26 02:00:00,215.88933
2011-10-26 03:00:00,214.78163
2011-10-26 04:00:00,191.02518
2011-10-26 05:00:00,190.44601
2011-10-26 06:00:00,190.44601
2011-10-26 07:00:00,188.34697
2011-10-26 08:00:00,224.53566
2011-10-26 09:00:00,252.52405
2011-10-26 10:00:00,265.3282
2011-10-26 11:00:00,268.5126
2011-10-26 12:00:00,309.75516
2011-10-26 13:00:00,279.51743
2011-10-26 14:00:00,189.74628
2011-10-26 15:00:00,189.74628
2011-10-26 16:00:00,196.13248
2011-10-26 17:00:00,197.18236
2011-10-26 18:00:00,187.05162
2011-10-26 19:00:00,117.459305
2011-10-26 20:00:00,90.22121
2011-10-26 21:00:00,189.74628
2011-10-26 22:00:00,134.63611
2011-10-26 23:00:00,134.63611
2011-10-27 00:00:00,69.60648
2011-10-27 01:00:00,69.60648
2011-10-27 02:00:00,97.89492
2011-10-27 03:00:00,97.89492
2011-10-27 04:00:00,123.050545
2011-10-27 05:00:00,124.10335
2011-10-27 06:00:00,155.52658
2011-10-27 07:00:00,101.828964
2011-10-27 08:00:00,127.2299
2011-10-27 09:00:00,176.95245
2011-10-27 10:00:00,129.65552
2011-10-27 11:00:00,128.46991
2011-10-27 12:00:00,128.46991
2011-10-27 13:00:00,150.60634
2011-10-27 14:00:00,151.29242
2011-10-27 15:00:00,168.91618
2011-10-27 16:00:00,226.06984
2011-10-27 17:00:00,192.62883
2011-10-27 18:00:00,196.25523
2011-10-27 19:00:00,182.07803
2011-10-27 20:00:00,208.52562
2011-10-27 21:00:00,216.62053
2011-10-27 22:00:00,196.59093
2011-10-27 23:00:00,198.08994
2011-10-28 00:00:00,177.51053
2011-10-28 01:00:00,168.59251
2011-10-28 02:00:00,171.50044
2011-10-28 03:00:00,151.32408
2011-10-28 04:00:00,166.49394
2011-10-28 05:00:00,159.55487
2011-10-28 06:00:00,156.30843
2011-10-28 07:00:00,156.30843
2011-10-28 08:00:00,177.46078
2011-10-28 09:00:00,194.76848
2011-10-28 10:00:00,205.51144
2011-10-28 11:00:00,246.60638
2011-10-28 12:00:00,254.53989
2011-10-28 13:00:00,244.70938
2011-10-28 14:00:00,229.63649
2011-10-28 15:00:00,222.01344
2011-10-28 16:00:00,232.56232
2011-10-28 17:00:00,230.46828
2011-10-28 18:00:00,223.24632
2011-10-28 19:00:00,230.46828
2011-10-28 20:00:00,165.84055
2011-10-28 21:00:00,138.5985
2011-10-28 22:00:00,107.859955
2011-10-28 23:00:00,93.717255
2011-10-29 00:00:00,76.162704
2011-10-29 01:00:00,82.905556
2011-10-29 02:00:00,82.905556
2011-10-29 03:00:00,75.44273
2011-10-29 04:00:00,75.44273
2011-10-29 05:00:00,54.358994
2011-10-29 06:00:00,61.242756
2011-10-29 07:00:00,61.242756
2011-10-29 08:00:00,67.38942
2011-10-29 09:00:00,67.38942
2011-10-29 10:00:00,57.243023
2011-10-29 11:00:00,51.61667
2011-10-29 12:00:00,46.216743
2011-10-29 13:00:00,44.796852
2011-10-29 14:00:00,48.790592
2011-10-29 15:00:00,57.973633
2011-10-29 16:00:00,49.63435
2011-10-29 17:00:00,49.63435
2011-10-29 18:00:00,49.63435
2011-10-29 19:00:00,37.972126
2011-10-29 20:00:00,37.972126
2011-10-29 21:00:00,37.972126
2011-10-29 22:00:00,34.676018
2011-10-29 23:00:00,34.55908
2011-10-30 00:00:00,34.676018
2011-10-30 01:00:00,35.407646
2011-10-30 02:00:00,35.51442
2011-10-30 03:00:00,55.877502
2011-10-30 04:00:00,43.26676
2011-10-30 05:00:00,54.824947
2011-10-30 06:00:00,54.603043
2011-10-30 07:00:00,65.25967
2011-10-30 08:00:00,72.75129
2011-10-30 09:00:00,108.25235
2011-10-30 10:00:00,142.87444
2011-10-30 11:00:00,216.80678
2011-10-30 12:00:00,260.18063
2011-10-30 13:00:00,310.21164
2011-10-30 14:00:00,352.11743
2011-10-30 15:00:00,369.0696
2011-10-30 16:00:00,385.9618
2011-10-30 17:00:00,359.81393
2011-10-30 18:00:00,290.5375
2011-10-30 19:00:00,361.1262
2011-10-30 20:00:00,183.73463
2011-10-30 21:00:00,126.46914
2011-10-30 22:00:00,85.341835
2011-10-30 23:00:00,49.95385
2011-10-31 00:00:00,85.51813
2011-10-31 01:00:00,93.24772
2011-10-31 02:00:00,82.289276
2011-10-31 03:00:00,85.85774
2011-10-31 04:00:00,82.289276
2011-10-31 05:00:00,73.26247
2011-10-31 06:00:00,82.289276
2011-10-31 07:00:00,75.69937
2011-10-31 08:00:00,110.137665
2011-10-31 09:00:00,142.75247
2011-10-31 10:00:00,213.58136
2011-10-31 11:00:00,267.20978
2011-10-31 12:00:00,286.441
2011-10-31 13:00:00,269.43466
2011-10-31 14:00:00,266.08063
2011-10-31 15:00:00,295.77484
2011-10-31 16:00:00,262.67773
2011-10-31 17:00:00,262.25684
2011-10-31 18:00:00,197.8781
2011-10-31 19:00:00,197.8781
2011-10-31 20:00:00,197.8781
2011-10-31 21:00:00,160.63747
2011-10-31 22:00:00,160.63747
2011-10-31 23:00:00,160.63747
2011-11-20 00:00:00,165.4067
2011-11-20 01:00:00,203.1644
2011-11-20 02:00:00,202.86693
2011-11-20 03:00:00,196.83907
2011-11-20 04:00:00,179.65495
2011-11-20 05:00:00,204.16783
2011-11-20 06:00:00,208.41833
2011-11-20 07:00:00,188.1303
2011-11-20 08:00:00,189.96442
2011-11-20 09:00:00,171.67528
2011-11-20 10:00:00,219.05403
2011-11-20 11:00:00,273.72354
2011-11-20 12:00:00,275.01236
2011-11-20 13:00:00,301.23346
2011-11-20 14:00:00,269.1084
2011-11-20 15:00:00,254.64583
2011-11-20 16:00:00,279.16403
2011-11-20 17:00:00,281.73373
2011-11-20 18:00:00,279.38022
2011-11-20 19:00:00,229.0077
2011-11-20 20:00:00,252.07634
2011-11-20 21:00:00,201.07301
2011-11-20 22:00:00,155.60565
2011-11-20 23:00:00,155.60565
2011-11-21 00:00:00,87.79341
2011-11-21 01:00:00,99.19351
2011-11-21 02:00:00,79.69619
2011-11-21 03:00:00,78.25742
2011-11-21 04:00:00,78.25742
2011-11-21 05:00:00,70.81467
2011-11-21 06:00:00,72.91219
2011-11-21 07:00:00,121.93635
2011-11-21 08:00:00,87.79341
2011-11-21 09:00:00,105.933044
2011-11-21 10:00:00,151.29242
2011-11-21 11:00:00,168.91618
2011-11-21 12:00:00,197.01479
2011-11-21 13:00:00,197.01479
2011-11-21 14:00:00,178.26393
2011-11-21 15:00:00,101.19882
2011-11-21 16:00:00,101.19882
2011-11-21 17:00:00,106.01354
2011-11-21 18:00:00,124.050224
2011-11-21 19:00:00,102.52032
2011-11-21 20:00:00,124.15231
2011-11-21 21:00:00,127.486374
2011-11-21 22:00:00,125.654724
2011-11-21 23:00:00,127.486374
2011-11-22 00:00:00,99.33351
2011-11-22 01:00:00,98.76638
2011-11-22 02:00:00,84.24487
2011-11-22 03:00:00,84.24487
2011-11-22 04:00:00,103.645676
2011-11-22 05:00:00,103.645676
2011-11-22 06:00:00,111.93291
2011-11-22 07:00:00,102.04089
2011-11-22 08:00:00,102.04089
2011-11-22 09:00:00,99.18544
2011-11-22 10:00:00,99.18544
2011-11-22 11:00:00,98.76638
2011-11-22 12:00:00,81.07163
2011-11-22 13:00:00,79.39502
2011-11-22 14:00:00,79.39502
2011-11-22 15:00:00,97.93605
2011-11-22 16:00:00,97.93605
2011-11-22 17:00:00,78.46679
2011-11-22 18:00:00,82.097565
2011-11-22 19:00:00,96.4682
2011-11-22 20:00:00,112.14288
2011-11-22 21:00:00,119.73386
2011-11-22 22:00:00,130.30841
2011-11-22 23:00:00,138.81569
2011-11-23 00:00:00,138.81569
2011-11-23 01:00:00,144.17393
2011-11-23 02:00:00,114.65939
2011-11-23 03:00:00,114.65939
2011-11-23 04:00:00,138.86964
2011-11-23 05:00:00,131.72224
2011-11-23 06:00:00,70.81467
2011-11-23 07:00:00,79.605515
2011-11-23 08:00:00,105.933044
2011-11-23 09:00:00,129.93
2011-11-23 10:00:00,129.93
2011-11-23 11:00:00,197.88583
2011-11-23 12:00:00,259.852
2011-11-23 13:00:00,208.69069
2011-11-23 14:00:00,242.8799
2011-11-23 15:00:00,207.52922
2011-11-23 16:00:00,179.11977
2011-11-23 17:00:00,140.30946
2011-11-23 18:00:00,182.55852
2011-11-23 19:00:00,221.49252
2011-11-23 20:00:00,203.5466
2011-11-23 21:00:00,215.15063
2011-11-23 22:00:00,198.38187
2011-11-23 23:00:00,197.752
2011-11-24 00:00:00,129.25146
2011-11-24 01:00:00,137.97127
2011-11-24 02:00:00,110.56677
2011-11-24 03:00:00,82.84817
2011-11-24 04:00:00,107.75168
2011-11-24 05:00:00,107.44377
2011-11-24 06:00:00,107.75168
2011-11-24 07:00:00,56.870544
2011-11-24 08:00:00,95.14614
2011-11-24 09:00:00,129.35333
2011-11-24 10:00:00,160.47289
2011-11-24 11:00:00,284.72925
2011-11-24 12:00:00,339.02774
2011-11-24 13:00:00,368.28928
2011-11-24 14:00:00,387.05624
2011-11-24 15:00:00,390.5673
2011-11-24 16:00:00,376.18793
2011-11-24 17:00:00,376.05057
2011-11-24 18:00:00,243.72362
2011-11-24 19:00:00,208.27115
2011-11-24 20:00:00,85.39949
2011-11-24 21:00:00,101.32989
2011-11-24 22:00:00,101.32989
2011-11-24 23:00:00,78.96405
2011-11-25 00:00:00,134.23616
2011-11-25 01:00:00,121.59286
2011-11-25 02:00:00,101.250984
2011-11-25 03:00:00,111.39603
2011-11-25 04:00:00,116.27516
2011-11-25 05:00:00,106.04979
2011-11-25 06:00:00,97.40344
2011-11-25 07:00:00,93.24772
2011-11-25 08:00:00,98.78231
2011-11-25 09:00:00,114.916214
2011-11-25 10:00:00,158.35497
2011-11-25 11:00:00,198.2611
2011-11-25 12:00:00,290.41812
2011-11-25 13:00:00,314.4547
2011-11-25 14:00:00,335.87485
2011-11-25 15:00:00,347.32004
2011-11-25 16:00:00,336.55273
2011-11-25 17:00:00,354.43344
2011-11-25 18:00:00,314.3394
2011-11-25 19:00:00,193.71996
2011-11-25 20:00:00,233.56212
2011-11-25 21:00:00,149.7801
2011-11-25 22:00:00,139.44461
2011-11-25 23:00:00,126.40689
2011-11-26 00:00:00,93.10358
2011-11-26 01:00:00,85.039505
2011-11-26 02:00:00,64.280106
2011-11-26 03:00:00,70.591995
2011-11-26 04:00:00,70.591995
2011-11-26 05:00:00,79.34268
2011-11-26 06:00:00,136.71631
2011-11-26 07:00:00,41.97352
2011-11-26 08:00:00,85.039505
2011-11-26 09:00:00,93.57587
2011-11-26 10:00:00,91.874146
2011-11-26 11:00:00,201.49207
2011-11-26 12:00:00,296.65524
2011-11-26 13:00:00,363.06958
2011-11-26 14:00:00,337.29483
2011-11-26 15:00:00,380.27792
2011-11-26 16:00:00,328.50336
2011-11-26 17:00:00,328.50336
2011-11-26 18:00:00,241.50548
2011-11-26 19:00:00,212.8489
2011-11-26 20:00:00,278.6578
2011-11-26 21:00:00,148.4434
2011-11-26 22:00:00,180.65959
2011-11-26 23:00:00,91.874146
2011-11-27 00:00:00,91.874146
2011-11-27 01:00:00,91.874146
2011-11-27 02:00:00,85.52137
2011-11-27 03:00:00,69.25385
2011-11-27 04:00:00,64.39596
2011-11-27 05:00:00,65.447815
2011-11-27 06:00:00,95.37161
2011-11-27 07:00:00,74.46393
2011-11-27 08:00:00,99.566635
2011-11-27 09:00:00,179.55043
2011-11-27 10:00:00,179.55043
2011-11-27 11:00:00,249.76692
2011-11-27 12:00:00,318.8132
2011-11-27 13:00:00,293.58292
2011-11-27 14:00:00,405.88516
2011-11-27 15:00:00,427.89047
2011-11-27 16:00:00,355.4073
2011-11-27 17:00:00,324.27875
2011-11-27 18:00:00,257.26022
2011-11-27 19:00:00,221.94258
2011-11-27 20:00:00,257.48984
2011-11-27 21:00:00,219.35107
2011-11-27 22:00:00,191.22122
2011-11-27 23:00:00,191.22122
2011-11-28 00:00:00,183.21342
2011-11-28 01:00:00,183.2438
2011-11-28 03:00:00,133.30284
2011-11-28 04:00:00,131.55843
2011-11-28 05:00:00,94.59483
2011-11-28 06:00:00,129.29623
2011-11-28 07:00:00,89.52925
2011-11-28 08:00:00,90.16731
2011-11-28 09:00:00,158.13795
2011-11-28 10:00:00,195.1815
2011-11-28 11:00:00,240.23836
2011-11-28 12:00:00,278.59213
2011-11-28 13:00:00,291.48126
2011-11-28 14:00:00,273.88538
2011-11-28 15:00:00,291.79535
2011-11-28 16:00:00,294.7901
2011-11-28 17:00:00,317.47736
2011-11-28 18:00:00,278.16953
2011-11-28 19:00:00,224.46571
2011-11-28 20:00:00,226.00926
2011-11-28 21:00:00,207.6191
2011-11-28 22:00:00,168.91618
2011-11-28 23:00:00,171.77386
2011-11-29 00:00:00,114.19219
2011-11-29 01:00:00,133.94496
2011-11-29 02:00:00,117.232086
2011-11-29 03:00:00,117.232086
2011-11-29 04:00:00,186.4073
2011-11-29 05:00:00,154.45833
2011-11-29 06:00:00,179.35146
2011-11-29 07:00:00,199.2777
2011-11-29 08:00:00,211.79924
2011-11-29 09:00:00,212.825
2011-11-29 10:00:00,212.825
2011-11-29 11:00:00,134.1356
2011-11-29 12:00:00,122.17378
2011-11-29 13:00:00,153.38353
2011-11-29 14:00:00,102.52032
2011-11-29 15:00:00,111.667946
2011-11-29 16:00:00,124.15231
2011-11-29 17:00:00,144.05789
2011-11-29 18:00:00,154.4626
2011-11-29 19:00:00,150.55484
2011-11-29 20:00:00,141.3033
2011-11-29 21:00:00,141.3033
2011-11-29 22:00:00,142.11539
2011-11-29 23:00:00,162.79274
2011-11-30 00:00:00,203.92061
2011-11-30 01:00:00,181.87747
2011-11-30 02:00:00,143.2198
2011-11-30 03:00:00,143.2198
2011-11-30 04:00:00,130.7755
2011-11-30 05:00:00,108.54585
2011-11-30 06:00:00,89.22323
2011-11-30 07:00:00,97.40344
2011-11-30 08:00:00,108.54585
2011-11-30 09:00:00,136.75066
2011-11-30 10:00:00,173.52708
2011-11-30 11:00:00,239.02129
2011-11-30 12:00:00,203.32277
2011-11-30 13:00:00,228.04915
2011-11-30 14:00:00,228.04915
2011-11-30 15:00:00,246.04309
2011-11-30 16:00:00,246.60878
2011-11-30 17:00:00,192.32458
2011-11-30 18:00:00,225.63495
2011-11-30 19:00:00,174.96286
2011-11-30 20:00:00,174.96286
2011-11-30 21:00:00,208.54735
2011-11-30 22:00:00,192.18237
2011-11-30 23:00:00,193.24272
2011-12-20 00:00:00,211.83067
2011-12-20 01:00:00,224.66692
2011-12-20 02:00:00,211.02274
2011-12-20 03:00:00,211.02274
2011-12-20 04:00:00,231.92488
2011-12-20 05:00:00,235.05582
2011-12-20 06:00:00,235.05582
2011-12-20 07:00:00,220.98314
2011-12-20 08:00:00,265.2627
2011-12-20 09:00:00,209.31975
2011-12-20 10:00:00,243.06294
2011-12-20 11:00:00,224.8444
2011-12-20 12:00:00,268.91733
2011-12-20 13:00:00,268.91733
2011-12-20 14:00:00,264.11853
2011-12-20 15:00:00,281.76547
2011-12-20 16:00:00,263.9936
2011-12-20 17:00:00,218.2575
2011-12-20 18:00:00,194.72742
2011-12-20 19:00:00,184.20915
2011-12-20 20:00:00,170.77898
2011-12-20 21:00:00,171.73322
2011-12-20 22:00:00,209.31975
2011-12-20 23:00:00,234.05971
2011-12-21 00:00:00,110.28261
2011-12-21 01:00:00,122.72804
2011-12-21 02:00:00,121.46989
2011-12-21 03:00:00,121.46989
2011-12-21 04:00:00,121.46989
2011-12-21 05:00:00,117.32921
2011-12-21 06:00:00,105.366295
2011-12-21 07:00:00,100.882416
2011-12-21 08:00:00,107.5569
2011-12-21 09:00:00,119.44675
2011-12-21 10:00:00,138.87866
2011-12-21 11:00:00,138.87866
2011-12-21 12:00:00,101.64653
2011-12-21 13:00:00,99.16475
2011-12-21 14:00:00,139.51936
2011-12-21 15:00:00,136.12389
2011-12-21 16:00:00,94.58406
2011-12-21 17:00:00,94.58406
2011-12-21 18:00:00,116.9206
2011-12-21 19:00:00,150.00229
2011-12-21 20:00:00,145.75063
2011-12-21 21:00:00,145.94704
2011-12-21 22:00:00,146.48503
2011-12-21 23:00:00,148.81598
2011-12-22 00:00:00,173.95163
2011-12-22 01:00:00,113.7507
2011-12-22 02:00:00,149.56241
2011-12-22 03:00:00,160.1564
2011-12-22 04:00:00,108.90921
2011-12-22 05:00:00,106.38374
2011-12-22 06:00:00,95.20359
2011-12-22 07:00:00,84.72857
2011-12-22 08:00:00,105.366295
2011-12-22 09:00:00,110.713974
2011-12-22 10:00:00,126.279434
2011-12-22 11:00:00,152.3278
2011-12-22 12:00:00,180.7258
2011-12-22 13:00:00,173.67137
2011-12-22 14:00:00,173.67137
2011-12-22 15:00:00,181.50998
2011-12-22 16:00:00,173.67137
2011-12-22 17:00:00,151.76059
2011-12-22 18:00:00,157.68529
2011-12-22 19:00:00,164.36546
2011-12-22 20:00:00,135.06488
2011-12-22 21:00:00,135.06488
2011-12-22 22:00:00,93.73999
2011-12-22 23:00:00,122.81793
2011-12-23 00:00:00,100.333145
2011-12-23 01:00:00,100.333145
2011-12-23 02:00:00,97.9248
2011-12-23 03:00:00,97.9248
2011-12-23 04:00:00,82.20951
2011-12-23 05:00:00,89.442406
2011-12-23 06:00:00,110.817154
2011-12-23 07:00:00,110.85977
2011-12-23 08:00:00,128.89166
2011-12-23 09:00:00,150.5923
2011-12-23 10:00:00,161.07785
2011-12-23 11:00:00,169.28798
2011-12-23 12:00:00,170.33461
2011-12-23 13:00:00,174.82716
2011-12-23 14:00:00,173.18892
2011-12-23 15:00:00,165.77786
2011-12-23 16:00:00,166.39308
2011-12-23 17:00:00,136.37933
2011-12-23 18:00:00,140.5585
2011-12-23 19:00:00,124.976746
2011-12-23 20:00:00,119.53226
2011-12-23 21:00:00,111.27135
2011-12-23 22:00:00,108.122986
2011-12-23 23:00:00,108.81209
2011-12-24 00:00:00,81.65515
2011-12-24 01:00:00,91.17377
2011-12-24 02:00:00,90.970406
2011-12-24 03:00:00,84.097466
2011-12-24 04:00:00,85.90775
2011-12-24 05:00:00,85.90775
2011-12-24 06:00:00,69.49872
2011-12-24 07:00:00,62.3266
2011-12-24 08:00:00,56.595825
2011-12-24 09:00:00,114.3457
2011-12-24 10:00:00,116.90369
2011-12-24 11:00:00,134.88272
2011-12-24 12:00:00,147.54611
2011-12-24 13:00:00,143.72893
2011-12-24 14:00:00,143.72893
2011-12-24 15:00:00,135.82306
2011-12-24 16:00:00,127.21675
2011-12-24 17:00:00,101.195274
2011-12-24 18:00:00,116.92733
2011-12-24 19:00:00,91.69761
2011-12-24 20:00:00,71.21971
2011-12-24 21:00:00,70.17904
2011-12-24 22:00:00,73.41769
2011-12-24 23:00:00,63.191925
2011-12-25 00:00:00,58.615875
2011-12-25 01:00:00,44.14798
2011-12-25 02:00:00,41.305225
2011-12-25 03:00:00,45.599773
2011-12-25 05:00:00,36.623955
2011-12-25 06:00:00,36.623955
2011-12-25 07:00:00,36.00126
2011-12-25 08:00:00,32.598213
2011-12-25 09:00:00,33.213417
2011-12-25 10:00:00,39.881405
2011-12-25 11:00:00,62.912563
2011-12-25 12:00:00,54.636803
2011-12-25 13:00:00,67.814835
2011-12-25 14:00:00,88.44544
2011-12-25 15:00:00,89.688515
2011-12-25 16:00:00,105.89815
2011-12-25 17:00:00,87.70372
2011-12-25 18:00:00,69.00223
2011-12-25 19:00:00,91.36202
2011-12-25 20:00:00,106.3439
2011-12-25 21:00:00,83.073944
2011-12-25 22:00:00,67.25674
2011-12-25 23:00:00,58.49377
2011-12-26 00:00:00,39.011536
2011-12-26 01:00:00,77.061676
2011-12-26 02:00:00,115.84088
2011-12-26 04:00:00,118.67803
2011-12-26 05:00:00,126.70982
2011-12-26 06:00:00,115.81822
2011-12-26 07:00:00,111.49898
2011-12-26 08:00:00,109.24022
2011-12-26 09:00:00,118.67803
2011-12-26 10:00:00,126.96288
2011-12-26 11:00:00,121.4243
2011-12-26 12:00:00,132.36687
2011-12-26 13:00:00,154.4944
2011-12-26 14:00:00,154.78682
2011-12-26 15:00:00,154.81328
2011-12-26 16:00:00,132.72293
2011-12-26 17:00:00,115.84088
2011-12-26 18:00:00,97.804794
2011-12-26 19:00:00,66.96232
2011-12-26 20:00:00,79.975494
2011-12-26 21:00:00,51.410576
2011-12-26 22:00:00,51.410576
2011-12-26 23:00:00,50.594986
2011-12-27 00:00:00,84.70444
2011-12-27 01:00:00,85.576164
2011-12-27 02:00:00,85.576164
2011-12-27 03:00:00,93.60154
2011-12-27 04:00:00,92.821686
2011-12-27 05:00:00,87.7281
2011-12-27 06:00:00,88.478546
2011-12-27 07:00:00,88.40705
2011-12-27 08:00:00,99.02846
2011-12-27 09:00:00,88.017296
2011-12-27 10:00:00,110.25007
2011-12-27 11:00:00,88.017296
2011-12-27 12:00:00,80.98848
2011-12-27 13:00:00,74.60498
2011-12-27 14:00:00,91.15167
2011-12-27 15:00:00,91.15167
2011-12-27 16:00:00,99.08179
2011-12-27 17:00:00,106.10796
2011-12-27 18:00:00,102.20253
2011-12-27 19:00:00,89.3273
2011-12-27 20:00:00,79.617905
2011-12-27 21:00:00,84.431496
2011-12-27 22:00:00,84.431496
2011-12-27 23:00:00,75.30102
2011-12-28 00:00:00,84.58328
2011-12-28 01:00:00,95.15708
2011-12-28 02:00:00,112.85962
2011-12-28 03:00:00,112.85962
2011-12-28 05:00:00,124.41875
2011-12-28 06:00:00,115.78952
2011-12-28 07:00:00,115.78952
2011-12-28 08:00:00,124.41875
2011-12-28 09:00:00,123.03649
2011-12-28 10:00:00,121.200806
2011-12-28 11:00:00,155.0956
2011-12-28 12:00:00,148.82397
2011-12-28 13:00:00,157.06393
2011-12-28 14:00:00,147.86986
2011-12-28 15:00:00,152.74205
2011-12-28 16:00:00,145.26581
2011-12-28 17:00:00,130.08688
2011-12-28 18:00:00,124.31807
2011-12-28 19:00:00,111.98836
2011-12-28 20:00:00,109.49835
2011-12-28 21:00:00,98.98302
2011-12-28 22:00:00,98.850204
2011-12-28 23:00:00,101.94511
2011-12-29 00:00:00,76.11009
2011-12-29 01:00:00,96.97833
2011-12-29 02:00:00,88.53171
2011-12-29 03:00:00,86.47063
2011-12-29 04:00:00,86.51352
2011-12-29 05:00:00,85.68077
2011-12-29 06:00:00,80.981865
2011-12-29 07:00:00,74.43437
2011-12-29 08:00:00,80.928505
2011-12-29 09:00:00,75.67741
2011-12-29 10:00:00,77.86883
2011-12-29 11:00:00,87.58548
2011-12-29 12:00:00,91.42207
2011-12-29 13:00:00,95.89095
2011-12-29 14:00:00,109.43589
2011-12-29 15:00:00,103.157265
2011-12-29 16:00:00,110.44792
2011-12-29 17:00:00,105.91636
2011-12-29 18:00:00,107.5553
2011-12-29 19:00:00,108.26837
2011-12-29 20:00:00,95.935074
2011-12-29 21:00:00,95.50249
2011-12-29 22:00:00,96.4955
2011-12-29 23:00:00,102.795876
2011-12-30 00:00:00,90.55322
2011-12-30 01:00:00,91.475235
2011-12-30 02:00:00,80.73254
2011-12-30 03:00:00,80.73254
2011-12-30 04:00:00,80.60083
2011-12-30 05:00:00,73.24892
2011-12-30 06:00:00,80.60083
2011-12-30 07:00:00,76.40242
2011-12-30 08:00:00,77.16492
2011-12-30 09:00:00,82.115906
2011-12-30 10:00:00,101.66377
2011-12-30 11:00:00,108.122986
2011-12-30 12:00:00,114.80781
2011-12-30 13:00:00,117.467026
2011-12-30 14:00:00,137.50594
2011-12-30 15:00:00,165.97243
2011-12-30 16:00:00,182.73997
2011-12-30 17:00:00,145.83066
2011-12-30 18:00:00,124.547905
2011-12-30 19:00:00,99.6891
2011-12-30 20:00:00,115.68558
2011-12-30 21:00:00,122.72804
2011-12-30 22:00:00,107.81744
2011-12-30 23:00:00,107.79242
2011-12-31 00:00:00,111.487015
2011-12-31 01:00:00,122.43498
2011-12-31 02:00:00,122.43498
2011-12-31 03:00:00,122.43498
2011-12-31 04:00:00,92.928894
2011-12-31 05:00:00,86.37796
2011-12-31 06:00:00,117.59413
2011-12-31 07:00:00,111.08807
2011-12-31 08:00:00,58.064915
2011-12-31 09:00:00,77.042496
2011-12-31 10:00:00,89.739334
2011-12-31 11:00:00,108.35602
2011-12-31 12:00:00,288.22906
2011-12-31 13:00:00,246.52492
2011-12-31 14:00:00,205.12056
2011-12-31 15:00:00,202.13512
2011-12-31 16:00:00,184.2209
2011-12-31 17:00:00,156.95406
2011-12-31 18:00:00,154.24841
2011-12-31 19:00:00,158.33296
2011-12-31 20:00:00,158.33296
2011-12-31 21:00:00,132.39642
2011-12-31 22:00:00,109.00658
2011-12-31 23:00:00,86.51773
2012-01-20 00:00:00,77.801605
2012-01-20 01:00:00,104.08124
2012-01-20 02:00:00,104.08124
2012-01-20 03:00:00,95.302185
2012-01-20 04:00:00,84.78696
2012-01-20 05:00:00,84.78696
2012-01-20 06:00:00,91.19758
2012-01-20 07:00:00,76.036804
2012-01-20 08:00:00,81.50261
2012-01-20 09:00:00,107.255035
2012-01-20 10:00:00,73.07609
2012-01-20 11:00:00,75.53635
2012-01-20 12:00:00,73.834076
2012-01-20 13:00:00,117.600555
2012-01-20 14:00:00,76.91991
2012-01-20 15:00:00,77.99169
2012-01-20 16:00:00,75.45595
2012-01-20 17:00:00,82.96754
2012-01-20 18:00:00,78.814804
2012-01-20 19:00:00,77.97818
2012-01-20 20:00:00,78.814804
2012-01-20 21:00:00,78.383194
2012-01-20 22:00:00,73.467445
2012-01-20 23:00:00,45.134323
2012-01-21 00:00:00,37.944595
2012-01-21 01:00:00,31.270292
2012-01-21 02:00:00,44.746284
2012-01-21 03:00:00,34.73273
2012-01-21 04:00:00,39.87435
2012-01-21 05:00:00,37.80652
2012-01-21 06:00:00,31.600842
2012-01-21 07:00:00,31.600842
2012-01-21 08:00:00,25.094767
2012-01-21 09:00:00,25.094767
2012-01-21 10:00:00,27.671558
2012-01-21 11:00:00,34.36933
2012-01-21 12:00:00,40.45372
2012-01-21 13:00:00,38.185707
2012-01-21 14:00:00,40.5329
2012-01-21 15:00:00,40.5329
2012-01-21 16:00:00,36.45664
2012-01-21 17:00:00,34.185955
2012-01-21 18:00:00,37.166824
2012-01-21 19:00:00,30.886599
2012-01-21 20:00:00,33.59845
2012-01-21 21:00:00,35.929184
2012-01-21 22:00:00,36.67236
2012-01-21 23:00:00,31.20397
2012-01-22 00:00:00,28.738832
2012-01-22 01:00:00,36.67236
2012-01-22 02:00:00,37.053204
2012-01-22 03:00:00,39.949524
2012-01-22 04:00:00,29.118677
2012-01-22 05:00:00,34.31364
2012-01-22 06:00:00,35.92865
2012-01-22 07:00:00,35.92865
2012-01-22 08:00:00,35.92865
2012-01-22 09:00:00,35.92865
2012-01-22 10:00:00,33.249283
2012-01-22 11:00:00,31.092112
2012-01-22 12:00:00,31.416082
2012-01-22 13:00:00,34.30353
2012-01-22 14:00:00,32.806847
2012-01-22 15:00:00,31.58931
2012-01-22 16:00:00,31.58931
2012-01-22 17:00:00,34.601738
2012-01-22 18:00:00,37.80652
2012-01-22 19:00:00,37.80652
2012-01-22 20:00:00,33.65928
2012-01-22 21:00:00,37.80652
2012-01-22 22:00:00,27.853235
2012-01-22 23:00:00,26.914736
2012-01-23 00:00:00,60.264946
2012-01-23 01:00:00,57.242294
2012-01-23 02:00:00,57.242294
2012-01-23 03:00:00,60.264946
2012-01-23 04:00:00,68.32028
2012-01-23 05:00:00,63.972343
2012-01-23 06:00:00,63.972343
2012-01-23 07:00:00,66.71194
2012-01-23 08:00:00,54.16221
2012-01-23 09:00:00,60.69373
2012-01-23 10:00:00,60.18174
2012-01-23 11:00:00,56.798637
2012-01-23 12:00:00,64.01992
2012-01-23 13:00:00,61.923836
2012-01-23 14:00:00,52.983154
2012-01-23 15:00:00,55.109917
2012-01-23 16:00:00,62.850464
2012-01-23 17:00:00,62.426033
2012-01-23 18:00:00,62.910645
2012-01-23 19:00:00,66.91757
2012-01-23 20:00:00,63.212517
2012-01-23 21:00:00,60.670883
2012-01-23 22:00:00,60.670883
2012-01-23 23:00:00,67.33272
2012-01-24 00:00:00,68.995926
2012-01-24 01:00:00,78.98711
2012-01-24 02:00:00,79.8888
2012-01-24 03:00:00,83.49635
2012-01-24 04:00:00,74.27597
2012-01-24 05:00:00,74.27597
2012-01-24 06:00:00,81.57962
2012-01-24 07:00:00,83.49635
2012-01-24 08:00:00,83.49635
2012-01-24 09:00:00,88.27848
2012-01-24 10:00:00,79.617905
2012-01-24 11:00:00,88.88425
2012-01-24 12:00:00,89.3273
2012-01-24 13:00:00,89.3273
2012-01-24 14:00:00,101.679214
2012-01-24 15:00:00,134.04926
2012-01-24 16:00:00,134.09023
2012-01-24 17:00:00,146.90096
2012-01-24 18:00:00,143.5333
2012-01-24 19:00:00,174.68336
2012-01-24 20:00:00,95.77696
2012-01-24 21:00:00,114.43265
2012-01-24 22:00:00,90.7025
2012-01-24 23:00:00,95.77696
2012-01-25 00:00:00,68.61947
2012-01-25 01:00:00,95.32613
2012-01-25 02:00:00,89.74347
2012-01-25 03:00:00,80.31091
2012-01-25 04:00:00,83.26763
2012-01-25 05:00:00,83.26763
2012-01-25 06:00:00,76.8383
2012-01-25 07:00:00,75.529
2012-01-25 08:00:00,78.90337
2012-01-25 09:00:00,78.90337
2012-01-25 10:00:00,71.85419
2012-01-25 11:00:00,88.478546
2012-01-25 12:00:00,117.412994
2012-01-25 13:00:00,127.65907
2012-01-25 14:00:00,127.92031
2012-01-25 15:00:00,136.21571
2012-01-25 16:00:00,123.94115
2012-01-25 17:00:00,132.39687
2012-01-25 18:00:00,108.81209
2012-01-25 19:00:00,122.584755
2012-01-25 20:00:00,112.36987
2012-01-25 21:00:00,101.08887
2012-01-25 22:00:00,102.258484
2012-01-25 23:00:00,100.196686
2012-01-26 00:00:00,87.6541
2012-01-26 01:00:00,91.29692
2012-01-26 02:00:00,86.38973
2012-01-26 03:00:00,88.89903
2012-01-26 04:00:00,86.68697
2012-01-26 05:00:00,94.79765
2012-01-26 06:00:00,85.58027
2012-01-26 07:00:00,82.34355
2012-01-26 08:00:00,82.34355
2012-01-26 09:00:00,91.35939
2012-01-26 10:00:00,86.58247
2012-01-26 11:00:00,82.53822
2012-01-26 12:00:00,98.83086
2012-01-26 13:00:00,130.84901
2012-01-26 14:00:00,139.60324
2012-01-26 15:00:00,148.48265
2012-01-26 16:00:00,140.89003
2012-01-26 17:00:00,149.88148
2012-01-26 18:00:00,149.88148
2012-01-26 19:00:00,134.43056
2012-01-26 20:00:00,126.84715
2012-01-26 21:00:00,134.43056
2012-01-26 22:00:00,107.87726
2012-01-26 23:00:00,126.75293
2012-01-27 00:00:00,119.79567
2012-01-27 01:00:00,119.44675
2012-01-27 02:00:00,107.736984
2012-01-27 03:00:00,116.74852
2012-01-27 04:00:00,99.836334
2012-01-27 05:00:00,115.037926
2012-01-27 06:00:00,107.6176
2012-01-27 07:00:00,108.20798
2012-01-27 08:00:00,129.23877
2012-01-27 09:00:00,129.23877
2012-01-27 10:00:00,121.40721
2012-01-27 11:00:00,144.83633
2012-01-27 12:00:00,168.02602
2012-01-27 13:00:00,219.22359
2012-01-27 14:00:00,219.12701
2012-01-27 15:00:00,222.35878
2012-01-27 16:00:00,190.00336
2012-01-27 17:00:00,180.46725
2012-01-27 18:00:00,173.97005
2012-01-27 19:00:00,152.60756
2012-01-27 20:00:00,137.98361
2012-01-27 21:00:00,140.25131
2012-01-27 22:00:00,144.25325
2012-01-27 23:00:00,138.19954
2012-01-28 00:00:00,95.396065
2012-01-28 01:00:00,92.30807
2012-01-28 02:00:00,66.73865
2012-01-28 03:00:00,65.88964
2012-01-28 04:00:00,63.612907
2012-01-28 05:00:00,43.511814
2012-01-28 06:00:00,50.95434
2012-01-28 07:00:00,43.124954
2012-01-28 08:00:00,33.43328
2012-01-28 09:00:00,39.33213
2012-01-28 10:00:00,52.742035
2012-01-28 11:00:00,83.073944
2012-01-28 12:00:00,76.38992
2012-01-28 13:00:00,96.838684
2012-01-28 14:00:00,149.20546
2012-01-28 15:00:00,173.02237
2012-01-28 16:00:00,191.9818
2012-01-28 17:00:00,189.6483
2012-01-28 18:00:00,206.72699
2012-01-28 19:00:00,155.29417
2012-01-28 20:00:00,200.40257
2012-01-28 21:00:00,176.97804
2012-01-28 22:00:00,161.61287
2012-01-28 23:00:00,158.19447
2012-01-29 00:00:00,141.76466
2012-01-29 01:00:00,146.61913
2012-01-29 02:00:00,141.1599
2012-01-29 03:00:00,133.97244
2012-01-29 04:00:00,114.41095
2012-01-29 05:00:00,64.39461
2012-01-29 06:00:00,86.28836
2012-01-29 07:00:00,92.3347
2012-01-29 08:00:00,79.64962
2012-01-29 09:00:00,73.7143
2012-01-29 10:00:00,108.77553
2012-01-29 11:00:00,142.23659
2012-01-29 12:00:00,163.3203
2012-01-29 13:00:00,163.3203
2012-01-29 14:00:00,162.99397
2012-01-29 15:00:00,184.02408
2012-01-29 16:00:00,192.88786
2012-01-29 17:00:00,192.88786
2012-01-29 18:00:00,174.36203
2012-01-29 19:00:00,158.14694
2012-01-29 20:00:00,126.486435
2012-01-29 21:00:00,141.53136
2012-01-29 22:00:00,159.14403
2012-01-29 23:00:00,139.06322
2012-01-30 00:00:00,107.51781
2012-01-30 01:00:00,101.17244
2012-01-30 02:00:00,110.85567
2012-01-30 03:00:00,99.35861
2012-01-30 04:00:00,88.73492
2012-01-30 05:00:00,88.73492
2012-01-30 06:00:00,101.94511
2012-01-30 07:00:00,104.51631
2012-01-30 08:00:00,92.918686
2012-01-30 09:00:00,92.918686
2012-01-30 10:00:00,109.47406
2012-01-30 11:00:00,109.660355
2012-01-30 12:00:00,129.62875
2012-01-30 13:00:00,142.48657
2012-01-30 14:00:00,160.99654
2012-01-30 15:00:00,160.20982
2012-01-30 16:00:00,167.47273
2012-01-30 17:00:00,180.6821
2012-01-30 18:00:00,169.085
2012-01-30 19:00:00,118.39383
2012-01-30 20:00:00,130.16798
2012-01-30 21:00:00,125.11745
2012-01-30 22:00:00,111.19685
2012-01-30 23:00:00,94.67526
2012-01-31 00:00:00,107.63135
2012-01-31 01:00:00,133.33405
2012-01-31 02:00:00,128.27165
2012-01-31 03:00:00,122.858154
2012-01-31 04:00:00,113.95415
2012-01-31 05:00:00,113.95415
2012-01-31 06:00:00,104.54741
2012-01-31 07:00:00,94.67526
2012-01-31 08:00:00,93.917786
2012-01-31 09:00:00,109.91454
2012-01-31 10:00:00,101.79059
2012-01-31 11:00:00,187.90388
2012-01-31 12:00:00,184.28297
2012-01-31 13:00:00,222.68782
2012-01-31 14:00:00,254.92114
2012-01-31 15:00:00,277.81192
2012-01-31 16:00:00,277.81192
2012-01-31 17:00:00,279.60394
2012-01-31 18:00:00,284.5862
2012-01-31 19:00:00,255.93408
2012-01-31 20:00:00,146.88745
2012-01-31 21:00:00,226.30309
2012-01-31 22:00:00,211.57362
2012-01-31 23:00:00,208.65855
2012-02-20 00:00:00,40.599915
2012-02-20 01:00:00,40.599915
2012-02-20 02:00:00,40.599915
2012-02-20 03:00:00,43.117188
2012-02-20 05:00:00,56.620377
2012-02-20 06:00:00,81.71989
2012-02-20 07:00:00,58.173187
2012-02-20 08:00:00,61.22458
2012-02-20 09:00:00,61.22458
2012-02-20 10:00:00,76.04933
2012-02-20 11:00:00,92.65122
2012-02-20 12:00:00,99.74556
2012-02-20 13:00:00,114.958984
2012-02-20 14:00:00,133.74605
2012-02-20 15:00:00,141.17253
2012-02-20 16:00:00,165.60612
2012-02-20 17:00:00,177.92691
2012-02-20 18:00:00,141.17253
2012-02-20 19:00:00,141.17253
2012-02-20 20:00:00,143.52513
2012-02-20 21:00:00,117.117836
2012-02-20 22:00:00,100.46693
2012-02-20 23:00:00,108.98266
2012-02-21 00:00:00,90.83881
2012-02-21 01:00:00,96.47011
2012-02-21 02:00:00,88.91887
2012-02-21 04:00:00,82.34494
2012-02-21 05:00:00,74.9626
2012-02-21 06:00:00,69.90517
2012-02-21 07:00:00,82.34494
2012-02-21 08:00:00,73.3314
2012-02-21 09:00:00,68.90057
2012-02-21 10:00:00,79.226746
2012-02-21 11:00:00,75.293365
2012-02-21 12:00:00,86.78487
2012-02-21 13:00:00,145.36171
2012-02-21 14:00:00,92.752045
2012-02-21 15:00:00,145.36171
2012-02-21 16:00:00,157.30989
2012-02-21 17:00:00,175.91344
2012-02-21 18:00:00,175.91344
2012-02-21 19:00:00,152.63364
2012-02-21 20:00:00,127.72734
2012-02-21 21:00:00,118.70213
2012-02-21 22:00:00,104.98885
2012-02-21 23:00:00,106.70663
2012-02-22 00:00:00,106.70663
2012-02-22 01:00:00,103.299545
2012-02-22 02:00:00,116.41727
2012-02-22 03:00:00,101.232925
2012-02-22 04:00:00,107.59149
2012-02-22 05:00:00,102.657425
2012-02-22 06:00:00,95.15708
2012-02-22 07:00:00,95.14525
2012-02-22 08:00:00,90.94254
2012-02-22 09:00:00,102.38712
2012-02-22 10:00:00,107.168785
2012-02-22 11:00:00,122.483215
2012-02-22 12:00:00,155.42067
2012-02-22 13:00:00,180.33394
2012-02-22 14:00:00,193.6146
2012-02-22 15:00:00,249.83574
2012-02-22 16:00:00,261.73474
2012-02-22 17:00:00,263.25357
2012-02-22 18:00:00,173.13011
2012-02-22 19:00:00,161.36833
2012-02-22 20:00:00,151.44989
2012-02-22 21:00:00,175.35683
2012-02-22 22:00:00,150.99403
2012-02-22 23:00:00,161.7885
2012-02-23 00:00:00,150.99403
2012-02-23 01:00:00,147.56787
2012-02-23 02:00:00,149.5172
2012-02-23 03:00:00,122.01016
2012-02-23 04:00:00,128.42215
2012-02-23 05:00:00,128.42215
2012-02-23 06:00:00,94.802345
2012-02-23 07:00:00,101.679214
2012-02-23 08:00:00,89.541885
2012-02-23 09:00:00,100.41907
2012-02-23 10:00:00,151.74738
2012-02-23 11:00:00,228.03563
2012-02-23 12:00:00,246.07198
2012-02-23 13:00:00,262.76685
2012-02-23 14:00:00,276.25256
2012-02-23 15:00:00,280.4853
2012-02-23 16:00:00,277.25308
2012-02-23 17:00:00,281.50168
2012-02-23 18:00:00,277.64136
2012-02-23 19:00:00,235.44902
2012-02-23 20:00:00,204.5356
2012-02-23 21:00:00,190.52039
2012-02-23 22:00:00,187.52386
2012-02-23 23:00:00,164.55603
2012-02-24 00:00:00,158.09831
2012-02-24 01:00:00,167.47145
2012-02-24 02:00:00,101.64559
2012-02-24 03:00:00,125.007996
2012-02-24 04:00:00,109.523254
2012-02-24 05:00:00,120.58247
2012-02-24 06:00:00,120.51189
2012-02-24 07:00:00,125.48936
2012-02-24 08:00:00,108.70061
2012-02-24 09:00:00,81.01671
2012-02-24 10:00:00,89.30687
2012-02-24 11:00:00,107.536736
2012-02-24 12:00:00,134.99208
2012-02-24 13:00:00,148.48265
2012-02-24 14:00:00,166.10681
2012-02-24 15:00:00,100.333145
2012-02-24 16:00:00,100.333145
2012-02-24 17:00:00,116.74817
2012-02-24 18:00:00,115.405136
2012-02-24 19:00:00,137.66267
2012-02-24 20:00:00,185.42989
2012-02-24 21:00:00,195.2011
2012-02-24 22:00:00,184.17165
2012-02-24 23:00:00,176.53654
2012-02-25 00:00:00,146.24208
2012-02-25 01:00:00,136.06096
2012-02-25 02:00:00,118.90515
2012-02-25 03:00:00,111.65695
2012-02-25 04:00:00,120.37509
2012-02-25 05:00:00,97.464096
2012-02-25 06:00:00,97.464096
2012-02-25 07:00:00,105.34221
2012-02-25 08:00:00,88.59042
2012-02-25 09:00:00,38.380356
2012-02-25 10:00:00,67.63951
2012-02-25 11:00:00,119.86676
2012-02-25 12:00:00,149.24983
2012-02-25 13:00:00,151.65602
2012-02-25 14:00:00,151.1597
2012-02-25 15:00:00,154.83325
2012-02-25 16:00:00,156.21548
2012-02-25 17:00:00,139.61551
2012-02-25 18:00:00,144.5914
2012-02-25 19:00:00,120.78822
2012-02-25 20:00:00,124.51801
2012-02-25 21:00:00,112.21692
2012-02-25 22:00:00,104.85104
2012-02-25 23:00:00,98.99047
2012-02-26 00:00:00,100.79844
2012-02-26 01:00:00,94.46203
2012-02-26 02:00:00,94.46203
2012-02-26 03:00:00,95.58299
2012-02-26 04:00:00,95.58299
2012-02-26 05:00:00,83.90519
2012-02-26 06:00:00,88.536285
2012-02-26 07:00:00,67.1834
2012-02-26 08:00:00,66.66356
2012-02-26 09:00:00,77.454956
2012-02-26 10:00:00,103.15766
2012-02-26 11:00:00,114.509705
2012-02-26 12:00:00,124.852554
2012-02-26 13:00:00,134.45319
2012-02-26 14:00:00,156.40349
2012-02-26 15:00:00,168.17793
2012-02-26 16:00:00,172.00797
2012-02-26 17:00:00,175.91258
2012-02-26 18:00:00,154.1048
2012-02-26 19:00:00,158.83911
2012-02-26 20:00:00,126.197525
2012-02-26 21:00:00,108.17082
2012-02-26 22:00:00,117.56699
2012-02-26 23:00:00,70.17904
2012-02-27 00:00:00,94.70917
2012-02-27 01:00:00,90.15451
2012-02-27 02:00:00,82.368744
2012-02-27 03:00:00,76.27043
2012-02-27 04:00:00,68.934
2012-02-27 05:00:00,68.934
2012-02-27 06:00:00,78.90337
2012-02-27 07:00:00,90.71836
2012-02-27 08:00:00,85.714096
2012-02-27 09:00:00,94.67526
2012-02-27 10:00:00,132.99112
2012-02-27 11:00:00,154.54381
2012-02-27 12:00:00,188.48235
2012-02-27 13:00:00,184.00539
2012-02-27 14:00:00,223.64871
2012-02-27 15:00:00,268.14847
2012-02-27 16:00:00,277.81192
2012-02-27 17:00:00,279.80545
2012-02-27 18:00:00,266.48648
2012-02-27 19:00:00,253.4055
2012-02-27 20:00:00,238.16965
2012-02-27 21:00:00,223.64871
2012-02-27 22:00:00,205.36108
2012-02-27 23:00:00,174.07991
2012-02-28 00:00:00,164.12717
2012-02-28 01:00:00,136.8854
2012-02-28 02:00:00,151.79343
2012-02-28 03:00:00,194.69873
2012-02-28 04:00:00,143.02263
2012-02-28 05:00:00,143.02263
2012-02-28 06:00:00,131.56529
2012-02-28 07:00:00,123.16954
2012-02-28 08:00:00,109.48247
2012-02-28 09:00:00,126.16529
2012-02-28 10:00:00,133.33405
2012-02-28 11:00:00,154.74666
2012-02-28 12:00:00,160.89543
2012-02-28 13:00:00,163.32353
2012-02-28 14:00:00,191.99318
2012-02-28 15:00:00,203.29683
2012-02-28 16:00:00,201.25897
2012-02-28 17:00:00,203.29683
2012-02-28 18:00:00,203.47871
2012-02-28 19:00:00,193.65088
2012-02-28 20:00:00,191.13345
2012-02-28 21:00:00,131.83167
2012-02-28 22:00:00,131.83167
2012-02-28 23:00:00,116.98799
2012-02-29 00:00:00,116.892975
2012-02-29 01:00:00,120.822
2012-02-29 02:00:00,107.468
2012-02-29 03:00:00,91.162476
2012-02-29 05:00:00,81.48006
2012-02-29 06:00:00,88.89903
2012-02-29 07:00:00,76.52117
2012-02-29 08:00:00,87.6541
2012-02-29 09:00:00,73.19472
2012-02-29 10:00:00,73.19472
2012-02-29 11:00:00,68.80019
2012-02-29 12:00:00,61.86795
2012-02-29 13:00:00,85.89558
2012-02-29 14:00:00,85.89558
2012-02-29 15:00:00,116.595474
2012-02-29 16:00:00,98.985596
2012-02-29 17:00:00,120.51189
2012-02-29 18:00:00,122.81793
2012-02-29 19:00:00,119.855606
2012-02-29 20:00:00,109.90632
2012-02-29 21:00:00,109.90632
2012-02-29 22:00:00,97.415985
2012-02-29 23:00:00,97.415985
2012-03-20 00:00:00,198.12135
2012-03-20 01:00:00,132.61395
2012-03-20 02:00:00,147.3137
2012-03-20 03:00:00,146.46613
2012-03-20 04:00:00,167.06427
2012-03-20 05:00:00,128.18578
2012-03-20 06:00:00,154.35242
2012-03-20 07:00:00,135.39235
2012-03-20 08:00:00,160.26427
2012-03-20 09:00:00,176.58112
2012-03-20 10:00:00,163.13858
2012-03-20 11:00:00,177.67325
2012-03-20 12:00:00,232.0543
2012-03-20 13:00:00,219.4787
2012-03-20 14:00:00,236.96902
2012-03-20 15:00:00,238.22261
2012-03-20 16:00:00,281.49902
2012-03-20 17:00:00,245.66243
2012-03-20 18:00:00,267.89627
2012-03-20 19:00:00,220.39478
2012-03-20 20:00:00,224.2929
2012-03-20 21:00:00,178.78055
2012-03-20 22:00:00,165.21408
2012-03-20 23:00:00,144.37773
2012-03-21 00:00:00,82.36496
2012-03-21 01:00:00,103.66571
2012-03-21 02:00:00,93.72366
2012-03-21 03:00:00,124.91554
2012-03-21 04:00:00,115.24605
2012-03-21 05:00:00,115.24605
2012-03-21 06:00:00,109.86437
2012-03-21 07:00:00,87.79534
2012-03-21 08:00:00,91.75502
2012-03-21 09:00:00,119.5296
2012-03-21 10:00:00,136.1013
2012-03-21 11:00:00,136.1013
2012-03-21 12:00:00,133.74792
2012-03-21 13:00:00,118.41345
2012-03-21 14:00:00,135.33372
2012-03-21 15:00:00,135.33372
2012-03-21 16:00:00,133.45169
2012-03-21 17:00:00,179.89523
2012-03-21 18:00:00,150.67339
2012-03-21 19:00:00,170.14977
2012-03-21 20:00:00,127.85408
2012-03-21 21:00:00,108.8832
2012-03-21 22:00:00,115.70708
2012-03-21 23:00:00,111.98711
2012-03-22 00:00:00,103.66571
2012-03-22 01:00:00,103.66571
2012-03-22 02:00:00,103.66571
2012-03-22 03:00:00,103.66571
2012-03-22 04:00:00,79.857285
2012-03-22 05:00:00,79.857285
2012-03-22 06:00:00,79.857285
2012-03-22 07:00:00,79.857285
2012-03-22 08:00:00,94.50032
2012-03-22 09:00:00,94.50032
2012-03-22 10:00:00,81.97
2012-03-22 11:00:00,88.745224
2012-03-22 12:00:00,132.1808
2012-03-22 13:00:00,132.27798
2012-03-22 14:00:00,164.65065
2012-03-22 15:00:00,216.54002
2012-03-22 16:00:00,236.44893
2012-03-22 17:00:00,229.57979
2012-03-22 18:00:00,229.57979
2012-03-22 19:00:00,186.51434
2012-03-22 20:00:00,217.64156
2012-03-22 21:00:00,152.4217
2012-03-22 22:00:00,132.41476
2012-03-22 23:00:00,109.75194
2012-03-23 00:00:00,98.00334
2012-03-23 01:00:00,84.63556
2012-03-23 02:00:00,91.973434
2012-03-23 03:00:00,91.31302
2012-03-23 04:00:00,96.67412
2012-03-23 05:00:00,85.97919
2012-03-23 06:00:00,98.849915
2012-03-23 07:00:00,102.89902
2012-03-23 08:00:00,100.49707
2012-03-23 09:00:00,106.5022
2012-03-23 10:00:00,120.15024
2012-03-23 11:00:00,180.64789
2012-03-23 12:00:00,233.4337
2012-03-23 13:00:00,232.64737
2012-03-23 14:00:00,266.93506
2012-03-23 15:00:00,270.37827
2012-03-23 16:00:00,273.58282
2012-03-23 17:00:00,273.58282
2012-03-23 18:00:00,312.05685
2012-03-23 19:00:00,301.61276
2012-03-23 20:00:00,293.41885
2012-03-23 21:00:00,251.74837
2012-03-23 22:00:00,253.69283
2012-03-23 23:00:00,226.52376
2012-03-24 00:00:00,129.80965
2012-03-24 01:00:00,121.138885
2012-03-24 02:00:00,101.54982
2012-03-24 03:00:00,101.54982
2012-03-24 04:00:00,78.08237
2012-03-24 05:00:00,119.95688
2012-03-24 06:00:00,119.95688
2012-03-24 07:00:00,94.299805
2012-03-24 08:00:00,85.81654
2012-03-24 09:00:00,114.72746
2012-03-24 10:00:00,108.436386
2012-03-24 11:00:00,85.81654
2012-03-24 12:00:00,95.36471
2012-03-24 13:00:00,96.042946
2012-03-24 14:00:00,105.07301
2012-03-24 15:00:00,84.15937
2012-03-24 16:00:00,91.37425
2012-03-24 17:00:00,102.28968
2012-03-24 18:00:00,81.08382
2012-03-24 19:00:00,86.0707
2012-03-24 20:00:00,70.63027
2012-03-24 21:00:00,70.63027
2012-03-24 22:00:00,66.509514
2012-03-24 23:00:00,70.19782
2012-03-25 00:00:00,70.19782
2012-03-25 01:00:00,54.562496
2012-03-25 02:00:00,59.357803
2012-03-25 03:00:00,63.959877
2012-03-25 04:00:00,61.259026
2012-03-25 05:00:00,49.22358
2012-03-25 06:00:00,49.22358
2012-03-25 07:00:00,55.793434
2012-03-25 08:00:00,55.793434
2012-03-25 09:00:00,56.74082
2012-03-25 10:00:00,61.59728
2012-03-25 11:00:00,56.74082
2012-03-25 12:00:00,56.661407
2012-03-25 13:00:00,73.23438
2012-03-25 14:00:00,81.40556
2012-03-25 15:00:00,80.93005
2012-03-25 16:00:00,75.34902
2012-03-25 17:00:00,107.894264
2012-03-25 18:00:00,107.894264
2012-03-25 19:00:00,117.454865
2012-03-25 20:00:00,91.30437
2012-03-25 21:00:00,89.081406
2012-03-25 22:00:00,71.52967
2012-03-25 23:00:00,78.555466
2012-03-26 00:00:00,126.51169
2012-03-26 01:00:00,110.34279
2012-03-26 02:00:00,87.05558
2012-03-26 03:00:00,98.306656
2012-03-26 04:00:00,89.84327
2012-03-26 05:00:00,98.4755
2012-03-26 06:00:00,83.10276
2012-03-26 07:00:00,112.4075
2012-03-26 08:00:00,142.82549
2012-03-26 09:00:00,201.58371
2012-03-26 10:00:00,243.17007
2012-03-26 11:00:00,244.31813
2012-03-26 12:00:00,240.98079
2012-03-26 13:00:00,246.0317
2012-03-26 14:00:00,242.38423
2012-03-26 15:00:00,248.09227
2012-03-26 16:00:00,255.99985
2012-03-26 17:00:00,251.09673
2012-03-26 18:00:00,236.07225
2012-03-26 19:00:00,229.3339
2012-03-26 20:00:00,213.87866
2012-03-26 21:00:00,206.76509
2012-03-26 22:00:00,186.04257
2012-03-26 23:00:00,180.16927
2012-03-27 00:00:00,172.97905
2012-03-27 01:00:00,161.43355
2012-03-27 02:00:00,126.03842
2012-03-27 03:00:00,127.71727
2012-03-27 04:00:00,120.311424
2012-03-27 05:00:00,105.41528
2012-03-27 06:00:00,102.82114
2012-03-27 07:00:00,102.82114
2012-03-27 08:00:00,105.896935
2012-03-27 09:00:00,105.95278
2012-03-27 10:00:00,120.60235
2012-03-27 11:00:00,141.71959
2012-03-27 12:00:00,149.86278
2012-03-27 13:00:00,155.63159
2012-03-27 14:00:00,201.86076
2012-03-27 15:00:00,208.3231
2012-03-27 16:00:00,208.3231
2012-03-27 17:00:00,228.20842
2012-03-27 18:00:00,223.12117
2012-03-27 19:00:00,214.5333
2012-03-27 20:00:00,223.12117
2012-03-27 21:00:00,156.93666
2012-03-27 22:00:00,152.05261
2012-03-27 23:00:00,158.487
2012-03-28 00:00:00,155.93327
2012-03-28 01:00:00,147.89937
2012-03-28 02:00:00,134.51213
2012-03-28 03:00:00,144.50221
2012-03-28 04:00:00,152.32663
2012-03-28 05:00:00,152.32663
2012-03-28 06:00:00,150.44992
2012-03-28 07:00:00,149.02931
2012-03-28 08:00:00,163.99034
2012-03-28 09:00:00,177.52571
2012-03-28 10:00:00,214.62788
2012-03-28 11:00:00,233.96776
2012-03-28 12:00:00,198.70903
2012-03-28 13:00:00,265.46442
2012-03-28 14:00:00,311.85013
2012-03-28 15:00:00,259.83896
2012-03-28 16:00:00,248.4169
2012-03-28 17:00:00,257.36807
2012-03-28 18:00:00,257.36807
2012-03-28 19:00:00,266.81143
2012-03-28 20:00:00,281.3195
2012-03-28 21:00:00,245.18013
2012-03-28 22:00:00,200.2829
2012-03-28 23:00:00,177.95903
2012-03-29 00:00:00,189.69539
2012-03-29 01:00:00,212.20226
2012-03-29 02:00:00,326.43677
2012-03-29 03:00:00,307.86252
2012-03-29 04:00:00,258.13834
2012-03-29 05:00:00,226.10114
2012-03-29 06:00:00,165.6227
2012-03-29 07:00:00,191.91411
2012-03-29 08:00:00,200.33302
2012-03-29 09:00:00,208.68456
2012-03-29 10:00:00,199.5879
2012-03-29 11:00:00,226.48482
2012-03-29 12:00:00,231.47636
2012-03-29 13:00:00,208.54128
2012-03-29 14:00:00,234.5383
2012-03-29 15:00:00,252.15356
2012-03-29 16:00:00,259.4089
2012-03-29 17:00:00,253.78685
2012-03-29 18:00:00,241.57422
2012-03-29 19:00:00,229.68132
2012-03-29 20:00:00,220.99986
2012-03-29 21:00:00,196.27927
2012-03-29 22:00:00,185.43013
2012-03-29 23:00:00,179.86517
2012-03-30 00:00:00,169.9546
2012-03-30 01:00:00,155.36848
2012-03-30 02:00:00,135.96255
2012-03-30 03:00:00,91.29149
2012-03-30 04:00:00,101.33392
2012-03-30 05:00:00,83.709305
2012-03-30 06:00:00,91.86281
2012-03-30 07:00:00,94.162796
2012-03-30 08:00:00,77.86388
2012-03-30 09:00:00,100.41722
2012-03-30 10:00:00,86.95025
2012-03-30 11:00:00,97.06256
2012-03-30 12:00:00,103.272194
2012-03-30 13:00:00,110.041374
2012-03-30 14:00:00,108.14836
2012-03-30 15:00:00,118.33791
2012-03-30 16:00:00,75.98453
2012-03-30 17:00:00,98.53084
2012-03-30 18:00:00,149.71594
2012-03-30 19:00:00,124.87865
2012-03-30 20:00:00,116.64415
2012-03-30 21:00:00,94.736984
2012-03-30 22:00:00,77.813
2012-03-30 23:00:00,77.65022
2012-03-31 00:00:00,50.169838
2012-03-31 01:00:00,79.64168
2012-03-31 02:00:00,83.187294
2012-03-31 03:00:00,55.574722
2012-03-31 04:00:00,71.31994
2012-03-31 05:00:00,55.4746
2012-03-31 06:00:00,50.831024
2012-03-31 07:00:00,50.831024
2012-03-31 08:00:00,50.78237
2012-03-31 09:00:00,79.64168
2012-03-31 10:00:00,82.3175
2012-03-31 11:00:00,90.273926
2012-03-31 12:00:00,103.8161
2012-03-31 13:00:00,191.83743
2012-03-31 14:00:00,148.59492
2012-03-31 15:00:00,174.59644
2012-03-31 16:00:00,144.2864
2012-03-31 17:00:00,135.45839
2012-03-31 18:00:00,84.124664
2012-03-31 19:00:00,89.4951
2012-03-31 20:00:00,77.454796
2012-03-31 21:00:00,77.454796
2012-03-31 22:00:00,74.31076
2012-03-31 23:00:00,56.565475
2012-04-20 00:00:00,139.48409
2012-04-20 01:00:00,98.306656
2012-04-20 02:00:00,79.850334
2012-04-20 03:00:00,80.08809
2012-04-20 04:00:00,68.41598
2012-04-20 05:00:00,63.325653
2012-04-20 06:00:00,73.01556
2012-04-20 07:00:00,63.325653
2012-04-20 08:00:00,64.67848
2012-04-20 09:00:00,83.48531
2012-04-20 10:00:00,130.34877
2012-04-20 11:00:00,185.10518
2012-04-20 12:00:00,256.99283
2012-04-20 13:00:00,308.46472
2012-04-20 14:00:00,312.9607
2012-04-20 15:00:00,303.83762
2012-04-20 16:00:00,314.10608
2012-04-20 17:00:00,310.0306
2012-04-20 18:00:00,298.8778
2012-04-20 19:00:00,277.6534
2012-04-20 20:00:00,242.1673
2012-04-20 21:00:00,187.61101
2012-04-20 22:00:00,192.37285
2012-04-20 23:00:00,150.46922
2012-04-21 00:00:00,111.62663
2012-04-21 01:00:00,111.62663
2012-04-21 02:00:00,101.937645
2012-04-21 03:00:00,88.08109
2012-04-21 04:00:00,88.83338
2012-04-21 05:00:00,88.83338
2012-04-21 06:00:00,88.08109
2012-04-21 07:00:00,89.28535
2012-04-21 08:00:00,100.6317
2012-04-21 09:00:00,112.73473
2012-04-21 10:00:00,257.367
2012-04-21 11:00:00,288.3301
2012-04-21 12:00:00,299.78198
2012-04-21 13:00:00,324.12677
2012-04-21 14:00:00,394.61362
2012-04-21 15:00:00,421.7322
2012-04-21 16:00:00,408.49988
2012-04-21 17:00:00,423.56662
2012-04-21 18:00:00,332.75665
2012-04-21 19:00:00,149.02344
2012-04-21 20:00:00,109.897446
2012-04-21 21:00:00,100.75716
2012-04-21 22:00:00,80.97304
2012-04-21 23:00:00,92.14578
2012-04-22 00:00:00,99.47153
2012-04-22 01:00:00,87.5861
2012-04-22 02:00:00,96.874504
2012-04-22 03:00:00,91.132065
2012-04-22 04:00:00,96.780045
2012-04-22 05:00:00,93.49262
2012-04-22 06:00:00,92.01395
2012-04-22 07:00:00,73.29874
2012-04-22 08:00:00,71.232506
2012-04-22 09:00:00,71.232506
2012-04-22 10:00:00,60.74574
2012-04-22 11:00:00,58.51267
2012-04-22 12:00:00,57.0549
2012-04-22 13:00:00,59.276115
2012-04-22 14:00:00,57.0549
2012-04-22 15:00:00,54.139145
2012-04-22 16:00:00,51.335495
2012-04-22 17:00:00,36.497528
2012-04-22 18:00:00,36.497528
2012-04-22 19:00:00,38.35704
2012-04-22 20:00:00,38.85834
2012-04-22 21:00:00,44.060143
2012-04-22 22:00:00,33.115677
2012-04-22 23:00:00,44.203136
2012-04-23 00:00:00,46.96304
2012-04-23 01:00:00,42.596756
2012-04-23 02:00:00,52.363045
2012-04-23 03:00:00,55.337036
2012-04-23 04:00:00,40.757626
2012-04-23 05:00:00,40.757626
2012-04-23 06:00:00,51.412315
2012-04-23 07:00:00,41.816273
2012-04-23 08:00:00,54.11149
2012-04-23 09:00:00,53.594986
2012-04-23 10:00:00,60.51425
2012-04-23 11:00:00,60.112343
2012-04-23 12:00:00,47.650036
2012-04-23 13:00:00,50.246864
2012-04-23 14:00:00,57.752922
2012-04-23 15:00:00,79.100174
2012-04-23 16:00:00,38.350037
2012-04-23 17:00:00,38.743603
2012-04-23 18:00:00,57.253204
2012-04-23 19:00:00,63.836308
2012-04-23 20:00:00,63.43797
2012-04-23 21:00:00,57.44406
2012-04-23 22:00:00,63.610634
2012-04-23 23:00:00,62.675446
2012-04-24 00:00:00,67.046906
2012-04-24 01:00:00,62.611
2012-04-24 02:00:00,58.301716
2012-04-24 03:00:00,59.48061
2012-04-24 04:00:00,68.051834
2012-04-24 05:00:00,68.051834
2012-04-24 06:00:00,69.7889
2012-04-24 07:00:00,87.58601
2012-04-24 08:00:00,102.36391
2012-04-24 09:00:00,170.65039
2012-04-24 10:00:00,179.86517
2012-04-24 11:00:00,237.09929
2012-04-24 12:00:00,252.1153
2012-04-24 13:00:00,263.07663
2012-04-24 14:00:00,271.7852
2012-04-24 15:00:00,275.1734
2012-04-24 16:00:00,270.65048
2012-04-24 17:00:00,288.68442
2012-04-24 18:00:00,260.5603
2012-04-24 19:00:00,284.60583
2012-04-24 20:00:00,268.4942
2012-04-24 21:00:00,160.16478
2012-04-24 22:00:00,198.65211
2012-04-24 23:00:00,173.98936
2012-04-25 00:00:00,167.81644
2012-04-25 01:00:00,150.50192
2012-04-25 02:00:00,91.71867
2012-04-25 03:00:00,68.94679
2012-04-25 04:00:00,79.19328
2012-04-25 05:00:00,80.87239
2012-04-25 06:00:00,80.87239
2012-04-25 07:00:00,72.683556
2012-04-25 08:00:00,68.29094
2012-04-25 09:00:00,122.78485
2012-04-25 10:00:00,229.61095
2012-04-25 11:00:00,258.6461
2012-04-25 12:00:00,287.1418
2012-04-25 13:00:00,301.04318
2012-04-25 14:00:00,309.66144
2012-04-25 15:00:00,324.20444
2012-04-25 16:00:00,339.5661
2012-04-25 17:00:00,339.3248
2012-04-25 18:00:00,339.27182
2012-04-25 19:00:00,338.8268
2012-04-25 20:00:00,299.13278
2012-04-25 21:00:00,204.71935
2012-04-25 22:00:00,167.36662
2012-04-25 23:00:00,158.81938
2012-04-26 00:00:00,149.19952
2012-04-26 01:00:00,144.56
2012-04-26 02:00:00,144.92296
2012-04-26 03:00:00,144.98892
2012-04-26 04:00:00,145.99854
2012-04-26 05:00:00,144.87495
2012-04-26 06:00:00,142.05312
2012-04-26 07:00:00,77.33773
2012-04-26 08:00:00,94.211815
2012-04-26 09:00:00,94.41113
2012-04-26 10:00:00,99.19513
2012-04-26 11:00:00,101.04918
2012-04-26 12:00:00,132.7043
2012-04-26 13:00:00,133.9623
2012-04-26 14:00:00,161.93901
2012-04-26 15:00:00,136.7614
2012-04-26 16:00:00,142.40823
2012-04-26 17:00:00,145.5634
2012-04-26 18:00:00,161.93901
2012-04-26 19:00:00,164.91052
2012-04-26 20:00:00,151.98863
2012-04-26 21:00:00,125.298805
2012-04-26 22:00:00,115.70708
2012-04-26 23:00:00,97.22827
2012-04-27 00:00:00,196.05635
2012-04-27 01:00:00,194.45987
2012-04-27 02:00:00,184.38042
2012-04-27 03:00:00,188.5536
2012-04-27 04:00:00,183.04237
2012-04-27 05:00:00,186.93759
2012-04-27 06:00:00,174.56583
2012-04-27 07:00:00,155.36848
2012-04-27 08:00:00,121.86232
2012-04-27 09:00:00,184.58797
2012-04-27 10:00:00,210.80232
2012-04-27 11:00:00,211.05067
2012-04-27 12:00:00,226.55467
2012-04-27 13:00:00,232.8448
2012-04-27 14:00:00,232.39345
2012-04-27 15:00:00,271.45212
2012-04-27 16:00:00,273.30606
2012-04-27 17:00:00,294.8253
2012-04-27 18:00:00,283.29794
2012-04-27 19:00:00,267.54257
2012-04-27 20:00:00,235.81871
2012-04-27 21:00:00,220.81032
2012-04-27 22:00:00,194.97195
2012-04-27 23:00:00,180.18814
2012-04-28 00:00:00,161.2344
2012-04-28 01:00:00,119.69798
2012-04-28 02:00:00,139.51576
2012-04-28 03:00:00,106.83087
2012-04-28 04:00:00,105.41585
2012-04-28 05:00:00,113.21404
2012-04-28 06:00:00,107.70749
2012-04-28 07:00:00,105.41585
2012-04-28 08:00:00,172.21577
2012-04-28 09:00:00,152.47597
2012-04-28 10:00:00,143.31111
2012-04-28 11:00:00,143.55281
2012-04-28 12:00:00,139.23347
2012-04-28 13:00:00,162.35223
2012-04-28 14:00:00,208.56496
2012-04-28 15:00:00,211.67769
2012-04-28 16:00:00,191.87611
2012-04-28 17:00:00,162.81828
2012-04-28 18:00:00,148.2836
2012-04-28 19:00:00,72.49365
2012-04-28 20:00:00,91.01593
2012-04-28 21:00:00,67.41847
2012-04-28 22:00:00,66.29971
2012-04-28 23:00:00,73.92823
2012-04-29 00:00:00,65.87608
2012-04-29 01:00:00,57.234077
2012-04-29 02:00:00,53.183846
2012-04-29 03:00:00,50.78237
2012-04-29 04:00:00,51.077595
2012-04-29 05:00:00,33.848255
2012-04-29 06:00:00,31.666147
2012-04-29 07:00:00,45.947407
2012-04-29 08:00:00,55.301212
2012-04-29 09:00:00,69.52153
2012-04-29 10:00:00,82.46746
2012-04-29 11:00:00,151.9269
2012-04-29 12:00:00,224.91914
2012-04-29 13:00:00,235.72264
2012-04-29 14:00:00,303.37363
2012-04-29 15:00:00,332.68802
2012-04-29 16:00:00,406.9988
2012-04-29 17:00:00,413.2762
2012-04-29 18:00:00,409.04074
2012-04-29 19:00:00,340.27505
2012-04-29 20:00:00,347.45572
2012-04-29 21:00:00,240.55124
2012-04-29 22:00:00,215.27185
2012-04-29 23:00:00,132.30771
2012-04-30 00:00:00,105.26588
2012-04-30 01:00:00,86.75853
2012-04-30 02:00:00,99.541245
2012-04-30 03:00:00,83.30237
2012-04-30 04:00:00,120.27361
2012-04-30 05:00:00,120.27361
2012-04-30 06:00:00,158.40964
2012-04-30 07:00:00,151.09297
2012-04-30 08:00:00,169.61647
2012-04-30 09:00:00,111.11451
2012-04-30 10:00:00,120.50193
2012-04-30 11:00:00,123.97348
2012-04-30 12:00:00,122.30114
2012-04-30 13:00:00,144.63783
2012-04-30 14:00:00,159.48097
2012-04-30 15:00:00,174.03156
2012-04-30 16:00:00,225.61656
2012-04-30 17:00:00,220.56058
2012-04-30 18:00:00,204.015
2012-04-30 19:00:00,185.81792
2012-04-30 20:00:00,173.97389
2012-04-30 21:00:00,173.97389
2012-04-30 22:00:00,173.87222
2012-04-30 23:00:00,173.78558
2012-05-20 00:00:00,252.53142
2012-05-20 01:00:00,210.64809
2012-05-20 02:00:00,210.64809
2012-05-20 03:00:00,205.19182
2012-05-20 04:00:00,131.32109
2012-05-20 05:00:00,110.75596
2012-05-20 06:00:00,145.40875
2012-05-20 07:00:00,145.49457
2012-05-20 08:00:00,235.44258
2012-05-20 09:00:00,406.33896
2012-05-20 10:00:00,413.83945
2012-05-20 11:00:00,405.18417
2012-05-20 12:00:00,417.0485
2012-05-20 13:00:00,424.60135
2012-05-20 14:00:00,420.995
2012-05-20 15:00:00,379.22562
2012-05-20 16:00:00,415.7333
2012-05-20 17:00:00,404.76865
2012-05-20 18:00:00,368.70767
2012-05-20 19:00:00,303.29782
2012-05-20 20:00:00,303.29782
2012-05-20 21:00:00,257.3198
2012-05-20 22:00:00,210.39601
2012-05-20 23:00:00,168.32536
2012-05-21 00:00:00,112.8152
2012-05-21 01:00:00,117.932846
2012-05-21 02:00:00,94.2966
2012-05-21 03:00:00,147.25467
2012-05-21 04:00:00,110.173676
2012-05-21 05:00:00,110.173676
2012-05-21 06:00:00,110.173676
2012-05-21 07:00:00,110.173676
2012-05-21 08:00:00,107.27803
2012-05-21 09:00:00,105.89416
2012-05-21 10:00:00,111.737915
2012-05-21 11:00:00,151.94316
2012-05-21 12:00:00,161.57484
2012-05-21 13:00:00,126.95792
2012-05-21 14:00:00,123.48389
2012-05-21 15:00:00,196.47438
2012-05-21 16:00:00,202.82588
2012-05-21 17:00:00,221.08537
2012-05-21 18:00:00,170.99585
2012-05-21 19:00:00,187.52698
2012-05-21 20:00:00,200.2433
2012-05-21 21:00:00,182.95576
2012-05-21 22:00:00,190.19733
2012-05-21 23:00:00,217.64156
2012-05-22 00:00:00,152.69402
2012-05-22 01:00:00,145.43915
2012-05-22 02:00:00,140.88005
2012-05-22 03:00:00,140.88005
2012-05-22 04:00:00,131.28278
2012-05-22 05:00:00,105.92958
2012-05-22 06:00:00,109.46706
2012-05-22 07:00:00,109.46706
2012-05-22 08:00:00,124.76695
2012-05-22 09:00:00,144.14062
2012-05-22 10:00:00,158.185
2012-05-22 11:00:00,144.24214
2012-05-22 12:00:00,164.369
2012-05-22 13:00:00,170.82089
2012-05-22 14:00:00,184.81721
2012-05-22 15:00:00,225.03468
2012-05-22 16:00:00,227.56339
2012-05-22 17:00:00,222.68639
2012-05-22 18:00:00,238.6566
2012-05-22 19:00:00,230.39464
2012-05-22 20:00:00,213.23895
2012-05-22 21:00:00,149.2584
2012-05-22 22:00:00,162.58061
2012-05-22 23:00:00,167.55562
2012-05-23 00:00:00,149.2584
2012-05-23 01:00:00,130.4224
2012-05-23 02:00:00,151.94316
2012-05-23 03:00:00,138.7351
2012-05-23 04:00:00,119.608284
2012-05-23 05:00:00,107.27803
2012-05-23 06:00:00,96.71114
2012-05-23 07:00:00,101.60643
2012-05-23 08:00:00,101.60643
2012-05-23 09:00:00,147.92299
2012-05-23 10:00:00,137.33928
2012-05-23 11:00:00,140.74612
2012-05-23 12:00:00,195.36995
2012-05-23 13:00:00,192.76137
2012-05-23 14:00:00,222.01523
2012-05-23 15:00:00,204.84673
2012-05-23 16:00:00,221.14923
2012-05-23 17:00:00,183.93033
2012-05-23 18:00:00,183.93033
2012-05-23 19:00:00,154.69533
2012-05-23 20:00:00,144.19437
2012-05-23 21:00:00,128.90297
2012-05-23 22:00:00,154.69533
2012-05-23 23:00:00,123.637596
2012-05-24 00:00:00,115.22186
2012-05-24 01:00:00,98.69014
2012-05-24 02:00:00,90.38506
2012-05-24 03:00:00,123.71405
2012-05-24 04:00:00,135.62733
2012-05-24 05:00:00,135.62733
2012-05-24 06:00:00,135.62733
2012-05-24 07:00:00,117.606125
2012-05-24 08:00:00,176.87033
2012-05-24 09:00:00,185.95622
2012-05-24 10:00:00,216.7176
2012-05-24 11:00:00,219.33005
2012-05-24 12:00:00,242.81178
2012-05-24 13:00:00,283.31854
2012-05-24 14:00:00,298.1126
2012-05-24 15:00:00,303.0939
2012-05-24 16:00:00,318.1913
2012-05-24 17:00:00,307.5113
2012-05-24 18:00:00,315.22003
2012-05-24 19:00:00,291.91757
2012-05-24 20:00:00,224.00148
2012-05-24 21:00:00,151.75417
2012-05-24 22:00:00,167.16356
2012-05-24 23:00:00,171.04025
2012-05-25 00:00:00,126.5539
2012-05-25 01:00:00,117.42857
2012-05-25 02:00:00,128.90297
2012-05-25 03:00:00,126.36945
2012-05-25 04:00:00,114.93033
2012-05-25 05:00:00,123.52809
2012-05-25 06:00:00,126.36945
2012-05-25 07:00:00,137.49406
2012-05-25 08:00:00,124.397705
2012-05-25 09:00:00,129.98433
2012-05-25 10:00:00,164.74554
2012-05-25 11:00:00,155.9673
2012-05-25 12:00:00,213.3484
2012-05-25 13:00:00,242.0049
2012-05-25 14:00:00,258.35236
2012-05-25 15:00:00,265.03036
2012-05-25 16:00:00,308.70993
2012-05-25 17:00:00,290.7894
2012-05-25 18:00:00,265.03036
2012-05-25 19:00:00,281.2202
2012-05-25 20:00:00,234.96191
2012-05-25 21:00:00,224.7322
2012-05-25 22:00:00,168.53465
2012-05-25 23:00:00,182.40334
2012-05-26 00:00:00,110.19519
2012-05-26 01:00:00,105.02328
2012-05-26 02:00:00,84.746284
2012-05-26 03:00:00,82.765656
2012-05-26 04:00:00,85.48227
2012-05-26 05:00:00,125.19667
2012-05-26 06:00:00,92.58691
2012-05-26 07:00:00,126.68318
2012-05-26 08:00:00,129.30145
2012-05-26 09:00:00,115.816505
2012-05-26 10:00:00,158.09859
2012-05-26 11:00:00,190.87413
2012-05-26 12:00:00,267.28098
2012-05-26 13:00:00,266.62048
2012-05-26 14:00:00,275.72598
2012-05-26 15:00:00,292.46255
2012-05-26 16:00:00,357.86963
2012-05-26 17:00:00,345.25854
2012-05-26 18:00:00,333.86075
2012-05-26 19:00:00,261.05807
2012-05-26 20:00:00,311.3324
2012-05-26 21:00:00,271.46533
2012-05-26 22:00:00,208.74007
2012-05-26 23:00:00,208.74007
2012-05-27 00:00:00,219.96187
2012-05-27 01:00:00,185.56645
2012-05-27 02:00:00,186.82362
2012-05-27 03:00:00,168.11119
2012-05-27 04:00:00,114.10496
2012-05-27 05:00:00,114.10496
2012-05-27 06:00:00,108.45345
2012-05-27 07:00:00,88.550446
2012-05-27 08:00:00,115.816505
2012-05-27 09:00:00,126.89151
2012-05-27 10:00:00,200.28185
2012-05-27 11:00:00,261.31253
2012-05-27 12:00:00,275.68567
2012-05-27 13:00:00,319.6098
2012-05-27 14:00:00,336.65533
2012-05-27 15:00:00,375.95364
2012-05-27 16:00:00,375.95364
2012-05-27 17:00:00,394.25967
2012-05-27 18:00:00,342.92682
2012-05-27 19:00:00,319.6098
2012-05-27 20:00:00,323.5101
2012-05-27 21:00:00,228.45477
2012-05-27 22:00:00,148.80052
2012-05-27 23:00:00,144.70575
2012-05-28 00:00:00,131.84923
2012-05-28 01:00:00,192.42078
2012-05-28 02:00:00,125.8649
2012-05-28 03:00:00,159.02371
2012-05-28 04:00:00,127.052185
2012-05-28 05:00:00,127.052185
2012-05-28 06:00:00,159.02371
2012-05-28 07:00:00,126.3649
2012-05-28 08:00:00,150.86
2012-05-28 09:00:00,204.70847
2012-05-28 10:00:00,204.70847
2012-05-28 11:00:00,232.13286
2012-05-28 12:00:00,275.13718
2012-05-28 13:00:00,342.4894
2012-05-28 14:00:00,342.4894
2012-05-28 15:00:00,383.98468
2012-05-28 16:00:00,387.5626
2012-05-28 17:00:00,383.98468
2012-05-28 18:00:00,359.7884
2012-05-28 19:00:00,375.4522
2012-05-28 20:00:00,331.59106
2012-05-28 21:00:00,299.4968
2012-05-28 22:00:00,228.39255
2012-05-28 23:00:00,201.22823
2012-05-29 00:00:00,178.53423
2012-05-29 01:00:00,178.53423
2012-05-29 02:00:00,136.8111
2012-05-29 03:00:00,197.45705
2012-05-29 04:00:00,182.40334
2012-05-29 05:00:00,182.40334
2012-05-29 06:00:00,182.40334
2012-05-29 07:00:00,182.40334
2012-05-29 08:00:00,204.60423
2012-05-29 09:00:00,245.12285
2012-05-29 10:00:00,261.2586
2012-05-29 11:00:00,292.993
2012-05-29 12:00:00,316.61615
2012-05-29 13:00:00,333.89822
2012-05-29 14:00:00,338.40643
2012-05-29 15:00:00,341.80093
2012-05-29 16:00:00,357.6113
2012-05-29 17:00:00,354.56635
2012-05-29 18:00:00,355.47903
2012-05-29 19:00:00,328.07327
2012-05-29 20:00:00,240.88411
2012-05-29 21:00:00,131.93585
2012-05-29 22:00:00,123.52809
2012-05-29 23:00:00,111.77572
2012-05-30 00:00:00,117.32072
2012-05-30 01:00:00,113.37615
2012-05-30 02:00:00,105.79216
2012-05-30 03:00:00,114.725876
2012-05-30 04:00:00,131.78685
2012-05-30 05:00:00,168.24785
2012-05-30 06:00:00,160.6299
2012-05-30 07:00:00,142.65147
2012-05-30 08:00:00,187.42758
2012-05-30 09:00:00,207.66777
2012-05-30 10:00:00,216.72664
2012-05-30 11:00:00,222.52127
2012-05-30 12:00:00,220.25505
2012-05-30 13:00:00,231.94936
2012-05-30 14:00:00,314.24792
2012-05-30 15:00:00,284.80887
2012-05-30 16:00:00,295.78525
2012-05-30 17:00:00,281.9256
2012-05-30 18:00:00,307.0634
2012-05-30 19:00:00,283.31854
2012-05-30 20:00:00,188.42633
2012-05-30 21:00:00,243.71385
2012-05-30 22:00:00,192.87907
2012-05-30 23:00:00,208.4279
2012-05-31 00:00:00,200.2433
2012-05-31 01:00:00,185.01308
2012-05-31 02:00:00,200.20314
2012-05-31 03:00:00,182.95576
2012-05-31 04:00:00,152.57393
2012-05-31 05:00:00,231.71571
2012-05-31 06:00:00,199.86125
2012-05-31 07:00:00,253.69283
2012-05-31 08:00:00,281.4072
2012-05-31 09:00:00,312.3065
2012-05-31 10:00:00,338.09076
2012-05-31 11:00:00,348.15945
2012-05-31 12:00:00,341.96173
2012-05-31 13:00:00,336.19937
2012-05-31 14:00:00,361.14413
2012-05-31 15:00:00,365.93622
2012-05-31 16:00:00,365.18042
2012-05-31 17:00:00,355.89108
2012-05-31 18:00:00,361.465
2012-05-31 19:00:00,344.95462
2012-05-31 20:00:00,312.82272
2012-05-31 21:00:00,312.82272
2012-05-31 22:00:00,292.6815
2012-05-31 23:00:00,295.49924
2012-06-20 00:00:00,178.53423
2012-06-20 01:00:00,173.64313
2012-06-20 02:00:00,140.23819
2012-06-20 03:00:00,132.71025
2012-06-20 04:00:00,122.94158
2012-06-20 05:00:00,122.94158
2012-06-20 06:00:00,122.26506
2012-06-20 07:00:00,115.473465
2012-06-20 08:00:00,173.25514
2012-06-20 09:00:00,182.04842
2012-06-20 10:00:00,292.20856
2012-06-20 11:00:00,314.5004
2012-06-20 12:00:00,315.9161
2012-06-20 13:00:00,312.48706
2012-06-20 14:00:00,343.64706
2012-06-20 15:00:00,322.69577
2012-06-20 16:00:00,341.2004
2012-06-20 17:00:00,316.1578
2012-06-20 18:00:00,316.1578
2012-06-20 19:00:00,358.31717
2012-06-20 20:00:00,347.3804
2012-06-20 21:00:00,307.50653
2012-06-20 22:00:00,304.00534
2012-06-20 23:00:00,248.53275
2012-06-21 00:00:00,174.53128
2012-06-21 01:00:00,134.71248
2012-06-21 02:00:00,126.131165
2012-06-21 03:00:00,131.50449
2012-06-21 04:00:00,94.34111
2012-06-21 05:00:00,96.651344
2012-06-21 06:00:00,139.83195
2012-06-21 07:00:00,139.83195
2012-06-21 08:00:00,152.8427
2012-06-21 09:00:00,267.48593
2012-06-21 10:00:00,273.42798
2012-06-21 11:00:00,299.16452
2012-06-21 12:00:00,329.2294
2012-06-21 13:00:00,313.48682
2012-06-21 14:00:00,314.87036
2012-06-21 15:00:00,336.86765
2012-06-21 16:00:00,324.66415
2012-06-21 17:00:00,300.93494
2012-06-21 18:00:00,306.39746
2012-06-21 19:00:00,316.9972
2012-06-21 20:00:00,298.9412
2012-06-21 21:00:00,276.10922
2012-06-21 22:00:00,238.4051
2012-06-21 23:00:00,228.51526
2012-06-22 00:00:00,216.71353
2012-06-22 01:00:00,182.05402
2012-06-22 02:00:00,113.18648
2012-06-22 03:00:00,113.18648
2012-06-22 04:00:00,225.1982
2012-06-22 05:00:00,220.84267
2012-06-22 06:00:00,217.68369
2012-06-22 07:00:00,242.84276
2012-06-22 08:00:00,246.8292
2012-06-22 09:00:00,261.5736
2012-06-22 10:00:00,296.19675
2012-06-22 11:00:00,274.75375
2012-06-22 12:00:00,276.32925
2012-06-22 13:00:00,316.9972
2012-06-22 14:00:00,316.9972
2012-06-22 15:00:00,345.7997
2012-06-22 16:00:00,341.6489
2012-06-22 17:00:00,314.67056
2012-06-22 18:00:00,267.35602
2012-06-22 19:00:00,271.11694
2012-06-22 20:00:00,271.11694
2012-06-22 21:00:00,231.95142
2012-06-22 22:00:00,176.2632
2012-06-22 23:00:00,165.66452
2012-06-23 00:00:00,68.24865
2012-06-23 01:00:00,105.32471
2012-06-23 02:00:00,127.72374
2012-06-23 03:00:00,127.79289
2012-06-23 04:00:00,127.60917
2012-06-23 05:00:00,127.72374
2012-06-23 06:00:00,72.73375
2012-06-23 07:00:00,80.58562
2012-06-23 08:00:00,193.77899
2012-06-23 09:00:00,251.2017
2012-06-23 10:00:00,307.56042
2012-06-23 11:00:00,362.09308
2012-06-23 12:00:00,391.82114
2012-06-23 13:00:00,436.35114
2012-06-23 14:00:00,447.64737
2012-06-23 15:00:00,468.70834
2012-06-23 16:00:00,485.21738
2012-06-23 17:00:00,480.99048
2012-06-23 18:00:00,484.79803
2012-06-23 19:00:00,471.2239
2012-06-23 20:00:00,451.8848
2012-06-23 21:00:00,432.93283
2012-06-23 22:00:00,406.95184
2012-06-23 23:00:00,334.11465
2012-06-24 00:00:00,277.23648
2012-06-24 01:00:00,281.29922
2012-06-24 02:00:00,292.85178
2012-06-24 03:00:00,222.55928
2012-06-24 04:00:00,219.95503
2012-06-24 05:00:00,156.69398
2012-06-24 06:00:00,200.82637
2012-06-24 07:00:00,151.42442
2012-06-24 08:00:00,221.67763
2012-06-24 09:00:00,280.53293
2012-06-24 10:00:00,367.10406
2012-06-24 11:00:00,397.86572
2012-06-24 12:00:00,445.0806
2012-06-24 13:00:00,449.91324
2012-06-24 14:00:00,465.42648
2012-06-24 15:00:00,468.84207
2012-06-24 16:00:00,461.55585
2012-06-24 17:00:00,452.0557
2012-06-24 18:00:00,441.90457
2012-06-24 19:00:00,427.12296
2012-06-24 20:00:00,378.75528
2012-06-24 21:00:00,316.59525
2012-06-24 22:00:00,280.3404
2012-06-24 23:00:00,257.59546
2012-06-25 00:00:00,252.68184
2012-06-25 01:00:00,229.74806
2012-06-25 02:00:00,204.9778
2012-06-25 03:00:00,213.07231
2012-06-25 04:00:00,159.43047
2012-06-25 05:00:00,153.7282
2012-06-25 06:00:00,125.02605
2012-06-25 07:00:00,173.96176
2012-06-25 08:00:00,191.17696
2012-06-25 09:00:00,219.56187
2012-06-25 10:00:00,256.91846
2012-06-25 11:00:00,316.52554
2012-06-25 12:00:00,281.36624
2012-06-25 13:00:00,289.31964
2012-06-25 14:00:00,306.27283
2012-06-25 15:00:00,353.42664
2012-06-25 16:00:00,369.397
2012-06-25 17:00:00,396.20157
2012-06-25 18:00:00,380.3323
2012-06-25 19:00:00,372.6435
2012-06-25 20:00:00,360.57468
2012-06-25 21:00:00,351.2606
2012-06-25 22:00:00,345.2251
2012-06-25 23:00:00,332.8529
2012-06-26 00:00:00,327.0522
2012-06-26 01:00:00,314.41324
2012-06-26 02:00:00,279.1863
2012-06-26 03:00:00,267.09702
2012-06-26 04:00:00,266.1926
2012-06-26 05:00:00,247.5109
2012-06-26 06:00:00,241.28787
2012-06-26 07:00:00,238.02315
2012-06-26 08:00:00,262.60803
2012-06-26 09:00:00,274.99985
2012-06-26 10:00:00,307.92642
2012-06-26 11:00:00,322.58783
2012-06-26 12:00:00,331.79053
2012-06-26 13:00:00,352.96164
2012-06-26 14:00:00,352.96164
2012-06-26 15:00:00,364.55435
2012-06-26 16:00:00,366.81015
2012-06-26 17:00:00,366.33954
2012-06-26 18:00:00,366.51114
2012-06-26 19:00:00,357.63107
2012-06-26 20:00:00,352.85526
2012-06-26 21:00:00,331.22028
2012-06-26 22:00:00,333.64853
2012-06-26 23:00:00,292.59238
2012-06-27 00:00:00,302.31122
2012-06-27 01:00:00,288.92197
2012-06-27 02:00:00,255.9634
2012-06-27 03:00:00,261.69852
2012-06-27 04:00:00,307.9062
2012-06-27 05:00:00,300.61694
2012-06-27 06:00:00,279.25394
2012-06-27 07:00:00,297.8396
2012-06-27 08:00:00,304.79935
2012-06-27 09:00:00,319.6016
2012-06-27 10:00:00,329.68805
2012-06-27 11:00:00,360.9346
2012-06-27 12:00:00,364.20892
2012-06-27 13:00:00,376.4511
2012-06-27 14:00:00,388.65414
2012-06-27 15:00:00,389.93347
2012-06-27 16:00:00,397.35
2012-06-27 17:00:00,393.0263
2012-06-27 18:00:00,376.4511
2012-06-27 19:00:00,368.4337
2012-06-27 20:00:00,341.73956
2012-06-27 21:00:00,314.038
2012-06-27 22:00:00,290.905
2012-06-27 23:00:00,272.3395
2012-06-28 00:00:00,248.71117
2012-06-28 01:00:00,199.2655
2012-06-28 02:00:00,243.38252
2012-06-28 03:00:00,243.38252
2012-06-28 04:00:00,193.2892
2012-06-28 05:00:00,205.99883
2012-06-28 06:00:00,205.99883
2012-06-28 07:00:00,193.2892
2012-06-28 08:00:00,260.33414
2012-06-28 09:00:00,255.13268
2012-06-28 10:00:00,281.76877
2012-06-28 11:00:00,339.89078
2012-06-28 12:00:00,372.11877
2012-06-28 13:00:00,361.68356
2012-06-28 14:00:00,381.80667
2012-06-28 15:00:00,381.80667
2012-06-28 16:00:00,370.69397
2012-06-28 17:00:00,374.87595
2012-06-28 18:00:00,366.8049
2012-06-28 19:00:00,357.52423
2012-06-28 20:00:00,326.37222
2012-06-28 21:00:00,262.8778
2012-06-28 22:00:00,263.80673
2012-06-28 23:00:00,268.88956
2012-06-29 00:00:00,268.88956
2012-06-29 01:00:00,266.3253
2012-06-29 02:00:00,249.94432
2012-06-29 03:00:00,249.94432
2012-06-29 04:00:00,209.0096
2012-06-29 05:00:00,204.08263
2012-06-29 06:00:00,226.20769
2012-06-29 07:00:00,204.08263
2012-06-29 08:00:00,247.62729
2012-06-29 09:00:00,256.91846
2012-06-29 10:00:00,327.8361
2012-06-29 11:00:00,328.99997
2012-06-29 12:00:00,341.7747
2012-06-29 13:00:00,333.43762
2012-06-29 14:00:00,347.36502
2012-06-29 15:00:00,332.63315
2012-06-29 16:00:00,332.63315
2012-06-29 17:00:00,355.87082
2012-06-29 18:00:00,338.83334
2012-06-29 19:00:00,304.7993
2012-06-29 20:00:00,326.2884
2012-06-29 21:00:00,291.20807
2012-06-29 22:00:00,283.56885
2012-06-29 23:00:00,283.56885
2012-06-30 00:00:00,123.80057
2012-06-30 01:00:00,122.02348
2012-06-30 02:00:00,98.72318
2012-06-30 03:00:00,98.72318
2012-06-30 04:00:00,80.31932
2012-06-30 05:00:00,61.68769
2012-06-30 06:00:00,61.68769
2012-06-30 07:00:00,61.68769
2012-06-30 08:00:00,61.68769
2012-06-30 09:00:00,61.68769
2012-06-30 10:00:00,462.3373
2012-06-30 11:00:00,462.3373
2012-06-30 12:00:00,462.3373
2012-06-30 13:00:00,462.3373
2012-06-30 14:00:00,462.3373
2012-06-30 15:00:00,462.3373
2012-06-30 16:00:00,456.84885
2012-06-30 17:00:00,438.04572
2012-06-30 18:00:00,410.76193
2012-06-30 19:00:00,398.01968
2012-06-30 20:00:00,343.0061
2012-06-30 21:00:00,343.0061
2012-06-30 22:00:00,265.99393
2012-06-30 23:00:00,243.64977
2012-07-20 00:00:00,114.45943
2012-07-20 01:00:00,73.35819
2012-07-20 02:00:00,107.383766
2012-07-20 03:00:00,109.44174
2012-07-20 04:00:00,114.17174
2012-07-20 05:00:00,112.31646
2012-07-20 06:00:00,114.17174
2012-07-20 07:00:00,116.31273
2012-07-20 08:00:00,143.1958
2012-07-20 09:00:00,161.93117
2012-07-20 10:00:00,164.52843
2012-07-20 11:00:00,211.46286
2012-07-20 12:00:00,152.28477
2012-07-20 13:00:00,153.83788
2012-07-20 14:00:00,156.60509
2012-07-20 15:00:00,154.66129
2012-07-20 16:00:00,156.12402
2012-07-20 17:00:00,142.91017
2012-07-20 18:00:00,171.04237
2012-07-20 19:00:00,141.67278
2012-07-20 20:00:00,134.79845
2012-07-20 21:00:00,127.84924
2012-07-20 22:00:00,131.9677
2012-07-20 23:00:00,137.97893
2012-07-21 00:00:00,142.6514
2012-07-21 01:00:00,127.059845
2012-07-21 02:00:00,117.09555
2012-07-21 03:00:00,117.2166
2012-07-21 04:00:00,115.05972
2012-07-21 05:00:00,115.359146
2012-07-21 06:00:00,115.359146
2012-07-21 07:00:00,97.77411
2012-07-21 08:00:00,115.709
2012-07-21 09:00:00,113.13126
2012-07-21 10:00:00,115.359146
2012-07-21 11:00:00,120.81756
2012-07-21 12:00:00,137.11995
2012-07-21 13:00:00,136.91692
2012-07-21 14:00:00,100.0215
2012-07-21 15:00:00,117.2166
2012-07-21 16:00:00,117.482994
2012-07-21 17:00:00,117.55412
2012-07-21 18:00:00,98.71333
2012-07-21 19:00:00,99.81651
2012-07-21 20:00:00,117.55412
2012-07-21 21:00:00,99.81651
2012-07-21 22:00:00,97.78183
2012-07-21 23:00:00,94.76569
2012-07-22 00:00:00,97.78183
2012-07-22 01:00:00,99.81651
2012-07-22 02:00:00,97.78183
2012-07-22 03:00:00,97.78183
2012-07-22 04:00:00,51.793705
2012-07-22 05:00:00,51.793705
2012-07-22 06:00:00,124.4111
2012-07-22 07:00:00,118.875916
2012-07-22 08:00:00,148.05663
2012-07-22 09:00:00,202.07701
2012-07-22 10:00:00,179.76517
2012-07-22 11:00:00,179.76517
2012-07-22 12:00:00,211.58287
2012-07-22 13:00:00,234.4681
2012-07-22 14:00:00,197.94716
2012-07-22 15:00:00,197.94716
2012-07-22 16:00:00,204.24556
2012-07-22 17:00:00,238.53607
2012-07-22 18:00:00,220.60255
2012-07-22 19:00:00,187.38063
2012-07-22 20:00:00,154.51985
2012-07-22 21:00:00,110.6519
2012-07-22 22:00:00,163.22246
2012-07-22 23:00:00,113.209206
2012-07-23 00:00:00,68.36917
2012-07-23 01:00:00,86.11207
2012-07-23 02:00:00,85.75148
2012-07-23 03:00:00,85.75148
2012-07-23 04:00:00,89.73939
2012-07-23 05:00:00,89.73939
2012-07-23 06:00:00,113.77742
2012-07-23 07:00:00,102.70424
2012-07-23 08:00:00,126.131165
2012-07-23 09:00:00,195.60112
2012-07-23 10:00:00,239.1113
2012-07-23 11:00:00,272.85312
2012-07-23 12:00:00,272.85312
2012-07-23 13:00:00,270.59137
2012-07-23 14:00:00,252.29744
2012-07-23 15:00:00,267.48593
2012-07-23 16:00:00,265.95374
2012-07-23 17:00:00,265.95374
2012-07-23 18:00:00,277.113
2012-07-23 19:00:00,282.228
2012-07-23 20:00:00,231.77342
2012-07-23 21:00:00,242.17352
2012-07-23 22:00:00,238.373
2012-07-23 23:00:00,210.01506
2012-07-24 00:00:00,156.10963
2012-07-24 01:00:00,130.33434
2012-07-24 02:00:00,104.24269
2012-07-24 03:00:00,104.24269
2012-07-24 04:00:00,88.53288
2012-07-24 05:00:00,90.381584
2012-07-24 06:00:00,96.83736
2012-07-24 07:00:00,165.89925
2012-07-24 08:00:00,207.48857
2012-07-24 09:00:00,240.53706
2012-07-24 10:00:00,282.25034
2012-07-24 11:00:00,285.1971
2012-07-24 12:00:00,272.13712
2012-07-24 13:00:00,285.12936
2012-07-24 14:00:00,285.31656
2012-07-24 15:00:00,296.62134
2012-07-24 16:00:00,282.04147
2012-07-24 17:00:00,292.19485
2012-07-24 18:00:00,266.97885
2012-07-24 19:00:00,231.77342
2012-07-24 20:00:00,213.8651
2012-07-24 21:00:00,234.47295
2012-07-24 22:00:00,242.89874
2012-07-24 23:00:00,273.00024
2012-07-25 00:00:00,268.12997
2012-07-25 01:00:00,247.93774
2012-07-25 02:00:00,243.05136
2012-07-25 03:00:00,223.04308
2012-07-25 04:00:00,220.56932
2012-07-25 05:00:00,199.36508
2012-07-25 06:00:00,210.46059
2012-07-25 07:00:00,293.5757
2012-07-25 08:00:00,313.68314
2012-07-25 09:00:00,335.39673
2012-07-25 10:00:00,288.1597
2012-07-25 11:00:00,302.59308
2012-07-25 12:00:00,302.59308
2012-07-25 13:00:00,334.45718
2012-07-25 14:00:00,336.10693
2012-07-25 15:00:00,321.02936
2012-07-25 16:00:00,341.89047
2012-07-25 17:00:00,308.49643
2012-07-25 18:00:00,344.13916
2012-07-25 19:00:00,320.76633
2012-07-25 20:00:00,302.94424
2012-07-25 21:00:00,278.77817
2012-07-25 22:00:00,225.91272
2012-07-25 23:00:00,271.4973
2012-07-26 00:00:00,212.67578
2012-07-26 01:00:00,223.04308
2012-07-26 02:00:00,208.23041
2012-07-26 03:00:00,200.59236
2012-07-26 04:00:00,164.05907
2012-07-26 05:00:00,164.05907
2012-07-26 06:00:00,159.43047
2012-07-26 07:00:00,194.58394
2012-07-26 08:00:00,191.3275
2012-07-26 09:00:00,204.42442
2012-07-26 10:00:00,217.38454
2012-07-26 11:00:00,249.78244
2012-07-26 12:00:00,278.93774
2012-07-26 13:00:00,293.11536
2012-07-26 14:00:00,308.29535
2012-07-26 15:00:00,329.08994
2012-07-26 16:00:00,347.32794
2012-07-26 17:00:00,330.69785
2012-07-26 18:00:00,337.4348
2012-07-26 19:00:00,318.4767
2012-07-26 20:00:00,293.24
2012-07-26 21:00:00,338.7165
2012-07-26 22:00:00,338.7165
2012-07-26 23:00:00,181.59497
2012-07-27 00:00:00,148.3015
2012-07-27 01:00:00,173.40266
2012-07-27 02:00:00,127.17485
2012-07-27 03:00:00,165.89925
2012-07-27 04:00:00,104.209854
2012-07-27 05:00:00,86.428375
2012-07-27 06:00:00,104.209854
2012-07-27 07:00:00,202.27846
2012-07-27 08:00:00,194.89703
2012-07-27 09:00:00,294.72482
2012-07-27 10:00:00,259.30667
2012-07-27 11:00:00,306.97208
2012-07-27 12:00:00,306.96243
2012-07-27 13:00:00,300.94577
2012-07-27 14:00:00,305.2769
2012-07-27 15:00:00,309.28033
2012-07-27 16:00:00,293.1425
2012-07-27 17:00:00,315.83844
2012-07-27 18:00:00,283.93967
2012-07-27 19:00:00,276.10922
2012-07-27 20:00:00,228.18538
2012-07-27 21:00:00,228.18538
2012-07-27 22:00:00,236.67572
2012-07-27 23:00:00,173.26671
2012-07-28 00:00:00,236.77277
2012-07-28 01:00:00,168.27199
2012-07-28 02:00:00,152.94069
2012-07-28 03:00:00,152.94069
2012-07-28 04:00:00,131.8608
2012-07-28 05:00:00,113.209206
2012-07-28 06:00:00,162.72308
2012-07-28 07:00:00,178.96574
2012-07-28 08:00:00,220.60255
2012-07-28 09:00:00,268.20007
2012-07-28 10:00:00,351.60715
2012-07-28 11:00:00,415.62534
2012-07-28 12:00:00,406.98978
2012-07-28 13:00:00,417.26642
2012-07-28 14:00:00,420.60928
2012-07-28 15:00:00,456.4412
2012-07-28 16:00:00,417.52664
2012-07-28 17:00:00,379.58466
2012-07-28 18:00:00,403.60196
2012-07-28 19:00:00,78.36665
2012-07-28 20:00:00,96.91893
2012-07-28 21:00:00,98.7677
2012-07-28 22:00:00,98.7677
2012-07-28 23:00:00,77.968544
2012-07-29 00:00:00,62.220695
2012-07-29 01:00:00,79.396
2012-07-29 02:00:00,131.11946
2012-07-29 03:00:00,188.71574
2012-07-29 04:00:00,176.90573
2012-07-29 05:00:00,108.48222
2012-07-29 06:00:00,138.81747
2012-07-29 07:00:00,197.15102
2012-07-29 08:00:00,228.89384
2012-07-29 09:00:00,268.95782
2012-07-29 10:00:00,208.33871
2012-07-29 11:00:00,316.59525
2012-07-29 12:00:00,329.05588
2012-07-29 13:00:00,362.23178
2012-07-29 14:00:00,373.64954
2012-07-29 15:00:00,381.61533
2012-07-29 16:00:00,381.61533
2012-07-29 17:00:00,397.8138
2012-07-29 18:00:00,413.33737
2012-07-29 19:00:00,303.20996
2012-07-29 20:00:00,204.24556
2012-07-29 21:00:00,178.96574
2012-07-29 22:00:00,162.72308
2012-07-29 23:00:00,143.79906
2012-07-30 00:00:00,143.41133
2012-07-30 01:00:00,124.66344
2012-07-30 02:00:00,118.1871
2012-07-30 03:00:00,80.92815
2012-07-30 04:00:00,80.92815
2012-07-30 05:00:00,90.381584
2012-07-30 06:00:00,104.24269
2012-07-30 07:00:00,115.8777
2012-07-30 08:00:00,188.49762
2012-07-30 09:00:00,205.54433
2012-07-30 10:00:00,226.16957
2012-07-30 11:00:00,259.08875
2012-07-30 12:00:00,246.34062
2012-07-30 13:00:00,274.75375
2012-07-30 14:00:00,284.68866
2012-07-30 15:00:00,288.57404
2012-07-30 16:00:00,292.49222
2012-07-30 17:00:00,281.45102
2012-07-30 18:00:00,287.35858
2012-07-30 19:00:00,270.58148
2012-07-30 20:00:00,211.84962
2012-07-30 21:00:00,202.27846
2012-07-30 22:00:00,188.48851
2012-07-30 23:00:00,176.09145
2012-07-31 00:00:00,121.00766
2012-07-31 01:00:00,96.83736
2012-07-31 02:00:00,96.83736
2012-07-31 03:00:00,88.53288
2012-07-31 04:00:00,88.53288
2012-07-31 05:00:00,104.24269
2012-07-31 06:00:00,75.60578
2012-07-31 07:00:00,129.88269
2012-07-31 08:00:00,127.17485
2012-07-31 09:00:00,173.40266
2012-07-31 10:00:00,162.89441
2012-07-31 11:00:00,199.3697
2012-07-31 12:00:00,251.9847
2012-07-31 13:00:00,280.03378
2012-07-31 14:00:00,280.03378
2012-07-31 15:00:00,221.52968
2012-07-31 16:00:00,261.5736
2012-07-31 17:00:00,276.1169
2012-07-31 18:00:00,275.54147
2012-07-31 19:00:00,255.03416
2012-07-31 20:00:00,217.2729
2012-07-31 21:00:00,140.296
2012-07-31 22:00:00,187.46791
2012-07-31 23:00:00,137.97888
2012-08-20 00:00:00,123.29494
2012-08-20 01:00:00,92.567535
2012-08-20 02:00:00,92.567535
2012-08-20 03:00:00,63.955574
2012-08-20 04:00:00,122.85857
2012-08-20 05:00:00,107.333176
2012-08-20 06:00:00,144.86163
2012-08-20 07:00:00,148.57451
2012-08-20 08:00:00,166.8402
2012-08-20 09:00:00,178.917
2012-08-20 10:00:00,184.32182
2012-08-20 11:00:00,180.2317
2012-08-20 12:00:00,213.0527
2012-08-20 13:00:00,225.91272
2012-08-20 14:00:00,255.80644
2012-08-20 15:00:00,272.6264
2012-08-20 16:00:00,272.6264
2012-08-20 17:00:00,266.04114
2012-08-20 18:00:00,156.7864
2012-08-20 19:00:00,152.9861
2012-08-20 20:00:00,137.97893
2012-08-20 21:00:00,72.22325
2012-08-20 22:00:00,107.333176
2012-08-20 23:00:00,107.333176
2012-08-21 00:00:00,122.85857
2012-08-21 01:00:00,124.36513
2012-08-21 02:00:00,111.361145
2012-08-21 03:00:00,57.64418
2012-08-21 04:00:00,57.64418
2012-08-21 05:00:00,72.467705
2012-08-21 06:00:00,74.752495
2012-08-21 07:00:00,101.49688
2012-08-21 08:00:00,107.86391
2012-08-21 09:00:00,133.42513
2012-08-21 10:00:00,197.20131
2012-08-21 11:00:00,201.15363
2012-08-21 12:00:00,244.411
2012-08-21 13:00:00,272.0526
2012-08-21 14:00:00,298.66037
2012-08-21 15:00:00,287.1863
2012-08-21 16:00:00,287.1863
2012-08-21 17:00:00,287.35043
2012-08-21 18:00:00,268.14096
2012-08-21 19:00:00,176.28343
2012-08-21 20:00:00,113.92107
2012-08-21 21:00:00,113.92107
2012-08-21 22:00:00,94.492744
2012-08-21 23:00:00,74.6445
2012-08-22 00:00:00,83.740814
2012-08-22 01:00:00,91.82144
2012-08-22 02:00:00,91.82144
2012-08-22 03:00:00,91.82144
2012-08-22 04:00:00,77.64063
2012-08-22 05:00:00,88.25951
2012-08-22 06:00:00,110.347855
2012-08-22 07:00:00,91.82144
2012-08-22 08:00:00,131.76024
2012-08-22 09:00:00,157.35841
2012-08-22 10:00:00,199.33095
2012-08-22 11:00:00,215.0967
2012-08-22 12:00:00,218.37485
2012-08-22 13:00:00,263.33835
2012-08-22 14:00:00,272.2571
2012-08-22 15:00:00,269.12827
2012-08-22 16:00:00,272.56912
2012-08-22 17:00:00,272.56912
2012-08-22 18:00:00,238.60066
2012-08-22 19:00:00,165.66452
2012-08-22 20:00:00,164.65646
2012-08-22 21:00:00,113.92107
2012-08-22 22:00:00,113.92107
2012-08-22 23:00:00,77.15052
2012-08-23 00:00:00,94.492744
2012-08-23 01:00:00,74.6445
2012-08-23 02:00:00,74.6445
2012-08-23 03:00:00,81.91234
2012-08-23 04:00:00,74.6445
2012-08-23 05:00:00,74.6445
2012-08-23 06:00:00,98.66415
2012-08-23 07:00:00,127.09674
2012-08-23 08:00:00,170.2494
2012-08-23 09:00:00,192.91217
2012-08-23 10:00:00,218.90126
2012-08-23 11:00:00,259.03632
2012-08-23 12:00:00,282.4083
2012-08-23 13:00:00,294.91586
2012-08-23 14:00:00,291.73898
2012-08-23 15:00:00,275.06982
2012-08-23 16:00:00,274.94177
2012-08-23 17:00:00,295.9147
2012-08-23 18:00:00,287.02936
2012-08-23 19:00:00,242.78389
2012-08-23 20:00:00,204.08263
2012-08-23 21:00:00,213.85443
2012-08-23 22:00:00,217.94739
2012-08-23 23:00:00,184.27702
2012-08-24 00:00:00,184.27702
2012-08-24 01:00:00,163.89317
2012-08-24 02:00:00,137.92177
2012-08-24 03:00:00,113.92107
2012-08-24 04:00:00,163.89317
2012-08-24 05:00:00,94.492744
2012-08-24 06:00:00,112.355804
2012-08-24 07:00:00,143.45688
2012-08-24 08:00:00,165.66452
2012-08-24 09:00:00,231.21921
2012-08-24 10:00:00,261.29245
2012-08-24 11:00:00,268.13962
2012-08-24 12:00:00,275.6729
2012-08-24 13:00:00,296.8372
2012-08-24 14:00:00,279.15048
2012-08-24 15:00:00,270.4419
2012-08-24 16:00:00,270.4419
2012-08-24 17:00:00,260.86642
2012-08-24 18:00:00,231.07321
2012-08-24 19:00:00,238.8492
2012-08-24 20:00:00,220.18886
2012-08-24 21:00:00,226.20769
2012-08-24 22:00:00,218.58109
2012-08-24 23:00:00,193.12343
2012-08-25 00:00:00,251.55
2012-08-25 01:00:00,208.89912
2012-08-25 02:00:00,180.11052
2012-08-25 03:00:00,154.05672
2012-08-25 04:00:00,203.5696
2012-08-25 05:00:00,179.58208
2012-08-25 06:00:00,153.45705
2012-08-25 07:00:00,153.49019
2012-08-25 08:00:00,184.85176
2012-08-25 09:00:00,217.06801
2012-08-25 10:00:00,242.98048
2012-08-25 11:00:00,265.70145
2012-08-25 12:00:00,316.1936
2012-08-25 13:00:00,323.40012
2012-08-25 14:00:00,241.96654
2012-08-25 15:00:00,187.06195
2012-08-25 16:00:00,187.66849
2012-08-25 17:00:00,188.81691
2012-08-25 18:00:00,222.14624
2012-08-25 19:00:00,159.63507
2012-08-25 20:00:00,142.21844
2012-08-25 21:00:00,117.61223
2012-08-25 22:00:00,117.61223
2012-08-25 23:00:00,127.059845
2012-08-26 00:00:00,72.50776
2012-08-26 01:00:00,64.926926
2012-08-26 02:00:00,103.69928
2012-08-26 03:00:00,105.070404
2012-08-26 04:00:00,103.81653
2012-08-26 05:00:00,64.926926
2012-08-26 06:00:00,79.107285
2012-08-26 07:00:00,64.926926
2012-08-26 08:00:00,146.07431
2012-08-26 09:00:00,137.82555
2012-08-26 10:00:00,270.05887
2012-08-26 11:00:00,266.88083
2012-08-26 12:00:00,227.80342
2012-08-26 13:00:00,182.8144
2012-08-26 14:00:00,57.297375
2012-08-26 15:00:00,121.973145
2012-08-26 16:00:00,121.973145
2012-08-26 17:00:00,68.84265
2012-08-26 18:00:00,100.25616
2012-08-26 19:00:00,104.62768
2012-08-26 20:00:00,61.68769
2012-08-26 21:00:00,77.16382
2012-08-26 22:00:00,56.431717
2012-08-26 23:00:00,70.52771
2012-08-27 00:00:00,74.6445
2012-08-27 01:00:00,65.41147
2012-08-27 02:00:00,70.37059
2012-08-27 03:00:00,65.41147
2012-08-27 04:00:00,74.6445
2012-08-27 05:00:00,62.569412
2012-08-27 06:00:00,62.569412
2012-08-27 07:00:00,80.92815
2012-08-27 08:00:00,88.53288
2012-08-27 09:00:00,90.381584
2012-08-27 10:00:00,163.4051
2012-08-27 11:00:00,224.28423
2012-08-27 12:00:00,185.60045
2012-08-27 13:00:00,250.2591
2012-08-27 14:00:00,264.12485
2012-08-27 15:00:00,282.04147
2012-08-27 16:00:00,276.03006
2012-08-27 17:00:00,290.94473
2012-08-27 18:00:00,280.04343
2012-08-27 19:00:00,217.38454
2012-08-27 20:00:00,207.48857
2012-08-27 21:00:00,183.68193
2012-08-27 22:00:00,120.744385
2012-08-27 23:00:00,110.67595
2012-08-28 00:00:00,142.2852
2012-08-28 01:00:00,91.30551
2012-08-28 02:00:00,140.44817
2012-08-28 03:00:00,73.35819
2012-08-28 04:00:00,96.83736
2012-08-28 05:00:00,134.41301
2012-08-28 06:00:00,109.44174
2012-08-28 07:00:00,134.68944
2012-08-28 08:00:00,127.68606
2012-08-28 09:00:00,164.52843
2012-08-28 10:00:00,254.67645
2012-08-28 11:00:00,273.7501
2012-08-28 12:00:00,292.49222
2012-08-28 13:00:00,310.65897
2012-08-28 14:00:00,332.6185
2012-08-28 15:00:00,342.16614
2012-08-28 16:00:00,352.27695
2012-08-28 17:00:00,357.22647
2012-08-28 18:00:00,316.02722
2012-08-28 19:00:00,285.2818
2012-08-28 20:00:00,261.03238
2012-08-28 21:00:00,255.88036
2012-08-28 22:00:00,201.15363
2012-08-28 23:00:00,186.50816
2012-08-29 00:00:00,137.92177
2012-08-29 01:00:00,167.24599
2012-08-29 02:00:00,139.68474
2012-08-29 03:00:00,130.71562
2012-08-29 04:00:00,166.72997
2012-08-29 05:00:00,155.91522
2012-08-29 06:00:00,155.91522
2012-08-29 07:00:00,172.09999
2012-08-29 08:00:00,219.84108
2012-08-29 09:00:00,272.4155
2012-08-29 10:00:00,274.90216
2012-08-29 11:00:00,244.411
2012-08-29 12:00:00,270.88773
2012-08-29 13:00:00,259.9964
2012-08-29 14:00:00,286.76477
2012-08-29 15:00:00,307.4609
2012-08-29 16:00:00,306.4165
2012-08-29 17:00:00,330.16705
2012-08-29 18:00:00,295.01834
2012-08-29 19:00:00,263.0314
2012-08-29 20:00:00,186.50816
2012-08-29 21:00:00,229.15146
2012-08-29 22:00:00,199.2655
2012-08-29 23:00:00,185.60544
2012-08-30 00:00:00,133.42513
2012-08-30 01:00:00,150.13504
2012-08-30 02:00:00,110.347855
2012-08-30 03:00:00,110.347855
2012-08-30 04:00:00,110.347855
2012-08-30 05:00:00,110.347855
2012-08-30 06:00:00,92.567535
2012-08-30 07:00:00,113.92107
2012-08-30 08:00:00,153.49023
2012-08-30 09:00:00,186.39003
2012-08-30 10:00:00,205.03722
2012-08-30 11:00:00,286.76477
2012-08-30 12:00:00,277.78665
2012-08-30 13:00:00,263.33835
2012-08-30 14:00:00,269.12827
2012-08-30 15:00:00,281.14023
2012-08-30 16:00:00,288.56775
2012-08-30 17:00:00,330.57132
2012-08-30 18:00:00,301.61215
2012-08-30 19:00:00,269.12827
2012-08-30 20:00:00,242.84276
2012-08-30 21:00:00,199.06175
2012-08-30 22:00:00,142.44632
2012-08-30 23:00:00,147.42546
2012-08-31 00:00:00,109.472565
2012-08-31 01:00:00,109.472565
2012-08-31 02:00:00,73.35819
2012-08-31 03:00:00,69.45647
2012-08-31 04:00:00,70.29856
2012-08-31 05:00:00,75.60578
2012-08-31 06:00:00,110.09169
2012-08-31 07:00:00,102.92328
2012-08-31 08:00:00,180.70197
2012-08-31 09:00:00,152.8427
2012-08-31 10:00:00,208.67854
2012-08-31 11:00:00,364.146
2012-08-31 12:00:00,365.8972
2012-08-31 13:00:00,371.5766
2012-08-31 14:00:00,364.72
2012-08-31 15:00:00,365.62784
2012-08-31 16:00:00,359.49448
2012-08-31 17:00:00,329.04364
2012-08-31 18:00:00,326.2505
2012-08-31 19:00:00,270.00247
2012-08-31 20:00:00,270.00247
2012-08-31 21:00:00,256.53143
2012-08-31 22:00:00,256.53143
2012-08-31 23:00:00,208.44563
2012-09-20 00:00:00,150.88646
2012-09-20 01:00:00,111.44889
2012-09-20 02:00:00,109.33492
2012-09-20 03:00:00,80.99216
2012-09-20 04:00:00,86.471725
2012-09-20 05:00:00,86.471725
2012-09-20 06:00:00,80.99216
2012-09-20 07:00:00,75.170616
2012-09-20 08:00:00,142.19147
2012-09-20 09:00:00,192.27426
2012-09-20 10:00:00,227.38896
2012-09-20 11:00:00,251.23738
2012-09-20 12:00:00,284.985
2012-09-20 13:00:00,282.24738
2012-09-20 14:00:00,286.92584
2012-09-20 15:00:00,287.86902
2012-09-20 16:00:00,279.60202
2012-09-20 17:00:00,281.7736
2012-09-20 18:00:00,261.92963
2012-09-20 19:00:00,237.04985
2012-09-20 20:00:00,186.29659
2012-09-20 21:00:00,203.62532
2012-09-20 22:00:00,120.20723
2012-09-20 23:00:00,151.43849
2012-09-21 00:00:00,126.85692
2012-09-21 01:00:00,107.44029
2012-09-21 02:00:00,107.44029
2012-09-21 03:00:00,95.257126
2012-09-21 04:00:00,85.02902
2012-09-21 05:00:00,68.489
2012-09-21 06:00:00,95.257126
2012-09-21 07:00:00,85.42221
2012-09-21 08:00:00,128.64676
2012-09-21 09:00:00,164.10893
2012-09-21 10:00:00,237.86638
2012-09-21 11:00:00,258.73715
2012-09-21 12:00:00,239.93184
2012-09-21 13:00:00,255.13268
2012-09-21 14:00:00,280.53247
2012-09-21 15:00:00,268.2867
2012-09-21 16:00:00,263.0314
2012-09-21 17:00:00,268.95752
2012-09-21 18:00:00,250.47691
2012-09-21 19:00:00,228.30031
2012-09-21 20:00:00,183.63054
2012-09-21 21:00:00,175.457
2012-09-21 22:00:00,155.91522
2012-09-21 23:00:00,195.6288
2012-09-22 00:00:00,164.78561
2012-09-22 01:00:00,92.653076
2012-09-22 02:00:00,64.325584
2012-09-22 03:00:00,87.616394
2012-09-22 04:00:00,87.616394
2012-09-22 05:00:00,98.64011
2012-09-22 06:00:00,90.91035
2012-09-22 07:00:00,114.233215
2012-09-22 08:00:00,169.04524
2012-09-22 09:00:00,194.29137
2012-09-22 10:00:00,250.9096
2012-09-22 11:00:00,296.42365
2012-09-22 12:00:00,326.74683
2012-09-22 13:00:00,354.6427
2012-09-22 14:00:00,367.5622
2012-09-22 15:00:00,377.1958
2012-09-22 16:00:00,351.1634
2012-09-22 17:00:00,351.1634
2012-09-22 18:00:00,325.05978
2012-09-22 19:00:00,277.0787
2012-09-22 20:00:00,319.97754
2012-09-22 21:00:00,294.03732
2012-09-22 22:00:00,275.99698
2012-09-22 23:00:00,332.7489
2012-09-23 00:00:00,458.368
2012-09-23 01:00:00,324.83688
2012-09-23 02:00:00,353.04343
2012-09-23 03:00:00,287.12003
2012-09-23 04:00:00,286.53714
2012-09-23 05:00:00,258.95004
2012-09-23 06:00:00,227.95552
2012-09-23 07:00:00,260.84668
2012-09-23 08:00:00,277.47644
2012-09-23 09:00:00,312.51413
2012-09-23 10:00:00,379.14175
2012-09-23 11:00:00,385.2253
2012-09-23 12:00:00,411.7643
2012-09-23 13:00:00,454.36795
2012-09-23 14:00:00,456.98093
2012-09-23 15:00:00,483.2897
2012-09-23 16:00:00,465.33554
2012-09-23 17:00:00,428.93164
2012-09-23 18:00:00,430.10632
2012-09-23 19:00:00,399.0037
2012-09-23 20:00:00,399.0037
2012-09-23 21:00:00,356.64502
2012-09-23 22:00:00,341.45786
2012-09-23 23:00:00,294.4086
2012-09-24 00:00:00,241.8662
2012-09-24 01:00:00,224.33148
2012-09-24 02:00:00,253.85619
2012-09-24 03:00:00,243.7004
2012-09-24 04:00:00,214.39653
2012-09-24 05:00:00,225.35121
2012-09-24 06:00:00,248.86934
2012-09-24 07:00:00,224.33148
2012-09-24 08:00:00,295.28543
2012-09-24 09:00:00,312.65964
2012-09-24 10:00:00,322.00775
2012-09-24 11:00:00,360.76044
2012-09-24 12:00:00,351.18256
2012-09-24 13:00:00,380.18826
2012-09-24 14:00:00,395.6797
2012-09-24 15:00:00,384.00064
2012-09-24 16:00:00,377.5638
2012-09-24 17:00:00,390.17813
2012-09-24 18:00:00,356.51306
2012-09-24 19:00:00,348.82672
2012-09-24 20:00:00,308.01697
2012-09-24 21:00:00,310.07196
2012-09-24 22:00:00,301.5697
2012-09-24 23:00:00,245.2404
2012-09-25 00:00:00,225.67876
2012-09-25 01:00:00,192.24605
2012-09-25 02:00:00,160.81021
2012-09-25 03:00:00,185.18048
2012-09-25 04:00:00,186.82861
2012-09-25 05:00:00,153.79031
2012-09-25 06:00:00,173.7002
2012-09-25 07:00:00,172.09558
2012-09-25 08:00:00,235.92622
2012-09-25 09:00:00,302.7118
2012-09-25 10:00:00,309.7984
2012-09-25 11:00:00,338.21884
2012-09-25 12:00:00,350.79544
2012-09-25 13:00:00,346.87088
2012-09-25 14:00:00,366.20395
2012-09-25 15:00:00,375.3257
2012-09-25 16:00:00,367.41672
2012-09-25 17:00:00,368.15012
2012-09-25 18:00:00,363.7607
2012-09-25 19:00:00,335.75693
2012-09-25 20:00:00,316.71912
2012-09-25 21:00:00,316.71912
2012-09-25 22:00:00,316.7916
2012-09-25 23:00:00,314.60168
2012-09-26 00:00:00,283.6003
2012-09-26 01:00:00,280.42865
2012-09-26 02:00:00,267.94696
2012-09-26 03:00:00,267.94696
2012-09-26 04:00:00,232.33069
2012-09-26 05:00:00,226.65773
2012-09-26 06:00:00,219.08504
2012-09-26 07:00:00,183.04344
2012-09-26 08:00:00,237.25719
2012-09-26 09:00:00,275.57523
2012-09-26 10:00:00,238.93965
2012-09-26 11:00:00,302.7852
2012-09-26 12:00:00,305.8652
2012-09-26 13:00:00,316.31186
2012-09-26 14:00:00,348.63666
2012-09-26 15:00:00,349.2232
2012-09-26 16:00:00,357.11935
2012-09-26 17:00:00,349.2232
2012-09-26 18:00:00,346.34164
2012-09-26 19:00:00,324.60413
2012-09-26 20:00:00,255.83311
2012-09-26 21:00:00,277.24045
2012-09-26 22:00:00,248.416
2012-09-26 23:00:00,206.24901
2012-09-27 00:00:00,173.35684
2012-09-27 01:00:00,173.35684
2012-09-27 02:00:00,173.35684
2012-09-27 03:00:00,152.36052
2012-09-27 04:00:00,87.872574
2012-09-27 05:00:00,120.683
2012-09-27 06:00:00,108.62808
2012-09-27 07:00:00,152.36052
2012-09-27 08:00:00,218.88237
2012-09-27 09:00:00,239.77115
2012-09-27 10:00:00,321.75662
2012-09-27 11:00:00,327.48944
2012-09-27 12:00:00,337.97742
2012-09-27 13:00:00,334.31497
2012-09-27 14:00:00,347.41922
2012-09-27 15:00:00,345.79608
2012-09-27 16:00:00,301.3798
2012-09-27 17:00:00,252.41402
2012-09-27 18:00:00,255.25647
2012-09-27 19:00:00,266.6132
2012-09-27 20:00:00,252.8556
2012-09-27 21:00:00,174.79095
2012-09-27 22:00:00,174.79095
2012-09-27 23:00:00,178.02975
2012-09-28 00:00:00,147.62184
2012-09-28 01:00:00,147.34235
2012-09-28 02:00:00,146.41002
2012-09-28 03:00:00,179.27165
2012-09-28 04:00:00,139.71333
2012-09-28 05:00:00,93.51103
2012-09-28 06:00:00,110.748184
2012-09-28 07:00:00,90.857
2012-09-28 08:00:00,143.59525
2012-09-28 09:00:00,180.29802
2012-09-28 10:00:00,208.2329
2012-09-28 11:00:00,248.92526
2012-09-28 12:00:00,314.3428
2012-09-28 13:00:00,323.1887
2012-09-28 14:00:00,314.3428
2012-09-28 15:00:00,310.8124
2012-09-28 16:00:00,322.94183
2012-09-28 17:00:00,307.7754
2012-09-28 18:00:00,320.8395
2012-09-28 19:00:00,324.53604
2012-09-28 20:00:00,311.91437
2012-09-28 21:00:00,311.6409
2012-09-28 22:00:00,306.5714
2012-09-28 23:00:00,297.97018
2012-09-29 00:00:00,298.1868
2012-09-29 01:00:00,298.1868
2012-09-29 02:00:00,322.8839
2012-09-29 03:00:00,303.70718
2012-09-29 04:00:00,294.64996
2012-09-29 05:00:00,259.74704
2012-09-29 06:00:00,257.48984
2012-09-29 07:00:00,219.35107
2012-09-29 08:00:00,224.86247
2012-09-29 09:00:00,259.74704
2012-09-29 10:00:00,324.49197
2012-09-29 11:00:00,349.49683
2012-09-29 12:00:00,438.25455
2012-09-29 13:00:00,438.25455
2012-09-29 14:00:00,443.5536
2012-09-29 15:00:00,425.80893
2012-09-29 16:00:00,440.47897
2012-09-29 17:00:00,437.81372
2012-09-29 18:00:00,394.39236
2012-09-29 19:00:00,320.96634
2012-09-29 20:00:00,323.40555
2012-09-29 21:00:00,316.7192
2012-09-29 22:00:00,245.39792
2012-09-29 23:00:00,272.4365
2012-09-30 00:00:00,254.19263
2012-09-30 01:00:00,254.19263
2012-09-30 02:00:00,221.1226
2012-09-30 03:00:00,206.7729
2012-09-30 04:00:00,206.7729
2012-09-30 05:00:00,151.7778
2012-09-30 06:00:00,168.46483
2012-09-30 07:00:00,123.963165
2012-09-30 08:00:00,212.67867
2012-09-30 09:00:00,249.57687
2012-09-30 10:00:00,399.10342
2012-09-30 11:00:00,425.4811
2012-09-30 12:00:00,438.25455
2012-09-30 13:00:00,440.47897
2012-09-30 14:00:00,440.47897
2012-09-30 15:00:00,472.37466
2012-09-30 16:00:00,472.85733
2012-09-30 17:00:00,470.43954
2012-09-30 18:00:00,267.25558
2012-09-30 19:00:00,229.61284
2012-09-30 20:00:00,229.61284
2012-09-30 21:00:00,191.18504
2012-09-30 22:00:00,159.56898
2012-09-30 23:00:00,175.71828
2012-10-20 00:00:00,115.246704
2012-10-20 01:00:00,179.67834
2012-10-20 02:00:00,138.72491
2012-10-20 03:00:00,136.35562
2012-10-20 04:00:00,151.7778
2012-10-20 05:00:00,94.81717
2012-10-20 06:00:00,154.42345
2012-10-20 07:00:00,94.81717
2012-10-20 08:00:00,212.0821
2012-10-20 09:00:00,281.6735
2012-10-20 10:00:00,338.68863
2012-10-20 11:00:00,350.22714
2012-10-20 12:00:00,387.98038
2012-10-20 13:00:00,412.65048
2012-10-20 14:00:00,411.4318
2012-10-20 15:00:00,387.9838
2012-10-20 16:00:00,387.86234
2012-10-20 17:00:00,425.1749
2012-10-20 18:00:00,403.96362
2012-10-20 19:00:00,375.98172
2012-10-20 20:00:00,392.62247
2012-10-20 21:00:00,330.73154
2012-10-20 22:00:00,298.7194
2012-10-20 23:00:00,238.53746
2012-10-21 00:00:00,281.36905
2012-10-21 01:00:00,242.45091
2012-10-21 02:00:00,202.94548
2012-10-21 03:00:00,163.77332
2012-10-21 04:00:00,118.19368
2012-10-21 05:00:00,163.77332
2012-10-21 06:00:00,199.86806
2012-10-21 07:00:00,199.86806
2012-10-21 08:00:00,179.14534
2012-10-21 09:00:00,287.0811
2012-10-21 10:00:00,332.66678
2012-10-21 11:00:00,358.049
2012-10-21 12:00:00,393.6815
2012-10-21 13:00:00,430.3057
2012-10-21 14:00:00,451.2295
2012-10-21 15:00:00,422.15805
2012-10-21 16:00:00,425.1749
2012-10-21 17:00:00,398.22974
2012-10-21 18:00:00,408.76144
2012-10-21 19:00:00,387.84976
2012-10-21 20:00:00,362.06415
2012-10-21 21:00:00,266.87387
2012-10-21 22:00:00,262.86127
2012-10-21 23:00:00,276.85187
2012-10-22 00:00:00,213.37248
2012-10-22 01:00:00,167.42296
2012-10-22 02:00:00,161.72801
2012-10-22 03:00:00,213.37248
2012-10-22 04:00:00,184.20915
2012-10-22 05:00:00,143.2886
2012-10-22 06:00:00,132.20439
2012-10-22 07:00:00,187.31384
2012-10-22 08:00:00,198.42549
2012-10-22 09:00:00,240.27568
2012-10-22 10:00:00,272.76944
2012-10-22 11:00:00,363.23734
2012-10-22 12:00:00,372.22623
2012-10-22 13:00:00,395.91733
2012-10-22 14:00:00,402.11496
2012-10-22 15:00:00,399.1264
2012-10-22 16:00:00,383.70514
2012-10-22 17:00:00,380.83337
2012-10-22 18:00:00,254.71025
2012-10-22 19:00:00,308.01697
2012-10-22 20:00:00,273.916
2012-10-22 21:00:00,225.19855
2012-10-22 22:00:00,144.63913
2012-10-22 23:00:00,136.77576
2012-10-23 00:00:00,120.37398
2012-10-23 01:00:00,176.04117
2012-10-23 02:00:00,113.62989
2012-10-23 03:00:00,166.02386
2012-10-23 04:00:00,156.19019
2012-10-23 05:00:00,159.56093
2012-10-23 06:00:00,125.5742
2012-10-23 07:00:00,189.16309
2012-10-23 08:00:00,213.62903
2012-10-23 09:00:00,218.78563
2012-10-23 10:00:00,252.83995
2012-10-23 11:00:00,287.29553
2012-10-23 12:00:00,332.13538
2012-10-23 13:00:00,338.62946
2012-10-23 14:00:00,361.34842
2012-10-23 15:00:00,365.13467
2012-10-23 16:00:00,348.9685
2012-10-23 17:00:00,351.605
2012-10-23 18:00:00,309.12558
2012-10-23 19:00:00,291.33078
2012-10-23 20:00:00,264.66312
2012-10-23 21:00:00,207.88467
2012-10-23 22:00:00,234.69798
2012-10-23 23:00:00,200.78598
2012-10-24 00:00:00,197.20442
2012-10-24 01:00:00,204.25938
2012-10-24 02:00:00,204.25938
2012-10-24 03:00:00,167.5557
2012-10-24 04:00:00,167.5557
2012-10-24 05:00:00,117.459305
2012-10-24 06:00:00,138.80888
2012-10-24 07:00:00,103.59027
2012-10-24 08:00:00,168.91618
2012-10-24 09:00:00,196.13248
2012-10-24 10:00:00,212.1926
2012-10-24 11:00:00,236.43762
2012-10-24 12:00:00,274.63596
2012-10-24 13:00:00,290.3578
2012-10-24 14:00:00,403.94107
2012-10-24 15:00:00,364.9366
2012-10-24 16:00:00,387.16568
2012-10-24 17:00:00,322.00748
2012-10-24 18:00:00,336.1512
2012-10-24 19:00:00,311.93094
2012-10-24 20:00:00,285.87042
2012-10-24 21:00:00,286.25943
2012-10-24 22:00:00,271.82858
2012-10-24 23:00:00,246.17165
2012-10-25 00:00:00,271.17447
2012-10-25 01:00:00,211.08421
2012-10-25 02:00:00,151.24977
2012-10-25 03:00:00,148.70734
2012-10-25 04:00:00,143.46124
2012-10-25 05:00:00,151.85867
2012-10-25 06:00:00,154.48558
2012-10-25 07:00:00,154.48558
2012-10-25 08:00:00,174.94109
2012-10-25 09:00:00,176.80086
2012-10-25 10:00:00,174.54207
2012-10-25 11:00:00,171.49348
2012-10-25 12:00:00,197.88118
2012-10-25 13:00:00,189.58775
2012-10-25 14:00:00,212.82695
2012-10-25 15:00:00,261.86978
2012-10-25 16:00:00,243.29257
2012-10-25 17:00:00,243.29257
2012-10-25 18:00:00,142.04323
2012-10-25 19:00:00,160.1396
2012-10-25 20:00:00,148.70734
2012-10-25 21:00:00,148.70734
2012-10-25 22:00:00,169.70749
2012-10-25 23:00:00,174.54207
2012-10-26 00:00:00,192.8272
2012-10-26 01:00:00,140.09633
2012-10-26 02:00:00,143.46124
2012-10-26 03:00:00,151.85867
2012-10-26 04:00:00,151.85867
2012-10-26 05:00:00,143.46124
2012-10-26 06:00:00,140.09633
2012-10-26 07:00:00,143.46124
2012-10-26 08:00:00,150.76027
2012-10-26 09:00:00,150.76027
2012-10-26 10:00:00,146.9716
2012-10-26 11:00:00,202.01546
2012-10-26 12:00:00,228.98311
2012-10-26 13:00:00,251.56165
2012-10-26 14:00:00,271.82858
2012-10-26 15:00:00,286.25943
2012-10-26 16:00:00,228.07875
2012-10-26 17:00:00,212.95766
2012-10-26 18:00:00,200.85478
2012-10-26 19:00:00,176.32253
2012-10-26 20:00:00,176.32253
2012-10-26 21:00:00,202.7714
2012-10-26 22:00:00,171.77386
2012-10-26 23:00:00,151.25906
2012-10-27 00:00:00,85.66138
2012-10-27 01:00:00,152.94821
2012-10-27 02:00:00,153.32161
2012-10-27 03:00:00,88.647354
2012-10-27 04:00:00,154.20651
2012-10-27 05:00:00,180.73851
2012-10-27 06:00:00,180.73851
2012-10-27 07:00:00,119.99071
2012-10-27 08:00:00,172.07887
2012-10-27 09:00:00,172.07887
2012-10-27 10:00:00,213.70097
2012-10-27 11:00:00,282.77896
2012-10-27 12:00:00,362.0573
2012-10-27 13:00:00,425.80893
2012-10-27 14:00:00,406.5632
2012-10-27 15:00:00,303.06674
2012-10-27 16:00:00,281.17618
2012-10-27 17:00:00,281.17618
2012-10-27 18:00:00,281.17618
2012-10-27 19:00:00,232.77942
2012-10-27 20:00:00,232.77942
2012-10-27 21:00:00,232.77942
2012-10-27 22:00:00,232.05693
2012-10-27 23:00:00,230.61244
2012-10-28 00:00:00,255.01167
2012-10-28 01:00:00,227.23933
2012-10-28 02:00:00,238.95714
2012-10-28 03:00:00,251.22012
2012-10-28 04:00:00,244.82954
2012-10-28 05:00:00,258.97897
2012-10-28 06:00:00,267.72333
2012-10-28 07:00:00,275.29507
2012-10-28 08:00:00,229.01248
2012-10-28 09:00:00,265.06747
2012-10-28 10:00:00,270.73218
2012-10-28 11:00:00,287.66956
2012-10-28 12:00:00,227.49274
2012-10-28 13:00:00,238.62437
2012-10-28 14:00:00,244.24428
2012-10-28 15:00:00,222.3438
2012-10-28 16:00:00,212.54416
2012-10-28 17:00:00,155.99556
2012-10-28 18:00:00,86.19045
2012-10-28 19:00:00,114.234764
2012-10-28 20:00:00,90.89294
2012-10-28 21:00:00,126.55226
2012-10-28 22:00:00,140.23543
2012-10-28 23:00:00,114.234764
2012-10-29 00:00:00,120.00802
2012-10-30 13:00:00,90.89096
2012-10-30 14:00:00,90.89096
2012-10-30 15:00:00,93.24444
2012-10-30 16:00:00,93.24444
2012-10-30 17:00:00,95.909966
2012-10-30 18:00:00,103.315636
2012-10-30 19:00:00,244.6945
2012-10-30 20:00:00,128.58269
2012-10-30 21:00:00,117.25398
2012-10-30 22:00:00,107.59819
2012-10-30 23:00:00,107.59819
2012-10-31 00:00:00,129.41019
2012-10-31 01:00:00,128.40497
2012-10-31 02:00:00,130.07954
2012-10-31 03:00:00,129.41019
2012-10-31 04:00:00,123.37146
2012-10-31 05:00:00,130.07954
2012-10-31 06:00:00,110.37833
2012-10-31 07:00:00,119.405174
2012-10-31 08:00:00,112.27999
2012-10-31 09:00:00,129.95862
2012-10-31 10:00:00,171.5248
2012-10-31 11:00:00,183.26059
2012-10-31 12:00:00,236.38295
2012-10-31 13:00:00,274.34113
2012-10-31 14:00:00,254.40005
2012-10-31 15:00:00,262.67773
2012-10-31 16:00:00,247.9478
2012-10-31 17:00:00,237.72458
2012-10-31 18:00:00,237.72458
2012-10-31 19:00:00,250.29137
2012-10-31 20:00:00,250.29137
2012-10-31 21:00:00,250.29137
2012-10-31 22:00:00,211.33023
2012-10-31 23:00:00,210.84998
2012-11-20 00:00:00,139.53311
2012-11-20 01:00:00,160.8854
2012-11-20 02:00:00,147.25136
2012-11-20 03:00:00,167.6166
2012-11-20 04:00:00,174.60658
2012-11-20 05:00:00,177.06836
2012-11-20 06:00:00,162.78621
2012-11-20 07:00:00,118.307
2012-11-20 08:00:00,144.01735
2012-11-20 09:00:00,194.28386
2012-11-20 10:00:00,220.51707
2012-11-20 11:00:00,227.25795
2012-11-20 12:00:00,227.2273
2012-11-20 13:00:00,270.44614
2012-11-20 14:00:00,264.11853
2012-11-20 15:00:00,280.72818
2012-11-20 16:00:00,243.77293
2012-11-20 17:00:00,195.22258
2012-11-20 18:00:00,220.51707
2012-11-20 19:00:00,206.41614
2012-11-20 20:00:00,175.79518
2012-11-20 21:00:00,149.7801
2012-11-20 22:00:00,149.7801
2012-11-20 23:00:00,109.80907
2012-11-21 00:00:00,110.821045
2012-11-21 01:00:00,109.80907
2012-11-21 02:00:00,92.79747
2012-11-21 03:00:00,92.79747
2012-11-21 04:00:00,92.79747
2012-11-21 05:00:00,92.79747
2012-11-21 06:00:00,91.68385
2012-11-21 07:00:00,88.05421
2012-11-21 08:00:00,122.42847
2012-11-21 09:00:00,118.307
2012-11-21 10:00:00,187.39915
2012-11-21 11:00:00,269.52188
2012-11-21 12:00:00,304.7197
2012-11-21 13:00:00,314.44217
2012-11-21 14:00:00,330.60855
2012-11-21 15:00:00,335.2314
2012-11-21 16:00:00,328.67087
2012-11-21 17:00:00,292.46176
2012-11-21 18:00:00,312.74826
2012-11-21 19:00:00,273.0253
2012-11-21 20:00:00,182.44318
2012-11-21 21:00:00,234.61855
2012-11-21 22:00:00,226.14368
2012-11-21 23:00:00,165.47432
2012-11-22 00:00:00,101.3022
2012-11-22 01:00:00,86.28969
2012-11-22 02:00:00,52.116135
2012-11-22 03:00:00,51.916595
2012-11-22 04:00:00,38.631226
2012-11-22 05:00:00,51.916595
2012-11-22 06:00:00,66.33914
2012-11-22 07:00:00,45.56505
2012-11-22 08:00:00,49.972397
2012-11-22 09:00:00,101.01169
2012-11-22 10:00:00,157.5548
2012-11-22 11:00:00,293.46158
2012-11-22 12:00:00,340.4597
2012-11-22 13:00:00,377.1989
2012-11-22 14:00:00,398.80307
2012-11-22 15:00:00,398.80307
2012-11-22 16:00:00,368.67377
2012-11-22 17:00:00,340.4597
2012-11-22 18:00:00,262.1156
2012-11-22 19:00:00,93.39821
2012-11-22 20:00:00,100.16092
2012-11-22 21:00:00,127.89386
2012-11-22 22:00:00,122.89502
2012-11-22 23:00:00,86.50662
2012-11-23 00:00:00,129.20345
2012-11-23 01:00:00,99.92528
2012-11-23 02:00:00,105.31902
2012-11-23 03:00:00,110.151
2012-11-23 04:00:00,102.41014
2012-11-23 05:00:00,89.55067
2012-11-23 06:00:00,89.55067
2012-11-23 07:00:00,89.55067
2012-11-23 08:00:00,85.3592
2012-11-23 09:00:00,111.39603
2012-11-23 10:00:00,186.47017
2012-11-23 11:00:00,269.52188
2012-11-23 12:00:00,302.76758
2012-11-23 13:00:00,306.86392
2012-11-23 14:00:00,330.80856
2012-11-23 15:00:00,310.7819
2012-11-23 16:00:00,311.64197
2012-11-23 17:00:00,317.4188
2012-11-23 18:00:00,310.411
2012-11-23 19:00:00,283.80994
2012-11-23 20:00:00,324.7772
2012-11-23 21:00:00,289.4935
2012-11-23 22:00:00,301.25443
2012-11-23 23:00:00,285.87845
2012-11-24 00:00:00,309.72772
2012-11-24 01:00:00,224.71379
2012-11-24 02:00:00,218.9301
2012-11-24 03:00:00,203.47762
2012-11-24 04:00:00,181.56404
2012-11-24 05:00:00,186.03795
2012-11-24 06:00:00,160.79868
2012-11-24 07:00:00,157.40802
2012-11-24 08:00:00,136.42891
2012-11-24 09:00:00,147.46848
2012-11-24 10:00:00,149.71478
2012-11-24 11:00:00,178.56871
2012-11-24 12:00:00,186.49852
2012-11-24 13:00:00,257.50848
2012-11-24 14:00:00,256.5816
2012-11-24 15:00:00,233.44186
2012-11-24 16:00:00,209.99591
2012-11-24 17:00:00,185.53993
2012-11-24 18:00:00,198.06863
2012-11-24 19:00:00,192.415
2012-11-24 20:00:00,160.79868
2012-11-24 21:00:00,166.62985
2012-11-24 22:00:00,166.51768
2012-11-24 23:00:00,166.62985
2012-11-25 00:00:00,141.27324
2012-11-25 01:00:00,157.6042
2012-11-25 02:00:00,148.72475
2012-11-25 03:00:00,169.09656
2012-11-25 04:00:00,169.09656
2012-11-25 05:00:00,141.84874
2012-11-25 06:00:00,152.4173
2012-11-25 07:00:00,142.83405
2012-11-25 08:00:00,128.28926
2012-11-25 09:00:00,138.59259
2012-11-25 10:00:00,148.31572
2012-11-25 11:00:00,177.568
2012-11-25 12:00:00,177.568
2012-11-25 13:00:00,186.13974
2012-11-25 14:00:00,198.10016
2012-11-25 15:00:00,221.00594
2012-11-25 16:00:00,237.98195
2012-11-25 17:00:00,218.27391
2012-11-25 18:00:00,185.48956
2012-11-25 19:00:00,215.40924
2012-11-25 20:00:00,109.63753
2012-11-25 21:00:00,175.62401
2012-11-25 22:00:00,109.63753
2012-11-25 23:00:00,67.91097
2012-11-26 00:00:00,103.17448
2012-11-26 01:00:00,99.96988
2012-11-26 02:00:00,99.96988
2012-11-26 03:00:00,99.96988
2012-11-26 04:00:00,103.17448
2012-11-26 05:00:00,116.47301
2012-11-26 06:00:00,103.17448
2012-11-26 07:00:00,116.16394
2012-11-26 08:00:00,116.16394
2012-11-26 09:00:00,169.189
2012-11-26 10:00:00,214.45213
2012-11-26 11:00:00,286.6442
2012-11-26 12:00:00,319.10547
2012-11-26 13:00:00,319.10547
2012-11-26 14:00:00,323.20752
2012-11-26 15:00:00,320.51352
2012-11-26 16:00:00,350.48633
2012-11-26 17:00:00,333.7288
2012-11-26 18:00:00,240.84024
2012-11-26 19:00:00,212.88402
2012-11-26 20:00:00,226.14368
2012-11-26 21:00:00,226.14368
2012-11-26 22:00:00,165.47432
2012-11-26 23:00:00,170.17517
2012-11-27 00:00:00,171.26924
2012-11-27 01:00:00,158.1011
2012-11-27 02:00:00,155.01445
2012-11-27 03:00:00,144.61836
2012-11-27 04:00:00,105.59743
2012-11-27 05:00:00,127.600815
2012-11-27 06:00:00,129.05234
2012-11-27 07:00:00,111.29055
2012-11-27 08:00:00,115.80916
2012-11-27 09:00:00,136.4446
2012-11-27 10:00:00,112.697945
2012-11-27 11:00:00,89.58313
2012-11-27 12:00:00,77.341415
2012-11-27 13:00:00,89.401245
2012-11-27 14:00:00,80.10321
2012-11-27 15:00:00,131.0269
2012-11-27 16:00:00,131.0269
2012-11-27 17:00:00,123.43497
2012-11-27 18:00:00,117.1177
2012-11-27 19:00:00,132.0186
2012-11-27 20:00:00,129.98456
2012-11-27 21:00:00,107.047806
2012-11-27 22:00:00,96.925095
2012-11-27 23:00:00,115.82118
2012-11-28 00:00:00,121.18182
2012-11-28 01:00:00,122.06125
2012-11-28 02:00:00,122.06125
2012-11-28 03:00:00,127.53851
2012-11-28 04:00:00,128.814
2012-11-28 05:00:00,131.1909
2012-11-28 06:00:00,135.78032
2012-11-28 07:00:00,157.30748
2012-11-28 08:00:00,157.31046
2012-11-28 09:00:00,191.25487
2012-11-28 10:00:00,208.95802
2012-11-28 11:00:00,235.2416
2012-11-28 12:00:00,244.01384
2012-11-28 13:00:00,250.96552
2012-11-28 14:00:00,255.23695
2012-11-28 15:00:00,270.85147
2012-11-28 16:00:00,276.905
2012-11-28 17:00:00,276.04007
2012-11-28 18:00:00,248.42317
2012-11-28 19:00:00,254.23335
2012-11-28 20:00:00,258.3873
2012-11-28 21:00:00,239.15013
2012-11-28 22:00:00,212.91292
2012-11-28 23:00:00,192.75786
2012-11-29 00:00:00,149.2307
2012-11-29 01:00:00,119.487274
2012-11-29 02:00:00,113.4272
2012-11-29 04:00:00,94.99091
2012-11-29 05:00:00,99.96988
2012-11-29 06:00:00,103.17448
2012-11-29 07:00:00,108.87875
2012-11-29 08:00:00,105.79991
2012-11-29 09:00:00,131.08168
2012-11-29 10:00:00,133.84535
2012-11-29 11:00:00,267.1985
2012-11-29 12:00:00,265.8257
2012-11-29 13:00:00,300.62924
2012-11-29 14:00:00,256.7626
2012-11-29 15:00:00,250.86781
2012-11-29 16:00:00,261.89758
2012-11-29 17:00:00,256.39218
2012-11-29 18:00:00,223.38051
2012-11-29 19:00:00,202.18285
2012-11-29 20:00:00,201.92123
2012-11-29 21:00:00,133.4446
2012-11-29 22:00:00,114.6551
2012-11-29 23:00:00,143.96733
2012-11-30 00:00:00,123.79132
2012-11-30 01:00:00,110.62574
2012-11-30 02:00:00,97.95668
2012-11-30 03:00:00,97.95668
2012-11-30 04:00:00,94.27884
2012-11-30 05:00:00,84.27113
2012-11-30 06:00:00,77.69697
2012-11-30 07:00:00,87.54822
2012-11-30 08:00:00,109.36871
2012-11-30 09:00:00,101.603836
2012-11-30 10:00:00,174.68031
2012-11-30 11:00:00,221.55258
2012-11-30 12:00:00,266.191
2012-11-30 13:00:00,266.17062
2012-11-30 14:00:00,273.50696
2012-11-30 15:00:00,286.59692
2012-11-30 16:00:00,289.8099
2012-11-30 17:00:00,244.11629
2012-11-30 18:00:00,211.02274
2012-11-30 19:00:00,144.97185
2012-11-30 20:00:00,144.97185
2012-11-30 21:00:00,114.973564
2012-11-30 22:00:00,111.07437
2012-11-30 23:00:00,140.42175
2012-12-20 00:00:00,174.38574
2012-12-20 01:00:00,144.97185
2012-12-20 02:00:00,144.97185
2012-12-20 03:00:00,150.81593
2012-12-20 04:00:00,150.81593
2012-12-20 05:00:00,149.8623
2012-12-20 06:00:00,174.68031
2012-12-20 07:00:00,160.88148
2012-12-20 08:00:00,160.88148
2012-12-20 09:00:00,160.88148
2012-12-20 10:00:00,180.98357
2012-12-20 11:00:00,193.21129
2012-12-20 12:00:00,223.24632
2012-12-20 13:00:00,210.3283
2012-12-20 14:00:00,220.11671
2012-12-20 15:00:00,198.705
2012-12-20 16:00:00,184.5892
2012-12-20 17:00:00,174.60658
2012-12-20 18:00:00,161.74629
2012-12-20 19:00:00,135.97212
2012-12-20 20:00:00,134.32932
2012-12-20 21:00:00,134.32932
2012-12-20 22:00:00,110.05867
2012-12-20 23:00:00,128.29681
2012-12-21 00:00:00,94.57474
2012-12-21 01:00:00,94.66503
2012-12-21 02:00:00,99.287155
2012-12-21 03:00:00,99.287155
2012-12-21 04:00:00,93.012596
2012-12-21 05:00:00,85.444336
2012-12-21 06:00:00,96.8619
2012-12-21 07:00:00,101.79059
2012-12-21 08:00:00,94.996765
2012-12-21 09:00:00,96.34467
2012-12-21 10:00:00,147.67232
2012-12-21 11:00:00,96.54587
2012-12-21 12:00:00,96.58695
2012-12-21 13:00:00,98.72938
2012-12-21 14:00:00,99.89339
2012-12-21 15:00:00,90.67686
2012-12-21 16:00:00,90.915955
2012-12-21 17:00:00,76.51266
2012-12-21 18:00:00,77.53935
2012-12-21 19:00:00,123.16954
2012-12-21 20:00:00,126.476524
2012-12-21 21:00:00,124.82405
2012-12-21 22:00:00,117.183174
2012-12-21 23:00:00,116.638535
2012-12-22 00:00:00,99.00648
2012-12-22 01:00:00,99.42592
2012-12-22 02:00:00,98.78723
2012-12-22 03:00:00,92.04116
2012-12-22 04:00:00,87.26962
2012-12-22 05:00:00,94.123856
2012-12-22 06:00:00,101.42789
2012-12-22 07:00:00,101.42789
2012-12-22 08:00:00,99.355896
2012-12-22 09:00:00,93.971565
2012-12-22 10:00:00,90.66194
2012-12-22 11:00:00,115.817825
2012-12-22 12:00:00,124.70278
2012-12-22 13:00:00,142.37569
2012-12-22 14:00:00,142.03786
2012-12-22 15:00:00,141.50793
2012-12-22 16:00:00,127.17239
2012-12-22 17:00:00,115.52589
2012-12-22 18:00:00,99.281494
2012-12-22 19:00:00,86.73133
2012-12-22 20:00:00,80.49819
2012-12-22 21:00:00,72.64366
2012-12-22 22:00:00,72.64366
2012-12-22 23:00:00,70.52309
2012-12-23 00:00:00,80.69904
2012-12-23 01:00:00,78.16838
2012-12-23 02:00:00,65.02913
2012-12-23 03:00:00,64.39461
2012-12-23 04:00:00,71.118744
2012-12-23 05:00:00,66.169586
2012-12-23 06:00:00,40.271866
2012-12-23 07:00:00,40.271866
2012-12-23 08:00:00,33.191036
2012-12-23 09:00:00,53.489777
2012-12-23 10:00:00,50.871582
2012-12-23 11:00:00,71.52112
2012-12-23 12:00:00,115.69563
2012-12-23 13:00:00,135.82306
2012-12-23 14:00:00,160.48448
2012-12-23 15:00:00,156.61372
2012-12-23 16:00:00,161.61287
2012-12-23 17:00:00,107.61879
2012-12-23 18:00:00,109.41916
2012-12-23 19:00:00,114.94188
2012-12-23 20:00:00,60.617027
2012-12-23 21:00:00,50.95434
2012-12-23 22:00:00,59.58074
2012-12-23 23:00:00,61.824036
2012-12-24 00:00:00,78.96345
2012-12-24 01:00:00,78.96345
2012-12-24 02:00:00,69.90517
2012-12-24 03:00:00,69.90517
2012-12-24 05:00:00,62.254265
2012-12-24 06:00:00,69.90517
2012-12-24 07:00:00,74.9626
2012-12-24 08:00:00,78.96345
2012-12-24 09:00:00,86.97407
2012-12-24 10:00:00,94.93626
2012-12-24 11:00:00,87.10646
2012-12-24 12:00:00,98.16653
2012-12-24 13:00:00,65.216606
2012-12-24 14:00:00,64.4066
2012-12-24 15:00:00,54.200665
2012-12-24 16:00:00,54.200665
2012-12-24 17:00:00,58.23589
2012-12-24 18:00:00,63.63823
2012-12-24 19:00:00,62.910645
2012-12-24 20:00:00,60.50373
2012-12-24 21:00:00,64.695885
2012-12-24 22:00:00,67.92856
2012-12-24 23:00:00,74.19315
2012-12-25 00:00:00,46.651283
2012-12-25 01:00:00,42.80228
2012-12-25 02:00:00,42.80228
2012-12-25 04:00:00,40.599915
2012-12-25 05:00:00,31.982798
2012-12-25 06:00:00,31.982798
2012-12-25 07:00:00,32.011066
2012-12-25 08:00:00,44.494164
2012-12-25 09:00:00,41.566803
2012-12-25 10:00:00,45.023777
2012-12-25 11:00:00,54.607674
2012-12-25 12:00:00,57.857628
2012-12-25 13:00:00,142.70946
2012-12-25 14:00:00,141.56958
2012-12-25 15:00:00,114.918884
2012-12-25 16:00:00,102.51895
2012-12-25 17:00:00,82.23004
2012-12-25 18:00:00,74.88067
2012-12-25 19:00:00,75.77859
2012-12-25 20:00:00,73.97016
2012-12-25 21:00:00,72.06462
2012-12-25 22:00:00,71.10974
2012-12-25 23:00:00,64.84904
2012-12-26 00:00:00,85.14252
2012-12-26 01:00:00,75.66592
2012-12-26 02:00:00,75.66592
2012-12-26 03:00:00,66.92291
2012-12-26 04:00:00,79.25089
2012-12-26 05:00:00,67.41199
2012-12-26 06:00:00,70.6526
2012-12-26 07:00:00,43.55887
2012-12-26 08:00:00,43.55887
2012-12-26 09:00:00,43.55887
2012-12-26 10:00:00,44.517048
2012-12-26 11:00:00,39.269238
2012-12-26 12:00:00,46.237503
2012-12-26 13:00:00,46.237503
2012-12-26 14:00:00,49.133926
2012-12-26 15:00:00,50.356377
2012-12-26 16:00:00,50.356377
2012-12-26 17:00:00,49.350594
2012-12-26 18:00:00,56.21151
2012-12-26 19:00:00,68.80019
2012-12-26 20:00:00,68.20597
2012-12-26 21:00:00,76.74093
2012-12-26 22:00:00,42.820206
2012-12-26 23:00:00,53.338577
2012-12-27 00:00:00,53.338577
2012-12-27 01:00:00,42.820206
2012-12-27 02:00:00,59.499443
2012-12-27 03:00:00,65.1523
2012-12-27 04:00:00,63.526787
2012-12-27 05:00:00,76.27043
2012-12-27 06:00:00,93.17213
2012-12-27 07:00:00,79.04353
2012-12-27 08:00:00,93.13145
2012-12-27 09:00:00,110.758896
2012-12-27 10:00:00,120.51944
2012-12-27 11:00:00,80.61736
2012-12-27 12:00:00,132.4702
2012-12-27 13:00:00,132.4702
2012-12-27 14:00:00,76.998825
2012-12-27 15:00:00,76.229294
2012-12-27 16:00:00,78.27939
2012-12-27 17:00:00,78.27939
2012-12-27 18:00:00,76.80263
2012-12-27 19:00:00,91.19758
2012-12-27 20:00:00,89.952126
2012-12-27 21:00:00,76.80263
2012-12-27 22:00:00,74.20327
2012-12-27 23:00:00,76.80263
2012-12-28 00:00:00,82.59501
2012-12-28 01:00:00,90.31443
2012-12-28 02:00:00,91.04531
2012-12-28 03:00:00,82.59501
2012-12-28 04:00:00,86.964325
2012-12-28 05:00:00,87.58548
2012-12-28 06:00:00,81.95389
2012-12-28 07:00:00,81.42607
2012-12-28 08:00:00,84.58858
2012-12-28 09:00:00,74.20327
2012-12-28 10:00:00,80.746506
2012-12-28 11:00:00,86.58845
2012-12-28 12:00:00,97.96738
2012-12-28 13:00:00,97.96738
2012-12-28 14:00:00,97.96738
2012-12-28 15:00:00,107.432106
2012-12-28 16:00:00,112.83642
2012-12-28 17:00:00,88.817535
2012-12-28 18:00:00,88.817535
2012-12-28 19:00:00,78.665695
2012-12-28 20:00:00,86.97407
2012-12-28 21:00:00,81.63257
2012-12-28 22:00:00,82.44183
2012-12-28 23:00:00,87.80741
2012-12-29 00:00:00,57.76419
2012-12-29 01:00:00,52.731205
2012-12-29 02:00:00,57.76419
2012-12-29 03:00:00,53.8499
2012-12-29 04:00:00,52.731205
2012-12-29 05:00:00,52.731205
2012-12-29 06:00:00,61.006386
2012-12-29 07:00:00,61.37509
2012-12-29 08:00:00,51.745533
2012-12-29 09:00:00,51.745533
2012-12-29 10:00:00,55.367348
2012-12-29 11:00:00,45.565807
2012-12-29 12:00:00,48.192253
2012-12-29 13:00:00,48.192253
2012-12-29 14:00:00,42.513885
2012-12-29 15:00:00,44.71086
2012-12-29 16:00:00,48.95716
2012-12-29 17:00:00,40.6632
2012-12-29 18:00:00,55.42768
2012-12-29 19:00:00,72.60312
2012-12-29 20:00:00,71.28952
2012-12-29 21:00:00,69.76689
2012-12-29 22:00:00,62.819115
2012-12-29 23:00:00,72.3645
2012-12-30 00:00:00,72.00624
2012-12-30 01:00:00,67.090485
2012-12-30 02:00:00,70.50526
2012-12-30 03:00:00,67.090485
2012-12-30 04:00:00,73.60629
2012-12-30 05:00:00,77.06617
2012-12-30 06:00:00,66.513794
2012-12-30 07:00:00,70.20035
2012-12-30 08:00:00,80.45747
2012-12-30 09:00:00,79.55594
2012-12-30 10:00:00,104.232025
2012-12-30 11:00:00,107.252884
2012-12-30 12:00:00,118.346725
2012-12-30 13:00:00,124.70278
2012-12-30 14:00:00,133.86424
2012-12-30 15:00:00,121.82647
2012-12-30 16:00:00,119.738495
2012-12-30 17:00:00,106.80121
2012-12-30 18:00:00,77.606834
2012-12-30 19:00:00,88.91598
2012-12-30 20:00:00,81.20999
2012-12-30 21:00:00,65.02913
2012-12-30 22:00:00,57.92328
2012-12-30 23:00:00,65.23923
2012-12-31 00:00:00,83.30627
2012-12-31 01:00:00,83.30627
2012-12-31 02:00:00,77.25756
2012-12-31 03:00:00,76.24093
2012-12-31 04:00:00,64.038994
2012-12-31 05:00:00,72.24556
2012-12-31 06:00:00,72.02007
2012-12-31 07:00:00,71.740204
2012-12-31 08:00:00,64.52606
2012-12-31 09:00:00,73.81433
2012-12-31 10:00:00,72.88762
2012-12-31 11:00:00,76.59386
2012-12-31 12:00:00,79.93889
2012-12-31 13:00:00,84.1142
2012-12-31 14:00:00,85.6662
2012-12-31 15:00:00,91.35085
2012-12-31 16:00:00,82.907875
2012-12-31 17:00:00,91.09871
2012-12-31 18:00:00,87.51034
2012-12-31 19:00:00,87.10646
2012-12-31 20:00:00,87.10646
2012-12-31 21:00:00,94.409096
2012-12-31 22:00:00,97.21906
2012-12-31 23:00:00,90.79678
