datetime,count
2011-01-20 00:00:00,100.994804
2011-01-20 01:00:00,94.322754
2011-01-20 02:00:00,94.322754
2011-01-20 03:00:00,97.158165
2011-01-20 04:00:00,97.158165
2011-01-20 05:00:00,86.27538
2011-01-20 06:00:00,81.64508
2011-01-20 07:00:00,84.49098
2011-01-20 08:00:00,83.66227
2011-01-20 09:00:00,77.40383
2011-01-20 10:00:00,99.005135
2011-01-20 11:00:00,81.70344
2011-01-20 12:00:00,96.18258
2011-01-20 13:00:00,84.506294
2011-01-20 14:00:00,88.76743
2011-01-20 15:00:00,94.883125
2011-01-20 16:00:00,92.038185
2011-01-20 17:00:00,94.67098
2011-01-20 18:00:00,86.479
2011-01-20 19:00:00,96.07537
2011-01-20 20:00:00,84.66169
2011-01-20 21:00:00,82.519844
2011-01-20 22:00:00,77.38519
2011-01-20 23:00:00,72.55676
2011-01-21 00:00:00,79.081276
2011-01-21 01:00:00,79.081276
2011-01-21 02:00:00,64.30247
2011-01-21 03:00:00,46.050648
2011-01-21 04:00:00,77.23257
2011-01-21 05:00:00,91.3092
2011-01-21 06:00:00,83.55183
2011-01-21 07:00:00,80.02105
2011-01-21 08:00:00,84.19639
2011-01-21 09:00:00,84.46315
2011-01-21 10:00:00,92.647026
2011-01-21 11:00:00,100.12859
2011-01-21 12:00:00,109.637726
2011-01-21 13:00:00,103.08924
2011-01-21 14:00:00,100.30485
2011-01-21 15:00:00,86.14536
2011-01-21 16:00:00,83.893166
2011-01-21 17:00:00,78.02749
2011-01-21 18:00:00,69.988625
2011-01-21 19:00:00,71.537
2011-01-21 20:00:00,68.815544
2011-01-21 21:00:00,58.088512
2011-01-21 22:00:00,59.315853
2011-01-21 23:00:00,55.914257
2011-01-22 00:00:00,23.0557
2011-01-22 01:00:00,18.317804
2011-01-22 02:00:00,18.458826
2011-01-22 03:00:00,18.042002
2011-01-22 04:00:00,15.432565
2011-01-22 06:00:00,17.063404
2011-01-22 07:00:00,22.184246
2011-01-22 08:00:00,22.620852
2011-01-22 09:00:00,25.726984
2011-01-22 10:00:00,19.84217
2011-01-22 11:00:00,22.585154
2011-01-22 12:00:00,23.291319
2011-01-22 13:00:00,31.252287
2011-01-22 14:00:00,40.62267
2011-01-22 15:00:00,46.413296
2011-01-22 16:00:00,59.617496
2011-01-22 17:00:00,50.322548
2011-01-22 18:00:00,36.344223
2011-01-22 19:00:00,35.652126
2011-01-22 20:00:00,24.872171
2011-01-22 21:00:00,24.314806
2011-01-22 22:00:00,18.411718
2011-01-22 23:00:00,15.395765
2011-01-23 00:00:00,15.395765
2011-01-23 01:00:00,15.395765
2011-01-23 02:00:00,13.559643
2011-01-23 03:00:00,13.559643
2011-01-23 05:00:00,16.120773
2011-01-23 06:00:00,16.120773
2011-01-23 07:00:00,20.356983
2011-01-23 08:00:00,17.030245
2011-01-23 09:00:00,28.282679
2011-01-23 10:00:00,41.96905
2011-01-23 11:00:00,38.959415
2011-01-23 12:00:00,63.3955
2011-01-23 13:00:00,57.77768
2011-01-23 14:00:00,71.445274
2011-01-23 15:00:00,71.445274
2011-01-23 16:00:00,73.338234
2011-01-23 17:00:00,66.475876
2011-01-23 18:00:00,55.420864
2011-01-23 19:00:00,55.631516
2011-01-23 20:00:00,40.054413
2011-01-23 21:00:00,39.281193
2011-01-23 22:00:00,33.01411
2011-01-23 23:00:00,27.736498
2011-01-24 00:00:00,57.583168
2011-01-24 01:00:00,53.84036
2011-01-24 03:00:00,52.58691
2011-01-24 04:00:00,52.05382
2011-01-24 05:00:00,52.05382
2011-01-24 06:00:00,50.64654
2011-01-24 07:00:00,45.6431
2011-01-24 08:00:00,48.721924
2011-01-24 09:00:00,51.98473
2011-01-24 10:00:00,57.952198
2011-01-24 11:00:00,62.89834
2011-01-24 12:00:00,45.655804
2011-01-24 13:00:00,49.46654
2011-01-24 14:00:00,51.221123
2011-01-24 15:00:00,73.815895
2011-01-24 16:00:00,73.13363
2011-01-24 17:00:00,66.76739
2011-01-24 18:00:00,65.80714
2011-01-24 19:00:00,69.735344
2011-01-24 20:00:00,65.80714
2011-01-24 21:00:00,65.97315
2011-01-24 22:00:00,62.85712
2011-01-24 23:00:00,64.46681
2011-01-25 00:00:00,58.815315
2011-01-25 01:00:00,69.87138
2011-01-25 02:00:00,64.07644
2011-01-25 04:00:00,61.383198
2011-01-25 05:00:00,57.783375
2011-01-25 06:00:00,64.05386
2011-01-25 07:00:00,60.541286
2011-01-25 08:00:00,71.35937
2011-01-25 09:00:00,79.20277
2011-01-25 10:00:00,81.40495
2011-01-25 11:00:00,84.99067
2011-01-25 12:00:00,90.438515
2011-01-25 13:00:00,87.91496
2011-01-25 14:00:00,97.67306
2011-01-25 15:00:00,102.860954
2011-01-25 16:00:00,102.860954
2011-01-25 17:00:00,119.153175
2011-01-25 18:00:00,95.398796
2011-01-25 19:00:00,88.38941
2011-01-25 20:00:00,83.68717
2011-01-25 21:00:00,83.68717
2011-01-25 22:00:00,82.33875
2011-01-25 23:00:00,80.666824
2011-01-26 00:00:00,80.94724
2011-01-26 01:00:00,85.09977
2011-01-26 02:00:00,56.87612
2011-01-26 05:00:00,41.98893
2011-01-26 06:00:00,41.98893
2011-01-26 07:00:00,44.34346
2011-01-26 08:00:00,44.34346
2011-01-26 09:00:00,44.34346
2011-01-26 10:00:00,45.491947
2011-01-26 11:00:00,39.17909
2011-01-26 12:00:00,39.17909
2011-01-26 13:00:00,39.17909
2011-01-26 14:00:00,36.56346
2011-01-26 15:00:00,30.668531
2011-01-26 16:00:00,23.550173
2011-01-26 17:00:00,34.125378
2011-01-27 16:00:00,87.81278
2011-01-27 17:00:00,87.79527
2011-01-27 18:00:00,73.02907
2011-01-27 19:00:00,73.02907
2011-01-27 20:00:00,66.92536
2011-01-27 21:00:00,66.92536
2011-01-27 22:00:00,66.92536
2011-01-27 23:00:00,65.0037
2011-01-28 00:00:00,76.969894
2011-01-28 01:00:00,76.969894
2011-01-28 02:00:00,76.332825
2011-01-28 03:00:00,78.605865
2011-01-28 05:00:00,75.50087
2011-01-28 06:00:00,72.94545
2011-01-28 07:00:00,67.19436
2011-01-28 08:00:00,67.19436
2011-01-28 09:00:00,62.828762
2011-01-28 10:00:00,61.220074
2011-01-28 11:00:00,60.76824
2011-01-28 12:00:00,60.76824
2011-01-28 13:00:00,60.76824
2011-01-28 14:00:00,78.043144
2011-01-28 15:00:00,77.99953
2011-01-28 16:00:00,67.27402
2011-01-28 17:00:00,77.581184
2011-01-28 18:00:00,75.58243
2011-01-28 19:00:00,83.37965
2011-01-28 20:00:00,82.8458
2011-01-28 21:00:00,80.114204
2011-01-28 22:00:00,80.710396
2011-01-28 23:00:00,86.27538
2011-01-29 00:00:00,44.949886
2011-01-29 01:00:00,44.744854
2011-01-29 02:00:00,44.046474
2011-01-29 03:00:00,37.996204
2011-01-29 04:00:00,27.399996
2011-01-29 06:00:00,30.395254
2011-01-29 07:00:00,29.580158
2011-01-29 08:00:00,38.842884
2011-01-29 09:00:00,33.24511
2011-01-29 10:00:00,39.884266
2011-01-29 11:00:00,37.246098
2011-01-29 12:00:00,41.122223
2011-01-29 13:00:00,49.71697
2011-01-29 14:00:00,51.2226
2011-01-29 15:00:00,39.42776
2011-01-29 16:00:00,53.333424
2011-01-29 17:00:00,46.22075
2011-01-29 18:00:00,40.2304
2011-01-29 19:00:00,40.01626
2011-01-29 20:00:00,29.095432
2011-01-29 21:00:00,29.095432
2011-01-29 22:00:00,23.933199
2011-01-29 23:00:00,23.933199
2011-01-30 00:00:00,23.651747
2011-01-30 01:00:00,19.36301
2011-01-30 02:00:00,22.11997
2011-01-30 03:00:00,19.579817
2011-01-30 04:00:00,19.579817
2011-01-30 05:00:00,19.576365
2011-01-30 07:00:00,19.576365
2011-01-30 08:00:00,27.37129
2011-01-30 09:00:00,31.863428
2011-01-30 10:00:00,36.627537
2011-01-30 11:00:00,32.612972
2011-01-30 12:00:00,86.27572
2011-01-30 13:00:00,63.395077
2011-01-30 14:00:00,63.46285
2011-01-30 15:00:00,75.69295
2011-01-30 16:00:00,75.69295
2011-01-30 17:00:00,82.74673
2011-01-30 18:00:00,54.531242
2011-01-30 19:00:00,54.863457
2011-01-30 20:00:00,65.34461
2011-01-30 21:00:00,51.99374
2011-01-30 22:00:00,49.18717
2011-01-30 23:00:00,44.736134
2011-01-31 00:00:00,83.40514
2011-01-31 01:00:00,77.89863
2011-01-31 02:00:00,81.50854
2011-01-31 03:00:00,81.50854
2011-01-31 04:00:00,77.713844
2011-01-31 05:00:00,68.00956
2011-01-31 06:00:00,58.674835
2011-01-31 07:00:00,61.046246
2011-01-31 08:00:00,60.079906
2011-01-31 09:00:00,59.386776
2011-01-31 10:00:00,65.559135
2011-01-31 11:00:00,65.559135
2011-01-31 12:00:00,69.70336
2011-01-31 13:00:00,70.56273
2011-01-31 14:00:00,68.77222
2011-01-31 15:00:00,66.798744
2011-01-31 16:00:00,64.67503
2011-01-31 17:00:00,65.559135
2011-01-31 18:00:00,62.445087
2011-01-31 19:00:00,105.652725
2011-01-31 20:00:00,43.031345
2011-01-31 21:00:00,47.327038
2011-01-31 22:00:00,67.09613
2011-01-31 23:00:00,71.5873
2011-02-20 00:00:00,102.46705
2011-02-20 01:00:00,87.580246
2011-02-20 02:00:00,94.11674
2011-02-20 03:00:00,83.77996
2011-02-20 04:00:00,83.77996
2011-02-20 06:00:00,52.885136
2011-02-20 07:00:00,40.033634
2011-02-20 08:00:00,45.199593
2011-02-20 09:00:00,60.152378
2011-02-20 10:00:00,68.63253
2011-02-20 11:00:00,92.12791
2011-02-20 12:00:00,124.3967
2011-02-20 13:00:00,151.16374
2011-02-20 14:00:00,179.78932
2011-02-20 15:00:00,178.17097
2011-02-20 16:00:00,174.33336
2011-02-20 17:00:00,156.40858
2011-02-20 18:00:00,109.14932
2011-02-20 19:00:00,109.14932
2011-02-20 20:00:00,113.226585
2011-02-20 21:00:00,99.381584
2011-02-20 22:00:00,86.34452
2011-02-20 23:00:00,80.60803
2011-02-21 00:00:00,104.61861
2011-02-21 01:00:00,104.61861
2011-02-21 02:00:00,104.61861
2011-02-21 03:00:00,101.624374
2011-02-21 04:00:00,91.15777
2011-02-21 05:00:00,99.24714
2011-02-21 06:00:00,158.38045
2011-02-21 07:00:00,158.26695
2011-02-21 08:00:00,92.50756
2011-02-21 09:00:00,91.64261
2011-02-21 10:00:00,90.11965
2011-02-21 11:00:00,85.42269
2011-02-21 12:00:00,81.16209
2011-02-21 13:00:00,60.494373
2011-02-21 14:00:00,76.98621
2011-02-21 15:00:00,78.33174
2011-02-21 16:00:00,50.950607
2011-02-21 17:00:00,63.883053
2011-02-21 18:00:00,37.91274
2011-02-21 19:00:00,37.91274
2011-02-21 20:00:00,38.73612
2011-02-21 21:00:00,36.956924
2011-02-21 22:00:00,33.59232
2011-02-21 23:00:00,33.59232
2011-02-22 06:00:00,50.803574
2011-02-22 07:00:00,50.803574
2011-02-22 08:00:00,53.78593
2011-02-22 09:00:00,56.859463
2011-02-22 10:00:00,62.624733
2011-02-22 11:00:00,68.678116
2011-02-22 12:00:00,81.17205
2011-02-22 13:00:00,88.20328
2011-02-22 14:00:00,87.81278
2011-02-22 15:00:00,94.50469
2011-02-22 16:00:00,89.49839
2011-02-22 17:00:00,86.48071
2011-02-22 18:00:00,90.87744
2011-02-22 19:00:00,82.6816
2011-02-22 20:00:00,83.162056
2011-02-22 21:00:00,82.9128
2011-02-22 22:00:00,74.0575
2011-02-22 23:00:00,74.0575
2011-02-23 00:00:00,69.24647
2011-02-23 01:00:00,71.8482
2011-02-23 02:00:00,67.34635
2011-02-23 03:00:00,67.423004
2011-02-23 05:00:00,66.82557
2011-02-23 06:00:00,66.82557
2011-02-23 07:00:00,66.607056
2011-02-23 08:00:00,69.735344
2011-02-23 09:00:00,79.54108
2011-02-23 10:00:00,83.76631
2011-02-23 11:00:00,94.02424
2011-02-23 12:00:00,101.33909
2011-02-23 13:00:00,127.621445
2011-02-23 14:00:00,140.1868
2011-02-23 15:00:00,155.4707
2011-02-23 16:00:00,148.9583
2011-02-23 17:00:00,155.4707
2011-02-23 18:00:00,142.07887
2011-02-23 19:00:00,120.227715
2011-02-23 20:00:00,90.002464
2011-02-23 21:00:00,95.34861
2011-02-23 22:00:00,95.34861
2011-02-23 23:00:00,88.31277
2011-02-24 00:00:00,88.31277
2011-02-24 01:00:00,85.16941
2011-02-24 02:00:00,76.60053
2011-02-24 03:00:00,77.40275
2011-02-24 05:00:00,73.76238
2011-02-24 06:00:00,72.83279
2011-02-24 07:00:00,71.47102
2011-02-24 08:00:00,78.841034
2011-02-24 09:00:00,69.41751
2011-02-24 10:00:00,79.37761
2011-02-24 11:00:00,94.70934
2011-02-24 12:00:00,110.41497
2011-02-24 13:00:00,126.57644
2011-02-24 14:00:00,136.63489
2011-02-24 15:00:00,102.65245
2011-02-24 16:00:00,98.32276
2011-02-24 17:00:00,92.52619
2011-02-24 18:00:00,80.598465
2011-02-24 19:00:00,68.332016
2011-02-24 20:00:00,76.281525
2011-02-24 21:00:00,80.598465
2011-02-24 22:00:00,73.723335
2011-02-24 23:00:00,80.65388
2011-02-25 00:00:00,101.21281
2011-02-25 01:00:00,83.235664
2011-02-25 02:00:00,83.235664
2011-02-25 03:00:00,89.37536
2011-02-25 05:00:00,89.37536
2011-02-25 06:00:00,94.489746
2011-02-25 07:00:00,82.047844
2011-02-25 08:00:00,92.15848
2011-02-25 09:00:00,59.256214
2011-02-25 10:00:00,90.49378
2011-02-25 11:00:00,205.4985
2011-02-25 12:00:00,151.81999
2011-02-25 13:00:00,151.81999
2011-02-25 14:00:00,146.86934
2011-02-25 15:00:00,207.88847
2011-02-25 16:00:00,126.69343
2011-02-25 17:00:00,146.98785
2011-02-25 18:00:00,128.46626
2011-02-25 19:00:00,118.8951
2011-02-25 20:00:00,128.82176
2011-02-25 21:00:00,110.746925
2011-02-25 22:00:00,106.51534
2011-02-25 23:00:00,100.044426
2011-02-26 00:00:00,61.81207
2011-02-26 01:00:00,60.080627
2011-02-26 02:00:00,47.966785
2011-02-26 03:00:00,48.842335
2011-02-26 04:00:00,56.08929
2011-02-26 05:00:00,52.166668
2011-02-26 06:00:00,39.988876
2011-02-26 07:00:00,44.6676
2011-02-26 08:00:00,66.904594
2011-02-26 09:00:00,63.9943
2011-02-26 10:00:00,84.957146
2011-02-26 11:00:00,97.07375
2011-02-26 12:00:00,94.003136
2011-02-26 13:00:00,102.77477
2011-02-26 14:00:00,106.168144
2011-02-26 15:00:00,114.68157
2011-02-26 16:00:00,127.43994
2011-02-26 17:00:00,141.13428
2011-02-26 18:00:00,121.3408
2011-02-26 19:00:00,100.89883
2011-02-26 20:00:00,82.53169
2011-02-26 21:00:00,62.421486
2011-02-26 22:00:00,50.239185
2011-02-26 23:00:00,44.844624
2011-02-27 00:00:00,29.969282
2011-02-27 01:00:00,31.441965
2011-02-27 02:00:00,33.809147
2011-02-27 03:00:00,35.53792
2011-02-27 04:00:00,30.198153
2011-02-27 06:00:00,32.46931
2011-02-27 07:00:00,30.198153
2011-02-27 08:00:00,35.69383
2011-02-27 09:00:00,38.272728
2011-02-27 10:00:00,48.79719
2011-02-27 11:00:00,94.60212
2011-02-27 12:00:00,137.1521
2011-02-27 13:00:00,165.61656
2011-02-27 14:00:00,189.27458
2011-02-27 15:00:00,219.77184
2011-02-27 16:00:00,239.54445
2011-02-27 17:00:00,159.17989
2011-02-27 18:00:00,145.78847
2011-02-27 19:00:00,140.93332
2011-02-27 20:00:00,137.1521
2011-02-27 21:00:00,112.28989
2011-02-27 22:00:00,120.838905
2011-02-27 23:00:00,104.44361
2011-02-28 00:00:00,117.730934
2011-02-28 01:00:00,61.040245
2011-02-28 03:00:00,79.23237
2011-02-28 05:00:00,99.98199
2011-02-28 06:00:00,89.95089
2011-02-28 07:00:00,100.65395
2011-02-28 08:00:00,78.76423
2011-02-28 09:00:00,127.07496
2011-02-28 10:00:00,168.91902
2011-02-28 11:00:00,217.1873
2011-02-28 12:00:00,217.1873
2011-02-28 13:00:00,108.94334
2011-02-28 14:00:00,89.07524
2011-02-28 15:00:00,89.07524
2011-02-28 16:00:00,99.29831
2011-02-28 17:00:00,84.37899
2011-02-28 18:00:00,110.35853
2011-02-28 19:00:00,82.71726
2011-02-28 20:00:00,82.71726
2011-02-28 21:00:00,93.896416
2011-02-28 22:00:00,52.90534
2011-02-28 23:00:00,76.584145
2011-03-20 00:00:00,114.05862
2011-03-20 01:00:00,94.130196
2011-03-20 02:00:00,88.33698
2011-03-20 03:00:00,74.587975
2011-03-20 04:00:00,66.64178
2011-03-20 05:00:00,61.270573
2011-03-20 06:00:00,62.104607
2011-03-20 07:00:00,52.32152
2011-03-20 08:00:00,72.51986
2011-03-20 09:00:00,84.72549
2011-03-20 10:00:00,102.645424
2011-03-20 11:00:00,134.48892
2011-03-20 12:00:00,145.62154
2011-03-20 13:00:00,178.6044
2011-03-20 14:00:00,205.23863
2011-03-20 15:00:00,204.68657
2011-03-20 16:00:00,217.36368
2011-03-20 17:00:00,202.35686
2011-03-20 18:00:00,165.0049
2011-03-20 19:00:00,134.72281
2011-03-20 20:00:00,127.43994
2011-03-20 21:00:00,93.910164
2011-03-20 22:00:00,88.033394
2011-03-20 23:00:00,62.50835
2011-03-21 00:00:00,56.599167
2011-03-21 01:00:00,73.93694
2011-03-21 02:00:00,74.00055
2011-03-21 03:00:00,74.00055
2011-03-21 05:00:00,58.812176
2011-03-21 06:00:00,49.477085
2011-03-21 07:00:00,29.88938
2011-03-21 08:00:00,55.018238
2011-03-21 09:00:00,62.64728
2011-03-21 10:00:00,81.452034
2011-03-21 11:00:00,105.57792
2011-03-21 12:00:00,106.63184
2011-03-21 13:00:00,158.5035
2011-03-21 14:00:00,178.20334
2011-03-21 15:00:00,193.59462
2011-03-21 16:00:00,181.16228
2011-03-21 17:00:00,179.66328
2011-03-21 18:00:00,152.90042
2011-03-21 19:00:00,235.12724
2011-03-21 20:00:00,216.09692
2011-03-21 21:00:00,74.52588
2011-03-21 22:00:00,86.84185
2011-03-21 23:00:00,70.79925
2011-03-22 00:00:00,84.108086
2011-03-22 01:00:00,51.77624
2011-03-22 02:00:00,56.624084
2011-03-22 03:00:00,90.49572
2011-03-22 04:00:00,95.41246
2011-03-22 05:00:00,86.02895
2011-03-22 06:00:00,70.2675
2011-03-22 07:00:00,98.35595
2011-03-22 08:00:00,110.30087
2011-03-22 09:00:00,104.09429
2011-03-22 10:00:00,133.80765
2011-03-22 11:00:00,172.72621
2011-03-22 12:00:00,195.10252
2011-03-22 13:00:00,221.56691
2011-03-22 14:00:00,225.05891
2011-03-22 15:00:00,227.67314
2011-03-22 16:00:00,217.90874
2011-03-22 17:00:00,217.90874
2011-03-22 18:00:00,198.36687
2011-03-22 19:00:00,132.10605
2011-03-22 20:00:00,128.29866
2011-03-22 21:00:00,123.25619
2011-03-22 22:00:00,109.980354
2011-03-22 23:00:00,109.980354
2011-03-23 00:00:00,61.78541
2011-03-23 01:00:00,54.825466
2011-03-23 02:00:00,54.825466
2011-03-23 03:00:00,70.61176
2011-03-23 05:00:00,52.299625
2011-03-23 06:00:00,57.394512
2011-03-23 07:00:00,49.337708
2011-03-23 08:00:00,57.5958
2011-03-23 09:00:00,62.112324
2011-03-23 10:00:00,64.68597
2011-03-23 11:00:00,61.418457
2011-03-23 12:00:00,58.95847
2011-03-23 13:00:00,66.00643
2011-03-23 14:00:00,75.215195
2011-03-23 15:00:00,78.908325
2011-03-23 16:00:00,92.02076
2011-03-23 17:00:00,92.02076
2011-03-23 18:00:00,64.02137
2011-03-23 19:00:00,64.02137
2011-03-23 20:00:00,47.597797
2011-03-23 21:00:00,30.740015
2011-03-23 22:00:00,53.258106
2011-03-23 23:00:00,76.96333
2011-03-24 00:00:00,49.337708
2011-03-24 01:00:00,43.086292
2011-03-24 02:00:00,41.97481
2011-03-24 03:00:00,42.826458
2011-03-24 04:00:00,42.826458
2011-03-24 05:00:00,45.259403
2011-03-24 06:00:00,45.259403
2011-03-24 07:00:00,38.632534
2011-03-24 08:00:00,30.70621
2011-03-24 09:00:00,43.728664
2011-03-24 10:00:00,42.53319
2011-03-24 11:00:00,56.820763
2011-03-24 12:00:00,66.96416
2011-03-24 13:00:00,74.36945
2011-03-24 14:00:00,72.43901
2011-03-24 15:00:00,70.02306
2011-03-24 16:00:00,73.574615
2011-03-24 17:00:00,70.86358
2011-03-24 18:00:00,74.968376
2011-03-24 19:00:00,106.14228
2011-03-24 20:00:00,80.92259
2011-03-24 21:00:00,65.92098
2011-03-24 22:00:00,65.482155
2011-03-24 23:00:00,63.108517
2011-03-25 00:00:00,69.229935
2011-03-25 01:00:00,56.88099
2011-03-25 02:00:00,56.93917
2011-03-25 03:00:00,53.461975
2011-03-25 04:00:00,49.099094
2011-03-25 05:00:00,52.404057
2011-03-25 06:00:00,52.362835
2011-03-25 07:00:00,75.17114
2011-03-25 08:00:00,81.77555
2011-03-25 09:00:00,93.161644
2011-03-25 10:00:00,77.49723
2011-03-25 11:00:00,118.133766
2011-03-25 12:00:00,130.42902
2011-03-25 13:00:00,134.76086
2011-03-25 14:00:00,167.59663
2011-03-25 15:00:00,99.90893
2011-03-25 16:00:00,103.48454
2011-03-25 17:00:00,95.6396
2011-03-25 18:00:00,126.2898
2011-03-25 19:00:00,90.282906
2011-03-25 20:00:00,80.54995
2011-03-25 21:00:00,81.53102
2011-03-25 22:00:00,83.005035
2011-03-25 23:00:00,78.54301
2011-03-26 00:00:00,75.6788
2011-03-26 01:00:00,88.01034
2011-03-26 02:00:00,55.888973
2011-03-26 03:00:00,42.36842
2011-03-26 04:00:00,55.888973
2011-03-26 05:00:00,36.245663
2011-03-26 06:00:00,27.333918
2011-03-26 07:00:00,36.245663
2011-03-26 08:00:00,53.36128
2011-03-26 09:00:00,68.21479
2011-03-26 10:00:00,80.22604
2011-03-26 11:00:00,98.47278
2011-03-26 12:00:00,121.37922
2011-03-26 13:00:00,145.5453
2011-03-26 14:00:00,176.18593
2011-03-26 15:00:00,180.17516
2011-03-26 16:00:00,202.70157
2011-03-26 17:00:00,180.78667
2011-03-26 18:00:00,150.05301
2011-03-26 19:00:00,72.29373
2011-03-26 20:00:00,72.29373
2011-03-26 21:00:00,66.19843
2011-03-26 22:00:00,78.512955
2011-03-26 23:00:00,64.44355
2011-03-27 00:00:00,69.27445
2011-03-27 01:00:00,50.551083
2011-03-27 02:00:00,32.98064
2011-03-27 03:00:00,18.178589
2011-03-27 04:00:00,16.628168
2011-03-27 06:00:00,15.0931425
2011-03-27 07:00:00,13.960052
2011-03-27 08:00:00,21.674189
2011-03-27 09:00:00,32.55872
2011-03-27 10:00:00,40.129524
2011-03-27 11:00:00,54.86086
2011-03-27 12:00:00,67.33332
2011-03-27 13:00:00,110.12445
2011-03-27 14:00:00,130.89558
2011-03-27 15:00:00,132.16684
2011-03-27 16:00:00,126.223595
2011-03-27 17:00:00,150.78459
2011-03-27 18:00:00,132.9739
2011-03-27 19:00:00,139.12703
2011-03-27 20:00:00,105.0454
2011-03-27 21:00:00,80.22604
2011-03-27 22:00:00,80.22604
2011-03-27 23:00:00,74.36649
2011-03-28 00:00:00,72.917046
2011-03-28 01:00:00,87.401474
2011-03-28 02:00:00,84.997284
2011-03-28 03:00:00,84.997284
2011-03-28 05:00:00,78.15337
2011-03-28 06:00:00,88.4699
2011-03-28 07:00:00,96.311035
2011-03-28 08:00:00,94.30407
2011-03-28 09:00:00,71.03916
2011-03-28 10:00:00,112.72799
2011-03-28 11:00:00,84.20869
2011-03-28 12:00:00,80.10189
2011-03-28 13:00:00,96.69573
2011-03-28 14:00:00,165.45927
2011-03-28 15:00:00,161.03473
2011-03-28 16:00:00,174.14827
2011-03-28 17:00:00,170.77815
2011-03-28 18:00:00,166.14717
2011-03-28 19:00:00,150.54262
2011-03-28 20:00:00,161.67238
2011-03-28 21:00:00,164.82344
2011-03-28 22:00:00,155.40645
2011-03-28 23:00:00,137.96179
2011-03-29 00:00:00,121.83927
2011-03-29 01:00:00,108.25826
2011-03-29 02:00:00,108.25826
2011-03-29 03:00:00,108.25826
2011-03-29 04:00:00,80.43653
2011-03-29 05:00:00,98.67175
2011-03-29 06:00:00,96.624596
2011-03-29 07:00:00,98.238914
2011-03-29 08:00:00,107.38494
2011-03-29 09:00:00,131.74405
2011-03-29 10:00:00,147.71153
2011-03-29 11:00:00,114.524055
2011-03-29 12:00:00,168.61504
2011-03-29 13:00:00,167.4041
2011-03-29 14:00:00,182.57774
2011-03-29 15:00:00,199.34367
2011-03-29 16:00:00,201.18376
2011-03-29 17:00:00,215.87204
2011-03-29 18:00:00,183.55937
2011-03-29 19:00:00,173.68982
2011-03-29 20:00:00,183.55937
2011-03-29 21:00:00,118.53835
2011-03-29 22:00:00,103.55737
2011-03-29 23:00:00,78.32412
2011-03-30 00:00:00,82.69471
2011-03-30 01:00:00,116.31897
2011-03-30 02:00:00,82.69471
2011-03-30 03:00:00,82.635445
2011-03-30 04:00:00,82.69471
2011-03-30 05:00:00,74.711006
2011-03-30 06:00:00,74.11899
2011-03-30 07:00:00,81.50097
2011-03-30 08:00:00,79.69269
2011-03-30 09:00:00,85.35852
2011-03-30 10:00:00,89.77143
2011-03-30 11:00:00,92.31866
2011-03-30 12:00:00,86.61849
2011-03-30 13:00:00,95.63958
2011-03-30 14:00:00,100.01574
2011-03-30 15:00:00,34.839577
2011-03-30 16:00:00,37.44196
2011-03-30 17:00:00,51.320957
2011-03-30 18:00:00,43.728664
2011-03-30 19:00:00,43.728664
2011-03-30 20:00:00,27.606585
2011-03-30 21:00:00,40.81208
2011-03-30 22:00:00,35.526356
2011-03-30 23:00:00,29.109772
2011-03-31 00:00:00,35.526356
2011-03-31 01:00:00,37.82639
2011-03-31 02:00:00,37.82639
2011-03-31 03:00:00,35.526356
2011-03-31 04:00:00,32.45398
2011-03-31 05:00:00,35.526356
2011-03-31 06:00:00,27.606585
2011-03-31 07:00:00,32.45398
2011-03-31 08:00:00,37.65034
2011-03-31 09:00:00,33.945538
2011-03-31 10:00:00,33.945538
2011-03-31 11:00:00,42.78164
2011-03-31 12:00:00,42.78164
2011-03-31 13:00:00,56.142365
2011-03-31 14:00:00,56.142365
2011-03-31 15:00:00,34.1243
2011-03-31 16:00:00,50.90623
2011-03-31 17:00:00,50.90623
2011-03-31 18:00:00,57.450138
2011-03-31 19:00:00,57.450138
2011-03-31 20:00:00,31.811464
2011-03-31 21:00:00,46.979733
2011-03-31 22:00:00,36.462555
2011-03-31 23:00:00,44.66885
2011-04-20 00:00:00,70.81225
2011-04-20 01:00:00,62.1554
2011-04-20 02:00:00,62.1554
2011-04-20 03:00:00,51.891644
2011-04-20 04:00:00,46.238472
2011-04-20 05:00:00,60.02979
2011-04-20 06:00:00,62.1554
2011-04-20 07:00:00,55.4546
2011-04-20 08:00:00,251.06044
2011-04-20 09:00:00,278.35556
2011-04-20 10:00:00,190.83049
2011-04-20 11:00:00,190.83049
2011-04-20 12:00:00,311.9364
2011-04-20 13:00:00,311.9364
2011-04-20 14:00:00,329.87946
2011-04-20 15:00:00,314.704
2011-04-20 16:00:00,314.704
2011-04-20 17:00:00,300.67828
2011-04-20 18:00:00,356.74182
2011-04-20 19:00:00,343.67212
2011-04-20 20:00:00,323.79144
2011-04-20 21:00:00,323.09888
2011-04-20 22:00:00,303.5528
2011-04-20 23:00:00,295.81302
2011-04-21 00:00:00,254.53535
2011-04-21 01:00:00,234.00865
2011-04-21 02:00:00,222.83589
2011-04-21 03:00:00,134.9669
2011-04-21 04:00:00,122.55486
2011-04-21 05:00:00,117.92029
2011-04-21 06:00:00,110.80987
2011-04-21 07:00:00,123.936226
2011-04-21 08:00:00,113.0751
2011-04-21 09:00:00,128.21284
2011-04-21 10:00:00,178.50266
2011-04-21 11:00:00,196.8401
2011-04-21 12:00:00,210.7094
2011-04-21 13:00:00,235.45445
2011-04-21 14:00:00,240.97449
2011-04-21 15:00:00,260.2211
2011-04-21 16:00:00,267.25635
2011-04-21 17:00:00,252.86424
2011-04-21 18:00:00,265.86133
2011-04-21 19:00:00,238.95671
2011-04-21 20:00:00,217.70999
2011-04-21 21:00:00,168.82777
2011-04-21 22:00:00,178.89166
2011-04-21 23:00:00,156.11781
2011-04-22 00:00:00,94.21238
2011-04-22 01:00:00,118.05083
2011-04-22 02:00:00,122.29354
2011-04-22 03:00:00,122.29354
2011-04-22 04:00:00,113.46422
2011-04-22 05:00:00,108.24427
2011-04-22 06:00:00,113.46422
2011-04-22 07:00:00,89.75062
2011-04-22 08:00:00,89.31839
2011-04-22 09:00:00,60.98213
2011-04-22 10:00:00,87.4109
2011-04-22 11:00:00,59.202065
2011-04-22 12:00:00,64.47315
2011-04-22 13:00:00,56.966457
2011-04-22 14:00:00,46.682014
2011-04-22 15:00:00,56.966457
2011-04-22 16:00:00,66.00643
2011-04-22 17:00:00,45.729404
2011-04-22 18:00:00,45.729404
2011-04-22 19:00:00,45.729404
2011-04-22 20:00:00,46.809414
2011-04-22 21:00:00,50.65756
2011-04-22 22:00:00,53.97786
2011-04-22 23:00:00,64.87342
2011-04-23 00:00:00,17.561926
2011-04-23 01:00:00,17.561926
2011-04-23 02:00:00,38.320347
2011-04-23 03:00:00,45.217808
2011-04-23 04:00:00,53.8214
2011-04-23 05:00:00,53.8214
2011-04-23 06:00:00,19.587091
2011-04-23 07:00:00,37.40111
2011-04-23 08:00:00,19.624939
2011-04-23 09:00:00,31.879984
2011-04-23 10:00:00,64.84594
2011-04-23 11:00:00,79.67072
2011-04-23 12:00:00,100.08663
2011-04-23 13:00:00,96.66169
2011-04-23 14:00:00,147.47844
2011-04-23 15:00:00,198.00847
2011-04-23 16:00:00,186.52687
2011-04-23 17:00:00,193.68967
2011-04-23 18:00:00,122.41335
2011-04-23 19:00:00,103.104195
2011-04-23 20:00:00,106.218956
2011-04-23 21:00:00,130.11166
2011-04-23 22:00:00,157.20497
2011-04-23 23:00:00,95.29301
2011-04-24 00:00:00,78.615486
2011-04-24 01:00:00,52.331097
2011-04-24 02:00:00,52.331097
2011-04-24 03:00:00,31.72114
2011-04-24 04:00:00,31.72114
2011-04-24 05:00:00,31.72114
2011-04-24 06:00:00,45.95264
2011-04-24 07:00:00,45.95264
2011-04-24 08:00:00,44.28598
2011-04-24 09:00:00,78.9347
2011-04-24 10:00:00,127.58042
2011-04-24 11:00:00,218.79471
2011-04-24 12:00:00,262.05823
2011-04-24 13:00:00,317.21262
2011-04-24 14:00:00,340.57614
2011-04-24 15:00:00,279.10815
2011-04-24 16:00:00,378.67856
2011-04-24 17:00:00,264.62473
2011-04-24 18:00:00,195.28294
2011-04-24 19:00:00,146.468
2011-04-24 20:00:00,146.468
2011-04-24 21:00:00,109.02236
2011-04-24 22:00:00,98.75919
2011-04-24 23:00:00,97.8279
2011-04-25 00:00:00,99.65711
2011-04-25 01:00:00,63.57255
2011-04-25 02:00:00,63.57255
2011-04-25 03:00:00,83.3699
2011-04-25 04:00:00,83.0252
2011-04-25 05:00:00,73.087395
2011-04-25 06:00:00,79.570206
2011-04-25 07:00:00,87.49818
2011-04-25 08:00:00,101.6362
2011-04-25 09:00:00,133.00598
2011-04-25 10:00:00,225.94618
2011-04-25 11:00:00,225.94618
2011-04-25 12:00:00,237.1829
2011-04-25 13:00:00,272.46143
2011-04-25 14:00:00,300.02057
2011-04-25 15:00:00,308.8077
2011-04-25 16:00:00,303.09213
2011-04-25 17:00:00,304.28918
2011-04-25 18:00:00,291.56287
2011-04-25 19:00:00,285.8862
2011-04-25 20:00:00,278.35556
2011-04-25 21:00:00,242.7066
2011-04-25 22:00:00,226.1732
2011-04-25 23:00:00,191.0106
2011-04-26 00:00:00,245.3945
2011-04-26 01:00:00,229.09337
2011-04-26 02:00:00,168.71657
2011-04-26 03:00:00,134.39548
2011-04-26 04:00:00,158.19916
2011-04-26 05:00:00,129.87498
2011-04-26 06:00:00,133.26859
2011-04-26 07:00:00,176.38867
2011-04-26 08:00:00,176.38867
2011-04-26 09:00:00,243.28362
2011-04-26 10:00:00,261.37796
2011-04-26 11:00:00,276.49884
2011-04-26 12:00:00,290.13132
2011-04-26 13:00:00,316.0746
2011-04-26 14:00:00,302.00415
2011-04-26 15:00:00,291.01825
2011-04-26 16:00:00,295.66614
2011-04-26 17:00:00,284.5034
2011-04-26 18:00:00,276.31665
2011-04-26 19:00:00,247.99083
2011-04-26 20:00:00,243.28362
2011-04-26 21:00:00,210.43443
2011-04-26 22:00:00,160.98311
2011-04-26 23:00:00,164.3925
2011-04-27 00:00:00,165.59573
2011-04-27 01:00:00,173.26485
2011-04-27 02:00:00,147.8001
2011-04-27 03:00:00,148.57613
2011-04-27 04:00:00,115.61843
2011-04-27 05:00:00,127.0649
2011-04-27 06:00:00,122.12466
2011-04-27 07:00:00,148.57613
2011-04-27 08:00:00,149.93097
2011-04-27 09:00:00,160.98209
2011-04-27 10:00:00,180.73737
2011-04-27 11:00:00,199.80171
2011-04-27 12:00:00,230.02965
2011-04-27 13:00:00,217.73381
2011-04-27 14:00:00,247.40013
2011-04-27 15:00:00,283.28116
2011-04-27 16:00:00,273.5163
2011-04-27 17:00:00,166.73477
2011-04-27 18:00:00,166.73477
2011-04-27 19:00:00,210.43443
2011-04-27 20:00:00,201.8397
2011-04-27 21:00:00,165.30247
2011-04-27 22:00:00,165.48773
2011-04-27 23:00:00,167.7368
2011-04-28 00:00:00,228.43141
2011-04-28 01:00:00,182.82014
2011-04-28 02:00:00,185.17366
2011-04-28 03:00:00,204.06226
2011-04-28 04:00:00,184.46225
2011-04-28 05:00:00,182.82014
2011-04-28 06:00:00,203.68744
2011-04-28 07:00:00,203.16006
2011-04-28 08:00:00,212.63066
2011-04-28 09:00:00,136.0628
2011-04-28 10:00:00,164.68478
2011-04-28 11:00:00,180.73737
2011-04-28 12:00:00,190.27724
2011-04-28 13:00:00,181.75037
2011-04-28 14:00:00,190.37811
2011-04-28 15:00:00,259.8675
2011-04-28 16:00:00,205.36156
2011-04-28 17:00:00,292.72086
2011-04-28 18:00:00,292.72086
2011-04-28 19:00:00,299.6664
2011-04-28 20:00:00,273.06323
2011-04-28 21:00:00,251.68636
2011-04-28 22:00:00,244.8806
2011-04-28 23:00:00,249.07237
2011-04-29 00:00:00,245.95949
2011-04-29 01:00:00,208.85646
2011-04-29 02:00:00,136.23097
2011-04-29 03:00:00,144.60286
2011-04-29 04:00:00,174.99559
2011-04-29 05:00:00,184.44514
2011-04-29 06:00:00,221.12262
2011-04-29 07:00:00,239.13321
2011-04-29 08:00:00,256.23346
2011-04-29 09:00:00,253.68404
2011-04-29 10:00:00,267.11673
2011-04-29 11:00:00,303.6281
2011-04-29 12:00:00,273.0078
2011-04-29 13:00:00,271.56512
2011-04-29 14:00:00,305.292
2011-04-29 15:00:00,216.7271
2011-04-29 16:00:00,199.33586
2011-04-29 17:00:00,181.25758
2011-04-29 18:00:00,222.09557
2011-04-29 19:00:00,176.28053
2011-04-29 20:00:00,203.98982
2011-04-29 21:00:00,183.05
2011-04-29 22:00:00,132.83202
2011-04-29 23:00:00,129.67744
2011-04-30 00:00:00,137.04488
2011-04-30 01:00:00,137.59288
2011-04-30 02:00:00,136.53731
2011-04-30 03:00:00,124.44574
2011-04-30 04:00:00,124.182686
2011-04-30 05:00:00,138.02342
2011-04-30 06:00:00,110.33459
2011-04-30 07:00:00,127.805
2011-04-30 08:00:00,124.65747
2011-04-30 09:00:00,164.54298
2011-04-30 10:00:00,224.34288
2011-04-30 11:00:00,247.71054
2011-04-30 12:00:00,259.71967
2011-04-30 13:00:00,291.34882
2011-04-30 14:00:00,295.20352
2011-04-30 15:00:00,311.4155
2011-04-30 16:00:00,333.05847
2011-04-30 17:00:00,281.64816
2011-04-30 18:00:00,265.15356
2011-04-30 19:00:00,265.15356
2011-04-30 20:00:00,105.35286
2011-04-30 21:00:00,105.35286
2011-04-30 22:00:00,85.77266
2011-04-30 23:00:00,85.77266
2011-05-20 00:00:00,60.203312
2011-05-20 01:00:00,48.17811
2011-05-20 02:00:00,49.7244
2011-05-20 03:00:00,46.040844
2011-05-20 04:00:00,56.624084
2011-05-20 05:00:00,57.73966
2011-05-20 06:00:00,71.827965
2011-05-20 07:00:00,126.04339
2011-05-20 08:00:00,151.28807
2011-05-20 09:00:00,194.6674
2011-05-20 10:00:00,216.09692
2011-05-20 11:00:00,201.02449
2011-05-20 12:00:00,229.06319
2011-05-20 13:00:00,190.56288
2011-05-20 14:00:00,281.8135
2011-05-20 15:00:00,224.4872
2011-05-20 16:00:00,226.73618
2011-05-20 17:00:00,227.95471
2011-05-20 18:00:00,259.8662
2011-05-20 19:00:00,200.7372
2011-05-20 20:00:00,205.26433
2011-05-20 21:00:00,196.12361
2011-05-20 22:00:00,133.38364
2011-05-20 23:00:00,155.46623
2011-05-21 00:00:00,85.89451
2011-05-21 01:00:00,89.897285
2011-05-21 02:00:00,102.52177
2011-05-21 03:00:00,59.5666
2011-05-21 04:00:00,38.95502
2011-05-21 05:00:00,38.350895
2011-05-21 06:00:00,67.972725
2011-05-21 07:00:00,113.340034
2011-05-21 08:00:00,175.96895
2011-05-21 09:00:00,230.58458
2011-05-21 10:00:00,218.17012
2011-05-21 11:00:00,287.2196
2011-05-21 12:00:00,275.50592
2011-05-21 13:00:00,319.70792
2011-05-21 14:00:00,346.78156
2011-05-21 15:00:00,387.73904
2011-05-21 16:00:00,378.29053
2011-05-21 17:00:00,365.62915
2011-05-21 18:00:00,342.3083
2011-05-21 19:00:00,347.39398
2011-05-21 20:00:00,188.79851
2011-05-21 21:00:00,218.17012
2011-05-21 22:00:00,171.01921
2011-05-21 23:00:00,99.63509
2011-05-22 00:00:00,62.741817
2011-05-22 01:00:00,37.268257
2011-05-22 02:00:00,35.930065
2011-05-22 03:00:00,19.669905
2011-05-22 04:00:00,19.798378
2011-05-22 05:00:00,19.669905
2011-05-22 06:00:00,35.930065
2011-05-22 07:00:00,58.12744
2011-05-22 08:00:00,137.15999
2011-05-22 09:00:00,170.95982
2011-05-22 10:00:00,209.16978
2011-05-22 11:00:00,317.49023
2011-05-22 12:00:00,333.5999
2011-05-22 13:00:00,291.32928
2011-05-22 14:00:00,203.60759
2011-05-22 15:00:00,253.18538
2011-05-22 16:00:00,249.98233
2011-05-22 17:00:00,311.16876
2011-05-22 18:00:00,270.05057
2011-05-22 19:00:00,260.9334
2011-05-22 20:00:00,218.58394
2011-05-22 21:00:00,172.32982
2011-05-22 22:00:00,94.72329
2011-05-22 23:00:00,117.752266
2011-05-23 00:00:00,133.09103
2011-05-23 01:00:00,101.6362
2011-05-23 02:00:00,111.728584
2011-05-23 03:00:00,101.90707
2011-05-23 04:00:00,101.9985
2011-05-23 05:00:00,101.9985
2011-05-23 06:00:00,86.91637
2011-05-23 07:00:00,115.41907
2011-05-23 08:00:00,131.34612
2011-05-23 09:00:00,142.95844
2011-05-23 10:00:00,241.57632
2011-05-23 11:00:00,269.14014
2011-05-23 12:00:00,269.14014
2011-05-23 13:00:00,271.25647
2011-05-23 14:00:00,255.88927
2011-05-23 15:00:00,259.71826
2011-05-23 16:00:00,257.32877
2011-05-23 17:00:00,223.22856
2011-05-23 18:00:00,256.69775
2011-05-23 19:00:00,239.07584
2011-05-23 20:00:00,174.62212
2011-05-23 21:00:00,148.12926
2011-05-23 22:00:00,124.56515
2011-05-23 23:00:00,156.08696
2011-05-24 00:00:00,129.56017
2011-05-24 01:00:00,126.43445
2011-05-24 02:00:00,129.56017
2011-05-24 03:00:00,122.684265
2011-05-24 04:00:00,107.14008
2011-05-24 05:00:00,134.56108
2011-05-24 06:00:00,130.19617
2011-05-24 07:00:00,158.18568
2011-05-24 08:00:00,140.96791
2011-05-24 09:00:00,204.46107
2011-05-24 10:00:00,290.59766
2011-05-24 11:00:00,308.8077
2011-05-24 12:00:00,334.88962
2011-05-24 13:00:00,328.8363
2011-05-24 14:00:00,332.75336
2011-05-24 15:00:00,246.97313
2011-05-24 16:00:00,236.31136
2011-05-24 17:00:00,247.9446
2011-05-24 18:00:00,242.06279
2011-05-24 19:00:00,214.63548
2011-05-24 20:00:00,174.9295
2011-05-24 21:00:00,151.78888
2011-05-24 22:00:00,129.9297
2011-05-24 23:00:00,179.34706
2011-05-25 00:00:00,132.35669
2011-05-25 01:00:00,123.1483
2011-05-25 02:00:00,106.81472
2011-05-25 03:00:00,71.08883
2011-05-25 04:00:00,65.67805
2011-05-25 05:00:00,99.80498
2011-05-25 06:00:00,80.38641
2011-05-25 07:00:00,186.10626
2011-05-25 08:00:00,241.41052
2011-05-25 09:00:00,221.88283
2011-05-25 10:00:00,243.47556
2011-05-25 11:00:00,281.31927
2011-05-25 12:00:00,283.12244
2011-05-25 13:00:00,283.12244
2011-05-25 14:00:00,289.76367
2011-05-25 15:00:00,314.3223
2011-05-25 16:00:00,316.55585
2011-05-25 17:00:00,308.8077
2011-05-25 18:00:00,292.0936
2011-05-25 19:00:00,257.11694
2011-05-25 20:00:00,266.28934
2011-05-25 21:00:00,215.43849
2011-05-25 22:00:00,254.52061
2011-05-25 23:00:00,191.20181
2011-05-26 00:00:00,191.20181
2011-05-26 01:00:00,191.20181
2011-05-26 02:00:00,131.1892
2011-05-26 03:00:00,105.06495
2011-05-26 04:00:00,97.02562
2011-05-26 05:00:00,139.73413
2011-05-26 06:00:00,101.45608
2011-05-26 07:00:00,145.55305
2011-05-26 08:00:00,182.28165
2011-05-26 09:00:00,237.38248
2011-05-26 10:00:00,256.69775
2011-05-26 11:00:00,278.6311
2011-05-26 12:00:00,316.6661
2011-05-26 13:00:00,330.83124
2011-05-26 14:00:00,330.83124
2011-05-26 15:00:00,301.58148
2011-05-26 16:00:00,301.41702
2011-05-26 17:00:00,336.49646
2011-05-26 18:00:00,342.77255
2011-05-26 19:00:00,337.52405
2011-05-26 20:00:00,279.54153
2011-05-26 21:00:00,244.45033
2011-05-26 22:00:00,241.7176
2011-05-26 23:00:00,262.7324
2011-05-27 00:00:00,261.56567
2011-05-27 01:00:00,296.67358
2011-05-27 02:00:00,277.7131
2011-05-27 03:00:00,217.10622
2011-05-27 04:00:00,210.83035
2011-05-27 05:00:00,263.46313
2011-05-27 06:00:00,194.4983
2011-05-27 07:00:00,202.49553
2011-05-27 08:00:00,240.14717
2011-05-27 09:00:00,281.76416
2011-05-27 10:00:00,308.1979
2011-05-27 11:00:00,273.66855
2011-05-27 12:00:00,275.57883
2011-05-27 13:00:00,289.2967
2011-05-27 14:00:00,308.65335
2011-05-27 15:00:00,327.5501
2011-05-27 16:00:00,281.29904
2011-05-27 17:00:00,307.51666
2011-05-27 18:00:00,257.32877
2011-05-27 19:00:00,144.69757
2011-05-27 20:00:00,198.76315
2011-05-27 21:00:00,126.709785
2011-05-27 22:00:00,158.41034
2011-05-27 23:00:00,110.41486
2011-05-28 00:00:00,70.90899
2011-05-28 01:00:00,79.55137
2011-05-28 02:00:00,51.620888
2011-05-28 03:00:00,75.30031
2011-05-28 04:00:00,78.9347
2011-05-28 05:00:00,75.30031
2011-05-28 06:00:00,107.54423
2011-05-28 07:00:00,117.26379
2011-05-28 08:00:00,144.7446
2011-05-28 09:00:00,197.43956
2011-05-28 10:00:00,259.75342
2011-05-28 11:00:00,259.75342
2011-05-28 12:00:00,318.15482
2011-05-28 13:00:00,287.14655
2011-05-28 14:00:00,315.96838
2011-05-28 15:00:00,334.2071
2011-05-28 16:00:00,355.8158
2011-05-28 17:00:00,349.51123
2011-05-28 18:00:00,296.22058
2011-05-28 19:00:00,250.60959
2011-05-28 20:00:00,259.75342
2011-05-28 21:00:00,211.50534
2011-05-28 22:00:00,167.99155
2011-05-28 23:00:00,121.424095
2011-05-29 00:00:00,128.52353
2011-05-29 01:00:00,85.38742
2011-05-29 02:00:00,76.889946
2011-05-29 03:00:00,76.889946
2011-05-29 04:00:00,70.057274
2011-05-29 05:00:00,53.906506
2011-05-29 06:00:00,122.265686
2011-05-29 07:00:00,132.7952
2011-05-29 08:00:00,128.0648
2011-05-29 09:00:00,107.62905
2011-05-29 10:00:00,171.5086
2011-05-29 11:00:00,180.6443
2011-05-29 12:00:00,235.23593
2011-05-29 13:00:00,255.42192
2011-05-29 14:00:00,262.79706
2011-05-29 15:00:00,266.3083
2011-05-29 16:00:00,262.79706
2011-05-29 17:00:00,262.79706
2011-05-29 18:00:00,235.13916
2011-05-29 19:00:00,228.0219
2011-05-29 20:00:00,171.52715
2011-05-29 21:00:00,133.58905
2011-05-29 22:00:00,89.49633
2011-05-29 23:00:00,94.51051
2011-05-30 00:00:00,76.53987
2011-05-30 01:00:00,64.13379
2011-05-30 02:00:00,76.53987
2011-05-30 03:00:00,76.53987
2011-05-30 04:00:00,64.07399
2011-05-30 05:00:00,90.69236
2011-05-30 06:00:00,93.79573
2011-05-30 07:00:00,84.799194
2011-05-30 08:00:00,117.44352
2011-05-30 09:00:00,170.93468
2011-05-30 10:00:00,349.5985
2011-05-30 11:00:00,313.51004
2011-05-30 12:00:00,376.22028
2011-05-30 13:00:00,385.875
2011-05-30 14:00:00,399.56235
2011-05-30 15:00:00,434.49237
2011-05-30 16:00:00,442.4676
2011-05-30 17:00:00,419.27188
2011-05-30 18:00:00,412.5425
2011-05-30 19:00:00,201.09828
2011-05-30 20:00:00,256.651
2011-05-30 21:00:00,212.86714
2011-05-30 22:00:00,193.89574
2011-05-30 23:00:00,114.21721
2011-05-31 00:00:00,163.70705
2011-05-31 01:00:00,119.01532
2011-05-31 02:00:00,150.97804
2011-05-31 03:00:00,124.19639
2011-05-31 04:00:00,136.21451
2011-05-31 05:00:00,136.21451
2011-05-31 06:00:00,157.48643
2011-05-31 07:00:00,238.22893
2011-05-31 08:00:00,278.6171
2011-05-31 09:00:00,291.30154
2011-05-31 10:00:00,291.60312
2011-05-31 11:00:00,287.49997
2011-05-31 12:00:00,318.93573
2011-05-31 13:00:00,349.3672
2011-05-31 14:00:00,327.5431
2011-05-31 15:00:00,353.52744
2011-05-31 16:00:00,343.65265
2011-05-31 17:00:00,323.01288
2011-05-31 18:00:00,316.40546
2011-05-31 19:00:00,260.7915
2011-05-31 20:00:00,260.7915
2011-05-31 21:00:00,244.30193
2011-05-31 22:00:00,242.62273
2011-05-31 23:00:00,170.76952
2011-06-20 00:00:00,158.91576
2011-06-20 01:00:00,107.895195
2011-06-20 02:00:00,107.895195
2011-06-20 03:00:00,139.80913
2011-06-20 04:00:00,126.62939
2011-06-20 05:00:00,136.74702
2011-06-20 06:00:00,140.97508
2011-06-20 07:00:00,111.535416
2011-06-20 08:00:00,115.82036
2011-06-20 09:00:00,181.5326
2011-06-20 10:00:00,181.5326
2011-06-20 11:00:00,163.51727
2011-06-20 12:00:00,194.88158
2011-06-20 13:00:00,217.44225
2011-06-20 14:00:00,239.17195
2011-06-20 15:00:00,249.23735
2011-06-20 16:00:00,275.45453
2011-06-20 17:00:00,238.3073
2011-06-20 18:00:00,285.9732
2011-06-20 19:00:00,262.2201
2011-06-20 20:00:00,247.1982
2011-06-20 21:00:00,202.49553
2011-06-20 22:00:00,207.7389
2011-06-20 23:00:00,205.36156
2011-06-21 00:00:00,138.31808
2011-06-21 01:00:00,152.3451
2011-06-21 02:00:00,133.66495
2011-06-21 03:00:00,133.66495
2011-06-21 04:00:00,109.89732
2011-06-21 05:00:00,116.62664
2011-06-21 06:00:00,116.62664
2011-06-21 07:00:00,77.93935
2011-06-21 08:00:00,116.919136
2011-06-21 09:00:00,143.93706
2011-06-21 10:00:00,158.33748
2011-06-21 11:00:00,122.91413
2011-06-21 12:00:00,178.29967
2011-06-21 13:00:00,224.00868
2011-06-21 14:00:00,263.62335
2011-06-21 15:00:00,283.49908
2011-06-21 16:00:00,279.6342
2011-06-21 17:00:00,256.35593
2011-06-21 18:00:00,229.5248
2011-06-21 19:00:00,214.65022
2011-06-21 20:00:00,236.17085
2011-06-21 21:00:00,197.64153
2011-06-21 22:00:00,132.95316
2011-06-21 23:00:00,155.58646
2011-06-22 00:00:00,158.75641
2011-06-22 01:00:00,134.21281
2011-06-22 02:00:00,101.09202
2011-06-22 03:00:00,134.21281
2011-06-22 04:00:00,78.44115
2011-06-22 05:00:00,61.979977
2011-06-22 06:00:00,83.27473
2011-06-22 07:00:00,108.067345
2011-06-22 08:00:00,162.86092
2011-06-22 09:00:00,162.08258
2011-06-22 10:00:00,239.72762
2011-06-22 11:00:00,208.12465
2011-06-22 12:00:00,264.7721
2011-06-22 13:00:00,276.92947
2011-06-22 14:00:00,285.57605
2011-06-22 15:00:00,277.51105
2011-06-22 16:00:00,274.04434
2011-06-22 17:00:00,277.05374
2011-06-22 18:00:00,264.79062
2011-06-22 19:00:00,277.67023
2011-06-22 20:00:00,179.80096
2011-06-22 21:00:00,167.96272
2011-06-22 22:00:00,193.40562
2011-06-22 23:00:00,196.42719
2011-06-23 00:00:00,185.78383
2011-06-23 01:00:00,209.82817
2011-06-23 02:00:00,209.82817
2011-06-23 03:00:00,204.8759
2011-06-23 04:00:00,178.44344
2011-06-23 05:00:00,185.84734
2011-06-23 06:00:00,185.84734
2011-06-23 07:00:00,200.26733
2011-06-23 08:00:00,222.04118
2011-06-23 09:00:00,217.3879
2011-06-23 10:00:00,238.41043
2011-06-23 11:00:00,252.49367
2011-06-23 12:00:00,237.32445
2011-06-23 13:00:00,244.15883
2011-06-23 14:00:00,238.8327
2011-06-23 15:00:00,272.80984
2011-06-23 16:00:00,242.74196
2011-06-23 17:00:00,227.47502
2011-06-23 18:00:00,256.61078
2011-06-23 19:00:00,251.34149
2011-06-23 20:00:00,202.84619
2011-06-23 21:00:00,190.12167
2011-06-23 22:00:00,204.69125
2011-06-23 23:00:00,221.94774
2011-06-24 00:00:00,159.22462
2011-06-24 01:00:00,182.83447
2011-06-24 02:00:00,182.83447
2011-06-24 03:00:00,122.91413
2011-06-24 04:00:00,100.431725
2011-06-24 05:00:00,74.798874
2011-06-24 06:00:00,112.814606
2011-06-24 07:00:00,168.70923
2011-06-24 08:00:00,202.84619
2011-06-24 09:00:00,228.04605
2011-06-24 10:00:00,323.04703
2011-06-24 11:00:00,345.25525
2011-06-24 12:00:00,329.39966
2011-06-24 13:00:00,333.67175
2011-06-24 14:00:00,323.78345
2011-06-24 15:00:00,364.24194
2011-06-24 16:00:00,369.86575
2011-06-24 17:00:00,337.5722
2011-06-24 18:00:00,345.7257
2011-06-24 19:00:00,324.3827
2011-06-24 20:00:00,294.1023
2011-06-24 21:00:00,275.9986
2011-06-24 22:00:00,249.98396
2011-06-24 23:00:00,266.26172
2011-06-25 00:00:00,344.12067
2011-06-25 01:00:00,318.03668
2011-06-25 02:00:00,332.07178
2011-06-25 03:00:00,271.44012
2011-06-25 04:00:00,271.44012
2011-06-25 05:00:00,216.47731
2011-06-25 06:00:00,281.71997
2011-06-25 07:00:00,295.52335
2011-06-25 08:00:00,362.93756
2011-06-25 09:00:00,385.5621
2011-06-25 10:00:00,372.0705
2011-06-25 11:00:00,345.37
2011-06-25 12:00:00,422.76093
2011-06-25 13:00:00,422.76093
2011-06-25 14:00:00,394.7613
2011-06-25 15:00:00,323.86313
2011-06-25 16:00:00,409.9574
2011-06-25 17:00:00,400.87735
2011-06-25 18:00:00,385.5621
2011-06-25 19:00:00,371.5136
2011-06-25 20:00:00,348.78192
2011-06-25 21:00:00,313.84802
2011-06-25 22:00:00,352.9436
2011-06-25 23:00:00,337.85217
2011-06-26 00:00:00,245.70143
2011-06-26 01:00:00,274.21597
2011-06-26 02:00:00,240.18655
2011-06-26 03:00:00,182.15259
2011-06-26 04:00:00,178.23416
2011-06-26 05:00:00,157.821
2011-06-26 06:00:00,157.821
2011-06-26 07:00:00,182.41785
2011-06-26 08:00:00,241.70587
2011-06-26 09:00:00,265.23602
2011-06-26 10:00:00,325.12823
2011-06-26 11:00:00,355.62857
2011-06-26 12:00:00,400.52576
2011-06-26 13:00:00,357.7306
2011-06-26 14:00:00,394.15524
2011-06-26 15:00:00,357.7306
2011-06-26 16:00:00,395.0901
2011-06-26 17:00:00,389.4076
2011-06-26 18:00:00,380.6839
2011-06-26 19:00:00,351.2129
2011-06-26 20:00:00,338.86847
2011-06-26 21:00:00,306.555
2011-06-26 22:00:00,272.83716
2011-06-26 23:00:00,272.3246
2011-06-27 00:00:00,174.9135
2011-06-27 01:00:00,163.71974
2011-06-27 02:00:00,154.71068
2011-06-27 03:00:00,154.71068
2011-06-27 04:00:00,144.59697
2011-06-27 05:00:00,151.14893
2011-06-27 06:00:00,167.64764
2011-06-27 07:00:00,194.878
2011-06-27 08:00:00,179.7393
2011-06-27 09:00:00,250.41866
2011-06-27 10:00:00,255.69972
2011-06-27 11:00:00,234.56761
2011-06-27 12:00:00,250.41866
2011-06-27 13:00:00,243.90169
2011-06-27 14:00:00,242.5166
2011-06-27 15:00:00,251.34244
2011-06-27 16:00:00,247.2646
2011-06-27 17:00:00,256.03543
2011-06-27 18:00:00,240.64796
2011-06-27 19:00:00,245.52591
2011-06-27 20:00:00,195.13837
2011-06-27 21:00:00,167.8911
2011-06-27 22:00:00,144.41536
2011-06-27 23:00:00,144.41536
2011-06-28 00:00:00,172.65291
2011-06-28 01:00:00,117.82688
2011-06-28 02:00:00,165.25911
2011-06-28 03:00:00,165.25911
2011-06-28 04:00:00,117.82688
2011-06-28 05:00:00,101.09202
2011-06-28 06:00:00,122.91413
2011-06-28 07:00:00,140.55644
2011-06-28 08:00:00,154.58983
2011-06-28 09:00:00,154.39735
2011-06-28 10:00:00,285.1696
2011-06-28 11:00:00,277.4598
2011-06-28 12:00:00,307.26782
2011-06-28 13:00:00,287.39737
2011-06-28 14:00:00,318.32852
2011-06-28 15:00:00,305.0297
2011-06-28 16:00:00,321.30295
2011-06-28 17:00:00,287.46362
2011-06-28 18:00:00,281.27344
2011-06-28 19:00:00,257.21448
2011-06-28 20:00:00,188.70982
2011-06-28 21:00:00,260.77585
2011-06-28 22:00:00,237.54518
2011-06-28 23:00:00,235.65773
2011-06-29 00:00:00,193.08948
2011-06-29 01:00:00,196.23364
2011-06-29 02:00:00,147.6923
2011-06-29 03:00:00,152.09477
2011-06-29 04:00:00,104.233986
2011-06-29 05:00:00,130.27415
2011-06-29 06:00:00,232.72923
2011-06-29 07:00:00,279.7281
2011-06-29 08:00:00,308.70834
2011-06-29 09:00:00,325.13712
2011-06-29 10:00:00,326.8145
2011-06-29 11:00:00,338.71588
2011-06-29 12:00:00,343.6068
2011-06-29 13:00:00,367.23953
2011-06-29 14:00:00,348.4048
2011-06-29 15:00:00,347.45776
2011-06-29 16:00:00,379.4614
2011-06-29 17:00:00,391.14166
2011-06-29 18:00:00,369.70065
2011-06-29 19:00:00,358.1734
2011-06-29 20:00:00,346.57812
2011-06-29 21:00:00,326.2616
2011-06-29 22:00:00,311.83176
2011-06-29 23:00:00,294.98746
2011-06-30 00:00:00,277.72766
2011-06-30 01:00:00,256.04346
2011-06-30 02:00:00,234.05783
2011-06-30 03:00:00,227.47746
2011-06-30 04:00:00,197.91962
2011-06-30 05:00:00,229.50795
2011-06-30 06:00:00,236.19597
2011-06-30 07:00:00,245.24973
2011-06-30 08:00:00,301.92346
2011-06-30 09:00:00,318.12122
2011-06-30 10:00:00,310.70966
2011-06-30 11:00:00,315.58804
2011-06-30 12:00:00,328.3288
2011-06-30 13:00:00,341.12033
2011-06-30 14:00:00,348.49307
2011-06-30 15:00:00,378.72913
2011-06-30 16:00:00,359.18732
2011-06-30 17:00:00,382.60736
2011-06-30 18:00:00,363.24237
2011-06-30 19:00:00,341.29852
2011-06-30 20:00:00,341.29852
2011-06-30 21:00:00,309.80542
2011-06-30 22:00:00,304.51486
2011-06-30 23:00:00,236.45393
2011-07-20 00:00:00,112.86402
2011-07-20 01:00:00,89.802315
2011-07-20 02:00:00,89.802315
2011-07-20 03:00:00,112.86402
2011-07-20 04:00:00,88.22991
2011-07-20 05:00:00,110.377686
2011-07-20 06:00:00,134.82231
2011-07-20 07:00:00,157.02562
2011-07-20 08:00:00,138.32765
2011-07-20 09:00:00,180.17732
2011-07-20 10:00:00,161.00023
2011-07-20 11:00:00,229.47316
2011-07-20 12:00:00,233.24458
2011-07-20 13:00:00,283.97604
2011-07-20 14:00:00,300.87994
2011-07-20 15:00:00,294.7316
2011-07-20 16:00:00,251.50957
2011-07-20 17:00:00,277.90427
2011-07-20 18:00:00,285.9466
2011-07-20 19:00:00,247.5744
2011-07-20 20:00:00,232.79381
2011-07-20 21:00:00,243.43425
2011-07-20 22:00:00,242.85176
2011-07-20 23:00:00,228.57365
2011-07-21 00:00:00,215.79335
2011-07-21 01:00:00,188.82265
2011-07-21 02:00:00,188.82265
2011-07-21 03:00:00,187.60469
2011-07-21 04:00:00,162.3257
2011-07-21 05:00:00,162.3257
2011-07-21 06:00:00,162.3257
2011-07-21 07:00:00,171.87794
2011-07-21 08:00:00,201.07137
2011-07-21 09:00:00,234.82027
2011-07-21 10:00:00,253.00682
2011-07-21 11:00:00,282.6126
2011-07-21 12:00:00,321.3997
2011-07-21 13:00:00,317.1167
2011-07-21 14:00:00,337.7197
2011-07-21 15:00:00,322.22382
2011-07-21 16:00:00,341.65677
2011-07-21 17:00:00,348.08072
2011-07-21 18:00:00,329.8758
2011-07-21 19:00:00,291.7492
2011-07-21 20:00:00,259.9012
2011-07-21 21:00:00,241.92754
2011-07-21 22:00:00,234.45218
2011-07-21 23:00:00,226.26854
2011-07-22 00:00:00,251.1955
2011-07-22 01:00:00,206.72261
2011-07-22 02:00:00,175.24763
2011-07-22 03:00:00,180.68756
2011-07-22 04:00:00,171.22267
2011-07-22 05:00:00,145.61302
2011-07-22 06:00:00,165.92809
2011-07-22 07:00:00,251.11543
2011-07-22 08:00:00,272.57532
2011-07-22 09:00:00,254.91702
2011-07-22 10:00:00,294.37488
2011-07-22 11:00:00,300.89435
2011-07-22 12:00:00,329.33002
2011-07-22 13:00:00,324.1435
2011-07-22 14:00:00,359.98212
2011-07-22 15:00:00,347.88174
2011-07-22 16:00:00,342.86273
2011-07-22 17:00:00,301.9491
2011-07-22 18:00:00,339.05817
2011-07-22 19:00:00,321.14972
2011-07-22 20:00:00,251.50957
2011-07-22 21:00:00,249.8066
2011-07-22 22:00:00,294.765
2011-07-22 23:00:00,262.6256
2011-07-23 00:00:00,288.89328
2011-07-23 01:00:00,331.71634
2011-07-23 02:00:00,310.54663
2011-07-23 03:00:00,228.06136
2011-07-23 04:00:00,220.32904
2011-07-23 05:00:00,248.85054
2011-07-23 06:00:00,327.74573
2011-07-23 07:00:00,320.7414
2011-07-23 08:00:00,390.07803
2011-07-23 09:00:00,370.72025
2011-07-23 10:00:00,425.5805
2011-07-23 11:00:00,445.22357
2011-07-23 12:00:00,442.48993
2011-07-23 13:00:00,449.63818
2011-07-23 14:00:00,417.61328
2011-07-23 15:00:00,435.324
2011-07-23 16:00:00,446.3104
2011-07-23 17:00:00,446.3104
2011-07-23 18:00:00,447.011
2011-07-23 19:00:00,338.77606
2011-07-23 20:00:00,323.22327
2011-07-23 21:00:00,323.22327
2011-07-23 22:00:00,304.90555
2011-07-23 23:00:00,282.70554
2011-07-24 00:00:00,282.70554
2011-07-24 01:00:00,231.0626
2011-07-24 02:00:00,257.983
2011-07-24 03:00:00,257.983
2011-07-24 04:00:00,231.0626
2011-07-24 05:00:00,228.06136
2011-07-24 06:00:00,305.0702
2011-07-24 07:00:00,289.54462
2011-07-24 08:00:00,353.03116
2011-07-24 09:00:00,363.31622
2011-07-24 10:00:00,404.1795
2011-07-24 11:00:00,370.13623
2011-07-24 12:00:00,415.64612
2011-07-24 13:00:00,399.90363
2011-07-24 14:00:00,399.09277
2011-07-24 15:00:00,437.46417
2011-07-24 16:00:00,437.46417
2011-07-24 17:00:00,428.40668
2011-07-24 18:00:00,418.8824
2011-07-24 19:00:00,388.5346
2011-07-24 20:00:00,370.72025
2011-07-24 21:00:00,267.63455
2011-07-24 22:00:00,211.6227
2011-07-24 23:00:00,255.25212
2011-07-25 00:00:00,208.8346
2011-07-25 01:00:00,202.2145
2011-07-25 02:00:00,179.44817
2011-07-25 03:00:00,118.03907
2011-07-25 04:00:00,116.24471
2011-07-25 05:00:00,116.24471
2011-07-25 06:00:00,160.0193
2011-07-25 07:00:00,169.09029
2011-07-25 08:00:00,191.62688
2011-07-25 09:00:00,196.11717
2011-07-25 10:00:00,233.24458
2011-07-25 11:00:00,279.03253
2011-07-25 12:00:00,279.03253
2011-07-25 13:00:00,205.10301
2011-07-25 14:00:00,193.40562
2011-07-25 15:00:00,204.37543
2011-07-25 16:00:00,155.48764
2011-07-25 17:00:00,133.88254
2011-07-25 18:00:00,163.05695
2011-07-25 19:00:00,180.17732
2011-07-25 20:00:00,173.98055
2011-07-25 21:00:00,89.802315
2011-07-25 22:00:00,89.802315
2011-07-25 23:00:00,108.83706
2011-07-26 00:00:00,132.95316
2011-07-26 01:00:00,132.95316
2011-07-26 02:00:00,89.45352
2011-07-26 03:00:00,97.28912
2011-07-26 04:00:00,110.06228
2011-07-26 05:00:00,78.90588
2011-07-26 06:00:00,152.93022
2011-07-26 07:00:00,256.19995
2011-07-26 08:00:00,272.27292
2011-07-26 09:00:00,321.50696
2011-07-26 10:00:00,352.24805
2011-07-26 11:00:00,336.63345
2011-07-26 12:00:00,348.1563
2011-07-26 13:00:00,359.77313
2011-07-26 14:00:00,364.4961
2011-07-26 15:00:00,380.3079
2011-07-26 16:00:00,346.13635
2011-07-26 17:00:00,357.49524
2011-07-26 18:00:00,352.0264
2011-07-26 19:00:00,327.06848
2011-07-26 20:00:00,310.70538
2011-07-26 21:00:00,296.6784
2011-07-26 22:00:00,258.7141
2011-07-26 23:00:00,240.5828
2011-07-27 00:00:00,271.10303
2011-07-27 01:00:00,289.29495
2011-07-27 02:00:00,302.9579
2011-07-27 03:00:00,250.56021
2011-07-27 04:00:00,281.0042
2011-07-27 05:00:00,291.79413
2011-07-27 06:00:00,279.7281
2011-07-27 07:00:00,302.83734
2011-07-27 08:00:00,321.37744
2011-07-27 09:00:00,343.6068
2011-07-27 10:00:00,318.17487
2011-07-27 11:00:00,329.162
2011-07-27 12:00:00,363.73944
2011-07-27 13:00:00,374.35577
2011-07-27 14:00:00,363.70032
2011-07-27 15:00:00,374.98218
2011-07-27 16:00:00,372.38104
2011-07-27 17:00:00,372.6502
2011-07-27 18:00:00,348.55505
2011-07-27 19:00:00,341.205
2011-07-27 20:00:00,307.08994
2011-07-27 21:00:00,271.8503
2011-07-27 22:00:00,252.13728
2011-07-27 23:00:00,279.037
2011-07-28 00:00:00,266.20978
2011-07-28 01:00:00,238.76991
2011-07-28 02:00:00,248.98782
2011-07-28 03:00:00,223.49109
2011-07-28 04:00:00,212.55905
2011-07-28 05:00:00,195.13837
2011-07-28 06:00:00,167.40721
2011-07-28 07:00:00,202.8081
2011-07-28 08:00:00,224.00868
2011-07-28 09:00:00,268.20374
2011-07-28 10:00:00,298.38275
2011-07-28 11:00:00,304.24637
2011-07-28 12:00:00,303.40457
2011-07-28 13:00:00,316.97974
2011-07-28 14:00:00,297.3831
2011-07-28 15:00:00,300.4858
2011-07-28 16:00:00,302.27133
2011-07-28 17:00:00,290.28333
2011-07-28 18:00:00,291.68347
2011-07-28 19:00:00,274.12708
2011-07-28 20:00:00,262.6256
2011-07-28 21:00:00,274.1423
2011-07-28 22:00:00,245.63841
2011-07-28 23:00:00,206.24123
2011-07-29 00:00:00,167.96272
2011-07-29 01:00:00,156.4335
2011-07-29 02:00:00,118.03907
2011-07-29 03:00:00,118.03907
2011-07-29 04:00:00,130.58698
2011-07-29 05:00:00,96.702736
2011-07-29 06:00:00,147.29297
2011-07-29 07:00:00,179.44817
2011-07-29 08:00:00,187.98709
2011-07-29 09:00:00,316.97974
2011-07-29 10:00:00,341.93372
2011-07-29 11:00:00,355.3847
2011-07-29 12:00:00,381.74945
2011-07-29 13:00:00,359.1084
2011-07-29 14:00:00,382.9842
2011-07-29 15:00:00,384.1128
2011-07-29 16:00:00,391.95068
2011-07-29 17:00:00,385.2742
2011-07-29 18:00:00,363.61084
2011-07-29 19:00:00,335.22385
2011-07-29 20:00:00,340.5379
2011-07-29 21:00:00,295.5959
2011-07-29 22:00:00,297.5632
2011-07-29 23:00:00,262.07654
2011-07-30 00:00:00,308.0908
2011-07-30 01:00:00,280.94537
2011-07-30 02:00:00,284.23035
2011-07-30 03:00:00,245.61957
2011-07-30 04:00:00,216.2989
2011-07-30 05:00:00,223.17262
2011-07-30 06:00:00,227.06639
2011-07-30 07:00:00,242.34871
2011-07-30 08:00:00,302.91693
2011-07-30 09:00:00,405.63422
2011-07-30 10:00:00,429.5428
2011-07-30 11:00:00,437.82834
2011-07-30 12:00:00,451.51172
2011-07-30 13:00:00,451.5985
2011-07-30 14:00:00,456.34058
2011-07-30 15:00:00,460.67035
2011-07-30 16:00:00,485.38547
2011-07-30 17:00:00,464.6552
2011-07-30 18:00:00,475.84882
2011-07-30 19:00:00,449.57742
2011-07-30 20:00:00,389.40958
2011-07-30 21:00:00,354.6333
2011-07-30 22:00:00,310.80103
2011-07-30 23:00:00,280.94537
2011-07-31 00:00:00,280.94537
2011-07-31 01:00:00,228.13788
2011-07-31 02:00:00,206.63593
2011-07-31 03:00:00,189.73955
2011-07-31 04:00:00,158.0879
2011-07-31 05:00:00,164.23863
2011-07-31 06:00:00,165.32698
2011-07-31 07:00:00,264.0523
2011-07-31 08:00:00,317.73358
2011-07-31 09:00:00,320.69485
2011-07-31 10:00:00,433.69092
2011-07-31 11:00:00,470.50958
2011-07-31 12:00:00,490.33704
2011-07-31 13:00:00,488.59943
2011-07-31 14:00:00,491.17383
2011-07-31 15:00:00,535.90344
2011-07-31 16:00:00,539.11523
2011-07-31 17:00:00,527.9053
2011-07-31 18:00:00,432.1277
2011-07-31 19:00:00,355.11536
2011-07-31 20:00:00,355.11536
2011-07-31 21:00:00,319.49377
2011-07-31 22:00:00,233.72089
2011-07-31 23:00:00,240.58478
2011-08-20 00:00:00,34.904633
2011-08-20 01:00:00,56.886623
2011-08-20 02:00:00,79.18586
2011-08-20 03:00:00,79.18586
2011-08-20 04:00:00,80.62382
2011-08-20 05:00:00,52.528797
2011-08-20 06:00:00,106.87896
2011-08-20 07:00:00,56.886623
2011-08-20 08:00:00,142.30363
2011-08-20 09:00:00,180.0337
2011-08-20 10:00:00,227.67336
2011-08-20 11:00:00,231.6006
2011-08-20 12:00:00,264.0523
2011-08-20 13:00:00,290.75983
2011-08-20 14:00:00,361.5574
2011-08-20 15:00:00,397.86667
2011-08-20 16:00:00,378.4887
2011-08-20 17:00:00,361.5574
2011-08-20 18:00:00,308.35455
2011-08-20 19:00:00,254.10942
2011-08-20 20:00:00,264.6995
2011-08-20 21:00:00,207.89009
2011-08-20 22:00:00,220.67253
2011-08-20 23:00:00,151.7964
2011-08-21 00:00:00,167.38084
2011-08-21 01:00:00,135.20802
2011-08-21 02:00:00,127.338394
2011-08-21 03:00:00,103.73101
2011-08-21 04:00:00,112.41156
2011-08-21 05:00:00,92.98693
2011-08-21 06:00:00,88.96798
2011-08-21 07:00:00,130.45941
2011-08-21 08:00:00,145.97452
2011-08-21 09:00:00,186.45753
2011-08-21 10:00:00,201.94788
2011-08-21 11:00:00,307.69446
2011-08-21 12:00:00,338.91693
2011-08-21 13:00:00,341.60562
2011-08-21 14:00:00,216.73982
2011-08-21 15:00:00,129.81743
2011-08-21 16:00:00,139.77002
2011-08-21 17:00:00,132.13277
2011-08-21 18:00:00,163.26796
2011-08-21 19:00:00,215.5389
2011-08-21 20:00:00,152.15634
2011-08-21 21:00:00,152.15634
2011-08-21 22:00:00,191.49747
2011-08-21 23:00:00,159.60054
2011-08-22 00:00:00,147.1163
2011-08-22 01:00:00,122.018456
2011-08-22 02:00:00,218.88408
2011-08-22 03:00:00,233.63042
2011-08-22 04:00:00,226.34851
2011-08-22 05:00:00,252.33836
2011-08-22 06:00:00,262.86017
2011-08-22 07:00:00,264.938
2011-08-22 08:00:00,264.938
2011-08-22 09:00:00,285.71014
2011-08-22 10:00:00,308.70834
2011-08-22 11:00:00,355.09222
2011-08-22 12:00:00,355.8721
2011-08-22 13:00:00,367.81757
2011-08-22 14:00:00,370.30618
2011-08-22 15:00:00,367.65887
2011-08-22 16:00:00,370.30618
2011-08-22 17:00:00,378.50552
2011-08-22 18:00:00,371.5572
2011-08-22 19:00:00,362.06354
2011-08-22 20:00:00,335.5017
2011-08-22 21:00:00,321.27664
2011-08-22 22:00:00,331.50116
2011-08-22 23:00:00,317.04306
2011-08-23 00:00:00,301.94894
2011-08-23 01:00:00,279.91272
2011-08-23 02:00:00,262.7984
2011-08-23 03:00:00,269.28134
2011-08-23 04:00:00,230.40068
2011-08-23 05:00:00,237.89488
2011-08-23 06:00:00,221.29028
2011-08-23 07:00:00,282.86258
2011-08-23 08:00:00,251.26707
2011-08-23 09:00:00,275.82965
2011-08-23 10:00:00,298.22272
2011-08-23 11:00:00,321.62927
2011-08-23 12:00:00,301.05872
2011-08-23 13:00:00,336.59625
2011-08-23 14:00:00,334.40848
2011-08-23 15:00:00,341.8587
2011-08-23 16:00:00,333.60938
2011-08-23 17:00:00,341.8587
2011-08-23 18:00:00,337.12808
2011-08-23 19:00:00,292.73022
2011-08-23 20:00:00,286.45776
2011-08-23 21:00:00,198.08069
2011-08-23 22:00:00,234.05783
2011-08-23 23:00:00,213.48183
2011-08-24 00:00:00,234.05783
2011-08-24 01:00:00,206.86717
2011-08-24 02:00:00,174.79033
2011-08-24 03:00:00,174.79033
2011-08-24 04:00:00,134.78688
2011-08-24 05:00:00,134.78688
2011-08-24 06:00:00,110.323296
2011-08-24 07:00:00,182.20256
2011-08-24 08:00:00,172.45888
2011-08-24 09:00:00,223.49469
2011-08-24 10:00:00,281.29828
2011-08-24 11:00:00,294.97546
2011-08-24 12:00:00,297.82693
2011-08-24 13:00:00,325.17664
2011-08-24 14:00:00,325.17664
2011-08-24 15:00:00,326.7038
2011-08-24 16:00:00,314.87793
2011-08-24 17:00:00,309.69516
2011-08-24 18:00:00,294.58154
2011-08-24 19:00:00,294.58154
2011-08-24 20:00:00,285.22104
2011-08-24 21:00:00,277.47363
2011-08-24 22:00:00,262.75098
2011-08-24 23:00:00,236.70546
2011-08-25 00:00:00,218.30136
2011-08-25 01:00:00,245.9912
2011-08-25 02:00:00,245.9912
2011-08-25 03:00:00,217.24419
2011-08-25 04:00:00,211.17863
2011-08-25 05:00:00,200.44896
2011-08-25 06:00:00,182.83447
2011-08-25 07:00:00,196.84401
2011-08-25 08:00:00,213.85695
2011-08-25 09:00:00,225.98174
2011-08-25 10:00:00,235.40965
2011-08-25 11:00:00,192.20432
2011-08-25 12:00:00,192.20432
2011-08-25 13:00:00,132.95316
2011-08-25 14:00:00,183.46786
2011-08-25 15:00:00,201.82063
2011-08-25 16:00:00,96.702736
2011-08-25 17:00:00,96.702736
2011-08-25 18:00:00,167.90575
2011-08-25 19:00:00,193.62746
2011-08-25 20:00:00,200.9321
2011-08-25 21:00:00,185.74348
2011-08-25 22:00:00,75.61545
2011-08-25 23:00:00,91.39118
2011-08-26 00:00:00,104.84863
2011-08-26 01:00:00,75.61545
2011-08-26 02:00:00,84.17103
2011-08-26 03:00:00,73.056244
2011-08-26 04:00:00,61.577473
2011-08-26 05:00:00,101.01699
2011-08-26 06:00:00,61.577473
2011-08-26 07:00:00,78.44115
2011-08-26 08:00:00,104.233986
2011-08-26 09:00:00,127.77868
2011-08-26 10:00:00,197.30421
2011-08-26 11:00:00,236.43013
2011-08-26 12:00:00,236.26053
2011-08-26 13:00:00,258.52463
2011-08-26 14:00:00,223.32616
2011-08-26 15:00:00,265.1264
2011-08-26 16:00:00,230.27737
2011-08-26 17:00:00,226.16632
2011-08-26 18:00:00,205.10301
2011-08-26 19:00:00,140.06349
2011-08-26 20:00:00,135.2248
2011-08-26 21:00:00,162.08258
2011-08-26 22:00:00,140.06349
2011-08-26 23:00:00,108.83706
2011-08-27 00:00:00,89.36369
2011-08-27 01:00:00,101.72913
2011-08-27 02:00:00,109.49031
2011-08-27 03:00:00,170.38506
2011-08-27 04:00:00,170.38506
2011-08-27 05:00:00,181.6913
2011-08-27 06:00:00,181.6913
2011-08-27 07:00:00,186.68689
2011-08-27 08:00:00,176.48363
2011-08-27 09:00:00,193.81105
2011-08-27 10:00:00,223.64165
2011-08-27 11:00:00,139.0731
2011-08-27 12:00:00,156.70479
2011-08-27 13:00:00,169.06923
2011-08-27 14:00:00,119.54907
2011-08-27 15:00:00,119.54907
2011-08-27 16:00:00,120.93668
2011-08-27 17:00:00,121.72373
2011-08-28 07:00:00,149.91673
2011-08-28 08:00:00,142.78513
2011-08-28 09:00:00,210.04549
2011-08-28 10:00:00,305.19458
2011-08-28 11:00:00,309.99664
2011-08-28 12:00:00,361.70975
2011-08-28 13:00:00,399.68024
2011-08-28 14:00:00,413.53226
2011-08-28 15:00:00,413.76587
2011-08-28 16:00:00,445.7675
2011-08-28 17:00:00,426.8047
2011-08-28 18:00:00,400.87735
2011-08-28 19:00:00,325.12823
2011-08-28 20:00:00,346.5421
2011-08-28 21:00:00,225.58086
2011-08-28 22:00:00,154.43312
2011-08-28 23:00:00,120.035225
2011-08-29 00:00:00,140.70897
2011-08-29 01:00:00,159.56894
2011-08-29 02:00:00,193.78456
2011-08-29 03:00:00,159.56894
2011-08-29 04:00:00,173.37923
2011-08-29 05:00:00,144.2005
2011-08-29 06:00:00,144.2005
2011-08-29 07:00:00,247.69962
2011-08-29 08:00:00,269.3518
2011-08-29 09:00:00,283.64648
2011-08-29 10:00:00,302.64276
2011-08-29 11:00:00,287.9371
2011-08-29 12:00:00,279.09085
2011-08-29 13:00:00,297.43933
2011-08-29 14:00:00,275.99707
2011-08-29 15:00:00,304.51486
2011-08-29 16:00:00,303.43103
2011-08-29 17:00:00,269.8801
2011-08-29 18:00:00,306.79956
2011-08-29 19:00:00,306.79956
2011-08-29 20:00:00,264.65997
2011-08-29 21:00:00,273.54663
2011-08-29 22:00:00,234.05783
2011-08-29 23:00:00,202.03972
2011-08-30 00:00:00,144.2005
2011-08-30 01:00:00,163.91661
2011-08-30 02:00:00,131.41156
2011-08-30 03:00:00,160.66895
2011-08-30 04:00:00,122.756294
2011-08-30 05:00:00,103.18813
2011-08-30 06:00:00,131.41156
2011-08-30 07:00:00,173.37923
2011-08-30 08:00:00,234.05783
2011-08-30 09:00:00,292.73022
2011-08-30 10:00:00,327.1195
2011-08-30 11:00:00,326.85242
2011-08-30 12:00:00,297.57898
2011-08-30 13:00:00,318.00275
2011-08-30 14:00:00,335.91196
2011-08-30 15:00:00,339.42267
2011-08-30 16:00:00,321.35278
2011-08-30 17:00:00,310.70966
2011-08-30 18:00:00,295.13916
2011-08-30 19:00:00,260.05188
2011-08-30 20:00:00,236.45393
2011-08-30 21:00:00,180.68843
2011-08-30 22:00:00,178.34476
2011-08-30 23:00:00,178.34476
2011-08-31 00:00:00,133.49474
2011-08-31 01:00:00,133.49474
2011-08-31 02:00:00,110.323296
2011-08-31 03:00:00,87.966866
2011-08-31 04:00:00,110.323296
2011-08-31 05:00:00,77.86939
2011-08-31 06:00:00,89.18807
2011-08-31 07:00:00,91.390434
2011-08-31 08:00:00,135.93517
2011-08-31 09:00:00,158.83217
2011-08-31 10:00:00,282.01636
2011-08-31 11:00:00,297.13358
2011-08-31 12:00:00,293.0691
2011-08-31 13:00:00,310.31287
2011-08-31 14:00:00,304.86023
2011-08-31 15:00:00,304.86023
2011-08-31 16:00:00,296.46136
2011-08-31 17:00:00,286.89462
2011-08-31 18:00:00,288.98877
2011-08-31 19:00:00,312.34415
2011-08-31 20:00:00,238.309
2011-08-31 21:00:00,202.72816
2011-08-31 22:00:00,137.85258
2011-08-31 23:00:00,113.37495
2011-09-20 00:00:00,157.8879
2011-09-20 01:00:00,103.80062
2011-09-20 02:00:00,103.80062
2011-09-20 03:00:00,125.21494
2011-09-20 04:00:00,92.50442
2011-09-20 05:00:00,105.626335
2011-09-20 06:00:00,105.626335
2011-09-20 07:00:00,103.80062
2011-09-20 08:00:00,79.412224
2011-09-20 09:00:00,80.91216
2011-09-20 10:00:00,99.331245
2011-09-20 11:00:00,99.331245
2011-09-20 12:00:00,89.679405
2011-09-20 13:00:00,84.99079
2011-09-20 14:00:00,121.41209
2011-09-20 15:00:00,159.34492
2011-09-20 16:00:00,144.59697
2011-09-20 17:00:00,92.12058
2011-09-20 18:00:00,92.12058
2011-09-20 19:00:00,57.474762
2011-09-20 20:00:00,44.894558
2011-09-20 21:00:00,44.894558
2011-09-20 22:00:00,44.894558
2011-09-20 23:00:00,44.894558
2011-09-21 00:00:00,33.074177
2011-09-21 01:00:00,42.144436
2011-09-21 02:00:00,42.144436
2011-09-21 03:00:00,76.51307
2011-09-21 04:00:00,63.62018
2011-09-21 05:00:00,67.54158
2011-09-21 06:00:00,70.54803
2011-09-21 07:00:00,70.54803
2011-09-21 08:00:00,61.80766
2011-09-21 09:00:00,65.70375
2011-09-21 10:00:00,96.06765
2011-09-21 11:00:00,151.14893
2011-09-21 12:00:00,161.00827
2011-09-21 13:00:00,188.90459
2011-09-21 14:00:00,192.78601
2011-09-21 15:00:00,181.53069
2011-09-21 16:00:00,181.53069
2011-09-21 17:00:00,184.80525
2011-09-21 18:00:00,139.71756
2011-09-21 19:00:00,108.76905
2011-09-21 20:00:00,108.76905
2011-09-21 21:00:00,67.26282
2011-09-21 22:00:00,83.51792
2011-09-21 23:00:00,58.883816
2011-09-22 00:00:00,58.883816
2011-09-22 01:00:00,84.090164
2011-09-22 02:00:00,85.64688
2011-09-22 03:00:00,84.090164
2011-09-22 04:00:00,84.090164
2011-09-22 05:00:00,85.64688
2011-09-22 06:00:00,70.70749
2011-09-22 07:00:00,68.04695
2011-09-22 08:00:00,75.76459
2011-09-22 09:00:00,110.795586
2011-09-22 10:00:00,143.85207
2011-09-22 11:00:00,138.46756
2011-09-22 12:00:00,162.48344
2011-09-22 13:00:00,165.05835
2011-09-22 14:00:00,168.70923
2011-09-22 15:00:00,179.0301
2011-09-22 16:00:00,188.77727
2011-09-22 17:00:00,165.73569
2011-09-22 18:00:00,145.39078
2011-09-22 19:00:00,116.83927
2011-09-22 20:00:00,98.13401
2011-09-22 21:00:00,116.83927
2011-09-22 22:00:00,71.628395
2011-09-22 23:00:00,83.51792
2011-09-23 00:00:00,139.39827
2011-09-23 01:00:00,93.61915
2011-09-23 02:00:00,111.91557
2011-09-23 03:00:00,93.61915
2011-09-23 04:00:00,126.42924
2011-09-23 05:00:00,117.3446
2011-09-23 06:00:00,139.39827
2011-09-23 07:00:00,158.9446
2011-09-23 08:00:00,158.9446
2011-09-23 09:00:00,131.7346
2011-09-23 10:00:00,132.99034
2011-09-23 11:00:00,132.99034
2011-09-23 12:00:00,160.19902
2011-09-23 13:00:00,127.03233
2011-09-23 14:00:00,127.03233
2011-09-23 15:00:00,160.19902
2011-09-23 16:00:00,156.26006
2011-09-23 17:00:00,93.61915
2011-09-23 18:00:00,81.78331
2011-09-23 19:00:00,127.705025
2011-09-23 20:00:00,97.255806
2011-09-23 21:00:00,121.95745
2011-09-23 22:00:00,139.68356
2011-09-23 23:00:00,116.29311
2011-09-24 00:00:00,59.08711
2011-09-24 01:00:00,117.37827
2011-09-24 02:00:00,117.37827
2011-09-24 03:00:00,73.4982
2011-09-24 04:00:00,79.09782
2011-09-24 05:00:00,114.97093
2011-09-24 06:00:00,114.97093
2011-09-24 07:00:00,143.4477
2011-09-24 08:00:00,136.5201
2011-09-24 09:00:00,149.27116
2011-09-24 10:00:00,149.27116
2011-09-24 11:00:00,186.33424
2011-09-24 12:00:00,186.33424
2011-09-24 13:00:00,166.39513
2011-09-24 14:00:00,264.48694
2011-09-24 15:00:00,264.48694
2011-09-24 16:00:00,224.16023
2011-09-24 17:00:00,219.93631
2011-09-24 18:00:00,185.98424
2011-09-24 19:00:00,101.7806
2011-09-24 20:00:00,130.05226
2011-09-24 21:00:00,144.37543
2011-09-24 22:00:00,144.38576
2011-09-24 23:00:00,149.27116
2011-09-25 00:00:00,140.42482
2011-09-25 01:00:00,150.93602
2011-09-25 02:00:00,157.49059
2011-09-25 03:00:00,157.49059
2011-09-25 04:00:00,165.99559
2011-09-25 05:00:00,108.86812
2011-09-25 06:00:00,150.93602
2011-09-25 07:00:00,120.33723
2011-09-25 08:00:00,144.38576
2011-09-25 09:00:00,177.68144
2011-09-25 10:00:00,177.68144
2011-09-25 11:00:00,236.4041
2011-09-25 12:00:00,218.59789
2011-09-25 13:00:00,252.82703
2011-09-25 14:00:00,218.59789
2011-09-25 15:00:00,218.59789
2011-09-25 16:00:00,231.33167
2011-09-25 17:00:00,201.28148
2011-09-25 18:00:00,201.28148
2011-09-25 19:00:00,157.23752
2011-09-25 20:00:00,148.5768
2011-09-25 21:00:00,84.16598
2011-09-25 22:00:00,113.7555
2011-09-25 23:00:00,123.80111
2011-09-26 00:00:00,117.3446
2011-09-26 01:00:00,172.35338
2011-09-26 02:00:00,172.35338
2011-09-26 03:00:00,117.3446
2011-09-26 04:00:00,139.39827
2011-09-26 05:00:00,150.10397
2011-09-26 06:00:00,139.39827
2011-09-26 07:00:00,117.3446
2011-09-26 08:00:00,117.3446
2011-09-26 09:00:00,189.86275
2011-09-26 10:00:00,189.86275
2011-09-26 11:00:00,225.92398
2011-09-26 12:00:00,243.82011
2011-09-26 13:00:00,267.473
2011-09-26 14:00:00,262.1885
2011-09-26 15:00:00,300.43887
2011-09-26 16:00:00,290.9345
2011-09-26 17:00:00,252.8911
2011-09-26 18:00:00,168.37929
2011-09-26 19:00:00,169.99696
2011-09-26 20:00:00,146.44466
2011-09-26 21:00:00,146.44466
2011-09-26 22:00:00,127.705025
2011-09-26 23:00:00,127.705025
2011-09-27 00:00:00,127.705025
2011-09-27 01:00:00,137.10448
2011-09-27 02:00:00,119.22071
2011-09-27 03:00:00,117.3446
2011-09-27 04:00:00,160.7984
2011-09-27 05:00:00,160.7984
2011-09-27 06:00:00,142.42928
2011-09-27 07:00:00,142.42928
2011-09-27 08:00:00,172.38551
2011-09-27 09:00:00,184.64986
2011-09-27 10:00:00,164.95943
2011-09-27 11:00:00,175.76659
2011-09-27 12:00:00,182.28096
2011-09-27 13:00:00,269.28223
2011-09-27 14:00:00,235.42467
2011-09-27 15:00:00,209.38283
2011-09-27 16:00:00,222.23424
2011-09-27 17:00:00,194.10127
2011-09-27 18:00:00,193.33028
2011-09-27 19:00:00,178.15572
2011-09-27 20:00:00,170.47444
2011-09-27 21:00:00,142.50163
2011-09-27 22:00:00,138.97583
2011-09-27 23:00:00,138.97583
2011-09-28 00:00:00,118.50434
2011-09-28 01:00:00,118.50434
2011-09-28 02:00:00,178.7043
2011-09-28 03:00:00,134.03201
2011-09-28 04:00:00,118.50434
2011-09-28 05:00:00,113.65061
2011-09-28 06:00:00,148.05092
2011-09-28 07:00:00,148.05092
2011-09-28 08:00:00,155.23425
2011-09-28 09:00:00,155.23425
2011-09-28 10:00:00,117.3446
2011-09-28 11:00:00,208.98969
2011-09-28 12:00:00,215.0075
2011-09-28 13:00:00,265.14108
2011-09-28 14:00:00,327.9641
2011-09-28 15:00:00,252.8911
2011-09-28 16:00:00,271.9621
2011-09-28 17:00:00,280.8117
2011-09-28 18:00:00,214.10579
2011-09-28 19:00:00,214.10579
2011-09-28 20:00:00,188.47316
2011-09-28 21:00:00,171.43542
2011-09-28 22:00:00,138.97583
2011-09-28 23:00:00,130.85591
2011-09-29 00:00:00,145.31618
2011-09-29 01:00:00,135.11412
2011-09-29 02:00:00,135.11412
2011-09-29 03:00:00,156.28873
2011-09-29 04:00:00,183.75954
2011-09-29 05:00:00,167.37088
2011-09-29 06:00:00,164.50781
2011-09-29 07:00:00,151.3765
2011-09-29 08:00:00,142.50163
2011-09-29 09:00:00,227.77243
2011-09-29 10:00:00,290.80652
2011-09-29 11:00:00,306.87146
2011-09-29 12:00:00,306.96307
2011-09-29 13:00:00,310.16528
2011-09-29 14:00:00,362.8451
2011-09-29 15:00:00,372.79242
2011-09-29 16:00:00,388.2677
2011-09-29 17:00:00,374.403
2011-09-29 18:00:00,395.88257
2011-09-29 19:00:00,341.12665
2011-09-29 20:00:00,323.31555
2011-09-29 21:00:00,288.7082
2011-09-29 22:00:00,223.72102
2011-09-29 23:00:00,188.3716
2011-09-30 00:00:00,158.92506
2011-09-30 01:00:00,185.38483
2011-09-30 02:00:00,158.92506
2011-09-30 03:00:00,158.92506
2011-09-30 04:00:00,179.03905
2011-09-30 05:00:00,179.03905
2011-09-30 06:00:00,183.66844
2011-09-30 07:00:00,183.66844
2011-09-30 08:00:00,198.50352
2011-09-30 09:00:00,234.58391
2011-09-30 10:00:00,250.53035
2011-09-30 11:00:00,308.08774
2011-09-30 12:00:00,322.54944
2011-09-30 13:00:00,349.39035
2011-09-30 14:00:00,350.02814
2011-09-30 15:00:00,359.9946
2011-09-30 16:00:00,345.8346
2011-09-30 17:00:00,342.307
2011-09-30 18:00:00,332.04062
2011-09-30 19:00:00,311.7824
2011-09-30 20:00:00,311.7824
2011-09-30 21:00:00,297.97345
2011-09-30 22:00:00,284.93677
2011-09-30 23:00:00,284.93677
2011-10-20 00:00:00,163.5497
2011-10-20 01:00:00,192.91112
2011-10-20 02:00:00,205.95488
2011-10-20 03:00:00,202.23607
2011-10-20 04:00:00,202.23607
2011-10-20 05:00:00,186.07753
2011-10-20 06:00:00,177.49657
2011-10-20 07:00:00,184.15044
2011-10-20 08:00:00,217.56824
2011-10-20 09:00:00,220.31525
2011-10-20 10:00:00,241.08572
2011-10-20 11:00:00,260.97943
2011-10-20 12:00:00,278.80627
2011-10-20 13:00:00,293.76825
2011-10-20 14:00:00,224.50589
2011-10-20 15:00:00,236.48946
2011-10-20 16:00:00,236.48946
2011-10-20 17:00:00,256.99966
2011-10-20 18:00:00,261.90308
2011-10-20 19:00:00,265.2937
2011-10-20 20:00:00,254.87358
2011-10-20 21:00:00,259.6316
2011-10-20 22:00:00,257.3672
2011-10-20 23:00:00,230.61394
2011-10-21 00:00:00,209.12486
2011-10-21 01:00:00,212.28653
2011-10-21 02:00:00,189.30466
2011-10-21 03:00:00,155.29553
2011-10-21 04:00:00,159.28163
2011-10-21 05:00:00,141.26988
2011-10-21 06:00:00,159.28163
2011-10-21 07:00:00,159.28163
2011-10-21 08:00:00,214.19287
2011-10-21 09:00:00,248.57591
2011-10-21 10:00:00,281.78845
2011-10-21 11:00:00,324.95496
2011-10-21 12:00:00,314.39453
2011-10-21 13:00:00,288.2642
2011-10-21 14:00:00,337.15802
2011-10-21 15:00:00,316.1245
2011-10-21 16:00:00,320.07227
2011-10-21 17:00:00,270.7742
2011-10-21 18:00:00,256.6546
2011-10-21 19:00:00,222.88742
2011-10-21 20:00:00,259.78918
2011-10-21 21:00:00,237.45003
2011-10-21 22:00:00,251.2787
2011-10-21 23:00:00,212.28653
2011-10-22 00:00:00,184.88281
2011-10-22 01:00:00,184.88281
2011-10-22 02:00:00,181.10481
2011-10-22 03:00:00,184.20457
2011-10-22 04:00:00,150.24605
2011-10-22 05:00:00,147.98639
2011-10-22 06:00:00,118.35289
2011-10-22 07:00:00,99.730606
2011-10-22 08:00:00,136.1379
2011-10-22 09:00:00,165.91472
2011-10-22 10:00:00,244.29163
2011-10-22 11:00:00,244.29163
2011-10-22 12:00:00,256.07153
2011-10-22 13:00:00,329.16843
2011-10-22 14:00:00,339.92743
2011-10-22 15:00:00,299.30414
2011-10-22 16:00:00,347.58182
2011-10-22 17:00:00,260.03812
2011-10-22 18:00:00,249.266
2011-10-22 19:00:00,171.9377
2011-10-22 20:00:00,162.53001
2011-10-22 21:00:00,115.32632
2011-10-22 22:00:00,115.32632
2011-10-22 23:00:00,90.84919
2011-10-23 00:00:00,70.77793
2011-10-23 01:00:00,70.77793
2011-10-23 02:00:00,66.14141
2011-10-23 03:00:00,67.37927
2011-10-23 04:00:00,67.37927
2011-10-23 05:00:00,62.468834
2011-10-23 06:00:00,61.927074
2011-10-23 07:00:00,66.14141
2011-10-23 08:00:00,68.78331
2011-10-23 09:00:00,115.32632
2011-10-23 10:00:00,146.8759
2011-10-23 11:00:00,167.2795
2011-10-23 12:00:00,266.6184
2011-10-23 13:00:00,306.17526
2011-10-23 14:00:00,304.8942
2011-10-23 15:00:00,319.5856
2011-10-23 16:00:00,306.17526
2011-10-23 17:00:00,240.11807
2011-10-23 18:00:00,236.96262
2011-10-23 19:00:00,128.72682
2011-10-23 20:00:00,152.1375
2011-10-23 21:00:00,152.1375
2011-10-23 22:00:00,121.428764
2011-10-23 23:00:00,121.994804
2011-10-24 00:00:00,143.49147
2011-10-24 01:00:00,137.21455
2011-10-24 02:00:00,121.24345
2011-10-24 03:00:00,128.09645
2011-10-24 04:00:00,117.19683
2011-10-24 05:00:00,102.96911
2011-10-24 06:00:00,121.24345
2011-10-24 07:00:00,106.64898
2011-10-24 08:00:00,134.48836
2011-10-24 09:00:00,161.76834
2011-10-24 10:00:00,170.30801
2011-10-24 11:00:00,224.12144
2011-10-24 12:00:00,242.9731
2011-10-24 13:00:00,265.97372
2011-10-24 14:00:00,266.52057
2011-10-24 15:00:00,293.2774
2011-10-24 16:00:00,273.55847
2011-10-24 17:00:00,239.34196
2011-10-24 18:00:00,279.47546
2011-10-24 19:00:00,162.84543
2011-10-24 20:00:00,156.41338
2011-10-24 21:00:00,133.05025
2011-10-24 22:00:00,196.88737
2011-10-24 23:00:00,170.52245
2011-10-25 00:00:00,167.55666
2011-10-25 01:00:00,167.55666
2011-10-25 02:00:00,143.65005
2011-10-25 03:00:00,105.45634
2011-10-25 04:00:00,122.365486
2011-10-25 05:00:00,122.365486
2011-10-25 06:00:00,125.72831
2011-10-25 07:00:00,163.38245
2011-10-25 08:00:00,172.7505
2011-10-25 09:00:00,275.05005
2011-10-25 10:00:00,296.82248
2011-10-25 11:00:00,315.6749
2011-10-25 12:00:00,348.70407
2011-10-25 13:00:00,358.59845
2011-10-25 14:00:00,372.42325
2011-10-25 15:00:00,380.12463
2011-10-25 16:00:00,383.14166
2011-10-25 17:00:00,380.12463
2011-10-25 18:00:00,342.6483
2011-10-25 19:00:00,232.1808
2011-10-25 20:00:00,215.0217
2011-10-25 21:00:00,188.2769
2011-10-25 22:00:00,222.27138
2011-10-25 23:00:00,188.2769
2011-10-26 00:00:00,192.90636
2011-10-26 01:00:00,209.13585
2011-10-26 02:00:00,212.10803
2011-10-26 03:00:00,210.8797
2011-10-26 04:00:00,188.12538
2011-10-26 05:00:00,188.08983
2011-10-26 06:00:00,188.08983
2011-10-26 07:00:00,187.39311
2011-10-26 08:00:00,226.70406
2011-10-26 09:00:00,251.486
2011-10-26 10:00:00,265.5966
2011-10-26 11:00:00,271.48065
2011-10-26 12:00:00,297.33545
2011-10-26 13:00:00,276.09796
2011-10-26 14:00:00,186.10522
2011-10-26 15:00:00,186.10522
2011-10-26 16:00:00,199.43532
2011-10-26 17:00:00,201.2935
2011-10-26 18:00:00,200.10518
2011-10-26 19:00:00,140.22719
2011-10-26 20:00:00,111.5474
2011-10-26 21:00:00,186.10522
2011-10-26 22:00:00,134.78844
2011-10-26 23:00:00,134.78844
2011-10-27 00:00:00,94.109764
2011-10-27 01:00:00,94.109764
2011-10-27 02:00:00,123.63158
2011-10-27 03:00:00,123.63158
2011-10-27 04:00:00,142.38469
2011-10-27 05:00:00,139.44023
2011-10-27 06:00:00,168.84213
2011-10-27 07:00:00,109.29221
2011-10-27 08:00:00,131.0128
2011-10-27 09:00:00,178.32376
2011-10-27 10:00:00,139.21886
2011-10-27 11:00:00,143.43542
2011-10-27 12:00:00,143.43542
2011-10-27 13:00:00,153.54666
2011-10-27 14:00:00,155.80992
2011-10-27 15:00:00,172.63792
2011-10-27 16:00:00,238.80388
2011-10-27 17:00:00,209.47707
2011-10-27 18:00:00,207.68898
2011-10-27 19:00:00,191.59186
2011-10-27 20:00:00,208.35258
2011-10-27 21:00:00,210.47159
2011-10-27 22:00:00,179.39487
2011-10-27 23:00:00,177.90685
2011-10-28 00:00:00,168.19427
2011-10-28 01:00:00,160.6403
2011-10-28 02:00:00,159.03065
2011-10-28 03:00:00,144.2292
2011-10-28 04:00:00,154.79135
2011-10-28 05:00:00,168.28493
2011-10-28 06:00:00,149.57686
2011-10-28 07:00:00,149.57686
2011-10-28 08:00:00,164.75725
2011-10-28 09:00:00,186.63751
2011-10-28 10:00:00,195.42668
2011-10-28 11:00:00,229.19917
2011-10-28 12:00:00,262.97217
2011-10-28 13:00:00,251.22276
2011-10-28 14:00:00,231.97006
2011-10-28 15:00:00,225.35878
2011-10-28 16:00:00,233.92456
2011-10-28 17:00:00,229.76979
2011-10-28 18:00:00,223.82729
2011-10-28 19:00:00,229.76979
2011-10-28 20:00:00,162.38383
2011-10-28 21:00:00,138.14359
2011-10-28 22:00:00,109.05898
2011-10-28 23:00:00,96.52073
2011-10-29 00:00:00,67.57902
2011-10-29 01:00:00,74.720116
2011-10-29 02:00:00,74.720116
2011-10-29 03:00:00,65.74418
2011-10-29 04:00:00,65.74418
2011-10-29 05:00:00,40.385
2011-10-29 06:00:00,49.098415
2011-10-29 07:00:00,49.098415
2011-10-29 08:00:00,55.991898
2011-10-29 09:00:00,55.991898
2011-10-29 10:00:00,44.336487
2011-10-29 11:00:00,36.829323
2011-10-29 12:00:00,32.144638
2011-10-29 13:00:00,31.516888
2011-10-29 14:00:00,34.230762
2011-10-29 15:00:00,49.329296
2011-10-29 16:00:00,36.174564
2011-10-29 17:00:00,36.174564
2011-10-29 18:00:00,36.174564
2011-10-29 19:00:00,41.440727
2011-10-29 20:00:00,41.440727
2011-10-29 21:00:00,41.440727
2011-10-29 22:00:00,34.08508
2011-10-29 23:00:00,33.66372
2011-10-30 00:00:00,34.08508
2011-10-30 01:00:00,35.8123
2011-10-30 02:00:00,37.844097
2011-10-30 03:00:00,50.699657
2011-10-30 04:00:00,41.96745
2011-10-30 05:00:00,49.581303
2011-10-30 06:00:00,50.081398
2011-10-30 07:00:00,55.774258
2011-10-30 08:00:00,63.616806
2011-10-30 09:00:00,90.24775
2011-10-30 10:00:00,131.98163
2011-10-30 11:00:00,190.27684
2011-10-30 12:00:00,236.0406
2011-10-30 13:00:00,287.8553
2011-10-30 14:00:00,330.92932
2011-10-30 15:00:00,343.6031
2011-10-30 16:00:00,355.6129
2011-10-30 17:00:00,323.22272
2011-10-30 18:00:00,260.0646
2011-10-30 19:00:00,360.336
2011-10-30 20:00:00,162.76523
2011-10-30 21:00:00,114.444145
2011-10-30 22:00:00,80.13325
2011-10-30 23:00:00,45.996292
2011-10-31 00:00:00,90.75211
2011-10-31 01:00:00,93.32332
2011-10-31 02:00:00,88.60729
2011-10-31 03:00:00,103.54612
2011-10-31 04:00:00,88.60729
2011-10-31 05:00:00,83.76949
2011-10-31 06:00:00,88.60729
2011-10-31 07:00:00,85.093506
2011-10-31 08:00:00,103.61007
2011-10-31 09:00:00,141.79112
2011-10-31 10:00:00,215.14595
2011-10-31 11:00:00,255.65134
2011-10-31 12:00:00,283.9565
2011-10-31 13:00:00,278.21503
2011-10-31 14:00:00,272.58768
2011-10-31 15:00:00,286.3998
2011-10-31 16:00:00,251.2787
2011-10-31 17:00:00,250.47002
2011-10-31 18:00:00,190.73973
2011-10-31 19:00:00,190.73973
2011-10-31 20:00:00,190.73973
2011-10-31 21:00:00,155.96394
2011-10-31 22:00:00,155.96394
2011-10-31 23:00:00,155.96394
2011-11-20 00:00:00,152.30858
2011-11-20 01:00:00,181.10481
2011-11-20 02:00:00,179.89839
2011-11-20 03:00:00,187.1792
2011-11-20 04:00:00,164.8759
2011-11-20 05:00:00,197.34328
2011-11-20 06:00:00,204.1363
2011-11-20 07:00:00,167.94664
2011-11-20 08:00:00,178.78496
2011-11-20 09:00:00,155.89238
2011-11-20 10:00:00,190.2408
2011-11-20 11:00:00,264.3956
2011-11-20 12:00:00,265.15192
2011-11-20 13:00:00,303.1299
2011-11-20 14:00:00,257.6162
2011-11-20 15:00:00,250.23062
2011-11-20 16:00:00,273.88177
2011-11-20 17:00:00,277.24197
2011-11-20 18:00:00,280.55902
2011-11-20 19:00:00,212.81029
2011-11-20 20:00:00,244.08864
2011-11-20 21:00:00,175.87094
2011-11-20 22:00:00,158.8875
2011-11-20 23:00:00,158.8875
2011-11-21 00:00:00,100.26756
2011-11-21 01:00:00,110.850334
2011-11-21 02:00:00,100.92764
2011-11-21 03:00:00,103.40812
2011-11-21 04:00:00,103.40812
2011-11-21 05:00:00,86.44695
2011-11-21 06:00:00,85.84382
2011-11-21 07:00:00,123.60928
2011-11-21 08:00:00,100.26756
2011-11-21 09:00:00,113.661385
2011-11-21 10:00:00,155.80992
2011-11-21 11:00:00,172.63792
2011-11-21 12:00:00,198.72093
2011-11-21 13:00:00,198.72093
2011-11-21 14:00:00,173.95235
2011-11-21 15:00:00,106.407646
2011-11-21 16:00:00,106.407646
2011-11-21 17:00:00,102.50892
2011-11-21 18:00:00,114.76722
2011-11-21 19:00:00,102.79538
2011-11-21 20:00:00,112.80859
2011-11-21 21:00:00,115.38469
2011-11-21 22:00:00,117.71328
2011-11-21 23:00:00,115.38469
2011-11-22 00:00:00,106.88503
2011-11-22 01:00:00,106.824005
2011-11-22 02:00:00,99.01818
2011-11-22 03:00:00,99.01818
2011-11-22 04:00:00,102.42491
2011-11-22 05:00:00,102.42491
2011-11-22 06:00:00,106.64898
2011-11-22 07:00:00,101.44528
2011-11-22 08:00:00,101.44528
2011-11-22 09:00:00,115.26946
2011-11-22 10:00:00,115.26946
2011-11-22 11:00:00,106.824005
2011-11-22 12:00:00,101.65004
2011-11-22 13:00:00,103.65829
2011-11-22 14:00:00,103.65829
2011-11-22 15:00:00,120.88859
2011-11-22 16:00:00,120.88859
2011-11-22 17:00:00,105.450066
2011-11-22 18:00:00,106.461136
2011-11-22 19:00:00,118.08184
2011-11-22 20:00:00,117.74642
2011-11-22 21:00:00,119.56607
2011-11-22 22:00:00,137.00708
2011-11-22 23:00:00,137.66808
2011-11-23 00:00:00,137.66808
2011-11-23 01:00:00,140.48407
2011-11-23 02:00:00,112.50541
2011-11-23 03:00:00,112.50541
2011-11-23 04:00:00,129.72209
2011-11-23 05:00:00,128.86873
2011-11-23 06:00:00,86.44695
2011-11-23 07:00:00,95.154854
2011-11-23 08:00:00,113.661385
2011-11-23 09:00:00,140.91963
2011-11-23 10:00:00,140.91963
2011-11-23 11:00:00,210.29144
2011-11-23 12:00:00,261.38635
2011-11-23 13:00:00,201.90996
2011-11-23 14:00:00,234.19246
2011-11-23 15:00:00,199.26384
2011-11-23 16:00:00,179.35118
2011-11-23 17:00:00,132.63925
2011-11-23 18:00:00,177.58733
2011-11-23 19:00:00,206.08702
2011-11-23 20:00:00,184.82175
2011-11-23 21:00:00,192.67644
2011-11-23 22:00:00,178.23318
2011-11-23 23:00:00,177.32387
2011-11-24 00:00:00,124.633766
2011-11-24 01:00:00,143.59242
2011-11-24 02:00:00,110.35067
2011-11-24 03:00:00,79.49356
2011-11-24 04:00:00,100.2205
2011-11-24 05:00:00,101.007866
2011-11-24 06:00:00,100.2205
2011-11-24 07:00:00,50.267506
2011-11-24 08:00:00,87.065254
2011-11-24 09:00:00,119.5286
2011-11-24 10:00:00,154.37721
2011-11-24 11:00:00,285.40918
2011-11-24 12:00:00,337.3425
2011-11-24 13:00:00,364.6646
2011-11-24 14:00:00,390.15533
2011-11-24 15:00:00,388.4782
2011-11-24 16:00:00,377.00107
2011-11-24 17:00:00,358.09906
2011-11-24 18:00:00,237.74794
2011-11-24 19:00:00,203.09789
2011-11-24 20:00:00,93.27907
2011-11-24 21:00:00,105.85692
2011-11-24 22:00:00,105.85692
2011-11-24 23:00:00,79.10055
2011-11-25 00:00:00,138.59645
2011-11-25 01:00:00,117.687
2011-11-25 02:00:00,112.76046
2011-11-25 03:00:00,120.59826
2011-11-25 04:00:00,123.57165
2011-11-25 05:00:00,103.177025
2011-11-25 06:00:00,111.27448
2011-11-25 07:00:00,93.32332
2011-11-25 08:00:00,114.527626
2011-11-25 09:00:00,111.77136
2011-11-25 10:00:00,159.28163
2011-11-25 11:00:00,192.519
2011-11-25 12:00:00,279.81802
2011-11-25 13:00:00,324.95496
2011-11-25 14:00:00,357.47455
2011-11-25 15:00:00,368.28333
2011-11-25 16:00:00,345.4225
2011-11-25 17:00:00,362.61206
2011-11-25 18:00:00,305.22827
2011-11-25 19:00:00,186.15767
2011-11-25 20:00:00,224.92982
2011-11-25 21:00:00,142.89334
2011-11-25 22:00:00,141.68765
2011-11-25 23:00:00,128.78145
2011-11-26 00:00:00,91.83176
2011-11-26 01:00:00,83.29566
2011-11-26 02:00:00,65.673134
2011-11-26 03:00:00,65.9698
2011-11-26 04:00:00,65.9698
2011-11-26 05:00:00,77.554184
2011-11-26 06:00:00,119.75709
2011-11-26 07:00:00,43.986977
2011-11-26 08:00:00,83.29566
2011-11-26 09:00:00,91.683266
2011-11-26 10:00:00,89.30826
2011-11-26 11:00:00,182.00833
2011-11-26 12:00:00,258.5851
2011-11-26 13:00:00,322.07135
2011-11-26 14:00:00,341.80566
2011-11-26 15:00:00,378.8451
2011-11-26 16:00:00,336.57312
2011-11-26 17:00:00,336.57312
2011-11-26 18:00:00,236.1597
2011-11-26 19:00:00,180.64487
2011-11-26 20:00:00,254.15674
2011-11-26 21:00:00,122.45531
2011-11-26 22:00:00,146.92343
2011-11-26 23:00:00,89.30826
2011-11-27 00:00:00,89.30826
2011-11-27 01:00:00,89.30826
2011-11-27 02:00:00,82.52709
2011-11-27 03:00:00,67.37927
2011-11-27 04:00:00,66.76768
2011-11-27 05:00:00,66.96081
2011-11-27 06:00:00,88.42732
2011-11-27 07:00:00,74.701546
2011-11-27 08:00:00,94.907616
2011-11-27 09:00:00,163.5665
2011-11-27 10:00:00,163.5665
2011-11-27 11:00:00,233.53206
2011-11-27 12:00:00,310.2624
2011-11-27 13:00:00,290.08282
2011-11-27 14:00:00,417.5019
2011-11-27 15:00:00,445.53802
2011-11-27 16:00:00,349.0843
2011-11-27 17:00:00,313.76834
2011-11-27 18:00:00,243.54077
2011-11-27 19:00:00,207.25894
2011-11-27 20:00:00,243.80368
2011-11-27 21:00:00,205.60614
2011-11-27 22:00:00,176.52031
2011-11-27 23:00:00,176.52031
2011-11-28 00:00:00,187.3715
2011-11-28 01:00:00,187.70255
2011-11-28 03:00:00,145.66791
2011-11-28 04:00:00,141.6432
2011-11-28 05:00:00,105.45634
2011-11-28 06:00:00,134.69095
2011-11-28 07:00:00,106.17395
2011-11-28 08:00:00,97.38288
2011-11-28 09:00:00,145.74135
2011-11-28 10:00:00,192.91347
2011-11-28 11:00:00,242.9731
2011-11-28 12:00:00,286.10928
2011-11-28 13:00:00,308.96527
2011-11-28 14:00:00,293.19217
2011-11-28 15:00:00,297.1714
2011-11-28 16:00:00,296.57053
2011-11-28 17:00:00,317.23444
2011-11-28 18:00:00,281.72464
2011-11-28 19:00:00,232.0156
2011-11-28 20:00:00,233.4363
2011-11-28 21:00:00,215.86697
2011-11-28 22:00:00,172.63792
2011-11-28 23:00:00,176.75624
2011-11-29 00:00:00,137.76128
2011-11-29 01:00:00,156.2353
2011-11-29 02:00:00,126.12047
2011-11-29 03:00:00,126.12047
2011-11-29 04:00:00,186.35893
2011-11-29 05:00:00,170.93971
2011-11-29 06:00:00,191.89221
2011-11-29 07:00:00,208.51071
2011-11-29 08:00:00,219.1417
2011-11-29 09:00:00,188.67949
2011-11-29 10:00:00,188.67949
2011-11-29 11:00:00,129.52205
2011-11-29 12:00:00,115.99728
2011-11-29 13:00:00,141.91737
2011-11-29 14:00:00,102.79538
2011-11-29 15:00:00,107.55365
2011-11-29 16:00:00,112.80859
2011-11-29 17:00:00,142.20349
2011-11-29 18:00:00,152.59547
2011-11-29 19:00:00,150.3398
2011-11-29 20:00:00,136.98772
2011-11-29 21:00:00,136.98772
2011-11-29 22:00:00,148.5145
2011-11-29 23:00:00,154.33286
2011-11-30 00:00:00,185.49147
2011-11-30 01:00:00,164.69261
2011-11-30 02:00:00,148.36037
2011-11-30 03:00:00,148.36037
2011-11-30 04:00:00,135.61751
2011-11-30 05:00:00,121.03344
2011-11-30 06:00:00,104.79715
2011-11-30 07:00:00,111.27448
2011-11-30 08:00:00,121.03344
2011-11-30 09:00:00,135.40105
2011-11-30 10:00:00,168.93608
2011-11-30 11:00:00,220.03596
2011-11-30 12:00:00,202.77153
2011-11-30 13:00:00,220.68538
2011-11-30 14:00:00,220.68538
2011-11-30 15:00:00,221.37288
2011-11-30 16:00:00,226.15944
2011-11-30 17:00:00,183.75768
2011-11-30 18:00:00,200.66225
2011-11-30 19:00:00,178.94673
2011-11-30 20:00:00,178.94673
2011-11-30 21:00:00,182.25162
2011-11-30 22:00:00,172.8335
2011-11-30 23:00:00,171.18929
2011-12-20 00:00:00,207.45126
2011-12-20 01:00:00,220.25475
2011-12-20 02:00:00,198.15898
2011-12-20 03:00:00,198.15898
2011-12-20 04:00:00,231.09079
2011-12-20 05:00:00,223.99185
2011-12-20 06:00:00,223.99185
2011-12-20 07:00:00,206.11684
2011-12-20 08:00:00,262.85693
2011-12-20 09:00:00,191.26357
2011-12-20 10:00:00,245.04924
2011-12-20 11:00:00,226.6603
2011-12-20 12:00:00,269.00632
2011-12-20 13:00:00,269.00632
2011-12-20 14:00:00,258.86298
2011-12-20 15:00:00,270.54578
2011-12-20 16:00:00,254.65846
2011-12-20 17:00:00,213.60324
2011-12-20 18:00:00,188.77238
2011-12-20 19:00:00,172.63991
2011-12-20 20:00:00,163.31413
2011-12-20 21:00:00,170.72162
2011-12-20 22:00:00,191.26357
2011-12-20 23:00:00,216.30513
2011-12-21 00:00:00,107.92556
2011-12-21 01:00:00,117.730934
2011-12-21 02:00:00,120.40485
2011-12-21 03:00:00,120.40485
2011-12-21 04:00:00,120.40485
2011-12-21 05:00:00,120.13329
2011-12-21 06:00:00,114.16811
2011-12-21 07:00:00,108.79633
2011-12-21 08:00:00,107.777626
2011-12-21 09:00:00,112.83418
2011-12-21 10:00:00,136.7426
2011-12-21 11:00:00,136.7426
2011-12-21 12:00:00,99.09931
2011-12-21 13:00:00,98.828804
2011-12-21 14:00:00,131.29149
2011-12-21 15:00:00,130.54059
2011-12-21 16:00:00,90.563705
2011-12-21 17:00:00,90.563705
2011-12-21 18:00:00,111.959984
2011-12-21 19:00:00,136.79187
2011-12-21 20:00:00,135.37015
2011-12-21 21:00:00,155.82042
2011-12-21 22:00:00,155.16536
2011-12-21 23:00:00,153.32841
2011-12-22 00:00:00,166.62935
2011-12-22 01:00:00,103.124405
2011-12-22 02:00:00,151.96953
2011-12-22 03:00:00,169.53069
2011-12-22 04:00:00,109.44993
2011-12-22 05:00:00,102.2007
2011-12-22 06:00:00,91.22434
2011-12-22 07:00:00,77.65845
2011-12-22 08:00:00,114.16811
2011-12-22 09:00:00,117.55239
2011-12-22 10:00:00,127.95385
2011-12-22 11:00:00,148.50249
2011-12-22 12:00:00,181.0989
2011-12-22 13:00:00,166.1786
2011-12-22 14:00:00,166.1786
2011-12-22 15:00:00,179.5246
2011-12-22 16:00:00,166.1786
2011-12-22 17:00:00,151.87154
2011-12-22 18:00:00,157.22443
2011-12-22 19:00:00,158.04652
2011-12-22 20:00:00,127.820625
2011-12-22 21:00:00,127.820625
2011-12-22 22:00:00,96.56912
2011-12-22 23:00:00,118.08811
2011-12-23 00:00:00,104.25605
2011-12-23 01:00:00,104.25605
2011-12-23 02:00:00,97.346016
2011-12-23 03:00:00,97.346016
2011-12-23 04:00:00,85.202
2011-12-23 05:00:00,84.81011
2011-12-23 06:00:00,110.06307
2011-12-23 07:00:00,112.13029
2011-12-23 08:00:00,130.1014
2011-12-23 09:00:00,151.40965
2011-12-23 10:00:00,160.29788
2011-12-23 11:00:00,164.41786
2011-12-23 12:00:00,167.77663
2011-12-23 13:00:00,169.66347
2011-12-23 14:00:00,166.2794
2011-12-23 15:00:00,157.06915
2011-12-23 16:00:00,162.56593
2011-12-23 17:00:00,141.3926
2011-12-23 18:00:00,141.27089
2011-12-23 19:00:00,129.33089
2011-12-23 20:00:00,114.61919
2011-12-23 21:00:00,111.344086
2011-12-23 22:00:00,109.81516
2011-12-23 23:00:00,108.67185
2011-12-24 00:00:00,84.639595
2011-12-24 01:00:00,92.98054
2011-12-24 02:00:00,90.941734
2011-12-24 03:00:00,86.801125
2011-12-24 04:00:00,87.78449
2011-12-24 05:00:00,87.78449
2011-12-24 06:00:00,71.17667
2011-12-24 07:00:00,60.647354
2011-12-24 08:00:00,55.49128
2011-12-24 09:00:00,102.00831
2011-12-24 10:00:00,111.99421
2011-12-24 11:00:00,120.013275
2011-12-24 12:00:00,133.27391
2011-12-24 13:00:00,129.9301
2011-12-24 14:00:00,129.9301
2011-12-24 15:00:00,121.54921
2011-12-24 16:00:00,118.23314
2011-12-24 17:00:00,86.89115
2011-12-24 18:00:00,103.6298
2011-12-24 19:00:00,85.64362
2011-12-24 20:00:00,63.84248
2011-12-24 21:00:00,64.94214
2011-12-24 22:00:00,56.34843
2011-12-24 23:00:00,46.461514
2011-12-25 00:00:00,52.118214
2011-12-25 01:00:00,40.2304
2011-12-25 02:00:00,36.30228
2011-12-25 03:00:00,33.175373
2011-12-25 05:00:00,32.614304
2011-12-25 06:00:00,32.614304
2011-12-25 07:00:00,33.550858
2011-12-25 08:00:00,31.10824
2011-12-25 09:00:00,29.183207
2011-12-25 10:00:00,35.878864
2011-12-25 11:00:00,63.499035
2011-12-25 12:00:00,49.9651
2011-12-25 13:00:00,70.23489
2011-12-25 14:00:00,90.72046
2011-12-25 15:00:00,92.67141
2011-12-25 16:00:00,106.43208
2011-12-25 17:00:00,88.42535
2011-12-25 18:00:00,71.80326
2011-12-25 19:00:00,89.24068
2011-12-25 20:00:00,100.96406
2011-12-25 21:00:00,79.474846
2011-12-25 22:00:00,66.65076
2011-12-25 23:00:00,54.554623
2011-12-26 00:00:00,36.037846
2011-12-26 01:00:00,69.39953
2011-12-26 02:00:00,106.0813
2011-12-26 04:00:00,117.05869
2011-12-26 05:00:00,128.89676
2011-12-26 06:00:00,109.866005
2011-12-26 07:00:00,95.597176
2011-12-26 08:00:00,88.96872
2011-12-26 09:00:00,117.05869
2011-12-26 10:00:00,137.42911
2011-12-26 11:00:00,137.87462
2011-12-26 12:00:00,140.96068
2011-12-26 13:00:00,154.90932
2011-12-26 14:00:00,157.52354
2011-12-26 15:00:00,147.28635
2011-12-26 16:00:00,130.70757
2011-12-26 17:00:00,106.0813
2011-12-26 18:00:00,80.263916
2011-12-26 19:00:00,58.410408
2011-12-26 20:00:00,65.18187
2011-12-26 21:00:00,38.5275
2011-12-26 22:00:00,38.5275
2011-12-26 23:00:00,43.689114
2011-12-27 00:00:00,87.02795
2011-12-27 01:00:00,87.05508
2011-12-27 02:00:00,87.05508
2011-12-27 03:00:00,97.38384
2011-12-27 04:00:00,97.084145
2011-12-27 05:00:00,93.48904
2011-12-27 06:00:00,93.32018
2011-12-27 07:00:00,94.39829
2011-12-27 08:00:00,98.48066
2011-12-27 09:00:00,87.8075
2011-12-27 10:00:00,107.17414
2011-12-27 11:00:00,87.8075
2011-12-27 12:00:00,88.9929
2011-12-27 13:00:00,82.2432
2011-12-27 14:00:00,92.21418
2011-12-27 15:00:00,92.21418
2011-12-27 16:00:00,101.93172
2011-12-27 17:00:00,108.84621
2011-12-27 18:00:00,102.21618
2011-12-27 19:00:00,87.622505
2011-12-27 20:00:00,72.41657
2011-12-27 21:00:00,80.07407
2011-12-27 22:00:00,80.07407
2011-12-27 23:00:00,70.0801
2011-12-28 00:00:00,83.18461
2011-12-28 01:00:00,98.48769
2011-12-28 02:00:00,111.391785
2011-12-28 03:00:00,111.391785
2011-12-28 05:00:00,118.836525
2011-12-28 06:00:00,115.85187
2011-12-28 07:00:00,115.85187
2011-12-28 08:00:00,118.836525
2011-12-28 09:00:00,118.78092
2011-12-28 10:00:00,124.42097
2011-12-28 11:00:00,144.3292
2011-12-28 12:00:00,138.35992
2011-12-28 13:00:00,136.44806
2011-12-28 14:00:00,128.20412
2011-12-28 15:00:00,131.07414
2011-12-28 16:00:00,124.48444
2011-12-28 17:00:00,113.98333
2011-12-28 18:00:00,106.14207
2011-12-28 19:00:00,96.69453
2011-12-28 20:00:00,96.55283
2011-12-28 21:00:00,90.11636
2011-12-28 22:00:00,90.285576
2011-12-28 23:00:00,89.70898
2011-12-29 00:00:00,68.906685
2011-12-29 01:00:00,88.3092
2011-12-29 02:00:00,84.58103
2011-12-29 03:00:00,81.44338
2011-12-29 04:00:00,83.51487
2011-12-29 05:00:00,83.3561
2011-12-29 06:00:00,80.08641
2011-12-29 07:00:00,72.78115
2011-12-29 08:00:00,81.984474
2011-12-29 09:00:00,77.33569
2011-12-29 10:00:00,80.666824
2011-12-29 11:00:00,85.888916
2011-12-29 12:00:00,88.81362
2011-12-29 13:00:00,90.67761
2011-12-29 14:00:00,102.82018
2011-12-29 15:00:00,97.940544
2011-12-29 16:00:00,112.84837
2011-12-29 17:00:00,107.016045
2011-12-29 18:00:00,108.7524
2011-12-29 19:00:00,108.93034
2011-12-29 20:00:00,94.58871
2011-12-29 21:00:00,94.700714
2011-12-29 22:00:00,96.53408
2011-12-29 23:00:00,103.78057
2011-12-30 00:00:00,92.02848
2011-12-30 01:00:00,90.139824
2011-12-30 02:00:00,80.508
2011-12-30 03:00:00,80.508
2011-12-30 04:00:00,79.874146
2011-12-30 05:00:00,73.93259
2011-12-30 06:00:00,79.874146
2011-12-30 07:00:00,76.324455
2011-12-30 08:00:00,85.643196
2011-12-30 09:00:00,79.00032
2011-12-30 10:00:00,100.8204
2011-12-30 11:00:00,109.81516
2011-12-30 12:00:00,117.482216
2011-12-30 13:00:00,113.71839
2011-12-30 14:00:00,134.73853
2011-12-30 15:00:00,178.30476
2011-12-30 16:00:00,186.68242
2011-12-30 17:00:00,152.58824
2011-12-30 18:00:00,127.16267
2011-12-30 19:00:00,101.45361
2011-12-30 20:00:00,112.13463
2011-12-30 21:00:00,117.730934
2011-12-30 22:00:00,107.4408
2011-12-30 23:00:00,112.4725
2011-12-31 00:00:00,109.08763
2011-12-31 01:00:00,123.20275
2011-12-31 02:00:00,123.20275
2011-12-31 03:00:00,123.20275
2011-12-31 04:00:00,96.86402
2011-12-31 05:00:00,91.29063
2011-12-31 06:00:00,120.98382
2011-12-31 07:00:00,108.51079
2011-12-31 08:00:00,58.353817
2011-12-31 09:00:00,74.32654
2011-12-31 10:00:00,91.07409
2011-12-31 11:00:00,109.208305
2011-12-31 12:00:00,286.4819
2011-12-31 13:00:00,233.37477
2011-12-31 14:00:00,199.78384
2011-12-31 15:00:00,195.81721
2011-12-31 16:00:00,179.86131
2011-12-31 17:00:00,159.17989
2011-12-31 18:00:00,153.57396
2011-12-31 19:00:00,161.82074
2011-12-31 20:00:00,161.82074
2011-12-31 21:00:00,134.62207
2011-12-31 22:00:00,109.63305
2011-12-31 23:00:00,85.239685
2012-01-20 00:00:00,78.04734
2012-01-20 01:00:00,101.591545
2012-01-20 02:00:00,101.591545
2012-01-20 03:00:00,93.65159
2012-01-20 04:00:00,84.46243
2012-01-20 05:00:00,84.46243
2012-01-20 06:00:00,84.3189
2012-01-20 07:00:00,75.56603
2012-01-20 08:00:00,77.89863
2012-01-20 09:00:00,92.787506
2012-01-20 10:00:00,66.196014
2012-01-20 11:00:00,60.00356
2012-01-20 12:00:00,59.747574
2012-01-20 13:00:00,95.65069
2012-01-20 14:00:00,65.570656
2012-01-20 15:00:00,61.31908
2012-01-20 16:00:00,56.99744
2012-01-20 17:00:00,61.647987
2012-01-20 18:00:00,57.629086
2012-01-20 19:00:00,59.394753
2012-01-20 20:00:00,57.629086
2012-01-20 21:00:00,59.843884
2012-01-20 22:00:00,57.932102
2012-01-20 23:00:00,42.506973
2012-01-21 00:00:00,21.62234
2012-01-21 01:00:00,14.8265
2012-01-21 02:00:00,35.76166
2012-01-21 03:00:00,31.946325
2012-01-21 04:00:00,32.278973
2012-01-21 05:00:00,30.550253
2012-01-21 06:00:00,26.197428
2012-01-21 07:00:00,26.197428
2012-01-21 08:00:00,18.230991
2012-01-21 09:00:00,18.230991
2012-01-21 10:00:00,16.424397
2012-01-21 11:00:00,34.894966
2012-01-21 12:00:00,39.053444
2012-01-21 13:00:00,30.173063
2012-01-21 14:00:00,29.707106
2012-01-21 15:00:00,29.707106
2012-01-21 16:00:00,26.195698
2012-01-21 17:00:00,22.752438
2012-01-21 18:00:00,26.377016
2012-01-21 19:00:00,19.460514
2012-01-21 20:00:00,23.49087
2012-01-21 21:00:00,27.299849
2012-01-21 22:00:00,27.052088
2012-01-21 23:00:00,23.888475
2012-01-22 00:00:00,21.13066
2012-01-22 01:00:00,27.052088
2012-01-22 02:00:00,28.00259
2012-01-22 03:00:00,29.572191
2012-01-22 04:00:00,16.879238
2012-01-22 05:00:00,20.400927
2012-01-22 06:00:00,27.646673
2012-01-22 07:00:00,27.646673
2012-01-22 08:00:00,27.646673
2012-01-22 09:00:00,27.646673
2012-01-22 10:00:00,24.197268
2012-01-22 11:00:00,19.463919
2012-01-22 12:00:00,26.003088
2012-01-22 13:00:00,31.20025
2012-01-22 14:00:00,30.153097
2012-01-22 15:00:00,28.156748
2012-01-22 16:00:00,28.156748
2012-01-22 17:00:00,30.614466
2012-01-22 18:00:00,30.550253
2012-01-22 19:00:00,30.550253
2012-01-22 20:00:00,26.158981
2012-01-22 21:00:00,30.550253
2012-01-22 22:00:00,27.83285
2012-01-22 23:00:00,26.644701
2012-01-23 00:00:00,74.09641
2012-01-23 01:00:00,69.26327
2012-01-23 02:00:00,69.26327
2012-01-23 03:00:00,74.09641
2012-01-23 04:00:00,81.87279
2012-01-23 05:00:00,77.99953
2012-01-23 06:00:00,77.99953
2012-01-23 07:00:00,76.25123
2012-01-23 08:00:00,60.314632
2012-01-23 09:00:00,73.6079
2012-01-23 10:00:00,71.28719
2012-01-23 11:00:00,65.65007
2012-01-23 12:00:00,74.90001
2012-01-23 13:00:00,69.82135
2012-01-23 14:00:00,56.430042
2012-01-23 15:00:00,54.66808
2012-01-23 16:00:00,66.71543
2012-01-23 17:00:00,67.770744
2012-01-23 18:00:00,67.99137
2012-01-23 19:00:00,69.69017
2012-01-23 20:00:00,63.922375
2012-01-23 21:00:00,57.961422
2012-01-23 22:00:00,57.961422
2012-01-23 23:00:00,65.49325
2012-01-24 00:00:00,65.89709
2012-01-24 01:00:00,78.63368
2012-01-24 02:00:00,80.65388
2012-01-24 03:00:00,86.46024
2012-01-24 04:00:00,75.179955
2012-01-24 05:00:00,75.179955
2012-01-24 06:00:00,82.736855
2012-01-24 07:00:00,86.46024
2012-01-24 08:00:00,86.46024
2012-01-24 09:00:00,100.47222
2012-01-24 10:00:00,72.41657
2012-01-24 11:00:00,85.200554
2012-01-24 12:00:00,87.622505
2012-01-24 13:00:00,87.622505
2012-01-24 14:00:00,100.35821
2012-01-24 15:00:00,132.44167
2012-01-24 16:00:00,140.50533
2012-01-24 17:00:00,152.59848
2012-01-24 18:00:00,150.55338
2012-01-24 19:00:00,185.3463
2012-01-24 20:00:00,92.51249
2012-01-24 21:00:00,110.54588
2012-01-24 22:00:00,87.54805
2012-01-24 23:00:00,92.51249
2012-01-25 00:00:00,62.829178
2012-01-25 01:00:00,95.892296
2012-01-25 02:00:00,91.72758
2012-01-25 03:00:00,81.43896
2012-01-25 04:00:00,79.37501
2012-01-25 05:00:00,79.37501
2012-01-25 06:00:00,75.33814
2012-01-25 07:00:00,73.26402
2012-01-25 08:00:00,76.453186
2012-01-25 09:00:00,76.453186
2012-01-25 10:00:00,73.12622
2012-01-25 11:00:00,93.32018
2012-01-25 12:00:00,121.46764
2012-01-25 13:00:00,129.05107
2012-01-25 14:00:00,131.17311
2012-01-25 15:00:00,147.86821
2012-01-25 16:00:00,127.89635
2012-01-25 17:00:00,136.91118
2012-01-25 18:00:00,108.67185
2012-01-25 19:00:00,116.84363
2012-01-25 20:00:00,113.89111
2012-01-25 21:00:00,99.15451
2012-01-25 22:00:00,100.900986
2012-01-25 23:00:00,101.52647
2012-01-26 00:00:00,92.55725
2012-01-26 01:00:00,99.16604
2012-01-26 02:00:00,90.09696
2012-01-26 03:00:00,94.88381
2012-01-26 04:00:00,83.49171
2012-01-26 05:00:00,98.76034
2012-01-26 06:00:00,98.21482
2012-01-26 07:00:00,94.026695
2012-01-26 08:00:00,94.026695
2012-01-26 09:00:00,102.71804
2012-01-26 10:00:00,93.14033
2012-01-26 11:00:00,93.11269
2012-01-26 12:00:00,103.707405
2012-01-26 13:00:00,127.23636
2012-01-26 14:00:00,133.21947
2012-01-26 15:00:00,142.01106
2012-01-26 16:00:00,133.49072
2012-01-26 17:00:00,143.8304
2012-01-26 18:00:00,143.8304
2012-01-26 19:00:00,130.98401
2012-01-26 20:00:00,125.759056
2012-01-26 21:00:00,130.98401
2012-01-26 22:00:00,107.84113
2012-01-26 23:00:00,129.33281
2012-01-27 00:00:00,115.955795
2012-01-27 01:00:00,112.83418
2012-01-27 02:00:00,100.48757
2012-01-27 03:00:00,108.7247
2012-01-27 04:00:00,97.11373
2012-01-27 05:00:00,105.24424
2012-01-27 06:00:00,102.964935
2012-01-27 07:00:00,104.16859
2012-01-27 08:00:00,123.752266
2012-01-27 09:00:00,123.752266
2012-01-27 10:00:00,109.72642
2012-01-27 11:00:00,140.50316
2012-01-27 12:00:00,155.16948
2012-01-27 13:00:00,215.7397
2012-01-27 14:00:00,217.03711
2012-01-27 15:00:00,217.91931
2012-01-27 16:00:00,189.58217
2012-01-27 17:00:00,179.51244
2012-01-27 18:00:00,169.95717
2012-01-27 19:00:00,141.25092
2012-01-27 20:00:00,128.35999
2012-01-27 21:00:00,132.92052
2012-01-27 22:00:00,131.42883
2012-01-27 23:00:00,124.92783
2012-01-28 00:00:00,88.33698
2012-01-28 01:00:00,87.436455
2012-01-28 02:00:00,53.891983
2012-01-28 03:00:00,57.60512
2012-01-28 04:00:00,60.507004
2012-01-28 05:00:00,38.82171
2012-01-28 06:00:00,38.990696
2012-01-28 07:00:00,32.612972
2012-01-28 08:00:00,29.870378
2012-01-28 09:00:00,31.800728
2012-01-28 10:00:00,49.813156
2012-01-28 11:00:00,79.474846
2012-01-28 12:00:00,75.77836
2012-01-28 13:00:00,97.193924
2012-01-28 14:00:00,142.27782
2012-01-28 15:00:00,164.6508
2012-01-28 16:00:00,190.65868
2012-01-28 17:00:00,185.40529
2012-01-28 18:00:00,210.6763
2012-01-28 19:00:00,141.13698
2012-01-28 20:00:00,183.22679
2012-01-28 21:00:00,155.61543
2012-01-28 22:00:00,151.76184
2012-01-28 23:00:00,143.0369
2012-01-29 00:00:00,124.543655
2012-01-29 01:00:00,126.10293
2012-01-29 02:00:00,120.4555
2012-01-29 03:00:00,110.942825
2012-01-29 04:00:00,89.77494
2012-01-29 05:00:00,46.24549
2012-01-29 06:00:00,59.96303
2012-01-29 07:00:00,65.55918
2012-01-29 08:00:00,53.229786
2012-01-29 09:00:00,48.542126
2012-01-29 10:00:00,85.001335
2012-01-29 11:00:00,121.36493
2012-01-29 12:00:00,147.86102
2012-01-29 13:00:00,147.86102
2012-01-29 14:00:00,145.41371
2012-01-29 15:00:00,172.17915
2012-01-29 16:00:00,164.4132
2012-01-29 17:00:00,164.4132
2012-01-29 18:00:00,151.19603
2012-01-29 19:00:00,140.96408
2012-01-29 20:00:00,110.57963
2012-01-29 21:00:00,122.78228
2012-01-29 22:00:00,137.13232
2012-01-29 23:00:00,119.73671
2012-01-30 00:00:00,98.25359
2012-01-30 01:00:00,94.30387
2012-01-30 02:00:00,95.95288
2012-01-30 03:00:00,94.50469
2012-01-30 04:00:00,84.32574
2012-01-30 05:00:00,84.32574
2012-01-30 06:00:00,89.70898
2012-01-30 07:00:00,90.48009
2012-01-30 08:00:00,83.162056
2012-01-30 09:00:00,83.162056
2012-01-30 10:00:00,92.00527
2012-01-30 11:00:00,98.51015
2012-01-30 12:00:00,110.2929
2012-01-30 13:00:00,125.498726
2012-01-30 14:00:00,147.45375
2012-01-30 15:00:00,145.2404
2012-01-30 16:00:00,155.90698
2012-01-30 17:00:00,172.15239
2012-01-30 18:00:00,157.34059
2012-01-30 19:00:00,115.35774
2012-01-30 20:00:00,119.32874
2012-01-30 21:00:00,117.04145
2012-01-30 22:00:00,107.7035
2012-01-30 23:00:00,95.03597
2012-01-31 00:00:00,106.32591
2012-01-31 01:00:00,118.38468
2012-01-31 02:00:00,119.07693
2012-01-31 03:00:00,116.92139
2012-01-31 04:00:00,113.10606
2012-01-31 05:00:00,113.10606
2012-01-31 06:00:00,104.56139
2012-01-31 07:00:00,95.03597
2012-01-31 08:00:00,93.89646
2012-01-31 09:00:00,112.36197
2012-01-31 10:00:00,102.740746
2012-01-31 11:00:00,188.87773
2012-01-31 12:00:00,180.66803
2012-01-31 13:00:00,229.81596
2012-01-31 14:00:00,258.62488
2012-01-31 15:00:00,276.6505
2012-01-31 16:00:00,276.6505
2012-01-31 17:00:00,279.14325
2012-01-31 18:00:00,287.17828
2012-01-31 19:00:00,262.67834
2012-01-31 20:00:00,155.67903
2012-01-31 21:00:00,231.8794
2012-01-31 22:00:00,216.89932
2012-01-31 23:00:00,215.31674
2012-02-20 00:00:00,42.220436
2012-02-20 01:00:00,42.220436
2012-02-20 02:00:00,42.220436
2012-02-20 03:00:00,46.632412
2012-02-20 05:00:00,67.78242
2012-02-20 06:00:00,81.36446
2012-02-20 07:00:00,63.660572
2012-02-20 08:00:00,59.363907
2012-02-20 09:00:00,59.363907
2012-02-20 10:00:00,76.588066
2012-02-20 11:00:00,88.423386
2012-02-20 12:00:00,84.5964
2012-02-20 13:00:00,105.58715
2012-02-20 14:00:00,108.835106
2012-02-20 15:00:00,126.012
2012-02-20 16:00:00,136.44182
2012-02-20 17:00:00,173.19081
2012-02-20 18:00:00,126.012
2012-02-20 19:00:00,126.012
2012-02-20 20:00:00,122.72332
2012-02-20 21:00:00,90.05451
2012-02-20 22:00:00,75.56543
2012-02-20 23:00:00,79.22669
2012-02-21 00:00:00,88.94258
2012-02-21 01:00:00,97.80273
2012-02-21 02:00:00,89.47343
2012-02-21 04:00:00,81.051926
2012-02-21 05:00:00,72.48427
2012-02-21 06:00:00,67.61994
2012-02-21 07:00:00,81.051926
2012-02-21 08:00:00,73.02907
2012-02-21 09:00:00,70.115845
2012-02-21 10:00:00,80.356346
2012-02-21 11:00:00,79.37761
2012-02-21 12:00:00,88.717384
2012-02-21 13:00:00,132.20409
2012-02-21 14:00:00,95.20595
2012-02-21 15:00:00,132.20409
2012-02-21 16:00:00,143.90793
2012-02-21 17:00:00,165.45146
2012-02-21 18:00:00,165.45146
2012-02-21 19:00:00,145.46294
2012-02-21 20:00:00,128.5698
2012-02-21 21:00:00,120.68252
2012-02-21 22:00:00,106.91468
2012-02-21 23:00:00,106.21673
2012-02-22 00:00:00,106.21673
2012-02-22 01:00:00,104.75982
2012-02-22 02:00:00,113.40154
2012-02-22 03:00:00,104.25425
2012-02-22 04:00:00,110.32662
2012-02-22 05:00:00,102.97173
2012-02-22 06:00:00,98.48769
2012-02-22 07:00:00,95.32473
2012-02-22 08:00:00,91.09388
2012-02-22 09:00:00,102.0568
2012-02-22 10:00:00,106.94636
2012-02-22 11:00:00,124.33872
2012-02-22 12:00:00,159.93977
2012-02-22 13:00:00,180.12099
2012-02-22 14:00:00,190.58302
2012-02-22 15:00:00,247.61382
2012-02-22 16:00:00,259.03876
2012-02-22 17:00:00,261.6189
2012-02-22 18:00:00,182.98584
2012-02-22 19:00:00,169.76582
2012-02-22 20:00:00,155.11516
2012-02-22 21:00:00,184.44838
2012-02-22 22:00:00,156.58232
2012-02-22 23:00:00,170.22795
2012-02-23 00:00:00,156.58232
2012-02-23 01:00:00,154.06882
2012-02-23 02:00:00,152.2126
2012-02-23 03:00:00,122.65368
2012-02-23 04:00:00,132.36758
2012-02-23 05:00:00,132.36758
2012-02-23 06:00:00,93.57656
2012-02-23 07:00:00,100.35821
2012-02-23 08:00:00,88.32785
2012-02-23 09:00:00,95.90012
2012-02-23 10:00:00,161.60844
2012-02-23 11:00:00,226.09105
2012-02-23 12:00:00,248.42856
2012-02-23 13:00:00,263.86023
2012-02-23 14:00:00,278.67664
2012-02-23 15:00:00,281.8332
2012-02-23 16:00:00,283.1889
2012-02-23 17:00:00,283.4328
2012-02-23 18:00:00,276.94147
2012-02-23 19:00:00,241.53386
2012-02-23 20:00:00,212.75513
2012-02-23 21:00:00,195.53392
2012-02-23 22:00:00,192.47096
2012-02-23 23:00:00,180.0066
2012-02-24 00:00:00,157.95074
2012-02-24 01:00:00,180.09436
2012-02-24 02:00:00,108.804886
2012-02-24 03:00:00,126.32151
2012-02-24 04:00:00,106.081215
2012-02-24 05:00:00,115.261116
2012-02-24 06:00:00,117.70423
2012-02-24 07:00:00,125.54142
2012-02-24 08:00:00,105.94837
2012-02-24 09:00:00,85.10555
2012-02-24 10:00:00,95.82252
2012-02-24 11:00:00,112.90276
2012-02-24 12:00:00,130.16087
2012-02-24 13:00:00,142.01106
2012-02-24 14:00:00,162.85863
2012-02-24 15:00:00,104.25605
2012-02-24 16:00:00,104.25605
2012-02-24 17:00:00,108.2461
2012-02-24 18:00:00,120.33594
2012-02-24 19:00:00,137.74908
2012-02-24 20:00:00,181.72984
2012-02-24 21:00:00,194.00114
2012-02-24 22:00:00,175.4436
2012-02-24 23:00:00,172.08022
2012-02-25 00:00:00,137.3644
2012-02-25 01:00:00,124.19387
2012-02-25 02:00:00,108.10548
2012-02-25 03:00:00,95.973335
2012-02-25 04:00:00,102.156746
2012-02-25 05:00:00,81.136955
2012-02-25 06:00:00,81.136955
2012-02-25 07:00:00,95.288246
2012-02-25 08:00:00,72.91123
2012-02-25 09:00:00,24.214752
2012-02-25 10:00:00,61.27669
2012-02-25 11:00:00,120.66487
2012-02-25 12:00:00,134.28468
2012-02-25 13:00:00,131.50972
2012-02-25 14:00:00,131.93188
2012-02-25 15:00:00,132.7678
2012-02-25 16:00:00,134.50787
2012-02-25 17:00:00,119.6843
2012-02-25 18:00:00,124.73219
2012-02-25 19:00:00,104.10693
2012-02-25 20:00:00,106.707985
2012-02-25 21:00:00,89.41546
2012-02-25 22:00:00,91.87522
2012-02-25 23:00:00,83.186226
2012-02-26 00:00:00,79.74906
2012-02-26 01:00:00,72.50654
2012-02-26 02:00:00,72.50654
2012-02-26 03:00:00,77.38131
2012-02-26 04:00:00,77.38131
2012-02-26 05:00:00,63.88272
2012-02-26 06:00:00,65.501396
2012-02-26 07:00:00,47.831284
2012-02-26 08:00:00,47.113094
2012-02-26 09:00:00,59.5437
2012-02-26 10:00:00,86.12326
2012-02-26 11:00:00,93.32708
2012-02-26 12:00:00,108.61512
2012-02-26 13:00:00,123.34368
2012-02-26 14:00:00,150.46431
2012-02-26 15:00:00,167.14073
2012-02-26 16:00:00,163.36609
2012-02-26 17:00:00,171.37566
2012-02-26 18:00:00,140.32149
2012-02-26 19:00:00,148.9948
2012-02-26 20:00:00,115.630295
2012-02-26 21:00:00,96.74761
2012-02-26 22:00:00,104.44116
2012-02-26 23:00:00,64.94214
2012-02-27 00:00:00,90.91479
2012-02-27 01:00:00,89.27096
2012-02-27 02:00:00,77.26982
2012-02-27 03:00:00,79.58886
2012-02-27 04:00:00,70.74354
2012-02-27 05:00:00,70.74354
2012-02-27 06:00:00,76.453186
2012-02-27 07:00:00,86.27538
2012-02-27 08:00:00,85.06458
2012-02-27 09:00:00,95.03597
2012-02-27 10:00:00,125.63559
2012-02-27 11:00:00,148.50072
2012-02-27 12:00:00,187.63634
2012-02-27 13:00:00,181.64546
2012-02-27 14:00:00,229.92311
2012-02-27 15:00:00,267.94894
2012-02-27 16:00:00,276.6505
2012-02-27 17:00:00,279.2857
2012-02-27 18:00:00,265.33588
2012-02-27 19:00:00,252.69373
2012-02-27 20:00:00,238.53917
2012-02-27 21:00:00,229.92311
2012-02-27 22:00:00,207.73622
2012-02-27 23:00:00,180.31201
2012-02-28 00:00:00,172.92015
2012-02-28 01:00:00,144.80617
2012-02-28 02:00:00,160.17668
2012-02-28 03:00:00,189.08263
2012-02-28 04:00:00,126.53503
2012-02-28 05:00:00,126.53503
2012-02-28 06:00:00,117.40032
2012-02-28 07:00:00,109.1998
2012-02-28 08:00:00,100.060974
2012-02-28 09:00:00,110.77657
2012-02-28 10:00:00,118.38468
2012-02-28 11:00:00,144.96149
2012-02-28 12:00:00,158.36465
2012-02-28 13:00:00,161.42068
2012-02-28 14:00:00,197.23653
2012-02-28 15:00:00,211.87779
2012-02-28 16:00:00,208.9164
2012-02-28 17:00:00,211.87779
2012-02-28 18:00:00,213.7827
2012-02-28 19:00:00,200.49532
2012-02-28 20:00:00,197.52968
2012-02-28 21:00:00,133.8597
2012-02-28 22:00:00,133.8597
2012-02-28 23:00:00,119.73
2012-02-29 00:00:00,119.711235
2012-02-29 01:00:00,122.21458
2012-02-29 02:00:00,109.37806
2012-02-29 03:00:00,90.95945
2012-02-29 05:00:00,81.35078
2012-02-29 06:00:00,94.88381
2012-02-29 07:00:00,85.270485
2012-02-29 08:00:00,92.55725
2012-02-29 09:00:00,79.31936
2012-02-29 10:00:00,79.31936
2012-02-29 11:00:00,72.53667
2012-02-29 12:00:00,60.106358
2012-02-29 13:00:00,81.98992
2012-02-29 14:00:00,81.98992
2012-02-29 15:00:00,111.72344
2012-02-29 16:00:00,105.24442
2012-02-29 17:00:00,117.70423
2012-02-29 18:00:00,118.08811
2012-02-29 19:00:00,123.045616
2012-02-29 20:00:00,109.65256
2012-02-29 21:00:00,109.65256
2012-02-29 22:00:00,97.05456
2012-02-29 23:00:00,97.05456
2012-03-20 00:00:00,191.93526
2012-03-20 01:00:00,153.53404
2012-03-20 02:00:00,163.45988
2012-03-20 03:00:00,160.61522
2012-03-20 04:00:00,163.98912
2012-03-20 05:00:00,147.70699
2012-03-20 06:00:00,153.42307
2012-03-20 07:00:00,126.268654
2012-03-20 08:00:00,164.1592
2012-03-20 09:00:00,169.58392
2012-03-20 10:00:00,173.45967
2012-03-20 11:00:00,199.82735
2012-03-20 12:00:00,248.69974
2012-03-20 13:00:00,238.50778
2012-03-20 14:00:00,222.31071
2012-03-20 15:00:00,235.86151
2012-03-20 16:00:00,287.73328
2012-03-20 17:00:00,259.3826
2012-03-20 18:00:00,275.03018
2012-03-20 19:00:00,231.81987
2012-03-20 20:00:00,240.83305
2012-03-20 21:00:00,202.9749
2012-03-20 22:00:00,182.40877
2012-03-20 23:00:00,159.22148
2012-03-21 00:00:00,84.842285
2012-03-21 01:00:00,105.86793
2012-03-21 02:00:00,88.04182
2012-03-21 03:00:00,113.19506
2012-03-21 04:00:00,114.86806
2012-03-21 05:00:00,114.86806
2012-03-21 06:00:00,95.401375
2012-03-21 07:00:00,87.15417
2012-03-21 08:00:00,93.44353
2012-03-21 09:00:00,113.38691
2012-03-21 10:00:00,128.88144
2012-03-21 11:00:00,128.88144
2012-03-21 12:00:00,137.81392
2012-03-21 13:00:00,128.48204
2012-03-21 14:00:00,141.6146
2012-03-21 15:00:00,141.6146
2012-03-21 16:00:00,142.14198
2012-03-21 17:00:00,185.81245
2012-03-21 18:00:00,162.30867
2012-03-21 19:00:00,183.85655
2012-03-21 20:00:00,135.74158
2012-03-21 21:00:00,114.06945
2012-03-21 22:00:00,116.32643
2012-03-21 23:00:00,120.8191
2012-03-22 00:00:00,105.86793
2012-03-22 01:00:00,105.86793
2012-03-22 02:00:00,105.86793
2012-03-22 03:00:00,105.86793
2012-03-22 04:00:00,78.770256
2012-03-22 05:00:00,78.770256
2012-03-22 06:00:00,78.770256
2012-03-22 07:00:00,78.770256
2012-03-22 08:00:00,96.678055
2012-03-22 09:00:00,96.678055
2012-03-22 10:00:00,83.04644
2012-03-22 11:00:00,97.60495
2012-03-22 12:00:00,127.082115
2012-03-22 13:00:00,140.0202
2012-03-22 14:00:00,172.01027
2012-03-22 15:00:00,227.6639
2012-03-22 16:00:00,247.57767
2012-03-22 17:00:00,242.45863
2012-03-22 18:00:00,242.45863
2012-03-22 19:00:00,205.3312
2012-03-22 20:00:00,229.09337
2012-03-22 21:00:00,161.88403
2012-03-22 22:00:00,142.05513
2012-03-22 23:00:00,117.14739
2012-03-23 00:00:00,107.386635
2012-03-23 01:00:00,88.98109
2012-03-23 02:00:00,95.00999
2012-03-23 03:00:00,90.96667
2012-03-23 04:00:00,97.0978
2012-03-23 05:00:00,93.883575
2012-03-23 06:00:00,107.10149
2012-03-23 07:00:00,101.010445
2012-03-23 08:00:00,98.3746
2012-03-23 09:00:00,113.404045
2012-03-23 10:00:00,131.07817
2012-03-23 11:00:00,182.80391
2012-03-23 12:00:00,236.40819
2012-03-23 13:00:00,241.8024
2012-03-23 14:00:00,271.6307
2012-03-23 15:00:00,273.58258
2012-03-23 16:00:00,276.3385
2012-03-23 17:00:00,276.3385
2012-03-23 18:00:00,305.01593
2012-03-23 19:00:00,293.00696
2012-03-23 20:00:00,288.97614
2012-03-23 21:00:00,258.53845
2012-03-23 22:00:00,256.18286
2012-03-23 23:00:00,235.61194
2012-03-24 00:00:00,126.66599
2012-03-24 01:00:00,113.41585
2012-03-24 02:00:00,93.10333
2012-03-24 03:00:00,93.10333
2012-03-24 04:00:00,66.96464
2012-03-24 05:00:00,104.2851
2012-03-24 06:00:00,104.2851
2012-03-24 07:00:00,82.22917
2012-03-24 08:00:00,70.57884
2012-03-24 09:00:00,99.918724
2012-03-24 10:00:00,94.240364
2012-03-24 11:00:00,70.57884
2012-03-24 12:00:00,101.339714
2012-03-24 13:00:00,100.11314
2012-03-24 14:00:00,94.85827
2012-03-24 15:00:00,65.61709
2012-03-24 16:00:00,86.50975
2012-03-24 17:00:00,102.499306
2012-03-24 18:00:00,80.375885
2012-03-24 19:00:00,89.14784
2012-03-24 20:00:00,68.85981
2012-03-24 21:00:00,68.85981
2012-03-24 22:00:00,60.233334
2012-03-24 23:00:00,52.64839
2012-03-25 00:00:00,52.64839
2012-03-25 01:00:00,36.995384
2012-03-25 02:00:00,45.361847
2012-03-25 03:00:00,54.237278
2012-03-25 04:00:00,42.75025
2012-03-25 05:00:00,32.221134
2012-03-25 06:00:00,32.221134
2012-03-25 07:00:00,36.538033
2012-03-25 08:00:00,36.538033
2012-03-25 09:00:00,41.296867
2012-03-25 10:00:00,48.3103
2012-03-25 11:00:00,41.296867
2012-03-25 12:00:00,44.155445
2012-03-25 13:00:00,65.76386
2012-03-25 14:00:00,71.709564
2012-03-25 15:00:00,73.01445
2012-03-25 16:00:00,64.42619
2012-03-25 17:00:00,91.88233
2012-03-25 18:00:00,91.88233
2012-03-25 19:00:00,113.02827
2012-03-25 20:00:00,84.19921
2012-03-25 21:00:00,79.501274
2012-03-25 22:00:00,56.61932
2012-03-25 23:00:00,62.102444
2012-03-26 00:00:00,117.26757
2012-03-26 01:00:00,112.583466
2012-03-26 02:00:00,86.84185
2012-03-26 03:00:00,96.5346
2012-03-26 04:00:00,83.378395
2012-03-26 05:00:00,95.75579
2012-03-26 06:00:00,80.178215
2012-03-26 07:00:00,114.07966
2012-03-26 08:00:00,143.52342
2012-03-26 09:00:00,193.68199
2012-03-26 10:00:00,228.26164
2012-03-26 11:00:00,225.71744
2012-03-26 12:00:00,225.57495
2012-03-26 13:00:00,227.50868
2012-03-26 14:00:00,229.77238
2012-03-26 15:00:00,227.68536
2012-03-26 16:00:00,232.31679
2012-03-26 17:00:00,235.62502
2012-03-26 18:00:00,220.95009
2012-03-26 19:00:00,219.67944
2012-03-26 20:00:00,195.18053
2012-03-26 21:00:00,187.50616
2012-03-26 22:00:00,177.86598
2012-03-26 23:00:00,160.69734
2012-03-27 00:00:00,152.926
2012-03-27 01:00:00,143.04312
2012-03-27 02:00:00,118.843636
2012-03-27 03:00:00,119.02525
2012-03-27 04:00:00,109.83353
2012-03-27 05:00:00,98.98735
2012-03-27 06:00:00,97.9867
2012-03-27 07:00:00,97.9867
2012-03-27 08:00:00,99.18624
2012-03-27 09:00:00,102.309944
2012-03-27 10:00:00,116.127525
2012-03-27 11:00:00,137.72998
2012-03-27 12:00:00,147.48557
2012-03-27 13:00:00,154.30305
2012-03-27 14:00:00,207.69719
2012-03-27 15:00:00,210.925
2012-03-27 16:00:00,210.925
2012-03-27 17:00:00,232.05888
2012-03-27 18:00:00,228.48033
2012-03-27 19:00:00,218.71678
2012-03-27 20:00:00,228.48033
2012-03-27 21:00:00,155.65233
2012-03-27 22:00:00,152.25375
2012-03-27 23:00:00,159.27489
2012-03-28 00:00:00,153.33682
2012-03-28 01:00:00,140.26595
2012-03-28 02:00:00,123.600945
2012-03-28 03:00:00,138.36238
2012-03-28 04:00:00,146.59422
2012-03-28 05:00:00,146.59422
2012-03-28 06:00:00,141.86676
2012-03-28 07:00:00,140.777
2012-03-28 08:00:00,155.59984
2012-03-28 09:00:00,172.32526
2012-03-28 10:00:00,203.80853
2012-03-28 11:00:00,222.83589
2012-03-28 12:00:00,202.69661
2012-03-28 13:00:00,256.66214
2012-03-28 14:00:00,301.87122
2012-03-28 15:00:00,259.08713
2012-03-28 16:00:00,224.68083
2012-03-28 17:00:00,260.8765
2012-03-28 18:00:00,260.8765
2012-03-28 19:00:00,266.5561
2012-03-28 20:00:00,271.18494
2012-03-28 21:00:00,245.66316
2012-03-28 22:00:00,203.69464
2012-03-28 23:00:00,175.93144
2012-03-29 00:00:00,190.47296
2012-03-29 01:00:00,216.69765
2012-03-29 02:00:00,317.42465
2012-03-29 03:00:00,298.93637
2012-03-29 04:00:00,252.76735
2012-03-29 05:00:00,221.56691
2012-03-29 06:00:00,164.90651
2012-03-29 07:00:00,182.54488
2012-03-29 08:00:00,190.60927
2012-03-29 09:00:00,199.1927
2012-03-29 10:00:00,192.06056
2012-03-29 11:00:00,215.5247
2012-03-29 12:00:00,221.86555
2012-03-29 13:00:00,199.40633
2012-03-29 14:00:00,223.79176
2012-03-29 15:00:00,241.00755
2012-03-29 16:00:00,249.13136
2012-03-29 17:00:00,241.90944
2012-03-29 18:00:00,233.3173
2012-03-29 19:00:00,222.85442
2012-03-29 20:00:00,214.22365
2012-03-29 21:00:00,189.76189
2012-03-29 22:00:00,179.14862
2012-03-29 23:00:00,172.13121
2012-03-30 00:00:00,162.35973
2012-03-30 01:00:00,146.16031
2012-03-30 02:00:00,122.29354
2012-03-30 03:00:00,81.047554
2012-03-30 04:00:00,95.2019
2012-03-30 05:00:00,74.98958
2012-03-30 06:00:00,85.29354
2012-03-30 07:00:00,89.365814
2012-03-30 08:00:00,72.33572
2012-03-30 09:00:00,93.977005
2012-03-30 10:00:00,89.891685
2012-03-30 11:00:00,94.77895
2012-03-30 12:00:00,102.48821
2012-03-30 13:00:00,103.08485
2012-03-30 14:00:00,101.29725
2012-03-30 15:00:00,108.5676
2012-03-30 16:00:00,80.67455
2012-03-30 17:00:00,106.9166
2012-03-30 18:00:00,149.88945
2012-03-30 19:00:00,119.92082
2012-03-30 20:00:00,111.00404
2012-03-30 21:00:00,87.57188
2012-03-30 22:00:00,75.40116
2012-03-30 23:00:00,71.71804
2012-03-31 00:00:00,36.16254
2012-03-31 01:00:00,83.002205
2012-03-31 02:00:00,86.62354
2012-03-31 03:00:00,42.92453
2012-03-31 04:00:00,75.73144
2012-03-31 05:00:00,41.32031
2012-03-31 06:00:00,45.66876
2012-03-31 07:00:00,45.66876
2012-03-31 08:00:00,43.362347
2012-03-31 09:00:00,83.002205
2012-03-31 10:00:00,82.38264
2012-03-31 11:00:00,82.41877
2012-03-31 12:00:00,89.07406
2012-03-31 13:00:00,176.02744
2012-03-31 14:00:00,159.04295
2012-03-31 15:00:00,185.24611
2012-03-31 16:00:00,155.40016
2012-03-31 17:00:00,126.083534
2012-03-31 18:00:00,90.49905
2012-03-31 19:00:00,95.246544
2012-03-31 20:00:00,83.03811
2012-03-31 21:00:00,83.03811
2012-03-31 22:00:00,80.78994
2012-03-31 23:00:00,54.239475
2012-04-20 00:00:00,135.88463
2012-04-20 01:00:00,96.5346
2012-04-20 02:00:00,76.890236
2012-04-20 03:00:00,67.49976
2012-04-20 04:00:00,54.490578
2012-04-20 05:00:00,51.891644
2012-04-20 06:00:00,63.12245
2012-04-20 07:00:00,51.891644
2012-04-20 08:00:00,55.4546
2012-04-20 09:00:00,70.79925
2012-04-20 10:00:00,131.03996
2012-04-20 11:00:00,184.18694
2012-04-20 12:00:00,255.60292
2012-04-20 13:00:00,299.10754
2012-04-20 14:00:00,303.2214
2012-04-20 15:00:00,295.36896
2012-04-20 16:00:00,305.53656
2012-04-20 17:00:00,299.30914
2012-04-20 18:00:00,289.13083
2012-04-20 19:00:00,273.09387
2012-04-20 20:00:00,244.96349
2012-04-20 21:00:00,188.56987
2012-04-20 22:00:00,195.30824
2012-04-20 23:00:00,148.08153
2012-04-21 00:00:00,101.90956
2012-04-21 01:00:00,101.90956
2012-04-21 02:00:00,89.975426
2012-04-21 03:00:00,74.0274
2012-04-21 04:00:00,75.49412
2012-04-21 05:00:00,75.49412
2012-04-21 06:00:00,74.0274
2012-04-21 07:00:00,78.00795
2012-04-21 08:00:00,88.42646
2012-04-21 09:00:00,102.74694
2012-04-21 10:00:00,243.88881
2012-04-21 11:00:00,268.52713
2012-04-21 12:00:00,288.3763
2012-04-21 13:00:00,312.89706
2012-04-21 14:00:00,384.7868
2012-04-21 15:00:00,409.53046
2012-04-21 16:00:00,390.31726
2012-04-21 17:00:00,403.99768
2012-04-21 18:00:00,306.80237
2012-04-21 19:00:00,124.10978
2012-04-21 20:00:00,104.63232
2012-04-21 21:00:00,91.51653
2012-04-21 22:00:00,72.318794
2012-04-21 23:00:00,90.40523
2012-04-22 00:00:00,94.931175
2012-04-22 01:00:00,84.53808
2012-04-22 02:00:00,97.035095
2012-04-22 03:00:00,86.7244
2012-04-22 04:00:00,96.46613
2012-04-22 05:00:00,96.88043
2012-04-22 06:00:00,99.94428
2012-04-22 07:00:00,66.885735
2012-04-22 08:00:00,70.29776
2012-04-22 09:00:00,70.29776
2012-04-22 10:00:00,53.01758
2012-04-22 11:00:00,50.5021
2012-04-22 12:00:00,45.422714
2012-04-22 13:00:00,47.778675
2012-04-22 14:00:00,45.422714
2012-04-22 15:00:00,36.850746
2012-04-22 16:00:00,31.676115
2012-04-22 17:00:00,19.555624
2012-04-22 18:00:00,19.555624
2012-04-22 19:00:00,21.822954
2012-04-22 20:00:00,21.017485
2012-04-22 21:00:00,26.587805
2012-04-22 22:00:00,18.68146
2012-04-22 23:00:00,27.401386
2012-04-23 00:00:00,44.847538
2012-04-23 01:00:00,36.816784
2012-04-23 02:00:00,53.820877
2012-04-23 03:00:00,61.092762
2012-04-23 04:00:00,39.71627
2012-04-23 05:00:00,39.71627
2012-04-23 06:00:00,56.820763
2012-04-23 07:00:00,42.801228
2012-04-23 08:00:00,61.4938
2012-04-23 09:00:00,60.945942
2012-04-23 10:00:00,71.5161
2012-04-23 11:00:00,70.598
2012-04-23 12:00:00,51.6076
2012-04-23 13:00:00,56.599167
2012-04-23 14:00:00,64.85959
2012-04-23 15:00:00,89.01887
2012-04-23 16:00:00,34.15369
2012-04-23 17:00:00,35.191444
2012-04-23 18:00:00,61.604225
2012-04-23 19:00:00,72.17927
2012-04-23 20:00:00,71.558395
2012-04-23 21:00:00,63.187885
2012-04-23 22:00:00,61.974197
2012-04-23 23:00:00,61.753292
2012-04-24 00:00:00,73.90007
2012-04-24 01:00:00,70.99114
2012-04-24 02:00:00,55.989586
2012-04-24 03:00:00,55.265568
2012-04-24 04:00:00,65.46433
2012-04-24 05:00:00,65.46433
2012-04-24 06:00:00,66.546776
2012-04-24 07:00:00,82.88041
2012-04-24 08:00:00,92.68775
2012-04-24 09:00:00,162.64827
2012-04-24 10:00:00,172.13121
2012-04-24 11:00:00,227.88805
2012-04-24 12:00:00,242.05914
2012-04-24 13:00:00,251.89622
2012-04-24 14:00:00,260.21503
2012-04-24 15:00:00,262.01852
2012-04-24 16:00:00,267.27686
2012-04-24 17:00:00,276.3789
2012-04-24 18:00:00,263.09674
2012-04-24 19:00:00,281.076
2012-04-24 20:00:00,261.8833
2012-04-24 21:00:00,162.88232
2012-04-24 22:00:00,200.48715
2012-04-24 23:00:00,178.89166
2012-04-25 00:00:00,181.87625
2012-04-25 01:00:00,164.39226
2012-04-25 02:00:00,84.99939
2012-04-25 03:00:00,64.42525
2012-04-25 04:00:00,72.5245
2012-04-25 05:00:00,72.81304
2012-04-25 06:00:00,72.81304
2012-04-25 07:00:00,67.21316
2012-04-25 08:00:00,66.88677
2012-04-25 09:00:00,129.75375
2012-04-25 10:00:00,238.82451
2012-04-25 11:00:00,255.6762
2012-04-25 12:00:00,279.65784
2012-04-25 13:00:00,292.65344
2012-04-25 14:00:00,299.04462
2012-04-25 15:00:00,314.28827
2012-04-25 16:00:00,327.93472
2012-04-25 17:00:00,328.98166
2012-04-25 18:00:00,328.6973
2012-04-25 19:00:00,328.2808
2012-04-25 20:00:00,295.85767
2012-04-25 21:00:00,212.09291
2012-04-25 22:00:00,182.54872
2012-04-25 23:00:00,168.06493
2012-04-26 00:00:00,138.61293
2012-04-26 01:00:00,157.52225
2012-04-26 02:00:00,151.8868
2012-04-26 03:00:00,152.1736
2012-04-26 04:00:00,148.55965
2012-04-26 05:00:00,143.8055
2012-04-26 06:00:00,147.658
2012-04-26 07:00:00,79.76283
2012-04-26 08:00:00,89.23356
2012-04-26 09:00:00,90.80389
2012-04-26 10:00:00,87.95225
2012-04-26 11:00:00,88.49322
2012-04-26 12:00:00,128.48622
2012-04-26 13:00:00,123.90194
2012-04-26 14:00:00,148.56766
2012-04-26 15:00:00,130.66487
2012-04-26 16:00:00,131.06342
2012-04-26 17:00:00,148.01517
2012-04-26 18:00:00,148.56766
2012-04-26 19:00:00,151.9608
2012-04-26 20:00:00,155.61537
2012-04-26 21:00:00,128.55058
2012-04-26 22:00:00,116.32643
2012-04-26 23:00:00,94.29612
2012-04-27 00:00:00,214.25145
2012-04-27 01:00:00,194.9533
2012-04-27 02:00:00,183.29681
2012-04-27 03:00:00,185.6681
2012-04-27 04:00:00,179.84254
2012-04-27 05:00:00,178.50266
2012-04-27 06:00:00,172.12589
2012-04-27 07:00:00,146.16031
2012-04-27 08:00:00,130.39354
2012-04-27 09:00:00,180.95918
2012-04-27 10:00:00,200.75072
2012-04-27 11:00:00,203.06824
2012-04-27 12:00:00,217.73538
2012-04-27 13:00:00,223.62154
2012-04-27 14:00:00,225.36903
2012-04-27 15:00:00,254.80873
2012-04-27 16:00:00,265.76337
2012-04-27 17:00:00,282.462
2012-04-27 18:00:00,271.52008
2012-04-27 19:00:00,256.3688
2012-04-27 20:00:00,231.84901
2012-04-27 21:00:00,216.44612
2012-04-27 22:00:00,195.04823
2012-04-27 23:00:00,179.90584
2012-04-28 00:00:00,147.72067
2012-04-28 01:00:00,106.74992
2012-04-28 02:00:00,127.40931
2012-04-28 03:00:00,97.68165
2012-04-28 04:00:00,94.73751
2012-04-28 05:00:00,100.23466
2012-04-28 06:00:00,98.11025
2012-04-28 07:00:00,94.73751
2012-04-28 08:00:00,156.85646
2012-04-28 09:00:00,143.65544
2012-04-28 10:00:00,134.16423
2012-04-28 11:00:00,134.15843
2012-04-28 12:00:00,129.46182
2012-04-28 13:00:00,157.72606
2012-04-28 14:00:00,192.44814
2012-04-28 15:00:00,200.00484
2012-04-28 16:00:00,185.64555
2012-04-28 17:00:00,157.9775
2012-04-28 18:00:00,145.26149
2012-04-28 19:00:00,70.40145
2012-04-28 20:00:00,88.214264
2012-04-28 21:00:00,63.96735
2012-04-28 22:00:00,68.51595
2012-04-28 23:00:00,73.783646
2012-04-29 00:00:00,63.482895
2012-04-29 01:00:00,55.989784
2012-04-29 02:00:00,48.30018
2012-04-29 03:00:00,43.362347
2012-04-29 04:00:00,46.641132
2012-04-29 05:00:00,18.797747
2012-04-29 06:00:00,18.610758
2012-04-29 07:00:00,41.843334
2012-04-29 08:00:00,46.739845
2012-04-29 09:00:00,63.151115
2012-04-29 10:00:00,76.10092
2012-04-29 11:00:00,141.28523
2012-04-29 12:00:00,207.9225
2012-04-29 13:00:00,218.44856
2012-04-29 14:00:00,295.1803
2012-04-29 15:00:00,311.4155
2012-04-29 16:00:00,389.88715
2012-04-29 17:00:00,395.4961
2012-04-29 18:00:00,391.41525
2012-04-29 19:00:00,320.1666
2012-04-29 20:00:00,329.57104
2012-04-29 21:00:00,224.01598
2012-04-29 22:00:00,202.21396
2012-04-29 23:00:00,115.69139
2012-04-30 00:00:00,101.52076
2012-04-30 01:00:00,83.3808
2012-04-30 02:00:00,97.89483
2012-04-30 03:00:00,82.0932
2012-04-30 04:00:00,111.592155
2012-04-30 05:00:00,111.592155
2012-04-30 06:00:00,157.75917
2012-04-30 07:00:00,150.42648
2012-04-30 08:00:00,168.90623
2012-04-30 09:00:00,114.61219
2012-04-30 10:00:00,125.345795
2012-04-30 11:00:00,134.01112
2012-04-30 12:00:00,131.8119
2012-04-30 13:00:00,155.54097
2012-04-30 14:00:00,163.76353
2012-04-30 15:00:00,173.5718
2012-04-30 16:00:00,228.04256
2012-04-30 17:00:00,223.01506
2012-04-30 18:00:00,193.59462
2012-04-30 19:00:00,179.66328
2012-04-30 20:00:00,174.22737
2012-04-30 21:00:00,174.22737
2012-04-30 22:00:00,177.13802
2012-04-30 23:00:00,178.91612
2012-05-20 00:00:00,234.49107
2012-05-20 01:00:00,201.78014
2012-05-20 02:00:00,201.78014
2012-05-20 03:00:00,185.29454
2012-05-20 04:00:00,114.618416
2012-05-20 05:00:00,94.04537
2012-05-20 06:00:00,133.37392
2012-05-20 07:00:00,136.45395
2012-05-20 08:00:00,219.21104
2012-05-20 09:00:00,393.00412
2012-05-20 10:00:00,399.3671
2012-05-20 11:00:00,387.76144
2012-05-20 12:00:00,399.51633
2012-05-20 13:00:00,411.8551
2012-05-20 14:00:00,398.40955
2012-05-20 15:00:00,351.83795
2012-05-20 16:00:00,393.99237
2012-05-20 17:00:00,388.12854
2012-05-20 18:00:00,357.06555
2012-05-20 19:00:00,287.6164
2012-05-20 20:00:00,287.6164
2012-05-20 21:00:00,238.90533
2012-05-20 22:00:00,200.98067
2012-05-20 23:00:00,154.57364
2012-05-21 00:00:00,119.0425
2012-05-21 01:00:00,118.013176
2012-05-21 02:00:00,103.57827
2012-05-21 03:00:00,139.87386
2012-05-21 04:00:00,111.08761
2012-05-21 05:00:00,111.08761
2012-05-21 06:00:00,111.08761
2012-05-21 07:00:00,111.08761
2012-05-21 08:00:00,111.07618
2012-05-21 09:00:00,111.08797
2012-05-21 10:00:00,118.78199
2012-05-21 11:00:00,158.07536
2012-05-21 12:00:00,167.98686
2012-05-21 13:00:00,132.90562
2012-05-21 14:00:00,131.33623
2012-05-21 15:00:00,204.46107
2012-05-21 16:00:00,211.00302
2012-05-21 17:00:00,226.29056
2012-05-21 18:00:00,180.22401
2012-05-21 19:00:00,199.54526
2012-05-21 20:00:00,210.83035
2012-05-21 21:00:00,190.83049
2012-05-21 22:00:00,192.01884
2012-05-21 23:00:00,229.09337
2012-05-22 00:00:00,166.59706
2012-05-22 01:00:00,148.44545
2012-05-22 02:00:00,145.02397
2012-05-22 03:00:00,145.02397
2012-05-22 04:00:00,133.98059
2012-05-22 05:00:00,111.535416
2012-05-22 06:00:00,114.61487
2012-05-22 07:00:00,114.61487
2012-05-22 08:00:00,133.09103
2012-05-22 09:00:00,151.0098
2012-05-22 10:00:00,161.35165
2012-05-22 11:00:00,152.61159
2012-05-22 12:00:00,170.36111
2012-05-22 13:00:00,173.11143
2012-05-22 14:00:00,190.15154
2012-05-22 15:00:00,243.47556
2012-05-22 16:00:00,243.97266
2012-05-22 17:00:00,242.23686
2012-05-22 18:00:00,253.3369
2012-05-22 19:00:00,247.1982
2012-05-22 20:00:00,233.6475
2012-05-22 21:00:00,162.89787
2012-05-22 22:00:00,170.37186
2012-05-22 23:00:00,175.35449
2012-05-23 00:00:00,162.89787
2012-05-23 01:00:00,142.07364
2012-05-23 02:00:00,158.07536
2012-05-23 03:00:00,149.04837
2012-05-23 04:00:00,123.1483
2012-05-23 05:00:00,111.07618
2012-05-23 06:00:00,101.6362
2012-05-23 07:00:00,109.87434
2012-05-23 08:00:00,109.87434
2012-05-23 09:00:00,157.7884
2012-05-23 10:00:00,148.82333
2012-05-23 11:00:00,153.12267
2012-05-23 12:00:00,201.75519
2012-05-23 13:00:00,205.36993
2012-05-23 14:00:00,236.93451
2012-05-23 15:00:00,214.74596
2012-05-23 16:00:00,223.36977
2012-05-23 17:00:00,179.48088
2012-05-23 18:00:00,179.48088
2012-05-23 19:00:00,166.46938
2012-05-23 20:00:00,154.92033
2012-05-23 21:00:00,147.23225
2012-05-23 22:00:00,166.46938
2012-05-23 23:00:00,133.00598
2012-05-24 00:00:00,124.52701
2012-05-24 01:00:00,105.06495
2012-05-24 02:00:00,97.02562
2012-05-24 03:00:00,141.32819
2012-05-24 04:00:00,146.75829
2012-05-24 05:00:00,146.75829
2012-05-24 06:00:00,146.75829
2012-05-24 07:00:00,126.709785
2012-05-24 08:00:00,186.10626
2012-05-24 09:00:00,197.48833
2012-05-24 10:00:00,227.65953
2012-05-24 11:00:00,232.24696
2012-05-24 12:00:00,257.3839
2012-05-24 13:00:00,288.88086
2012-05-24 14:00:00,301.3444
2012-05-24 15:00:00,305.21967
2012-05-24 16:00:00,313.00754
2012-05-24 17:00:00,309.78973
2012-05-24 18:00:00,309.57056
2012-05-24 19:00:00,290.3637
2012-05-24 20:00:00,229.22267
2012-05-24 21:00:00,156.36896
2012-05-24 22:00:00,175.80006
2012-05-24 23:00:00,182.14206
2012-05-25 00:00:00,137.46321
2012-05-25 01:00:00,128.52162
2012-05-25 02:00:00,147.23225
2012-05-25 03:00:00,146.65068
2012-05-25 04:00:00,137.55827
2012-05-25 05:00:00,144.67598
2012-05-25 06:00:00,146.65068
2012-05-25 07:00:00,154.5948
2012-05-25 08:00:00,150.52534
2012-05-25 09:00:00,155.48137
2012-05-25 10:00:00,185.09996
2012-05-25 11:00:00,173.24947
2012-05-25 12:00:00,233.44588
2012-05-25 13:00:00,261.47046
2012-05-25 14:00:00,274.13812
2012-05-25 15:00:00,283.73883
2012-05-25 16:00:00,313.60983
2012-05-25 17:00:00,302.19482
2012-05-25 18:00:00,283.73883
2012-05-25 19:00:00,292.49695
2012-05-25 20:00:00,252.02534
2012-05-25 21:00:00,241.7176
2012-05-25 22:00:00,180.32204
2012-05-25 23:00:00,206.34904
2012-05-26 00:00:00,113.13557
2012-05-26 01:00:00,106.09379
2012-05-26 02:00:00,83.08236
2012-05-26 03:00:00,76.889946
2012-05-26 04:00:00,80.72588
2012-05-26 05:00:00,127.72835
2012-05-26 06:00:00,90.63468
2012-05-26 07:00:00,116.94124
2012-05-26 08:00:00,133.5956
2012-05-26 09:00:00,121.424095
2012-05-26 10:00:00,172.14685
2012-05-26 11:00:00,199.75362
2012-05-26 12:00:00,269.93756
2012-05-26 13:00:00,270.1012
2012-05-26 14:00:00,279.19516
2012-05-26 15:00:00,296.35883
2012-05-26 16:00:00,358.10138
2012-05-26 17:00:00,358.58066
2012-05-26 18:00:00,347.28085
2012-05-26 19:00:00,287.3502
2012-05-26 20:00:00,326.27728
2012-05-26 21:00:00,289.65384
2012-05-26 22:00:00,218.1727
2012-05-26 23:00:00,218.1727
2012-05-27 00:00:00,230.326
2012-05-27 01:00:00,193.95294
2012-05-27 02:00:00,190.89604
2012-05-27 03:00:00,172.05417
2012-05-27 04:00:00,116.04063
2012-05-27 05:00:00,116.04063
2012-05-27 06:00:00,108.01932
2012-05-27 07:00:00,85.38742
2012-05-27 08:00:00,121.424095
2012-05-27 09:00:00,141.17802
2012-05-27 10:00:00,208.48775
2012-05-27 11:00:00,262.9765
2012-05-27 12:00:00,278.94717
2012-05-27 13:00:00,316.31448
2012-05-27 14:00:00,334.3723
2012-05-27 15:00:00,379.00952
2012-05-27 16:00:00,379.00952
2012-05-27 17:00:00,393.4501
2012-05-27 18:00:00,343.48917
2012-05-27 19:00:00,316.31448
2012-05-27 20:00:00,316.3332
2012-05-27 21:00:00,214.88567
2012-05-27 22:00:00,152.95245
2012-05-27 23:00:00,153.97583
2012-05-28 00:00:00,115.11814
2012-05-28 01:00:00,186.4321
2012-05-28 02:00:00,107.74691
2012-05-28 03:00:00,143.28876
2012-05-28 04:00:00,105.19984
2012-05-28 05:00:00,105.19984
2012-05-28 06:00:00,143.28876
2012-05-28 07:00:00,106.76148
2012-05-28 08:00:00,137.94048
2012-05-28 09:00:00,205.04063
2012-05-28 10:00:00,205.04063
2012-05-28 11:00:00,224.5772
2012-05-28 12:00:00,266.83807
2012-05-28 13:00:00,324.10718
2012-05-28 14:00:00,324.10718
2012-05-28 15:00:00,362.23157
2012-05-28 16:00:00,367.1103
2012-05-28 17:00:00,362.23157
2012-05-28 18:00:00,342.86618
2012-05-28 19:00:00,356.30634
2012-05-28 20:00:00,320.62222
2012-05-28 21:00:00,291.8614
2012-05-28 22:00:00,221.56676
2012-05-28 23:00:00,193.89574
2012-05-29 00:00:00,204.01237
2012-05-29 01:00:00,204.01237
2012-05-29 02:00:00,155.41388
2012-05-29 03:00:00,227.19847
2012-05-29 04:00:00,206.34904
2012-05-29 05:00:00,206.34904
2012-05-29 06:00:00,206.34904
2012-05-29 07:00:00,206.34904
2012-05-29 08:00:00,227.248
2012-05-29 09:00:00,270.7749
2012-05-29 10:00:00,283.28137
2012-05-29 11:00:00,304.1963
2012-05-29 12:00:00,328.16943
2012-05-29 13:00:00,341.24902
2012-05-29 14:00:00,343.0115
2012-05-29 15:00:00,346.85422
2012-05-29 16:00:00,349.2922
2012-05-29 17:00:00,353.0287
2012-05-29 18:00:00,341.09198
2012-05-29 19:00:00,329.16165
2012-05-29 20:00:00,198.31517
2012-05-29 21:00:00,119.380394
2012-05-29 22:00:00,144.67598
2012-05-29 23:00:00,123.80416
2012-05-30 00:00:00,135.0621
2012-05-30 01:00:00,133.63307
2012-05-30 02:00:00,122.787285
2012-05-30 03:00:00,127.49323
2012-05-30 04:00:00,151.11766
2012-05-30 05:00:00,176.23642
2012-05-30 06:00:00,163.51727
2012-05-30 07:00:00,141.87868
2012-05-30 08:00:00,185.7581
2012-05-30 09:00:00,207.52217
2012-05-30 10:00:00,215.46434
2012-05-30 11:00:00,227.3402
2012-05-30 12:00:00,238.3073
2012-05-30 13:00:00,247.52943
2012-05-30 14:00:00,309.02155
2012-05-30 15:00:00,289.41748
2012-05-30 16:00:00,295.20978
2012-05-30 17:00:00,289.4807
2012-05-30 18:00:00,304.37485
2012-05-30 19:00:00,288.88086
2012-05-30 20:00:00,178.08177
2012-05-30 21:00:00,256.81763
2012-05-30 22:00:00,205.00404
2012-05-30 23:00:00,222.06284
2012-05-31 00:00:00,210.83035
2012-05-31 01:00:00,194.4983
2012-05-31 02:00:00,212.37335
2012-05-31 03:00:00,190.83049
2012-05-31 04:00:00,166.21428
2012-05-31 05:00:00,242.7066
2012-05-31 06:00:00,214.9709
2012-05-31 07:00:00,256.18286
2012-05-31 08:00:00,276.10074
2012-05-31 09:00:00,304.5561
2012-05-31 10:00:00,323.63525
2012-05-31 11:00:00,341.11893
2012-05-31 12:00:00,332.62582
2012-05-31 13:00:00,329.36618
2012-05-31 14:00:00,352.40253
2012-05-31 15:00:00,359.213
2012-05-31 16:00:00,357.51074
2012-05-31 17:00:00,347.8465
2012-05-31 18:00:00,352.23926
2012-05-31 19:00:00,335.54504
2012-05-31 20:00:00,304.85162
2012-05-31 21:00:00,304.85162
2012-05-31 22:00:00,287.6693
2012-05-31 23:00:00,287.89813
2012-06-20 00:00:00,204.01237
2012-06-20 01:00:00,196.80757
2012-06-20 02:00:00,158.91576
2012-06-20 03:00:00,148.82132
2012-06-20 04:00:00,136.21451
2012-06-20 05:00:00,136.21451
2012-06-20 06:00:00,148.29033
2012-06-20 07:00:00,143.70433
2012-06-20 08:00:00,185.93837
2012-06-20 09:00:00,182.15398
2012-06-20 10:00:00,301.27374
2012-06-20 11:00:00,323.94427
2012-06-20 12:00:00,325.1656
2012-06-20 13:00:00,319.53717
2012-06-20 14:00:00,351.89136
2012-06-20 15:00:00,334.87042
2012-06-20 16:00:00,349.58722
2012-06-20 17:00:00,327.5431
2012-06-20 18:00:00,327.5431
2012-06-20 19:00:00,364.41537
2012-06-20 20:00:00,353.38333
2012-06-20 21:00:00,313.13266
2012-06-20 22:00:00,309.04315
2012-06-20 23:00:00,269.76044
2012-06-21 00:00:00,180.17732
2012-06-21 01:00:00,150.62032
2012-06-21 02:00:00,140.06349
2012-06-21 03:00:00,133.88254
2012-06-21 04:00:00,108.83706
2012-06-21 05:00:00,112.86402
2012-06-21 06:00:00,154.47601
2012-06-21 07:00:00,154.47601
2012-06-21 08:00:00,154.39735
2012-06-21 09:00:00,279.32825
2012-06-21 10:00:00,282.6267
2012-06-21 11:00:00,314.01022
2012-06-21 12:00:00,348.14053
2012-06-21 13:00:00,336.7235
2012-06-21 14:00:00,332.07446
2012-06-21 15:00:00,357.48212
2012-06-21 16:00:00,343.20926
2012-06-21 17:00:00,322.8523
2012-06-21 18:00:00,321.45187
2012-06-21 19:00:00,335.4345
2012-06-21 20:00:00,313.30127
2012-06-21 21:00:00,287.96582
2012-06-21 22:00:00,252.81544
2012-06-21 23:00:00,244.82545
2012-06-22 00:00:00,222.58546
2012-06-22 01:00:00,194.42532
2012-06-22 02:00:00,118.03907
2012-06-22 03:00:00,118.03907
2012-06-22 04:00:00,224.17943
2012-06-22 05:00:00,227.60887
2012-06-22 06:00:00,217.13145
2012-06-22 07:00:00,253.51587
2012-06-22 08:00:00,258.7141
2012-06-22 09:00:00,275.19647
2012-06-22 10:00:00,313.07196
2012-06-22 11:00:00,285.1696
2012-06-22 12:00:00,287.2162
2012-06-22 13:00:00,335.4345
2012-06-22 14:00:00,335.4345
2012-06-22 15:00:00,365.1535
2012-06-22 16:00:00,361.75024
2012-06-22 17:00:00,315.8399
2012-06-22 18:00:00,272.23712
2012-06-22 19:00:00,271.23962
2012-06-22 20:00:00,271.23962
2012-06-22 21:00:00,216.57632
2012-06-22 22:00:00,184.65694
2012-06-22 23:00:00,165.25911
2012-06-23 00:00:00,59.133984
2012-06-23 01:00:00,108.23965
2012-06-23 02:00:00,125.77433
2012-06-23 03:00:00,114.79268
2012-06-23 04:00:00,120.66422
2012-06-23 05:00:00,125.77433
2012-06-23 06:00:00,65.50018
2012-06-23 07:00:00,80.83535
2012-06-23 08:00:00,201.5969
2012-06-23 09:00:00,250.77975
2012-06-23 10:00:00,303.97107
2012-06-23 11:00:00,365.3955
2012-06-23 12:00:00,397.86667
2012-06-23 13:00:00,445.3031
2012-06-23 14:00:00,456.51025
2012-06-23 15:00:00,478.1343
2012-06-23 16:00:00,496.0679
2012-06-23 17:00:00,489.68414
2012-06-23 18:00:00,494.16534
2012-06-23 19:00:00,475.28903
2012-06-23 20:00:00,456.45038
2012-06-23 21:00:00,438.79413
2012-06-23 22:00:00,406.7045
2012-06-23 23:00:00,325.99594
2012-06-24 00:00:00,272.83716
2012-06-24 01:00:00,297.62003
2012-06-24 02:00:00,302.7414
2012-06-24 03:00:00,234.03922
2012-06-24 04:00:00,222.38248
2012-06-24 05:00:00,158.23053
2012-06-24 06:00:00,199.95988
2012-06-24 07:00:00,154.43312
2012-06-24 08:00:00,225.14388
2012-06-24 09:00:00,278.82727
2012-06-24 10:00:00,364.83844
2012-06-24 11:00:00,397.40723
2012-06-24 12:00:00,453.44525
2012-06-24 13:00:00,461.88458
2012-06-24 14:00:00,478.50192
2012-06-24 15:00:00,479.09485
2012-06-24 16:00:00,473.2696
2012-06-24 17:00:00,464.56952
2012-06-24 18:00:00,453.9685
2012-06-24 19:00:00,440.3721
2012-06-24 20:00:00,389.21915
2012-06-24 21:00:00,317.73358
2012-06-24 22:00:00,278.15753
2012-06-24 23:00:00,257.54822
2012-06-25 00:00:00,265.0948
2012-06-25 01:00:00,240.97531
2012-06-25 02:00:00,221.0391
2012-06-25 03:00:00,231.4257
2012-06-25 04:00:00,182.08751
2012-06-25 05:00:00,166.93474
2012-06-25 06:00:00,141.8618
2012-06-25 07:00:00,192.91441
2012-06-25 08:00:00,204.69835
2012-06-25 09:00:00,230.26717
2012-06-25 10:00:00,266.551
2012-06-25 11:00:00,330.83484
2012-06-25 12:00:00,290.0887
2012-06-25 13:00:00,302.38913
2012-06-25 14:00:00,317.88123
2012-06-25 15:00:00,356.03094
2012-06-25 16:00:00,372.95813
2012-06-25 17:00:00,394.557
2012-06-25 18:00:00,380.40033
2012-06-25 19:00:00,373.95084
2012-06-25 20:00:00,363.48853
2012-06-25 21:00:00,360.0179
2012-06-25 22:00:00,352.19446
2012-06-25 23:00:00,343.27112
2012-06-26 00:00:00,338.35272
2012-06-26 01:00:00,323.0888
2012-06-26 02:00:00,295.2311
2012-06-26 03:00:00,279.72296
2012-06-26 04:00:00,278.01962
2012-06-26 05:00:00,251.482
2012-06-26 06:00:00,246.95058
2012-06-26 07:00:00,243.0622
2012-06-26 08:00:00,275.85092
2012-06-26 09:00:00,283.30252
2012-06-26 10:00:00,317.5641
2012-06-26 11:00:00,328.94244
2012-06-26 12:00:00,336.03897
2012-06-26 13:00:00,355.3291
2012-06-26 14:00:00,355.3291
2012-06-26 15:00:00,366.375
2012-06-26 16:00:00,366.64474
2012-06-26 17:00:00,369.59763
2012-06-26 18:00:00,373.54034
2012-06-26 19:00:00,362.06085
2012-06-26 20:00:00,362.06354
2012-06-26 21:00:00,336.99283
2012-06-26 22:00:00,342.16956
2012-06-26 23:00:00,300.64752
2012-06-27 00:00:00,310.33633
2012-06-27 01:00:00,296.83923
2012-06-27 02:00:00,261.616
2012-06-27 03:00:00,270.246
2012-06-27 04:00:00,315.46494
2012-06-27 05:00:00,310.4522
2012-06-27 06:00:00,294.01254
2012-06-27 07:00:00,308.1851
2012-06-27 08:00:00,313.71988
2012-06-27 09:00:00,326.2254
2012-06-27 10:00:00,337.9054
2012-06-27 11:00:00,369.4079
2012-06-27 12:00:00,370.57907
2012-06-27 13:00:00,381.12262
2012-06-27 14:00:00,394.3081
2012-06-27 15:00:00,389.37317
2012-06-27 16:00:00,397.89734
2012-06-27 17:00:00,396.72137
2012-06-27 18:00:00,381.12262
2012-06-27 19:00:00,373.9322
2012-06-27 20:00:00,348.64728
2012-06-27 21:00:00,323.16162
2012-06-27 22:00:00,300.17456
2012-06-27 23:00:00,279.89764
2012-06-28 00:00:00,263.77707
2012-06-28 01:00:00,215.44588
2012-06-28 02:00:00,260.05188
2012-06-28 03:00:00,260.05188
2012-06-28 04:00:00,203.49553
2012-06-28 05:00:00,219.2652
2012-06-28 06:00:00,219.2652
2012-06-28 07:00:00,203.49553
2012-06-28 08:00:00,270.0326
2012-06-28 09:00:00,263.85663
2012-06-28 10:00:00,291.45044
2012-06-28 11:00:00,348.4048
2012-06-28 12:00:00,379.292
2012-06-28 13:00:00,373.44144
2012-06-28 14:00:00,390.15536
2012-06-28 15:00:00,390.15536
2012-06-28 16:00:00,385.88986
2012-06-28 17:00:00,390.08948
2012-06-28 18:00:00,378.21002
2012-06-28 19:00:00,366.6126
2012-06-28 20:00:00,335.991
2012-06-28 21:00:00,274.19824
2012-06-28 22:00:00,273.6079
2012-06-28 23:00:00,277.2555
2012-06-29 00:00:00,277.2555
2012-06-29 01:00:00,275.40622
2012-06-29 02:00:00,260.08865
2012-06-29 03:00:00,260.08865
2012-06-29 04:00:00,218.1565
2012-06-29 05:00:00,212.55905
2012-06-29 06:00:00,233.53413
2012-06-29 07:00:00,212.55905
2012-06-29 08:00:00,255.9788
2012-06-29 09:00:00,266.551
2012-06-29 10:00:00,348.7193
2012-06-29 11:00:00,333.01495
2012-06-29 12:00:00,345.98224
2012-06-29 13:00:00,353.03128
2012-06-29 14:00:00,369.24197
2012-06-29 15:00:00,353.09363
2012-06-29 16:00:00,353.09363
2012-06-29 17:00:00,378.9355
2012-06-29 18:00:00,365.6979
2012-06-29 19:00:00,320.9483
2012-06-29 20:00:00,348.12848
2012-06-29 21:00:00,295.77005
2012-06-29 22:00:00,282.83597
2012-06-29 23:00:00,282.83597
2012-06-30 00:00:00,141.31728
2012-06-30 01:00:00,139.74217
2012-06-30 02:00:00,87.85464
2012-06-30 03:00:00,87.85464
2012-06-30 04:00:00,65.08538
2012-06-30 05:00:00,56.433712
2012-06-30 06:00:00,56.433712
2012-06-30 07:00:00,56.433712
2012-06-30 08:00:00,56.433712
2012-06-30 09:00:00,56.433712
2012-06-30 10:00:00,475.1975
2012-06-30 11:00:00,475.1975
2012-06-30 12:00:00,475.1975
2012-06-30 13:00:00,475.1975
2012-06-30 14:00:00,475.1975
2012-06-30 15:00:00,475.1975
2012-06-30 16:00:00,470.75552
2012-06-30 17:00:00,452.01187
2012-06-30 18:00:00,429.77695
2012-06-30 19:00:00,410.6983
2012-06-30 20:00:00,345.65668
2012-06-30 21:00:00,345.65668
2012-06-30 22:00:00,266.82428
2012-06-30 23:00:00,249.61143
2012-07-20 00:00:00,134.53079
2012-07-20 01:00:00,90.14881
2012-07-20 02:00:00,123.99166
2012-07-20 03:00:00,127.192474
2012-07-20 04:00:00,140.52452
2012-07-20 05:00:00,133.6702
2012-07-20 06:00:00,140.52452
2012-07-20 07:00:00,145.96498
2012-07-20 08:00:00,167.15208
2012-07-20 09:00:00,178.44344
2012-07-20 10:00:00,184.55505
2012-07-20 11:00:00,221.1472
2012-07-20 12:00:00,166.4785
2012-07-20 13:00:00,168.75291
2012-07-20 14:00:00,175.90901
2012-07-20 15:00:00,188.38771
2012-07-20 16:00:00,185.77351
2012-07-20 17:00:00,175.79265
2012-07-20 18:00:00,193.62746
2012-07-20 19:00:00,168.01093
2012-07-20 20:00:00,130.97064
2012-07-20 21:00:00,130.06477
2012-07-20 22:00:00,153.68004
2012-07-20 23:00:00,162.0194
2012-07-21 00:00:00,155.39217
2012-07-21 01:00:00,132.84637
2012-07-21 02:00:00,130.98619
2012-07-21 03:00:00,130.1858
2012-07-21 04:00:00,126.4952
2012-07-21 05:00:00,126.95063
2012-07-21 06:00:00,126.95063
2012-07-21 07:00:00,94.47585
2012-07-21 08:00:00,116.47761
2012-07-21 09:00:00,107.73295
2012-07-21 10:00:00,126.95063
2012-07-21 11:00:00,123.87695
2012-07-21 12:00:00,145.65047
2012-07-21 13:00:00,145.48117
2012-07-21 14:00:00,98.22576
2012-07-21 15:00:00,130.1858
2012-07-21 16:00:00,129.14449
2012-07-21 17:00:00,130.17613
2012-07-21 18:00:00,89.8384
2012-07-21 19:00:00,86.71425
2012-07-21 20:00:00,130.17613
2012-07-21 21:00:00,86.71425
2012-07-21 22:00:00,82.694954
2012-07-21 23:00:00,80.62382
2012-07-22 00:00:00,82.694954
2012-07-22 01:00:00,86.71425
2012-07-22 02:00:00,82.694954
2012-07-22 03:00:00,82.694954
2012-07-22 04:00:00,34.904633
2012-07-22 05:00:00,34.904633
2012-07-22 06:00:00,110.935265
2012-07-22 07:00:00,107.065346
2012-07-22 08:00:00,136.85468
2012-07-22 09:00:00,198.1449
2012-07-22 10:00:00,170.26497
2012-07-22 11:00:00,170.26497
2012-07-22 12:00:00,225.20755
2012-07-22 13:00:00,251.86082
2012-07-22 14:00:00,202.35094
2012-07-22 15:00:00,202.35094
2012-07-22 16:00:00,209.63016
2012-07-22 17:00:00,240.58478
2012-07-22 18:00:00,223.69711
2012-07-22 19:00:00,191.4771
2012-07-22 20:00:00,159.60054
2012-07-22 21:00:00,115.56014
2012-07-22 22:00:00,167.38084
2012-07-22 23:00:00,119.29809
2012-07-23 00:00:00,78.90588
2012-07-23 01:00:00,109.67837
2012-07-23 02:00:00,104.22157
2012-07-23 03:00:00,104.22157
2012-07-23 04:00:00,113.285545
2012-07-23 05:00:00,113.285545
2012-07-23 06:00:00,131.61293
2012-07-23 07:00:00,121.88708
2012-07-23 08:00:00,140.06349
2012-07-23 09:00:00,205.10301
2012-07-23 10:00:00,241.86157
2012-07-23 11:00:00,277.79498
2012-07-23 12:00:00,277.79498
2012-07-23 13:00:00,277.7832
2012-07-23 14:00:00,260.2631
2012-07-23 15:00:00,279.32825
2012-07-23 16:00:00,275.06592
2012-07-23 17:00:00,275.06592
2012-07-23 18:00:00,286.42456
2012-07-23 19:00:00,298.1145
2012-07-23 20:00:00,243.86617
2012-07-23 21:00:00,253.38432
2012-07-23 22:00:00,248.55136
2012-07-23 23:00:00,218.89075
2012-07-24 00:00:00,166.54108
2012-07-24 01:00:00,147.1163
2012-07-24 02:00:00,122.91413
2012-07-24 03:00:00,122.91413
2012-07-24 04:00:00,100.431725
2012-07-24 05:00:00,104.233986
2012-07-24 06:00:00,112.814606
2012-07-24 07:00:00,178.29967
2012-07-24 08:00:00,219.04208
2012-07-24 09:00:00,260.1332
2012-07-24 10:00:00,303.07635
2012-07-24 11:00:00,292.21167
2012-07-24 12:00:00,276.51263
2012-07-24 13:00:00,290.84995
2012-07-24 14:00:00,288.58862
2012-07-24 15:00:00,314.53888
2012-07-24 16:00:00,301.56766
2012-07-24 17:00:00,310.58255
2012-07-24 18:00:00,284.45392
2012-07-24 19:00:00,243.86617
2012-07-24 20:00:00,224.00868
2012-07-24 21:00:00,244.56593
2012-07-24 22:00:00,255.1021
2012-07-24 23:00:00,290.7973
2012-07-25 00:00:00,285.22104
2012-07-25 01:00:00,256.69183
2012-07-25 02:00:00,252.00853
2012-07-25 03:00:00,233.81473
2012-07-25 04:00:00,230.93536
2012-07-25 05:00:00,206.97357
2012-07-25 06:00:00,219.3678
2012-07-25 07:00:00,301.27307
2012-07-25 08:00:00,323.07477
2012-07-25 09:00:00,345.4734
2012-07-25 10:00:00,298.39093
2012-07-25 11:00:00,317.1051
2012-07-25 12:00:00,317.1051
2012-07-25 13:00:00,343.33344
2012-07-25 14:00:00,346.55695
2012-07-25 15:00:00,331.5865
2012-07-25 16:00:00,350.74243
2012-07-25 17:00:00,329.162
2012-07-25 18:00:00,355.0457
2012-07-25 19:00:00,330.57068
2012-07-25 20:00:00,310.9018
2012-07-25 21:00:00,286.89462
2012-07-25 22:00:00,237.3819
2012-07-25 23:00:00,282.61084
2012-07-26 00:00:00,222.49084
2012-07-26 01:00:00,233.81473
2012-07-26 02:00:00,227.07155
2012-07-26 03:00:00,217.34187
2012-07-26 04:00:00,179.7393
2012-07-26 05:00:00,179.7393
2012-07-26 06:00:00,182.08751
2012-07-26 07:00:00,215.8449
2012-07-26 08:00:00,207.75182
2012-07-26 09:00:00,211.60933
2012-07-26 10:00:00,229.78299
2012-07-26 11:00:00,263.333
2012-07-26 12:00:00,298.60806
2012-07-26 13:00:00,315.05713
2012-07-26 14:00:00,331.00726
2012-07-26 15:00:00,352.82724
2012-07-26 16:00:00,370.08118
2012-07-26 17:00:00,347.59033
2012-07-26 18:00:00,361.51984
2012-07-26 19:00:00,342.74792
2012-07-26 20:00:00,312.45123
2012-07-26 21:00:00,337.4331
2012-07-26 22:00:00,337.4331
2012-07-26 23:00:00,191.8268
2012-07-27 00:00:00,149.6901
2012-07-27 01:00:00,180.19327
2012-07-27 02:00:00,143.22023
2012-07-27 03:00:00,178.29967
2012-07-27 04:00:00,108.067345
2012-07-27 05:00:00,89.802315
2012-07-27 06:00:00,108.067345
2012-07-27 07:00:00,213.69691
2012-07-27 08:00:00,203.73943
2012-07-27 09:00:00,311.4212
2012-07-27 10:00:00,278.01987
2012-07-27 11:00:00,325.89905
2012-07-27 12:00:00,324.63498
2012-07-27 13:00:00,317.7904
2012-07-27 14:00:00,323.89502
2012-07-27 15:00:00,325.94086
2012-07-27 16:00:00,307.26782
2012-07-27 17:00:00,333.33133
2012-07-27 18:00:00,295.5959
2012-07-27 19:00:00,287.96582
2012-07-27 20:00:00,242.4163
2012-07-27 21:00:00,242.4163
2012-07-27 22:00:00,251.29529
2012-07-27 23:00:00,178.98936
2012-07-28 00:00:00,237.97267
2012-07-28 01:00:00,174.62856
2012-07-28 02:00:00,158.0879
2012-07-28 03:00:00,158.0879
2012-07-28 04:00:00,137.53792
2012-07-28 05:00:00,119.29809
2012-07-28 06:00:00,166.89674
2012-07-28 07:00:00,183.76366
2012-07-28 08:00:00,223.69711
2012-07-28 09:00:00,271.83295
2012-07-28 10:00:00,359.2111
2012-07-28 11:00:00,429.04727
2012-07-28 12:00:00,420.4408
2012-07-28 13:00:00,432.1277
2012-07-28 14:00:00,435.2415
2012-07-28 15:00:00,470.815
2012-07-28 16:00:00,431.46664
2012-07-28 17:00:00,386.30945
2012-07-28 18:00:00,418.49023
2012-07-28 19:00:00,74.10626
2012-07-28 20:00:00,103.73101
2012-07-28 21:00:00,99.11768
2012-07-28 22:00:00,99.11768
2012-07-28 23:00:00,74.94501
2012-07-29 00:00:00,57.285778
2012-07-29 01:00:00,77.097145
2012-07-29 02:00:00,134.64452
2012-07-29 03:00:00,197.10127
2012-07-29 04:00:00,180.82005
2012-07-29 05:00:00,112.351845
2012-07-29 06:00:00,142.93413
2012-07-29 07:00:00,204.59135
2012-07-29 08:00:00,234.24515
2012-07-29 09:00:00,271.61743
2012-07-29 10:00:00,211.75754
2012-07-29 11:00:00,317.73358
2012-07-29 12:00:00,339.4635
2012-07-29 13:00:00,368.55225
2012-07-29 14:00:00,378.4887
2012-07-29 15:00:00,385.28003
2012-07-29 16:00:00,385.28003
2012-07-29 17:00:00,405.9801
2012-07-29 18:00:00,427.17682
2012-07-29 19:00:00,298.6882
2012-07-29 20:00:00,209.63016
2012-07-29 21:00:00,183.76366
2012-07-29 22:00:00,166.89674
2012-07-29 23:00:00,148.16718
2012-07-30 00:00:00,150.43279
2012-07-30 01:00:00,127.77868
2012-07-30 02:00:00,121.78565
2012-07-30 03:00:00,83.27473
2012-07-30 04:00:00,83.27473
2012-07-30 05:00:00,104.233986
2012-07-30 06:00:00,122.91413
2012-07-30 07:00:00,128.57047
2012-07-30 08:00:00,195.27797
2012-07-30 09:00:00,201.82063
2012-07-30 10:00:00,231.28868
2012-07-30 11:00:00,267.80844
2012-07-30 12:00:00,254.58113
2012-07-30 13:00:00,285.1696
2012-07-30 14:00:00,297.5632
2012-07-30 15:00:00,303.90363
2012-07-30 16:00:00,309.55838
2012-07-30 17:00:00,299.7243
2012-07-30 18:00:00,300.4094
2012-07-30 19:00:00,281.76764
2012-07-30 20:00:00,225.29893
2012-07-30 21:00:00,213.69691
2012-07-30 22:00:00,204.69125
2012-07-30 23:00:00,190.12167
2012-07-31 00:00:00,136.02339
2012-07-31 01:00:00,112.814606
2012-07-31 02:00:00,112.814606
2012-07-31 03:00:00,100.431725
2012-07-31 04:00:00,100.431725
2012-07-31 05:00:00,122.91413
2012-07-31 06:00:00,94.31755
2012-07-31 07:00:00,152.93022
2012-07-31 08:00:00,143.22023
2012-07-31 09:00:00,180.19327
2012-07-31 10:00:00,168.77025
2012-07-31 11:00:00,212.87459
2012-07-31 12:00:00,272.57074
2012-07-31 13:00:00,298.38275
2012-07-31 14:00:00,298.38275
2012-07-31 15:00:00,234.25784
2012-07-31 16:00:00,275.19647
2012-07-31 17:00:00,290.06418
2012-07-31 18:00:00,294.77975
2012-07-31 19:00:00,241.75145
2012-07-31 20:00:00,215.72449
2012-07-31 21:00:00,159.22462
2012-07-31 22:00:00,209.53087
2012-07-31 23:00:00,162.48344
2012-08-20 00:00:00,134.61726
2012-08-20 01:00:00,111.308075
2012-08-20 02:00:00,111.308075
2012-08-20 03:00:00,73.056244
2012-08-20 04:00:00,131.32582
2012-08-20 05:00:00,114.57212
2012-08-20 06:00:00,158.27629
2012-08-20 07:00:00,163.71974
2012-08-20 08:00:00,174.671
2012-08-20 09:00:00,179.14043
2012-08-20 10:00:00,190.0276
2012-08-20 11:00:00,187.67245
2012-08-20 12:00:00,221.32784
2012-08-20 13:00:00,237.3819
2012-08-20 14:00:00,265.00397
2012-08-20 15:00:00,287.84018
2012-08-20 16:00:00,287.84018
2012-08-20 17:00:00,281.29828
2012-08-20 18:00:00,175.1
2012-08-20 19:00:00,170.86214
2012-08-20 20:00:00,162.0194
2012-08-20 21:00:00,72.30602
2012-08-20 22:00:00,114.57212
2012-08-20 23:00:00,114.57212
2012-08-21 00:00:00,131.32582
2012-08-21 01:00:00,141.04134
2012-08-21 02:00:00,132.29726
2012-08-21 03:00:00,55.80708
2012-08-21 04:00:00,55.80708
2012-08-21 05:00:00,82.32376
2012-08-21 06:00:00,86.07087
2012-08-21 07:00:00,113.37495
2012-08-21 08:00:00,123.191444
2012-08-21 09:00:00,137.85258
2012-08-21 10:00:00,207.52986
2012-08-21 11:00:00,220.287
2012-08-21 12:00:00,263.997
2012-08-21 13:00:00,286.095
2012-08-21 14:00:00,308.16507
2012-08-21 15:00:00,299.4469
2012-08-21 16:00:00,299.4469
2012-08-21 17:00:00,303.2309
2012-08-21 18:00:00,280.9602
2012-08-21 19:00:00,172.38844
2012-08-21 20:00:00,118.31063
2012-08-21 21:00:00,118.31063
2012-08-21 22:00:00,97.27536
2012-08-21 23:00:00,75.61545
2012-08-22 00:00:00,95.54093
2012-08-22 01:00:00,94.54865
2012-08-22 02:00:00,94.54865
2012-08-22 03:00:00,94.54865
2012-08-22 04:00:00,89.03858
2012-08-22 05:00:00,91.390434
2012-08-22 06:00:00,115.4952
2012-08-22 07:00:00,94.54865
2012-08-22 08:00:00,139.37968
2012-08-22 09:00:00,164.51118
2012-08-22 10:00:00,207.28786
2012-08-22 11:00:00,225.01343
2012-08-22 12:00:00,240.64796
2012-08-22 13:00:00,272.00208
2012-08-22 14:00:00,281.6194
2012-08-22 15:00:00,277.54932
2012-08-22 16:00:00,266.61517
2012-08-22 17:00:00,266.61517
2012-08-22 18:00:00,221.00545
2012-08-22 19:00:00,165.25911
2012-08-22 20:00:00,180.36143
2012-08-22 21:00:00,118.31063
2012-08-22 22:00:00,118.31063
2012-08-22 23:00:00,78.44115
2012-08-23 00:00:00,97.27536
2012-08-23 01:00:00,75.61545
2012-08-23 02:00:00,75.61545
2012-08-23 03:00:00,91.39118
2012-08-23 04:00:00,75.61545
2012-08-23 05:00:00,75.61545
2012-08-23 06:00:00,107.001305
2012-08-23 07:00:00,138.61584
2012-08-23 08:00:00,179.36671
2012-08-23 09:00:00,189.81654
2012-08-23 10:00:00,229.5121
2012-08-23 11:00:00,269.12943
2012-08-23 12:00:00,298.0213
2012-08-23 13:00:00,308.63705
2012-08-23 14:00:00,304.7718
2012-08-23 15:00:00,283.73196
2012-08-23 16:00:00,283.852
2012-08-23 17:00:00,307.08994
2012-08-23 18:00:00,298.9392
2012-08-23 19:00:00,257.2959
2012-08-23 20:00:00,212.55905
2012-08-23 21:00:00,223.8473
2012-08-23 22:00:00,225.10583
2012-08-23 23:00:00,184.1393
2012-08-24 00:00:00,184.1393
2012-08-24 01:00:00,164.32521
2012-08-24 02:00:00,140.86476
2012-08-24 03:00:00,118.31063
2012-08-24 04:00:00,164.32521
2012-08-24 05:00:00,97.27536
2012-08-24 06:00:00,120.943306
2012-08-24 07:00:00,145.6953
2012-08-24 08:00:00,165.25911
2012-08-24 09:00:00,238.95522
2012-08-24 10:00:00,274.9912
2012-08-24 11:00:00,275.36792
2012-08-24 12:00:00,282.8371
2012-08-24 13:00:00,303.42868
2012-08-24 14:00:00,289.1367
2012-08-24 15:00:00,275.00668
2012-08-24 16:00:00,275.00668
2012-08-24 17:00:00,264.45282
2012-08-24 18:00:00,236.78717
2012-08-24 19:00:00,245.3211
2012-08-24 20:00:00,226.71663
2012-08-24 21:00:00,233.53413
2012-08-24 22:00:00,225.06093
2012-08-24 23:00:00,198.6826
2012-08-25 00:00:00,259.95813
2012-08-25 01:00:00,206.85466
2012-08-25 02:00:00,179.35197
2012-08-25 03:00:00,157.30531
2012-08-25 04:00:00,212.14748
2012-08-25 05:00:00,187.05482
2012-08-25 06:00:00,152.96947
2012-08-25 07:00:00,158.76772
2012-08-25 08:00:00,206.84793
2012-08-25 09:00:00,247.93942
2012-08-25 10:00:00,277.49042
2012-08-25 11:00:00,302.1033
2012-08-25 12:00:00,319.03574
2012-08-25 13:00:00,354.1068
2012-08-25 14:00:00,246.8224
2012-08-25 15:00:00,209.70879
2012-08-25 16:00:00,211.10327
2012-08-25 17:00:00,213.25626
2012-08-25 18:00:00,238.7159
2012-08-25 19:00:00,173.60922
2012-08-25 20:00:00,153.66966
2012-08-25 21:00:00,127.4262
2012-08-25 22:00:00,127.4262
2012-08-25 23:00:00,132.84637
2012-08-26 00:00:00,75.7579
2012-08-26 01:00:00,62.66251
2012-08-26 02:00:00,103.7502
2012-08-26 03:00:00,107.51341
2012-08-26 04:00:00,99.72382
2012-08-26 05:00:00,62.66251
2012-08-26 06:00:00,86.13201
2012-08-26 07:00:00,62.66251
2012-08-26 08:00:00,150.95546
2012-08-26 09:00:00,142.70702
2012-08-26 10:00:00,274.77753
2012-08-26 11:00:00,271.26126
2012-08-26 12:00:00,255.27473
2012-08-26 13:00:00,185.31941
2012-08-26 14:00:00,47.890556
2012-08-26 15:00:00,141.32289
2012-08-26 16:00:00,141.32289
2012-08-26 17:00:00,68.869095
2012-08-26 18:00:00,90.59431
2012-08-26 19:00:00,96.46203
2012-08-26 20:00:00,56.433712
2012-08-26 21:00:00,73.136055
2012-08-26 22:00:00,44.023384
2012-08-26 23:00:00,62.143967
2012-08-27 00:00:00,75.61545
2012-08-27 01:00:00,73.63906
2012-08-27 02:00:00,84.17103
2012-08-27 03:00:00,73.63906
2012-08-27 04:00:00,75.61545
2012-08-27 05:00:00,61.577473
2012-08-27 06:00:00,61.577473
2012-08-27 07:00:00,83.27473
2012-08-27 08:00:00,100.431725
2012-08-27 09:00:00,104.233986
2012-08-27 10:00:00,173.98055
2012-08-27 11:00:00,234.54054
2012-08-27 12:00:00,194.23128
2012-08-27 13:00:00,261.188
2012-08-27 14:00:00,271.6275
2012-08-27 15:00:00,301.56766
2012-08-27 16:00:00,293.07376
2012-08-27 17:00:00,304.9563
2012-08-27 18:00:00,296.39172
2012-08-27 19:00:00,229.78299
2012-08-27 20:00:00,219.04208
2012-08-27 21:00:00,197.64153
2012-08-27 22:00:00,143.51317
2012-08-27 23:00:00,132.45305
2012-08-28 00:00:00,166.25471
2012-08-28 01:00:00,116.775
2012-08-28 02:00:00,163.89388
2012-08-28 03:00:00,90.14881
2012-08-28 04:00:00,112.814606
2012-08-28 05:00:00,149.62798
2012-08-28 06:00:00,127.192474
2012-08-28 07:00:00,152.09477
2012-08-28 08:00:00,146.53752
2012-08-28 09:00:00,184.55505
2012-08-28 10:00:00,268.36423
2012-08-28 11:00:00,290.5066
2012-08-28 12:00:00,309.55838
2012-08-28 13:00:00,327.06848
2012-08-28 14:00:00,347.25693
2012-08-28 15:00:00,351.60907
2012-08-28 16:00:00,361.22974
2012-08-28 17:00:00,361.56512
2012-08-28 18:00:00,325.9345
2012-08-28 19:00:00,293.20892
2012-08-28 20:00:00,270.74396
2012-08-28 21:00:00,268.46835
2012-08-28 22:00:00,220.287
2012-08-28 23:00:00,202.74303
2012-08-29 00:00:00,140.86476
2012-08-29 01:00:00,175.91591
2012-08-29 02:00:00,151.46182
2012-08-29 03:00:00,140.70897
2012-08-29 04:00:00,186.1461
2012-08-29 05:00:00,172.4153
2012-08-29 06:00:00,172.4153
2012-08-29 07:00:00,180.68843
2012-08-29 08:00:00,228.82292
2012-08-29 09:00:00,281.1034
2012-08-29 10:00:00,282.6089
2012-08-29 11:00:00,263.997
2012-08-29 12:00:00,288.22916
2012-08-29 13:00:00,278.1842
2012-08-29 14:00:00,296.34503
2012-08-29 15:00:00,315.08508
2012-08-29 16:00:00,315.49808
2012-08-29 17:00:00,338.27527
2012-08-29 18:00:00,302.43964
2012-08-29 19:00:00,271.59436
2012-08-29 20:00:00,202.74303
2012-08-29 21:00:00,243.26305
2012-08-29 22:00:00,215.44588
2012-08-29 23:00:00,200.66827
2012-08-30 00:00:00,137.85258
2012-08-30 01:00:00,158.34846
2012-08-30 02:00:00,115.4952
2012-08-30 03:00:00,115.4952
2012-08-30 04:00:00,115.4952
2012-08-30 05:00:00,115.4952
2012-08-30 06:00:00,111.308075
2012-08-30 07:00:00,118.31063
2012-08-30 08:00:00,161.4058
2012-08-30 09:00:00,200.7259
2012-08-30 10:00:00,223.49109
2012-08-30 11:00:00,296.34503
2012-08-30 12:00:00,286.20947
2012-08-30 13:00:00,272.00208
2012-08-30 14:00:00,277.54932
2012-08-30 15:00:00,291.1477
2012-08-30 16:00:00,299.24738
2012-08-30 17:00:00,340.5672
2012-08-30 18:00:00,311.25018
2012-08-30 19:00:00,277.54932
2012-08-30 20:00:00,253.51587
2012-08-30 21:00:00,207.96262
2012-08-30 22:00:00,143.71677
2012-08-30 23:00:00,155.58646
2012-08-31 00:00:00,129.50401
2012-08-31 01:00:00,129.50401
2012-08-31 02:00:00,90.14881
2012-08-31 03:00:00,82.479996
2012-08-31 04:00:00,84.54125
2012-08-31 05:00:00,94.31755
2012-08-31 06:00:00,133.26758
2012-08-31 07:00:00,116.83927
2012-08-31 08:00:00,176.5577
2012-08-31 09:00:00,154.39735
2012-08-31 10:00:00,218.71194
2012-08-31 11:00:00,373.85443
2012-08-31 12:00:00,374.98218
2012-08-31 13:00:00,383.3058
2012-08-31 14:00:00,380.9854
2012-08-31 15:00:00,379.65808
2012-08-31 16:00:00,375.18298
2012-08-31 17:00:00,346.75275
2012-08-31 18:00:00,341.5862
2012-08-31 19:00:00,279.4214
2012-08-31 20:00:00,279.4214
2012-08-31 21:00:00,267.22446
2012-08-31 22:00:00,267.22446
2012-08-31 23:00:00,217.44331
2012-09-20 00:00:00,152.44826
2012-09-20 01:00:00,111.05201
2012-09-20 02:00:00,108.80335
2012-09-20 03:00:00,74.78918
2012-09-20 04:00:00,84.102005
2012-09-20 05:00:00,84.102005
2012-09-20 06:00:00,74.78918
2012-09-20 07:00:00,71.22567
2012-09-20 08:00:00,143.48012
2012-09-20 09:00:00,204.18266
2012-09-20 10:00:00,239.63457
2012-09-20 11:00:00,269.2831
2012-09-20 12:00:00,293.66037
2012-09-20 13:00:00,290.40814
2012-09-20 14:00:00,294.01956
2012-09-20 15:00:00,295.58096
2012-09-20 16:00:00,286.32977
2012-09-20 17:00:00,291.17502
2012-09-20 18:00:00,270.36285
2012-09-20 19:00:00,243.96161
2012-09-20 20:00:00,196.95863
2012-09-20 21:00:00,213.50237
2012-09-20 22:00:00,131.41156
2012-09-20 23:00:00,160.55933
2012-09-21 00:00:00,133.27982
2012-09-21 01:00:00,109.26733
2012-09-21 02:00:00,109.26733
2012-09-21 03:00:00,99.049934
2012-09-21 04:00:00,84.20014
2012-09-21 05:00:00,65.723114
2012-09-21 06:00:00,99.049934
2012-09-21 07:00:00,86.325966
2012-09-21 08:00:00,140.2889
2012-09-21 09:00:00,174.79033
2012-09-21 10:00:00,245.24973
2012-09-21 11:00:00,266.2467
2012-09-21 12:00:00,249.33086
2012-09-21 13:00:00,263.85663
2012-09-21 14:00:00,293.44974
2012-09-21 15:00:00,279.7281
2012-09-21 16:00:00,271.59436
2012-09-21 17:00:00,281.67255
2012-09-21 18:00:00,257.89377
2012-09-21 19:00:00,239.01387
2012-09-21 20:00:00,197.28488
2012-09-21 21:00:00,196.50249
2012-09-21 22:00:00,172.4153
2012-09-21 23:00:00,206.4222
2012-09-22 00:00:00,164.0664
2012-09-22 01:00:00,97.730225
2012-09-22 02:00:00,59.18326
2012-09-22 03:00:00,88.16121
2012-09-22 04:00:00,88.16121
2012-09-22 05:00:00,99.95365
2012-09-22 06:00:00,92.09019
2012-09-22 07:00:00,111.46462
2012-09-22 08:00:00,168.26027
2012-09-22 09:00:00,197.82631
2012-09-22 10:00:00,251.17589
2012-09-22 11:00:00,299.92755
2012-09-22 12:00:00,332.97678
2012-09-22 13:00:00,359.82526
2012-09-22 14:00:00,377.9134
2012-09-22 15:00:00,379.3061
2012-09-22 16:00:00,357.74014
2012-09-22 17:00:00,357.74014
2012-09-22 18:00:00,330.9754
2012-09-22 19:00:00,274.1925
2012-09-22 20:00:00,323.1151
2012-09-22 21:00:00,290.2789
2012-09-22 22:00:00,267.6867
2012-09-22 23:00:00,320.62888
2012-09-23 00:00:00,472.4815
2012-09-23 01:00:00,318.56442
2012-09-23 02:00:00,342.87762
2012-09-23 03:00:00,272.36
2012-09-23 04:00:00,262.55872
2012-09-23 05:00:00,238.76067
2012-09-23 06:00:00,208.42479
2012-09-23 07:00:00,240.26384
2012-09-23 08:00:00,261.79266
2012-09-23 09:00:00,302.07968
2012-09-23 10:00:00,372.8034
2012-09-23 11:00:00,381.1573
2012-09-23 12:00:00,388.90762
2012-09-23 13:00:00,459.43292
2012-09-23 14:00:00,462.13983
2012-09-23 15:00:00,488.41528
2012-09-23 16:00:00,479.12708
2012-09-23 17:00:00,429.6729
2012-09-23 18:00:00,415.9607
2012-09-23 19:00:00,374.05496
2012-09-23 20:00:00,374.05496
2012-09-23 21:00:00,358.55194
2012-09-23 22:00:00,323.0517
2012-09-23 23:00:00,287.12616
2012-09-24 00:00:00,238.64302
2012-09-24 01:00:00,218.72122
2012-09-24 02:00:00,247.08186
2012-09-24 03:00:00,237.3251
2012-09-24 04:00:00,206.12027
2012-09-24 05:00:00,223.17543
2012-09-24 06:00:00,241.5355
2012-09-24 07:00:00,218.72122
2012-09-24 08:00:00,287.6147
2012-09-24 09:00:00,308.97375
2012-09-24 10:00:00,331.95587
2012-09-24 11:00:00,383.14166
2012-09-24 12:00:00,379.10242
2012-09-24 13:00:00,412.18268
2012-09-24 14:00:00,420.36694
2012-09-24 15:00:00,410.05798
2012-09-24 16:00:00,406.71262
2012-09-24 17:00:00,408.82288
2012-09-24 18:00:00,373.22202
2012-09-24 19:00:00,354.62424
2012-09-24 20:00:00,305.44946
2012-09-24 21:00:00,301.22144
2012-09-24 22:00:00,301.7081
2012-09-24 23:00:00,235.50682
2012-09-25 00:00:00,221.3888
2012-09-25 01:00:00,188.2769
2012-09-25 02:00:00,159.35558
2012-09-25 03:00:00,178.34526
2012-09-25 04:00:00,183.76494
2012-09-25 05:00:00,153.47385
2012-09-25 06:00:00,177.69702
2012-09-25 07:00:00,174.93495
2012-09-25 08:00:00,232.1808
2012-09-25 09:00:00,300.9604
2012-09-25 10:00:00,319.46143
2012-09-25 11:00:00,369.1493
2012-09-25 12:00:00,383.83084
2012-09-25 13:00:00,375.46783
2012-09-25 14:00:00,395.09818
2012-09-25 15:00:00,404.8418
2012-09-25 16:00:00,399.79117
2012-09-25 17:00:00,402.1101
2012-09-25 18:00:00,395.88257
2012-09-25 19:00:00,360.05862
2012-09-25 20:00:00,327.26404
2012-09-25 21:00:00,327.26404
2012-09-25 22:00:00,328.52936
2012-09-25 23:00:00,325.07874
2012-09-26 00:00:00,282.82385
2012-09-26 01:00:00,281.50824
2012-09-26 02:00:00,275.43127
2012-09-26 03:00:00,275.43127
2012-09-26 04:00:00,240.04579
2012-09-26 05:00:00,237.49557
2012-09-26 06:00:00,229.87865
2012-09-26 07:00:00,198.50352
2012-09-26 08:00:00,242.39601
2012-09-26 09:00:00,291.04605
2012-09-26 10:00:00,253.32315
2012-09-26 11:00:00,316.6181
2012-09-26 12:00:00,320.20117
2012-09-26 13:00:00,336.54742
2012-09-26 14:00:00,388.77795
2012-09-26 15:00:00,386.5705
2012-09-26 16:00:00,398.1031
2012-09-26 17:00:00,386.5705
2012-09-26 18:00:00,387.7344
2012-09-26 19:00:00,345.93445
2012-09-26 20:00:00,272.67978
2012-09-26 21:00:00,293.71198
2012-09-26 22:00:00,262.1125
2012-09-26 23:00:00,235.6115
2012-09-27 00:00:00,189.72522
2012-09-27 01:00:00,189.72522
2012-09-27 02:00:00,189.72522
2012-09-27 03:00:00,169.92513
2012-09-27 04:00:00,126.68427
2012-09-27 05:00:00,142.26796
2012-09-27 06:00:00,137.95137
2012-09-27 07:00:00,169.92513
2012-09-27 08:00:00,231.14752
2012-09-27 09:00:00,247.69087
2012-09-27 10:00:00,344.7417
2012-09-27 11:00:00,353.5382
2012-09-27 12:00:00,367.1526
2012-09-27 13:00:00,370.72803
2012-09-27 14:00:00,380.76056
2012-09-27 15:00:00,383.9723
2012-09-27 16:00:00,320.9431
2012-09-27 17:00:00,280.97656
2012-09-27 18:00:00,280.6248
2012-09-27 19:00:00,279.79095
2012-09-27 20:00:00,277.19107
2012-09-27 21:00:00,196.85039
2012-09-27 22:00:00,196.85039
2012-09-27 23:00:00,203.56934
2012-09-28 00:00:00,175.2379
2012-09-28 01:00:00,176.65593
2012-09-28 02:00:00,167.6017
2012-09-28 03:00:00,199.89236
2012-09-28 04:00:00,165.87968
2012-09-28 05:00:00,117.660774
2012-09-28 06:00:00,128.1712
2012-09-28 07:00:00,109.983086
2012-09-28 08:00:00,163.25209
2012-09-28 09:00:00,199.37642
2012-09-28 10:00:00,236.29912
2012-09-28 11:00:00,269.79614
2012-09-28 12:00:00,335.91537
2012-09-28 13:00:00,345.95303
2012-09-28 14:00:00,335.91537
2012-09-28 15:00:00,331.96628
2012-09-28 16:00:00,345.9489
2012-09-28 17:00:00,328.67303
2012-09-28 18:00:00,344.1562
2012-09-28 19:00:00,321.27747
2012-09-28 20:00:00,319.62823
2012-09-28 21:00:00,316.2792
2012-09-28 22:00:00,312.48257
2012-09-28 23:00:00,299.91037
2012-09-29 00:00:00,289.91653
2012-09-29 01:00:00,289.91653
2012-09-29 02:00:00,328.23962
2012-09-29 03:00:00,299.61786
2012-09-29 04:00:00,280.74478
2012-09-29 05:00:00,244.66292
2012-09-29 06:00:00,243.80368
2012-09-29 07:00:00,205.60614
2012-09-29 08:00:00,213.36906
2012-09-29 09:00:00,244.66292
2012-09-29 10:00:00,311.98987
2012-09-29 11:00:00,346.12823
2012-09-29 12:00:00,454.95593
2012-09-29 13:00:00,454.95593
2012-09-29 14:00:00,456.33533
2012-09-29 15:00:00,440.40576
2012-09-29 16:00:00,457.69873
2012-09-29 17:00:00,451.15335
2012-09-29 18:00:00,382.9601
2012-09-29 19:00:00,302.12433
2012-09-29 20:00:00,306.17526
2012-09-29 21:00:00,298.57983
2012-09-29 22:00:00,236.96262
2012-09-29 23:00:00,258.45868
2012-09-30 00:00:00,248.15756
2012-09-30 01:00:00,248.15756
2012-09-30 02:00:00,214.91502
2012-09-30 03:00:00,189.24715
2012-09-30 04:00:00,189.24715
2012-09-30 05:00:00,147.49751
2012-09-30 06:00:00,152.1375
2012-09-30 07:00:00,124.24398
2012-09-30 08:00:00,202.48755
2012-09-30 09:00:00,247.5963
2012-09-30 10:00:00,392.3307
2012-09-30 11:00:00,439.11227
2012-09-30 12:00:00,454.95593
2012-09-30 13:00:00,457.69873
2012-09-30 14:00:00,457.69873
2012-09-30 15:00:00,488.66418
2012-09-30 16:00:00,486.4701
2012-09-30 17:00:00,485.64896
2012-09-30 18:00:00,254.63225
2012-09-30 19:00:00,237.99152
2012-09-30 20:00:00,237.99152
2012-09-30 21:00:00,192.77882
2012-09-30 22:00:00,161.33759
2012-09-30 23:00:00,172.56541
2012-10-20 00:00:00,117.66951
2012-10-20 01:00:00,165.69661
2012-10-20 02:00:00,130.30742
2012-10-20 03:00:00,122.746025
2012-10-20 04:00:00,147.49751
2012-10-20 05:00:00,94.86266
2012-10-20 06:00:00,144.03821
2012-10-20 07:00:00,94.86266
2012-10-20 08:00:00,192.71242
2012-10-20 09:00:00,262.87384
2012-10-20 10:00:00,315.70493
2012-10-20 11:00:00,336.23825
2012-10-20 12:00:00,371.67883
2012-10-20 13:00:00,395.8839
2012-10-20 14:00:00,389.89465
2012-10-20 15:00:00,370.99527
2012-10-20 16:00:00,385.63928
2012-10-20 17:00:00,417.43744
2012-10-20 18:00:00,393.2443
2012-10-20 19:00:00,341.36963
2012-10-20 20:00:00,379.47586
2012-10-20 21:00:00,307.75842
2012-10-20 22:00:00,267.49048
2012-10-20 23:00:00,208.48167
2012-10-21 00:00:00,256.04742
2012-10-21 01:00:00,218.4468
2012-10-21 02:00:00,185.74933
2012-10-21 03:00:00,150.24605
2012-10-21 04:00:00,111.2305
2012-10-21 05:00:00,150.24605
2012-10-21 06:00:00,176.52458
2012-10-21 07:00:00,176.52458
2012-10-21 08:00:00,162.53001
2012-10-21 09:00:00,263.37497
2012-10-21 10:00:00,323.53845
2012-10-21 11:00:00,352.95273
2012-10-21 12:00:00,392.37494
2012-10-21 13:00:00,428.21625
2012-10-21 14:00:00,438.56476
2012-10-21 15:00:00,424.02435
2012-10-21 16:00:00,417.43744
2012-10-21 17:00:00,390.83154
2012-10-21 18:00:00,392.79883
2012-10-21 19:00:00,360.51245
2012-10-21 20:00:00,339.3743
2012-10-21 21:00:00,243.2127
2012-10-21 22:00:00,229.77388
2012-10-21 23:00:00,242.41756
2012-10-22 00:00:00,199.71329
2012-10-22 01:00:00,160.02629
2012-10-22 02:00:00,151.45412
2012-10-22 03:00:00,199.71329
2012-10-22 04:00:00,172.63991
2012-10-22 05:00:00,140.30898
2012-10-22 06:00:00,130.69824
2012-10-22 07:00:00,181.93903
2012-10-22 08:00:00,195.54034
2012-10-22 09:00:00,231.47643
2012-10-22 10:00:00,276.77005
2012-10-22 11:00:00,381.9757
2012-10-22 12:00:00,390.78882
2012-10-22 13:00:00,425.7603
2012-10-22 14:00:00,432.36234
2012-10-22 15:00:00,428.3145
2012-10-22 16:00:00,413.57587
2012-10-22 17:00:00,409.9483
2012-10-22 18:00:00,260.49982
2012-10-22 19:00:00,305.44946
2012-10-22 20:00:00,270.33994
2012-10-22 21:00:00,222.68999
2012-10-22 22:00:00,157.6234
2012-10-22 23:00:00,151.67244
2012-10-23 00:00:00,144.88536
2012-10-23 01:00:00,180.4197
2012-10-23 02:00:00,133.1085
2012-10-23 03:00:00,167.55666
2012-10-23 04:00:00,155.23857
2012-10-23 05:00:00,162.17294
2012-10-23 06:00:00,128.09645
2012-10-23 07:00:00,177.80437
2012-10-23 08:00:00,204.66228
2012-10-23 09:00:00,218.24525
2012-10-23 10:00:00,261.9593
2012-10-23 11:00:00,307.86026
2012-10-23 12:00:00,363.97656
2012-10-23 13:00:00,372.14926
2012-10-23 14:00:00,397.08817
2012-10-23 15:00:00,401.932
2012-10-23 16:00:00,376.04794
2012-10-23 17:00:00,379.5354
2012-10-23 18:00:00,325.84003
2012-10-23 19:00:00,305.6375
2012-10-23 20:00:00,273.69135
2012-10-23 21:00:00,223.72102
2012-10-23 22:00:00,242.95467
2012-10-23 23:00:00,212.80244
2012-10-24 00:00:00,209.84752
2012-10-24 01:00:00,219.90765
2012-10-24 02:00:00,219.90765
2012-10-24 03:00:00,181.0934
2012-10-24 04:00:00,181.0934
2012-10-24 05:00:00,140.22719
2012-10-24 06:00:00,156.41338
2012-10-24 07:00:00,130.19011
2012-10-24 08:00:00,172.63792
2012-10-24 09:00:00,199.43532
2012-10-24 10:00:00,213.26564
2012-10-24 11:00:00,246.98875
2012-10-24 12:00:00,286.40164
2012-10-24 13:00:00,310.0229
2012-10-24 14:00:00,442.85135
2012-10-24 15:00:00,399.30957
2012-10-24 16:00:00,427.16467
2012-10-24 17:00:00,344.81488
2012-10-24 18:00:00,360.37427
2012-10-24 19:00:00,340.6823
2012-10-24 20:00:00,305.96887
2012-10-24 21:00:00,306.73224
2012-10-24 22:00:00,291.31305
2012-10-24 23:00:00,259.91235
2012-10-25 00:00:00,289.72946
2012-10-25 01:00:00,225.75166
2012-10-25 02:00:00,172.07333
2012-10-25 03:00:00,153.9352
2012-10-25 04:00:00,148.48274
2012-10-25 05:00:00,159.16524
2012-10-25 06:00:00,161.30275
2012-10-25 07:00:00,161.30275
2012-10-25 08:00:00,180.24373
2012-10-25 09:00:00,181.77803
2012-10-25 10:00:00,182.99846
2012-10-25 11:00:00,178.19255
2012-10-25 12:00:00,209.05345
2012-10-25 13:00:00,192.07118
2012-10-25 14:00:00,228.30464
2012-10-25 15:00:00,275.34113
2012-10-25 16:00:00,256.4387
2012-10-25 17:00:00,256.4387
2012-10-25 18:00:00,166.01277
2012-10-25 19:00:00,182.46211
2012-10-25 20:00:00,153.9352
2012-10-25 21:00:00,153.9352
2012-10-25 22:00:00,175.683
2012-10-25 23:00:00,182.99846
2012-10-26 00:00:00,192.01106
2012-10-26 01:00:00,145.95767
2012-10-26 02:00:00,148.48274
2012-10-26 03:00:00,159.16524
2012-10-26 04:00:00,159.16524
2012-10-26 05:00:00,148.48274
2012-10-26 06:00:00,145.95767
2012-10-26 07:00:00,148.48274
2012-10-26 08:00:00,159.39394
2012-10-26 09:00:00,159.39394
2012-10-26 10:00:00,154.1734
2012-10-26 11:00:00,215.6446
2012-10-26 12:00:00,244.38948
2012-10-26 13:00:00,263.3131
2012-10-26 14:00:00,291.31305
2012-10-26 15:00:00,306.73224
2012-10-26 16:00:00,244.77129
2012-10-26 17:00:00,225.88683
2012-10-26 18:00:00,212.45682
2012-10-26 19:00:00,186.72908
2012-10-26 20:00:00,186.72908
2012-10-26 21:00:00,210.97127
2012-10-26 22:00:00,176.75624
2012-10-26 23:00:00,172.62057
2012-10-27 00:00:00,97.70054
2012-10-27 01:00:00,133.85628
2012-10-27 02:00:00,137.747
2012-10-27 03:00:00,99.92279
2012-10-27 04:00:00,135.82906
2012-10-27 05:00:00,165.67717
2012-10-27 06:00:00,165.67717
2012-10-27 07:00:00,121.60578
2012-10-27 08:00:00,160.31451
2012-10-27 09:00:00,160.31451
2012-10-27 10:00:00,209.14714
2012-10-27 11:00:00,277.71555
2012-10-27 12:00:00,382.8957
2012-10-27 13:00:00,440.40576
2012-10-27 14:00:00,423.31686
2012-10-27 15:00:00,314.59918
2012-10-27 16:00:00,291.11115
2012-10-27 17:00:00,291.11115
2012-10-27 18:00:00,291.11115
2012-10-27 19:00:00,230.6889
2012-10-27 20:00:00,230.6889
2012-10-27 21:00:00,230.6889
2012-10-27 22:00:00,228.44435
2012-10-27 23:00:00,237.95522
2012-10-28 00:00:00,247.24146
2012-10-28 01:00:00,216.58446
2012-10-28 02:00:00,237.44484
2012-10-28 03:00:00,261.87762
2012-10-28 04:00:00,258.5438
2012-10-28 05:00:00,265.41443
2012-10-28 06:00:00,284.55014
2012-10-28 07:00:00,287.87775
2012-10-28 08:00:00,243.07106
2012-10-28 09:00:00,288.1983
2012-10-28 10:00:00,289.27808
2012-10-28 11:00:00,310.82217
2012-10-28 12:00:00,241.4413
2012-10-28 13:00:00,255.0495
2012-10-28 14:00:00,264.3181
2012-10-28 15:00:00,235.77242
2012-10-28 16:00:00,196.60185
2012-10-28 17:00:00,136.58127
2012-10-28 18:00:00,80.0416
2012-10-28 19:00:00,93.12994
2012-10-28 20:00:00,81.784645
2012-10-28 21:00:00,110.558075
2012-10-28 22:00:00,119.65076
2012-10-28 23:00:00,93.12994
2012-10-29 00:00:00,110.91117
2012-10-30 13:00:00,93.16172
2012-10-30 14:00:00,93.16172
2012-10-30 15:00:00,100.76621
2012-10-30 16:00:00,100.76621
2012-10-30 17:00:00,103.23368
2012-10-30 18:00:00,105.62135
2012-10-30 19:00:00,240.3643
2012-10-30 20:00:00,127.52348
2012-10-30 21:00:00,114.60982
2012-10-30 22:00:00,118.99224
2012-10-30 23:00:00,118.99224
2012-10-31 00:00:00,123.96018
2012-10-31 01:00:00,122.624985
2012-10-31 02:00:00,125.70879
2012-10-31 03:00:00,123.96018
2012-10-31 04:00:00,118.78563
2012-10-31 05:00:00,125.70879
2012-10-31 06:00:00,121.88328
2012-10-31 07:00:00,117.892265
2012-10-31 08:00:00,122.27405
2012-10-31 09:00:00,134.43018
2012-10-31 10:00:00,161.50137
2012-10-31 11:00:00,189.00844
2012-10-31 12:00:00,229.18486
2012-10-31 13:00:00,261.29254
2012-10-31 14:00:00,257.77777
2012-10-31 15:00:00,251.2787
2012-10-31 16:00:00,250.67776
2012-10-31 17:00:00,237.84016
2012-10-31 18:00:00,237.84016
2012-10-31 19:00:00,251.1137
2012-10-31 20:00:00,251.1137
2012-10-31 21:00:00,251.1137
2012-10-31 22:00:00,208.28014
2012-10-31 23:00:00,206.30174
2012-11-20 00:00:00,145.70271
2012-11-20 01:00:00,164.08827
2012-11-20 02:00:00,137.5963
2012-11-20 03:00:00,164.84169
2012-11-20 04:00:00,180.02455
2012-11-20 05:00:00,179.45665
2012-11-20 06:00:00,163.35202
2012-11-20 07:00:00,122.20878
2012-11-20 08:00:00,148.66408
2012-11-20 09:00:00,171.0738
2012-11-20 10:00:00,214.21106
2012-11-20 11:00:00,216.60661
2012-11-20 12:00:00,207.20946
2012-11-20 13:00:00,254.15187
2012-11-20 14:00:00,258.86298
2012-11-20 15:00:00,276.017
2012-11-20 16:00:00,237.59624
2012-11-20 17:00:00,195.22545
2012-11-20 18:00:00,214.21106
2012-11-20 19:00:00,183.05766
2012-11-20 20:00:00,154.80798
2012-11-20 21:00:00,142.89334
2012-11-20 22:00:00,142.89334
2012-11-20 23:00:00,116.83953
2012-11-21 00:00:00,106.371086
2012-11-21 01:00:00,116.83953
2012-11-21 02:00:00,106.13781
2012-11-21 03:00:00,106.13781
2012-11-21 04:00:00,106.13781
2012-11-21 05:00:00,106.13781
2012-11-21 06:00:00,103.66682
2012-11-21 07:00:00,102.38712
2012-11-21 08:00:00,118.75714
2012-11-21 09:00:00,122.20878
2012-11-21 10:00:00,180.72256
2012-11-21 11:00:00,257.82504
2012-11-21 12:00:00,308.31625
2012-11-21 13:00:00,329.23886
2012-11-21 14:00:00,347.04877
2012-11-21 15:00:00,334.1449
2012-11-21 16:00:00,335.66925
2012-11-21 17:00:00,291.39114
2012-11-21 18:00:00,307.2791
2012-11-21 19:00:00,272.04962
2012-11-21 20:00:00,182.97151
2012-11-21 21:00:00,231.18251
2012-11-21 22:00:00,223.44193
2012-11-21 23:00:00,164.57005
2012-11-22 00:00:00,94.48681
2012-11-22 01:00:00,77.46584
2012-11-22 02:00:00,42.72625
2012-11-22 03:00:00,44.556095
2012-11-22 04:00:00,37.365368
2012-11-22 05:00:00,44.556095
2012-11-22 06:00:00,58.26305
2012-11-22 07:00:00,42.30467
2012-11-22 08:00:00,46.78948
2012-11-22 09:00:00,87.50869
2012-11-22 10:00:00,154.3936
2012-11-22 11:00:00,276.05
2012-11-22 12:00:00,312.6153
2012-11-22 13:00:00,343.80487
2012-11-22 14:00:00,366.534
2012-11-22 15:00:00,366.534
2012-11-22 16:00:00,335.34503
2012-11-22 17:00:00,312.6153
2012-11-22 18:00:00,251.0234
2012-11-22 19:00:00,85.4448
2012-11-22 20:00:00,89.537544
2012-11-22 21:00:00,123.52917
2012-11-22 22:00:00,111.789444
2012-11-22 23:00:00,73.702126
2012-11-23 00:00:00,125.9886
2012-11-23 01:00:00,110.26112
2012-11-23 02:00:00,114.66416
2012-11-23 03:00:00,105.24366
2012-11-23 04:00:00,115.10808
2012-11-23 05:00:00,90.955925
2012-11-23 06:00:00,90.955925
2012-11-23 07:00:00,90.955925
2012-11-23 08:00:00,101.390045
2012-11-23 09:00:00,120.59826
2012-11-23 10:00:00,186.83499
2012-11-23 11:00:00,257.82504
2012-11-23 12:00:00,313.96777
2012-11-23 13:00:00,321.29013
2012-11-23 14:00:00,353.36298
2012-11-23 15:00:00,324.409
2012-11-23 16:00:00,328.661
2012-11-23 17:00:00,336.20148
2012-11-23 18:00:00,313.81146
2012-11-23 19:00:00,293.06485
2012-11-23 20:00:00,316.3648
2012-11-23 21:00:00,289.91498
2012-11-23 22:00:00,289.43542
2012-11-23 23:00:00,277.0111
2012-11-24 00:00:00,283.51666
2012-11-24 01:00:00,174.2664
2012-11-24 02:00:00,163.83134
2012-11-24 03:00:00,160.0794
2012-11-24 04:00:00,130.74077
2012-11-24 05:00:00,145.43652
2012-11-24 06:00:00,121.74845
2012-11-24 07:00:00,160.60545
2012-11-24 08:00:00,129.89328
2012-11-24 09:00:00,140.89777
2012-11-24 10:00:00,150.71646
2012-11-24 11:00:00,183.03905
2012-11-24 12:00:00,159.44826
2012-11-24 13:00:00,224.15115
2012-11-24 14:00:00,211.18835
2012-11-24 15:00:00,185.24623
2012-11-24 16:00:00,158.81154
2012-11-24 17:00:00,138.91774
2012-11-24 18:00:00,151.75026
2012-11-24 19:00:00,158.29149
2012-11-24 20:00:00,121.74845
2012-11-24 21:00:00,136.31708
2012-11-24 22:00:00,129.64693
2012-11-24 23:00:00,136.31708
2012-11-25 00:00:00,104.38096
2012-11-25 01:00:00,127.789474
2012-11-25 02:00:00,106.63085
2012-11-25 03:00:00,146.25734
2012-11-25 04:00:00,146.25734
2012-11-25 05:00:00,146.92607
2012-11-25 06:00:00,157.06787
2012-11-25 07:00:00,142.61983
2012-11-25 08:00:00,127.81698
2012-11-25 09:00:00,140.08011
2012-11-25 10:00:00,112.612595
2012-11-25 11:00:00,187.22368
2012-11-25 12:00:00,187.22368
2012-11-25 13:00:00,197.9752
2012-11-25 14:00:00,205.2679
2012-11-25 15:00:00,189.81474
2012-11-25 16:00:00,208.82715
2012-11-25 17:00:00,188.48
2012-11-25 18:00:00,158.34142
2012-11-25 19:00:00,184.92009
2012-11-25 20:00:00,94.44247
2012-11-25 21:00:00,152.7638
2012-11-25 22:00:00,94.44247
2012-11-25 23:00:00,59.621174
2012-11-26 00:00:00,97.29864
2012-11-26 01:00:00,93.4442
2012-11-26 02:00:00,93.4442
2012-11-26 03:00:00,93.4442
2012-11-26 04:00:00,97.29864
2012-11-26 05:00:00,123.44242
2012-11-26 06:00:00,97.29864
2012-11-26 07:00:00,110.740295
2012-11-26 08:00:00,110.740295
2012-11-26 09:00:00,169.45726
2012-11-26 10:00:00,212.07841
2012-11-26 11:00:00,288.8397
2012-11-26 12:00:00,317.23468
2012-11-26 13:00:00,317.23468
2012-11-26 14:00:00,313.71445
2012-11-26 15:00:00,317.1701
2012-11-26 16:00:00,344.06958
2012-11-26 17:00:00,324.72986
2012-11-26 18:00:00,234.36034
2012-11-26 19:00:00,210.21968
2012-11-26 20:00:00,223.44193
2012-11-26 21:00:00,223.44193
2012-11-26 22:00:00,164.57005
2012-11-26 23:00:00,172.77278
2012-11-27 00:00:00,171.2453
2012-11-27 01:00:00,159.84903
2012-11-27 02:00:00,157.89853
2012-11-27 03:00:00,142.34853
2012-11-27 04:00:00,109.00094
2012-11-27 05:00:00,125.72924
2012-11-27 06:00:00,127.670166
2012-11-27 07:00:00,114.53823
2012-11-27 08:00:00,115.265755
2012-11-27 09:00:00,130.49709
2012-11-27 10:00:00,114.05543
2012-11-27 11:00:00,95.46908
2012-11-27 12:00:00,83.40564
2012-11-27 13:00:00,98.4864
2012-11-27 14:00:00,86.345894
2012-11-27 15:00:00,129.57639
2012-11-27 16:00:00,129.57639
2012-11-27 17:00:00,122.90296
2012-11-27 18:00:00,118.71565
2012-11-27 19:00:00,129.78337
2012-11-27 20:00:00,125.36882
2012-11-27 21:00:00,114.22087
2012-11-27 22:00:00,114.315895
2012-11-27 23:00:00,114.647385
2012-11-28 00:00:00,123.077736
2012-11-28 01:00:00,126.3177
2012-11-28 02:00:00,126.3177
2012-11-28 03:00:00,134.44081
2012-11-28 04:00:00,136.09828
2012-11-28 05:00:00,134.8191
2012-11-28 06:00:00,144.27141
2012-11-28 07:00:00,169.48415
2012-11-28 08:00:00,143.12253
2012-11-28 09:00:00,183.71465
2012-11-28 10:00:00,205.78358
2012-11-28 11:00:00,229.5868
2012-11-28 12:00:00,215.09695
2012-11-28 13:00:00,246.99066
2012-11-28 14:00:00,241.73936
2012-11-28 15:00:00,264.19736
2012-11-28 16:00:00,281.35498
2012-11-28 17:00:00,278.8823
2012-11-28 18:00:00,241.56062
2012-11-28 19:00:00,255.65373
2012-11-28 20:00:00,258.45425
2012-11-28 21:00:00,236.68468
2012-11-28 22:00:00,206.1679
2012-11-28 23:00:00,187.27727
2012-11-29 00:00:00,147.3386
2012-11-29 01:00:00,119.78587
2012-11-29 02:00:00,106.86108
2012-11-29 04:00:00,107.36169
2012-11-29 05:00:00,93.4442
2012-11-29 06:00:00,97.29864
2012-11-29 07:00:00,101.12429
2012-11-29 08:00:00,113.34878
2012-11-29 09:00:00,126.2222
2012-11-29 10:00:00,138.60854
2012-11-29 11:00:00,265.83813
2012-11-29 12:00:00,266.3915
2012-11-29 13:00:00,306.4161
2012-11-29 14:00:00,247.85281
2012-11-29 15:00:00,234.56126
2012-11-29 16:00:00,256.6487
2012-11-29 17:00:00,254.83752
2012-11-29 18:00:00,218.0145
2012-11-29 19:00:00,194.70908
2012-11-29 20:00:00,199.68988
2012-11-29 21:00:00,139.12605
2012-11-29 22:00:00,121.07816
2012-11-29 23:00:00,142.25967
2012-11-30 00:00:00,131.39409
2012-11-30 01:00:00,117.23494
2012-11-30 02:00:00,94.54402
2012-11-30 03:00:00,94.54402
2012-11-30 04:00:00,91.39473
2012-11-30 05:00:00,86.97663
2012-11-30 06:00:00,85.00327
2012-11-30 07:00:00,89.31361
2012-11-30 08:00:00,109.657326
2012-11-30 09:00:00,111.97425
2012-11-30 10:00:00,162.63164
2012-11-30 11:00:00,221.19087
2012-11-30 12:00:00,265.56064
2012-11-30 13:00:00,274.56647
2012-11-30 14:00:00,284.47797
2012-11-30 15:00:00,301.09222
2012-11-30 16:00:00,280.81818
2012-11-30 17:00:00,234.42303
2012-11-30 18:00:00,198.15898
2012-11-30 19:00:00,144.12479
2012-11-30 20:00:00,144.12479
2012-11-30 21:00:00,120.807045
2012-11-30 22:00:00,108.050385
2012-11-30 23:00:00,133.97447
2012-12-20 00:00:00,177.64409
2012-12-20 01:00:00,144.12479
2012-12-20 02:00:00,144.12479
2012-12-20 03:00:00,147.88165
2012-12-20 04:00:00,147.88165
2012-12-20 05:00:00,149.55138
2012-12-20 06:00:00,162.63164
2012-12-20 07:00:00,146.16588
2012-12-20 08:00:00,146.16588
2012-12-20 09:00:00,146.16588
2012-12-20 10:00:00,165.70862
2012-12-20 11:00:00,200.4713
2012-12-20 12:00:00,223.82729
2012-12-20 13:00:00,213.4812
2012-12-20 14:00:00,221.26237
2012-12-20 15:00:00,204.82661
2012-12-20 16:00:00,178.80553
2012-12-20 17:00:00,180.02455
2012-12-20 18:00:00,164.59525
2012-12-20 19:00:00,132.94025
2012-12-20 20:00:00,127.604774
2012-12-20 21:00:00,127.604774
2012-12-20 22:00:00,106.116005
2012-12-20 23:00:00,120.24537
2012-12-21 00:00:00,99.76408
2012-12-21 01:00:00,93.18455
2012-12-21 02:00:00,94.339554
2012-12-21 03:00:00,94.339554
2012-12-21 04:00:00,92.98672
2012-12-21 05:00:00,83.50176
2012-12-21 06:00:00,95.63737
2012-12-21 07:00:00,102.740746
2012-12-21 08:00:00,100.08366
2012-12-21 09:00:00,95.857796
2012-12-21 10:00:00,129.18669
2012-12-21 11:00:00,95.60143
2012-12-21 12:00:00,94.930595
2012-12-21 13:00:00,96.109215
2012-12-21 14:00:00,96.692604
2012-12-21 15:00:00,88.75623
2012-12-21 16:00:00,88.37832
2012-12-21 17:00:00,78.91693
2012-12-21 18:00:00,80.921326
2012-12-21 19:00:00,109.1998
2012-12-21 20:00:00,112.3628
2012-12-21 21:00:00,108.60952
2012-12-21 22:00:00,101.15513
2012-12-21 23:00:00,102.211
2012-12-22 00:00:00,100.921974
2012-12-22 01:00:00,88.11179
2012-12-22 02:00:00,95.091064
2012-12-22 03:00:00,81.41736
2012-12-22 04:00:00,77.48711
2012-12-22 05:00:00,80.05137
2012-12-22 06:00:00,86.57484
2012-12-22 07:00:00,86.57484
2012-12-22 08:00:00,102.69603
2012-12-22 09:00:00,77.32865
2012-12-22 10:00:00,73.39608
2012-12-22 11:00:00,96.8386
2012-12-22 12:00:00,123.088715
2012-12-22 13:00:00,125.5308
2012-12-22 14:00:00,125.91595
2012-12-22 15:00:00,129.41458
2012-12-22 16:00:00,115.13679
2012-12-22 17:00:00,93.705284
2012-12-22 18:00:00,89.523155
2012-12-22 19:00:00,68.261215
2012-12-22 20:00:00,66.98492
2012-12-22 21:00:00,55.38234
2012-12-22 22:00:00,55.38234
2012-12-22 23:00:00,57.30781
2012-12-23 00:00:00,60.152378
2012-12-23 01:00:00,62.492054
2012-12-23 02:00:00,48.943615
2012-12-23 03:00:00,46.24549
2012-12-23 04:00:00,50.46017
2012-12-23 05:00:00,43.203487
2012-12-23 06:00:00,28.501806
2012-12-23 07:00:00,28.501806
2012-12-23 08:00:00,24.456358
2012-12-23 09:00:00,38.87561
2012-12-23 10:00:00,44.744854
2012-12-23 11:00:00,61.81207
2012-12-23 12:00:00,104.756996
2012-12-23 13:00:00,121.54921
2012-12-23 14:00:00,144.00487
2012-12-23 15:00:00,146.00212
2012-12-23 16:00:00,151.76184
2012-12-23 17:00:00,104.22773
2012-12-23 18:00:00,98.8261
2012-12-23 19:00:00,103.13119
2012-12-23 20:00:00,48.519764
2012-12-23 21:00:00,38.990696
2012-12-23 22:00:00,50.282833
2012-12-23 23:00:00,46.22075
2012-12-24 00:00:00,76.194084
2012-12-24 01:00:00,76.194084
2012-12-24 02:00:00,67.61994
2012-12-24 03:00:00,67.61994
2012-12-24 05:00:00,65.666916
2012-12-24 06:00:00,67.61994
2012-12-24 07:00:00,72.48427
2012-12-24 08:00:00,76.194084
2012-12-24 09:00:00,86.440445
2012-12-24 10:00:00,96.83854
2012-12-24 11:00:00,88.629135
2012-12-24 12:00:00,96.07524
2012-12-24 13:00:00,71.67784
2012-12-24 14:00:00,72.619095
2012-12-24 15:00:00,56.24822
2012-12-24 16:00:00,56.24822
2012-12-24 17:00:00,62.667423
2012-12-24 18:00:00,70.44593
2012-12-24 19:00:00,67.99137
2012-12-24 20:00:00,66.10911
2012-12-24 21:00:00,72.07161
2012-12-24 22:00:00,78.6005
2012-12-24 23:00:00,84.80999
2012-12-25 00:00:00,49.834785
2012-12-25 01:00:00,46.009884
2012-12-25 02:00:00,46.009884
2012-12-25 04:00:00,42.220436
2012-12-25 05:00:00,34.645817
2012-12-25 06:00:00,34.645817
2012-12-25 07:00:00,34.486134
2012-12-25 08:00:00,38.3458
2012-12-25 09:00:00,37.00597
2012-12-25 10:00:00,35.091465
2012-12-25 11:00:00,49.702477
2012-12-25 12:00:00,52.852238
2012-12-25 13:00:00,149.30019
2012-12-25 14:00:00,143.78159
2012-12-25 15:00:00,114.21937
2012-12-25 16:00:00,107.08013
2012-12-25 17:00:00,90.11965
2012-12-25 18:00:00,85.31666
2012-12-25 19:00:00,82.426506
2012-12-25 20:00:00,87.443245
2012-12-25 21:00:00,73.54228
2012-12-25 22:00:00,68.88988
2012-12-25 23:00:00,73.4443
2012-12-26 00:00:00,92.11065
2012-12-26 01:00:00,80.12514
2012-12-26 02:00:00,80.12514
2012-12-26 03:00:00,66.714775
2012-12-26 04:00:00,69.57525
2012-12-26 05:00:00,71.737816
2012-12-26 06:00:00,79.28822
2012-12-26 07:00:00,36.889618
2012-12-26 08:00:00,36.889618
2012-12-26 09:00:00,36.889618
2012-12-26 10:00:00,40.19204
2012-12-26 11:00:00,28.13606
2012-12-26 12:00:00,39.93353
2012-12-26 13:00:00,39.93353
2012-12-26 14:00:00,49.929302
2012-12-26 15:00:00,43.191006
2012-12-26 16:00:00,43.191006
2012-12-26 17:00:00,42.184147
2012-12-26 18:00:00,54.519024
2012-12-26 19:00:00,72.53667
2012-12-26 20:00:00,69.55294
2012-12-26 21:00:00,74.77567
2012-12-26 22:00:00,33.617638
2012-12-26 23:00:00,51.24706
2012-12-27 00:00:00,51.24706
2012-12-27 01:00:00,33.617638
2012-12-27 02:00:00,56.275436
2012-12-27 03:00:00,68.96681
2012-12-27 04:00:00,61.754807
2012-12-27 05:00:00,79.58886
2012-12-27 06:00:00,84.4763
2012-12-27 07:00:00,78.841034
2012-12-27 08:00:00,86.77012
2012-12-27 09:00:00,103.03715
2012-12-27 10:00:00,113.731575
2012-12-27 11:00:00,79.70413
2012-12-27 12:00:00,120.67043
2012-12-27 13:00:00,120.67043
2012-12-27 14:00:00,73.06437
2012-12-27 15:00:00,73.65483
2012-12-27 16:00:00,81.357124
2012-12-27 17:00:00,81.357124
2012-12-27 18:00:00,82.519844
2012-12-27 19:00:00,84.3189
2012-12-27 20:00:00,90.002464
2012-12-27 21:00:00,82.519844
2012-12-27 22:00:00,78.90953
2012-12-27 23:00:00,82.519844
2012-12-28 00:00:00,84.53963
2012-12-28 01:00:00,88.01396
2012-12-28 02:00:00,85.52742
2012-12-28 03:00:00,84.53963
2012-12-28 04:00:00,85.81362
2012-12-28 05:00:00,85.888916
2012-12-28 06:00:00,77.878845
2012-12-28 07:00:00,82.33875
2012-12-28 08:00:00,84.99067
2012-12-28 09:00:00,78.90953
2012-12-28 10:00:00,85.088036
2012-12-28 11:00:00,87.78127
2012-12-28 12:00:00,92.038185
2012-12-28 13:00:00,92.038185
2012-12-28 14:00:00,92.038185
2012-12-28 15:00:00,99.19215
2012-12-28 16:00:00,112.91923
2012-12-28 17:00:00,89.19099
2012-12-28 18:00:00,89.19099
2012-12-28 19:00:00,83.55092
2012-12-28 20:00:00,86.440445
2012-12-28 21:00:00,84.24355
2012-12-28 22:00:00,86.28721
2012-12-28 23:00:00,86.88134
2012-12-29 00:00:00,54.367573
2012-12-29 01:00:00,50.846302
2012-12-29 02:00:00,54.367573
2012-12-29 03:00:00,51.367367
2012-12-29 04:00:00,50.846302
2012-12-29 05:00:00,50.846302
2012-12-29 06:00:00,58.281437
2012-12-29 07:00:00,58.012253
2012-12-29 08:00:00,52.01351
2012-12-29 09:00:00,52.01351
2012-12-29 10:00:00,48.409077
2012-12-29 11:00:00,44.19056
2012-12-29 12:00:00,47.089207
2012-12-29 13:00:00,47.089207
2012-12-29 14:00:00,43.71668
2012-12-29 15:00:00,43.71726
2012-12-29 16:00:00,47.170906
2012-12-29 17:00:00,38.687115
2012-12-29 18:00:00,55.318993
2012-12-29 19:00:00,68.69396
2012-12-29 20:00:00,66.44333
2012-12-29 21:00:00,59.461506
2012-12-29 22:00:00,52.40466
2012-12-29 23:00:00,64.991554
2012-12-30 00:00:00,63.506237
2012-12-30 01:00:00,51.077633
2012-12-30 02:00:00,57.44302
2012-12-30 03:00:00,51.077633
2012-12-30 04:00:00,63.03243
2012-12-30 05:00:00,58.725796
2012-12-30 06:00:00,46.5015
2012-12-30 07:00:00,58.37914
2012-12-30 08:00:00,70.75139
2012-12-30 09:00:00,65.27393
2012-12-30 10:00:00,103.569695
2012-12-30 11:00:00,92.30787
2012-12-30 12:00:00,112.64218
2012-12-30 13:00:00,123.088715
2012-12-30 14:00:00,118.45974
2012-12-30 15:00:00,101.02914
2012-12-30 16:00:00,105.61021
2012-12-30 17:00:00,85.29059
2012-12-30 18:00:00,53.82686
2012-12-30 19:00:00,85.782005
2012-12-30 20:00:00,61.303364
2012-12-30 21:00:00,48.943615
2012-12-30 22:00:00,43.49291
2012-12-30 23:00:00,46.925915
2012-12-31 00:00:00,76.60919
2012-12-31 01:00:00,76.60919
2012-12-31 02:00:00,72.19093
2012-12-31 03:00:00,71.79728
2012-12-31 04:00:00,62.88897
2012-12-31 05:00:00,67.06456
2012-12-31 06:00:00,69.05838
2012-12-31 07:00:00,69.723335
2012-12-31 08:00:00,63.602398
2012-12-31 09:00:00,74.93818
2012-12-31 10:00:00,77.551994
2012-12-31 11:00:00,80.30049
2012-12-31 12:00:00,81.28595
2012-12-31 13:00:00,75.69398
2012-12-31 14:00:00,83.07108
2012-12-31 15:00:00,82.985794
2012-12-31 16:00:00,78.981224
2012-12-31 17:00:00,83.24053
2012-12-31 18:00:00,80.37487
2012-12-31 19:00:00,88.629135
2012-12-31 20:00:00,88.629135
2012-12-31 21:00:00,95.17752
2012-12-31 22:00:00,98.20612
2012-12-31 23:00:00,91.33323
