datetime,count
2011-01-20 00:00:00,93.05822
2011-01-20 01:00:00,81.8101
2011-01-20 02:00:00,81.8101
2011-01-20 03:00:00,93.214516
2011-01-20 04:00:00,93.214516
2011-01-20 05:00:00,85.121895
2011-01-20 06:00:00,84.50628
2011-01-20 07:00:00,82.63202
2011-01-20 08:00:00,78.09804
2011-01-20 09:00:00,84.79494
2011-01-20 10:00:00,79.38145
2011-01-20 11:00:00,94.421394
2011-01-20 12:00:00,68.33664
2011-01-20 13:00:00,83.84333
2011-01-20 14:00:00,97.954636
2011-01-20 15:00:00,105.98448
2011-01-20 16:00:00,100.78563
2011-01-20 17:00:00,97.52259
2011-01-20 18:00:00,90.58947
2011-01-20 19:00:00,86.909325
2011-01-20 20:00:00,100.61539
2011-01-20 21:00:00,90.50544
2011-01-20 22:00:00,94.154625
2011-01-20 23:00:00,99.70083
2011-01-21 00:00:00,86.721535
2011-01-21 01:00:00,86.721535
2011-01-21 02:00:00,63.8225
2011-01-21 03:00:00,44.07737
2011-01-21 04:00:00,57.814102
2011-01-21 05:00:00,96.197525
2011-01-21 06:00:00,80.120766
2011-01-21 07:00:00,75.20704
2011-01-21 08:00:00,71.81126
2011-01-21 09:00:00,76.13403
2011-01-21 10:00:00,80.472046
2011-01-21 11:00:00,78.73911
2011-01-21 12:00:00,120.638374
2011-01-21 13:00:00,128.97746
2011-01-21 14:00:00,111.25826
2011-01-21 15:00:00,92.145905
2011-01-21 16:00:00,82.60238
2011-01-21 17:00:00,77.67245
2011-01-21 18:00:00,67.39767
2011-01-21 19:00:00,71.53238
2011-01-21 20:00:00,73.948395
2011-01-21 21:00:00,64.36719
2011-01-21 22:00:00,69.86854
2011-01-21 23:00:00,67.185905
2011-01-22 00:00:00,32.623283
2011-01-22 01:00:00,59.224617
2011-01-22 02:00:00,44.376923
2011-01-22 03:00:00,48.936478
2011-01-22 04:00:00,51.6551
2011-01-22 06:00:00,40.379356
2011-01-22 07:00:00,34.85537
2011-01-22 08:00:00,39.388702
2011-01-22 09:00:00,32.826138
2011-01-22 10:00:00,31.160126
2011-01-22 11:00:00,28.52619
2011-01-22 12:00:00,28.825682
2011-01-22 13:00:00,25.241192
2011-01-22 14:00:00,30.887548
2011-01-22 15:00:00,28.475601
2011-01-22 16:00:00,38.37218
2011-01-22 17:00:00,31.612366
2011-01-22 18:00:00,33.219616
2011-01-22 19:00:00,30.000517
2011-01-22 20:00:00,28.207697
2011-01-22 21:00:00,25.720955
2011-01-22 22:00:00,21.364376
2011-01-22 23:00:00,24.663137
2011-01-23 00:00:00,24.663137
2011-01-23 01:00:00,24.663137
2011-01-23 02:00:00,26.775772
2011-01-23 03:00:00,26.775772
2011-01-23 05:00:00,34.80305
2011-01-23 06:00:00,34.80305
2011-01-23 07:00:00,30.19223
2011-01-23 08:00:00,29.461136
2011-01-23 09:00:00,50.16823
2011-01-23 10:00:00,53.41928
2011-01-23 11:00:00,37.636703
2011-01-23 12:00:00,65.30313
2011-01-23 13:00:00,54.75204
2011-01-23 14:00:00,55.0574
2011-01-23 15:00:00,55.0574
2011-01-23 16:00:00,51.085087
2011-01-23 17:00:00,54.33611
2011-01-23 18:00:00,41.265335
2011-01-23 19:00:00,44.26179
2011-01-23 20:00:00,39.177563
2011-01-23 21:00:00,34.332546
2011-01-23 22:00:00,32.642426
2011-01-23 23:00:00,31.960995
2011-01-24 00:00:00,61.455402
2011-01-24 01:00:00,64.923645
2011-01-24 03:00:00,64.864914
2011-01-24 04:00:00,66.88222
2011-01-24 05:00:00,66.88222
2011-01-24 06:00:00,66.62074
2011-01-24 07:00:00,61.77799
2011-01-24 08:00:00,65.76788
2011-01-24 09:00:00,59.620556
2011-01-24 10:00:00,63.60929
2011-01-24 11:00:00,68.56625
2011-01-24 12:00:00,72.9689
2011-01-24 13:00:00,77.24178
2011-01-24 14:00:00,78.72087
2011-01-24 15:00:00,66.04241
2011-01-24 16:00:00,71.052124
2011-01-24 17:00:00,73.49405
2011-01-24 18:00:00,85.526665
2011-01-24 19:00:00,81.10001
2011-01-24 20:00:00,85.526665
2011-01-24 21:00:00,85.5321
2011-01-24 22:00:00,78.90839
2011-01-24 23:00:00,80.11934
2011-01-25 00:00:00,78.140205
2011-01-25 01:00:00,74.4461
2011-01-25 02:00:00,84.570366
2011-01-25 04:00:00,81.187675
2011-01-25 05:00:00,82.23547
2011-01-25 06:00:00,80.684784
2011-01-25 07:00:00,82.37401
2011-01-25 08:00:00,70.13967
2011-01-25 09:00:00,75.10612
2011-01-25 10:00:00,79.57913
2011-01-25 11:00:00,87.39833
2011-01-25 12:00:00,86.20815
2011-01-25 13:00:00,89.2808
2011-01-25 14:00:00,72.66842
2011-01-25 15:00:00,75.51046
2011-01-25 16:00:00,75.51046
2011-01-25 17:00:00,91.50008
2011-01-25 18:00:00,94.76605
2011-01-25 19:00:00,96.415695
2011-01-25 20:00:00,86.662125
2011-01-25 21:00:00,86.662125
2011-01-25 22:00:00,85.4217
2011-01-25 23:00:00,85.27275
2011-01-26 00:00:00,85.138504
2011-01-26 01:00:00,88.91115
2011-01-26 02:00:00,63.64651
2011-01-26 05:00:00,41.294197
2011-01-26 06:00:00,41.294197
2011-01-26 07:00:00,40.337097
2011-01-26 08:00:00,40.337097
2011-01-26 09:00:00,40.337097
2011-01-26 10:00:00,40.400032
2011-01-26 11:00:00,39.419865
2011-01-26 12:00:00,39.419865
2011-01-26 13:00:00,39.419865
2011-01-26 14:00:00,39.383587
2011-01-26 15:00:00,40.629948
2011-01-26 16:00:00,52.64932
2011-01-26 17:00:00,39.77119
2011-01-27 16:00:00,84.187256
2011-01-27 17:00:00,87.057076
2011-01-27 18:00:00,80.25827
2011-01-27 19:00:00,80.25827
2011-01-27 20:00:00,79.302826
2011-01-27 21:00:00,79.302826
2011-01-27 22:00:00,79.302826
2011-01-27 23:00:00,76.20724
2011-01-28 00:00:00,75.07845
2011-01-28 01:00:00,75.07845
2011-01-28 02:00:00,74.12224
2011-01-28 03:00:00,74.70365
2011-01-28 05:00:00,68.70571
2011-01-28 06:00:00,66.72016
2011-01-28 07:00:00,60.51559
2011-01-28 08:00:00,60.51559
2011-01-28 09:00:00,41.694435
2011-01-28 10:00:00,41.079556
2011-01-28 11:00:00,41.76831
2011-01-28 12:00:00,41.76831
2011-01-28 13:00:00,41.76831
2011-01-28 14:00:00,62.924
2011-01-28 15:00:00,65.48676
2011-01-28 16:00:00,85.07068
2011-01-28 17:00:00,81.06615
2011-01-28 18:00:00,81.48354
2011-01-28 19:00:00,81.75467
2011-01-28 20:00:00,89.76039
2011-01-28 21:00:00,78.73519
2011-01-28 22:00:00,87.58543
2011-01-28 23:00:00,85.121895
2011-01-29 00:00:00,49.59735
2011-01-29 01:00:00,43.4102
2011-01-29 02:00:00,42.183964
2011-01-29 03:00:00,38.492996
2011-01-29 04:00:00,34.5406
2011-01-29 06:00:00,35.625122
2011-01-29 07:00:00,31.809837
2011-01-29 08:00:00,37.12531
2011-01-29 09:00:00,35.71695
2011-01-29 10:00:00,43.438705
2011-01-29 11:00:00,44.824207
2011-01-29 12:00:00,55.768353
2011-01-29 13:00:00,57.18496
2011-01-29 14:00:00,50.73014
2011-01-29 15:00:00,45.54947
2011-01-29 16:00:00,45.684967
2011-01-29 17:00:00,42.473736
2011-01-29 18:00:00,39.77315
2011-01-29 19:00:00,78.22171
2011-01-29 20:00:00,36.15687
2011-01-29 21:00:00,36.15687
2011-01-29 22:00:00,35.023727
2011-01-29 23:00:00,35.023727
2011-01-30 00:00:00,35.509872
2011-01-30 01:00:00,28.957092
2011-01-30 02:00:00,30.626911
2011-01-30 03:00:00,33.64866
2011-01-30 04:00:00,33.64866
2011-01-30 05:00:00,29.41901
2011-01-30 07:00:00,29.41901
2011-01-30 08:00:00,17.878912
2011-01-30 09:00:00,21.43911
2011-01-30 10:00:00,26.174946
2011-01-30 11:00:00,36.544834
2011-01-30 12:00:00,58.998684
2011-01-30 13:00:00,49.699
2011-01-30 14:00:00,50.523098
2011-01-30 15:00:00,53.6064
2011-01-30 16:00:00,53.6064
2011-01-30 17:00:00,56.332287
2011-01-30 18:00:00,47.098774
2011-01-30 19:00:00,47.51232
2011-01-30 20:00:00,55.854736
2011-01-30 21:00:00,52.480156
2011-01-30 22:00:00,57.915497
2011-01-30 23:00:00,82.293594
2011-01-31 00:00:00,93.06287
2011-01-31 01:00:00,82.937096
2011-01-31 02:00:00,85.179825
2011-01-31 03:00:00,85.179825
2011-01-31 04:00:00,83.42341
2011-01-31 05:00:00,81.13199
2011-01-31 06:00:00,80.503716
2011-01-31 07:00:00,81.46963
2011-01-31 08:00:00,82.733315
2011-01-31 09:00:00,84.464035
2011-01-31 10:00:00,79.73358
2011-01-31 11:00:00,79.73358
2011-01-31 12:00:00,71.77215
2011-01-31 13:00:00,56.191265
2011-01-31 14:00:00,76.84487
2011-01-31 15:00:00,74.12012
2011-01-31 16:00:00,77.5959
2011-01-31 17:00:00,79.73358
2011-01-31 18:00:00,80.245255
2011-01-31 19:00:00,96.758026
2011-01-31 20:00:00,72.27948
2011-01-31 21:00:00,62.195408
2011-01-31 22:00:00,70.203125
2011-01-31 23:00:00,69.20541
2011-02-20 00:00:00,86.88715
2011-02-20 01:00:00,81.26877
2011-02-20 02:00:00,85.168846
2011-02-20 03:00:00,89.82625
2011-02-20 04:00:00,89.82625
2011-02-20 06:00:00,49.46307
2011-02-20 07:00:00,42.341797
2011-02-20 08:00:00,38.50014
2011-02-20 09:00:00,52.652042
2011-02-20 10:00:00,52.10465
2011-02-20 11:00:00,52.02838
2011-02-20 12:00:00,64.55219
2011-02-20 13:00:00,67.52315
2011-02-20 14:00:00,117.18219
2011-02-20 15:00:00,113.04985
2011-02-20 16:00:00,110.289215
2011-02-20 17:00:00,103.98159
2011-02-20 18:00:00,59.609344
2011-02-20 19:00:00,59.609344
2011-02-20 20:00:00,88.82074
2011-02-20 21:00:00,95.981735
2011-02-20 22:00:00,82.82039
2011-02-20 23:00:00,77.39581
2011-02-21 00:00:00,108.837036
2011-02-21 01:00:00,108.837036
2011-02-21 02:00:00,108.837036
2011-02-21 03:00:00,100.89559
2011-02-21 04:00:00,83.518875
2011-02-21 05:00:00,16.180168
2011-02-21 06:00:00,72.99415
2011-02-21 07:00:00,69.85496
2011-02-21 08:00:00,120.2107
2011-02-21 09:00:00,116.82459
2011-02-21 10:00:00,106.58811
2011-02-21 11:00:00,61.965473
2011-02-21 12:00:00,89.20131
2011-02-21 13:00:00,73.69097
2011-02-21 14:00:00,107.514694
2011-02-21 15:00:00,179.0462
2011-02-21 16:00:00,90.78429
2011-02-21 17:00:00,158.28854
2011-02-21 18:00:00,131.22343
2011-02-21 19:00:00,131.22343
2011-02-21 20:00:00,83.34967
2011-02-21 21:00:00,100.32485
2011-02-21 22:00:00,94.77849
2011-02-21 23:00:00,94.77849
2011-02-22 06:00:00,62.576008
2011-02-22 07:00:00,62.576008
2011-02-22 08:00:00,61.42584
2011-02-22 09:00:00,70.129135
2011-02-22 10:00:00,79.39791
2011-02-22 11:00:00,75.130325
2011-02-22 12:00:00,85.47977
2011-02-22 13:00:00,86.6668
2011-02-22 14:00:00,84.187256
2011-02-22 15:00:00,80.606964
2011-02-22 16:00:00,83.876564
2011-02-22 17:00:00,79.77251
2011-02-22 18:00:00,79.13061
2011-02-22 19:00:00,71.70634
2011-02-22 20:00:00,74.73652
2011-02-22 21:00:00,72.65496
2011-02-22 22:00:00,67.58903
2011-02-22 23:00:00,67.58903
2011-02-23 00:00:00,75.47655
2011-02-23 01:00:00,71.13505
2011-02-23 02:00:00,74.320656
2011-02-23 03:00:00,74.7751
2011-02-23 05:00:00,73.80439
2011-02-23 06:00:00,73.80439
2011-02-23 07:00:00,78.68499
2011-02-23 08:00:00,81.10001
2011-02-23 09:00:00,78.63591
2011-02-23 10:00:00,69.21553
2011-02-23 11:00:00,76.08014
2011-02-23 12:00:00,96.70714
2011-02-23 13:00:00,129.78326
2011-02-23 14:00:00,138.54979
2011-02-23 15:00:00,143.73822
2011-02-23 16:00:00,135.09506
2011-02-23 17:00:00,143.73822
2011-02-23 18:00:00,136.49
2011-02-23 19:00:00,111.76745
2011-02-23 20:00:00,88.14126
2011-02-23 21:00:00,78.732025
2011-02-23 22:00:00,78.732025
2011-02-23 23:00:00,85.77507
2011-02-24 00:00:00,85.77507
2011-02-24 01:00:00,83.93311
2011-02-24 02:00:00,83.08106
2011-02-24 03:00:00,84.93584
2011-02-24 05:00:00,82.14186
2011-02-24 06:00:00,84.8442
2011-02-24 07:00:00,83.88157
2011-02-24 08:00:00,85.243385
2011-02-24 09:00:00,82.48957
2011-02-24 10:00:00,91.98947
2011-02-24 11:00:00,135.04776
2011-02-24 12:00:00,133.57967
2011-02-24 13:00:00,130.40964
2011-02-24 14:00:00,133.97699
2011-02-24 15:00:00,108.69691
2011-02-24 16:00:00,76.49513
2011-02-24 17:00:00,91.82568
2011-02-24 18:00:00,65.81569
2011-02-24 19:00:00,35.668877
2011-02-24 20:00:00,51.16789
2011-02-24 21:00:00,65.81569
2011-02-24 22:00:00,37.186172
2011-02-24 23:00:00,52.94126
2011-02-25 00:00:00,80.47997
2011-02-25 01:00:00,94.242035
2011-02-25 02:00:00,94.242035
2011-02-25 03:00:00,84.94259
2011-02-25 05:00:00,84.94259
2011-02-25 06:00:00,60.714848
2011-02-25 07:00:00,51.548626
2011-02-25 08:00:00,64.907364
2011-02-25 09:00:00,35.866695
2011-02-25 10:00:00,29.065954
2011-02-25 11:00:00,151.01752
2011-02-25 12:00:00,110.35383
2011-02-25 13:00:00,110.35383
2011-02-25 14:00:00,133.91074
2011-02-25 15:00:00,237.106
2011-02-25 16:00:00,117.54735
2011-02-25 17:00:00,186.40617
2011-02-25 18:00:00,122.062485
2011-02-25 19:00:00,113.09561
2011-02-25 20:00:00,139.1148
2011-02-25 21:00:00,95.81356
2011-02-25 22:00:00,95.01135
2011-02-25 23:00:00,82.43596
2011-02-26 00:00:00,46.780922
2011-02-26 01:00:00,52.549015
2011-02-26 02:00:00,51.39227
2011-02-26 03:00:00,41.635178
2011-02-26 04:00:00,49.303474
2011-02-26 05:00:00,47.45697
2011-02-26 06:00:00,39.03511
2011-02-26 07:00:00,42.176632
2011-02-26 08:00:00,49.394104
2011-02-26 09:00:00,62.06313
2011-02-26 10:00:00,64.94358
2011-02-26 11:00:00,54.900425
2011-02-26 12:00:00,66.27258
2011-02-26 13:00:00,61.869713
2011-02-26 14:00:00,56.26349
2011-02-26 15:00:00,62.71216
2011-02-26 16:00:00,116.2138
2011-02-26 17:00:00,124.399536
2011-02-26 18:00:00,101.76116
2011-02-26 19:00:00,82.01945
2011-02-26 20:00:00,57.19447
2011-02-26 21:00:00,51.11964
2011-02-26 22:00:00,46.00095
2011-02-26 23:00:00,44.093773
2011-02-27 00:00:00,35.03316
2011-02-27 01:00:00,38.037945
2011-02-27 02:00:00,41.572826
2011-02-27 03:00:00,41.933872
2011-02-27 04:00:00,39.86526
2011-02-27 06:00:00,40.12945
2011-02-27 07:00:00,39.86526
2011-02-27 08:00:00,41.711002
2011-02-27 09:00:00,43.786118
2011-02-27 10:00:00,45.80276
2011-02-27 11:00:00,79.05615
2011-02-27 12:00:00,135.3351
2011-02-27 13:00:00,122.49761
2011-02-27 14:00:00,188.55116
2011-02-27 15:00:00,220.47824
2011-02-27 16:00:00,245.36322
2011-02-27 17:00:00,173.37714
2011-02-27 18:00:00,156.53772
2011-02-27 19:00:00,145.5561
2011-02-27 20:00:00,135.3351
2011-02-27 21:00:00,108.805016
2011-02-27 22:00:00,120.45751
2011-02-27 23:00:00,98.096664
2011-02-28 00:00:00,130.1851
2011-02-28 01:00:00,37.62533
2011-02-28 03:00:00,41.87076
2011-02-28 05:00:00,121.0937
2011-02-28 06:00:00,92.88766
2011-02-28 07:00:00,109.3605
2011-02-28 08:00:00,52.346336
2011-02-28 09:00:00,81.02541
2011-02-28 10:00:00,114.47497
2011-02-28 11:00:00,162.02023
2011-02-28 12:00:00,162.02023
2011-02-28 13:00:00,73.27852
2011-02-28 14:00:00,38.485935
2011-02-28 15:00:00,38.485935
2011-02-28 16:00:00,108.685524
2011-02-28 17:00:00,30.737564
2011-02-28 18:00:00,90.64262
2011-02-28 19:00:00,30.716045
2011-02-28 20:00:00,30.716045
2011-02-28 21:00:00,66.55228
2011-02-28 22:00:00,36.30219
2011-02-28 23:00:00,80.0371
2011-03-20 00:00:00,98.230446
2011-03-20 01:00:00,72.685326
2011-03-20 02:00:00,69.85068
2011-03-20 03:00:00,56.135582
2011-03-20 04:00:00,51.460773
2011-03-20 05:00:00,47.902218
2011-03-20 06:00:00,49.398926
2011-03-20 07:00:00,45.96529
2011-03-20 08:00:00,51.737415
2011-03-20 09:00:00,58.04454
2011-03-20 10:00:00,87.099655
2011-03-20 11:00:00,89.935875
2011-03-20 12:00:00,108.26858
2011-03-20 13:00:00,101.18899
2011-03-20 14:00:00,125.891
2011-03-20 15:00:00,155.65855
2011-03-20 16:00:00,138.94356
2011-03-20 17:00:00,166.18861
2011-03-20 18:00:00,137.11023
2011-03-20 19:00:00,121.510216
2011-03-20 20:00:00,116.2138
2011-03-20 21:00:00,84.14674
2011-03-20 22:00:00,77.472015
2011-03-20 23:00:00,66.528175
2011-03-21 00:00:00,58.571556
2011-03-21 01:00:00,97.74726
2011-03-21 02:00:00,93.37985
2011-03-21 03:00:00,93.37985
2011-03-21 05:00:00,66.325714
2011-03-21 06:00:00,39.394665
2011-03-21 07:00:00,39.756943
2011-03-21 08:00:00,34.29262
2011-03-21 09:00:00,62.030594
2011-03-21 10:00:00,74.42309
2011-03-21 11:00:00,103.237946
2011-03-21 12:00:00,87.36048
2011-03-21 13:00:00,144.53914
2011-03-21 14:00:00,151.3163
2011-03-21 15:00:00,164.26949
2011-03-21 16:00:00,140.22427
2011-03-21 17:00:00,145.02765
2011-03-21 18:00:00,135.85251
2011-03-21 19:00:00,238.62923
2011-03-21 20:00:00,213.42938
2011-03-21 21:00:00,46.04494
2011-03-21 22:00:00,63.66842
2011-03-21 23:00:00,87.38106
2011-03-22 00:00:00,63.762653
2011-03-22 01:00:00,48.213543
2011-03-22 02:00:00,66.852974
2011-03-22 03:00:00,83.508224
2011-03-22 04:00:00,69.44962
2011-03-22 05:00:00,62.283604
2011-03-22 06:00:00,61.768124
2011-03-22 07:00:00,88.224945
2011-03-22 08:00:00,146.19724
2011-03-22 09:00:00,123.81065
2011-03-22 10:00:00,159.52104
2011-03-22 11:00:00,175.03471
2011-03-22 12:00:00,181.41139
2011-03-22 13:00:00,191.26817
2011-03-22 14:00:00,216.20157
2011-03-22 15:00:00,205.40466
2011-03-22 16:00:00,192.40071
2011-03-22 17:00:00,192.40071
2011-03-22 18:00:00,166.52376
2011-03-22 19:00:00,157.31354
2011-03-22 20:00:00,157.01352
2011-03-22 21:00:00,154.4824
2011-03-22 22:00:00,145.79231
2011-03-22 23:00:00,145.79231
2011-03-23 00:00:00,47.32825
2011-03-23 01:00:00,42.82658
2011-03-23 02:00:00,42.82658
2011-03-23 03:00:00,68.6636
2011-03-23 05:00:00,37.21374
2011-03-23 06:00:00,40.079365
2011-03-23 07:00:00,33.29821
2011-03-23 08:00:00,38.388462
2011-03-23 09:00:00,49.51444
2011-03-23 10:00:00,59.977394
2011-03-23 11:00:00,39.484543
2011-03-23 12:00:00,40.63486
2011-03-23 13:00:00,44.88654
2011-03-23 14:00:00,53.94289
2011-03-23 15:00:00,51.757412
2011-03-23 16:00:00,76.41709
2011-03-23 17:00:00,76.41709
2011-03-23 18:00:00,39.77551
2011-03-23 19:00:00,39.77551
2011-03-23 20:00:00,39.343517
2011-03-23 21:00:00,34.61434
2011-03-23 22:00:00,33.630413
2011-03-23 23:00:00,49.6414
2011-03-24 00:00:00,33.29821
2011-03-24 01:00:00,28.001877
2011-03-24 02:00:00,27.008457
2011-03-24 03:00:00,30.04963
2011-03-24 04:00:00,30.04963
2011-03-24 05:00:00,31.71245
2011-03-24 06:00:00,31.71245
2011-03-24 07:00:00,39.206745
2011-03-24 08:00:00,38.610447
2011-03-24 09:00:00,29.972712
2011-03-24 10:00:00,29.235355
2011-03-24 11:00:00,48.51502
2011-03-24 12:00:00,89.548325
2011-03-24 13:00:00,74.41023
2011-03-24 14:00:00,65.857956
2011-03-24 15:00:00,73.80212
2011-03-24 16:00:00,82.15867
2011-03-24 17:00:00,69.93719
2011-03-24 18:00:00,109.38665
2011-03-24 19:00:00,133.30722
2011-03-24 20:00:00,101.587524
2011-03-24 21:00:00,82.80085
2011-03-24 22:00:00,72.57979
2011-03-24 23:00:00,73.20845
2011-03-25 00:00:00,67.35841
2011-03-25 01:00:00,70.08875
2011-03-25 02:00:00,72.45958
2011-03-25 03:00:00,66.95927
2011-03-25 04:00:00,67.291794
2011-03-25 05:00:00,68.859085
2011-03-25 06:00:00,69.54881
2011-03-25 07:00:00,101.63743
2011-03-25 08:00:00,92.02842
2011-03-25 09:00:00,106.937225
2011-03-25 10:00:00,47.94266
2011-03-25 11:00:00,140.43709
2011-03-25 12:00:00,148.05775
2011-03-25 13:00:00,129.97563
2011-03-25 14:00:00,198.02466
2011-03-25 15:00:00,111.037834
2011-03-25 16:00:00,124.93353
2011-03-25 17:00:00,128.13213
2011-03-25 18:00:00,144.43239
2011-03-25 19:00:00,118.32983
2011-03-25 20:00:00,50.074554
2011-03-25 21:00:00,59.92567
2011-03-25 22:00:00,126.12153
2011-03-25 23:00:00,116.51767
2011-03-26 00:00:00,64.87325
2011-03-26 01:00:00,53.280857
2011-03-26 02:00:00,32.156277
2011-03-26 03:00:00,29.054155
2011-03-26 04:00:00,32.156307
2011-03-26 05:00:00,28.585808
2011-03-26 06:00:00,28.382687
2011-03-26 07:00:00,28.58583
2011-03-26 08:00:00,25.903988
2011-03-26 09:00:00,26.78556
2011-03-26 10:00:00,28.925661
2011-03-26 11:00:00,32.082737
2011-03-26 12:00:00,40.8288
2011-03-26 13:00:00,50.903557
2011-03-26 14:00:00,63.962257
2011-03-26 15:00:00,60.25595
2011-03-26 16:00:00,80.29898
2011-03-26 17:00:00,70.01526
2011-03-26 18:00:00,69.237816
2011-03-26 19:00:00,69.05868
2011-03-26 20:00:00,69.05868
2011-03-26 21:00:00,59.710842
2011-03-26 22:00:00,64.67232
2011-03-26 23:00:00,68.33992
2011-03-27 00:00:00,56.77628
2011-03-27 01:00:00,60.884644
2011-03-27 02:00:00,35.522198
2011-03-27 03:00:00,49.38114
2011-03-27 04:00:00,46.9037
2011-03-27 06:00:00,44.654285
2011-03-27 07:00:00,45.097958
2011-03-27 08:00:00,33.656796
2011-03-27 09:00:00,24.483831
2011-03-27 10:00:00,65.622055
2011-03-27 11:00:00,59.028976
2011-03-27 12:00:00,63.88149
2011-03-27 13:00:00,44.484062
2011-03-27 14:00:00,43.453003
2011-03-27 15:00:00,75.15266
2011-03-27 16:00:00,35.800312
2011-03-27 17:00:00,62.52154
2011-03-27 18:00:00,42.591286
2011-03-27 19:00:00,48.535137
2011-03-27 20:00:00,33.070965
2011-03-27 21:00:00,28.925661
2011-03-27 22:00:00,28.925661
2011-03-27 23:00:00,30.981325
2011-03-28 00:00:00,59.001064
2011-03-28 01:00:00,59.767395
2011-03-28 02:00:00,55.73303
2011-03-28 03:00:00,55.73303
2011-03-28 05:00:00,55.857906
2011-03-28 06:00:00,100.66473
2011-03-28 07:00:00,131.51883
2011-03-28 08:00:00,85.36192
2011-03-28 09:00:00,72.6114
2011-03-28 10:00:00,98.90065
2011-03-28 11:00:00,109.14825
2011-03-28 12:00:00,45.042507
2011-03-28 13:00:00,93.417336
2011-03-28 14:00:00,155.32332
2011-03-28 15:00:00,176.25417
2011-03-28 16:00:00,160.23328
2011-03-28 17:00:00,184.7391
2011-03-28 18:00:00,176.8101
2011-03-28 19:00:00,124.461136
2011-03-28 20:00:00,134.30081
2011-03-28 21:00:00,143.16461
2011-03-28 22:00:00,150.10437
2011-03-28 23:00:00,166.63504
2011-03-29 00:00:00,163.44261
2011-03-29 01:00:00,136.10695
2011-03-29 02:00:00,136.10695
2011-03-29 03:00:00,136.10695
2011-03-29 04:00:00,53.63369
2011-03-29 05:00:00,103.2257
2011-03-29 06:00:00,123.29461
2011-03-29 07:00:00,144.52786
2011-03-29 08:00:00,160.37523
2011-03-29 09:00:00,197.33122
2011-03-29 10:00:00,175.22801
2011-03-29 11:00:00,117.43857
2011-03-29 12:00:00,143.4213
2011-03-29 13:00:00,184.18057
2011-03-29 14:00:00,177.27054
2011-03-29 15:00:00,186.86089
2011-03-29 16:00:00,188.78297
2011-03-29 17:00:00,218.9605
2011-03-29 18:00:00,163.00226
2011-03-29 19:00:00,152.28214
2011-03-29 20:00:00,163.00226
2011-03-29 21:00:00,56.749935
2011-03-29 22:00:00,54.085262
2011-03-29 23:00:00,69.90074
2011-03-30 00:00:00,52.577747
2011-03-30 01:00:00,56.66006
2011-03-30 02:00:00,52.577747
2011-03-30 03:00:00,44.244247
2011-03-30 04:00:00,52.577747
2011-03-30 05:00:00,97.492714
2011-03-30 06:00:00,65.07696
2011-03-30 07:00:00,57.113647
2011-03-30 08:00:00,80.46024
2011-03-30 09:00:00,101.19845
2011-03-30 10:00:00,109.298454
2011-03-30 11:00:00,121.25312
2011-03-30 12:00:00,81.40538
2011-03-30 13:00:00,114.339424
2011-03-30 14:00:00,130.6837
2011-03-30 15:00:00,41.31385
2011-03-30 16:00:00,40.924747
2011-03-30 17:00:00,37.713314
2011-03-30 18:00:00,29.972712
2011-03-30 19:00:00,29.972712
2011-03-30 20:00:00,42.042057
2011-03-30 21:00:00,30.106539
2011-03-30 22:00:00,42.682926
2011-03-30 23:00:00,42.297302
2011-03-31 00:00:00,42.682926
2011-03-31 01:00:00,42.222862
2011-03-31 02:00:00,42.222862
2011-03-31 03:00:00,42.682926
2011-03-31 04:00:00,42.188114
2011-03-31 05:00:00,42.682926
2011-03-31 06:00:00,42.042057
2011-03-31 07:00:00,42.188114
2011-03-31 08:00:00,31.417019
2011-03-31 09:00:00,41.245125
2011-03-31 10:00:00,41.245125
2011-03-31 11:00:00,39.240467
2011-03-31 12:00:00,39.240467
2011-03-31 13:00:00,37.960423
2011-03-31 14:00:00,37.960403
2011-03-31 15:00:00,40.42311
2011-03-31 16:00:00,36.713238
2011-03-31 17:00:00,36.713238
2011-03-31 18:00:00,41.71438
2011-03-31 19:00:00,41.71438
2011-03-31 20:00:00,40.16643
2011-03-31 21:00:00,34.29556
2011-03-31 22:00:00,39.541676
2011-03-31 23:00:00,39.404484
2011-04-20 00:00:00,72.438736
2011-04-20 01:00:00,52.938183
2011-04-20 02:00:00,52.938183
2011-04-20 03:00:00,87.727905
2011-04-20 04:00:00,54.83327
2011-04-20 05:00:00,52.8869
2011-04-20 06:00:00,52.938183
2011-04-20 07:00:00,81.41104
2011-04-20 08:00:00,283.21985
2011-04-20 09:00:00,300.94208
2011-04-20 10:00:00,152.89058
2011-04-20 11:00:00,152.89058
2011-04-20 12:00:00,307.38617
2011-04-20 13:00:00,307.38617
2011-04-20 14:00:00,316.29654
2011-04-20 15:00:00,284.45496
2011-04-20 16:00:00,284.45496
2011-04-20 17:00:00,261.62952
2011-04-20 18:00:00,329.74316
2011-04-20 19:00:00,360.86996
2011-04-20 20:00:00,372.17136
2011-04-20 21:00:00,340.6192
2011-04-20 22:00:00,303.83014
2011-04-20 23:00:00,270.94913
2011-04-21 00:00:00,249.55916
2011-04-21 01:00:00,194.17807
2011-04-21 02:00:00,232.58356
2011-04-21 03:00:00,150.81558
2011-04-21 04:00:00,141.12918
2011-04-21 05:00:00,136.06361
2011-04-21 06:00:00,120.04213
2011-04-21 07:00:00,153.50352
2011-04-21 08:00:00,147.85393
2011-04-21 09:00:00,139.2462
2011-04-21 10:00:00,205.10226
2011-04-21 11:00:00,200.37929
2011-04-21 12:00:00,196.50194
2011-04-21 13:00:00,260.41495
2011-04-21 14:00:00,281.73392
2011-04-21 15:00:00,291.06302
2011-04-21 16:00:00,331.27982
2011-04-21 17:00:00,276.90494
2011-04-21 18:00:00,342.04065
2011-04-21 19:00:00,272.3489
2011-04-21 20:00:00,211.93513
2011-04-21 21:00:00,159.5058
2011-04-21 22:00:00,148.99889
2011-04-21 23:00:00,122.49951
2011-04-22 00:00:00,97.75159
2011-04-22 01:00:00,117.578835
2011-04-22 02:00:00,132.37993
2011-04-22 03:00:00,132.37993
2011-04-22 04:00:00,122.341606
2011-04-22 05:00:00,98.18638
2011-04-22 06:00:00,122.341576
2011-04-22 07:00:00,134.05148
2011-04-22 08:00:00,125.0323
2011-04-22 09:00:00,80.48331
2011-04-22 10:00:00,103.43241
2011-04-22 11:00:00,48.383465
2011-04-22 12:00:00,46.827255
2011-04-22 13:00:00,38.160282
2011-04-22 14:00:00,37.95812
2011-04-22 15:00:00,38.160282
2011-04-22 16:00:00,44.886524
2011-04-22 17:00:00,37.134907
2011-04-22 18:00:00,37.134907
2011-04-22 19:00:00,37.134907
2011-04-22 20:00:00,38.80554
2011-04-22 21:00:00,36.715115
2011-04-22 22:00:00,34.713696
2011-04-22 23:00:00,41.122097
2011-04-23 00:00:00,17.647823
2011-04-23 01:00:00,17.647823
2011-04-23 02:00:00,30.433094
2011-04-23 03:00:00,33.806828
2011-04-23 04:00:00,35.19701
2011-04-23 05:00:00,35.19701
2011-04-23 06:00:00,23.241613
2011-04-23 07:00:00,28.720678
2011-04-23 08:00:00,20.563898
2011-04-23 09:00:00,23.528423
2011-04-23 10:00:00,48.115
2011-04-23 11:00:00,55.71904
2011-04-23 12:00:00,80.22556
2011-04-23 13:00:00,80.843414
2011-04-23 14:00:00,170.41617
2011-04-23 15:00:00,239.12367
2011-04-23 16:00:00,224.69778
2011-04-23 17:00:00,231.61916
2011-04-23 18:00:00,104.17097
2011-04-23 19:00:00,93.80682
2011-04-23 20:00:00,89.64594
2011-04-23 21:00:00,122.525856
2011-04-23 22:00:00,159.07198
2011-04-23 23:00:00,65.859955
2011-04-24 00:00:00,73.044914
2011-04-24 01:00:00,47.36422
2011-04-24 02:00:00,47.36422
2011-04-24 03:00:00,40.735195
2011-04-24 04:00:00,40.735195
2011-04-24 05:00:00,40.735195
2011-04-24 06:00:00,34.9904
2011-04-24 07:00:00,34.9904
2011-04-24 08:00:00,40.73592
2011-04-24 09:00:00,63.14135
2011-04-24 10:00:00,88.56013
2011-04-24 11:00:00,184.19426
2011-04-24 12:00:00,274.93982
2011-04-24 13:00:00,348.49792
2011-04-24 14:00:00,379.07742
2011-04-24 15:00:00,294.1091
2011-04-24 16:00:00,410.64194
2011-04-24 17:00:00,320.20697
2011-04-24 18:00:00,166.80618
2011-04-24 19:00:00,106.278755
2011-04-24 20:00:00,106.278755
2011-04-24 21:00:00,57.928185
2011-04-24 22:00:00,51.367416
2011-04-24 23:00:00,57.001266
2011-04-25 00:00:00,74.70709
2011-04-25 01:00:00,35.97459
2011-04-25 02:00:00,35.97459
2011-04-25 03:00:00,63.603645
2011-04-25 04:00:00,61.553078
2011-04-25 05:00:00,47.052616
2011-04-25 06:00:00,56.561108
2011-04-25 07:00:00,64.92172
2011-04-25 08:00:00,73.35239
2011-04-25 09:00:00,97.51555
2011-04-25 10:00:00,232.1155
2011-04-25 11:00:00,232.1155
2011-04-25 12:00:00,239.39713
2011-04-25 13:00:00,274.29425
2011-04-25 14:00:00,335.288
2011-04-25 15:00:00,365.88055
2011-04-25 16:00:00,346.4858
2011-04-25 17:00:00,357.27194
2011-04-25 18:00:00,355.49673
2011-04-25 19:00:00,322.9399
2011-04-25 20:00:00,300.94208
2011-04-25 21:00:00,245.98257
2011-04-25 22:00:00,241.49855
2011-04-25 23:00:00,210.483
2011-04-26 00:00:00,259.10715
2011-04-26 01:00:00,254.37044
2011-04-26 02:00:00,167.7569
2011-04-26 03:00:00,103.76665
2011-04-26 04:00:00,151.15958
2011-04-26 05:00:00,96.923225
2011-04-26 06:00:00,86.38923
2011-04-26 07:00:00,189.60788
2011-04-26 08:00:00,189.60782
2011-04-26 09:00:00,285.7559
2011-04-26 10:00:00,312.94168
2011-04-26 11:00:00,353.33972
2011-04-26 12:00:00,361.28073
2011-04-26 13:00:00,324.2228
2011-04-26 14:00:00,369.08206
2011-04-26 15:00:00,380.21942
2011-04-26 16:00:00,362.3736
2011-04-26 17:00:00,362.3249
2011-04-26 18:00:00,338.27423
2011-04-26 19:00:00,282.9833
2011-04-26 20:00:00,285.7559
2011-04-26 21:00:00,218.94716
2011-04-26 22:00:00,176.60507
2011-04-26 23:00:00,194.11342
2011-04-27 00:00:00,140.99983
2011-04-27 01:00:00,167.43753
2011-04-27 02:00:00,114.019554
2011-04-27 03:00:00,214.05836
2011-04-27 04:00:00,47.273064
2011-04-27 05:00:00,157.62912
2011-04-27 06:00:00,60.714615
2011-04-27 07:00:00,214.05836
2011-04-27 08:00:00,208.26794
2011-04-27 09:00:00,199.75374
2011-04-27 10:00:00,226.61665
2011-04-27 11:00:00,224.01662
2011-04-27 12:00:00,258.2653
2011-04-27 13:00:00,236.10397
2011-04-27 14:00:00,261.2483
2011-04-27 15:00:00,339.47147
2011-04-27 16:00:00,348.16766
2011-04-27 17:00:00,68.077156
2011-04-27 18:00:00,68.077156
2011-04-27 19:00:00,218.94716
2011-04-27 20:00:00,230.32243
2011-04-27 21:00:00,152.07594
2011-04-27 22:00:00,229.4963
2011-04-27 23:00:00,220.6133
2011-04-28 00:00:00,273.4978
2011-04-28 01:00:00,210.28218
2011-04-28 02:00:00,197.28738
2011-04-28 03:00:00,218.99504
2011-04-28 04:00:00,205.03203
2011-04-28 05:00:00,210.28218
2011-04-28 06:00:00,198.41638
2011-04-28 07:00:00,209.74673
2011-04-28 08:00:00,219.98659
2011-04-28 09:00:00,73.84824
2011-04-28 10:00:00,241.81075
2011-04-28 11:00:00,226.61665
2011-04-28 12:00:00,204.68079
2011-04-28 13:00:00,225.37494
2011-04-28 14:00:00,203.73427
2011-04-28 15:00:00,298.92178
2011-04-28 16:00:00,203.09047
2011-04-28 17:00:00,279.76907
2011-04-28 18:00:00,279.76907
2011-04-28 19:00:00,276.5838
2011-04-28 20:00:00,244.84155
2011-04-28 21:00:00,232.42628
2011-04-28 22:00:00,206.167
2011-04-28 23:00:00,249.87862
2011-04-29 00:00:00,224.66962
2011-04-29 01:00:00,172.2954
2011-04-29 02:00:00,123.12541
2011-04-29 03:00:00,123.06508
2011-04-29 04:00:00,138.08653
2011-04-29 05:00:00,155.67303
2011-04-29 06:00:00,195.36974
2011-04-29 07:00:00,213.07732
2011-04-29 08:00:00,237.03896
2011-04-29 09:00:00,249.43257
2011-04-29 10:00:00,248.82463
2011-04-29 11:00:00,309.11783
2011-04-29 12:00:00,283.27676
2011-04-29 13:00:00,283.3552
2011-04-29 14:00:00,302.87863
2011-04-29 15:00:00,182.72374
2011-04-29 16:00:00,198.18117
2011-04-29 17:00:00,193.2942
2011-04-29 18:00:00,207.52039
2011-04-29 19:00:00,161.9379
2011-04-29 20:00:00,175.28758
2011-04-29 21:00:00,153.59535
2011-04-29 22:00:00,114.77606
2011-04-29 23:00:00,123.950485
2011-04-30 00:00:00,124.678825
2011-04-30 01:00:00,101.06085
2011-04-30 02:00:00,121.84552
2011-04-30 03:00:00,106.90817
2011-04-30 04:00:00,113.4461
2011-04-30 05:00:00,136.96935
2011-04-30 06:00:00,86.87716
2011-04-30 07:00:00,131.64098
2011-04-30 08:00:00,111.68303
2011-04-30 09:00:00,152.88094
2011-04-30 10:00:00,189.88571
2011-04-30 11:00:00,204.35439
2011-04-30 12:00:00,226.0828
2011-04-30 13:00:00,227.90024
2011-04-30 14:00:00,191.30045
2011-04-30 15:00:00,205.97328
2011-04-30 16:00:00,242.36745
2011-04-30 17:00:00,163.73087
2011-04-30 18:00:00,151.18567
2011-04-30 19:00:00,151.18567
2011-04-30 20:00:00,46.35834
2011-04-30 21:00:00,46.35834
2011-04-30 22:00:00,43.12506
2011-04-30 23:00:00,43.12506
2011-05-20 00:00:00,63.471127
2011-05-20 01:00:00,57.473957
2011-05-20 02:00:00,53.202137
2011-05-20 03:00:00,63.255096
2011-05-20 04:00:00,66.852974
2011-05-20 05:00:00,61.542263
2011-05-20 06:00:00,81.742195
2011-05-20 07:00:00,121.74056
2011-05-20 08:00:00,171.72105
2011-05-20 09:00:00,194.80411
2011-05-20 10:00:00,213.42938
2011-05-20 11:00:00,182.06445
2011-05-20 12:00:00,188.65866
2011-05-20 13:00:00,213.68918
2011-05-20 14:00:00,243.82753
2011-05-20 15:00:00,166.53302
2011-05-20 16:00:00,146.58232
2011-05-20 17:00:00,166.48128
2011-05-20 18:00:00,214.03871
2011-05-20 19:00:00,179.99681
2011-05-20 20:00:00,194.04901
2011-05-20 21:00:00,198.77403
2011-05-20 22:00:00,164.23973
2011-05-20 23:00:00,155.50829
2011-05-21 00:00:00,72.20932
2011-05-21 01:00:00,63.482998
2011-05-21 02:00:00,78.48103
2011-05-21 03:00:00,55.23897
2011-05-21 04:00:00,46.64831
2011-05-21 05:00:00,47.71487
2011-05-21 06:00:00,62.22286
2011-05-21 07:00:00,93.88698
2011-05-21 08:00:00,167.62029
2011-05-21 09:00:00,223.18506
2011-05-21 10:00:00,184.99199
2011-05-21 11:00:00,271.49823
2011-05-21 12:00:00,302.37357
2011-05-21 13:00:00,388.26898
2011-05-21 14:00:00,427.10126
2011-05-21 15:00:00,422.02463
2011-05-21 16:00:00,435.5282
2011-05-21 17:00:00,313.21808
2011-05-21 18:00:00,284.37476
2011-05-21 19:00:00,377.88364
2011-05-21 20:00:00,129.93668
2011-05-21 21:00:00,184.99199
2011-05-21 22:00:00,134.3904
2011-05-21 23:00:00,70.32495
2011-05-22 00:00:00,50.353813
2011-05-22 01:00:00,39.17335
2011-05-22 02:00:00,38.871593
2011-05-22 03:00:00,30.227093
2011-05-22 04:00:00,30.924877
2011-05-22 05:00:00,30.227093
2011-05-22 06:00:00,38.871593
2011-05-22 07:00:00,46.375053
2011-05-22 08:00:00,84.767746
2011-05-22 09:00:00,117.39777
2011-05-22 10:00:00,178.9932
2011-05-22 11:00:00,317.4583
2011-05-22 12:00:00,293.2014
2011-05-22 13:00:00,247.67175
2011-05-22 14:00:00,129.84422
2011-05-22 15:00:00,187.529
2011-05-22 16:00:00,223.64693
2011-05-22 17:00:00,322.4156
2011-05-22 18:00:00,271.438
2011-05-22 19:00:00,243.95804
2011-05-22 20:00:00,194.40009
2011-05-22 21:00:00,150.94453
2011-05-22 22:00:00,58.14247
2011-05-22 23:00:00,92.5752
2011-05-23 00:00:00,115.095024
2011-05-23 01:00:00,73.35239
2011-05-23 02:00:00,74.66428
2011-05-23 03:00:00,71.985374
2011-05-23 04:00:00,88.62947
2011-05-23 05:00:00,88.62947
2011-05-23 06:00:00,67.95116
2011-05-23 07:00:00,97.93893
2011-05-23 08:00:00,85.02497
2011-05-23 09:00:00,102.55026
2011-05-23 10:00:00,261.2027
2011-05-23 11:00:00,335.5989
2011-05-23 12:00:00,335.5989
2011-05-23 13:00:00,223.36354
2011-05-23 14:00:00,201.307
2011-05-23 15:00:00,208.82776
2011-05-23 16:00:00,210.02264
2011-05-23 17:00:00,124.51985
2011-05-23 18:00:00,272.5824
2011-05-23 19:00:00,233.35672
2011-05-23 20:00:00,163.44075
2011-05-23 21:00:00,106.52348
2011-05-23 22:00:00,68.79738
2011-05-23 23:00:00,191.64333
2011-05-24 00:00:00,148.62466
2011-05-24 01:00:00,132.08302
2011-05-24 02:00:00,148.62466
2011-05-24 03:00:00,104.37683
2011-05-24 04:00:00,77.96018
2011-05-24 05:00:00,176.6402
2011-05-24 06:00:00,137.56165
2011-05-24 07:00:00,98.88066
2011-05-24 08:00:00,91.3833
2011-05-24 09:00:00,194.67252
2011-05-24 10:00:00,355.01318
2011-05-24 11:00:00,365.88055
2011-05-24 12:00:00,346.81802
2011-05-24 13:00:00,348.0478
2011-05-24 14:00:00,349.38055
2011-05-24 15:00:00,289.5987
2011-05-24 16:00:00,241.29826
2011-05-24 17:00:00,223.50284
2011-05-24 18:00:00,238.93521
2011-05-24 19:00:00,211.22585
2011-05-24 20:00:00,131.56145
2011-05-24 21:00:00,120.47096
2011-05-24 22:00:00,87.95685
2011-05-24 23:00:00,108.6767
2011-05-25 00:00:00,88.08948
2011-05-25 01:00:00,84.34243
2011-05-25 02:00:00,93.324265
2011-05-25 03:00:00,35.4092
2011-05-25 04:00:00,36.450703
2011-05-25 05:00:00,74.57278
2011-05-25 06:00:00,50.58185
2011-05-25 07:00:00,166.0012
2011-05-25 08:00:00,248.63365
2011-05-25 09:00:00,185.9999
2011-05-25 10:00:00,212.7024
2011-05-25 11:00:00,256.88507
2011-05-25 12:00:00,273.48492
2011-05-25 13:00:00,273.48492
2011-05-25 14:00:00,293.12674
2011-05-25 15:00:00,368.44656
2011-05-25 16:00:00,372.61163
2011-05-25 17:00:00,365.88055
2011-05-25 18:00:00,315.8829
2011-05-25 19:00:00,240.37335
2011-05-25 20:00:00,256.58078
2011-05-25 21:00:00,202.02032
2011-05-25 22:00:00,262.53445
2011-05-25 23:00:00,164.8776
2011-05-26 00:00:00,164.8776
2011-05-26 01:00:00,164.8776
2011-05-26 02:00:00,95.42893
2011-05-26 03:00:00,78.67561
2011-05-26 04:00:00,88.76686
2011-05-26 05:00:00,124.49818
2011-05-26 06:00:00,91.58349
2011-05-26 07:00:00,215.46346
2011-05-26 08:00:00,196.28549
2011-05-26 09:00:00,217.80327
2011-05-26 10:00:00,272.5824
2011-05-26 11:00:00,290.3431
2011-05-26 12:00:00,371.57864
2011-05-26 13:00:00,366.8366
2011-05-26 14:00:00,366.8366
2011-05-26 15:00:00,260.5946
2011-05-26 16:00:00,278.61322
2011-05-26 17:00:00,331.24985
2011-05-26 18:00:00,338.87503
2011-05-26 19:00:00,351.49878
2011-05-26 20:00:00,272.38773
2011-05-26 21:00:00,208.74146
2011-05-26 22:00:00,224.72678
2011-05-26 23:00:00,258.81052
2011-05-27 00:00:00,265.9048
2011-05-27 01:00:00,338.20126
2011-05-27 02:00:00,275.8346
2011-05-27 03:00:00,177.73065
2011-05-27 04:00:00,200.41383
2011-05-27 05:00:00,284.31506
2011-05-27 06:00:00,158.60847
2011-05-27 07:00:00,198.73149
2011-05-27 08:00:00,253.52582
2011-05-27 09:00:00,302.06708
2011-05-27 10:00:00,348.18613
2011-05-27 11:00:00,257.48578
2011-05-27 12:00:00,261.38287
2011-05-27 13:00:00,302.58878
2011-05-27 14:00:00,376.13773
2011-05-27 15:00:00,353.50565
2011-05-27 16:00:00,248.25179
2011-05-27 17:00:00,375.43164
2011-05-27 18:00:00,210.02264
2011-05-27 19:00:00,91.74925
2011-05-27 20:00:00,188.56586
2011-05-27 21:00:00,97.02999
2011-05-27 22:00:00,124.4124
2011-05-27 23:00:00,72.74101
2011-05-28 00:00:00,44.187176
2011-05-28 01:00:00,50.689762
2011-05-28 02:00:00,38.212143
2011-05-28 03:00:00,58.99731
2011-05-28 04:00:00,63.14135
2011-05-28 05:00:00,58.99731
2011-05-28 06:00:00,104.13539
2011-05-28 07:00:00,118.98633
2011-05-28 08:00:00,101.19334
2011-05-28 09:00:00,220.09589
2011-05-28 10:00:00,229.94217
2011-05-28 11:00:00,229.94217
2011-05-28 12:00:00,308.1873
2011-05-28 13:00:00,243.27124
2011-05-28 14:00:00,277.20285
2011-05-28 15:00:00,301.945
2011-05-28 16:00:00,315.7661
2011-05-28 17:00:00,349.68967
2011-05-28 18:00:00,271.5978
2011-05-28 19:00:00,209.62901
2011-05-28 20:00:00,229.94217
2011-05-28 21:00:00,260.04388
2011-05-28 22:00:00,139.36028
2011-05-28 23:00:00,75.241425
2011-05-29 00:00:00,90.77172
2011-05-29 01:00:00,44.739864
2011-05-29 02:00:00,42.650043
2011-05-29 03:00:00,42.650043
2011-05-29 04:00:00,43.27237
2011-05-29 05:00:00,38.100456
2011-05-29 06:00:00,84.0377
2011-05-29 07:00:00,101.13735
2011-05-29 08:00:00,92.092354
2011-05-29 09:00:00,63.871994
2011-05-29 10:00:00,123.97467
2011-05-29 11:00:00,151.94154
2011-05-29 12:00:00,181.07887
2011-05-29 13:00:00,228.24011
2011-05-29 14:00:00,215.098
2011-05-29 15:00:00,229.74045
2011-05-29 16:00:00,215.098
2011-05-29 17:00:00,215.098
2011-05-29 18:00:00,191.96484
2011-05-29 19:00:00,152.81352
2011-05-29 20:00:00,88.556496
2011-05-29 21:00:00,58.859547
2011-05-29 22:00:00,40.596817
2011-05-29 23:00:00,41.525932
2011-05-30 00:00:00,71.38701
2011-05-30 01:00:00,63.348667
2011-05-30 02:00:00,71.38701
2011-05-30 03:00:00,71.38701
2011-05-30 04:00:00,69.76104
2011-05-30 05:00:00,54.922253
2011-05-30 06:00:00,48.46182
2011-05-30 07:00:00,17.00372
2011-05-30 08:00:00,102.61576
2011-05-30 09:00:00,80.03796
2011-05-30 10:00:00,391.0345
2011-05-30 11:00:00,356.29517
2011-05-30 12:00:00,436.28323
2011-05-30 13:00:00,422.2988
2011-05-30 14:00:00,392.97256
2011-05-30 15:00:00,488.96326
2011-05-30 16:00:00,505.24768
2011-05-30 17:00:00,467.3301
2011-05-30 18:00:00,436.3336
2011-05-30 19:00:00,80.25195
2011-05-30 20:00:00,189.23965
2011-05-30 21:00:00,125.826324
2011-05-30 22:00:00,123.687996
2011-05-30 23:00:00,64.78104
2011-05-31 00:00:00,103.83234
2011-05-31 01:00:00,66.69107
2011-05-31 02:00:00,145.98422
2011-05-31 03:00:00,116.69178
2011-05-31 04:00:00,94.555374
2011-05-31 05:00:00,94.555374
2011-05-31 06:00:00,106.01956
2011-05-31 07:00:00,207.71577
2011-05-31 08:00:00,269.62225
2011-05-31 09:00:00,283.74915
2011-05-31 10:00:00,293.51254
2011-05-31 11:00:00,201.69931
2011-05-31 12:00:00,259.46042
2011-05-31 13:00:00,201.89713
2011-05-31 14:00:00,222.86607
2011-05-31 15:00:00,198.76158
2011-05-31 16:00:00,194.88068
2011-05-31 17:00:00,333.1279
2011-05-31 18:00:00,321.35315
2011-05-31 19:00:00,243.62341
2011-05-31 20:00:00,243.62341
2011-05-31 21:00:00,219.54388
2011-05-31 22:00:00,231.16254
2011-05-31 23:00:00,103.818275
2011-06-20 00:00:00,114.08508
2011-06-20 01:00:00,72.400276
2011-06-20 02:00:00,72.400276
2011-06-20 03:00:00,89.39855
2011-06-20 04:00:00,83.15037
2011-06-20 05:00:00,84.31145
2011-06-20 06:00:00,83.98457
2011-06-20 07:00:00,78.337875
2011-06-20 08:00:00,82.87588
2011-06-20 09:00:00,191.53178
2011-06-20 10:00:00,191.53178
2011-06-20 11:00:00,138.98892
2011-06-20 12:00:00,166.76234
2011-06-20 13:00:00,181.60768
2011-06-20 14:00:00,209.19435
2011-06-20 15:00:00,227.55515
2011-06-20 16:00:00,265.5516
2011-06-20 17:00:00,196.97754
2011-06-20 18:00:00,301.75766
2011-06-20 19:00:00,267.25143
2011-06-20 20:00:00,252.00739
2011-06-20 21:00:00,198.73152
2011-06-20 22:00:00,202.78429
2011-06-20 23:00:00,203.09047
2011-06-21 00:00:00,90.26265
2011-06-21 01:00:00,104.06012
2011-06-21 02:00:00,75.81647
2011-06-21 03:00:00,75.81647
2011-06-21 04:00:00,83.072
2011-06-21 05:00:00,93.33256
2011-06-21 06:00:00,93.33256
2011-06-21 07:00:00,54.86386
2011-06-21 08:00:00,93.2861
2011-06-21 09:00:00,120.63593
2011-06-21 10:00:00,157.4649
2011-06-21 11:00:00,74.81686
2011-06-21 12:00:00,157.85112
2011-06-21 13:00:00,262.1197
2011-06-21 14:00:00,323.66638
2011-06-21 15:00:00,334.9528
2011-06-21 16:00:00,330.9638
2011-06-21 17:00:00,338.0264
2011-06-21 18:00:00,260.11337
2011-06-21 19:00:00,231.55106
2011-06-21 20:00:00,307.864
2011-06-21 21:00:00,211.02917
2011-06-21 22:00:00,80.13788
2011-06-21 23:00:00,110.28379
2011-06-22 00:00:00,102.30904
2011-06-22 01:00:00,87.00608
2011-06-22 02:00:00,78.47624
2011-06-22 03:00:00,87.00608
2011-06-22 04:00:00,71.07385
2011-06-22 05:00:00,47.98564
2011-06-22 06:00:00,64.13799
2011-06-22 07:00:00,70.49417
2011-06-22 08:00:00,131.97983
2011-06-22 09:00:00,124.77693
2011-06-22 10:00:00,299.94647
2011-06-22 11:00:00,253.44943
2011-06-22 12:00:00,289.52274
2011-06-22 13:00:00,291.5632
2011-06-22 14:00:00,284.58347
2011-06-22 15:00:00,278.58453
2011-06-22 16:00:00,258.80075
2011-06-22 17:00:00,228.1756
2011-06-22 18:00:00,279.5989
2011-06-22 19:00:00,290.81424
2011-06-22 20:00:00,196.057
2011-06-22 21:00:00,150.58693
2011-06-22 22:00:00,184.12256
2011-06-22 23:00:00,177.2149
2011-06-23 00:00:00,166.42111
2011-06-23 01:00:00,231.87831
2011-06-23 02:00:00,231.87831
2011-06-23 03:00:00,230.62714
2011-06-23 04:00:00,184.01076
2011-06-23 05:00:00,189.74792
2011-06-23 06:00:00,189.74797
2011-06-23 07:00:00,231.23181
2011-06-23 08:00:00,276.67883
2011-06-23 09:00:00,282.47794
2011-06-23 10:00:00,285.37543
2011-06-23 11:00:00,363.5428
2011-06-23 12:00:00,261.96616
2011-06-23 13:00:00,253.58453
2011-06-23 14:00:00,259.07834
2011-06-23 15:00:00,230.00133
2011-06-23 16:00:00,243.38264
2011-06-23 17:00:00,226.43861
2011-06-23 18:00:00,302.55966
2011-06-23 19:00:00,333.3498
2011-06-23 20:00:00,201.4833
2011-06-23 21:00:00,179.28323
2011-06-23 22:00:00,211.25595
2011-06-23 23:00:00,246.80414
2011-06-24 00:00:00,102.22328
2011-06-24 01:00:00,185.32256
2011-06-24 02:00:00,185.32256
2011-06-24 03:00:00,74.81686
2011-06-24 04:00:00,66.38359
2011-06-24 05:00:00,49.696842
2011-06-24 06:00:00,70.00146
2011-06-24 07:00:00,147.79851
2011-06-24 08:00:00,201.4833
2011-06-24 09:00:00,229.31474
2011-06-24 10:00:00,291.33655
2011-06-24 11:00:00,284.30597
2011-06-24 12:00:00,304.27228
2011-06-24 13:00:00,319.93155
2011-06-24 14:00:00,311.60745
2011-06-24 15:00:00,283.99933
2011-06-24 16:00:00,303.10025
2011-06-24 17:00:00,329.3419
2011-06-24 18:00:00,315.81683
2011-06-24 19:00:00,355.63196
2011-06-24 20:00:00,324.78384
2011-06-24 21:00:00,262.69882
2011-06-24 22:00:00,160.1386
2011-06-24 23:00:00,238.48683
2011-06-25 00:00:00,335.28207
2011-06-25 01:00:00,291.82114
2011-06-25 02:00:00,324.92624
2011-06-25 03:00:00,215.62126
2011-06-25 04:00:00,215.62126
2011-06-25 05:00:00,138.10538
2011-06-25 06:00:00,230.44536
2011-06-25 07:00:00,267.84976
2011-06-25 08:00:00,346.73154
2011-06-25 09:00:00,383.58133
2011-06-25 10:00:00,356.19968
2011-06-25 11:00:00,347.12152
2011-06-25 12:00:00,480.94995
2011-06-25 13:00:00,480.94995
2011-06-25 14:00:00,408.5309
2011-06-25 15:00:00,313.0048
2011-06-25 16:00:00,431.60773
2011-06-25 17:00:00,401.31448
2011-06-25 18:00:00,383.58133
2011-06-25 19:00:00,362.9846
2011-06-25 20:00:00,322.10815
2011-06-25 21:00:00,271.51923
2011-06-25 22:00:00,356.7745
2011-06-25 23:00:00,396.27277
2011-06-26 00:00:00,190.10551
2011-06-26 01:00:00,214.70732
2011-06-26 02:00:00,175.02841
2011-06-26 03:00:00,109.582405
2011-06-26 04:00:00,107.52679
2011-06-26 05:00:00,94.447975
2011-06-26 06:00:00,94.447975
2011-06-26 07:00:00,111.723206
2011-06-26 08:00:00,164.48523
2011-06-26 09:00:00,201.31369
2011-06-26 10:00:00,270.56598
2011-06-26 11:00:00,321.48154
2011-06-26 12:00:00,413.87238
2011-06-26 13:00:00,380.2368
2011-06-26 14:00:00,397.12238
2011-06-26 15:00:00,380.2368
2011-06-26 16:00:00,387.2344
2011-06-26 17:00:00,354.8638
2011-06-26 18:00:00,399.46802
2011-06-26 19:00:00,285.50528
2011-06-26 20:00:00,268.69098
2011-06-26 21:00:00,225.55547
2011-06-26 22:00:00,239.35693
2011-06-26 23:00:00,208.02069
2011-06-27 00:00:00,145.77452
2011-06-27 01:00:00,151.59575
2011-06-27 02:00:00,106.463196
2011-06-27 03:00:00,106.463196
2011-06-27 04:00:00,132.51193
2011-06-27 05:00:00,146.56555
2011-06-27 06:00:00,152.18657
2011-06-27 07:00:00,185.33151
2011-06-27 08:00:00,126.71987
2011-06-27 09:00:00,241.91385
2011-06-27 10:00:00,254.88371
2011-06-27 11:00:00,227.35507
2011-06-27 12:00:00,241.91385
2011-06-27 13:00:00,251.9413
2011-06-27 14:00:00,247.80348
2011-06-27 15:00:00,248.91025
2011-06-27 16:00:00,218.62956
2011-06-27 17:00:00,243.7032
2011-06-27 18:00:00,163.51363
2011-06-27 19:00:00,254.97586
2011-06-27 20:00:00,182.12158
2011-06-27 21:00:00,132.37752
2011-06-27 22:00:00,107.514175
2011-06-27 23:00:00,107.514175
2011-06-28 00:00:00,175.33934
2011-06-28 01:00:00,85.28451
2011-06-28 02:00:00,185.39307
2011-06-28 03:00:00,185.39307
2011-06-28 04:00:00,85.28451
2011-06-28 05:00:00,78.47624
2011-06-28 06:00:00,74.81686
2011-06-28 07:00:00,83.21521
2011-06-28 08:00:00,102.1453
2011-06-28 09:00:00,132.45543
2011-06-28 10:00:00,317.44708
2011-06-28 11:00:00,249.33682
2011-06-28 12:00:00,308.53528
2011-06-28 13:00:00,283.80978
2011-06-28 14:00:00,301.00287
2011-06-28 15:00:00,321.8028
2011-06-28 16:00:00,277.52356
2011-06-28 17:00:00,375.7356
2011-06-28 18:00:00,366.5268
2011-06-28 19:00:00,205.98494
2011-06-28 20:00:00,140.02
2011-06-28 21:00:00,344.50644
2011-06-28 22:00:00,279.35608
2011-06-28 23:00:00,269.66525
2011-06-29 00:00:00,152.34224
2011-06-29 01:00:00,188.33159
2011-06-29 02:00:00,91.09372
2011-06-29 03:00:00,159.67789
2011-06-29 04:00:00,67.78082
2011-06-29 05:00:00,89.54408
2011-06-29 06:00:00,242.44226
2011-06-29 07:00:00,301.81433
2011-06-29 08:00:00,342.8569
2011-06-29 09:00:00,306.5987
2011-06-29 10:00:00,321.4756
2011-06-29 11:00:00,334.3767
2011-06-29 12:00:00,329.90344
2011-06-29 13:00:00,310.09497
2011-06-29 14:00:00,325.95578
2011-06-29 15:00:00,330.425
2011-06-29 16:00:00,303.5157
2011-06-29 17:00:00,317.31393
2011-06-29 18:00:00,323.4869
2011-06-29 19:00:00,318.95807
2011-06-29 20:00:00,334.47925
2011-06-29 21:00:00,349.21533
2011-06-29 22:00:00,363.95602
2011-06-29 23:00:00,325.61343
2011-06-30 00:00:00,274.61206
2011-06-30 01:00:00,212.0627
2011-06-30 02:00:00,189.42455
2011-06-30 03:00:00,211.33218
2011-06-30 04:00:00,231.81715
2011-06-30 05:00:00,255.5037
2011-06-30 06:00:00,233.41083
2011-06-30 07:00:00,252.08284
2011-06-30 08:00:00,351.694
2011-06-30 09:00:00,369.6889
2011-06-30 10:00:00,355.8514
2011-06-30 11:00:00,346.59302
2011-06-30 12:00:00,343.4678
2011-06-30 13:00:00,336.65048
2011-06-30 14:00:00,327.19223
2011-06-30 15:00:00,365.2145
2011-06-30 16:00:00,317.66367
2011-06-30 17:00:00,337.7999
2011-06-30 18:00:00,350.6226
2011-06-30 19:00:00,354.9695
2011-06-30 20:00:00,354.9695
2011-06-30 21:00:00,322.40176
2011-06-30 22:00:00,340.83386
2011-06-30 23:00:00,162.97081
2011-07-20 00:00:00,61.47626
2011-07-20 01:00:00,58.25996
2011-07-20 02:00:00,58.25996
2011-07-20 03:00:00,61.47626
2011-07-20 04:00:00,61.8825
2011-07-20 05:00:00,65.43523
2011-07-20 06:00:00,139.2859
2011-07-20 07:00:00,161.87321
2011-07-20 08:00:00,98.88807
2011-07-20 09:00:00,189.84334
2011-07-20 10:00:00,150.30894
2011-07-20 11:00:00,243.49258
2011-07-20 12:00:00,205.88606
2011-07-20 13:00:00,309.2541
2011-07-20 14:00:00,300.3686
2011-07-20 15:00:00,295.29776
2011-07-20 16:00:00,226.8426
2011-07-20 17:00:00,319.2026
2011-07-20 18:00:00,324.24124
2011-07-20 19:00:00,329.0862
2011-07-20 20:00:00,336.87576
2011-07-20 21:00:00,312.32065
2011-07-20 22:00:00,333.82333
2011-07-20 23:00:00,297.0438
2011-07-21 00:00:00,244.92654
2011-07-21 01:00:00,146.09216
2011-07-21 02:00:00,146.09216
2011-07-21 03:00:00,204.61458
2011-07-21 04:00:00,159.34718
2011-07-21 05:00:00,159.34718
2011-07-21 06:00:00,159.34718
2011-07-21 07:00:00,167.46075
2011-07-21 08:00:00,212.7553
2011-07-21 09:00:00,263.80917
2011-07-21 10:00:00,301.5014
2011-07-21 11:00:00,286.08282
2011-07-21 12:00:00,295.04352
2011-07-21 13:00:00,295.0007
2011-07-21 14:00:00,265.6496
2011-07-21 15:00:00,276.0547
2011-07-21 16:00:00,253.19344
2011-07-21 17:00:00,242.01103
2011-07-21 18:00:00,265.18387
2011-07-21 19:00:00,322.3179
2011-07-21 20:00:00,352.07373
2011-07-21 21:00:00,337.327
2011-07-21 22:00:00,339.22882
2011-07-21 23:00:00,322.81802
2011-07-22 00:00:00,301.9146
2011-07-22 01:00:00,184.90024
2011-07-22 02:00:00,198.33235
2011-07-22 03:00:00,217.96225
2011-07-22 04:00:00,182.32762
2011-07-22 05:00:00,95.16993
2011-07-22 06:00:00,163.91055
2011-07-22 07:00:00,305.84216
2011-07-22 08:00:00,325.4699
2011-07-22 09:00:00,299.17316
2011-07-22 10:00:00,275.86398
2011-07-22 11:00:00,283.6707
2011-07-22 12:00:00,275.2846
2011-07-22 13:00:00,277.49402
2011-07-22 14:00:00,254.1369
2011-07-22 15:00:00,259.1355
2011-07-22 16:00:00,385.7219
2011-07-22 17:00:00,295.54147
2011-07-22 18:00:00,316.56763
2011-07-22 19:00:00,339.107
2011-07-22 20:00:00,226.8426
2011-07-22 21:00:00,247.60426
2011-07-22 22:00:00,300.02975
2011-07-22 23:00:00,328.5808
2011-07-23 00:00:00,229.37738
2011-07-23 01:00:00,252.9114
2011-07-23 02:00:00,260.65488
2011-07-23 03:00:00,174.37497
2011-07-23 04:00:00,181.53745
2011-07-23 05:00:00,196.25029
2011-07-23 06:00:00,254.75998
2011-07-23 07:00:00,243.9186
2011-07-23 08:00:00,347.95084
2011-07-23 09:00:00,306.9538
2011-07-23 10:00:00,361.99756
2011-07-23 11:00:00,341.46417
2011-07-23 12:00:00,312.17197
2011-07-23 13:00:00,339.6922
2011-07-23 14:00:00,326.98904
2011-07-23 15:00:00,322.59274
2011-07-23 16:00:00,327.99637
2011-07-23 17:00:00,327.99637
2011-07-23 18:00:00,368.38556
2011-07-23 19:00:00,309.41812
2011-07-23 20:00:00,240.90445
2011-07-23 21:00:00,240.90445
2011-07-23 22:00:00,235.68045
2011-07-23 23:00:00,200.94731
2011-07-24 00:00:00,200.94731
2011-07-24 01:00:00,174.3823
2011-07-24 02:00:00,176.72205
2011-07-24 03:00:00,176.72205
2011-07-24 04:00:00,174.3823
2011-07-24 05:00:00,174.37497
2011-07-24 06:00:00,269.6394
2011-07-24 07:00:00,210.46
2011-07-24 08:00:00,291.10147
2011-07-24 09:00:00,381.08606
2011-07-24 10:00:00,398.76385
2011-07-24 11:00:00,310.24042
2011-07-24 12:00:00,354.2909
2011-07-24 13:00:00,355.46136
2011-07-24 14:00:00,361.69434
2011-07-24 15:00:00,369.84125
2011-07-24 16:00:00,369.84125
2011-07-24 17:00:00,311.22183
2011-07-24 18:00:00,338.5764
2011-07-24 19:00:00,323.50244
2011-07-24 20:00:00,306.9538
2011-07-24 21:00:00,186.81416
2011-07-24 22:00:00,168.89842
2011-07-24 23:00:00,238.91927
2011-07-25 00:00:00,295.00104
2011-07-25 01:00:00,269.5529
2011-07-25 02:00:00,212.87941
2011-07-25 03:00:00,73.60386
2011-07-25 04:00:00,56.549965
2011-07-25 05:00:00,56.549965
2011-07-25 06:00:00,161.15924
2011-07-25 07:00:00,242.20273
2011-07-25 08:00:00,287.49976
2011-07-25 09:00:00,185.55681
2011-07-25 10:00:00,205.88606
2011-07-25 11:00:00,322.51495
2011-07-25 12:00:00,322.51495
2011-07-25 13:00:00,251.03716
2011-07-25 14:00:00,184.12259
2011-07-25 15:00:00,265.18057
2011-07-25 16:00:00,97.86491
2011-07-25 17:00:00,90.83055
2011-07-25 18:00:00,142.49141
2011-07-25 19:00:00,189.84334
2011-07-25 20:00:00,166.44188
2011-07-25 21:00:00,58.25996
2011-07-25 22:00:00,58.25996
2011-07-25 23:00:00,60.112602
2011-07-26 00:00:00,80.13788
2011-07-26 01:00:00,80.13788
2011-07-26 02:00:00,52.152832
2011-07-26 03:00:00,54.025738
2011-07-26 04:00:00,58.798992
2011-07-26 05:00:00,51.571423
2011-07-26 06:00:00,89.04128
2011-07-26 07:00:00,321.12186
2011-07-26 08:00:00,297.92407
2011-07-26 09:00:00,334.31564
2011-07-26 10:00:00,319.93198
2011-07-26 11:00:00,326.36258
2011-07-26 12:00:00,339.4849
2011-07-26 13:00:00,297.30484
2011-07-26 14:00:00,302.76352
2011-07-26 15:00:00,285.56866
2011-07-26 16:00:00,294.75125
2011-07-26 17:00:00,269.77228
2011-07-26 18:00:00,274.01724
2011-07-26 19:00:00,282.35175
2011-07-26 20:00:00,315.8891
2011-07-26 21:00:00,333.14587
2011-07-26 22:00:00,259.61615
2011-07-26 23:00:00,214.64874
2011-07-27 00:00:00,286.7248
2011-07-27 01:00:00,336.38074
2011-07-27 02:00:00,324.75385
2011-07-27 03:00:00,245.67915
2011-07-27 04:00:00,306.21097
2011-07-27 05:00:00,343.61234
2011-07-27 06:00:00,301.81433
2011-07-27 07:00:00,335.14047
2011-07-27 08:00:00,335.96185
2011-07-27 09:00:00,329.90344
2011-07-27 10:00:00,287.47592
2011-07-27 11:00:00,305.51642
2011-07-27 12:00:00,314.0024
2011-07-27 13:00:00,291.2211
2011-07-27 14:00:00,314.5354
2011-07-27 15:00:00,314.4816
2011-07-27 16:00:00,325.39536
2011-07-27 17:00:00,328.36746
2011-07-27 18:00:00,330.01425
2011-07-27 19:00:00,327.56784
2011-07-27 20:00:00,345.33395
2011-07-27 21:00:00,260.65576
2011-07-27 22:00:00,161.42139
2011-07-27 23:00:00,264.32196
2011-07-28 00:00:00,242.30402
2011-07-28 01:00:00,149.53741
2011-07-28 02:00:00,208.90527
2011-07-28 03:00:00,142.64075
2011-07-28 04:00:00,182.09293
2011-07-28 05:00:00,182.12158
2011-07-28 06:00:00,141.9702
2011-07-28 07:00:00,228.04213
2011-07-28 08:00:00,262.1197
2011-07-28 09:00:00,313.34103
2011-07-28 10:00:00,321.87375
2011-07-28 11:00:00,315.29428
2011-07-28 12:00:00,306.6486
2011-07-28 13:00:00,284.7615
2011-07-28 14:00:00,304.0896
2011-07-28 15:00:00,288.78568
2011-07-28 16:00:00,306.58435
2011-07-28 17:00:00,301.09894
2011-07-28 18:00:00,314.43066
2011-07-28 19:00:00,319.6458
2011-07-28 20:00:00,328.58075
2011-07-28 21:00:00,361.66254
2011-07-28 22:00:00,324.5156
2011-07-28 23:00:00,257.83398
2011-07-29 00:00:00,150.58693
2011-07-29 01:00:00,124.51918
2011-07-29 02:00:00,73.60386
2011-07-29 03:00:00,73.60386
2011-07-29 04:00:00,68.71242
2011-07-29 05:00:00,55.702744
2011-07-29 06:00:00,181.4191
2011-07-29 07:00:00,212.87941
2011-07-29 08:00:00,277.6208
2011-07-29 09:00:00,284.7615
2011-07-29 10:00:00,253.54834
2011-07-29 11:00:00,245.20303
2011-07-29 12:00:00,287.8082
2011-07-29 13:00:00,374.942
2011-07-29 14:00:00,307.6657
2011-07-29 15:00:00,297.00952
2011-07-29 16:00:00,256.519
2011-07-29 17:00:00,283.93164
2011-07-29 18:00:00,240.17429
2011-07-29 19:00:00,270.41003
2011-07-29 20:00:00,250.33237
2011-07-29 21:00:00,318.6549
2011-07-29 22:00:00,315.13348
2011-07-29 23:00:00,264.22684
2011-07-30 00:00:00,248.90736
2011-07-30 01:00:00,211.98112
2011-07-30 02:00:00,214.09045
2011-07-30 03:00:00,201.31606
2011-07-30 04:00:00,193.34395
2011-07-30 05:00:00,169.44125
2011-07-30 06:00:00,175.50372
2011-07-30 07:00:00,191.5733
2011-07-30 08:00:00,236.61833
2011-07-30 09:00:00,401.6546
2011-07-30 10:00:00,420.70834
2011-07-30 11:00:00,369.96796
2011-07-30 12:00:00,360.99344
2011-07-30 13:00:00,318.8954
2011-07-30 14:00:00,310.31384
2011-07-30 15:00:00,316.84842
2011-07-30 16:00:00,342.42032
2011-07-30 17:00:00,314.55267
2011-07-30 18:00:00,347.10593
2011-07-30 19:00:00,528.3203
2011-07-30 20:00:00,327.6216
2011-07-30 21:00:00,290.01016
2011-07-30 22:00:00,235.33575
2011-07-30 23:00:00,211.9811
2011-07-31 00:00:00,211.98112
2011-07-31 01:00:00,195.97804
2011-07-31 02:00:00,188.93715
2011-07-31 03:00:00,174.72095
2011-07-31 04:00:00,145.7697
2011-07-31 05:00:00,151.73584
2011-07-31 06:00:00,158.01787
2011-07-31 07:00:00,203.58676
2011-07-31 08:00:00,262.28586
2011-07-31 09:00:00,274.9595
2011-07-31 10:00:00,355.7857
2011-07-31 11:00:00,348.41412
2011-07-31 12:00:00,339.74326
2011-07-31 13:00:00,325.61118
2011-07-31 14:00:00,332.9492
2011-07-31 15:00:00,374.71094
2011-07-31 16:00:00,380.77692
2011-07-31 17:00:00,361.51462
2011-07-31 18:00:00,386.12735
2011-07-31 19:00:00,334.27158
2011-07-31 20:00:00,334.27158
2011-07-31 21:00:00,266.15997
2011-07-31 22:00:00,184.187
2011-07-31 23:00:00,192.84798
2011-08-20 00:00:00,50.638958
2011-08-20 01:00:00,52.314293
2011-08-20 02:00:00,53.377354
2011-08-20 03:00:00,53.377354
2011-08-20 04:00:00,79.6053
2011-08-20 05:00:00,52.155006
2011-08-20 06:00:00,78.61084
2011-08-20 07:00:00,52.3143
2011-08-20 08:00:00,82.849045
2011-08-20 09:00:00,148.41505
2011-08-20 10:00:00,194.70822
2011-08-20 11:00:00,187.03331
2011-08-20 12:00:00,203.58676
2011-08-20 13:00:00,222.69054
2011-08-20 14:00:00,307.96207
2011-08-20 15:00:00,361.9712
2011-08-20 16:00:00,333.69363
2011-08-20 17:00:00,307.96207
2011-08-20 18:00:00,248.50626
2011-08-20 19:00:00,208.3288
2011-08-20 20:00:00,219.30153
2011-08-20 21:00:00,164.07771
2011-08-20 22:00:00,160.83
2011-08-20 23:00:00,125.56993
2011-08-21 00:00:00,116.2689
2011-08-21 01:00:00,78.62683
2011-08-21 02:00:00,79.902596
2011-08-21 03:00:00,65.17567
2011-08-21 04:00:00,63.67209
2011-08-21 05:00:00,63.615963
2011-08-21 06:00:00,61.116875
2011-08-21 07:00:00,81.006454
2011-08-21 08:00:00,82.66708
2011-08-21 09:00:00,131.36124
2011-08-21 10:00:00,140.671
2011-08-21 11:00:00,223.04073
2011-08-21 12:00:00,266.3653
2011-08-21 13:00:00,379.53235
2011-08-21 14:00:00,125.45419
2011-08-21 15:00:00,72.11319
2011-08-21 16:00:00,99.21056
2011-08-21 17:00:00,109.7454
2011-08-21 18:00:00,96.354095
2011-08-21 19:00:00,161.40596
2011-08-21 20:00:00,89.185425
2011-08-21 21:00:00,89.185425
2011-08-21 22:00:00,113.69714
2011-08-21 23:00:00,123.05552
2011-08-22 00:00:00,94.82948
2011-08-22 01:00:00,74.437065
2011-08-22 02:00:00,246.0388
2011-08-22 03:00:00,309.48938
2011-08-22 04:00:00,219.14236
2011-08-22 05:00:00,298.90405
2011-08-22 06:00:00,318.94247
2011-08-22 07:00:00,335.35632
2011-08-22 08:00:00,335.35632
2011-08-22 09:00:00,327.05542
2011-08-22 10:00:00,342.8569
2011-08-22 11:00:00,349.08554
2011-08-22 12:00:00,321.55753
2011-08-22 13:00:00,296.60513
2011-08-22 14:00:00,328.46997
2011-08-22 15:00:00,367.41248
2011-08-22 16:00:00,328.46997
2011-08-22 17:00:00,367.35696
2011-08-22 18:00:00,381.764
2011-08-22 19:00:00,400.47247
2011-08-22 20:00:00,421.25363
2011-08-22 21:00:00,403.5505
2011-08-22 22:00:00,389.64743
2011-08-22 23:00:00,401.06335
2011-08-23 00:00:00,361.83508
2011-08-23 01:00:00,337.18036
2011-08-23 02:00:00,314.0171
2011-08-23 03:00:00,311.29837
2011-08-23 04:00:00,287.69827
2011-08-23 05:00:00,291.16663
2011-08-23 06:00:00,277.03326
2011-08-23 07:00:00,295.35794
2011-08-23 08:00:00,194.58401
2011-08-23 09:00:00,234.74269
2011-08-23 10:00:00,267.53973
2011-08-23 11:00:00,350.69833
2011-08-23 12:00:00,306.59552
2011-08-23 13:00:00,369.05243
2011-08-23 14:00:00,363.10327
2011-08-23 15:00:00,357.75735
2011-08-23 16:00:00,363.53714
2011-08-23 17:00:00,357.75735
2011-08-23 18:00:00,358.27673
2011-08-23 19:00:00,332.02087
2011-08-23 20:00:00,326.3301
2011-08-23 21:00:00,133.20634
2011-08-23 22:00:00,189.42455
2011-08-23 23:00:00,201.02351
2011-08-24 00:00:00,189.42455
2011-08-24 01:00:00,187.57556
2011-08-24 02:00:00,184.00717
2011-08-24 03:00:00,184.00717
2011-08-24 04:00:00,119.82223
2011-08-24 05:00:00,119.82223
2011-08-24 06:00:00,116.72225
2011-08-24 07:00:00,167.5497
2011-08-24 08:00:00,147.04996
2011-08-24 09:00:00,205.1802
2011-08-24 10:00:00,331.9302
2011-08-24 11:00:00,338.5114
2011-08-24 12:00:00,341.7995
2011-08-24 13:00:00,298.31128
2011-08-24 14:00:00,298.31128
2011-08-24 15:00:00,298.0044
2011-08-24 16:00:00,300.2844
2011-08-24 17:00:00,320.98523
2011-08-24 18:00:00,341.99197
2011-08-24 19:00:00,341.99197
2011-08-24 20:00:00,346.01373
2011-08-24 21:00:00,344.10843
2011-08-24 22:00:00,336.0422
2011-08-24 23:00:00,263.37335
2011-08-25 00:00:00,231.14854
2011-08-25 01:00:00,290.82166
2011-08-25 02:00:00,290.82166
2011-08-25 03:00:00,224.86584
2011-08-25 04:00:00,249.20514
2011-08-25 05:00:00,264.8529
2011-08-25 06:00:00,185.32256
2011-08-25 07:00:00,173.8791
2011-08-25 08:00:00,199.20735
2011-08-25 09:00:00,228.09016
2011-08-25 10:00:00,248.34286
2011-08-25 11:00:00,198.91898
2011-08-25 12:00:00,198.91898
2011-08-25 13:00:00,80.13788
2011-08-25 14:00:00,253.42557
2011-08-25 15:00:00,276.3665
2011-08-25 16:00:00,55.702744
2011-08-25 17:00:00,55.702744
2011-08-25 18:00:00,156.99457
2011-08-25 19:00:00,182.28606
2011-08-25 20:00:00,220.65912
2011-08-25 21:00:00,159.4086
2011-08-25 22:00:00,68.01011
2011-08-25 23:00:00,68.63499
2011-08-26 00:00:00,72.96486
2011-08-26 01:00:00,68.01011
2011-08-26 02:00:00,61.021633
2011-08-26 03:00:00,54.89489
2011-08-26 04:00:00,49.884365
2011-08-26 05:00:00,85.215546
2011-08-26 06:00:00,49.884365
2011-08-26 07:00:00,71.07385
2011-08-26 08:00:00,67.78082
2011-08-26 09:00:00,86.06705
2011-08-26 10:00:00,194.87491
2011-08-26 11:00:00,270.01364
2011-08-26 12:00:00,284.90637
2011-08-26 13:00:00,280.86075
2011-08-26 14:00:00,189.54091
2011-08-26 15:00:00,297.74554
2011-08-26 16:00:00,234.54315
2011-08-26 17:00:00,277.5416
2011-08-26 18:00:00,251.03716
2011-08-26 19:00:00,84.580536
2011-08-26 20:00:00,79.11952
2011-08-26 21:00:00,124.77693
2011-08-26 22:00:00,84.580536
2011-08-26 23:00:00,60.112602
2011-08-27 00:00:00,64.032104
2011-08-27 01:00:00,64.74888
2011-08-27 02:00:00,58.783703
2011-08-27 03:00:00,86.07555
2011-08-27 04:00:00,86.07555
2011-08-27 05:00:00,93.78535
2011-08-27 06:00:00,93.78535
2011-08-27 07:00:00,111.72116
2011-08-27 08:00:00,88.948814
2011-08-27 09:00:00,150.98598
2011-08-27 10:00:00,208.17888
2011-08-27 11:00:00,80.15039
2011-08-27 12:00:00,131.41354
2011-08-27 13:00:00,102.43098
2011-08-27 14:00:00,97.24565
2011-08-27 15:00:00,97.24565
2011-08-27 16:00:00,96.77562
2011-08-27 17:00:00,71.53765
2011-08-28 07:00:00,94.57513
2011-08-28 08:00:00,99.40418
2011-08-28 09:00:00,259.33798
2011-08-28 10:00:00,397.96643
2011-08-28 11:00:00,359.58276
2011-08-28 12:00:00,425.13235
2011-08-28 13:00:00,468.6813
2011-08-28 14:00:00,486.94943
2011-08-28 15:00:00,473.38272
2011-08-28 16:00:00,476.14432
2011-08-28 17:00:00,461.65637
2011-08-28 18:00:00,401.31448
2011-08-28 19:00:00,270.56595
2011-08-28 20:00:00,311.7798
2011-08-28 21:00:00,155.36795
2011-08-28 22:00:00,90.6498
2011-08-28 23:00:00,66.12356
2011-08-29 00:00:00,99.58781
2011-08-29 01:00:00,125.304596
2011-08-29 02:00:00,170.77693
2011-08-29 03:00:00,125.304596
2011-08-29 04:00:00,191.39192
2011-08-29 05:00:00,125.942924
2011-08-29 06:00:00,125.942924
2011-08-29 07:00:00,253.82765
2011-08-29 08:00:00,286.97467
2011-08-29 09:00:00,316.46625
2011-08-29 10:00:00,355.8188
2011-08-29 11:00:00,305.78513
2011-08-29 12:00:00,274.26364
2011-08-29 13:00:00,270.28427
2011-08-29 14:00:00,220.26804
2011-08-29 15:00:00,340.83386
2011-08-29 16:00:00,338.99408
2011-08-29 17:00:00,264.01407
2011-08-29 18:00:00,375.5903
2011-08-29 19:00:00,375.5903
2011-08-29 20:00:00,238.89156
2011-08-29 21:00:00,268.8272
2011-08-29 22:00:00,189.42455
2011-08-29 23:00:00,184.07306
2011-08-30 00:00:00,125.942924
2011-08-30 01:00:00,168.35088
2011-08-30 02:00:00,122.63228
2011-08-30 03:00:00,168.30772
2011-08-30 04:00:00,126.51686
2011-08-30 05:00:00,110.34333
2011-08-30 06:00:00,122.63228
2011-08-30 07:00:00,191.39192
2011-08-30 08:00:00,189.42455
2011-08-30 09:00:00,332.02087
2011-08-30 10:00:00,371.91376
2011-08-30 11:00:00,355.44254
2011-08-30 12:00:00,261.98215
2011-08-30 13:00:00,338.49048
2011-08-30 14:00:00,358.5419
2011-08-30 15:00:00,349.3037
2011-08-30 16:00:00,352.4079
2011-08-30 17:00:00,355.8514
2011-08-30 18:00:00,323.97623
2011-08-30 19:00:00,204.50629
2011-08-30 20:00:00,162.97081
2011-08-30 21:00:00,170.09412
2011-08-30 22:00:00,137.67227
2011-08-30 23:00:00,137.67227
2011-08-31 00:00:00,108.92082
2011-08-31 01:00:00,108.92082
2011-08-31 02:00:00,116.72223
2011-08-31 03:00:00,94.86703
2011-08-31 04:00:00,116.72223
2011-08-31 05:00:00,76.15727
2011-08-31 06:00:00,104.70286
2011-08-31 07:00:00,83.45973
2011-08-31 08:00:00,105.18481
2011-08-31 09:00:00,124.600204
2011-08-31 10:00:00,262.9752
2011-08-31 11:00:00,311.9725
2011-08-31 12:00:00,314.48325
2011-08-31 13:00:00,328.03806
2011-08-31 14:00:00,336.02032
2011-08-31 15:00:00,336.02032
2011-08-31 16:00:00,318.31247
2011-08-31 17:00:00,296.62662
2011-08-31 18:00:00,322.55685
2011-08-31 19:00:00,300.37076
2011-08-31 20:00:00,205.80682
2011-08-31 21:00:00,179.9279
2011-08-31 22:00:00,106.35633
2011-08-31 23:00:00,83.45317
2011-09-20 00:00:00,143.54688
2011-09-20 01:00:00,75.16698
2011-09-20 02:00:00,75.16698
2011-09-20 03:00:00,113.89907
2011-09-20 04:00:00,70.47939
2011-09-20 05:00:00,82.23931
2011-09-20 06:00:00,82.23931
2011-09-20 07:00:00,75.16698
2011-09-20 08:00:00,56.469334
2011-09-20 09:00:00,52.3544
2011-09-20 10:00:00,53.984585
2011-09-20 11:00:00,53.984585
2011-09-20 12:00:00,56.875835
2011-09-20 13:00:00,53.48128
2011-09-20 14:00:00,95.770584
2011-09-20 15:00:00,150.62874
2011-09-20 16:00:00,132.51193
2011-09-20 17:00:00,73.56524
2011-09-20 18:00:00,73.56524
2011-09-20 19:00:00,42.719814
2011-09-20 20:00:00,35.178318
2011-09-20 21:00:00,35.178318
2011-09-20 22:00:00,35.178318
2011-09-20 23:00:00,35.178318
2011-09-21 00:00:00,30.327131
2011-09-21 01:00:00,36.98454
2011-09-21 02:00:00,36.98454
2011-09-21 03:00:00,44.572163
2011-09-21 04:00:00,30.12844
2011-09-21 05:00:00,33.702633
2011-09-21 06:00:00,34.309906
2011-09-21 07:00:00,34.309906
2011-09-21 08:00:00,26.746025
2011-09-21 09:00:00,27.71061
2011-09-21 10:00:00,75.36578
2011-09-21 11:00:00,146.56555
2011-09-21 12:00:00,162.18097
2011-09-21 13:00:00,199.18628
2011-09-21 14:00:00,198.36969
2011-09-21 15:00:00,193.69344
2011-09-21 16:00:00,193.69344
2011-09-21 17:00:00,175.44383
2011-09-21 18:00:00,81.765976
2011-09-21 19:00:00,62.90782
2011-09-21 20:00:00,62.90782
2011-09-21 21:00:00,44.56741
2011-09-21 22:00:00,59.841225
2011-09-21 23:00:00,46.405735
2011-09-22 00:00:00,46.405735
2011-09-22 01:00:00,65.053085
2011-09-22 02:00:00,66.07471
2011-09-22 03:00:00,65.05309
2011-09-22 04:00:00,65.05309
2011-09-22 05:00:00,66.07471
2011-09-22 06:00:00,46.539112
2011-09-22 07:00:00,44.716267
2011-09-22 08:00:00,48.89536
2011-09-22 09:00:00,84.61531
2011-09-22 10:00:00,124.18931
2011-09-22 11:00:00,129.87888
2011-09-22 12:00:00,159.33904
2011-09-22 13:00:00,152.13324
2011-09-22 14:00:00,147.79851
2011-09-22 15:00:00,178.04416
2011-09-22 16:00:00,208.86205
2011-09-22 17:00:00,173.31116
2011-09-22 18:00:00,141.38637
2011-09-22 19:00:00,95.26675
2011-09-22 20:00:00,73.49279
2011-09-22 21:00:00,95.26675
2011-09-22 22:00:00,46.15029
2011-09-22 23:00:00,59.841225
2011-09-23 00:00:00,132.92601
2011-09-23 01:00:00,50.55403
2011-09-23 02:00:00,71.80888
2011-09-23 03:00:00,50.55403
2011-09-23 04:00:00,91.233894
2011-09-23 05:00:00,82.430176
2011-09-23 06:00:00,132.92601
2011-09-23 07:00:00,110.03026
2011-09-23 08:00:00,110.03026
2011-09-23 09:00:00,77.45141
2011-09-23 10:00:00,83.84795
2011-09-23 11:00:00,83.847946
2011-09-23 12:00:00,119.90676
2011-09-23 13:00:00,79.42988
2011-09-23 14:00:00,79.42988
2011-09-23 15:00:00,119.90679
2011-09-23 16:00:00,136.88895
2011-09-23 17:00:00,50.55403
2011-09-23 18:00:00,73.27881
2011-09-23 19:00:00,102.18499
2011-09-23 20:00:00,104.65783
2011-09-23 21:00:00,78.17912
2011-09-23 22:00:00,100.9033
2011-09-23 23:00:00,69.02174
2011-09-24 00:00:00,67.69219
2011-09-24 01:00:00,91.85562
2011-09-24 02:00:00,91.85562
2011-09-24 03:00:00,78.90698
2011-09-24 04:00:00,79.09721
2011-09-24 05:00:00,92.352
2011-09-24 06:00:00,92.352
2011-09-24 07:00:00,106.64968
2011-09-24 08:00:00,103.12074
2011-09-24 09:00:00,118.49282
2011-09-24 10:00:00,118.49282
2011-09-24 11:00:00,180.43459
2011-09-24 12:00:00,180.43459
2011-09-24 13:00:00,207.19446
2011-09-24 14:00:00,278.13068
2011-09-24 15:00:00,278.13068
2011-09-24 16:00:00,242.14665
2011-09-24 17:00:00,312.49933
2011-09-24 18:00:00,234.3794
2011-09-24 19:00:00,106.70107
2011-09-24 20:00:00,136.30179
2011-09-24 21:00:00,146.43146
2011-09-24 22:00:00,143.12405
2011-09-24 23:00:00,118.49282
2011-09-25 00:00:00,134.24493
2011-09-25 01:00:00,115.87945
2011-09-25 02:00:00,101.529594
2011-09-25 03:00:00,101.529594
2011-09-25 04:00:00,79.59233
2011-09-25 05:00:00,100.12973
2011-09-25 06:00:00,115.87945
2011-09-25 07:00:00,93.692
2011-09-25 08:00:00,143.12405
2011-09-25 09:00:00,204.08975
2011-09-25 10:00:00,204.08975
2011-09-25 11:00:00,241.93127
2011-09-25 12:00:00,270.50333
2011-09-25 13:00:00,297.24643
2011-09-25 14:00:00,270.50333
2011-09-25 15:00:00,270.50333
2011-09-25 16:00:00,334.62573
2011-09-25 17:00:00,294.658
2011-09-25 18:00:00,294.658
2011-09-25 19:00:00,157.84055
2011-09-25 20:00:00,152.40234
2011-09-25 21:00:00,82.61862
2011-09-25 22:00:00,104.190414
2011-09-25 23:00:00,92.25234
2011-09-26 00:00:00,82.430176
2011-09-26 01:00:00,202.90385
2011-09-26 02:00:00,202.90385
2011-09-26 03:00:00,82.430176
2011-09-26 04:00:00,132.92609
2011-09-26 05:00:00,111.678566
2011-09-26 06:00:00,132.92601
2011-09-26 07:00:00,82.430176
2011-09-26 08:00:00,82.430176
2011-09-26 09:00:00,234.20712
2011-09-26 10:00:00,234.20712
2011-09-26 11:00:00,262.19278
2011-09-26 12:00:00,276.9226
2011-09-26 13:00:00,295.9448
2011-09-26 14:00:00,367.42407
2011-09-26 15:00:00,411.1923
2011-09-26 16:00:00,397.32974
2011-09-26 17:00:00,379.46872
2011-09-26 18:00:00,193.04968
2011-09-26 19:00:00,204.5772
2011-09-26 20:00:00,138.38292
2011-09-26 21:00:00,138.38292
2011-09-26 22:00:00,102.18499
2011-09-26 23:00:00,102.18499
2011-09-27 00:00:00,102.18499
2011-09-27 01:00:00,100.97258
2011-09-27 02:00:00,106.155426
2011-09-27 03:00:00,82.430176
2011-09-27 04:00:00,123.50152
2011-09-27 05:00:00,123.50152
2011-09-27 06:00:00,142.18793
2011-09-27 07:00:00,142.18793
2011-09-27 08:00:00,211.61588
2011-09-27 09:00:00,140.80296
2011-09-27 10:00:00,112.81438
2011-09-27 11:00:00,227.32523
2011-09-27 12:00:00,241.9388
2011-09-27 13:00:00,282.4938
2011-09-27 14:00:00,278.99423
2011-09-27 15:00:00,250.68282
2011-09-27 16:00:00,246.37674
2011-09-27 17:00:00,239.15665
2011-09-27 18:00:00,232.11502
2011-09-27 19:00:00,228.62636
2011-09-27 20:00:00,210.16354
2011-09-27 21:00:00,157.30563
2011-09-27 22:00:00,147.08269
2011-09-27 23:00:00,147.08269
2011-09-28 00:00:00,127.34381
2011-09-28 01:00:00,127.34381
2011-09-28 02:00:00,167.57991
2011-09-28 03:00:00,111.36839
2011-09-28 04:00:00,127.34381
2011-09-28 05:00:00,73.63351
2011-09-28 06:00:00,85.81235
2011-09-28 07:00:00,85.81235
2011-09-28 08:00:00,83.27807
2011-09-28 09:00:00,83.27807
2011-09-28 10:00:00,82.430176
2011-09-28 11:00:00,246.94936
2011-09-28 12:00:00,266.47128
2011-09-28 13:00:00,310.63333
2011-09-28 14:00:00,374.3066
2011-09-28 15:00:00,379.46872
2011-09-28 16:00:00,354.68292
2011-09-28 17:00:00,342.88095
2011-09-28 18:00:00,194.90157
2011-09-28 19:00:00,194.90157
2011-09-28 20:00:00,134.20772
2011-09-28 21:00:00,100.54395
2011-09-28 22:00:00,147.08269
2011-09-28 23:00:00,102.65007
2011-09-29 00:00:00,105.84065
2011-09-29 01:00:00,106.27382
2011-09-29 02:00:00,106.27382
2011-09-29 03:00:00,170.3734
2011-09-29 04:00:00,218.25818
2011-09-29 05:00:00,181.4164
2011-09-29 06:00:00,173.08014
2011-09-29 07:00:00,143.58173
2011-09-29 08:00:00,157.30563
2011-09-29 09:00:00,279.05322
2011-09-29 10:00:00,399.53717
2011-09-29 11:00:00,416.86542
2011-09-29 12:00:00,427.6024
2011-09-29 13:00:00,411.38293
2011-09-29 14:00:00,419.27234
2011-09-29 15:00:00,345.63303
2011-09-29 16:00:00,344.81622
2011-09-29 17:00:00,394.2609
2011-09-29 18:00:00,392.2891
2011-09-29 19:00:00,420.2871
2011-09-29 20:00:00,414.3227
2011-09-29 21:00:00,374.60663
2011-09-29 22:00:00,329.7601
2011-09-29 23:00:00,247.17795
2011-09-30 00:00:00,178.01703
2011-09-30 01:00:00,239.26096
2011-09-30 02:00:00,178.01703
2011-09-30 03:00:00,178.01706
2011-09-30 04:00:00,200.07726
2011-09-30 05:00:00,200.07722
2011-09-30 06:00:00,197.47993
2011-09-30 07:00:00,197.47993
2011-09-30 08:00:00,269.89877
2011-09-30 09:00:00,342.58398
2011-09-30 10:00:00,377.28378
2011-09-30 11:00:00,432.18646
2011-09-30 12:00:00,281.96228
2011-09-30 13:00:00,297.04562
2011-09-30 14:00:00,306.08493
2011-09-30 15:00:00,401.59265
2011-09-30 16:00:00,409.2617
2011-09-30 17:00:00,418.86426
2011-09-30 18:00:00,319.64456
2011-09-30 19:00:00,261.31348
2011-09-30 20:00:00,261.31348
2011-09-30 21:00:00,282.48807
2011-09-30 22:00:00,225.12303
2011-09-30 23:00:00,225.12303
2011-10-20 00:00:00,140.30876
2011-10-20 01:00:00,227.4538
2011-10-20 02:00:00,266.1084
2011-10-20 03:00:00,170.08452
2011-10-20 04:00:00,170.08452
2011-10-20 05:00:00,179.93138
2011-10-20 06:00:00,126.95924
2011-10-20 07:00:00,105.83618
2011-10-20 08:00:00,130.68134
2011-10-20 09:00:00,148.94345
2011-10-20 10:00:00,166.54948
2011-10-20 11:00:00,206.13647
2011-10-20 12:00:00,236.12897
2011-10-20 13:00:00,251.9028
2011-10-20 14:00:00,180.88063
2011-10-20 15:00:00,182.75539
2011-10-20 16:00:00,182.75539
2011-10-20 17:00:00,247.66003
2011-10-20 18:00:00,297.22336
2011-10-20 19:00:00,223.75517
2011-10-20 20:00:00,283.3496
2011-10-20 21:00:00,213.60606
2011-10-20 22:00:00,220.24342
2011-10-20 23:00:00,190.63835
2011-10-21 00:00:00,172.37729
2011-10-21 01:00:00,180.16919
2011-10-21 02:00:00,185.83359
2011-10-21 03:00:00,140.70702
2011-10-21 04:00:00,149.62444
2011-10-21 05:00:00,159.23521
2011-10-21 06:00:00,149.62444
2011-10-21 07:00:00,149.62444
2011-10-21 08:00:00,190.77882
2011-10-21 09:00:00,306.22894
2011-10-21 10:00:00,232.69421
2011-10-21 11:00:00,273.59595
2011-10-21 12:00:00,281.3646
2011-10-21 13:00:00,264.8056
2011-10-21 14:00:00,319.2266
2011-10-21 15:00:00,279.59094
2011-10-21 16:00:00,275.7234
2011-10-21 17:00:00,313.9947
2011-10-21 18:00:00,295.25662
2011-10-21 19:00:00,200.78738
2011-10-21 20:00:00,306.40366
2011-10-21 21:00:00,219.97055
2011-10-21 22:00:00,229.16653
2011-10-21 23:00:00,180.16919
2011-10-22 00:00:00,141.50937
2011-10-22 01:00:00,141.50937
2011-10-22 02:00:00,145.41388
2011-10-22 03:00:00,155.03267
2011-10-22 04:00:00,129.91182
2011-10-22 05:00:00,147.05869
2011-10-22 06:00:00,107.314804
2011-10-22 07:00:00,102.868904
2011-10-22 08:00:00,142.95786
2011-10-22 09:00:00,169.04753
2011-10-22 10:00:00,291.73782
2011-10-22 11:00:00,291.73782
2011-10-22 12:00:00,274.9895
2011-10-22 13:00:00,431.35538
2011-10-22 14:00:00,311.15457
2011-10-22 15:00:00,272.9954
2011-10-22 16:00:00,327.0915
2011-10-22 17:00:00,256.89105
2011-10-22 18:00:00,260.65472
2011-10-22 19:00:00,191.25963
2011-10-22 20:00:00,182.68631
2011-10-22 21:00:00,116.21006
2011-10-22 22:00:00,116.21006
2011-10-22 23:00:00,96.58439
2011-10-23 00:00:00,77.07254
2011-10-23 01:00:00,77.07254
2011-10-23 02:00:00,75.404625
2011-10-23 03:00:00,76.89651
2011-10-23 04:00:00,76.89651
2011-10-23 05:00:00,70.55106
2011-10-23 06:00:00,69.34442
2011-10-23 07:00:00,75.404625
2011-10-23 08:00:00,79.810394
2011-10-23 09:00:00,116.21006
2011-10-23 10:00:00,149.2477
2011-10-23 11:00:00,161.04149
2011-10-23 12:00:00,239.621
2011-10-23 13:00:00,300.0516
2011-10-23 14:00:00,283.86597
2011-10-23 15:00:00,316.4619
2011-10-23 16:00:00,300.0516
2011-10-23 17:00:00,262.94766
2011-10-23 18:00:00,262.03802
2011-10-23 19:00:00,130.97205
2011-10-23 20:00:00,166.75533
2011-10-23 21:00:00,166.75533
2011-10-23 22:00:00,132.00623
2011-10-23 23:00:00,123.02153
2011-10-24 00:00:00,142.41283
2011-10-24 01:00:00,147.41496
2011-10-24 02:00:00,134.32545
2011-10-24 03:00:00,130.33774
2011-10-24 04:00:00,118.4706
2011-10-24 05:00:00,107.594215
2011-10-24 06:00:00,134.32545
2011-10-24 07:00:00,104.96425
2011-10-24 08:00:00,168.76523
2011-10-24 09:00:00,183.69127
2011-10-24 10:00:00,249.5974
2011-10-24 11:00:00,301.00983
2011-10-24 12:00:00,290.5641
2011-10-24 13:00:00,265.84454
2011-10-24 14:00:00,276.46823
2011-10-24 15:00:00,366.71466
2011-10-24 16:00:00,344.17587
2011-10-24 17:00:00,359.52798
2011-10-24 18:00:00,388.5026
2011-10-24 19:00:00,99.19428
2011-10-24 20:00:00,179.22134
2011-10-24 21:00:00,136.07353
2011-10-24 22:00:00,245.22713
2011-10-24 23:00:00,196.1095
2011-10-25 00:00:00,187.44899
2011-10-25 01:00:00,187.44899
2011-10-25 02:00:00,146.75526
2011-10-25 03:00:00,110.83067
2011-10-25 04:00:00,148.68265
2011-10-25 05:00:00,148.68265
2011-10-25 06:00:00,137.07259
2011-10-25 07:00:00,176.93271
2011-10-25 08:00:00,177.35056
2011-10-25 09:00:00,206.14772
2011-10-25 10:00:00,231.2057
2011-10-25 11:00:00,270.3587
2011-10-25 12:00:00,346.28348
2011-10-25 13:00:00,345.92932
2011-10-25 14:00:00,346.03006
2011-10-25 15:00:00,342.8349
2011-10-25 16:00:00,362.02588
2011-10-25 17:00:00,342.8349
2011-10-25 18:00:00,305.20477
2011-10-25 19:00:00,264.45007
2011-10-25 20:00:00,279.11072
2011-10-25 21:00:00,224.04074
2011-10-25 22:00:00,220.60548
2011-10-25 23:00:00,224.04074
2011-10-26 00:00:00,205.30806
2011-10-26 01:00:00,162.02985
2011-10-26 02:00:00,215.1014
2011-10-26 03:00:00,178.20123
2011-10-26 04:00:00,151.59863
2011-10-26 05:00:00,170.27863
2011-10-26 06:00:00,170.27863
2011-10-26 07:00:00,197.20015
2011-10-26 08:00:00,289.4216
2011-10-26 09:00:00,279.41705
2011-10-26 10:00:00,260.41
2011-10-26 11:00:00,208.99722
2011-10-26 12:00:00,351.22403
2011-10-26 13:00:00,301.41888
2011-10-26 14:00:00,129.94438
2011-10-26 15:00:00,129.94438
2011-10-26 16:00:00,182.47328
2011-10-26 17:00:00,195.34842
2011-10-26 18:00:00,266.288
2011-10-26 19:00:00,141.91138
2011-10-26 20:00:00,122.09055
2011-10-26 21:00:00,129.94438
2011-10-26 22:00:00,104.68272
2011-10-26 23:00:00,104.68272
2011-10-27 00:00:00,87.25524
2011-10-27 01:00:00,87.25524
2011-10-27 02:00:00,57.43673
2011-10-27 03:00:00,57.43676
2011-10-27 04:00:00,79.444176
2011-10-27 05:00:00,82.858696
2011-10-27 06:00:00,110.83398
2011-10-27 07:00:00,76.38895
2011-10-27 08:00:00,69.41991
2011-10-27 09:00:00,187.94272
2011-10-27 10:00:00,70.51805
2011-10-27 11:00:00,80.103264
2011-10-27 12:00:00,80.103264
2011-10-27 13:00:00,147.78807
2011-10-27 14:00:00,95.00732
2011-10-27 15:00:00,152.88708
2011-10-27 16:00:00,262.49567
2011-10-27 17:00:00,152.926
2011-10-27 18:00:00,131.79697
2011-10-27 19:00:00,124.90958
2011-10-27 20:00:00,119.58888
2011-10-27 21:00:00,150.43292
2011-10-27 22:00:00,126.225395
2011-10-27 23:00:00,152.74156
2011-10-28 00:00:00,166.23062
2011-10-28 01:00:00,166.43062
2011-10-28 02:00:00,166.56935
2011-10-28 03:00:00,164.51105
2011-10-28 04:00:00,167.72945
2011-10-28 05:00:00,206.52083
2011-10-28 06:00:00,169.28229
2011-10-28 07:00:00,169.28229
2011-10-28 08:00:00,171.29825
2011-10-28 09:00:00,195.42546
2011-10-28 10:00:00,202.63252
2011-10-28 11:00:00,229.17415
2011-10-28 12:00:00,291.5727
2011-10-28 13:00:00,291.79855
2011-10-28 14:00:00,281.70718
2011-10-28 15:00:00,257.0407
2011-10-28 16:00:00,284.8859
2011-10-28 17:00:00,274.05246
2011-10-28 18:00:00,275.57605
2011-10-28 19:00:00,274.05246
2011-10-28 20:00:00,122.95811
2011-10-28 21:00:00,94.39237
2011-10-28 22:00:00,111.24606
2011-10-28 23:00:00,98.18632
2011-10-29 00:00:00,84.50153
2011-10-29 01:00:00,93.657555
2011-10-29 02:00:00,93.657555
2011-10-29 03:00:00,113.80885
2011-10-29 04:00:00,113.80885
2011-10-29 05:00:00,103.001465
2011-10-29 06:00:00,91.94638
2011-10-29 07:00:00,91.94638
2011-10-29 08:00:00,100.28262
2011-10-29 09:00:00,100.28262
2011-10-29 10:00:00,96.35406
2011-10-29 11:00:00,106.5422
2011-10-29 12:00:00,89.89255
2011-10-29 13:00:00,86.87899
2011-10-29 14:00:00,91.832436
2011-10-29 15:00:00,69.69633
2011-10-29 16:00:00,81.28319
2011-10-29 17:00:00,81.28319
2011-10-29 18:00:00,81.28319
2011-10-29 19:00:00,51.297016
2011-10-29 20:00:00,51.297016
2011-10-29 21:00:00,51.29703
2011-10-29 22:00:00,44.21744
2011-10-29 23:00:00,43.570293
2011-10-30 00:00:00,44.21744
2011-10-30 01:00:00,45.206985
2011-10-30 02:00:00,47.614643
2011-10-30 03:00:00,66.98134
2011-10-30 04:00:00,50.294376
2011-10-30 05:00:00,59.764618
2011-10-30 06:00:00,51.489243
2011-10-30 07:00:00,44.31723
2011-10-30 08:00:00,60.313366
2011-10-30 09:00:00,92.025696
2011-10-30 10:00:00,92.50167
2011-10-30 11:00:00,154.93605
2011-10-30 12:00:00,225.27168
2011-10-30 13:00:00,305.41306
2011-10-30 14:00:00,374.11533
2011-10-30 15:00:00,406.18613
2011-10-30 16:00:00,435.64096
2011-10-30 17:00:00,401.13983
2011-10-30 18:00:00,263.98618
2011-10-30 19:00:00,296.27383
2011-10-30 20:00:00,146.36003
2011-10-30 21:00:00,91.35467
2011-10-30 22:00:00,66.90151
2011-10-30 23:00:00,47.772717
2011-10-31 00:00:00,117.42763
2011-10-31 01:00:00,101.099365
2011-10-31 02:00:00,116.07397
2011-10-31 03:00:00,139.73744
2011-10-31 04:00:00,116.07398
2011-10-31 05:00:00,126.185455
2011-10-31 06:00:00,116.07397
2011-10-31 07:00:00,125.6308
2011-10-31 08:00:00,88.95398
2011-10-31 09:00:00,138.37842
2011-10-31 10:00:00,251.41335
2011-10-31 11:00:00,242.75462
2011-10-31 12:00:00,231.78532
2011-10-31 13:00:00,326.9711
2011-10-31 14:00:00,328.05927
2011-10-31 15:00:00,233.43333
2011-10-31 16:00:00,229.16653
2011-10-31 17:00:00,238.97649
2011-10-31 18:00:00,217.67143
2011-10-31 19:00:00,217.67143
2011-10-31 20:00:00,217.67143
2011-10-31 21:00:00,164.87079
2011-10-31 22:00:00,164.87079
2011-10-31 23:00:00,164.87079
2011-11-20 00:00:00,116.86835
2011-11-20 01:00:00,145.41388
2011-11-20 02:00:00,153.38524
2011-11-20 03:00:00,180.54953
2011-11-20 04:00:00,186.80205
2011-11-20 05:00:00,193.38689
2011-11-20 06:00:00,187.08014
2011-11-20 07:00:00,142.63507
2011-11-20 08:00:00,199.01604
2011-11-20 09:00:00,143.65533
2011-11-20 10:00:00,282.04764
2011-11-20 11:00:00,352.00653
2011-11-20 12:00:00,343.94135
2011-11-20 13:00:00,368.05945
2011-11-20 14:00:00,240.1907
2011-11-20 15:00:00,329.26718
2011-11-20 16:00:00,360.82755
2011-11-20 17:00:00,350.6865
2011-11-20 18:00:00,364.41318
2011-11-20 19:00:00,285.90198
2011-11-20 20:00:00,324.71683
2011-11-20 21:00:00,213.19405
2011-11-20 22:00:00,67.54334
2011-11-20 23:00:00,67.54334
2011-11-21 00:00:00,41.96777
2011-11-21 01:00:00,60.706356
2011-11-21 02:00:00,58.308117
2011-11-21 03:00:00,56.81121
2011-11-21 04:00:00,56.81121
2011-11-21 05:00:00,27.011763
2011-11-21 06:00:00,29.6014
2011-11-21 07:00:00,117.29899
2011-11-21 08:00:00,41.96777
2011-11-21 09:00:00,77.55804
2011-11-21 10:00:00,95.00732
2011-11-21 11:00:00,152.88708
2011-11-21 12:00:00,214.92056
2011-11-21 13:00:00,214.92056
2011-11-21 14:00:00,197.55386
2011-11-21 15:00:00,63.909874
2011-11-21 16:00:00,63.909874
2011-11-21 17:00:00,76.53765
2011-11-21 18:00:00,68.150154
2011-11-21 19:00:00,65.63928
2011-11-21 20:00:00,74.65967
2011-11-21 21:00:00,70.35787
2011-11-21 22:00:00,71.5932
2011-11-21 23:00:00,70.35787
2011-11-22 00:00:00,65.59918
2011-11-22 01:00:00,63.295605
2011-11-22 02:00:00,64.05496
2011-11-22 03:00:00,64.05496
2011-11-22 04:00:00,66.66249
2011-11-22 05:00:00,66.66249
2011-11-22 06:00:00,104.96425
2011-11-22 07:00:00,72.88734
2011-11-22 08:00:00,72.88734
2011-11-22 09:00:00,34.302036
2011-11-22 10:00:00,34.302036
2011-11-22 11:00:00,63.295605
2011-11-22 12:00:00,61.422375
2011-11-22 13:00:00,59.050194
2011-11-22 14:00:00,59.050194
2011-11-22 15:00:00,45.101307
2011-11-22 16:00:00,45.101307
2011-11-22 17:00:00,57.345955
2011-11-22 18:00:00,45.33994
2011-11-22 19:00:00,61.956993
2011-11-22 20:00:00,119.161095
2011-11-22 21:00:00,146.19633
2011-11-22 22:00:00,132.70724
2011-11-22 23:00:00,195.3553
2011-11-23 00:00:00,195.3553
2011-11-23 01:00:00,232.18987
2011-11-23 02:00:00,75.310234
2011-11-23 03:00:00,75.31026
2011-11-23 04:00:00,84.57931
2011-11-23 05:00:00,145.10297
2011-11-23 06:00:00,27.011763
2011-11-23 07:00:00,52.888805
2011-11-23 08:00:00,77.55804
2011-11-23 09:00:00,132.49182
2011-11-23 10:00:00,132.49182
2011-11-23 11:00:00,173.2588
2011-11-23 12:00:00,201.082
2011-11-23 13:00:00,151.6841
2011-11-23 14:00:00,196.57544
2011-11-23 15:00:00,161.5738
2011-11-23 16:00:00,141.19064
2011-11-23 17:00:00,101.00069
2011-11-23 18:00:00,141.74133
2011-11-23 19:00:00,161.63928
2011-11-23 20:00:00,146.566
2011-11-23 21:00:00,168.42278
2011-11-23 22:00:00,149.7362
2011-11-23 23:00:00,159.4875
2011-11-24 00:00:00,92.520164
2011-11-24 01:00:00,198.13013
2011-11-24 02:00:00,114.186935
2011-11-24 03:00:00,43.716343
2011-11-24 04:00:00,39.55489
2011-11-24 05:00:00,44.626053
2011-11-24 06:00:00,39.55489
2011-11-24 07:00:00,32.240902
2011-11-24 08:00:00,33.915012
2011-11-24 09:00:00,39.05648
2011-11-24 10:00:00,89.667984
2011-11-24 11:00:00,339.08237
2011-11-24 12:00:00,378.52805
2011-11-24 13:00:00,408.43253
2011-11-24 14:00:00,417.16818
2011-11-24 15:00:00,422.02402
2011-11-24 16:00:00,418.79507
2011-11-24 17:00:00,340.47403
2011-11-24 18:00:00,217.96442
2011-11-24 19:00:00,183.62032
2011-11-24 20:00:00,94.02641
2011-11-24 21:00:00,93.46149
2011-11-24 22:00:00,93.46149
2011-11-24 23:00:00,61.344357
2011-11-25 00:00:00,148.08414
2011-11-25 01:00:00,112.42509
2011-11-25 02:00:00,131.00443
2011-11-25 03:00:00,121.07626
2011-11-25 04:00:00,124.26199
2011-11-25 05:00:00,86.45913
2011-11-25 06:00:00,128.25308
2011-11-25 07:00:00,101.099365
2011-11-25 08:00:00,135.46648
2011-11-25 09:00:00,103.191574
2011-11-25 10:00:00,149.62444
2011-11-25 11:00:00,215.6232
2011-11-25 12:00:00,264.16928
2011-11-25 13:00:00,273.59595
2011-11-25 14:00:00,332.5573
2011-11-25 15:00:00,349.47357
2011-11-25 16:00:00,311.19742
2011-11-25 17:00:00,324.172
2011-11-25 18:00:00,259.0314
2011-11-25 19:00:00,201.62749
2011-11-25 20:00:00,251.07846
2011-11-25 21:00:00,151.84196
2011-11-25 22:00:00,133.79927
2011-11-25 23:00:00,127.26593
2011-11-26 00:00:00,95.77647
2011-11-26 01:00:00,86.451485
2011-11-26 02:00:00,73.46234
2011-11-26 03:00:00,68.7126
2011-11-26 04:00:00,68.7126
2011-11-26 05:00:00,78.43479
2011-11-26 06:00:00,142.40892
2011-11-26 07:00:00,47.684654
2011-11-26 08:00:00,86.451485
2011-11-26 09:00:00,93.88361
2011-11-26 10:00:00,95.73545
2011-11-26 11:00:00,164.97653
2011-11-26 12:00:00,304.1693
2011-11-26 13:00:00,406.9235
2011-11-26 14:00:00,310.90692
2011-11-26 15:00:00,345.1882
2011-11-26 16:00:00,280.26086
2011-11-26 17:00:00,280.26086
2011-11-26 18:00:00,205.67468
2011-11-26 19:00:00,263.31912
2011-11-26 20:00:00,312.46933
2011-11-26 21:00:00,152.9055
2011-11-26 22:00:00,239.41434
2011-11-26 23:00:00,95.73545
2011-11-27 00:00:00,95.73545
2011-11-27 01:00:00,95.73545
2011-11-27 02:00:00,87.15228
2011-11-27 03:00:00,76.89651
2011-11-27 04:00:00,75.91542
2011-11-27 05:00:00,78.21771
2011-11-27 06:00:00,101.75005
2011-11-27 07:00:00,87.35858
2011-11-27 08:00:00,108.49657
2011-11-27 09:00:00,160.20164
2011-11-27 10:00:00,160.20164
2011-11-27 11:00:00,183.04108
2011-11-27 12:00:00,273.0048
2011-11-27 13:00:00,318.07693
2011-11-27 14:00:00,500.69296
2011-11-27 15:00:00,475.3207
2011-11-27 16:00:00,308.68594
2011-11-27 17:00:00,320.49496
2011-11-27 18:00:00,256.88055
2011-11-27 19:00:00,202.27487
2011-11-27 20:00:00,223.7841
2011-11-27 21:00:00,181.27386
2011-11-27 22:00:00,174.50024
2011-11-27 23:00:00,174.50024
2011-11-28 00:00:00,177.34264
2011-11-28 01:00:00,169.61375
2011-11-28 03:00:00,160.5174
2011-11-28 04:00:00,145.31708
2011-11-28 05:00:00,110.83067
2011-11-28 06:00:00,134.00691
2011-11-28 07:00:00,110.21929
2011-11-28 08:00:00,42.627594
2011-11-28 09:00:00,211.74074
2011-11-28 10:00:00,208.8064
2011-11-28 11:00:00,290.56412
2011-11-28 12:00:00,405.75525
2011-11-28 13:00:00,323.7135
2011-11-28 14:00:00,369.02142
2011-11-28 15:00:00,390.19498
2011-11-28 16:00:00,354.7597
2011-11-28 17:00:00,363.68552
2011-11-28 18:00:00,354.88797
2011-11-28 19:00:00,298.78375
2011-11-28 20:00:00,256.6724
2011-11-28 21:00:00,236.5371
2011-11-28 22:00:00,152.88708
2011-11-28 23:00:00,169.78888
2011-11-29 00:00:00,139.48016
2011-11-29 01:00:00,171.78294
2011-11-29 02:00:00,74.67319
2011-11-29 03:00:00,74.67319
2011-11-29 04:00:00,224.42876
2011-11-29 05:00:00,195.02681
2011-11-29 06:00:00,205.10718
2011-11-29 07:00:00,249.05731
2011-11-29 08:00:00,245.54532
2011-11-29 09:00:00,196.20937
2011-11-29 10:00:00,196.20937
2011-11-29 11:00:00,77.467606
2011-11-29 12:00:00,81.89757
2011-11-29 13:00:00,105.84504
2011-11-29 14:00:00,65.63928
2011-11-29 15:00:00,89.97519
2011-11-29 16:00:00,74.65966
2011-11-29 17:00:00,251.4639
2011-11-29 18:00:00,219.17108
2011-11-29 19:00:00,220.16833
2011-11-29 20:00:00,217.52817
2011-11-29 21:00:00,217.52817
2011-11-29 22:00:00,150.36473
2011-11-29 23:00:00,113.98016
2011-11-30 00:00:00,143.63756
2011-11-30 01:00:00,156.22586
2011-11-30 02:00:00,146.8119
2011-11-30 03:00:00,146.8119
2011-11-30 04:00:00,162.0176
2011-11-30 05:00:00,153.28006
2011-11-30 06:00:00,142.66022
2011-11-30 07:00:00,128.25308
2011-11-30 08:00:00,153.28006
2011-11-30 09:00:00,160.78828
2011-11-30 10:00:00,164.99596
2011-11-30 11:00:00,196.98192
2011-11-30 12:00:00,254.06018
2011-11-30 13:00:00,234.56512
2011-11-30 14:00:00,234.56512
2011-11-30 15:00:00,217.79861
2011-11-30 16:00:00,216.62856
2011-11-30 17:00:00,213.59584
2011-11-30 18:00:00,202.94815
2011-11-30 19:00:00,231.74498
2011-11-30 20:00:00,231.74498
2011-11-30 21:00:00,188.99443
2011-11-30 22:00:00,173.94252
2011-11-30 23:00:00,176.45439
2011-12-20 00:00:00,239.31293
2011-12-20 01:00:00,233.0399
2011-12-20 02:00:00,165.12167
2011-12-20 03:00:00,165.12167
2011-12-20 04:00:00,261.42352
2011-12-20 05:00:00,202.03563
2011-12-20 06:00:00,202.03566
2011-12-20 07:00:00,169.80148
2011-12-20 08:00:00,318.82855
2011-12-20 09:00:00,147.10695
2011-12-20 10:00:00,294.0426
2011-12-20 11:00:00,274.91907
2011-12-20 12:00:00,332.5114
2011-12-20 13:00:00,332.5114
2011-12-20 14:00:00,314.55368
2011-12-20 15:00:00,269.99686
2011-12-20 16:00:00,267.07224
2011-12-20 17:00:00,205.10558
2011-12-20 18:00:00,172.09741
2011-12-20 19:00:00,195.37032
2011-12-20 20:00:00,180.7069
2011-12-20 21:00:00,185.02771
2011-12-20 22:00:00,147.10695
2011-12-20 23:00:00,176.25107
2011-12-21 00:00:00,118.49484
2011-12-21 01:00:00,130.1851
2011-12-21 02:00:00,135.21814
2011-12-21 03:00:00,135.21814
2011-12-21 04:00:00,135.21814
2011-12-21 05:00:00,119.2813
2011-12-21 06:00:00,140.27408
2011-12-21 07:00:00,110.889824
2011-12-21 08:00:00,109.41714
2011-12-21 09:00:00,95.81982
2011-12-21 10:00:00,91.74831
2011-12-21 11:00:00,91.74831
2011-12-21 12:00:00,30.434275
2011-12-21 13:00:00,34.340134
2011-12-21 14:00:00,93.49165
2011-12-21 15:00:00,91.162636
2011-12-21 16:00:00,38.013836
2011-12-21 17:00:00,38.013836
2011-12-21 18:00:00,73.37141
2011-12-21 19:00:00,108.035225
2011-12-21 20:00:00,104.662865
2011-12-21 21:00:00,107.66654
2011-12-21 22:00:00,112.66085
2011-12-21 23:00:00,136.36908
2011-12-22 00:00:00,188.29913
2011-12-22 01:00:00,138.41122
2011-12-22 02:00:00,182.42355
2011-12-22 03:00:00,124.056015
2011-12-22 04:00:00,116.21916
2011-12-22 05:00:00,153.76767
2011-12-22 06:00:00,141.0504
2011-12-22 07:00:00,129.17387
2011-12-22 08:00:00,140.27408
2011-12-22 09:00:00,128.9945
2011-12-22 10:00:00,138.28317
2011-12-22 11:00:00,191.03479
2011-12-22 12:00:00,156.10431
2011-12-22 13:00:00,167.71582
2011-12-22 14:00:00,167.71582
2011-12-22 15:00:00,166.9528
2011-12-22 16:00:00,167.71582
2011-12-22 17:00:00,147.98427
2011-12-22 18:00:00,157.39412
2011-12-22 19:00:00,159.54855
2011-12-22 20:00:00,146.7392
2011-12-22 21:00:00,146.7392
2011-12-22 22:00:00,77.70887
2011-12-22 23:00:00,139.38492
2011-12-23 00:00:00,51.435707
2011-12-23 01:00:00,51.435707
2011-12-23 02:00:00,82.943405
2011-12-23 03:00:00,82.943405
2011-12-23 04:00:00,30.941967
2011-12-23 05:00:00,76.0664
2011-12-23 06:00:00,72.75622
2011-12-23 07:00:00,82.74753
2011-12-23 08:00:00,87.13172
2011-12-23 09:00:00,109.90706
2011-12-23 10:00:00,120.3677
2011-12-23 11:00:00,148.989
2011-12-23 12:00:00,172.77263
2011-12-23 13:00:00,159.1137
2011-12-23 14:00:00,139.64862
2011-12-23 15:00:00,122.2398
2011-12-23 16:00:00,120.46958
2011-12-23 17:00:00,112.022865
2011-12-23 18:00:00,114.32729
2011-12-23 19:00:00,110.072044
2011-12-23 20:00:00,105.00909
2011-12-23 21:00:00,102.59251
2011-12-23 22:00:00,102.12288
2011-12-23 23:00:00,100.46785
2011-12-24 00:00:00,94.649185
2011-12-24 01:00:00,82.199356
2011-12-24 02:00:00,93.58223
2011-12-24 03:00:00,89.64001
2011-12-24 04:00:00,90.524734
2011-12-24 05:00:00,90.524734
2011-12-24 06:00:00,78.90263
2011-12-24 07:00:00,48.20485
2011-12-24 08:00:00,49.29434
2011-12-24 09:00:00,96.08595
2011-12-24 10:00:00,95.44558
2011-12-24 11:00:00,107.96664
2011-12-24 12:00:00,110.3928
2011-12-24 13:00:00,104.32169
2011-12-24 14:00:00,104.32169
2011-12-24 15:00:00,86.58527
2011-12-24 16:00:00,87.39973
2011-12-24 17:00:00,55.94605
2011-12-24 18:00:00,60.547215
2011-12-24 19:00:00,57.94856
2011-12-24 20:00:00,49.30711
2011-12-24 21:00:00,48.59406
2011-12-24 22:00:00,41.721104
2011-12-24 23:00:00,38.293926
2011-12-25 00:00:00,45.003925
2011-12-25 01:00:00,39.77315
2011-12-25 02:00:00,38.98252
2011-12-25 03:00:00,37.446842
2011-12-25 05:00:00,37.544796
2011-12-25 06:00:00,37.544796
2011-12-25 07:00:00,37.81491
2011-12-25 08:00:00,39.260292
2011-12-25 09:00:00,38.438465
2011-12-25 10:00:00,39.754715
2011-12-25 11:00:00,51.863354
2011-12-25 12:00:00,44.436634
2011-12-25 13:00:00,50.198174
2011-12-25 14:00:00,75.22968
2011-12-25 15:00:00,75.12924
2011-12-25 16:00:00,87.9137
2011-12-25 17:00:00,69.378494
2011-12-25 18:00:00,54.654423
2011-12-25 19:00:00,67.03617
2011-12-25 20:00:00,67.98853
2011-12-25 21:00:00,56.33595
2011-12-25 22:00:00,49.998318
2011-12-25 23:00:00,47.597767
2011-12-26 00:00:00,109.50741
2011-12-26 01:00:00,103.88215
2011-12-26 02:00:00,108.09776
2011-12-26 04:00:00,131.89355
2011-12-26 05:00:00,146.41164
2011-12-26 06:00:00,127.05868
2011-12-26 07:00:00,94.4444
2011-12-26 08:00:00,70.86188
2011-12-26 09:00:00,131.89355
2011-12-26 10:00:00,181.2099
2011-12-26 11:00:00,201.64127
2011-12-26 12:00:00,171.98375
2011-12-26 13:00:00,126.22752
2011-12-26 14:00:00,132.71254
2011-12-26 15:00:00,115.0615
2011-12-26 16:00:00,126.224014
2011-12-26 17:00:00,108.09776
2011-12-26 18:00:00,54.225056
2011-12-26 19:00:00,78.62593
2011-12-26 20:00:00,59.254837
2011-12-26 21:00:00,46.110104
2011-12-26 22:00:00,46.11014
2011-12-26 23:00:00,84.90582
2011-12-27 00:00:00,85.045334
2011-12-27 01:00:00,81.85266
2011-12-27 02:00:00,81.85266
2011-12-27 03:00:00,107.31675
2011-12-27 04:00:00,109.58597
2011-12-27 05:00:00,111.60432
2011-12-27 06:00:00,115.37251
2011-12-27 07:00:00,110.35916
2011-12-27 08:00:00,109.19482
2011-12-27 09:00:00,110.41057
2011-12-27 10:00:00,113.96491
2011-12-27 11:00:00,110.41057
2011-12-27 12:00:00,69.6489
2011-12-27 13:00:00,49.62648
2011-12-27 14:00:00,35.033916
2011-12-27 15:00:00,35.033916
2011-12-27 16:00:00,32.0195
2011-12-27 17:00:00,81.9334
2011-12-27 18:00:00,65.056854
2011-12-27 19:00:00,84.90135
2011-12-27 20:00:00,94.10584
2011-12-27 21:00:00,98.23475
2011-12-27 22:00:00,98.23475
2011-12-27 23:00:00,77.564606
2011-12-28 00:00:00,79.05483
2011-12-28 01:00:00,94.512665
2011-12-28 02:00:00,100.944244
2011-12-28 03:00:00,100.944244
2011-12-28 05:00:00,108.06968
2011-12-28 06:00:00,102.36721
2011-12-28 07:00:00,102.367256
2011-12-28 08:00:00,108.06968
2011-12-28 09:00:00,104.84616
2011-12-28 10:00:00,108.65868
2011-12-28 11:00:00,119.91707
2011-12-28 12:00:00,142.45152
2011-12-28 13:00:00,129.59584
2011-12-28 14:00:00,113.3842
2011-12-28 15:00:00,123.1364
2011-12-28 16:00:00,114.23217
2011-12-28 17:00:00,98.74183
2011-12-28 18:00:00,82.00084
2011-12-28 19:00:00,74.20118
2011-12-28 20:00:00,75.88052
2011-12-28 21:00:00,75.88808
2011-12-28 22:00:00,76.29707
2011-12-28 23:00:00,71.25339
2011-12-29 00:00:00,81.98835
2011-12-29 01:00:00,75.880615
2011-12-29 02:00:00,81.82065
2011-12-29 03:00:00,84.35634
2011-12-29 04:00:00,85.88291
2011-12-29 05:00:00,85.67344
2011-12-29 06:00:00,75.71417
2011-12-29 07:00:00,82.50329
2011-12-29 08:00:00,64.864105
2011-12-29 09:00:00,79.31754
2011-12-29 10:00:00,85.27275
2011-12-29 11:00:00,83.08824
2011-12-29 12:00:00,88.79031
2011-12-29 13:00:00,91.89811
2011-12-29 14:00:00,78.70806
2011-12-29 15:00:00,96.686676
2011-12-29 16:00:00,103.62797
2011-12-29 17:00:00,96.81156
2011-12-29 18:00:00,102.64209
2011-12-29 19:00:00,103.344345
2011-12-29 20:00:00,86.545906
2011-12-29 21:00:00,97.21515
2011-12-29 22:00:00,89.5902
2011-12-29 23:00:00,95.79092
2011-12-30 00:00:00,86.57587
2011-12-30 01:00:00,81.27567
2011-12-30 02:00:00,80.252525
2011-12-30 03:00:00,80.252525
2011-12-30 04:00:00,79.963005
2011-12-30 05:00:00,78.84971
2011-12-30 06:00:00,79.963005
2011-12-30 07:00:00,80.787346
2011-12-30 08:00:00,85.6064
2011-12-30 09:00:00,85.237885
2011-12-30 10:00:00,95.0346
2011-12-30 11:00:00,102.12288
2011-12-30 12:00:00,105.82216
2011-12-30 13:00:00,122.60188
2011-12-30 14:00:00,122.95368
2011-12-30 15:00:00,126.94475
2011-12-30 16:00:00,132.64555
2011-12-30 17:00:00,117.13483
2011-12-30 18:00:00,114.45351
2011-12-30 19:00:00,134.33488
2011-12-30 20:00:00,122.563354
2011-12-30 21:00:00,130.1851
2011-12-30 22:00:00,116.163124
2011-12-30 23:00:00,124.47415
2011-12-31 00:00:00,77.030914
2011-12-31 01:00:00,86.07451
2011-12-31 02:00:00,86.07451
2011-12-31 03:00:00,86.07451
2011-12-31 04:00:00,68.5732
2011-12-31 05:00:00,86.4764
2011-12-31 06:00:00,147.41093
2011-12-31 07:00:00,49.07074
2011-12-31 08:00:00,51.50935
2011-12-31 09:00:00,62.648552
2011-12-31 10:00:00,76.40647
2011-12-31 11:00:00,108.048805
2011-12-31 12:00:00,251.62894
2011-12-31 13:00:00,161.37085
2011-12-31 14:00:00,182.96223
2011-12-31 15:00:00,145.5464
2011-12-31 16:00:00,144.03233
2011-12-31 17:00:00,173.37714
2011-12-31 18:00:00,164.62962
2011-12-31 19:00:00,174.97368
2011-12-31 20:00:00,174.97368
2011-12-31 21:00:00,147.23207
2011-12-31 22:00:00,104.8955
2011-12-31 23:00:00,63.830814
2012-01-20 00:00:00,100.09027
2012-01-20 01:00:00,89.71851
2012-01-20 02:00:00,89.71851
2012-01-20 03:00:00,88.0668
2012-01-20 04:00:00,86.24595
2012-01-20 05:00:00,86.24595
2012-01-20 06:00:00,82.284
2012-01-20 07:00:00,85.0797
2012-01-20 08:00:00,82.93711
2012-01-20 09:00:00,78.34468
2012-01-20 10:00:00,89.62081
2012-01-20 11:00:00,97.62835
2012-01-20 12:00:00,95.19911
2012-01-20 13:00:00,83.37788
2012-01-20 14:00:00,93.736015
2012-01-20 15:00:00,73.5799
2012-01-20 16:00:00,72.505745
2012-01-20 17:00:00,58.627617
2012-01-20 18:00:00,61.455704
2012-01-20 19:00:00,65.99596
2012-01-20 20:00:00,61.455704
2012-01-20 21:00:00,64.48436
2012-01-20 22:00:00,78.082245
2012-01-20 23:00:00,66.32098
2012-01-21 00:00:00,37.573486
2012-01-21 01:00:00,32.136906
2012-01-21 02:00:00,41.565018
2012-01-21 03:00:00,36.824112
2012-01-21 04:00:00,40.44972
2012-01-21 05:00:00,39.7787
2012-01-21 06:00:00,23.48193
2012-01-21 07:00:00,23.48193
2012-01-21 08:00:00,26.435875
2012-01-21 09:00:00,26.435875
2012-01-21 10:00:00,18.530025
2012-01-21 11:00:00,28.001806
2012-01-21 12:00:00,39.949215
2012-01-21 13:00:00,48.946556
2012-01-21 14:00:00,41.790134
2012-01-21 15:00:00,41.790108
2012-01-21 16:00:00,60.6218
2012-01-21 17:00:00,74.61261
2012-01-21 18:00:00,83.24825
2012-01-21 19:00:00,75.92383
2012-01-21 20:00:00,57.731792
2012-01-21 21:00:00,47.244965
2012-01-21 22:00:00,72.275566
2012-01-21 23:00:00,48.456516
2012-01-22 00:00:00,46.12055
2012-01-22 01:00:00,72.275566
2012-01-22 02:00:00,66.91531
2012-01-22 03:00:00,76.22331
2012-01-22 04:00:00,40.97446
2012-01-22 05:00:00,48.290253
2012-01-22 06:00:00,50.07538
2012-01-22 07:00:00,50.07538
2012-01-22 08:00:00,50.07538
2012-01-22 09:00:00,50.07538
2012-01-22 10:00:00,64.90845
2012-01-22 11:00:00,40.59377
2012-01-22 12:00:00,45.755928
2012-01-22 13:00:00,35.07926
2012-01-22 14:00:00,38.492985
2012-01-22 15:00:00,41.317753
2012-01-22 16:00:00,41.317753
2012-01-22 17:00:00,30.580696
2012-01-22 18:00:00,39.7787
2012-01-22 19:00:00,39.7787
2012-01-22 20:00:00,35.292294
2012-01-22 21:00:00,39.7787
2012-01-22 22:00:00,19.630024
2012-01-22 23:00:00,20.131227
2012-01-23 00:00:00,64.787834
2012-01-23 01:00:00,59.273735
2012-01-23 02:00:00,59.273735
2012-01-23 03:00:00,64.78785
2012-01-23 04:00:00,84.62311
2012-01-23 05:00:00,65.48676
2012-01-23 06:00:00,65.48676
2012-01-23 07:00:00,49.354008
2012-01-23 08:00:00,42.074764
2012-01-23 09:00:00,61.356594
2012-01-23 10:00:00,57.316837
2012-01-23 11:00:00,50.129932
2012-01-23 12:00:00,59.888096
2012-01-23 13:00:00,39.486584
2012-01-23 14:00:00,40.455673
2012-01-23 15:00:00,33.908154
2012-01-23 16:00:00,47.4058
2012-01-23 17:00:00,48.542316
2012-01-23 18:00:00,49.77698
2012-01-23 19:00:00,49.27151
2012-01-23 20:00:00,41.573048
2012-01-23 21:00:00,32.097694
2012-01-23 22:00:00,32.097694
2012-01-23 23:00:00,37.449894
2012-01-24 00:00:00,34.709236
2012-01-24 01:00:00,46.51395
2012-01-24 02:00:00,52.94126
2012-01-24 03:00:00,78.34408
2012-01-24 04:00:00,65.14981
2012-01-24 05:00:00,65.14981
2012-01-24 06:00:00,63.474625
2012-01-24 07:00:00,78.34408
2012-01-24 08:00:00,78.34408
2012-01-24 09:00:00,89.30242
2012-01-24 10:00:00,94.10584
2012-01-24 11:00:00,93.61724
2012-01-24 12:00:00,84.90135
2012-01-24 13:00:00,84.90135
2012-01-24 14:00:00,79.82142
2012-01-24 15:00:00,126.12763
2012-01-24 16:00:00,118.44873
2012-01-24 17:00:00,130.31032
2012-01-24 18:00:00,118.65751
2012-01-24 19:00:00,131.77249
2012-01-24 20:00:00,112.09211
2012-01-24 21:00:00,124.9571
2012-01-24 22:00:00,119.17932
2012-01-24 23:00:00,112.09211
2012-01-25 00:00:00,95.527725
2012-01-25 01:00:00,95.706566
2012-01-25 02:00:00,89.98055
2012-01-25 03:00:00,80.82883
2012-01-25 04:00:00,83.15698
2012-01-25 05:00:00,83.15698
2012-01-25 06:00:00,82.69547
2012-01-25 07:00:00,80.77307
2012-01-25 08:00:00,83.399414
2012-01-25 09:00:00,83.399414
2012-01-25 10:00:00,97.83177
2012-01-25 11:00:00,115.37251
2012-01-25 12:00:00,109.65036
2012-01-25 13:00:00,119.77267
2012-01-25 14:00:00,118.84616
2012-01-25 15:00:00,109.7266
2012-01-25 16:00:00,113.856606
2012-01-25 17:00:00,119.60311
2012-01-25 18:00:00,100.46785
2012-01-25 19:00:00,96.832924
2012-01-25 20:00:00,102.8157
2012-01-25 21:00:00,91.166275
2012-01-25 22:00:00,91.57533
2012-01-25 23:00:00,89.734344
2012-01-26 00:00:00,91.222496
2012-01-26 01:00:00,104.85482
2012-01-26 02:00:00,88.75255
2012-01-26 03:00:00,90.80579
2012-01-26 04:00:00,91.18609
2012-01-26 05:00:00,95.67675
2012-01-26 06:00:00,95.78199
2012-01-26 07:00:00,80.35262
2012-01-26 08:00:00,80.35262
2012-01-26 09:00:00,102.46043
2012-01-26 10:00:00,80.99627
2012-01-26 11:00:00,75.31238
2012-01-26 12:00:00,94.35031
2012-01-26 13:00:00,144.44621
2012-01-26 14:00:00,136.86209
2012-01-26 15:00:00,144.57922
2012-01-26 16:00:00,140.4495
2012-01-26 17:00:00,164.98157
2012-01-26 18:00:00,164.98157
2012-01-26 19:00:00,130.7762
2012-01-26 20:00:00,125.4415
2012-01-26 21:00:00,130.7762
2012-01-26 22:00:00,125.66281
2012-01-26 23:00:00,165.68832
2012-01-27 00:00:00,91.18046
2012-01-27 01:00:00,95.81982
2012-01-27 02:00:00,113.137886
2012-01-27 03:00:00,76.458435
2012-01-27 04:00:00,59.972866
2012-01-27 05:00:00,67.19439
2012-01-27 06:00:00,59.871204
2012-01-27 07:00:00,66.23883
2012-01-27 08:00:00,55.80707
2012-01-27 09:00:00,55.80707
2012-01-27 10:00:00,99.59302
2012-01-27 11:00:00,157.13055
2012-01-27 12:00:00,157.8596
2012-01-27 13:00:00,198.13805
2012-01-27 14:00:00,246.38914
2012-01-27 15:00:00,154.2987
2012-01-27 16:00:00,213.24185
2012-01-27 17:00:00,217.03436
2012-01-27 18:00:00,168.04132
2012-01-27 19:00:00,121.65877
2012-01-27 20:00:00,113.19081
2012-01-27 21:00:00,136.29846
2012-01-27 22:00:00,116.06233
2012-01-27 23:00:00,112.947044
2012-01-28 00:00:00,69.85068
2012-01-28 01:00:00,60.75204
2012-01-28 02:00:00,46.874092
2012-01-28 03:00:00,48.22877
2012-01-28 04:00:00,47.6272
2012-01-28 05:00:00,39.7607
2012-01-28 06:00:00,40.96493
2012-01-28 07:00:00,36.544834
2012-01-28 08:00:00,36.061783
2012-01-28 09:00:00,36.55308
2012-01-28 10:00:00,46.46915
2012-01-28 11:00:00,56.33595
2012-01-28 12:00:00,56.039886
2012-01-28 13:00:00,82.09749
2012-01-28 14:00:00,118.80823
2012-01-28 15:00:00,150.90793
2012-01-28 16:00:00,148.42142
2012-01-28 17:00:00,136.19975
2012-01-28 18:00:00,196.89417
2012-01-28 19:00:00,66.201614
2012-01-28 20:00:00,125.96689
2012-01-28 21:00:00,94.93929
2012-01-28 22:00:00,102.52445
2012-01-28 23:00:00,88.0508
2012-01-29 00:00:00,76.38653
2012-01-29 01:00:00,79.96747
2012-01-29 02:00:00,74.63319
2012-01-29 03:00:00,60.81011
2012-01-29 04:00:00,41.183575
2012-01-29 05:00:00,38.773746
2012-01-29 06:00:00,40.880974
2012-01-29 07:00:00,42.14488
2012-01-29 08:00:00,39.146713
2012-01-29 09:00:00,38.770885
2012-01-29 10:00:00,49.158997
2012-01-29 11:00:00,68.61127
2012-01-29 12:00:00,88.06396
2012-01-29 13:00:00,88.06396
2012-01-29 14:00:00,91.871956
2012-01-29 15:00:00,100.67167
2012-01-29 16:00:00,76.843414
2012-01-29 17:00:00,76.843414
2012-01-29 18:00:00,74.22998
2012-01-29 19:00:00,94.897095
2012-01-29 20:00:00,75.21823
2012-01-29 21:00:00,89.09662
2012-01-29 22:00:00,73.34235
2012-01-29 23:00:00,93.500885
2012-01-30 00:00:00,108.46162
2012-01-30 01:00:00,91.701416
2012-01-30 02:00:00,81.07535
2012-01-30 03:00:00,80.606964
2012-01-30 04:00:00,81.960045
2012-01-30 05:00:00,81.960045
2012-01-30 06:00:00,71.25339
2012-01-30 07:00:00,69.96624
2012-01-30 08:00:00,74.73649
2012-01-30 09:00:00,74.73649
2012-01-30 10:00:00,70.41736
2012-01-30 11:00:00,73.46687
2012-01-30 12:00:00,93.60686
2012-01-30 13:00:00,118.74521
2012-01-30 14:00:00,140.36752
2012-01-30 15:00:00,146.4346
2012-01-30 16:00:00,155.01389
2012-01-30 17:00:00,162.38237
2012-01-30 18:00:00,147.8123
2012-01-30 19:00:00,104.1518
2012-01-30 20:00:00,115.592964
2012-01-30 21:00:00,107.94205
2012-01-30 22:00:00,88.27388
2012-01-30 23:00:00,89.09029
2012-01-31 00:00:00,87.781105
2012-01-31 01:00:00,92.4161
2012-01-31 02:00:00,101.04076
2012-01-31 03:00:00,95.82665
2012-01-31 04:00:00,99.53814
2012-01-31 05:00:00,99.53814
2012-01-31 06:00:00,98.43633
2012-01-31 07:00:00,89.09031
2012-01-31 08:00:00,89.179756
2012-01-31 09:00:00,100.05001
2012-01-31 10:00:00,110.747826
2012-01-31 11:00:00,157.32277
2012-01-31 12:00:00,140.99573
2012-01-31 13:00:00,180.97298
2012-01-31 14:00:00,203.62097
2012-01-31 15:00:00,214.93826
2012-01-31 16:00:00,214.93826
2012-01-31 17:00:00,212.23889
2012-01-31 18:00:00,221.78252
2012-01-31 19:00:00,202.25938
2012-01-31 20:00:00,117.78141
2012-01-31 21:00:00,182.91513
2012-01-31 22:00:00,172.58336
2012-01-31 23:00:00,167.73772
2012-02-20 00:00:00,68.4327
2012-02-20 01:00:00,68.4327
2012-02-20 02:00:00,68.4327
2012-02-20 03:00:00,92.467674
2012-02-20 05:00:00,143.26422
2012-02-20 06:00:00,156.60674
2012-02-20 07:00:00,130.88441
2012-02-20 08:00:00,152.99187
2012-02-20 09:00:00,152.99187
2012-02-20 10:00:00,161.71623
2012-02-20 11:00:00,143.6142
2012-02-20 12:00:00,103.18258
2012-02-20 13:00:00,121.662186
2012-02-20 14:00:00,84.68852
2012-02-20 15:00:00,93.99067
2012-02-20 16:00:00,28.87711
2012-02-20 17:00:00,89.05053
2012-02-20 18:00:00,93.99067
2012-02-20 19:00:00,93.99067
2012-02-20 20:00:00,83.13581
2012-02-20 21:00:00,75.56244
2012-02-20 22:00:00,47.945667
2012-02-20 23:00:00,25.949202
2012-02-21 00:00:00,78.3002
2012-02-21 01:00:00,80.43464
2012-02-21 02:00:00,77.05064
2012-02-21 04:00:00,75.32138
2012-02-21 05:00:00,76.12761
2012-02-21 06:00:00,79.836586
2012-02-21 07:00:00,75.32138
2012-02-21 08:00:00,80.25829
2012-02-21 09:00:00,79.4504
2012-02-21 10:00:00,85.429245
2012-02-21 11:00:00,91.98947
2012-02-21 12:00:00,128.2146
2012-02-21 13:00:00,118.36134
2012-02-21 14:00:00,129.8015
2012-02-21 15:00:00,118.36134
2012-02-21 16:00:00,125.37647
2012-02-21 17:00:00,163.90063
2012-02-21 18:00:00,163.90063
2012-02-21 19:00:00,119.077255
2012-02-21 20:00:00,106.6314
2012-02-21 21:00:00,108.614815
2012-02-21 22:00:00,112.26959
2012-02-21 23:00:00,102.22856
2012-02-22 00:00:00,102.22856
2012-02-22 01:00:00,100.43067
2012-02-22 02:00:00,103.46409
2012-02-22 03:00:00,110.64357
2012-02-22 04:00:00,105.290504
2012-02-22 05:00:00,99.8434
2012-02-22 06:00:00,94.512665
2012-02-22 07:00:00,103.99424
2012-02-22 08:00:00,95.334076
2012-02-22 09:00:00,100.6633
2012-02-22 10:00:00,110.45985
2012-02-22 11:00:00,110.97321
2012-02-22 12:00:00,111.554245
2012-02-22 13:00:00,125.03685
2012-02-22 14:00:00,134.71086
2012-02-22 15:00:00,209.6252
2012-02-22 16:00:00,213.10635
2012-02-22 17:00:00,207.69595
2012-02-22 18:00:00,145.13281
2012-02-22 19:00:00,144.70386
2012-02-22 20:00:00,143.50346
2012-02-22 21:00:00,120.2691
2012-02-22 22:00:00,146.1518
2012-02-22 23:00:00,137.42896
2012-02-23 00:00:00,146.1518
2012-02-23 01:00:00,150.37602
2012-02-23 02:00:00,151.69771
2012-02-23 03:00:00,89.39474
2012-02-23 04:00:00,94.667145
2012-02-23 05:00:00,94.667145
2012-02-23 06:00:00,84.161385
2012-02-23 07:00:00,79.82142
2012-02-23 08:00:00,77.11753
2012-02-23 09:00:00,73.58866
2012-02-23 10:00:00,116.57589
2012-02-23 11:00:00,151.01659
2012-02-23 12:00:00,166.98022
2012-02-23 13:00:00,180.67088
2012-02-23 14:00:00,183.6737
2012-02-23 15:00:00,208.43126
2012-02-23 16:00:00,242.26553
2012-02-23 17:00:00,207.76233
2012-02-23 18:00:00,195.22145
2012-02-23 19:00:00,192.58347
2012-02-23 20:00:00,155.90382
2012-02-23 21:00:00,128.31204
2012-02-23 22:00:00,124.56084
2012-02-23 23:00:00,134.83955
2012-02-24 00:00:00,153.90356
2012-02-24 01:00:00,119.33471
2012-02-24 02:00:00,45.582134
2012-02-24 03:00:00,136.05502
2012-02-24 04:00:00,120.6127
2012-02-24 05:00:00,106.860176
2012-02-24 06:00:00,117.00683
2012-02-24 07:00:00,106.15383
2012-02-24 08:00:00,101.31711
2012-02-24 09:00:00,43.664288
2012-02-24 10:00:00,63.21957
2012-02-24 11:00:00,107.30239
2012-02-24 12:00:00,122.403145
2012-02-24 13:00:00,144.57922
2012-02-24 14:00:00,160.79697
2012-02-24 15:00:00,51.435707
2012-02-24 16:00:00,51.435707
2012-02-24 17:00:00,115.3693
2012-02-24 18:00:00,155.57274
2012-02-24 19:00:00,152.98943
2012-02-24 20:00:00,149.01117
2012-02-24 21:00:00,237.27348
2012-02-24 22:00:00,210.53279
2012-02-24 23:00:00,219.88103
2012-02-25 00:00:00,115.511185
2012-02-25 01:00:00,118.51724
2012-02-25 02:00:00,85.92102
2012-02-25 03:00:00,75.818115
2012-02-25 04:00:00,85.29388
2012-02-25 05:00:00,58.229225
2012-02-25 06:00:00,58.229225
2012-02-25 07:00:00,88.58036
2012-02-25 08:00:00,56.666553
2012-02-25 09:00:00,50.459084
2012-02-25 10:00:00,51.215958
2012-02-25 11:00:00,78.877205
2012-02-25 12:00:00,72.481125
2012-02-25 13:00:00,79.61109
2012-02-25 14:00:00,72.557465
2012-02-25 15:00:00,82.11473
2012-02-25 16:00:00,70.548996
2012-02-25 17:00:00,97.36623
2012-02-25 18:00:00,71.66469
2012-02-25 19:00:00,81.81749
2012-02-25 20:00:00,71.925224
2012-02-25 21:00:00,63.31636
2012-02-25 22:00:00,87.2395
2012-02-25 23:00:00,71.78749
2012-02-26 00:00:00,63.104816
2012-02-26 01:00:00,58.132618
2012-02-26 02:00:00,58.132618
2012-02-26 03:00:00,51.190235
2012-02-26 04:00:00,51.190235
2012-02-26 05:00:00,49.332623
2012-02-26 06:00:00,55.32438
2012-02-26 07:00:00,48.752113
2012-02-26 08:00:00,46.619923
2012-02-26 09:00:00,48.257175
2012-02-26 10:00:00,53.7197
2012-02-26 11:00:00,68.908554
2012-02-26 12:00:00,62.293934
2012-02-26 13:00:00,60.69653
2012-02-26 14:00:00,70.69158
2012-02-26 15:00:00,80.1494
2012-02-26 16:00:00,123.868744
2012-02-26 17:00:00,127.66863
2012-02-26 18:00:00,112.18113
2012-02-26 19:00:00,95.464455
2012-02-26 20:00:00,80.24922
2012-02-26 21:00:00,60.980846
2012-02-26 22:00:00,73.75663
2012-02-26 23:00:00,48.59406
2012-02-27 00:00:00,86.11872
2012-02-27 01:00:00,87.482254
2012-02-27 02:00:00,84.1824
2012-02-27 03:00:00,80.603874
2012-02-27 04:00:00,78.092834
2012-02-27 05:00:00,78.092834
2012-02-27 06:00:00,83.399414
2012-02-27 07:00:00,85.121895
2012-02-27 08:00:00,79.58895
2012-02-27 09:00:00,89.09031
2012-02-27 10:00:00,103.92229
2012-02-27 11:00:00,126.80387
2012-02-27 12:00:00,157.24089
2012-02-27 13:00:00,140.52289
2012-02-27 14:00:00,175.05663
2012-02-27 15:00:00,216.2832
2012-02-27 16:00:00,214.93826
2012-02-27 17:00:00,215.89645
2012-02-27 18:00:00,211.45326
2012-02-27 19:00:00,210.16519
2012-02-27 20:00:00,189.67587
2012-02-27 21:00:00,175.05663
2012-02-27 22:00:00,146.7958
2012-02-27 23:00:00,127.132195
2012-02-28 00:00:00,121.83533
2012-02-28 01:00:00,112.82267
2012-02-28 02:00:00,120.35837
2012-02-28 03:00:00,170.93935
2012-02-28 04:00:00,104.15418
2012-02-28 05:00:00,104.15418
2012-02-28 06:00:00,95.04004
2012-02-28 07:00:00,85.60249
2012-02-28 08:00:00,78.56612
2012-02-28 09:00:00,89.840675
2012-02-28 10:00:00,92.41609
2012-02-28 11:00:00,134.28528
2012-02-28 12:00:00,151.83607
2012-02-28 13:00:00,153.63568
2012-02-28 14:00:00,171.1879
2012-02-28 15:00:00,177.18367
2012-02-28 16:00:00,177.30368
2012-02-28 17:00:00,177.18367
2012-02-28 18:00:00,185.38109
2012-02-28 19:00:00,172.23944
2012-02-28 20:00:00,174.43108
2012-02-28 21:00:00,122.67498
2012-02-28 22:00:00,122.67498
2012-02-28 23:00:00,101.89667
2012-02-29 00:00:00,111.91837
2012-02-29 01:00:00,112.651085
2012-02-29 02:00:00,97.296715
2012-02-29 03:00:00,82.17667
2012-02-29 05:00:00,81.01196
2012-02-29 06:00:00,90.80579
2012-02-29 07:00:00,72.0738
2012-02-29 08:00:00,91.222496
2012-02-29 09:00:00,52.914883
2012-02-29 10:00:00,52.914883
2012-02-29 11:00:00,44.16876
2012-02-29 12:00:00,36.433884
2012-02-29 13:00:00,53.863293
2012-02-29 14:00:00,53.863293
2012-02-29 15:00:00,91.643105
2012-02-29 16:00:00,43.84122
2012-02-29 17:00:00,117.00683
2012-02-29 18:00:00,139.3849
2012-02-29 19:00:00,134.51216
2012-02-29 20:00:00,80.287605
2012-02-29 21:00:00,80.287605
2012-02-29 22:00:00,39.8969
2012-02-29 23:00:00,39.8969
2012-03-20 00:00:00,218.69781
2012-03-20 01:00:00,223.618
2012-03-20 02:00:00,210.08966
2012-03-20 03:00:00,201.76183
2012-03-20 04:00:00,178.99231
2012-03-20 05:00:00,173.16113
2012-03-20 06:00:00,164.86035
2012-03-20 07:00:00,80.585625
2012-03-20 08:00:00,184.61345
2012-03-20 09:00:00,181.20216
2012-03-20 10:00:00,165.9619
2012-03-20 11:00:00,270.30356
2012-03-20 12:00:00,293.44617
2012-03-20 13:00:00,323.00867
2012-03-20 14:00:00,225.00302
2012-03-20 15:00:00,247.71626
2012-03-20 16:00:00,336.35522
2012-03-20 17:00:00,338.17358
2012-03-20 18:00:00,318.38242
2012-03-20 19:00:00,317.77075
2012-03-20 20:00:00,292.9504
2012-03-20 21:00:00,298.0135
2012-03-20 22:00:00,288.7829
2012-03-20 23:00:00,257.68024
2012-03-21 00:00:00,92.36788
2012-03-21 01:00:00,106.95191
2012-03-21 02:00:00,74.00109
2012-03-21 03:00:00,104.85709
2012-03-21 04:00:00,101.36672
2012-03-21 05:00:00,101.36672
2012-03-21 06:00:00,90.2554
2012-03-21 07:00:00,67.88318
2012-03-21 08:00:00,74.87808
2012-03-21 09:00:00,101.20153
2012-03-21 10:00:00,116.872246
2012-03-21 11:00:00,116.872246
2012-03-21 12:00:00,119.81313
2012-03-21 13:00:00,113.60776
2012-03-21 14:00:00,124.31978
2012-03-21 15:00:00,124.31978
2012-03-21 16:00:00,156.84677
2012-03-21 17:00:00,154.69203
2012-03-21 18:00:00,143.66264
2012-03-21 19:00:00,140.46382
2012-03-21 20:00:00,131.16261
2012-03-21 21:00:00,102.7064
2012-03-21 22:00:00,96.68223
2012-03-21 23:00:00,149.48909
2012-03-22 00:00:00,106.95191
2012-03-22 01:00:00,106.95191
2012-03-22 02:00:00,106.95191
2012-03-22 03:00:00,106.95191
2012-03-22 04:00:00,60.32235
2012-03-22 05:00:00,60.32235
2012-03-22 06:00:00,60.32235
2012-03-22 07:00:00,60.32235
2012-03-22 08:00:00,85.374245
2012-03-22 09:00:00,85.374245
2012-03-22 10:00:00,62.619736
2012-03-22 11:00:00,83.259056
2012-03-22 12:00:00,121.130165
2012-03-22 13:00:00,127.38607
2012-03-22 14:00:00,140.43839
2012-03-22 15:00:00,226.06659
2012-03-22 16:00:00,250.14198
2012-03-22 17:00:00,237.61482
2012-03-22 18:00:00,237.61482
2012-03-22 19:00:00,150.732
2012-03-22 20:00:00,254.37044
2012-03-22 21:00:00,141.25764
2012-03-22 22:00:00,110.260666
2012-03-22 23:00:00,102.20885
2012-03-23 00:00:00,112.66814
2012-03-23 01:00:00,89.00751
2012-03-23 02:00:00,76.76919
2012-03-23 03:00:00,76.76898
2012-03-23 04:00:00,86.63875
2012-03-23 05:00:00,75.94625
2012-03-23 06:00:00,94.74852
2012-03-23 07:00:00,89.97971
2012-03-23 08:00:00,87.141396
2012-03-23 09:00:00,101.441414
2012-03-23 10:00:00,111.18848
2012-03-23 11:00:00,160.23567
2012-03-23 12:00:00,193.93237
2012-03-23 13:00:00,156.02927
2012-03-23 14:00:00,180.99796
2012-03-23 15:00:00,183.93124
2012-03-23 16:00:00,191.76898
2012-03-23 17:00:00,191.76898
2012-03-23 18:00:00,318.54605
2012-03-23 19:00:00,298.50986
2012-03-23 20:00:00,294.54074
2012-03-23 21:00:00,216.05756
2012-03-23 22:00:00,234.00916
2012-03-23 23:00:00,242.51733
2012-03-24 00:00:00,79.430016
2012-03-24 01:00:00,88.40169
2012-03-24 02:00:00,78.89119
2012-03-24 03:00:00,78.89119
2012-03-24 04:00:00,61.88884
2012-03-24 05:00:00,105.42581
2012-03-24 06:00:00,105.42581
2012-03-24 07:00:00,79.63204
2012-03-24 08:00:00,50.577663
2012-03-24 09:00:00,101.62422
2012-03-24 10:00:00,74.03144
2012-03-24 11:00:00,50.577663
2012-03-24 12:00:00,54.828335
2012-03-24 13:00:00,55.664173
2012-03-24 14:00:00,59.288677
2012-03-24 15:00:00,39.060123
2012-03-24 16:00:00,53.196358
2012-03-24 17:00:00,67.23266
2012-03-24 18:00:00,45.510025
2012-03-24 19:00:00,47.23762
2012-03-24 20:00:00,38.954697
2012-03-24 21:00:00,38.954697
2012-03-24 22:00:00,34.5329
2012-03-24 23:00:00,28.395588
2012-03-25 00:00:00,28.395588
2012-03-25 01:00:00,25.7252
2012-03-25 02:00:00,31.808613
2012-03-25 03:00:00,37.81247
2012-03-25 04:00:00,23.120192
2012-03-25 05:00:00,23.860832
2012-03-25 06:00:00,23.860832
2012-03-25 07:00:00,21.875217
2012-03-25 08:00:00,21.875217
2012-03-25 09:00:00,28.745247
2012-03-25 10:00:00,29.472652
2012-03-25 11:00:00,28.745247
2012-03-25 12:00:00,32.16458
2012-03-25 13:00:00,63.38712
2012-03-25 14:00:00,64.6505
2012-03-25 15:00:00,58.892605
2012-03-25 16:00:00,50.7461
2012-03-25 17:00:00,65.04538
2012-03-25 18:00:00,65.04538
2012-03-25 19:00:00,97.55705
2012-03-25 20:00:00,76.41039
2012-03-25 21:00:00,71.73113
2012-03-25 22:00:00,54.077827
2012-03-25 23:00:00,58.31029
2012-03-26 00:00:00,107.11279
2012-03-26 01:00:00,97.18341
2012-03-26 02:00:00,63.66842
2012-03-26 03:00:00,87.54362
2012-03-26 04:00:00,81.33259
2012-03-26 05:00:00,91.58665
2012-03-26 06:00:00,76.565094
2012-03-26 07:00:00,103.80017
2012-03-26 08:00:00,121.37004
2012-03-26 09:00:00,185.68614
2012-03-26 10:00:00,226.15231
2012-03-26 11:00:00,233.6736
2012-03-26 12:00:00,244.04066
2012-03-26 13:00:00,226.07198
2012-03-26 14:00:00,262.14624
2012-03-26 15:00:00,232.01408
2012-03-26 16:00:00,236.89555
2012-03-26 17:00:00,292.66348
2012-03-26 18:00:00,289.18765
2012-03-26 19:00:00,277.106
2012-03-26 20:00:00,269.86905
2012-03-26 21:00:00,268.59088
2012-03-26 22:00:00,218.31248
2012-03-26 23:00:00,232.93309
2012-03-27 00:00:00,226.60072
2012-03-27 01:00:00,212.67865
2012-03-27 02:00:00,148.23306
2012-03-27 03:00:00,160.40376
2012-03-27 04:00:00,162.74301
2012-03-27 05:00:00,119.1227
2012-03-27 06:00:00,76.63872
2012-03-27 07:00:00,76.63872
2012-03-27 08:00:00,126.33722
2012-03-27 09:00:00,79.496086
2012-03-27 10:00:00,117.88327
2012-03-27 11:00:00,121.46535
2012-03-27 12:00:00,132.52681
2012-03-27 13:00:00,124.74372
2012-03-27 14:00:00,196.67863
2012-03-27 15:00:00,221.46881
2012-03-27 16:00:00,221.46881
2012-03-27 17:00:00,251.62326
2012-03-27 18:00:00,254.30579
2012-03-27 19:00:00,240.53256
2012-03-27 20:00:00,254.30577
2012-03-27 21:00:00,141.8213
2012-03-27 22:00:00,126.82821
2012-03-27 23:00:00,152.97554
2012-03-28 00:00:00,174.8663
2012-03-28 01:00:00,162.45297
2012-03-28 02:00:00,139.21452
2012-03-28 03:00:00,170.90349
2012-03-28 04:00:00,171.54633
2012-03-28 05:00:00,171.54633
2012-03-28 06:00:00,174.82312
2012-03-28 07:00:00,169.6782
2012-03-28 08:00:00,185.18764
2012-03-28 09:00:00,217.15501
2012-03-28 10:00:00,233.36996
2012-03-28 11:00:00,232.58356
2012-03-28 12:00:00,188.02881
2012-03-28 13:00:00,235.09888
2012-03-28 14:00:00,288.52084
2012-03-28 15:00:00,195.72607
2012-03-28 16:00:00,255.41614
2012-03-28 17:00:00,220.85143
2012-03-28 18:00:00,220.85143
2012-03-28 19:00:00,215.02487
2012-03-28 20:00:00,237.22704
2012-03-28 21:00:00,204.31978
2012-03-28 22:00:00,213.0117
2012-03-28 23:00:00,194.96368
2012-03-29 00:00:00,198.32176
2012-03-29 01:00:00,193.0986
2012-03-29 02:00:00,363.35855
2012-03-29 03:00:00,400.79156
2012-03-29 04:00:00,248.83736
2012-03-29 05:00:00,191.26817
2012-03-29 06:00:00,134.99944
2012-03-29 07:00:00,184.48647
2012-03-29 08:00:00,206.71498
2012-03-29 09:00:00,209.64616
2012-03-29 10:00:00,214.73036
2012-03-29 11:00:00,226.63113
2012-03-29 12:00:00,232.92111
2012-03-29 13:00:00,205.17744
2012-03-29 14:00:00,224.93639
2012-03-29 15:00:00,250.41255
2012-03-29 16:00:00,256.13034
2012-03-29 17:00:00,269.72272
2012-03-29 18:00:00,224.20993
2012-03-29 19:00:00,220.5695
2012-03-29 20:00:00,225.9187
2012-03-29 21:00:00,192.66296
2012-03-29 22:00:00,185.51651
2012-03-29 23:00:00,182.1487
2012-03-30 00:00:00,176.04224
2012-03-30 01:00:00,155.21492
2012-03-30 02:00:00,132.37993
2012-03-30 03:00:00,82.70162
2012-03-30 04:00:00,65.26958
2012-03-30 05:00:00,67.94214
2012-03-30 06:00:00,70.90472
2012-03-30 07:00:00,76.36189
2012-03-30 08:00:00,80.4404
2012-03-30 09:00:00,83.95793
2012-03-30 10:00:00,83.565895
2012-03-30 11:00:00,54.75863
2012-03-30 12:00:00,61.401463
2012-03-30 13:00:00,58.34436
2012-03-30 14:00:00,65.47642
2012-03-30 15:00:00,76.89825
2012-03-30 16:00:00,86.97713
2012-03-30 17:00:00,124.31262
2012-03-30 18:00:00,128.05919
2012-03-30 19:00:00,115.164734
2012-03-30 20:00:00,104.520584
2012-03-30 21:00:00,88.474144
2012-03-30 22:00:00,75.38358
2012-03-30 23:00:00,88.86233
2012-03-31 00:00:00,44.20593
2012-03-31 01:00:00,124.27636
2012-03-31 02:00:00,91.9447
2012-03-31 03:00:00,44.349407
2012-03-31 04:00:00,55.461468
2012-03-31 05:00:00,44.97716
2012-03-31 06:00:00,61.006603
2012-03-31 07:00:00,61.006603
2012-03-31 08:00:00,59.986404
2012-03-31 09:00:00,124.27636
2012-03-31 10:00:00,115.72269
2012-03-31 11:00:00,51.8132
2012-03-31 12:00:00,45.017704
2012-03-31 13:00:00,103.07301
2012-03-31 14:00:00,138.34734
2012-03-31 15:00:00,150.35237
2012-03-31 16:00:00,127.87014
2012-03-31 17:00:00,110.54418
2012-03-31 18:00:00,63.282444
2012-03-31 19:00:00,71.055374
2012-03-31 20:00:00,87.678825
2012-03-31 21:00:00,87.678825
2012-03-31 22:00:00,113.23384
2012-03-31 23:00:00,91.179756
2012-04-20 00:00:00,135.85947
2012-04-20 01:00:00,87.54362
2012-04-20 02:00:00,64.43694
2012-04-20 03:00:00,80.92367
2012-04-20 04:00:00,62.80854
2012-04-20 05:00:00,87.727905
2012-04-20 06:00:00,108.83627
2012-04-20 07:00:00,87.727905
2012-04-20 08:00:00,81.41104
2012-04-20 09:00:00,87.38106
2012-04-20 10:00:00,123.00038
2012-04-20 11:00:00,200.08975
2012-04-20 12:00:00,185.00784
2012-04-20 13:00:00,307.27777
2012-04-20 14:00:00,305.3116
2012-04-20 15:00:00,292.0731
2012-04-20 16:00:00,331.9025
2012-04-20 17:00:00,281.3797
2012-04-20 18:00:00,252.12083
2012-04-20 19:00:00,220.65747
2012-04-20 20:00:00,201.07738
2012-04-20 21:00:00,216.83813
2012-04-20 22:00:00,186.46257
2012-04-20 23:00:00,156.31657
2012-04-21 00:00:00,93.001884
2012-04-21 01:00:00,93.001884
2012-04-21 02:00:00,79.27168
2012-04-21 03:00:00,72.26086
2012-04-21 04:00:00,71.1136
2012-04-21 05:00:00,71.1136
2012-04-21 06:00:00,72.26087
2012-04-21 07:00:00,65.92033
2012-04-21 08:00:00,81.71974
2012-04-21 09:00:00,87.91778
2012-04-21 10:00:00,261.05606
2012-04-21 11:00:00,287.6296
2012-04-21 12:00:00,278.20908
2012-04-21 13:00:00,308.70514
2012-04-21 14:00:00,414.62354
2012-04-21 15:00:00,467.10287
2012-04-21 16:00:00,451.33762
2012-04-21 17:00:00,481.74057
2012-04-21 18:00:00,278.24255
2012-04-21 19:00:00,89.70945
2012-04-21 20:00:00,75.12895
2012-04-21 21:00:00,60.732647
2012-04-21 22:00:00,57.908096
2012-04-21 23:00:00,59.257576
2012-04-22 00:00:00,92.234406
2012-04-22 01:00:00,42.379543
2012-04-22 02:00:00,75.69017
2012-04-22 03:00:00,94.84814
2012-04-22 04:00:00,119.66858
2012-04-22 05:00:00,107.10991
2012-04-22 06:00:00,83.93676
2012-04-22 07:00:00,57.553986
2012-04-22 08:00:00,50.51366
2012-04-22 09:00:00,50.51366
2012-04-22 10:00:00,35.30621
2012-04-22 11:00:00,30.648308
2012-04-22 12:00:00,25.95517
2012-04-22 13:00:00,32.779957
2012-04-22 14:00:00,25.95517
2012-04-22 15:00:00,22.011772
2012-04-22 16:00:00,21.264029
2012-04-22 17:00:00,24.093746
2012-04-22 18:00:00,24.093746
2012-04-22 19:00:00,26.953796
2012-04-22 20:00:00,22.304108
2012-04-22 21:00:00,21.788677
2012-04-22 22:00:00,27.850506
2012-04-22 23:00:00,28.378403
2012-04-23 00:00:00,38.590694
2012-04-23 01:00:00,38.93828
2012-04-23 02:00:00,38.0215
2012-04-23 03:00:00,52.376343
2012-04-23 04:00:00,40.524776
2012-04-23 05:00:00,40.524776
2012-04-23 06:00:00,48.51502
2012-04-23 07:00:00,39.89803
2012-04-23 08:00:00,69.291435
2012-04-23 09:00:00,73.242615
2012-04-23 10:00:00,92.05986
2012-04-23 11:00:00,95.10001
2012-04-23 12:00:00,44.914486
2012-04-23 13:00:00,58.571556
2012-04-23 14:00:00,66.79583
2012-04-23 15:00:00,121.9465
2012-04-23 16:00:00,40.94324
2012-04-23 17:00:00,40.960316
2012-04-23 18:00:00,40.56323
2012-04-23 19:00:00,63.878845
2012-04-23 20:00:00,48.750027
2012-04-23 21:00:00,45.99841
2012-04-23 22:00:00,62.561604
2012-04-23 23:00:00,62.53561
2012-04-24 00:00:00,51.986702
2012-04-24 01:00:00,45.37942
2012-04-24 02:00:00,60.164787
2012-04-24 03:00:00,61.508564
2012-04-24 04:00:00,76.24194
2012-04-24 05:00:00,76.24194
2012-04-24 06:00:00,82.00225
2012-04-24 07:00:00,102.30674
2012-04-24 08:00:00,109.51499
2012-04-24 09:00:00,189.56064
2012-04-24 10:00:00,182.1487
2012-04-24 11:00:00,284.06076
2012-04-24 12:00:00,293.96024
2012-04-24 13:00:00,297.3853
2012-04-24 14:00:00,319.9551
2012-04-24 15:00:00,315.16647
2012-04-24 16:00:00,322.2343
2012-04-24 17:00:00,355.2318
2012-04-24 18:00:00,265.45496
2012-04-24 19:00:00,387.20245
2012-04-24 20:00:00,355.29846
2012-04-24 21:00:00,129.02042
2012-04-24 22:00:00,184.77582
2012-04-24 23:00:00,148.99889
2012-04-25 00:00:00,134.23607
2012-04-25 01:00:00,103.47955
2012-04-25 02:00:00,72.13423
2012-04-25 03:00:00,71.15217
2012-04-25 04:00:00,74.7696
2012-04-25 05:00:00,71.30146
2012-04-25 06:00:00,71.30146
2012-04-25 07:00:00,80.3664
2012-04-25 08:00:00,75.849174
2012-04-25 09:00:00,82.87143
2012-04-25 10:00:00,212.71722
2012-04-25 11:00:00,275.67767
2012-04-25 12:00:00,358.06732
2012-04-25 13:00:00,397.27203
2012-04-25 14:00:00,396.64246
2012-04-25 15:00:00,420.76093
2012-04-25 16:00:00,400.47467
2012-04-25 17:00:00,407.0706
2012-04-25 18:00:00,410.7886
2012-04-25 19:00:00,422.86038
2012-04-25 20:00:00,348.4417
2012-04-25 21:00:00,163.59335
2012-04-25 22:00:00,128.96117
2012-04-25 23:00:00,145.87816
2012-04-26 00:00:00,119.857994
2012-04-26 01:00:00,119.2588
2012-04-26 02:00:00,144.00299
2012-04-26 03:00:00,140.9283
2012-04-26 04:00:00,143.73782
2012-04-26 05:00:00,146.9575
2012-04-26 06:00:00,139.22455
2012-04-26 07:00:00,41.103832
2012-04-26 08:00:00,80.436714
2012-04-26 09:00:00,76.28112
2012-04-26 10:00:00,77.61278
2012-04-26 11:00:00,79.21302
2012-04-26 12:00:00,117.61196
2012-04-26 13:00:00,114.18592
2012-04-26 14:00:00,145.09383
2012-04-26 15:00:00,119.00812
2012-04-26 16:00:00,131.64485
2012-04-26 17:00:00,147.46446
2012-04-26 18:00:00,145.09383
2012-04-26 19:00:00,157.0382
2012-04-26 20:00:00,153.23303
2012-04-26 21:00:00,102.94521
2012-04-26 22:00:00,96.68223
2012-04-26 23:00:00,70.50497
2012-04-27 00:00:00,213.96736
2012-04-27 01:00:00,195.90903
2012-04-27 02:00:00,176.39056
2012-04-27 03:00:00,220.28333
2012-04-27 04:00:00,180.85126
2012-04-27 05:00:00,205.10226
2012-04-27 06:00:00,177.61833
2012-04-27 07:00:00,155.21492
2012-04-27 08:00:00,68.93438
2012-04-27 09:00:00,223.08896
2012-04-27 10:00:00,245.35898
2012-04-27 11:00:00,224.777
2012-04-27 12:00:00,250.20438
2012-04-27 13:00:00,273.2616
2012-04-27 14:00:00,256.85208
2012-04-27 15:00:00,269.85623
2012-04-27 16:00:00,321.67148
2012-04-27 17:00:00,356.19342
2012-04-27 18:00:00,345.2104
2012-04-27 19:00:00,307.12762
2012-04-27 20:00:00,248.09552
2012-04-27 21:00:00,231.80777
2012-04-27 22:00:00,194.84949
2012-04-27 23:00:00,184.11009
2012-04-28 00:00:00,65.16186
2012-04-28 01:00:00,73.3327
2012-04-28 02:00:00,48.184708
2012-04-28 03:00:00,45.59991
2012-04-28 04:00:00,40.413044
2012-04-28 05:00:00,40.39016
2012-04-28 06:00:00,43.89187
2012-04-28 07:00:00,40.413044
2012-04-28 08:00:00,59.533047
2012-04-28 09:00:00,42.370144
2012-04-28 10:00:00,72.69435
2012-04-28 11:00:00,55.189014
2012-04-28 12:00:00,41.62088
2012-04-28 13:00:00,46.887104
2012-04-28 14:00:00,72.151886
2012-04-28 15:00:00,115.10331
2012-04-28 16:00:00,96.97394
2012-04-28 17:00:00,69.16681
2012-04-28 18:00:00,18.34119
2012-04-28 19:00:00,50.581795
2012-04-28 20:00:00,65.67943
2012-04-28 21:00:00,61.78218
2012-04-28 22:00:00,96.75667
2012-04-28 23:00:00,100.1297
2012-04-29 00:00:00,45.93917
2012-04-29 01:00:00,92.98074
2012-04-29 02:00:00,47.825207
2012-04-29 03:00:00,59.986416
2012-04-29 04:00:00,51.810932
2012-04-29 05:00:00,46.319332
2012-04-29 06:00:00,40.544266
2012-04-29 07:00:00,45.309258
2012-04-29 08:00:00,40.883
2012-04-29 09:00:00,41.674618
2012-04-29 10:00:00,39.391808
2012-04-29 11:00:00,47.463245
2012-04-29 12:00:00,100.88379
2012-04-29 13:00:00,114.195335
2012-04-29 14:00:00,234.67989
2012-04-29 15:00:00,205.97328
2012-04-29 16:00:00,402.61334
2012-04-29 17:00:00,461.1655
2012-04-29 18:00:00,442.53165
2012-04-29 19:00:00,222.09607
2012-04-29 20:00:00,265.66235
2012-04-29 21:00:00,120.85902
2012-04-29 22:00:00,89.23496
2012-04-29 23:00:00,46.53367
2012-04-30 00:00:00,111.17859
2012-04-30 01:00:00,97.48599
2012-04-30 02:00:00,98.609375
2012-04-30 03:00:00,79.25602
2012-04-30 04:00:00,118.94928
2012-04-30 05:00:00,118.94928
2012-04-30 06:00:00,152.61275
2012-04-30 07:00:00,139.2914
2012-04-30 08:00:00,166.80438
2012-04-30 09:00:00,107.58657
2012-04-30 10:00:00,98.200806
2012-04-30 11:00:00,97.90318
2012-04-30 12:00:00,113.0764
2012-04-30 13:00:00,130.42969
2012-04-30 14:00:00,153.37283
2012-04-30 15:00:00,168.28882
2012-04-30 16:00:00,183.82372
2012-04-30 17:00:00,192.13692
2012-04-30 18:00:00,164.26949
2012-04-30 19:00:00,145.02765
2012-04-30 20:00:00,160.0534
2012-04-30 21:00:00,160.0534
2012-04-30 22:00:00,156.31046
2012-04-30 23:00:00,162.33688
2012-05-20 00:00:00,150.06633
2012-05-20 01:00:00,121.832794
2012-05-20 02:00:00,121.832794
2012-05-20 03:00:00,97.575325
2012-05-20 04:00:00,74.977806
2012-05-20 05:00:00,68.567444
2012-05-20 06:00:00,71.24008
2012-05-20 07:00:00,107.43616
2012-05-20 08:00:00,137.63077
2012-05-20 09:00:00,451.6052
2012-05-20 10:00:00,500.1115
2012-05-20 11:00:00,491.47406
2012-05-20 12:00:00,514.4898
2012-05-20 13:00:00,495.6129
2012-05-20 14:00:00,456.13214
2012-05-20 15:00:00,383.75488
2012-05-20 16:00:00,439.2886
2012-05-20 17:00:00,423.9042
2012-05-20 18:00:00,390.11935
2012-05-20 19:00:00,332.93176
2012-05-20 20:00:00,332.9317
2012-05-20 21:00:00,290.6865
2012-05-20 22:00:00,248.37915
2012-05-20 23:00:00,147.9238
2012-05-21 00:00:00,71.1939
2012-05-21 01:00:00,65.242165
2012-05-21 02:00:00,68.337616
2012-05-21 03:00:00,202.09581
2012-05-21 04:00:00,69.66531
2012-05-21 05:00:00,69.66531
2012-05-21 06:00:00,69.66531
2012-05-21 07:00:00,69.66531
2012-05-21 08:00:00,74.11588
2012-05-21 09:00:00,76.89797
2012-05-21 10:00:00,73.11135
2012-05-21 11:00:00,150.32239
2012-05-21 12:00:00,207.09093
2012-05-21 13:00:00,85.236755
2012-05-21 14:00:00,86.44579
2012-05-21 15:00:00,194.67252
2012-05-21 16:00:00,205.67421
2012-05-21 17:00:00,217.75131
2012-05-21 18:00:00,143.09904
2012-05-21 19:00:00,159.88933
2012-05-21 20:00:00,200.41383
2012-05-21 21:00:00,152.89058
2012-05-21 22:00:00,162.69235
2012-05-21 23:00:00,254.37044
2012-05-22 00:00:00,161.79117
2012-05-22 01:00:00,130.83708
2012-05-22 02:00:00,125.65453
2012-05-22 03:00:00,125.65453
2012-05-22 04:00:00,123.18273
2012-05-22 05:00:00,78.337875
2012-05-22 06:00:00,71.59182
2012-05-22 07:00:00,71.59182
2012-05-22 08:00:00,115.095024
2012-05-22 09:00:00,131.98645
2012-05-22 10:00:00,136.13428
2012-05-22 11:00:00,134.20805
2012-05-22 12:00:00,145.58725
2012-05-22 13:00:00,154.2578
2012-05-22 14:00:00,165.71431
2012-05-22 15:00:00,212.7024
2012-05-22 16:00:00,216.41718
2012-05-22 17:00:00,194.72293
2012-05-22 18:00:00,233.9379
2012-05-22 19:00:00,252.00739
2012-05-22 20:00:00,245.04599
2012-05-22 21:00:00,125.29871
2012-05-22 22:00:00,141.26921
2012-05-22 23:00:00,145.50598
2012-05-23 00:00:00,125.29871
2012-05-23 01:00:00,103.54418
2012-05-23 02:00:00,150.32239
2012-05-23 03:00:00,116.7865
2012-05-23 04:00:00,84.34243
2012-05-23 05:00:00,74.11588
2012-05-23 06:00:00,73.35239
2012-05-23 07:00:00,110.15674
2012-05-23 08:00:00,110.15674
2012-05-23 09:00:00,144.22038
2012-05-23 10:00:00,116.22114
2012-05-23 11:00:00,135.83307
2012-05-23 12:00:00,180.00806
2012-05-23 13:00:00,180.54436
2012-05-23 14:00:00,221.08817
2012-05-23 15:00:00,192.63412
2012-05-23 16:00:00,259.59427
2012-05-23 17:00:00,117.65197
2012-05-23 18:00:00,117.65197
2012-05-23 19:00:00,165.45912
2012-05-23 20:00:00,136.24046
2012-05-23 21:00:00,133.94957
2012-05-23 22:00:00,165.45912
2012-05-23 23:00:00,97.51555
2012-05-24 00:00:00,99.13074
2012-05-24 01:00:00,78.67561
2012-05-24 02:00:00,88.76686
2012-05-24 03:00:00,125.06839
2012-05-24 04:00:00,143.30432
2012-05-24 05:00:00,143.30432
2012-05-24 06:00:00,143.30432
2012-05-24 07:00:00,97.02999
2012-05-24 08:00:00,166.0012
2012-05-24 09:00:00,197.93834
2012-05-24 10:00:00,215.30412
2012-05-24 11:00:00,217.84421
2012-05-24 12:00:00,232.4923
2012-05-24 13:00:00,288.89557
2012-05-24 14:00:00,343.46506
2012-05-24 15:00:00,359.12714
2012-05-24 16:00:00,363.5197
2012-05-24 17:00:00,366.25912
2012-05-24 18:00:00,361.9299
2012-05-24 19:00:00,330.6875
2012-05-24 20:00:00,219.42302
2012-05-24 21:00:00,94.40883
2012-05-24 22:00:00,156.47124
2012-05-24 23:00:00,164.7723
2012-05-25 00:00:00,96.3935
2012-05-25 01:00:00,97.35878
2012-05-25 02:00:00,133.94957
2012-05-25 03:00:00,131.23773
2012-05-25 04:00:00,128.4512
2012-05-25 05:00:00,130.42508
2012-05-25 06:00:00,131.23773
2012-05-25 07:00:00,156.52599
2012-05-25 08:00:00,136.10918
2012-05-25 09:00:00,144.26328
2012-05-25 10:00:00,144.66882
2012-05-25 11:00:00,119.02258
2012-05-25 12:00:00,197.44034
2012-05-25 13:00:00,246.20723
2012-05-25 14:00:00,261.7888
2012-05-25 15:00:00,295.02856
2012-05-25 16:00:00,359.9814
2012-05-25 17:00:00,366.12415
2012-05-25 18:00:00,295.02856
2012-05-25 19:00:00,326.11142
2012-05-25 20:00:00,240.48799
2012-05-25 21:00:00,224.72678
2012-05-25 22:00:00,134.573
2012-05-25 23:00:00,203.55708
2012-05-26 00:00:00,67.23053
2012-05-26 01:00:00,59.404835
2012-05-26 02:00:00,41.185104
2012-05-26 03:00:00,42.65003
2012-05-26 04:00:00,43.558464
2012-05-26 05:00:00,119.86229
2012-05-26 06:00:00,50.930065
2012-05-26 07:00:00,80.829666
2012-05-26 08:00:00,81.00073
2012-05-26 09:00:00,75.241425
2012-05-26 10:00:00,118.438545
2012-05-26 11:00:00,120.45901
2012-05-26 12:00:00,192.40533
2012-05-26 13:00:00,162.7274
2012-05-26 14:00:00,185.02965
2012-05-26 15:00:00,237.16653
2012-05-26 16:00:00,280.7583
2012-05-26 17:00:00,332.3122
2012-05-26 18:00:00,297.79626
2012-05-26 19:00:00,224.20308
2012-05-26 20:00:00,271.2526
2012-05-26 21:00:00,212.42644
2012-05-26 22:00:00,171.40012
2012-05-26 23:00:00,171.40012
2012-05-27 00:00:00,158.49269
2012-05-27 01:00:00,167.82268
2012-05-27 02:00:00,184.92436
2012-05-27 03:00:00,125.23954
2012-05-27 04:00:00,72.7034
2012-05-27 05:00:00,72.7034
2012-05-27 06:00:00,64.42027
2012-05-27 07:00:00,44.739864
2012-05-27 08:00:00,75.241425
2012-05-27 09:00:00,91.26475
2012-05-27 10:00:00,192.14453
2012-05-27 11:00:00,202.19258
2012-05-27 12:00:00,219.50723
2012-05-27 13:00:00,250.0686
2012-05-27 14:00:00,272.16772
2012-05-27 15:00:00,330.8322
2012-05-27 16:00:00,330.8322
2012-05-27 17:00:00,371.1375
2012-05-27 18:00:00,302.93393
2012-05-27 19:00:00,250.0686
2012-05-27 20:00:00,289.10657
2012-05-27 21:00:00,216.77835
2012-05-27 22:00:00,94.46722
2012-05-27 23:00:00,96.20838
2012-05-28 00:00:00,107.36448
2012-05-28 01:00:00,308.87204
2012-05-28 02:00:00,101.94821
2012-05-28 03:00:00,102.98088
2012-05-28 04:00:00,84.071304
2012-05-28 05:00:00,84.071304
2012-05-28 06:00:00,102.98088
2012-05-28 07:00:00,75.67539
2012-05-28 08:00:00,59.186794
2012-05-28 09:00:00,85.574875
2012-05-28 10:00:00,85.574875
2012-05-28 11:00:00,143.10513
2012-05-28 12:00:00,240.12076
2012-05-28 13:00:00,381.7095
2012-05-28 14:00:00,381.7095
2012-05-28 15:00:00,443.5286
2012-05-28 16:00:00,458.03232
2012-05-28 17:00:00,443.5286
2012-05-28 18:00:00,395.2767
2012-05-28 19:00:00,405.93643
2012-05-28 20:00:00,336.70312
2012-05-28 21:00:00,302.98193
2012-05-28 22:00:00,153.58435
2012-05-28 23:00:00,123.687996
2012-05-29 00:00:00,181.81488
2012-05-29 01:00:00,181.81488
2012-05-29 02:00:00,96.44634
2012-05-29 03:00:00,233.03676
2012-05-29 04:00:00,203.55708
2012-05-29 05:00:00,203.55708
2012-05-29 06:00:00,203.55708
2012-05-29 07:00:00,203.55708
2012-05-29 08:00:00,209.1695
2012-05-29 09:00:00,280.40344
2012-05-29 10:00:00,325.53885
2012-05-29 11:00:00,369.75696
2012-05-29 12:00:00,371.12695
2012-05-29 13:00:00,377.4549
2012-05-29 14:00:00,375.6892
2012-05-29 15:00:00,370.06247
2012-05-29 16:00:00,372.45618
2012-05-29 17:00:00,360.3885
2012-05-29 18:00:00,367.493
2012-05-29 19:00:00,367.6091
2012-05-29 20:00:00,191.88226
2012-05-29 21:00:00,58.483505
2012-05-29 22:00:00,130.42508
2012-05-29 23:00:00,86.442184
2012-05-30 00:00:00,83.84319
2012-05-30 01:00:00,86.24487
2012-05-30 02:00:00,80.36972
2012-05-30 03:00:00,81.88347
2012-05-30 04:00:00,137.50636
2012-05-30 05:00:00,154.21233
2012-05-30 06:00:00,138.98892
2012-05-30 07:00:00,91.40123
2012-05-30 08:00:00,153.29933
2012-05-30 09:00:00,191.49583
2012-05-30 10:00:00,197.65565
2012-05-30 11:00:00,195.01497
2012-05-30 12:00:00,196.97754
2012-05-30 13:00:00,196.89911
2012-05-30 14:00:00,302.92392
2012-05-30 15:00:00,276.43607
2012-05-30 16:00:00,301.0371
2012-05-30 17:00:00,264.36948
2012-05-30 18:00:00,312.00204
2012-05-30 19:00:00,288.89557
2012-05-30 20:00:00,166.03287
2012-05-30 21:00:00,228.29184
2012-05-30 22:00:00,171.39859
2012-05-30 23:00:00,190.72266
2012-05-31 00:00:00,200.41383
2012-05-31 01:00:00,158.60846
2012-05-31 02:00:00,168.65636
2012-05-31 03:00:00,152.89058
2012-05-31 04:00:00,141.76926
2012-05-31 05:00:00,245.98257
2012-05-31 06:00:00,219.98882
2012-05-31 07:00:00,234.00916
2012-05-31 08:00:00,242.71445
2012-05-31 09:00:00,306.45926
2012-05-31 10:00:00,321.40927
2012-05-31 11:00:00,340.3266
2012-05-31 12:00:00,371.4188
2012-05-31 13:00:00,352.01477
2012-05-31 14:00:00,363.89493
2012-05-31 15:00:00,343.6765
2012-05-31 16:00:00,352.30466
2012-05-31 17:00:00,359.58264
2012-05-31 18:00:00,393.60443
2012-05-31 19:00:00,375.4623
2012-05-31 20:00:00,315.31647
2012-05-31 21:00:00,315.31647
2012-05-31 22:00:00,285.83197
2012-05-31 23:00:00,289.10748
2012-06-20 00:00:00,181.81488
2012-06-20 01:00:00,182.65195
2012-06-20 02:00:00,114.08508
2012-06-20 03:00:00,96.536804
2012-06-20 04:00:00,94.555374
2012-06-20 05:00:00,94.555374
2012-06-20 06:00:00,134.5421
2012-06-20 07:00:00,139.4278
2012-06-20 08:00:00,165.42097
2012-06-20 09:00:00,197.14665
2012-06-20 10:00:00,291.90646
2012-06-20 11:00:00,297.8008
2012-06-20 12:00:00,268.75418
2012-06-20 13:00:00,236.24652
2012-06-20 14:00:00,221.92624
2012-06-20 15:00:00,214.77405
2012-06-20 16:00:00,191.73885
2012-06-20 17:00:00,222.86607
2012-06-20 18:00:00,222.86609
2012-06-20 19:00:00,249.41193
2012-06-20 20:00:00,247.07411
2012-06-20 21:00:00,246.27045
2012-06-20 22:00:00,244.11479
2012-06-20 23:00:00,250.19513
2012-06-21 00:00:00,189.84334
2012-06-21 01:00:00,100.5682
2012-06-21 02:00:00,84.580536
2012-06-21 03:00:00,90.83055
2012-06-21 04:00:00,60.112602
2012-06-21 05:00:00,61.47626
2012-06-21 06:00:00,163.09764
2012-06-21 07:00:00,163.09764
2012-06-21 08:00:00,132.45543
2012-06-21 09:00:00,306.67126
2012-06-21 10:00:00,302.62418
2012-06-21 11:00:00,321.85425
2012-06-21 12:00:00,304.438
2012-06-21 13:00:00,347.20407
2012-06-21 14:00:00,325.1686
2012-06-21 15:00:00,320.31158
2012-06-21 16:00:00,326.25705
2012-06-21 17:00:00,345.07993
2012-06-21 18:00:00,304.75787
2012-06-21 19:00:00,291.6801
2012-06-21 20:00:00,309.16354
2012-06-21 21:00:00,306.73773
2012-06-21 22:00:00,307.0513
2012-06-21 23:00:00,231.84752
2012-06-22 00:00:00,296.71234
2012-06-22 01:00:00,236.59758
2012-06-22 02:00:00,73.60386
2012-06-22 03:00:00,73.60386
2012-06-22 04:00:00,282.1861
2012-06-22 05:00:00,273.22842
2012-06-22 06:00:00,270.72867
2012-06-22 07:00:00,258.26633
2012-06-22 08:00:00,259.61618
2012-06-22 09:00:00,322.37674
2012-06-22 10:00:00,308.77884
2012-06-22 11:00:00,317.44708
2012-06-22 12:00:00,306.10144
2012-06-22 13:00:00,291.6801
2012-06-22 14:00:00,291.6801
2012-06-22 15:00:00,250.96892
2012-06-22 16:00:00,302.4248
2012-06-22 17:00:00,348.34076
2012-06-22 18:00:00,301.58383
2012-06-22 19:00:00,219.4731
2012-06-22 20:00:00,219.4731
2012-06-22 21:00:00,316.95547
2012-06-22 22:00:00,170.66367
2012-06-22 23:00:00,185.39307
2012-06-23 00:00:00,52.60815
2012-06-23 01:00:00,71.0468
2012-06-23 02:00:00,75.375435
2012-06-23 03:00:00,84.86014
2012-06-23 04:00:00,80.24252
2012-06-23 05:00:00,75.375435
2012-06-23 06:00:00,48.540024
2012-06-23 07:00:00,52.940826
2012-06-23 08:00:00,128.77751
2012-06-23 09:00:00,209.8902
2012-06-23 10:00:00,244.74886
2012-06-23 11:00:00,323.01337
2012-06-23 12:00:00,361.9712
2012-06-23 13:00:00,379.36032
2012-06-23 14:00:00,452.07816
2012-06-23 15:00:00,405.98007
2012-06-23 16:00:00,414.6685
2012-06-23 17:00:00,428.71945
2012-06-23 18:00:00,436.0616
2012-06-23 19:00:00,451.1635
2012-06-23 20:00:00,461.92688
2012-06-23 21:00:00,452.80908
2012-06-23 22:00:00,428.34592
2012-06-23 23:00:00,325.13116
2012-06-24 00:00:00,239.35693
2012-06-24 01:00:00,221.88815
2012-06-24 02:00:00,223.50821
2012-06-24 03:00:00,171.45526
2012-06-24 04:00:00,186.05052
2012-06-24 05:00:00,90.86668
2012-06-24 06:00:00,111.489746
2012-06-24 07:00:00,90.6498
2012-06-24 08:00:00,179.08502
2012-06-24 09:00:00,249.06276
2012-06-24 10:00:00,358.61212
2012-06-24 11:00:00,366.91953
2012-06-24 12:00:00,418.10748
2012-06-24 13:00:00,424.64352
2012-06-24 14:00:00,395.00186
2012-06-24 15:00:00,367.9222
2012-06-24 16:00:00,385.56314
2012-06-24 17:00:00,380.10764
2012-06-24 18:00:00,387.41315
2012-06-24 19:00:00,427.16226
2012-06-24 20:00:00,358.633
2012-06-24 21:00:00,262.28586
2012-06-24 22:00:00,208.64891
2012-06-24 23:00:00,200.64499
2012-06-25 00:00:00,308.7409
2012-06-25 01:00:00,262.65454
2012-06-25 02:00:00,234.73805
2012-06-25 03:00:00,235.7514
2012-06-25 04:00:00,132.49545
2012-06-25 05:00:00,115.42898
2012-06-25 06:00:00,94.84337
2012-06-25 07:00:00,145.6986
2012-06-25 08:00:00,182.0697
2012-06-25 09:00:00,240.99933
2012-06-25 10:00:00,286.748
2012-06-25 11:00:00,273.65555
2012-06-25 12:00:00,261.0699
2012-06-25 13:00:00,329.82254
2012-06-25 14:00:00,327.60086
2012-06-25 15:00:00,288.81067
2012-06-25 16:00:00,313.57013
2012-06-25 17:00:00,306.97446
2012-06-25 18:00:00,304.4947
2012-06-25 19:00:00,303.30093
2012-06-25 20:00:00,301.30734
2012-06-25 21:00:00,402.63092
2012-06-25 22:00:00,365.69464
2012-06-25 23:00:00,396.58362
2012-06-26 00:00:00,396.08267
2012-06-26 01:00:00,335.0333
2012-06-26 02:00:00,387.80276
2012-06-26 03:00:00,364.0473
2012-06-26 04:00:00,362.62943
2012-06-26 05:00:00,281.99347
2012-06-26 06:00:00,264.4395
2012-06-26 07:00:00,242.42696
2012-06-26 08:00:00,321.3278
2012-06-26 09:00:00,287.3713
2012-06-26 10:00:00,331.3717
2012-06-26 11:00:00,305.6152
2012-06-26 12:00:00,295.8123
2012-06-26 13:00:00,302.82993
2012-06-26 14:00:00,302.82993
2012-06-26 15:00:00,304.72153
2012-06-26 16:00:00,305.4874
2012-06-26 17:00:00,321.83368
2012-06-26 18:00:00,353.42715
2012-06-26 19:00:00,385.5819
2012-06-26 20:00:00,400.47247
2012-06-26 21:00:00,393.06076
2012-06-26 22:00:00,416.42346
2012-06-26 23:00:00,319.31247
2012-06-27 00:00:00,383.01837
2012-06-27 01:00:00,332.3236
2012-06-27 02:00:00,281.9315
2012-06-27 03:00:00,271.80057
2012-06-27 04:00:00,405.1361
2012-06-27 05:00:00,386.0751
2012-06-27 06:00:00,367.19476
2012-06-27 07:00:00,319.13846
2012-06-27 08:00:00,353.10687
2012-06-27 09:00:00,339.13635
2012-06-27 10:00:00,376.26123
2012-06-27 11:00:00,358.1671
2012-06-27 12:00:00,347.95483
2012-06-27 13:00:00,324.10767
2012-06-27 14:00:00,345.8377
2012-06-27 15:00:00,301.97223
2012-06-27 16:00:00,315.97617
2012-06-27 17:00:00,336.04037
2012-06-27 18:00:00,324.10767
2012-06-27 19:00:00,328.33313
2012-06-27 20:00:00,336.0152
2012-06-27 21:00:00,351.57666
2012-06-27 22:00:00,298.38663
2012-06-27 23:00:00,263.66626
2012-06-28 00:00:00,213.54668
2012-06-28 01:00:00,141.98936
2012-06-28 02:00:00,204.50629
2012-06-28 03:00:00,204.50629
2012-06-28 04:00:00,188.02547
2012-06-28 05:00:00,172.27577
2012-06-28 06:00:00,172.27577
2012-06-28 07:00:00,188.02547
2012-06-28 08:00:00,246.74655
2012-06-28 09:00:00,251.24911
2012-06-28 10:00:00,344.3335
2012-06-28 11:00:00,325.95578
2012-06-28 12:00:00,329.13196
2012-06-28 13:00:00,315.7384
2012-06-28 14:00:00,313.48395
2012-06-28 15:00:00,313.48395
2012-06-28 16:00:00,325.62354
2012-06-28 17:00:00,327.76407
2012-06-28 18:00:00,327.38855
2012-06-28 19:00:00,301.40234
2012-06-28 20:00:00,326.021
2012-06-28 21:00:00,312.58878
2012-06-28 22:00:00,300.48978
2012-06-28 23:00:00,288.18716
2012-06-29 00:00:00,288.18716
2012-06-29 01:00:00,299.998
2012-06-29 02:00:00,269.50513
2012-06-29 03:00:00,269.50513
2012-06-29 04:00:00,221.58932
2012-06-29 05:00:00,182.09293
2012-06-29 06:00:00,245.37059
2012-06-29 07:00:00,182.09293
2012-06-29 08:00:00,261.19873
2012-06-29 09:00:00,286.748
2012-06-29 10:00:00,254.17624
2012-06-29 11:00:00,308.56693
2012-06-29 12:00:00,329.2663
2012-06-29 13:00:00,290.24515
2012-06-29 14:00:00,274.5715
2012-06-29 15:00:00,357.21097
2012-06-29 16:00:00,357.21097
2012-06-29 17:00:00,292.63983
2012-06-29 18:00:00,377.69733
2012-06-29 19:00:00,263.8321
2012-06-29 20:00:00,247.52333
2012-06-29 21:00:00,328.77185
2012-06-29 22:00:00,388.91214
2012-06-29 23:00:00,388.91214
2012-06-30 00:00:00,85.974625
2012-06-30 01:00:00,81.57478
2012-06-30 02:00:00,80.9069
2012-06-30 03:00:00,80.9069
2012-06-30 04:00:00,67.74977
2012-06-30 05:00:00,46.42154
2012-06-30 06:00:00,46.42154
2012-06-30 07:00:00,46.42154
2012-06-30 08:00:00,46.42154
2012-06-30 09:00:00,46.42154
2012-06-30 10:00:00,354.37244
2012-06-30 11:00:00,354.37244
2012-06-30 12:00:00,354.37244
2012-06-30 13:00:00,354.37244
2012-06-30 14:00:00,354.37244
2012-06-30 15:00:00,354.37244
2012-06-30 16:00:00,328.06497
2012-06-30 17:00:00,327.83774
2012-06-30 18:00:00,316.8035
2012-06-30 19:00:00,377.46408
2012-06-30 20:00:00,276.81888
2012-06-30 21:00:00,276.81888
2012-06-30 22:00:00,205.24799
2012-06-30 23:00:00,188.4974
2012-07-20 00:00:00,74.23735
2012-07-20 01:00:00,58.07285
2012-07-20 02:00:00,109.798004
2012-07-20 03:00:00,114.70659
2012-07-20 04:00:00,143.67778
2012-07-20 05:00:00,127.715775
2012-07-20 06:00:00,143.67778
2012-07-20 07:00:00,139.10782
2012-07-20 08:00:00,160.38159
2012-07-20 09:00:00,184.01076
2012-07-20 10:00:00,183.75273
2012-07-20 11:00:00,252.33244
2012-07-20 12:00:00,100.047516
2012-07-20 13:00:00,108.27327
2012-07-20 14:00:00,111.69942
2012-07-20 15:00:00,144.24104
2012-07-20 16:00:00,173.27249
2012-07-20 17:00:00,229.3108
2012-07-20 18:00:00,182.28606
2012-07-20 19:00:00,149.66757
2012-07-20 20:00:00,84.71429
2012-07-20 21:00:00,83.204346
2012-07-20 22:00:00,144.0827
2012-07-20 23:00:00,140.06805
2012-07-21 00:00:00,92.310196
2012-07-21 01:00:00,70.423035
2012-07-21 02:00:00,80.1312
2012-07-21 03:00:00,81.38436
2012-07-21 04:00:00,76.02941
2012-07-21 05:00:00,77.50587
2012-07-21 06:00:00,77.50587
2012-07-21 07:00:00,56.44176
2012-07-21 08:00:00,80.34425
2012-07-21 09:00:00,77.67126
2012-07-21 10:00:00,77.50587
2012-07-21 11:00:00,74.4491
2012-07-21 12:00:00,91.66798
2012-07-21 13:00:00,92.11985
2012-07-21 14:00:00,56.398262
2012-07-21 15:00:00,81.38436
2012-07-21 16:00:00,82.8062
2012-07-21 17:00:00,84.85462
2012-07-21 18:00:00,58.591084
2012-07-21 19:00:00,64.0111
2012-07-21 20:00:00,84.85462
2012-07-21 21:00:00,64.01111
2012-07-21 22:00:00,70.080956
2012-07-21 23:00:00,79.6053
2012-07-22 00:00:00,70.080956
2012-07-22 01:00:00,64.01111
2012-07-22 02:00:00,70.080956
2012-07-22 03:00:00,70.080956
2012-07-22 04:00:00,50.638958
2012-07-22 05:00:00,50.638958
2012-07-22 06:00:00,82.186226
2012-07-22 07:00:00,88.8822
2012-07-22 08:00:00,112.496414
2012-07-22 09:00:00,185.59485
2012-07-22 10:00:00,163.08778
2012-07-22 11:00:00,163.08778
2012-07-22 12:00:00,193.22476
2012-07-22 13:00:00,206.33983
2012-07-22 14:00:00,191.15826
2012-07-22 15:00:00,191.15826
2012-07-22 16:00:00,188.65398
2012-07-22 17:00:00,192.84798
2012-07-22 18:00:00,194.06992
2012-07-22 19:00:00,170.35709
2012-07-22 20:00:00,123.05552
2012-07-22 21:00:00,88.82098
2012-07-22 22:00:00,116.2689
2012-07-22 23:00:00,84.08906
2012-07-23 00:00:00,51.571423
2012-07-23 01:00:00,67.75662
2012-07-23 02:00:00,77.59897
2012-07-23 03:00:00,77.59897
2012-07-23 04:00:00,95.160484
2012-07-23 05:00:00,95.160484
2012-07-23 06:00:00,132.72522
2012-07-23 07:00:00,67.53772
2012-07-23 08:00:00,84.580536
2012-07-23 09:00:00,251.03716
2012-07-23 10:00:00,283.2533
2012-07-23 11:00:00,294.39377
2012-07-23 12:00:00,294.39377
2012-07-23 13:00:00,284.28604
2012-07-23 14:00:00,283.80704
2012-07-23 15:00:00,306.67126
2012-07-23 16:00:00,295.01285
2012-07-23 17:00:00,295.01285
2012-07-23 18:00:00,318.73083
2012-07-23 19:00:00,318.10715
2012-07-23 20:00:00,272.0467
2012-07-23 21:00:00,297.74515
2012-07-23 22:00:00,279.8135
2012-07-23 23:00:00,241.75029
2012-07-24 00:00:00,136.03775
2012-07-24 01:00:00,94.82948
2012-07-24 02:00:00,74.81686
2012-07-24 03:00:00,74.81686
2012-07-24 04:00:00,66.38359
2012-07-24 05:00:00,67.78082
2012-07-24 06:00:00,70.00146
2012-07-24 07:00:00,157.85112
2012-07-24 08:00:00,268.75946
2012-07-24 09:00:00,235.24794
2012-07-24 10:00:00,321.959
2012-07-24 11:00:00,267.47974
2012-07-24 12:00:00,304.50446
2012-07-24 13:00:00,284.168
2012-07-24 14:00:00,315.45358
2012-07-24 15:00:00,278.3501
2012-07-24 16:00:00,322.14792
2012-07-24 17:00:00,310.18222
2012-07-24 18:00:00,360.87857
2012-07-24 19:00:00,272.0467
2012-07-24 20:00:00,262.1197
2012-07-24 21:00:00,301.26508
2012-07-24 22:00:00,324.19983
2012-07-24 23:00:00,350.69183
2012-07-25 00:00:00,346.01373
2012-07-25 01:00:00,259.19315
2012-07-25 02:00:00,258.05997
2012-07-25 03:00:00,230.08223
2012-07-25 04:00:00,224.07755
2012-07-25 05:00:00,203.66353
2012-07-25 06:00:00,207.99283
2012-07-25 07:00:00,361.79358
2012-07-25 08:00:00,362.015
2012-07-25 09:00:00,340.71384
2012-07-25 10:00:00,269.794
2012-07-25 11:00:00,293.1549
2012-07-25 12:00:00,293.1549
2012-07-25 13:00:00,327.52478
2012-07-25 14:00:00,324.64334
2012-07-25 15:00:00,326.64774
2012-07-25 16:00:00,321.95218
2012-07-25 17:00:00,305.51642
2012-07-25 18:00:00,319.41696
2012-07-25 19:00:00,335.60263
2012-07-25 20:00:00,357.40717
2012-07-25 21:00:00,296.62662
2012-07-25 22:00:00,206.61601
2012-07-25 23:00:00,342.49814
2012-07-26 00:00:00,209.68927
2012-07-26 01:00:00,230.08223
2012-07-26 02:00:00,216.34462
2012-07-26 03:00:00,200.01897
2012-07-26 04:00:00,126.71987
2012-07-26 05:00:00,126.71987
2012-07-26 06:00:00,132.49545
2012-07-26 07:00:00,227.20303
2012-07-26 08:00:00,202.51125
2012-07-26 09:00:00,263.84506
2012-07-26 10:00:00,283.9104
2012-07-26 11:00:00,338.7975
2012-07-26 12:00:00,317.53757
2012-07-26 13:00:00,292.88593
2012-07-26 14:00:00,259.45493
2012-07-26 15:00:00,241.08849
2012-07-26 16:00:00,249.5938
2012-07-26 17:00:00,262.3925
2012-07-26 18:00:00,238.60942
2012-07-26 19:00:00,242.58627
2012-07-26 20:00:00,288.83725
2012-07-26 21:00:00,330.06293
2012-07-26 22:00:00,330.06293
2012-07-26 23:00:00,208.26302
2012-07-27 00:00:00,118.60428
2012-07-27 01:00:00,179.99765
2012-07-27 02:00:00,90.11931
2012-07-27 03:00:00,157.85115
2012-07-27 04:00:00,70.49417
2012-07-27 05:00:00,58.25996
2012-07-27 06:00:00,70.49417
2012-07-27 07:00:00,243.48018
2012-07-27 08:00:00,216.75906
2012-07-27 09:00:00,280.49393
2012-07-27 10:00:00,264.34216
2012-07-27 11:00:00,278.56717
2012-07-27 12:00:00,279.63272
2012-07-27 13:00:00,288.04184
2012-07-27 14:00:00,273.0016
2012-07-27 15:00:00,294.58023
2012-07-27 16:00:00,308.53528
2012-07-27 17:00:00,271.60135
2012-07-27 18:00:00,318.6549
2012-07-27 19:00:00,306.73773
2012-07-27 20:00:00,227.54155
2012-07-27 21:00:00,227.54155
2012-07-27 22:00:00,250.34964
2012-07-27 23:00:00,156.63919
2012-07-28 00:00:00,195.81104
2012-07-28 01:00:00,171.39961
2012-07-28 02:00:00,145.7697
2012-07-28 03:00:00,145.7697
2012-07-28 04:00:00,83.06226
2012-07-28 05:00:00,84.08906
2012-07-28 06:00:00,145.15242
2012-07-28 07:00:00,170.53796
2012-07-28 08:00:00,194.06992
2012-07-28 09:00:00,200.86707
2012-07-28 10:00:00,308.75684
2012-07-28 11:00:00,377.67636
2012-07-28 12:00:00,372.651
2012-07-28 13:00:00,386.12735
2012-07-28 14:00:00,372.24832
2012-07-28 15:00:00,360.5943
2012-07-28 16:00:00,366.96854
2012-07-28 17:00:00,338.9007
2012-07-28 18:00:00,407.29654
2012-07-28 19:00:00,59.703205
2012-07-28 20:00:00,65.17567
2012-07-28 21:00:00,57.1383
2012-07-28 22:00:00,57.1383
2012-07-28 23:00:00,51.765976
2012-07-29 00:00:00,48.55137
2012-07-29 01:00:00,52.733788
2012-07-29 02:00:00,87.84251
2012-07-29 03:00:00,109.69677
2012-07-29 04:00:00,92.1783
2012-07-29 05:00:00,70.0188
2012-07-29 06:00:00,82.87905
2012-07-29 07:00:00,116.64288
2012-07-29 08:00:00,191.2673
2012-07-29 09:00:00,223.26952
2012-07-29 10:00:00,184.41794
2012-07-29 11:00:00,262.28586
2012-07-29 12:00:00,327.86777
2012-07-29 13:00:00,323.17902
2012-07-29 14:00:00,333.69363
2012-07-29 15:00:00,330.34933
2012-07-29 16:00:00,330.34933
2012-07-29 17:00:00,353.49628
2012-07-29 18:00:00,431.20303
2012-07-29 19:00:00,235.91985
2012-07-29 20:00:00,188.65398
2012-07-29 21:00:00,170.53796
2012-07-29 22:00:00,145.15242
2012-07-29 23:00:00,104.29233
2012-07-30 00:00:00,101.15946
2012-07-30 01:00:00,86.06705
2012-07-30 02:00:00,85.89909
2012-07-30 03:00:00,64.13799
2012-07-30 04:00:00,64.13799
2012-07-30 05:00:00,67.78082
2012-07-30 06:00:00,74.81686
2012-07-30 07:00:00,76.07491
2012-07-30 08:00:00,234.3862
2012-07-30 09:00:00,276.36655
2012-07-30 10:00:00,261.47937
2012-07-30 11:00:00,280.2071
2012-07-30 12:00:00,268.95102
2012-07-30 13:00:00,317.44708
2012-07-30 14:00:00,315.13348
2012-07-30 15:00:00,307.34628
2012-07-30 16:00:00,292.91425
2012-07-30 17:00:00,340.1905
2012-07-30 18:00:00,323.73145
2012-07-30 19:00:00,302.57245
2012-07-30 20:00:00,258.9984
2012-07-30 21:00:00,243.48018
2012-07-30 22:00:00,211.25595
2012-07-30 23:00:00,179.28323
2012-07-31 00:00:00,85.47157
2012-07-31 01:00:00,70.00146
2012-07-31 02:00:00,70.00147
2012-07-31 03:00:00,66.383575
2012-07-31 04:00:00,66.38359
2012-07-31 05:00:00,74.81686
2012-07-31 06:00:00,60.739594
2012-07-31 07:00:00,89.04128
2012-07-31 08:00:00,90.11929
2012-07-31 09:00:00,179.99765
2012-07-31 10:00:00,140.23672
2012-07-31 11:00:00,155.3094
2012-07-31 12:00:00,231.1586
2012-07-31 13:00:00,321.87375
2012-07-31 14:00:00,321.87375
2012-07-31 15:00:00,244.09775
2012-07-31 16:00:00,322.37674
2012-07-31 17:00:00,339.20483
2012-07-31 18:00:00,340.02335
2012-07-31 19:00:00,342.8098
2012-07-31 20:00:00,276.99744
2012-07-31 21:00:00,102.22328
2012-07-31 22:00:00,197.5588
2012-07-31 23:00:00,159.33904
2012-08-20 00:00:00,105.02875
2012-08-20 01:00:00,81.91892
2012-08-20 02:00:00,81.91892
2012-08-20 03:00:00,54.89489
2012-08-20 04:00:00,100.59402
2012-08-20 05:00:00,94.54941
2012-08-20 06:00:00,143.65504
2012-08-20 07:00:00,151.59575
2012-08-20 08:00:00,174.77003
2012-08-20 09:00:00,183.34036
2012-08-20 10:00:00,208.68904
2012-08-20 11:00:00,179.95016
2012-08-20 12:00:00,219.68568
2012-08-20 13:00:00,206.61601
2012-08-20 14:00:00,261.96857
2012-08-20 15:00:00,336.0223
2012-08-20 16:00:00,336.0223
2012-08-20 17:00:00,331.9302
2012-08-20 18:00:00,146.35934
2012-08-20 19:00:00,146.92734
2012-08-20 20:00:00,140.06805
2012-08-20 21:00:00,69.85078
2012-08-20 22:00:00,94.54941
2012-08-20 23:00:00,94.54941
2012-08-21 00:00:00,100.59402
2012-08-21 01:00:00,115.948494
2012-08-21 02:00:00,120.8104
2012-08-21 03:00:00,43.795837
2012-08-21 04:00:00,43.795837
2012-08-21 05:00:00,72.215126
2012-08-21 06:00:00,74.57276
2012-08-21 07:00:00,83.45317
2012-08-21 08:00:00,85.53476
2012-08-21 09:00:00,106.35633
2012-08-21 10:00:00,188.77588
2012-08-21 11:00:00,137.47356
2012-08-21 12:00:00,187.91936
2012-08-21 13:00:00,240.82967
2012-08-21 14:00:00,320.08105
2012-08-21 15:00:00,265.48734
2012-08-21 16:00:00,265.48734
2012-08-21 17:00:00,343.21024
2012-08-21 18:00:00,313.03406
2012-08-21 19:00:00,154.29224
2012-08-21 20:00:00,90.66273
2012-08-21 21:00:00,90.66273
2012-08-21 22:00:00,81.78399
2012-08-21 23:00:00,68.01011
2012-08-22 00:00:00,70.152565
2012-08-22 01:00:00,79.87469
2012-08-22 02:00:00,79.87469
2012-08-22 03:00:00,79.87469
2012-08-22 04:00:00,73.52658
2012-08-22 05:00:00,83.45973
2012-08-22 06:00:00,94.007774
2012-08-22 07:00:00,79.87469
2012-08-22 08:00:00,93.78407
2012-08-22 09:00:00,130.05103
2012-08-22 10:00:00,173.4859
2012-08-22 11:00:00,187.38531
2012-08-22 12:00:00,163.51363
2012-08-22 13:00:00,277.9472
2012-08-22 14:00:00,294.31384
2012-08-22 15:00:00,302.99652
2012-08-22 16:00:00,361.93314
2012-08-22 17:00:00,361.93314
2012-08-22 18:00:00,332.37637
2012-08-22 19:00:00,185.39307
2012-08-22 20:00:00,132.29877
2012-08-22 21:00:00,90.66273
2012-08-22 22:00:00,90.66273
2012-08-22 23:00:00,71.07385
2012-08-23 00:00:00,81.78399
2012-08-23 01:00:00,68.01011
2012-08-23 02:00:00,68.010124
2012-08-23 03:00:00,68.635
2012-08-23 04:00:00,68.01011
2012-08-23 05:00:00,68.01011
2012-08-23 06:00:00,79.270424
2012-08-23 07:00:00,119.187195
2012-08-23 08:00:00,194.32463
2012-08-23 09:00:00,243.58809
2012-08-23 10:00:00,198.78505
2012-08-23 11:00:00,264.11163
2012-08-23 12:00:00,268.09912
2012-08-23 13:00:00,336.7288
2012-08-23 14:00:00,342.93033
2012-08-23 15:00:00,331.36688
2012-08-23 16:00:00,329.81488
2012-08-23 17:00:00,345.33395
2012-08-23 18:00:00,353.56116
2012-08-23 19:00:00,209.58731
2012-08-23 20:00:00,182.09293
2012-08-23 21:00:00,200.3137
2012-08-23 22:00:00,229.81595
2012-08-23 23:00:00,208.69478
2012-08-24 00:00:00,208.69478
2012-08-24 01:00:00,168.04094
2012-08-24 02:00:00,105.72983
2012-08-24 03:00:00,90.66273
2012-08-24 04:00:00,168.04094
2012-08-24 05:00:00,81.78399
2012-08-24 06:00:00,105.65642
2012-08-24 07:00:00,134.21213
2012-08-24 08:00:00,185.39307
2012-08-24 09:00:00,236.6327
2012-08-24 10:00:00,274.784
2012-08-24 11:00:00,295.00742
2012-08-24 12:00:00,297.67926
2012-08-24 13:00:00,325.58643
2012-08-24 14:00:00,321.3505
2012-08-24 15:00:00,293.02386
2012-08-24 16:00:00,293.02386
2012-08-24 17:00:00,271.87042
2012-08-24 18:00:00,252.42352
2012-08-24 19:00:00,256.25406
2012-08-24 20:00:00,240.77548
2012-08-24 21:00:00,245.37059
2012-08-24 22:00:00,229.18753
2012-08-24 23:00:00,234.04036
2012-08-25 00:00:00,210.42375
2012-08-25 01:00:00,199.80588
2012-08-25 02:00:00,134.39125
2012-08-25 03:00:00,103.251236
2012-08-25 04:00:00,151.98685
2012-08-25 05:00:00,103.899124
2012-08-25 06:00:00,93.42007
2012-08-25 07:00:00,88.51182
2012-08-25 08:00:00,107.62509
2012-08-25 09:00:00,170.93965
2012-08-25 10:00:00,228.81828
2012-08-25 11:00:00,264.17953
2012-08-25 12:00:00,390.10678
2012-08-25 13:00:00,364.3382
2012-08-25 14:00:00,179.62047
2012-08-25 15:00:00,130.93811
2012-08-25 16:00:00,119.888725
2012-08-25 17:00:00,132.58147
2012-08-25 18:00:00,255.98154
2012-08-25 19:00:00,88.06584
2012-08-25 20:00:00,92.49521
2012-08-25 21:00:00,99.11925
2012-08-25 22:00:00,99.11925
2012-08-25 23:00:00,70.423035
2012-08-26 00:00:00,49.281116
2012-08-26 01:00:00,44.41577
2012-08-26 02:00:00,49.999134
2012-08-26 03:00:00,49.906094
2012-08-26 04:00:00,51.900124
2012-08-26 05:00:00,44.41577
2012-08-26 06:00:00,66.55002
2012-08-26 07:00:00,44.41577
2012-08-26 08:00:00,92.95522
2012-08-26 09:00:00,84.10803
2012-08-26 10:00:00,299.1825
2012-08-26 11:00:00,270.43213
2012-08-26 12:00:00,158.64809
2012-08-26 13:00:00,127.81296
2012-08-26 14:00:00,49.30432
2012-08-26 15:00:00,79.93276
2012-08-26 16:00:00,79.93276
2012-08-26 17:00:00,43.069904
2012-08-26 18:00:00,68.40237
2012-08-26 19:00:00,57.308544
2012-08-26 20:00:00,46.42154
2012-08-26 21:00:00,50.425816
2012-08-26 22:00:00,48.940907
2012-08-26 23:00:00,47.669018
2012-08-27 00:00:00,68.01011
2012-08-27 01:00:00,52.42019
2012-08-27 02:00:00,61.02164
2012-08-27 03:00:00,52.42019
2012-08-27 04:00:00,68.01011
2012-08-27 05:00:00,49.884365
2012-08-27 06:00:00,49.884365
2012-08-27 07:00:00,64.13799
2012-08-27 08:00:00,66.38359
2012-08-27 09:00:00,67.78082
2012-08-27 10:00:00,166.44188
2012-08-27 11:00:00,280.89682
2012-08-27 12:00:00,153.41374
2012-08-27 13:00:00,268.40305
2012-08-27 14:00:00,283.85376
2012-08-27 15:00:00,322.14792
2012-08-27 16:00:00,320.44067
2012-08-27 17:00:00,323.89627
2012-08-27 18:00:00,333.88086
2012-08-27 19:00:00,283.9104
2012-08-27 20:00:00,268.75946
2012-08-27 21:00:00,211.02917
2012-08-27 22:00:00,83.27307
2012-08-27 23:00:00,74.606
2012-08-28 00:00:00,120.4679
2012-08-28 01:00:00,64.21088
2012-08-28 02:00:00,113.75016
2012-08-28 03:00:00,58.07285
2012-08-28 04:00:00,70.00146
2012-08-28 05:00:00,152.20956
2012-08-28 06:00:00,114.70659
2012-08-28 07:00:00,159.67789
2012-08-28 08:00:00,146.75883
2012-08-28 09:00:00,183.75273
2012-08-28 10:00:00,330.66934
2012-08-28 11:00:00,326.56665
2012-08-28 12:00:00,292.91425
2012-08-28 13:00:00,282.35175
2012-08-28 14:00:00,276.78064
2012-08-28 15:00:00,289.77063
2012-08-28 16:00:00,292.45972
2012-08-28 17:00:00,302.1558
2012-08-28 18:00:00,321.10083
2012-08-28 19:00:00,330.38992
2012-08-28 20:00:00,239.79846
2012-08-28 21:00:00,227.00995
2012-08-28 22:00:00,137.47356
2012-08-28 23:00:00,130.53639
2012-08-29 00:00:00,105.72983
2012-08-29 01:00:00,156.93147
2012-08-29 02:00:00,107.48159
2012-08-29 03:00:00,99.58781
2012-08-29 04:00:00,139.45584
2012-08-29 05:00:00,121.13921
2012-08-29 06:00:00,121.13921
2012-08-29 07:00:00,170.09412
2012-08-29 08:00:00,216.95457
2012-08-29 09:00:00,298.3399
2012-08-29 10:00:00,294.19122
2012-08-29 11:00:00,187.91936
2012-08-29 12:00:00,235.94289
2012-08-29 13:00:00,213.0731
2012-08-29 14:00:00,305.13855
2012-08-29 15:00:00,339.23438
2012-08-29 16:00:00,344.64426
2012-08-29 17:00:00,329.12567
2012-08-29 18:00:00,341.33633
2012-08-29 19:00:00,278.8598
2012-08-29 20:00:00,130.53639
2012-08-29 21:00:00,193.66739
2012-08-29 22:00:00,141.98936
2012-08-29 23:00:00,133.51767
2012-08-30 00:00:00,106.35633
2012-08-30 01:00:00,127.90373
2012-08-30 02:00:00,94.007774
2012-08-30 03:00:00,94.007774
2012-08-30 04:00:00,94.007774
2012-08-30 05:00:00,94.007774
2012-08-30 06:00:00,81.91892
2012-08-30 07:00:00,90.66273
2012-08-30 08:00:00,128.01009
2012-08-30 09:00:00,129.07779
2012-08-30 10:00:00,142.64075
2012-08-30 11:00:00,305.13855
2012-08-30 12:00:00,323.29388
2012-08-30 13:00:00,277.9472
2012-08-30 14:00:00,302.99652
2012-08-30 15:00:00,329.5972
2012-08-30 16:00:00,327.3752
2012-08-30 17:00:00,314.4978
2012-08-30 18:00:00,340.00916
2012-08-30 19:00:00,302.99652
2012-08-30 20:00:00,258.26633
2012-08-30 21:00:00,216.90015
2012-08-30 22:00:00,109.90552
2012-08-30 23:00:00,110.283806
2012-08-31 00:00:00,75.83898
2012-08-31 01:00:00,75.83898
2012-08-31 02:00:00,58.072834
2012-08-31 03:00:00,54.32463
2012-08-31 04:00:00,57.28878
2012-08-31 05:00:00,60.739594
2012-08-31 06:00:00,124.61213
2012-08-31 07:00:00,95.26675
2012-08-31 08:00:00,237.35721
2012-08-31 09:00:00,132.45543
2012-08-31 10:00:00,208.64755
2012-08-31 11:00:00,300.22583
2012-08-31 12:00:00,314.4816
2012-08-31 13:00:00,288.3065
2012-08-31 14:00:00,320.343
2012-08-31 15:00:00,290.96158
2012-08-31 16:00:00,307.09277
2012-08-31 17:00:00,335.4009
2012-08-31 18:00:00,305.85858
2012-08-31 19:00:00,311.45288
2012-08-31 20:00:00,311.45288
2012-08-31 21:00:00,293.3502
2012-08-31 22:00:00,293.3502
2012-08-31 23:00:00,206.83331
2012-09-20 00:00:00,122.138466
2012-09-20 01:00:00,125.97373
2012-09-20 02:00:00,121.17142
2012-09-20 03:00:00,109.5296
2012-09-20 04:00:00,119.87774
2012-09-20 05:00:00,119.87774
2012-09-20 06:00:00,109.5296
2012-09-20 07:00:00,108.10932
2012-09-20 08:00:00,136.66833
2012-09-20 09:00:00,242.17357
2012-09-20 10:00:00,263.4175
2012-09-20 11:00:00,202.93877
2012-09-20 12:00:00,300.83273
2012-09-20 13:00:00,296.6055
2012-09-20 14:00:00,326.7259
2012-09-20 15:00:00,332.1239
2012-09-20 16:00:00,300.53632
2012-09-20 17:00:00,323.3247
2012-09-20 18:00:00,286.54422
2012-09-20 19:00:00,301.7153
2012-09-20 20:00:00,244.28903
2012-09-20 21:00:00,256.4395
2012-09-20 22:00:00,122.63228
2012-09-20 23:00:00,173.20514
2012-09-21 00:00:00,130.04353
2012-09-21 01:00:00,125.647644
2012-09-21 02:00:00,125.647644
2012-09-21 03:00:00,115.06242
2012-09-21 04:00:00,107.40667
2012-09-21 05:00:00,85.17724
2012-09-21 06:00:00,115.06242
2012-09-21 07:00:00,107.27884
2012-09-21 08:00:00,131.89456
2012-09-21 09:00:00,184.00717
2012-09-21 10:00:00,252.08284
2012-09-21 11:00:00,281.2077
2012-09-21 12:00:00,233.7543
2012-09-21 13:00:00,251.24911
2012-09-21 14:00:00,342.30316
2012-09-21 15:00:00,301.81433
2012-09-21 16:00:00,278.8598
2012-09-21 17:00:00,328.96265
2012-09-21 18:00:00,280.23618
2012-09-21 19:00:00,240.72876
2012-09-21 20:00:00,169.48781
2012-09-21 21:00:00,158.66348
2012-09-21 22:00:00,121.13921
2012-09-21 23:00:00,199.00346
2012-09-22 00:00:00,103.642334
2012-09-22 01:00:00,85.34423
2012-09-22 02:00:00,47.627235
2012-09-22 03:00:00,76.653496
2012-09-22 04:00:00,76.653496
2012-09-22 05:00:00,85.305016
2012-09-22 06:00:00,81.71971
2012-09-22 07:00:00,86.24059
2012-09-22 08:00:00,114.27757
2012-09-22 09:00:00,109.59325
2012-09-22 10:00:00,208.73535
2012-09-22 11:00:00,264.89877
2012-09-22 12:00:00,309.11588
2012-09-22 13:00:00,396.38455
2012-09-22 14:00:00,360.04047
2012-09-22 15:00:00,462.699
2012-09-22 16:00:00,368.30954
2012-09-22 17:00:00,368.30954
2012-09-22 18:00:00,298.30682
2012-09-22 19:00:00,224.1677
2012-09-22 20:00:00,279.11194
2012-09-22 21:00:00,248.47519
2012-09-22 22:00:00,211.65749
2012-09-22 23:00:00,328.5116
2012-09-23 00:00:00,450.8648
2012-09-23 01:00:00,251.85088
2012-09-23 02:00:00,289.61328
2012-09-23 03:00:00,223.8492
2012-09-23 04:00:00,242.03786
2012-09-23 05:00:00,213.51302
2012-09-23 06:00:00,182.68233
2012-09-23 07:00:00,225.58267
2012-09-23 08:00:00,201.414
2012-09-23 09:00:00,247.0746
2012-09-23 10:00:00,312.51834
2012-09-23 11:00:00,330.46487
2012-09-23 12:00:00,452.47186
2012-09-23 13:00:00,467.41672
2012-09-23 14:00:00,468.68076
2012-09-23 15:00:00,464.388
2012-09-23 16:00:00,418.316
2012-09-23 17:00:00,360.24765
2012-09-23 18:00:00,421.04617
2012-09-23 19:00:00,386.0428
2012-09-23 20:00:00,386.0428
2012-09-23 21:00:00,353.0236
2012-09-23 22:00:00,402.3848
2012-09-23 23:00:00,352.99884
2012-09-24 00:00:00,216.33376
2012-09-24 01:00:00,272.96112
2012-09-24 02:00:00,301.97464
2012-09-24 03:00:00,244.51414
2012-09-24 04:00:00,256.36273
2012-09-24 05:00:00,274.02975
2012-09-24 06:00:00,289.2769
2012-09-24 07:00:00,272.96112
2012-09-24 08:00:00,246.30663
2012-09-24 09:00:00,267.53323
2012-09-24 10:00:00,276.48834
2012-09-24 11:00:00,362.02576
2012-09-24 12:00:00,363.90063
2012-09-24 13:00:00,389.0895
2012-09-24 14:00:00,330.09305
2012-09-24 15:00:00,314.69156
2012-09-24 16:00:00,401.08548
2012-09-24 17:00:00,318.934
2012-09-24 18:00:00,356.319
2012-09-24 19:00:00,329.91675
2012-09-24 20:00:00,322.52588
2012-09-24 21:00:00,283.10138
2012-09-24 22:00:00,236.26224
2012-09-24 23:00:00,276.7142
2012-09-25 00:00:00,245.87596
2012-09-25 01:00:00,224.04074
2012-09-25 02:00:00,180.70801
2012-09-25 03:00:00,212.90302
2012-09-25 04:00:00,203.00772
2012-09-25 05:00:00,169.96367
2012-09-25 06:00:00,187.19739
2012-09-25 07:00:00,200.57376
2012-09-25 08:00:00,264.45013
2012-09-25 09:00:00,282.1897
2012-09-25 10:00:00,279.09875
2012-09-25 11:00:00,350.34222
2012-09-25 12:00:00,367.38376
2012-09-25 13:00:00,418.46185
2012-09-25 14:00:00,367.13147
2012-09-25 15:00:00,385.04916
2012-09-25 16:00:00,380.81805
2012-09-25 17:00:00,382.51288
2012-09-25 18:00:00,392.28903
2012-09-25 19:00:00,398.56293
2012-09-25 20:00:00,346.2791
2012-09-25 21:00:00,346.2791
2012-09-25 22:00:00,352.54672
2012-09-25 23:00:00,335.75076
2012-09-26 00:00:00,332.30334
2012-09-26 01:00:00,314.7502
2012-09-26 02:00:00,242.34677
2012-09-26 03:00:00,242.34677
2012-09-26 04:00:00,306.62482
2012-09-26 05:00:00,323.28433
2012-09-26 06:00:00,317.84152
2012-09-26 07:00:00,269.89877
2012-09-26 08:00:00,282.55377
2012-09-26 09:00:00,393.86932
2012-09-26 10:00:00,314.5603
2012-09-26 11:00:00,389.7791
2012-09-26 12:00:00,403.0125
2012-09-26 13:00:00,422.16458
2012-09-26 14:00:00,424.48102
2012-09-26 15:00:00,416.0589
2012-09-26 16:00:00,420.12476
2012-09-26 17:00:00,416.0589
2012-09-26 18:00:00,463.72665
2012-09-26 19:00:00,450.51022
2012-09-26 20:00:00,370.3169
2012-09-26 21:00:00,394.3502
2012-09-26 22:00:00,298.2363
2012-09-26 23:00:00,243.7238
2012-09-27 00:00:00,262.82385
2012-09-27 01:00:00,262.82385
2012-09-27 02:00:00,262.82385
2012-09-27 03:00:00,208.05086
2012-09-27 04:00:00,92.488815
2012-09-27 05:00:00,150.26044
2012-09-27 06:00:00,138.96857
2012-09-27 07:00:00,208.0509
2012-09-27 08:00:00,370.8619
2012-09-27 09:00:00,378.3273
2012-09-27 10:00:00,289.6668
2012-09-27 11:00:00,350.02805
2012-09-27 12:00:00,379.78442
2012-09-27 13:00:00,373.82895
2012-09-27 14:00:00,402.927
2012-09-27 15:00:00,388.5362
2012-09-27 16:00:00,241.40123
2012-09-27 17:00:00,240.08826
2012-09-27 18:00:00,244.57335
2012-09-27 19:00:00,414.88208
2012-09-27 20:00:00,236.52986
2012-09-27 21:00:00,154.16235
2012-09-27 22:00:00,154.16235
2012-09-27 23:00:00,178.67105
2012-09-28 00:00:00,122.82801
2012-09-28 01:00:00,140.91011
2012-09-28 02:00:00,94.63542
2012-09-28 03:00:00,231.86983
2012-09-28 04:00:00,114.15644
2012-09-28 05:00:00,124.47041
2012-09-28 06:00:00,91.18744
2012-09-28 07:00:00,65.382385
2012-09-28 08:00:00,200.97998
2012-09-28 09:00:00,230.98235
2012-09-28 10:00:00,266.96567
2012-09-28 11:00:00,285.57153
2012-09-28 12:00:00,284.84467
2012-09-28 13:00:00,303.60422
2012-09-28 14:00:00,284.84467
2012-09-28 15:00:00,268.4976
2012-09-28 16:00:00,320.89648
2012-09-28 17:00:00,263.57098
2012-09-28 18:00:00,311.0389
2012-09-28 19:00:00,347.41684
2012-09-28 20:00:00,344.16788
2012-09-28 21:00:00,341.14932
2012-09-28 22:00:00,285.29532
2012-09-28 23:00:00,278.5539
2012-09-29 00:00:00,295.61633
2012-09-29 01:00:00,295.61633
2012-09-29 02:00:00,375.03564
2012-09-29 03:00:00,354.21866
2012-09-29 04:00:00,252.70265
2012-09-29 05:00:00,252.8211
2012-09-29 06:00:00,223.7841
2012-09-29 07:00:00,181.27386
2012-09-29 08:00:00,195.20476
2012-09-29 09:00:00,252.8211
2012-09-29 10:00:00,286.15918
2012-09-29 11:00:00,294.59186
2012-09-29 12:00:00,459.2941
2012-09-29 13:00:00,459.2941
2012-09-29 14:00:00,451.9254
2012-09-29 15:00:00,467.20865
2012-09-29 16:00:00,471.20148
2012-09-29 17:00:00,432.20847
2012-09-29 18:00:00,362.10217
2012-09-29 19:00:00,320.4711
2012-09-29 20:00:00,300.0516
2012-09-29 21:00:00,343.82886
2012-09-29 22:00:00,262.03802
2012-09-29 23:00:00,293.50693
2012-09-30 00:00:00,283.53912
2012-09-30 01:00:00,283.53912
2012-09-30 02:00:00,237.91753
2012-09-30 03:00:00,213.84319
2012-09-30 04:00:00,213.84319
2012-09-30 05:00:00,156.17744
2012-09-30 06:00:00,166.75533
2012-09-30 07:00:00,124.19676
2012-09-30 08:00:00,223.59772
2012-09-30 09:00:00,277.30655
2012-09-30 10:00:00,403.33105
2012-09-30 11:00:00,460.18735
2012-09-30 12:00:00,459.2941
2012-09-30 13:00:00,471.20148
2012-09-30 14:00:00,471.20148
2012-09-30 15:00:00,451.9743
2012-09-30 16:00:00,457.13962
2012-09-30 17:00:00,434.4509
2012-09-30 18:00:00,222.32727
2012-09-30 19:00:00,126.62601
2012-09-30 20:00:00,126.62601
2012-09-30 21:00:00,209.87708
2012-09-30 22:00:00,173.5901
2012-09-30 23:00:00,185.92978
2012-10-20 00:00:00,114.73432
2012-10-20 01:00:00,173.34938
2012-10-20 02:00:00,139.89827
2012-10-20 03:00:00,128.51971
2012-10-20 04:00:00,156.17744
2012-10-20 05:00:00,97.45353
2012-10-20 06:00:00,154.61377
2012-10-20 07:00:00,97.45353
2012-10-20 08:00:00,197.17554
2012-10-20 09:00:00,283.83835
2012-10-20 10:00:00,337.70068
2012-10-20 11:00:00,300.55667
2012-10-20 12:00:00,418.64694
2012-10-20 13:00:00,403.95425
2012-10-20 14:00:00,502.96967
2012-10-20 15:00:00,477.5356
2012-10-20 16:00:00,327.4563
2012-10-20 17:00:00,403.2049
2012-10-20 18:00:00,376.20215
2012-10-20 19:00:00,359.9983
2012-10-20 20:00:00,372.00266
2012-10-20 21:00:00,292.5003
2012-10-20 22:00:00,273.3758
2012-10-20 23:00:00,237.26485
2012-10-21 00:00:00,237.66824
2012-10-21 01:00:00,188.38927
2012-10-21 02:00:00,146.5732
2012-10-21 03:00:00,129.91182
2012-10-21 04:00:00,102.31634
2012-10-21 05:00:00,129.91182
2012-10-21 06:00:00,191.23506
2012-10-21 07:00:00,191.23506
2012-10-21 08:00:00,182.68631
2012-10-21 09:00:00,252.35133
2012-10-21 10:00:00,272.0841
2012-10-21 11:00:00,298.38342
2012-10-21 12:00:00,325.74356
2012-10-21 13:00:00,387.12085
2012-10-21 14:00:00,448.3243
2012-10-21 15:00:00,343.9913
2012-10-21 16:00:00,403.2049
2012-10-21 17:00:00,357.90274
2012-10-21 18:00:00,395.85013
2012-10-21 19:00:00,374.59097
2012-10-21 20:00:00,334.69052
2012-10-21 21:00:00,217.26768
2012-10-21 22:00:00,262.74063
2012-10-21 23:00:00,284.2787
2012-10-22 00:00:00,232.71194
2012-10-22 01:00:00,172.31212
2012-10-22 02:00:00,167.89319
2012-10-22 03:00:00,232.71194
2012-10-22 04:00:00,195.37032
2012-10-22 05:00:00,149.61224
2012-10-22 06:00:00,126.818504
2012-10-22 07:00:00,203.94418
2012-10-22 08:00:00,214.66982
2012-10-22 09:00:00,310.00638
2012-10-22 10:00:00,297.48627
2012-10-22 11:00:00,364.6666
2012-10-22 12:00:00,295.91766
2012-10-22 13:00:00,427.26523
2012-10-22 14:00:00,438.04083
2012-10-22 15:00:00,428.20325
2012-10-22 16:00:00,413.72296
2012-10-22 17:00:00,385.49207
2012-10-22 18:00:00,397.2535
2012-10-22 19:00:00,322.52588
2012-10-22 20:00:00,330.85074
2012-10-22 21:00:00,307.0034
2012-10-22 22:00:00,167.03683
2012-10-22 23:00:00,160.97986
2012-10-23 00:00:00,142.67863
2012-10-23 01:00:00,212.89421
2012-10-23 02:00:00,141.22217
2012-10-23 03:00:00,187.44899
2012-10-23 04:00:00,171.733
2012-10-23 05:00:00,178.85394
2012-10-23 06:00:00,130.33774
2012-10-23 07:00:00,185.28186
2012-10-23 08:00:00,218.20322
2012-10-23 09:00:00,245.31197
2012-10-23 10:00:00,357.53195
2012-10-23 11:00:00,365.96228
2012-10-23 12:00:00,337.72467
2012-10-23 13:00:00,337.60272
2012-10-23 14:00:00,462.13477
2012-10-23 15:00:00,426.3425
2012-10-23 16:00:00,432.11057
2012-10-23 17:00:00,387.30927
2012-10-23 18:00:00,422.0709
2012-10-23 19:00:00,424.47104
2012-10-23 20:00:00,422.42007
2012-10-23 21:00:00,329.7601
2012-10-23 22:00:00,418.64938
2012-10-23 23:00:00,313.82114
2012-10-24 00:00:00,306.21872
2012-10-24 01:00:00,317.6658
2012-10-24 02:00:00,317.6658
2012-10-24 03:00:00,232.59602
2012-10-24 04:00:00,232.59601
2012-10-24 05:00:00,141.91138
2012-10-24 06:00:00,179.22134
2012-10-24 07:00:00,131.85175
2012-10-24 08:00:00,152.88708
2012-10-24 09:00:00,182.47328
2012-10-24 10:00:00,175.76068
2012-10-24 11:00:00,385.93524
2012-10-24 12:00:00,430.12653
2012-10-24 13:00:00,385.47107
2012-10-24 14:00:00,414.55246
2012-10-24 15:00:00,464.45932
2012-10-24 16:00:00,474.43658
2012-10-24 17:00:00,384.8436
2012-10-24 18:00:00,382.30594
2012-10-24 19:00:00,330.36722
2012-10-24 20:00:00,297.1767
2012-10-24 21:00:00,291.2093
2012-10-24 22:00:00,262.8442
2012-10-24 23:00:00,265.08478
2012-10-25 00:00:00,276.4722
2012-10-25 01:00:00,347.4624
2012-10-25 02:00:00,185.45268
2012-10-25 03:00:00,136.39009
2012-10-25 04:00:00,119.11852
2012-10-25 05:00:00,151.86131
2012-10-25 06:00:00,163.16089
2012-10-25 07:00:00,163.16089
2012-10-25 08:00:00,188.65088
2012-10-25 09:00:00,203.94176
2012-10-25 10:00:00,176.95154
2012-10-25 11:00:00,160.04391
2012-10-25 12:00:00,203.04749
2012-10-25 13:00:00,129.28882
2012-10-25 14:00:00,352.2976
2012-10-25 15:00:00,411.3297
2012-10-25 16:00:00,386.43365
2012-10-25 17:00:00,386.43365
2012-10-25 18:00:00,189.57732
2012-10-25 19:00:00,198.88588
2012-10-25 20:00:00,136.39009
2012-10-25 21:00:00,136.39009
2012-10-25 22:00:00,149.97736
2012-10-25 23:00:00,176.95155
2012-10-26 00:00:00,133.37074
2012-10-26 01:00:00,112.2183
2012-10-26 02:00:00,119.11852
2012-10-26 03:00:00,151.86131
2012-10-26 04:00:00,151.86131
2012-10-26 05:00:00,119.11852
2012-10-26 06:00:00,112.2183
2012-10-26 07:00:00,119.11852
2012-10-26 08:00:00,145.37987
2012-10-26 09:00:00,145.37987
2012-10-26 10:00:00,129.21817
2012-10-26 11:00:00,226.77945
2012-10-26 12:00:00,258.9394
2012-10-26 13:00:00,271.08496
2012-10-26 14:00:00,262.8442
2012-10-26 15:00:00,291.2093
2012-10-26 16:00:00,259.05048
2012-10-26 17:00:00,239.18964
2012-10-26 18:00:00,224.67574
2012-10-26 19:00:00,196.28433
2012-10-26 20:00:00,196.28432
2012-10-26 21:00:00,229.33357
2012-10-26 22:00:00,169.78888
2012-10-26 23:00:00,192.99133
2012-10-27 00:00:00,88.745636
2012-10-27 01:00:00,107.89463
2012-10-27 02:00:00,133.67079
2012-10-27 03:00:00,95.26033
2012-10-27 04:00:00,114.887375
2012-10-27 05:00:00,170.17911
2012-10-27 06:00:00,170.17911
2012-10-27 07:00:00,126.413895
2012-10-27 08:00:00,173.62907
2012-10-27 09:00:00,173.62907
2012-10-27 10:00:00,226.79169
2012-10-27 11:00:00,297.59872
2012-10-27 12:00:00,414.31036
2012-10-27 13:00:00,467.20865
2012-10-27 14:00:00,464.1681
2012-10-27 15:00:00,402.88763
2012-10-27 16:00:00,378.50195
2012-10-27 17:00:00,378.50195
2012-10-27 18:00:00,378.50195
2012-10-27 19:00:00,276.50668
2012-10-27 20:00:00,276.50668
2012-10-27 21:00:00,276.50668
2012-10-27 22:00:00,280.9999
2012-10-27 23:00:00,279.79184
2012-10-28 00:00:00,201.27824
2012-10-28 01:00:00,290.3315
2012-10-28 02:00:00,273.9259
2012-10-28 03:00:00,282.0468
2012-10-28 04:00:00,268.87515
2012-10-28 05:00:00,293.05093
2012-10-28 06:00:00,295.6165
2012-10-28 07:00:00,300.89008
2012-10-28 08:00:00,253.62657
2012-10-28 09:00:00,294.671
2012-10-28 10:00:00,292.99893
2012-10-28 11:00:00,328.33502
2012-10-28 12:00:00,258.29428
2012-10-28 13:00:00,249.08063
2012-10-28 14:00:00,267.6049
2012-10-28 15:00:00,245.27357
2012-10-28 16:00:00,217.10443
2012-10-28 17:00:00,159.10788
2012-10-28 18:00:00,84.583885
2012-10-28 19:00:00,127.72092
2012-10-28 20:00:00,90.22719
2012-10-28 21:00:00,124.89607
2012-10-28 22:00:00,149.92535
2012-10-28 23:00:00,127.72092
2012-10-29 00:00:00,88.262535
2012-10-30 13:00:00,92.85533
2012-10-30 14:00:00,92.85533
2012-10-30 15:00:00,102.951775
2012-10-30 16:00:00,102.951775
2012-10-30 17:00:00,105.01631
2012-10-30 18:00:00,100.145615
2012-10-30 19:00:00,296.20398
2012-10-30 20:00:00,148.36668
2012-10-30 21:00:00,129.0788
2012-10-30 22:00:00,141.22362
2012-10-30 23:00:00,141.22362
2012-10-31 00:00:00,123.627655
2012-10-31 01:00:00,117.909805
2012-10-31 02:00:00,132.9567
2012-10-31 03:00:00,123.627655
2012-10-31 04:00:00,155.53282
2012-10-31 05:00:00,132.9567
2012-10-31 06:00:00,148.1085
2012-10-31 07:00:00,137.67001
2012-10-31 08:00:00,144.12354
2012-10-31 09:00:00,136.99265
2012-10-31 10:00:00,155.37119
2012-10-31 11:00:00,200.50783
2012-10-31 12:00:00,212.38971
2012-10-31 13:00:00,218.09499
2012-10-31 14:00:00,313.71036
2012-10-31 15:00:00,229.16653
2012-10-31 16:00:00,299.74677
2012-10-31 17:00:00,297.3617
2012-10-31 18:00:00,297.3617
2012-10-31 19:00:00,314.7983
2012-10-31 20:00:00,314.7983
2012-10-31 21:00:00,314.7983
2012-10-31 22:00:00,234.66318
2012-10-31 23:00:00,238.55208
2012-11-20 00:00:00,136.13234
2012-11-20 01:00:00,163.53596
2012-11-20 02:00:00,111.949394
2012-11-20 03:00:00,127.85134
2012-11-20 04:00:00,175.57687
2012-11-20 05:00:00,163.18271
2012-11-20 06:00:00,144.98746
2012-11-20 07:00:00,120.00268
2012-11-20 08:00:00,136.21327
2012-11-20 09:00:00,120.27261
2012-11-20 10:00:00,216.63075
2012-11-20 11:00:00,218.1373
2012-11-20 12:00:00,162.37172
2012-11-20 13:00:00,233.09032
2012-11-20 14:00:00,314.55368
2012-11-20 15:00:00,331.32254
2012-11-20 16:00:00,260.344
2012-11-20 17:00:00,203.81615
2012-11-20 18:00:00,216.63075
2012-11-20 19:00:00,129.8743
2012-11-20 20:00:00,115.64591
2012-11-20 21:00:00,151.84196
2012-11-20 22:00:00,151.84196
2012-11-20 23:00:00,136.26424
2012-11-21 00:00:00,107.559814
2012-11-21 01:00:00,136.26424
2012-11-21 02:00:00,145.17134
2012-11-21 03:00:00,145.17134
2012-11-21 04:00:00,145.17134
2012-11-21 05:00:00,145.17134
2012-11-21 06:00:00,141.60477
2012-11-21 07:00:00,140.10951
2012-11-21 08:00:00,113.49368
2012-11-21 09:00:00,120.00268
2012-11-21 10:00:00,198.19159
2012-11-21 11:00:00,227.48262
2012-11-21 12:00:00,248.7211
2012-11-21 13:00:00,291.88425
2012-11-21 14:00:00,318.0468
2012-11-21 15:00:00,267.18494
2012-11-21 16:00:00,287.3046
2012-11-21 17:00:00,241.42012
2012-11-21 18:00:00,250.42804
2012-11-21 19:00:00,236.04495
2012-11-21 20:00:00,207.57277
2012-11-21 21:00:00,232.67523
2012-11-21 22:00:00,232.93489
2012-11-21 23:00:00,160.40352
2012-11-22 00:00:00,41.137764
2012-11-22 01:00:00,28.527243
2012-11-22 02:00:00,26.381693
2012-11-22 03:00:00,30.413628
2012-11-22 04:00:00,44.242847
2012-11-22 05:00:00,30.413628
2012-11-22 06:00:00,31.21318
2012-11-22 07:00:00,36.28694
2012-11-22 08:00:00,37.75221
2012-11-22 09:00:00,17.698917
2012-11-22 10:00:00,111.732185
2012-11-22 11:00:00,256.45462
2012-11-22 12:00:00,262.18286
2012-11-22 13:00:00,283.77896
2012-11-22 14:00:00,307.26328
2012-11-22 15:00:00,307.26328
2012-11-22 16:00:00,281.97897
2012-11-22 17:00:00,262.18286
2012-11-22 18:00:00,211.2618
2012-11-22 19:00:00,40.68113
2012-11-22 20:00:00,30.725004
2012-11-22 21:00:00,70.81715
2012-11-22 22:00:00,32.104774
2012-11-22 23:00:00,17.118572
2012-11-23 00:00:00,110.499016
2012-11-23 01:00:00,127.585304
2012-11-23 02:00:00,114.0974
2012-11-23 03:00:00,83.93972
2012-11-23 04:00:00,119.01665
2012-11-23 05:00:00,98.82414
2012-11-23 06:00:00,98.82414
2012-11-23 07:00:00,98.82414
2012-11-23 08:00:00,136.48749
2012-11-23 09:00:00,121.07626
2012-11-23 10:00:00,195.45982
2012-11-23 11:00:00,227.48262
2012-11-23 12:00:00,277.59274
2012-11-23 13:00:00,296.37762
2012-11-23 14:00:00,338.09232
2012-11-23 15:00:00,290.33124
2012-11-23 16:00:00,388.36957
2012-11-23 17:00:00,394.2628
2012-11-23 18:00:00,339.80927
2012-11-23 19:00:00,352.2424
2012-11-23 20:00:00,259.88785
2012-11-23 21:00:00,230.29286
2012-11-23 22:00:00,299.37213
2012-11-23 23:00:00,296.5553
2012-11-24 00:00:00,319.39035
2012-11-24 01:00:00,209.908
2012-11-24 02:00:00,270.03967
2012-11-24 03:00:00,196.04245
2012-11-24 04:00:00,190.20229
2012-11-24 05:00:00,172.79845
2012-11-24 06:00:00,132.12427
2012-11-24 07:00:00,146.42165
2012-11-24 08:00:00,162.8939
2012-11-24 09:00:00,156.31987
2012-11-24 10:00:00,125.47801
2012-11-24 11:00:00,137.13792
2012-11-24 12:00:00,246.64642
2012-11-24 13:00:00,252.75806
2012-11-24 14:00:00,254.03473
2012-11-24 15:00:00,228.27914
2012-11-24 16:00:00,204.39583
2012-11-24 17:00:00,189.63593
2012-11-24 18:00:00,196.90678
2012-11-24 19:00:00,138.00108
2012-11-24 20:00:00,132.12424
2012-11-24 21:00:00,96.22133
2012-11-24 22:00:00,121.92942
2012-11-24 23:00:00,96.22133
2012-11-25 00:00:00,109.69127
2012-11-25 01:00:00,95.05988
2012-11-25 02:00:00,150.23135
2012-11-25 03:00:00,95.35081
2012-11-25 04:00:00,95.35081
2012-11-25 05:00:00,60.43853
2012-11-25 06:00:00,64.138535
2012-11-25 07:00:00,54.852028
2012-11-25 08:00:00,72.14358
2012-11-25 09:00:00,83.14743
2012-11-25 10:00:00,111.249954
2012-11-25 11:00:00,112.293495
2012-11-25 12:00:00,112.293495
2012-11-25 13:00:00,101.48549
2012-11-25 14:00:00,137.90807
2012-11-25 15:00:00,176.2373
2012-11-25 16:00:00,199.70969
2012-11-25 17:00:00,144.86734
2012-11-25 18:00:00,107.31612
2012-11-25 19:00:00,157.77592
2012-11-25 20:00:00,55.045326
2012-11-25 21:00:00,109.22559
2012-11-25 22:00:00,55.045326
2012-11-25 23:00:00,46.273605
2012-11-26 00:00:00,70.121796
2012-11-26 01:00:00,68.774796
2012-11-26 02:00:00,68.774796
2012-11-26 03:00:00,68.774796
2012-11-26 04:00:00,70.121796
2012-11-26 05:00:00,158.39467
2012-11-26 06:00:00,70.121796
2012-11-26 07:00:00,89.047325
2012-11-26 08:00:00,89.047325
2012-11-26 09:00:00,186.48358
2012-11-26 10:00:00,234.14119
2012-11-26 11:00:00,269.1918
2012-11-26 12:00:00,256.09323
2012-11-26 13:00:00,256.09323
2012-11-26 14:00:00,244.18224
2012-11-26 15:00:00,252.23013
2012-11-26 16:00:00,253.12386
2012-11-26 17:00:00,246.69115
2012-11-26 18:00:00,246.91315
2012-11-26 19:00:00,227.43614
2012-11-26 20:00:00,232.93489
2012-11-26 21:00:00,232.93489
2012-11-26 22:00:00,160.4035
2012-11-26 23:00:00,145.00833
2012-11-27 00:00:00,142.36635
2012-11-27 01:00:00,125.333626
2012-11-27 02:00:00,141.87012
2012-11-27 03:00:00,92.23301
2012-11-27 04:00:00,105.18907
2012-11-27 05:00:00,155.53494
2012-11-27 06:00:00,140.74928
2012-11-27 07:00:00,95.17226
2012-11-27 08:00:00,99.60471
2012-11-27 09:00:00,138.07619
2012-11-27 10:00:00,102.13211
2012-11-27 11:00:00,100.597305
2012-11-27 12:00:00,83.949135
2012-11-27 13:00:00,105.79434
2012-11-27 14:00:00,87.09766
2012-11-27 15:00:00,171.50304
2012-11-27 16:00:00,171.50304
2012-11-27 17:00:00,156.21709
2012-11-27 18:00:00,140.54698
2012-11-27 19:00:00,164.40028
2012-11-27 20:00:00,160.73798
2012-11-27 21:00:00,155.54214
2012-11-27 22:00:00,140.59294
2012-11-27 23:00:00,152.92097
2012-11-28 00:00:00,152.44989
2012-11-28 01:00:00,151.34724
2012-11-28 02:00:00,151.34724
2012-11-28 03:00:00,159.04077
2012-11-28 04:00:00,143.633
2012-11-28 05:00:00,113.03195
2012-11-28 06:00:00,168.516
2012-11-28 07:00:00,160.9517
2012-11-28 08:00:00,167.7443
2012-11-28 09:00:00,204.61937
2012-11-28 10:00:00,254.8684
2012-11-28 11:00:00,254.16306
2012-11-28 12:00:00,245.14331
2012-11-28 13:00:00,247.71199
2012-11-28 14:00:00,238.41147
2012-11-28 15:00:00,274.2164
2012-11-28 16:00:00,296.65277
2012-11-28 17:00:00,266.6403
2012-11-28 18:00:00,266.0221
2012-11-28 19:00:00,259.67566
2012-11-28 20:00:00,258.96735
2012-11-28 21:00:00,258.03244
2012-11-28 22:00:00,242.61655
2012-11-28 23:00:00,222.26108
2012-11-29 00:00:00,142.34673
2012-11-29 01:00:00,120.70287
2012-11-29 02:00:00,82.898895
2012-11-29 04:00:00,111.46891
2012-11-29 05:00:00,68.774796
2012-11-29 06:00:00,70.121796
2012-11-29 07:00:00,74.44033
2012-11-29 08:00:00,125.74049
2012-11-29 09:00:00,103.81114
2012-11-29 10:00:00,126.47432
2012-11-29 11:00:00,257.896
2012-11-29 12:00:00,249.15883
2012-11-29 13:00:00,264.00565
2012-11-29 14:00:00,236.91078
2012-11-29 15:00:00,226.92638
2012-11-29 16:00:00,244.95055
2012-11-29 17:00:00,252.02177
2012-11-29 18:00:00,252.86581
2012-11-29 19:00:00,218.69914
2012-11-29 20:00:00,230.05817
2012-11-29 21:00:00,145.11635
2012-11-29 22:00:00,113.68143
2012-11-29 23:00:00,123.634605
2012-11-30 00:00:00,153.48598
2012-11-30 01:00:00,113.03322
2012-11-30 02:00:00,79.20992
2012-11-30 03:00:00,79.20992
2012-11-30 04:00:00,76.17975
2012-11-30 05:00:00,91.0617
2012-11-30 06:00:00,110.12878
2012-11-30 07:00:00,93.337
2012-11-30 08:00:00,100.74955
2012-11-30 09:00:00,111.72497
2012-11-30 10:00:00,117.59809
2012-11-30 11:00:00,230.74664
2012-11-30 12:00:00,252.86902
2012-11-30 13:00:00,305.26193
2012-11-30 14:00:00,313.41586
2012-11-30 15:00:00,332.7922
2012-11-30 16:00:00,244.05447
2012-11-30 17:00:00,238.2044
2012-11-30 18:00:00,165.12167
2012-11-30 19:00:00,137.49736
2012-11-30 20:00:00,137.49736
2012-11-30 21:00:00,117.668625
2012-11-30 22:00:00,93.6794
2012-11-30 23:00:00,105.08483
2012-12-20 00:00:00,195.19286
2012-12-20 01:00:00,137.49736
2012-12-20 02:00:00,137.49736
2012-12-20 03:00:00,99.85617
2012-12-20 04:00:00,99.85617
2012-12-20 05:00:00,104.63749
2012-12-20 06:00:00,117.59809
2012-12-20 07:00:00,84.22384
2012-12-20 08:00:00,84.22384
2012-12-20 09:00:00,84.22384
2012-12-20 10:00:00,119.21342
2012-12-20 11:00:00,251.5191
2012-12-20 12:00:00,275.57605
2012-12-20 13:00:00,268.1898
2012-12-20 14:00:00,288.0783
2012-12-20 15:00:00,246.45172
2012-12-20 16:00:00,213.80698
2012-12-20 17:00:00,175.57687
2012-12-20 18:00:00,160.67645
2012-12-20 19:00:00,109.19426
2012-12-20 20:00:00,96.5786
2012-12-20 21:00:00,96.5786
2012-12-20 22:00:00,96.38418
2012-12-20 23:00:00,92.76884
2012-12-21 00:00:00,32.895176
2012-12-21 01:00:00,30.523224
2012-12-21 02:00:00,27.050629
2012-12-21 03:00:00,27.050629
2012-12-21 04:00:00,109.60092
2012-12-21 05:00:00,97.26778
2012-12-21 06:00:00,128.2846
2012-12-21 07:00:00,110.74783
2012-12-21 08:00:00,116.578224
2012-12-21 09:00:00,135.54512
2012-12-21 10:00:00,120.11792
2012-12-21 11:00:00,125.62728
2012-12-21 12:00:00,119.43524
2012-12-21 13:00:00,122.43701
2012-12-21 14:00:00,124.396545
2012-12-21 15:00:00,120.39788
2012-12-21 16:00:00,113.065636
2012-12-21 17:00:00,107.520096
2012-12-21 18:00:00,102.67434
2012-12-21 19:00:00,85.60249
2012-12-21 20:00:00,92.305916
2012-12-21 21:00:00,85.12697
2012-12-21 22:00:00,76.555374
2012-12-21 23:00:00,76.54534
2012-12-22 00:00:00,88.69669
2012-12-22 01:00:00,78.792786
2012-12-22 02:00:00,89.005356
2012-12-22 03:00:00,70.63536
2012-12-22 04:00:00,53.024834
2012-12-22 05:00:00,71.4717
2012-12-22 06:00:00,79.10058
2012-12-22 07:00:00,79.10058
2012-12-22 08:00:00,87.1291
2012-12-22 09:00:00,67.97421
2012-12-22 10:00:00,58.95727
2012-12-22 11:00:00,83.05498
2012-12-22 12:00:00,75.99561
2012-12-22 13:00:00,97.7835
2012-12-22 14:00:00,94.95977
2012-12-22 15:00:00,77.09531
2012-12-22 16:00:00,102.64117
2012-12-22 17:00:00,70.80346
2012-12-22 18:00:00,82.4692
2012-12-22 19:00:00,58.76821
2012-12-22 20:00:00,47.84767
2012-12-22 21:00:00,51.05724
2012-12-22 22:00:00,51.05724
2012-12-22 23:00:00,46.254242
2012-12-23 00:00:00,52.652042
2012-12-23 01:00:00,47.688137
2012-12-23 02:00:00,40.796776
2012-12-23 03:00:00,38.773746
2012-12-23 04:00:00,40.271557
2012-12-23 05:00:00,35.937214
2012-12-23 06:00:00,34.269848
2012-12-23 07:00:00,34.269848
2012-12-23 08:00:00,32.196445
2012-12-23 09:00:00,38.583187
2012-12-23 10:00:00,43.4102
2012-12-23 11:00:00,46.780922
2012-12-23 12:00:00,68.36825
2012-12-23 13:00:00,86.58527
2012-12-23 14:00:00,108.5062
2012-12-23 15:00:00,91.20842
2012-12-23 16:00:00,102.52445
2012-12-23 17:00:00,82.04222
2012-12-23 18:00:00,64.92887
2012-12-23 19:00:00,55.67728
2012-12-23 20:00:00,46.01906
2012-12-23 21:00:00,40.96493
2012-12-23 22:00:00,45.107834
2012-12-23 23:00:00,42.473743
2012-12-24 00:00:00,76.68271
2012-12-24 01:00:00,76.682724
2012-12-24 02:00:00,79.836586
2012-12-24 03:00:00,79.836586
2012-12-24 05:00:00,77.60483
2012-12-24 06:00:00,79.836586
2012-12-24 07:00:00,76.12761
2012-12-24 08:00:00,76.682724
2012-12-24 09:00:00,85.97384
2012-12-24 10:00:00,81.94549
2012-12-24 11:00:00,93.1251
2012-12-24 12:00:00,92.20374
2012-12-24 13:00:00,53.640682
2012-12-24 14:00:00,46.57031
2012-12-24 15:00:00,40.160244
2012-12-24 16:00:00,40.160244
2012-12-24 17:00:00,39.580624
2012-12-24 18:00:00,40.53928
2012-12-24 19:00:00,49.77698
2012-12-24 20:00:00,40.1198
2012-12-24 21:00:00,41.51463
2012-12-24 22:00:00,62.629536
2012-12-24 23:00:00,46.4755
2012-12-25 00:00:00,46.606506
2012-12-25 01:00:00,80.53109
2012-12-25 02:00:00,80.53109
2012-12-25 04:00:00,68.4327
2012-12-25 05:00:00,76.58892
2012-12-25 06:00:00,76.58892
2012-12-25 07:00:00,81.40797
2012-12-25 08:00:00,47.261616
2012-12-25 09:00:00,44.35789
2012-12-25 10:00:00,72.42174
2012-12-25 11:00:00,100.28737
2012-12-25 12:00:00,105.03651
2012-12-25 13:00:00,142.55458
2012-12-25 14:00:00,132.6143
2012-12-25 15:00:00,125.45814
2012-12-25 16:00:00,96.996086
2012-12-25 17:00:00,106.58811
2012-12-25 18:00:00,110.905464
2012-12-25 19:00:00,100.08719
2012-12-25 20:00:00,121.52094
2012-12-25 21:00:00,88.59105
2012-12-25 22:00:00,79.7196
2012-12-25 23:00:00,109.23025
2012-12-26 00:00:00,100.8874
2012-12-26 01:00:00,101.32425
2012-12-26 02:00:00,101.32425
2012-12-26 03:00:00,96.9071
2012-12-26 04:00:00,81.20215
2012-12-26 05:00:00,84.024734
2012-12-26 06:00:00,84.54513
2012-12-26 07:00:00,41.06864
2012-12-26 08:00:00,41.06864
2012-12-26 09:00:00,41.06864
2012-12-26 10:00:00,41.767517
2012-12-26 11:00:00,40.872593
2012-12-26 12:00:00,40.23467
2012-12-26 13:00:00,40.23467
2012-12-26 14:00:00,40.77557
2012-12-26 15:00:00,40.056538
2012-12-26 16:00:00,40.056538
2012-12-26 17:00:00,38.640766
2012-12-26 18:00:00,37.83038
2012-12-26 19:00:00,44.16876
2012-12-26 20:00:00,36.14625
2012-12-26 21:00:00,54.313087
2012-12-26 22:00:00,40.295914
2012-12-26 23:00:00,40.681736
2012-12-27 00:00:00,40.681736
2012-12-27 01:00:00,40.295914
2012-12-27 02:00:00,63.689682
2012-12-27 03:00:00,52.615257
2012-12-27 04:00:00,55.5364
2012-12-27 05:00:00,80.603874
2012-12-27 06:00:00,93.50849
2012-12-27 07:00:00,85.243385
2012-12-27 08:00:00,91.45125
2012-12-27 09:00:00,110.19588
2012-12-27 10:00:00,122.33446
2012-12-27 11:00:00,129.22668
2012-12-27 12:00:00,112.11539
2012-12-27 13:00:00,112.11539
2012-12-27 14:00:00,126.141106
2012-12-27 15:00:00,126.984344
2012-12-27 16:00:00,96.46655
2012-12-27 17:00:00,96.46655
2012-12-27 18:00:00,90.50544
2012-12-27 19:00:00,82.284
2012-12-27 20:00:00,88.14126
2012-12-27 21:00:00,90.50544
2012-12-27 22:00:00,96.171936
2012-12-27 23:00:00,90.50544
2012-12-28 00:00:00,88.70415
2012-12-28 01:00:00,87.6345
2012-12-28 02:00:00,82.95698
2012-12-28 03:00:00,88.70415
2012-12-28 04:00:00,84.181725
2012-12-28 05:00:00,83.08824
2012-12-28 06:00:00,81.24507
2012-12-28 07:00:00,85.4217
2012-12-28 08:00:00,87.3983
2012-12-28 09:00:00,96.171936
2012-12-28 10:00:00,93.44484
2012-12-28 11:00:00,92.39998
2012-12-28 12:00:00,100.78563
2012-12-28 13:00:00,100.78563
2012-12-28 14:00:00,100.78563
2012-12-28 15:00:00,75.865746
2012-12-28 16:00:00,107.04964
2012-12-28 17:00:00,88.919975
2012-12-28 18:00:00,88.919975
2012-12-28 19:00:00,93.12016
2012-12-28 20:00:00,85.97384
2012-12-28 21:00:00,89.4267
2012-12-28 22:00:00,87.870445
2012-12-28 23:00:00,85.00831
2012-12-29 00:00:00,39.722725
2012-12-29 01:00:00,40.53627
2012-12-29 02:00:00,39.722725
2012-12-29 03:00:00,35.655853
2012-12-29 04:00:00,40.53627
2012-12-29 05:00:00,40.53627
2012-12-29 06:00:00,47.86046
2012-12-29 07:00:00,50.32385
2012-12-29 08:00:00,32.946613
2012-12-29 09:00:00,32.946617
2012-12-29 10:00:00,40.746655
2012-12-29 11:00:00,29.931559
2012-12-29 12:00:00,28.517365
2012-12-29 13:00:00,28.517365
2012-12-29 14:00:00,31.330727
2012-12-29 15:00:00,32.535046
2012-12-29 16:00:00,42.87346
2012-12-29 17:00:00,38.792633
2012-12-29 18:00:00,48.6389
2012-12-29 19:00:00,83.6435
2012-12-29 20:00:00,52.044052
2012-12-29 21:00:00,56.436485
2012-12-29 22:00:00,60.76666
2012-12-29 23:00:00,48.561325
2012-12-30 00:00:00,65.44044
2012-12-30 01:00:00,64.47027
2012-12-30 02:00:00,75.089645
2012-12-30 03:00:00,64.47027
2012-12-30 04:00:00,71.34522
2012-12-30 05:00:00,60.54222
2012-12-30 06:00:00,63.630333
2012-12-30 07:00:00,53.489796
2012-12-30 08:00:00,61.73515
2012-12-30 09:00:00,58.06303
2012-12-30 10:00:00,84.25425
2012-12-30 11:00:00,84.78389
2012-12-30 12:00:00,77.84729
2012-12-30 13:00:00,75.99561
2012-12-30 14:00:00,93.22304
2012-12-30 15:00:00,79.609665
2012-12-30 16:00:00,98.869385
2012-12-30 17:00:00,63.977505
2012-12-30 18:00:00,55.663387
2012-12-30 19:00:00,61.256115
2012-12-30 20:00:00,54.16695
2012-12-30 21:00:00,40.796776
2012-12-30 22:00:00,39.52827
2012-12-30 23:00:00,44.1429
2012-12-31 00:00:00,83.355995
2012-12-31 01:00:00,83.355995
2012-12-31 02:00:00,87.21387
2012-12-31 03:00:00,83.634285
2012-12-31 04:00:00,83.27835
2012-12-31 05:00:00,85.568054
2012-12-31 06:00:00,85.73643
2012-12-31 07:00:00,85.22596
2012-12-31 08:00:00,84.46796
2012-12-31 09:00:00,72.68202
2012-12-31 10:00:00,80.481964
2012-12-31 11:00:00,84.350716
2012-12-31 12:00:00,87.45491
2012-12-31 13:00:00,87.44358
2012-12-31 14:00:00,97.638054
2012-12-31 15:00:00,89.88173
2012-12-31 16:00:00,88.50531
2012-12-31 17:00:00,80.535
2012-12-31 18:00:00,87.37206
2012-12-31 19:00:00,93.1251
2012-12-31 20:00:00,93.1251
2012-12-31 21:00:00,90.07771
2012-12-31 22:00:00,93.125626
2012-12-31 23:00:00,85.11643
