datetime,count
2011-01-20 00:00:00,100.55923
2011-01-20 01:00:00,86.92007
2011-01-20 02:00:00,86.92007
2011-01-20 03:00:00,91.10952
2011-01-20 04:00:00,91.10952
2011-01-20 05:00:00,86.11613
2011-01-20 06:00:00,82.656
2011-01-20 07:00:00,82.62611
2011-01-20 08:00:00,79.115974
2011-01-20 09:00:00,98.61982
2011-01-20 10:00:00,93.00631
2011-01-20 11:00:00,110.92398
2011-01-20 12:00:00,85.50843
2011-01-20 13:00:00,104.22039
2011-01-20 14:00:00,117.40862
2011-01-20 15:00:00,123.62222
2011-01-20 16:00:00,123.25074
2011-01-20 17:00:00,115.58431
2011-01-20 18:00:00,110.038994
2011-01-20 19:00:00,93.03326
2011-01-20 20:00:00,109.2366
2011-01-20 21:00:00,101.853615
2011-01-20 22:00:00,104.99679
2011-01-20 23:00:00,105.641136
2011-01-21 00:00:00,109.236984
2011-01-21 01:00:00,109.236984
2011-01-21 02:00:00,92.995186
2011-01-21 03:00:00,51.134422
2011-01-21 04:00:00,90.97758
2011-01-21 05:00:00,94.30927
2011-01-21 06:00:00,80.32328
2011-01-21 07:00:00,76.216286
2011-01-21 08:00:00,78.59389
2011-01-21 09:00:00,78.62151
2011-01-21 10:00:00,96.27932
2011-01-21 11:00:00,110.34254
2011-01-21 12:00:00,159.8776
2011-01-21 13:00:00,174.13614
2011-01-21 14:00:00,146.8342
2011-01-21 15:00:00,110.19814
2011-01-21 16:00:00,98.05604
2011-01-21 17:00:00,85.99555
2011-01-21 18:00:00,80.36314
2011-01-21 19:00:00,76.507225
2011-01-21 20:00:00,71.46107
2011-01-21 21:00:00,60.48152
2011-01-21 22:00:00,55.588814
2011-01-21 23:00:00,57.249252
2011-01-22 00:00:00,34.744865
2011-01-22 01:00:00,34.155174
2011-01-22 02:00:00,31.14462
2011-01-22 03:00:00,32.727097
2011-01-22 04:00:00,32.5406
2011-01-22 06:00:00,29.233618
2011-01-22 07:00:00,34.797226
2011-01-22 08:00:00,35.140694
2011-01-22 09:00:00,35.64057
2011-01-22 10:00:00,26.875498
2011-01-22 11:00:00,25.702005
2011-01-22 12:00:00,25.081154
2011-01-22 13:00:00,30.14493
2011-01-22 14:00:00,36.879124
2011-01-22 15:00:00,36.058643
2011-01-22 16:00:00,62.115616
2011-01-22 17:00:00,39.027775
2011-01-22 18:00:00,38.264896
2011-01-22 19:00:00,34.386765
2011-01-22 20:00:00,32.189175
2011-01-22 21:00:00,30.311024
2011-01-22 22:00:00,26.44018
2011-01-22 23:00:00,27.498205
2011-01-23 00:00:00,27.498205
2011-01-23 01:00:00,27.498205
2011-01-23 02:00:00,28.609943
2011-01-23 03:00:00,28.609943
2011-01-23 05:00:00,24.388872
2011-01-23 06:00:00,24.388872
2011-01-23 07:00:00,30.891142
2011-01-23 08:00:00,30.64144
2011-01-23 09:00:00,36.565525
2011-01-23 10:00:00,40.237312
2011-01-23 11:00:00,42.96733
2011-01-23 12:00:00,64.52369
2011-01-23 13:00:00,55.86711
2011-01-23 14:00:00,74.50947
2011-01-23 15:00:00,74.50947
2011-01-23 16:00:00,81.70704
2011-01-23 17:00:00,69.079094
2011-01-23 18:00:00,60.45996
2011-01-23 19:00:00,61.228603
2011-01-23 20:00:00,45.32392
2011-01-23 21:00:00,39.76293
2011-01-23 22:00:00,36.093025
2011-01-23 23:00:00,35.405514
2011-01-24 00:00:00,69.69517
2011-01-24 01:00:00,69.164055
2011-01-24 03:00:00,58.306732
2011-01-24 04:00:00,69.34045
2011-01-24 05:00:00,69.34045
2011-01-24 06:00:00,62.628845
2011-01-24 07:00:00,52.78492
2011-01-24 08:00:00,54.43499
2011-01-24 09:00:00,65.007774
2011-01-24 10:00:00,68.91981
2011-01-24 11:00:00,75.18658
2011-01-24 12:00:00,71.072395
2011-01-24 13:00:00,71.956184
2011-01-24 14:00:00,72.68305
2011-01-24 15:00:00,87.75141
2011-01-24 16:00:00,71.38523
2011-01-24 17:00:00,68.036674
2011-01-24 18:00:00,75.87806
2011-01-24 19:00:00,76.69355
2011-01-24 20:00:00,75.87806
2011-01-24 21:00:00,74.08289
2011-01-24 22:00:00,80.089905
2011-01-24 23:00:00,81.5947
2011-01-25 00:00:00,83.27119
2011-01-25 01:00:00,91.2851
2011-01-25 02:00:00,77.39724
2011-01-25 04:00:00,72.304924
2011-01-25 05:00:00,75.80193
2011-01-25 06:00:00,73.86221
2011-01-25 07:00:00,77.48223
2011-01-25 08:00:00,92.457695
2011-01-25 09:00:00,94.24304
2011-01-25 10:00:00,99.32444
2011-01-25 11:00:00,107.42353
2011-01-25 12:00:00,105.6719
2011-01-25 13:00:00,113.32515
2011-01-25 14:00:00,88.34061
2011-01-25 15:00:00,90.93012
2011-01-25 16:00:00,90.93012
2011-01-25 17:00:00,114.19505
2011-01-25 18:00:00,111.82458
2011-01-25 19:00:00,118.41713
2011-01-25 20:00:00,86.75442
2011-01-25 21:00:00,86.75442
2011-01-25 22:00:00,82.1139
2011-01-25 23:00:00,105.89251
2011-01-26 00:00:00,104.64861
2011-01-26 01:00:00,109.136284
2011-01-26 02:00:00,91.04977
2011-01-26 05:00:00,50.240356
2011-01-26 06:00:00,50.240356
2011-01-26 07:00:00,46.565617
2011-01-26 08:00:00,46.565617
2011-01-26 09:00:00,46.565617
2011-01-26 10:00:00,46.647152
2011-01-26 11:00:00,41.018646
2011-01-26 12:00:00,41.018646
2011-01-26 13:00:00,41.018646
2011-01-26 14:00:00,38.059288
2011-01-26 15:00:00,33.925957
2011-01-26 16:00:00,35.251595
2011-01-26 17:00:00,37.576614
2011-01-27 16:00:00,86.489525
2011-01-27 17:00:00,84.727715
2011-01-27 18:00:00,76.59815
2011-01-27 19:00:00,76.59815
2011-01-27 20:00:00,75.03057
2011-01-27 21:00:00,75.03057
2011-01-27 22:00:00,75.03057
2011-01-27 23:00:00,76.434135
2011-01-28 00:00:00,102.466484
2011-01-28 01:00:00,102.466484
2011-01-28 02:00:00,105.272026
2011-01-28 03:00:00,100.76412
2011-01-28 05:00:00,92.415825
2011-01-28 06:00:00,93.870995
2011-01-28 07:00:00,80.4671
2011-01-28 08:00:00,80.4671
2011-01-28 09:00:00,79.72205
2011-01-28 10:00:00,78.43517
2011-01-28 11:00:00,68.110176
2011-01-28 12:00:00,68.110176
2011-01-28 13:00:00,68.110176
2011-01-28 14:00:00,92.66267
2011-01-28 15:00:00,85.09202
2011-01-28 16:00:00,78.60892
2011-01-28 17:00:00,81.59498
2011-01-28 18:00:00,84.62601
2011-01-28 19:00:00,113.33195
2011-01-28 20:00:00,115.60197
2011-01-28 21:00:00,107.762886
2011-01-28 22:00:00,87.01826
2011-01-28 23:00:00,86.11613
2011-01-29 00:00:00,50.337177
2011-01-29 01:00:00,35.707565
2011-01-29 02:00:00,34.808273
2011-01-29 03:00:00,32.087715
2011-01-29 04:00:00,29.1163
2011-01-29 06:00:00,30.57549
2011-01-29 07:00:00,30.09026
2011-01-29 08:00:00,34.607864
2011-01-29 09:00:00,30.602835
2011-01-29 10:00:00,38.550156
2011-01-29 11:00:00,42.147903
2011-01-29 12:00:00,59.05856
2011-01-29 13:00:00,58.374146
2011-01-29 14:00:00,51.494118
2011-01-29 15:00:00,39.300064
2011-01-29 16:00:00,40.17443
2011-01-29 17:00:00,41.642876
2011-01-29 18:00:00,33.38739
2011-01-29 19:00:00,70.647644
2011-01-29 20:00:00,29.439352
2011-01-29 21:00:00,29.439352
2011-01-29 22:00:00,28.592043
2011-01-29 23:00:00,28.592043
2011-01-30 00:00:00,28.912039
2011-01-30 01:00:00,25.101463
2011-01-30 02:00:00,25.492651
2011-01-30 03:00:00,25.506926
2011-01-30 04:00:00,25.506926
2011-01-30 05:00:00,25.20891
2011-01-30 07:00:00,25.20891
2011-01-30 08:00:00,22.049175
2011-01-30 09:00:00,24.233393
2011-01-30 10:00:00,27.0852
2011-01-30 11:00:00,31.15271
2011-01-30 12:00:00,78.479065
2011-01-30 13:00:00,53.34143
2011-01-30 14:00:00,55.76463
2011-01-30 15:00:00,70.985725
2011-01-30 16:00:00,70.985725
2011-01-30 17:00:00,76.855965
2011-01-30 18:00:00,42.18477
2011-01-30 19:00:00,44.087044
2011-01-30 20:00:00,64.547195
2011-01-30 21:00:00,64.37885
2011-01-30 22:00:00,65.48516
2011-01-30 23:00:00,79.3682
2011-01-31 00:00:00,107.44757
2011-01-31 01:00:00,80.237755
2011-01-31 02:00:00,83.66848
2011-01-31 03:00:00,83.66848
2011-01-31 04:00:00,78.96648
2011-01-31 05:00:00,71.73437
2011-01-31 06:00:00,68.30634
2011-01-31 07:00:00,80.368416
2011-01-31 08:00:00,78.82062
2011-01-31 09:00:00,78.915215
2011-01-31 10:00:00,83.94933
2011-01-31 11:00:00,83.94933
2011-01-31 12:00:00,83.18684
2011-01-31 13:00:00,67.60314
2011-01-31 14:00:00,87.914825
2011-01-31 15:00:00,84.84135
2011-01-31 16:00:00,82.08474
2011-01-31 17:00:00,83.94933
2011-01-31 18:00:00,79.50059
2011-01-31 19:00:00,95.297966
2011-01-31 20:00:00,96.22552
2011-01-31 21:00:00,94.06831
2011-01-31 22:00:00,82.04157
2011-01-31 23:00:00,83.54688
2011-02-20 00:00:00,109.81881
2011-02-20 01:00:00,93.647224
2011-02-20 02:00:00,101.57438
2011-02-20 03:00:00,93.02422
2011-02-20 04:00:00,93.02422
2011-02-20 06:00:00,57.027878
2011-02-20 07:00:00,44.016857
2011-02-20 08:00:00,36.04538
2011-02-20 09:00:00,66.38151
2011-02-20 10:00:00,76.78346
2011-02-20 11:00:00,89.60454
2011-02-20 12:00:00,116.595604
2011-02-20 13:00:00,144.36467
2011-02-20 14:00:00,172.2528
2011-02-20 15:00:00,169.94249
2011-02-20 16:00:00,165.51207
2011-02-20 17:00:00,153.15094
2011-02-20 18:00:00,101.43711
2011-02-20 19:00:00,101.43711
2011-02-20 20:00:00,89.10371
2011-02-20 21:00:00,74.74622
2011-02-20 22:00:00,117.395775
2011-02-20 23:00:00,93.071
2011-02-21 00:00:00,144.85272
2011-02-21 01:00:00,144.85272
2011-02-21 02:00:00,144.85272
2011-02-21 03:00:00,143.62737
2011-02-21 04:00:00,88.19741
2011-02-21 05:00:00,74.20802
2011-02-21 06:00:00,172.58789
2011-02-21 07:00:00,172.98492
2011-02-21 08:00:00,132.93616
2011-02-21 09:00:00,134.58456
2011-02-21 10:00:00,136.58055
2011-02-21 11:00:00,96.10609
2011-02-21 12:00:00,129.02731
2011-02-21 13:00:00,91.30482
2011-02-21 14:00:00,109.72091
2011-02-21 15:00:00,87.17443
2011-02-21 16:00:00,79.29017
2011-02-21 17:00:00,82.64704
2011-02-21 18:00:00,64.55897
2011-02-21 19:00:00,64.55897
2011-02-21 20:00:00,67.93452
2011-02-21 21:00:00,66.859116
2011-02-21 22:00:00,65.195366
2011-02-21 23:00:00,65.195366
2011-02-22 06:00:00,76.16784
2011-02-22 07:00:00,76.16784
2011-02-22 08:00:00,81.20739
2011-02-22 09:00:00,86.276054
2011-02-22 10:00:00,71.05897
2011-02-22 11:00:00,69.04311
2011-02-22 12:00:00,80.16186
2011-02-22 13:00:00,85.46747
2011-02-22 14:00:00,86.489525
2011-02-22 15:00:00,90.95436
2011-02-22 16:00:00,87.32314
2011-02-22 17:00:00,83.37848
2011-02-22 18:00:00,90.463356
2011-02-22 19:00:00,77.92758
2011-02-22 20:00:00,80.59962
2011-02-22 21:00:00,78.53372
2011-02-22 22:00:00,72.59996
2011-02-22 23:00:00,72.59996
2011-02-23 00:00:00,77.063225
2011-02-23 01:00:00,79.94782
2011-02-23 02:00:00,75.34345
2011-02-23 03:00:00,76.116516
2011-02-23 05:00:00,73.64302
2011-02-23 06:00:00,73.64302
2011-02-23 07:00:00,74.04887
2011-02-23 08:00:00,76.69355
2011-02-23 09:00:00,79.3088
2011-02-23 10:00:00,94.36322
2011-02-23 11:00:00,104.91219
2011-02-23 12:00:00,122.04083
2011-02-23 13:00:00,171.0716
2011-02-23 14:00:00,183.84448
2011-02-23 15:00:00,209.31587
2011-02-23 16:00:00,187.75995
2011-02-23 17:00:00,209.31587
2011-02-23 18:00:00,192.78918
2011-02-23 19:00:00,136.60733
2011-02-23 20:00:00,86.31353
2011-02-23 21:00:00,93.42263
2011-02-23 22:00:00,93.42263
2011-02-23 23:00:00,84.99917
2011-02-24 00:00:00,84.99917
2011-02-24 01:00:00,82.566414
2011-02-24 02:00:00,78.31454
2011-02-24 03:00:00,78.46469
2011-02-24 05:00:00,77.617836
2011-02-24 06:00:00,80.08984
2011-02-24 07:00:00,80.1079
2011-02-24 08:00:00,87.23579
2011-02-24 09:00:00,94.28225
2011-02-24 10:00:00,108.17928
2011-02-24 11:00:00,115.38416
2011-02-24 12:00:00,125.46154
2011-02-24 13:00:00,134.03993
2011-02-24 14:00:00,138.891
2011-02-24 15:00:00,85.47134
2011-02-24 16:00:00,94.38305
2011-02-24 17:00:00,111.47598
2011-02-24 18:00:00,73.96818
2011-02-24 19:00:00,58.78844
2011-02-24 20:00:00,62.55935
2011-02-24 21:00:00,73.96818
2011-02-24 22:00:00,65.808174
2011-02-24 23:00:00,81.80801
2011-02-25 00:00:00,118.28275
2011-02-25 01:00:00,111.53454
2011-02-25 02:00:00,111.53454
2011-02-25 03:00:00,99.99312
2011-02-25 05:00:00,99.99312
2011-02-25 06:00:00,115.0198
2011-02-25 07:00:00,105.02249
2011-02-25 08:00:00,115.14772
2011-02-25 09:00:00,51.015
2011-02-25 10:00:00,98.77624
2011-02-25 11:00:00,175.18149
2011-02-25 12:00:00,128.03516
2011-02-25 13:00:00,128.03516
2011-02-25 14:00:00,123.80843
2011-02-25 15:00:00,249.2607
2011-02-25 16:00:00,134.16165
2011-02-25 17:00:00,168.95001
2011-02-25 18:00:00,137.2663
2011-02-25 19:00:00,123.48501
2011-02-25 20:00:00,144.01535
2011-02-25 21:00:00,114.386925
2011-02-25 22:00:00,116.12681
2011-02-25 23:00:00,96.23726
2011-02-26 00:00:00,55.60852
2011-02-26 01:00:00,61.524323
2011-02-26 02:00:00,51.381973
2011-02-26 03:00:00,37.57235
2011-02-26 04:00:00,48.190937
2011-02-26 05:00:00,50.75077
2011-02-26 06:00:00,35.511387
2011-02-26 07:00:00,34.877903
2011-02-26 08:00:00,44.33285
2011-02-26 09:00:00,70.420265
2011-02-26 10:00:00,76.84048
2011-02-26 11:00:00,85.091576
2011-02-26 12:00:00,90.93389
2011-02-26 13:00:00,119.04458
2011-02-26 14:00:00,128.58115
2011-02-26 15:00:00,133.59811
2011-02-26 16:00:00,134.83012
2011-02-26 17:00:00,144.79059
2011-02-26 18:00:00,123.333664
2011-02-26 19:00:00,107.10084
2011-02-26 20:00:00,77.03022
2011-02-26 21:00:00,59.417973
2011-02-26 22:00:00,51.580757
2011-02-26 23:00:00,58.273506
2011-02-27 00:00:00,41.335663
2011-02-27 01:00:00,35.532475
2011-02-27 02:00:00,36.389206
2011-02-27 03:00:00,38.923683
2011-02-27 04:00:00,31.198069
2011-02-27 06:00:00,32.71455
2011-02-27 07:00:00,31.198069
2011-02-27 08:00:00,39.938126
2011-02-27 09:00:00,46.462357
2011-02-27 10:00:00,53.884193
2011-02-27 11:00:00,98.53907
2011-02-27 12:00:00,147.9296
2011-02-27 13:00:00,168.01254
2011-02-27 14:00:00,182.8135
2011-02-27 15:00:00,207.22617
2011-02-27 16:00:00,225.93262
2011-02-27 17:00:00,164.99908
2011-02-27 18:00:00,152.75021
2011-02-27 19:00:00,150.0498
2011-02-27 20:00:00,147.9296
2011-02-27 21:00:00,128.79604
2011-02-27 22:00:00,136.76529
2011-02-27 23:00:00,127.44143
2011-02-28 00:00:00,141.5223
2011-02-28 01:00:00,53.52044
2011-02-28 03:00:00,95.98726
2011-02-28 05:00:00,125.69682
2011-02-28 06:00:00,105.3175
2011-02-28 07:00:00,116.98258
2011-02-28 08:00:00,70.19001
2011-02-28 09:00:00,136.04556
2011-02-28 10:00:00,145.11835
2011-02-28 11:00:00,219.98315
2011-02-28 12:00:00,219.98315
2011-02-28 13:00:00,144.8692
2011-02-28 14:00:00,107.68643
2011-02-28 15:00:00,107.68643
2011-02-28 16:00:00,138.82828
2011-02-28 17:00:00,98.120384
2011-02-28 18:00:00,154.41594
2011-02-28 19:00:00,69.674675
2011-02-28 20:00:00,69.674675
2011-02-28 21:00:00,78.52407
2011-02-28 22:00:00,47.367577
2011-02-28 23:00:00,74.15045
2011-03-20 00:00:00,114.33152
2011-03-20 01:00:00,100.916695
2011-03-20 02:00:00,92.506836
2011-03-20 03:00:00,73.42921
2011-03-20 04:00:00,61.35456
2011-03-20 05:00:00,50.22676
2011-03-20 06:00:00,52.398888
2011-03-20 07:00:00,43.734802
2011-03-20 08:00:00,62.177315
2011-03-20 09:00:00,78.60207
2011-03-20 10:00:00,74.458
2011-03-20 11:00:00,133.09085
2011-03-20 12:00:00,145.7474
2011-03-20 13:00:00,169.54895
2011-03-20 14:00:00,190.71161
2011-03-20 15:00:00,187.84033
2011-03-20 16:00:00,198.95853
2011-03-20 17:00:00,185.22928
2011-03-20 18:00:00,150.5831
2011-03-20 19:00:00,140.66324
2011-03-20 20:00:00,134.83012
2011-03-20 21:00:00,120.226555
2011-03-20 22:00:00,114.56374
2011-03-20 23:00:00,84.114006
2011-03-21 00:00:00,58.367455
2011-03-21 01:00:00,86.59568
2011-03-21 02:00:00,91.55398
2011-03-21 03:00:00,91.55398
2011-03-21 05:00:00,88.492256
2011-03-21 06:00:00,62.360245
2011-03-21 07:00:00,41.19642
2011-03-21 08:00:00,48.968887
2011-03-21 09:00:00,66.55116
2011-03-21 10:00:00,70.93598
2011-03-21 11:00:00,106.24253
2011-03-21 12:00:00,118.40551
2011-03-21 13:00:00,165.39459
2011-03-21 14:00:00,193.0495
2011-03-21 15:00:00,207.56482
2011-03-21 16:00:00,177.75159
2011-03-21 17:00:00,185.85014
2011-03-21 18:00:00,174.28061
2011-03-21 19:00:00,231.74716
2011-03-21 20:00:00,209.31348
2011-03-21 21:00:00,65.482735
2011-03-21 22:00:00,86.56359
2011-03-21 23:00:00,74.61434
2011-03-22 00:00:00,79.64974
2011-03-22 01:00:00,48.52636
2011-03-22 02:00:00,60.823193
2011-03-22 03:00:00,109.13018
2011-03-22 04:00:00,112.36149
2011-03-22 05:00:00,101.81234
2011-03-22 06:00:00,87.09234
2011-03-22 07:00:00,115.52595
2011-03-22 08:00:00,122.706345
2011-03-22 09:00:00,105.93037
2011-03-22 10:00:00,136.49939
2011-03-22 11:00:00,170.5514
2011-03-22 12:00:00,194.3425
2011-03-22 13:00:00,228.5752
2011-03-22 14:00:00,237.0
2011-03-22 15:00:00,241.40622
2011-03-22 16:00:00,218.31328
2011-03-22 17:00:00,218.31328
2011-03-22 18:00:00,188.2663
2011-03-22 19:00:00,136.1597
2011-03-22 20:00:00,134.75934
2011-03-22 21:00:00,129.59201
2011-03-22 22:00:00,123.322716
2011-03-22 23:00:00,123.322716
2011-03-23 00:00:00,75.311035
2011-03-23 01:00:00,71.28655
2011-03-23 02:00:00,71.28655
2011-03-23 03:00:00,88.86909
2011-03-23 05:00:00,67.8113
2011-03-23 06:00:00,73.051
2011-03-23 07:00:00,61.22285
2011-03-23 08:00:00,69.9197
2011-03-23 09:00:00,77.15617
2011-03-23 10:00:00,73.45139
2011-03-23 11:00:00,74.87516
2011-03-23 12:00:00,75.532005
2011-03-23 13:00:00,70.94822
2011-03-23 14:00:00,88.10644
2011-03-23 15:00:00,95.37518
2011-03-23 16:00:00,106.6202
2011-03-23 17:00:00,106.6202
2011-03-23 18:00:00,66.7278
2011-03-23 19:00:00,66.7278
2011-03-23 20:00:00,51.94865
2011-03-23 21:00:00,35.87544
2011-03-23 22:00:00,63.556202
2011-03-23 23:00:00,69.62759
2011-03-24 00:00:00,61.22285
2011-03-24 01:00:00,50.443077
2011-03-24 02:00:00,50.427444
2011-03-24 03:00:00,49.08401
2011-03-24 04:00:00,49.08401
2011-03-24 05:00:00,56.185898
2011-03-24 06:00:00,56.185898
2011-03-24 07:00:00,51.19351
2011-03-24 08:00:00,42.424126
2011-03-24 09:00:00,54.914215
2011-03-24 10:00:00,48.462265
2011-03-24 11:00:00,68.55782
2011-03-24 12:00:00,91.18952
2011-03-24 13:00:00,106.29008
2011-03-24 14:00:00,107.288185
2011-03-24 15:00:00,98.25129
2011-03-24 16:00:00,107.97584
2011-03-24 17:00:00,104.37596
2011-03-24 18:00:00,107.74897
2011-03-24 19:00:00,118.11824
2011-03-24 20:00:00,85.433395
2011-03-24 21:00:00,79.51379
2011-03-24 22:00:00,70.33158
2011-03-24 23:00:00,72.15264
2011-03-25 00:00:00,76.23527
2011-03-25 01:00:00,64.2902
2011-03-25 02:00:00,70.62201
2011-03-25 03:00:00,63.17375
2011-03-25 04:00:00,60.98356
2011-03-25 05:00:00,62.662033
2011-03-25 06:00:00,67.89615
2011-03-25 07:00:00,73.46021
2011-03-25 08:00:00,79.194
2011-03-25 09:00:00,87.896706
2011-03-25 10:00:00,74.08329
2011-03-25 11:00:00,119.056435
2011-03-25 12:00:00,137.97072
2011-03-25 13:00:00,150.12366
2011-03-25 14:00:00,198.06097
2011-03-25 15:00:00,112.6783
2011-03-25 16:00:00,123.79015
2011-03-25 17:00:00,122.376625
2011-03-25 18:00:00,138.53662
2011-03-25 19:00:00,105.60656
2011-03-25 20:00:00,76.21624
2011-03-25 21:00:00,79.75341
2011-03-25 22:00:00,107.70394
2011-03-25 23:00:00,92.65931
2011-03-26 00:00:00,71.26066
2011-03-26 01:00:00,90.68035
2011-03-26 02:00:00,52.62264
2011-03-26 03:00:00,34.753822
2011-03-26 04:00:00,52.622646
2011-03-26 05:00:00,31.266212
2011-03-26 06:00:00,28.847837
2011-03-26 07:00:00,31.266212
2011-03-26 08:00:00,38.053513
2011-03-26 09:00:00,52.613773
2011-03-26 10:00:00,66.623215
2011-03-26 11:00:00,82.63587
2011-03-26 12:00:00,107.95573
2011-03-26 13:00:00,137.15196
2011-03-26 14:00:00,155.91406
2011-03-26 15:00:00,153.94635
2011-03-26 16:00:00,174.78421
2011-03-26 17:00:00,162.39514
2011-03-26 18:00:00,128.59207
2011-03-26 19:00:00,79.46718
2011-03-26 20:00:00,79.46718
2011-03-26 21:00:00,61.86274
2011-03-26 22:00:00,72.13531
2011-03-26 23:00:00,73.57667
2011-03-27 00:00:00,53.297165
2011-03-27 01:00:00,55.776314
2011-03-27 02:00:00,69.67721
2011-03-27 03:00:00,65.21104
2011-03-27 04:00:00,43.788994
2011-03-27 06:00:00,35.30053
2011-03-27 07:00:00,38.644333
2011-03-27 08:00:00,29.18078
2011-03-27 09:00:00,28.699673
2011-03-27 10:00:00,59.684788
2011-03-27 11:00:00,48.50721
2011-03-27 12:00:00,67.91564
2011-03-27 13:00:00,105.32138
2011-03-27 14:00:00,122.92872
2011-03-27 15:00:00,130.10419
2011-03-27 16:00:00,130.00186
2011-03-27 17:00:00,142.47824
2011-03-27 18:00:00,120.31031
2011-03-27 19:00:00,136.60498
2011-03-27 20:00:00,87.87541
2011-03-27 21:00:00,66.623215
2011-03-27 22:00:00,66.623215
2011-03-27 23:00:00,64.9929
2011-03-28 00:00:00,77.32154
2011-03-28 01:00:00,89.038765
2011-03-28 02:00:00,87.9462
2011-03-28 03:00:00,87.9462
2011-03-28 05:00:00,83.89637
2011-03-28 06:00:00,97.94609
2011-03-28 07:00:00,110.615746
2011-03-28 08:00:00,103.22521
2011-03-28 09:00:00,70.69358
2011-03-28 10:00:00,136.4386
2011-03-28 11:00:00,91.22104
2011-03-28 12:00:00,51.4467
2011-03-28 13:00:00,92.25251
2011-03-28 14:00:00,222.4788
2011-03-28 15:00:00,216.38042
2011-03-28 16:00:00,227.23569
2011-03-28 17:00:00,229.64679
2011-03-28 18:00:00,228.31168
2011-03-28 19:00:00,209.71527
2011-03-28 20:00:00,215.91457
2011-03-28 21:00:00,227.7877
2011-03-28 22:00:00,213.89015
2011-03-28 23:00:00,196.3252
2011-03-29 00:00:00,160.7614
2011-03-29 01:00:00,128.44775
2011-03-29 02:00:00,128.44775
2011-03-29 03:00:00,128.44775
2011-03-29 04:00:00,84.09718
2011-03-29 05:00:00,103.79032
2011-03-29 06:00:00,94.22173
2011-03-29 07:00:00,99.76946
2011-03-29 08:00:00,125.61823
2011-03-29 09:00:00,181.01385
2011-03-29 10:00:00,208.23645
2011-03-29 11:00:00,140.5201
2011-03-29 12:00:00,219.66748
2011-03-29 13:00:00,221.79352
2011-03-29 14:00:00,229.38606
2011-03-29 15:00:00,238.97508
2011-03-29 16:00:00,249.00708
2011-03-29 17:00:00,261.83252
2011-03-29 18:00:00,232.8317
2011-03-29 19:00:00,227.08087
2011-03-29 20:00:00,232.8317
2011-03-29 21:00:00,107.92805
2011-03-29 22:00:00,96.0253
2011-03-29 23:00:00,93.24088
2011-03-30 00:00:00,70.90743
2011-03-30 01:00:00,107.18986
2011-03-30 02:00:00,70.90743
2011-03-30 03:00:00,60.35331
2011-03-30 04:00:00,70.90743
2011-03-30 05:00:00,103.932594
2011-03-30 06:00:00,85.93756
2011-03-30 07:00:00,78.420265
2011-03-30 08:00:00,96.03419
2011-03-30 09:00:00,100.28506
2011-03-30 10:00:00,109.60084
2011-03-30 11:00:00,114.23826
2011-03-30 12:00:00,99.71116
2011-03-30 13:00:00,115.5474
2011-03-30 14:00:00,117.109886
2011-03-30 15:00:00,49.9907
2011-03-30 16:00:00,50.761314
2011-03-30 17:00:00,54.820282
2011-03-30 18:00:00,54.914215
2011-03-30 19:00:00,54.914215
2011-03-30 20:00:00,45.008575
2011-03-30 21:00:00,56.820305
2011-03-30 22:00:00,54.102787
2011-03-30 23:00:00,46.425026
2011-03-31 00:00:00,54.102787
2011-03-31 01:00:00,57.67036
2011-03-31 02:00:00,57.67036
2011-03-31 03:00:00,54.102787
2011-03-31 04:00:00,48.759773
2011-03-31 05:00:00,54.102787
2011-03-31 06:00:00,45.008575
2011-03-31 07:00:00,48.759773
2011-03-31 08:00:00,47.592777
2011-03-31 09:00:00,48.64737
2011-03-31 10:00:00,48.64737
2011-03-31 11:00:00,56.673424
2011-03-31 12:00:00,56.673424
2011-03-31 13:00:00,64.13841
2011-03-31 14:00:00,64.13841
2011-03-31 15:00:00,46.650288
2011-03-31 16:00:00,65.547264
2011-03-31 17:00:00,65.547264
2011-03-31 18:00:00,69.27068
2011-03-31 19:00:00,69.27068
2011-03-31 20:00:00,44.858795
2011-03-31 21:00:00,56.41577
2011-03-31 22:00:00,47.46328
2011-03-31 23:00:00,47.86163
2011-04-20 00:00:00,71.51737
2011-04-20 01:00:00,58.487045
2011-04-20 02:00:00,58.487045
2011-04-20 03:00:00,63.504906
2011-04-20 04:00:00,47.331482
2011-04-20 05:00:00,59.42932
2011-04-20 06:00:00,58.487045
2011-04-20 07:00:00,62.775955
2011-04-20 08:00:00,251.24585
2011-04-20 09:00:00,303.68323
2011-04-20 10:00:00,176.61804
2011-04-20 11:00:00,176.61804
2011-04-20 12:00:00,337.0011
2011-04-20 13:00:00,337.0011
2011-04-20 14:00:00,345.21295
2011-04-20 15:00:00,286.76575
2011-04-20 16:00:00,286.76575
2011-04-20 17:00:00,275.141
2011-04-20 18:00:00,376.82336
2011-04-20 19:00:00,383.86578
2011-04-20 20:00:00,368.99026
2011-04-20 21:00:00,358.43262
2011-04-20 22:00:00,335.005
2011-04-20 23:00:00,314.0079
2011-04-21 00:00:00,273.32492
2011-04-21 01:00:00,242.41666
2011-04-21 02:00:00,237.09384
2011-04-21 03:00:00,137.12709
2011-04-21 04:00:00,124.87972
2011-04-21 05:00:00,121.82253
2011-04-21 06:00:00,110.549675
2011-04-21 07:00:00,134.38403
2011-04-21 08:00:00,124.59761
2011-04-21 09:00:00,131.7167
2011-04-21 10:00:00,183.54657
2011-04-21 11:00:00,206.13159
2011-04-21 12:00:00,229.994
2011-04-21 13:00:00,266.20496
2011-04-21 14:00:00,273.57593
2011-04-21 15:00:00,295.13525
2011-04-21 16:00:00,301.91156
2011-04-21 17:00:00,286.65198
2011-04-21 18:00:00,301.68198
2011-04-21 19:00:00,271.60565
2011-04-21 20:00:00,248.40274
2011-04-21 21:00:00,174.60632
2011-04-21 22:00:00,179.34253
2011-04-21 23:00:00,153.51184
2011-04-22 00:00:00,100.98634
2011-04-22 01:00:00,126.65499
2011-04-22 02:00:00,135.20584
2011-04-22 03:00:00,135.20584
2011-04-22 04:00:00,121.346565
2011-04-22 05:00:00,111.470146
2011-04-22 06:00:00,121.346565
2011-04-22 07:00:00,112.485664
2011-04-22 08:00:00,114.068886
2011-04-22 09:00:00,72.29711
2011-04-22 10:00:00,119.97841
2011-04-22 11:00:00,83.90347
2011-04-22 12:00:00,83.23594
2011-04-22 13:00:00,70.76687
2011-04-22 14:00:00,57.837563
2011-04-22 15:00:00,70.76687
2011-04-22 16:00:00,70.94822
2011-04-22 17:00:00,57.90136
2011-04-22 18:00:00,57.90136
2011-04-22 19:00:00,57.90136
2011-04-22 20:00:00,61.73822
2011-04-22 21:00:00,57.006554
2011-04-22 22:00:00,51.644073
2011-04-22 23:00:00,63.69345
2011-04-23 00:00:00,40.29322
2011-04-23 01:00:00,40.29322
2011-04-23 02:00:00,56.224354
2011-04-23 03:00:00,54.91654
2011-04-23 04:00:00,55.357185
2011-04-23 05:00:00,55.357185
2011-04-23 06:00:00,46.406384
2011-04-23 07:00:00,58.211967
2011-04-23 08:00:00,44.479626
2011-04-23 09:00:00,58.735832
2011-04-23 10:00:00,85.7344
2011-04-23 11:00:00,100.62667
2011-04-23 12:00:00,103.92338
2011-04-23 13:00:00,104.86904
2011-04-23 14:00:00,160.74908
2011-04-23 15:00:00,202.29326
2011-04-23 16:00:00,198.89503
2011-04-23 17:00:00,214.79527
2011-04-23 18:00:00,120.230736
2011-04-23 19:00:00,109.07217
2011-04-23 20:00:00,120.40503
2011-04-23 21:00:00,150.61188
2011-04-23 22:00:00,169.76294
2011-04-23 23:00:00,114.25437
2011-04-24 00:00:00,86.31111
2011-04-24 01:00:00,66.01465
2011-04-24 02:00:00,66.01465
2011-04-24 03:00:00,52.01809
2011-04-24 04:00:00,52.01809
2011-04-24 05:00:00,52.01809
2011-04-24 06:00:00,71.14747
2011-04-24 07:00:00,71.14747
2011-04-24 08:00:00,60.37078
2011-04-24 09:00:00,89.30465
2011-04-24 10:00:00,124.811874
2011-04-24 11:00:00,222.32538
2011-04-24 12:00:00,292.40283
2011-04-24 13:00:00,371.6835
2011-04-24 14:00:00,383.01337
2011-04-24 15:00:00,311.43927
2011-04-24 16:00:00,421.3545
2011-04-24 17:00:00,296.74188
2011-04-24 18:00:00,196.40869
2011-04-24 19:00:00,192.85959
2011-04-24 20:00:00,192.85959
2011-04-24 21:00:00,129.70389
2011-04-24 22:00:00,117.06101
2011-04-24 23:00:00,111.14622
2011-04-25 00:00:00,91.02616
2011-04-25 01:00:00,60.88034
2011-04-25 02:00:00,60.88034
2011-04-25 03:00:00,116.42672
2011-04-25 04:00:00,122.761604
2011-04-25 05:00:00,103.03121
2011-04-25 06:00:00,116.18011
2011-04-25 07:00:00,122.900635
2011-04-25 08:00:00,81.87713
2011-04-25 09:00:00,108.62
2011-04-25 10:00:00,232.33658
2011-04-25 11:00:00,232.33658
2011-04-25 12:00:00,254.11197
2011-04-25 13:00:00,311.97556
2011-04-25 14:00:00,352.40033
2011-04-25 15:00:00,358.95065
2011-04-25 16:00:00,339.10535
2011-04-25 17:00:00,343.22165
2011-04-25 18:00:00,330.4433
2011-04-25 19:00:00,316.4566
2011-04-25 20:00:00,303.68323
2011-04-25 21:00:00,254.29831
2011-04-25 22:00:00,223.91925
2011-04-25 23:00:00,190.64478
2011-04-26 00:00:00,251.09096
2011-04-26 01:00:00,234.54858
2011-04-26 02:00:00,162.44724
2011-04-26 03:00:00,135.50336
2011-04-26 04:00:00,152.48592
2011-04-26 05:00:00,119.922066
2011-04-26 06:00:00,114.41381
2011-04-26 07:00:00,177.07985
2011-04-26 08:00:00,177.07986
2011-04-26 09:00:00,246.83206
2011-04-26 10:00:00,272.9604
2011-04-26 11:00:00,301.8569
2011-04-26 12:00:00,329.13544
2011-04-26 13:00:00,348.9415
2011-04-26 14:00:00,346.94385
2011-04-26 15:00:00,330.98004
2011-04-26 16:00:00,339.9539
2011-04-26 17:00:00,315.6329
2011-04-26 18:00:00,302.79492
2011-04-26 19:00:00,247.09329
2011-04-26 20:00:00,246.83206
2011-04-26 21:00:00,221.0329
2011-04-26 22:00:00,200.82986
2011-04-26 23:00:00,213.25926
2011-04-27 00:00:00,156.18121
2011-04-27 01:00:00,176.45477
2011-04-27 02:00:00,142.0134
2011-04-27 03:00:00,194.71207
2011-04-27 04:00:00,97.983864
2011-04-27 05:00:00,171.57086
2011-04-27 06:00:00,110.58416
2011-04-27 07:00:00,194.71207
2011-04-27 08:00:00,193.69656
2011-04-27 09:00:00,178.89835
2011-04-27 10:00:00,225.8181
2011-04-27 11:00:00,240.46877
2011-04-27 12:00:00,243.33887
2011-04-27 13:00:00,230.54628
2011-04-27 14:00:00,266.99915
2011-04-27 15:00:00,317.71643
2011-04-27 16:00:00,299.5689
2011-04-27 17:00:00,182.05333
2011-04-27 18:00:00,182.05333
2011-04-27 19:00:00,221.0329
2011-04-27 20:00:00,214.02368
2011-04-27 21:00:00,183.72086
2011-04-27 22:00:00,209.67328
2011-04-27 23:00:00,204.89285
2011-04-28 00:00:00,229.54956
2011-04-28 01:00:00,202.01147
2011-04-28 02:00:00,187.82265
2011-04-28 03:00:00,215.35648
2011-04-28 04:00:00,193.77722
2011-04-28 05:00:00,202.01147
2011-04-28 06:00:00,202.9117
2011-04-28 07:00:00,203.14455
2011-04-28 08:00:00,216.97874
2011-04-28 09:00:00,150.3984
2011-04-28 10:00:00,214.69191
2011-04-28 11:00:00,225.8181
2011-04-28 12:00:00,237.70125
2011-04-28 13:00:00,223.29665
2011-04-28 14:00:00,203.29611
2011-04-28 15:00:00,273.57608
2011-04-28 16:00:00,213.85089
2011-04-28 17:00:00,321.36182
2011-04-28 18:00:00,321.36182
2011-04-28 19:00:00,324.73218
2011-04-28 20:00:00,294.3341
2011-04-28 21:00:00,264.30045
2011-04-28 22:00:00,255.1177
2011-04-28 23:00:00,257.4056
2011-04-29 00:00:00,266.67352
2011-04-29 01:00:00,199.36465
2011-04-29 02:00:00,133.04306
2011-04-29 03:00:00,136.17761
2011-04-29 04:00:00,161.55823
2011-04-29 05:00:00,176.62979
2011-04-29 06:00:00,225.35156
2011-04-29 07:00:00,256.73938
2011-04-29 08:00:00,277.5022
2011-04-29 09:00:00,277.6894
2011-04-29 10:00:00,284.68762
2011-04-29 11:00:00,336.86127
2011-04-29 12:00:00,293.95782
2011-04-29 13:00:00,292.94055
2011-04-29 14:00:00,329.43607
2011-04-29 15:00:00,207.39795
2011-04-29 16:00:00,196.55496
2011-04-29 17:00:00,181.20026
2011-04-29 18:00:00,226.67188
2011-04-29 19:00:00,168.4721
2011-04-29 20:00:00,203.56685
2011-04-29 21:00:00,180.1966
2011-04-29 22:00:00,127.82168
2011-04-29 23:00:00,121.47396
2011-04-30 00:00:00,157.59343
2011-04-30 01:00:00,154.20828
2011-04-30 02:00:00,159.91754
2011-04-30 03:00:00,148.84064
2011-04-30 04:00:00,151.78165
2011-04-30 05:00:00,138.5676
2011-04-30 06:00:00,134.69305
2011-04-30 07:00:00,127.59102
2011-04-30 08:00:00,140.50104
2011-04-30 09:00:00,159.23114
2011-04-30 10:00:00,197.5556
2011-04-30 11:00:00,228.74619
2011-04-30 12:00:00,245.34143
2011-04-30 13:00:00,297.6462
2011-04-30 14:00:00,305.4227
2011-04-30 15:00:00,332.45078
2011-04-30 16:00:00,365.73166
2011-04-30 17:00:00,300.78735
2011-04-30 18:00:00,274.1936
2011-04-30 19:00:00,274.1936
2011-04-30 20:00:00,130.12378
2011-04-30 21:00:00,130.12378
2011-04-30 22:00:00,107.15287
2011-04-30 23:00:00,107.15287
2011-05-20 00:00:00,62.585754
2011-05-20 01:00:00,53.563522
2011-05-20 02:00:00,49.20124
2011-05-20 03:00:00,51.053883
2011-05-20 04:00:00,60.823193
2011-05-20 05:00:00,60.437866
2011-05-20 06:00:00,74.57926
2011-05-20 07:00:00,124.11829
2011-05-20 08:00:00,149.4738
2011-05-20 09:00:00,193.79526
2011-05-20 10:00:00,209.31348
2011-05-20 11:00:00,226.13327
2011-05-20 12:00:00,251.2899
2011-05-20 13:00:00,200.11545
2011-05-20 14:00:00,315.87335
2011-05-20 15:00:00,263.51764
2011-05-20 16:00:00,263.95395
2011-05-20 17:00:00,240.68803
2011-05-20 18:00:00,282.30896
2011-05-20 19:00:00,182.62994
2011-05-20 20:00:00,188.7276
2011-05-20 21:00:00,177.32654
2011-05-20 22:00:00,138.0077
2011-05-20 23:00:00,142.53076
2011-05-21 00:00:00,91.417656
2011-05-21 01:00:00,94.7811
2011-05-21 02:00:00,108.89629
2011-05-21 03:00:00,71.55576
2011-05-21 04:00:00,58.568962
2011-05-21 05:00:00,58.77527
2011-05-21 06:00:00,77.12563
2011-05-21 07:00:00,117.48469
2011-05-21 08:00:00,192.5083
2011-05-21 09:00:00,247.01122
2011-05-21 10:00:00,230.39914
2011-05-21 11:00:00,326.5503
2011-05-21 12:00:00,322.68304
2011-05-21 13:00:00,380.05627
2011-05-21 14:00:00,410.85876
2011-05-21 15:00:00,468.66693
2011-05-21 16:00:00,445.4968
2011-05-21 17:00:00,418.7614
2011-05-21 18:00:00,389.24176
2011-05-21 19:00:00,405.46436
2011-05-21 20:00:00,195.88092
2011-05-21 21:00:00,230.39914
2011-05-21 22:00:00,166.00491
2011-05-21 23:00:00,101.30696
2011-05-22 00:00:00,72.755226
2011-05-22 01:00:00,54.28957
2011-05-22 02:00:00,53.57946
2011-05-22 03:00:00,40.930897
2011-05-22 04:00:00,39.973488
2011-05-22 05:00:00,40.930897
2011-05-22 06:00:00,53.57946
2011-05-22 07:00:00,69.75162
2011-05-22 08:00:00,129.57527
2011-05-22 09:00:00,163.23415
2011-05-22 10:00:00,213.10565
2011-05-22 11:00:00,368.41608
2011-05-22 12:00:00,375.87598
2011-05-22 13:00:00,334.81934
2011-05-22 14:00:00,234.39479
2011-05-22 15:00:00,270.20642
2011-05-22 16:00:00,269.48132
2011-05-22 17:00:00,358.24622
2011-05-22 18:00:00,299.7985
2011-05-22 19:00:00,285.06833
2011-05-22 20:00:00,227.01114
2011-05-22 21:00:00,167.62811
2011-05-22 22:00:00,96.21472
2011-05-22 23:00:00,137.1922
2011-05-23 00:00:00,157.26859
2011-05-23 01:00:00,81.87713
2011-05-23 02:00:00,123.77137
2011-05-23 03:00:00,110.01537
2011-05-23 04:00:00,137.52911
2011-05-23 05:00:00,137.52911
2011-05-23 06:00:00,129.22452
2011-05-23 07:00:00,146.24817
2011-05-23 08:00:00,109.21577
2011-05-23 09:00:00,129.3178
2011-05-23 10:00:00,257.1042
2011-05-23 11:00:00,288.26312
2011-05-23 12:00:00,288.26312
2011-05-23 13:00:00,287.47397
2011-05-23 14:00:00,276.67743
2011-05-23 15:00:00,283.3235
2011-05-23 16:00:00,295.20667
2011-05-23 17:00:00,245.88525
2011-05-23 18:00:00,285.84558
2011-05-23 19:00:00,263.9297
2011-05-23 20:00:00,174.38495
2011-05-23 21:00:00,149.64972
2011-05-23 22:00:00,116.273
2011-05-23 23:00:00,197.2016
2011-05-24 00:00:00,165.81647
2011-05-24 01:00:00,160.07414
2011-05-24 02:00:00,165.81647
2011-05-24 03:00:00,152.82077
2011-05-24 04:00:00,87.95922
2011-05-24 05:00:00,183.22586
2011-05-24 06:00:00,165.2825
2011-05-24 07:00:00,178.66635
2011-05-24 08:00:00,158.4783
2011-05-24 09:00:00,253.73074
2011-05-24 10:00:00,331.41748
2011-05-24 11:00:00,358.95065
2011-05-24 12:00:00,361.43292
2011-05-24 13:00:00,364.20612
2011-05-24 14:00:00,364.1505
2011-05-24 15:00:00,266.0429
2011-05-24 16:00:00,250.57477
2011-05-24 17:00:00,251.73822
2011-05-24 18:00:00,258.2054
2011-05-24 19:00:00,215.79987
2011-05-24 20:00:00,159.16714
2011-05-24 21:00:00,126.991776
2011-05-24 22:00:00,148.58182
2011-05-24 23:00:00,210.68921
2011-05-25 00:00:00,147.97972
2011-05-25 01:00:00,139.90363
2011-05-25 02:00:00,144.46437
2011-05-25 03:00:00,60.70564
2011-05-25 04:00:00,60.526283
2011-05-25 05:00:00,81.52441
2011-05-25 06:00:00,71.72709
2011-05-25 07:00:00,174.80066
2011-05-25 08:00:00,255.19879
2011-05-25 09:00:00,219.42578
2011-05-25 10:00:00,242.2346
2011-05-25 11:00:00,276.37646
2011-05-25 12:00:00,289.76172
2011-05-25 13:00:00,289.76172
2011-05-25 14:00:00,312.6541
2011-05-25 15:00:00,354.6
2011-05-25 16:00:00,365.89258
2011-05-25 17:00:00,358.95065
2011-05-25 18:00:00,343.31793
2011-05-25 19:00:00,273.82452
2011-05-25 20:00:00,294.90637
2011-05-25 21:00:00,212.07037
2011-05-25 22:00:00,275.19873
2011-05-25 23:00:00,178.11221
2011-05-26 00:00:00,178.11223
2011-05-26 01:00:00,178.11223
2011-05-26 02:00:00,107.21694
2011-05-26 03:00:00,87.12893
2011-05-26 04:00:00,88.73269
2011-05-26 05:00:00,168.33012
2011-05-26 06:00:00,129.1421
2011-05-26 07:00:00,199.21306
2011-05-26 08:00:00,218.72943
2011-05-26 09:00:00,253.22234
2011-05-26 10:00:00,285.84558
2011-05-26 11:00:00,322.8645
2011-05-26 12:00:00,345.47278
2011-05-26 13:00:00,338.73865
2011-05-26 14:00:00,338.73865
2011-05-26 15:00:00,282.80005
2011-05-26 16:00:00,275.15005
2011-05-26 17:00:00,355.24023
2011-05-26 18:00:00,358.2702
2011-05-26 19:00:00,364.66202
2011-05-26 20:00:00,304.7589
2011-05-26 21:00:00,238.82867
2011-05-26 22:00:00,251.36267
2011-05-26 23:00:00,290.7144
2011-05-27 00:00:00,285.9798
2011-05-27 01:00:00,340.54797
2011-05-27 02:00:00,322.25174
2011-05-27 03:00:00,212.78876
2011-05-27 04:00:00,208.10168
2011-05-27 05:00:00,275.37897
2011-05-27 06:00:00,181.27072
2011-05-27 07:00:00,197.71205
2011-05-27 08:00:00,255.79773
2011-05-27 09:00:00,315.1023
2011-05-27 10:00:00,343.984
2011-05-27 11:00:00,287.6778
2011-05-27 12:00:00,287.3103
2011-05-27 13:00:00,325.2472
2011-05-27 14:00:00,348.13232
2011-05-27 15:00:00,357.4184
2011-05-27 16:00:00,282.58978
2011-05-27 17:00:00,352.95175
2011-05-27 18:00:00,295.20667
2011-05-27 19:00:00,157.06442
2011-05-27 20:00:00,244.83856
2011-05-27 21:00:00,102.8485
2011-05-27 22:00:00,133.8473
2011-05-27 23:00:00,88.51141
2011-05-28 00:00:00,76.704796
2011-05-28 01:00:00,84.04302
2011-05-28 02:00:00,63.45273
2011-05-28 03:00:00,84.079094
2011-05-28 04:00:00,89.30465
2011-05-28 05:00:00,84.079094
2011-05-28 06:00:00,111.14669
2011-05-28 07:00:00,118.261314
2011-05-28 08:00:00,136.33975
2011-05-28 09:00:00,207.09673
2011-05-28 10:00:00,281.71674
2011-05-28 11:00:00,281.71674
2011-05-28 12:00:00,369.19196
2011-05-28 13:00:00,317.82666
2011-05-28 14:00:00,358.25336
2011-05-28 15:00:00,387.346
2011-05-28 16:00:00,422.011
2011-05-28 17:00:00,415.82443
2011-05-28 18:00:00,333.76538
2011-05-28 19:00:00,264.21057
2011-05-28 20:00:00,281.71674
2011-05-28 21:00:00,234.21228
2011-05-28 22:00:00,155.83528
2011-05-28 23:00:00,110.97686
2011-05-29 00:00:00,119.06109
2011-05-29 01:00:00,84.84745
2011-05-29 02:00:00,77.55012
2011-05-29 03:00:00,77.55012
2011-05-29 04:00:00,73.66076
2011-05-29 05:00:00,60.592384
2011-05-29 06:00:00,119.58033
2011-05-29 07:00:00,131.08858
2011-05-29 08:00:00,123.978355
2011-05-29 09:00:00,106.18935
2011-05-29 10:00:00,154.27429
2011-05-29 11:00:00,174.83998
2011-05-29 12:00:00,231.65662
2011-05-29 13:00:00,282.99692
2011-05-29 14:00:00,285.88507
2011-05-29 15:00:00,296.77283
2011-05-29 16:00:00,285.88507
2011-05-29 17:00:00,285.88507
2011-05-29 18:00:00,253.83594
2011-05-29 19:00:00,231.01874
2011-05-29 20:00:00,148.03848
2011-05-29 21:00:00,115.52743
2011-05-29 22:00:00,83.459045
2011-05-29 23:00:00,88.393234
2011-05-30 00:00:00,93.30982
2011-05-30 01:00:00,80.21853
2011-05-30 02:00:00,93.30982
2011-05-30 03:00:00,93.30982
2011-05-30 04:00:00,82.520615
2011-05-30 05:00:00,102.33631
2011-05-30 06:00:00,104.15656
2011-05-30 07:00:00,96.45342
2011-05-30 08:00:00,128.8755
2011-05-30 09:00:00,164.8999
2011-05-30 10:00:00,435.85052
2011-05-30 11:00:00,358.1088
2011-05-30 12:00:00,453.56058
2011-05-30 13:00:00,447.9572
2011-05-30 14:00:00,423.05222
2011-05-30 15:00:00,531.1
2011-05-30 16:00:00,530.8579
2011-05-30 17:00:00,523.12805
2011-05-30 18:00:00,494.1423
2011-05-30 19:00:00,231.89426
2011-05-30 20:00:00,265.2933
2011-05-30 21:00:00,222.38977
2011-05-30 22:00:00,204.18015
2011-05-30 23:00:00,119.284546
2011-05-31 00:00:00,155.35251
2011-05-31 01:00:00,107.15882
2011-05-31 02:00:00,161.53358
2011-05-31 03:00:00,153.851
2011-05-31 04:00:00,114.40469
2011-05-31 05:00:00,114.40469
2011-05-31 06:00:00,143.17587
2011-05-31 07:00:00,240.83298
2011-05-31 08:00:00,275.89758
2011-05-31 09:00:00,284.38147
2011-05-31 10:00:00,284.77255
2011-05-31 11:00:00,233.27649
2011-05-31 12:00:00,288.92432
2011-05-31 13:00:00,304.2964
2011-05-31 14:00:00,258.99078
2011-05-31 15:00:00,305.12396
2011-05-31 16:00:00,286.91885
2011-05-31 17:00:00,336.13806
2011-05-31 18:00:00,330.74792
2011-05-31 19:00:00,251.41254
2011-05-31 20:00:00,251.41254
2011-05-31 21:00:00,242.30194
2011-05-31 22:00:00,264.75607
2011-05-31 23:00:00,168.16878
2011-06-20 00:00:00,148.50278
2011-06-20 01:00:00,92.79049
2011-06-20 02:00:00,92.79049
2011-06-20 03:00:00,140.3006
2011-06-20 04:00:00,141.47507
2011-06-20 05:00:00,149.38399
2011-06-20 06:00:00,154.02908
2011-06-20 07:00:00,127.559685
2011-06-20 08:00:00,132.60892
2011-06-20 09:00:00,225.54599
2011-06-20 10:00:00,225.54599
2011-06-20 11:00:00,187.57306
2011-06-20 12:00:00,220.42377
2011-06-20 13:00:00,215.57953
2011-06-20 14:00:00,250.71646
2011-06-20 15:00:00,265.8548
2011-06-20 16:00:00,306.68753
2011-06-20 17:00:00,221.30737
2011-06-20 18:00:00,334.825
2011-06-20 19:00:00,288.60858
2011-06-20 20:00:00,266.19165
2011-06-20 21:00:00,197.71205
2011-06-20 22:00:00,257.29108
2011-06-20 23:00:00,213.85089
2011-06-21 00:00:00,102.52961
2011-06-21 01:00:00,177.22635
2011-06-21 02:00:00,146.44167
2011-06-21 03:00:00,146.44167
2011-06-21 04:00:00,119.53765
2011-06-21 05:00:00,125.33025
2011-06-21 06:00:00,125.33025
2011-06-21 07:00:00,92.1955
2011-06-21 08:00:00,127.20161
2011-06-21 09:00:00,163.43692
2011-06-21 10:00:00,176.39008
2011-06-21 11:00:00,106.48069
2011-06-21 12:00:00,191.60709
2011-06-21 13:00:00,251.08607
2011-06-21 14:00:00,306.65366
2011-06-21 15:00:00,315.2551
2011-06-21 16:00:00,318.11014
2011-06-21 17:00:00,310.894
2011-06-21 18:00:00,273.20547
2011-06-21 19:00:00,268.99008
2011-06-21 20:00:00,318.15463
2011-06-21 21:00:00,234.26001
2011-06-21 22:00:00,125.641335
2011-06-21 23:00:00,151.13461
2011-06-22 00:00:00,145.71324
2011-06-22 01:00:00,110.44109
2011-06-22 02:00:00,91.84868
2011-06-22 03:00:00,110.44109
2011-06-22 04:00:00,68.47231
2011-06-22 05:00:00,56.383152
2011-06-22 06:00:00,75.8562
2011-06-22 07:00:00,106.70866
2011-06-22 08:00:00,172.61948
2011-06-22 09:00:00,184.5896
2011-06-22 10:00:00,311.01764
2011-06-22 11:00:00,244.36902
2011-06-22 12:00:00,301.14862
2011-06-22 13:00:00,296.31964
2011-06-22 14:00:00,289.28027
2011-06-22 15:00:00,284.0343
2011-06-22 16:00:00,276.38962
2011-06-22 17:00:00,252.29874
2011-06-22 18:00:00,289.12625
2011-06-22 19:00:00,297.5268
2011-06-22 20:00:00,208.67981
2011-06-22 21:00:00,199.82578
2011-06-22 22:00:00,232.17638
2011-06-22 23:00:00,241.09506
2011-06-23 00:00:00,226.34038
2011-06-23 01:00:00,255.62018
2011-06-23 02:00:00,255.62018
2011-06-23 03:00:00,261.79706
2011-06-23 04:00:00,218.23541
2011-06-23 05:00:00,212.21637
2011-06-23 06:00:00,212.21632
2011-06-23 07:00:00,261.47968
2011-06-23 08:00:00,293.1847
2011-06-23 09:00:00,285.2229
2011-06-23 10:00:00,294.3871
2011-06-23 11:00:00,335.87518
2011-06-23 12:00:00,261.6088
2011-06-23 13:00:00,264.78204
2011-06-23 14:00:00,257.5866
2011-06-23 15:00:00,253.70898
2011-06-23 16:00:00,255.94962
2011-06-23 17:00:00,224.9812
2011-06-23 18:00:00,297.3509
2011-06-23 19:00:00,294.24475
2011-06-23 20:00:00,232.60071
2011-06-23 21:00:00,213.13403
2011-06-23 22:00:00,251.8789
2011-06-23 23:00:00,257.02945
2011-06-24 00:00:00,161.5052
2011-06-24 01:00:00,198.62775
2011-06-24 02:00:00,198.62775
2011-06-24 03:00:00,106.48069
2011-06-24 04:00:00,81.50268
2011-06-24 05:00:00,63.835716
2011-06-24 06:00:00,95.23975
2011-06-24 07:00:00,186.26889
2011-06-24 08:00:00,232.60071
2011-06-24 09:00:00,238.53333
2011-06-24 10:00:00,288.00818
2011-06-24 11:00:00,288.33588
2011-06-24 12:00:00,291.30682
2011-06-24 13:00:00,312.2387
2011-06-24 14:00:00,292.52728
2011-06-24 15:00:00,286.55954
2011-06-24 16:00:00,302.60797
2011-06-24 17:00:00,317.3346
2011-06-24 18:00:00,307.92426
2011-06-24 19:00:00,324.6728
2011-06-24 20:00:00,304.61932
2011-06-24 21:00:00,277.62006
2011-06-24 22:00:00,225.34464
2011-06-24 23:00:00,268.58142
2011-06-25 00:00:00,367.82874
2011-06-25 01:00:00,333.68103
2011-06-25 02:00:00,338.8948
2011-06-25 03:00:00,255.99414
2011-06-25 04:00:00,255.99414
2011-06-25 05:00:00,180.41324
2011-06-25 06:00:00,273.71497
2011-06-25 07:00:00,310.2621
2011-06-25 08:00:00,399.68634
2011-06-25 09:00:00,437.78085
2011-06-25 10:00:00,400.75684
2011-06-25 11:00:00,360.04678
2011-06-25 12:00:00,502.5409
2011-06-25 13:00:00,502.5409
2011-06-25 14:00:00,436.9826
2011-06-25 15:00:00,339.56564
2011-06-25 16:00:00,450.29486
2011-06-25 17:00:00,447.05392
2011-06-25 18:00:00,437.78085
2011-06-25 19:00:00,406.93542
2011-06-25 20:00:00,362.7965
2011-06-25 21:00:00,310.2014
2011-06-25 22:00:00,386.24274
2011-06-25 23:00:00,345.01553
2011-06-26 00:00:00,274.60217
2011-06-26 01:00:00,279.96643
2011-06-26 02:00:00,231.57529
2011-06-26 03:00:00,145.56767
2011-06-26 04:00:00,145.1853
2011-06-26 05:00:00,146.12039
2011-06-26 06:00:00,146.12039
2011-06-26 07:00:00,175.11432
2011-06-26 08:00:00,202.92987
2011-06-26 09:00:00,254.96652
2011-06-26 10:00:00,309.30786
2011-06-26 11:00:00,364.027
2011-06-26 12:00:00,432.46136
2011-06-26 13:00:00,388.2099
2011-06-26 14:00:00,411.36475
2011-06-26 15:00:00,388.2099
2011-06-26 16:00:00,425.80118
2011-06-26 17:00:00,411.2047
2011-06-26 18:00:00,398.34845
2011-06-26 19:00:00,343.6974
2011-06-26 20:00:00,336.0704
2011-06-26 21:00:00,286.19553
2011-06-26 22:00:00,290.21545
2011-06-26 23:00:00,243.69415
2011-06-27 00:00:00,203.24124
2011-06-27 01:00:00,185.23666
2011-06-27 02:00:00,171.93088
2011-06-27 03:00:00,171.93088
2011-06-27 04:00:00,157.06493
2011-06-27 05:00:00,165.49498
2011-06-27 06:00:00,194.7362
2011-06-27 07:00:00,236.33035
2011-06-27 08:00:00,172.81403
2011-06-27 09:00:00,297.75055
2011-06-27 10:00:00,324.92896
2011-06-27 11:00:00,279.25067
2011-06-27 12:00:00,297.75055
2011-06-27 13:00:00,296.39954
2011-06-27 14:00:00,303.68256
2011-06-27 15:00:00,305.38196
2011-06-27 16:00:00,237.41978
2011-06-27 17:00:00,252.20718
2011-06-27 18:00:00,205.94461
2011-06-27 19:00:00,273.306
2011-06-27 20:00:00,205.99968
2011-06-27 21:00:00,166.51149
2011-06-27 22:00:00,147.74817
2011-06-27 23:00:00,147.74817
2011-06-28 00:00:00,206.38599
2011-06-28 01:00:00,111.1851
2011-06-28 02:00:00,201.76614
2011-06-28 03:00:00,201.76614
2011-06-28 04:00:00,111.1851
2011-06-28 05:00:00,91.84868
2011-06-28 06:00:00,106.48069
2011-06-28 07:00:00,140.36055
2011-06-28 08:00:00,164.09398
2011-06-28 09:00:00,152.94534
2011-06-28 10:00:00,285.03714
2011-06-28 11:00:00,232.03525
2011-06-28 12:00:00,305.66992
2011-06-28 13:00:00,239.73953
2011-06-28 14:00:00,306.65283
2011-06-28 15:00:00,256.43842
2011-06-28 16:00:00,308.3709
2011-06-28 17:00:00,344.66663
2011-06-28 18:00:00,336.87634
2011-06-28 19:00:00,245.95218
2011-06-28 20:00:00,174.99591
2011-06-28 21:00:00,317.68658
2011-06-28 22:00:00,269.48642
2011-06-28 23:00:00,269.56772
2011-06-29 00:00:00,198.98123
2011-06-29 01:00:00,219.58575
2011-06-29 02:00:00,143.3254
2011-06-29 03:00:00,175.22937
2011-06-29 04:00:00,85.188194
2011-06-29 05:00:00,107.84215
2011-06-29 06:00:00,238.50783
2011-06-29 07:00:00,297.82178
2011-06-29 08:00:00,294.0055
2011-06-29 09:00:00,299.08154
2011-06-29 10:00:00,300.51062
2011-06-29 11:00:00,327.52536
2011-06-29 12:00:00,322.51413
2011-06-29 13:00:00,307.00287
2011-06-29 14:00:00,336.07684
2011-06-29 15:00:00,343.58957
2011-06-29 16:00:00,300.88983
2011-06-29 17:00:00,315.10168
2011-06-29 18:00:00,320.14526
2011-06-29 19:00:00,313.68634
2011-06-29 20:00:00,321.08444
2011-06-29 21:00:00,325.66418
2011-06-29 22:00:00,326.9204
2011-06-29 23:00:00,311.139
2011-06-30 00:00:00,287.46716
2011-06-30 01:00:00,260.12805
2011-06-30 02:00:00,240.22676
2011-06-30 03:00:00,219.98434
2011-06-30 04:00:00,174.21097
2011-06-30 05:00:00,214.51157
2011-06-30 06:00:00,220.16544
2011-06-30 07:00:00,250.1674
2011-06-30 08:00:00,308.37177
2011-06-30 09:00:00,323.8043
2011-06-30 10:00:00,325.62726
2011-06-30 11:00:00,323.2219
2011-06-30 12:00:00,337.76575
2011-06-30 13:00:00,340.68222
2011-06-30 14:00:00,339.976
2011-06-30 15:00:00,382.6974
2011-06-30 16:00:00,354.9458
2011-06-30 17:00:00,338.75934
2011-06-30 18:00:00,359.91864
2011-06-30 19:00:00,358.6012
2011-06-30 20:00:00,358.6012
2011-06-30 21:00:00,311.6522
2011-06-30 22:00:00,316.36945
2011-06-30 23:00:00,234.15536
2011-07-20 00:00:00,107.837555
2011-07-20 01:00:00,91.23956
2011-07-20 02:00:00,91.23956
2011-07-20 03:00:00,107.837555
2011-07-20 04:00:00,84.79446
2011-07-20 05:00:00,96.576515
2011-07-20 06:00:00,148.603
2011-07-20 07:00:00,188.36917
2011-07-20 08:00:00,145.90828
2011-07-20 09:00:00,187.63504
2011-07-20 10:00:00,155.33414
2011-07-20 11:00:00,223.51675
2011-07-20 12:00:00,198.32547
2011-07-20 13:00:00,309.90814
2011-07-20 14:00:00,324.12714
2011-07-20 15:00:00,294.8965
2011-07-20 16:00:00,212.40842
2011-07-20 17:00:00,312.0083
2011-07-20 18:00:00,328.8313
2011-07-20 19:00:00,285.87842
2011-07-20 20:00:00,309.1672
2011-07-20 21:00:00,274.87753
2011-07-20 22:00:00,306.50018
2011-07-20 23:00:00,308.8772
2011-07-21 00:00:00,282.5487
2011-07-21 01:00:00,235.4632
2011-07-21 02:00:00,235.4632
2011-07-21 03:00:00,237.88345
2011-07-21 04:00:00,205.38147
2011-07-21 05:00:00,205.38147
2011-07-21 06:00:00,205.38147
2011-07-21 07:00:00,211.7752
2011-07-21 08:00:00,261.4369
2011-07-21 09:00:00,298.70825
2011-07-21 10:00:00,315.4211
2011-07-21 11:00:00,311.3162
2011-07-21 12:00:00,332.40253
2011-07-21 13:00:00,332.74176
2011-07-21 14:00:00,326.56824
2011-07-21 15:00:00,344.3941
2011-07-21 16:00:00,340.01865
2011-07-21 17:00:00,332.27722
2011-07-21 18:00:00,331.91296
2011-07-21 19:00:00,348.25458
2011-07-21 20:00:00,329.55087
2011-07-21 21:00:00,320.76776
2011-07-21 22:00:00,280.84064
2011-07-21 23:00:00,267.65442
2011-07-22 00:00:00,268.10638
2011-07-22 01:00:00,183.31903
2011-07-22 02:00:00,230.29575
2011-07-22 03:00:00,211.6809
2011-07-22 04:00:00,200.54556
2011-07-22 05:00:00,161.22327
2011-07-22 06:00:00,190.50465
2011-07-22 07:00:00,294.53647
2011-07-22 08:00:00,314.5413
2011-07-22 09:00:00,263.95636
2011-07-22 10:00:00,286.43225
2011-07-22 11:00:00,286.78424
2011-07-22 12:00:00,343.98434
2011-07-22 13:00:00,350.51038
2011-07-22 14:00:00,361.86603
2011-07-22 15:00:00,357.3786
2011-07-22 16:00:00,353.84753
2011-07-22 17:00:00,281.68228
2011-07-22 18:00:00,324.21106
2011-07-22 19:00:00,354.7484
2011-07-22 20:00:00,212.40842
2011-07-22 21:00:00,234.10538
2011-07-22 22:00:00,327.31873
2011-07-22 23:00:00,298.4519
2011-07-23 00:00:00,290.05554
2011-07-23 01:00:00,300.73993
2011-07-23 02:00:00,298.32684
2011-07-23 03:00:00,207.11725
2011-07-23 04:00:00,190.96469
2011-07-23 05:00:00,222.65826
2011-07-23 06:00:00,308.45453
2011-07-23 07:00:00,296.10272
2011-07-23 08:00:00,388.04987
2011-07-23 09:00:00,334.72668
2011-07-23 10:00:00,391.0551
2011-07-23 11:00:00,384.2033
2011-07-23 12:00:00,357.15698
2011-07-23 13:00:00,376.47266
2011-07-23 14:00:00,329.67566
2011-07-23 15:00:00,334.24994
2011-07-23 16:00:00,365.0256
2011-07-23 17:00:00,365.0256
2011-07-23 18:00:00,398.80667
2011-07-23 19:00:00,346.94128
2011-07-23 20:00:00,336.97797
2011-07-23 21:00:00,336.97797
2011-07-23 22:00:00,302.3876
2011-07-23 23:00:00,269.92737
2011-07-24 00:00:00,269.92737
2011-07-24 01:00:00,210.72746
2011-07-24 02:00:00,247.43114
2011-07-24 03:00:00,247.43114
2011-07-24 04:00:00,210.72746
2011-07-24 05:00:00,207.11725
2011-07-24 06:00:00,311.9726
2011-07-24 07:00:00,277.71906
2011-07-24 08:00:00,387.136
2011-07-24 09:00:00,399.017
2011-07-24 10:00:00,413.6147
2011-07-24 11:00:00,381.55
2011-07-24 12:00:00,352.69736
2011-07-24 13:00:00,375.36957
2011-07-24 14:00:00,408.09732
2011-07-24 15:00:00,408.8712
2011-07-24 16:00:00,408.8712
2011-07-24 17:00:00,346.2562
2011-07-24 18:00:00,356.0991
2011-07-24 19:00:00,340.6907
2011-07-24 20:00:00,334.72668
2011-07-24 21:00:00,258.09595
2011-07-24 22:00:00,213.77899
2011-07-24 23:00:00,239.34946
2011-07-25 00:00:00,299.01926
2011-07-25 01:00:00,276.9536
2011-07-25 02:00:00,244.46704
2011-07-25 03:00:00,127.17984
2011-07-25 04:00:00,123.24447
2011-07-25 05:00:00,123.24447
2011-07-25 06:00:00,208.8369
2011-07-25 07:00:00,264.97162
2011-07-25 08:00:00,291.89987
2011-07-25 09:00:00,180.52554
2011-07-25 10:00:00,198.32547
2011-07-25 11:00:00,320.4975
2011-07-25 12:00:00,320.4975
2011-07-25 13:00:00,270.22412
2011-07-25 14:00:00,232.17639
2011-07-25 15:00:00,238.19656
2011-07-25 16:00:00,175.1977
2011-07-25 17:00:00,140.17014
2011-07-25 18:00:00,179.04155
2011-07-25 19:00:00,187.63504
2011-07-25 20:00:00,192.37405
2011-07-25 21:00:00,91.23956
2011-07-25 22:00:00,91.23956
2011-07-25 23:00:00,104.3088
2011-07-26 00:00:00,125.64132
2011-07-26 01:00:00,125.64132
2011-07-26 02:00:00,83.88181
2011-07-26 03:00:00,92.47648
2011-07-26 04:00:00,105.73705
2011-07-26 05:00:00,69.44558
2011-07-26 06:00:00,161.2807
2011-07-26 07:00:00,308.86945
2011-07-26 08:00:00,284.27448
2011-07-26 09:00:00,313.74692
2011-07-26 10:00:00,326.8896
2011-07-26 11:00:00,291.89786
2011-07-26 12:00:00,299.23077
2011-07-26 13:00:00,297.17624
2011-07-26 14:00:00,301.46973
2011-07-26 15:00:00,292.9947
2011-07-26 16:00:00,291.92023
2011-07-26 17:00:00,286.5836
2011-07-26 18:00:00,291.63312
2011-07-26 19:00:00,291.2528
2011-07-26 20:00:00,293.8371
2011-07-26 21:00:00,298.6593
2011-07-26 22:00:00,252.49252
2011-07-26 23:00:00,230.16876
2011-07-27 00:00:00,328.03378
2011-07-27 01:00:00,297.249
2011-07-27 02:00:00,298.7846
2011-07-27 03:00:00,260.49347
2011-07-27 04:00:00,294.40863
2011-07-27 05:00:00,294.27237
2011-07-27 06:00:00,297.82178
2011-07-27 07:00:00,298.1502
2011-07-27 08:00:00,308.5666
2011-07-27 09:00:00,322.51413
2011-07-27 10:00:00,284.32703
2011-07-27 11:00:00,290.7209
2011-07-27 12:00:00,308.2357
2011-07-27 13:00:00,290.04022
2011-07-27 14:00:00,325.80157
2011-07-27 15:00:00,317.26917
2011-07-27 16:00:00,352.96213
2011-07-27 17:00:00,334.4726
2011-07-27 18:00:00,331.39273
2011-07-27 19:00:00,326.36737
2011-07-27 20:00:00,305.86664
2011-07-27 21:00:00,259.47345
2011-07-27 22:00:00,218.4534
2011-07-27 23:00:00,264.70392
2011-07-28 00:00:00,267.72092
2011-07-28 01:00:00,205.75272
2011-07-28 02:00:00,239.51227
2011-07-28 03:00:00,197.78314
2011-07-28 04:00:00,219.86458
2011-07-28 05:00:00,205.99968
2011-07-28 06:00:00,166.07126
2011-07-28 07:00:00,230.28363
2011-07-28 08:00:00,251.08607
2011-07-28 09:00:00,291.57587
2011-07-28 10:00:00,311.4578
2011-07-28 11:00:00,319.23438
2011-07-28 12:00:00,315.3244
2011-07-28 13:00:00,310.6202
2011-07-28 14:00:00,308.34412
2011-07-28 15:00:00,313.07727
2011-07-28 16:00:00,295.50458
2011-07-28 17:00:00,307.79163
2011-07-28 18:00:00,323.2035
2011-07-28 19:00:00,304.62256
2011-07-28 20:00:00,298.4519
2011-07-28 21:00:00,329.5667
2011-07-28 22:00:00,323.07733
2011-07-28 23:00:00,264.61993
2011-07-29 00:00:00,199.82578
2011-07-29 01:00:00,179.23929
2011-07-29 02:00:00,127.17984
2011-07-29 03:00:00,127.17984
2011-07-29 04:00:00,143.73978
2011-07-29 05:00:00,105.64301
2011-07-29 06:00:00,227.61087
2011-07-29 07:00:00,244.46704
2011-07-29 08:00:00,291.5465
2011-07-29 09:00:00,310.6202
2011-07-29 10:00:00,315.10056
2011-07-29 11:00:00,321.42413
2011-07-29 12:00:00,321.06378
2011-07-29 13:00:00,298.97952
2011-07-29 14:00:00,332.05942
2011-07-29 15:00:00,324.21982
2011-07-29 16:00:00,309.76715
2011-07-29 17:00:00,318.8263
2011-07-29 18:00:00,311.88647
2011-07-29 19:00:00,321.59662
2011-07-29 20:00:00,295.1754
2011-07-29 21:00:00,292.6628
2011-07-29 22:00:00,299.45288
2011-07-29 23:00:00,246.42365
2011-07-30 00:00:00,292.36206
2011-07-30 01:00:00,250.43808
2011-07-30 02:00:00,252.85506
2011-07-30 03:00:00,216.03436
2011-07-30 04:00:00,183.41934
2011-07-30 05:00:00,212.52713
2011-07-30 06:00:00,221.55096
2011-07-30 07:00:00,224.60652
2011-07-30 08:00:00,298.95795
2011-07-30 09:00:00,404.52863
2011-07-30 10:00:00,421.7663
2011-07-30 11:00:00,393.70496
2011-07-30 12:00:00,407.1045
2011-07-30 13:00:00,360.34583
2011-07-30 14:00:00,354.6265
2011-07-30 15:00:00,376.78497
2011-07-30 16:00:00,440.71075
2011-07-30 17:00:00,370.06155
2011-07-30 18:00:00,427.66675
2011-07-30 19:00:00,538.99817
2011-07-30 20:00:00,332.15195
2011-07-30 21:00:00,333.66003
2011-07-30 22:00:00,286.0974
2011-07-30 23:00:00,250.43811
2011-07-31 00:00:00,250.43808
2011-07-31 01:00:00,192.05307
2011-07-31 02:00:00,171.14133
2011-07-31 03:00:00,181.18535
2011-07-31 04:00:00,148.2041
2011-07-31 05:00:00,153.21753
2011-07-31 06:00:00,156.71368
2011-07-31 07:00:00,231.89005
2011-07-31 08:00:00,307.31155
2011-07-31 09:00:00,306.3418
2011-07-31 10:00:00,373.47833
2011-07-31 11:00:00,425.54886
2011-07-31 12:00:00,437.60248
2011-07-31 13:00:00,414.68735
2011-07-31 14:00:00,429.80463
2011-07-31 15:00:00,497.4983
2011-07-31 16:00:00,504.78387
2011-07-31 17:00:00,490.83228
2011-07-31 18:00:00,411.7987
2011-07-31 19:00:00,379.10632
2011-07-31 20:00:00,379.10632
2011-07-31 21:00:00,343.3119
2011-07-31 22:00:00,235.8985
2011-07-31 23:00:00,219.36847
2011-08-20 00:00:00,43.754253
2011-08-20 01:00:00,57.006203
2011-08-20 02:00:00,75.07051
2011-08-20 03:00:00,75.07051
2011-08-20 04:00:00,103.92983
2011-08-20 05:00:00,54.436783
2011-08-20 06:00:00,101.94182
2011-08-20 07:00:00,57.006207
2011-08-20 08:00:00,125.85799
2011-08-20 09:00:00,165.21423
2011-08-20 10:00:00,190.20892
2011-08-20 11:00:00,233.02061
2011-08-20 12:00:00,231.89005
2011-08-20 13:00:00,264.75378
2011-08-20 14:00:00,351.25494
2011-08-20 15:00:00,371.24304
2011-08-20 16:00:00,358.0365
2011-08-20 17:00:00,351.25494
2011-08-20 18:00:00,304.80582
2011-08-20 19:00:00,227.62466
2011-08-20 20:00:00,241.87778
2011-08-20 21:00:00,180.47632
2011-08-20 22:00:00,172.6622
2011-08-20 23:00:00,121.70254
2011-08-21 00:00:00,137.38026
2011-08-21 01:00:00,111.35872
2011-08-21 02:00:00,102.24052
2011-08-21 03:00:00,83.82295
2011-08-21 04:00:00,96.17429
2011-08-21 05:00:00,89.34199
2011-08-21 06:00:00,84.29886
2011-08-21 07:00:00,121.41625
2011-08-21 08:00:00,126.39327
2011-08-21 09:00:00,163.47235
2011-08-21 10:00:00,192.5237
2011-08-21 11:00:00,336.12378
2011-08-21 12:00:00,375.5597
2011-08-21 13:00:00,373.7079
2011-08-21 14:00:00,192.98666
2011-08-21 15:00:00,128.57347
2011-08-21 16:00:00,124.257515
2011-08-21 17:00:00,115.35603
2011-08-21 18:00:00,152.12717
2011-08-21 19:00:00,196.33478
2011-08-21 20:00:00,135.26068
2011-08-21 21:00:00,135.26068
2011-08-21 22:00:00,148.57089
2011-08-21 23:00:00,129.48457
2011-08-22 00:00:00,142.43939
2011-08-22 01:00:00,104.3738
2011-08-22 02:00:00,284.59363
2011-08-22 03:00:00,294.3628
2011-08-22 04:00:00,243.85864
2011-08-22 05:00:00,261.43048
2011-08-22 06:00:00,274.47586
2011-08-22 07:00:00,276.34937
2011-08-22 08:00:00,276.34937
2011-08-22 09:00:00,293.66327
2011-08-22 10:00:00,294.0055
2011-08-22 11:00:00,344.89026
2011-08-22 12:00:00,329.71033
2011-08-22 13:00:00,371.29016
2011-08-22 14:00:00,362.37436
2011-08-22 15:00:00,366.7943
2011-08-22 16:00:00,362.37436
2011-08-22 17:00:00,383.53668
2011-08-22 18:00:00,386.54202
2011-08-22 19:00:00,392.29245
2011-08-22 20:00:00,394.79535
2011-08-22 21:00:00,373.60788
2011-08-22 22:00:00,357.67468
2011-08-22 23:00:00,347.19196
2011-08-23 00:00:00,343.32623
2011-08-23 01:00:00,316.7697
2011-08-23 02:00:00,281.10553
2011-08-23 03:00:00,267.04254
2011-08-23 04:00:00,235.7428
2011-08-23 05:00:00,240.5918
2011-08-23 06:00:00,217.42456
2011-08-23 07:00:00,304.10223
2011-08-23 08:00:00,265.07547
2011-08-23 09:00:00,288.41046
2011-08-23 10:00:00,292.07663
2011-08-23 11:00:00,348.5608
2011-08-23 12:00:00,302.0025
2011-08-23 13:00:00,367.83728
2011-08-23 14:00:00,360.5409
2011-08-23 15:00:00,355.70288
2011-08-23 16:00:00,364.45844
2011-08-23 17:00:00,355.70288
2011-08-23 18:00:00,357.91553
2011-08-23 19:00:00,302.32318
2011-08-23 20:00:00,288.2636
2011-08-23 21:00:00,204.99677
2011-08-23 22:00:00,240.22676
2011-08-23 23:00:00,211.25517
2011-08-24 00:00:00,240.22676
2011-08-24 01:00:00,199.36496
2011-08-24 02:00:00,140.79578
2011-08-24 03:00:00,140.79578
2011-08-24 04:00:00,96.84455
2011-08-24 05:00:00,96.84455
2011-08-24 06:00:00,108.79113
2011-08-24 07:00:00,161.68904
2011-08-24 08:00:00,145.29347
2011-08-24 09:00:00,220.95247
2011-08-24 10:00:00,295.7471
2011-08-24 11:00:00,294.52585
2011-08-24 12:00:00,299.16498
2011-08-24 13:00:00,303.1278
2011-08-24 14:00:00,303.1278
2011-08-24 15:00:00,307.98843
2011-08-24 16:00:00,306.8147
2011-08-24 17:00:00,299.00592
2011-08-24 18:00:00,300.21893
2011-08-24 19:00:00,300.21893
2011-08-24 20:00:00,301.48114
2011-08-24 21:00:00,303.2988
2011-08-24 22:00:00,291.09787
2011-08-24 23:00:00,255.70815
2011-08-25 00:00:00,235.22789
2011-08-25 01:00:00,265.9295
2011-08-25 02:00:00,265.9295
2011-08-25 03:00:00,224.91394
2011-08-25 04:00:00,223.8364
2011-08-25 05:00:00,216.32849
2011-08-25 06:00:00,198.62775
2011-08-25 07:00:00,192.0014
2011-08-25 08:00:00,217.37611
2011-08-25 09:00:00,236.4685
2011-08-25 10:00:00,251.95067
2011-08-25 11:00:00,232.43427
2011-08-25 12:00:00,232.43427
2011-08-25 13:00:00,125.64132
2011-08-25 14:00:00,273.99936
2011-08-25 15:00:00,288.29623
2011-08-25 16:00:00,105.64301
2011-08-25 17:00:00,105.64301
2011-08-25 18:00:00,202.08987
2011-08-25 19:00:00,182.66257
2011-08-25 20:00:00,204.53531
2011-08-25 21:00:00,190.29895
2011-08-25 22:00:00,65.97103
2011-08-25 23:00:00,67.92303
2011-08-26 00:00:00,78.43896
2011-08-26 01:00:00,65.97103
2011-08-26 02:00:00,68.416336
2011-08-26 03:00:00,57.034626
2011-08-26 04:00:00,54.92634
2011-08-26 05:00:00,115.18316
2011-08-26 06:00:00,54.92634
2011-08-26 07:00:00,68.47231
2011-08-26 08:00:00,85.188194
2011-08-26 09:00:00,129.40196
2011-08-26 10:00:00,199.8169
2011-08-26 11:00:00,306.26855
2011-08-26 12:00:00,290.2235
2011-08-26 13:00:00,303.93274
2011-08-26 14:00:00,191.8588
2011-08-26 15:00:00,312.9464
2011-08-26 16:00:00,225.19623
2011-08-26 17:00:00,292.77963
2011-08-26 18:00:00,270.22412
2011-08-26 19:00:00,145.89764
2011-08-26 20:00:00,137.99391
2011-08-26 21:00:00,184.5896
2011-08-26 22:00:00,145.89766
2011-08-26 23:00:00,104.3088
2011-08-27 00:00:00,79.95066
2011-08-27 01:00:00,91.68551
2011-08-27 02:00:00,99.55984
2011-08-27 03:00:00,129.48248
2011-08-27 04:00:00,129.48248
2011-08-27 05:00:00,145.97342
2011-08-27 06:00:00,145.97342
2011-08-27 07:00:00,153.56573
2011-08-27 08:00:00,133.4508
2011-08-27 09:00:00,155.8081
2011-08-27 10:00:00,174.21942
2011-08-27 11:00:00,130.30148
2011-08-27 12:00:00,136.67113
2011-08-27 13:00:00,157.76547
2011-08-27 14:00:00,106.52222
2011-08-27 15:00:00,106.52222
2011-08-27 16:00:00,109.3019
2011-08-27 17:00:00,120.012535
2011-08-28 07:00:00,155.80171
2011-08-28 08:00:00,141.6195
2011-08-28 09:00:00,175.95595
2011-08-28 10:00:00,278.86816
2011-08-28 11:00:00,303.075
2011-08-28 12:00:00,375.19165
2011-08-28 13:00:00,431.36356
2011-08-28 14:00:00,450.3098
2011-08-28 15:00:00,442.5506
2011-08-28 16:00:00,471.46234
2011-08-28 17:00:00,472.49686
2011-08-28 18:00:00,447.05392
2011-08-28 19:00:00,309.30786
2011-08-28 20:00:00,351.47974
2011-08-28 21:00:00,175.91089
2011-08-28 22:00:00,112.591286
2011-08-28 23:00:00,88.352974
2011-08-29 00:00:00,107.16918
2011-08-29 01:00:00,124.52848
2011-08-29 02:00:00,161.5603
2011-08-29 03:00:00,124.52848
2011-08-29 04:00:00,141.80801
2011-08-29 05:00:00,102.86906
2011-08-29 06:00:00,102.86906
2011-08-29 07:00:00,246.51674
2011-08-29 08:00:00,269.7981
2011-08-29 09:00:00,284.91696
2011-08-29 10:00:00,309.43283
2011-08-29 11:00:00,299.8733
2011-08-29 12:00:00,330.83234
2011-08-29 13:00:00,315.05933
2011-08-29 14:00:00,263.15152
2011-08-29 15:00:00,316.36945
2011-08-29 16:00:00,314.5185
2011-08-29 17:00:00,326.84985
2011-08-29 18:00:00,309.52786
2011-08-29 19:00:00,309.52786
2011-08-29 20:00:00,273.5174
2011-08-29 21:00:00,285.8546
2011-08-29 22:00:00,240.22676
2011-08-29 23:00:00,195.09363
2011-08-30 00:00:00,102.86906
2011-08-30 01:00:00,139.11993
2011-08-30 02:00:00,101.28947
2011-08-30 03:00:00,121.20608
2011-08-30 04:00:00,86.338356
2011-08-30 05:00:00,77.84815
2011-08-30 06:00:00,101.28947
2011-08-30 07:00:00,141.80801
2011-08-30 08:00:00,240.22676
2011-08-30 09:00:00,302.32318
2011-08-30 10:00:00,340.1161
2011-08-30 11:00:00,337.29138
2011-08-30 12:00:00,281.6528
2011-08-30 13:00:00,322.02075
2011-08-30 14:00:00,361.0555
2011-08-30 15:00:00,342.68066
2011-08-30 16:00:00,333.97083
2011-08-30 17:00:00,325.62726
2011-08-30 18:00:00,305.47983
2011-08-30 19:00:00,253.07965
2011-08-30 20:00:00,234.15536
2011-08-30 21:00:00,170.2603
2011-08-30 22:00:00,193.65483
2011-08-30 23:00:00,193.65483
2011-08-31 00:00:00,128.16798
2011-08-31 01:00:00,128.16798
2011-08-31 02:00:00,108.791115
2011-08-31 03:00:00,73.13266
2011-08-31 04:00:00,108.791115
2011-08-31 05:00:00,54.90528
2011-08-31 06:00:00,86.907616
2011-08-31 07:00:00,78.03881
2011-08-31 08:00:00,132.90268
2011-08-31 09:00:00,138.49252
2011-08-31 10:00:00,277.5728
2011-08-31 11:00:00,300.23804
2011-08-31 12:00:00,293.12497
2011-08-31 13:00:00,311.9421
2011-08-31 14:00:00,308.63806
2011-08-31 15:00:00,308.63806
2011-08-31 16:00:00,297.39294
2011-08-31 17:00:00,289.89474
2011-08-31 18:00:00,302.13678
2011-08-31 19:00:00,304.05933
2011-08-31 20:00:00,248.51515
2011-08-31 21:00:00,209.82913
2011-08-31 22:00:00,136.4634
2011-08-31 23:00:00,78.86794
2011-09-20 00:00:00,175.36934
2011-09-20 01:00:00,113.83312
2011-09-20 02:00:00,113.83312
2011-09-20 03:00:00,154.46167
2011-09-20 04:00:00,57.036423
2011-09-20 05:00:00,124.53043
2011-09-20 06:00:00,124.53043
2011-09-20 07:00:00,113.83312
2011-09-20 08:00:00,84.17654
2011-09-20 09:00:00,82.75912
2011-09-20 10:00:00,91.34895
2011-09-20 11:00:00,91.34895
2011-09-20 12:00:00,97.28672
2011-09-20 13:00:00,93.92077
2011-09-20 14:00:00,135.4108
2011-09-20 15:00:00,176.115
2011-09-20 16:00:00,157.06493
2011-09-20 17:00:00,65.45217
2011-09-20 18:00:00,65.45217
2011-09-20 19:00:00,51.820564
2011-09-20 20:00:00,40.71446
2011-09-20 21:00:00,40.714462
2011-09-20 22:00:00,40.714462
2011-09-20 23:00:00,40.714462
2011-09-21 00:00:00,31.314062
2011-09-21 01:00:00,39.376114
2011-09-21 02:00:00,39.376114
2011-09-21 03:00:00,87.69983
2011-09-21 04:00:00,71.99177
2011-09-21 05:00:00,75.01103
2011-09-21 06:00:00,78.858635
2011-09-21 07:00:00,78.858635
2011-09-21 08:00:00,70.5248
2011-09-21 09:00:00,75.69885
2011-09-21 10:00:00,104.74271
2011-09-21 11:00:00,165.49498
2011-09-21 12:00:00,181.49619
2011-09-21 13:00:00,234.93735
2011-09-21 14:00:00,236.97925
2011-09-21 15:00:00,221.06577
2011-09-21 16:00:00,221.06577
2011-09-21 17:00:00,228.46484
2011-09-21 18:00:00,155.23752
2011-09-21 19:00:00,81.593605
2011-09-21 20:00:00,81.593605
2011-09-21 21:00:00,77.77897
2011-09-21 22:00:00,102.65046
2011-09-21 23:00:00,48.39219
2011-09-22 00:00:00,48.39219
2011-09-22 01:00:00,96.78176
2011-09-22 02:00:00,96.72331
2011-09-22 03:00:00,96.78178
2011-09-22 04:00:00,96.78178
2011-09-22 05:00:00,96.72331
2011-09-22 06:00:00,75.24537
2011-09-22 07:00:00,76.615395
2011-09-22 08:00:00,77.10049
2011-09-22 09:00:00,113.36483
2011-09-22 10:00:00,152.1297
2011-09-22 11:00:00,144.00392
2011-09-22 12:00:00,179.68797
2011-09-22 13:00:00,183.74806
2011-09-22 14:00:00,186.26889
2011-09-22 15:00:00,212.56918
2011-09-22 16:00:00,239.47614
2011-09-22 17:00:00,196.63797
2011-09-22 18:00:00,159.58394
2011-09-22 19:00:00,129.2044
2011-09-22 20:00:00,102.69988
2011-09-22 21:00:00,129.2044
2011-09-22 22:00:00,79.360115
2011-09-22 23:00:00,102.65046
2011-09-23 00:00:00,155.3765
2011-09-23 01:00:00,94.57923
2011-09-23 02:00:00,115.77508
2011-09-23 03:00:00,94.57923
2011-09-23 04:00:00,94.90353
2011-09-23 05:00:00,138.16159
2011-09-23 06:00:00,155.3765
2011-09-23 07:00:00,164.42772
2011-09-23 08:00:00,164.42772
2011-09-23 09:00:00,121.947655
2011-09-23 10:00:00,118.571785
2011-09-23 11:00:00,118.571815
2011-09-23 12:00:00,160.82314
2011-09-23 13:00:00,105.293915
2011-09-23 14:00:00,105.293915
2011-09-23 15:00:00,160.82312
2011-09-23 16:00:00,147.00372
2011-09-23 17:00:00,94.57923
2011-09-23 18:00:00,114.46668
2011-09-23 19:00:00,156.75623
2011-09-23 20:00:00,146.19727
2011-09-23 21:00:00,122.71613
2011-09-23 22:00:00,153.56944
2011-09-23 23:00:00,120.611015
2011-09-24 00:00:00,57.741295
2011-09-24 01:00:00,173.87721
2011-09-24 02:00:00,173.87721
2011-09-24 03:00:00,86.898125
2011-09-24 04:00:00,82.19773
2011-09-24 05:00:00,170.96982
2011-09-24 06:00:00,170.96982
2011-09-24 07:00:00,203.8883
2011-09-24 08:00:00,199.02487
2011-09-24 09:00:00,215.03615
2011-09-24 10:00:00,215.03615
2011-09-24 11:00:00,259.72293
2011-09-24 12:00:00,259.72293
2011-09-24 13:00:00,249.63605
2011-09-24 14:00:00,343.9098
2011-09-24 15:00:00,343.9098
2011-09-24 16:00:00,300.9773
2011-09-24 17:00:00,281.83398
2011-09-24 18:00:00,231.41086
2011-09-24 19:00:00,133.52379
2011-09-24 20:00:00,188.45721
2011-09-24 21:00:00,169.74832
2011-09-24 22:00:00,218.14587
2011-09-24 23:00:00,215.03615
2011-09-25 00:00:00,208.6431
2011-09-25 01:00:00,216.47049
2011-09-25 02:00:00,171.52579
2011-09-25 03:00:00,171.52579
2011-09-25 04:00:00,177.53381
2011-09-25 05:00:00,119.943825
2011-09-25 06:00:00,216.47049
2011-09-25 07:00:00,168.54898
2011-09-25 08:00:00,218.14587
2011-09-25 09:00:00,260.45078
2011-09-25 10:00:00,260.45078
2011-09-25 11:00:00,310.5672
2011-09-25 12:00:00,310.09552
2011-09-25 13:00:00,352.6194
2011-09-25 14:00:00,310.09552
2011-09-25 15:00:00,310.09552
2011-09-25 16:00:00,346.971
2011-09-25 17:00:00,292.19702
2011-09-25 18:00:00,292.19702
2011-09-25 19:00:00,167.93771
2011-09-25 20:00:00,169.95453
2011-09-25 21:00:00,79.97144
2011-09-25 22:00:00,117.54415
2011-09-25 23:00:00,164.29607
2011-09-26 00:00:00,138.16159
2011-09-26 01:00:00,194.51663
2011-09-26 02:00:00,194.51663
2011-09-26 03:00:00,138.16162
2011-09-26 04:00:00,155.3765
2011-09-26 05:00:00,174.58734
2011-09-26 06:00:00,155.3765
2011-09-26 07:00:00,138.16159
2011-09-26 08:00:00,138.16159
2011-09-26 09:00:00,215.96373
2011-09-26 10:00:00,215.96373
2011-09-26 11:00:00,283.69745
2011-09-26 12:00:00,290.55347
2011-09-26 13:00:00,329.94885
2011-09-26 14:00:00,347.44586
2011-09-26 15:00:00,373.2104
2011-09-26 16:00:00,374.84332
2011-09-26 17:00:00,348.72943
2011-09-26 18:00:00,246.51694
2011-09-26 19:00:00,256.89966
2011-09-26 20:00:00,195.99844
2011-09-26 21:00:00,195.99844
2011-09-26 22:00:00,156.75623
2011-09-26 23:00:00,156.75623
2011-09-27 00:00:00,156.75623
2011-09-27 01:00:00,154.91402
2011-09-27 02:00:00,155.24066
2011-09-27 03:00:00,138.16159
2011-09-27 04:00:00,158.73991
2011-09-27 05:00:00,158.73991
2011-09-27 06:00:00,158.40729
2011-09-27 07:00:00,158.40729
2011-09-27 08:00:00,200.82492
2011-09-27 09:00:00,216.52975
2011-09-27 10:00:00,179.79639
2011-09-27 11:00:00,212.37457
2011-09-27 12:00:00,216.49037
2011-09-27 13:00:00,331.69095
2011-09-27 14:00:00,291.7058
2011-09-27 15:00:00,268.3844
2011-09-27 16:00:00,258.73627
2011-09-27 17:00:00,223.38661
2011-09-27 18:00:00,221.93509
2011-09-27 19:00:00,204.62941
2011-09-27 20:00:00,266.96246
2011-09-27 21:00:00,219.81113
2011-09-27 22:00:00,196.6796
2011-09-27 23:00:00,196.6796
2011-09-28 00:00:00,186.08582
2011-09-28 01:00:00,186.08582
2011-09-28 02:00:00,204.26169
2011-09-28 03:00:00,142.64337
2011-09-28 04:00:00,186.08582
2011-09-28 05:00:00,123.27082
2011-09-28 06:00:00,152.6657
2011-09-28 07:00:00,152.6657
2011-09-28 08:00:00,177.89653
2011-09-28 09:00:00,177.89653
2011-09-28 10:00:00,138.16159
2011-09-28 11:00:00,250.82549
2011-09-28 12:00:00,279.53455
2011-09-28 13:00:00,351.67947
2011-09-28 14:00:00,413.16907
2011-09-28 15:00:00,348.72943
2011-09-28 16:00:00,352.2648
2011-09-28 17:00:00,364.17374
2011-09-28 18:00:00,258.68417
2011-09-28 19:00:00,258.6842
2011-09-28 20:00:00,210.52905
2011-09-28 21:00:00,193.98497
2011-09-28 22:00:00,196.6796
2011-09-28 23:00:00,153.85696
2011-09-29 00:00:00,158.0791
2011-09-29 01:00:00,139.37088
2011-09-29 02:00:00,139.37088
2011-09-29 03:00:00,165.9627
2011-09-29 04:00:00,200.09229
2011-09-29 05:00:00,182.5073
2011-09-29 06:00:00,180.06084
2011-09-29 07:00:00,195.06061
2011-09-29 08:00:00,219.81113
2011-09-29 09:00:00,274.4206
2011-09-29 10:00:00,343.56253
2011-09-29 11:00:00,349.97357
2011-09-29 12:00:00,374.66193
2011-09-29 13:00:00,367.63892
2011-09-29 14:00:00,421.33527
2011-09-29 15:00:00,407.58002
2011-09-29 16:00:00,421.77292
2011-09-29 17:00:00,409.68814
2011-09-29 18:00:00,422.90213
2011-09-29 19:00:00,384.6753
2011-09-29 20:00:00,368.6266
2011-09-29 21:00:00,344.985
2011-09-29 22:00:00,281.4745
2011-09-29 23:00:00,217.1026
2011-09-30 00:00:00,189.16928
2011-09-30 01:00:00,218.4256
2011-09-30 02:00:00,189.16928
2011-09-30 03:00:00,189.16925
2011-09-30 04:00:00,191.6385
2011-09-30 05:00:00,191.6385
2011-09-30 06:00:00,191.18063
2011-09-30 07:00:00,191.18063
2011-09-30 08:00:00,226.12865
2011-09-30 09:00:00,249.76741
2011-09-30 10:00:00,337.53174
2011-09-30 11:00:00,375.19043
2011-09-30 12:00:00,364.74194
2011-09-30 13:00:00,365.77902
2011-09-30 14:00:00,356.85284
2011-09-30 15:00:00,396.63568
2011-09-30 16:00:00,389.79297
2011-09-30 17:00:00,383.61548
2011-09-30 18:00:00,332.53772
2011-09-30 19:00:00,294.1807
2011-09-30 20:00:00,294.1807
2011-09-30 21:00:00,284.06763
2011-09-30 22:00:00,263.08398
2011-09-30 23:00:00,263.08398
2011-10-20 00:00:00,180.35985
2011-10-20 01:00:00,216.07689
2011-10-20 02:00:00,214.13367
2011-10-20 03:00:00,186.67685
2011-10-20 04:00:00,186.67685
2011-10-20 05:00:00,174.8352
2011-10-20 06:00:00,156.25038
2011-10-20 07:00:00,158.15726
2011-10-20 08:00:00,192.98055
2011-10-20 09:00:00,200.98203
2011-10-20 10:00:00,210.22566
2011-10-20 11:00:00,236.64375
2011-10-20 12:00:00,266.70306
2011-10-20 13:00:00,295.5446
2011-10-20 14:00:00,235.83603
2011-10-20 15:00:00,231.93324
2011-10-20 16:00:00,231.93324
2011-10-20 17:00:00,245.5243
2011-10-20 18:00:00,242.34924
2011-10-20 19:00:00,244.18265
2011-10-20 20:00:00,235.199
2011-10-20 21:00:00,239.57779
2011-10-20 22:00:00,238.11575
2011-10-20 23:00:00,215.32803
2011-10-21 00:00:00,199.59987
2011-10-21 01:00:00,203.75378
2011-10-21 02:00:00,180.86292
2011-10-21 03:00:00,146.76634
2011-10-21 04:00:00,157.29337
2011-10-21 05:00:00,150.0153
2011-10-21 06:00:00,157.29337
2011-10-21 07:00:00,157.29337
2011-10-21 08:00:00,203.8966
2011-10-21 09:00:00,252.68837
2011-10-21 10:00:00,271.94843
2011-10-21 11:00:00,305.463
2011-10-21 12:00:00,294.06976
2011-10-21 13:00:00,268.26794
2011-10-21 14:00:00,319.4917
2011-10-21 15:00:00,294.82764
2011-10-21 16:00:00,297.17578
2011-10-21 17:00:00,259.54065
2011-10-21 18:00:00,248.56946
2011-10-21 19:00:00,216.00093
2011-10-21 20:00:00,259.29868
2011-10-21 21:00:00,228.9512
2011-10-21 22:00:00,245.55899
2011-10-21 23:00:00,203.75378
2011-10-22 00:00:00,184.37607
2011-10-22 01:00:00,184.37607
2011-10-22 02:00:00,181.23357
2011-10-22 03:00:00,193.13205
2011-10-22 04:00:00,170.91458
2011-10-22 05:00:00,191.14561
2011-10-22 06:00:00,162.96521
2011-10-22 07:00:00,128.22018
2011-10-22 08:00:00,185.28183
2011-10-22 09:00:00,196.40147
2011-10-22 10:00:00,271.07147
2011-10-22 11:00:00,271.07147
2011-10-22 12:00:00,295.21033
2011-10-22 13:00:00,402.19376
2011-10-22 14:00:00,329.51392
2011-10-22 15:00:00,316.32385
2011-10-22 16:00:00,374.0493
2011-10-22 17:00:00,286.71344
2011-10-22 18:00:00,280.76804
2011-10-22 19:00:00,226.30928
2011-10-22 20:00:00,212.79167
2011-10-22 21:00:00,168.03992
2011-10-22 22:00:00,168.03992
2011-10-22 23:00:00,134.00179
2011-10-23 00:00:00,94.27012
2011-10-23 01:00:00,94.27012
2011-10-23 02:00:00,84.69532
2011-10-23 03:00:00,83.34686
2011-10-23 04:00:00,83.34686
2011-10-23 05:00:00,73.41398
2011-10-23 06:00:00,72.15948
2011-10-23 07:00:00,84.69532
2011-10-23 08:00:00,95.34329
2011-10-23 09:00:00,168.03992
2011-10-23 10:00:00,182.04608
2011-10-23 11:00:00,194.61249
2011-10-23 12:00:00,284.8926
2011-10-23 13:00:00,337.32855
2011-10-23 14:00:00,331.32275
2011-10-23 15:00:00,359.75848
2011-10-23 16:00:00,337.32855
2011-10-23 17:00:00,283.12454
2011-10-23 18:00:00,284.5963
2011-10-23 19:00:00,195.09119
2011-10-23 20:00:00,191.45506
2011-10-23 21:00:00,191.45506
2011-10-23 22:00:00,162.92297
2011-10-23 23:00:00,152.0381
2011-10-24 00:00:00,156.7775
2011-10-24 01:00:00,145.89203
2011-10-24 02:00:00,138.49478
2011-10-24 03:00:00,141.02594
2011-10-24 04:00:00,124.86506
2011-10-24 05:00:00,112.04215
2011-10-24 06:00:00,138.49478
2011-10-24 07:00:00,122.85558
2011-10-24 08:00:00,158.06012
2011-10-24 09:00:00,189.04407
2011-10-24 10:00:00,210.27786
2011-10-24 11:00:00,253.33817
2011-10-24 12:00:00,261.21646
2011-10-24 13:00:00,292.33124
2011-10-24 14:00:00,297.4449
2011-10-24 15:00:00,307.93927
2011-10-24 16:00:00,274.5367
2011-10-24 17:00:00,253.91779
2011-10-24 18:00:00,300.06174
2011-10-24 19:00:00,156.88182
2011-10-24 20:00:00,176.06271
2011-10-24 21:00:00,146.48714
2011-10-24 22:00:00,202.41867
2011-10-24 23:00:00,186.51361
2011-10-25 00:00:00,176.11414
2011-10-25 01:00:00,176.11414
2011-10-25 02:00:00,153.31094
2011-10-25 03:00:00,118.44893
2011-10-25 04:00:00,136.79846
2011-10-25 05:00:00,136.79846
2011-10-25 06:00:00,134.73228
2011-10-25 07:00:00,159.03896
2011-10-25 08:00:00,193.37505
2011-10-25 09:00:00,259.4203
2011-10-25 10:00:00,273.10077
2011-10-25 11:00:00,295.06656
2011-10-25 12:00:00,335.91443
2011-10-25 13:00:00,351.78546
2011-10-25 14:00:00,347.22284
2011-10-25 15:00:00,371.64896
2011-10-25 16:00:00,366.72586
2011-10-25 17:00:00,371.64896
2011-10-25 18:00:00,337.08035
2011-10-25 19:00:00,220.20819
2011-10-25 20:00:00,226.96707
2011-10-25 21:00:00,188.75362
2011-10-25 22:00:00,208.29869
2011-10-25 23:00:00,188.75362
2011-10-26 00:00:00,185.29407
2011-10-26 01:00:00,198.23364
2011-10-26 02:00:00,200.9372
2011-10-26 03:00:00,198.39932
2011-10-26 04:00:00,180.03285
2011-10-26 05:00:00,180.56564
2011-10-26 06:00:00,180.56564
2011-10-26 07:00:00,179.27338
2011-10-26 08:00:00,244.74258
2011-10-26 09:00:00,262.7824
2011-10-26 10:00:00,268.28418
2011-10-26 11:00:00,246.64243
2011-10-26 12:00:00,347.08148
2011-10-26 13:00:00,325.94064
2011-10-26 14:00:00,190.95316
2011-10-26 15:00:00,190.95316
2011-10-26 16:00:00,209.2965
2011-10-26 17:00:00,212.59863
2011-10-26 18:00:00,213.96786
2011-10-26 19:00:00,185.0106
2011-10-26 20:00:00,151.47913
2011-10-26 21:00:00,190.95316
2011-10-26 22:00:00,132.98155
2011-10-26 23:00:00,132.98155
2011-10-27 00:00:00,116.258545
2011-10-27 01:00:00,116.258545
2011-10-27 02:00:00,86.848976
2011-10-27 03:00:00,86.848976
2011-10-27 04:00:00,124.00788
2011-10-27 05:00:00,135.68066
2011-10-27 06:00:00,163.2587
2011-10-27 07:00:00,101.17286
2011-10-27 08:00:00,152.28165
2011-10-27 09:00:00,193.0201
2011-10-27 10:00:00,158.19629
2011-10-27 11:00:00,150.3606
2011-10-27 12:00:00,150.3606
2011-10-27 13:00:00,157.53088
2011-10-27 14:00:00,155.43689
2011-10-27 15:00:00,176.46835
2011-10-27 16:00:00,261.03217
2011-10-27 17:00:00,192.40309
2011-10-27 18:00:00,196.77899
2011-10-27 19:00:00,187.6464
2011-10-27 20:00:00,182.58765
2011-10-27 21:00:00,191.15898
2011-10-27 22:00:00,173.01422
2011-10-27 23:00:00,173.37234
2011-10-28 00:00:00,191.6234
2011-10-28 01:00:00,186.23273
2011-10-28 02:00:00,181.53969
2011-10-28 03:00:00,171.08936
2011-10-28 04:00:00,178.95157
2011-10-28 05:00:00,196.4979
2011-10-28 06:00:00,179.585
2011-10-28 07:00:00,179.585
2011-10-28 08:00:00,183.55383
2011-10-28 09:00:00,200.64828
2011-10-28 10:00:00,212.216
2011-10-28 11:00:00,244.16696
2011-10-28 12:00:00,273.1247
2011-10-28 13:00:00,252.79272
2011-10-28 14:00:00,250.22379
2011-10-28 15:00:00,236.78143
2011-10-28 16:00:00,259.128
2011-10-28 17:00:00,246.74081
2011-10-28 18:00:00,243.10431
2011-10-28 19:00:00,246.74081
2011-10-28 20:00:00,217.74442
2011-10-28 21:00:00,201.77866
2011-10-28 22:00:00,158.09317
2011-10-28 23:00:00,138.3451
2011-10-29 00:00:00,143.8145
2011-10-29 01:00:00,145.8494
2011-10-29 02:00:00,145.8494
2011-10-29 03:00:00,126.60236
2011-10-29 04:00:00,126.60236
2011-10-29 05:00:00,121.3529
2011-10-29 06:00:00,128.20045
2011-10-29 07:00:00,128.20045
2011-10-29 08:00:00,133.10876
2011-10-29 09:00:00,133.10876
2011-10-29 10:00:00,128.46384
2011-10-29 11:00:00,111.06504
2011-10-29 12:00:00,86.234924
2011-10-29 13:00:00,79.457184
2011-10-29 14:00:00,99.03092
2011-10-29 15:00:00,117.90731
2011-10-29 16:00:00,122.86927
2011-10-29 17:00:00,122.86927
2011-10-29 18:00:00,122.86927
2011-10-29 19:00:00,56.751373
2011-10-29 20:00:00,56.751373
2011-10-29 21:00:00,56.75137
2011-10-29 22:00:00,31.625319
2011-10-29 23:00:00,28.339745
2011-10-30 00:00:00,31.625319
2011-10-30 01:00:00,37.53203
2011-10-30 02:00:00,43.484406
2011-10-30 03:00:00,65.068474
2011-10-30 04:00:00,52.084465
2011-10-30 05:00:00,54.48915
2011-10-30 06:00:00,46.20021
2011-10-30 07:00:00,40.458664
2011-10-30 08:00:00,53.6036
2011-10-30 09:00:00,91.25245
2011-10-30 10:00:00,142.08833
2011-10-30 11:00:00,179.61743
2011-10-30 12:00:00,231.2019
2011-10-30 13:00:00,287.2738
2011-10-30 14:00:00,336.34332
2011-10-30 15:00:00,355.7301
2011-10-30 16:00:00,373.44147
2011-10-30 17:00:00,342.4956
2011-10-30 18:00:00,257.57455
2011-10-30 19:00:00,387.75122
2011-10-30 20:00:00,192.5784
2011-10-30 21:00:00,140.7313
2011-10-30 22:00:00,89.726
2011-10-30 23:00:00,40.05677
2011-10-31 00:00:00,87.62404
2011-10-31 01:00:00,79.28417
2011-10-31 02:00:00,83.095024
2011-10-31 03:00:00,111.75305
2011-10-31 04:00:00,83.095024
2011-10-31 05:00:00,86.94405
2011-10-31 06:00:00,83.095024
2011-10-31 07:00:00,92.01664
2011-10-31 08:00:00,119.890434
2011-10-31 09:00:00,180.09857
2011-10-31 10:00:00,233.46494
2011-10-31 11:00:00,257.37762
2011-10-31 12:00:00,281.37897
2011-10-31 13:00:00,271.70145
2011-10-31 14:00:00,268.01624
2011-10-31 15:00:00,281.33643
2011-10-31 16:00:00,245.55899
2011-10-31 17:00:00,245.99135
2011-10-31 18:00:00,189.90985
2011-10-31 19:00:00,189.90985
2011-10-31 20:00:00,189.90985
2011-10-31 21:00:00,198.27454
2011-10-31 22:00:00,198.27454
2011-10-31 23:00:00,198.27454
2011-11-20 00:00:00,158.36893
2011-11-20 01:00:00,181.23357
2011-11-20 02:00:00,179.52304
2011-11-20 03:00:00,222.44846
2011-11-20 04:00:00,214.78748
2011-11-20 05:00:00,235.22037
2011-11-20 06:00:00,234.01688
2011-11-20 07:00:00,176.33719
2011-11-20 08:00:00,228.4011
2011-11-20 09:00:00,178.86014
2011-11-20 10:00:00,238.9112
2011-11-20 11:00:00,307.76566
2011-11-20 12:00:00,308.7336
2011-11-20 13:00:00,347.1316
2011-11-20 14:00:00,282.3317
2011-11-20 15:00:00,305.7882
2011-11-20 16:00:00,320.8366
2011-11-20 17:00:00,323.7265
2011-11-20 18:00:00,331.3537
2011-11-20 19:00:00,269.94434
2011-11-20 20:00:00,300.33618
2011-11-20 21:00:00,230.9184
2011-11-20 22:00:00,162.26308
2011-11-20 23:00:00,162.26308
2011-11-21 00:00:00,86.9492
2011-11-21 01:00:00,116.76288
2011-11-21 02:00:00,87.60624
2011-11-21 03:00:00,74.19404
2011-11-21 04:00:00,74.19404
2011-11-21 05:00:00,67.92769
2011-11-21 06:00:00,69.89505
2011-11-21 07:00:00,125.3012
2011-11-21 08:00:00,86.9492
2011-11-21 09:00:00,105.2868
2011-11-21 10:00:00,155.43689
2011-11-21 11:00:00,176.46835
2011-11-21 12:00:00,215.98557
2011-11-21 13:00:00,215.98557
2011-11-21 14:00:00,200.1261
2011-11-21 15:00:00,123.473946
2011-11-21 16:00:00,123.473946
2011-11-21 17:00:00,112.49279
2011-11-21 18:00:00,140.145
2011-11-21 19:00:00,113.17831
2011-11-21 20:00:00,144.86409
2011-11-21 21:00:00,134.68765
2011-11-21 22:00:00,127.34876
2011-11-21 23:00:00,134.68765
2011-11-22 00:00:00,91.97146
2011-11-22 01:00:00,97.37728
2011-11-22 02:00:00,73.47892
2011-11-22 03:00:00,73.47892
2011-11-22 04:00:00,105.510445
2011-11-22 05:00:00,105.510445
2011-11-22 06:00:00,122.85558
2011-11-22 07:00:00,125.61076
2011-11-22 08:00:00,125.61076
2011-11-22 09:00:00,76.18816
2011-11-22 10:00:00,76.18816
2011-11-22 11:00:00,97.37728
2011-11-22 12:00:00,67.72022
2011-11-22 13:00:00,66.57077
2011-11-22 14:00:00,66.57077
2011-11-22 15:00:00,82.817375
2011-11-22 16:00:00,82.817375
2011-11-22 17:00:00,66.625404
2011-11-22 18:00:00,56.497818
2011-11-22 19:00:00,97.93354
2011-11-22 20:00:00,118.914345
2011-11-22 21:00:00,129.18216
2011-11-22 22:00:00,136.70236
2011-11-22 23:00:00,155.76459
2011-11-23 00:00:00,155.76459
2011-11-23 01:00:00,160.30157
2011-11-23 02:00:00,120.639366
2011-11-23 03:00:00,120.63934
2011-11-23 04:00:00,143.54948
2011-11-23 05:00:00,135.95135
2011-11-23 06:00:00,67.92769
2011-11-23 07:00:00,83.046196
2011-11-23 08:00:00,105.2868
2011-11-23 09:00:00,139.23709
2011-11-23 10:00:00,139.23709
2011-11-23 11:00:00,195.51706
2011-11-23 12:00:00,233.80856
2011-11-23 13:00:00,204.76952
2011-11-23 14:00:00,211.4885
2011-11-23 15:00:00,200.36127
2011-11-23 16:00:00,180.73001
2011-11-23 17:00:00,137.02097
2011-11-23 18:00:00,184.95682
2011-11-23 19:00:00,183.8757
2011-11-23 20:00:00,173.78688
2011-11-23 21:00:00,191.07306
2011-11-23 22:00:00,174.9867
2011-11-23 23:00:00,175.90805
2011-11-24 00:00:00,68.692085
2011-11-24 01:00:00,121.45423
2011-11-24 02:00:00,72.72771
2011-11-24 03:00:00,30.83291
2011-11-24 04:00:00,47.46839
2011-11-24 05:00:00,47.042423
2011-11-24 06:00:00,47.46839
2011-11-24 07:00:00,20.387423
2011-11-24 08:00:00,42.150444
2011-11-24 09:00:00,74.0344
2011-11-24 10:00:00,113.10243
2011-11-24 11:00:00,244.42947
2011-11-24 12:00:00,317.70975
2011-11-24 13:00:00,346.1695
2011-11-24 14:00:00,352.37305
2011-11-24 15:00:00,364.0672
2011-11-24 16:00:00,348.27185
2011-11-24 17:00:00,339.4877
2011-11-24 18:00:00,216.45326
2011-11-24 19:00:00,171.8647
2011-11-24 20:00:00,65.83893
2011-11-24 21:00:00,70.10932
2011-11-24 22:00:00,70.10932
2011-11-24 23:00:00,50.48993
2011-11-25 00:00:00,141.6907
2011-11-25 01:00:00,103.71272
2011-11-25 02:00:00,116.010376
2011-11-25 03:00:00,116.84045
2011-11-25 04:00:00,116.53088
2011-11-25 05:00:00,79.41739
2011-11-25 06:00:00,114.4896
2011-11-25 07:00:00,79.28417
2011-11-25 08:00:00,120.84481
2011-11-25 09:00:00,93.557495
2011-11-25 10:00:00,157.29337
2011-11-25 11:00:00,189.02725
2011-11-25 12:00:00,277.67322
2011-11-25 13:00:00,305.463
2011-11-25 14:00:00,331.36932
2011-11-25 15:00:00,346.9608
2011-11-25 16:00:00,333.65237
2011-11-25 17:00:00,348.90854
2011-11-25 18:00:00,303.08475
2011-11-25 19:00:00,204.36084
2011-11-25 20:00:00,224.88333
2011-11-25 21:00:00,129.10245
2011-11-25 22:00:00,123.81417
2011-11-25 23:00:00,121.57342
2011-11-26 00:00:00,110.32743
2011-11-26 01:00:00,92.3393
2011-11-26 02:00:00,67.733315
2011-11-26 03:00:00,76.73325
2011-11-26 04:00:00,76.73325
2011-11-26 05:00:00,77.8778
2011-11-26 06:00:00,130.01895
2011-11-26 07:00:00,37.157658
2011-11-26 08:00:00,92.3393
2011-11-26 09:00:00,110.9609
2011-11-26 10:00:00,124.84939
2011-11-26 11:00:00,199.37296
2011-11-26 12:00:00,314.03925
2011-11-26 13:00:00,387.74838
2011-11-26 14:00:00,341.1798
2011-11-26 15:00:00,384.6089
2011-11-26 16:00:00,324.4185
2011-11-26 17:00:00,324.4185
2011-11-26 18:00:00,246.37259
2011-11-26 19:00:00,218.39197
2011-11-26 20:00:00,276.14655
2011-11-26 21:00:00,163.38492
2011-11-26 22:00:00,193.26784
2011-11-26 23:00:00,124.84939
2011-11-27 00:00:00,124.84939
2011-11-27 01:00:00,124.84939
2011-11-27 02:00:00,109.23025
2011-11-27 03:00:00,83.34686
2011-11-27 04:00:00,84.860176
2011-11-27 05:00:00,97.21316
2011-11-27 06:00:00,121.91559
2011-11-27 07:00:00,104.572815
2011-11-27 08:00:00,118.489815
2011-11-27 09:00:00,179.44826
2011-11-27 10:00:00,179.44826
2011-11-27 11:00:00,240.8999
2011-11-27 12:00:00,334.8118
2011-11-27 13:00:00,329.99335
2011-11-27 14:00:00,465.00687
2011-11-27 15:00:00,514.61633
2011-11-27 16:00:00,381.36743
2011-11-27 17:00:00,350.7094
2011-11-27 18:00:00,277.4736
2011-11-27 19:00:00,227.3986
2011-11-27 20:00:00,263.06873
2011-11-27 21:00:00,220.86386
2011-11-27 22:00:00,199.87532
2011-11-27 23:00:00,199.87532
2011-11-28 00:00:00,180.73724
2011-11-28 01:00:00,177.43689
2011-11-28 03:00:00,150.92178
2011-11-28 04:00:00,158.67067
2011-11-28 05:00:00,118.44893
2011-11-28 06:00:00,150.87079
2011-11-28 07:00:00,122.49493
2011-11-28 08:00:00,87.07104
2011-11-28 09:00:00,180.44702
2011-11-28 10:00:00,213.49626
2011-11-28 11:00:00,261.21643
2011-11-28 12:00:00,311.933
2011-11-28 13:00:00,321.6774
2011-11-28 14:00:00,360.54874
2011-11-28 15:00:00,321.72363
2011-11-28 16:00:00,305.6668
2011-11-28 17:00:00,336.87933
2011-11-28 18:00:00,285.0246
2011-11-28 19:00:00,235.89282
2011-11-28 20:00:00,256.6952
2011-11-28 21:00:00,242.89366
2011-11-28 22:00:00,176.46835
2011-11-28 23:00:00,182.94537
2011-11-29 00:00:00,187.1879
2011-11-29 01:00:00,188.83978
2011-11-29 02:00:00,120.6097
2011-11-29 03:00:00,120.6097
2011-11-29 04:00:00,197.00276
2011-11-29 05:00:00,185.6109
2011-11-29 06:00:00,205.09647
2011-11-29 07:00:00,211.13358
2011-11-29 08:00:00,228.36584
2011-11-29 09:00:00,220.75035
2011-11-29 10:00:00,220.75035
2011-11-29 11:00:00,140.65056
2011-11-29 12:00:00,120.38549
2011-11-29 13:00:00,158.07657
2011-11-29 14:00:00,113.178276
2011-11-29 15:00:00,113.386894
2011-11-29 16:00:00,144.86407
2011-11-29 17:00:00,169.23103
2011-11-29 18:00:00,181.77303
2011-11-29 19:00:00,169.70396
2011-11-29 20:00:00,181.15997
2011-11-29 21:00:00,181.15997
2011-11-29 22:00:00,149.38016
2011-11-29 23:00:00,149.98013
2011-11-30 00:00:00,173.79208
2011-11-30 01:00:00,173.47647
2011-11-30 02:00:00,146.04521
2011-11-30 03:00:00,146.04521
2011-11-30 04:00:00,155.81313
2011-11-30 05:00:00,137.46602
2011-11-30 06:00:00,112.69759
2011-11-30 07:00:00,114.4896
2011-11-30 08:00:00,137.46602
2011-11-30 09:00:00,163.80426
2011-11-30 10:00:00,182.84369
2011-11-30 11:00:00,201.60652
2011-11-30 12:00:00,217.4639
2011-11-30 13:00:00,211.88156
2011-11-30 14:00:00,211.88156
2011-11-30 15:00:00,224.55273
2011-11-30 16:00:00,235.19519
2011-11-30 17:00:00,203.14291
2011-11-30 18:00:00,206.6369
2011-11-30 19:00:00,199.26651
2011-11-30 20:00:00,199.26651
2011-11-30 21:00:00,188.24776
2011-11-30 22:00:00,188.89107
2011-11-30 23:00:00,189.92926
2011-12-20 00:00:00,214.1463
2011-12-20 01:00:00,224.3842
2011-12-20 02:00:00,173.77768
2011-12-20 03:00:00,173.77768
2011-12-20 04:00:00,235.64966
2011-12-20 05:00:00,200.48349
2011-12-20 06:00:00,200.48349
2011-12-20 07:00:00,184.76779
2011-12-20 08:00:00,256.90732
2011-12-20 09:00:00,174.0906
2011-12-20 10:00:00,257.3948
2011-12-20 11:00:00,237.94705
2011-12-20 12:00:00,270.6832
2011-12-20 13:00:00,270.6832
2011-12-20 14:00:00,256.78613
2011-12-20 15:00:00,258.7469
2011-12-20 16:00:00,268.5814
2011-12-20 17:00:00,205.43547
2011-12-20 18:00:00,183.71338
2011-12-20 19:00:00,174.57236
2011-12-20 20:00:00,153.99521
2011-12-20 21:00:00,161.05054
2011-12-20 22:00:00,174.0906
2011-12-20 23:00:00,200.38373
2011-12-21 00:00:00,134.78847
2011-12-21 01:00:00,141.5223
2011-12-21 02:00:00,144.29184
2011-12-21 03:00:00,144.29184
2011-12-21 04:00:00,144.29184
2011-12-21 05:00:00,139.32343
2011-12-21 06:00:00,139.39197
2011-12-21 07:00:00,123.13444
2011-12-21 08:00:00,131.09943
2011-12-21 09:00:00,131.08124
2011-12-21 10:00:00,125.12289
2011-12-21 11:00:00,125.12289
2011-12-21 12:00:00,106.923225
2011-12-21 13:00:00,115.94027
2011-12-21 14:00:00,134.48586
2011-12-21 15:00:00,127.829346
2011-12-21 16:00:00,111.77221
2011-12-21 17:00:00,111.77221
2011-12-21 18:00:00,124.57245
2011-12-21 19:00:00,153.80856
2011-12-21 20:00:00,145.52805
2011-12-21 21:00:00,175.8341
2011-12-21 22:00:00,174.81815
2011-12-21 23:00:00,174.19986
2011-12-22 00:00:00,202.47705
2011-12-22 01:00:00,137.80634
2011-12-22 02:00:00,178.3604
2011-12-22 03:00:00,147.7226
2011-12-22 04:00:00,128.51468
2011-12-22 05:00:00,138.54333
2011-12-22 06:00:00,129.90721
2011-12-22 07:00:00,115.0084
2011-12-22 08:00:00,139.39197
2011-12-22 09:00:00,136.75513
2011-12-22 10:00:00,151.02393
2011-12-22 11:00:00,184.38574
2011-12-22 12:00:00,178.37097
2011-12-22 13:00:00,179.63864
2011-12-22 14:00:00,179.63864
2011-12-22 15:00:00,184.44942
2011-12-22 16:00:00,179.63864
2011-12-22 17:00:00,174.37401
2011-12-22 18:00:00,172.65323
2011-12-22 19:00:00,168.06406
2011-12-22 20:00:00,154.47498
2011-12-22 21:00:00,154.47498
2011-12-22 22:00:00,120.66619
2011-12-22 23:00:00,144.3449
2011-12-23 00:00:00,129.85007
2011-12-23 01:00:00,129.85007
2011-12-23 02:00:00,127.481926
2011-12-23 03:00:00,127.481926
2011-12-23 04:00:00,88.48373
2011-12-23 05:00:00,100.72657
2011-12-23 06:00:00,122.62684
2011-12-23 07:00:00,121.80056
2011-12-23 08:00:00,128.93419
2011-12-23 09:00:00,133.04404
2011-12-23 10:00:00,136.68579
2011-12-23 11:00:00,145.54291
2011-12-23 12:00:00,160.60109
2011-12-23 13:00:00,163.26178
2011-12-23 14:00:00,151.94983
2011-12-23 15:00:00,140.8865
2011-12-23 16:00:00,146.15321
2011-12-23 17:00:00,125.32494
2011-12-23 18:00:00,131.91698
2011-12-23 19:00:00,116.1898
2011-12-23 20:00:00,116.47503
2011-12-23 21:00:00,105.69924
2011-12-23 22:00:00,103.98663
2011-12-23 23:00:00,101.19853
2011-12-24 00:00:00,99.17954
2011-12-24 01:00:00,83.6146
2011-12-24 02:00:00,92.48637
2011-12-24 03:00:00,89.244804
2011-12-24 04:00:00,104.475975
2011-12-24 05:00:00,104.475975
2011-12-24 06:00:00,82.44796
2011-12-24 07:00:00,77.174
2011-12-24 08:00:00,50.096725
2011-12-24 09:00:00,109.27017
2011-12-24 10:00:00,110.8159
2011-12-24 11:00:00,126.131584
2011-12-24 12:00:00,141.37616
2011-12-24 13:00:00,138.7155
2011-12-24 14:00:00,138.7155
2011-12-24 15:00:00,128.79785
2011-12-24 16:00:00,116.823265
2011-12-24 17:00:00,78.10992
2011-12-24 18:00:00,90.70797
2011-12-24 19:00:00,76.505745
2011-12-24 20:00:00,51.519653
2011-12-24 21:00:00,52.790707
2011-12-24 22:00:00,46.140007
2011-12-24 23:00:00,38.06743
2011-12-25 00:00:00,40.988064
2011-12-25 01:00:00,33.38739
2011-12-25 02:00:00,33.8046
2011-12-25 03:00:00,32.814537
2011-12-25 05:00:00,30.890062
2011-12-25 06:00:00,30.890062
2011-12-25 07:00:00,31.530836
2011-12-25 08:00:00,31.773748
2011-12-25 09:00:00,31.874548
2011-12-25 10:00:00,42.77424
2011-12-25 11:00:00,59.05027
2011-12-25 12:00:00,67.40494
2011-12-25 13:00:00,75.45334
2011-12-25 14:00:00,93.76965
2011-12-25 15:00:00,93.36567
2011-12-25 16:00:00,108.09925
2011-12-25 17:00:00,87.43983
2011-12-25 18:00:00,70.125595
2011-12-25 19:00:00,86.21232
2011-12-25 20:00:00,90.9555
2011-12-25 21:00:00,72.856384
2011-12-25 22:00:00,55.346024
2011-12-25 23:00:00,44.274902
2011-12-26 00:00:00,49.21182
2011-12-26 01:00:00,80.80155
2011-12-26 02:00:00,114.86286
2011-12-26 04:00:00,131.88448
2011-12-26 05:00:00,141.56883
2011-12-26 06:00:00,120.2761
2011-12-26 07:00:00,99.06602
2011-12-26 08:00:00,81.21758
2011-12-26 09:00:00,131.88448
2011-12-26 10:00:00,144.3814
2011-12-26 11:00:00,137.92174
2011-12-26 12:00:00,145.79431
2011-12-26 13:00:00,152.72662
2011-12-26 14:00:00,153.80035
2011-12-26 15:00:00,150.72171
2011-12-26 16:00:00,139.20432
2011-12-26 17:00:00,114.86286
2011-12-26 18:00:00,69.39381
2011-12-26 19:00:00,63.099247
2011-12-26 20:00:00,60.701904
2011-12-26 21:00:00,36.50734
2011-12-26 22:00:00,36.507347
2011-12-26 23:00:00,51.29593
2011-12-27 00:00:00,87.44894
2011-12-27 01:00:00,85.884605
2011-12-27 02:00:00,85.884605
2011-12-27 03:00:00,124.430954
2011-12-27 04:00:00,123.70766
2011-12-27 05:00:00,117.99111
2011-12-27 06:00:00,117.65557
2011-12-27 07:00:00,116.90638
2011-12-27 08:00:00,131.02156
2011-12-27 09:00:00,124.876785
2011-12-27 10:00:00,133.22714
2011-12-27 11:00:00,124.876785
2011-12-27 12:00:00,106.662834
2011-12-27 13:00:00,95.645
2011-12-27 14:00:00,82.31369
2011-12-27 15:00:00,82.31369
2011-12-27 16:00:00,107.29984
2011-12-27 17:00:00,138.57976
2011-12-27 18:00:00,115.17708
2011-12-27 19:00:00,107.07795
2011-12-27 20:00:00,99.20635
2011-12-27 21:00:00,104.13852
2011-12-27 22:00:00,104.13852
2011-12-27 23:00:00,87.971245
2011-12-28 00:00:00,99.87275
2011-12-28 01:00:00,101.66769
2011-12-28 02:00:00,106.31051
2011-12-28 03:00:00,106.31051
2011-12-28 05:00:00,122.019554
2011-12-28 06:00:00,107.40352
2011-12-28 07:00:00,107.40351
2011-12-28 08:00:00,122.019554
2011-12-28 09:00:00,118.75709
2011-12-28 10:00:00,113.1195
2011-12-28 11:00:00,147.50665
2011-12-28 12:00:00,156.74976
2011-12-28 13:00:00,160.57259
2011-12-28 14:00:00,149.26617
2011-12-28 15:00:00,157.14832
2011-12-28 16:00:00,150.90729
2011-12-28 17:00:00,112.53274
2011-12-28 18:00:00,108.52259
2011-12-28 19:00:00,93.15647
2011-12-28 20:00:00,94.957466
2011-12-28 21:00:00,95.637794
2011-12-28 22:00:00,96.02874
2011-12-28 23:00:00,84.633484
2011-12-29 00:00:00,91.43203
2011-12-29 01:00:00,84.404
2011-12-29 02:00:00,83.878746
2011-12-29 03:00:00,83.60291
2011-12-29 04:00:00,82.853615
2011-12-29 05:00:00,81.92615
2011-12-29 06:00:00,73.41596
2011-12-29 07:00:00,76.011955
2011-12-29 08:00:00,78.200645
2011-12-29 09:00:00,96.5893
2011-12-29 10:00:00,105.89251
2011-12-29 11:00:00,102.482185
2011-12-29 12:00:00,108.11115
2011-12-29 13:00:00,110.804436
2011-12-29 14:00:00,94.34499
2011-12-29 15:00:00,114.9154
2011-12-29 16:00:00,101.642715
2011-12-29 17:00:00,96.98758
2011-12-29 18:00:00,97.68206
2011-12-29 19:00:00,98.01368
2011-12-29 20:00:00,89.71339
2011-12-29 21:00:00,121.32033
2011-12-29 22:00:00,90.68331
2011-12-29 23:00:00,96.67261
2011-12-30 00:00:00,89.922966
2011-12-30 01:00:00,85.7664
2011-12-30 02:00:00,81.53231
2011-12-30 03:00:00,81.53231
2011-12-30 04:00:00,81.45365
2011-12-30 05:00:00,77.85141
2011-12-30 06:00:00,81.45365
2011-12-30 07:00:00,80.43421
2011-12-30 08:00:00,110.82805
2011-12-30 09:00:00,83.839195
2011-12-30 10:00:00,98.90917
2011-12-30 11:00:00,103.98663
2011-12-30 12:00:00,102.51714
2011-12-30 13:00:00,148.59698
2011-12-30 14:00:00,150.45045
2011-12-30 15:00:00,170.42921
2011-12-30 16:00:00,177.81192
2011-12-30 17:00:00,133.38297
2011-12-30 18:00:00,112.76629
2011-12-30 19:00:00,117.90163
2011-12-30 20:00:00,137.25948
2011-12-30 21:00:00,141.5223
2011-12-30 22:00:00,135.03055
2011-12-30 23:00:00,130.58493
2011-12-31 00:00:00,122.83901
2011-12-31 01:00:00,142.07356
2011-12-31 02:00:00,142.07356
2011-12-31 03:00:00,142.07356
2011-12-31 04:00:00,112.534676
2011-12-31 05:00:00,99.101654
2011-12-31 06:00:00,135.10562
2011-12-31 07:00:00,117.28097
2011-12-31 08:00:00,69.47901
2011-12-31 09:00:00,96.76496
2011-12-31 10:00:00,111.06376
2011-12-31 11:00:00,133.91728
2011-12-31 12:00:00,272.1892
2011-12-31 13:00:00,199.49548
2011-12-31 14:00:00,190.59172
2011-12-31 15:00:00,160.70407
2011-12-31 16:00:00,163.89398
2011-12-31 17:00:00,164.99908
2011-12-31 18:00:00,162.18475
2011-12-31 19:00:00,165.32181
2011-12-31 20:00:00,165.32181
2011-12-31 21:00:00,145.6362
2011-12-31 22:00:00,127.59885
2011-12-31 23:00:00,94.24334
2012-01-20 00:00:00,102.56147
2012-01-20 01:00:00,97.456535
2012-01-20 02:00:00,97.456535
2012-01-20 03:00:00,89.767525
2012-01-20 04:00:00,82.42843
2012-01-20 05:00:00,82.42843
2012-01-20 06:00:00,83.53147
2012-01-20 07:00:00,84.35271
2012-01-20 08:00:00,80.237755
2012-01-20 09:00:00,91.01699
2012-01-20 10:00:00,87.43296
2012-01-20 11:00:00,83.17557
2012-01-20 12:00:00,80.975426
2012-01-20 13:00:00,103.05868
2012-01-20 14:00:00,83.73435
2012-01-20 15:00:00,83.180046
2012-01-20 16:00:00,80.68958
2012-01-20 17:00:00,77.98173
2012-01-20 18:00:00,75.0039
2012-01-20 19:00:00,79.79543
2012-01-20 20:00:00,75.0039
2012-01-20 21:00:00,77.023056
2012-01-20 22:00:00,81.97248
2012-01-20 23:00:00,90.5416
2012-01-21 00:00:00,72.35973
2012-01-21 01:00:00,46.917152
2012-01-21 02:00:00,35.87831
2012-01-21 03:00:00,41.83233
2012-01-21 04:00:00,46.67443
2012-01-21 05:00:00,46.75598
2012-01-21 06:00:00,43.558586
2012-01-21 07:00:00,43.558586
2012-01-21 08:00:00,31.089882
2012-01-21 09:00:00,31.089882
2012-01-21 10:00:00,41.904694
2012-01-21 11:00:00,32.84104
2012-01-21 12:00:00,44.514584
2012-01-21 13:00:00,51.750877
2012-01-21 14:00:00,62.39862
2012-01-21 15:00:00,62.39862
2012-01-21 16:00:00,53.28997
2012-01-21 17:00:00,48.77755
2012-01-21 18:00:00,52.835392
2012-01-21 19:00:00,44.181007
2012-01-21 20:00:00,48.861233
2012-01-21 21:00:00,39.51794
2012-01-21 22:00:00,53.95022
2012-01-21 23:00:00,40.89309
2012-01-22 00:00:00,35.61924
2012-01-22 01:00:00,53.95022
2012-01-22 02:00:00,54.842445
2012-01-22 03:00:00,60.65149
2012-01-22 04:00:00,53.52707
2012-01-22 05:00:00,66.73388
2012-01-22 06:00:00,44.5542
2012-01-22 07:00:00,44.5542
2012-01-22 08:00:00,44.5542
2012-01-22 09:00:00,44.5542
2012-01-22 10:00:00,50.015663
2012-01-22 11:00:00,57.088192
2012-01-22 12:00:00,36.715446
2012-01-22 13:00:00,32.487076
2012-01-22 14:00:00,33.12896
2012-01-22 15:00:00,34.335075
2012-01-22 16:00:00,34.335075
2012-01-22 17:00:00,29.960173
2012-01-22 18:00:00,46.75598
2012-01-22 19:00:00,46.75598
2012-01-22 20:00:00,49.623913
2012-01-22 21:00:00,46.75598
2012-01-22 22:00:00,25.395365
2012-01-22 23:00:00,24.9576
2012-01-23 00:00:00,81.47654
2012-01-23 01:00:00,84.77099
2012-01-23 02:00:00,84.77099
2012-01-23 03:00:00,81.476524
2012-01-23 04:00:00,91.00524
2012-01-23 05:00:00,85.09202
2012-01-23 06:00:00,85.09202
2012-01-23 07:00:00,85.56189
2012-01-23 08:00:00,77.87264
2012-01-23 09:00:00,87.73757
2012-01-23 10:00:00,79.5127
2012-01-23 11:00:00,78.00105
2012-01-23 12:00:00,85.384735
2012-01-23 13:00:00,75.95787
2012-01-23 14:00:00,65.8635
2012-01-23 15:00:00,60.84694
2012-01-23 16:00:00,74.60611
2012-01-23 17:00:00,73.1074
2012-01-23 18:00:00,76.57369
2012-01-23 19:00:00,75.21097
2012-01-23 20:00:00,63.7526
2012-01-23 21:00:00,58.57331
2012-01-23 22:00:00,58.57331
2012-01-23 23:00:00,59.609665
2012-01-24 00:00:00,62.071365
2012-01-24 01:00:00,77.811935
2012-01-24 02:00:00,81.80801
2012-01-24 03:00:00,95.61111
2012-01-24 04:00:00,86.724686
2012-01-24 05:00:00,86.724686
2012-01-24 06:00:00,85.15287
2012-01-24 07:00:00,95.611084
2012-01-24 08:00:00,95.611084
2012-01-24 09:00:00,108.154106
2012-01-24 10:00:00,99.20635
2012-01-24 11:00:00,109.2848
2012-01-24 12:00:00,107.07795
2012-01-24 13:00:00,107.07795
2012-01-24 14:00:00,114.107475
2012-01-24 15:00:00,155.59467
2012-01-24 16:00:00,134.57297
2012-01-24 17:00:00,142.93124
2012-01-24 18:00:00,129.87016
2012-01-24 19:00:00,171.96811
2012-01-24 20:00:00,104.24212
2012-01-24 21:00:00,118.3684
2012-01-24 22:00:00,109.19926
2012-01-24 23:00:00,104.24212
2012-01-25 00:00:00,84.08005
2012-01-25 01:00:00,100.4685
2012-01-25 02:00:00,93.42309
2012-01-25 03:00:00,88.447754
2012-01-25 04:00:00,88.72295
2012-01-25 05:00:00,88.72295
2012-01-25 06:00:00,86.77472
2012-01-25 07:00:00,86.506065
2012-01-25 08:00:00,85.681404
2012-01-25 09:00:00,85.681404
2012-01-25 10:00:00,100.59893
2012-01-25 11:00:00,117.65557
2012-01-25 12:00:00,106.78757
2012-01-25 13:00:00,122.84991
2012-01-25 14:00:00,125.05422
2012-01-25 15:00:00,135.12929
2012-01-25 16:00:00,113.469124
2012-01-25 17:00:00,121.890785
2012-01-25 18:00:00,101.19853
2012-01-25 19:00:00,108.07114
2012-01-25 20:00:00,104.932396
2012-01-25 21:00:00,90.347374
2012-01-25 22:00:00,94.24583
2012-01-25 23:00:00,102.873436
2012-01-26 00:00:00,123.972885
2012-01-26 01:00:00,115.33678
2012-01-26 02:00:00,121.70319
2012-01-26 03:00:00,123.86404
2012-01-26 04:00:00,88.50321
2012-01-26 05:00:00,125.599
2012-01-26 06:00:00,114.074974
2012-01-26 07:00:00,110.03741
2012-01-26 08:00:00,110.03741
2012-01-26 09:00:00,121.24526
2012-01-26 10:00:00,110.12789
2012-01-26 11:00:00,99.619484
2012-01-26 12:00:00,116.89051
2012-01-26 13:00:00,151.84283
2012-01-26 14:00:00,158.08353
2012-01-26 15:00:00,167.71303
2012-01-26 16:00:00,158.76907
2012-01-26 17:00:00,169.9444
2012-01-26 18:00:00,169.9444
2012-01-26 19:00:00,156.21198
2012-01-26 20:00:00,146.38419
2012-01-26 21:00:00,156.21198
2012-01-26 22:00:00,131.50354
2012-01-26 23:00:00,161.58899
2012-01-27 00:00:00,122.46029
2012-01-27 01:00:00,131.08124
2012-01-27 02:00:00,131.93596
2012-01-27 03:00:00,117.973015
2012-01-27 04:00:00,101.27501
2012-01-27 05:00:00,106.36746
2012-01-27 06:00:00,104.37865
2012-01-27 07:00:00,112.453224
2012-01-27 08:00:00,146.33008
2012-01-27 09:00:00,146.33008
2012-01-27 10:00:00,153.35455
2012-01-27 11:00:00,176.25586
2012-01-27 12:00:00,191.12448
2012-01-27 13:00:00,195.60217
2012-01-27 14:00:00,210.36539
2012-01-27 15:00:00,192.4159
2012-01-27 16:00:00,188.58401
2012-01-27 17:00:00,186.08519
2012-01-27 18:00:00,166.26695
2012-01-27 19:00:00,141.92789
2012-01-27 20:00:00,131.50644
2012-01-27 21:00:00,140.23747
2012-01-27 22:00:00,137.1806
2012-01-27 23:00:00,131.78873
2012-01-28 00:00:00,92.506836
2012-01-28 01:00:00,82.56106
2012-01-28 02:00:00,49.495876
2012-01-28 03:00:00,47.76994
2012-01-28 04:00:00,47.895317
2012-01-28 05:00:00,36.420235
2012-01-28 06:00:00,38.8655
2012-01-28 07:00:00,31.15271
2012-01-28 08:00:00,29.603794
2012-01-28 09:00:00,29.743998
2012-01-28 10:00:00,43.0226
2012-01-28 11:00:00,72.856384
2012-01-28 12:00:00,77.534355
2012-01-28 13:00:00,100.78059
2012-01-28 14:00:00,130.10751
2012-01-28 15:00:00,153.98346
2012-01-28 16:00:00,166.23807
2012-01-28 17:00:00,160.53473
2012-01-28 18:00:00,195.50146
2012-01-28 19:00:00,137.21344
2012-01-28 20:00:00,166.22229
2012-01-28 21:00:00,159.13199
2012-01-28 22:00:00,151.01584
2012-01-28 23:00:00,147.85928
2012-01-29 00:00:00,132.73563
2012-01-29 01:00:00,140.62625
2012-01-29 02:00:00,141.49654
2012-01-29 03:00:00,115.73405
2012-01-29 04:00:00,71.14804
2012-01-29 05:00:00,37.3397
2012-01-29 06:00:00,50.018524
2012-01-29 07:00:00,59.23726
2012-01-29 08:00:00,46.24173
2012-01-29 09:00:00,41.594673
2012-01-29 10:00:00,79.218285
2012-01-29 11:00:00,132.98734
2012-01-29 12:00:00,157.29703
2012-01-29 13:00:00,157.29703
2012-01-29 14:00:00,156.10815
2012-01-29 15:00:00,172.624
2012-01-29 16:00:00,171.6362
2012-01-29 17:00:00,171.63622
2012-01-29 18:00:00,163.85324
2012-01-29 19:00:00,151.38606
2012-01-29 20:00:00,116.10888
2012-01-29 21:00:00,138.64954
2012-01-29 22:00:00,148.31625
2012-01-29 23:00:00,133.73863
2012-01-30 00:00:00,128.63348
2012-01-30 01:00:00,95.26681
2012-01-30 02:00:00,92.84644
2012-01-30 03:00:00,90.95436
2012-01-30 04:00:00,84.21363
2012-01-30 05:00:00,84.21363
2012-01-30 06:00:00,84.633484
2012-01-30 07:00:00,84.43112
2012-01-30 08:00:00,80.59963
2012-01-30 09:00:00,80.59963
2012-01-30 10:00:00,87.00312
2012-01-30 11:00:00,108.76069
2012-01-30 12:00:00,123.97011
2012-01-30 13:00:00,159.05698
2012-01-30 14:00:00,208.48102
2012-01-30 15:00:00,202.54807
2012-01-30 16:00:00,207.73611
2012-01-30 17:00:00,229.09271
2012-01-30 18:00:00,215.65999
2012-01-30 19:00:00,116.73706
2012-01-30 20:00:00,135.57254
2012-01-30 21:00:00,126.182396
2012-01-30 22:00:00,98.101555
2012-01-30 23:00:00,91.02573
2012-01-31 00:00:00,95.37043
2012-01-31 01:00:00,117.04423
2012-01-31 02:00:00,113.26304
2012-01-31 03:00:00,107.64945
2012-01-31 04:00:00,105.033516
2012-01-31 05:00:00,105.033516
2012-01-31 06:00:00,96.39936
2012-01-31 07:00:00,91.025734
2012-01-31 08:00:00,88.00982
2012-01-31 09:00:00,102.42016
2012-01-31 10:00:00,132.67593
2012-01-31 11:00:00,193.32684
2012-01-31 12:00:00,173.43231
2012-01-31 13:00:00,234.20915
2012-01-31 14:00:00,267.7787
2012-01-31 15:00:00,290.68692
2012-01-31 16:00:00,290.68692
2012-01-31 17:00:00,289.08386
2012-01-31 18:00:00,292.97754
2012-01-31 19:00:00,269.59717
2012-01-31 20:00:00,133.98799
2012-01-31 21:00:00,237.51704
2012-01-31 22:00:00,218.57137
2012-01-31 23:00:00,212.52954
2012-02-20 00:00:00,48.097267
2012-02-20 01:00:00,48.097267
2012-02-20 02:00:00,48.097267
2012-02-20 03:00:00,72.264175
2012-02-20 05:00:00,105.560814
2012-02-20 06:00:00,109.17893
2012-02-20 07:00:00,101.11342
2012-02-20 08:00:00,85.28138
2012-02-20 09:00:00,85.28138
2012-02-20 10:00:00,106.94166
2012-02-20 11:00:00,109.333145
2012-02-20 12:00:00,92.19558
2012-02-20 13:00:00,112.132935
2012-02-20 14:00:00,103.21722
2012-02-20 15:00:00,117.55607
2012-02-20 16:00:00,102.58698
2012-02-20 17:00:00,157.39801
2012-02-20 18:00:00,117.55607
2012-02-20 19:00:00,117.55607
2012-02-20 20:00:00,112.57082
2012-02-20 21:00:00,84.694664
2012-02-20 22:00:00,59.637695
2012-02-20 23:00:00,45.57685
2012-02-21 00:00:00,82.82697
2012-02-21 01:00:00,88.36407
2012-02-21 02:00:00,80.37171
2012-02-21 04:00:00,76.16842
2012-02-21 05:00:00,74.35182
2012-02-21 06:00:00,75.92756
2012-02-21 07:00:00,76.16842
2012-02-21 08:00:00,76.598145
2012-02-21 09:00:00,76.61596
2012-02-21 10:00:00,85.63314
2012-02-21 11:00:00,108.17928
2012-02-21 12:00:00,112.55197
2012-02-21 13:00:00,137.94412
2012-02-21 14:00:00,115.708244
2012-02-21 15:00:00,137.94412
2012-02-21 16:00:00,149.99414
2012-02-21 17:00:00,175.37685
2012-02-21 18:00:00,175.37685
2012-02-21 19:00:00,147.30414
2012-02-21 20:00:00,117.7564
2012-02-21 21:00:00,107.90572
2012-02-21 22:00:00,134.71048
2012-02-21 23:00:00,106.72898
2012-02-22 00:00:00,106.72898
2012-02-22 01:00:00,101.08254
2012-02-22 02:00:00,117.654594
2012-02-22 03:00:00,129.84424
2012-02-22 04:00:00,107.35674
2012-02-22 05:00:00,100.164345
2012-02-22 06:00:00,101.66769
2012-02-22 07:00:00,99.875755
2012-02-22 08:00:00,93.87023
2012-02-22 09:00:00,99.709885
2012-02-22 10:00:00,105.40821
2012-02-22 11:00:00,113.843346
2012-02-22 12:00:00,135.9383
2012-02-22 13:00:00,154.04001
2012-02-22 14:00:00,164.53287
2012-02-22 15:00:00,263.7425
2012-02-22 16:00:00,278.99255
2012-02-22 17:00:00,269.42987
2012-02-22 18:00:00,166.55765
2012-02-22 19:00:00,157.73126
2012-02-22 20:00:00,159.16077
2012-02-22 21:00:00,173.49243
2012-02-22 22:00:00,153.13513
2012-02-22 23:00:00,159.19435
2012-02-23 00:00:00,153.13513
2012-02-23 01:00:00,154.51152
2012-02-23 02:00:00,161.45235
2012-02-23 03:00:00,144.16101
2012-02-23 04:00:00,128.94807
2012-02-23 05:00:00,128.94807
2012-02-23 06:00:00,110.10372
2012-02-23 07:00:00,114.107475
2012-02-23 08:00:00,105.185326
2012-02-23 09:00:00,116.00875
2012-02-23 10:00:00,138.32156
2012-02-23 11:00:00,200.25494
2012-02-23 12:00:00,235.3291
2012-02-23 13:00:00,266.6737
2012-02-23 14:00:00,276.14853
2012-02-23 15:00:00,289.7533
2012-02-23 16:00:00,281.72736
2012-02-23 17:00:00,291.74817
2012-02-23 18:00:00,283.06244
2012-02-23 19:00:00,244.27072
2012-02-23 20:00:00,207.34698
2012-02-23 21:00:00,172.3097
2012-02-23 22:00:00,163.16077
2012-02-23 23:00:00,167.62283
2012-02-24 00:00:00,170.06595
2012-02-24 01:00:00,151.54704
2012-02-24 02:00:00,104.920235
2012-02-24 03:00:00,144.11954
2012-02-24 04:00:00,131.86682
2012-02-24 05:00:00,134.24939
2012-02-24 06:00:00,137.16307
2012-02-24 07:00:00,138.83429
2012-02-24 08:00:00,102.53733
2012-02-24 09:00:00,83.728714
2012-02-24 10:00:00,116.83662
2012-02-24 11:00:00,129.40929
2012-02-24 12:00:00,153.75287
2012-02-24 13:00:00,167.71303
2012-02-24 14:00:00,184.69528
2012-02-24 15:00:00,129.85007
2012-02-24 16:00:00,129.85007
2012-02-24 17:00:00,145.30664
2012-02-24 18:00:00,156.67477
2012-02-24 19:00:00,163.98013
2012-02-24 20:00:00,155.0842
2012-02-24 21:00:00,249.43135
2012-02-24 22:00:00,206.14024
2012-02-24 23:00:00,209.89893
2012-02-25 00:00:00,131.94736
2012-02-25 01:00:00,127.61085
2012-02-25 02:00:00,118.190605
2012-02-25 03:00:00,103.87105
2012-02-25 04:00:00,111.72146
2012-02-25 05:00:00,101.340324
2012-02-25 06:00:00,101.340324
2012-02-25 07:00:00,104.265236
2012-02-25 08:00:00,77.59394
2012-02-25 09:00:00,58.816826
2012-02-25 10:00:00,65.389366
2012-02-25 11:00:00,116.57787
2012-02-25 12:00:00,136.74872
2012-02-25 13:00:00,131.71913
2012-02-25 14:00:00,133.685
2012-02-25 15:00:00,139.65239
2012-02-25 16:00:00,138.88594
2012-02-25 17:00:00,130.84087
2012-02-25 18:00:00,130.70126
2012-02-25 19:00:00,114.015366
2012-02-25 20:00:00,118.387985
2012-02-25 21:00:00,96.85833
2012-02-25 22:00:00,98.10229
2012-02-25 23:00:00,88.07308
2012-02-26 00:00:00,85.51748
2012-02-26 01:00:00,77.48232
2012-02-26 02:00:00,77.48232
2012-02-26 03:00:00,76.83398
2012-02-26 04:00:00,76.83398
2012-02-26 05:00:00,69.888565
2012-02-26 06:00:00,68.67855
2012-02-26 07:00:00,50.06095
2012-02-26 08:00:00,51.578457
2012-02-26 09:00:00,63.651672
2012-02-26 10:00:00,80.63795
2012-02-26 11:00:00,102.640526
2012-02-26 12:00:00,98.55064
2012-02-26 13:00:00,113.30855
2012-02-26 14:00:00,146.25099
2012-02-26 15:00:00,160.11186
2012-02-26 16:00:00,161.69904
2012-02-26 17:00:00,167.37933
2012-02-26 18:00:00,146.861
2012-02-26 19:00:00,147.39403
2012-02-26 20:00:00,109.67098
2012-02-26 21:00:00,87.87735
2012-02-26 22:00:00,109.08779
2012-02-26 23:00:00,52.790707
2012-02-27 00:00:00,88.88674
2012-02-27 01:00:00,91.28399
2012-02-27 02:00:00,89.008995
2012-02-27 03:00:00,82.94904
2012-02-27 04:00:00,79.088936
2012-02-27 05:00:00,79.088936
2012-02-27 06:00:00,85.681404
2012-02-27 07:00:00,86.11613
2012-02-27 08:00:00,79.65847
2012-02-27 09:00:00,91.025734
2012-02-27 10:00:00,117.4018
2012-02-27 11:00:00,149.4473
2012-02-27 12:00:00,192.11249
2012-02-27 13:00:00,173.86131
2012-02-27 14:00:00,227.94363
2012-02-27 15:00:00,283.38275
2012-02-27 16:00:00,290.68692
2012-02-27 17:00:00,294.99365
2012-02-27 18:00:00,279.41943
2012-02-27 19:00:00,267.35187
2012-02-27 20:00:00,245.6868
2012-02-27 21:00:00,227.94363
2012-02-27 22:00:00,192.05469
2012-02-27 23:00:00,167.02678
2012-02-28 00:00:00,154.4903
2012-02-28 01:00:00,123.56719
2012-02-28 02:00:00,143.67787
2012-02-28 03:00:00,203.87437
2012-02-28 04:00:00,139.82819
2012-02-28 05:00:00,139.82819
2012-02-28 06:00:00,116.42072
2012-02-28 07:00:00,103.00532
2012-02-28 08:00:00,92.11854
2012-02-28 09:00:00,111.74618
2012-02-28 10:00:00,117.04424
2012-02-28 11:00:00,162.69601
2012-02-28 12:00:00,193.23538
2012-02-28 13:00:00,196.45923
2012-02-28 14:00:00,231.4036
2012-02-28 15:00:00,242.57387
2012-02-28 16:00:00,238.50531
2012-02-28 17:00:00,242.57387
2012-02-28 18:00:00,243.35962
2012-02-28 19:00:00,218.06093
2012-02-28 20:00:00,229.33672
2012-02-28 21:00:00,132.43576
2012-02-28 22:00:00,132.43576
2012-02-28 23:00:00,107.00817
2012-02-29 00:00:00,109.79807
2012-02-29 01:00:00,117.5552
2012-02-29 02:00:00,99.434456
2012-02-29 03:00:00,88.818085
2012-02-29 05:00:00,83.87474
2012-02-29 06:00:00,123.86404
2012-02-29 07:00:00,106.34554
2012-02-29 08:00:00,123.972885
2012-02-29 09:00:00,98.27575
2012-02-29 10:00:00,98.27575
2012-02-29 11:00:00,85.4975
2012-02-29 12:00:00,51.196907
2012-02-29 13:00:00,67.736336
2012-02-29 14:00:00,67.736336
2012-02-29 15:00:00,113.90065
2012-02-29 16:00:00,115.59284
2012-02-29 17:00:00,137.16307
2012-02-29 18:00:00,144.3449
2012-02-29 19:00:00,144.45068
2012-02-29 20:00:00,143.573
2012-02-29 21:00:00,143.573
2012-02-29 22:00:00,117.680016
2012-02-29 23:00:00,117.680016
2012-03-20 00:00:00,233.01695
2012-03-20 01:00:00,169.5394
2012-03-20 02:00:00,176.69519
2012-03-20 03:00:00,208.74606
2012-03-20 04:00:00,200.79361
2012-03-20 05:00:00,192.26114
2012-03-20 06:00:00,192.37042
2012-03-20 07:00:00,168.21858
2012-03-20 08:00:00,200.47446
2012-03-20 09:00:00,211.10556
2012-03-20 10:00:00,185.24484
2012-03-20 11:00:00,208.26877
2012-03-20 12:00:00,280.73685
2012-03-20 13:00:00,258.54333
2012-03-20 14:00:00,276.10675
2012-03-20 15:00:00,278.37112
2012-03-20 16:00:00,317.46997
2012-03-20 17:00:00,280.1272
2012-03-20 18:00:00,289.13608
2012-03-20 19:00:00,241.72318
2012-03-20 20:00:00,247.67297
2012-03-20 21:00:00,218.34201
2012-03-20 22:00:00,204.04645
2012-03-20 23:00:00,185.86778
2012-03-21 00:00:00,78.92307
2012-03-21 01:00:00,96.404976
2012-03-21 02:00:00,79.29837
2012-03-21 03:00:00,144.81679
2012-03-21 04:00:00,136.14761
2012-03-21 05:00:00,136.14761
2012-03-21 06:00:00,134.02525
2012-03-21 07:00:00,99.0872
2012-03-21 08:00:00,92.0402
2012-03-21 09:00:00,139.02533
2012-03-21 10:00:00,154.62604
2012-03-21 11:00:00,154.62604
2012-03-21 12:00:00,152.49872
2012-03-21 13:00:00,148.71625
2012-03-21 14:00:00,158.40451
2012-03-21 15:00:00,158.40451
2012-03-21 16:00:00,134.93195
2012-03-21 17:00:00,171.99924
2012-03-21 18:00:00,146.14697
2012-03-21 19:00:00,170.36661
2012-03-21 20:00:00,121.909195
2012-03-21 21:00:00,99.60319
2012-03-21 22:00:00,107.68293
2012-03-21 23:00:00,122.72757
2012-03-22 00:00:00,96.404976
2012-03-22 01:00:00,96.404976
2012-03-22 02:00:00,96.404976
2012-03-22 03:00:00,96.404976
2012-03-22 04:00:00,109.850685
2012-03-22 05:00:00,109.850685
2012-03-22 06:00:00,109.850685
2012-03-22 07:00:00,109.850685
2012-03-22 08:00:00,125.71133
2012-03-22 09:00:00,125.71133
2012-03-22 10:00:00,116.40702
2012-03-22 11:00:00,130.8255
2012-03-22 12:00:00,159.1019
2012-03-22 13:00:00,120.63902
2012-03-22 14:00:00,154.08337
2012-03-22 15:00:00,231.84184
2012-03-22 16:00:00,261.31665
2012-03-22 17:00:00,257.99423
2012-03-22 18:00:00,257.99423
2012-03-22 19:00:00,201.68439
2012-03-22 20:00:00,234.54858
2012-03-22 21:00:00,143.08737
2012-03-22 22:00:00,124.07043
2012-03-22 23:00:00,95.115814
2012-03-23 00:00:00,93.26481
2012-03-23 01:00:00,81.25837
2012-03-23 02:00:00,78.56654
2012-03-23 03:00:00,78.08129
2012-03-23 04:00:00,125.70618
2012-03-23 05:00:00,124.12194
2012-03-23 06:00:00,130.42679
2012-03-23 07:00:00,127.94709
2012-03-23 08:00:00,126.326126
2012-03-23 09:00:00,138.42554
2012-03-23 10:00:00,155.83923
2012-03-23 11:00:00,208.28174
2012-03-23 12:00:00,287.1059
2012-03-23 13:00:00,272.87396
2012-03-23 14:00:00,298.94238
2012-03-23 15:00:00,307.56433
2012-03-23 16:00:00,304.23422
2012-03-23 17:00:00,304.23422
2012-03-23 18:00:00,358.90405
2012-03-23 19:00:00,339.24615
2012-03-23 20:00:00,326.11865
2012-03-23 21:00:00,280.19382
2012-03-23 22:00:00,257.0172
2012-03-23 23:00:00,240.97287
2012-03-24 00:00:00,125.562454
2012-03-24 01:00:00,114.11512
2012-03-24 02:00:00,96.89544
2012-03-24 03:00:00,96.89544
2012-03-24 04:00:00,75.477394
2012-03-24 05:00:00,127.08341
2012-03-24 06:00:00,127.08341
2012-03-24 07:00:00,106.47912
2012-03-24 08:00:00,88.0712
2012-03-24 09:00:00,125.4092
2012-03-24 10:00:00,109.6955
2012-03-24 11:00:00,88.0712
2012-03-24 12:00:00,122.85142
2012-03-24 13:00:00,125.93211
2012-03-24 14:00:00,129.35173
2012-03-24 15:00:00,105.22708
2012-03-24 16:00:00,122.63964
2012-03-24 17:00:00,128.6534
2012-03-24 18:00:00,100.84264
2012-03-24 19:00:00,97.00536
2012-03-24 20:00:00,83.7012
2012-03-24 21:00:00,83.7012
2012-03-24 22:00:00,86.149155
2012-03-24 23:00:00,79.942856
2012-03-25 00:00:00,79.942856
2012-03-25 01:00:00,63.950623
2012-03-25 02:00:00,79.74697
2012-03-25 03:00:00,83.39944
2012-03-25 04:00:00,72.88329
2012-03-25 05:00:00,59.58159
2012-03-25 06:00:00,59.58159
2012-03-25 07:00:00,65.50134
2012-03-25 08:00:00,65.50134
2012-03-25 09:00:00,67.49178
2012-03-25 10:00:00,72.00736
2012-03-25 11:00:00,67.49178
2012-03-25 12:00:00,69.58939
2012-03-25 13:00:00,92.04606
2012-03-25 14:00:00,97.59252
2012-03-25 15:00:00,96.98708
2012-03-25 16:00:00,76.38506
2012-03-25 17:00:00,100.49245
2012-03-25 18:00:00,100.49245
2012-03-25 19:00:00,130.82089
2012-03-25 20:00:00,94.7725
2012-03-25 21:00:00,86.64698
2012-03-25 22:00:00,68.13452
2012-03-25 23:00:00,72.33648
2012-03-26 00:00:00,141.12598
2012-03-26 01:00:00,122.2738
2012-03-26 02:00:00,86.56359
2012-03-26 03:00:00,104.70992
2012-03-26 04:00:00,97.909294
2012-03-26 05:00:00,116.08123
2012-03-26 06:00:00,98.81771
2012-03-26 07:00:00,120.562485
2012-03-26 08:00:00,138.92172
2012-03-26 09:00:00,193.35612
2012-03-26 10:00:00,275.466
2012-03-26 11:00:00,281.92444
2012-03-26 12:00:00,269.15555
2012-03-26 13:00:00,300.59946
2012-03-26 14:00:00,264.27594
2012-03-26 15:00:00,292.34015
2012-03-26 16:00:00,309.21527
2012-03-26 17:00:00,284.23257
2012-03-26 18:00:00,270.6756
2012-03-26 19:00:00,267.16602
2012-03-26 20:00:00,250.51251
2012-03-26 21:00:00,241.50839
2012-03-26 22:00:00,227.76721
2012-03-26 23:00:00,223.7252
2012-03-27 00:00:00,211.9285
2012-03-27 01:00:00,199.91364
2012-03-27 02:00:00,149.7467
2012-03-27 03:00:00,152.24544
2012-03-27 04:00:00,136.14232
2012-03-27 05:00:00,103.46505
2012-03-27 06:00:00,103.72056
2012-03-27 07:00:00,103.72056
2012-03-27 08:00:00,103.561745
2012-03-27 09:00:00,108.914474
2012-03-27 10:00:00,130.047
2012-03-27 11:00:00,168.11653
2012-03-27 12:00:00,182.02582
2012-03-27 13:00:00,173.88268
2012-03-27 14:00:00,250.48557
2012-03-27 15:00:00,226.70102
2012-03-27 16:00:00,226.70102
2012-03-27 17:00:00,247.60985
2012-03-27 18:00:00,269.2224
2012-03-27 19:00:00,236.35056
2012-03-27 20:00:00,269.2224
2012-03-27 21:00:00,181.20483
2012-03-27 22:00:00,168.04489
2012-03-27 23:00:00,181.73169
2012-03-28 00:00:00,169.96442
2012-03-28 01:00:00,151.84006
2012-03-28 02:00:00,132.92477
2012-03-28 03:00:00,157.07518
2012-03-28 04:00:00,160.06635
2012-03-28 05:00:00,160.06635
2012-03-28 06:00:00,152.83916
2012-03-28 07:00:00,152.3305
2012-03-28 08:00:00,158.75949
2012-03-28 09:00:00,181.3454
2012-03-28 10:00:00,217.35751
2012-03-28 11:00:00,237.09384
2012-03-28 12:00:00,201.7843
2012-03-28 13:00:00,274.2504
2012-03-28 14:00:00,326.927
2012-03-28 15:00:00,253.43686
2012-03-28 16:00:00,254.6065
2012-03-28 17:00:00,276.46222
2012-03-28 18:00:00,276.46222
2012-03-28 19:00:00,292.8924
2012-03-28 20:00:00,287.17017
2012-03-28 21:00:00,242.0044
2012-03-28 22:00:00,186.72548
2012-03-28 23:00:00,156.1806
2012-03-29 00:00:00,180.18536
2012-03-29 01:00:00,205.72763
2012-03-29 02:00:00,352.5825
2012-03-29 03:00:00,336.58826
2012-03-29 04:00:00,277.15393
2012-03-29 05:00:00,228.5752
2012-03-29 06:00:00,154.17253
2012-03-29 07:00:00,182.38321
2012-03-29 08:00:00,198.79697
2012-03-29 09:00:00,207.15173
2012-03-29 10:00:00,201.19838
2012-03-29 11:00:00,227.82713
2012-03-29 12:00:00,244.32724
2012-03-29 13:00:00,204.4118
2012-03-29 14:00:00,236.37129
2012-03-29 15:00:00,264.315
2012-03-29 16:00:00,276.65918
2012-03-29 17:00:00,268.41006
2012-03-29 18:00:00,252.20866
2012-03-29 19:00:00,238.76416
2012-03-29 20:00:00,229.77783
2012-03-29 21:00:00,194.08101
2012-03-29 22:00:00,182.86841
2012-03-29 23:00:00,172.14081
2012-03-30 00:00:00,162.72205
2012-03-30 01:00:00,145.0621
2012-03-30 02:00:00,135.20584
2012-03-30 03:00:00,83.97612
2012-03-30 04:00:00,91.22199
2012-03-30 05:00:00,73.99277
2012-03-30 06:00:00,81.491325
2012-03-30 07:00:00,87.069664
2012-03-30 08:00:00,80.57464
2012-03-30 09:00:00,92.29877
2012-03-30 10:00:00,104.9517
2012-03-30 11:00:00,77.512344
2012-03-30 12:00:00,84.69646
2012-03-30 13:00:00,99.32527
2012-03-30 14:00:00,101.54096
2012-03-30 15:00:00,109.419716
2012-03-30 16:00:00,76.09397
2012-03-30 17:00:00,125.11544
2012-03-30 18:00:00,147.96515
2012-03-30 19:00:00,123.46703
2012-03-30 20:00:00,110.94314
2012-03-30 21:00:00,95.097015
2012-03-30 22:00:00,91.512505
2012-03-30 23:00:00,82.05346
2012-03-31 00:00:00,59.1177
2012-03-31 01:00:00,106.32458
2012-03-31 02:00:00,106.05297
2012-03-31 03:00:00,67.79308
2012-03-31 04:00:00,82.45568
2012-03-31 05:00:00,63.762283
2012-03-31 06:00:00,68.687546
2012-03-31 07:00:00,68.687546
2012-03-31 08:00:00,67.07659
2012-03-31 09:00:00,106.32458
2012-03-31 10:00:00,104.47932
2012-03-31 11:00:00,94.48698
2012-03-31 12:00:00,105.82598
2012-03-31 13:00:00,178.9567
2012-03-31 14:00:00,178.60979
2012-03-31 15:00:00,193.47006
2012-03-31 16:00:00,167.49136
2012-03-31 17:00:00,124.01946
2012-03-31 18:00:00,85.39263
2012-03-31 19:00:00,88.560585
2012-03-31 20:00:00,100.60178
2012-03-31 21:00:00,100.60178
2012-03-31 22:00:00,110.95767
2012-03-31 23:00:00,83.56275
2012-04-20 00:00:00,139.66171
2012-04-20 01:00:00,104.70992
2012-04-20 02:00:00,78.3174
2012-04-20 03:00:00,72.230354
2012-04-20 04:00:00,58.134853
2012-04-20 05:00:00,63.504906
2012-04-20 06:00:00,79.79336
2012-04-20 07:00:00,63.504906
2012-04-20 08:00:00,62.775955
2012-04-20 09:00:00,74.61434
2012-04-20 10:00:00,130.3563
2012-04-20 11:00:00,166.68945
2012-04-20 12:00:00,267.26953
2012-04-20 13:00:00,339.21286
2012-04-20 14:00:00,340.14502
2012-04-20 15:00:00,337.73962
2012-04-20 16:00:00,352.38437
2012-04-20 17:00:00,327.3843
2012-04-20 18:00:00,314.78857
2012-04-20 19:00:00,310.7024
2012-04-20 20:00:00,249.95438
2012-04-20 21:00:00,168.31656
2012-04-20 22:00:00,194.90186
2012-04-20 23:00:00,136.82849
2012-04-21 00:00:00,107.1812
2012-04-21 01:00:00,107.1812
2012-04-21 02:00:00,96.2543
2012-04-21 03:00:00,83.2659
2012-04-21 04:00:00,86.78895
2012-04-21 05:00:00,86.78895
2012-04-21 06:00:00,83.26589
2012-04-21 07:00:00,90.45486
2012-04-21 08:00:00,95.95504
2012-04-21 09:00:00,107.36586
2012-04-21 10:00:00,266.12146
2012-04-21 11:00:00,290.0633
2012-04-21 12:00:00,322.51398
2012-04-21 13:00:00,354.45633
2012-04-21 14:00:00,450.03992
2012-04-21 15:00:00,512.3833
2012-04-21 16:00:00,449.2853
2012-04-21 17:00:00,456.57257
2012-04-21 18:00:00,312.71024
2012-04-21 19:00:00,142.40987
2012-04-21 20:00:00,132.60342
2012-04-21 21:00:00,116.73776
2012-04-21 22:00:00,87.47459
2012-04-21 23:00:00,113.68366
2012-04-22 00:00:00,117.62456
2012-04-22 01:00:00,105.82122
2012-04-22 02:00:00,119.480064
2012-04-22 03:00:00,109.30729
2012-04-22 04:00:00,116.68819
2012-04-22 05:00:00,117.753
2012-04-22 06:00:00,113.60942
2012-04-22 07:00:00,88.203606
2012-04-22 08:00:00,99.63883
2012-04-22 09:00:00,99.63883
2012-04-22 10:00:00,78.86484
2012-04-22 11:00:00,77.89223
2012-04-22 12:00:00,73.61091
2012-04-22 13:00:00,76.3158
2012-04-22 14:00:00,73.61091
2012-04-22 15:00:00,69.21137
2012-04-22 16:00:00,64.59168
2012-04-22 17:00:00,52.69815
2012-04-22 18:00:00,52.69815
2012-04-22 19:00:00,51.014725
2012-04-22 20:00:00,55.747143
2012-04-22 21:00:00,61.160194
2012-04-22 22:00:00,47.357048
2012-04-22 23:00:00,57.692196
2012-04-23 00:00:00,49.44339
2012-04-23 01:00:00,44.10436
2012-04-23 02:00:00,52.71106
2012-04-23 03:00:00,71.00706
2012-04-23 04:00:00,51.071793
2012-04-23 05:00:00,51.071793
2012-04-23 06:00:00,68.55782
2012-04-23 07:00:00,56.75277
2012-04-23 08:00:00,78.33727
2012-04-23 09:00:00,73.29792
2012-04-23 10:00:00,89.85458
2012-04-23 11:00:00,89.39706
2012-04-23 12:00:00,55.110138
2012-04-23 13:00:00,58.367455
2012-04-23 14:00:00,62.353706
2012-04-23 15:00:00,106.27101
2012-04-23 16:00:00,46.24395
2012-04-23 17:00:00,46.733532
2012-04-23 18:00:00,75.44056
2012-04-23 19:00:00,96.391846
2012-04-23 20:00:00,93.572426
2012-04-23 21:00:00,84.58346
2012-04-23 22:00:00,83.617195
2012-04-23 23:00:00,79.43073
2012-04-24 00:00:00,92.613945
2012-04-24 01:00:00,81.901955
2012-04-24 02:00:00,79.62772
2012-04-24 03:00:00,84.43056
2012-04-24 04:00:00,79.730515
2012-04-24 05:00:00,79.730515
2012-04-24 06:00:00,85.40266
2012-04-24 07:00:00,96.98634
2012-04-24 08:00:00,104.357
2012-04-24 09:00:00,164.72021
2012-04-24 10:00:00,172.14081
2012-04-24 11:00:00,260.5897
2012-04-24 12:00:00,278.15082
2012-04-24 13:00:00,286.49463
2012-04-24 14:00:00,297.45776
2012-04-24 15:00:00,302.48883
2012-04-24 16:00:00,304.14526
2012-04-24 17:00:00,315.9348
2012-04-24 18:00:00,273.2152
2012-04-24 19:00:00,319.26584
2012-04-24 20:00:00,302.9392
2012-04-24 21:00:00,152.71402
2012-04-24 22:00:00,214.01318
2012-04-24 23:00:00,179.34253
2012-04-25 00:00:00,173.1572
2012-04-25 01:00:00,150.0323
2012-04-25 02:00:00,84.32241
2012-04-25 03:00:00,75.03053
2012-04-25 04:00:00,78.55584
2012-04-25 05:00:00,74.41377
2012-04-25 06:00:00,74.41377
2012-04-25 07:00:00,74.97657
2012-04-25 08:00:00,88.80885
2012-04-25 09:00:00,121.559944
2012-04-25 10:00:00,239.6458
2012-04-25 11:00:00,283.6031
2012-04-25 12:00:00,313.51807
2012-04-25 13:00:00,330.21677
2012-04-25 14:00:00,337.28363
2012-04-25 15:00:00,360.5391
2012-04-25 16:00:00,369.8894
2012-04-25 17:00:00,372.2411
2012-04-25 18:00:00,372.43695
2012-04-25 19:00:00,377.03586
2012-04-25 20:00:00,327.3472
2012-04-25 21:00:00,201.48775
2012-04-25 22:00:00,174.1742
2012-04-25 23:00:00,142.95103
2012-04-26 00:00:00,147.02011
2012-04-26 01:00:00,131.16084
2012-04-26 02:00:00,139.10562
2012-04-26 03:00:00,137.45517
2012-04-26 04:00:00,143.40768
2012-04-26 05:00:00,152.23013
2012-04-26 06:00:00,147.71826
2012-04-26 07:00:00,78.007095
2012-04-26 08:00:00,105.304436
2012-04-26 09:00:00,99.900734
2012-04-26 10:00:00,117.370026
2012-04-26 11:00:00,123.32859
2012-04-26 12:00:00,150.8742
2012-04-26 13:00:00,150.31342
2012-04-26 14:00:00,181.41656
2012-04-26 15:00:00,144.9353
2012-04-26 16:00:00,167.6087
2012-04-26 17:00:00,135.16656
2012-04-26 18:00:00,181.41656
2012-04-26 19:00:00,186.37335
2012-04-26 20:00:00,143.37921
2012-04-26 21:00:00,120.0071
2012-04-26 22:00:00,107.68293
2012-04-26 23:00:00,84.350845
2012-04-27 00:00:00,188.19354
2012-04-27 01:00:00,191.40953
2012-04-27 02:00:00,176.58069
2012-04-27 03:00:00,195.453
2012-04-27 04:00:00,183.73589
2012-04-27 05:00:00,183.54657
2012-04-27 06:00:00,177.04758
2012-04-27 07:00:00,145.0621
2012-04-27 08:00:00,116.2725
2012-04-27 09:00:00,194.00198
2012-04-27 10:00:00,217.5119
2012-04-27 11:00:00,217.01782
2012-04-27 12:00:00,237.60019
2012-04-27 13:00:00,251.0987
2012-04-27 14:00:00,252.67854
2012-04-27 15:00:00,299.63715
2012-04-27 16:00:00,299.4019
2012-04-27 17:00:00,319.73312
2012-04-27 18:00:00,308.6985
2012-04-27 19:00:00,291.64288
2012-04-27 20:00:00,262.95645
2012-04-27 21:00:00,240.85056
2012-04-27 22:00:00,207.83707
2012-04-27 23:00:00,188.4776
2012-04-28 00:00:00,143.44481
2012-04-28 01:00:00,118.64451
2012-04-28 02:00:00,125.63334
2012-04-28 03:00:00,103.394295
2012-04-28 04:00:00,98.91114
2012-04-28 05:00:00,102.30193
2012-04-28 06:00:00,104.65597
2012-04-28 07:00:00,98.91114
2012-04-28 08:00:00,148.01657
2012-04-28 09:00:00,138.95041
2012-04-28 10:00:00,131.98856
2012-04-28 11:00:00,128.41763
2012-04-28 12:00:00,125.257126
2012-04-28 13:00:00,156.05954
2012-04-28 14:00:00,175.69943
2012-04-28 15:00:00,175.76346
2012-04-28 16:00:00,172.45023
2012-04-28 17:00:00,150.78827
2012-04-28 18:00:00,140.94312
2012-04-28 19:00:00,89.49095
2012-04-28 20:00:00,106.2309
2012-04-28 21:00:00,93.32186
2012-04-28 22:00:00,93.71655
2012-04-28 23:00:00,96.6571
2012-04-29 00:00:00,76.2068
2012-04-29 01:00:00,76.59692
2012-04-29 02:00:00,69.47432
2012-04-29 03:00:00,67.07659
2012-04-29 04:00:00,68.26976
2012-04-29 05:00:00,33.492035
2012-04-29 06:00:00,42.023857
2012-04-29 07:00:00,62.726173
2012-04-29 08:00:00,72.73298
2012-04-29 09:00:00,90.44375
2012-04-29 10:00:00,105.043175
2012-04-29 11:00:00,170.61826
2012-04-29 12:00:00,199.97542
2012-04-29 13:00:00,214.05798
2012-04-29 14:00:00,330.3838
2012-04-29 15:00:00,332.45078
2012-04-29 16:00:00,471.78906
2012-04-29 17:00:00,472.95868
2012-04-29 18:00:00,463.6388
2012-04-29 19:00:00,342.99496
2012-04-29 20:00:00,358.88342
2012-04-29 21:00:00,224.22784
2012-04-29 22:00:00,221.70622
2012-04-29 23:00:00,144.60217
2012-04-30 00:00:00,119.84454
2012-04-30 01:00:00,114.27961
2012-04-30 02:00:00,111.9157
2012-04-30 03:00:00,103.67385
2012-04-30 04:00:00,118.21005
2012-04-30 05:00:00,118.21005
2012-04-30 06:00:00,165.08612
2012-04-30 07:00:00,154.93092
2012-04-30 08:00:00,177.5771
2012-04-30 09:00:00,119.67104
2012-04-30 10:00:00,123.8628
2012-04-30 11:00:00,120.41073
2012-04-30 12:00:00,128.3243
2012-04-30 13:00:00,132.74423
2012-04-30 14:00:00,154.68233
2012-04-30 15:00:00,161.65945
2012-04-30 16:00:00,223.53072
2012-04-30 17:00:00,217.0475
2012-04-30 18:00:00,207.56482
2012-04-30 19:00:00,185.85014
2012-04-30 20:00:00,179.24362
2012-04-30 21:00:00,179.24362
2012-04-30 22:00:00,175.73102
2012-04-30 23:00:00,172.45505
2012-05-20 00:00:00,251.84543
2012-05-20 01:00:00,227.75679
2012-05-20 02:00:00,227.75679
2012-05-20 03:00:00,191.22174
2012-05-20 04:00:00,122.083336
2012-05-20 05:00:00,101.93603
2012-05-20 06:00:00,147.00287
2012-05-20 07:00:00,146.91823
2012-05-20 08:00:00,227.10007
2012-05-20 09:00:00,472.71826
2012-05-20 10:00:00,485.3896
2012-05-20 11:00:00,460.87726
2012-05-20 12:00:00,478.8172
2012-05-20 13:00:00,500.77557
2012-05-20 14:00:00,461.39728
2012-05-20 15:00:00,391.858
2012-05-20 16:00:00,453.8688
2012-05-20 17:00:00,448.13458
2012-05-20 18:00:00,399.73505
2012-05-20 19:00:00,292.03717
2012-05-20 20:00:00,292.03717
2012-05-20 21:00:00,245.16434
2012-05-20 22:00:00,224.8747
2012-05-20 23:00:00,201.33717
2012-05-21 00:00:00,131.7201
2012-05-21 01:00:00,134.4686
2012-05-21 02:00:00,118.46364
2012-05-21 03:00:00,183.15543
2012-05-21 04:00:00,123.42191
2012-05-21 05:00:00,123.42191
2012-05-21 06:00:00,123.42191
2012-05-21 07:00:00,123.42191
2012-05-21 08:00:00,124.07319
2012-05-21 09:00:00,125.574165
2012-05-21 10:00:00,131.60475
2012-05-21 11:00:00,188.04256
2012-05-21 12:00:00,215.53334
2012-05-21 13:00:00,148.10008
2012-05-21 14:00:00,148.79596
2012-05-21 15:00:00,253.73074
2012-05-21 16:00:00,254.54163
2012-05-21 17:00:00,268.46243
2012-05-21 18:00:00,161.70227
2012-05-21 19:00:00,185.70882
2012-05-21 20:00:00,208.10168
2012-05-21 21:00:00,176.61804
2012-05-21 22:00:00,228.5767
2012-05-21 23:00:00,234.54858
2012-05-22 00:00:00,165.94975
2012-05-22 01:00:00,173.02255
2012-05-22 02:00:00,170.80948
2012-05-22 03:00:00,170.80948
2012-05-22 04:00:00,160.02148
2012-05-22 05:00:00,127.559685
2012-05-22 06:00:00,119.63282
2012-05-22 07:00:00,119.63282
2012-05-22 08:00:00,157.26859
2012-05-22 09:00:00,177.98026
2012-05-22 10:00:00,186.3554
2012-05-22 11:00:00,174.96185
2012-05-22 12:00:00,196.89502
2012-05-22 13:00:00,195.22551
2012-05-22 14:00:00,220.50293
2012-05-22 15:00:00,242.2346
2012-05-22 16:00:00,255.43787
2012-05-22 17:00:00,216.92291
2012-05-22 18:00:00,275.0526
2012-05-22 19:00:00,266.19165
2012-05-22 20:00:00,247.50323
2012-05-22 21:00:00,140.16438
2012-05-22 22:00:00,148.33992
2012-05-22 23:00:00,156.58072
2012-05-23 00:00:00,140.16438
2012-05-23 01:00:00,117.170364
2012-05-23 02:00:00,188.04256
2012-05-23 03:00:00,121.37934
2012-05-23 04:00:00,139.90363
2012-05-23 05:00:00,124.07319
2012-05-23 06:00:00,81.87713
2012-05-23 07:00:00,95.15749
2012-05-23 08:00:00,95.15749
2012-05-23 09:00:00,182.12338
2012-05-23 10:00:00,122.2051
2012-05-23 11:00:00,128.25229
2012-05-23 12:00:00,236.83543
2012-05-23 13:00:00,251.22623
2012-05-23 14:00:00,245.50986
2012-05-23 15:00:00,261.3958
2012-05-23 16:00:00,270.30536
2012-05-23 17:00:00,196.02551
2012-05-23 18:00:00,196.02551
2012-05-23 19:00:00,199.98029
2012-05-23 20:00:00,184.40285
2012-05-23 21:00:00,175.889
2012-05-23 22:00:00,199.98029
2012-05-23 23:00:00,108.62
2012-05-24 00:00:00,100.54722
2012-05-24 01:00:00,87.12893
2012-05-24 02:00:00,88.73269
2012-05-24 03:00:00,168.96054
2012-05-24 04:00:00,175.62622
2012-05-24 05:00:00,175.62622
2012-05-24 06:00:00,175.62622
2012-05-24 07:00:00,102.8485
2012-05-24 08:00:00,174.80066
2012-05-24 09:00:00,191.58694
2012-05-24 10:00:00,231.31516
2012-05-24 11:00:00,239.79791
2012-05-24 12:00:00,263.9505
2012-05-24 13:00:00,320.16815
2012-05-24 14:00:00,349.5263
2012-05-24 15:00:00,351.20654
2012-05-24 16:00:00,351.4544
2012-05-24 17:00:00,354.1219
2012-05-24 18:00:00,348.14206
2012-05-24 19:00:00,333.8705
2012-05-24 20:00:00,263.05026
2012-05-24 21:00:00,179.4876
2012-05-24 22:00:00,204.25456
2012-05-24 23:00:00,213.80467
2012-05-25 00:00:00,113.814415
2012-05-25 01:00:00,104.71632
2012-05-25 02:00:00,175.889
2012-05-25 03:00:00,175.34213
2012-05-25 04:00:00,169.69778
2012-05-25 05:00:00,174.67755
2012-05-25 06:00:00,175.34213
2012-05-25 07:00:00,184.80591
2012-05-25 08:00:00,171.83316
2012-05-25 09:00:00,176.30554
2012-05-25 10:00:00,182.46216
2012-05-25 11:00:00,166.0785
2012-05-25 12:00:00,239.92249
2012-05-25 13:00:00,266.5489
2012-05-25 14:00:00,278.00848
2012-05-25 15:00:00,310.3584
2012-05-25 16:00:00,345.69153
2012-05-25 17:00:00,338.42255
2012-05-25 18:00:00,310.3584
2012-05-25 19:00:00,334.7874
2012-05-25 20:00:00,269.76312
2012-05-25 21:00:00,251.36267
2012-05-25 22:00:00,166.44257
2012-05-25 23:00:00,212.46082
2012-05-26 00:00:00,105.99907
2012-05-26 01:00:00,100.68894
2012-05-26 02:00:00,81.04919
2012-05-26 03:00:00,77.55012
2012-05-26 04:00:00,81.18276
2012-05-26 05:00:00,125.461555
2012-05-26 06:00:00,89.10344
2012-05-26 07:00:00,117.77105
2012-05-26 08:00:00,121.91291
2012-05-26 09:00:00,110.97686
2012-05-26 10:00:00,156.1859
2012-05-26 11:00:00,183.17204
2012-05-26 12:00:00,282.01733
2012-05-26 13:00:00,276.92593
2012-05-26 14:00:00,291.03143
2012-05-26 15:00:00,328.5037
2012-05-26 16:00:00,416.3899
2012-05-26 17:00:00,408.84467
2012-05-26 18:00:00,388.88348
2012-05-26 19:00:00,305.75146
2012-05-26 20:00:00,359.64572
2012-05-26 21:00:00,311.86554
2012-05-26 22:00:00,225.89107
2012-05-26 23:00:00,225.89107
2012-05-27 00:00:00,228.06473
2012-05-27 01:00:00,193.74101
2012-05-27 02:00:00,193.15546
2012-05-27 03:00:00,164.03085
2012-05-27 04:00:00,108.96015
2012-05-27 05:00:00,108.96015
2012-05-27 06:00:00,103.97303
2012-05-27 07:00:00,84.84745
2012-05-27 08:00:00,110.97686
2012-05-27 09:00:00,125.36452
2012-05-27 10:00:00,219.03314
2012-05-27 11:00:00,278.11322
2012-05-27 12:00:00,299.02594
2012-05-27 13:00:00,352.3688
2012-05-27 14:00:00,383.26526
2012-05-27 15:00:00,451.83612
2012-05-27 16:00:00,451.83612
2012-05-27 17:00:00,472.8757
2012-05-27 18:00:00,401.66675
2012-05-27 19:00:00,352.3688
2012-05-27 20:00:00,359.524
2012-05-27 21:00:00,243.52417
2012-05-27 22:00:00,165.57854
2012-05-27 23:00:00,182.18207
2012-05-28 00:00:00,119.93968
2012-05-28 01:00:00,207.80338
2012-05-28 02:00:00,114.15455
2012-05-28 03:00:00,129.11804
2012-05-28 04:00:00,101.45194
2012-05-28 05:00:00,101.45194
2012-05-28 06:00:00,129.11804
2012-05-28 07:00:00,101.32682
2012-05-28 08:00:00,126.691246
2012-05-28 09:00:00,196.00972
2012-05-28 10:00:00,196.00972
2012-05-28 11:00:00,231.55228
2012-05-28 12:00:00,297.4889
2012-05-28 13:00:00,406.6546
2012-05-28 14:00:00,406.6546
2012-05-28 15:00:00,452.3095
2012-05-28 16:00:00,447.70114
2012-05-28 17:00:00,452.3095
2012-05-28 18:00:00,416.19415
2012-05-28 19:00:00,428.0891
2012-05-28 20:00:00,371.53876
2012-05-28 21:00:00,333.37018
2012-05-28 22:00:00,238.83426
2012-05-28 23:00:00,204.18015
2012-05-29 00:00:00,218.8562
2012-05-29 01:00:00,218.8562
2012-05-29 02:00:00,146.99057
2012-05-29 03:00:00,254.68726
2012-05-29 04:00:00,212.46082
2012-05-29 05:00:00,212.46082
2012-05-29 06:00:00,212.46082
2012-05-29 07:00:00,212.46082
2012-05-29 08:00:00,241.2108
2012-05-29 09:00:00,309.4225
2012-05-29 10:00:00,326.07867
2012-05-29 11:00:00,340.01984
2012-05-29 12:00:00,346.61127
2012-05-29 13:00:00,356.52435
2012-05-29 14:00:00,361.47382
2012-05-29 15:00:00,358.15918
2012-05-29 16:00:00,376.83063
2012-05-29 17:00:00,364.18384
2012-05-29 18:00:00,371.58038
2012-05-29 19:00:00,359.86096
2012-05-29 20:00:00,226.80353
2012-05-29 21:00:00,140.55292
2012-05-29 22:00:00,174.67755
2012-05-29 23:00:00,123.904945
2012-05-30 00:00:00,143.32642
2012-05-30 01:00:00,156.19748
2012-05-30 02:00:00,125.477615
2012-05-30 03:00:00,138.66788
2012-05-30 04:00:00,178.07976
2012-05-30 05:00:00,205.54376
2012-05-30 06:00:00,187.57306
2012-05-30 07:00:00,157.90717
2012-05-30 08:00:00,220.87549
2012-05-30 09:00:00,256.44516
2012-05-30 10:00:00,250.0852
2012-05-30 11:00:00,283.8764
2012-05-30 12:00:00,221.30737
2012-05-30 13:00:00,234.4867
2012-05-30 14:00:00,344.72296
2012-05-30 15:00:00,309.6397
2012-05-30 16:00:00,330.77295
2012-05-30 17:00:00,288.66467
2012-05-30 18:00:00,338.30893
2012-05-30 19:00:00,320.16815
2012-05-30 20:00:00,183.88434
2012-05-30 21:00:00,272.4113
2012-05-30 22:00:00,194.08673
2012-05-30 23:00:00,220.85675
2012-05-31 00:00:00,208.10168
2012-05-31 01:00:00,181.27074
2012-05-31 02:00:00,207.2356
2012-05-31 03:00:00,176.61804
2012-05-31 04:00:00,144.26344
2012-05-31 05:00:00,254.29831
2012-05-31 06:00:00,217.61047
2012-05-31 07:00:00,257.0172
2012-05-31 08:00:00,299.05627
2012-05-31 09:00:00,338.1255
2012-05-31 10:00:00,347.90454
2012-05-31 11:00:00,374.50342
2012-05-31 12:00:00,389.51508
2012-05-31 13:00:00,368.61368
2012-05-31 14:00:00,397.77338
2012-05-31 15:00:00,389.0678
2012-05-31 16:00:00,392.39154
2012-05-31 17:00:00,394.67847
2012-05-31 18:00:00,406.969
2012-05-31 19:00:00,395.9106
2012-05-31 20:00:00,355.98486
2012-05-31 21:00:00,355.98486
2012-05-31 22:00:00,328.44366
2012-05-31 23:00:00,329.7893
2012-06-20 00:00:00,218.8562
2012-06-20 01:00:00,201.95444
2012-06-20 02:00:00,148.50278
2012-06-20 03:00:00,132.1886
2012-06-20 04:00:00,114.40469
2012-06-20 05:00:00,114.40469
2012-06-20 06:00:00,171.0897
2012-06-20 07:00:00,170.72594
2012-06-20 08:00:00,225.15224
2012-06-20 09:00:00,251.7722
2012-06-20 10:00:00,288.28424
2012-06-20 11:00:00,328.11206
2012-06-20 12:00:00,307.65317
2012-06-20 13:00:00,271.7833
2012-06-20 14:00:00,314.0645
2012-06-20 15:00:00,264.29214
2012-06-20 16:00:00,282.57147
2012-06-20 17:00:00,258.99078
2012-06-20 18:00:00,258.99078
2012-06-20 19:00:00,328.92865
2012-06-20 20:00:00,330.51483
2012-06-20 21:00:00,265.8967
2012-06-20 22:00:00,273.10028
2012-06-20 23:00:00,257.19254
2012-06-21 00:00:00,187.63504
2012-06-21 01:00:00,163.00522
2012-06-21 02:00:00,145.89764
2012-06-21 03:00:00,140.17014
2012-06-21 04:00:00,104.3088
2012-06-21 05:00:00,107.837555
2012-06-21 06:00:00,189.64874
2012-06-21 07:00:00,189.64874
2012-06-21 08:00:00,152.94534
2012-06-21 09:00:00,296.00232
2012-06-21 10:00:00,263.411
2012-06-21 11:00:00,295.7162
2012-06-21 12:00:00,324.93765
2012-06-21 13:00:00,284.034
2012-06-21 14:00:00,317.81268
2012-06-21 15:00:00,337.69836
2012-06-21 16:00:00,318.17035
2012-06-21 17:00:00,271.0985
2012-06-21 18:00:00,312.7331
2012-06-21 19:00:00,308.85187
2012-06-21 20:00:00,311.89374
2012-06-21 21:00:00,300.53265
2012-06-21 22:00:00,276.7453
2012-06-21 23:00:00,228.78923
2012-06-22 00:00:00,282.57196
2012-06-22 01:00:00,243.71762
2012-06-22 02:00:00,127.17985
2012-06-22 03:00:00,127.17985
2012-06-22 04:00:00,302.43073
2012-06-22 05:00:00,289.56183
2012-06-22 06:00:00,293.18567
2012-06-22 07:00:00,262.5871
2012-06-22 08:00:00,252.49252
2012-06-22 09:00:00,307.50085
2012-06-22 10:00:00,307.15662
2012-06-22 11:00:00,285.03714
2012-06-22 12:00:00,276.94135
2012-06-22 13:00:00,308.85187
2012-06-22 14:00:00,308.85187
2012-06-22 15:00:00,296.15668
2012-06-22 16:00:00,317.4281
2012-06-22 17:00:00,362.7119
2012-06-22 18:00:00,317.792
2012-06-22 19:00:00,249.41032
2012-06-22 20:00:00,249.41032
2012-06-22 21:00:00,270.17316
2012-06-22 22:00:00,181.74031
2012-06-22 23:00:00,201.76614
2012-06-23 00:00:00,58.229237
2012-06-23 01:00:00,80.37052
2012-06-23 02:00:00,106.47683
2012-06-23 03:00:00,107.035446
2012-06-23 04:00:00,106.674446
2012-06-23 05:00:00,106.47683
2012-06-23 06:00:00,52.4369
2012-06-23 07:00:00,60.397713
2012-06-23 08:00:00,156.17392
2012-06-23 09:00:00,222.68182
2012-06-23 10:00:00,281.58905
2012-06-23 11:00:00,366.41702
2012-06-23 12:00:00,371.24304
2012-06-23 13:00:00,421.8232
2012-06-23 14:00:00,514.7362
2012-06-23 15:00:00,478.32605
2012-06-23 16:00:00,518.3494
2012-06-23 17:00:00,527.64685
2012-06-23 18:00:00,528.93506
2012-06-23 19:00:00,512.953
2012-06-23 20:00:00,496.34314
2012-06-23 21:00:00,456.0822
2012-06-23 22:00:00,422.97986
2012-06-23 23:00:00,363.6343
2012-06-24 00:00:00,290.21545
2012-06-24 01:00:00,288.40225
2012-06-24 02:00:00,365.90344
2012-06-24 03:00:00,214.5537
2012-06-24 04:00:00,263.30618
2012-06-24 05:00:00,109.54583
2012-06-24 06:00:00,144.32861
2012-06-24 07:00:00,112.591286
2012-06-24 08:00:00,224.72647
2012-06-24 09:00:00,295.9047
2012-06-24 10:00:00,359.26556
2012-06-24 11:00:00,381.79022
2012-06-24 12:00:00,477.67816
2012-06-24 13:00:00,494.9141
2012-06-24 14:00:00,477.18625
2012-06-24 15:00:00,463.68414
2012-06-24 16:00:00,475.6867
2012-06-24 17:00:00,462.26675
2012-06-24 18:00:00,459.082
2012-06-24 19:00:00,451.59448
2012-06-24 20:00:00,403.3485
2012-06-24 21:00:00,307.31155
2012-06-24 22:00:00,243.40741
2012-06-24 23:00:00,222.14204
2012-06-25 00:00:00,305.82297
2012-06-25 01:00:00,281.11356
2012-06-25 02:00:00,251.21935
2012-06-25 03:00:00,257.02844
2012-06-25 04:00:00,187.38295
2012-06-25 05:00:00,153.67879
2012-06-25 06:00:00,111.90592
2012-06-25 07:00:00,192.16176
2012-06-25 08:00:00,202.18655
2012-06-25 09:00:00,259.93948
2012-06-25 10:00:00,269.22296
2012-06-25 11:00:00,289.19324
2012-06-25 12:00:00,299.4823
2012-06-25 13:00:00,292.03638
2012-06-25 14:00:00,298.08722
2012-06-25 15:00:00,311.2811
2012-06-25 16:00:00,302.92755
2012-06-25 17:00:00,358.6424
2012-06-25 18:00:00,366.56146
2012-06-25 19:00:00,384.0191
2012-06-25 20:00:00,371.5274
2012-06-25 21:00:00,396.86517
2012-06-25 22:00:00,396.2224
2012-06-25 23:00:00,380.53302
2012-06-26 00:00:00,376.1567
2012-06-26 01:00:00,351.60388
2012-06-26 02:00:00,310.2426
2012-06-26 03:00:00,288.58307
2012-06-26 04:00:00,286.8512
2012-06-26 05:00:00,246.81558
2012-06-26 06:00:00,232.18292
2012-06-26 07:00:00,228.31181
2012-06-26 08:00:00,276.58386
2012-06-26 09:00:00,299.29053
2012-06-26 10:00:00,336.69922
2012-06-26 11:00:00,357.91016
2012-06-26 12:00:00,368.27728
2012-06-26 13:00:00,378.07153
2012-06-26 14:00:00,378.07153
2012-06-26 15:00:00,380.22177
2012-06-26 16:00:00,396.089
2012-06-26 17:00:00,384.2486
2012-06-26 18:00:00,385.43335
2012-06-26 19:00:00,398.54044
2012-06-26 20:00:00,392.29245
2012-06-26 21:00:00,382.9389
2012-06-26 22:00:00,383.1593
2012-06-26 23:00:00,336.73907
2012-06-27 00:00:00,356.37857
2012-06-27 01:00:00,338.32535
2012-06-27 02:00:00,284.934
2012-06-27 03:00:00,299.10327
2012-06-27 04:00:00,348.8614
2012-06-27 05:00:00,332.9663
2012-06-27 06:00:00,313.93195
2012-06-27 07:00:00,326.20325
2012-06-27 08:00:00,330.04037
2012-06-27 09:00:00,339.69635
2012-06-27 10:00:00,349.28943
2012-06-27 11:00:00,361.79446
2012-06-27 12:00:00,354.2142
2012-06-27 13:00:00,329.29828
2012-06-27 14:00:00,351.7663
2012-06-27 15:00:00,341.09998
2012-06-27 16:00:00,339.07532
2012-06-27 17:00:00,332.36206
2012-06-27 18:00:00,329.29828
2012-06-27 19:00:00,332.4901
2012-06-27 20:00:00,354.65308
2012-06-27 21:00:00,333.09912
2012-06-27 22:00:00,296.44592
2012-06-27 23:00:00,281.79456
2012-06-28 00:00:00,259.25995
2012-06-28 01:00:00,217.51636
2012-06-28 02:00:00,253.07965
2012-06-28 03:00:00,253.07965
2012-06-28 04:00:00,201.34343
2012-06-28 05:00:00,220.21341
2012-06-28 06:00:00,220.21341
2012-06-28 07:00:00,201.34343
2012-06-28 08:00:00,272.76318
2012-06-28 09:00:00,272.27017
2012-06-28 10:00:00,305.49042
2012-06-28 11:00:00,336.07684
2012-06-28 12:00:00,318.2007
2012-06-28 13:00:00,326.47122
2012-06-28 14:00:00,305.5261
2012-06-28 15:00:00,305.5261
2012-06-28 16:00:00,345.94714
2012-06-28 17:00:00,348.68774
2012-06-28 18:00:00,332.80936
2012-06-28 19:00:00,300.75366
2012-06-28 20:00:00,321.3594
2012-06-28 21:00:00,286.36703
2012-06-28 22:00:00,274.48157
2012-06-28 23:00:00,274.8023
2012-06-29 00:00:00,274.8023
2012-06-29 01:00:00,279.21405
2012-06-29 02:00:00,277.63754
2012-06-29 03:00:00,277.63754
2012-06-29 04:00:00,239.90465
2012-06-29 05:00:00,219.86458
2012-06-29 06:00:00,310.44812
2012-06-29 07:00:00,219.86458
2012-06-29 08:00:00,311.68936
2012-06-29 09:00:00,269.22296
2012-06-29 10:00:00,307.4839
2012-06-29 11:00:00,316.35315
2012-06-29 12:00:00,333.67166
2012-06-29 13:00:00,336.06915
2012-06-29 14:00:00,340.89172
2012-06-29 15:00:00,296.3428
2012-06-29 16:00:00,296.3428
2012-06-29 17:00:00,349.94165
2012-06-29 18:00:00,303.7439
2012-06-29 19:00:00,335.52982
2012-06-29 20:00:00,331.58765
2012-06-29 21:00:00,330.08963
2012-06-29 22:00:00,389.8632
2012-06-29 23:00:00,389.8632
2012-06-30 00:00:00,150.9609
2012-06-30 01:00:00,157.94604
2012-06-30 02:00:00,108.39318
2012-06-30 03:00:00,108.39318
2012-06-30 04:00:00,86.91414
2012-06-30 05:00:00,48.61277
2012-06-30 06:00:00,48.61277
2012-06-30 07:00:00,48.61277
2012-06-30 08:00:00,48.61277
2012-06-30 09:00:00,48.61277
2012-06-30 10:00:00,443.24966
2012-06-30 11:00:00,443.24966
2012-06-30 12:00:00,443.24966
2012-06-30 13:00:00,443.24966
2012-06-30 14:00:00,443.24966
2012-06-30 15:00:00,443.24966
2012-06-30 16:00:00,395.64905
2012-06-30 17:00:00,369.47864
2012-06-30 18:00:00,334.2424
2012-06-30 19:00:00,398.1515
2012-06-30 20:00:00,326.45795
2012-06-30 21:00:00,326.45795
2012-06-30 22:00:00,251.1582
2012-06-30 23:00:00,228.34567
2012-07-20 00:00:00,134.7388
2012-07-20 01:00:00,80.544044
2012-07-20 02:00:00,136.6372
2012-07-20 03:00:00,136.79114
2012-07-20 04:00:00,143.0421
2012-07-20 05:00:00,138.0603
2012-07-20 06:00:00,143.0421
2012-07-20 07:00:00,148.52563
2012-07-20 08:00:00,189.05875
2012-07-20 09:00:00,218.23541
2012-07-20 10:00:00,219.77394
2012-07-20 11:00:00,297.24786
2012-07-20 12:00:00,205.28445
2012-07-20 13:00:00,193.99657
2012-07-20 14:00:00,227.93738
2012-07-20 15:00:00,200.10104
2012-07-20 16:00:00,188.64795
2012-07-20 17:00:00,178.12558
2012-07-20 18:00:00,182.66257
2012-07-20 19:00:00,174.30774
2012-07-20 20:00:00,153.55235
2012-07-20 21:00:00,147.9483
2012-07-20 22:00:00,172.16486
2012-07-20 23:00:00,169.78708
2012-07-21 00:00:00,186.07321
2012-07-21 01:00:00,107.89282
2012-07-21 02:00:00,158.29108
2012-07-21 03:00:00,151.72862
2012-07-21 04:00:00,155.90695
2012-07-21 05:00:00,150.07867
2012-07-21 06:00:00,150.07867
2012-07-21 07:00:00,89.25939
2012-07-21 08:00:00,102.23764
2012-07-21 09:00:00,100.38434
2012-07-21 10:00:00,150.07867
2012-07-21 11:00:00,104.58177
2012-07-21 12:00:00,166.16321
2012-07-21 13:00:00,154.74051
2012-07-21 14:00:00,90.05241
2012-07-21 15:00:00,151.72862
2012-07-21 16:00:00,140.59515
2012-07-21 17:00:00,136.28787
2012-07-21 18:00:00,90.84545
2012-07-21 19:00:00,90.42081
2012-07-21 20:00:00,136.28787
2012-07-21 21:00:00,90.42082
2012-07-21 22:00:00,88.3968
2012-07-21 23:00:00,103.92983
2012-07-22 00:00:00,88.3968
2012-07-22 01:00:00,90.42082
2012-07-22 02:00:00,88.3968
2012-07-22 03:00:00,88.3968
2012-07-22 04:00:00,43.754253
2012-07-22 05:00:00,43.754253
2012-07-22 06:00:00,106.6356
2012-07-22 07:00:00,137.91298
2012-07-22 08:00:00,170.57858
2012-07-22 09:00:00,239.82849
2012-07-22 10:00:00,207.08385
2012-07-22 11:00:00,207.08385
2012-07-22 12:00:00,197.49686
2012-07-22 13:00:00,230.0397
2012-07-22 14:00:00,163.43158
2012-07-22 15:00:00,163.43158
2012-07-22 16:00:00,174.05952
2012-07-22 17:00:00,219.36847
2012-07-22 18:00:00,195.02867
2012-07-22 19:00:00,157.67868
2012-07-22 20:00:00,129.48457
2012-07-22 21:00:00,97.06037
2012-07-22 22:00:00,137.38026
2012-07-22 23:00:00,94.584785
2012-07-23 00:00:00,69.44558
2012-07-23 01:00:00,101.50854
2012-07-23 02:00:00,110.64475
2012-07-23 03:00:00,110.64475
2012-07-23 04:00:00,111.97063
2012-07-23 05:00:00,111.97063
2012-07-23 06:00:00,149.65486
2012-07-23 07:00:00,118.47207
2012-07-23 08:00:00,145.89764
2012-07-23 09:00:00,270.22412
2012-07-23 10:00:00,304.27148
2012-07-23 11:00:00,332.12994
2012-07-23 12:00:00,332.12994
2012-07-23 13:00:00,317.1596
2012-07-23 14:00:00,312.51324
2012-07-23 15:00:00,296.00232
2012-07-23 16:00:00,268.07245
2012-07-23 17:00:00,268.07245
2012-07-23 18:00:00,267.76605
2012-07-23 19:00:00,305.11017
2012-07-23 20:00:00,262.69727
2012-07-23 21:00:00,284.7825
2012-07-23 22:00:00,278.21155
2012-07-23 23:00:00,244.69888
2012-07-24 00:00:00,170.68973
2012-07-24 01:00:00,142.43939
2012-07-24 02:00:00,106.48069
2012-07-24 03:00:00,106.48069
2012-07-24 04:00:00,81.50268
2012-07-24 05:00:00,85.188194
2012-07-24 06:00:00,95.23975
2012-07-24 07:00:00,191.60709
2012-07-24 08:00:00,267.3252
2012-07-24 09:00:00,218.13647
2012-07-24 10:00:00,317.4374
2012-07-24 11:00:00,278.042
2012-07-24 12:00:00,308.07562
2012-07-24 13:00:00,286.66766
2012-07-24 14:00:00,315.06088
2012-07-24 15:00:00,302.19922
2012-07-24 16:00:00,312.63922
2012-07-24 17:00:00,307.25186
2012-07-24 18:00:00,318.3531
2012-07-24 19:00:00,262.69727
2012-07-24 20:00:00,251.08607
2012-07-24 21:00:00,298.28003
2012-07-24 22:00:00,316.3905
2012-07-24 23:00:00,305.53015
2012-07-25 00:00:00,301.48114
2012-07-25 01:00:00,275.4447
2012-07-25 02:00:00,283.99286
2012-07-25 03:00:00,245.55453
2012-07-25 04:00:00,231.61182
2012-07-25 05:00:00,202.34457
2012-07-25 06:00:00,215.79898
2012-07-25 07:00:00,296.97534
2012-07-25 08:00:00,319.06732
2012-07-25 09:00:00,328.10718
2012-07-25 10:00:00,276.89944
2012-07-25 11:00:00,290.41425
2012-07-25 12:00:00,290.41425
2012-07-25 13:00:00,349.0998
2012-07-25 14:00:00,341.61368
2012-07-25 15:00:00,324.38635
2012-07-25 16:00:00,349.69012
2012-07-25 17:00:00,290.7209
2012-07-25 18:00:00,350.1407
2012-07-25 19:00:00,336.7516
2012-07-25 20:00:00,323.51404
2012-07-25 21:00:00,289.89474
2012-07-25 22:00:00,244.47873
2012-07-25 23:00:00,293.568
2012-07-26 00:00:00,227.54404
2012-07-26 01:00:00,245.55453
2012-07-26 02:00:00,238.98761
2012-07-26 03:00:00,221.66347
2012-07-26 04:00:00,172.81403
2012-07-26 05:00:00,172.81403
2012-07-26 06:00:00,187.38295
2012-07-26 07:00:00,251.97601
2012-07-26 08:00:00,236.04724
2012-07-26 09:00:00,280.6562
2012-07-26 10:00:00,289.68167
2012-07-26 11:00:00,318.92062
2012-07-26 12:00:00,320.96173
2012-07-26 13:00:00,318.51508
2012-07-26 14:00:00,329.5168
2012-07-26 15:00:00,326.37646
2012-07-26 16:00:00,315.45648
2012-07-26 17:00:00,320.03314
2012-07-26 18:00:00,315.20288
2012-07-26 19:00:00,316.07263
2012-07-26 20:00:00,316.2575
2012-07-26 21:00:00,341.30945
2012-07-26 22:00:00,341.30945
2012-07-26 23:00:00,210.48251
2012-07-27 00:00:00,151.96397
2012-07-27 01:00:00,190.75912
2012-07-27 02:00:00,142.58987
2012-07-27 03:00:00,191.60712
2012-07-27 04:00:00,106.70866
2012-07-27 05:00:00,91.23956
2012-07-27 06:00:00,106.70866
2012-07-27 07:00:00,251.86633
2012-07-27 08:00:00,202.96667
2012-07-27 09:00:00,302.47083
2012-07-27 10:00:00,232.12561
2012-07-27 11:00:00,302.9767
2012-07-27 12:00:00,310.0102
2012-07-27 13:00:00,302.81567
2012-07-27 14:00:00,307.25003
2012-07-27 15:00:00,305.1989
2012-07-27 16:00:00,305.66992
2012-07-27 17:00:00,298.64752
2012-07-27 18:00:00,292.6628
2012-07-27 19:00:00,300.53265
2012-07-27 20:00:00,231.66617
2012-07-27 21:00:00,231.66617
2012-07-27 22:00:00,247.72571
2012-07-27 23:00:00,164.53787
2012-07-28 00:00:00,205.09637
2012-07-28 01:00:00,140.86737
2012-07-28 02:00:00,148.2041
2012-07-28 03:00:00,148.2041
2012-07-28 04:00:00,117.802956
2012-07-28 05:00:00,94.584785
2012-07-28 06:00:00,128.31421
2012-07-28 07:00:00,149.69647
2012-07-28 08:00:00,195.02867
2012-07-28 09:00:00,250.72733
2012-07-28 10:00:00,362.1458
2012-07-28 11:00:00,398.47388
2012-07-28 12:00:00,389.4605
2012-07-28 13:00:00,411.7987
2012-07-28 14:00:00,412.44952
2012-07-28 15:00:00,435.21146
2012-07-28 16:00:00,394.85455
2012-07-28 17:00:00,359.63104
2012-07-28 18:00:00,414.59015
2012-07-28 19:00:00,75.473656
2012-07-28 20:00:00,83.82295
2012-07-28 21:00:00,77.38752
2012-07-28 22:00:00,77.38752
2012-07-28 23:00:00,60.409485
2012-07-29 00:00:00,48.78649
2012-07-29 01:00:00,60.53887
2012-07-29 02:00:00,98.612656
2012-07-29 03:00:00,145.17358
2012-07-29 04:00:00,126.12945
2012-07-29 05:00:00,80.38801
2012-07-29 06:00:00,100.284355
2012-07-29 07:00:00,158.21329
2012-07-29 08:00:00,197.5877
2012-07-29 09:00:00,251.60074
2012-07-29 10:00:00,203.40643
2012-07-29 11:00:00,307.31155
2012-07-29 12:00:00,344.13873
2012-07-29 13:00:00,368.90894
2012-07-29 14:00:00,358.0365
2012-07-29 15:00:00,332.3626
2012-07-29 16:00:00,332.3626
2012-07-29 17:00:00,354.73956
2012-07-29 18:00:00,434.8635
2012-07-29 19:00:00,278.20172
2012-07-29 20:00:00,174.05952
2012-07-29 21:00:00,149.69647
2012-07-29 22:00:00,128.31421
2012-07-29 23:00:00,134.69327
2012-07-30 00:00:00,142.30818
2012-07-30 01:00:00,129.40196
2012-07-30 02:00:00,119.13085
2012-07-30 03:00:00,75.8562
2012-07-30 04:00:00,75.8562
2012-07-30 05:00:00,85.188194
2012-07-30 06:00:00,106.48069
2012-07-30 07:00:00,118.839485
2012-07-30 08:00:00,263.66638
2012-07-30 09:00:00,288.2962
2012-07-30 10:00:00,288.81888
2012-07-30 11:00:00,315.6753
2012-07-30 12:00:00,304.99182
2012-07-30 13:00:00,285.03714
2012-07-30 14:00:00,299.45288
2012-07-30 15:00:00,299.37354
2012-07-30 16:00:00,298.82837
2012-07-30 17:00:00,304.13138
2012-07-30 18:00:00,319.87585
2012-07-30 19:00:00,282.51276
2012-07-30 20:00:00,274.21985
2012-07-30 21:00:00,251.86633
2012-07-30 22:00:00,251.8789
2012-07-30 23:00:00,213.13403
2012-07-31 00:00:00,123.444725
2012-07-31 01:00:00,95.23975
2012-07-31 02:00:00,95.23976
2012-07-31 03:00:00,81.50267
2012-07-31 04:00:00,81.50268
2012-07-31 05:00:00,106.48069
2012-07-31 06:00:00,81.2836
2012-07-31 07:00:00,161.2807
2012-07-31 08:00:00,142.5899
2012-07-31 09:00:00,190.75912
2012-07-31 10:00:00,161.34189
2012-07-31 11:00:00,187.79712
2012-07-31 12:00:00,226.56625
2012-07-31 13:00:00,311.4578
2012-07-31 14:00:00,311.4578
2012-07-31 15:00:00,240.84872
2012-07-31 16:00:00,307.50085
2012-07-31 17:00:00,301.8565
2012-07-31 18:00:00,305.7656
2012-07-31 19:00:00,300.45148
2012-07-31 20:00:00,277.20892
2012-07-31 21:00:00,161.5052
2012-07-31 22:00:00,228.99341
2012-07-31 23:00:00,179.68797
2012-08-20 00:00:00,137.05333
2012-08-20 01:00:00,78.53946
2012-08-20 02:00:00,78.53946
2012-08-20 03:00:00,57.034626
2012-08-20 04:00:00,131.82895
2012-08-20 05:00:00,119.53773
2012-08-20 06:00:00,171.8158
2012-08-20 07:00:00,185.23666
2012-08-20 08:00:00,198.16956
2012-08-20 09:00:00,207.18811
2012-08-20 10:00:00,223.46518
2012-08-20 11:00:00,187.17734
2012-08-20 12:00:00,273.54037
2012-08-20 13:00:00,244.47873
2012-08-20 14:00:00,269.13742
2012-08-20 15:00:00,295.16183
2012-08-20 16:00:00,295.16183
2012-08-20 17:00:00,295.7471
2012-08-20 18:00:00,193.9988
2012-08-20 19:00:00,201.42271
2012-08-20 20:00:00,169.78708
2012-08-20 21:00:00,63.14232
2012-08-20 22:00:00,119.53773
2012-08-20 23:00:00,119.53773
2012-08-21 00:00:00,131.82895
2012-08-21 01:00:00,148.06729
2012-08-21 02:00:00,147.92477
2012-08-21 03:00:00,49.997
2012-08-21 04:00:00,49.997
2012-08-21 05:00:00,56.433823
2012-08-21 06:00:00,57.147396
2012-08-21 07:00:00,78.86794
2012-08-21 08:00:00,82.22636
2012-08-21 09:00:00,136.4634
2012-08-21 10:00:00,217.07077
2012-08-21 11:00:00,199.60867
2012-08-21 12:00:00,237.1803
2012-08-21 13:00:00,260.4867
2012-08-21 14:00:00,299.5114
2012-08-21 15:00:00,269.49994
2012-08-21 16:00:00,269.49994
2012-08-21 17:00:00,296.50308
2012-08-21 18:00:00,295.31735
2012-08-21 19:00:00,190.57402
2012-08-21 20:00:00,111.13543
2012-08-21 21:00:00,111.13543
2012-08-21 22:00:00,86.05305
2012-08-21 23:00:00,65.97103
2012-08-22 00:00:00,71.37902
2012-08-22 01:00:00,82.78719
2012-08-22 02:00:00,82.78719
2012-08-22 03:00:00,82.78719
2012-08-22 04:00:00,60.797558
2012-08-22 05:00:00,78.03881
2012-08-22 06:00:00,105.76068
2012-08-22 07:00:00,82.78719
2012-08-22 08:00:00,113.16463
2012-08-22 09:00:00,168.1314
2012-08-22 10:00:00,211.90747
2012-08-22 11:00:00,222.58148
2012-08-22 12:00:00,205.94461
2012-08-22 13:00:00,255.77643
2012-08-22 14:00:00,268.30188
2012-08-22 15:00:00,270.69244
2012-08-22 16:00:00,332.04758
2012-08-22 17:00:00,332.04758
2012-08-22 18:00:00,275.6421
2012-08-22 19:00:00,201.76614
2012-08-22 20:00:00,161.2703
2012-08-22 21:00:00,111.13543
2012-08-22 22:00:00,111.13543
2012-08-22 23:00:00,68.47231
2012-08-23 00:00:00,86.05305
2012-08-23 01:00:00,65.97103
2012-08-23 02:00:00,65.97103
2012-08-23 03:00:00,67.92301
2012-08-23 04:00:00,65.97103
2012-08-23 05:00:00,65.97103
2012-08-23 06:00:00,116.09336
2012-08-23 07:00:00,146.46255
2012-08-23 08:00:00,217.15385
2012-08-23 09:00:00,254.34598
2012-08-23 10:00:00,222.87198
2012-08-23 11:00:00,249.00333
2012-08-23 12:00:00,257.77402
2012-08-23 13:00:00,283.4458
2012-08-23 14:00:00,300.26056
2012-08-23 15:00:00,275.9552
2012-08-23 16:00:00,286.0622
2012-08-23 17:00:00,305.86664
2012-08-23 18:00:00,306.12708
2012-08-23 19:00:00,240.73141
2012-08-23 20:00:00,219.86458
2012-08-23 21:00:00,235.88487
2012-08-23 22:00:00,282.3177
2012-08-23 23:00:00,223.09747
2012-08-24 00:00:00,223.09747
2012-08-24 01:00:00,188.29471
2012-08-24 02:00:00,141.40244
2012-08-24 03:00:00,111.13543
2012-08-24 04:00:00,188.29471
2012-08-24 05:00:00,86.05305
2012-08-24 06:00:00,131.5206
2012-08-24 07:00:00,161.79411
2012-08-24 08:00:00,201.76614
2012-08-24 09:00:00,288.61536
2012-08-24 10:00:00,328.42944
2012-08-24 11:00:00,333.1325
2012-08-24 12:00:00,340.53485
2012-08-24 13:00:00,353.88077
2012-08-24 14:00:00,273.90424
2012-08-24 15:00:00,338.47574
2012-08-24 16:00:00,338.47574
2012-08-24 17:00:00,312.9637
2012-08-24 18:00:00,306.41428
2012-08-24 19:00:00,316.01385
2012-08-24 20:00:00,285.51678
2012-08-24 21:00:00,310.44812
2012-08-24 22:00:00,272.13025
2012-08-24 23:00:00,251.91602
2012-08-25 00:00:00,299.82883
2012-08-25 01:00:00,246.67357
2012-08-25 02:00:00,162.72162
2012-08-25 03:00:00,118.73165
2012-08-25 04:00:00,185.43591
2012-08-25 05:00:00,154.7126
2012-08-25 06:00:00,126.75434
2012-08-25 07:00:00,125.84133
2012-08-25 08:00:00,163.89624
2012-08-25 09:00:00,220.16646
2012-08-25 10:00:00,250.41785
2012-08-25 11:00:00,285.50275
2012-08-25 12:00:00,321.35254
2012-08-25 13:00:00,335.42694
2012-08-25 14:00:00,289.72137
2012-08-25 15:00:00,171.08545
2012-08-25 16:00:00,179.44182
2012-08-25 17:00:00,175.3359
2012-08-25 18:00:00,184.16107
2012-08-25 19:00:00,145.42358
2012-08-25 20:00:00,182.9888
2012-08-25 21:00:00,113.859825
2012-08-25 22:00:00,113.859825
2012-08-25 23:00:00,107.89282
2012-08-26 00:00:00,66.45751
2012-08-26 01:00:00,53.411095
2012-08-26 02:00:00,93.91558
2012-08-26 03:00:00,94.47668
2012-08-26 04:00:00,93.41268
2012-08-26 05:00:00,53.411095
2012-08-26 06:00:00,74.71027
2012-08-26 07:00:00,53.411095
2012-08-26 08:00:00,128.91986
2012-08-26 09:00:00,119.703285
2012-08-26 10:00:00,281.91437
2012-08-26 11:00:00,279.25644
2012-08-26 12:00:00,238.20041
2012-08-26 13:00:00,167.97372
2012-08-26 14:00:00,44.841698
2012-08-26 15:00:00,166.63785
2012-08-26 16:00:00,166.63785
2012-08-26 17:00:00,59.40226
2012-08-26 18:00:00,93.694725
2012-08-26 19:00:00,93.046646
2012-08-26 20:00:00,48.61277
2012-08-26 21:00:00,55.633595
2012-08-26 22:00:00,43.5326
2012-08-26 23:00:00,50.896694
2012-08-27 00:00:00,65.97103
2012-08-27 01:00:00,59.584084
2012-08-27 02:00:00,68.41634
2012-08-27 03:00:00,59.584076
2012-08-27 04:00:00,65.97103
2012-08-27 05:00:00,54.92634
2012-08-27 06:00:00,54.92634
2012-08-27 07:00:00,75.8562
2012-08-27 08:00:00,81.50268
2012-08-27 09:00:00,85.188194
2012-08-27 10:00:00,192.37405
2012-08-27 11:00:00,273.3435
2012-08-27 12:00:00,175.1236
2012-08-27 13:00:00,266.02884
2012-08-27 14:00:00,251.01729
2012-08-27 15:00:00,312.63922
2012-08-27 16:00:00,310.5825
2012-08-27 17:00:00,298.82013
2012-08-27 18:00:00,301.46777
2012-08-27 19:00:00,289.68167
2012-08-27 20:00:00,267.3252
2012-08-27 21:00:00,234.26001
2012-08-27 22:00:00,155.47215
2012-08-27 23:00:00,136.95923
2012-08-28 00:00:00,196.99364
2012-08-28 01:00:00,116.53593
2012-08-28 02:00:00,183.52281
2012-08-28 03:00:00,80.544044
2012-08-28 04:00:00,95.23975
2012-08-28 05:00:00,172.40149
2012-08-28 06:00:00,136.79114
2012-08-28 07:00:00,175.22937
2012-08-28 08:00:00,165.28409
2012-08-28 09:00:00,219.77396
2012-08-28 10:00:00,312.7838
2012-08-28 11:00:00,306.94003
2012-08-28 12:00:00,298.82837
2012-08-28 13:00:00,291.2528
2012-08-28 14:00:00,286.1487
2012-08-28 15:00:00,293.2301
2012-08-28 16:00:00,294.94513
2012-08-28 17:00:00,291.96027
2012-08-28 18:00:00,301.70233
2012-08-28 19:00:00,301.13007
2012-08-28 20:00:00,259.35028
2012-08-28 21:00:00,252.26208
2012-08-28 22:00:00,199.60867
2012-08-28 23:00:00,194.9628
2012-08-29 00:00:00,141.40244
2012-08-29 01:00:00,155.49323
2012-08-29 02:00:00,113.74003
2012-08-29 03:00:00,107.16918
2012-08-29 04:00:00,153.07214
2012-08-29 05:00:00,133.74979
2012-08-29 06:00:00,133.74979
2012-08-29 07:00:00,170.2603
2012-08-29 08:00:00,245.89479
2012-08-29 09:00:00,297.07965
2012-08-29 10:00:00,290.04834
2012-08-29 11:00:00,237.1803
2012-08-29 12:00:00,248.77231
2012-08-29 13:00:00,244.83942
2012-08-29 14:00:00,283.24045
2012-08-29 15:00:00,320.7873
2012-08-29 16:00:00,318.44644
2012-08-29 17:00:00,322.53674
2012-08-29 18:00:00,312.08813
2012-08-29 19:00:00,287.18042
2012-08-29 20:00:00,194.9628
2012-08-29 21:00:00,245.30595
2012-08-29 22:00:00,217.51636
2012-08-29 23:00:00,203.21075
2012-08-30 00:00:00,136.4634
2012-08-30 01:00:00,163.85323
2012-08-30 02:00:00,105.76068
2012-08-30 03:00:00,105.76068
2012-08-30 04:00:00,105.76068
2012-08-30 05:00:00,105.76068
2012-08-30 06:00:00,78.53946
2012-08-30 07:00:00,111.13543
2012-08-30 08:00:00,168.60815
2012-08-30 09:00:00,187.415
2012-08-30 10:00:00,197.78314
2012-08-30 11:00:00,283.24045
2012-08-30 12:00:00,281.9007
2012-08-30 13:00:00,255.77643
2012-08-30 14:00:00,270.69244
2012-08-30 15:00:00,290.35474
2012-08-30 16:00:00,297.72772
2012-08-30 17:00:00,312.6148
2012-08-30 18:00:00,303.68982
2012-08-30 19:00:00,270.69244
2012-08-30 20:00:00,262.5871
2012-08-30 21:00:00,222.47063
2012-08-30 22:00:00,149.11722
2012-08-30 23:00:00,151.13461
2012-08-31 00:00:00,122.402794
2012-08-31 01:00:00,122.402794
2012-08-31 02:00:00,80.54404
2012-08-31 03:00:00,72.766396
2012-08-31 04:00:00,73.73196
2012-08-31 05:00:00,81.2836
2012-08-31 06:00:00,138.48578
2012-08-31 07:00:00,129.2044
2012-08-31 08:00:00,247.38666
2012-08-31 09:00:00,152.94534
2012-08-31 10:00:00,213.89694
2012-08-31 11:00:00,301.41486
2012-08-31 12:00:00,317.26917
2012-08-31 13:00:00,294.82367
2012-08-31 14:00:00,325.48065
2012-08-31 15:00:00,296.64847
2012-08-31 16:00:00,310.0402
2012-08-31 17:00:00,330.1113
2012-08-31 18:00:00,299.45435
2012-08-31 19:00:00,270.662
2012-08-31 20:00:00,270.662
2012-08-31 21:00:00,285.4085
2012-08-31 22:00:00,285.4085
2012-08-31 23:00:00,220.56549
2012-09-20 00:00:00,171.99985
2012-09-20 01:00:00,121.539764
2012-09-20 02:00:00,123.01461
2012-09-20 03:00:00,101.88392
2012-09-20 04:00:00,101.0678
2012-09-20 05:00:00,101.0678
2012-09-20 06:00:00,101.88392
2012-09-20 07:00:00,69.419876
2012-09-20 08:00:00,138.7535
2012-09-20 09:00:00,201.45178
2012-09-20 10:00:00,268.92267
2012-09-20 11:00:00,278.53857
2012-09-20 12:00:00,320.04797
2012-09-20 13:00:00,306.1131
2012-09-20 14:00:00,312.2281
2012-09-20 15:00:00,313.15945
2012-09-20 16:00:00,299.28232
2012-09-20 17:00:00,299.10065
2012-09-20 18:00:00,265.84644
2012-09-20 19:00:00,241.39311
2012-09-20 20:00:00,171.37543
2012-09-20 21:00:00,194.46579
2012-09-20 22:00:00,101.28947
2012-09-20 23:00:00,141.18808
2012-09-21 00:00:00,161.19382
2012-09-21 01:00:00,130.47098
2012-09-21 02:00:00,130.47098
2012-09-21 03:00:00,86.15113
2012-09-21 04:00:00,102.37997
2012-09-21 05:00:00,71.15129
2012-09-21 06:00:00,86.15113
2012-09-21 07:00:00,95.98609
2012-09-21 08:00:00,106.86617
2012-09-21 09:00:00,140.79578
2012-09-21 10:00:00,250.1674
2012-09-21 11:00:00,290.79065
2012-09-21 12:00:00,263.13245
2012-09-21 13:00:00,272.27017
2012-09-21 14:00:00,294.0011
2012-09-21 15:00:00,297.82178
2012-09-21 16:00:00,287.18042
2012-09-21 17:00:00,293.04407
2012-09-21 18:00:00,275.22507
2012-09-21 19:00:00,242.32349
2012-09-21 20:00:00,172.72995
2012-09-21 21:00:00,173.9548
2012-09-21 22:00:00,133.74979
2012-09-21 23:00:00,189.676
2012-09-22 00:00:00,121.74169
2012-09-22 01:00:00,74.791245
2012-09-22 02:00:00,45.79526
2012-09-22 03:00:00,65.14467
2012-09-22 04:00:00,65.14467
2012-09-22 05:00:00,78.695305
2012-09-22 06:00:00,69.42808
2012-09-22 07:00:00,79.1266
2012-09-22 08:00:00,127.411125
2012-09-22 09:00:00,149.12514
2012-09-22 10:00:00,233.4249
2012-09-22 11:00:00,292.50616
2012-09-22 12:00:00,342.47928
2012-09-22 13:00:00,373.52005
2012-09-22 14:00:00,401.48627
2012-09-22 15:00:00,403.71686
2012-09-22 16:00:00,373.16745
2012-09-22 17:00:00,373.16745
2012-09-22 18:00:00,336.82452
2012-09-22 19:00:00,238.50484
2012-09-22 20:00:00,319.02023
2012-09-22 21:00:00,291.45618
2012-09-22 22:00:00,259.0855
2012-09-22 23:00:00,360.10236
2012-09-23 00:00:00,548.7553
2012-09-23 01:00:00,328.83725
2012-09-23 02:00:00,363.9558
2012-09-23 03:00:00,281.45135
2012-09-23 04:00:00,274.80756
2012-09-23 05:00:00,248.35266
2012-09-23 06:00:00,214.60909
2012-09-23 07:00:00,252.51068
2012-09-23 08:00:00,255.43988
2012-09-23 09:00:00,304.43567
2012-09-23 10:00:00,399.987
2012-09-23 11:00:00,414.54608
2012-09-23 12:00:00,459.57233
2012-09-23 13:00:00,547.36676
2012-09-23 14:00:00,543.493
2012-09-23 15:00:00,565.9049
2012-09-23 16:00:00,527.6749
2012-09-23 17:00:00,448.2131
2012-09-23 18:00:00,451.1441
2012-09-23 19:00:00,414.02527
2012-09-23 20:00:00,414.02527
2012-09-23 21:00:00,382.73865
2012-09-23 22:00:00,399.48077
2012-09-23 23:00:00,323.87646
2012-09-24 00:00:00,221.8474
2012-09-24 01:00:00,220.24722
2012-09-24 02:00:00,258.8001
2012-09-24 03:00:00,226.0129
2012-09-24 04:00:00,211.05215
2012-09-24 05:00:00,245.43857
2012-09-24 06:00:00,263.52853
2012-09-24 07:00:00,220.24722
2012-09-24 08:00:00,271.51556
2012-09-24 09:00:00,295.16736
2012-09-24 10:00:00,316.9073
2012-09-24 11:00:00,366.7259
2012-09-24 12:00:00,354.3298
2012-09-24 13:00:00,400.78668
2012-09-24 14:00:00,423.9375
2012-09-24 15:00:00,419.4333
2012-09-24 16:00:00,383.94202
2012-09-24 17:00:00,398.3224
2012-09-24 18:00:00,357.28778
2012-09-24 19:00:00,341.96954
2012-09-24 20:00:00,312.4489
2012-09-24 21:00:00,295.14667
2012-09-24 22:00:00,282.6953
2012-09-24 23:00:00,232.98924
2012-09-25 00:00:00,212.94202
2012-09-25 01:00:00,188.75362
2012-09-25 02:00:00,164.49481
2012-09-25 03:00:00,185.13727
2012-09-25 04:00:00,179.34775
2012-09-25 05:00:00,167.3274
2012-09-25 06:00:00,171.99191
2012-09-25 07:00:00,171.7291
2012-09-25 08:00:00,220.20819
2012-09-25 09:00:00,285.14984
2012-09-25 10:00:00,309.44586
2012-09-25 11:00:00,371.14
2012-09-25 12:00:00,390.89215
2012-09-25 13:00:00,407.4999
2012-09-25 14:00:00,413.19403
2012-09-25 15:00:00,418.94006
2012-09-25 16:00:00,417.65125
2012-09-25 17:00:00,421.12006
2012-09-25 18:00:00,422.90213
2012-09-25 19:00:00,391.43124
2012-09-25 20:00:00,359.34937
2012-09-25 21:00:00,359.34937
2012-09-25 22:00:00,363.2691
2012-09-25 23:00:00,349.96606
2012-09-26 00:00:00,291.58066
2012-09-26 01:00:00,284.96448
2012-09-26 02:00:00,295.66934
2012-09-26 03:00:00,295.66934
2012-09-26 04:00:00,252.38226
2012-09-26 05:00:00,248.73697
2012-09-26 06:00:00,237.36893
2012-09-26 07:00:00,226.12865
2012-09-26 08:00:00,250.5155
2012-09-26 09:00:00,324.15048
2012-09-26 10:00:00,291.8864
2012-09-26 11:00:00,376.08783
2012-09-26 12:00:00,398.43768
2012-09-26 13:00:00,421.5835
2012-09-26 14:00:00,458.69653
2012-09-26 15:00:00,456.2036
2012-09-26 16:00:00,468.4885
2012-09-26 17:00:00,456.2036
2012-09-26 18:00:00,468.06482
2012-09-26 19:00:00,417.39374
2012-09-26 20:00:00,341.90173
2012-09-26 21:00:00,359.62888
2012-09-26 22:00:00,312.2918
2012-09-26 23:00:00,256.22568
2012-09-27 00:00:00,264.3573
2012-09-27 01:00:00,264.3573
2012-09-27 02:00:00,264.3573
2012-09-27 03:00:00,255.22824
2012-09-27 04:00:00,137.96458
2012-09-27 05:00:00,210.41422
2012-09-27 06:00:00,175.43697
2012-09-27 07:00:00,255.22824
2012-09-27 08:00:00,313.69342
2012-09-27 09:00:00,359.38446
2012-09-27 10:00:00,394.4214
2012-09-27 11:00:00,404.65436
2012-09-27 12:00:00,413.53653
2012-09-27 13:00:00,410.657
2012-09-27 14:00:00,427.693
2012-09-27 15:00:00,426.20935
2012-09-27 16:00:00,373.92126
2012-09-27 17:00:00,322.01175
2012-09-27 18:00:00,328.65756
2012-09-27 19:00:00,362.11377
2012-09-27 20:00:00,316.57538
2012-09-27 21:00:00,223.85991
2012-09-27 22:00:00,223.85991
2012-09-27 23:00:00,235.74997
2012-09-28 00:00:00,193.18146
2012-09-28 01:00:00,172.10214
2012-09-28 02:00:00,183.58194
2012-09-28 03:00:00,218.90602
2012-09-28 04:00:00,168.05534
2012-09-28 05:00:00,167.38298
2012-09-28 06:00:00,129.56673
2012-09-28 07:00:00,113.45957
2012-09-28 08:00:00,230.06961
2012-09-28 09:00:00,226.1171
2012-09-28 10:00:00,267.59912
2012-09-28 11:00:00,319.83322
2012-09-28 12:00:00,391.19568
2012-09-28 13:00:00,392.679
2012-09-28 14:00:00,391.19568
2012-09-28 15:00:00,381.17462
2012-09-28 16:00:00,368.87213
2012-09-28 17:00:00,370.20184
2012-09-28 18:00:00,361.29584
2012-09-28 19:00:00,360.2586
2012-09-28 20:00:00,367.4895
2012-09-28 21:00:00,360.53687
2012-09-28 22:00:00,327.62402
2012-09-28 23:00:00,322.68652
2012-09-29 00:00:00,323.69257
2012-09-29 01:00:00,323.69257
2012-09-29 02:00:00,359.37982
2012-09-29 03:00:00,336.68152
2012-09-29 04:00:00,303.6076
2012-09-29 05:00:00,272.8941
2012-09-29 06:00:00,263.06873
2012-09-29 07:00:00,220.86386
2012-09-29 08:00:00,233.44205
2012-09-29 09:00:00,272.8941
2012-09-29 10:00:00,339.04535
2012-09-29 11:00:00,376.92883
2012-09-29 12:00:00,518.37646
2012-09-29 13:00:00,518.37646
2012-09-29 14:00:00,524.7624
2012-09-29 15:00:00,508.8993
2012-09-29 16:00:00,532.88586
2012-09-29 17:00:00,497.57355
2012-09-29 18:00:00,425.27167
2012-09-29 19:00:00,342.2817
2012-09-29 20:00:00,337.32855
2012-09-29 21:00:00,347.31262
2012-09-29 22:00:00,284.5963
2012-09-29 23:00:00,310.6671
2012-09-30 00:00:00,318.51068
2012-09-30 01:00:00,318.51068
2012-09-30 02:00:00,278.3551
2012-09-30 03:00:00,230.98123
2012-09-30 04:00:00,230.98123
2012-09-30 05:00:00,204.543
2012-09-30 06:00:00,191.45506
2012-09-30 07:00:00,185.39986
2012-09-30 08:00:00,244.27278
2012-09-30 09:00:00,301.1593
2012-09-30 10:00:00,451.39902
2012-09-30 11:00:00,512.896
2012-09-30 12:00:00,518.37646
2012-09-30 13:00:00,532.88586
2012-09-30 14:00:00,532.88586
2012-09-30 15:00:00,572.7284
2012-09-30 16:00:00,576.83844
2012-09-30 17:00:00,548.87415
2012-09-30 18:00:00,252.08119
2012-09-30 19:00:00,263.42987
2012-09-30 20:00:00,263.42987
2012-09-30 21:00:00,264.04764
2012-09-30 22:00:00,229.4418
2012-09-30 23:00:00,217.37842
2012-10-20 00:00:00,156.17451
2012-10-20 01:00:00,200.20128
2012-10-20 02:00:00,172.12593
2012-10-20 03:00:00,157.42746
2012-10-20 04:00:00,204.543
2012-10-20 05:00:00,142.11882
2012-10-20 06:00:00,196.75523
2012-10-20 07:00:00,142.11882
2012-10-20 08:00:00,221.70322
2012-10-20 09:00:00,304.09454
2012-10-20 10:00:00,364.648
2012-10-20 11:00:00,367.09003
2012-10-20 12:00:00,445.03076
2012-10-20 13:00:00,446.71252
2012-10-20 14:00:00,477.15433
2012-10-20 15:00:00,458.21417
2012-10-20 16:00:00,406.66327
2012-10-20 17:00:00,446.69354
2012-10-20 18:00:00,417.0581
2012-10-20 19:00:00,385.0152
2012-10-20 20:00:00,398.62766
2012-10-20 21:00:00,320.14157
2012-10-20 22:00:00,295.14313
2012-10-20 23:00:00,261.5692
2012-10-21 00:00:00,268.6021
2012-10-21 01:00:00,220.20227
2012-10-21 02:00:00,187.63678
2012-10-21 03:00:00,170.91458
2012-10-21 04:00:00,128.28345
2012-10-21 05:00:00,170.91458
2012-10-21 06:00:00,222.88736
2012-10-21 07:00:00,222.88736
2012-10-21 08:00:00,212.79167
2012-10-21 09:00:00,282.48254
2012-10-21 10:00:00,333.89343
2012-10-21 11:00:00,354.97162
2012-10-21 12:00:00,396.82446
2012-10-21 13:00:00,461.596
2012-10-21 14:00:00,481.6497
2012-10-21 15:00:00,434.34222
2012-10-21 16:00:00,446.69354
2012-10-21 17:00:00,412.30634
2012-10-21 18:00:00,422.56915
2012-10-21 19:00:00,395.94998
2012-10-21 20:00:00,360.72534
2012-10-21 21:00:00,249.40775
2012-10-21 22:00:00,280.63177
2012-10-21 23:00:00,300.21188
2012-10-22 00:00:00,210.74597
2012-10-22 01:00:00,168.87276
2012-10-22 02:00:00,149.85535
2012-10-22 03:00:00,210.74597
2012-10-22 04:00:00,174.57236
2012-10-22 05:00:00,139.18788
2012-10-22 06:00:00,124.00204
2012-10-22 07:00:00,180.36646
2012-10-22 08:00:00,215.77481
2012-10-22 09:00:00,242.77277
2012-10-22 10:00:00,301.88867
2012-10-22 11:00:00,370.46082
2012-10-22 12:00:00,384.47592
2012-10-22 13:00:00,442.54474
2012-10-22 14:00:00,436.42072
2012-10-22 15:00:00,453.74243
2012-10-22 16:00:00,433.81995
2012-10-22 17:00:00,432.36035
2012-10-22 18:00:00,283.72345
2012-10-22 19:00:00,312.44897
2012-10-22 20:00:00,280.76187
2012-10-22 21:00:00,240.85297
2012-10-22 22:00:00,167.77588
2012-10-22 23:00:00,167.33992
2012-10-23 00:00:00,150.27484
2012-10-23 01:00:00,184.84024
2012-10-23 02:00:00,142.11891
2012-10-23 03:00:00,176.11414
2012-10-23 04:00:00,166.8895
2012-10-23 05:00:00,176.24344
2012-10-23 06:00:00,141.02594
2012-10-23 07:00:00,200.0279
2012-10-23 08:00:00,225.35558
2012-10-23 09:00:00,237.99988
2012-10-23 10:00:00,303.95886
2012-10-23 11:00:00,365.58804
2012-10-23 12:00:00,368.79388
2012-10-23 13:00:00,375.7732
2012-10-23 14:00:00,446.0344
2012-10-23 15:00:00,449.9323
2012-10-23 16:00:00,427.6435
2012-10-23 17:00:00,426.80453
2012-10-23 18:00:00,376.8241
2012-10-23 19:00:00,367.24487
2012-10-23 20:00:00,308.91833
2012-10-23 21:00:00,281.4745
2012-10-23 22:00:00,280.29297
2012-10-23 23:00:00,246.40723
2012-10-24 00:00:00,247.19519
2012-10-24 01:00:00,268.27896
2012-10-24 02:00:00,268.279
2012-10-24 03:00:00,207.78067
2012-10-24 04:00:00,207.78067
2012-10-24 05:00:00,185.0106
2012-10-24 06:00:00,176.06271
2012-10-24 07:00:00,151.47195
2012-10-24 08:00:00,176.46835
2012-10-24 09:00:00,209.2965
2012-10-24 10:00:00,220.87138
2012-10-24 11:00:00,314.095
2012-10-24 12:00:00,356.02994
2012-10-24 13:00:00,381.96997
2012-10-24 14:00:00,502.1974
2012-10-24 15:00:00,451.67157
2012-10-24 16:00:00,494.67288
2012-10-24 17:00:00,400.52533
2012-10-24 18:00:00,408.9095
2012-10-24 19:00:00,363.98413
2012-10-24 20:00:00,345.08136
2012-10-24 21:00:00,346.15503
2012-10-24 22:00:00,330.89456
2012-10-24 23:00:00,281.66876
2012-10-25 00:00:00,328.66235
2012-10-25 01:00:00,296.423
2012-10-25 02:00:00,228.90106
2012-10-25 03:00:00,155.06155
2012-10-25 04:00:00,147.50525
2012-10-25 05:00:00,162.96735
2012-10-25 06:00:00,170.50723
2012-10-25 07:00:00,170.50723
2012-10-25 08:00:00,190.85117
2012-10-25 09:00:00,199.01482
2012-10-25 10:00:00,190.1764
2012-10-25 11:00:00,183.76225
2012-10-25 12:00:00,221.08975
2012-10-25 13:00:00,200.02231
2012-10-25 14:00:00,286.75342
2012-10-25 15:00:00,335.82312
2012-10-25 16:00:00,301.00998
2012-10-25 17:00:00,301.00998
2012-10-25 18:00:00,207.5951
2012-10-25 19:00:00,201.39621
2012-10-25 20:00:00,155.06155
2012-10-25 21:00:00,155.06155
2012-10-25 22:00:00,180.49445
2012-10-25 23:00:00,190.17639
2012-10-26 00:00:00,197.91725
2012-10-26 01:00:00,143.87637
2012-10-26 02:00:00,147.50525
2012-10-26 03:00:00,162.96735
2012-10-26 04:00:00,162.96735
2012-10-26 05:00:00,147.50525
2012-10-26 06:00:00,143.87637
2012-10-26 07:00:00,147.50525
2012-10-26 08:00:00,161.65991
2012-10-26 09:00:00,161.65991
2012-10-26 10:00:00,154.56264
2012-10-26 11:00:00,233.70287
2012-10-26 12:00:00,272.6612
2012-10-26 13:00:00,288.9973
2012-10-26 14:00:00,330.89456
2012-10-26 15:00:00,346.15503
2012-10-26 16:00:00,268.80328
2012-10-26 17:00:00,249.67732
2012-10-26 18:00:00,227.48431
2012-10-26 19:00:00,197.30115
2012-10-26 20:00:00,197.30113
2012-10-26 21:00:00,225.03227
2012-10-26 22:00:00,182.94537
2012-10-26 23:00:00,191.94475
2012-10-27 00:00:00,128.01582
2012-10-27 01:00:00,183.53145
2012-10-27 02:00:00,189.62112
2012-10-27 03:00:00,125.851494
2012-10-27 04:00:00,185.84271
2012-10-27 05:00:00,222.43622
2012-10-27 06:00:00,222.43622
2012-10-27 07:00:00,155.68613
2012-10-27 08:00:00,194.9413
2012-10-27 09:00:00,194.9413
2012-10-27 10:00:00,246.64185
2012-10-27 11:00:00,312.90964
2012-10-27 12:00:00,456.4354
2012-10-27 13:00:00,508.8993
2012-10-27 14:00:00,493.0453
2012-10-27 15:00:00,351.34888
2012-10-27 16:00:00,344.17847
2012-10-27 17:00:00,344.17847
2012-10-27 18:00:00,344.17847
2012-10-27 19:00:00,290.9253
2012-10-27 20:00:00,290.9253
2012-10-27 21:00:00,290.9253
2012-10-27 22:00:00,293.6884
2012-10-27 23:00:00,256.3261
2012-10-28 00:00:00,286.05396
2012-10-28 01:00:00,280.5429
2012-10-28 02:00:00,287.82562
2012-10-28 03:00:00,278.43964
2012-10-28 04:00:00,264.42297
2012-10-28 05:00:00,293.6771
2012-10-28 06:00:00,283.22186
2012-10-28 07:00:00,298.54016
2012-10-28 08:00:00,228.88425
2012-10-28 09:00:00,257.13898
2012-10-28 10:00:00,249.45392
2012-10-28 11:00:00,274.92648
2012-10-28 12:00:00,222.97217
2012-10-28 13:00:00,232.89325
2012-10-28 14:00:00,246.68115
2012-10-28 15:00:00,229.2941
2012-10-28 16:00:00,220.02744
2012-10-28 17:00:00,169.57407
2012-10-28 18:00:00,115.42016
2012-10-28 19:00:00,139.36404
2012-10-28 20:00:00,116.79734
2012-10-28 21:00:00,141.47993
2012-10-28 22:00:00,159.92487
2012-10-28 23:00:00,139.36404
2012-10-29 00:00:00,118.67129
2012-10-30 13:00:00,127.85571
2012-10-30 14:00:00,127.85571
2012-10-30 15:00:00,147.34099
2012-10-30 16:00:00,147.34099
2012-10-30 17:00:00,153.70071
2012-10-30 18:00:00,136.06943
2012-10-30 19:00:00,273.92084
2012-10-30 20:00:00,186.95639
2012-10-30 21:00:00,151.58209
2012-10-30 22:00:00,123.73075
2012-10-30 23:00:00,123.73075
2012-10-31 00:00:00,152.09126
2012-10-31 01:00:00,146.63763
2012-10-31 02:00:00,164.35939
2012-10-31 03:00:00,152.09126
2012-10-31 04:00:00,176.0618
2012-10-31 05:00:00,164.35939
2012-10-31 06:00:00,129.83688
2012-10-31 07:00:00,161.87341
2012-10-31 08:00:00,122.59456
2012-10-31 09:00:00,132.3262
2012-10-31 10:00:00,173.82733
2012-10-31 11:00:00,215.23079
2012-10-31 12:00:00,220.73363
2012-10-31 13:00:00,257.42422
2012-10-31 14:00:00,257.2242
2012-10-31 15:00:00,245.55899
2012-10-31 16:00:00,252.05792
2012-10-31 17:00:00,248.61436
2012-10-31 18:00:00,248.61436
2012-10-31 19:00:00,259.3573
2012-10-31 20:00:00,259.3573
2012-10-31 21:00:00,259.3573
2012-10-31 22:00:00,216.65724
2012-10-31 23:00:00,212.61334
2012-11-20 00:00:00,133.73904
2012-11-20 01:00:00,149.6943
2012-11-20 02:00:00,146.29619
2012-11-20 03:00:00,171.68964
2012-11-20 04:00:00,210.51428
2012-11-20 05:00:00,193.42633
2012-11-20 06:00:00,192.69102
2012-11-20 07:00:00,114.40447
2012-11-20 08:00:00,139.30872
2012-11-20 09:00:00,161.26642
2012-11-20 10:00:00,216.92725
2012-11-20 11:00:00,225.61687
2012-11-20 12:00:00,210.83542
2012-11-20 13:00:00,245.952
2012-11-20 14:00:00,256.78613
2012-11-20 15:00:00,273.64703
2012-11-20 16:00:00,235.59406
2012-11-20 17:00:00,215.7801
2012-11-20 18:00:00,216.92725
2012-11-20 19:00:00,185.59534
2012-11-20 20:00:00,156.15158
2012-11-20 21:00:00,129.10245
2012-11-20 22:00:00,129.10245
2012-11-20 23:00:00,116.96399
2012-11-21 00:00:00,100.33743
2012-11-21 01:00:00,116.96399
2012-11-21 02:00:00,113.484146
2012-11-21 03:00:00,113.484146
2012-11-21 04:00:00,113.484146
2012-11-21 05:00:00,113.484146
2012-11-21 06:00:00,109.46053
2012-11-21 07:00:00,107.88932
2012-11-21 08:00:00,144.0896
2012-11-21 09:00:00,114.40447
2012-11-21 10:00:00,176.90234
2012-11-21 11:00:00,257.5814
2012-11-21 12:00:00,309.388
2012-11-21 13:00:00,328.08575
2012-11-21 14:00:00,342.11945
2012-11-21 15:00:00,328.1801
2012-11-21 16:00:00,339.62445
2012-11-21 17:00:00,300.3031
2012-11-21 18:00:00,312.15088
2012-11-21 19:00:00,283.73633
2012-11-21 20:00:00,180.16397
2012-11-21 21:00:00,237.69646
2012-11-21 22:00:00,233.55315
2012-11-21 23:00:00,148.94829
2012-11-22 00:00:00,51.0365
2012-11-22 01:00:00,32.63765
2012-11-22 02:00:00,15.074094
2012-11-22 03:00:00,16.095764
2012-11-22 04:00:00,15.886795
2012-11-22 05:00:00,16.095764
2012-11-22 06:00:00,20.379309
2012-11-22 07:00:00,15.967548
2012-11-22 08:00:00,17.822056
2012-11-22 09:00:00,47.857697
2012-11-22 10:00:00,101.02836
2012-11-22 11:00:00,257.5406
2012-11-22 12:00:00,306.74573
2012-11-22 13:00:00,344.51865
2012-11-22 14:00:00,372.41406
2012-11-22 15:00:00,372.41406
2012-11-22 16:00:00,336.62766
2012-11-22 17:00:00,306.74573
2012-11-22 18:00:00,215.14563
2012-11-22 19:00:00,58.460953
2012-11-22 20:00:00,58.575714
2012-11-22 21:00:00,71.52689
2012-11-22 22:00:00,65.43377
2012-11-22 23:00:00,41.86611
2012-11-23 00:00:00,101.03786
2012-11-23 01:00:00,109.74946
2012-11-23 02:00:00,106.55262
2012-11-23 03:00:00,80.00022
2012-11-23 04:00:00,112.53059
2012-11-23 05:00:00,76.81571
2012-11-23 06:00:00,76.81571
2012-11-23 07:00:00,76.81571
2012-11-23 08:00:00,108.998184
2012-11-23 09:00:00,116.84045
2012-11-23 10:00:00,184.626
2012-11-23 11:00:00,257.5814
2012-11-23 12:00:00,306.19168
2012-11-23 13:00:00,308.00293
2012-11-23 14:00:00,327.5558
2012-11-23 15:00:00,307.50586
2012-11-23 16:00:00,314.8531
2012-11-23 17:00:00,317.68204
2012-11-23 18:00:00,304.1761
2012-11-23 19:00:00,293.65186
2012-11-23 20:00:00,315.20792
2012-11-23 21:00:00,273.40918
2012-11-23 22:00:00,317.03375
2012-11-23 23:00:00,282.78152
2012-11-24 00:00:00,251.96173
2012-11-24 01:00:00,156.86682
2012-11-24 02:00:00,155.56754
2012-11-24 03:00:00,160.6818
2012-11-24 04:00:00,138.54227
2012-11-24 05:00:00,152.25113
2012-11-24 06:00:00,121.83803
2012-11-24 07:00:00,150.6753
2012-11-24 08:00:00,137.90245
2012-11-24 09:00:00,142.99802
2012-11-24 10:00:00,143.53809
2012-11-24 11:00:00,169.85458
2012-11-24 12:00:00,153.46793
2012-11-24 13:00:00,219.85532
2012-11-24 14:00:00,190.90877
2012-11-24 15:00:00,166.47588
2012-11-24 16:00:00,153.93515
2012-11-24 17:00:00,147.18098
2012-11-24 18:00:00,158.05875
2012-11-24 19:00:00,163.80954
2012-11-24 20:00:00,121.838036
2012-11-24 21:00:00,116.73181
2012-11-24 22:00:00,124.4649
2012-11-24 23:00:00,116.73181
2012-11-25 00:00:00,90.9414
2012-11-25 01:00:00,107.374016
2012-11-25 02:00:00,107.16953
2012-11-25 03:00:00,115.3382
2012-11-25 04:00:00,115.3382
2012-11-25 05:00:00,90.87496
2012-11-25 06:00:00,81.80716
2012-11-25 07:00:00,72.51385
2012-11-25 08:00:00,93.17275
2012-11-25 09:00:00,116.90246
2012-11-25 10:00:00,100.49669
2012-11-25 11:00:00,160.84314
2012-11-25 12:00:00,160.84314
2012-11-25 13:00:00,145.695
2012-11-25 14:00:00,186.37949
2012-11-25 15:00:00,189.85638
2012-11-25 16:00:00,208.8761
2012-11-25 17:00:00,179.22702
2012-11-25 18:00:00,137.65903
2012-11-25 19:00:00,178.91455
2012-11-25 20:00:00,78.848656
2012-11-25 21:00:00,141.5936
2012-11-25 22:00:00,78.848656
2012-11-25 23:00:00,36.122513
2012-11-26 00:00:00,71.38253
2012-11-26 01:00:00,68.49986
2012-11-26 02:00:00,68.49986
2012-11-26 03:00:00,68.49986
2012-11-26 04:00:00,71.38253
2012-11-26 05:00:00,135.72319
2012-11-26 06:00:00,71.38253
2012-11-26 07:00:00,85.54264
2012-11-26 08:00:00,85.54264
2012-11-26 09:00:00,166.41687
2012-11-26 10:00:00,224.71617
2012-11-26 11:00:00,285.05026
2012-11-26 12:00:00,324.85287
2012-11-26 13:00:00,324.85287
2012-11-26 14:00:00,320.78815
2012-11-26 15:00:00,323.42862
2012-11-26 16:00:00,335.98187
2012-11-26 17:00:00,326.2002
2012-11-26 18:00:00,248.79704
2012-11-26 19:00:00,215.50644
2012-11-26 20:00:00,233.55315
2012-11-26 21:00:00,233.55315
2012-11-26 22:00:00,148.94827
2012-11-26 23:00:00,171.72246
2012-11-27 00:00:00,166.59985
2012-11-27 01:00:00,172.1964
2012-11-27 02:00:00,183.51755
2012-11-27 03:00:00,197.57385
2012-11-27 04:00:00,168.95004
2012-11-27 05:00:00,193.9672
2012-11-27 06:00:00,175.3067
2012-11-27 07:00:00,152.5162
2012-11-27 08:00:00,157.24588
2012-11-27 09:00:00,166.5484
2012-11-27 10:00:00,163.02164
2012-11-27 11:00:00,139.26512
2012-11-27 12:00:00,109.384125
2012-11-27 13:00:00,149.87865
2012-11-27 14:00:00,118.991936
2012-11-27 15:00:00,190.47665
2012-11-27 16:00:00,190.47665
2012-11-27 17:00:00,167.72034
2012-11-27 18:00:00,147.284
2012-11-27 19:00:00,158.89728
2012-11-27 20:00:00,155.31337
2012-11-27 21:00:00,153.88141
2012-11-27 22:00:00,128.68568
2012-11-27 23:00:00,196.36044
2012-11-28 00:00:00,195.30823
2012-11-28 01:00:00,192.36322
2012-11-28 02:00:00,192.36322
2012-11-28 03:00:00,187.70238
2012-11-28 04:00:00,178.27725
2012-11-28 05:00:00,152.57668
2012-11-28 06:00:00,182.239
2012-11-28 07:00:00,184.87085
2012-11-28 08:00:00,179.61353
2012-11-28 09:00:00,202.68246
2012-11-28 10:00:00,227.30472
2012-11-28 11:00:00,260.53793
2012-11-28 12:00:00,231.8941
2012-11-28 13:00:00,279.84845
2012-11-28 14:00:00,258.52777
2012-11-28 15:00:00,286.04327
2012-11-28 16:00:00,319.1219
2012-11-28 17:00:00,320.44443
2012-11-28 18:00:00,280.6742
2012-11-28 19:00:00,298.44696
2012-11-28 20:00:00,295.24103
2012-11-28 21:00:00,281.2444
2012-11-28 22:00:00,242.68016
2012-11-28 23:00:00,208.11569
2012-11-29 00:00:00,140.11577
2012-11-29 01:00:00,103.53939
2012-11-29 02:00:00,82.15673
2012-11-29 04:00:00,103.67623
2012-11-29 05:00:00,68.49986
2012-11-29 06:00:00,71.38253
2012-11-29 07:00:00,75.87351
2012-11-29 08:00:00,109.082344
2012-11-29 09:00:00,106.026
2012-11-29 10:00:00,116.08682
2012-11-29 11:00:00,291.6339
2012-11-29 12:00:00,292.25598
2012-11-29 13:00:00,327.7574
2012-11-29 14:00:00,269.8803
2012-11-29 15:00:00,249.2768
2012-11-29 16:00:00,279.91467
2012-11-29 17:00:00,289.49298
2012-11-29 18:00:00,242.64749
2012-11-29 19:00:00,215.8215
2012-11-29 20:00:00,216.23062
2012-11-29 21:00:00,133.0299
2012-11-29 22:00:00,105.93256
2012-11-29 23:00:00,120.138824
2012-11-30 00:00:00,139.2106
2012-11-30 01:00:00,106.025314
2012-11-30 02:00:00,72.86201
2012-11-30 03:00:00,72.86201
2012-11-30 04:00:00,70.57666
2012-11-30 05:00:00,71.81812
2012-11-30 06:00:00,75.95968
2012-11-30 07:00:00,73.933495
2012-11-30 08:00:00,135.27002
2012-11-30 09:00:00,106.89844
2012-11-30 10:00:00,135.96472
2012-11-30 11:00:00,222.14961
2012-11-30 12:00:00,252.57556
2012-11-30 13:00:00,280.12854
2012-11-30 14:00:00,284.23865
2012-11-30 15:00:00,297.88007
2012-11-30 16:00:00,287.55048
2012-11-30 17:00:00,248.97522
2012-11-30 18:00:00,173.77768
2012-11-30 19:00:00,119.671104
2012-11-30 20:00:00,119.671104
2012-11-30 21:00:00,111.678764
2012-11-30 22:00:00,85.562294
2012-11-30 23:00:00,142.34274
2012-12-20 00:00:00,170.67566
2012-12-20 01:00:00,119.671104
2012-12-20 02:00:00,119.671104
2012-12-20 03:00:00,145.43506
2012-12-20 04:00:00,145.43506
2012-12-20 05:00:00,150.00491
2012-12-20 06:00:00,135.96472
2012-12-20 07:00:00,124.325294
2012-12-20 08:00:00,124.325294
2012-12-20 09:00:00,124.325294
2012-12-20 10:00:00,141.58682
2012-12-20 11:00:00,222.43602
2012-12-20 12:00:00,243.10431
2012-12-20 13:00:00,236.07483
2012-12-20 14:00:00,241.55481
2012-12-20 15:00:00,228.82442
2012-12-20 16:00:00,198.41556
2012-12-20 17:00:00,210.51428
2012-12-20 18:00:00,200.62834
2012-12-20 19:00:00,179.0249
2012-12-20 20:00:00,175.86533
2012-12-20 21:00:00,175.86533
2012-12-20 22:00:00,143.9371
2012-12-20 23:00:00,134.0434
2012-12-21 00:00:00,103.74829
2012-12-21 01:00:00,95.526596
2012-12-21 02:00:00,110.27427
2012-12-21 03:00:00,110.27427
2012-12-21 04:00:00,85.81222
2012-12-21 05:00:00,81.548004
2012-12-21 06:00:00,103.972206
2012-12-21 07:00:00,132.67593
2012-12-21 08:00:00,122.629265
2012-12-21 09:00:00,121.53068
2012-12-21 10:00:00,147.31995
2012-12-21 11:00:00,115.94877
2012-12-21 12:00:00,119.41944
2012-12-21 13:00:00,117.3278
2012-12-21 14:00:00,117.99588
2012-12-21 15:00:00,114.77535
2012-12-21 16:00:00,115.75656
2012-12-21 17:00:00,108.81327
2012-12-21 18:00:00,107.267265
2012-12-21 19:00:00,103.00532
2012-12-21 20:00:00,105.4842
2012-12-21 21:00:00,118.710846
2012-12-21 22:00:00,95.74663
2012-12-21 23:00:00,94.78972
2012-12-22 00:00:00,102.554245
2012-12-22 01:00:00,95.70963
2012-12-22 02:00:00,102.34479
2012-12-22 03:00:00,89.4507
2012-12-22 04:00:00,73.99283
2012-12-22 05:00:00,86.96093
2012-12-22 06:00:00,93.71226
2012-12-22 07:00:00,93.71226
2012-12-22 08:00:00,103.452736
2012-12-22 09:00:00,82.77583
2012-12-22 10:00:00,77.59896
2012-12-22 11:00:00,105.85437
2012-12-22 12:00:00,122.61524
2012-12-22 13:00:00,125.873604
2012-12-22 14:00:00,125.29684
2012-12-22 15:00:00,127.88857
2012-12-22 16:00:00,116.37621
2012-12-22 17:00:00,102.9422
2012-12-22 18:00:00,97.70273
2012-12-22 19:00:00,70.378624
2012-12-22 20:00:00,59.026276
2012-12-22 21:00:00,58.664463
2012-12-22 22:00:00,58.664463
2012-12-22 23:00:00,52.397762
2012-12-23 00:00:00,66.38151
2012-12-23 01:00:00,59.556366
2012-12-23 02:00:00,40.34013
2012-12-23 03:00:00,37.3397
2012-12-23 04:00:00,41.067085
2012-12-23 05:00:00,33.78356
2012-12-23 06:00:00,28.9723
2012-12-23 07:00:00,28.9723
2012-12-23 08:00:00,28.618895
2012-12-23 09:00:00,32.11082
2012-12-23 10:00:00,35.707565
2012-12-23 11:00:00,55.60852
2012-12-23 12:00:00,101.279175
2012-12-23 13:00:00,128.79785
2012-12-23 14:00:00,153.60184
2012-12-23 15:00:00,144.77023
2012-12-23 16:00:00,151.01584
2012-12-23 17:00:00,101.97854
2012-12-23 18:00:00,92.48141
2012-12-23 19:00:00,89.92359
2012-12-23 20:00:00,47.93789
2012-12-23 21:00:00,38.8655
2012-12-23 22:00:00,38.047462
2012-12-23 23:00:00,41.642887
2012-12-24 00:00:00,77.01531
2012-12-24 01:00:00,77.01531
2012-12-24 02:00:00,75.92756
2012-12-24 03:00:00,75.92756
2012-12-24 05:00:00,75.63233
2012-12-24 06:00:00,75.92756
2012-12-24 07:00:00,74.35182
2012-12-24 08:00:00,77.01531
2012-12-24 09:00:00,107.70922
2012-12-24 10:00:00,96.674446
2012-12-24 11:00:00,116.51012
2012-12-24 12:00:00,112.094124
2012-12-24 13:00:00,91.43363
2012-12-24 14:00:00,84.47976
2012-12-24 15:00:00,63.38089
2012-12-24 16:00:00,63.38089
2012-12-24 17:00:00,72.054184
2012-12-24 18:00:00,78.282265
2012-12-24 19:00:00,76.57369
2012-12-24 20:00:00,74.69052
2012-12-24 21:00:00,80.1374
2012-12-24 22:00:00,90.96256
2012-12-24 23:00:00,94.88291
2012-12-25 00:00:00,67.54137
2012-12-25 01:00:00,69.6569
2012-12-25 02:00:00,69.6569
2012-12-25 04:00:00,48.097267
2012-12-25 05:00:00,50.08285
2012-12-25 06:00:00,50.08285
2012-12-25 07:00:00,54.668594
2012-12-25 08:00:00,35.043404
2012-12-25 09:00:00,32.719692
2012-12-25 10:00:00,37.3888
2012-12-25 11:00:00,63.65245
2012-12-25 12:00:00,70.15656
2012-12-25 13:00:00,157.6733
2012-12-25 14:00:00,151.72383
2012-12-25 15:00:00,135.98901
2012-12-25 16:00:00,147.81104
2012-12-25 17:00:00,136.58055
2012-12-25 18:00:00,125.498985
2012-12-25 19:00:00,129.11072
2012-12-25 20:00:00,121.61994
2012-12-25 21:00:00,116.53504
2012-12-25 22:00:00,102.09077
2012-12-25 23:00:00,116.10585
2012-12-26 00:00:00,116.34015
2012-12-26 01:00:00,110.674225
2012-12-26 02:00:00,110.674225
2012-12-26 03:00:00,92.3368
2012-12-26 04:00:00,81.14545
2012-12-26 05:00:00,100.975365
2012-12-26 06:00:00,104.95449
2012-12-26 07:00:00,44.20213
2012-12-26 08:00:00,44.20213
2012-12-26 09:00:00,44.20213
2012-12-26 10:00:00,47.886986
2012-12-26 11:00:00,39.093
2012-12-26 12:00:00,43.579956
2012-12-26 13:00:00,43.579956
2012-12-26 14:00:00,52.146667
2012-12-26 15:00:00,42.489014
2012-12-26 16:00:00,42.489014
2012-12-26 17:00:00,40.611744
2012-12-26 18:00:00,49.981445
2012-12-26 19:00:00,85.4975
2012-12-26 20:00:00,67.38352
2012-12-26 21:00:00,74.203476
2012-12-26 22:00:00,35.437576
2012-12-26 23:00:00,49.42515
2012-12-27 00:00:00,49.42515
2012-12-27 01:00:00,35.437576
2012-12-27 02:00:00,54.360874
2012-12-27 03:00:00,88.11806
2012-12-27 04:00:00,65.521805
2012-12-27 05:00:00,82.94904
2012-12-27 06:00:00,98.43012
2012-12-27 07:00:00,87.23579
2012-12-27 08:00:00,93.660774
2012-12-27 09:00:00,109.83109
2012-12-27 10:00:00,120.665825
2012-12-27 11:00:00,106.08083
2012-12-27 12:00:00,128.62631
2012-12-27 13:00:00,128.62631
2012-12-27 14:00:00,103.68863
2012-12-27 15:00:00,105.123955
2012-12-27 16:00:00,105.11616
2012-12-27 17:00:00,105.11616
2012-12-27 18:00:00,101.853615
2012-12-27 19:00:00,83.53147
2012-12-27 20:00:00,86.31353
2012-12-27 21:00:00,101.853615
2012-12-27 22:00:00,101.939064
2012-12-27 23:00:00,101.853615
2012-12-28 00:00:00,110.10289
2012-12-28 01:00:00,87.5912
2012-12-28 02:00:00,84.13046
2012-12-28 03:00:00,110.10289
2012-12-28 04:00:00,105.58087
2012-12-28 05:00:00,102.482185
2012-12-28 06:00:00,79.23034
2012-12-28 07:00:00,82.1139
2012-12-28 08:00:00,107.42356
2012-12-28 09:00:00,101.939064
2012-12-28 10:00:00,106.39601
2012-12-28 11:00:00,112.125175
2012-12-28 12:00:00,123.25074
2012-12-28 13:00:00,123.25074
2012-12-28 14:00:00,123.25074
2012-12-28 15:00:00,90.958725
2012-12-28 16:00:00,106.53833
2012-12-28 17:00:00,85.282005
2012-12-28 18:00:00,85.282005
2012-12-28 19:00:00,110.68634
2012-12-28 20:00:00,107.70922
2012-12-28 21:00:00,111.16222
2012-12-28 22:00:00,108.71987
2012-12-28 23:00:00,106.6117
2012-12-29 00:00:00,40.258003
2012-12-29 01:00:00,49.033024
2012-12-29 02:00:00,40.258003
2012-12-29 03:00:00,38.590954
2012-12-29 04:00:00,49.033024
2012-12-29 05:00:00,49.033024
2012-12-29 06:00:00,57.62136
2012-12-29 07:00:00,62.693726
2012-12-29 08:00:00,41.102615
2012-12-29 09:00:00,41.102615
2012-12-29 10:00:00,70.7775
2012-12-29 11:00:00,51.65132
2012-12-29 12:00:00,49.62918
2012-12-29 13:00:00,49.62918
2012-12-29 14:00:00,44.141525
2012-12-29 15:00:00,35.992928
2012-12-29 16:00:00,48.8104
2012-12-29 17:00:00,36.184196
2012-12-29 18:00:00,51.59313
2012-12-29 19:00:00,102.65965
2012-12-29 20:00:00,82.37184
2012-12-29 21:00:00,84.58909
2012-12-29 22:00:00,79.09192
2012-12-29 23:00:00,43.065304
2012-12-30 00:00:00,71.77384
2012-12-30 01:00:00,89.90975
2012-12-30 02:00:00,88.377235
2012-12-30 03:00:00,89.90975
2012-12-30 04:00:00,88.157585
2012-12-30 05:00:00,85.94884
2012-12-30 06:00:00,81.01809
2012-12-30 07:00:00,60.277554
2012-12-30 08:00:00,78.62782
2012-12-30 09:00:00,67.78506
2012-12-30 10:00:00,105.67284
2012-12-30 11:00:00,99.06382
2012-12-30 12:00:00,114.89204
2012-12-30 13:00:00,122.61524
2012-12-30 14:00:00,120.33603
2012-12-30 15:00:00,110.725334
2012-12-30 16:00:00,113.40934
2012-12-30 17:00:00,93.40739
2012-12-30 18:00:00,79.87098
2012-12-30 19:00:00,86.72495
2012-12-30 20:00:00,62.6859
2012-12-30 21:00:00,40.34013
2012-12-30 22:00:00,38.945396
2012-12-30 23:00:00,47.949448
2012-12-31 00:00:00,81.06493
2012-12-31 01:00:00,81.06493
2012-12-31 02:00:00,76.90061
2012-12-31 03:00:00,75.86274
2012-12-31 04:00:00,71.86294
2012-12-31 05:00:00,76.40249
2012-12-31 06:00:00,75.367645
2012-12-31 07:00:00,74.58726
2012-12-31 08:00:00,72.45687
2012-12-31 09:00:00,89.64303
2012-12-31 10:00:00,99.21818
2012-12-31 11:00:00,100.08518
2012-12-31 12:00:00,102.860085
2012-12-31 13:00:00,102.632805
2012-12-31 14:00:00,107.22702
2012-12-31 15:00:00,110.40047
2012-12-31 16:00:00,105.01182
2012-12-31 17:00:00,97.51009
2012-12-31 18:00:00,107.235886
2012-12-31 19:00:00,116.51012
2012-12-31 20:00:00,116.51012
2012-12-31 21:00:00,89.30459
2012-12-31 22:00:00,90.12993
2012-12-31 23:00:00,86.71279
