datetime,count
2011-01-20 00:00:00,93.496185
2011-01-20 01:00:00,93.14339
2011-01-20 02:00:00,93.14339
2011-01-20 03:00:00,89.22519
2011-01-20 04:00:00,89.22519
2011-01-20 05:00:00,97.59125
2011-01-20 06:00:00,99.941605
2011-01-20 07:00:00,94.505035
2011-01-20 08:00:00,94.50993
2011-01-20 09:00:00,119.51958
2011-01-20 10:00:00,99.68312
2011-01-20 11:00:00,121.57631
2011-01-20 12:00:00,91.441635
2011-01-20 13:00:00,108.50273
2011-01-20 14:00:00,115.74556
2011-01-20 15:00:00,128.79277
2011-01-20 16:00:00,119.77255
2011-01-20 17:00:00,112.9406
2011-01-20 18:00:00,126.1756
2011-01-20 19:00:00,95.09317
2011-01-20 20:00:00,97.13907
2011-01-20 21:00:00,91.43736
2011-01-20 22:00:00,75.3136
2011-01-20 23:00:00,70.08612
2011-01-21 00:00:00,72.509125
2011-01-21 01:00:00,72.509125
2011-01-21 02:00:00,66.35985
2011-01-21 03:00:00,50.846752
2011-01-21 04:00:00,88.850494
2011-01-21 05:00:00,80.877106
2011-01-21 06:00:00,95.86011
2011-01-21 07:00:00,92.72356
2011-01-21 08:00:00,90.824554
2011-01-21 09:00:00,83.00917
2011-01-21 10:00:00,90.69699
2011-01-21 11:00:00,99.09306
2011-01-21 12:00:00,105.68013
2011-01-21 13:00:00,101.37152
2011-01-21 14:00:00,105.83882
2011-01-21 15:00:00,106.956085
2011-01-21 16:00:00,104.55217
2011-01-21 17:00:00,101.70102
2011-01-21 18:00:00,95.01314
2011-01-21 19:00:00,94.4153
2011-01-21 20:00:00,88.31029
2011-01-21 21:00:00,76.16589
2011-01-21 22:00:00,66.75592
2011-01-21 23:00:00,72.006454
2011-01-22 00:00:00,38.539246
2011-01-22 01:00:00,50.510323
2011-01-22 02:00:00,43.216084
2011-01-22 03:00:00,44.54475
2011-01-22 04:00:00,39.123623
2011-01-22 06:00:00,37.249443
2011-01-22 07:00:00,40.329613
2011-01-22 08:00:00,43.105835
2011-01-22 09:00:00,41.69781
2011-01-22 10:00:00,37.554054
2011-01-22 11:00:00,39.628708
2011-01-22 12:00:00,38.891117
2011-01-22 13:00:00,50.70497
2011-01-22 14:00:00,54.268375
2011-01-22 15:00:00,55.60139
2011-01-22 16:00:00,66.75969
2011-01-22 17:00:00,54.439358
2011-01-22 18:00:00,48.828175
2011-01-22 19:00:00,47.824543
2011-01-22 20:00:00,38.99979
2011-01-22 21:00:00,42.664654
2011-01-22 22:00:00,43.448845
2011-01-22 23:00:00,32.78655
2011-01-23 00:00:00,32.78655
2011-01-23 01:00:00,32.78655
2011-01-23 02:00:00,31.233292
2011-01-23 03:00:00,31.233292
2011-01-23 05:00:00,28.296001
2011-01-23 06:00:00,28.296001
2011-01-23 07:00:00,37.157238
2011-01-23 08:00:00,32.517788
2011-01-23 09:00:00,40.333572
2011-01-23 10:00:00,56.864468
2011-01-23 11:00:00,63.330566
2011-01-23 12:00:00,85.163284
2011-01-23 13:00:00,83.898544
2011-01-23 14:00:00,101.272415
2011-01-23 15:00:00,101.272415
2011-01-23 16:00:00,100.84392
2011-01-23 17:00:00,93.25986
2011-01-23 18:00:00,70.56233
2011-01-23 19:00:00,75.02124
2011-01-23 20:00:00,57.58969
2011-01-23 21:00:00,53.41198
2011-01-23 22:00:00,46.697395
2011-01-23 23:00:00,42.17342
2011-01-24 00:00:00,81.17714
2011-01-24 01:00:00,75.749664
2011-01-24 03:00:00,68.671616
2011-01-24 04:00:00,83.356125
2011-01-24 05:00:00,83.356125
2011-01-24 06:00:00,88.85251
2011-01-24 07:00:00,92.68826
2011-01-24 08:00:00,97.27736
2011-01-24 09:00:00,82.84544
2011-01-24 10:00:00,82.24269
2011-01-24 11:00:00,99.07846
2011-01-24 12:00:00,76.12372
2011-01-24 13:00:00,80.85283
2011-01-24 14:00:00,79.54401
2011-01-24 15:00:00,89.330246
2011-01-24 16:00:00,88.57716
2011-01-24 17:00:00,79.066574
2011-01-24 18:00:00,90.743164
2011-01-24 19:00:00,98.884796
2011-01-24 20:00:00,90.743164
2011-01-24 21:00:00,95.46002
2011-01-24 22:00:00,65.36963
2011-01-24 23:00:00,64.24536
2011-01-25 00:00:00,55.40157
2011-01-25 01:00:00,71.86743
2011-01-25 02:00:00,83.325424
2011-01-25 04:00:00,97.98541
2011-01-25 05:00:00,71.34918
2011-01-25 06:00:00,101.12622
2011-01-25 07:00:00,75.60535
2011-01-25 08:00:00,73.63121
2011-01-25 09:00:00,111.67769
2011-01-25 10:00:00,122.98482
2011-01-25 11:00:00,125.75885
2011-01-25 12:00:00,121.89525
2011-01-25 13:00:00,128.86592
2011-01-25 14:00:00,93.11133
2011-01-25 15:00:00,98.976425
2011-01-25 16:00:00,98.976425
2011-01-25 17:00:00,128.23163
2011-01-25 18:00:00,109.51694
2011-01-25 19:00:00,116.03488
2011-01-25 20:00:00,99.70369
2011-01-25 21:00:00,99.70369
2011-01-25 22:00:00,97.348816
2011-01-25 23:00:00,96.69879
2011-01-26 00:00:00,98.19939
2011-01-26 01:00:00,115.97336
2011-01-26 02:00:00,64.057556
2011-01-26 05:00:00,47.97594
2011-01-26 06:00:00,47.97594
2011-01-26 07:00:00,47.520477
2011-01-26 08:00:00,47.520477
2011-01-26 09:00:00,47.520477
2011-01-26 10:00:00,45.80681
2011-01-26 11:00:00,42.733444
2011-01-26 12:00:00,42.733444
2011-01-26 13:00:00,42.733444
2011-01-26 14:00:00,40.698036
2011-01-26 15:00:00,35.14586
2011-01-26 16:00:00,44.677654
2011-01-26 17:00:00,39.676666
2011-01-27 16:00:00,92.12384
2011-01-27 17:00:00,88.35661
2011-01-27 18:00:00,96.89427
2011-01-27 19:00:00,96.89427
2011-01-27 20:00:00,104.85841
2011-01-27 21:00:00,104.85841
2011-01-27 22:00:00,104.85841
2011-01-27 23:00:00,86.914536
2011-01-28 00:00:00,81.94835
2011-01-28 01:00:00,81.94835
2011-01-28 02:00:00,75.44212
2011-01-28 03:00:00,91.6526
2011-01-28 05:00:00,80.13219
2011-01-28 06:00:00,72.582245
2011-01-28 07:00:00,73.710266
2011-01-28 08:00:00,73.710266
2011-01-28 09:00:00,56.59214
2011-01-28 10:00:00,56.10062
2011-01-28 11:00:00,55.937958
2011-01-28 12:00:00,55.937958
2011-01-28 13:00:00,55.937958
2011-01-28 14:00:00,77.27255
2011-01-28 15:00:00,110.45807
2011-01-28 16:00:00,94.29431
2011-01-28 17:00:00,100.25221
2011-01-28 18:00:00,99.570724
2011-01-28 19:00:00,96.93437
2011-01-28 20:00:00,83.94299
2011-01-28 21:00:00,88.50438
2011-01-28 22:00:00,79.28723
2011-01-28 23:00:00,97.59125
2011-01-29 00:00:00,47.77334
2011-01-29 01:00:00,51.316563
2011-01-29 02:00:00,53.352207
2011-01-29 03:00:00,52.260025
2011-01-29 04:00:00,43.033504
2011-01-29 06:00:00,44.284878
2011-01-29 07:00:00,53.20306
2011-01-29 08:00:00,57.012516
2011-01-29 09:00:00,59.633934
2011-01-29 10:00:00,48.223007
2011-01-29 11:00:00,47.562492
2011-01-29 12:00:00,55.83045
2011-01-29 13:00:00,66.818375
2011-01-29 14:00:00,60.97656
2011-01-29 15:00:00,42.392685
2011-01-29 16:00:00,62.859158
2011-01-29 17:00:00,83.027176
2011-01-29 18:00:00,50.60029
2011-01-29 19:00:00,52.350204
2011-01-29 20:00:00,46.426205
2011-01-29 21:00:00,46.426205
2011-01-29 22:00:00,42.7789
2011-01-29 23:00:00,42.7789
2011-01-30 00:00:00,40.25419
2011-01-30 01:00:00,51.81367
2011-01-30 02:00:00,52.763012
2011-01-30 03:00:00,47.98284
2011-01-30 04:00:00,47.98284
2011-01-30 05:00:00,49.727997
2011-01-30 07:00:00,49.727997
2011-01-30 08:00:00,46.354683
2011-01-30 09:00:00,49.870808
2011-01-30 10:00:00,53.2661
2011-01-30 11:00:00,60.98134
2011-01-30 12:00:00,107.03262
2011-01-30 13:00:00,78.6118
2011-01-30 14:00:00,84.27574
2011-01-30 15:00:00,106.742874
2011-01-30 16:00:00,106.742874
2011-01-30 17:00:00,89.446304
2011-01-30 18:00:00,60.546684
2011-01-30 19:00:00,59.01801
2011-01-30 20:00:00,68.53645
2011-01-30 21:00:00,60.47128
2011-01-30 22:00:00,57.948692
2011-01-30 23:00:00,59.046402
2011-01-31 00:00:00,85.40143
2011-01-31 01:00:00,94.59616
2011-01-31 02:00:00,100.17937
2011-01-31 03:00:00,100.17937
2011-01-31 04:00:00,98.275696
2011-01-31 05:00:00,77.92239
2011-01-31 06:00:00,66.23683
2011-01-31 07:00:00,61.193287
2011-01-31 08:00:00,67.33774
2011-01-31 09:00:00,66.36514
2011-01-31 10:00:00,76.70769
2011-01-31 11:00:00,76.70769
2011-01-31 12:00:00,100.076035
2011-01-31 13:00:00,100.453766
2011-01-31 14:00:00,94.1799
2011-01-31 15:00:00,83.95189
2011-01-31 16:00:00,81.51239
2011-01-31 17:00:00,76.70769
2011-01-31 18:00:00,78.01164
2011-01-31 19:00:00,87.40315
2011-01-31 20:00:00,58.13892
2011-01-31 21:00:00,61.670498
2011-01-31 22:00:00,87.93114
2011-01-31 23:00:00,90.60031
2011-02-20 00:00:00,122.469315
2011-02-20 01:00:00,105.55269
2011-02-20 02:00:00,114.26761
2011-02-20 03:00:00,94.49861
2011-02-20 04:00:00,94.49861
2011-02-20 06:00:00,73.00386
2011-02-20 07:00:00,58.041965
2011-02-20 08:00:00,71.20744
2011-02-20 09:00:00,81.28088
2011-02-20 10:00:00,98.06137
2011-02-20 11:00:00,90.262314
2011-02-20 12:00:00,131.68329
2011-02-20 13:00:00,158.21191
2011-02-20 14:00:00,162.043
2011-02-20 15:00:00,170.95607
2011-02-20 16:00:00,173.04826
2011-02-20 17:00:00,174.15085
2011-02-20 18:00:00,94.709625
2011-02-20 19:00:00,94.709625
2011-02-20 20:00:00,88.03253
2011-02-20 21:00:00,87.3761
2011-02-20 22:00:00,99.482025
2011-02-20 23:00:00,87.884384
2011-02-21 00:00:00,133.52806
2011-02-21 01:00:00,133.52806
2011-02-21 02:00:00,133.52806
2011-02-21 03:00:00,133.09023
2011-02-21 04:00:00,132.66068
2011-02-21 05:00:00,100.5932
2011-02-21 06:00:00,128.78004
2011-02-21 07:00:00,129.93626
2011-02-21 08:00:00,141.84007
2011-02-21 09:00:00,139.07677
2011-02-21 10:00:00,133.51402
2011-02-21 11:00:00,109.61607
2011-02-21 12:00:00,106.648636
2011-02-21 13:00:00,75.48892
2011-02-21 14:00:00,91.73671
2011-02-21 15:00:00,128.15753
2011-02-21 16:00:00,88.814926
2011-02-21 17:00:00,95.62508
2011-02-21 18:00:00,54.95089
2011-02-21 19:00:00,54.95089
2011-02-21 20:00:00,64.661575
2011-02-21 21:00:00,73.27936
2011-02-21 22:00:00,67.705765
2011-02-21 23:00:00,67.705765
2011-02-22 06:00:00,46.075798
2011-02-22 07:00:00,46.075798
2011-02-22 08:00:00,48.065277
2011-02-22 09:00:00,51.344067
2011-02-22 10:00:00,96.10332
2011-02-22 11:00:00,89.09378
2011-02-22 12:00:00,91.57219
2011-02-22 13:00:00,91.51097
2011-02-22 14:00:00,92.12384
2011-02-22 15:00:00,90.57826
2011-02-22 16:00:00,89.31024
2011-02-22 17:00:00,92.909
2011-02-22 18:00:00,85.51134
2011-02-22 19:00:00,92.91719
2011-02-22 20:00:00,93.8183
2011-02-22 21:00:00,94.58319
2011-02-22 22:00:00,93.41771
2011-02-22 23:00:00,93.41771
2011-02-23 00:00:00,94.10832
2011-02-23 01:00:00,95.45477
2011-02-23 02:00:00,101.08688
2011-02-23 03:00:00,96.67401
2011-02-23 05:00:00,98.828186
2011-02-23 06:00:00,98.828186
2011-02-23 07:00:00,100.291306
2011-02-23 08:00:00,98.884796
2011-02-23 09:00:00,88.46352
2011-02-23 10:00:00,82.76338
2011-02-23 11:00:00,84.9812
2011-02-23 12:00:00,111.04234
2011-02-23 13:00:00,144.17375
2011-02-23 14:00:00,153.92456
2011-02-23 15:00:00,165.89401
2011-02-23 16:00:00,151.63074
2011-02-23 17:00:00,165.89401
2011-02-23 18:00:00,156.87006
2011-02-23 19:00:00,132.5637
2011-02-23 20:00:00,93.60762
2011-02-23 21:00:00,96.28517
2011-02-23 22:00:00,96.28517
2011-02-23 23:00:00,86.05472
2011-02-24 00:00:00,86.05472
2011-02-24 01:00:00,88.836044
2011-02-24 02:00:00,93.45764
2011-02-24 03:00:00,97.438705
2011-02-24 05:00:00,103.442245
2011-02-24 06:00:00,98.87018
2011-02-24 07:00:00,95.36665
2011-02-24 08:00:00,102.016754
2011-02-24 09:00:00,60.1114
2011-02-24 10:00:00,73.70099
2011-02-24 11:00:00,118.076706
2011-02-24 12:00:00,125.3123
2011-02-24 13:00:00,141.55717
2011-02-24 14:00:00,148.54604
2011-02-24 15:00:00,117.02197
2011-02-24 16:00:00,125.693054
2011-02-24 17:00:00,131.20705
2011-02-24 18:00:00,66.603516
2011-02-24 19:00:00,52.36838
2011-02-24 20:00:00,58.112637
2011-02-24 21:00:00,66.603516
2011-02-24 22:00:00,60.23868
2011-02-24 23:00:00,77.52649
2011-02-25 00:00:00,141.02425
2011-02-25 01:00:00,144.13405
2011-02-25 02:00:00,144.13405
2011-02-25 03:00:00,126.27359
2011-02-25 05:00:00,126.27359
2011-02-25 06:00:00,102.321014
2011-02-25 07:00:00,74.67703
2011-02-25 08:00:00,91.76677
2011-02-25 09:00:00,46.740868
2011-02-25 10:00:00,66.795166
2011-02-25 11:00:00,175.59291
2011-02-25 12:00:00,130.20966
2011-02-25 13:00:00,130.20966
2011-02-25 14:00:00,126.0759
2011-02-25 15:00:00,207.55478
2011-02-25 16:00:00,117.35834
2011-02-25 17:00:00,114.77104
2011-02-25 18:00:00,117.105804
2011-02-25 19:00:00,108.06235
2011-02-25 20:00:00,108.96486
2011-02-25 21:00:00,106.97449
2011-02-25 22:00:00,99.70087
2011-02-25 23:00:00,100.756165
2011-02-26 00:00:00,75.50554
2011-02-26 01:00:00,73.12749
2011-02-26 02:00:00,52.722042
2011-02-26 03:00:00,67.87988
2011-02-26 04:00:00,62.030186
2011-02-26 05:00:00,58.27639
2011-02-26 06:00:00,72.453064
2011-02-26 07:00:00,65.385345
2011-02-26 08:00:00,64.82442
2011-02-26 09:00:00,79.523224
2011-02-26 10:00:00,90.98523
2011-02-26 11:00:00,110.91052
2011-02-26 12:00:00,97.39838
2011-02-26 13:00:00,116.129745
2011-02-26 14:00:00,123.65256
2011-02-26 15:00:00,133.08484
2011-02-26 16:00:00,141.45268
2011-02-26 17:00:00,169.3582
2011-02-26 18:00:00,139.30817
2011-02-26 19:00:00,109.19473
2011-02-26 20:00:00,93.90282
2011-02-26 21:00:00,61.70895
2011-02-26 22:00:00,49.593075
2011-02-26 23:00:00,45.803722
2011-02-27 00:00:00,34.486618
2011-02-27 01:00:00,39.7634
2011-02-27 02:00:00,44.986835
2011-02-27 03:00:00,50.173473
2011-02-27 04:00:00,42.295776
2011-02-27 06:00:00,55.647602
2011-02-27 07:00:00,42.295776
2011-02-27 08:00:00,58.07867
2011-02-27 09:00:00,50.997013
2011-02-27 10:00:00,51.934605
2011-02-27 11:00:00,110.17673
2011-02-27 12:00:00,188.06226
2011-02-27 13:00:00,270.72717
2011-02-27 14:00:00,309.28012
2011-02-27 15:00:00,341.22525
2011-02-27 16:00:00,360.82227
2011-02-27 17:00:00,202.77925
2011-02-27 18:00:00,184.51436
2011-02-27 19:00:00,179.79593
2011-02-27 20:00:00,188.06226
2011-02-27 21:00:00,138.96754
2011-02-27 22:00:00,152.94514
2011-02-27 23:00:00,115.07129
2011-02-28 00:00:00,130.2125
2011-02-28 01:00:00,51.946316
2011-02-28 03:00:00,70.61589
2011-02-28 05:00:00,141.73866
2011-02-28 06:00:00,137.75519
2011-02-28 07:00:00,139.46884
2011-02-28 08:00:00,67.04596
2011-02-28 09:00:00,104.1767
2011-02-28 10:00:00,137.1153
2011-02-28 11:00:00,187.35078
2011-02-28 12:00:00,187.3508
2011-02-28 13:00:00,129.14139
2011-02-28 14:00:00,64.6772
2011-02-28 15:00:00,64.6772
2011-02-28 16:00:00,132.44992
2011-02-28 17:00:00,60.097687
2011-02-28 18:00:00,139.12311
2011-02-28 19:00:00,62.838444
2011-02-28 20:00:00,62.838444
2011-02-28 21:00:00,74.20619
2011-02-28 22:00:00,43.5722
2011-02-28 23:00:00,60.445858
2011-03-20 00:00:00,125.65552
2011-03-20 01:00:00,103.8441
2011-03-20 02:00:00,98.835144
2011-03-20 03:00:00,81.01611
2011-03-20 04:00:00,74.44937
2011-03-20 05:00:00,67.35675
2011-03-20 06:00:00,66.41182
2011-03-20 07:00:00,60.017643
2011-03-20 08:00:00,81.79199
2011-03-20 09:00:00,100.16789
2011-03-20 10:00:00,74.09119
2011-03-20 11:00:00,157.74649
2011-03-20 12:00:00,172.78111
2011-03-20 13:00:00,278.82257
2011-03-20 14:00:00,322.437
2011-03-20 15:00:00,272.17166
2011-03-20 16:00:00,365.00272
2011-03-20 17:00:00,205.068
2011-03-20 18:00:00,175.17229
2011-03-20 19:00:00,152.52528
2011-03-20 20:00:00,141.45268
2011-03-20 21:00:00,102.58719
2011-03-20 22:00:00,104.35965
2011-03-20 23:00:00,98.09064
2011-03-21 00:00:00,83.15372
2011-03-21 01:00:00,94.94916
2011-03-21 02:00:00,102.34067
2011-03-21 03:00:00,102.34067
2011-03-21 05:00:00,96.28763
2011-03-21 06:00:00,65.39075
2011-03-21 07:00:00,43.797462
2011-03-21 08:00:00,46.810295
2011-03-21 09:00:00,70.355225
2011-03-21 10:00:00,116.781815
2011-03-21 11:00:00,132.7564
2011-03-21 12:00:00,135.1671
2011-03-21 13:00:00,148.38585
2011-03-21 14:00:00,166.14143
2011-03-21 15:00:00,185.10416
2011-03-21 16:00:00,169.81232
2011-03-21 17:00:00,167.34283
2011-03-21 18:00:00,150.84152
2011-03-21 19:00:00,249.05472
2011-03-21 20:00:00,198.4976
2011-03-21 21:00:00,92.46947
2011-03-21 22:00:00,100.279175
2011-03-21 23:00:00,98.416306
2011-03-22 00:00:00,98.17743
2011-03-22 01:00:00,89.012115
2011-03-22 02:00:00,88.27281
2011-03-22 03:00:00,105.60217
2011-03-22 04:00:00,115.853424
2011-03-22 05:00:00,115.125534
2011-03-22 06:00:00,95.50342
2011-03-22 07:00:00,106.685
2011-03-22 08:00:00,134.19221
2011-03-22 09:00:00,124.565
2011-03-22 10:00:00,147.10608
2011-03-22 11:00:00,184.2197
2011-03-22 12:00:00,189.32224
2011-03-22 13:00:00,210.69456
2011-03-22 14:00:00,243.6755
2011-03-22 15:00:00,222.67592
2011-03-22 16:00:00,200.54349
2011-03-22 17:00:00,200.54349
2011-03-22 18:00:00,181.65744
2011-03-22 19:00:00,142.93684
2011-03-22 20:00:00,150.0335
2011-03-22 21:00:00,141.84575
2011-03-22 22:00:00,133.98373
2011-03-22 23:00:00,133.98373
2011-03-23 00:00:00,89.7016
2011-03-23 01:00:00,71.63606
2011-03-23 02:00:00,71.63606
2011-03-23 03:00:00,98.20856
2011-03-23 05:00:00,61.657536
2011-03-23 06:00:00,75.62222
2011-03-23 07:00:00,71.72775
2011-03-23 08:00:00,84.601425
2011-03-23 09:00:00,76.791214
2011-03-23 10:00:00,78.26738
2011-03-23 11:00:00,91.814926
2011-03-23 12:00:00,82.15076
2011-03-23 13:00:00,80.03772
2011-03-23 14:00:00,114.345245
2011-03-23 15:00:00,116.82437
2011-03-23 16:00:00,123.093445
2011-03-23 17:00:00,123.093445
2011-03-23 18:00:00,72.907166
2011-03-23 19:00:00,72.907166
2011-03-23 20:00:00,53.503826
2011-03-23 21:00:00,36.37279
2011-03-23 22:00:00,86.463165
2011-03-23 23:00:00,87.3313
2011-03-24 00:00:00,71.72775
2011-03-24 01:00:00,63.2627
2011-03-24 02:00:00,56.91689
2011-03-24 03:00:00,65.808395
2011-03-24 04:00:00,65.808395
2011-03-24 05:00:00,60.665165
2011-03-24 06:00:00,60.665165
2011-03-24 07:00:00,44.523624
2011-03-24 08:00:00,39.379997
2011-03-24 09:00:00,56.3829
2011-03-24 10:00:00,43.950794
2011-03-24 11:00:00,62.257042
2011-03-24 12:00:00,81.26723
2011-03-24 13:00:00,111.16402
2011-03-24 14:00:00,107.31671
2011-03-24 15:00:00,94.198685
2011-03-24 16:00:00,114.1602
2011-03-24 17:00:00,98.58867
2011-03-24 18:00:00,116.07797
2011-03-24 19:00:00,138.25458
2011-03-24 20:00:00,127.09973
2011-03-24 21:00:00,104.60315
2011-03-24 22:00:00,93.83069
2011-03-24 23:00:00,102.44971
2011-03-25 00:00:00,107.07944
2011-03-25 01:00:00,107.24864
2011-03-25 02:00:00,103.2224
2011-03-25 03:00:00,98.53905
2011-03-25 04:00:00,98.61928
2011-03-25 05:00:00,94.13925
2011-03-25 06:00:00,87.65219
2011-03-25 07:00:00,116.2733
2011-03-25 08:00:00,128.64629
2011-03-25 09:00:00,132.73816
2011-03-25 10:00:00,70.19505
2011-03-25 11:00:00,147.034
2011-03-25 12:00:00,145.58775
2011-03-25 13:00:00,141.47438
2011-03-25 14:00:00,203.57903
2011-03-25 15:00:00,124.56761
2011-03-25 16:00:00,133.33282
2011-03-25 17:00:00,131.53264
2011-03-25 18:00:00,142.82933
2011-03-25 19:00:00,120.81329
2011-03-25 20:00:00,81.028
2011-03-25 21:00:00,89.98418
2011-03-25 22:00:00,123.77881
2011-03-25 23:00:00,114.27945
2011-03-26 00:00:00,75.86623
2011-03-26 01:00:00,107.92851
2011-03-26 02:00:00,85.46547
2011-03-26 03:00:00,69.263245
2011-03-26 04:00:00,85.46547
2011-03-26 05:00:00,60.161625
2011-03-26 06:00:00,49.658844
2011-03-26 07:00:00,60.16162
2011-03-26 08:00:00,72.26381
2011-03-26 09:00:00,74.08246
2011-03-26 10:00:00,86.898865
2011-03-26 11:00:00,84.434494
2011-03-26 12:00:00,95.13371
2011-03-26 13:00:00,100.98154
2011-03-26 14:00:00,105.45941
2011-03-26 15:00:00,96.675476
2011-03-26 16:00:00,94.20323
2011-03-26 17:00:00,88.64859
2011-03-26 18:00:00,56.831516
2011-03-26 19:00:00,88.30748
2011-03-26 20:00:00,88.30748
2011-03-26 21:00:00,70.19151
2011-03-26 22:00:00,73.5683
2011-03-26 23:00:00,89.548904
2011-03-27 00:00:00,56.128975
2011-03-27 01:00:00,69.08179
2011-03-27 02:00:00,47.54751
2011-03-27 03:00:00,36.08679
2011-03-27 04:00:00,33.422855
2011-03-27 06:00:00,30.04361
2011-03-27 07:00:00,29.058437
2011-03-27 08:00:00,32.537266
2011-03-27 09:00:00,54.761612
2011-03-27 10:00:00,61.87392
2011-03-27 11:00:00,63.07749
2011-03-27 12:00:00,77.85487
2011-03-27 13:00:00,103.47987
2011-03-27 14:00:00,91.71121
2011-03-27 15:00:00,115.11044
2011-03-27 16:00:00,38.13698
2011-03-27 17:00:00,107.10361
2011-03-27 18:00:00,86.70015
2011-03-27 19:00:00,90.410965
2011-03-27 20:00:00,81.708725
2011-03-27 21:00:00,86.898865
2011-03-27 22:00:00,86.898865
2011-03-27 23:00:00,94.00279
2011-03-28 00:00:00,111.42561
2011-03-28 01:00:00,112.13846
2011-03-28 02:00:00,104.841156
2011-03-28 03:00:00,104.841156
2011-03-28 05:00:00,115.45636
2011-03-28 06:00:00,129.40897
2011-03-28 07:00:00,141.18352
2011-03-28 08:00:00,125.03772
2011-03-28 09:00:00,88.23276
2011-03-28 10:00:00,137.11668
2011-03-28 11:00:00,103.48192
2011-03-28 12:00:00,65.46802
2011-03-28 13:00:00,107.6888
2011-03-28 14:00:00,188.27211
2011-03-28 15:00:00,190.3824
2011-03-28 16:00:00,198.94038
2011-03-28 17:00:00,203.03558
2011-03-28 18:00:00,194.51534
2011-03-28 19:00:00,163.77007
2011-03-28 20:00:00,174.11227
2011-03-28 21:00:00,181.73882
2011-03-28 22:00:00,177.1924
2011-03-28 23:00:00,168.6886
2011-03-29 00:00:00,155.63618
2011-03-29 01:00:00,145.16963
2011-03-29 02:00:00,145.16963
2011-03-29 03:00:00,145.16963
2011-03-29 04:00:00,105.059586
2011-03-29 05:00:00,130.73329
2011-03-29 06:00:00,131.47923
2011-03-29 07:00:00,138.52168
2011-03-29 08:00:00,154.90047
2011-03-29 09:00:00,169.64958
2011-03-29 10:00:00,178.91772
2011-03-29 11:00:00,136.3592
2011-03-29 12:00:00,193.8256
2011-03-29 13:00:00,200.2803
2011-03-29 14:00:00,210.38382
2011-03-29 15:00:00,226.19576
2011-03-29 16:00:00,226.91997
2011-03-29 17:00:00,239.90329
2011-03-29 18:00:00,196.27025
2011-03-29 19:00:00,198.68456
2011-03-29 20:00:00,196.27025
2011-03-29 21:00:00,107.9483
2011-03-29 22:00:00,96.66086
2011-03-29 23:00:00,94.77911
2011-03-30 00:00:00,64.00394
2011-03-30 01:00:00,105.16667
2011-03-30 02:00:00,64.00394
2011-03-30 03:00:00,63.498287
2011-03-30 04:00:00,64.00394
2011-03-30 05:00:00,115.027435
2011-03-30 06:00:00,93.78415
2011-03-30 07:00:00,77.2831
2011-03-30 08:00:00,103.71742
2011-03-30 09:00:00,119.073105
2011-03-30 10:00:00,121.54982
2011-03-30 11:00:00,126.57944
2011-03-30 12:00:00,102.947876
2011-03-30 13:00:00,123.976074
2011-03-30 14:00:00,134.2722
2011-03-30 15:00:00,49.36341
2011-03-30 16:00:00,48.16
2011-03-30 17:00:00,59.48619
2011-03-30 18:00:00,56.3829
2011-03-30 19:00:00,56.3829
2011-03-30 20:00:00,41.280975
2011-03-30 21:00:00,50.033966
2011-03-30 22:00:00,45.42957
2011-03-30 23:00:00,41.999214
2011-03-31 00:00:00,45.42957
2011-03-31 01:00:00,48.002457
2011-03-31 02:00:00,48.002457
2011-03-31 03:00:00,45.42957
2011-03-31 04:00:00,43.689148
2011-03-31 05:00:00,45.42957
2011-03-31 06:00:00,41.280975
2011-03-31 07:00:00,43.689148
2011-03-31 08:00:00,50.019638
2011-03-31 09:00:00,44.161396
2011-03-31 10:00:00,44.161396
2011-03-31 11:00:00,50.550617
2011-03-31 12:00:00,50.550617
2011-03-31 13:00:00,68.6124
2011-03-31 14:00:00,68.6124
2011-03-31 15:00:00,46.58526
2011-03-31 16:00:00,63.792725
2011-03-31 17:00:00,63.792725
2011-03-31 18:00:00,92.597824
2011-03-31 19:00:00,92.597824
2011-03-31 20:00:00,43.348366
2011-03-31 21:00:00,75.47063
2011-03-31 22:00:00,45.421303
2011-03-31 23:00:00,49.588753
2011-04-20 00:00:00,93.17459
2011-04-20 01:00:00,89.121994
2011-04-20 02:00:00,89.121994
2011-04-20 03:00:00,81.074356
2011-04-20 04:00:00,90.020935
2011-04-20 05:00:00,88.186356
2011-04-20 06:00:00,89.121994
2011-04-20 07:00:00,80.3761
2011-04-20 08:00:00,266.39978
2011-04-20 09:00:00,307.1918
2011-04-20 10:00:00,186.27928
2011-04-20 11:00:00,186.27928
2011-04-20 12:00:00,372.74152
2011-04-20 13:00:00,372.74152
2011-04-20 14:00:00,346.4548
2011-04-20 15:00:00,307.41434
2011-04-20 16:00:00,307.41434
2011-04-20 17:00:00,292.80652
2011-04-20 18:00:00,361.78848
2011-04-20 19:00:00,403.9675
2011-04-20 20:00:00,347.53796
2011-04-20 21:00:00,372.75204
2011-04-20 22:00:00,329.12753
2011-04-20 23:00:00,332.1964
2011-04-21 00:00:00,281.19263
2011-04-21 01:00:00,223.97224
2011-04-21 02:00:00,251.34222
2011-04-21 03:00:00,158.78902
2011-04-21 04:00:00,144.56903
2011-04-21 05:00:00,137.16841
2011-04-21 06:00:00,125.65607
2011-04-21 07:00:00,150.97363
2011-04-21 08:00:00,137.89766
2011-04-21 09:00:00,141.27786
2011-04-21 10:00:00,200.6695
2011-04-21 11:00:00,205.73969
2011-04-21 12:00:00,205.79826
2011-04-21 13:00:00,270.53943
2011-04-21 14:00:00,284.93143
2011-04-21 15:00:00,318.3811
2011-04-21 16:00:00,324.71347
2011-04-21 17:00:00,275.4288
2011-04-21 18:00:00,310.04825
2011-04-21 19:00:00,276.80554
2011-04-21 20:00:00,229.54303
2011-04-21 21:00:00,156.8209
2011-04-21 22:00:00,168.9322
2011-04-21 23:00:00,142.09369
2011-04-22 00:00:00,112.82713
2011-04-22 01:00:00,143.13048
2011-04-22 02:00:00,153.80194
2011-04-22 03:00:00,153.80194
2011-04-22 04:00:00,145.21774
2011-04-22 05:00:00,131.83032
2011-04-22 06:00:00,145.21776
2011-04-22 07:00:00,120.18753
2011-04-22 08:00:00,118.50281
2011-04-22 09:00:00,89.7491
2011-04-22 10:00:00,115.320175
2011-04-22 11:00:00,84.557724
2011-04-22 12:00:00,82.47739
2011-04-22 13:00:00,65.957855
2011-04-22 14:00:00,55.594204
2011-04-22 15:00:00,65.957855
2011-04-22 16:00:00,80.03775
2011-04-22 17:00:00,50.84363
2011-04-22 18:00:00,50.84363
2011-04-22 19:00:00,50.84363
2011-04-22 20:00:00,55.823143
2011-04-22 21:00:00,57.691807
2011-04-22 22:00:00,57.92308
2011-04-22 23:00:00,76.63631
2011-04-23 00:00:00,43.839672
2011-04-23 01:00:00,43.839672
2011-04-23 02:00:00,56.50979
2011-04-23 03:00:00,58.36205
2011-04-23 04:00:00,54.742443
2011-04-23 05:00:00,54.742443
2011-04-23 06:00:00,47.06961
2011-04-23 07:00:00,56.468014
2011-04-23 08:00:00,45.36502
2011-04-23 09:00:00,54.10733
2011-04-23 10:00:00,92.22458
2011-04-23 11:00:00,136.14674
2011-04-23 12:00:00,127.99281
2011-04-23 13:00:00,123.7957
2011-04-23 14:00:00,188.28105
2011-04-23 15:00:00,239.6326
2011-04-23 16:00:00,208.87749
2011-04-23 17:00:00,234.89104
2011-04-23 18:00:00,119.691574
2011-04-23 19:00:00,137.39337
2011-04-23 20:00:00,168.48293
2011-04-23 21:00:00,195.84363
2011-04-23 22:00:00,203.22728
2011-04-23 23:00:00,146.49272
2011-04-24 00:00:00,95.08154
2011-04-24 01:00:00,74.01671
2011-04-24 02:00:00,74.01671
2011-04-24 03:00:00,48.531338
2011-04-24 04:00:00,48.531338
2011-04-24 05:00:00,48.531338
2011-04-24 06:00:00,89.285126
2011-04-24 07:00:00,89.285126
2011-04-24 08:00:00,66.6788
2011-04-24 09:00:00,96.88382
2011-04-24 10:00:00,116.25807
2011-04-24 11:00:00,206.62459
2011-04-24 12:00:00,285.34097
2011-04-24 13:00:00,362.35416
2011-04-24 14:00:00,410.5096
2011-04-24 15:00:00,298.99115
2011-04-24 16:00:00,513.1815
2011-04-24 17:00:00,296.5353
2011-04-24 18:00:00,179.42336
2011-04-24 19:00:00,161.95033
2011-04-24 20:00:00,161.95033
2011-04-24 21:00:00,132.47536
2011-04-24 22:00:00,132.51436
2011-04-24 23:00:00,124.65561
2011-04-25 00:00:00,102.2453
2011-04-25 01:00:00,84.6906
2011-04-25 02:00:00,84.6906
2011-04-25 03:00:00,150.32391
2011-04-25 04:00:00,137.81337
2011-04-25 05:00:00,136.02315
2011-04-25 06:00:00,137.58672
2011-04-25 07:00:00,153.05046
2011-04-25 08:00:00,117.745926
2011-04-25 09:00:00,143.18224
2011-04-25 10:00:00,237.20113
2011-04-25 11:00:00,237.20113
2011-04-25 12:00:00,254.84863
2011-04-25 13:00:00,302.27228
2011-04-25 14:00:00,352.99796
2011-04-25 15:00:00,371.62173
2011-04-25 16:00:00,367.61838
2011-04-25 17:00:00,370.3276
2011-04-25 18:00:00,340.13022
2011-04-25 19:00:00,316.9603
2011-04-25 20:00:00,307.1918
2011-04-25 21:00:00,243.53053
2011-04-25 22:00:00,221.1673
2011-04-25 23:00:00,185.9538
2011-04-26 00:00:00,246.1123
2011-04-26 01:00:00,228.80962
2011-04-26 02:00:00,172.48842
2011-04-26 03:00:00,136.99214
2011-04-26 04:00:00,155.30232
2011-04-26 05:00:00,130.30229
2011-04-26 06:00:00,131.52248
2011-04-26 07:00:00,174.11345
2011-04-26 08:00:00,174.11343
2011-04-26 09:00:00,254.1068
2011-04-26 10:00:00,283.17435
2011-04-26 11:00:00,314.41428
2011-04-26 12:00:00,343.9271
2011-04-26 13:00:00,376.0741
2011-04-26 14:00:00,385.6841
2011-04-26 15:00:00,353.578
2011-04-26 16:00:00,356.10544
2011-04-26 17:00:00,329.777
2011-04-26 18:00:00,310.5497
2011-04-26 19:00:00,261.5018
2011-04-26 20:00:00,254.1068
2011-04-26 21:00:00,210.3168
2011-04-26 22:00:00,171.5036
2011-04-26 23:00:00,177.7288
2011-04-27 00:00:00,174.38097
2011-04-27 01:00:00,175.21526
2011-04-27 02:00:00,146.46133
2011-04-27 03:00:00,180.38002
2011-04-27 04:00:00,117.25368
2011-04-27 05:00:00,166.48343
2011-04-27 06:00:00,119.26404
2011-04-27 07:00:00,180.38002
2011-04-27 08:00:00,182.72748
2011-04-27 09:00:00,191.69936
2011-04-27 10:00:00,188.27061
2011-04-27 11:00:00,200.75662
2011-04-27 12:00:00,241.59212
2011-04-27 13:00:00,221.04468
2011-04-27 14:00:00,283.55652
2011-04-27 15:00:00,325.3151
2011-04-27 16:00:00,324.73196
2011-04-27 17:00:00,148.65495
2011-04-27 18:00:00,148.65495
2011-04-27 19:00:00,210.3168
2011-04-27 20:00:00,200.65283
2011-04-27 21:00:00,168.02089
2011-04-27 22:00:00,199.11559
2011-04-27 23:00:00,200.661
2011-04-28 00:00:00,227.19452
2011-04-28 01:00:00,204.71883
2011-04-28 02:00:00,201.67078
2011-04-28 03:00:00,209.23497
2011-04-28 04:00:00,203.06744
2011-04-28 05:00:00,204.71883
2011-04-28 06:00:00,211.68733
2011-04-28 07:00:00,212.35472
2011-04-28 08:00:00,217.59702
2011-04-28 09:00:00,135.93704
2011-04-28 10:00:00,193.59982
2011-04-28 11:00:00,188.27061
2011-04-28 12:00:00,193.53647
2011-04-28 13:00:00,190.78085
2011-04-28 14:00:00,190.1616
2011-04-28 15:00:00,281.5735
2011-04-28 16:00:00,211.42233
2011-04-28 17:00:00,333.5816
2011-04-28 18:00:00,333.5816
2011-04-28 19:00:00,327.91574
2011-04-28 20:00:00,273.6003
2011-04-28 21:00:00,235.53728
2011-04-28 22:00:00,228.33257
2011-04-28 23:00:00,237.90314
2011-04-29 00:00:00,264.34967
2011-04-29 01:00:00,192.37756
2011-04-29 02:00:00,140.87508
2011-04-29 03:00:00,143.85893
2011-04-29 04:00:00,155.90587
2011-04-29 05:00:00,163.53064
2011-04-29 06:00:00,225.2973
2011-04-29 07:00:00,230.51196
2011-04-29 08:00:00,279.68936
2011-04-29 09:00:00,282.99017
2011-04-29 10:00:00,283.06583
2011-04-29 11:00:00,321.75134
2011-04-29 12:00:00,298.60483
2011-04-29 13:00:00,302.18106
2011-04-29 14:00:00,349.48233
2011-04-29 15:00:00,236.11192
2011-04-29 16:00:00,214.73817
2011-04-29 17:00:00,190.15744
2011-04-29 18:00:00,238.52992
2011-04-29 19:00:00,184.11598
2011-04-29 20:00:00,189.41536
2011-04-29 21:00:00,164.87517
2011-04-29 22:00:00,132.41714
2011-04-29 23:00:00,131.4825
2011-04-30 00:00:00,138.44838
2011-04-30 01:00:00,135.83276
2011-04-30 02:00:00,140.82057
2011-04-30 03:00:00,133.43277
2011-04-30 04:00:00,130.27365
2011-04-30 05:00:00,156.82356
2011-04-30 06:00:00,122.309814
2011-04-30 07:00:00,147.01057
2011-04-30 08:00:00,134.62242
2011-04-30 09:00:00,172.93968
2011-04-30 10:00:00,234.55786
2011-04-30 11:00:00,249.05615
2011-04-30 12:00:00,263.89767
2011-04-30 13:00:00,302.97458
2011-04-30 14:00:00,300.84772
2011-04-30 15:00:00,336.54593
2011-04-30 16:00:00,393.18008
2011-04-30 17:00:00,279.05518
2011-04-30 18:00:00,261.33743
2011-04-30 19:00:00,261.33743
2011-04-30 20:00:00,98.9082
2011-04-30 21:00:00,98.9082
2011-04-30 22:00:00,85.421936
2011-04-30 23:00:00,85.421936
2011-05-20 00:00:00,91.95685
2011-05-20 01:00:00,76.4485
2011-05-20 02:00:00,86.16193
2011-05-20 03:00:00,78.17038
2011-05-20 04:00:00,88.27281
2011-05-20 05:00:00,88.08508
2011-05-20 06:00:00,98.021164
2011-05-20 07:00:00,136.0979
2011-05-20 08:00:00,145.57039
2011-05-20 09:00:00,184.69032
2011-05-20 10:00:00,198.4976
2011-05-20 11:00:00,199.54808
2011-05-20 12:00:00,225.64343
2011-05-20 13:00:00,182.25584
2011-05-20 14:00:00,290.8338
2011-05-20 15:00:00,231.35037
2011-05-20 16:00:00,237.04408
2011-05-20 17:00:00,190.59184
2011-05-20 18:00:00,257.42746
2011-05-20 19:00:00,187.46378
2011-05-20 20:00:00,193.43962
2011-05-20 21:00:00,188.21596
2011-05-20 22:00:00,140.68799
2011-05-20 23:00:00,164.92517
2011-05-21 00:00:00,82.112686
2011-05-21 01:00:00,66.98776
2011-05-21 02:00:00,85.96568
2011-05-21 03:00:00,76.46358
2011-05-21 04:00:00,57.046085
2011-05-21 05:00:00,53.84278
2011-05-21 06:00:00,81.766174
2011-05-21 07:00:00,96.83696
2011-05-21 08:00:00,198.31934
2011-05-21 09:00:00,231.70593
2011-05-21 10:00:00,201.78227
2011-05-21 11:00:00,284.4386
2011-05-21 12:00:00,325.1699
2011-05-21 13:00:00,401.26816
2011-05-21 14:00:00,448.88812
2011-05-21 15:00:00,452.05664
2011-05-21 16:00:00,495.96667
2011-05-21 17:00:00,410.33444
2011-05-21 18:00:00,356.13983
2011-05-21 19:00:00,373.8587
2011-05-21 20:00:00,200.17505
2011-05-21 21:00:00,201.78227
2011-05-21 22:00:00,146.07957
2011-05-21 23:00:00,84.69336
2011-05-22 00:00:00,81.151855
2011-05-22 01:00:00,57.33033
2011-05-22 02:00:00,54.182278
2011-05-22 03:00:00,43.909153
2011-05-22 04:00:00,40.36082
2011-05-22 05:00:00,43.909153
2011-05-22 06:00:00,54.182278
2011-05-22 07:00:00,76.89909
2011-05-22 08:00:00,108.586075
2011-05-22 09:00:00,148.68323
2011-05-22 10:00:00,190.92207
2011-05-22 11:00:00,336.72748
2011-05-22 12:00:00,347.74142
2011-05-22 13:00:00,295.39932
2011-05-22 14:00:00,153.25009
2011-05-22 15:00:00,232.0449
2011-05-22 16:00:00,249.73064
2011-05-22 17:00:00,344.89398
2011-05-22 18:00:00,282.30426
2011-05-22 19:00:00,264.88422
2011-05-22 20:00:00,205.01297
2011-05-22 21:00:00,160.64948
2011-05-22 22:00:00,88.312454
2011-05-22 23:00:00,148.01366
2011-05-23 00:00:00,152.52399
2011-05-23 01:00:00,117.745926
2011-05-23 02:00:00,100.8898
2011-05-23 03:00:00,110.14935
2011-05-23 04:00:00,137.38779
2011-05-23 05:00:00,137.38779
2011-05-23 06:00:00,138.16061
2011-05-23 07:00:00,155.1026
2011-05-23 08:00:00,140.75406
2011-05-23 09:00:00,151.23726
2011-05-23 10:00:00,264.29437
2011-05-23 11:00:00,303.6528
2011-05-23 12:00:00,303.6528
2011-05-23 13:00:00,279.5454
2011-05-23 14:00:00,261.09317
2011-05-23 15:00:00,263.4916
2011-05-23 16:00:00,273.78995
2011-05-23 17:00:00,195.65117
2011-05-23 18:00:00,300.21777
2011-05-23 19:00:00,265.321
2011-05-23 20:00:00,185.18953
2011-05-23 21:00:00,158.63113
2011-05-23 22:00:00,127.66937
2011-05-23 23:00:00,170.3793
2011-05-24 00:00:00,170.72426
2011-05-24 01:00:00,165.43947
2011-05-24 02:00:00,170.72426
2011-05-24 03:00:00,156.62645
2011-05-24 04:00:00,122.856995
2011-05-24 05:00:00,174.98967
2011-05-24 06:00:00,168.57446
2011-05-24 07:00:00,124.58635
2011-05-24 08:00:00,112.74463
2011-05-24 09:00:00,202.0016
2011-05-24 10:00:00,357.0473
2011-05-24 11:00:00,371.62173
2011-05-24 12:00:00,373.23624
2011-05-24 13:00:00,400.06653
2011-05-24 14:00:00,399.47708
2011-05-24 15:00:00,231.02461
2011-05-24 16:00:00,249.29582
2011-05-24 17:00:00,240.41565
2011-05-24 18:00:00,264.31943
2011-05-24 19:00:00,228.87021
2011-05-24 20:00:00,184.38953
2011-05-24 21:00:00,158.9161
2011-05-24 22:00:00,109.241776
2011-05-24 23:00:00,141.76485
2011-05-25 00:00:00,108.94997
2011-05-25 01:00:00,101.342285
2011-05-25 02:00:00,140.0334
2011-05-25 03:00:00,91.22719
2011-05-25 04:00:00,86.76286
2011-05-25 05:00:00,116.21884
2011-05-25 06:00:00,99.51837
2011-05-25 07:00:00,191.4635
2011-05-25 08:00:00,252.24379
2011-05-25 09:00:00,216.40858
2011-05-25 10:00:00,232.62303
2011-05-25 11:00:00,281.40582
2011-05-25 12:00:00,298.43494
2011-05-25 13:00:00,298.43494
2011-05-25 14:00:00,318.55878
2011-05-25 15:00:00,396.89297
2011-05-25 16:00:00,409.454
2011-05-25 17:00:00,371.62173
2011-05-25 18:00:00,337.69705
2011-05-25 19:00:00,256.9767
2011-05-25 20:00:00,277.30423
2011-05-25 21:00:00,220.97078
2011-05-25 22:00:00,281.38348
2011-05-25 23:00:00,199.22757
2011-05-26 00:00:00,199.22758
2011-05-26 01:00:00,199.22758
2011-05-26 02:00:00,140.28105
2011-05-26 03:00:00,121.461426
2011-05-26 04:00:00,112.035324
2011-05-26 05:00:00,159.02852
2011-05-26 06:00:00,159.79987
2011-05-26 07:00:00,186.68819
2011-05-26 08:00:00,180.96309
2011-05-26 09:00:00,260.25784
2011-05-26 10:00:00,300.21777
2011-05-26 11:00:00,321.68503
2011-05-26 12:00:00,401.6775
2011-05-26 13:00:00,355.81458
2011-05-26 14:00:00,355.81458
2011-05-26 15:00:00,300.83167
2011-05-26 16:00:00,295.75723
2011-05-26 17:00:00,375.16214
2011-05-26 18:00:00,373.96512
2011-05-26 19:00:00,398.1885
2011-05-26 20:00:00,297.1099
2011-05-26 21:00:00,239.38121
2011-05-26 22:00:00,246.95544
2011-05-26 23:00:00,282.86398
2011-05-27 00:00:00,293.08624
2011-05-27 01:00:00,362.22653
2011-05-27 02:00:00,307.22614
2011-05-27 03:00:00,209.21213
2011-05-27 04:00:00,213.0619
2011-05-27 05:00:00,270.03357
2011-05-27 06:00:00,192.36473
2011-05-27 07:00:00,211.41902
2011-05-27 08:00:00,265.06296
2011-05-27 09:00:00,340.61206
2011-05-27 10:00:00,384.0981
2011-05-27 11:00:00,294.88983
2011-05-27 12:00:00,297.55246
2011-05-27 13:00:00,326.73914
2011-05-27 14:00:00,386.16504
2011-05-27 15:00:00,398.06537
2011-05-27 16:00:00,300.5911
2011-05-27 17:00:00,398.78214
2011-05-27 18:00:00,273.78995
2011-05-27 19:00:00,120.821
2011-05-27 20:00:00,201.86945
2011-05-27 21:00:00,136.55215
2011-05-27 22:00:00,164.66216
2011-05-27 23:00:00,124.15669
2011-05-28 00:00:00,81.15074
2011-05-28 01:00:00,86.324875
2011-05-28 02:00:00,78.63748
2011-05-28 03:00:00,89.17021
2011-05-28 04:00:00,96.88382
2011-05-28 05:00:00,89.17021
2011-05-28 06:00:00,129.1087
2011-05-28 07:00:00,135.73526
2011-05-28 08:00:00,136.04114
2011-05-28 09:00:00,206.68468
2011-05-28 10:00:00,281.58438
2011-05-28 11:00:00,281.58438
2011-05-28 12:00:00,356.49933
2011-05-28 13:00:00,318.23965
2011-05-28 14:00:00,350.3575
2011-05-28 15:00:00,372.51486
2011-05-28 16:00:00,414.36295
2011-05-28 17:00:00,411.01413
2011-05-28 18:00:00,335.77658
2011-05-28 19:00:00,263.904
2011-05-28 20:00:00,281.58438
2011-05-28 21:00:00,238.2196
2011-05-28 22:00:00,165.6734
2011-05-28 23:00:00,116.74269
2011-05-29 00:00:00,129.85947
2011-05-29 01:00:00,87.14795
2011-05-29 02:00:00,79.81154
2011-05-29 03:00:00,79.81154
2011-05-29 04:00:00,76.62103
2011-05-29 05:00:00,76.50339
2011-05-29 06:00:00,162.46062
2011-05-29 07:00:00,184.10527
2011-05-29 08:00:00,173.57642
2011-05-29 09:00:00,164.78966
2011-05-29 10:00:00,197.83138
2011-05-29 11:00:00,222.88304
2011-05-29 12:00:00,248.93446
2011-05-29 13:00:00,300.50565
2011-05-29 14:00:00,311.71692
2011-05-29 15:00:00,320.53183
2011-05-29 16:00:00,311.71692
2011-05-29 17:00:00,311.71692
2011-05-29 18:00:00,279.10828
2011-05-29 19:00:00,261.41934
2011-05-29 20:00:00,178.98192
2011-05-29 21:00:00,129.29419
2011-05-29 22:00:00,87.57466
2011-05-29 23:00:00,94.276276
2011-05-30 00:00:00,79.849686
2011-05-30 01:00:00,66.57556
2011-05-30 02:00:00,79.849686
2011-05-30 03:00:00,79.849686
2011-05-30 04:00:00,69.73729
2011-05-30 05:00:00,129.01727
2011-05-30 06:00:00,130.79445
2011-05-30 07:00:00,113.86272
2011-05-30 08:00:00,149.6476
2011-05-30 09:00:00,126.936356
2011-05-30 10:00:00,417.69882
2011-05-30 11:00:00,431.08215
2011-05-30 12:00:00,486.47275
2011-05-30 13:00:00,480.95825
2011-05-30 14:00:00,483.48514
2011-05-30 15:00:00,508.39975
2011-05-30 16:00:00,500.74393
2011-05-30 17:00:00,491.07132
2011-05-30 18:00:00,489.02188
2011-05-30 19:00:00,211.66995
2011-05-30 20:00:00,311.0621
2011-05-30 21:00:00,183.25832
2011-05-30 22:00:00,136.68486
2011-05-30 23:00:00,85.22165
2011-05-31 00:00:00,180.5384
2011-05-31 01:00:00,134.63103
2011-05-31 02:00:00,171.63866
2011-05-31 03:00:00,148.94887
2011-05-31 04:00:00,146.19458
2011-05-31 05:00:00,146.19458
2011-05-31 06:00:00,170.94264
2011-05-31 07:00:00,245.05519
2011-05-31 08:00:00,304.2061
2011-05-31 09:00:00,327.10266
2011-05-31 10:00:00,328.7346
2011-05-31 11:00:00,289.35883
2011-05-31 12:00:00,308.79178
2011-05-31 13:00:00,277.6615
2011-05-31 14:00:00,299.8888
2011-05-31 15:00:00,282.49374
2011-05-31 16:00:00,277.23495
2011-05-31 17:00:00,333.58624
2011-05-31 18:00:00,329.29843
2011-05-31 19:00:00,271.7878
2011-05-31 20:00:00,271.7878
2011-05-31 21:00:00,252.22899
2011-05-31 22:00:00,267.8605
2011-05-31 23:00:00,190.309
2011-06-20 00:00:00,169.29286
2011-06-20 01:00:00,125.20575
2011-06-20 02:00:00,125.20575
2011-06-20 03:00:00,94.7785
2011-06-20 04:00:00,97.51849
2011-06-20 05:00:00,101.066925
2011-06-20 06:00:00,104.97232
2011-06-20 07:00:00,106.70186
2011-06-20 08:00:00,102.14673
2011-06-20 09:00:00,181.02788
2011-06-20 10:00:00,181.02788
2011-06-20 11:00:00,159.42519
2011-06-20 12:00:00,186.08815
2011-06-20 13:00:00,209.15913
2011-06-20 14:00:00,225.43051
2011-06-20 15:00:00,240.74274
2011-06-20 16:00:00,287.71863
2011-06-20 17:00:00,208.9689
2011-06-20 18:00:00,336.47095
2011-06-20 19:00:00,282.01852
2011-06-20 20:00:00,263.90396
2011-06-20 21:00:00,211.41902
2011-06-20 22:00:00,208.27837
2011-06-20 23:00:00,211.42233
2011-06-21 00:00:00,131.49005
2011-06-21 01:00:00,159.9481
2011-06-21 02:00:00,130.10806
2011-06-21 03:00:00,130.10806
2011-06-21 04:00:00,104.67523
2011-06-21 05:00:00,111.53749
2011-06-21 06:00:00,111.53749
2011-06-21 07:00:00,84.26097
2011-06-21 08:00:00,107.68483
2011-06-21 09:00:00,142.56964
2011-06-21 10:00:00,150.45517
2011-06-21 11:00:00,117.81116
2011-06-21 12:00:00,181.40973
2011-06-21 13:00:00,228.77594
2011-06-21 14:00:00,293.85004
2011-06-21 15:00:00,325.33325
2011-06-21 16:00:00,303.70764
2011-06-21 17:00:00,285.64877
2011-06-21 18:00:00,255.29735
2011-06-21 19:00:00,235.37407
2011-06-21 20:00:00,258.1252
2011-06-21 21:00:00,205.63411
2011-06-21 22:00:00,132.4294
2011-06-21 23:00:00,161.99272
2011-06-22 00:00:00,148.34055
2011-06-22 01:00:00,129.33936
2011-06-22 02:00:00,104.20216
2011-06-22 03:00:00,129.33936
2011-06-22 04:00:00,77.51901
2011-06-22 05:00:00,59.596478
2011-06-22 06:00:00,80.59476
2011-06-22 07:00:00,106.540085
2011-06-22 08:00:00,171.20248
2011-06-22 09:00:00,166.22292
2011-06-22 10:00:00,262.5396
2011-06-22 11:00:00,213.49141
2011-06-22 12:00:00,294.14813
2011-06-22 13:00:00,317.94153
2011-06-22 14:00:00,338.80597
2011-06-22 15:00:00,326.90726
2011-06-22 16:00:00,322.03033
2011-06-22 17:00:00,340.4677
2011-06-22 18:00:00,300.00604
2011-06-22 19:00:00,323.28064
2011-06-22 20:00:00,189.15068
2011-06-22 21:00:00,175.91342
2011-06-22 22:00:00,199.01343
2011-06-22 23:00:00,205.5799
2011-06-23 00:00:00,189.62949
2011-06-23 01:00:00,217.58168
2011-06-23 02:00:00,217.58168
2011-06-23 03:00:00,215.09846
2011-06-23 04:00:00,179.20116
2011-06-23 05:00:00,193.6776
2011-06-23 06:00:00,193.6776
2011-06-23 07:00:00,206.10512
2011-06-23 08:00:00,240.5915
2011-06-23 09:00:00,227.91647
2011-06-23 10:00:00,248.12927
2011-06-23 11:00:00,283.3707
2011-06-23 12:00:00,272.94858
2011-06-23 13:00:00,283.69583
2011-06-23 14:00:00,276.17618
2011-06-23 15:00:00,330.13974
2011-06-23 16:00:00,286.76218
2011-06-23 17:00:00,256.62448
2011-06-23 18:00:00,295.28122
2011-06-23 19:00:00,302.27026
2011-06-23 20:00:00,204.73055
2011-06-23 21:00:00,192.97946
2011-06-23 22:00:00,223.79808
2011-06-23 23:00:00,235.8219
2011-06-24 00:00:00,152.08939
2011-06-24 01:00:00,164.87659
2011-06-24 02:00:00,164.87659
2011-06-24 03:00:00,117.81116
2011-06-24 04:00:00,95.66991
2011-06-24 05:00:00,71.821594
2011-06-24 06:00:00,107.57463
2011-06-24 07:00:00,165.54254
2011-06-24 08:00:00,204.73055
2011-06-24 09:00:00,230.40837
2011-06-24 10:00:00,314.30072
2011-06-24 11:00:00,310.85107
2011-06-24 12:00:00,321.64795
2011-06-24 13:00:00,328.8062
2011-06-24 14:00:00,341.8645
2011-06-24 15:00:00,281.7848
2011-06-24 16:00:00,288.83902
2011-06-24 17:00:00,370.0702
2011-06-24 18:00:00,344.8348
2011-06-24 19:00:00,377.1094
2011-06-24 20:00:00,330.6118
2011-06-24 21:00:00,296.3502
2011-06-24 22:00:00,234.91301
2011-06-24 23:00:00,278.26187
2011-06-25 00:00:00,378.58362
2011-06-25 01:00:00,325.2101
2011-06-25 02:00:00,320.73737
2011-06-25 03:00:00,250.53491
2011-06-25 04:00:00,250.53491
2011-06-25 05:00:00,183.47461
2011-06-25 06:00:00,261.97098
2011-06-25 07:00:00,290.87277
2011-06-25 08:00:00,421.95966
2011-06-25 09:00:00,471.59473
2011-06-25 10:00:00,442.6861
2011-06-25 11:00:00,390.04175
2011-06-25 12:00:00,543.56757
2011-06-25 13:00:00,543.56757
2011-06-25 14:00:00,500.344
2011-06-25 15:00:00,364.13028
2011-06-25 16:00:00,505.69553
2011-06-25 17:00:00,494.58197
2011-06-25 18:00:00,471.59473
2011-06-25 19:00:00,448.84506
2011-06-25 20:00:00,387.89313
2011-06-25 21:00:00,323.42862
2011-06-25 22:00:00,391.0139
2011-06-25 23:00:00,396.75925
2011-06-26 00:00:00,265.3724
2011-06-26 01:00:00,272.04007
2011-06-26 02:00:00,224.72256
2011-06-26 03:00:00,147.99294
2011-06-26 04:00:00,147.94388
2011-06-26 05:00:00,165.19191
2011-06-26 06:00:00,165.19191
2011-06-26 07:00:00,189.2725
2011-06-26 08:00:00,207.2776
2011-06-26 09:00:00,263.80954
2011-06-26 10:00:00,361.70874
2011-06-26 11:00:00,415.21295
2011-06-26 12:00:00,488.35403
2011-06-26 13:00:00,411.74054
2011-06-26 14:00:00,472.4966
2011-06-26 15:00:00,411.74054
2011-06-26 16:00:00,479.99387
2011-06-26 17:00:00,462.47217
2011-06-26 18:00:00,468.98996
2011-06-26 19:00:00,378.89474
2011-06-26 20:00:00,349.98874
2011-06-26 21:00:00,300.14716
2011-06-26 22:00:00,311.73276
2011-06-26 23:00:00,281.1221
2011-06-27 00:00:00,189.4773
2011-06-27 01:00:00,160.24777
2011-06-27 02:00:00,158.92288
2011-06-27 03:00:00,158.92288
2011-06-27 04:00:00,132.62598
2011-06-27 05:00:00,139.08243
2011-06-27 06:00:00,166.63417
2011-06-27 07:00:00,210.44707
2011-06-27 08:00:00,171.24269
2011-06-27 09:00:00,260.78506
2011-06-27 10:00:00,278.7717
2011-06-27 11:00:00,237.40703
2011-06-27 12:00:00,260.78506
2011-06-27 13:00:00,282.35043
2011-06-27 14:00:00,260.23163
2011-06-27 15:00:00,261.18988
2011-06-27 16:00:00,252.25548
2011-06-27 17:00:00,269.969
2011-06-27 18:00:00,225.2472
2011-06-27 19:00:00,263.32507
2011-06-27 20:00:00,196.35255
2011-06-27 21:00:00,161.89708
2011-06-27 22:00:00,143.42513
2011-06-27 23:00:00,143.42513
2011-06-28 00:00:00,171.77309
2011-06-28 01:00:00,121.319534
2011-06-28 02:00:00,158.2939
2011-06-28 03:00:00,158.2939
2011-06-28 04:00:00,121.319534
2011-06-28 05:00:00,104.20216
2011-06-28 06:00:00,117.81116
2011-06-28 07:00:00,132.44048
2011-06-28 08:00:00,153.32384
2011-06-28 09:00:00,152.50829
2011-06-28 10:00:00,317.76837
2011-06-28 11:00:00,271.6906
2011-06-28 12:00:00,285.1603
2011-06-28 13:00:00,284.64377
2011-06-28 14:00:00,269.64542
2011-06-28 15:00:00,300.95688
2011-06-28 16:00:00,253.99055
2011-06-28 17:00:00,334.89658
2011-06-28 18:00:00,332.26144
2011-06-28 19:00:00,299.28778
2011-06-28 20:00:00,181.75192
2011-06-28 21:00:00,307.26932
2011-06-28 22:00:00,269.34012
2011-06-28 23:00:00,261.81696
2011-06-29 00:00:00,205.29388
2011-06-29 01:00:00,196.19162
2011-06-29 02:00:00,138.31235
2011-06-29 03:00:00,139.113
2011-06-29 04:00:00,98.77031
2011-06-29 05:00:00,124.62793
2011-06-29 06:00:00,230.37599
2011-06-29 07:00:00,319.627
2011-06-29 08:00:00,346.36356
2011-06-29 09:00:00,335.992
2011-06-29 10:00:00,366.02774
2011-06-29 11:00:00,372.84103
2011-06-29 12:00:00,368.33765
2011-06-29 13:00:00,310.53702
2011-06-29 14:00:00,344.37262
2011-06-29 15:00:00,341.27945
2011-06-29 16:00:00,281.531
2011-06-29 17:00:00,282.60587
2011-06-29 18:00:00,322.59506
2011-06-29 19:00:00,313.27032
2011-06-29 20:00:00,354.75693
2011-06-29 21:00:00,380.43256
2011-06-29 22:00:00,360.2836
2011-06-29 23:00:00,333.25327
2011-06-30 00:00:00,296.11456
2011-06-30 01:00:00,259.65967
2011-06-30 02:00:00,233.68199
2011-06-30 03:00:00,229.89032
2011-06-30 04:00:00,199.9244
2011-06-30 05:00:00,194.48404
2011-06-30 06:00:00,213.8978
2011-06-30 07:00:00,239.72246
2011-06-30 08:00:00,342.42627
2011-06-30 09:00:00,366.24405
2011-06-30 10:00:00,361.9858
2011-06-30 11:00:00,355.39206
2011-06-30 12:00:00,374.19626
2011-06-30 13:00:00,378.42734
2011-06-30 14:00:00,360.7251
2011-06-30 15:00:00,354.0755
2011-06-30 16:00:00,369.89786
2011-06-30 17:00:00,312.22098
2011-06-30 18:00:00,360.09702
2011-06-30 19:00:00,388.70676
2011-06-30 20:00:00,388.70676
2011-06-30 21:00:00,338.07523
2011-06-30 22:00:00,342.87488
2011-06-30 23:00:00,222.91225
2011-07-20 00:00:00,103.220856
2011-07-20 01:00:00,84.92052
2011-07-20 02:00:00,84.92052
2011-07-20 03:00:00,103.220856
2011-07-20 04:00:00,84.99684
2011-07-20 05:00:00,101.26962
2011-07-20 06:00:00,118.45384
2011-07-20 07:00:00,148.20651
2011-07-20 08:00:00,138.6314
2011-07-20 09:00:00,183.9289
2011-07-20 10:00:00,157.91605
2011-07-20 11:00:00,229.32405
2011-07-20 12:00:00,216.36227
2011-07-20 13:00:00,267.69626
2011-07-20 14:00:00,249.05069
2011-07-20 15:00:00,259.0123
2011-07-20 16:00:00,236.40215
2011-07-20 17:00:00,264.62006
2011-07-20 18:00:00,262.1994
2011-07-20 19:00:00,264.53952
2011-07-20 20:00:00,265.56876
2011-07-20 21:00:00,259.63718
2011-07-20 22:00:00,271.355
2011-07-20 23:00:00,255.54411
2011-07-21 00:00:00,227.63258
2011-07-21 01:00:00,188.70477
2011-07-21 02:00:00,188.70477
2011-07-21 03:00:00,189.5633
2011-07-21 04:00:00,155.24452
2011-07-21 05:00:00,155.24452
2011-07-21 06:00:00,155.24452
2011-07-21 07:00:00,168.6352
2011-07-21 08:00:00,203.02827
2011-07-21 09:00:00,251.82045
2011-07-21 10:00:00,271.2811
2011-07-21 11:00:00,289.8471
2011-07-21 12:00:00,216.88155
2011-07-21 13:00:00,218.26663
2011-07-21 14:00:00,204.04749
2011-07-21 15:00:00,204.61856
2011-07-21 16:00:00,194.98955
2011-07-21 17:00:00,195.00786
2011-07-21 18:00:00,207.73965
2011-07-21 19:00:00,229.78703
2011-07-21 20:00:00,248.308
2011-07-21 21:00:00,256.19653
2011-07-21 22:00:00,250.43799
2011-07-21 23:00:00,239.19038
2011-07-22 00:00:00,265.2827
2011-07-22 01:00:00,195.22423
2011-07-22 02:00:00,182.76817
2011-07-22 03:00:00,187.28223
2011-07-22 04:00:00,180.01767
2011-07-22 05:00:00,151.35895
2011-07-22 06:00:00,173.73058
2011-07-22 07:00:00,253.79988
2011-07-22 08:00:00,285.21368
2011-07-22 09:00:00,239.394
2011-07-22 10:00:00,229.61162
2011-07-22 11:00:00,235.62135
2011-07-22 12:00:00,199.76697
2011-07-22 13:00:00,193.51105
2011-07-22 14:00:00,176.41206
2011-07-22 15:00:00,182.24559
2011-07-22 16:00:00,350.37042
2011-07-22 17:00:00,255.95003
2011-07-22 18:00:00,261.95572
2011-07-22 19:00:00,347.33716
2011-07-22 20:00:00,236.40215
2011-07-22 21:00:00,254.4999
2011-07-22 22:00:00,311.72968
2011-07-22 23:00:00,287.972
2011-07-23 00:00:00,277.75906
2011-07-23 01:00:00,288.20276
2011-07-23 02:00:00,296.9786
2011-07-23 03:00:00,247.4308
2011-07-23 04:00:00,230.20209
2011-07-23 05:00:00,255.83461
2011-07-23 06:00:00,308.42285
2011-07-23 07:00:00,299.9508
2011-07-23 08:00:00,357.97916
2011-07-23 09:00:00,322.3992
2011-07-23 10:00:00,378.13107
2011-07-23 11:00:00,351.85587
2011-07-23 12:00:00,306.8445
2011-07-23 13:00:00,306.9315
2011-07-23 14:00:00,309.12204
2011-07-23 15:00:00,320.0191
2011-07-23 16:00:00,298.71533
2011-07-23 17:00:00,298.71533
2011-07-23 18:00:00,323.98264
2011-07-23 19:00:00,366.269
2011-07-23 20:00:00,275.03943
2011-07-23 21:00:00,275.03943
2011-07-23 22:00:00,280.55685
2011-07-23 23:00:00,263.3654
2011-07-24 00:00:00,263.3654
2011-07-24 01:00:00,246.9093
2011-07-24 02:00:00,245.77745
2011-07-24 03:00:00,245.77745
2011-07-24 04:00:00,246.9093
2011-07-24 05:00:00,247.4308
2011-07-24 06:00:00,347.47363
2011-07-24 07:00:00,265.60437
2011-07-24 08:00:00,324.4094
2011-07-24 09:00:00,388.4252
2011-07-24 10:00:00,379.00558
2011-07-24 11:00:00,325.77255
2011-07-24 12:00:00,299.18857
2011-07-24 13:00:00,344.47314
2011-07-24 14:00:00,354.0889
2011-07-24 15:00:00,345.8118
2011-07-24 16:00:00,345.8118
2011-07-24 17:00:00,315.59467
2011-07-24 18:00:00,332.28128
2011-07-24 19:00:00,323.61743
2011-07-24 20:00:00,322.3992
2011-07-24 21:00:00,246.60422
2011-07-24 22:00:00,257.70526
2011-07-24 23:00:00,283.01318
2011-07-25 00:00:00,204.74171
2011-07-25 01:00:00,200.85387
2011-07-25 02:00:00,177.19899
2011-07-25 03:00:00,115.69527
2011-07-25 04:00:00,111.50871
2011-07-25 05:00:00,111.50871
2011-07-25 06:00:00,152.43747
2011-07-25 07:00:00,161.49544
2011-07-25 08:00:00,185.02951
2011-07-25 09:00:00,184.51585
2011-07-25 10:00:00,216.36227
2011-07-25 11:00:00,302.48853
2011-07-25 12:00:00,302.48853
2011-07-25 13:00:00,210.3349
2011-07-25 14:00:00,199.01344
2011-07-25 15:00:00,202.41331
2011-07-25 16:00:00,150.34991
2011-07-25 17:00:00,134.36093
2011-07-25 18:00:00,170.82948
2011-07-25 19:00:00,183.9289
2011-07-25 20:00:00,182.59009
2011-07-25 21:00:00,84.92052
2011-07-25 22:00:00,84.92052
2011-07-25 23:00:00,98.76781
2011-07-26 00:00:00,132.42937
2011-07-26 01:00:00,132.42937
2011-07-26 02:00:00,79.949875
2011-07-26 03:00:00,89.750275
2011-07-26 04:00:00,103.60805
2011-07-26 05:00:00,73.836624
2011-07-26 06:00:00,144.52324
2011-07-26 07:00:00,298.18
2011-07-26 08:00:00,304.2883
2011-07-26 09:00:00,367.6471
2011-07-26 10:00:00,337.31216
2011-07-26 11:00:00,346.811
2011-07-26 12:00:00,360.5914
2011-07-26 13:00:00,293.32098
2011-07-26 14:00:00,283.12152
2011-07-26 15:00:00,268.93726
2011-07-26 16:00:00,272.50897
2011-07-26 17:00:00,273.09787
2011-07-26 18:00:00,281.72815
2011-07-26 19:00:00,295.6945
2011-07-26 20:00:00,321.03906
2011-07-26 21:00:00,344.28995
2011-07-26 22:00:00,273.80063
2011-07-26 23:00:00,240.86372
2011-07-27 00:00:00,299.25198
2011-07-27 01:00:00,332.1042
2011-07-27 02:00:00,360.37714
2011-07-27 03:00:00,267.74326
2011-07-27 04:00:00,320.04657
2011-07-27 05:00:00,333.10974
2011-07-27 06:00:00,319.627
2011-07-27 07:00:00,364.07492
2011-07-27 08:00:00,379.52628
2011-07-27 09:00:00,368.33765
2011-07-27 10:00:00,322.69565
2011-07-27 11:00:00,338.31024
2011-07-27 12:00:00,312.69067
2011-07-27 13:00:00,286.28485
2011-07-27 14:00:00,312.04324
2011-07-27 15:00:00,293.08514
2011-07-27 16:00:00,328.7507
2011-07-27 17:00:00,320.88416
2011-07-27 18:00:00,360.52475
2011-07-27 19:00:00,374.89264
2011-07-27 20:00:00,361.2618
2011-07-27 21:00:00,288.42477
2011-07-27 22:00:00,236.36018
2011-07-27 23:00:00,295.1849
2011-07-28 00:00:00,281.84897
2011-07-28 01:00:00,221.44911
2011-07-28 02:00:00,254.10167
2011-07-28 03:00:00,207.37372
2011-07-28 04:00:00,215.27989
2011-07-28 05:00:00,196.35255
2011-07-28 06:00:00,171.0746
2011-07-28 07:00:00,206.6192
2011-07-28 08:00:00,228.77594
2011-07-28 09:00:00,295.24838
2011-07-28 10:00:00,312.28708
2011-07-28 11:00:00,263.26935
2011-07-28 12:00:00,268.1692
2011-07-28 13:00:00,258.05807
2011-07-28 14:00:00,343.72986
2011-07-28 15:00:00,255.32321
2011-07-28 16:00:00,265.29764
2011-07-28 17:00:00,270.81497
2011-07-28 18:00:00,264.19284
2011-07-28 19:00:00,285.50342
2011-07-28 20:00:00,287.97202
2011-07-28 21:00:00,320.7183
2011-07-28 22:00:00,276.8351
2011-07-28 23:00:00,221.18837
2011-07-29 00:00:00,175.91342
2011-07-29 01:00:00,164.10115
2011-07-29 02:00:00,115.69527
2011-07-29 03:00:00,115.69527
2011-07-29 04:00:00,128.42213
2011-07-29 05:00:00,90.48657
2011-07-29 06:00:00,135.50665
2011-07-29 07:00:00,177.19899
2011-07-29 08:00:00,178.59003
2011-07-29 09:00:00,258.05807
2011-07-29 10:00:00,221.6066
2011-07-29 11:00:00,204.48209
2011-07-29 12:00:00,213.22557
2011-07-29 13:00:00,288.80823
2011-07-29 14:00:00,224.70999
2011-07-29 15:00:00,219.17102
2011-07-29 16:00:00,216.80856
2011-07-29 17:00:00,213.71341
2011-07-29 18:00:00,211.38553
2011-07-29 19:00:00,231.08102
2011-07-29 20:00:00,255.17123
2011-07-29 21:00:00,304.59622
2011-07-29 22:00:00,317.45163
2011-07-29 23:00:00,276.62885
2011-07-30 00:00:00,325.93805
2011-07-30 01:00:00,302.2459
2011-07-30 02:00:00,304.21777
2011-07-30 03:00:00,238.13219
2011-07-30 04:00:00,197.0057
2011-07-30 05:00:00,196.19403
2011-07-30 06:00:00,203.70305
2011-07-30 07:00:00,234.97061
2011-07-30 08:00:00,304.31308
2011-07-30 09:00:00,424.9312
2011-07-30 10:00:00,458.15234
2011-07-30 11:00:00,417.5674
2011-07-30 12:00:00,426.64697
2011-07-30 13:00:00,375.44473
2011-07-30 14:00:00,362.98663
2011-07-30 15:00:00,356.24008
2011-07-30 16:00:00,373.1778
2011-07-30 17:00:00,357.07187
2011-07-30 18:00:00,386.48587
2011-07-30 19:00:00,531.6046
2011-07-30 20:00:00,375.96396
2011-07-30 21:00:00,344.56192
2011-07-30 22:00:00,310.61426
2011-07-30 23:00:00,302.2459
2011-07-31 00:00:00,302.2459
2011-07-31 01:00:00,237.1627
2011-07-31 02:00:00,210.5243
2011-07-31 03:00:00,223.10472
2011-07-31 04:00:00,184.03717
2011-07-31 05:00:00,189.96495
2011-07-31 06:00:00,193.6443
2011-07-31 07:00:00,272.33563
2011-07-31 08:00:00,336.5875
2011-07-31 09:00:00,319.07675
2011-07-31 10:00:00,407.15842
2011-07-31 11:00:00,394.74194
2011-07-31 12:00:00,362.9928
2011-07-31 13:00:00,347.6306
2011-07-31 14:00:00,352.83047
2011-07-31 15:00:00,365.07492
2011-07-31 16:00:00,357.58096
2011-07-31 17:00:00,322.06122
2011-07-31 18:00:00,408.49396
2011-07-31 19:00:00,375.20493
2011-07-31 20:00:00,375.20493
2011-07-31 21:00:00,331.79294
2011-07-31 22:00:00,214.07178
2011-07-31 23:00:00,220.73663
2011-08-20 00:00:00,48.2341
2011-08-20 01:00:00,50.955097
2011-08-20 02:00:00,80.89781
2011-08-20 03:00:00,80.89781
2011-08-20 04:00:00,105.816956
2011-08-20 05:00:00,48.703136
2011-08-20 06:00:00,129.97862
2011-08-20 07:00:00,50.955093
2011-08-20 08:00:00,153.83376
2011-08-20 09:00:00,200.71065
2011-08-20 10:00:00,231.41905
2011-08-20 11:00:00,267.99448
2011-08-20 12:00:00,272.33563
2011-08-20 13:00:00,312.88144
2011-08-20 14:00:00,358.06912
2011-08-20 15:00:00,417.68924
2011-08-20 16:00:00,394.7144
2011-08-20 17:00:00,358.06912
2011-08-20 18:00:00,316.92194
2011-08-20 19:00:00,241.86093
2011-08-20 20:00:00,249.77965
2011-08-20 21:00:00,173.6268
2011-08-20 22:00:00,189.63966
2011-08-20 23:00:00,125.21556
2011-08-21 00:00:00,131.03566
2011-08-21 01:00:00,101.49431
2011-08-21 02:00:00,95.85715
2011-08-21 03:00:00,83.68884
2011-08-21 04:00:00,86.47217
2011-08-21 05:00:00,87.93962
2011-08-21 06:00:00,84.7876
2011-08-21 07:00:00,107.96234
2011-08-21 08:00:00,112.42163
2011-08-21 09:00:00,148.66455
2011-08-21 10:00:00,168.11462
2011-08-21 11:00:00,290.65466
2011-08-21 12:00:00,299.80923
2011-08-21 13:00:00,400.45618
2011-08-21 14:00:00,214.26886
2011-08-21 15:00:00,106.16896
2011-08-21 16:00:00,112.54152
2011-08-21 17:00:00,110.17145
2011-08-21 18:00:00,130.33241
2011-08-21 19:00:00,182.39305
2011-08-21 20:00:00,118.60376
2011-08-21 21:00:00,118.60376
2011-08-21 22:00:00,168.28258
2011-08-21 23:00:00,127.264496
2011-08-22 00:00:00,140.78485
2011-08-22 01:00:00,119.39879
2011-08-22 02:00:00,232.02672
2011-08-22 03:00:00,261.96262
2011-08-22 04:00:00,230.17763
2011-08-22 05:00:00,260.6806
2011-08-22 06:00:00,274.30286
2011-08-22 07:00:00,277.0702
2011-08-22 08:00:00,277.0702
2011-08-22 09:00:00,317.6837
2011-08-22 10:00:00,346.36356
2011-08-22 11:00:00,349.16446
2011-08-22 12:00:00,323.44434
2011-08-22 13:00:00,314.7432
2011-08-22 14:00:00,325.75998
2011-08-22 15:00:00,352.9659
2011-08-22 16:00:00,325.75998
2011-08-22 17:00:00,342.69287
2011-08-22 18:00:00,358.96658
2011-08-22 19:00:00,377.9009
2011-08-22 20:00:00,369.35635
2011-08-22 21:00:00,347.68362
2011-08-22 22:00:00,349.3033
2011-08-22 23:00:00,334.23553
2011-08-23 00:00:00,312.3407
2011-08-23 01:00:00,272.60062
2011-08-23 02:00:00,248.56657
2011-08-23 03:00:00,260.9472
2011-08-23 04:00:00,214.5565
2011-08-23 05:00:00,213.96959
2011-08-23 06:00:00,193.08997
2011-08-23 07:00:00,288.52426
2011-08-23 08:00:00,255.55383
2011-08-23 09:00:00,290.40268
2011-08-23 10:00:00,287.1968
2011-08-23 11:00:00,350.46872
2011-08-23 12:00:00,317.82346
2011-08-23 13:00:00,369.87897
2011-08-23 14:00:00,363.4712
2011-08-23 15:00:00,388.51926
2011-08-23 16:00:00,374.05258
2011-08-23 17:00:00,388.51926
2011-08-23 18:00:00,385.77316
2011-08-23 19:00:00,314.7831
2011-08-23 20:00:00,295.18274
2011-08-23 21:00:00,182.45291
2011-08-23 22:00:00,233.68199
2011-08-23 23:00:00,215.82141
2011-08-24 00:00:00,233.68199
2011-08-24 01:00:00,204.95058
2011-08-24 02:00:00,175.71909
2011-08-24 03:00:00,175.71909
2011-08-24 04:00:00,134.23506
2011-08-24 05:00:00,134.23506
2011-08-24 06:00:00,108.9102
2011-08-24 07:00:00,179.59648
2011-08-24 08:00:00,170.62773
2011-08-24 09:00:00,207.71341
2011-08-24 10:00:00,321.69498
2011-08-24 11:00:00,347.12445
2011-08-24 12:00:00,353.12534
2011-08-24 13:00:00,311.61267
2011-08-24 14:00:00,311.61267
2011-08-24 15:00:00,306.357
2011-08-24 16:00:00,313.5656
2011-08-24 17:00:00,336.07104
2011-08-24 18:00:00,359.67606
2011-08-24 19:00:00,359.67606
2011-08-24 20:00:00,339.5998
2011-08-24 21:00:00,304.96432
2011-08-24 22:00:00,293.7943
2011-08-24 23:00:00,252.03638
2011-08-25 00:00:00,226.42918
2011-08-25 01:00:00,256.3466
2011-08-25 02:00:00,256.3466
2011-08-25 03:00:00,211.016
2011-08-25 04:00:00,205.29413
2011-08-25 05:00:00,199.54547
2011-08-25 06:00:00,164.87659
2011-08-25 07:00:00,203.17989
2011-08-25 08:00:00,240.18315
2011-08-25 09:00:00,257.2383
2011-08-25 10:00:00,273.81836
2011-08-25 11:00:00,187.85971
2011-08-25 12:00:00,187.85971
2011-08-25 13:00:00,132.42937
2011-08-25 14:00:00,177.16339
2011-08-25 15:00:00,198.45787
2011-08-25 16:00:00,90.48657
2011-08-25 17:00:00,90.48657
2011-08-25 18:00:00,163.14697
2011-08-25 19:00:00,187.81145
2011-08-25 20:00:00,187.59126
2011-08-25 21:00:00,171.4285
2011-08-25 22:00:00,75.95686
2011-08-25 23:00:00,91.988754
2011-08-26 00:00:00,102.72662
2011-08-26 01:00:00,75.95686
2011-08-26 02:00:00,84.58675
2011-08-26 03:00:00,74.89249
2011-08-26 04:00:00,61.154594
2011-08-26 05:00:00,91.299835
2011-08-26 06:00:00,61.154594
2011-08-26 07:00:00,77.51901
2011-08-26 08:00:00,98.77031
2011-08-26 09:00:00,128.47485
2011-08-26 10:00:00,199.19804
2011-08-26 11:00:00,236.52174
2011-08-26 12:00:00,243.68585
2011-08-26 13:00:00,270.91818
2011-08-26 14:00:00,209.50294
2011-08-26 15:00:00,288.67892
2011-08-26 16:00:00,230.59465
2011-08-26 17:00:00,245.25075
2011-08-26 18:00:00,210.3349
2011-08-26 19:00:00,144.55545
2011-08-26 20:00:00,139.07144
2011-08-26 21:00:00,166.22292
2011-08-26 22:00:00,144.55544
2011-08-26 23:00:00,98.76782
2011-08-27 00:00:00,76.2789
2011-08-27 01:00:00,80.770676
2011-08-27 02:00:00,85.00345
2011-08-27 03:00:00,157.32976
2011-08-27 04:00:00,157.32976
2011-08-27 05:00:00,167.17989
2011-08-27 06:00:00,167.17989
2011-08-27 07:00:00,185.70503
2011-08-27 08:00:00,162.30035
2011-08-27 09:00:00,209.49681
2011-08-27 10:00:00,246.83736
2011-08-27 11:00:00,194.91306
2011-08-27 12:00:00,176.87807
2011-08-27 13:00:00,196.3604
2011-08-27 14:00:00,143.08911
2011-08-27 15:00:00,143.08911
2011-08-27 16:00:00,150.10007
2011-08-27 17:00:00,125.76308
2011-08-28 07:00:00,183.08842
2011-08-28 08:00:00,165.48282
2011-08-28 09:00:00,196.6967
2011-08-28 10:00:00,333.32806
2011-08-28 11:00:00,371.7264
2011-08-28 12:00:00,475.7934
2011-08-28 13:00:00,516.5714
2011-08-28 14:00:00,547.5556
2011-08-28 15:00:00,517.5123
2011-08-28 16:00:00,542.86
2011-08-28 17:00:00,523.4161
2011-08-28 18:00:00,494.58197
2011-08-28 19:00:00,361.70874
2011-08-28 20:00:00,403.25916
2011-08-28 21:00:00,197.60449
2011-08-28 22:00:00,119.7276
2011-08-28 23:00:00,88.67276
2011-08-29 00:00:00,141.6905
2011-08-29 01:00:00,158.43613
2011-08-29 02:00:00,185.29556
2011-08-29 03:00:00,158.43613
2011-08-29 04:00:00,168.66867
2011-08-29 05:00:00,143.10152
2011-08-29 06:00:00,143.10152
2011-08-29 07:00:00,234.85696
2011-08-29 08:00:00,270.19464
2011-08-29 09:00:00,287.52457
2011-08-29 10:00:00,325.44385
2011-08-29 11:00:00,311.34924
2011-08-29 12:00:00,325.41708
2011-08-29 13:00:00,314.59268
2011-08-29 14:00:00,266.22235
2011-08-29 15:00:00,342.87488
2011-08-29 16:00:00,345.38354
2011-08-29 17:00:00,327.34048
2011-08-29 18:00:00,325.72803
2011-08-29 19:00:00,325.72803
2011-08-29 20:00:00,277.21686
2011-08-29 21:00:00,291.2435
2011-08-29 22:00:00,233.68199
2011-08-29 23:00:00,199.57986
2011-08-30 00:00:00,143.10152
2011-08-30 01:00:00,164.59781
2011-08-30 02:00:00,132.36423
2011-08-30 03:00:00,139.56331
2011-08-30 04:00:00,117.49979
2011-08-30 05:00:00,110.72891
2011-08-30 06:00:00,132.36423
2011-08-30 07:00:00,168.66867
2011-08-30 08:00:00,233.68199
2011-08-30 09:00:00,314.7831
2011-08-30 10:00:00,370.1061
2011-08-30 11:00:00,377.3978
2011-08-30 12:00:00,289.48944
2011-08-30 13:00:00,350.28
2011-08-30 14:00:00,381.9834
2011-08-30 15:00:00,390.83755
2011-08-30 16:00:00,368.0617
2011-08-30 17:00:00,361.9858
2011-08-30 18:00:00,328.17017
2011-08-30 19:00:00,258.7468
2011-08-30 20:00:00,222.91225
2011-08-30 21:00:00,182.14622
2011-08-30 22:00:00,165.67662
2011-08-30 23:00:00,165.67662
2011-08-31 00:00:00,130.6037
2011-08-31 01:00:00,130.6037
2011-08-31 02:00:00,108.91022
2011-08-31 03:00:00,88.33316
2011-08-31 04:00:00,108.91022
2011-08-31 05:00:00,85.11467
2011-08-31 06:00:00,90.006836
2011-08-31 07:00:00,94.10393
2011-08-31 08:00:00,133.73695
2011-08-31 09:00:00,162.72707
2011-08-31 10:00:00,295.89072
2011-08-31 11:00:00,329.37747
2011-08-31 12:00:00,326.85043
2011-08-31 13:00:00,340.89398
2011-08-31 14:00:00,342.20078
2011-08-31 15:00:00,342.20078
2011-08-31 16:00:00,331.43417
2011-08-31 17:00:00,314.55862
2011-08-31 18:00:00,334.88034
2011-08-31 19:00:00,280.28436
2011-08-31 20:00:00,241.10529
2011-08-31 21:00:00,203.12314
2011-08-31 22:00:00,137.2936
2011-08-31 23:00:00,113.709335
2011-09-20 00:00:00,163.09885
2011-09-20 01:00:00,110.434296
2011-09-20 02:00:00,110.434296
2011-09-20 03:00:00,120.51515
2011-09-20 04:00:00,101.20068
2011-09-20 05:00:00,115.82803
2011-09-20 06:00:00,115.82803
2011-09-20 07:00:00,110.434296
2011-09-20 08:00:00,87.025085
2011-09-20 09:00:00,80.431854
2011-09-20 10:00:00,80.24075
2011-09-20 11:00:00,80.24075
2011-09-20 12:00:00,113.27345
2011-09-20 13:00:00,105.23222
2011-09-20 14:00:00,123.244705
2011-09-20 15:00:00,153.05573
2011-09-20 16:00:00,132.62598
2011-09-20 17:00:00,93.35748
2011-09-20 18:00:00,93.35748
2011-09-20 19:00:00,59.869854
2011-09-20 20:00:00,58.00146
2011-09-20 21:00:00,58.00146
2011-09-20 22:00:00,58.00146
2011-09-20 23:00:00,58.00146
2011-09-21 00:00:00,65.13312
2011-09-21 01:00:00,60.326633
2011-09-21 02:00:00,60.326633
2011-09-21 03:00:00,96.804214
2011-09-21 04:00:00,105.98064
2011-09-21 05:00:00,111.58737
2011-09-21 06:00:00,119.90161
2011-09-21 07:00:00,119.90161
2011-09-21 08:00:00,101.894424
2011-09-21 09:00:00,98.77405
2011-09-21 10:00:00,88.140594
2011-09-21 11:00:00,139.08243
2011-09-21 12:00:00,154.54362
2011-09-21 13:00:00,198.33784
2011-09-21 14:00:00,204.58789
2011-09-21 15:00:00,185.44017
2011-09-21 16:00:00,185.44017
2011-09-21 17:00:00,201.56093
2011-09-21 18:00:00,138.12965
2011-09-21 19:00:00,91.888916
2011-09-21 20:00:00,91.888916
2011-09-21 21:00:00,98.68822
2011-09-21 22:00:00,86.44302
2011-09-21 23:00:00,64.791565
2011-09-22 00:00:00,64.791565
2011-09-22 01:00:00,94.34921
2011-09-22 02:00:00,97.40376
2011-09-22 03:00:00,94.3492
2011-09-22 04:00:00,94.3492
2011-09-22 05:00:00,97.40376
2011-09-22 06:00:00,105.27492
2011-09-22 07:00:00,100.80319
2011-09-22 08:00:00,110.926926
2011-09-22 09:00:00,122.59955
2011-09-22 10:00:00,138.36092
2011-09-22 11:00:00,130.2276
2011-09-22 12:00:00,151.90614
2011-09-22 13:00:00,159.0516
2011-09-22 14:00:00,165.54254
2011-09-22 15:00:00,179.13821
2011-09-22 16:00:00,197.40242
2011-09-22 17:00:00,160.83813
2011-09-22 18:00:00,131.49814
2011-09-22 19:00:00,105.47595
2011-09-22 20:00:00,104.85391
2011-09-22 21:00:00,105.47595
2011-09-22 22:00:00,98.30061
2011-09-22 23:00:00,86.44302
2011-09-23 00:00:00,140.93245
2011-09-23 01:00:00,93.57451
2011-09-23 02:00:00,120.180084
2011-09-23 03:00:00,93.57451
2011-09-23 04:00:00,91.24913
2011-09-23 05:00:00,113.84175
2011-09-23 06:00:00,140.93245
2011-09-23 07:00:00,153.96284
2011-09-23 08:00:00,153.96284
2011-09-23 09:00:00,115.066864
2011-09-23 10:00:00,108.50049
2011-09-23 11:00:00,108.5005
2011-09-23 12:00:00,145.87251
2011-09-23 13:00:00,101.70943
2011-09-23 14:00:00,101.70943
2011-09-23 15:00:00,145.87248
2011-09-23 16:00:00,121.442
2011-09-23 17:00:00,93.57451
2011-09-23 18:00:00,78.9431
2011-09-23 19:00:00,133.07237
2011-09-23 20:00:00,89.33516
2011-09-23 21:00:00,130.54005
2011-09-23 22:00:00,145.04802
2011-09-23 23:00:00,124.723755
2011-09-24 00:00:00,84.48657
2011-09-24 01:00:00,151.1258
2011-09-24 02:00:00,151.1258
2011-09-24 03:00:00,77.63977
2011-09-24 04:00:00,106.07449
2011-09-24 05:00:00,152.93382
2011-09-24 06:00:00,152.93382
2011-09-24 07:00:00,187.5559
2011-09-24 08:00:00,175.38982
2011-09-24 09:00:00,195.25119
2011-09-24 10:00:00,195.25119
2011-09-24 11:00:00,241.23189
2011-09-24 12:00:00,241.23189
2011-09-24 13:00:00,226.58339
2011-09-24 14:00:00,322.1196
2011-09-24 15:00:00,322.1196
2011-09-24 16:00:00,286.71436
2011-09-24 17:00:00,256.6023
2011-09-24 18:00:00,216.72806
2011-09-24 19:00:00,130.27406
2011-09-24 20:00:00,175.67006
2011-09-24 21:00:00,171.83884
2011-09-24 22:00:00,213.86467
2011-09-24 23:00:00,195.25119
2011-09-25 00:00:00,207.27449
2011-09-25 01:00:00,193.76299
2011-09-25 02:00:00,159.59483
2011-09-25 03:00:00,159.59483
2011-09-25 04:00:00,191.53813
2011-09-25 05:00:00,132.43452
2011-09-25 06:00:00,193.76299
2011-09-25 07:00:00,161.54808
2011-09-25 08:00:00,213.86467
2011-09-25 09:00:00,262.4613
2011-09-25 10:00:00,262.4613
2011-09-25 11:00:00,289.67114
2011-09-25 12:00:00,311.9983
2011-09-25 13:00:00,351.3154
2011-09-25 14:00:00,311.9983
2011-09-25 15:00:00,311.9983
2011-09-25 16:00:00,309.48804
2011-09-25 17:00:00,271.32037
2011-09-25 18:00:00,271.32037
2011-09-25 19:00:00,174.77162
2011-09-25 20:00:00,175.75311
2011-09-25 21:00:00,101.32106
2011-09-25 22:00:00,133.99019
2011-09-25 23:00:00,155.48236
2011-09-26 00:00:00,113.84175
2011-09-26 01:00:00,182.55376
2011-09-26 02:00:00,182.55376
2011-09-26 03:00:00,113.84175
2011-09-26 04:00:00,140.93243
2011-09-26 05:00:00,146.18051
2011-09-26 06:00:00,140.93245
2011-09-26 07:00:00,113.84175
2011-09-26 08:00:00,113.84175
2011-09-26 09:00:00,209.89638
2011-09-26 10:00:00,209.89638
2011-09-26 11:00:00,287.30402
2011-09-26 12:00:00,262.9193
2011-09-26 13:00:00,289.68066
2011-09-26 14:00:00,322.35977
2011-09-26 15:00:00,345.3097
2011-09-26 16:00:00,341.68088
2011-09-26 17:00:00,318.71317
2011-09-26 18:00:00,212.57855
2011-09-26 19:00:00,215.2751
2011-09-26 20:00:00,172.81422
2011-09-26 21:00:00,172.81422
2011-09-26 22:00:00,133.07237
2011-09-26 23:00:00,133.07237
2011-09-27 00:00:00,133.07237
2011-09-27 01:00:00,143.73668
2011-09-27 02:00:00,122.95598
2011-09-27 03:00:00,113.84175
2011-09-27 04:00:00,141.61646
2011-09-27 05:00:00,141.61646
2011-09-27 06:00:00,145.86806
2011-09-27 07:00:00,145.86806
2011-09-27 08:00:00,179.23949
2011-09-27 09:00:00,209.9904
2011-09-27 10:00:00,167.14745
2011-09-27 11:00:00,182.34955
2011-09-27 12:00:00,192.63847
2011-09-27 13:00:00,289.81775
2011-09-27 14:00:00,249.09125
2011-09-27 15:00:00,217.02258
2011-09-27 16:00:00,249.62051
2011-09-27 17:00:00,213.14552
2011-09-27 18:00:00,219.41461
2011-09-27 19:00:00,189.5284
2011-09-27 20:00:00,208.8724
2011-09-27 21:00:00,167.34326
2011-09-27 22:00:00,159.60704
2011-09-27 23:00:00,159.60704
2011-09-28 00:00:00,128.19737
2011-09-28 01:00:00,128.19737
2011-09-28 02:00:00,187.4682
2011-09-28 03:00:00,140.77344
2011-09-28 04:00:00,128.19737
2011-09-28 05:00:00,114.17848
2011-09-28 06:00:00,157.02718
2011-09-28 07:00:00,157.02718
2011-09-28 08:00:00,177.4965
2011-09-28 09:00:00,177.4965
2011-09-28 10:00:00,113.84175
2011-09-28 11:00:00,219.33775
2011-09-28 12:00:00,215.43445
2011-09-28 13:00:00,318.14627
2011-09-28 14:00:00,374.62848
2011-09-28 15:00:00,318.71317
2011-09-28 16:00:00,325.9879
2011-09-28 17:00:00,329.61655
2011-09-28 18:00:00,270.27524
2011-09-28 19:00:00,270.2752
2011-09-28 20:00:00,233.25853
2011-09-28 21:00:00,203.19249
2011-09-28 22:00:00,159.60704
2011-09-28 23:00:00,134.31895
2011-09-29 00:00:00,154.95293
2011-09-29 01:00:00,153.6518
2011-09-29 02:00:00,153.6518
2011-09-29 03:00:00,173.74734
2011-09-29 04:00:00,209.59267
2011-09-29 05:00:00,179.44373
2011-09-29 06:00:00,174.29926
2011-09-29 07:00:00,175.33595
2011-09-29 08:00:00,167.34326
2011-09-29 09:00:00,263.2839
2011-09-29 10:00:00,333.45346
2011-09-29 11:00:00,332.98688
2011-09-29 12:00:00,349.35126
2011-09-29 13:00:00,348.9255
2011-09-29 14:00:00,366.11398
2011-09-29 15:00:00,359.75815
2011-09-29 16:00:00,374.47693
2011-09-29 17:00:00,361.99997
2011-09-29 18:00:00,387.869
2011-09-29 19:00:00,364.14618
2011-09-29 20:00:00,351.6788
2011-09-29 21:00:00,326.4573
2011-09-29 22:00:00,265.91458
2011-09-29 23:00:00,230.89731
2011-09-30 00:00:00,191.11636
2011-09-30 01:00:00,233.79039
2011-09-30 02:00:00,191.11636
2011-09-30 03:00:00,191.11635
2011-09-30 04:00:00,184.66805
2011-09-30 05:00:00,184.66805
2011-09-30 06:00:00,181.37068
2011-09-30 07:00:00,181.37068
2011-09-30 08:00:00,240.50685
2011-09-30 09:00:00,255.16087
2011-09-30 10:00:00,283.81656
2011-09-30 11:00:00,345.2806
2011-09-30 12:00:00,347.1345
2011-09-30 13:00:00,354.0571
2011-09-30 14:00:00,352.49057
2011-09-30 15:00:00,350.38263
2011-09-30 16:00:00,349.01526
2011-09-30 17:00:00,357.96622
2011-09-30 18:00:00,316.7447
2011-09-30 19:00:00,292.1753
2011-09-30 20:00:00,292.1753
2011-09-30 21:00:00,286.30914
2011-09-30 22:00:00,267.93375
2011-09-30 23:00:00,267.93375
2011-10-20 00:00:00,175.13084
2011-10-20 01:00:00,185.22789
2011-10-20 02:00:00,183.27536
2011-10-20 03:00:00,186.40999
2011-10-20 04:00:00,186.40999
2011-10-20 05:00:00,188.63768
2011-10-20 06:00:00,181.92168
2011-10-20 07:00:00,184.07045
2011-10-20 08:00:00,190.68155
2011-10-20 09:00:00,192.18355
2011-10-20 10:00:00,218.63228
2011-10-20 11:00:00,240.71288
2011-10-20 12:00:00,271.6116
2011-10-20 13:00:00,287.0566
2011-10-20 14:00:00,261.7829
2011-10-20 15:00:00,253.35365
2011-10-20 16:00:00,253.35365
2011-10-20 17:00:00,271.8663
2011-10-20 18:00:00,271.14398
2011-10-20 19:00:00,257.59332
2011-10-20 20:00:00,265.36234
2011-10-20 21:00:00,252.9887
2011-10-20 22:00:00,251.158
2011-10-20 23:00:00,228.31737
2011-10-21 00:00:00,208.75975
2011-10-21 01:00:00,215.13734
2011-10-21 02:00:00,193.65126
2011-10-21 03:00:00,164.00275
2011-10-21 04:00:00,164.50182
2011-10-21 05:00:00,171.35434
2011-10-21 06:00:00,164.50182
2011-10-21 07:00:00,164.50182
2011-10-21 08:00:00,219.33775
2011-10-21 09:00:00,265.2351
2011-10-21 10:00:00,282.73373
2011-10-21 11:00:00,308.8163
2011-10-21 12:00:00,303.7429
2011-10-21 13:00:00,280.64163
2011-10-21 14:00:00,324.87912
2011-10-21 15:00:00,304.61218
2011-10-21 16:00:00,306.49005
2011-10-21 17:00:00,280.14178
2011-10-21 18:00:00,262.72116
2011-10-21 19:00:00,236.70148
2011-10-21 20:00:00,268.70633
2011-10-21 21:00:00,247.09221
2011-10-21 22:00:00,259.3314
2011-10-21 23:00:00,215.13734
2011-10-22 00:00:00,168.16138
2011-10-22 01:00:00,168.16138
2011-10-22 02:00:00,161.94405
2011-10-22 03:00:00,191.88295
2011-10-22 04:00:00,180.50041
2011-10-22 05:00:00,223.56746
2011-10-22 06:00:00,178.51381
2011-10-22 07:00:00,144.49484
2011-10-22 08:00:00,191.33646
2011-10-22 09:00:00,222.82115
2011-10-22 10:00:00,296.0593
2011-10-22 11:00:00,296.0593
2011-10-22 12:00:00,341.19647
2011-10-22 13:00:00,443.4612
2011-10-22 14:00:00,346.7959
2011-10-22 15:00:00,334.48676
2011-10-22 16:00:00,433.56992
2011-10-22 17:00:00,316.6112
2011-10-22 18:00:00,323.25824
2011-10-22 19:00:00,239.74062
2011-10-22 20:00:00,231.63982
2011-10-22 21:00:00,151.43205
2011-10-22 22:00:00,151.43205
2011-10-22 23:00:00,121.004
2011-10-23 00:00:00,107.89169
2011-10-23 01:00:00,107.89169
2011-10-23 02:00:00,92.26785
2011-10-23 03:00:00,107.11821
2011-10-23 04:00:00,107.11821
2011-10-23 05:00:00,104.89969
2011-10-23 06:00:00,74.9884
2011-10-23 07:00:00,92.26785
2011-10-23 08:00:00,101.01958
2011-10-23 09:00:00,151.43205
2011-10-23 10:00:00,197.73335
2011-10-23 11:00:00,183.3376
2011-10-23 12:00:00,278.46707
2011-10-23 13:00:00,365.26205
2011-10-23 14:00:00,350.935
2011-10-23 15:00:00,405.37143
2011-10-23 16:00:00,365.26205
2011-10-23 17:00:00,297.24222
2011-10-23 18:00:00,298.0552
2011-10-23 19:00:00,162.46211
2011-10-23 20:00:00,206.73262
2011-10-23 21:00:00,206.73262
2011-10-23 22:00:00,165.64
2011-10-23 23:00:00,148.79468
2011-10-24 00:00:00,174.38321
2011-10-24 01:00:00,145.87021
2011-10-24 02:00:00,133.32602
2011-10-24 03:00:00,135.72166
2011-10-24 04:00:00,133.19531
2011-10-24 05:00:00,111.09775
2011-10-24 06:00:00,133.32602
2011-10-24 07:00:00,125.76915
2011-10-24 08:00:00,132.85043
2011-10-24 09:00:00,151.0825
2011-10-24 10:00:00,166.94405
2011-10-24 11:00:00,242.74818
2011-10-24 12:00:00,275.27863
2011-10-24 13:00:00,272.52716
2011-10-24 14:00:00,278.58252
2011-10-24 15:00:00,297.3673
2011-10-24 16:00:00,269.8475
2011-10-24 17:00:00,265.1057
2011-10-24 18:00:00,313.4739
2011-10-24 19:00:00,143.44019
2011-10-24 20:00:00,172.44615
2011-10-24 21:00:00,137.4815
2011-10-24 22:00:00,208.5223
2011-10-24 23:00:00,194.05571
2011-10-25 00:00:00,179.47136
2011-10-25 01:00:00,179.47136
2011-10-25 02:00:00,147.94646
2011-10-25 03:00:00,115.52873
2011-10-25 04:00:00,142.61612
2011-10-25 05:00:00,142.61612
2011-10-25 06:00:00,135.91084
2011-10-25 07:00:00,169.47475
2011-10-25 08:00:00,211.86514
2011-10-25 09:00:00,265.7472
2011-10-25 10:00:00,281.71274
2011-10-25 11:00:00,300.0489
2011-10-25 12:00:00,341.56662
2011-10-25 13:00:00,352.10004
2011-10-25 14:00:00,350.97836
2011-10-25 15:00:00,366.41867
2011-10-25 16:00:00,363.79453
2011-10-25 17:00:00,366.41867
2011-10-25 18:00:00,340.17526
2011-10-25 19:00:00,235.97452
2011-10-25 20:00:00,242.4478
2011-10-25 21:00:00,204.04399
2011-10-25 22:00:00,225.24223
2011-10-25 23:00:00,204.04399
2011-10-26 00:00:00,192.59857
2011-10-26 01:00:00,206.83052
2011-10-26 02:00:00,219.98663
2011-10-26 03:00:00,211.21425
2011-10-26 04:00:00,185.30554
2011-10-26 05:00:00,186.16905
2011-10-26 06:00:00,186.16905
2011-10-26 07:00:00,191.22383
2011-10-26 08:00:00,231.75237
2011-10-26 09:00:00,253.50452
2011-10-26 10:00:00,265.48956
2011-10-26 11:00:00,252.01262
2011-10-26 12:00:00,361.6779
2011-10-26 13:00:00,333.05942
2011-10-26 14:00:00,197.73444
2011-10-26 15:00:00,197.73444
2011-10-26 16:00:00,230.71219
2011-10-26 17:00:00,230.3335
2011-10-26 18:00:00,222.19225
2011-10-26 19:00:00,158.48854
2011-10-26 20:00:00,114.78818
2011-10-26 21:00:00,197.73444
2011-10-26 22:00:00,150.33897
2011-10-26 23:00:00,150.33897
2011-10-27 00:00:00,98.200134
2011-10-27 01:00:00,98.200134
2011-10-27 02:00:00,87.57002
2011-10-27 03:00:00,87.57001
2011-10-27 04:00:00,113.58574
2011-10-27 05:00:00,141.83214
2011-10-27 06:00:00,150.51689
2011-10-27 07:00:00,119.214554
2011-10-27 08:00:00,134.06389
2011-10-27 09:00:00,187.2512
2011-10-27 10:00:00,145.8169
2011-10-27 11:00:00,150.14365
2011-10-27 12:00:00,150.14365
2011-10-27 13:00:00,154.69928
2011-10-27 14:00:00,159.81808
2011-10-27 15:00:00,197.4566
2011-10-27 16:00:00,266.82727
2011-10-27 17:00:00,189.77298
2011-10-27 18:00:00,196.03069
2011-10-27 19:00:00,185.63734
2011-10-27 20:00:00,187.55147
2011-10-27 21:00:00,189.05348
2011-10-27 22:00:00,177.08617
2011-10-27 23:00:00,179.3851
2011-10-28 00:00:00,179.46938
2011-10-28 01:00:00,178.32097
2011-10-28 02:00:00,179.99687
2011-10-28 03:00:00,179.50185
2011-10-28 04:00:00,177.7912
2011-10-28 05:00:00,181.59335
2011-10-28 06:00:00,175.67328
2011-10-28 07:00:00,175.67328
2011-10-28 08:00:00,176.73526
2011-10-28 09:00:00,195.24167
2011-10-28 10:00:00,205.29256
2011-10-28 11:00:00,237.48726
2011-10-28 12:00:00,290.2598
2011-10-28 13:00:00,280.34882
2011-10-28 14:00:00,260.31955
2011-10-28 15:00:00,260.91995
2011-10-28 16:00:00,262.678
2011-10-28 17:00:00,255.07509
2011-10-28 18:00:00,245.34242
2011-10-28 19:00:00,255.07509
2011-10-28 20:00:00,179.45427
2011-10-28 21:00:00,124.894775
2011-10-28 22:00:00,111.128525
2011-10-28 23:00:00,119.44139
2011-10-29 00:00:00,97.89409
2011-10-29 01:00:00,114.280655
2011-10-29 02:00:00,114.280655
2011-10-29 03:00:00,127.07707
2011-10-29 04:00:00,127.07707
2011-10-29 05:00:00,92.82153
2011-10-29 06:00:00,91.59152
2011-10-29 07:00:00,91.59152
2011-10-29 08:00:00,104.55415
2011-10-29 09:00:00,104.55415
2011-10-29 10:00:00,88.657455
2011-10-29 11:00:00,92.214874
2011-10-29 12:00:00,92.48689
2011-10-29 13:00:00,90.206985
2011-10-29 14:00:00,94.26175
2011-10-29 15:00:00,70.58153
2011-10-29 16:00:00,82.10866
2011-10-29 17:00:00,82.10866
2011-10-29 18:00:00,82.10866
2011-10-29 19:00:00,53.541637
2011-10-29 20:00:00,53.541637
2011-10-29 21:00:00,53.541637
2011-10-29 22:00:00,52.793156
2011-10-29 23:00:00,53.665077
2011-10-30 00:00:00,52.793156
2011-10-30 01:00:00,52.580616
2011-10-30 02:00:00,52.359447
2011-10-30 03:00:00,64.01806
2011-10-30 04:00:00,59.271786
2011-10-30 05:00:00,66.88849
2011-10-30 06:00:00,67.69949
2011-10-30 07:00:00,97.72528
2011-10-30 08:00:00,83.449844
2011-10-30 09:00:00,96.11189
2011-10-30 10:00:00,150.98737
2011-10-30 11:00:00,181.31209
2011-10-30 12:00:00,239.18065
2011-10-30 13:00:00,319.8214
2011-10-30 14:00:00,392.37918
2011-10-30 15:00:00,408.68512
2011-10-30 16:00:00,416.41623
2011-10-30 17:00:00,405.94534
2011-10-30 18:00:00,295.79358
2011-10-30 19:00:00,428.5041
2011-10-30 20:00:00,229.23604
2011-10-30 21:00:00,158.71973
2011-10-30 22:00:00,132.88928
2011-10-30 23:00:00,62.342083
2011-10-31 00:00:00,127.96771
2011-10-31 01:00:00,118.41594
2011-10-31 02:00:00,132.03085
2011-10-31 03:00:00,158.01326
2011-10-31 04:00:00,132.03085
2011-10-31 05:00:00,140.69344
2011-10-31 06:00:00,132.03085
2011-10-31 07:00:00,138.329
2011-10-31 08:00:00,103.62285
2011-10-31 09:00:00,138.171
2011-10-31 10:00:00,235.35754
2011-10-31 11:00:00,270.67905
2011-10-31 12:00:00,280.0814
2011-10-31 13:00:00,301.53357
2011-10-31 14:00:00,291.8839
2011-10-31 15:00:00,288.11536
2011-10-31 16:00:00,259.3314
2011-10-31 17:00:00,265.49866
2011-10-31 18:00:00,213.68987
2011-10-31 19:00:00,213.68987
2011-10-31 20:00:00,213.68987
2011-10-31 21:00:00,148.08858
2011-10-31 22:00:00,148.08858
2011-10-31 23:00:00,148.08858
2011-11-20 00:00:00,151.62459
2011-11-20 01:00:00,161.94405
2011-11-20 02:00:00,160.81276
2011-11-20 03:00:00,186.15843
2011-11-20 04:00:00,189.30157
2011-11-20 05:00:00,194.76486
2011-11-20 06:00:00,202.24745
2011-11-20 07:00:00,153.8852
2011-11-20 08:00:00,196.6753
2011-11-20 09:00:00,168.78993
2011-11-20 10:00:00,271.9752
2011-11-20 11:00:00,335.6773
2011-11-20 12:00:00,338.30075
2011-11-20 13:00:00,364.45038
2011-11-20 14:00:00,270.772
2011-11-20 15:00:00,312.94482
2011-11-20 16:00:00,345.89902
2011-11-20 17:00:00,328.6977
2011-11-20 18:00:00,344.41144
2011-11-20 19:00:00,294.17807
2011-11-20 20:00:00,320.82437
2011-11-20 21:00:00,256.0487
2011-11-20 22:00:00,149.21857
2011-11-20 23:00:00,149.21857
2011-11-21 00:00:00,103.058044
2011-11-21 01:00:00,96.8439
2011-11-21 02:00:00,96.75357
2011-11-21 03:00:00,82.10802
2011-11-21 04:00:00,82.10802
2011-11-21 05:00:00,106.94768
2011-11-21 06:00:00,111.352585
2011-11-21 07:00:00,137.22203
2011-11-21 08:00:00,103.058044
2011-11-21 09:00:00,125.98062
2011-11-21 10:00:00,159.81808
2011-11-21 11:00:00,197.4566
2011-11-21 12:00:00,216.48749
2011-11-21 13:00:00,216.48749
2011-11-21 14:00:00,172.79698
2011-11-21 15:00:00,104.14284
2011-11-21 16:00:00,104.14284
2011-11-21 17:00:00,121.197586
2011-11-21 18:00:00,102.70976
2011-11-21 19:00:00,97.76619
2011-11-21 20:00:00,104.285324
2011-11-21 21:00:00,99.45073
2011-11-21 22:00:00,97.72308
2011-11-21 23:00:00,99.45073
2011-11-22 00:00:00,74.77084
2011-11-22 01:00:00,79.51245
2011-11-22 02:00:00,87.770615
2011-11-22 03:00:00,87.770615
2011-11-22 04:00:00,93.80992
2011-11-22 05:00:00,93.80992
2011-11-22 06:00:00,125.76915
2011-11-22 07:00:00,110.032166
2011-11-22 08:00:00,110.032166
2011-11-22 09:00:00,79.06413
2011-11-22 10:00:00,79.06413
2011-11-22 11:00:00,79.51245
2011-11-22 12:00:00,79.51729
2011-11-22 13:00:00,75.50513
2011-11-22 14:00:00,75.50513
2011-11-22 15:00:00,84.29039
2011-11-22 16:00:00,84.29039
2011-11-22 17:00:00,77.75409
2011-11-22 18:00:00,70.82547
2011-11-22 19:00:00,99.294495
2011-11-22 20:00:00,153.2187
2011-11-22 21:00:00,157.05229
2011-11-22 22:00:00,146.54027
2011-11-22 23:00:00,159.49162
2011-11-23 00:00:00,159.49162
2011-11-23 01:00:00,166.13866
2011-11-23 02:00:00,136.83998
2011-11-23 03:00:00,136.83995
2011-11-23 04:00:00,152.61903
2011-11-23 05:00:00,144.66951
2011-11-23 06:00:00,106.94768
2011-11-23 07:00:00,123.58055
2011-11-23 08:00:00,125.98062
2011-11-23 09:00:00,147.26799
2011-11-23 10:00:00,147.26799
2011-11-23 11:00:00,193.89212
2011-11-23 12:00:00,245.51433
2011-11-23 13:00:00,222.19124
2011-11-23 14:00:00,222.46233
2011-11-23 15:00:00,220.8196
2011-11-23 16:00:00,186.4154
2011-11-23 17:00:00,146.34193
2011-11-23 18:00:00,191.54286
2011-11-23 19:00:00,196.05745
2011-11-23 20:00:00,184.83337
2011-11-23 21:00:00,187.56105
2011-11-23 22:00:00,177.08421
2011-11-23 23:00:00,184.53224
2011-11-24 00:00:00,90.22862
2011-11-24 01:00:00,99.398605
2011-11-24 02:00:00,78.10498
2011-11-24 03:00:00,60.13206
2011-11-24 04:00:00,78.44397
2011-11-24 05:00:00,77.60452
2011-11-24 06:00:00,78.44397
2011-11-24 07:00:00,20.299858
2011-11-24 08:00:00,61.44212
2011-11-24 09:00:00,116.01897
2011-11-24 10:00:00,155.23743
2011-11-24 11:00:00,238.28165
2011-11-24 12:00:00,284.4425
2011-11-24 13:00:00,306.27383
2011-11-24 14:00:00,329.09225
2011-11-24 15:00:00,326.86234
2011-11-24 16:00:00,327.12143
2011-11-24 17:00:00,310.4267
2011-11-24 18:00:00,219.42706
2011-11-24 19:00:00,186.69487
2011-11-24 20:00:00,86.68704
2011-11-24 21:00:00,95.45671
2011-11-24 22:00:00,95.45671
2011-11-24 23:00:00,61.735264
2011-11-25 00:00:00,161.6898
2011-11-25 01:00:00,132.32036
2011-11-25 02:00:00,148.24632
2011-11-25 03:00:00,141.17618
2011-11-25 04:00:00,138.01328
2011-11-25 05:00:00,114.50331
2011-11-25 06:00:00,152.65593
2011-11-25 07:00:00,118.41594
2011-11-25 08:00:00,161.46649
2011-11-25 09:00:00,124.117294
2011-11-25 10:00:00,164.50182
2011-11-25 11:00:00,212.3808
2011-11-25 12:00:00,295.03427
2011-11-25 13:00:00,308.8163
2011-11-25 14:00:00,342.41843
2011-11-25 15:00:00,354.46158
2011-11-25 16:00:00,337.7846
2011-11-25 17:00:00,357.68835
2011-11-25 18:00:00,319.7963
2011-11-25 19:00:00,225.2997
2011-11-25 20:00:00,250.47783
2011-11-25 21:00:00,167.86806
2011-11-25 22:00:00,150.76244
2011-11-25 23:00:00,138.33485
2011-11-26 00:00:00,138.14586
2011-11-26 01:00:00,135.40553
2011-11-26 02:00:00,94.758804
2011-11-26 03:00:00,120.31819
2011-11-26 04:00:00,120.31819
2011-11-26 05:00:00,124.22421
2011-11-26 06:00:00,170.61641
2011-11-26 07:00:00,64.430176
2011-11-26 08:00:00,135.40553
2011-11-26 09:00:00,141.36435
2011-11-26 10:00:00,124.531494
2011-11-26 11:00:00,216.92499
2011-11-26 12:00:00,365.25858
2011-11-26 13:00:00,440.93857
2011-11-26 14:00:00,370.018
2011-11-26 15:00:00,453.46762
2011-11-26 16:00:00,346.65067
2011-11-26 17:00:00,346.65067
2011-11-26 18:00:00,235.19414
2011-11-26 19:00:00,235.70238
2011-11-26 20:00:00,312.8565
2011-11-26 21:00:00,164.53642
2011-11-26 22:00:00,212.97865
2011-11-26 23:00:00,124.531494
2011-11-27 00:00:00,124.531494
2011-11-27 01:00:00,124.531494
2011-11-27 02:00:00,125.63129
2011-11-27 03:00:00,107.11821
2011-11-27 04:00:00,90.000656
2011-11-27 05:00:00,91.3219
2011-11-27 06:00:00,130.41849
2011-11-27 07:00:00,107.57431
2011-11-27 08:00:00,104.18913
2011-11-27 09:00:00,151.58932
2011-11-27 10:00:00,151.58932
2011-11-27 11:00:00,225.92232
2011-11-27 12:00:00,339.4977
2011-11-27 13:00:00,348.64804
2011-11-27 14:00:00,515.1627
2011-11-27 15:00:00,574.42737
2011-11-27 16:00:00,415.19183
2011-11-27 17:00:00,382.7885
2011-11-27 18:00:00,289.13254
2011-11-27 19:00:00,201.88641
2011-11-27 20:00:00,245.99455
2011-11-27 21:00:00,189.53087
2011-11-27 22:00:00,165.96765
2011-11-27 23:00:00,165.96765
2011-11-28 00:00:00,187.92265
2011-11-28 01:00:00,188.74953
2011-11-28 03:00:00,165.89429
2011-11-28 04:00:00,149.75833
2011-11-28 05:00:00,115.52873
2011-11-28 06:00:00,142.27486
2011-11-28 07:00:00,116.882706
2011-11-28 08:00:00,106.87094
2011-11-28 09:00:00,152.0013
2011-11-28 10:00:00,204.30704
2011-11-28 11:00:00,275.27863
2011-11-28 12:00:00,320.10147
2011-11-28 13:00:00,321.81607
2011-11-28 14:00:00,317.74554
2011-11-28 15:00:00,310.60812
2011-11-28 16:00:00,289.06567
2011-11-28 17:00:00,308.48532
2011-11-28 18:00:00,271.15018
2011-11-28 19:00:00,238.54076
2011-11-28 20:00:00,238.1986
2011-11-28 21:00:00,230.70816
2011-11-28 22:00:00,197.4566
2011-11-28 23:00:00,196.66812
2011-11-29 00:00:00,153.77794
2011-11-29 01:00:00,186.36615
2011-11-29 02:00:00,128.50575
2011-11-29 03:00:00,128.50575
2011-11-29 04:00:00,181.8586
2011-11-29 05:00:00,179.29799
2011-11-29 06:00:00,184.97447
2011-11-29 07:00:00,210.00789
2011-11-29 08:00:00,209.27068
2011-11-29 09:00:00,221.09648
2011-11-29 10:00:00,221.09648
2011-11-29 11:00:00,142.24065
2011-11-29 12:00:00,136.80334
2011-11-29 13:00:00,160.53397
2011-11-29 14:00:00,97.76622
2011-11-29 15:00:00,126.4608
2011-11-29 16:00:00,104.285355
2011-11-29 17:00:00,164.81535
2011-11-29 18:00:00,169.53685
2011-11-29 19:00:00,170.9838
2011-11-29 20:00:00,158.14587
2011-11-29 21:00:00,158.14587
2011-11-29 22:00:00,179.6912
2011-11-29 23:00:00,181.10777
2011-11-30 00:00:00,182.03477
2011-11-30 01:00:00,183.08456
2011-11-30 02:00:00,162.16173
2011-11-30 03:00:00,162.16173
2011-11-30 04:00:00,178.29167
2011-11-30 05:00:00,173.07077
2011-11-30 06:00:00,155.6167
2011-11-30 07:00:00,152.65593
2011-11-30 08:00:00,173.07077
2011-11-30 09:00:00,179.2028
2011-11-30 10:00:00,176.05487
2011-11-30 11:00:00,218.53532
2011-11-30 12:00:00,228.33885
2011-11-30 13:00:00,258.10538
2011-11-30 14:00:00,258.10538
2011-11-30 15:00:00,234.65204
2011-11-30 16:00:00,239.36446
2011-11-30 17:00:00,224.90842
2011-11-30 18:00:00,213.51102
2011-11-30 19:00:00,201.26585
2011-11-30 20:00:00,201.26585
2011-11-30 21:00:00,189.4941
2011-11-30 22:00:00,188.04567
2011-11-30 23:00:00,192.99155
2011-12-20 00:00:00,231.92123
2011-12-20 01:00:00,259.9459
2011-12-20 02:00:00,190.78535
2011-12-20 03:00:00,190.78535
2011-12-20 04:00:00,251.95595
2011-12-20 05:00:00,222.06618
2011-12-20 06:00:00,222.06615
2011-12-20 07:00:00,198.66823
2011-12-20 08:00:00,278.85965
2011-12-20 09:00:00,179.94978
2011-12-20 10:00:00,254.08987
2011-12-20 11:00:00,239.6633
2011-12-20 12:00:00,283.88828
2011-12-20 13:00:00,283.88828
2011-12-20 14:00:00,276.5115
2011-12-20 15:00:00,283.0555
2011-12-20 16:00:00,304.91248
2011-12-20 17:00:00,223.09978
2011-12-20 18:00:00,189.71913
2011-12-20 19:00:00,205.61649
2011-12-20 20:00:00,193.1999
2011-12-20 21:00:00,188.44011
2011-12-20 22:00:00,179.94978
2011-12-20 23:00:00,211.21893
2011-12-21 00:00:00,131.02698
2011-12-21 01:00:00,130.2125
2011-12-21 02:00:00,134.9775
2011-12-21 03:00:00,134.9775
2011-12-21 04:00:00,134.9775
2011-12-21 05:00:00,140.19786
2011-12-21 06:00:00,141.31796
2011-12-21 07:00:00,137.29039
2011-12-21 08:00:00,148.8664
2011-12-21 09:00:00,141.21039
2011-12-21 10:00:00,125.82149
2011-12-21 11:00:00,125.82149
2011-12-21 12:00:00,79.42714
2011-12-21 13:00:00,81.603806
2011-12-21 14:00:00,134.67395
2011-12-21 15:00:00,127.515854
2011-12-21 16:00:00,64.27216
2011-12-21 17:00:00,64.27216
2011-12-21 18:00:00,128.48897
2011-12-21 19:00:00,146.67113
2011-12-21 20:00:00,139.07098
2011-12-21 21:00:00,129.57677
2011-12-21 22:00:00,133.02026
2011-12-21 23:00:00,142.92029
2011-12-22 00:00:00,164.4549
2011-12-22 01:00:00,134.35287
2011-12-22 02:00:00,169.8191
2011-12-22 03:00:00,147.67157
2011-12-22 04:00:00,109.55002
2011-12-22 05:00:00,145.56882
2011-12-22 06:00:00,128.60298
2011-12-22 07:00:00,114.67294
2011-12-22 08:00:00,141.31796
2011-12-22 09:00:00,141.56128
2011-12-22 10:00:00,143.12744
2011-12-22 11:00:00,155.36519
2011-12-22 12:00:00,171.37009
2011-12-22 13:00:00,164.97185
2011-12-22 14:00:00,164.97185
2011-12-22 15:00:00,169.09883
2011-12-22 16:00:00,164.97185
2011-12-22 17:00:00,140.97675
2011-12-22 18:00:00,147.41493
2011-12-22 19:00:00,162.70657
2011-12-22 20:00:00,122.28517
2011-12-22 21:00:00,122.28517
2011-12-22 22:00:00,109.01904
2011-12-22 23:00:00,147.967
2011-12-23 00:00:00,113.0883
2011-12-23 01:00:00,113.0883
2011-12-23 02:00:00,110.315735
2011-12-23 03:00:00,110.315735
2011-12-23 04:00:00,63.56734
2011-12-23 05:00:00,96.77113
2011-12-23 06:00:00,100.37346
2011-12-23 07:00:00,99.8858
2011-12-23 08:00:00,104.22992
2011-12-23 09:00:00,123.19087
2011-12-23 10:00:00,141.83653
2011-12-23 11:00:00,158.12512
2011-12-23 12:00:00,164.23076
2011-12-23 13:00:00,175.27077
2011-12-23 14:00:00,163.70856
2011-12-23 15:00:00,147.47514
2011-12-23 16:00:00,142.77994
2011-12-23 17:00:00,110.91553
2011-12-23 18:00:00,118.37335
2011-12-23 19:00:00,100.68744
2011-12-23 20:00:00,106.86806
2011-12-23 21:00:00,93.81665
2011-12-23 22:00:00,94.97333
2011-12-23 23:00:00,92.37851
2011-12-24 00:00:00,81.882706
2011-12-24 01:00:00,115.746445
2011-12-24 02:00:00,105.29468
2011-12-24 03:00:00,100.760666
2011-12-24 04:00:00,88.97534
2011-12-24 05:00:00,88.97534
2011-12-24 06:00:00,68.13667
2011-12-24 07:00:00,56.228584
2011-12-24 08:00:00,56.820812
2011-12-24 09:00:00,121.52994
2011-12-24 10:00:00,125.87723
2011-12-24 11:00:00,134.63379
2011-12-24 12:00:00,145.42924
2011-12-24 13:00:00,141.20279
2011-12-24 14:00:00,141.20279
2011-12-24 15:00:00,137.76917
2011-12-24 16:00:00,141.04694
2011-12-24 17:00:00,109.77547
2011-12-24 18:00:00,125.507645
2011-12-24 19:00:00,106.27515
2011-12-24 20:00:00,77.62599
2011-12-24 21:00:00,75.96437
2011-12-24 22:00:00,87.847855
2011-12-24 23:00:00,77.45068
2011-12-25 00:00:00,60.037136
2011-12-25 01:00:00,50.60029
2011-12-25 02:00:00,52.315712
2011-12-25 03:00:00,63.159897
2011-12-25 05:00:00,46.590164
2011-12-25 06:00:00,46.590164
2011-12-25 07:00:00,46.67512
2011-12-25 08:00:00,37.4033
2011-12-25 09:00:00,39.902695
2011-12-25 10:00:00,39.077114
2011-12-25 11:00:00,63.91624
2011-12-25 12:00:00,50.441174
2011-12-25 13:00:00,64.1478
2011-12-25 14:00:00,93.17459
2011-12-25 15:00:00,96.62984
2011-12-25 16:00:00,131.07233
2011-12-25 17:00:00,100.667206
2011-12-25 18:00:00,68.4227
2011-12-25 19:00:00,103.17584
2011-12-25 20:00:00,120.72537
2011-12-25 21:00:00,93.2578
2011-12-25 22:00:00,71.540726
2011-12-25 23:00:00,63.60051
2011-12-26 00:00:00,66.91759
2011-12-26 01:00:00,118.81958
2011-12-26 02:00:00,140.00621
2011-12-26 04:00:00,144.80443
2011-12-26 05:00:00,144.96605
2011-12-26 06:00:00,143.18813
2011-12-26 07:00:00,135.52795
2011-12-26 08:00:00,129.92883
2011-12-26 09:00:00,144.80443
2011-12-26 10:00:00,151.10316
2011-12-26 11:00:00,159.37326
2011-12-26 12:00:00,147.47173
2011-12-26 13:00:00,150.21239
2011-12-26 14:00:00,150.40776
2011-12-26 15:00:00,145.30138
2011-12-26 16:00:00,141.87462
2011-12-26 17:00:00,140.00621
2011-12-26 18:00:00,124.17226
2011-12-26 19:00:00,98.15355
2011-12-26 20:00:00,116.38481
2011-12-26 21:00:00,58.195103
2011-12-26 22:00:00,58.195114
2011-12-26 23:00:00,74.01651
2011-12-27 00:00:00,99.12932
2011-12-27 01:00:00,97.214905
2011-12-27 02:00:00,97.214905
2011-12-27 03:00:00,127.25546
2011-12-27 04:00:00,121.62993
2011-12-27 05:00:00,104.22955
2011-12-27 06:00:00,113.328186
2011-12-27 07:00:00,102.9559
2011-12-27 08:00:00,131.5286
2011-12-27 09:00:00,114.766754
2011-12-27 10:00:00,125.59169
2011-12-27 11:00:00,114.766754
2011-12-27 12:00:00,97.859604
2011-12-27 13:00:00,77.336105
2011-12-27 14:00:00,79.341675
2011-12-27 15:00:00,79.341675
2011-12-27 16:00:00,85.27568
2011-12-27 17:00:00,140.09605
2011-12-27 18:00:00,97.16507
2011-12-27 19:00:00,98.16591
2011-12-27 20:00:00,98.05139
2011-12-27 21:00:00,95.50986
2011-12-27 22:00:00,95.50986
2011-12-27 23:00:00,96.63762
2011-12-28 00:00:00,95.49605
2011-12-28 01:00:00,96.24034
2011-12-28 02:00:00,98.04581
2011-12-28 03:00:00,98.04581
2011-12-28 05:00:00,109.29997
2011-12-28 06:00:00,97.72272
2011-12-28 07:00:00,97.72273
2011-12-28 08:00:00,109.29999
2011-12-28 09:00:00,108.74483
2011-12-28 10:00:00,97.359146
2011-12-28 11:00:00,144.99443
2011-12-28 12:00:00,130.18956
2011-12-28 13:00:00,147.88048
2011-12-28 14:00:00,136.50752
2011-12-28 15:00:00,144.09927
2011-12-28 16:00:00,132.79501
2011-12-28 17:00:00,110.29979
2011-12-28 18:00:00,108.919174
2011-12-28 19:00:00,100.285385
2011-12-28 20:00:00,95.70471
2011-12-28 21:00:00,83.53439
2011-12-28 22:00:00,79.94333
2011-12-28 23:00:00,97.303955
2011-12-29 00:00:00,123.12802
2011-12-29 01:00:00,93.90451
2011-12-29 02:00:00,87.54097
2011-12-29 03:00:00,94.94891
2011-12-29 04:00:00,92.817795
2011-12-29 05:00:00,89.824875
2011-12-29 06:00:00,80.67345
2011-12-29 07:00:00,95.75235
2011-12-29 08:00:00,114.98465
2011-12-29 09:00:00,97.79286
2011-12-29 10:00:00,96.69879
2011-12-29 11:00:00,126.54524
2011-12-29 12:00:00,125.009125
2011-12-29 13:00:00,118.31671
2011-12-29 14:00:00,97.28407
2011-12-29 15:00:00,113.22075
2011-12-29 16:00:00,85.56384
2011-12-29 17:00:00,89.20253
2011-12-29 18:00:00,85.90321
2011-12-29 19:00:00,90.528046
2011-12-29 20:00:00,87.17131
2011-12-29 21:00:00,130.67654
2011-12-29 22:00:00,90.62872
2011-12-29 23:00:00,91.803406
2011-12-30 00:00:00,95.72775
2011-12-30 01:00:00,86.47722
2011-12-30 02:00:00,96.033264
2011-12-30 03:00:00,96.033264
2011-12-30 04:00:00,95.23155
2011-12-30 05:00:00,95.55545
2011-12-30 06:00:00,95.23155
2011-12-30 07:00:00,94.97682
2011-12-30 08:00:00,113.26984
2011-12-30 09:00:00,94.02089
2011-12-30 10:00:00,99.8053
2011-12-30 11:00:00,94.97333
2011-12-30 12:00:00,92.37128
2011-12-30 13:00:00,127.170746
2011-12-30 14:00:00,143.51534
2011-12-30 15:00:00,178.80042
2011-12-30 16:00:00,172.27568
2011-12-30 17:00:00,127.35196
2011-12-30 18:00:00,105.2887
2011-12-30 19:00:00,117.94557
2011-12-30 20:00:00,127.99663
2011-12-30 21:00:00,130.2125
2011-12-30 22:00:00,133.31285
2011-12-30 23:00:00,127.86623
2011-12-31 00:00:00,107.1048
2011-12-31 01:00:00,121.54857
2011-12-31 02:00:00,121.54857
2011-12-31 03:00:00,121.54857
2011-12-31 04:00:00,109.9207
2011-12-31 05:00:00,79.72995
2011-12-31 06:00:00,161.79073
2011-12-31 07:00:00,65.32178
2011-12-31 08:00:00,62.35944
2011-12-31 09:00:00,106.583466
2011-12-31 10:00:00,116.7818
2011-12-31 11:00:00,145.53441
2011-12-31 12:00:00,348.02393
2011-12-31 13:00:00,240.66725
2011-12-31 14:00:00,243.10246
2011-12-31 15:00:00,210.43765
2011-12-31 16:00:00,205.67859
2011-12-31 17:00:00,202.77925
2011-12-31 18:00:00,205.79045
2011-12-31 19:00:00,203.64134
2011-12-31 20:00:00,203.64134
2011-12-31 21:00:00,170.19211
2011-12-31 22:00:00,140.3645
2011-12-31 23:00:00,119.21774
2012-01-20 00:00:00,123.09094
2012-01-20 01:00:00,80.993164
2012-01-20 02:00:00,80.993164
2012-01-20 03:00:00,83.31726
2012-01-20 04:00:00,90.16145
2012-01-20 05:00:00,90.16145
2012-01-20 06:00:00,96.22708
2012-01-20 07:00:00,98.15427
2012-01-20 08:00:00,94.59616
2012-01-20 09:00:00,92.39937
2012-01-20 10:00:00,122.425476
2012-01-20 11:00:00,113.88745
2012-01-20 12:00:00,116.174576
2012-01-20 13:00:00,106.28377
2012-01-20 14:00:00,115.33745
2012-01-20 15:00:00,112.25403
2012-01-20 16:00:00,112.83867
2012-01-20 17:00:00,93.483185
2012-01-20 18:00:00,100.42137
2012-01-20 19:00:00,107.05
2012-01-20 20:00:00,100.42137
2012-01-20 21:00:00,104.03183
2012-01-20 22:00:00,115.45137
2012-01-20 23:00:00,54.339832
2012-01-21 00:00:00,35.75192
2012-01-21 01:00:00,28.87461
2012-01-21 02:00:00,35.37383
2012-01-21 03:00:00,32.542664
2012-01-21 04:00:00,33.24274
2012-01-21 05:00:00,32.17483
2012-01-21 06:00:00,31.569729
2012-01-21 07:00:00,31.569729
2012-01-21 08:00:00,26.869743
2012-01-21 09:00:00,26.869743
2012-01-21 10:00:00,30.30873
2012-01-21 11:00:00,42.33279
2012-01-21 12:00:00,41.545956
2012-01-21 13:00:00,37.11992
2012-01-21 14:00:00,33.868336
2012-01-21 15:00:00,33.86832
2012-01-21 16:00:00,35.25547
2012-01-21 17:00:00,33.87918
2012-01-21 18:00:00,37.901165
2012-01-21 19:00:00,33.076916
2012-01-21 20:00:00,32.945698
2012-01-21 21:00:00,32.033035
2012-01-21 22:00:00,38.05878
2012-01-21 23:00:00,31.690481
2012-01-22 00:00:00,27.541204
2012-01-22 01:00:00,38.05878
2012-01-22 02:00:00,38.42171
2012-01-22 03:00:00,43.18703
2012-01-22 04:00:00,32.18216
2012-01-22 05:00:00,31.867714
2012-01-22 06:00:00,37.07719
2012-01-22 07:00:00,37.07719
2012-01-22 08:00:00,37.07719
2012-01-22 09:00:00,37.07719
2012-01-22 10:00:00,34.838074
2012-01-22 11:00:00,31.362156
2012-01-22 12:00:00,32.548206
2012-01-22 13:00:00,38.82906
2012-01-22 14:00:00,36.258076
2012-01-22 15:00:00,33.781685
2012-01-22 16:00:00,33.781685
2012-01-22 17:00:00,40.147655
2012-01-22 18:00:00,32.17483
2012-01-22 19:00:00,32.17483
2012-01-22 20:00:00,30.50899
2012-01-22 21:00:00,32.17483
2012-01-22 22:00:00,39.515198
2012-01-22 23:00:00,37.073124
2012-01-23 00:00:00,104.290375
2012-01-23 01:00:00,74.48729
2012-01-23 02:00:00,74.48729
2012-01-23 03:00:00,104.29039
2012-01-23 04:00:00,117.67018
2012-01-23 05:00:00,110.45807
2012-01-23 06:00:00,110.45807
2012-01-23 07:00:00,71.295944
2012-01-23 08:00:00,56.493874
2012-01-23 09:00:00,83.70987
2012-01-23 10:00:00,105.877304
2012-01-23 11:00:00,78.969574
2012-01-23 12:00:00,112.81445
2012-01-23 13:00:00,65.02908
2012-01-23 14:00:00,51.84937
2012-01-23 15:00:00,55.15852
2012-01-23 16:00:00,69.88457
2012-01-23 17:00:00,83.895615
2012-01-23 18:00:00,76.12192
2012-01-23 19:00:00,74.1552
2012-01-23 20:00:00,71.783325
2012-01-23 21:00:00,52.597412
2012-01-23 22:00:00,52.597412
2012-01-23 23:00:00,51.21197
2012-01-24 00:00:00,58.586525
2012-01-24 01:00:00,71.35239
2012-01-24 02:00:00,77.52649
2012-01-24 03:00:00,111.862335
2012-01-24 04:00:00,112.093796
2012-01-24 05:00:00,112.093796
2012-01-24 06:00:00,87.75966
2012-01-24 07:00:00,111.86232
2012-01-24 08:00:00,111.86232
2012-01-24 09:00:00,133.89165
2012-01-24 10:00:00,98.05139
2012-01-24 11:00:00,97.611755
2012-01-24 12:00:00,98.16591
2012-01-24 13:00:00,98.16591
2012-01-24 14:00:00,99.30771
2012-01-24 15:00:00,136.64856
2012-01-24 16:00:00,129.50404
2012-01-24 17:00:00,157.28458
2012-01-24 18:00:00,145.57661
2012-01-24 19:00:00,174.11137
2012-01-24 20:00:00,119.22421
2012-01-24 21:00:00,148.72533
2012-01-24 22:00:00,113.65933
2012-01-24 23:00:00,119.22421
2012-01-25 00:00:00,98.95044
2012-01-25 01:00:00,100.64592
2012-01-25 02:00:00,99.528015
2012-01-25 03:00:00,103.75865
2012-01-25 04:00:00,95.91727
2012-01-25 05:00:00,95.91727
2012-01-25 06:00:00,97.071365
2012-01-25 07:00:00,94.34956
2012-01-25 08:00:00,95.92909
2012-01-25 09:00:00,95.92909
2012-01-25 10:00:00,66.66632
2012-01-25 11:00:00,113.328186
2012-01-25 12:00:00,98.60333
2012-01-25 13:00:00,115.444305
2012-01-25 14:00:00,123.35492
2012-01-25 15:00:00,151.76959
2012-01-25 16:00:00,102.9886
2012-01-25 17:00:00,114.08879
2012-01-25 18:00:00,92.37851
2012-01-25 19:00:00,114.63426
2012-01-25 20:00:00,91.35361
2012-01-25 21:00:00,114.388596
2012-01-25 22:00:00,88.7921
2012-01-25 23:00:00,117.34387
2012-01-26 00:00:00,129.7532
2012-01-26 01:00:00,126.188126
2012-01-26 02:00:00,105.35306
2012-01-26 03:00:00,132.36871
2012-01-26 04:00:00,100.58513
2012-01-26 05:00:00,133.2868
2012-01-26 06:00:00,129.50693
2012-01-26 07:00:00,125.92401
2012-01-26 08:00:00,125.92401
2012-01-26 09:00:00,130.66661
2012-01-26 10:00:00,119.99997
2012-01-26 11:00:00,120.51219
2012-01-26 12:00:00,135.1235
2012-01-26 13:00:00,138.94804
2012-01-26 14:00:00,137.02583
2012-01-26 15:00:00,139.87564
2012-01-26 16:00:00,137.74123
2012-01-26 17:00:00,155.88643
2012-01-26 18:00:00,155.88643
2012-01-26 19:00:00,139.88356
2012-01-26 20:00:00,142.00739
2012-01-26 21:00:00,139.88356
2012-01-26 22:00:00,113.63582
2012-01-26 23:00:00,145.7846
2012-01-27 00:00:00,134.17407
2012-01-27 01:00:00,141.21039
2012-01-27 02:00:00,116.67935
2012-01-27 03:00:00,127.65503
2012-01-27 04:00:00,92.437775
2012-01-27 05:00:00,103.12077
2012-01-27 06:00:00,92.99013
2012-01-27 07:00:00,107.5804
2012-01-27 08:00:00,127.8145
2012-01-27 09:00:00,127.8145
2012-01-27 10:00:00,147.93716
2012-01-27 11:00:00,169.36116
2012-01-27 12:00:00,166.06326
2012-01-27 13:00:00,209.1968
2012-01-27 14:00:00,215.43346
2012-01-27 15:00:00,208.1765
2012-01-27 16:00:00,191.62961
2012-01-27 17:00:00,180.47523
2012-01-27 18:00:00,174.08217
2012-01-27 19:00:00,139.29396
2012-01-27 20:00:00,118.19795
2012-01-27 21:00:00,117.666245
2012-01-27 22:00:00,127.35907
2012-01-27 23:00:00,117.79645
2012-01-28 00:00:00,98.835144
2012-01-28 01:00:00,98.99754
2012-01-28 02:00:00,92.25293
2012-01-28 03:00:00,76.23563
2012-01-28 04:00:00,68.11299
2012-01-28 05:00:00,53.52582
2012-01-28 06:00:00,67.26738
2012-01-28 07:00:00,60.98135
2012-01-28 08:00:00,46.23454
2012-01-28 09:00:00,57.421894
2012-01-28 10:00:00,58.25562
2012-01-28 11:00:00,93.2578
2012-01-28 12:00:00,75.499084
2012-01-28 13:00:00,100.35271
2012-01-28 14:00:00,151.38481
2012-01-28 15:00:00,192.93822
2012-01-28 16:00:00,212.69008
2012-01-28 17:00:00,205.24136
2012-01-28 18:00:00,238.86356
2012-01-28 19:00:00,143.87683
2012-01-28 20:00:00,167.99304
2012-01-28 21:00:00,138.15654
2012-01-28 22:00:00,171.57448
2012-01-28 23:00:00,154.18053
2012-01-29 00:00:00,136.24165
2012-01-29 01:00:00,121.70265
2012-01-29 02:00:00,116.59018
2012-01-29 03:00:00,117.52194
2012-01-29 04:00:00,54.131714
2012-01-29 05:00:00,69.50279
2012-01-29 06:00:00,85.5108
2012-01-29 07:00:00,86.67436
2012-01-29 08:00:00,77.68713
2012-01-29 09:00:00,74.65489
2012-01-29 10:00:00,98.346725
2012-01-29 11:00:00,127.671555
2012-01-29 12:00:00,133.19
2012-01-29 13:00:00,133.19
2012-01-29 14:00:00,129.6165
2012-01-29 15:00:00,136.58566
2012-01-29 16:00:00,106.945786
2012-01-29 17:00:00,106.9458
2012-01-29 18:00:00,112.97342
2012-01-29 19:00:00,138.483
2012-01-29 20:00:00,124.87201
2012-01-29 21:00:00,137.43727
2012-01-29 22:00:00,118.103455
2012-01-29 23:00:00,131.85136
2012-01-30 00:00:00,110.17128
2012-01-30 01:00:00,93.32179
2012-01-30 02:00:00,95.50423
2012-01-30 03:00:00,90.57826
2012-01-30 04:00:00,89.45354
2012-01-30 05:00:00,89.45354
2012-01-30 06:00:00,97.303955
2012-01-30 07:00:00,97.128876
2012-01-30 08:00:00,93.8183
2012-01-30 09:00:00,93.8183
2012-01-30 10:00:00,99.14348
2012-01-30 11:00:00,107.183975
2012-01-30 12:00:00,115.69292
2012-01-30 13:00:00,140.09369
2012-01-30 14:00:00,158.07545
2012-01-30 15:00:00,158.21512
2012-01-30 16:00:00,169.93732
2012-01-30 17:00:00,176.80983
2012-01-30 18:00:00,166.09015
2012-01-30 19:00:00,107.862274
2012-01-30 20:00:00,116.43236
2012-01-30 21:00:00,108.7384
2012-01-30 22:00:00,93.07024
2012-01-30 23:00:00,94.184586
2012-01-31 00:00:00,97.34183
2012-01-31 01:00:00,115.61569
2012-01-31 02:00:00,104.866516
2012-01-31 03:00:00,98.91307
2012-01-31 04:00:00,90.63385
2012-01-31 05:00:00,90.63385
2012-01-31 06:00:00,84.56337
2012-01-31 07:00:00,94.184586
2012-01-31 08:00:00,85.89258
2012-01-31 09:00:00,87.37901
2012-01-31 10:00:00,126.586395
2012-01-31 11:00:00,198.10522
2012-01-31 12:00:00,177.75046
2012-01-31 13:00:00,224.27304
2012-01-31 14:00:00,276.0877
2012-01-31 15:00:00,284.7171
2012-01-31 16:00:00,284.7171
2012-01-31 17:00:00,287.21738
2012-01-31 18:00:00,289.64136
2012-01-31 19:00:00,270.88577
2012-01-31 20:00:00,142.8567
2012-01-31 21:00:00,240.30794
2012-01-31 22:00:00,226.69568
2012-01-31 23:00:00,214.89867
2012-02-20 00:00:00,51.87784
2012-02-20 01:00:00,51.87784
2012-02-20 02:00:00,51.87784
2012-02-20 03:00:00,55.894115
2012-02-20 05:00:00,100.23796
2012-02-20 06:00:00,148.5599
2012-02-20 07:00:00,90.941696
2012-02-20 08:00:00,113.40672
2012-02-20 09:00:00,113.40672
2012-02-20 10:00:00,140.13509
2012-02-20 11:00:00,157.24545
2012-02-20 12:00:00,139.11235
2012-02-20 13:00:00,140.63834
2012-02-20 14:00:00,119.27956
2012-02-20 15:00:00,115.372696
2012-02-20 16:00:00,89.83133
2012-02-20 17:00:00,113.893555
2012-02-20 18:00:00,115.372696
2012-02-20 19:00:00,115.372696
2012-02-20 20:00:00,109.28825
2012-02-20 21:00:00,123.257416
2012-02-20 22:00:00,122.65437
2012-02-20 23:00:00,65.70003
2012-02-21 00:00:00,91.66693
2012-02-21 01:00:00,96.4353
2012-02-21 02:00:00,84.41939
2012-02-21 04:00:00,80.29126
2012-02-21 05:00:00,86.60794
2012-02-21 06:00:00,92.661514
2012-02-21 07:00:00,80.29126
2012-02-21 08:00:00,96.89427
2012-02-21 09:00:00,103.06143
2012-02-21 10:00:00,104.898605
2012-02-21 11:00:00,73.70099
2012-02-21 12:00:00,118.665665
2012-02-21 13:00:00,129.28633
2012-02-21 14:00:00,118.134735
2012-02-21 15:00:00,129.28633
2012-02-21 16:00:00,149.4805
2012-02-21 17:00:00,182.26003
2012-02-21 18:00:00,182.26003
2012-02-21 19:00:00,135.16356
2012-02-21 20:00:00,105.42677
2012-02-21 21:00:00,96.01207
2012-02-21 22:00:00,133.2224
2012-02-21 23:00:00,98.63959
2012-02-22 00:00:00,98.63959
2012-02-22 01:00:00,94.11626
2012-02-22 02:00:00,104.291885
2012-02-22 03:00:00,127.79541
2012-02-22 04:00:00,96.63635
2012-02-22 05:00:00,97.47217
2012-02-22 06:00:00,96.24034
2012-02-22 07:00:00,97.264404
2012-02-22 08:00:00,92.15117
2012-02-22 09:00:00,99.59898
2012-02-22 10:00:00,106.65015
2012-02-22 11:00:00,102.3522
2012-02-22 12:00:00,126.46413
2012-02-22 13:00:00,155.64278
2012-02-22 14:00:00,171.36075
2012-02-22 15:00:00,270.6906
2012-02-22 16:00:00,277.34564
2012-02-22 17:00:00,279.3724
2012-02-22 18:00:00,183.99196
2012-02-22 19:00:00,171.98717
2012-02-22 20:00:00,162.73665
2012-02-22 21:00:00,200.67467
2012-02-22 22:00:00,164.70732
2012-02-22 23:00:00,176.80113
2012-02-23 00:00:00,164.70732
2012-02-23 01:00:00,155.99506
2012-02-23 02:00:00,148.13458
2012-02-23 03:00:00,133.9738
2012-02-23 04:00:00,108.400375
2012-02-23 05:00:00,108.400375
2012-02-23 06:00:00,99.0517
2012-02-23 07:00:00,99.30771
2012-02-23 08:00:00,96.084305
2012-02-23 09:00:00,99.72623
2012-02-23 10:00:00,127.64398
2012-02-23 11:00:00,214.13026
2012-02-23 12:00:00,236.01958
2012-02-23 13:00:00,247.61868
2012-02-23 14:00:00,271.3595
2012-02-23 15:00:00,267.3978
2012-02-23 16:00:00,266.71335
2012-02-23 17:00:00,272.3802
2012-02-23 18:00:00,256.6997
2012-02-23 19:00:00,222.56636
2012-02-23 20:00:00,195.95598
2012-02-23 21:00:00,173.59915
2012-02-23 22:00:00,166.1501
2012-02-23 23:00:00,191.85825
2012-02-24 00:00:00,151.31645
2012-02-24 01:00:00,145.88872
2012-02-24 02:00:00,119.54283
2012-02-24 03:00:00,123.918625
2012-02-24 04:00:00,113.4538
2012-02-24 05:00:00,144.50703
2012-02-24 06:00:00,144.87564
2012-02-24 07:00:00,138.09238
2012-02-24 08:00:00,115.075806
2012-02-24 09:00:00,79.09592
2012-02-24 10:00:00,106.44418
2012-02-24 11:00:00,136.28975
2012-02-24 12:00:00,139.13249
2012-02-24 13:00:00,139.87564
2012-02-24 14:00:00,152.43912
2012-02-24 15:00:00,113.0883
2012-02-24 16:00:00,113.0883
2012-02-24 17:00:00,146.65941
2012-02-24 18:00:00,151.14194
2012-02-24 19:00:00,152.71205
2012-02-24 20:00:00,170.20595
2012-02-24 21:00:00,189.07607
2012-02-24 22:00:00,196.41798
2012-02-24 23:00:00,178.4983
2012-02-25 00:00:00,145.82611
2012-02-25 01:00:00,137.72229
2012-02-25 02:00:00,120.272446
2012-02-25 03:00:00,110.89081
2012-02-25 04:00:00,121.3141
2012-02-25 05:00:00,107.27634
2012-02-25 06:00:00,107.27634
2012-02-25 07:00:00,116.32239
2012-02-25 08:00:00,89.629456
2012-02-25 09:00:00,41.322533
2012-02-25 10:00:00,61.231884
2012-02-25 11:00:00,124.29436
2012-02-25 12:00:00,108.45357
2012-02-25 13:00:00,119.359314
2012-02-25 14:00:00,112.84158
2012-02-25 15:00:00,122.598755
2012-02-25 16:00:00,106.98787
2012-02-25 17:00:00,129.2336
2012-02-25 18:00:00,110.20412
2012-02-25 19:00:00,121.05777
2012-02-25 20:00:00,115.83836
2012-02-25 21:00:00,113.82419
2012-02-25 22:00:00,115.97165
2012-02-25 23:00:00,102.92107
2012-02-26 00:00:00,102.46945
2012-02-26 01:00:00,94.503784
2012-02-26 02:00:00,94.503784
2012-02-26 03:00:00,98.0551
2012-02-26 04:00:00,98.0551
2012-02-26 05:00:00,87.94127
2012-02-26 06:00:00,86.0486
2012-02-26 07:00:00,63.107975
2012-02-26 08:00:00,66.28465
2012-02-26 09:00:00,80.565735
2012-02-26 10:00:00,103.71564
2012-02-26 11:00:00,111.02263
2012-02-26 12:00:00,135.39638
2012-02-26 13:00:00,141.92491
2012-02-26 14:00:00,173.62474
2012-02-26 15:00:00,188.9576
2012-02-26 16:00:00,163.7114
2012-02-26 17:00:00,176.82463
2012-02-26 18:00:00,152.12346
2012-02-26 19:00:00,167.50763
2012-02-26 20:00:00,142.90903
2012-02-26 21:00:00,120.07387
2012-02-26 22:00:00,118.93721
2012-02-26 23:00:00,75.96437
2012-02-27 00:00:00,97.8409
2012-02-27 01:00:00,99.35173
2012-02-27 02:00:00,91.105515
2012-02-27 03:00:00,103.99504
2012-02-27 04:00:00,99.71971
2012-02-27 05:00:00,99.71971
2012-02-27 06:00:00,95.92909
2012-02-27 07:00:00,97.59125
2012-02-27 08:00:00,80.3649
2012-02-27 09:00:00,94.184586
2012-02-27 10:00:00,111.6194
2012-02-27 11:00:00,140.173
2012-02-27 12:00:00,198.75279
2012-02-27 13:00:00,177.1292
2012-02-27 14:00:00,232.38234
2012-02-27 15:00:00,274.42188
2012-02-27 16:00:00,284.7171
2012-02-27 17:00:00,281.27365
2012-02-27 18:00:00,277.95126
2012-02-27 19:00:00,272.85422
2012-02-27 20:00:00,257.10306
2012-02-27 21:00:00,232.38234
2012-02-27 22:00:00,199.02266
2012-02-27 23:00:00,161.32841
2012-02-28 00:00:00,151.8916
2012-02-28 01:00:00,113.22777
2012-02-28 02:00:00,145.06381
2012-02-28 03:00:00,217.6699
2012-02-28 04:00:00,128.4854
2012-02-28 05:00:00,128.4854
2012-02-28 06:00:00,111.31752
2012-02-28 07:00:00,105.69394
2012-02-28 08:00:00,99.66081
2012-02-28 09:00:00,109.11362
2012-02-28 10:00:00,115.61569
2012-02-28 11:00:00,151.04988
2012-02-28 12:00:00,164.13321
2012-02-28 13:00:00,167.10393
2012-02-28 14:00:00,195.1054
2012-02-28 15:00:00,206.5204
2012-02-28 16:00:00,202.21527
2012-02-28 17:00:00,206.5204
2012-02-28 18:00:00,212.67574
2012-02-28 19:00:00,194.18195
2012-02-28 20:00:00,195.40892
2012-02-28 21:00:00,127.3723
2012-02-28 22:00:00,127.3723
2012-02-28 23:00:00,94.74498
2012-02-29 00:00:00,104.594025
2012-02-29 01:00:00,110.604034
2012-02-29 02:00:00,91.98663
2012-02-29 03:00:00,89.43713
2012-02-29 05:00:00,93.581696
2012-02-29 06:00:00,132.36871
2012-02-29 07:00:00,97.21608
2012-02-29 08:00:00,129.7532
2012-02-29 09:00:00,78.745056
2012-02-29 10:00:00,78.745056
2012-02-29 11:00:00,66.072556
2012-02-29 12:00:00,47.456116
2012-02-29 13:00:00,63.087635
2012-02-29 14:00:00,63.087635
2012-02-29 15:00:00,129.74994
2012-02-29 16:00:00,115.23659
2012-02-29 17:00:00,144.87564
2012-02-29 18:00:00,147.967
2012-02-29 19:00:00,144.33655
2012-02-29 20:00:00,138.343
2012-02-29 21:00:00,138.343
2012-02-29 22:00:00,85.02199
2012-02-29 23:00:00,85.02199
2012-03-20 00:00:00,180.77184
2012-03-20 01:00:00,168.47374
2012-03-20 02:00:00,175.55022
2012-03-20 03:00:00,170.68568
2012-03-20 04:00:00,172.33546
2012-03-20 05:00:00,163.85248
2012-03-20 06:00:00,176.99135
2012-03-20 07:00:00,143.1877
2012-03-20 08:00:00,170.08307
2012-03-20 09:00:00,176.7612
2012-03-20 10:00:00,166.83336
2012-03-20 11:00:00,200.06976
2012-03-20 12:00:00,216.7995
2012-03-20 13:00:00,219.48372
2012-03-20 14:00:00,192.25565
2012-03-20 15:00:00,192.56866
2012-03-20 16:00:00,283.92566
2012-03-20 17:00:00,238.93542
2012-03-20 18:00:00,254.9549
2012-03-20 19:00:00,223.45955
2012-03-20 20:00:00,232.40785
2012-03-20 21:00:00,211.90723
2012-03-20 22:00:00,198.86409
2012-03-20 23:00:00,179.08157
2012-03-21 00:00:00,101.902054
2012-03-21 01:00:00,124.62431
2012-03-21 02:00:00,108.45413
2012-03-21 03:00:00,140.91301
2012-03-21 04:00:00,146.48003
2012-03-21 05:00:00,146.48003
2012-03-21 06:00:00,131.44661
2012-03-21 07:00:00,114.00801
2012-03-21 08:00:00,110.408646
2012-03-21 09:00:00,143.26326
2012-03-21 10:00:00,144.95586
2012-03-21 11:00:00,144.95586
2012-03-21 12:00:00,136.68001
2012-03-21 13:00:00,138.4833
2012-03-21 14:00:00,142.2898
2012-03-21 15:00:00,142.2898
2012-03-21 16:00:00,145.51035
2012-03-21 17:00:00,178.90263
2012-03-21 18:00:00,151.40265
2012-03-21 19:00:00,160.89217
2012-03-21 20:00:00,143.75078
2012-03-21 21:00:00,129.23459
2012-03-21 22:00:00,126.25029
2012-03-21 23:00:00,131.7049
2012-03-22 00:00:00,124.62431
2012-03-22 01:00:00,124.62431
2012-03-22 02:00:00,124.62431
2012-03-22 03:00:00,124.62431
2012-03-22 04:00:00,146.3042
2012-03-22 05:00:00,146.3042
2012-03-22 06:00:00,146.3042
2012-03-22 07:00:00,146.3042
2012-03-22 08:00:00,148.04106
2012-03-22 09:00:00,148.04106
2012-03-22 10:00:00,149.74594
2012-03-22 11:00:00,134.56464
2012-03-22 12:00:00,157.53014
2012-03-22 13:00:00,146.68355
2012-03-22 14:00:00,174.76865
2012-03-22 15:00:00,232.23795
2012-03-22 16:00:00,252.5377
2012-03-22 17:00:00,246.1862
2012-03-22 18:00:00,246.1862
2012-03-22 19:00:00,179.10081
2012-03-22 20:00:00,228.80962
2012-03-22 21:00:00,169.73991
2012-03-22 22:00:00,149.30806
2012-03-22 23:00:00,129.51193
2012-03-23 00:00:00,120.05197
2012-03-23 01:00:00,104.935394
2012-03-23 02:00:00,113.14818
2012-03-23 03:00:00,111.85495
2012-03-23 04:00:00,149.44862
2012-03-23 05:00:00,133.14449
2012-03-23 06:00:00,132.0931
2012-03-23 07:00:00,151.22742
2012-03-23 08:00:00,151.44182
2012-03-23 09:00:00,144.22984
2012-03-23 10:00:00,151.48141
2012-03-23 11:00:00,177.97762
2012-03-23 12:00:00,245.99446
2012-03-23 13:00:00,249.61133
2012-03-23 14:00:00,294.2203
2012-03-23 15:00:00,298.78986
2012-03-23 16:00:00,303.21774
2012-03-23 17:00:00,303.21774
2012-03-23 18:00:00,337.408
2012-03-23 19:00:00,320.16296
2012-03-23 20:00:00,292.817
2012-03-23 21:00:00,236.38133
2012-03-23 22:00:00,247.77367
2012-03-23 23:00:00,225.71144
2012-03-24 00:00:00,103.785126
2012-03-24 01:00:00,88.4626
2012-03-24 02:00:00,82.85632
2012-03-24 03:00:00,82.85632
2012-03-24 04:00:00,78.62627
2012-03-24 05:00:00,148.97629
2012-03-24 06:00:00,148.97629
2012-03-24 07:00:00,134.57785
2012-03-24 08:00:00,136.58847
2012-03-24 09:00:00,141.55594
2012-03-24 10:00:00,150.93016
2012-03-24 11:00:00,136.58847
2012-03-24 12:00:00,130.22723
2012-03-24 13:00:00,129.53743
2012-03-24 14:00:00,116.52016
2012-03-24 15:00:00,88.29349
2012-03-24 16:00:00,106.22209
2012-03-24 17:00:00,126.546646
2012-03-24 18:00:00,102.14287
2012-03-24 19:00:00,109.53766
2012-03-24 20:00:00,86.187515
2012-03-24 21:00:00,86.187515
2012-03-24 22:00:00,75.55414
2012-03-24 23:00:00,76.720764
2012-03-25 00:00:00,76.720764
2012-03-25 01:00:00,64.32837
2012-03-25 02:00:00,64.8539
2012-03-25 03:00:00,69.7926
2012-03-25 04:00:00,61.295616
2012-03-25 05:00:00,57.74777
2012-03-25 06:00:00,57.74777
2012-03-25 07:00:00,56.085854
2012-03-25 08:00:00,56.085854
2012-03-25 09:00:00,64.23245
2012-03-25 10:00:00,67.235916
2012-03-25 11:00:00,64.23245
2012-03-25 12:00:00,66.77515
2012-03-25 13:00:00,118.826416
2012-03-25 14:00:00,131.99973
2012-03-25 15:00:00,128.58965
2012-03-25 16:00:00,68.03705
2012-03-25 17:00:00,81.19383
2012-03-25 18:00:00,81.19383
2012-03-25 19:00:00,132.74216
2012-03-25 20:00:00,99.60306
2012-03-25 21:00:00,90.09961
2012-03-25 22:00:00,72.497055
2012-03-25 23:00:00,78.877625
2012-03-26 00:00:00,130.63428
2012-03-26 01:00:00,126.5887
2012-03-26 02:00:00,100.279175
2012-03-26 03:00:00,107.62822
2012-03-26 04:00:00,99.511
2012-03-26 05:00:00,109.64203
2012-03-26 06:00:00,96.70357
2012-03-26 07:00:00,129.32043
2012-03-26 08:00:00,146.32668
2012-03-26 09:00:00,196.57463
2012-03-26 10:00:00,281.09436
2012-03-26 11:00:00,277.44897
2012-03-26 12:00:00,279.91827
2012-03-26 13:00:00,260.92963
2012-03-26 14:00:00,279.215
2012-03-26 15:00:00,271.5025
2012-03-26 16:00:00,262.77115
2012-03-26 17:00:00,275.404
2012-03-26 18:00:00,261.35245
2012-03-26 19:00:00,260.18042
2012-03-26 20:00:00,232.46909
2012-03-26 21:00:00,222.40642
2012-03-26 22:00:00,217.19444
2012-03-26 23:00:00,185.8117
2012-03-27 00:00:00,178.542
2012-03-27 01:00:00,173.47874
2012-03-27 02:00:00,153.16533
2012-03-27 03:00:00,154.40268
2012-03-27 04:00:00,152.43233
2012-03-27 05:00:00,134.7491
2012-03-27 06:00:00,117.315735
2012-03-27 07:00:00,117.315735
2012-03-27 08:00:00,136.9309
2012-03-27 09:00:00,119.87871
2012-03-27 10:00:00,133.70976
2012-03-27 11:00:00,155.62799
2012-03-27 12:00:00,163.80974
2012-03-27 13:00:00,158.08418
2012-03-27 14:00:00,233.27098
2012-03-27 15:00:00,211.63896
2012-03-27 16:00:00,211.63896
2012-03-27 17:00:00,227.67973
2012-03-27 18:00:00,243.12001
2012-03-27 19:00:00,213.37698
2012-03-27 20:00:00,243.11998
2012-03-27 21:00:00,158.14069
2012-03-27 22:00:00,152.28015
2012-03-27 23:00:00,164.55734
2012-03-28 00:00:00,171.36284
2012-03-28 01:00:00,165.32797
2012-03-28 02:00:00,156.39493
2012-03-28 03:00:00,172.36601
2012-03-28 04:00:00,166.72217
2012-03-28 05:00:00,166.72217
2012-03-28 06:00:00,180.9557
2012-03-28 07:00:00,174.91772
2012-03-28 08:00:00,185.33131
2012-03-28 09:00:00,208.8208
2012-03-28 10:00:00,238.25624
2012-03-28 11:00:00,251.34222
2012-03-28 12:00:00,223.19518
2012-03-28 13:00:00,279.2137
2012-03-28 14:00:00,352.23373
2012-03-28 15:00:00,272.9428
2012-03-28 16:00:00,232.41405
2012-03-28 17:00:00,253.15582
2012-03-28 18:00:00,253.15582
2012-03-28 19:00:00,268.04514
2012-03-28 20:00:00,277.95505
2012-03-28 21:00:00,227.0173
2012-03-28 22:00:00,195.57417
2012-03-28 23:00:00,177.96663
2012-03-29 00:00:00,182.5828
2012-03-29 01:00:00,203.88707
2012-03-29 02:00:00,371.50977
2012-03-29 03:00:00,348.30057
2012-03-29 04:00:00,272.7883
2012-03-29 05:00:00,210.69456
2012-03-29 06:00:00,159.05891
2012-03-29 07:00:00,198.52682
2012-03-29 08:00:00,220.1014
2012-03-29 09:00:00,226.24013
2012-03-29 10:00:00,224.47624
2012-03-29 11:00:00,245.9421
2012-03-29 12:00:00,260.37296
2012-03-29 13:00:00,212.917
2012-03-29 14:00:00,247.4882
2012-03-29 15:00:00,270.72412
2012-03-29 16:00:00,283.44754
2012-03-29 17:00:00,278.06253
2012-03-29 18:00:00,252.34471
2012-03-29 19:00:00,237.18529
2012-03-29 20:00:00,231.11403
2012-03-29 21:00:00,195.86205
2012-03-29 22:00:00,186.62907
2012-03-29 23:00:00,180.88359
2012-03-30 00:00:00,172.1528
2012-03-30 01:00:00,157.74661
2012-03-30 02:00:00,153.80194
2012-03-30 03:00:00,93.6109
2012-03-30 04:00:00,98.82878
2012-03-30 05:00:00,81.29202
2012-03-30 06:00:00,95.250244
2012-03-30 07:00:00,103.28053
2012-03-30 08:00:00,93.00412
2012-03-30 09:00:00,107.9671
2012-03-30 10:00:00,93.436325
2012-03-30 11:00:00,78.02101
2012-03-30 12:00:00,87.256836
2012-03-30 13:00:00,59.16986
2012-03-30 14:00:00,52.582565
2012-03-30 15:00:00,64.02835
2012-03-30 16:00:00,105.54703
2012-03-30 17:00:00,129.79712
2012-03-30 18:00:00,143.1981
2012-03-30 19:00:00,135.5156
2012-03-30 20:00:00,119.2892
2012-03-30 21:00:00,100.92316
2012-03-30 22:00:00,93.7366
2012-03-30 23:00:00,98.6223
2012-03-31 00:00:00,49.3842
2012-03-31 01:00:00,123.16333
2012-03-31 02:00:00,114.41962
2012-03-31 03:00:00,51.609676
2012-03-31 04:00:00,81.800674
2012-03-31 05:00:00,52.329906
2012-03-31 06:00:00,66.824554
2012-03-31 07:00:00,66.824554
2012-03-31 08:00:00,64.393326
2012-03-31 09:00:00,123.16333
2012-03-31 10:00:00,129.4326
2012-03-31 11:00:00,89.49608
2012-03-31 12:00:00,67.910355
2012-03-31 13:00:00,147.08823
2012-03-31 14:00:00,178.97942
2012-03-31 15:00:00,193.39055
2012-03-31 16:00:00,175.43436
2012-03-31 17:00:00,158.45607
2012-03-31 18:00:00,108.59935
2012-03-31 19:00:00,110.78566
2012-03-31 20:00:00,105.5791
2012-03-31 21:00:00,105.5791
2012-03-31 22:00:00,107.01437
2012-03-31 23:00:00,72.65732
2012-04-20 00:00:00,146.86438
2012-04-20 01:00:00,107.62822
2012-04-20 02:00:00,94.306595
2012-04-20 03:00:00,93.426865
2012-04-20 04:00:00,85.36621
2012-04-20 05:00:00,81.074356
2012-04-20 06:00:00,88.96829
2012-04-20 07:00:00,81.074356
2012-04-20 08:00:00,80.3761
2012-04-20 09:00:00,98.416306
2012-04-20 10:00:00,137.66176
2012-04-20 11:00:00,180.33516
2012-04-20 12:00:00,237.469
2012-04-20 13:00:00,316.14792
2012-04-20 14:00:00,329.96695
2012-04-20 15:00:00,320.02124
2012-04-20 16:00:00,343.15982
2012-04-20 17:00:00,327.1392
2012-04-20 18:00:00,304.2611
2012-04-20 19:00:00,274.08237
2012-04-20 20:00:00,225.06595
2012-04-20 21:00:00,188.93338
2012-04-20 22:00:00,186.79082
2012-04-20 23:00:00,162.52321
2012-04-21 00:00:00,119.62343
2012-04-21 01:00:00,119.62343
2012-04-21 02:00:00,86.650635
2012-04-21 03:00:00,94.56322
2012-04-21 04:00:00,97.471054
2012-04-21 05:00:00,97.471054
2012-04-21 06:00:00,94.5632
2012-04-21 07:00:00,101.925
2012-04-21 08:00:00,112.82509
2012-04-21 09:00:00,97.08899
2012-04-21 10:00:00,266.74677
2012-04-21 11:00:00,312.15274
2012-04-21 12:00:00,302.4582
2012-04-21 13:00:00,330.08313
2012-04-21 14:00:00,455.6217
2012-04-21 15:00:00,524.0788
2012-04-21 16:00:00,514.7413
2012-04-21 17:00:00,504.70837
2012-04-21 18:00:00,366.91663
2012-04-21 19:00:00,135.74626
2012-04-21 20:00:00,124.40024
2012-04-21 21:00:00,107.33775
2012-04-21 22:00:00,89.77197
2012-04-21 23:00:00,123.62938
2012-04-22 00:00:00,147.86842
2012-04-22 01:00:00,109.49339
2012-04-22 02:00:00,111.55249
2012-04-22 03:00:00,140.12465
2012-04-22 04:00:00,141.55804
2012-04-22 05:00:00,139.08168
2012-04-22 06:00:00,121.271454
2012-04-22 07:00:00,95.04878
2012-04-22 08:00:00,80.46155
2012-04-22 09:00:00,80.46155
2012-04-22 10:00:00,74.22017
2012-04-22 11:00:00,66.93536
2012-04-22 12:00:00,65.861664
2012-04-22 13:00:00,73.7704
2012-04-22 14:00:00,65.861664
2012-04-22 15:00:00,64.17794
2012-04-22 16:00:00,63.324066
2012-04-22 17:00:00,45.95986
2012-04-22 18:00:00,45.95986
2012-04-22 19:00:00,51.776794
2012-04-22 20:00:00,46.958668
2012-04-22 21:00:00,53.638977
2012-04-22 22:00:00,47.540512
2012-04-22 23:00:00,61.65505
2012-04-23 00:00:00,59.251965
2012-04-23 01:00:00,46.909473
2012-04-23 02:00:00,56.6578
2012-04-23 03:00:00,71.5551
2012-04-23 04:00:00,52.835712
2012-04-23 05:00:00,52.835712
2012-04-23 06:00:00,62.257042
2012-04-23 07:00:00,55.06523
2012-04-23 08:00:00,69.00191
2012-04-23 09:00:00,65.88356
2012-04-23 10:00:00,95.619934
2012-04-23 11:00:00,89.57861
2012-04-23 12:00:00,72.71156
2012-04-23 13:00:00,83.15372
2012-04-23 14:00:00,101.72191
2012-04-23 15:00:00,117.67528
2012-04-23 16:00:00,49.93884
2012-04-23 17:00:00,49.217644
2012-04-23 18:00:00,78.75186
2012-04-23 19:00:00,103.082275
2012-04-23 20:00:00,108.00212
2012-04-23 21:00:00,82.884384
2012-04-23 22:00:00,92.48154
2012-04-23 23:00:00,89.045166
2012-04-24 00:00:00,107.24733
2012-04-24 01:00:00,107.62486
2012-04-24 02:00:00,93.22235
2012-04-24 03:00:00,98.16765
2012-04-24 04:00:00,95.63664
2012-04-24 05:00:00,95.63664
2012-04-24 06:00:00,100.29013
2012-04-24 07:00:00,123.18558
2012-04-24 08:00:00,125.06464
2012-04-24 09:00:00,188.99597
2012-04-24 10:00:00,180.88359
2012-04-24 11:00:00,273.52142
2012-04-24 12:00:00,295.4238
2012-04-24 13:00:00,308.67053
2012-04-24 14:00:00,309.1569
2012-04-24 15:00:00,305.80713
2012-04-24 16:00:00,305.39664
2012-04-24 17:00:00,322.3357
2012-04-24 18:00:00,267.69437
2012-04-24 19:00:00,317.10992
2012-04-24 20:00:00,303.22153
2012-04-24 21:00:00,204.63777
2012-04-24 22:00:00,195.77562
2012-04-24 23:00:00,168.9322
2012-04-25 00:00:00,172.0743
2012-04-25 01:00:00,151.52278
2012-04-25 02:00:00,100.460464
2012-04-25 03:00:00,82.142746
2012-04-25 04:00:00,82.66109
2012-04-25 05:00:00,91.31563
2012-04-25 06:00:00,91.31563
2012-04-25 07:00:00,89.49376
2012-04-25 08:00:00,86.016266
2012-04-25 09:00:00,126.13223
2012-04-25 10:00:00,232.6357
2012-04-25 11:00:00,263.1588
2012-04-25 12:00:00,330.10867
2012-04-25 13:00:00,339.81207
2012-04-25 14:00:00,348.81458
2012-04-25 15:00:00,356.27863
2012-04-25 16:00:00,372.73862
2012-04-25 17:00:00,378.37357
2012-04-25 18:00:00,381.18158
2012-04-25 19:00:00,373.46667
2012-04-25 20:00:00,323.13553
2012-04-25 21:00:00,190.7185
2012-04-25 22:00:00,170.5553
2012-04-25 23:00:00,176.39502
2012-04-26 00:00:00,132.72542
2012-04-26 01:00:00,171.22324
2012-04-26 02:00:00,149.57304
2012-04-26 03:00:00,150.47467
2012-04-26 04:00:00,140.89107
2012-04-26 05:00:00,135.99669
2012-04-26 06:00:00,150.19577
2012-04-26 07:00:00,104.93019
2012-04-26 08:00:00,110.886566
2012-04-26 09:00:00,112.37726
2012-04-26 10:00:00,132.22081
2012-04-26 11:00:00,124.7379
2012-04-26 12:00:00,144.05685
2012-04-26 13:00:00,138.2394
2012-04-26 14:00:00,148.25717
2012-04-26 15:00:00,162.85777
2012-04-26 16:00:00,151.10417
2012-04-26 17:00:00,158.13786
2012-04-26 18:00:00,148.25717
2012-04-26 19:00:00,154.22768
2012-04-26 20:00:00,160.33319
2012-04-26 21:00:00,132.39114
2012-04-26 22:00:00,126.25029
2012-04-26 23:00:00,106.67076
2012-04-27 00:00:00,242.38274
2012-04-27 01:00:00,223.39287
2012-04-27 02:00:00,213.31096
2012-04-27 03:00:00,222.01665
2012-04-27 04:00:00,181.18156
2012-04-27 05:00:00,200.6695
2012-04-27 06:00:00,174.81674
2012-04-27 07:00:00,157.74661
2012-04-27 08:00:00,119.00926
2012-04-27 09:00:00,218.03296
2012-04-27 10:00:00,238.20782
2012-04-27 11:00:00,224.1962
2012-04-27 12:00:00,248.36407
2012-04-27 13:00:00,265.43704
2012-04-27 14:00:00,257.60016
2012-04-27 15:00:00,308.33032
2012-04-27 16:00:00,308.60565
2012-04-27 17:00:00,334.9993
2012-04-27 18:00:00,325.4253
2012-04-27 19:00:00,308.91373
2012-04-27 20:00:00,261.36313
2012-04-27 21:00:00,240.9846
2012-04-27 22:00:00,201.70538
2012-04-27 23:00:00,183.99895
2012-04-28 00:00:00,118.182434
2012-04-28 01:00:00,115.005875
2012-04-28 02:00:00,103.216125
2012-04-28 03:00:00,98.54828
2012-04-28 04:00:00,90.09943
2012-04-28 05:00:00,89.19234
2012-04-28 06:00:00,94.428696
2012-04-28 07:00:00,90.09943
2012-04-28 08:00:00,111.332184
2012-04-28 09:00:00,95.06247
2012-04-28 10:00:00,72.16713
2012-04-28 11:00:00,58.748226
2012-04-28 12:00:00,85.67854
2012-04-28 13:00:00,111.96657
2012-04-28 14:00:00,125.95598
2012-04-28 15:00:00,161.19846
2012-04-28 16:00:00,112.54678
2012-04-28 17:00:00,84.42253
2012-04-28 18:00:00,53.184994
2012-04-28 19:00:00,55.560905
2012-04-28 20:00:00,88.45172
2012-04-28 21:00:00,71.83385
2012-04-28 22:00:00,113.537155
2012-04-28 23:00:00,122.20883
2012-04-29 00:00:00,63.3132
2012-04-29 01:00:00,84.67886
2012-04-29 02:00:00,78.25755
2012-04-29 03:00:00,64.39333
2012-04-29 04:00:00,70.029724
2012-04-29 05:00:00,45.377834
2012-04-29 06:00:00,37.94151
2012-04-29 07:00:00,63.358463
2012-04-29 08:00:00,59.25366
2012-04-29 09:00:00,73.60625
2012-04-29 10:00:00,83.46756
2012-04-29 11:00:00,94.94557
2012-04-29 12:00:00,182.77692
2012-04-29 13:00:00,196.29492
2012-04-29 14:00:00,312.99234
2012-04-29 15:00:00,336.54593
2012-04-29 16:00:00,498.92188
2012-04-29 17:00:00,485.84583
2012-04-29 18:00:00,471.69885
2012-04-29 19:00:00,361.82098
2012-04-29 20:00:00,369.4332
2012-04-29 21:00:00,208.06317
2012-04-29 22:00:00,165.8085
2012-04-29 23:00:00,78.57521
2012-04-30 00:00:00,120.87784
2012-04-30 01:00:00,101.37941
2012-04-30 02:00:00,110.969376
2012-04-30 03:00:00,99.76218
2012-04-30 04:00:00,135.34674
2012-04-30 05:00:00,135.34674
2012-04-30 06:00:00,149.10146
2012-04-30 07:00:00,141.91493
2012-04-30 08:00:00,161.80212
2012-04-30 09:00:00,135.51904
2012-04-30 10:00:00,148.38844
2012-04-30 11:00:00,151.24605
2012-04-30 12:00:00,146.57913
2012-04-30 13:00:00,162.70135
2012-04-30 14:00:00,161.08563
2012-04-30 15:00:00,177.64061
2012-04-30 16:00:00,204.97618
2012-04-30 17:00:00,203.32234
2012-04-30 18:00:00,185.10416
2012-04-30 19:00:00,167.34283
2012-04-30 20:00:00,164.05885
2012-04-30 21:00:00,164.05885
2012-04-30 22:00:00,172.61063
2012-04-30 23:00:00,172.57663
2012-05-20 00:00:00,205.652
2012-05-20 01:00:00,173.40097
2012-05-20 02:00:00,173.40097
2012-05-20 03:00:00,150.77379
2012-05-20 04:00:00,88.682526
2012-05-20 05:00:00,83.77374
2012-05-20 06:00:00,119.26044
2012-05-20 07:00:00,139.74794
2012-05-20 08:00:00,200.46361
2012-05-20 09:00:00,511.14108
2012-05-20 10:00:00,533.54083
2012-05-20 11:00:00,520.86786
2012-05-20 12:00:00,553.7404
2012-05-20 13:00:00,543.8743
2012-05-20 14:00:00,565.3783
2012-05-20 15:00:00,464.18417
2012-05-20 16:00:00,545.7075
2012-05-20 17:00:00,495.22046
2012-05-20 18:00:00,430.86514
2012-05-20 19:00:00,337.15997
2012-05-20 20:00:00,337.16
2012-05-20 21:00:00,285.80948
2012-05-20 22:00:00,239.9468
2012-05-20 23:00:00,176.44472
2012-05-21 00:00:00,124.70856
2012-05-21 01:00:00,126.558334
2012-05-21 02:00:00,118.63751
2012-05-21 03:00:00,171.61615
2012-05-21 04:00:00,119.391235
2012-05-21 05:00:00,119.391235
2012-05-21 06:00:00,119.391235
2012-05-21 07:00:00,119.391235
2012-05-21 08:00:00,119.07408
2012-05-21 09:00:00,113.06123
2012-05-21 10:00:00,124.333084
2012-05-21 11:00:00,165.63174
2012-05-21 12:00:00,179.27187
2012-05-21 13:00:00,116.53697
2012-05-21 14:00:00,103.44768
2012-05-21 15:00:00,202.0016
2012-05-21 16:00:00,213.46031
2012-05-21 17:00:00,231.92653
2012-05-21 18:00:00,187.08232
2012-05-21 19:00:00,199.71973
2012-05-21 20:00:00,213.0619
2012-05-21 21:00:00,186.27928
2012-05-21 22:00:00,188.21388
2012-05-21 23:00:00,228.80962
2012-05-22 00:00:00,163.95097
2012-05-22 01:00:00,156.13521
2012-05-22 02:00:00,153.18675
2012-05-22 03:00:00,153.18675
2012-05-22 04:00:00,157.69937
2012-05-22 05:00:00,106.70186
2012-05-22 06:00:00,91.515884
2012-05-22 07:00:00,91.515884
2012-05-22 08:00:00,152.52399
2012-05-22 09:00:00,156.86359
2012-05-22 10:00:00,157.22136
2012-05-22 11:00:00,153.61646
2012-05-22 12:00:00,166.37775
2012-05-22 13:00:00,163.7483
2012-05-22 14:00:00,185.1366
2012-05-22 15:00:00,232.62303
2012-05-22 16:00:00,232.77585
2012-05-22 17:00:00,215.21501
2012-05-22 18:00:00,248.40683
2012-05-22 19:00:00,263.90396
2012-05-22 20:00:00,245.95087
2012-05-22 21:00:00,169.98439
2012-05-22 22:00:00,173.64291
2012-05-22 23:00:00,179.28664
2012-05-23 00:00:00,169.98439
2012-05-23 01:00:00,153.3037
2012-05-23 02:00:00,165.63174
2012-05-23 03:00:00,154.71202
2012-05-23 04:00:00,101.342285
2012-05-23 05:00:00,119.07408
2012-05-23 06:00:00,117.745926
2012-05-23 07:00:00,122.58748
2012-05-23 08:00:00,122.58748
2012-05-23 09:00:00,156.58125
2012-05-23 10:00:00,155.21066
2012-05-23 11:00:00,150.74199
2012-05-23 12:00:00,196.44678
2012-05-23 13:00:00,201.384
2012-05-23 14:00:00,239.36235
2012-05-23 15:00:00,207.67586
2012-05-23 16:00:00,199.02095
2012-05-23 17:00:00,142.44344
2012-05-23 18:00:00,142.44344
2012-05-23 19:00:00,170.10814
2012-05-23 20:00:00,159.58795
2012-05-23 21:00:00,150.70546
2012-05-23 22:00:00,170.10814
2012-05-23 23:00:00,143.18224
2012-05-24 00:00:00,134.65105
2012-05-24 01:00:00,121.461426
2012-05-24 02:00:00,112.035324
2012-05-24 03:00:00,159.7253
2012-05-24 04:00:00,161.96486
2012-05-24 05:00:00,161.96486
2012-05-24 06:00:00,161.96486
2012-05-24 07:00:00,136.55215
2012-05-24 08:00:00,191.4635
2012-05-24 09:00:00,203.6627
2012-05-24 10:00:00,223.3798
2012-05-24 11:00:00,231.50961
2012-05-24 12:00:00,248.05486
2012-05-24 13:00:00,313.7931
2012-05-24 14:00:00,358.73917
2012-05-24 15:00:00,378.14685
2012-05-24 16:00:00,407.24374
2012-05-24 17:00:00,396.9202
2012-05-24 18:00:00,391.76688
2012-05-24 19:00:00,356.13385
2012-05-24 20:00:00,228.36542
2012-05-24 21:00:00,119.37045
2012-05-24 22:00:00,173.14656
2012-05-24 23:00:00,177.84135
2012-05-25 00:00:00,147.54866
2012-05-25 01:00:00,137.96666
2012-05-25 02:00:00,150.70546
2012-05-25 03:00:00,163.25108
2012-05-25 04:00:00,148.9504
2012-05-25 05:00:00,162.60739
2012-05-25 06:00:00,163.25108
2012-05-25 07:00:00,166.44104
2012-05-25 08:00:00,167.19806
2012-05-25 09:00:00,168.68642
2012-05-25 10:00:00,199.53719
2012-05-25 11:00:00,186.67934
2012-05-25 12:00:00,238.14552
2012-05-25 13:00:00,271.96936
2012-05-25 14:00:00,286.48734
2012-05-25 15:00:00,324.35995
2012-05-25 16:00:00,385.01895
2012-05-25 17:00:00,384.99384
2012-05-25 18:00:00,324.35995
2012-05-25 19:00:00,352.5855
2012-05-25 20:00:00,263.32925
2012-05-25 21:00:00,246.95544
2012-05-25 22:00:00,190.35727
2012-05-25 23:00:00,217.78479
2012-05-26 00:00:00,104.1302
2012-05-26 01:00:00,93.95703
2012-05-26 02:00:00,85.399414
2012-05-26 03:00:00,79.811554
2012-05-26 04:00:00,84.11322
2012-05-26 05:00:00,142.3859
2012-05-26 06:00:00,91.72334
2012-05-26 07:00:00,152.5303
2012-05-26 08:00:00,113.041245
2012-05-26 09:00:00,116.74269
2012-05-26 10:00:00,176.85002
2012-05-26 11:00:00,211.4716
2012-05-26 12:00:00,303.06195
2012-05-26 13:00:00,314.26147
2012-05-26 14:00:00,321.30765
2012-05-26 15:00:00,355.0376
2012-05-26 16:00:00,412.1595
2012-05-26 17:00:00,437.62347
2012-05-26 18:00:00,379.12616
2012-05-26 19:00:00,315.5374
2012-05-26 20:00:00,341.29144
2012-05-26 21:00:00,299.72916
2012-05-26 22:00:00,243.25836
2012-05-26 23:00:00,243.25836
2012-05-27 00:00:00,228.07668
2012-05-27 01:00:00,193.81857
2012-05-27 02:00:00,188.64885
2012-05-27 03:00:00,156.03024
2012-05-27 04:00:00,114.20279
2012-05-27 05:00:00,114.20279
2012-05-27 06:00:00,101.76051
2012-05-27 07:00:00,87.14795
2012-05-27 08:00:00,116.74269
2012-05-27 09:00:00,140.73943
2012-05-27 10:00:00,222.88579
2012-05-27 11:00:00,291.8381
2012-05-27 12:00:00,320.74387
2012-05-27 13:00:00,372.16406
2012-05-27 14:00:00,386.25558
2012-05-27 15:00:00,428.56436
2012-05-27 16:00:00,428.56436
2012-05-27 17:00:00,452.53046
2012-05-27 18:00:00,408.78278
2012-05-27 19:00:00,372.16406
2012-05-27 20:00:00,363.652
2012-05-27 21:00:00,197.85268
2012-05-27 22:00:00,104.1555
2012-05-27 23:00:00,133.48259
2012-05-28 00:00:00,118.2993
2012-05-28 01:00:00,225.1758
2012-05-28 02:00:00,116.035965
2012-05-28 03:00:00,106.05794
2012-05-28 04:00:00,100.057236
2012-05-28 05:00:00,100.057236
2012-05-28 06:00:00,106.05794
2012-05-28 07:00:00,91.10222
2012-05-28 08:00:00,84.51512
2012-05-28 09:00:00,198.91292
2012-05-28 10:00:00,198.91292
2012-05-28 11:00:00,210.97182
2012-05-28 12:00:00,301.9068
2012-05-28 13:00:00,408.68668
2012-05-28 14:00:00,408.68668
2012-05-28 15:00:00,453.89212
2012-05-28 16:00:00,454.3894
2012-05-28 17:00:00,453.89212
2012-05-28 18:00:00,417.1757
2012-05-28 19:00:00,423.66595
2012-05-28 20:00:00,361.03662
2012-05-28 21:00:00,309.75183
2012-05-28 22:00:00,193.1757
2012-05-28 23:00:00,136.68486
2012-05-29 00:00:00,225.48203
2012-05-29 01:00:00,225.48203
2012-05-29 02:00:00,165.7101
2012-05-29 03:00:00,250.64403
2012-05-29 04:00:00,217.78479
2012-05-29 05:00:00,217.78479
2012-05-29 06:00:00,217.78479
2012-05-29 07:00:00,217.78479
2012-05-29 08:00:00,251.82085
2012-05-29 09:00:00,315.8358
2012-05-29 10:00:00,354.17874
2012-05-29 11:00:00,394.31406
2012-05-29 12:00:00,376.8645
2012-05-29 13:00:00,362.1823
2012-05-29 14:00:00,365.73563
2012-05-29 15:00:00,357.80414
2012-05-29 16:00:00,335.35477
2012-05-29 17:00:00,350.0405
2012-05-29 18:00:00,341.9285
2012-05-29 19:00:00,400.16586
2012-05-29 20:00:00,177.4605
2012-05-29 21:00:00,125.4993
2012-05-29 22:00:00,162.60739
2012-05-29 23:00:00,89.85896
2012-05-30 00:00:00,98.17807
2012-05-30 01:00:00,101.791214
2012-05-30 02:00:00,92.37723
2012-05-30 03:00:00,96.42198
2012-05-30 04:00:00,164.71867
2012-05-30 05:00:00,171.70644
2012-05-30 06:00:00,159.42519
2012-05-30 07:00:00,114.11992
2012-05-30 08:00:00,181.6636
2012-05-30 09:00:00,205.65346
2012-05-30 10:00:00,206.54633
2012-05-30 11:00:00,229.4905
2012-05-30 12:00:00,208.9689
2012-05-30 13:00:00,216.36911
2012-05-30 14:00:00,337.97668
2012-05-30 15:00:00,305.6973
2012-05-30 16:00:00,325.80112
2012-05-30 17:00:00,292.95724
2012-05-30 18:00:00,343.29813
2012-05-30 19:00:00,313.7931
2012-05-30 20:00:00,176.17555
2012-05-30 21:00:00,242.79434
2012-05-30 22:00:00,207.06276
2012-05-30 23:00:00,216.55861
2012-05-31 00:00:00,213.0619
2012-05-31 01:00:00,192.36478
2012-05-31 02:00:00,201.81267
2012-05-31 03:00:00,186.27928
2012-05-31 04:00:00,154.87776
2012-05-31 05:00:00,243.53053
2012-05-31 06:00:00,217.58188
2012-05-31 07:00:00,247.77367
2012-05-31 08:00:00,283.74518
2012-05-31 09:00:00,338.59344
2012-05-31 10:00:00,378.74066
2012-05-31 11:00:00,410.7415
2012-05-31 12:00:00,394.49777
2012-05-31 13:00:00,370.93274
2012-05-31 14:00:00,397.90558
2012-05-31 15:00:00,382.40125
2012-05-31 16:00:00,390.22952
2012-05-31 17:00:00,396.4416
2012-05-31 18:00:00,412.9475
2012-05-31 19:00:00,386.74106
2012-05-31 20:00:00,334.57
2012-05-31 21:00:00,334.57
2012-05-31 22:00:00,300.45297
2012-05-31 23:00:00,320.10748
2012-06-20 00:00:00,225.48203
2012-06-20 01:00:00,212.37547
2012-06-20 02:00:00,169.29286
2012-06-20 03:00:00,157.99477
2012-06-20 04:00:00,146.19458
2012-06-20 05:00:00,146.19458
2012-06-20 06:00:00,166.61842
2012-06-20 07:00:00,153.61827
2012-06-20 08:00:00,194.33931
2012-06-20 09:00:00,178.10182
2012-06-20 10:00:00,335.03946
2012-06-20 11:00:00,332.48572
2012-06-20 12:00:00,313.2036
2012-06-20 13:00:00,309.1261
2012-06-20 14:00:00,298.4872
2012-06-20 15:00:00,302.369
2012-06-20 16:00:00,284.55508
2012-06-20 17:00:00,299.8888
2012-06-20 18:00:00,299.8888
2012-06-20 19:00:00,300.96442
2012-06-20 20:00:00,317.35062
2012-06-20 21:00:00,326.96207
2012-06-20 22:00:00,333.84964
2012-06-20 23:00:00,283.875
2012-06-21 00:00:00,183.9289
2012-06-21 01:00:00,154.50005
2012-06-21 02:00:00,144.55545
2012-06-21 03:00:00,134.36093
2012-06-21 04:00:00,98.76781
2012-06-21 05:00:00,103.220856
2012-06-21 06:00:00,144.83907
2012-06-21 07:00:00,144.83907
2012-06-21 08:00:00,152.50829
2012-06-21 09:00:00,310.0619
2012-06-21 10:00:00,289.1581
2012-06-21 11:00:00,283.61996
2012-06-21 12:00:00,257.1246
2012-06-21 13:00:00,299.09186
2012-06-21 14:00:00,280.00952
2012-06-21 15:00:00,257.10614
2012-06-21 16:00:00,270.20267
2012-06-21 17:00:00,313.78226
2012-06-21 18:00:00,276.96805
2012-06-21 19:00:00,257.4735
2012-06-21 20:00:00,273.49683
2012-06-21 21:00:00,293.56482
2012-06-21 22:00:00,271.88165
2012-06-21 23:00:00,245.70148
2012-06-22 00:00:00,226.11642
2012-06-22 01:00:00,207.23387
2012-06-22 02:00:00,115.69527
2012-06-22 03:00:00,115.69527
2012-06-22 04:00:00,221.0537
2012-06-22 05:00:00,234.72015
2012-06-22 06:00:00,214.88527
2012-06-22 07:00:00,272.49863
2012-06-22 08:00:00,273.80063
2012-06-22 09:00:00,312.0112
2012-06-22 10:00:00,311.35837
2012-06-22 11:00:00,317.76837
2012-06-22 12:00:00,282.3984
2012-06-22 13:00:00,257.4735
2012-06-22 14:00:00,257.4735
2012-06-22 15:00:00,233.43553
2012-06-22 16:00:00,258.94156
2012-06-22 17:00:00,371.65244
2012-06-22 18:00:00,299.5645
2012-06-22 19:00:00,310.93393
2012-06-22 20:00:00,310.93393
2012-06-22 21:00:00,255.11977
2012-06-22 22:00:00,183.40059
2012-06-22 23:00:00,158.2939
2012-06-23 00:00:00,52.987125
2012-06-23 01:00:00,81.11127
2012-06-23 02:00:00,142.74985
2012-06-23 03:00:00,125.174164
2012-06-23 04:00:00,135.94957
2012-06-23 05:00:00,142.74985
2012-06-23 06:00:00,60.503532
2012-06-23 07:00:00,71.81438
2012-06-23 08:00:00,155.517
2012-06-23 09:00:00,235.7293
2012-06-23 10:00:00,315.9863
2012-06-23 11:00:00,425.55475
2012-06-23 12:00:00,417.68924
2012-06-23 13:00:00,440.905
2012-06-23 14:00:00,506.17313
2012-06-23 15:00:00,470.72153
2012-06-23 16:00:00,446.31866
2012-06-23 17:00:00,439.20322
2012-06-23 18:00:00,453.55933
2012-06-23 19:00:00,442.7045
2012-06-23 20:00:00,478.4874
2012-06-23 21:00:00,483.84976
2012-06-23 22:00:00,478.27676
2012-06-23 23:00:00,380.17398
2012-06-24 00:00:00,311.73276
2012-06-24 01:00:00,289.82315
2012-06-24 02:00:00,327.71506
2012-06-24 03:00:00,233.19041
2012-06-24 04:00:00,272.8773
2012-06-24 05:00:00,118.142044
2012-06-24 06:00:00,156.07903
2012-06-24 07:00:00,119.7276
2012-06-24 08:00:00,255.61595
2012-06-24 09:00:00,322.56805
2012-06-24 10:00:00,397.77643
2012-06-24 11:00:00,451.93777
2012-06-24 12:00:00,479.22278
2012-06-24 13:00:00,498.84515
2012-06-24 14:00:00,457.11905
2012-06-24 15:00:00,407.31293
2012-06-24 16:00:00,440.82205
2012-06-24 17:00:00,449.96793
2012-06-24 18:00:00,466.36697
2012-06-24 19:00:00,496.44037
2012-06-24 20:00:00,446.1778
2012-06-24 21:00:00,336.5875
2012-06-24 22:00:00,297.79236
2012-06-24 23:00:00,271.26855
2012-06-25 00:00:00,301.7852
2012-06-25 01:00:00,254.94098
2012-06-25 02:00:00,221.48021
2012-06-25 03:00:00,238.84181
2012-06-25 04:00:00,174.52208
2012-06-25 05:00:00,162.40634
2012-06-25 06:00:00,133.44392
2012-06-25 07:00:00,185.29884
2012-06-25 08:00:00,199.04701
2012-06-25 09:00:00,235.961
2012-06-25 10:00:00,290.99036
2012-06-25 11:00:00,310.96198
2012-06-25 12:00:00,355.771
2012-06-25 13:00:00,350.40396
2012-06-25 14:00:00,345.99832
2012-06-25 15:00:00,293.80273
2012-06-25 16:00:00,293.29642
2012-06-25 17:00:00,276.20673
2012-06-25 18:00:00,303.6585
2012-06-25 19:00:00,311.30295
2012-06-25 20:00:00,322.56686
2012-06-25 21:00:00,377.58243
2012-06-25 22:00:00,366.91687
2012-06-25 23:00:00,363.83182
2012-06-26 00:00:00,360.45135
2012-06-26 01:00:00,348.85812
2012-06-26 02:00:00,299.85184
2012-06-26 03:00:00,283.1107
2012-06-26 04:00:00,283.05957
2012-06-26 05:00:00,260.57687
2012-06-26 06:00:00,241.88112
2012-06-26 07:00:00,243.61516
2012-06-26 08:00:00,274.17804
2012-06-26 09:00:00,294.86087
2012-06-26 10:00:00,334.6405
2012-06-26 11:00:00,352.72937
2012-06-26 12:00:00,357.7988
2012-06-26 13:00:00,333.44827
2012-06-26 14:00:00,333.44827
2012-06-26 15:00:00,320.85187
2012-06-26 16:00:00,312.3571
2012-06-26 17:00:00,327.59503
2012-06-26 18:00:00,338.71927
2012-06-26 19:00:00,390.63052
2012-06-26 20:00:00,377.9009
2012-06-26 21:00:00,377.65216
2012-06-26 22:00:00,365.1292
2012-06-26 23:00:00,318.69583
2012-06-27 00:00:00,327.33072
2012-06-27 01:00:00,307.33615
2012-06-27 02:00:00,258.61343
2012-06-27 03:00:00,278.14252
2012-06-27 04:00:00,332.5367
2012-06-27 05:00:00,322.73248
2012-06-27 06:00:00,295.41864
2012-06-27 07:00:00,324.7705
2012-06-27 08:00:00,329.37918
2012-06-27 09:00:00,341.96594
2012-06-27 10:00:00,368.89624
2012-06-27 11:00:00,342.43036
2012-06-27 12:00:00,341.50467
2012-06-27 13:00:00,309.6475
2012-06-27 14:00:00,303.24088
2012-06-27 15:00:00,280.0022
2012-06-27 16:00:00,271.24265
2012-06-27 17:00:00,286.33206
2012-06-27 18:00:00,309.6475
2012-06-27 19:00:00,320.21298
2012-06-27 20:00:00,378.58383
2012-06-27 21:00:00,363.21527
2012-06-27 22:00:00,320.22046
2012-06-27 23:00:00,298.6285
2012-06-28 00:00:00,265.87735
2012-06-28 01:00:00,203.67653
2012-06-28 02:00:00,258.7468
2012-06-28 03:00:00,258.7468
2012-06-28 04:00:00,203.871
2012-06-28 05:00:00,215.44296
2012-06-28 06:00:00,215.44296
2012-06-28 07:00:00,203.871
2012-06-28 08:00:00,279.60437
2012-06-28 09:00:00,284.12817
2012-06-28 10:00:00,336.9572
2012-06-28 11:00:00,344.37262
2012-06-28 12:00:00,306.8489
2012-06-28 13:00:00,300.49588
2012-06-28 14:00:00,292.90717
2012-06-28 15:00:00,292.90717
2012-06-28 16:00:00,308.06866
2012-06-28 17:00:00,309.4262
2012-06-28 18:00:00,308.27127
2012-06-28 19:00:00,294.16364
2012-06-28 20:00:00,321.5102
2012-06-28 21:00:00,308.11218
2012-06-28 22:00:00,305.1239
2012-06-28 23:00:00,303.59512
2012-06-29 00:00:00,303.59512
2012-06-29 01:00:00,305.1233
2012-06-29 02:00:00,286.29156
2012-06-29 03:00:00,286.29156
2012-06-29 04:00:00,221.91837
2012-06-29 05:00:00,215.27989
2012-06-29 06:00:00,255.40247
2012-06-29 07:00:00,215.27989
2012-06-29 08:00:00,275.21286
2012-06-29 09:00:00,290.99036
2012-06-29 10:00:00,226.75232
2012-06-29 11:00:00,299.3953
2012-06-29 12:00:00,292.53796
2012-06-29 13:00:00,220.41716
2012-06-29 14:00:00,205.10405
2012-06-29 15:00:00,253.39107
2012-06-29 16:00:00,253.39107
2012-06-29 17:00:00,206.20186
2012-06-29 18:00:00,273.17123
2012-06-29 19:00:00,223.78394
2012-06-29 20:00:00,204.47508
2012-06-29 21:00:00,325.23236
2012-06-29 22:00:00,307.69037
2012-06-29 23:00:00,307.69037
2012-06-30 00:00:00,147.14774
2012-06-30 01:00:00,160.4848
2012-06-30 02:00:00,114.78577
2012-06-30 03:00:00,114.78577
2012-06-30 04:00:00,92.85547
2012-06-30 05:00:00,64.85782
2012-06-30 06:00:00,64.85782
2012-06-30 07:00:00,64.85782
2012-06-30 08:00:00,64.85782
2012-06-30 09:00:00,64.85782
2012-06-30 10:00:00,405.7135
2012-06-30 11:00:00,405.7135
2012-06-30 12:00:00,405.7135
2012-06-30 13:00:00,405.7135
2012-06-30 14:00:00,405.7135
2012-06-30 15:00:00,405.7135
2012-06-30 16:00:00,365.95517
2012-06-30 17:00:00,376.70596
2012-06-30 18:00:00,353.01807
2012-06-30 19:00:00,407.10532
2012-06-30 20:00:00,307.67456
2012-06-30 21:00:00,307.67456
2012-06-30 22:00:00,271.12183
2012-06-30 23:00:00,262.736
2012-07-20 00:00:00,117.62491
2012-07-20 01:00:00,85.935104
2012-07-20 02:00:00,108.94473
2012-07-20 03:00:00,112.18341
2012-07-20 04:00:00,126.05261
2012-07-20 05:00:00,119.42508
2012-07-20 06:00:00,126.05261
2012-07-20 07:00:00,133.90607
2012-07-20 08:00:00,159.36548
2012-07-20 09:00:00,179.20116
2012-07-20 10:00:00,185.82556
2012-07-20 11:00:00,232.66438
2012-07-20 12:00:00,160.46965
2012-07-20 13:00:00,160.34508
2012-07-20 14:00:00,166.53427
2012-07-20 15:00:00,192.83214
2012-07-20 16:00:00,190.60411
2012-07-20 17:00:00,189.037
2012-07-20 18:00:00,187.81145
2012-07-20 19:00:00,162.13463
2012-07-20 20:00:00,125.98151
2012-07-20 21:00:00,115.16916
2012-07-20 22:00:00,145.60564
2012-07-20 23:00:00,154.21353
2012-07-21 00:00:00,180.11734
2012-07-21 01:00:00,155.2969
2012-07-21 02:00:00,173.91423
2012-07-21 03:00:00,166.59683
2012-07-21 04:00:00,174.1416
2012-07-21 05:00:00,167.1255
2012-07-21 06:00:00,167.1255
2012-07-21 07:00:00,136.29533
2012-07-21 08:00:00,152.21834
2012-07-21 09:00:00,142.28032
2012-07-21 10:00:00,167.1255
2012-07-21 11:00:00,153.70728
2012-07-21 12:00:00,162.17662
2012-07-21 13:00:00,146.90807
2012-07-21 14:00:00,135.76149
2012-07-21 15:00:00,166.59683
2012-07-21 16:00:00,150.51176
2012-07-21 17:00:00,143.63515
2012-07-21 18:00:00,127.481476
2012-07-21 19:00:00,122.29268
2012-07-21 20:00:00,143.63515
2012-07-21 21:00:00,122.29268
2012-07-21 22:00:00,113.099945
2012-07-21 23:00:00,105.816956
2012-07-22 00:00:00,113.099945
2012-07-22 01:00:00,122.29268
2012-07-22 02:00:00,113.099945
2012-07-22 03:00:00,113.099945
2012-07-22 04:00:00,48.2341
2012-07-22 05:00:00,48.2341
2012-07-22 06:00:00,124.60533
2012-07-22 07:00:00,139.30977
2012-07-22 08:00:00,182.86618
2012-07-22 09:00:00,255.68358
2012-07-22 10:00:00,230.04613
2012-07-22 11:00:00,230.04613
2012-07-22 12:00:00,228.47166
2012-07-22 13:00:00,258.03967
2012-07-22 14:00:00,197.48466
2012-07-22 15:00:00,197.48466
2012-07-22 16:00:00,210.01039
2012-07-22 17:00:00,220.73663
2012-07-22 18:00:00,209.8569
2012-07-22 19:00:00,165.1518
2012-07-22 20:00:00,127.264496
2012-07-22 21:00:00,96.558655
2012-07-22 22:00:00,131.03566
2012-07-22 23:00:00,92.01959
2012-07-23 00:00:00,73.836624
2012-07-23 01:00:00,105.62123
2012-07-23 02:00:00,99.62314
2012-07-23 03:00:00,99.62314
2012-07-23 04:00:00,108.05057
2012-07-23 05:00:00,108.05057
2012-07-23 06:00:00,115.849594
2012-07-23 07:00:00,114.184616
2012-07-23 08:00:00,144.55545
2012-07-23 09:00:00,210.3349
2012-07-23 10:00:00,242.48352
2012-07-23 11:00:00,302.87628
2012-07-23 12:00:00,302.87628
2012-07-23 13:00:00,295.38654
2012-07-23 14:00:00,278.41815
2012-07-23 15:00:00,310.0619
2012-07-23 16:00:00,295.1853
2012-07-23 17:00:00,295.1853
2012-07-23 18:00:00,302.76312
2012-07-23 19:00:00,318.09323
2012-07-23 20:00:00,255.31781
2012-07-23 21:00:00,272.9676
2012-07-23 22:00:00,268.01318
2012-07-23 23:00:00,222.96411
2012-07-24 00:00:00,172.50685
2012-07-24 01:00:00,140.78485
2012-07-24 02:00:00,117.81116
2012-07-24 03:00:00,117.81116
2012-07-24 04:00:00,95.66991
2012-07-24 05:00:00,98.77031
2012-07-24 06:00:00,107.57463
2012-07-24 07:00:00,181.40973
2012-07-24 08:00:00,226.71053
2012-07-24 09:00:00,248.51314
2012-07-24 10:00:00,286.60995
2012-07-24 11:00:00,318.5869
2012-07-24 12:00:00,309.58447
2012-07-24 13:00:00,326.8165
2012-07-24 14:00:00,326.58615
2012-07-24 15:00:00,285.4196
2012-07-24 16:00:00,311.30167
2012-07-24 17:00:00,312.26535
2012-07-24 18:00:00,352.19284
2012-07-24 19:00:00,255.31781
2012-07-24 20:00:00,228.77594
2012-07-24 21:00:00,264.79044
2012-07-24 22:00:00,286.18362
2012-07-24 23:00:00,349.87833
2012-07-25 00:00:00,339.5998
2012-07-25 01:00:00,281.5158
2012-07-25 02:00:00,276.77634
2012-07-25 03:00:00,239.75981
2012-07-25 04:00:00,226.40945
2012-07-25 05:00:00,209.12384
2012-07-25 06:00:00,219.9391
2012-07-25 07:00:00,314.49557
2012-07-25 08:00:00,358.70676
2012-07-25 09:00:00,361.50333
2012-07-25 10:00:00,292.65363
2012-07-25 11:00:00,317.7664
2012-07-25 12:00:00,317.7664
2012-07-25 13:00:00,370.40292
2012-07-25 14:00:00,366.31436
2012-07-25 15:00:00,361.48096
2012-07-25 16:00:00,356.62845
2012-07-25 17:00:00,338.31024
2012-07-25 18:00:00,369.03815
2012-07-25 19:00:00,369.49765
2012-07-25 20:00:00,356.36475
2012-07-25 21:00:00,314.55862
2012-07-25 22:00:00,243.33778
2012-07-25 23:00:00,306.0496
2012-07-26 00:00:00,224.74797
2012-07-26 01:00:00,239.75981
2012-07-26 02:00:00,225.39198
2012-07-26 03:00:00,212.70248
2012-07-26 04:00:00,171.24269
2012-07-26 05:00:00,171.24269
2012-07-26 06:00:00,174.52208
2012-07-26 07:00:00,217.51242
2012-07-26 08:00:00,230.96094
2012-07-26 09:00:00,222.78201
2012-07-26 10:00:00,245.07774
2012-07-26 11:00:00,294.9426
2012-07-26 12:00:00,263.5101
2012-07-26 13:00:00,243.657
2012-07-26 14:00:00,213.81837
2012-07-26 15:00:00,199.45395
2012-07-26 16:00:00,206.91888
2012-07-26 17:00:00,224.1054
2012-07-26 18:00:00,206.56905
2012-07-26 19:00:00,212.81609
2012-07-26 20:00:00,252.09883
2012-07-26 21:00:00,273.21597
2012-07-26 22:00:00,273.21597
2012-07-26 23:00:00,195.6558
2012-07-27 00:00:00,147.99461
2012-07-27 01:00:00,184.18524
2012-07-27 02:00:00,141.52792
2012-07-27 03:00:00,181.40971
2012-07-27 04:00:00,106.540085
2012-07-27 05:00:00,84.92052
2012-07-27 06:00:00,106.540085
2012-07-27 07:00:00,218.36545
2012-07-27 08:00:00,204.79646
2012-07-27 09:00:00,286.30087
2012-07-27 10:00:00,274.2622
2012-07-27 11:00:00,274.01508
2012-07-27 12:00:00,268.43515
2012-07-27 13:00:00,276.46826
2012-07-27 14:00:00,252.40971
2012-07-27 15:00:00,270.40256
2012-07-27 16:00:00,285.1603
2012-07-27 17:00:00,257.61264
2012-07-27 18:00:00,304.59622
2012-07-27 19:00:00,293.56482
2012-07-27 20:00:00,244.84215
2012-07-27 21:00:00,244.84215
2012-07-27 22:00:00,262.09232
2012-07-27 23:00:00,173.18803
2012-07-28 00:00:00,236.17241
2012-07-28 01:00:00,167.33583
2012-07-28 02:00:00,184.03717
2012-07-28 03:00:00,184.03717
2012-07-28 04:00:00,106.9931
2012-07-28 05:00:00,92.01959
2012-07-28 06:00:00,146.85269
2012-07-28 07:00:00,164.6283
2012-07-28 08:00:00,209.8569
2012-07-28 09:00:00,273.1333
2012-07-28 10:00:00,330.22247
2012-07-28 11:00:00,420.104
2012-07-28 12:00:00,403.35178
2012-07-28 13:00:00,408.49396
2012-07-28 14:00:00,407.0062
2012-07-28 15:00:00,426.2271
2012-07-28 16:00:00,393.24008
2012-07-28 17:00:00,372.87448
2012-07-28 18:00:00,443.3325
2012-07-28 19:00:00,86.7825
2012-07-28 20:00:00,83.68884
2012-07-28 21:00:00,78.69876
2012-07-28 22:00:00,78.69876
2012-07-28 23:00:00,63.076073
2012-07-29 00:00:00,61.83785
2012-07-29 01:00:00,64.7491
2012-07-29 02:00:00,102.32864
2012-07-29 03:00:00,148.25233
2012-07-29 04:00:00,133.7929
2012-07-29 05:00:00,90.83128
2012-07-29 06:00:00,106.53334
2012-07-29 07:00:00,159.68538
2012-07-29 08:00:00,200.5489
2012-07-29 09:00:00,253.2173
2012-07-29 10:00:00,247.77324
2012-07-29 11:00:00,336.5875
2012-07-29 12:00:00,397.74957
2012-07-29 13:00:00,375.51727
2012-07-29 14:00:00,394.7144
2012-07-29 15:00:00,390.9677
2012-07-29 16:00:00,390.9677
2012-07-29 17:00:00,397.90933
2012-07-29 18:00:00,484.91824
2012-07-29 19:00:00,319.07535
2012-07-29 20:00:00,210.01039
2012-07-29 21:00:00,164.6283
2012-07-29 22:00:00,146.85269
2012-07-29 23:00:00,168.41302
2012-07-30 00:00:00,156.5063
2012-07-30 01:00:00,128.47485
2012-07-30 02:00:00,124.301605
2012-07-30 03:00:00,80.59476
2012-07-30 04:00:00,80.59476
2012-07-30 05:00:00,98.77031
2012-07-30 06:00:00,117.81116
2012-07-30 07:00:00,127.97308
2012-07-30 08:00:00,197.8963
2012-07-30 09:00:00,198.45787
2012-07-30 10:00:00,257.98935
2012-07-30 11:00:00,286.37335
2012-07-30 12:00:00,269.99976
2012-07-30 13:00:00,317.76837
2012-07-30 14:00:00,317.45163
2012-07-30 15:00:00,315.36337
2012-07-30 16:00:00,310.86697
2012-07-30 17:00:00,361.8898
2012-07-30 18:00:00,323.9445
2012-07-30 19:00:00,295.17297
2012-07-30 20:00:00,233.57018
2012-07-30 21:00:00,218.36545
2012-07-30 22:00:00,223.79808
2012-07-30 23:00:00,192.97946
2012-07-31 00:00:00,130.18266
2012-07-31 01:00:00,107.57463
2012-07-31 02:00:00,107.574646
2012-07-31 03:00:00,95.66992
2012-07-31 04:00:00,95.66991
2012-07-31 05:00:00,117.81116
2012-07-31 06:00:00,93.23128
2012-07-31 07:00:00,144.52324
2012-07-31 08:00:00,141.52788
2012-07-31 09:00:00,184.18524
2012-07-31 10:00:00,162.65959
2012-07-31 11:00:00,202.0016
2012-07-31 12:00:00,260.696
2012-07-31 13:00:00,312.28708
2012-07-31 14:00:00,312.28708
2012-07-31 15:00:00,238.10722
2012-07-31 16:00:00,312.0112
2012-07-31 17:00:00,335.29608
2012-07-31 18:00:00,354.0123
2012-07-31 19:00:00,282.12802
2012-07-31 20:00:00,243.5141
2012-07-31 21:00:00,152.08939
2012-07-31 22:00:00,208.04295
2012-07-31 23:00:00,151.90614
2012-08-20 00:00:00,120.43059
2012-08-20 01:00:00,109.34657
2012-08-20 02:00:00,109.34657
2012-08-20 03:00:00,74.89249
2012-08-20 04:00:00,117.18895
2012-08-20 05:00:00,103.39052
2012-08-20 06:00:00,153.86209
2012-08-20 07:00:00,160.24777
2012-08-20 08:00:00,178.49014
2012-08-20 09:00:00,173.26796
2012-08-20 10:00:00,198.82057
2012-08-20 11:00:00,189.03096
2012-08-20 12:00:00,239.48427
2012-08-20 13:00:00,243.33778
2012-08-20 14:00:00,288.0515
2012-08-20 15:00:00,341.5241
2012-08-20 16:00:00,341.5241
2012-08-20 17:00:00,321.69498
2012-08-20 18:00:00,175.4763
2012-08-20 19:00:00,173.75623
2012-08-20 20:00:00,154.21353
2012-08-20 21:00:00,74.254684
2012-08-20 22:00:00,103.39052
2012-08-20 23:00:00,103.39052
2012-08-21 00:00:00,117.18895
2012-08-21 01:00:00,126.704544
2012-08-21 02:00:00,141.93959
2012-08-21 03:00:00,59.38564
2012-08-21 04:00:00,59.38564
2012-08-21 05:00:00,86.65028
2012-08-21 06:00:00,89.23764
2012-08-21 07:00:00,113.709335
2012-08-21 08:00:00,121.01669
2012-08-21 09:00:00,137.2936
2012-08-21 10:00:00,208.89003
2012-08-21 11:00:00,205.4663
2012-08-21 12:00:00,253.58919
2012-08-21 13:00:00,278.04556
2012-08-21 14:00:00,335.4527
2012-08-21 15:00:00,296.676
2012-08-21 16:00:00,296.676
2012-08-21 17:00:00,362.41562
2012-08-21 18:00:00,323.59778
2012-08-21 19:00:00,186.76048
2012-08-21 20:00:00,122.02457
2012-08-21 21:00:00,122.02457
2012-08-21 22:00:00,100.78528
2012-08-21 23:00:00,75.95686
2012-08-22 00:00:00,95.20155
2012-08-22 01:00:00,97.93767
2012-08-22 02:00:00,97.93767
2012-08-22 03:00:00,97.93767
2012-08-22 04:00:00,91.30081
2012-08-22 05:00:00,94.10393
2012-08-22 06:00:00,119.51694
2012-08-22 07:00:00,97.93767
2012-08-22 08:00:00,143.80836
2012-08-22 09:00:00,158.84383
2012-08-22 10:00:00,208.86829
2012-08-22 11:00:00,226.37064
2012-08-22 12:00:00,225.2472
2012-08-22 13:00:00,292.12234
2012-08-22 14:00:00,305.96384
2012-08-22 15:00:00,306.96353
2012-08-22 16:00:00,312.59314
2012-08-22 17:00:00,312.59314
2012-08-22 18:00:00,267.85565
2012-08-22 19:00:00,158.2939
2012-08-22 20:00:00,172.4825
2012-08-22 21:00:00,122.02457
2012-08-22 22:00:00,122.02457
2012-08-22 23:00:00,77.51901
2012-08-23 00:00:00,100.78528
2012-08-23 01:00:00,75.95686
2012-08-23 02:00:00,75.95686
2012-08-23 03:00:00,91.988754
2012-08-23 04:00:00,75.95686
2012-08-23 05:00:00,75.95686
2012-08-23 06:00:00,101.58659
2012-08-23 07:00:00,122.86629
2012-08-23 08:00:00,181.90402
2012-08-23 09:00:00,186.46632
2012-08-23 10:00:00,228.8791
2012-08-23 11:00:00,284.53714
2012-08-23 12:00:00,296.67566
2012-08-23 13:00:00,333.1019
2012-08-23 14:00:00,352.9952
2012-08-23 15:00:00,317.5196
2012-08-23 16:00:00,321.9993
2012-08-23 17:00:00,361.2618
2012-08-23 18:00:00,352.85684
2012-08-23 19:00:00,263.37335
2012-08-23 20:00:00,215.27989
2012-08-23 21:00:00,228.27512
2012-08-23 22:00:00,244.55049
2012-08-23 23:00:00,178.93007
2012-08-24 00:00:00,178.93007
2012-08-24 01:00:00,157.03278
2012-08-24 02:00:00,140.3629
2012-08-24 03:00:00,122.02457
2012-08-24 04:00:00,157.03278
2012-08-24 05:00:00,100.78528
2012-08-24 06:00:00,108.844376
2012-08-24 07:00:00,135.95862
2012-08-24 08:00:00,158.2939
2012-08-24 09:00:00,242.49196
2012-08-24 10:00:00,290.38925
2012-08-24 11:00:00,302.45844
2012-08-24 12:00:00,313.19818
2012-08-24 13:00:00,336.4625
2012-08-24 14:00:00,317.2729
2012-08-24 15:00:00,308.31985
2012-08-24 16:00:00,308.31985
2012-08-24 17:00:00,313.5384
2012-08-24 18:00:00,261.89816
2012-08-24 19:00:00,269.5225
2012-08-24 20:00:00,256.0091
2012-08-24 21:00:00,255.40247
2012-08-24 22:00:00,224.16968
2012-08-24 23:00:00,206.3607
2012-08-25 00:00:00,314.22144
2012-08-25 01:00:00,269.26138
2012-08-25 02:00:00,190.17859
2012-08-25 03:00:00,132.60617
2012-08-25 04:00:00,210.53387
2012-08-25 05:00:00,171.86589
2012-08-25 06:00:00,151.70325
2012-08-25 07:00:00,158.93701
2012-08-25 08:00:00,182.52774
2012-08-25 09:00:00,219.51329
2012-08-25 10:00:00,264.09555
2012-08-25 11:00:00,299.9917
2012-08-25 12:00:00,375.50116
2012-08-25 13:00:00,467.61343
2012-08-25 14:00:00,217.17665
2012-08-25 15:00:00,202.81728
2012-08-25 16:00:00,192.33134
2012-08-25 17:00:00,202.6697
2012-08-25 18:00:00,259.2504
2012-08-25 19:00:00,174.34102
2012-08-25 20:00:00,172.6527
2012-08-25 21:00:00,117.10535
2012-08-25 22:00:00,117.10535
2012-08-25 23:00:00,155.2969
2012-08-26 00:00:00,77.46767
2012-08-26 01:00:00,69.2301
2012-08-26 02:00:00,130.4617
2012-08-26 03:00:00,135.47379
2012-08-26 04:00:00,126.245346
2012-08-26 05:00:00,69.2301
2012-08-26 06:00:00,88.43494
2012-08-26 07:00:00,69.2301
2012-08-26 08:00:00,119.457565
2012-08-26 09:00:00,108.88655
2012-08-26 10:00:00,310.01065
2012-08-26 11:00:00,286.5005
2012-08-26 12:00:00,233.4987
2012-08-26 13:00:00,189.61058
2012-08-26 14:00:00,58.467697
2012-08-26 15:00:00,176.66151
2012-08-26 16:00:00,176.66151
2012-08-26 17:00:00,73.40532
2012-08-26 18:00:00,110.37279
2012-08-26 19:00:00,121.255066
2012-08-26 20:00:00,64.85782
2012-08-26 21:00:00,67.02844
2012-08-26 22:00:00,57.506878
2012-08-26 23:00:00,61.14273
2012-08-27 00:00:00,75.95686
2012-08-27 01:00:00,73.6983
2012-08-27 02:00:00,84.58678
2012-08-27 03:00:00,73.6983
2012-08-27 04:00:00,75.95686
2012-08-27 05:00:00,61.154594
2012-08-27 06:00:00,61.154594
2012-08-27 07:00:00,80.59476
2012-08-27 08:00:00,95.66991
2012-08-27 09:00:00,98.77031
2012-08-27 10:00:00,182.59009
2012-08-27 11:00:00,245.2537
2012-08-27 12:00:00,187.30919
2012-08-27 13:00:00,282.4445
2012-08-27 14:00:00,285.7075
2012-08-27 15:00:00,311.30167
2012-08-27 16:00:00,310.83524
2012-08-27 17:00:00,326.09854
2012-08-27 18:00:00,344.8192
2012-08-27 19:00:00,245.07774
2012-08-27 20:00:00,226.71053
2012-08-27 21:00:00,205.63411
2012-08-27 22:00:00,137.94153
2012-08-27 23:00:00,125.59625
2012-08-28 00:00:00,162.71684
2012-08-28 01:00:00,110.616104
2012-08-28 02:00:00,156.50368
2012-08-28 03:00:00,85.935104
2012-08-28 04:00:00,107.57463
2012-08-28 05:00:00,135.44684
2012-08-28 06:00:00,112.18341
2012-08-28 07:00:00,139.113
2012-08-28 08:00:00,130.27628
2012-08-28 09:00:00,185.82556
2012-08-28 10:00:00,307.06818
2012-08-28 11:00:00,336.98868
2012-08-28 12:00:00,310.86697
2012-08-28 13:00:00,295.6945
2012-08-28 14:00:00,282.44467
2012-08-28 15:00:00,302.63477
2012-08-28 16:00:00,303.51328
2012-08-28 17:00:00,293.2007
2012-08-28 18:00:00,343.7697
2012-08-28 19:00:00,332.86984
2012-08-28 20:00:00,284.7952
2012-08-28 21:00:00,277.61255
2012-08-28 22:00:00,205.4663
2012-08-28 23:00:00,189.61392
2012-08-29 00:00:00,140.3629
2012-08-29 01:00:00,175.24538
2012-08-29 02:00:00,148.75093
2012-08-29 03:00:00,141.6905
2012-08-29 04:00:00,166.2579
2012-08-29 05:00:00,165.65643
2012-08-29 06:00:00,165.65643
2012-08-29 07:00:00,182.14622
2012-08-29 08:00:00,234.42996
2012-08-29 09:00:00,317.1068
2012-08-29 10:00:00,316.404
2012-08-29 11:00:00,253.58919
2012-08-29 12:00:00,281.3656
2012-08-29 13:00:00,267.9286
2012-08-29 14:00:00,321.5845
2012-08-29 15:00:00,366.49103
2012-08-29 16:00:00,353.80984
2012-08-29 17:00:00,353.51492
2012-08-29 18:00:00,346.24136
2012-08-29 19:00:00,301.8535
2012-08-29 20:00:00,189.61392
2012-08-29 21:00:00,244.21953
2012-08-29 22:00:00,203.67653
2012-08-29 23:00:00,189.08058
2012-08-30 00:00:00,137.2936
2012-08-30 01:00:00,153.26837
2012-08-30 02:00:00,119.51694
2012-08-30 03:00:00,119.51694
2012-08-30 04:00:00,119.51694
2012-08-30 05:00:00,119.51694
2012-08-30 06:00:00,109.34657
2012-08-30 07:00:00,122.02457
2012-08-30 08:00:00,156.14392
2012-08-30 09:00:00,188.71999
2012-08-30 10:00:00,207.37372
2012-08-30 11:00:00,321.5845
2012-08-30 12:00:00,320.35995
2012-08-30 13:00:00,292.12234
2012-08-30 14:00:00,306.96353
2012-08-30 15:00:00,328.68643
2012-08-30 16:00:00,331.13892
2012-08-30 17:00:00,313.7482
2012-08-30 18:00:00,346.36572
2012-08-30 19:00:00,306.96353
2012-08-30 20:00:00,272.49863
2012-08-30 21:00:00,211.45139
2012-08-30 22:00:00,142.75038
2012-08-30 23:00:00,161.99274
2012-08-31 00:00:00,121.77228
2012-08-31 01:00:00,121.77228
2012-08-31 02:00:00,85.935104
2012-08-31 03:00:00,77.21239
2012-08-31 04:00:00,83.53844
2012-08-31 05:00:00,93.23128
2012-08-31 06:00:00,122.55063
2012-08-31 07:00:00,105.47595
2012-08-31 08:00:00,170.44641
2012-08-31 09:00:00,152.50829
2012-08-31 10:00:00,219.24648
2012-08-31 11:00:00,282.20633
2012-08-31 12:00:00,293.08514
2012-08-31 13:00:00,270.5472
2012-08-31 14:00:00,277.96198
2012-08-31 15:00:00,254.34358
2012-08-31 16:00:00,261.65897
2012-08-31 17:00:00,294.2221
2012-08-31 18:00:00,278.30576
2012-08-31 19:00:00,304.23788
2012-08-31 20:00:00,304.23788
2012-08-31 21:00:00,294.85806
2012-08-31 22:00:00,294.85806
2012-08-31 23:00:00,219.165
2012-09-20 00:00:00,154.43721
2012-09-20 01:00:00,111.49123
2012-09-20 02:00:00,111.15201
2012-09-20 03:00:00,87.82675
2012-09-20 04:00:00,96.599335
2012-09-20 05:00:00,96.599335
2012-09-20 06:00:00,87.82675
2012-09-20 07:00:00,87.91994
2012-09-20 08:00:00,139.13487
2012-09-20 09:00:00,208.09294
2012-09-20 10:00:00,245.32706
2012-09-20 11:00:00,250.80255
2012-09-20 12:00:00,308.47485
2012-09-20 13:00:00,306.79108
2012-09-20 14:00:00,313.154
2012-09-20 15:00:00,324.70444
2012-09-20 16:00:00,307.7217
2012-09-20 17:00:00,304.36453
2012-09-20 18:00:00,265.4522
2012-09-20 19:00:00,215.24028
2012-09-20 20:00:00,188.74724
2012-09-20 21:00:00,184.73431
2012-09-20 22:00:00,132.36423
2012-09-20 23:00:00,160.35551
2012-09-21 00:00:00,129.50087
2012-09-21 01:00:00,107.238556
2012-09-21 02:00:00,107.238556
2012-09-21 03:00:00,107.78279
2012-09-21 04:00:00,86.046295
2012-09-21 05:00:00,71.606445
2012-09-21 06:00:00,107.78279
2012-09-21 07:00:00,87.84993
2012-09-21 08:00:00,135.16281
2012-09-21 09:00:00,175.71909
2012-09-21 10:00:00,239.72246
2012-09-21 11:00:00,288.99097
2012-09-21 12:00:00,262.80048
2012-09-21 13:00:00,284.12817
2012-09-21 14:00:00,330.6166
2012-09-21 15:00:00,319.627
2012-09-21 16:00:00,301.8535
2012-09-21 17:00:00,306.4799
2012-09-21 18:00:00,270.634
2012-09-21 19:00:00,229.83842
2012-09-21 20:00:00,191.26933
2012-09-21 21:00:00,169.80838
2012-09-21 22:00:00,165.65643
2012-09-21 23:00:00,183.8094
2012-09-22 00:00:00,133.78796
2012-09-22 01:00:00,96.17447
2012-09-22 02:00:00,75.81851
2012-09-22 03:00:00,92.66493
2012-09-22 04:00:00,92.66493
2012-09-22 05:00:00,95.82718
2012-09-22 06:00:00,94.90854
2012-09-22 07:00:00,99.22456
2012-09-22 08:00:00,140.98146
2012-09-22 09:00:00,154.4251
2012-09-22 10:00:00,238.09402
2012-09-22 11:00:00,303.45895
2012-09-22 12:00:00,370.04416
2012-09-22 13:00:00,457.4769
2012-09-22 14:00:00,456.4208
2012-09-22 15:00:00,512.72296
2012-09-22 16:00:00,439.2322
2012-09-22 17:00:00,439.2322
2012-09-22 18:00:00,359.93353
2012-09-22 19:00:00,262.48404
2012-09-22 20:00:00,334.23712
2012-09-22 21:00:00,273.86258
2012-09-22 22:00:00,244.22237
2012-09-22 23:00:00,323.03046
2012-09-23 00:00:00,615.2801
2012-09-23 01:00:00,351.8394
2012-09-23 02:00:00,404.09402
2012-09-23 03:00:00,275.16125
2012-09-23 04:00:00,272.96967
2012-09-23 05:00:00,232.44151
2012-09-23 06:00:00,192.76945
2012-09-23 07:00:00,239.8688
2012-09-23 08:00:00,266.40427
2012-09-23 09:00:00,324.59363
2012-09-23 10:00:00,458.9647
2012-09-23 11:00:00,475.1711
2012-09-23 12:00:00,531.1587
2012-09-23 13:00:00,601.8248
2012-09-23 14:00:00,608.73315
2012-09-23 15:00:00,635.361
2012-09-23 16:00:00,579.3692
2012-09-23 17:00:00,508.11258
2012-09-23 18:00:00,538.4558
2012-09-23 19:00:00,498.9527
2012-09-23 20:00:00,498.9527
2012-09-23 21:00:00,422.2973
2012-09-23 22:00:00,429.5267
2012-09-23 23:00:00,352.47397
2012-09-24 00:00:00,240.01587
2012-09-24 01:00:00,236.70187
2012-09-24 02:00:00,263.78925
2012-09-24 03:00:00,246.47557
2012-09-24 04:00:00,231.06464
2012-09-24 05:00:00,270.70337
2012-09-24 06:00:00,291.42355
2012-09-24 07:00:00,236.70187
2012-09-24 08:00:00,278.8481
2012-09-24 09:00:00,295.70663
2012-09-24 10:00:00,309.45645
2012-09-24 11:00:00,363.79453
2012-09-24 12:00:00,367.84134
2012-09-24 13:00:00,392.3502
2012-09-24 14:00:00,420.77225
2012-09-24 15:00:00,408.1209
2012-09-24 16:00:00,391.40488
2012-09-24 17:00:00,407.26407
2012-09-24 18:00:00,358.16986
2012-09-24 19:00:00,345.4396
2012-09-24 20:00:00,316.4329
2012-09-24 21:00:00,303.18973
2012-09-24 22:00:00,285.68353
2012-09-24 23:00:00,253.50627
2012-09-25 00:00:00,230.89287
2012-09-25 01:00:00,204.04399
2012-09-25 02:00:00,168.65297
2012-09-25 03:00:00,200.18417
2012-09-25 04:00:00,196.86165
2012-09-25 05:00:00,169.09361
2012-09-25 06:00:00,177.27533
2012-09-25 07:00:00,176.75394
2012-09-25 08:00:00,235.97452
2012-09-25 09:00:00,279.62775
2012-09-25 10:00:00,299.54715
2012-09-25 11:00:00,346.8417
2012-09-25 12:00:00,361.55188
2012-09-25 13:00:00,366.5977
2012-09-25 14:00:00,378.0074
2012-09-25 15:00:00,387.23227
2012-09-25 16:00:00,381.03574
2012-09-25 17:00:00,384.8972
2012-09-25 18:00:00,387.86902
2012-09-25 19:00:00,347.92035
2012-09-25 20:00:00,309.2031
2012-09-25 21:00:00,309.2031
2012-09-25 22:00:00,311.52945
2012-09-25 23:00:00,306.83304
2012-09-26 00:00:00,262.01254
2012-09-26 01:00:00,258.71942
2012-09-26 02:00:00,275.43484
2012-09-26 03:00:00,275.43484
2012-09-26 04:00:00,240.53703
2012-09-26 05:00:00,248.00899
2012-09-26 06:00:00,243.96147
2012-09-26 07:00:00,240.50685
2012-09-26 08:00:00,228.83492
2012-09-26 09:00:00,313.7062
2012-09-26 10:00:00,255.61177
2012-09-26 11:00:00,326.98157
2012-09-26 12:00:00,362.51273
2012-09-26 13:00:00,379.69504
2012-09-26 14:00:00,409.07114
2012-09-26 15:00:00,403.98254
2012-09-26 16:00:00,412.96112
2012-09-26 17:00:00,403.98254
2012-09-26 18:00:00,411.46576
2012-09-26 19:00:00,377.57623
2012-09-26 20:00:00,321.88733
2012-09-26 21:00:00,337.44284
2012-09-26 22:00:00,326.35535
2012-09-26 23:00:00,249.20055
2012-09-27 00:00:00,237.62697
2012-09-27 01:00:00,237.62697
2012-09-27 02:00:00,237.62695
2012-09-27 03:00:00,206.0269
2012-09-27 04:00:00,128.74382
2012-09-27 05:00:00,164.47491
2012-09-27 06:00:00,151.89331
2012-09-27 07:00:00,206.02693
2012-09-27 08:00:00,284.47583
2012-09-27 09:00:00,290.0436
2012-09-27 10:00:00,365.49017
2012-09-27 11:00:00,376.4909
2012-09-27 12:00:00,389.7334
2012-09-27 13:00:00,377.6234
2012-09-27 14:00:00,402.5413
2012-09-27 15:00:00,391.0167
2012-09-27 16:00:00,341.46872
2012-09-27 17:00:00,288.71146
2012-09-27 18:00:00,304.59335
2012-09-27 19:00:00,330.13876
2012-09-27 20:00:00,299.4364
2012-09-27 21:00:00,244.00703
2012-09-27 22:00:00,244.00703
2012-09-27 23:00:00,238.60756
2012-09-28 00:00:00,198.57047
2012-09-28 01:00:00,151.55098
2012-09-28 02:00:00,199.66566
2012-09-28 03:00:00,220.16399
2012-09-28 04:00:00,171.49818
2012-09-28 05:00:00,120.89487
2012-09-28 06:00:00,130.37686
2012-09-28 07:00:00,105.216
2012-09-28 08:00:00,198.60382
2012-09-28 09:00:00,212.97427
2012-09-28 10:00:00,258.22214
2012-09-28 11:00:00,272.99463
2012-09-28 12:00:00,363.32635
2012-09-28 13:00:00,372.10907
2012-09-28 14:00:00,363.32635
2012-09-28 15:00:00,348.00226
2012-09-28 16:00:00,366.88492
2012-09-28 17:00:00,335.66455
2012-09-28 18:00:00,360.58032
2012-09-28 19:00:00,394.05334
2012-09-28 20:00:00,384.94583
2012-09-28 21:00:00,385.04456
2012-09-28 22:00:00,323.68997
2012-09-28 23:00:00,311.83395
2012-09-29 00:00:00,334.33536
2012-09-29 01:00:00,334.33536
2012-09-29 02:00:00,365.4642
2012-09-29 03:00:00,344.75803
2012-09-29 04:00:00,303.2446
2012-09-29 05:00:00,271.79056
2012-09-29 06:00:00,245.99455
2012-09-29 07:00:00,189.53087
2012-09-29 08:00:00,199.45062
2012-09-29 09:00:00,271.79056
2012-09-29 10:00:00,354.17307
2012-09-29 11:00:00,402.6028
2012-09-29 12:00:00,580.5748
2012-09-29 13:00:00,580.5748
2012-09-29 14:00:00,591.00586
2012-09-29 15:00:00,573.54474
2012-09-29 16:00:00,600.08484
2012-09-29 17:00:00,559.5093
2012-09-29 18:00:00,501.77063
2012-09-29 19:00:00,379.72665
2012-09-29 20:00:00,365.26205
2012-09-29 21:00:00,384.99695
2012-09-29 22:00:00,298.0552
2012-09-29 23:00:00,330.53256
2012-09-30 00:00:00,336.04446
2012-09-30 01:00:00,336.04446
2012-09-30 02:00:00,292.5295
2012-09-30 03:00:00,255.04147
2012-09-30 04:00:00,255.04147
2012-09-30 05:00:00,196.21376
2012-09-30 06:00:00,206.73262
2012-09-30 07:00:00,155.92482
2012-09-30 08:00:00,260.23276
2012-09-30 09:00:00,304.5584
2012-09-30 10:00:00,521.3041
2012-09-30 11:00:00,578.069
2012-09-30 12:00:00,580.5748
2012-09-30 13:00:00,600.08484
2012-09-30 14:00:00,600.08484
2012-09-30 15:00:00,641.1841
2012-09-30 16:00:00,639.18036
2012-09-30 17:00:00,615.5121
2012-09-30 18:00:00,257.65778
2012-09-30 19:00:00,237.269
2012-09-30 20:00:00,237.269
2012-09-30 21:00:00,256.5998
2012-09-30 22:00:00,213.13026
2012-09-30 23:00:00,221.15227
2012-10-20 00:00:00,156.60326
2012-10-20 01:00:00,204.47731
2012-10-20 02:00:00,174.26935
2012-10-20 03:00:00,157.42912
2012-10-20 04:00:00,196.21376
2012-10-20 05:00:00,120.20024
2012-10-20 06:00:00,197.87202
2012-10-20 07:00:00,120.20024
2012-10-20 08:00:00,234.08238
2012-10-20 09:00:00,336.11548
2012-10-20 10:00:00,416.16635
2012-10-20 11:00:00,403.57315
2012-10-20 12:00:00,502.61026
2012-10-20 13:00:00,539.541
2012-10-20 14:00:00,527.6469
2012-10-20 15:00:00,505.17722
2012-10-20 16:00:00,468.80612
2012-10-20 17:00:00,524.31494
2012-10-20 18:00:00,490.95917
2012-10-20 19:00:00,461.6212
2012-10-20 20:00:00,467.91293
2012-10-20 21:00:00,346.74915
2012-10-20 22:00:00,338.57327
2012-10-20 23:00:00,302.69888
2012-10-21 00:00:00,283.7204
2012-10-21 01:00:00,207.36986
2012-10-21 02:00:00,175.30116
2012-10-21 03:00:00,180.50041
2012-10-21 04:00:00,134.85002
2012-10-21 05:00:00,180.50041
2012-10-21 06:00:00,262.7237
2012-10-21 07:00:00,262.7237
2012-10-21 08:00:00,231.63982
2012-10-21 09:00:00,301.6913
2012-10-21 10:00:00,360.4106
2012-10-21 11:00:00,411.40985
2012-10-21 12:00:00,465.52274
2012-10-21 13:00:00,533.24713
2012-10-21 14:00:00,569.2435
2012-10-21 15:00:00,491.93292
2012-10-21 16:00:00,524.31494
2012-10-21 17:00:00,476.91086
2012-10-21 18:00:00,505.1001
2012-10-21 19:00:00,474.5411
2012-10-21 20:00:00,417.26987
2012-10-21 21:00:00,256.45187
2012-10-21 22:00:00,332.34622
2012-10-21 23:00:00,343.16025
2012-10-22 00:00:00,238.8054
2012-10-22 01:00:00,192.41267
2012-10-22 02:00:00,180.13684
2012-10-22 03:00:00,238.8054
2012-10-22 04:00:00,205.61649
2012-10-22 05:00:00,151.21234
2012-10-22 06:00:00,143.20349
2012-10-22 07:00:00,201.24025
2012-10-22 08:00:00,237.64952
2012-10-22 09:00:00,262.14084
2012-10-22 10:00:00,330.37997
2012-10-22 11:00:00,364.66827
2012-10-22 12:00:00,391.86526
2012-10-22 13:00:00,423.66092
2012-10-22 14:00:00,417.69388
2012-10-22 15:00:00,432.32083
2012-10-22 16:00:00,412.81866
2012-10-22 17:00:00,429.14725
2012-10-22 18:00:00,298.30603
2012-10-22 19:00:00,316.4329
2012-10-22 20:00:00,289.70712
2012-10-22 21:00:00,256.2575
2012-10-22 22:00:00,161.64311
2012-10-22 23:00:00,160.08049
2012-10-23 00:00:00,151.55998
2012-10-23 01:00:00,188.64986
2012-10-23 02:00:00,141.84264
2012-10-23 03:00:00,179.47136
2012-10-23 04:00:00,168.37354
2012-10-23 05:00:00,181.54492
2012-10-23 06:00:00,135.72166
2012-10-23 07:00:00,181.84135
2012-10-23 08:00:00,220.75389
2012-10-23 09:00:00,244.61638
2012-10-23 10:00:00,311.521
2012-10-23 11:00:00,328.79572
2012-10-23 12:00:00,382.38583
2012-10-23 13:00:00,371.9985
2012-10-23 14:00:00,419.84
2012-10-23 15:00:00,408.47446
2012-10-23 16:00:00,388.46732
2012-10-23 17:00:00,383.51154
2012-10-23 18:00:00,354.75854
2012-10-23 19:00:00,342.20068
2012-10-23 20:00:00,311.96313
2012-10-23 21:00:00,265.91458
2012-10-23 22:00:00,299.5237
2012-10-23 23:00:00,265.70023
2012-10-24 00:00:00,263.49203
2012-10-24 01:00:00,263.2346
2012-10-24 02:00:00,263.23462
2012-10-24 03:00:00,218.74794
2012-10-24 04:00:00,218.74794
2012-10-24 05:00:00,158.48854
2012-10-24 06:00:00,172.44615
2012-10-24 07:00:00,143.51201
2012-10-24 08:00:00,197.4566
2012-10-24 09:00:00,230.71219
2012-10-24 10:00:00,226.26465
2012-10-24 11:00:00,292.07382
2012-10-24 12:00:00,330.1114
2012-10-24 13:00:00,334.0386
2012-10-24 14:00:00,425.73965
2012-10-24 15:00:00,416.4093
2012-10-24 16:00:00,444.24988
2012-10-24 17:00:00,359.22748
2012-10-24 18:00:00,370.34546
2012-10-24 19:00:00,359.6153
2012-10-24 20:00:00,328.13913
2012-10-24 21:00:00,329.50772
2012-10-24 22:00:00,315.18005
2012-10-24 23:00:00,290.13245
2012-10-25 00:00:00,314.71335
2012-10-25 01:00:00,268.32526
2012-10-25 02:00:00,206.12799
2012-10-25 03:00:00,169.46863
2012-10-25 04:00:00,165.72368
2012-10-25 05:00:00,167.11972
2012-10-25 06:00:00,164.65164
2012-10-25 07:00:00,164.65164
2012-10-25 08:00:00,194.34033
2012-10-25 09:00:00,191.91542
2012-10-25 10:00:00,208.8581
2012-10-25 11:00:00,200.55582
2012-10-25 12:00:00,235.7332
2012-10-25 13:00:00,197.68202
2012-10-25 14:00:00,283.46548
2012-10-25 15:00:00,322.1846
2012-10-25 16:00:00,306.2219
2012-10-25 17:00:00,306.2219
2012-10-25 18:00:00,198.22969
2012-10-25 19:00:00,194.0208
2012-10-25 20:00:00,169.46863
2012-10-25 21:00:00,169.46863
2012-10-25 22:00:00,195.41136
2012-10-25 23:00:00,208.85811
2012-10-26 00:00:00,200.82353
2012-10-26 01:00:00,160.78806
2012-10-26 02:00:00,165.72368
2012-10-26 03:00:00,167.11972
2012-10-26 04:00:00,167.11972
2012-10-26 05:00:00,165.72368
2012-10-26 06:00:00,160.78806
2012-10-26 07:00:00,165.72368
2012-10-26 08:00:00,178.56116
2012-10-26 09:00:00,178.56116
2012-10-26 10:00:00,168.48845
2012-10-26 11:00:00,246.01164
2012-10-26 12:00:00,268.00827
2012-10-26 13:00:00,297.0169
2012-10-26 14:00:00,315.18005
2012-10-26 15:00:00,329.50772
2012-10-26 16:00:00,275.73312
2012-10-26 17:00:00,251.08926
2012-10-26 18:00:00,246.02214
2012-10-26 19:00:00,206.83916
2012-10-26 20:00:00,206.83919
2012-10-26 21:00:00,240.86739
2012-10-26 22:00:00,196.66812
2012-10-26 23:00:00,185.85161
2012-10-27 00:00:00,134.19427
2012-10-27 01:00:00,191.90073
2012-10-27 02:00:00,210.66058
2012-10-27 03:00:00,139.68718
2012-10-27 04:00:00,202.85493
2012-10-27 05:00:00,236.48508
2012-10-27 06:00:00,236.48508
2012-10-27 07:00:00,150.59186
2012-10-27 08:00:00,156.69872
2012-10-27 09:00:00,156.69872
2012-10-27 10:00:00,206.9397
2012-10-27 11:00:00,301.2156
2012-10-27 12:00:00,489.97244
2012-10-27 13:00:00,573.54474
2012-10-27 14:00:00,554.0694
2012-10-27 15:00:00,337.71228
2012-10-27 16:00:00,316.88895
2012-10-27 17:00:00,316.88895
2012-10-27 18:00:00,316.88895
2012-10-27 19:00:00,278.10718
2012-10-27 20:00:00,278.10718
2012-10-27 21:00:00,278.10718
2012-10-27 22:00:00,259.01093
2012-10-27 23:00:00,237.73262
2012-10-28 00:00:00,234.02063
2012-10-28 01:00:00,231.71898
2012-10-28 02:00:00,237.1237
2012-10-28 03:00:00,248.91808
2012-10-28 04:00:00,246.61324
2012-10-28 05:00:00,255.68375
2012-10-28 06:00:00,275.4509
2012-10-28 07:00:00,277.62167
2012-10-28 08:00:00,272.4217
2012-10-28 09:00:00,309.93338
2012-10-28 10:00:00,322.18845
2012-10-28 11:00:00,343.6667
2012-10-28 12:00:00,254.7456
2012-10-28 13:00:00,260.4176
2012-10-28 14:00:00,276.67484
2012-10-28 15:00:00,244.07812
2012-10-28 16:00:00,183.44884
2012-10-28 17:00:00,152.29529
2012-10-28 18:00:00,149.0882
2012-10-28 19:00:00,178.67949
2012-10-28 20:00:00,156.52568
2012-10-28 21:00:00,169.32816
2012-10-28 22:00:00,183.37941
2012-10-28 23:00:00,178.67949
2012-10-29 00:00:00,134.72418
2012-10-30 13:00:00,119.708466
2012-10-30 14:00:00,119.708466
2012-10-30 15:00:00,121.00406
2012-10-30 16:00:00,121.00406
2012-10-30 17:00:00,116.01636
2012-10-30 18:00:00,85.67728
2012-10-30 19:00:00,251.05644
2012-10-30 20:00:00,151.75499
2012-10-30 21:00:00,134.26326
2012-10-30 22:00:00,152.9406
2012-10-30 23:00:00,152.9406
2012-10-31 00:00:00,123.197876
2012-10-31 01:00:00,118.633896
2012-10-31 02:00:00,134.5875
2012-10-31 03:00:00,123.197876
2012-10-31 04:00:00,157.07185
2012-10-31 05:00:00,134.5875
2012-10-31 06:00:00,162.9926
2012-10-31 07:00:00,144.38455
2012-10-31 08:00:00,148.1017
2012-10-31 09:00:00,150.37407
2012-10-31 10:00:00,184.41933
2012-10-31 11:00:00,190.75087
2012-10-31 12:00:00,233.91158
2012-10-31 13:00:00,259.7122
2012-10-31 14:00:00,274.7809
2012-10-31 15:00:00,259.3314
2012-10-31 16:00:00,261.35645
2012-10-31 17:00:00,252.75427
2012-10-31 18:00:00,252.75427
2012-10-31 19:00:00,271.4632
2012-10-31 20:00:00,271.4632
2012-10-31 21:00:00,271.4632
2012-10-31 22:00:00,227.45103
2012-10-31 23:00:00,233.61906
2012-11-20 00:00:00,153.80092
2012-11-20 01:00:00,177.62083
2012-11-20 02:00:00,123.5983
2012-11-20 03:00:00,159.42674
2012-11-20 04:00:00,184.32057
2012-11-20 05:00:00,185.70422
2012-11-20 06:00:00,157.96785
2012-11-20 07:00:00,131.89742
2012-11-20 08:00:00,156.74153
2012-11-20 09:00:00,156.89009
2012-11-20 10:00:00,221.13246
2012-11-20 11:00:00,226.98787
2012-11-20 12:00:00,213.80284
2012-11-20 13:00:00,267.68405
2012-11-20 14:00:00,276.5115
2012-11-20 15:00:00,292.8372
2012-11-20 16:00:00,252.46724
2012-11-20 17:00:00,192.90273
2012-11-20 18:00:00,221.13246
2012-11-20 19:00:00,183.10915
2012-11-20 20:00:00,148.38914
2012-11-20 21:00:00,167.86806
2012-11-20 22:00:00,167.86806
2012-11-20 23:00:00,137.87892
2012-11-21 00:00:00,117.84
2012-11-21 01:00:00,137.87892
2012-11-21 02:00:00,153.25154
2012-11-21 03:00:00,153.25154
2012-11-21 04:00:00,153.25154
2012-11-21 05:00:00,153.25154
2012-11-21 06:00:00,148.32205
2012-11-21 07:00:00,150.58241
2012-11-21 08:00:00,124.08693
2012-11-21 09:00:00,131.89743
2012-11-21 10:00:00,213.92941
2012-11-21 11:00:00,258.74426
2012-11-21 12:00:00,303.52036
2012-11-21 13:00:00,326.96756
2012-11-21 14:00:00,344.88928
2012-11-21 15:00:00,341.72205
2012-11-21 16:00:00,340.32712
2012-11-21 17:00:00,297.74283
2012-11-21 18:00:00,322.6485
2012-11-21 19:00:00,274.7748
2012-11-21 20:00:00,202.87752
2012-11-21 21:00:00,273.48914
2012-11-21 22:00:00,265.14728
2012-11-21 23:00:00,194.27023
2012-11-22 00:00:00,72.52939
2012-11-22 01:00:00,51.99986
2012-11-22 02:00:00,13.06844
2012-11-22 03:00:00,16.126297
2012-11-22 04:00:00,32.584
2012-11-22 05:00:00,16.126297
2012-11-22 06:00:00,36.11425
2012-11-22 07:00:00,22.758936
2012-11-22 08:00:00,24.327389
2012-11-22 09:00:00,66.48395
2012-11-22 10:00:00,132.83496
2012-11-22 11:00:00,237.65144
2012-11-22 12:00:00,278.44525
2012-11-22 13:00:00,304.28568
2012-11-22 14:00:00,310.3395
2012-11-22 15:00:00,310.3395
2012-11-22 16:00:00,301.22684
2012-11-22 17:00:00,278.44525
2012-11-22 18:00:00,226.25974
2012-11-22 19:00:00,68.755264
2012-11-22 20:00:00,66.38524
2012-11-22 21:00:00,109.44148
2012-11-22 22:00:00,103.4545
2012-11-22 23:00:00,34.23716
2012-11-23 00:00:00,149.54588
2012-11-23 01:00:00,140.76097
2012-11-23 02:00:00,135.8886
2012-11-23 03:00:00,117.83995
2012-11-23 04:00:00,147.2246
2012-11-23 05:00:00,122.01944
2012-11-23 06:00:00,122.01944
2012-11-23 07:00:00,122.01944
2012-11-23 08:00:00,155.0853
2012-11-23 09:00:00,141.17618
2012-11-23 10:00:00,194.38971
2012-11-23 11:00:00,258.74426
2012-11-23 12:00:00,312.18008
2012-11-23 13:00:00,318.63004
2012-11-23 14:00:00,344.8493
2012-11-23 15:00:00,315.52237
2012-11-23 16:00:00,337.71237
2012-11-23 17:00:00,344.06723
2012-11-23 18:00:00,325.947
2012-11-23 19:00:00,307.6591
2012-11-23 20:00:00,327.88174
2012-11-23 21:00:00,281.3533
2012-11-23 22:00:00,319.0828
2012-11-23 23:00:00,293.42532
2012-11-24 00:00:00,317.56097
2012-11-24 01:00:00,211.95961
2012-11-24 02:00:00,200.1055
2012-11-24 03:00:00,185.95897
2012-11-24 04:00:00,145.15495
2012-11-24 05:00:00,164.83578
2012-11-24 06:00:00,130.87354
2012-11-24 07:00:00,157.1458
2012-11-24 08:00:00,149.48985
2012-11-24 09:00:00,156.22179
2012-11-24 10:00:00,136.96881
2012-11-24 11:00:00,172.6187
2012-11-24 12:00:00,193.63489
2012-11-24 13:00:00,247.77878
2012-11-24 14:00:00,233.25485
2012-11-24 15:00:00,206.3816
2012-11-24 16:00:00,178.60039
2012-11-24 17:00:00,158.00638
2012-11-24 18:00:00,167.41891
2012-11-24 19:00:00,172.14166
2012-11-24 20:00:00,130.87354
2012-11-24 21:00:00,120.50557
2012-11-24 22:00:00,131.31964
2012-11-24 23:00:00,120.50557
2012-11-25 00:00:00,105.63377
2012-11-25 01:00:00,108.085556
2012-11-25 02:00:00,116.73602
2012-11-25 03:00:00,146.57903
2012-11-25 04:00:00,146.57903
2012-11-25 05:00:00,88.80838
2012-11-25 06:00:00,98.316605
2012-11-25 07:00:00,87.63475
2012-11-25 08:00:00,76.37529
2012-11-25 09:00:00,93.21857
2012-11-25 10:00:00,114.894775
2012-11-25 11:00:00,152.128
2012-11-25 12:00:00,152.128
2012-11-25 13:00:00,145.17766
2012-11-25 14:00:00,176.621
2012-11-25 15:00:00,212.21764
2012-11-25 16:00:00,224.02263
2012-11-25 17:00:00,186.783
2012-11-25 18:00:00,142.06282
2012-11-25 19:00:00,200.83821
2012-11-25 20:00:00,111.31726
2012-11-25 21:00:00,169.49289
2012-11-25 22:00:00,111.31726
2012-11-25 23:00:00,94.197586
2012-11-26 00:00:00,111.58867
2012-11-26 01:00:00,109.20798
2012-11-26 02:00:00,109.20798
2012-11-26 03:00:00,109.20798
2012-11-26 04:00:00,111.58867
2012-11-26 05:00:00,166.92004
2012-11-26 06:00:00,111.58867
2012-11-26 07:00:00,129.26913
2012-11-26 08:00:00,129.26913
2012-11-26 09:00:00,197.98573
2012-11-26 10:00:00,252.1575
2012-11-26 11:00:00,297.5785
2012-11-26 12:00:00,331.57736
2012-11-26 13:00:00,331.57736
2012-11-26 14:00:00,334.676
2012-11-26 15:00:00,332.9198
2012-11-26 16:00:00,351.57367
2012-11-26 17:00:00,340.0925
2012-11-26 18:00:00,249.35802
2012-11-26 19:00:00,246.58443
2012-11-26 20:00:00,265.14728
2012-11-26 21:00:00,265.14728
2012-11-26 22:00:00,194.27023
2012-11-26 23:00:00,170.40833
2012-11-27 00:00:00,168.19856
2012-11-27 01:00:00,154.33614
2012-11-27 02:00:00,153.64737
2012-11-27 03:00:00,123.61261
2012-11-27 04:00:00,94.56148
2012-11-27 05:00:00,156.91554
2012-11-27 06:00:00,144.0485
2012-11-27 07:00:00,74.6703
2012-11-27 08:00:00,83.69627
2012-11-27 09:00:00,129.268
2012-11-27 10:00:00,90.7908
2012-11-27 11:00:00,123.732925
2012-11-27 12:00:00,122.1438
2012-11-27 13:00:00,121.40918
2012-11-27 14:00:00,124.32332
2012-11-27 15:00:00,163.78908
2012-11-27 16:00:00,163.78908
2012-11-27 17:00:00,161.12317
2012-11-27 18:00:00,156.97362
2012-11-27 19:00:00,174.7224
2012-11-27 20:00:00,172.46553
2012-11-27 21:00:00,167.04857
2012-11-27 22:00:00,170.53914
2012-11-27 23:00:00,160.62155
2012-11-28 00:00:00,159.19682
2012-11-28 01:00:00,156.20451
2012-11-28 02:00:00,156.20451
2012-11-28 03:00:00,155.26648
2012-11-28 04:00:00,149.96326
2012-11-28 05:00:00,126.25798
2012-11-28 06:00:00,154.63104
2012-11-28 07:00:00,182.35997
2012-11-28 08:00:00,173.41624
2012-11-28 09:00:00,203.57664
2012-11-28 10:00:00,241.21034
2012-11-28 11:00:00,251.65768
2012-11-28 12:00:00,238.21048
2012-11-28 13:00:00,262.90164
2012-11-28 14:00:00,262.67783
2012-11-28 15:00:00,295.52682
2012-11-28 16:00:00,313.95782
2012-11-28 17:00:00,305.79214
2012-11-28 18:00:00,278.27933
2012-11-28 19:00:00,281.85825
2012-11-28 20:00:00,285.3869
2012-11-28 21:00:00,264.5489
2012-11-28 22:00:00,236.49014
2012-11-28 23:00:00,221.8341
2012-11-29 00:00:00,177.14403
2012-11-29 01:00:00,137.40782
2012-11-29 02:00:00,122.32536
2012-11-29 04:00:00,151.53517
2012-11-29 05:00:00,109.20798
2012-11-29 06:00:00,111.58867
2012-11-29 07:00:00,114.55086
2012-11-29 08:00:00,145.13295
2012-11-29 09:00:00,150.09996
2012-11-29 10:00:00,151.61072
2012-11-29 11:00:00,282.96555
2012-11-29 12:00:00,281.94998
2012-11-29 13:00:00,323.76703
2012-11-29 14:00:00,261.17026
2012-11-29 15:00:00,250.83043
2012-11-29 16:00:00,271.9471
2012-11-29 17:00:00,273.53275
2012-11-29 18:00:00,238.4368
2012-11-29 19:00:00,213.72368
2012-11-29 20:00:00,218.63675
2012-11-29 21:00:00,153.37059
2012-11-29 22:00:00,133.65428
2012-11-29 23:00:00,171.41986
2012-11-30 00:00:00,166.14644
2012-11-30 01:00:00,136.34007
2012-11-30 02:00:00,109.311066
2012-11-30 03:00:00,109.311066
2012-11-30 04:00:00,113.313644
2012-11-30 05:00:00,128.07138
2012-11-30 06:00:00,138.38704
2012-11-30 07:00:00,123.965454
2012-11-30 08:00:00,134.15854
2012-11-30 09:00:00,142.71088
2012-11-30 10:00:00,146.78331
2012-11-30 11:00:00,242.16246
2012-11-30 12:00:00,280.14313
2012-11-30 13:00:00,298.93625
2012-11-30 14:00:00,304.18777
2012-11-30 15:00:00,318.86966
2012-11-30 16:00:00,293.35217
2012-11-30 17:00:00,243.5919
2012-11-30 18:00:00,190.78535
2012-11-30 19:00:00,168.58687
2012-11-30 20:00:00,168.58687
2012-11-30 21:00:00,132.30806
2012-11-30 22:00:00,120.03792
2012-11-30 23:00:00,119.46033
2012-12-20 00:00:00,189.18156
2012-12-20 01:00:00,168.58687
2012-12-20 02:00:00,168.58687
2012-12-20 03:00:00,136.31158
2012-12-20 04:00:00,136.31158
2012-12-20 05:00:00,138.60866
2012-12-20 06:00:00,146.78331
2012-12-20 07:00:00,123.64543
2012-12-20 08:00:00,123.64543
2012-12-20 09:00:00,123.64543
2012-12-20 10:00:00,153.0033
2012-12-20 11:00:00,219.47862
2012-12-20 12:00:00,245.34242
2012-12-20 13:00:00,232.80019
2012-12-20 14:00:00,242.70572
2012-12-20 15:00:00,223.99486
2012-12-20 16:00:00,211.87971
2012-12-20 17:00:00,184.32057
2012-12-20 18:00:00,159.81676
2012-12-20 19:00:00,134.00941
2012-12-20 20:00:00,107.9326
2012-12-20 21:00:00,107.9326
2012-12-20 22:00:00,102.68294
2012-12-20 23:00:00,125.83902
2012-12-21 00:00:00,86.12291
2012-12-21 01:00:00,71.356064
2012-12-21 02:00:00,66.76599
2012-12-21 03:00:00,66.76599
2012-12-21 04:00:00,91.870026
2012-12-21 05:00:00,73.25949
2012-12-21 06:00:00,108.810165
2012-12-21 07:00:00,126.58641
2012-12-21 08:00:00,123.49431
2012-12-21 09:00:00,110.92447
2012-12-21 10:00:00,131.65947
2012-12-21 11:00:00,117.647964
2012-12-21 12:00:00,122.67729
2012-12-21 13:00:00,116.82791
2012-12-21 14:00:00,115.527176
2012-12-21 15:00:00,118.82066
2012-12-21 16:00:00,120.930084
2012-12-21 17:00:00,104.911835
2012-12-21 18:00:00,107.06842
2012-12-21 19:00:00,105.69394
2012-12-21 20:00:00,104.613174
2012-12-21 21:00:00,105.900024
2012-12-21 22:00:00,103.19652
2012-12-21 23:00:00,102.89838
2012-12-22 00:00:00,117.47955
2012-12-22 01:00:00,107.23688
2012-12-22 02:00:00,110.90341
2012-12-22 03:00:00,93.22774
2012-12-22 04:00:00,94.466324
2012-12-22 05:00:00,95.15622
2012-12-22 06:00:00,108.67401
2012-12-22 07:00:00,108.67401
2012-12-22 08:00:00,121.44345
2012-12-22 09:00:00,94.06819
2012-12-22 10:00:00,91.03723
2012-12-22 11:00:00,116.87511
2012-12-22 12:00:00,120.56041
2012-12-22 13:00:00,128.03485
2012-12-22 14:00:00,126.92905
2012-12-22 15:00:00,117.78934
2012-12-22 16:00:00,129.02493
2012-12-22 17:00:00,111.51387
2012-12-22 18:00:00,107.30713
2012-12-22 19:00:00,83.60303
2012-12-22 20:00:00,86.762146
2012-12-22 21:00:00,71.785065
2012-12-22 22:00:00,71.785065
2012-12-22 23:00:00,74.15849
2012-12-23 00:00:00,81.28088
2012-12-23 01:00:00,82.98053
2012-12-23 02:00:00,69.04506
2012-12-23 03:00:00,69.50279
2012-12-23 04:00:00,75.873825
2012-12-23 05:00:00,72.02321
2012-12-23 06:00:00,49.945137
2012-12-23 07:00:00,49.945137
2012-12-23 08:00:00,40.867027
2012-12-23 09:00:00,62.114872
2012-12-23 10:00:00,51.316563
2012-12-23 11:00:00,75.50554
2012-12-23 12:00:00,121.85773
2012-12-23 13:00:00,137.76917
2012-12-23 14:00:00,143.47266
2012-12-23 15:00:00,162.7199
2012-12-23 16:00:00,171.57448
2012-12-23 17:00:00,115.55844
2012-12-23 18:00:00,120.8094
2012-12-23 19:00:00,116.33531
2012-12-23 20:00:00,84.15857
2012-12-23 21:00:00,67.26738
2012-12-23 22:00:00,67.56247
2012-12-23 23:00:00,83.027176
2012-12-24 00:00:00,84.656876
2012-12-24 01:00:00,84.656876
2012-12-24 02:00:00,92.661514
2012-12-24 03:00:00,92.661514
2012-12-24 05:00:00,92.39691
2012-12-24 06:00:00,92.661514
2012-12-24 07:00:00,86.60794
2012-12-24 08:00:00,84.656876
2012-12-24 09:00:00,127.96393
2012-12-24 10:00:00,115.394135
2012-12-24 11:00:00,125.80539
2012-12-24 12:00:00,120.347916
2012-12-24 13:00:00,68.99516
2012-12-24 14:00:00,67.68907
2012-12-24 15:00:00,53.06027
2012-12-24 16:00:00,53.06027
2012-12-24 17:00:00,55.74525
2012-12-24 18:00:00,65.34956
2012-12-24 19:00:00,76.12192
2012-12-24 20:00:00,59.620663
2012-12-24 21:00:00,68.2016
2012-12-24 22:00:00,124.31285
2012-12-24 23:00:00,81.478455
2012-12-25 00:00:00,47.07052
2012-12-25 01:00:00,55.59456
2012-12-25 02:00:00,55.59456
2012-12-25 04:00:00,51.87784
2012-12-25 05:00:00,45.467712
2012-12-25 06:00:00,45.467712
2012-12-25 07:00:00,46.36034
2012-12-25 08:00:00,49.258686
2012-12-25 09:00:00,47.369377
2012-12-25 10:00:00,51.3343
2012-12-25 11:00:00,81.545715
2012-12-25 12:00:00,86.82837
2012-12-25 13:00:00,158.28687
2012-12-25 14:00:00,153.87938
2012-12-25 15:00:00,149.76704
2012-12-25 16:00:00,146.63602
2012-12-25 17:00:00,133.51402
2012-12-25 18:00:00,120.8611
2012-12-25 19:00:00,111.0361
2012-12-25 20:00:00,131.30841
2012-12-25 21:00:00,93.29605
2012-12-25 22:00:00,85.63025
2012-12-25 23:00:00,97.6611
2012-12-26 00:00:00,98.994095
2012-12-26 01:00:00,79.33139
2012-12-26 02:00:00,79.33139
2012-12-26 03:00:00,60.308727
2012-12-26 04:00:00,72.323746
2012-12-26 05:00:00,65.81207
2012-12-26 06:00:00,74.05315
2012-12-26 07:00:00,44.97789
2012-12-26 08:00:00,44.97789
2012-12-26 09:00:00,44.97789
2012-12-26 10:00:00,47.02373
2012-12-26 11:00:00,37.492336
2012-12-26 12:00:00,45.535076
2012-12-26 13:00:00,45.535076
2012-12-26 14:00:00,47.67555
2012-12-26 15:00:00,45.79601
2012-12-26 16:00:00,45.79601
2012-12-26 17:00:00,42.770126
2012-12-26 18:00:00,47.353283
2012-12-26 19:00:00,66.072556
2012-12-26 20:00:00,55.863583
2012-12-26 21:00:00,62.7069
2012-12-26 22:00:00,36.221867
2012-12-26 23:00:00,49.1
2012-12-27 00:00:00,49.1
2012-12-27 01:00:00,36.221867
2012-12-27 02:00:00,40.040325
2012-12-27 03:00:00,62.320477
2012-12-27 04:00:00,48.081627
2012-12-27 05:00:00,103.99504
2012-12-27 06:00:00,65.77168
2012-12-27 07:00:00,102.016754
2012-12-27 08:00:00,85.613174
2012-12-27 09:00:00,90.11066
2012-12-27 10:00:00,98.13611
2012-12-27 11:00:00,103.96564
2012-12-27 12:00:00,110.11453
2012-12-27 13:00:00,110.11453
2012-12-27 14:00:00,91.158554
2012-12-27 15:00:00,94.6599
2012-12-27 16:00:00,122.19432
2012-12-27 17:00:00,122.19432
2012-12-27 18:00:00,91.43736
2012-12-27 19:00:00,96.22708
2012-12-27 20:00:00,93.60762
2012-12-27 21:00:00,91.43736
2012-12-27 22:00:00,85.71736
2012-12-27 23:00:00,91.43736
2012-12-28 00:00:00,115.566025
2012-12-28 01:00:00,96.1525
2012-12-28 02:00:00,98.766495
2012-12-28 03:00:00,115.566025
2012-12-28 04:00:00,128.2446
2012-12-28 05:00:00,126.54524
2012-12-28 06:00:00,86.815994
2012-12-28 07:00:00,97.348816
2012-12-28 08:00:00,125.758835
2012-12-28 09:00:00,85.71736
2012-12-28 10:00:00,113.079544
2012-12-28 11:00:00,126.42798
2012-12-28 12:00:00,119.77255
2012-12-28 13:00:00,119.77255
2012-12-28 14:00:00,119.77255
2012-12-28 15:00:00,93.28938
2012-12-28 16:00:00,93.97392
2012-12-28 17:00:00,91.457825
2012-12-28 18:00:00,91.457825
2012-12-28 19:00:00,92.47249
2012-12-28 20:00:00,127.96393
2012-12-28 21:00:00,105.34291
2012-12-28 22:00:00,124.05844
2012-12-28 23:00:00,128.05264
2012-12-29 00:00:00,60.949757
2012-12-29 01:00:00,55.29221
2012-12-29 02:00:00,60.949757
2012-12-29 03:00:00,59.73604
2012-12-29 04:00:00,55.29221
2012-12-29 05:00:00,55.29221
2012-12-29 06:00:00,60.95302
2012-12-29 07:00:00,62.745995
2012-12-29 08:00:00,62.395515
2012-12-29 09:00:00,62.395527
2012-12-29 10:00:00,43.845562
2012-12-29 11:00:00,40.516922
2012-12-29 12:00:00,45.21952
2012-12-29 13:00:00,45.21952
2012-12-29 14:00:00,50.871487
2012-12-29 15:00:00,59.919975
2012-12-29 16:00:00,55.785164
2012-12-29 17:00:00,49.909504
2012-12-29 18:00:00,57.563675
2012-12-29 19:00:00,82.857025
2012-12-29 20:00:00,89.4023
2012-12-29 21:00:00,84.466156
2012-12-29 22:00:00,72.42255
2012-12-29 23:00:00,61.895554
2012-12-30 00:00:00,76.04494
2012-12-30 01:00:00,78.57469
2012-12-30 02:00:00,82.107376
2012-12-30 03:00:00,78.57469
2012-12-30 04:00:00,82.99541
2012-12-30 05:00:00,93.15042
2012-12-30 06:00:00,78.23126
2012-12-30 07:00:00,63.826862
2012-12-30 08:00:00,74.51222
2012-12-30 09:00:00,73.55324
2012-12-30 10:00:00,124.75731
2012-12-30 11:00:00,117.57628
2012-12-30 12:00:00,121.840225
2012-12-30 13:00:00,120.56041
2012-12-30 14:00:00,125.90762
2012-12-30 15:00:00,122.459854
2012-12-30 16:00:00,124.909134
2012-12-30 17:00:00,105.97351
2012-12-30 18:00:00,90.64154
2012-12-30 19:00:00,121.19862
2012-12-30 20:00:00,79.20787
2012-12-30 21:00:00,69.04506
2012-12-30 22:00:00,59.227016
2012-12-30 23:00:00,66.63333
2012-12-31 00:00:00,98.78453
2012-12-31 01:00:00,98.78453
2012-12-31 02:00:00,100.57103
2012-12-31 03:00:00,98.15102
2012-12-31 04:00:00,102.61713
2012-12-31 05:00:00,92.82988
2012-12-31 06:00:00,98.20232
2012-12-31 07:00:00,103.119995
2012-12-31 08:00:00,98.03735
2012-12-31 09:00:00,98.10564
2012-12-31 10:00:00,89.73657
2012-12-31 11:00:00,95.95938
2012-12-31 12:00:00,114.62016
2012-12-31 13:00:00,120.9975
2012-12-31 14:00:00,126.3134
2012-12-31 15:00:00,116.46724
2012-12-31 16:00:00,128.04015
2012-12-31 17:00:00,110.82677
2012-12-31 18:00:00,121.904434
2012-12-31 19:00:00,125.80539
2012-12-31 20:00:00,125.80539
2012-12-31 21:00:00,92.72531
2012-12-31 22:00:00,85.76137
2012-12-31 23:00:00,92.91051
