datetime,count
2011-01-20 00:00:00,116.13975
2011-01-20 01:00:00,107.5605
2011-01-20 02:00:00,107.5605
2011-01-20 03:00:00,117.924576
2011-01-20 04:00:00,117.924576
2011-01-20 05:00:00,126.30037
2011-01-20 06:00:00,119.89585
2011-01-20 07:00:00,114.37701
2011-01-20 08:00:00,116.35085
2011-01-20 09:00:00,70.2556
2011-01-20 10:00:00,138.54549
2011-01-20 11:00:00,152.40402
2011-01-20 12:00:00,60.39545
2011-01-20 13:00:00,162.40248
2011-01-20 14:00:00,205.30693
2011-01-20 15:00:00,198.21799
2011-01-20 16:00:00,143.24312
2011-01-20 17:00:00,149.50314
2011-01-20 18:00:00,119.8845
2011-01-20 19:00:00,131.60255
2011-01-20 20:00:00,81.33023
2011-01-20 21:00:00,85.625786
2011-01-20 22:00:00,97.01439
2011-01-20 23:00:00,64.58826
2011-01-21 00:00:00,126.41826
2011-01-21 01:00:00,126.41826
2011-01-21 02:00:00,70.38719
2011-01-21 03:00:00,48.276302
2011-01-21 04:00:00,95.66735
2011-01-21 05:00:00,99.02818
2011-01-21 06:00:00,115.89673
2011-01-21 07:00:00,103.58435
2011-01-21 08:00:00,93.04058
2011-01-21 09:00:00,100.85662
2011-01-21 10:00:00,70.93735
2011-01-21 11:00:00,71.792046
2011-01-21 12:00:00,92.28587
2011-01-21 13:00:00,111.4869
2011-01-21 14:00:00,67.95502
2011-01-21 15:00:00,124.0643
2011-01-21 16:00:00,116.38913
2011-01-21 17:00:00,95.73972
2011-01-21 18:00:00,74.304276
2011-01-21 19:00:00,58.786907
2011-01-21 20:00:00,74.298874
2011-01-21 21:00:00,49.208237
2011-01-21 22:00:00,41.836964
2011-01-21 23:00:00,26.584185
2011-01-22 00:00:00,22.865898
2011-01-22 01:00:00,-3.303818
2011-01-22 02:00:00,20.713879
2011-01-22 03:00:00,12.304943
2011-01-22 04:00:00,10.939996
2011-01-22 06:00:00,20.120495
2011-01-22 07:00:00,33.32975
2011-01-22 08:00:00,34.487087
2011-01-22 09:00:00,22.479858
2011-01-22 10:00:00,20.135225
2011-01-22 11:00:00,31.987473
2011-01-22 12:00:00,31.701664
2011-01-22 13:00:00,51.345272
2011-01-22 14:00:00,60.6486
2011-01-22 15:00:00,45.172077
2011-01-22 16:00:00,33.830166
2011-01-22 17:00:00,62.403202
2011-01-22 18:00:00,26.412434
2011-01-22 19:00:00,65.55544
2011-01-22 20:00:00,19.410107
2011-01-22 21:00:00,11.569188
2011-01-22 22:00:00,35.514305
2011-01-22 23:00:00,21.674835
2011-01-23 00:00:00,21.674835
2011-01-23 01:00:00,21.674835
2011-01-23 02:00:00,22.626347
2011-01-23 03:00:00,22.626347
2011-01-23 05:00:00,12.876765
2011-01-23 06:00:00,12.876765
2011-01-23 07:00:00,47.668903
2011-01-23 08:00:00,33.716354
2011-01-23 09:00:00,40.696865
2011-01-23 10:00:00,35.313152
2011-01-23 11:00:00,53.25663
2011-01-23 12:00:00,78.18912
2011-01-23 13:00:00,68.23313
2011-01-23 14:00:00,110.25253
2011-01-23 15:00:00,110.25253
2011-01-23 16:00:00,110.570175
2011-01-23 17:00:00,105.581856
2011-01-23 18:00:00,27.863815
2011-01-23 19:00:00,41.960606
2011-01-23 20:00:00,32.964054
2011-01-23 21:00:00,46.686176
2011-01-23 22:00:00,32.3742
2011-01-23 23:00:00,28.397232
2011-01-24 00:00:00,63.95359
2011-01-24 01:00:00,61.715378
2011-01-24 03:00:00,29.57309
2011-01-24 04:00:00,108.02686
2011-01-24 05:00:00,108.02686
2011-01-24 06:00:00,107.85309
2011-01-24 07:00:00,69.61581
2011-01-24 08:00:00,74.67808
2011-01-24 09:00:00,60.295685
2011-01-24 10:00:00,103.008736
2011-01-24 11:00:00,97.072495
2011-01-24 12:00:00,47.027863
2011-01-24 13:00:00,48.318592
2011-01-24 14:00:00,52.83794
2011-01-24 15:00:00,105.25069
2011-01-24 16:00:00,82.65516
2011-01-24 17:00:00,45.716354
2011-01-24 18:00:00,123.55877
2011-01-24 19:00:00,128.98851
2011-01-24 20:00:00,123.55877
2011-01-24 21:00:00,135.94601
2011-01-24 22:00:00,69.10661
2011-01-24 23:00:00,55.358704
2011-01-25 00:00:00,40.45812
2011-01-25 01:00:00,79.074356
2011-01-25 02:00:00,111.56471
2011-01-25 04:00:00,135.83163
2011-01-25 05:00:00,93.768845
2011-01-25 06:00:00,137.0766
2011-01-25 07:00:00,106.38546
2011-01-25 08:00:00,75.96794
2011-01-25 09:00:00,115.93644
2011-01-25 10:00:00,166.5888
2011-01-25 11:00:00,147.75179
2011-01-25 12:00:00,139.32094
2011-01-25 13:00:00,155.29224
2011-01-25 14:00:00,75.738014
2011-01-25 15:00:00,57.7568
2011-01-25 16:00:00,57.7568
2011-01-25 17:00:00,131.03627
2011-01-25 18:00:00,81.76609
2011-01-25 19:00:00,121.55573
2011-01-25 20:00:00,137.20132
2011-01-25 21:00:00,137.20132
2011-01-25 22:00:00,140.1076
2011-01-25 23:00:00,104.731636
2011-01-26 00:00:00,102.921295
2011-01-26 01:00:00,137.69057
2011-01-26 02:00:00,70.565544
2011-01-26 05:00:00,44.414383
2011-01-26 06:00:00,44.414383
2011-01-26 07:00:00,48.36844
2011-01-26 08:00:00,48.36844
2011-01-26 09:00:00,48.36844
2011-01-26 10:00:00,46.863144
2011-01-26 11:00:00,42.16485
2011-01-26 12:00:00,42.16485
2011-01-26 13:00:00,42.16485
2011-01-26 14:00:00,32.61727
2011-01-26 15:00:00,32.58735
2011-01-26 16:00:00,38.215286
2011-01-26 17:00:00,28.899069
2011-01-27 16:00:00,125.712036
2011-01-27 17:00:00,83.54173
2011-01-27 18:00:00,98.44733
2011-01-27 19:00:00,98.44733
2011-01-27 20:00:00,122.51804
2011-01-27 21:00:00,122.51804
2011-01-27 22:00:00,122.51804
2011-01-27 23:00:00,141.55618
2011-01-28 00:00:00,83.0052
2011-01-28 01:00:00,83.0052
2011-01-28 02:00:00,85.59405
2011-01-28 03:00:00,90.457275
2011-01-28 05:00:00,81.926636
2011-01-28 06:00:00,79.11156
2011-01-28 07:00:00,77.7684
2011-01-28 08:00:00,77.7684
2011-01-28 09:00:00,64.90455
2011-01-28 10:00:00,61.13688
2011-01-28 11:00:00,44.952164
2011-01-28 12:00:00,44.952164
2011-01-28 13:00:00,44.952164
2011-01-28 14:00:00,134.44846
2011-01-28 15:00:00,111.88093
2011-01-28 16:00:00,116.42394
2011-01-28 17:00:00,158.90576
2011-01-28 18:00:00,121.43147
2011-01-28 19:00:00,104.840256
2011-01-28 20:00:00,84.438194
2011-01-28 21:00:00,92.249626
2011-01-28 22:00:00,157.61848
2011-01-28 23:00:00,126.30037
2011-01-29 00:00:00,16.173944
2011-01-29 01:00:00,45.27029
2011-01-29 02:00:00,48.382328
2011-01-29 03:00:00,49.085754
2011-01-29 04:00:00,29.106102
2011-01-29 06:00:00,45.274982
2011-01-29 07:00:00,42.355156
2011-01-29 08:00:00,61.52539
2011-01-29 09:00:00,59.391697
2011-01-29 10:00:00,53.7916
2011-01-29 11:00:00,51.639515
2011-01-29 12:00:00,58.17431
2011-01-29 13:00:00,76.60283
2011-01-29 14:00:00,67.69051
2011-01-29 15:00:00,25.785563
2011-01-29 16:00:00,43.595196
2011-01-29 17:00:00,31.535261
2011-01-29 18:00:00,47.749065
2011-01-29 19:00:00,64.30252
2011-01-29 20:00:00,40.04252
2011-01-29 21:00:00,40.04252
2011-01-29 22:00:00,26.967056
2011-01-29 23:00:00,26.967056
2011-01-30 00:00:00,25.691109
2011-01-30 01:00:00,30.175196
2011-01-30 02:00:00,31.969877
2011-01-30 03:00:00,26.034061
2011-01-30 04:00:00,26.034061
2011-01-30 05:00:00,27.74624
2011-01-30 07:00:00,27.74624
2011-01-30 08:00:00,25.02324
2011-01-30 09:00:00,26.405165
2011-01-30 10:00:00,41.807384
2011-01-30 11:00:00,27.381012
2011-01-30 12:00:00,211.6208
2011-01-30 13:00:00,109.531166
2011-01-30 14:00:00,90.581566
2011-01-30 15:00:00,165.99756
2011-01-30 16:00:00,165.99756
2011-01-30 17:00:00,74.3334
2011-01-30 18:00:00,46.8017
2011-01-30 19:00:00,49.700397
2011-01-30 20:00:00,90.245735
2011-01-30 21:00:00,78.09579
2011-01-30 22:00:00,67.38816
2011-01-30 23:00:00,72.80031
2011-01-31 00:00:00,91.810234
2011-01-31 01:00:00,116.04734
2011-01-31 02:00:00,133.35005
2011-01-31 03:00:00,133.35005
2011-01-31 04:00:00,107.512054
2011-01-31 05:00:00,68.89745
2011-01-31 06:00:00,34.519886
2011-01-31 07:00:00,39.0197
2011-01-31 08:00:00,41.0301
2011-01-31 09:00:00,35.05966
2011-01-31 10:00:00,61.81168
2011-01-31 11:00:00,61.81168
2011-01-31 12:00:00,121.452354
2011-01-31 13:00:00,112.56946
2011-01-31 14:00:00,86.96004
2011-01-31 15:00:00,71.852066
2011-01-31 16:00:00,64.33307
2011-01-31 17:00:00,61.81168
2011-01-31 18:00:00,61.99501
2011-01-31 19:00:00,94.716995
2011-01-31 20:00:00,66.524086
2011-01-31 21:00:00,75.68726
2011-01-31 22:00:00,77.89705
2011-01-31 23:00:00,83.68503
2011-02-20 00:00:00,120.7202
2011-02-20 01:00:00,108.887695
2011-02-20 02:00:00,115.78779
2011-02-20 03:00:00,106.81648
2011-02-20 04:00:00,106.81648
2011-02-20 06:00:00,69.51036
2011-02-20 07:00:00,64.29555
2011-02-20 08:00:00,87.52037
2011-02-20 09:00:00,70.25277
2011-02-20 10:00:00,91.68939
2011-02-20 11:00:00,121.01738
2011-02-20 12:00:00,121.2321
2011-02-20 13:00:00,210.29556
2011-02-20 14:00:00,205.67195
2011-02-20 15:00:00,165.47382
2011-02-20 16:00:00,152.36897
2011-02-20 17:00:00,176.03362
2011-02-20 18:00:00,173.19408
2011-02-20 19:00:00,173.19408
2011-02-20 20:00:00,92.62643
2011-02-20 21:00:00,75.91648
2011-02-20 22:00:00,102.050705
2011-02-20 23:00:00,93.522644
2011-02-21 00:00:00,138.77617
2011-02-21 01:00:00,138.77617
2011-02-21 02:00:00,138.77617
2011-02-21 03:00:00,139.96393
2011-02-21 04:00:00,194.05884
2011-02-21 05:00:00,180.10686
2011-02-21 06:00:00,196.38501
2011-02-21 07:00:00,186.5377
2011-02-21 08:00:00,116.10135
2011-02-21 09:00:00,129.18192
2011-02-21 10:00:00,151.16425
2011-02-21 11:00:00,155.67256
2011-02-21 12:00:00,148.78421
2011-02-21 13:00:00,78.14392
2011-02-21 14:00:00,114.72272
2011-02-21 15:00:00,122.54703
2011-02-21 16:00:00,67.22648
2011-02-21 17:00:00,128.5756
2011-02-21 18:00:00,124.665016
2011-02-21 19:00:00,124.665016
2011-02-21 20:00:00,36.102413
2011-02-21 21:00:00,13.036069
2011-02-21 22:00:00,13.692128
2011-02-21 23:00:00,13.692128
2011-02-22 06:00:00,30.316462
2011-02-22 07:00:00,30.316462
2011-02-22 08:00:00,48.122078
2011-02-22 09:00:00,60.063377
2011-02-22 10:00:00,144.66148
2011-02-22 11:00:00,86.34236
2011-02-22 12:00:00,98.69385
2011-02-22 13:00:00,129.19868
2011-02-22 14:00:00,125.712036
2011-02-22 15:00:00,107.93359
2011-02-22 16:00:00,115.93046
2011-02-22 17:00:00,117.018684
2011-02-22 18:00:00,104.88248
2011-02-22 19:00:00,94.62038
2011-02-22 20:00:00,116.01489
2011-02-22 21:00:00,102.47815
2011-02-22 22:00:00,74.290245
2011-02-22 23:00:00,74.290245
2011-02-23 00:00:00,96.46767
2011-02-23 01:00:00,89.13436
2011-02-23 02:00:00,94.647675
2011-02-23 03:00:00,101.7366
2011-02-23 05:00:00,94.89994
2011-02-23 06:00:00,94.89994
2011-02-23 07:00:00,108.318954
2011-02-23 08:00:00,128.98851
2011-02-23 09:00:00,85.97063
2011-02-23 10:00:00,56.135487
2011-02-23 11:00:00,114.63805
2011-02-23 12:00:00,182.83183
2011-02-23 13:00:00,181.60461
2011-02-23 14:00:00,204.29317
2011-02-23 15:00:00,152.87234
2011-02-23 16:00:00,169.0621
2011-02-23 17:00:00,152.87234
2011-02-23 18:00:00,165.90036
2011-02-23 19:00:00,131.52605
2011-02-23 20:00:00,128.43864
2011-02-23 21:00:00,148.92856
2011-02-23 22:00:00,148.92856
2011-02-23 23:00:00,90.14376
2011-02-24 00:00:00,90.14376
2011-02-24 01:00:00,89.87117
2011-02-24 02:00:00,92.99724
2011-02-24 03:00:00,158.13843
2011-02-24 05:00:00,158.8728
2011-02-24 06:00:00,105.59008
2011-02-24 07:00:00,107.900505
2011-02-24 08:00:00,134.21854
2011-02-24 09:00:00,86.91086
2011-02-24 10:00:00,115.84417
2011-02-24 11:00:00,97.851
2011-02-24 12:00:00,130.9218
2011-02-24 13:00:00,124.516716
2011-02-24 14:00:00,148.49925
2011-02-24 15:00:00,252.16313
2011-02-24 16:00:00,151.2226
2011-02-24 17:00:00,158.88728
2011-02-24 18:00:00,129.84143
2011-02-24 19:00:00,107.479866
2011-02-24 20:00:00,119.66991
2011-02-24 21:00:00,129.84143
2011-02-24 22:00:00,105.500694
2011-02-24 23:00:00,111.64766
2011-02-25 00:00:00,130.28519
2011-02-25 01:00:00,99.93651
2011-02-25 02:00:00,99.93651
2011-02-25 03:00:00,103.49437
2011-02-25 05:00:00,103.49437
2011-02-25 06:00:00,77.12123
2011-02-25 07:00:00,63.79435
2011-02-25 08:00:00,145.38441
2011-02-25 09:00:00,120.19836
2011-02-25 10:00:00,93.8547
2011-02-25 11:00:00,148.20375
2011-02-25 12:00:00,182.09077
2011-02-25 13:00:00,182.09077
2011-02-25 14:00:00,181.1554
2011-02-25 15:00:00,231.76553
2011-02-25 16:00:00,131.38382
2011-02-25 17:00:00,111.71968
2011-02-25 18:00:00,114.99817
2011-02-25 19:00:00,110.874725
2011-02-25 20:00:00,72.718895
2011-02-25 21:00:00,118.22854
2011-02-25 22:00:00,87.75814
2011-02-25 23:00:00,115.55464
2011-02-26 00:00:00,91.99699
2011-02-26 01:00:00,67.57205
2011-02-26 02:00:00,26.832
2011-02-26 03:00:00,83.12471
2011-02-26 04:00:00,78.61458
2011-02-26 05:00:00,72.372
2011-02-26 06:00:00,30.69561
2011-02-26 07:00:00,84.71698
2011-02-26 08:00:00,87.28831
2011-02-26 09:00:00,83.97931
2011-02-26 10:00:00,80.23328
2011-02-26 11:00:00,171.79512
2011-02-26 12:00:00,92.22052
2011-02-26 13:00:00,95.79507
2011-02-26 14:00:00,125.743004
2011-02-26 15:00:00,102.042465
2011-02-26 16:00:00,162.37271
2011-02-26 17:00:00,138.73888
2011-02-26 18:00:00,194.54639
2011-02-26 19:00:00,106.630196
2011-02-26 20:00:00,137.36421
2011-02-26 21:00:00,48.292385
2011-02-26 22:00:00,64.19332
2011-02-26 23:00:00,37.21827
2011-02-27 00:00:00,53.580517
2011-02-27 01:00:00,48.161385
2011-02-27 02:00:00,65.3209
2011-02-27 03:00:00,30.877455
2011-02-27 04:00:00,56.58583
2011-02-27 06:00:00,33.943935
2011-02-27 07:00:00,56.58583
2011-02-27 08:00:00,32.37011
2011-02-27 09:00:00,33.313572
2011-02-27 10:00:00,54.63276
2011-02-27 11:00:00,164.65842
2011-02-27 12:00:00,249.9776
2011-02-27 13:00:00,117.53489
2011-02-27 14:00:00,176.82115
2011-02-27 15:00:00,213.16512
2011-02-27 16:00:00,313.4064
2011-02-27 17:00:00,201.9337
2011-02-27 18:00:00,222.13556
2011-02-27 19:00:00,215.90263
2011-02-27 20:00:00,249.9776
2011-02-27 21:00:00,164.89912
2011-02-27 22:00:00,219.51854
2011-02-27 23:00:00,94.754585
2011-02-28 00:00:00,149.16309
2011-02-28 01:00:00,123.00569
2011-02-28 03:00:00,90.82918
2011-02-28 05:00:00,86.028336
2011-02-28 06:00:00,115.81586
2011-02-28 07:00:00,138.72678
2011-02-28 08:00:00,129.75458
2011-02-28 09:00:00,130.24884
2011-02-28 10:00:00,186.65094
2011-02-28 11:00:00,200.61137
2011-02-28 12:00:00,200.61136
2011-02-28 13:00:00,234.23517
2011-02-28 14:00:00,96.942116
2011-02-28 15:00:00,96.942116
2011-02-28 16:00:00,211.61401
2011-02-28 17:00:00,96.08975
2011-02-28 18:00:00,266.2116
2011-02-28 19:00:00,109.657555
2011-02-28 20:00:00,109.657555
2011-02-28 21:00:00,124.1166
2011-02-28 22:00:00,74.855034
2011-02-28 23:00:00,111.403465
2011-03-20 00:00:00,96.82101
2011-03-20 01:00:00,111.057625
2011-03-20 02:00:00,112.04487
2011-03-20 03:00:00,57.05489
2011-03-20 04:00:00,49.801514
2011-03-20 05:00:00,52.40596
2011-03-20 06:00:00,54.3875
2011-03-20 07:00:00,46.10382
2011-03-20 08:00:00,46.246853
2011-03-20 09:00:00,176.42459
2011-03-20 10:00:00,75.82137
2011-03-20 11:00:00,107.39773
2011-03-20 12:00:00,123.477104
2011-03-20 13:00:00,236.57098
2011-03-20 14:00:00,296.11728
2011-03-20 15:00:00,163.53215
2011-03-20 16:00:00,302.25006
2011-03-20 17:00:00,203.97493
2011-03-20 18:00:00,147.17604
2011-03-20 19:00:00,162.33481
2011-03-20 20:00:00,162.37271
2011-03-20 21:00:00,116.642296
2011-03-20 22:00:00,91.047035
2011-03-20 23:00:00,63.213882
2011-03-21 00:00:00,49.58278
2011-03-21 01:00:00,89.02011
2011-03-21 02:00:00,88.63725
2011-03-21 03:00:00,88.63725
2011-03-21 05:00:00,48.986195
2011-03-21 06:00:00,59.475628
2011-03-21 07:00:00,38.079247
2011-03-21 08:00:00,46.69761
2011-03-21 09:00:00,81.545334
2011-03-21 10:00:00,161.59917
2011-03-21 11:00:00,142.85228
2011-03-21 12:00:00,112.34796
2011-03-21 13:00:00,168.87917
2011-03-21 14:00:00,200.1964
2011-03-21 15:00:00,221.84293
2011-03-21 16:00:00,200.13799
2011-03-21 17:00:00,196.61858
2011-03-21 18:00:00,141.84914
2011-03-21 19:00:00,257.80865
2011-03-21 20:00:00,211.7301
2011-03-21 21:00:00,34.928368
2011-03-21 22:00:00,53.864304
2011-03-21 23:00:00,36.834976
2011-03-22 00:00:00,37.891327
2011-03-22 01:00:00,36.802826
2011-03-22 02:00:00,79.36319
2011-03-22 03:00:00,118.770035
2011-03-22 04:00:00,93.60656
2011-03-22 05:00:00,66.616615
2011-03-22 06:00:00,52.57841
2011-03-22 07:00:00,126.74552
2011-03-22 08:00:00,115.716064
2011-03-22 09:00:00,155.56017
2011-03-22 10:00:00,182.68672
2011-03-22 11:00:00,153.93312
2011-03-22 12:00:00,197.95062
2011-03-22 13:00:00,206.41438
2011-03-22 14:00:00,267.41696
2011-03-22 15:00:00,223.95592
2011-03-22 16:00:00,271.08023
2011-03-22 17:00:00,271.08023
2011-03-22 18:00:00,248.67743
2011-03-22 19:00:00,205.16129
2011-03-22 20:00:00,114.7851
2011-03-22 21:00:00,173.65231
2011-03-22 22:00:00,134.30011
2011-03-22 23:00:00,134.30011
2011-03-23 00:00:00,90.67287
2011-03-23 01:00:00,68.7623
2011-03-23 02:00:00,68.7623
2011-03-23 03:00:00,73.91299
2011-03-23 05:00:00,63.1955
2011-03-23 06:00:00,82.13908
2011-03-23 07:00:00,77.52977
2011-03-23 08:00:00,71.06629
2011-03-23 09:00:00,84.73642
2011-03-23 10:00:00,102.120674
2011-03-23 11:00:00,75.932
2011-03-23 12:00:00,67.255905
2011-03-23 13:00:00,99.59194
2011-03-23 14:00:00,90.61946
2011-03-23 15:00:00,108.761154
2011-03-23 16:00:00,113.91369
2011-03-23 17:00:00,113.91369
2011-03-23 18:00:00,82.6564
2011-03-23 19:00:00,82.6564
2011-03-23 20:00:00,30.990723
2011-03-23 21:00:00,37.827553
2011-03-23 22:00:00,101.80939
2011-03-23 23:00:00,109.79164
2011-03-24 00:00:00,77.52977
2011-03-24 01:00:00,95.54429
2011-03-24 02:00:00,79.51951
2011-03-24 03:00:00,89.73676
2011-03-24 04:00:00,89.73676
2011-03-24 05:00:00,71.91712
2011-03-24 06:00:00,71.91712
2011-03-24 07:00:00,35.28545
2011-03-24 08:00:00,38.402096
2011-03-24 09:00:00,60.35779
2011-03-24 10:00:00,34.276535
2011-03-24 11:00:00,57.082535
2011-03-24 12:00:00,54.27816
2011-03-24 13:00:00,68.83272
2011-03-24 14:00:00,96.77883
2011-03-24 15:00:00,78.349495
2011-03-24 16:00:00,73.40743
2011-03-24 17:00:00,74.82863
2011-03-24 18:00:00,77.83115
2011-03-24 19:00:00,131.32869
2011-03-24 20:00:00,175.15309
2011-03-24 21:00:00,98.96452
2011-03-24 22:00:00,97.69819
2011-03-24 23:00:00,101.501755
2011-03-25 00:00:00,108.026306
2011-03-25 01:00:00,123.48707
2011-03-25 02:00:00,73.22131
2011-03-25 03:00:00,134.16286
2011-03-25 04:00:00,143.66069
2011-03-25 05:00:00,116.81245
2011-03-25 06:00:00,68.19873
2011-03-25 07:00:00,23.343765
2011-03-25 08:00:00,99.457664
2011-03-25 09:00:00,111.471214
2011-03-25 10:00:00,53.948105
2011-03-25 11:00:00,159.40723
2011-03-25 12:00:00,103.18395
2011-03-25 13:00:00,175.57686
2011-03-25 14:00:00,250.98395
2011-03-25 15:00:00,102.03796
2011-03-25 16:00:00,118.09183
2011-03-25 17:00:00,127.06848
2011-03-25 18:00:00,105.29606
2011-03-25 19:00:00,107.86262
2011-03-25 20:00:00,158.98367
2011-03-25 21:00:00,187.26213
2011-03-25 22:00:00,116.52194
2011-03-25 23:00:00,109.42372
2011-03-26 00:00:00,111.073685
2011-03-26 01:00:00,116.06176
2011-03-26 02:00:00,99.69145
2011-03-26 03:00:00,91.44333
2011-03-26 04:00:00,99.69145
2011-03-26 05:00:00,94.573814
2011-03-26 06:00:00,85.75236
2011-03-26 07:00:00,94.573845
2011-03-26 08:00:00,167.794
2011-03-26 09:00:00,235.9646
2011-03-26 10:00:00,242.65248
2011-03-26 11:00:00,118.53319
2011-03-26 12:00:00,156.38397
2011-03-26 13:00:00,232.85828
2011-03-26 14:00:00,293.24216
2011-03-26 15:00:00,235.85281
2011-03-26 16:00:00,239.61792
2011-03-26 17:00:00,289.0178
2011-03-26 18:00:00,91.48928
2011-03-26 19:00:00,78.346375
2011-03-26 20:00:00,78.346375
2011-03-26 21:00:00,68.98412
2011-03-26 22:00:00,165.75648
2011-03-26 23:00:00,49.367237
2011-03-27 00:00:00,91.55961
2011-03-27 01:00:00,54.62318
2011-03-27 02:00:00,44.898113
2011-03-27 03:00:00,23.53039
2011-03-27 04:00:00,22.339952
2011-03-27 06:00:00,17.28467
2011-03-27 07:00:00,21.161104
2011-03-27 08:00:00,31.60784
2011-03-27 09:00:00,169.49588
2011-03-27 10:00:00,42.91045
2011-03-27 11:00:00,56.931427
2011-03-27 12:00:00,71.9544
2011-03-27 13:00:00,213.66219
2011-03-27 14:00:00,157.14656
2011-03-27 15:00:00,270.44107
2011-03-27 16:00:00,173.77483
2011-03-27 17:00:00,298.56976
2011-03-27 18:00:00,202.0589
2011-03-27 19:00:00,232.40111
2011-03-27 20:00:00,136.64793
2011-03-27 21:00:00,242.65248
2011-03-27 22:00:00,242.65248
2011-03-27 23:00:00,132.26138
2011-03-28 00:00:00,119.278984
2011-03-28 01:00:00,161.6541
2011-03-28 02:00:00,157.21118
2011-03-28 03:00:00,157.21118
2011-03-28 05:00:00,135.06534
2011-03-28 06:00:00,112.202255
2011-03-28 07:00:00,115.0179
2011-03-28 08:00:00,116.28217
2011-03-28 09:00:00,50.682922
2011-03-28 10:00:00,107.965546
2011-03-28 11:00:00,106.7167
2011-03-28 12:00:00,120.13485
2011-03-28 13:00:00,49.43697
2011-03-28 14:00:00,161.33891
2011-03-28 15:00:00,241.96051
2011-03-28 16:00:00,176.9622
2011-03-28 17:00:00,257.23715
2011-03-28 18:00:00,232.61263
2011-03-28 19:00:00,102.64886
2011-03-28 20:00:00,78.815605
2011-03-28 21:00:00,86.43804
2011-03-28 22:00:00,144.26376
2011-03-28 23:00:00,183.69485
2011-03-29 00:00:00,138.31087
2011-03-29 01:00:00,125.09494
2011-03-29 02:00:00,125.09494
2011-03-29 03:00:00,125.09494
2011-03-29 04:00:00,167.9066
2011-03-29 05:00:00,122.33771
2011-03-29 06:00:00,121.97636
2011-03-29 07:00:00,89.37365
2011-03-29 08:00:00,119.561035
2011-03-29 09:00:00,168.7703
2011-03-29 10:00:00,205.87679
2011-03-29 11:00:00,158.25114
2011-03-29 12:00:00,168.53993
2011-03-29 13:00:00,250.55135
2011-03-29 14:00:00,183.03267
2011-03-29 15:00:00,238.20216
2011-03-29 16:00:00,137.66832
2011-03-29 17:00:00,112.82046
2011-03-29 18:00:00,85.93973
2011-03-29 19:00:00,186.1997
2011-03-29 20:00:00,85.93973
2011-03-29 21:00:00,102.07228
2011-03-29 22:00:00,87.51919
2011-03-29 23:00:00,74.39222
2011-03-30 00:00:00,77.83728
2011-03-30 01:00:00,109.078224
2011-03-30 02:00:00,77.83728
2011-03-30 03:00:00,113.503624
2011-03-30 04:00:00,77.83728
2011-03-30 05:00:00,117.56377
2011-03-30 06:00:00,142.29721
2011-03-30 07:00:00,102.55874
2011-03-30 08:00:00,180.67331
2011-03-30 09:00:00,158.75468
2011-03-30 10:00:00,174.08961
2011-03-30 11:00:00,139.67912
2011-03-30 12:00:00,193.23248
2011-03-30 13:00:00,182.2311
2011-03-30 14:00:00,93.166084
2011-03-30 15:00:00,27.338495
2011-03-30 16:00:00,38.062862
2011-03-30 17:00:00,78.1778
2011-03-30 18:00:00,60.35779
2011-03-30 19:00:00,60.35779
2011-03-30 20:00:00,38.742043
2011-03-30 21:00:00,50.267155
2011-03-30 22:00:00,38.879356
2011-03-30 23:00:00,38.038166
2011-03-31 00:00:00,38.879356
2011-03-31 01:00:00,49.07634
2011-03-31 02:00:00,49.07634
2011-03-31 03:00:00,38.879356
2011-03-31 04:00:00,29.579796
2011-03-31 05:00:00,38.879356
2011-03-31 06:00:00,38.742043
2011-03-31 07:00:00,29.579796
2011-03-31 08:00:00,49.116333
2011-03-31 09:00:00,30.076363
2011-03-31 10:00:00,30.076363
2011-03-31 11:00:00,53.794415
2011-03-31 12:00:00,53.794415
2011-03-31 13:00:00,80.31778
2011-03-31 14:00:00,80.3178
2011-03-31 15:00:00,32.673355
2011-03-31 16:00:00,93.56292
2011-03-31 17:00:00,93.56292
2011-03-31 18:00:00,107.24906
2011-03-31 19:00:00,107.24906
2011-03-31 20:00:00,25.82157
2011-03-31 21:00:00,92.40216
2011-03-31 22:00:00,33.46534
2011-03-31 23:00:00,55.35463
2011-04-20 00:00:00,37.312103
2011-04-20 01:00:00,36.64579
2011-04-20 02:00:00,36.64579
2011-04-20 03:00:00,32.156055
2011-04-20 04:00:00,46.849895
2011-04-20 05:00:00,28.038326
2011-04-20 06:00:00,36.64579
2011-04-20 07:00:00,31.401596
2011-04-20 08:00:00,231.02744
2011-04-20 09:00:00,374.5263
2011-04-20 10:00:00,205.82063
2011-04-20 11:00:00,205.82063
2011-04-20 12:00:00,328.6109
2011-04-20 13:00:00,328.6109
2011-04-20 14:00:00,384.0292
2011-04-20 15:00:00,338.92892
2011-04-20 16:00:00,338.92892
2011-04-20 17:00:00,324.21918
2011-04-20 18:00:00,366.82733
2011-04-20 19:00:00,453.72284
2011-04-20 20:00:00,440.517
2011-04-20 21:00:00,366.23672
2011-04-20 22:00:00,311.01135
2011-04-20 23:00:00,321.9873
2011-04-21 00:00:00,319.84
2011-04-21 01:00:00,214.01115
2011-04-21 02:00:00,305.62726
2011-04-21 03:00:00,172.48003
2011-04-21 04:00:00,164.04642
2011-04-21 05:00:00,162.1704
2011-04-21 06:00:00,129.7138
2011-04-21 07:00:00,166.77719
2011-04-21 08:00:00,162.79852
2011-04-21 09:00:00,161.7011
2011-04-21 10:00:00,255.28961
2011-04-21 11:00:00,195.91565
2011-04-21 12:00:00,223.07236
2011-04-21 13:00:00,389.47107
2011-04-21 14:00:00,382.31558
2011-04-21 15:00:00,376.89526
2011-04-21 16:00:00,337.10266
2011-04-21 17:00:00,330.6033
2011-04-21 18:00:00,382.99173
2011-04-21 19:00:00,330.65097
2011-04-21 20:00:00,228.01823
2011-04-21 21:00:00,166.8982
2011-04-21 22:00:00,226.57318
2011-04-21 23:00:00,248.09271
2011-04-22 00:00:00,88.61546
2011-04-22 01:00:00,122.60899
2011-04-22 02:00:00,200.0594
2011-04-22 03:00:00,200.0594
2011-04-22 04:00:00,182.52254
2011-04-22 05:00:00,133.67812
2011-04-22 06:00:00,182.52254
2011-04-22 07:00:00,119.98058
2011-04-22 08:00:00,95.12431
2011-04-22 09:00:00,52.75015
2011-04-22 10:00:00,100.97321
2011-04-22 11:00:00,122.444336
2011-04-22 12:00:00,96.576965
2011-04-22 13:00:00,71.96304
2011-04-22 14:00:00,68.70007
2011-04-22 15:00:00,71.96304
2011-04-22 16:00:00,99.59197
2011-04-22 17:00:00,63.274574
2011-04-22 18:00:00,63.274574
2011-04-22 19:00:00,63.274574
2011-04-22 20:00:00,60.14354
2011-04-22 21:00:00,65.107864
2011-04-22 22:00:00,78.93519
2011-04-22 23:00:00,105.17885
2011-04-23 00:00:00,37.247604
2011-04-23 01:00:00,37.247604
2011-04-23 02:00:00,45.82186
2011-04-23 03:00:00,40.14372
2011-04-23 04:00:00,53.654747
2011-04-23 05:00:00,53.654747
2011-04-23 06:00:00,44.244347
2011-04-23 07:00:00,50.47865
2011-04-23 08:00:00,44.627136
2011-04-23 09:00:00,71.232285
2011-04-23 10:00:00,57.65648
2011-04-23 11:00:00,69.231705
2011-04-23 12:00:00,118.50911
2011-04-23 13:00:00,113.40656
2011-04-23 14:00:00,149.90193
2011-04-23 15:00:00,324.02994
2011-04-23 16:00:00,387.26736
2011-04-23 17:00:00,425.90128
2011-04-23 18:00:00,134.91302
2011-04-23 19:00:00,125.709175
2011-04-23 20:00:00,111.65247
2011-04-23 21:00:00,146.94019
2011-04-23 22:00:00,313.6668
2011-04-23 23:00:00,109.16754
2011-04-24 00:00:00,110.87094
2011-04-24 01:00:00,80.18561
2011-04-24 02:00:00,80.18561
2011-04-24 03:00:00,33.911682
2011-04-24 04:00:00,33.911682
2011-04-24 05:00:00,33.911682
2011-04-24 06:00:00,34.915443
2011-04-24 07:00:00,34.915443
2011-04-24 08:00:00,75.13983
2011-04-24 09:00:00,125.37249
2011-04-24 10:00:00,133.23973
2011-04-24 11:00:00,209.2616
2011-04-24 12:00:00,341.30585
2011-04-24 13:00:00,366.51938
2011-04-24 14:00:00,444.61542
2011-04-24 15:00:00,369.42795
2011-04-24 16:00:00,572.12915
2011-04-24 17:00:00,460.73224
2011-04-24 18:00:00,156.59758
2011-04-24 19:00:00,237.81165
2011-04-24 20:00:00,237.81165
2011-04-24 21:00:00,152.70407
2011-04-24 22:00:00,131.29077
2011-04-24 23:00:00,192.84776
2011-04-25 00:00:00,202.5092
2011-04-25 01:00:00,36.351192
2011-04-25 02:00:00,36.351192
2011-04-25 03:00:00,78.457794
2011-04-25 04:00:00,118.42911
2011-04-25 05:00:00,44.910843
2011-04-25 06:00:00,85.409904
2011-04-25 07:00:00,91.04586
2011-04-25 08:00:00,58.431026
2011-04-25 09:00:00,88.11198
2011-04-25 10:00:00,318.26306
2011-04-25 11:00:00,318.26306
2011-04-25 12:00:00,317.5007
2011-04-25 13:00:00,410.80933
2011-04-25 14:00:00,497.2055
2011-04-25 15:00:00,544.37524
2011-04-25 16:00:00,455.52228
2011-04-25 17:00:00,543.20966
2011-04-25 18:00:00,427.34296
2011-04-25 19:00:00,395.65506
2011-04-25 20:00:00,374.5263
2011-04-25 21:00:00,275.9767
2011-04-25 22:00:00,164.44917
2011-04-25 23:00:00,320.60596
2011-04-26 00:00:00,253.75429
2011-04-26 01:00:00,210.68289
2011-04-26 02:00:00,266.24835
2011-04-26 03:00:00,212.31104
2011-04-26 04:00:00,256.9052
2011-04-26 05:00:00,152.83354
2011-04-26 06:00:00,110.83173
2011-04-26 07:00:00,303.4156
2011-04-26 08:00:00,303.41556
2011-04-26 09:00:00,194.62556
2011-04-26 10:00:00,298.34262
2011-04-26 11:00:00,380.1894
2011-04-26 12:00:00,434.14
2011-04-26 13:00:00,340.53854
2011-04-26 14:00:00,575.6555
2011-04-26 15:00:00,479.81912
2011-04-26 16:00:00,450.7283
2011-04-26 17:00:00,421.77335
2011-04-26 18:00:00,373.72394
2011-04-26 19:00:00,197.8895
2011-04-26 20:00:00,194.62556
2011-04-26 21:00:00,276.9949
2011-04-26 22:00:00,173.59715
2011-04-26 23:00:00,162.843
2011-04-27 00:00:00,256.0901
2011-04-27 01:00:00,301.47253
2011-04-27 02:00:00,191.07368
2011-04-27 03:00:00,249.41107
2011-04-27 04:00:00,75.96636
2011-04-27 05:00:00,219.99211
2011-04-27 06:00:00,97.7159
2011-04-27 07:00:00,249.41107
2011-04-27 08:00:00,234.4337
2011-04-27 09:00:00,244.64423
2011-04-27 10:00:00,158.90399
2011-04-27 11:00:00,175.15851
2011-04-27 12:00:00,282.2539
2011-04-27 13:00:00,302.54407
2011-04-27 14:00:00,363.54218
2011-04-27 15:00:00,377.00473
2011-04-27 16:00:00,400.66473
2011-04-27 17:00:00,178.46454
2011-04-27 18:00:00,178.46454
2011-04-27 19:00:00,276.9949
2011-04-27 20:00:00,370.6436
2011-04-27 21:00:00,291.0199
2011-04-27 22:00:00,306.7603
2011-04-27 23:00:00,286.35904
2011-04-28 00:00:00,256.45425
2011-04-28 01:00:00,151.58334
2011-04-28 02:00:00,176.08838
2011-04-28 03:00:00,163.22884
2011-04-28 04:00:00,165.91806
2011-04-28 05:00:00,151.58334
2011-04-28 06:00:00,179.71022
2011-04-28 07:00:00,175.77362
2011-04-28 08:00:00,184.7314
2011-04-28 09:00:00,156.0386
2011-04-28 10:00:00,324.62967
2011-04-28 11:00:00,158.90399
2011-04-28 12:00:00,169.33157
2011-04-28 13:00:00,156.25987
2011-04-28 14:00:00,337.69922
2011-04-28 15:00:00,323.6169
2011-04-28 16:00:00,256.51752
2011-04-28 17:00:00,316.67868
2011-04-28 18:00:00,316.67868
2011-04-28 19:00:00,286.69128
2011-04-28 20:00:00,266.16583
2011-04-28 21:00:00,250.24808
2011-04-28 22:00:00,219.06413
2011-04-28 23:00:00,268.56995
2011-04-29 00:00:00,268.46677
2011-04-29 01:00:00,262.43515
2011-04-29 02:00:00,142.53958
2011-04-29 03:00:00,133.10226
2011-04-29 04:00:00,205.75206
2011-04-29 05:00:00,238.70738
2011-04-29 06:00:00,238.70618
2011-04-29 07:00:00,231.74731
2011-04-29 08:00:00,298.7912
2011-04-29 09:00:00,329.64334
2011-04-29 10:00:00,287.78607
2011-04-29 11:00:00,333.66537
2011-04-29 12:00:00,340.97382
2011-04-29 13:00:00,342.61618
2011-04-29 14:00:00,368.8235
2011-04-29 15:00:00,235.11456
2011-04-29 16:00:00,254.43678
2011-04-29 17:00:00,248.94788
2011-04-29 18:00:00,268.21588
2011-04-29 19:00:00,148.13065
2011-04-29 20:00:00,186.4888
2011-04-29 21:00:00,175.2568
2011-04-29 22:00:00,107.741554
2011-04-29 23:00:00,126.467064
2011-04-30 00:00:00,163.9498
2011-04-30 01:00:00,167.33849
2011-04-30 02:00:00,163.89532
2011-04-30 03:00:00,135.65457
2011-04-30 04:00:00,141.59291
2011-04-30 05:00:00,140.96
2011-04-30 06:00:00,195.79593
2011-04-30 07:00:00,124.40094
2011-04-30 08:00:00,276.85983
2011-04-30 09:00:00,152.9771
2011-04-30 10:00:00,211.08284
2011-04-30 11:00:00,269.12732
2011-04-30 12:00:00,269.02768
2011-04-30 13:00:00,364.00488
2011-04-30 14:00:00,336.35596
2011-04-30 15:00:00,359.45016
2011-04-30 16:00:00,453.26062
2011-04-30 17:00:00,284.77966
2011-04-30 18:00:00,238.27716
2011-04-30 19:00:00,238.27716
2011-04-30 20:00:00,89.69084
2011-04-30 21:00:00,89.69084
2011-04-30 22:00:00,93.879265
2011-04-30 23:00:00,93.879265
2011-05-20 00:00:00,60.895573
2011-05-20 01:00:00,34.665657
2011-05-20 02:00:00,88.41214
2011-05-20 03:00:00,37.07829
2011-05-20 04:00:00,79.36319
2011-05-20 05:00:00,54.31246
2011-05-20 06:00:00,29.500505
2011-05-20 07:00:00,98.13976
2011-05-20 08:00:00,253.69293
2011-05-20 09:00:00,145.58997
2011-05-20 10:00:00,211.7301
2011-05-20 11:00:00,239.21165
2011-05-20 12:00:00,216.97685
2011-05-20 13:00:00,279.34802
2011-05-20 14:00:00,244.30304
2011-05-20 15:00:00,263.55927
2011-05-20 16:00:00,277.61288
2011-05-20 17:00:00,214.41606
2011-05-20 18:00:00,205.64857
2011-05-20 19:00:00,220.24268
2011-05-20 20:00:00,241.58868
2011-05-20 21:00:00,202.11575
2011-05-20 22:00:00,282.60052
2011-05-20 23:00:00,187.33429
2011-05-21 00:00:00,113.35281
2011-05-21 01:00:00,61.353275
2011-05-21 02:00:00,123.172264
2011-05-21 03:00:00,80.41484
2011-05-21 04:00:00,72.87239
2011-05-21 05:00:00,37.70197
2011-05-21 06:00:00,102.27488
2011-05-21 07:00:00,125.28144
2011-05-21 08:00:00,353.59814
2011-05-21 09:00:00,288.41684
2011-05-21 10:00:00,256.73376
2011-05-21 11:00:00,313.18652
2011-05-21 12:00:00,394.15823
2011-05-21 13:00:00,573.11633
2011-05-21 14:00:00,588.8964
2011-05-21 15:00:00,445.67023
2011-05-21 16:00:00,388.00842
2011-05-21 17:00:00,360.43134
2011-05-21 18:00:00,311.46786
2011-05-21 19:00:00,366.50803
2011-05-21 20:00:00,243.28166
2011-05-21 21:00:00,256.73376
2011-05-21 22:00:00,134.2354
2011-05-21 23:00:00,94.15856
2011-05-22 00:00:00,103.10111
2011-05-22 01:00:00,58.544136
2011-05-22 02:00:00,37.11596
2011-05-22 03:00:00,35.604557
2011-05-22 04:00:00,38.38977
2011-05-22 05:00:00,35.604557
2011-05-22 06:00:00,37.11596
2011-05-22 07:00:00,88.53965
2011-05-22 08:00:00,90.073006
2011-05-22 09:00:00,140.71844
2011-05-22 10:00:00,190.82019
2011-05-22 11:00:00,257.50027
2011-05-22 12:00:00,303.22168
2011-05-22 13:00:00,273.14777
2011-05-22 14:00:00,140.85486
2011-05-22 15:00:00,252.50322
2011-05-22 16:00:00,261.59988
2011-05-22 17:00:00,307.7926
2011-05-22 18:00:00,335.97473
2011-05-22 19:00:00,241.2575
2011-05-22 20:00:00,178.8666
2011-05-22 21:00:00,170.26306
2011-05-22 22:00:00,128.5574
2011-05-22 23:00:00,134.05498
2011-05-23 00:00:00,153.87296
2011-05-23 01:00:00,58.431026
2011-05-23 02:00:00,132.77678
2011-05-23 03:00:00,192.26749
2011-05-23 04:00:00,230.84752
2011-05-23 05:00:00,230.84752
2011-05-23 06:00:00,153.34917
2011-05-23 07:00:00,127.0563
2011-05-23 08:00:00,117.69202
2011-05-23 09:00:00,151.83899
2011-05-23 10:00:00,293.54202
2011-05-23 11:00:00,344.29147
2011-05-23 12:00:00,344.29147
2011-05-23 13:00:00,361.94946
2011-05-23 14:00:00,293.15656
2011-05-23 15:00:00,347.54062
2011-05-23 16:00:00,273.54614
2011-05-23 17:00:00,281.39044
2011-05-23 18:00:00,421.4014
2011-05-23 19:00:00,443.40952
2011-05-23 20:00:00,342.70532
2011-05-23 21:00:00,189.42519
2011-05-23 22:00:00,106.862656
2011-05-23 23:00:00,379.84875
2011-05-24 00:00:00,276.3314
2011-05-24 01:00:00,174.78621
2011-05-24 02:00:00,276.3314
2011-05-24 03:00:00,147.6894
2011-05-24 04:00:00,57.690838
2011-05-24 05:00:00,235.77344
2011-05-24 06:00:00,284.92093
2011-05-24 07:00:00,182.67741
2011-05-24 08:00:00,171.23088
2011-05-24 09:00:00,230.80151
2011-05-24 10:00:00,492.41873
2011-05-24 11:00:00,544.37524
2011-05-24 12:00:00,402.752
2011-05-24 13:00:00,429.9941
2011-05-24 14:00:00,410.9146
2011-05-24 15:00:00,255.81972
2011-05-24 16:00:00,414.52792
2011-05-24 17:00:00,371.8182
2011-05-24 18:00:00,458.1251
2011-05-24 19:00:00,359.83643
2011-05-24 20:00:00,200.10489
2011-05-24 21:00:00,180.18921
2011-05-24 22:00:00,152.17578
2011-05-24 23:00:00,163.94673
2011-05-25 00:00:00,162.36884
2011-05-25 01:00:00,119.79257
2011-05-25 02:00:00,265.09146
2011-05-25 03:00:00,20.03567
2011-05-25 04:00:00,26.961327
2011-05-25 05:00:00,58.382942
2011-05-25 06:00:00,46.387745
2011-05-25 07:00:00,179.86526
2011-05-25 08:00:00,338.14655
2011-05-25 09:00:00,297.52594
2011-05-25 10:00:00,343.43
2011-05-25 11:00:00,394.36005
2011-05-25 12:00:00,418.00964
2011-05-25 13:00:00,418.00964
2011-05-25 14:00:00,421.6461
2011-05-25 15:00:00,565.3354
2011-05-25 16:00:00,592.9966
2011-05-25 17:00:00,544.37524
2011-05-25 18:00:00,464.80038
2011-05-25 19:00:00,394.12955
2011-05-25 20:00:00,365.70547
2011-05-25 21:00:00,318.06653
2011-05-25 22:00:00,381.60114
2011-05-25 23:00:00,173.22847
2011-05-26 00:00:00,173.22844
2011-05-26 01:00:00,173.22844
2011-05-26 02:00:00,117.15186
2011-05-26 03:00:00,71.46871
2011-05-26 04:00:00,267.71216
2011-05-26 05:00:00,199.04886
2011-05-26 06:00:00,143.19916
2011-05-26 07:00:00,325.70688
2011-05-26 08:00:00,170.5638
2011-05-26 09:00:00,402.21603
2011-05-26 10:00:00,421.4014
2011-05-26 11:00:00,456.60294
2011-05-26 12:00:00,658.62054
2011-05-26 13:00:00,386.75922
2011-05-26 14:00:00,386.75922
2011-05-26 15:00:00,316.67355
2011-05-26 16:00:00,354.2697
2011-05-26 17:00:00,380.42392
2011-05-26 18:00:00,371.82626
2011-05-26 19:00:00,391.24103
2011-05-26 20:00:00,372.2584
2011-05-26 21:00:00,347.61395
2011-05-26 22:00:00,378.7496
2011-05-26 23:00:00,405.11844
2011-05-27 00:00:00,416.49582
2011-05-27 01:00:00,515.7363
2011-05-27 02:00:00,369.1268
2011-05-27 03:00:00,284.0308
2011-05-27 04:00:00,279.94772
2011-05-27 05:00:00,321.9862
2011-05-27 06:00:00,227.37971
2011-05-27 07:00:00,230.99663
2011-05-27 08:00:00,294.04483
2011-05-27 09:00:00,460.17972
2011-05-27 10:00:00,443.27646
2011-05-27 11:00:00,337.05762
2011-05-27 12:00:00,322.9891
2011-05-27 13:00:00,441.62442
2011-05-27 14:00:00,632.00885
2011-05-27 15:00:00,433.86157
2011-05-27 16:00:00,383.6939
2011-05-27 17:00:00,533.6944
2011-05-27 18:00:00,273.54614
2011-05-27 19:00:00,181.11942
2011-05-27 20:00:00,200.70343
2011-05-27 21:00:00,96.59894
2011-05-27 22:00:00,139.05939
2011-05-27 23:00:00,77.502106
2011-05-28 00:00:00,119.60975
2011-05-28 01:00:00,121.88098
2011-05-28 02:00:00,82.65798
2011-05-28 03:00:00,116.9617
2011-05-28 04:00:00,125.37249
2011-05-28 05:00:00,116.9617
2011-05-28 06:00:00,134.71945
2011-05-28 07:00:00,146.47423
2011-05-28 08:00:00,139.30365
2011-05-28 09:00:00,358.20825
2011-05-28 10:00:00,284.8364
2011-05-28 11:00:00,284.8364
2011-05-28 12:00:00,305.24515
2011-05-28 13:00:00,270.65076
2011-05-28 14:00:00,280.1757
2011-05-28 15:00:00,295.2632
2011-05-28 16:00:00,363.97452
2011-05-28 17:00:00,388.00833
2011-05-28 18:00:00,298.9579
2011-05-28 19:00:00,230.8294
2011-05-28 20:00:00,284.8364
2011-05-28 21:00:00,516.1514
2011-05-28 22:00:00,220.18513
2011-05-28 23:00:00,129.97632
2011-05-29 00:00:00,132.20589
2011-05-29 01:00:00,135.6091
2011-05-29 02:00:00,94.2884
2011-05-29 03:00:00,94.2884
2011-05-29 04:00:00,87.47573
2011-05-29 05:00:00,94.12405
2011-05-29 06:00:00,144.24138
2011-05-29 07:00:00,155.17412
2011-05-29 08:00:00,144.87274
2011-05-29 09:00:00,136.71468
2011-05-29 10:00:00,219.0726
2011-05-29 11:00:00,306.75226
2011-05-29 12:00:00,239.6291
2011-05-29 13:00:00,383.10162
2011-05-29 14:00:00,363.67932
2011-05-29 15:00:00,387.78384
2011-05-29 16:00:00,363.67932
2011-05-29 17:00:00,363.67932
2011-05-29 18:00:00,461.79855
2011-05-29 19:00:00,348.69113
2011-05-29 20:00:00,214.29561
2011-05-29 21:00:00,121.02506
2011-05-29 22:00:00,105.968445
2011-05-29 23:00:00,142.36874
2011-05-30 00:00:00,69.44771
2011-05-30 01:00:00,39.21409
2011-05-30 02:00:00,69.44771
2011-05-30 03:00:00,69.44771
2011-05-30 04:00:00,45.133976
2011-05-30 05:00:00,84.28442
2011-05-30 06:00:00,106.12464
2011-05-30 07:00:00,118.99218
2011-05-30 08:00:00,140.07065
2011-05-30 09:00:00,164.65092
2011-05-30 10:00:00,364.2308
2011-05-30 11:00:00,487.32846
2011-05-30 12:00:00,518.64087
2011-05-30 13:00:00,489.87622
2011-05-30 14:00:00,510.18915
2011-05-30 15:00:00,554.6555
2011-05-30 16:00:00,599.8151
2011-05-30 17:00:00,527.2102
2011-05-30 18:00:00,564.83685
2011-05-30 19:00:00,239.12042
2011-05-30 20:00:00,308.0161
2011-05-30 21:00:00,292.65085
2011-05-30 22:00:00,181.24644
2011-05-30 23:00:00,79.89194
2011-05-31 00:00:00,248.35023
2011-05-31 01:00:00,153.27083
2011-05-31 02:00:00,214.10449
2011-05-31 03:00:00,362.66757
2011-05-31 04:00:00,169.0491
2011-05-31 05:00:00,169.0491
2011-05-31 06:00:00,229.07053
2011-05-31 07:00:00,348.1715
2011-05-31 08:00:00,440.6946
2011-05-31 09:00:00,467.01022
2011-05-31 10:00:00,473.0724
2011-05-31 11:00:00,221.76497
2011-05-31 12:00:00,196.06792
2011-05-31 13:00:00,225.12495
2011-05-31 14:00:00,198.1314
2011-05-31 15:00:00,253.62393
2011-05-31 16:00:00,202.64824
2011-05-31 17:00:00,279.06393
2011-05-31 18:00:00,303.1697
2011-05-31 19:00:00,380.37402
2011-05-31 20:00:00,380.37402
2011-05-31 21:00:00,363.29767
2011-05-31 22:00:00,407.91357
2011-05-31 23:00:00,245.7047
2011-06-20 00:00:00,207.17448
2011-06-20 01:00:00,96.15058
2011-06-20 02:00:00,96.15058
2011-06-20 03:00:00,143.54182
2011-06-20 04:00:00,134.3503
2011-06-20 05:00:00,97.65196
2011-06-20 06:00:00,103.78747
2011-06-20 07:00:00,126.22372
2011-06-20 08:00:00,115.411766
2011-06-20 09:00:00,154.63887
2011-06-20 10:00:00,154.63887
2011-06-20 11:00:00,177.53311
2011-06-20 12:00:00,260.928
2011-06-20 13:00:00,293.8573
2011-06-20 14:00:00,351.07745
2011-06-20 15:00:00,347.15308
2011-06-20 16:00:00,347.9304
2011-06-20 17:00:00,211.68394
2011-06-20 18:00:00,455.3143
2011-06-20 19:00:00,363.65875
2011-06-20 20:00:00,385.279
2011-06-20 21:00:00,230.99648
2011-06-20 22:00:00,220.08748
2011-06-20 23:00:00,256.51752
2011-06-21 00:00:00,117.5407
2011-06-21 01:00:00,146.8466
2011-06-21 02:00:00,124.27548
2011-06-21 03:00:00,124.27548
2011-06-21 04:00:00,145.93605
2011-06-21 05:00:00,145.99577
2011-06-21 06:00:00,145.99577
2011-06-21 07:00:00,114.619125
2011-06-21 08:00:00,160.22318
2011-06-21 09:00:00,236.29807
2011-06-21 10:00:00,157.62283
2011-06-21 11:00:00,111.09815
2011-06-21 12:00:00,223.2191
2011-06-21 13:00:00,275.83792
2011-06-21 14:00:00,370.64743
2011-06-21 15:00:00,400.27722
2011-06-21 16:00:00,365.2555
2011-06-21 17:00:00,354.00708
2011-06-21 18:00:00,287.26608
2011-06-21 19:00:00,273.12646
2011-06-21 20:00:00,358.47812
2011-06-21 21:00:00,227.81616
2011-06-21 22:00:00,119.882355
2011-06-21 23:00:00,199.25578
2011-06-22 00:00:00,93.80583
2011-06-22 01:00:00,104.42977
2011-06-22 02:00:00,92.370346
2011-06-22 03:00:00,104.42977
2011-06-22 04:00:00,59.006798
2011-06-22 05:00:00,51.024445
2011-06-22 06:00:00,66.17491
2011-06-22 07:00:00,91.46496
2011-06-22 08:00:00,214.55908
2011-06-22 09:00:00,197.96832
2011-06-22 10:00:00,338.00256
2011-06-22 11:00:00,252.58994
2011-06-22 12:00:00,285.2273
2011-06-22 13:00:00,335.333
2011-06-22 14:00:00,424.6797
2011-06-22 15:00:00,362.82507
2011-06-22 16:00:00,359.7393
2011-06-22 17:00:00,411.3989
2011-06-22 18:00:00,307.33694
2011-06-22 19:00:00,349.62164
2011-06-22 20:00:00,244.6084
2011-06-22 21:00:00,238.47455
2011-06-22 22:00:00,292.79343
2011-06-22 23:00:00,277.8464
2011-06-23 00:00:00,212.34738
2011-06-23 01:00:00,250.26846
2011-06-23 02:00:00,250.26846
2011-06-23 03:00:00,288.20233
2011-06-23 04:00:00,283.90823
2011-06-23 05:00:00,236.84927
2011-06-23 06:00:00,236.84927
2011-06-23 07:00:00,260.66864
2011-06-23 08:00:00,283.19513
2011-06-23 09:00:00,271.1668
2011-06-23 10:00:00,306.52457
2011-06-23 11:00:00,391.0407
2011-06-23 12:00:00,293.84946
2011-06-23 13:00:00,290.23694
2011-06-23 14:00:00,288.33923
2011-06-23 15:00:00,379.5508
2011-06-23 16:00:00,281.2621
2011-06-23 17:00:00,264.79044
2011-06-23 18:00:00,293.3579
2011-06-23 19:00:00,340.12085
2011-06-23 20:00:00,229.18408
2011-06-23 21:00:00,214.16931
2011-06-23 22:00:00,267.40134
2011-06-23 23:00:00,331.48996
2011-06-24 00:00:00,110.49173
2011-06-24 01:00:00,221.6416
2011-06-24 02:00:00,221.6416
2011-06-24 03:00:00,111.09815
2011-06-24 04:00:00,85.44203
2011-06-24 05:00:00,89.99344
2011-06-24 06:00:00,95.449265
2011-06-24 07:00:00,165.77245
2011-06-24 08:00:00,229.18408
2011-06-24 09:00:00,284.28897
2011-06-24 10:00:00,296.74197
2011-06-24 11:00:00,287.1337
2011-06-24 12:00:00,296.06418
2011-06-24 13:00:00,353.42365
2011-06-24 14:00:00,308.4078
2011-06-24 15:00:00,227.57326
2011-06-24 16:00:00,236.55614
2011-06-24 17:00:00,358.5381
2011-06-24 18:00:00,340.5967
2011-06-24 19:00:00,464.25137
2011-06-24 20:00:00,320.42798
2011-06-24 21:00:00,221.82056
2011-06-24 22:00:00,217.38298
2011-06-24 23:00:00,202.4593
2011-06-25 00:00:00,410.2067
2011-06-25 01:00:00,345.48312
2011-06-25 02:00:00,270.4068
2011-06-25 03:00:00,263.6564
2011-06-25 04:00:00,263.6564
2011-06-25 05:00:00,181.41756
2011-06-25 06:00:00,289.48486
2011-06-25 07:00:00,326.4415
2011-06-25 08:00:00,351.33984
2011-06-25 09:00:00,394.214
2011-06-25 10:00:00,433.87476
2011-06-25 11:00:00,519.5437
2011-06-25 12:00:00,548.024
2011-06-25 13:00:00,548.024
2011-06-25 14:00:00,441.69733
2011-06-25 15:00:00,421.64203
2011-06-25 16:00:00,497.36667
2011-06-25 17:00:00,499.16107
2011-06-25 18:00:00,394.214
2011-06-25 19:00:00,358.32602
2011-06-25 20:00:00,368.29626
2011-06-25 21:00:00,324.277
2011-06-25 22:00:00,394.14673
2011-06-25 23:00:00,349.88678
2011-06-26 00:00:00,217.68571
2011-06-26 01:00:00,280.9719
2011-06-26 02:00:00,228.87772
2011-06-26 03:00:00,174.52626
2011-06-26 04:00:00,179.51175
2011-06-26 05:00:00,161.99739
2011-06-26 06:00:00,161.99739
2011-06-26 07:00:00,189.59889
2011-06-26 08:00:00,205.06355
2011-06-26 09:00:00,239.96564
2011-06-26 10:00:00,342.51968
2011-06-26 11:00:00,448.2244
2011-06-26 12:00:00,518.5468
2011-06-26 13:00:00,557.6891
2011-06-26 14:00:00,483.69028
2011-06-26 15:00:00,557.6891
2011-06-26 16:00:00,505.372
2011-06-26 17:00:00,480.54797
2011-06-26 18:00:00,431.21036
2011-06-26 19:00:00,261.53354
2011-06-26 20:00:00,214.94135
2011-06-26 21:00:00,213.38853
2011-06-26 22:00:00,293.06958
2011-06-26 23:00:00,248.91345
2011-06-27 00:00:00,236.0422
2011-06-27 01:00:00,170.21895
2011-06-27 02:00:00,148.00896
2011-06-27 03:00:00,148.00896
2011-06-27 04:00:00,150.65092
2011-06-27 05:00:00,169.39584
2011-06-27 06:00:00,226.29042
2011-06-27 07:00:00,265.2992
2011-06-27 08:00:00,158.55437
2011-06-27 09:00:00,393.14764
2011-06-27 10:00:00,243.36597
2011-06-27 11:00:00,325.35526
2011-06-27 12:00:00,393.14764
2011-06-27 13:00:00,279.95364
2011-06-27 14:00:00,213.55173
2011-06-27 15:00:00,398.8145
2011-06-27 16:00:00,229.05136
2011-06-27 17:00:00,254.46571
2011-06-27 18:00:00,165.69722
2011-06-27 19:00:00,271.93558
2011-06-27 20:00:00,226.8393
2011-06-27 21:00:00,140.08568
2011-06-27 22:00:00,109.136536
2011-06-27 23:00:00,109.136536
2011-06-28 00:00:00,217.27559
2011-06-28 01:00:00,97.21075
2011-06-28 02:00:00,224.19742
2011-06-28 03:00:00,224.19742
2011-06-28 04:00:00,97.21075
2011-06-28 05:00:00,92.370346
2011-06-28 06:00:00,111.09815
2011-06-28 07:00:00,129.9604
2011-06-28 08:00:00,142.74005
2011-06-28 09:00:00,110.99176
2011-06-28 10:00:00,341.33145
2011-06-28 11:00:00,310.2453
2011-06-28 12:00:00,297.24695
2011-06-28 13:00:00,331.9531
2011-06-28 14:00:00,290.16452
2011-06-28 15:00:00,374.26758
2011-06-28 16:00:00,301.05728
2011-06-28 17:00:00,343.97644
2011-06-28 18:00:00,329.67004
2011-06-28 19:00:00,322.82422
2011-06-28 20:00:00,126.04615
2011-06-28 21:00:00,416.38232
2011-06-28 22:00:00,336.79074
2011-06-28 23:00:00,342.48688
2011-06-29 00:00:00,215.06093
2011-06-29 01:00:00,161.0724
2011-06-29 02:00:00,132.48434
2011-06-29 03:00:00,194.99593
2011-06-29 04:00:00,88.54577
2011-06-29 05:00:00,112.46397
2011-06-29 06:00:00,259.1299
2011-06-29 07:00:00,356.88992
2011-06-29 08:00:00,330.46683
2011-06-29 09:00:00,383.52655
2011-06-29 10:00:00,390.83978
2011-06-29 11:00:00,387.67963
2011-06-29 12:00:00,363.52206
2011-06-29 13:00:00,238.99716
2011-06-29 14:00:00,381.54135
2011-06-29 15:00:00,380.17783
2011-06-29 16:00:00,188.5773
2011-06-29 17:00:00,191.98575
2011-06-29 18:00:00,280.78113
2011-06-29 19:00:00,297.096
2011-06-29 20:00:00,370.6363
2011-06-29 21:00:00,446.49188
2011-06-29 22:00:00,447.62866
2011-06-29 23:00:00,313.77228
2011-06-30 00:00:00,213.25262
2011-06-30 01:00:00,206.03102
2011-06-30 02:00:00,223.93056
2011-06-30 03:00:00,222.77493
2011-06-30 04:00:00,251.90259
2011-06-30 05:00:00,239.06111
2011-06-30 06:00:00,241.2187
2011-06-30 07:00:00,241.50189
2011-06-30 08:00:00,378.15317
2011-06-30 09:00:00,462.01288
2011-06-30 10:00:00,470.62466
2011-06-30 11:00:00,406.31378
2011-06-30 12:00:00,361.18585
2011-06-30 13:00:00,387.62613
2011-06-30 14:00:00,389.42886
2011-06-30 15:00:00,369.32208
2011-06-30 16:00:00,370.04163
2011-06-30 17:00:00,256.72687
2011-06-30 18:00:00,368.82068
2011-06-30 19:00:00,391.52768
2011-06-30 20:00:00,391.52768
2011-06-30 21:00:00,405.18927
2011-06-30 22:00:00,361.81863
2011-06-30 23:00:00,207.17024
2011-07-20 00:00:00,86.67081
2011-07-20 01:00:00,77.71982
2011-07-20 02:00:00,77.71982
2011-07-20 03:00:00,86.67081
2011-07-20 04:00:00,71.19562
2011-07-20 05:00:00,85.744255
2011-07-20 06:00:00,131.07433
2011-07-20 07:00:00,251.40126
2011-07-20 08:00:00,88.643364
2011-07-20 09:00:00,241.7057
2011-07-20 10:00:00,125.43353
2011-07-20 11:00:00,230.9003
2011-07-20 12:00:00,182.77167
2011-07-20 13:00:00,271.81735
2011-07-20 14:00:00,240.46771
2011-07-20 15:00:00,236.40761
2011-07-20 16:00:00,214.06294
2011-07-20 17:00:00,292.73456
2011-07-20 18:00:00,280.66324
2011-07-20 19:00:00,333.7507
2011-07-20 20:00:00,335.93582
2011-07-20 21:00:00,325.0521
2011-07-20 22:00:00,324.75198
2011-07-20 23:00:00,332.79245
2011-07-21 00:00:00,288.35632
2011-07-21 01:00:00,291.54126
2011-07-21 02:00:00,291.54126
2011-07-21 03:00:00,324.64227
2011-07-21 04:00:00,311.27527
2011-07-21 05:00:00,311.27527
2011-07-21 06:00:00,311.27527
2011-07-21 07:00:00,320.71332
2011-07-21 08:00:00,310.0661
2011-07-21 09:00:00,296.45544
2011-07-21 10:00:00,316.90164
2011-07-21 11:00:00,385.3443
2011-07-21 12:00:00,267.10522
2011-07-21 13:00:00,282.81628
2011-07-21 14:00:00,218.54074
2011-07-21 15:00:00,258.3563
2011-07-21 16:00:00,284.09085
2011-07-21 17:00:00,288.46466
2011-07-21 18:00:00,281.13394
2011-07-21 19:00:00,335.6347
2011-07-21 20:00:00,365.39594
2011-07-21 21:00:00,338.40573
2011-07-21 22:00:00,320.2453
2011-07-21 23:00:00,314.34286
2011-07-22 00:00:00,314.57623
2011-07-22 01:00:00,147.00142
2011-07-22 02:00:00,249.09947
2011-07-22 03:00:00,258.71
2011-07-22 04:00:00,242.1396
2011-07-22 05:00:00,207.7014
2011-07-22 06:00:00,233.21341
2011-07-22 07:00:00,330.25293
2011-07-22 08:00:00,337.10007
2011-07-22 09:00:00,207.85818
2011-07-22 10:00:00,219.62648
2011-07-22 11:00:00,212.15048
2011-07-22 12:00:00,270.45633
2011-07-22 13:00:00,241.86472
2011-07-22 14:00:00,290.52408
2011-07-22 15:00:00,270.37527
2011-07-22 16:00:00,461.09924
2011-07-22 17:00:00,229.5861
2011-07-22 18:00:00,361.8746
2011-07-22 19:00:00,417.2763
2011-07-22 20:00:00,214.06294
2011-07-22 21:00:00,221.42815
2011-07-22 22:00:00,235.96057
2011-07-22 23:00:00,338.24777
2011-07-23 00:00:00,288.02814
2011-07-23 01:00:00,301.3671
2011-07-23 02:00:00,322.14047
2011-07-23 03:00:00,227.1874
2011-07-23 04:00:00,209.80464
2011-07-23 05:00:00,236.24794
2011-07-23 06:00:00,323.76248
2011-07-23 07:00:00,309.26407
2011-07-23 08:00:00,430.97464
2011-07-23 09:00:00,388.81714
2011-07-23 10:00:00,414.9941
2011-07-23 11:00:00,344.43207
2011-07-23 12:00:00,276.17682
2011-07-23 13:00:00,289.2734
2011-07-23 14:00:00,293.80414
2011-07-23 15:00:00,299.89404
2011-07-23 16:00:00,272.7813
2011-07-23 17:00:00,272.7813
2011-07-23 18:00:00,338.21475
2011-07-23 19:00:00,290.47943
2011-07-23 20:00:00,296.39813
2011-07-23 21:00:00,296.39813
2011-07-23 22:00:00,287.06427
2011-07-23 23:00:00,283.0911
2011-07-24 00:00:00,283.0911
2011-07-24 01:00:00,227.78798
2011-07-24 02:00:00,267.61356
2011-07-24 03:00:00,267.61356
2011-07-24 04:00:00,227.78798
2011-07-24 05:00:00,227.1874
2011-07-24 06:00:00,324.28842
2011-07-24 07:00:00,283.96674
2011-07-24 08:00:00,347.7646
2011-07-24 09:00:00,394.10617
2011-07-24 10:00:00,463.5
2011-07-24 11:00:00,391.3968
2011-07-24 12:00:00,333.60953
2011-07-24 13:00:00,437.97186
2011-07-24 14:00:00,429.37622
2011-07-24 15:00:00,398.39297
2011-07-24 16:00:00,398.39297
2011-07-24 17:00:00,305.80457
2011-07-24 18:00:00,345.4539
2011-07-24 19:00:00,393.40045
2011-07-24 20:00:00,388.81714
2011-07-24 21:00:00,268.9497
2011-07-24 22:00:00,201.82553
2011-07-24 23:00:00,293.29797
2011-07-25 00:00:00,289.14526
2011-07-25 01:00:00,310.4304
2011-07-25 02:00:00,326.57858
2011-07-25 03:00:00,104.041145
2011-07-25 04:00:00,92.59714
2011-07-25 05:00:00,92.59714
2011-07-25 06:00:00,310.94962
2011-07-25 07:00:00,265.86166
2011-07-25 08:00:00,274.07672
2011-07-25 09:00:00,126.95343
2011-07-25 10:00:00,182.77167
2011-07-25 11:00:00,313.2748
2011-07-25 12:00:00,313.2748
2011-07-25 13:00:00,271.3292
2011-07-25 14:00:00,292.79343
2011-07-25 15:00:00,309.93826
2011-07-25 16:00:00,116.63646
2011-07-25 17:00:00,90.292755
2011-07-25 18:00:00,221.57683
2011-07-25 19:00:00,241.7057
2011-07-25 20:00:00,229.11606
2011-07-25 21:00:00,77.71982
2011-07-25 22:00:00,77.71982
2011-07-25 23:00:00,85.12891
2011-07-26 00:00:00,119.88238
2011-07-26 01:00:00,119.88238
2011-07-26 02:00:00,117.43205
2011-07-26 03:00:00,124.06602
2011-07-26 04:00:00,112.88086
2011-07-26 05:00:00,96.25549
2011-07-26 06:00:00,122.47376
2011-07-26 07:00:00,378.02698
2011-07-26 08:00:00,362.36804
2011-07-26 09:00:00,363.79626
2011-07-26 10:00:00,373.9422
2011-07-26 11:00:00,316.40482
2011-07-26 12:00:00,326.13428
2011-07-26 13:00:00,292.41187
2011-07-26 14:00:00,322.66827
2011-07-26 15:00:00,220.8435
2011-07-26 16:00:00,314.99884
2011-07-26 17:00:00,228.65445
2011-07-26 18:00:00,272.86676
2011-07-26 19:00:00,270.50378
2011-07-26 20:00:00,342.61606
2011-07-26 21:00:00,372.22498
2011-07-26 22:00:00,271.39645
2011-07-26 23:00:00,234.11772
2011-07-27 00:00:00,258.38855
2011-07-27 01:00:00,410.74576
2011-07-27 02:00:00,327.12085
2011-07-27 03:00:00,264.74213
2011-07-27 04:00:00,370.82605
2011-07-27 05:00:00,377.88406
2011-07-27 06:00:00,356.88992
2011-07-27 07:00:00,429.98837
2011-07-27 08:00:00,424.4213
2011-07-27 09:00:00,363.52206
2011-07-27 10:00:00,381.96838
2011-07-27 11:00:00,315.7976
2011-07-27 12:00:00,313.56934
2011-07-27 13:00:00,201.01149
2011-07-27 14:00:00,352.9198
2011-07-27 15:00:00,328.47595
2011-07-27 16:00:00,352.604
2011-07-27 17:00:00,348.87836
2011-07-27 18:00:00,340.24213
2011-07-27 19:00:00,326.25272
2011-07-27 20:00:00,450.7679
2011-07-27 21:00:00,201.18153
2011-07-27 22:00:00,212.27094
2011-07-27 23:00:00,217.23895
2011-07-28 00:00:00,212.35493
2011-07-28 01:00:00,166.7997
2011-07-28 02:00:00,217.69556
2011-07-28 03:00:00,147.27884
2011-07-28 04:00:00,249.34256
2011-07-28 05:00:00,226.8393
2011-07-28 06:00:00,209.2745
2011-07-28 07:00:00,238.14886
2011-07-28 08:00:00,275.83792
2011-07-28 09:00:00,344.8627
2011-07-28 10:00:00,326.78918
2011-07-28 11:00:00,304.6489
2011-07-28 12:00:00,285.7227
2011-07-28 13:00:00,300.25537
2011-07-28 14:00:00,509.37555
2011-07-28 15:00:00,252.10919
2011-07-28 16:00:00,277.4904
2011-07-28 17:00:00,257.046
2011-07-28 18:00:00,263.58167
2011-07-28 19:00:00,327.48248
2011-07-28 20:00:00,338.24768
2011-07-28 21:00:00,471.87085
2011-07-28 22:00:00,355.47412
2011-07-28 23:00:00,255.31737
2011-07-29 00:00:00,238.47455
2011-07-29 01:00:00,223.00723
2011-07-29 02:00:00,104.041145
2011-07-29 03:00:00,104.041145
2011-07-29 04:00:00,122.847466
2011-07-29 05:00:00,91.7221
2011-07-29 06:00:00,245.42506
2011-07-29 07:00:00,326.57858
2011-07-29 08:00:00,265.6015
2011-07-29 09:00:00,300.25537
2011-07-29 10:00:00,293.02448
2011-07-29 11:00:00,293.07373
2011-07-29 12:00:00,265.9788
2011-07-29 13:00:00,359.8455
2011-07-29 14:00:00,297.4318
2011-07-29 15:00:00,282.4492
2011-07-29 16:00:00,263.01498
2011-07-29 17:00:00,261.63223
2011-07-29 18:00:00,239.91228
2011-07-29 19:00:00,314.69678
2011-07-29 20:00:00,230.9196
2011-07-29 21:00:00,302.92804
2011-07-29 22:00:00,320.90686
2011-07-29 23:00:00,227.46677
2011-07-30 00:00:00,291.36224
2011-07-30 01:00:00,271.79297
2011-07-30 02:00:00,273.96817
2011-07-30 03:00:00,227.25401
2011-07-30 04:00:00,194.27055
2011-07-30 05:00:00,207.76376
2011-07-30 06:00:00,211.46808
2011-07-30 07:00:00,228.00606
2011-07-30 08:00:00,278.56094
2011-07-30 09:00:00,472.02612
2011-07-30 10:00:00,491.40228
2011-07-30 11:00:00,383.85587
2011-07-30 12:00:00,362.74536
2011-07-30 13:00:00,328.35477
2011-07-30 14:00:00,301.70966
2011-07-30 15:00:00,288.25143
2011-07-30 16:00:00,385.46246
2011-07-30 17:00:00,271.57196
2011-07-30 18:00:00,381.2894
2011-07-30 19:00:00,525.66205
2011-07-30 20:00:00,397.04324
2011-07-30 21:00:00,384.28903
2011-07-30 22:00:00,308.49716
2011-07-30 23:00:00,271.79297
2011-07-31 00:00:00,271.79297
2011-07-31 01:00:00,212.63339
2011-07-31 02:00:00,193.10815
2011-07-31 03:00:00,201.55147
2011-07-31 04:00:00,196.21117
2011-07-31 05:00:00,196.48518
2011-07-31 06:00:00,199.82167
2011-07-31 07:00:00,244.90884
2011-07-31 08:00:00,290.07608
2011-07-31 09:00:00,349.9164
2011-07-31 10:00:00,366.60956
2011-07-31 11:00:00,363.2945
2011-07-31 12:00:00,360.11804
2011-07-31 13:00:00,312.74847
2011-07-31 14:00:00,327.93784
2011-07-31 15:00:00,375.01575
2011-07-31 16:00:00,356.84778
2011-07-31 17:00:00,302.4875
2011-07-31 18:00:00,444.99948
2011-07-31 19:00:00,362.3032
2011-07-31 20:00:00,362.3032
2011-07-31 21:00:00,306.15445
2011-07-31 22:00:00,224.48747
2011-07-31 23:00:00,231.15009
2011-08-20 00:00:00,50.062
2011-08-20 01:00:00,49.800568
2011-08-20 02:00:00,76.18129
2011-08-20 03:00:00,76.18129
2011-08-20 04:00:00,36.04267
2011-08-20 05:00:00,43.968822
2011-08-20 06:00:00,71.17416
2011-08-20 07:00:00,49.800583
2011-08-20 08:00:00,164.10944
2011-08-20 09:00:00,200.01965
2011-08-20 10:00:00,207.1304
2011-08-20 11:00:00,205.38474
2011-08-20 12:00:00,244.90884
2011-08-20 13:00:00,276.50928
2011-08-20 14:00:00,393.84097
2011-08-20 15:00:00,465.58023
2011-08-20 16:00:00,439.93704
2011-08-20 17:00:00,393.84097
2011-08-20 18:00:00,278.56018
2011-08-20 19:00:00,238.5962
2011-08-20 20:00:00,250.51634
2011-08-20 21:00:00,189.82486
2011-08-20 22:00:00,189.38057
2011-08-20 23:00:00,128.18724
2011-08-21 00:00:00,158.42307
2011-08-21 01:00:00,121.60668
2011-08-21 02:00:00,117.8726
2011-08-21 03:00:00,87.838715
2011-08-21 04:00:00,99.83001
2011-08-21 05:00:00,101.03875
2011-08-21 06:00:00,101.81398
2011-08-21 07:00:00,134.2374
2011-08-21 08:00:00,157.37115
2011-08-21 09:00:00,153.94684
2011-08-21 10:00:00,176.05307
2011-08-21 11:00:00,283.12704
2011-08-21 12:00:00,318.6157
2011-08-21 13:00:00,347.10797
2011-08-21 14:00:00,250.80957
2011-08-21 15:00:00,125.499115
2011-08-21 16:00:00,173.67056
2011-08-21 17:00:00,185.45912
2011-08-21 18:00:00,171.20071
2011-08-21 19:00:00,204.19124
2011-08-21 20:00:00,157.71341
2011-08-21 21:00:00,157.71341
2011-08-21 22:00:00,88.58524
2011-08-21 23:00:00,141.83476
2011-08-22 00:00:00,92.45374
2011-08-22 01:00:00,100.6301
2011-08-22 02:00:00,212.93925
2011-08-22 03:00:00,158.52907
2011-08-22 04:00:00,229.13722
2011-08-22 05:00:00,236.44148
2011-08-22 06:00:00,265.73764
2011-08-22 07:00:00,257.49338
2011-08-22 08:00:00,257.49338
2011-08-22 09:00:00,360.05167
2011-08-22 10:00:00,330.46683
2011-08-22 11:00:00,378.49194
2011-08-22 12:00:00,359.20364
2011-08-22 13:00:00,473.2539
2011-08-22 14:00:00,355.1288
2011-08-22 15:00:00,325.06232
2011-08-22 16:00:00,355.1288
2011-08-22 17:00:00,350.00284
2011-08-22 18:00:00,397.2271
2011-08-22 19:00:00,399.31863
2011-08-22 20:00:00,456.93335
2011-08-22 21:00:00,453.5101
2011-08-22 22:00:00,432.1443
2011-08-22 23:00:00,421.96277
2011-08-23 00:00:00,330.4162
2011-08-23 01:00:00,236.01054
2011-08-23 02:00:00,233.42249
2011-08-23 03:00:00,207.21037
2011-08-23 04:00:00,226.309
2011-08-23 05:00:00,233.93068
2011-08-23 06:00:00,231.35657
2011-08-23 07:00:00,234.81207
2011-08-23 08:00:00,291.21136
2011-08-23 09:00:00,285.73444
2011-08-23 10:00:00,294.03403
2011-08-23 11:00:00,456.67773
2011-08-23 12:00:00,295.818
2011-08-23 13:00:00,376.2006
2011-08-23 14:00:00,364.496
2011-08-23 15:00:00,393.9222
2011-08-23 16:00:00,391.42715
2011-08-23 17:00:00,393.9222
2011-08-23 18:00:00,381.90994
2011-08-23 19:00:00,307.98514
2011-08-23 20:00:00,287.81024
2011-08-23 21:00:00,122.58086
2011-08-23 22:00:00,223.93056
2011-08-23 23:00:00,207.53737
2011-08-24 00:00:00,223.93056
2011-08-24 01:00:00,215.21481
2011-08-24 02:00:00,171.58733
2011-08-24 03:00:00,171.58733
2011-08-24 04:00:00,86.9982
2011-08-24 05:00:00,86.9982
2011-08-24 06:00:00,213.45273
2011-08-24 07:00:00,174.9638
2011-08-24 08:00:00,177.4409
2011-08-24 09:00:00,260.12808
2011-08-24 10:00:00,367.0937
2011-08-24 11:00:00,363.11096
2011-08-24 12:00:00,337.83023
2011-08-24 13:00:00,376.5738
2011-08-24 14:00:00,376.5738
2011-08-24 15:00:00,375.703
2011-08-24 16:00:00,326.56525
2011-08-24 17:00:00,309.3407
2011-08-24 18:00:00,366.98206
2011-08-24 19:00:00,366.98206
2011-08-24 20:00:00,413.53445
2011-08-24 21:00:00,295.75714
2011-08-24 22:00:00,292.00507
2011-08-24 23:00:00,297.27106
2011-08-25 00:00:00,311.9929
2011-08-25 01:00:00,256.78955
2011-08-25 02:00:00,256.78955
2011-08-25 03:00:00,228.16113
2011-08-25 04:00:00,204.0902
2011-08-25 05:00:00,330.1889
2011-08-25 06:00:00,221.6416
2011-08-25 07:00:00,228.3696
2011-08-25 08:00:00,262.64365
2011-08-25 09:00:00,271.81808
2011-08-25 10:00:00,282.06595
2011-08-25 11:00:00,210.49219
2011-08-25 12:00:00,210.49219
2011-08-25 13:00:00,119.88238
2011-08-25 14:00:00,278.45563
2011-08-25 15:00:00,291.35135
2011-08-25 16:00:00,91.7221
2011-08-25 17:00:00,91.7221
2011-08-25 18:00:00,309.66483
2011-08-25 19:00:00,195.22238
2011-08-25 20:00:00,237.59004
2011-08-25 21:00:00,113.94856
2011-08-25 22:00:00,54.067986
2011-08-25 23:00:00,103.82312
2011-08-26 00:00:00,100.17813
2011-08-26 01:00:00,54.067986
2011-08-26 02:00:00,100.60166
2011-08-26 03:00:00,94.65233
2011-08-26 04:00:00,47.565674
2011-08-26 05:00:00,118.68685
2011-08-26 06:00:00,47.565674
2011-08-26 07:00:00,59.006798
2011-08-26 08:00:00,88.54577
2011-08-26 09:00:00,98.03501
2011-08-26 10:00:00,256.1694
2011-08-26 11:00:00,367.60654
2011-08-26 12:00:00,279.71323
2011-08-26 13:00:00,255.4462
2011-08-26 14:00:00,172.05405
2011-08-26 15:00:00,291.89938
2011-08-26 16:00:00,267.78143
2011-08-26 17:00:00,315.13998
2011-08-26 18:00:00,271.3292
2011-08-26 19:00:00,167.61125
2011-08-26 20:00:00,155.58737
2011-08-26 21:00:00,197.96832
2011-08-26 22:00:00,167.61125
2011-08-26 23:00:00,85.128914
2011-08-27 00:00:00,145.96161
2011-08-27 01:00:00,120.14969
2011-08-27 02:00:00,117.912735
2011-08-27 03:00:00,107.37679
2011-08-27 04:00:00,107.37679
2011-08-27 05:00:00,128.962
2011-08-27 06:00:00,128.962
2011-08-27 07:00:00,160.59526
2011-08-27 08:00:00,113.204994
2011-08-27 09:00:00,203.6345
2011-08-27 10:00:00,274.79565
2011-08-27 11:00:00,344.95
2011-08-27 12:00:00,361.84467
2011-08-27 13:00:00,273.19174
2011-08-27 14:00:00,109.81922
2011-08-27 15:00:00,109.81922
2011-08-27 16:00:00,143.70535
2011-08-27 17:00:00,100.9887
2011-08-28 07:00:00,380.27426
2011-08-28 08:00:00,360.72928
2011-08-28 09:00:00,115.24965
2011-08-28 10:00:00,170.47444
2011-08-28 11:00:00,340.23727
2011-08-28 12:00:00,403.60077
2011-08-28 13:00:00,493.29752
2011-08-28 14:00:00,550.26337
2011-08-28 15:00:00,522.916
2011-08-28 16:00:00,563.4212
2011-08-28 17:00:00,548.5538
2011-08-28 18:00:00,499.16107
2011-08-28 19:00:00,342.51968
2011-08-28 20:00:00,432.02606
2011-08-28 21:00:00,186.25224
2011-08-28 22:00:00,117.21286
2011-08-28 23:00:00,108.63418
2011-08-29 00:00:00,96.93125
2011-08-29 01:00:00,160.24843
2011-08-29 02:00:00,164.75998
2011-08-29 03:00:00,160.24843
2011-08-29 04:00:00,167.8546
2011-08-29 05:00:00,102.65387
2011-08-29 06:00:00,102.65387
2011-08-29 07:00:00,242.29558
2011-08-29 08:00:00,249.61351
2011-08-29 09:00:00,274.43463
2011-08-29 10:00:00,336.82358
2011-08-29 11:00:00,232.921
2011-08-29 12:00:00,279.43427
2011-08-29 13:00:00,309.7502
2011-08-29 14:00:00,246.42747
2011-08-29 15:00:00,361.81863
2011-08-29 16:00:00,404.5028
2011-08-29 17:00:00,291.73782
2011-08-29 18:00:00,348.10724
2011-08-29 19:00:00,348.10724
2011-08-29 20:00:00,217.79878
2011-08-29 21:00:00,230.44933
2011-08-29 22:00:00,223.93056
2011-08-29 23:00:00,215.01868
2011-08-30 00:00:00,102.65387
2011-08-30 01:00:00,157.38095
2011-08-30 02:00:00,91.18152
2011-08-30 03:00:00,118.48184
2011-08-30 04:00:00,79.27584
2011-08-30 05:00:00,85.947784
2011-08-30 06:00:00,91.18152
2011-08-30 07:00:00,167.8546
2011-08-30 08:00:00,223.93056
2011-08-30 09:00:00,307.98514
2011-08-30 10:00:00,468.4301
2011-08-30 11:00:00,404.7792
2011-08-30 12:00:00,302.3709
2011-08-30 13:00:00,377.38672
2011-08-30 14:00:00,379.28802
2011-08-30 15:00:00,390.84558
2011-08-30 16:00:00,408.27808
2011-08-30 17:00:00,470.62466
2011-08-30 18:00:00,285.25525
2011-08-30 19:00:00,197.87418
2011-08-30 20:00:00,207.17024
2011-08-30 21:00:00,193.67302
2011-08-30 22:00:00,156.78117
2011-08-30 23:00:00,156.78117
2011-08-31 00:00:00,150.9378
2011-08-31 01:00:00,150.9378
2011-08-31 02:00:00,213.45276
2011-08-31 03:00:00,160.7155
2011-08-31 04:00:00,213.45276
2011-08-31 05:00:00,82.95721
2011-08-31 06:00:00,191.95302
2011-08-31 07:00:00,100.99805
2011-08-31 08:00:00,131.72499
2011-08-31 09:00:00,176.33278
2011-08-31 10:00:00,205.0815
2011-08-31 11:00:00,324.22342
2011-08-31 12:00:00,314.7464
2011-08-31 13:00:00,403.8047
2011-08-31 14:00:00,376.38437
2011-08-31 15:00:00,376.38437
2011-08-31 16:00:00,345.99973
2011-08-31 17:00:00,248.43152
2011-08-31 18:00:00,381.1804
2011-08-31 19:00:00,316.18607
2011-08-31 20:00:00,228.24489
2011-08-31 21:00:00,232.47867
2011-08-31 22:00:00,125.65685
2011-08-31 23:00:00,78.01867
2011-09-20 00:00:00,216.36711
2011-09-20 01:00:00,102.81987
2011-09-20 02:00:00,102.81987
2011-09-20 03:00:00,171.47426
2011-09-20 04:00:00,84.65749
2011-09-20 05:00:00,114.008255
2011-09-20 06:00:00,114.008255
2011-09-20 07:00:00,102.81987
2011-09-20 08:00:00,88.4904
2011-09-20 09:00:00,85.47677
2011-09-20 10:00:00,59.75362
2011-09-20 11:00:00,59.75362
2011-09-20 12:00:00,71.426346
2011-09-20 13:00:00,102.995636
2011-09-20 14:00:00,182.71059
2011-09-20 15:00:00,180.8541
2011-09-20 16:00:00,150.65092
2011-09-20 17:00:00,100.0216
2011-09-20 18:00:00,100.0216
2011-09-20 19:00:00,50.99818
2011-09-20 20:00:00,45.56805
2011-09-20 21:00:00,45.56807
2011-09-20 22:00:00,45.56807
2011-09-20 23:00:00,45.56807
2011-09-21 00:00:00,41.882904
2011-09-21 01:00:00,41.23693
2011-09-21 02:00:00,41.23693
2011-09-21 03:00:00,108.7247
2011-09-21 04:00:00,73.771454
2011-09-21 05:00:00,49.491985
2011-09-21 06:00:00,56.43196
2011-09-21 07:00:00,56.43196
2011-09-21 08:00:00,81.8511
2011-09-21 09:00:00,92.51292
2011-09-21 10:00:00,118.141594
2011-09-21 11:00:00,169.39584
2011-09-21 12:00:00,198.1691
2011-09-21 13:00:00,281.73575
2011-09-21 14:00:00,273.7368
2011-09-21 15:00:00,236.35597
2011-09-21 16:00:00,236.35597
2011-09-21 17:00:00,160.39206
2011-09-21 18:00:00,134.11424
2011-09-21 19:00:00,81.85313
2011-09-21 20:00:00,81.85313
2011-09-21 21:00:00,63.35087
2011-09-21 22:00:00,133.99544
2011-09-21 23:00:00,58.49595
2011-09-22 00:00:00,58.49595
2011-09-22 01:00:00,133.09647
2011-09-22 02:00:00,116.35966
2011-09-22 03:00:00,133.09645
2011-09-22 04:00:00,133.09645
2011-09-22 05:00:00,116.35966
2011-09-22 06:00:00,41.265297
2011-09-22 07:00:00,57.35574
2011-09-22 08:00:00,53.011738
2011-09-22 09:00:00,90.75458
2011-09-22 10:00:00,182.85608
2011-09-22 11:00:00,147.793
2011-09-22 12:00:00,215.9869
2011-09-22 13:00:00,190.22942
2011-09-22 14:00:00,165.77245
2011-09-22 15:00:00,289.29214
2011-09-22 16:00:00,243.02962
2011-09-22 17:00:00,224.12375
2011-09-22 18:00:00,167.47232
2011-09-22 19:00:00,197.87003
2011-09-22 20:00:00,105.79616
2011-09-22 21:00:00,197.87003
2011-09-22 22:00:00,88.00981
2011-09-22 23:00:00,133.99544
2011-09-23 00:00:00,191.64253
2011-09-23 01:00:00,59.587914
2011-09-23 02:00:00,75.004
2011-09-23 03:00:00,59.587914
2011-09-23 04:00:00,58.28163
2011-09-23 05:00:00,58.415203
2011-09-23 06:00:00,191.64253
2011-09-23 07:00:00,191.23177
2011-09-23 08:00:00,191.23177
2011-09-23 09:00:00,114.91288
2011-09-23 10:00:00,121.25427
2011-09-23 11:00:00,121.25426
2011-09-23 12:00:00,191.44595
2011-09-23 13:00:00,102.50218
2011-09-23 14:00:00,102.50218
2011-09-23 15:00:00,191.44594
2011-09-23 16:00:00,192.39087
2011-09-23 17:00:00,59.587914
2011-09-23 18:00:00,135.58202
2011-09-23 19:00:00,56.486435
2011-09-23 20:00:00,247.18748
2011-09-23 21:00:00,27.973667
2011-09-23 22:00:00,36.63227
2011-09-23 23:00:00,88.99987
2011-09-24 00:00:00,40.0793
2011-09-24 01:00:00,163.77637
2011-09-24 02:00:00,163.77637
2011-09-24 03:00:00,87.31233
2011-09-24 04:00:00,62.51536
2011-09-24 05:00:00,143.3906
2011-09-24 06:00:00,143.3906
2011-09-24 07:00:00,202.11424
2011-09-24 08:00:00,193.53589
2011-09-24 09:00:00,214.65181
2011-09-24 10:00:00,214.65181
2011-09-24 11:00:00,269.90933
2011-09-24 12:00:00,269.90933
2011-09-24 13:00:00,139.0378
2011-09-24 14:00:00,279.84607
2011-09-24 15:00:00,279.84607
2011-09-24 16:00:00,300.995
2011-09-24 17:00:00,246.52914
2011-09-24 18:00:00,198.05159
2011-09-24 19:00:00,141.99767
2011-09-24 20:00:00,139.5851
2011-09-24 21:00:00,132.72188
2011-09-24 22:00:00,175.41266
2011-09-24 23:00:00,214.65181
2011-09-25 00:00:00,179.67679
2011-09-25 01:00:00,218.83885
2011-09-25 02:00:00,272.31854
2011-09-25 03:00:00,272.31854
2011-09-25 04:00:00,138.21088
2011-09-25 05:00:00,132.53574
2011-09-25 06:00:00,218.83885
2011-09-25 07:00:00,161.9441
2011-09-25 08:00:00,175.41266
2011-09-25 09:00:00,165.58234
2011-09-25 10:00:00,165.58234
2011-09-25 11:00:00,262.56094
2011-09-25 12:00:00,461.83722
2011-09-25 13:00:00,515.1288
2011-09-25 14:00:00,461.83722
2011-09-25 15:00:00,461.83722
2011-09-25 16:00:00,342.2052
2011-09-25 17:00:00,200.5271
2011-09-25 18:00:00,200.5271
2011-09-25 19:00:00,147.18565
2011-09-25 20:00:00,147.08995
2011-09-25 21:00:00,99.87345
2011-09-25 22:00:00,122.605385
2011-09-25 23:00:00,183.80153
2011-09-26 00:00:00,58.415203
2011-09-26 01:00:00,241.14346
2011-09-26 02:00:00,241.14346
2011-09-26 03:00:00,58.415222
2011-09-26 04:00:00,191.64249
2011-09-26 05:00:00,64.04905
2011-09-26 06:00:00,191.64253
2011-09-26 07:00:00,58.415203
2011-09-26 08:00:00,58.415203
2011-09-26 09:00:00,233.28067
2011-09-26 10:00:00,233.28067
2011-09-26 11:00:00,268.26627
2011-09-26 12:00:00,336.74527
2011-09-26 13:00:00,313.7426
2011-09-26 14:00:00,448.24075
2011-09-26 15:00:00,486.44083
2011-09-26 16:00:00,480.16232
2011-09-26 17:00:00,457.74863
2011-09-26 18:00:00,219.00076
2011-09-26 19:00:00,250.4411
2011-09-26 20:00:00,115.57424
2011-09-26 21:00:00,115.57424
2011-09-26 22:00:00,56.486435
2011-09-26 23:00:00,56.486435
2011-09-27 00:00:00,56.486435
2011-09-27 01:00:00,56.03246
2011-09-27 02:00:00,99.27592
2011-09-27 03:00:00,58.415203
2011-09-27 04:00:00,191.76129
2011-09-27 05:00:00,191.76129
2011-09-27 06:00:00,211.1892
2011-09-27 07:00:00,211.1892
2011-09-27 08:00:00,249.51431
2011-09-27 09:00:00,227.80766
2011-09-27 10:00:00,200.59608
2011-09-27 11:00:00,274.69672
2011-09-27 12:00:00,272.60083
2011-09-27 13:00:00,285.66986
2011-09-27 14:00:00,276.1965
2011-09-27 15:00:00,296.35126
2011-09-27 16:00:00,289.84244
2011-09-27 17:00:00,241.08417
2011-09-27 18:00:00,202.77443
2011-09-27 19:00:00,256.9676
2011-09-27 20:00:00,204.08434
2011-09-27 21:00:00,250.75058
2011-09-27 22:00:00,192.0029
2011-09-27 23:00:00,192.0029
2011-09-28 00:00:00,276.12723
2011-09-28 01:00:00,276.12723
2011-09-28 02:00:00,144.49838
2011-09-28 03:00:00,186.34853
2011-09-28 04:00:00,276.12723
2011-09-28 05:00:00,60.78813
2011-09-28 06:00:00,150.94226
2011-09-28 07:00:00,150.94226
2011-09-28 08:00:00,178.07744
2011-09-28 09:00:00,178.07744
2011-09-28 10:00:00,58.415203
2011-09-28 11:00:00,268.27884
2011-09-28 12:00:00,359.47424
2011-09-28 13:00:00,335.38278
2011-09-28 14:00:00,437.18076
2011-09-28 15:00:00,457.74863
2011-09-28 16:00:00,429.9635
2011-09-28 17:00:00,399.03055
2011-09-28 18:00:00,326.9908
2011-09-28 19:00:00,326.9908
2011-09-28 20:00:00,221.87398
2011-09-28 21:00:00,221.75711
2011-09-28 22:00:00,192.0029
2011-09-28 23:00:00,61.255974
2011-09-29 00:00:00,38.66435
2011-09-29 01:00:00,115.782875
2011-09-29 02:00:00,115.782875
2011-09-29 03:00:00,156.70593
2011-09-29 04:00:00,224.80692
2011-09-29 05:00:00,227.61537
2011-09-29 06:00:00,218.5663
2011-09-29 07:00:00,143.11829
2011-09-29 08:00:00,250.75058
2011-09-29 09:00:00,266.15454
2011-09-29 10:00:00,399.44427
2011-09-29 11:00:00,352.30276
2011-09-29 12:00:00,435.81885
2011-09-29 13:00:00,373.69107
2011-09-29 14:00:00,379.5634
2011-09-29 15:00:00,433.3397
2011-09-29 16:00:00,459.72986
2011-09-29 17:00:00,399.40582
2011-09-29 18:00:00,537.9927
2011-09-29 19:00:00,230.78662
2011-09-29 20:00:00,253.4683
2011-09-29 21:00:00,426.1023
2011-09-29 22:00:00,485.0399
2011-09-29 23:00:00,278.9028
2011-09-30 00:00:00,248.24179
2011-09-30 01:00:00,276.65323
2011-09-30 02:00:00,248.24179
2011-09-30 03:00:00,248.24184
2011-09-30 04:00:00,213.64153
2011-09-30 05:00:00,213.64154
2011-09-30 06:00:00,213.73534
2011-09-30 07:00:00,213.73534
2011-09-30 08:00:00,299.15005
2011-09-30 09:00:00,306.76962
2011-09-30 10:00:00,509.09998
2011-09-30 11:00:00,406.11157
2011-09-30 12:00:00,286.87738
2011-09-30 13:00:00,443.6813
2011-09-30 14:00:00,415.50623
2011-09-30 15:00:00,357.5504
2011-09-30 16:00:00,310.62296
2011-09-30 17:00:00,305.50467
2011-09-30 18:00:00,313.1554
2011-09-30 19:00:00,244.73418
2011-09-30 20:00:00,244.73418
2011-09-30 21:00:00,257.8083
2011-09-30 22:00:00,191.25987
2011-09-30 23:00:00,191.25987
2011-10-20 00:00:00,104.28909
2011-10-20 01:00:00,178.30737
2011-10-20 02:00:00,241.85533
2011-10-20 03:00:00,314.07034
2011-10-20 04:00:00,314.07034
2011-10-20 05:00:00,255.84444
2011-10-20 06:00:00,285.4052
2011-10-20 07:00:00,251.91396
2011-10-20 08:00:00,219.05623
2011-10-20 09:00:00,174.36568
2011-10-20 10:00:00,249.68329
2011-10-20 11:00:00,351.7156
2011-10-20 12:00:00,428.57285
2011-10-20 13:00:00,419.22443
2011-10-20 14:00:00,316.4764
2011-10-20 15:00:00,355.8
2011-10-20 16:00:00,355.8
2011-10-20 17:00:00,303.37762
2011-10-20 18:00:00,263.2882
2011-10-20 19:00:00,212.60886
2011-10-20 20:00:00,247.65158
2011-10-20 21:00:00,198.88168
2011-10-20 22:00:00,191.91032
2011-10-20 23:00:00,207.11456
2011-10-21 00:00:00,150.95058
2011-10-21 01:00:00,165.8384
2011-10-21 02:00:00,172.86354
2011-10-21 03:00:00,113.83057
2011-10-21 04:00:00,128.59015
2011-10-21 05:00:00,150.07622
2011-10-21 06:00:00,128.59015
2011-10-21 07:00:00,128.59015
2011-10-21 08:00:00,184.32527
2011-10-21 09:00:00,270.36447
2011-10-21 10:00:00,239.79929
2011-10-21 11:00:00,310.31116
2011-10-21 12:00:00,299.689
2011-10-21 13:00:00,229.22641
2011-10-21 14:00:00,394.13608
2011-10-21 15:00:00,294.26047
2011-10-21 16:00:00,282.95435
2011-10-21 17:00:00,300.29556
2011-10-21 18:00:00,326.25598
2011-10-21 19:00:00,228.23071
2011-10-21 20:00:00,310.12384
2011-10-21 21:00:00,237.86052
2011-10-21 22:00:00,237.72939
2011-10-21 23:00:00,165.8384
2011-10-22 00:00:00,153.15936
2011-10-22 01:00:00,153.15936
2011-10-22 02:00:00,303.6427
2011-10-22 03:00:00,193.66158
2011-10-22 04:00:00,264.38998
2011-10-22 05:00:00,162.53777
2011-10-22 06:00:00,150.36359
2011-10-22 07:00:00,142.40898
2011-10-22 08:00:00,178.35674
2011-10-22 09:00:00,298.3858
2011-10-22 10:00:00,188.71938
2011-10-22 11:00:00,188.71938
2011-10-22 12:00:00,370.7
2011-10-22 13:00:00,523.67163
2011-10-22 14:00:00,334.0635
2011-10-22 15:00:00,279.0122
2011-10-22 16:00:00,410.94806
2011-10-22 17:00:00,302.04825
2011-10-22 18:00:00,358.00235
2011-10-22 19:00:00,183.16359
2011-10-22 20:00:00,179.5761
2011-10-22 21:00:00,177.69148
2011-10-22 22:00:00,177.69148
2011-10-22 23:00:00,149.72543
2011-10-23 00:00:00,138.94264
2011-10-23 01:00:00,138.94264
2011-10-23 02:00:00,92.84789
2011-10-23 03:00:00,117.13302
2011-10-23 04:00:00,117.13302
2011-10-23 05:00:00,100.54894
2011-10-23 06:00:00,62.393044
2011-10-23 07:00:00,92.84789
2011-10-23 08:00:00,203.03879
2011-10-23 09:00:00,177.69148
2011-10-23 10:00:00,271.42834
2011-10-23 11:00:00,172.7205
2011-10-23 12:00:00,259.14816
2011-10-23 13:00:00,376.01633
2011-10-23 14:00:00,371.46036
2011-10-23 15:00:00,382.01096
2011-10-23 16:00:00,376.01633
2011-10-23 17:00:00,284.89304
2011-10-23 18:00:00,314.8203
2011-10-23 19:00:00,185.78656
2011-10-23 20:00:00,272.18582
2011-10-23 21:00:00,272.18582
2011-10-23 22:00:00,170.96423
2011-10-23 23:00:00,138.79016
2011-10-24 00:00:00,192.98044
2011-10-24 01:00:00,95.143486
2011-10-24 02:00:00,95.73556
2011-10-24 03:00:00,92.90423
2011-10-24 04:00:00,96.6813
2011-10-24 05:00:00,115.86752
2011-10-24 06:00:00,95.73556
2011-10-24 07:00:00,125.145325
2011-10-24 08:00:00,157.85406
2011-10-24 09:00:00,124.73319
2011-10-24 10:00:00,213.56079
2011-10-24 11:00:00,294.96622
2011-10-24 12:00:00,211.53769
2011-10-24 13:00:00,305.04318
2011-10-24 14:00:00,299.66238
2011-10-24 15:00:00,330.16522
2011-10-24 16:00:00,293.4634
2011-10-24 17:00:00,348.01672
2011-10-24 18:00:00,375.57965
2011-10-24 19:00:00,183.22186
2011-10-24 20:00:00,237.70598
2011-10-24 21:00:00,121.087135
2011-10-24 22:00:00,218.69379
2011-10-24 23:00:00,262.74338
2011-10-25 00:00:00,183.75995
2011-10-25 01:00:00,183.75995
2011-10-25 02:00:00,79.629486
2011-10-25 03:00:00,117.66605
2011-10-25 04:00:00,74.402916
2011-10-25 05:00:00,74.402916
2011-10-25 06:00:00,81.95702
2011-10-25 07:00:00,158.04124
2011-10-25 08:00:00,180.70134
2011-10-25 09:00:00,269.22382
2011-10-25 10:00:00,249.772
2011-10-25 11:00:00,269.4425
2011-10-25 12:00:00,478.5011
2011-10-25 13:00:00,481.56888
2011-10-25 14:00:00,464.95532
2011-10-25 15:00:00,330.40384
2011-10-25 16:00:00,483.018
2011-10-25 17:00:00,330.40384
2011-10-25 18:00:00,249.07652
2011-10-25 19:00:00,224.18816
2011-10-25 20:00:00,267.9776
2011-10-25 21:00:00,235.73862
2011-10-25 22:00:00,210.13171
2011-10-25 23:00:00,235.73862
2011-10-26 00:00:00,166.6679
2011-10-26 01:00:00,176.45778
2011-10-26 02:00:00,229.34653
2011-10-26 03:00:00,165.3948
2011-10-26 04:00:00,292.7432
2011-10-26 05:00:00,201.14377
2011-10-26 06:00:00,201.14377
2011-10-26 07:00:00,190.25002
2011-10-26 08:00:00,252.73358
2011-10-26 09:00:00,296.05783
2011-10-26 10:00:00,301.99396
2011-10-26 11:00:00,178.11546
2011-10-26 12:00:00,343.06747
2011-10-26 13:00:00,220.7766
2011-10-26 14:00:00,211.56036
2011-10-26 15:00:00,211.56036
2011-10-26 16:00:00,217.43318
2011-10-26 17:00:00,224.0916
2011-10-26 18:00:00,259.80615
2011-10-26 19:00:00,211.44005
2011-10-26 20:00:00,193.6846
2011-10-26 21:00:00,211.56036
2011-10-26 22:00:00,122.09894
2011-10-26 23:00:00,122.09894
2011-10-27 00:00:00,186.70767
2011-10-27 01:00:00,186.70767
2011-10-27 02:00:00,98.2518
2011-10-27 03:00:00,98.251785
2011-10-27 04:00:00,159.19235
2011-10-27 05:00:00,92.953476
2011-10-27 06:00:00,190.31216
2011-10-27 07:00:00,72.01637
2011-10-27 08:00:00,96.17292
2011-10-27 09:00:00,231.85603
2011-10-27 10:00:00,103.64212
2011-10-27 11:00:00,108.18019
2011-10-27 12:00:00,108.18019
2011-10-27 13:00:00,135.28532
2011-10-27 14:00:00,114.643
2011-10-27 15:00:00,222.75911
2011-10-27 16:00:00,318.9288
2011-10-27 17:00:00,252.22685
2011-10-27 18:00:00,238.14088
2011-10-27 19:00:00,201.19989
2011-10-27 20:00:00,214.92546
2011-10-27 21:00:00,213.07977
2011-10-27 22:00:00,182.62103
2011-10-27 23:00:00,208.04257
2011-10-28 00:00:00,199.03607
2011-10-28 01:00:00,171.31755
2011-10-28 02:00:00,177.54642
2011-10-28 03:00:00,164.46822
2011-10-28 04:00:00,203.23213
2011-10-28 05:00:00,235.20284
2011-10-28 06:00:00,154.56204
2011-10-28 07:00:00,154.56204
2011-10-28 08:00:00,214.54164
2011-10-28 09:00:00,203.71806
2011-10-28 10:00:00,159.2242
2011-10-28 11:00:00,331.3255
2011-10-28 12:00:00,233.96274
2011-10-28 13:00:00,318.17804
2011-10-28 14:00:00,313.77063
2011-10-28 15:00:00,307.3465
2011-10-28 16:00:00,270.56293
2011-10-28 17:00:00,258.68387
2011-10-28 18:00:00,266.75815
2011-10-28 19:00:00,258.68387
2011-10-28 20:00:00,200.86626
2011-10-28 21:00:00,92.98274
2011-10-28 22:00:00,75.33798
2011-10-28 23:00:00,60.772427
2011-10-29 00:00:00,57.850975
2011-10-29 01:00:00,68.4146
2011-10-29 02:00:00,68.4146
2011-10-29 03:00:00,31.816565
2011-10-29 04:00:00,31.816565
2011-10-29 05:00:00,27.471159
2011-10-29 06:00:00,29.94078
2011-10-29 07:00:00,29.94078
2011-10-29 08:00:00,37.988213
2011-10-29 09:00:00,37.988213
2011-10-29 10:00:00,37.75383
2011-10-29 11:00:00,19.000757
2011-10-29 12:00:00,14.407374
2011-10-29 13:00:00,12.168569
2011-10-29 14:00:00,17.638119
2011-10-29 15:00:00,68.56106
2011-10-29 16:00:00,34.332043
2011-10-29 17:00:00,34.332043
2011-10-29 18:00:00,34.332043
2011-10-29 19:00:00,38.74513
2011-10-29 20:00:00,38.74513
2011-10-29 21:00:00,38.74514
2011-10-29 22:00:00,98.677605
2011-10-29 23:00:00,49.770386
2011-10-30 00:00:00,98.677605
2011-10-30 01:00:00,93.98651
2011-10-30 02:00:00,59.87394
2011-10-30 03:00:00,38.37632
2011-10-30 04:00:00,44.743164
2011-10-30 05:00:00,49.539474
2011-10-30 06:00:00,65.24436
2011-10-30 07:00:00,50.307236
2011-10-30 08:00:00,71.9516
2011-10-30 09:00:00,100.417534
2011-10-30 10:00:00,177.44868
2011-10-30 11:00:00,195.52551
2011-10-30 12:00:00,233.90611
2011-10-30 13:00:00,354.59604
2011-10-30 14:00:00,493.72296
2011-10-30 15:00:00,558.1789
2011-10-30 16:00:00,572.70544
2011-10-30 17:00:00,407.54825
2011-10-30 18:00:00,335.2823
2011-10-30 19:00:00,331.50485
2011-10-30 20:00:00,196.2007
2011-10-30 21:00:00,109.79299
2011-10-30 22:00:00,102.80621
2011-10-30 23:00:00,29.725147
2011-10-31 00:00:00,107.51287
2011-10-31 01:00:00,98.282646
2011-10-31 02:00:00,101.68475
2011-10-31 03:00:00,240.58916
2011-10-31 04:00:00,101.684616
2011-10-31 05:00:00,90.47602
2011-10-31 06:00:00,101.68475
2011-10-31 07:00:00,111.809135
2011-10-31 08:00:00,115.82936
2011-10-31 09:00:00,143.9615
2011-10-31 10:00:00,255.23553
2011-10-31 11:00:00,234.51811
2011-10-31 12:00:00,278.07297
2011-10-31 13:00:00,317.8263
2011-10-31 14:00:00,315.00568
2011-10-31 15:00:00,238.90196
2011-10-31 16:00:00,237.72939
2011-10-31 17:00:00,233.86658
2011-10-31 18:00:00,257.53046
2011-10-31 19:00:00,257.53046
2011-10-31 20:00:00,257.53046
2011-10-31 21:00:00,149.219
2011-10-31 22:00:00,149.219
2011-10-31 23:00:00,149.219
2011-11-20 00:00:00,121.89158
2011-11-20 01:00:00,303.6427
2011-11-20 02:00:00,389.36072
2011-11-20 03:00:00,343.61588
2011-11-20 04:00:00,245.44972
2011-11-20 05:00:00,401.017
2011-11-20 06:00:00,321.88922
2011-11-20 07:00:00,247.68275
2011-11-20 08:00:00,312.75366
2011-11-20 09:00:00,150.1358
2011-11-20 10:00:00,221.56078
2011-11-20 11:00:00,201.39433
2011-11-20 12:00:00,195.14404
2011-11-20 13:00:00,227.54681
2011-11-20 14:00:00,328.76147
2011-11-20 15:00:00,187.8914
2011-11-20 16:00:00,199.34035
2011-11-20 17:00:00,205.44281
2011-11-20 18:00:00,207.28758
2011-11-20 19:00:00,223.31967
2011-11-20 20:00:00,213.7784
2011-11-20 21:00:00,232.6948
2011-11-20 22:00:00,46.296886
2011-11-20 23:00:00,46.296886
2011-11-21 00:00:00,70.9184
2011-11-21 01:00:00,106.20226
2011-11-21 02:00:00,102.22085
2011-11-21 03:00:00,114.14848
2011-11-21 04:00:00,114.14848
2011-11-21 05:00:00,66.73154
2011-11-21 06:00:00,93.549736
2011-11-21 07:00:00,143.12244
2011-11-21 08:00:00,70.9184
2011-11-21 09:00:00,70.53949
2011-11-21 10:00:00,114.643
2011-11-21 11:00:00,222.75911
2011-11-21 12:00:00,243.937
2011-11-21 13:00:00,243.937
2011-11-21 14:00:00,142.57088
2011-11-21 15:00:00,79.93046
2011-11-21 16:00:00,79.93046
2011-11-21 17:00:00,78.18489
2011-11-21 18:00:00,104.50736
2011-11-21 19:00:00,88.5234
2011-11-21 20:00:00,82.493416
2011-11-21 21:00:00,92.528114
2011-11-21 22:00:00,39.405746
2011-11-21 23:00:00,92.528114
2011-11-22 00:00:00,96.91513
2011-11-22 01:00:00,87.22338
2011-11-22 02:00:00,132.76312
2011-11-22 03:00:00,132.76312
2011-11-22 04:00:00,99.89262
2011-11-22 05:00:00,99.89262
2011-11-22 06:00:00,125.145325
2011-11-22 07:00:00,106.995094
2011-11-22 08:00:00,106.995094
2011-11-22 09:00:00,45.294098
2011-11-22 10:00:00,45.294098
2011-11-22 11:00:00,87.22338
2011-11-22 12:00:00,117.51847
2011-11-22 13:00:00,90.75
2011-11-22 14:00:00,90.75
2011-11-22 15:00:00,67.9989
2011-11-22 16:00:00,67.9989
2011-11-22 17:00:00,65.11872
2011-11-22 18:00:00,34.922134
2011-11-22 19:00:00,38.27955
2011-11-22 20:00:00,170.3139
2011-11-22 21:00:00,232.01659
2011-11-22 22:00:00,132.8791
2011-11-22 23:00:00,198.40471
2011-11-23 00:00:00,198.40471
2011-11-23 01:00:00,195.42604
2011-11-23 02:00:00,76.36747
2011-11-23 03:00:00,76.36747
2011-11-23 04:00:00,128.14265
2011-11-23 05:00:00,146.38823
2011-11-23 06:00:00,66.73154
2011-11-23 07:00:00,87.747665
2011-11-23 08:00:00,70.53949
2011-11-23 09:00:00,106.258965
2011-11-23 10:00:00,106.258965
2011-11-23 11:00:00,156.15234
2011-11-23 12:00:00,263.72015
2011-11-23 13:00:00,273.42923
2011-11-23 14:00:00,302.37564
2011-11-23 15:00:00,293.15057
2011-11-23 16:00:00,173.88147
2011-11-23 17:00:00,153.27051
2011-11-23 18:00:00,184.52179
2011-11-23 19:00:00,233.75514
2011-11-23 20:00:00,225.2629
2011-11-23 21:00:00,196.90465
2011-11-23 22:00:00,194.4539
2011-11-23 23:00:00,232.55214
2011-11-24 00:00:00,19.907623
2011-11-24 01:00:00,159.7104
2011-11-24 02:00:00,45.4348
2011-11-24 03:00:00,50.013382
2011-11-24 04:00:00,38.193863
2011-11-24 05:00:00,28.00833
2011-11-24 06:00:00,38.193863
2011-11-24 07:00:00,33.994087
2011-11-24 08:00:00,45.638744
2011-11-24 09:00:00,110.32492
2011-11-24 10:00:00,115.78832
2011-11-24 11:00:00,432.91867
2011-11-24 12:00:00,360.55963
2011-11-24 13:00:00,296.6002
2011-11-24 14:00:00,268.98492
2011-11-24 15:00:00,265.45694
2011-11-24 16:00:00,274.86768
2011-11-24 17:00:00,270.52954
2011-11-24 18:00:00,289.5463
2011-11-24 19:00:00,246.53775
2011-11-24 20:00:00,30.61348
2011-11-24 21:00:00,15.31812
2011-11-24 22:00:00,15.31812
2011-11-24 23:00:00,24.29802
2011-11-25 00:00:00,121.982346
2011-11-25 01:00:00,79.704926
2011-11-25 02:00:00,131.45978
2011-11-25 03:00:00,111.919556
2011-11-25 04:00:00,104.383514
2011-11-25 05:00:00,47.437122
2011-11-25 06:00:00,137.30785
2011-11-25 07:00:00,98.282646
2011-11-25 08:00:00,138.42159
2011-11-25 09:00:00,65.37074
2011-11-25 10:00:00,128.59015
2011-11-25 11:00:00,254.91956
2011-11-25 12:00:00,256.32336
2011-11-25 13:00:00,310.31116
2011-11-25 14:00:00,436.8084
2011-11-25 15:00:00,458.25903
2011-11-25 16:00:00,349.99353
2011-11-25 17:00:00,305.0019
2011-11-25 18:00:00,264.0438
2011-11-25 19:00:00,194.2363
2011-11-25 20:00:00,254.87901
2011-11-25 21:00:00,114.542244
2011-11-25 22:00:00,105.05667
2011-11-25 23:00:00,98.32311
2011-11-26 00:00:00,132.12444
2011-11-26 01:00:00,64.04946
2011-11-26 02:00:00,71.36631
2011-11-26 03:00:00,83.21444
2011-11-26 04:00:00,83.21444
2011-11-26 05:00:00,76.62373
2011-11-26 06:00:00,251.4918
2011-11-26 07:00:00,25.69363
2011-11-26 08:00:00,64.04946
2011-11-26 09:00:00,113.42248
2011-11-26 10:00:00,143.83252
2011-11-26 11:00:00,259.14734
2011-11-26 12:00:00,460.513
2011-11-26 13:00:00,498.7384
2011-11-26 14:00:00,200.63943
2011-11-26 15:00:00,226.29239
2011-11-26 16:00:00,205.6726
2011-11-26 17:00:00,205.6726
2011-11-26 18:00:00,175.85173
2011-11-26 19:00:00,188.3839
2011-11-26 20:00:00,301.20755
2011-11-26 21:00:00,210.14204
2011-11-26 22:00:00,362.55887
2011-11-26 23:00:00,143.83252
2011-11-27 00:00:00,143.83252
2011-11-27 01:00:00,143.83252
2011-11-27 02:00:00,134.20612
2011-11-27 03:00:00,117.13302
2011-11-27 04:00:00,86.196045
2011-11-27 05:00:00,157.0668
2011-11-27 06:00:00,194.83281
2011-11-27 07:00:00,79.36373
2011-11-27 08:00:00,81.72454
2011-11-27 09:00:00,246.56216
2011-11-27 10:00:00,246.56216
2011-11-27 11:00:00,188.35359
2011-11-27 12:00:00,318.31052
2011-11-27 13:00:00,345.01288
2011-11-27 14:00:00,535.08997
2011-11-27 15:00:00,602.6822
2011-11-27 16:00:00,410.93668
2011-11-27 17:00:00,413.2367
2011-11-27 18:00:00,253.19728
2011-11-27 19:00:00,248.32715
2011-11-27 20:00:00,281.9968
2011-11-27 21:00:00,310.9392
2011-11-27 22:00:00,229.36133
2011-11-27 23:00:00,229.36133
2011-11-28 00:00:00,335.29126
2011-11-28 01:00:00,302.27225
2011-11-28 03:00:00,182.23761
2011-11-28 04:00:00,149.97401
2011-11-28 05:00:00,117.66605
2011-11-28 06:00:00,107.599106
2011-11-28 07:00:00,116.55869
2011-11-28 08:00:00,60.35589
2011-11-28 09:00:00,145.41014
2011-11-28 10:00:00,239.71585
2011-11-28 11:00:00,211.53772
2011-11-28 12:00:00,388.76935
2011-11-28 13:00:00,273.78873
2011-11-28 14:00:00,351.44385
2011-11-28 15:00:00,360.33557
2011-11-28 16:00:00,294.20773
2011-11-28 17:00:00,311.3775
2011-11-28 18:00:00,299.37073
2011-11-28 19:00:00,233.6456
2011-11-28 20:00:00,273.94977
2011-11-28 21:00:00,246.5594
2011-11-28 22:00:00,222.75911
2011-11-28 23:00:00,220.78572
2011-11-29 00:00:00,222.70067
2011-11-29 01:00:00,254.36627
2011-11-29 02:00:00,48.169662
2011-11-29 03:00:00,48.169662
2011-11-29 04:00:00,223.01443
2011-11-29 05:00:00,154.57228
2011-11-29 06:00:00,252.70273
2011-11-29 07:00:00,235.94157
2011-11-29 08:00:00,288.93222
2011-11-29 09:00:00,217.3902
2011-11-29 10:00:00,217.3902
2011-11-29 11:00:00,79.17501
2011-11-29 12:00:00,87.1609
2011-11-29 13:00:00,141.46042
2011-11-29 14:00:00,88.52344
2011-11-29 15:00:00,102.3834
2011-11-29 16:00:00,82.49344
2011-11-29 17:00:00,110.638725
2011-11-29 18:00:00,131.3921
2011-11-29 19:00:00,159.75192
2011-11-29 20:00:00,172.32506
2011-11-29 21:00:00,172.32506
2011-11-29 22:00:00,182.5622
2011-11-29 23:00:00,245.70496
2011-11-30 00:00:00,211.59401
2011-11-30 01:00:00,264.64536
2011-11-30 02:00:00,131.3964
2011-11-30 03:00:00,131.3964
2011-11-30 04:00:00,155.08923
2011-11-30 05:00:00,304.72202
2011-11-30 06:00:00,161.73389
2011-11-30 07:00:00,137.30785
2011-11-30 08:00:00,304.72202
2011-11-30 09:00:00,120.45825
2011-11-30 10:00:00,242.21014
2011-11-30 11:00:00,175.94012
2011-11-30 12:00:00,303.77136
2011-11-30 13:00:00,236.81285
2011-11-30 14:00:00,236.81285
2011-11-30 15:00:00,213.08247
2011-11-30 16:00:00,203.72018
2011-11-30 17:00:00,193.31233
2011-11-30 18:00:00,166.78137
2011-11-30 19:00:00,233.51811
2011-11-30 20:00:00,233.51811
2011-11-30 21:00:00,194.4072
2011-11-30 22:00:00,216.33748
2011-11-30 23:00:00,189.17758
2011-12-20 00:00:00,260.45383
2011-12-20 01:00:00,261.34943
2011-12-20 02:00:00,199.72314
2011-12-20 03:00:00,199.72314
2011-12-20 04:00:00,269.07782
2011-12-20 05:00:00,216.0534
2011-12-20 06:00:00,216.0534
2011-12-20 07:00:00,204.20174
2011-12-20 08:00:00,231.8201
2011-12-20 09:00:00,191.1945
2011-12-20 10:00:00,278.22778
2011-12-20 11:00:00,268.96915
2011-12-20 12:00:00,258.55347
2011-12-20 13:00:00,258.55347
2011-12-20 14:00:00,243.34866
2011-12-20 15:00:00,224.50368
2011-12-20 16:00:00,345.91568
2011-12-20 17:00:00,221.62558
2011-12-20 18:00:00,130.55971
2011-12-20 19:00:00,206.55128
2011-12-20 20:00:00,183.41957
2011-12-20 21:00:00,243.79384
2011-12-20 22:00:00,191.1945
2011-12-20 23:00:00,208.78757
2011-12-21 00:00:00,186.9801
2011-12-21 01:00:00,149.16309
2011-12-21 02:00:00,231.66397
2011-12-21 03:00:00,231.66397
2011-12-21 04:00:00,231.66397
2011-12-21 05:00:00,188.8019
2011-12-21 06:00:00,120.0825
2011-12-21 07:00:00,156.47557
2011-12-21 08:00:00,173.37344
2011-12-21 09:00:00,206.82028
2011-12-21 10:00:00,132.84288
2011-12-21 11:00:00,132.84288
2011-12-21 12:00:00,109.00962
2011-12-21 13:00:00,111.77997
2011-12-21 14:00:00,121.01617
2011-12-21 15:00:00,116.59435
2011-12-21 16:00:00,104.19267
2011-12-21 17:00:00,104.19267
2011-12-21 18:00:00,163.80193
2011-12-21 19:00:00,170.6236
2011-12-21 20:00:00,138.01303
2011-12-21 21:00:00,146.09833
2011-12-21 22:00:00,122.51535
2011-12-21 23:00:00,161.24675
2011-12-22 00:00:00,318.01593
2011-12-22 01:00:00,472.1077
2011-12-22 02:00:00,336.62335
2011-12-22 03:00:00,120.19925
2011-12-22 04:00:00,230.06888
2011-12-22 05:00:00,203.49895
2011-12-22 06:00:00,159.60684
2011-12-22 07:00:00,83.01165
2011-12-22 08:00:00,120.0825
2011-12-22 09:00:00,205.79636
2011-12-22 10:00:00,246.81078
2011-12-22 11:00:00,253.65088
2011-12-22 12:00:00,180.73427
2011-12-22 13:00:00,189.87674
2011-12-22 14:00:00,189.87674
2011-12-22 15:00:00,191.15129
2011-12-22 16:00:00,189.87674
2011-12-22 17:00:00,152.16151
2011-12-22 18:00:00,135.05824
2011-12-22 19:00:00,168.20898
2011-12-22 20:00:00,104.363945
2011-12-22 21:00:00,104.363945
2011-12-22 22:00:00,133.32433
2011-12-22 23:00:00,239.6319
2011-12-23 00:00:00,187.05379
2011-12-23 01:00:00,187.05379
2011-12-23 02:00:00,175.86829
2011-12-23 03:00:00,175.86829
2011-12-23 04:00:00,92.730705
2011-12-23 05:00:00,180.82787
2011-12-23 06:00:00,119.76505
2011-12-23 07:00:00,118.32178
2011-12-23 08:00:00,124.50358
2011-12-23 09:00:00,104.013306
2011-12-23 10:00:00,140.84706
2011-12-23 11:00:00,233.09674
2011-12-23 12:00:00,172.55002
2011-12-23 13:00:00,248.11209
2011-12-23 14:00:00,234.79034
2011-12-23 15:00:00,180.79688
2011-12-23 16:00:00,131.88795
2011-12-23 17:00:00,101.55936
2011-12-23 18:00:00,109.22504
2011-12-23 19:00:00,95.96269
2011-12-23 20:00:00,144.83524
2011-12-23 21:00:00,98.41877
2011-12-23 22:00:00,119.10387
2011-12-23 23:00:00,128.51237
2011-12-24 00:00:00,76.77248
2011-12-24 01:00:00,184.39537
2011-12-24 02:00:00,160.90817
2011-12-24 03:00:00,134.87712
2011-12-24 04:00:00,77.88019
2011-12-24 05:00:00,77.88019
2011-12-24 06:00:00,93.86812
2011-12-24 07:00:00,16.894104
2011-12-24 08:00:00,42.344784
2011-12-24 09:00:00,108.107185
2011-12-24 10:00:00,119.34508
2011-12-24 11:00:00,116.36076
2011-12-24 12:00:00,133.15347
2011-12-24 13:00:00,116.48946
2011-12-24 14:00:00,116.48946
2011-12-24 15:00:00,120.801834
2011-12-24 16:00:00,122.85701
2011-12-24 17:00:00,136.69604
2011-12-24 18:00:00,70.74248
2011-12-24 19:00:00,168.07324
2011-12-24 20:00:00,82.99203
2011-12-24 21:00:00,50.527252
2011-12-24 22:00:00,96.77383
2011-12-24 23:00:00,54.747704
2011-12-25 00:00:00,50.533245
2011-12-25 01:00:00,47.749065
2011-12-25 02:00:00,37.85986
2011-12-25 03:00:00,24.428873
2011-12-25 05:00:00,47.02717
2011-12-25 06:00:00,47.02717
2011-12-25 07:00:00,48.173992
2011-12-25 08:00:00,44.00306
2011-12-25 09:00:00,54.80794
2011-12-25 10:00:00,54.66494
2011-12-25 11:00:00,44.956944
2011-12-25 12:00:00,36.62526
2011-12-25 13:00:00,69.08075
2011-12-25 14:00:00,63.602673
2011-12-25 15:00:00,126.27558
2011-12-25 16:00:00,243.8334
2011-12-25 17:00:00,167.81842
2011-12-25 18:00:00,48.0959
2011-12-25 19:00:00,217.21336
2011-12-25 20:00:00,197.89212
2011-12-25 21:00:00,219.0483
2011-12-25 22:00:00,35.35653
2011-12-25 23:00:00,39.336384
2011-12-26 00:00:00,91.24394
2011-12-26 01:00:00,147.2152
2011-12-26 02:00:00,219.38567
2011-12-26 04:00:00,159.18951
2011-12-26 05:00:00,112.89201
2011-12-26 06:00:00,169.7526
2011-12-26 07:00:00,196.9591
2011-12-26 08:00:00,158.81044
2011-12-26 09:00:00,159.18951
2011-12-26 10:00:00,151.23532
2011-12-26 11:00:00,158.28203
2011-12-26 12:00:00,118.83373
2011-12-26 13:00:00,213.79025
2011-12-26 14:00:00,176.02403
2011-12-26 15:00:00,291.14664
2011-12-26 16:00:00,183.51237
2011-12-26 17:00:00,219.38567
2011-12-26 18:00:00,236.79224
2011-12-26 19:00:00,105.23517
2011-12-26 20:00:00,144.60933
2011-12-26 21:00:00,23.691315
2011-12-26 22:00:00,23.691319
2011-12-26 23:00:00,95.2232
2011-12-27 00:00:00,152.60818
2011-12-27 01:00:00,148.06522
2011-12-27 02:00:00,148.06522
2011-12-27 03:00:00,112.92129
2011-12-27 04:00:00,117.0453
2011-12-27 05:00:00,95.45473
2011-12-27 06:00:00,98.39947
2011-12-27 07:00:00,99.77152
2011-12-27 08:00:00,154.91792
2011-12-27 09:00:00,148.3673
2011-12-27 10:00:00,164.64218
2011-12-27 11:00:00,148.3673
2011-12-27 12:00:00,117.15323
2011-12-27 13:00:00,85.98824
2011-12-27 14:00:00,92.45004
2011-12-27 15:00:00,92.45004
2011-12-27 16:00:00,111.66966
2011-12-27 17:00:00,244.21886
2011-12-27 18:00:00,102.803375
2011-12-27 19:00:00,188.48161
2011-12-27 20:00:00,245.84286
2011-12-27 21:00:00,227.86433
2011-12-27 22:00:00,227.86433
2011-12-27 23:00:00,160.92686
2011-12-28 00:00:00,180.37772
2011-12-28 01:00:00,150.33336
2011-12-28 02:00:00,108.66842
2011-12-28 03:00:00,108.66842
2011-12-28 05:00:00,163.06339
2011-12-28 06:00:00,105.508865
2011-12-28 07:00:00,105.508865
2011-12-28 08:00:00,163.06343
2011-12-28 09:00:00,149.50153
2011-12-28 10:00:00,94.224106
2011-12-28 11:00:00,222.00487
2011-12-28 12:00:00,118.92951
2011-12-28 13:00:00,165.08942
2011-12-28 14:00:00,152.17914
2011-12-28 15:00:00,156.47777
2011-12-28 16:00:00,150.4253
2011-12-28 17:00:00,135.36632
2011-12-28 18:00:00,117.74265
2011-12-28 19:00:00,148.97772
2011-12-28 20:00:00,143.14453
2011-12-28 21:00:00,93.97265
2011-12-28 22:00:00,99.62656
2011-12-28 23:00:00,125.983635
2011-12-29 00:00:00,95.92012
2011-12-29 01:00:00,121.98887
2011-12-29 02:00:00,88.19631
2011-12-29 03:00:00,121.34887
2011-12-29 04:00:00,136.44673
2011-12-29 05:00:00,85.29465
2011-12-29 06:00:00,65.36925
2011-12-29 07:00:00,106.25412
2011-12-29 08:00:00,108.47726
2011-12-29 09:00:00,94.577255
2011-12-29 10:00:00,104.731636
2011-12-29 11:00:00,170.57008
2011-12-29 12:00:00,149.51402
2011-12-29 13:00:00,135.71779
2011-12-29 14:00:00,81.138214
2011-12-29 15:00:00,94.50571
2011-12-29 16:00:00,97.13572
2011-12-29 17:00:00,115.1851
2011-12-29 18:00:00,110.72055
2011-12-29 19:00:00,90.50032
2011-12-29 20:00:00,110.459984
2011-12-29 21:00:00,163.59471
2011-12-29 22:00:00,123.6949
2011-12-29 23:00:00,119.89789
2011-12-30 00:00:00,149.7139
2011-12-30 01:00:00,96.62307
2011-12-30 02:00:00,117.93948
2011-12-30 03:00:00,117.93948
2011-12-30 04:00:00,93.98592
2011-12-30 05:00:00,75.8936
2011-12-30 06:00:00,93.98592
2011-12-30 07:00:00,87.95273
2011-12-30 08:00:00,92.07319
2011-12-30 09:00:00,63.29564
2011-12-30 10:00:00,122.401955
2011-12-30 11:00:00,119.10387
2011-12-30 12:00:00,103.31387
2011-12-30 13:00:00,153.83447
2011-12-30 14:00:00,152.48492
2011-12-30 15:00:00,215.96608
2011-12-30 16:00:00,164.99757
2011-12-30 17:00:00,110.98864
2011-12-30 18:00:00,121.770294
2011-12-30 19:00:00,131.6358
2011-12-30 20:00:00,155.14352
2011-12-30 21:00:00,149.16309
2011-12-30 22:00:00,185.22945
2011-12-30 23:00:00,113.00798
2011-12-31 00:00:00,140.38687
2011-12-31 01:00:00,107.50082
2011-12-31 02:00:00,107.50082
2011-12-31 03:00:00,107.50082
2011-12-31 04:00:00,97.24389
2011-12-31 05:00:00,70.127464
2011-12-31 06:00:00,252.2978
2011-12-31 07:00:00,80.46806
2011-12-31 08:00:00,50.5285
2011-12-31 09:00:00,62.648563
2011-12-31 10:00:00,97.38063
2011-12-31 11:00:00,121.23654
2011-12-31 12:00:00,375.66177
2011-12-31 13:00:00,164.08298
2011-12-31 14:00:00,182.07399
2011-12-31 15:00:00,155.2331
2011-12-31 16:00:00,121.86102
2011-12-31 17:00:00,201.9337
2011-12-31 18:00:00,190.52875
2011-12-31 19:00:00,265.0775
2011-12-31 20:00:00,265.0775
2011-12-31 21:00:00,226.61003
2011-12-31 22:00:00,166.4771
2011-12-31 23:00:00,83.3343
2012-01-20 00:00:00,78.26661
2012-01-20 01:00:00,104.0311
2012-01-20 02:00:00,104.0311
2012-01-20 03:00:00,100.35511
2012-01-20 04:00:00,89.10045
2012-01-20 05:00:00,89.10045
2012-01-20 06:00:00,123.8176
2012-01-20 07:00:00,115.051544
2012-01-20 08:00:00,116.04737
2012-01-20 09:00:00,97.265564
2012-01-20 10:00:00,84.17497
2012-01-20 11:00:00,153.37029
2012-01-20 12:00:00,160.63303
2012-01-20 13:00:00,124.50375
2012-01-20 14:00:00,168.6699
2012-01-20 15:00:00,107.06016
2012-01-20 16:00:00,126.81998
2012-01-20 17:00:00,130.88991
2012-01-20 18:00:00,153.8461
2012-01-20 19:00:00,200.14658
2012-01-20 20:00:00,153.8461
2012-01-20 21:00:00,161.44537
2012-01-20 22:00:00,146.90445
2012-01-20 23:00:00,51.851906
2012-01-21 00:00:00,18.75386
2012-01-21 01:00:00,33.75522
2012-01-21 02:00:00,32.625362
2012-01-21 03:00:00,18.45324
2012-01-21 04:00:00,45.55843
2012-01-21 05:00:00,32.87181
2012-01-21 06:00:00,15.28169
2012-01-21 07:00:00,15.28169
2012-01-21 08:00:00,21.57407
2012-01-21 09:00:00,21.57407
2012-01-21 10:00:00,17.32651
2012-01-21 11:00:00,39.557796
2012-01-21 12:00:00,61.64031
2012-01-21 13:00:00,83.45033
2012-01-21 14:00:00,24.565638
2012-01-21 15:00:00,24.56565
2012-01-21 16:00:00,78.63876
2012-01-21 17:00:00,49.239857
2012-01-21 18:00:00,57.021538
2012-01-21 19:00:00,51.82782
2012-01-21 20:00:00,71.375
2012-01-21 21:00:00,-5.333123
2012-01-21 22:00:00,88.69884
2012-01-21 23:00:00,66.09736
2012-01-22 00:00:00,0.6528318
2012-01-22 01:00:00,88.69884
2012-01-22 02:00:00,92.51172
2012-01-22 03:00:00,43.417664
2012-01-22 04:00:00,69.67894
2012-01-22 05:00:00,17.479029
2012-01-22 06:00:00,50.647625
2012-01-22 07:00:00,50.647625
2012-01-22 08:00:00,50.647625
2012-01-22 09:00:00,50.647625
2012-01-22 10:00:00,60.70548
2012-01-22 11:00:00,43.56125
2012-01-22 12:00:00,41.632523
2012-01-22 13:00:00,23.273083
2012-01-22 14:00:00,20.004211
2012-01-22 15:00:00,32.541634
2012-01-22 16:00:00,32.541634
2012-01-22 17:00:00,32.543457
2012-01-22 18:00:00,32.87181
2012-01-22 19:00:00,32.87181
2012-01-22 20:00:00,18.530254
2012-01-22 21:00:00,32.87181
2012-01-22 22:00:00,0.9905975
2012-01-22 23:00:00,0.24749875
2012-01-23 00:00:00,98.0686
2012-01-23 01:00:00,81.80555
2012-01-23 02:00:00,81.80555
2012-01-23 03:00:00,98.06857
2012-01-23 04:00:00,122.18252
2012-01-23 05:00:00,111.88093
2012-01-23 06:00:00,111.88093
2012-01-23 07:00:00,106.29343
2012-01-23 08:00:00,59.99958
2012-01-23 09:00:00,91.568214
2012-01-23 10:00:00,115.43652
2012-01-23 11:00:00,112.620384
2012-01-23 12:00:00,129.29544
2012-01-23 13:00:00,75.1906
2012-01-23 14:00:00,53.887436
2012-01-23 15:00:00,106.4019
2012-01-23 16:00:00,104.29197
2012-01-23 17:00:00,124.67205
2012-01-23 18:00:00,107.52156
2012-01-23 19:00:00,98.144775
2012-01-23 20:00:00,131.74174
2012-01-23 21:00:00,95.68606
2012-01-23 22:00:00,95.68606
2012-01-23 23:00:00,109.89081
2012-01-24 00:00:00,113.57502
2012-01-24 01:00:00,127.17267
2012-01-24 02:00:00,111.64766
2012-01-24 03:00:00,121.4866
2012-01-24 04:00:00,72.05451
2012-01-24 05:00:00,72.05451
2012-01-24 06:00:00,132.60434
2012-01-24 07:00:00,121.4866
2012-01-24 08:00:00,121.4866
2012-01-24 09:00:00,100.89743
2012-01-24 10:00:00,245.84286
2012-01-24 11:00:00,216.70288
2012-01-24 12:00:00,188.48161
2012-01-24 13:00:00,188.48161
2012-01-24 14:00:00,129.99065
2012-01-24 15:00:00,167.76427
2012-01-24 16:00:00,123.74337
2012-01-24 17:00:00,117.695244
2012-01-24 18:00:00,89.34079
2012-01-24 19:00:00,167.25847
2012-01-24 20:00:00,91.02752
2012-01-24 21:00:00,159.69289
2012-01-24 22:00:00,136.40373
2012-01-24 23:00:00,91.02752
2012-01-25 00:00:00,57.72088
2012-01-25 01:00:00,141.08372
2012-01-25 02:00:00,141.66563
2012-01-25 03:00:00,142.4849
2012-01-25 04:00:00,123.608986
2012-01-25 05:00:00,123.608986
2012-01-25 06:00:00,122.019104
2012-01-25 07:00:00,116.63969
2012-01-25 08:00:00,115.2993
2012-01-25 09:00:00,115.2993
2012-01-25 10:00:00,84.05996
2012-01-25 11:00:00,98.39947
2012-01-25 12:00:00,111.27131
2012-01-25 13:00:00,117.86494
2012-01-25 14:00:00,86.45614
2012-01-25 15:00:00,202.25816
2012-01-25 16:00:00,106.98572
2012-01-25 17:00:00,108.44754
2012-01-25 18:00:00,128.51237
2012-01-25 19:00:00,94.13839
2012-01-25 20:00:00,111.47343
2012-01-25 21:00:00,101.87246
2012-01-25 22:00:00,121.453606
2012-01-25 23:00:00,151.11324
2012-01-26 00:00:00,134.23141
2012-01-26 01:00:00,124.84198
2012-01-26 02:00:00,123.679665
2012-01-26 03:00:00,127.7148
2012-01-26 04:00:00,59.99575
2012-01-26 05:00:00,146.63814
2012-01-26 06:00:00,89.966
2012-01-26 07:00:00,89.81352
2012-01-26 08:00:00,89.81352
2012-01-26 09:00:00,108.89142
2012-01-26 10:00:00,128.93799
2012-01-26 11:00:00,97.31013
2012-01-26 12:00:00,168.1962
2012-01-26 13:00:00,254.21495
2012-01-26 14:00:00,181.54234
2012-01-26 15:00:00,178.4177
2012-01-26 16:00:00,239.74179
2012-01-26 17:00:00,226.26813
2012-01-26 18:00:00,226.26813
2012-01-26 19:00:00,221.49995
2012-01-26 20:00:00,197.26726
2012-01-26 21:00:00,221.49995
2012-01-26 22:00:00,267.057
2012-01-26 23:00:00,182.0967
2012-01-27 00:00:00,167.16713
2012-01-27 01:00:00,206.82028
2012-01-27 02:00:00,467.53488
2012-01-27 03:00:00,150.33394
2012-01-27 04:00:00,170.77942
2012-01-27 05:00:00,127.89891
2012-01-27 06:00:00,144.43079
2012-01-27 07:00:00,169.48492
2012-01-27 08:00:00,189.55115
2012-01-27 09:00:00,189.55115
2012-01-27 10:00:00,288.70685
2012-01-27 11:00:00,340.70435
2012-01-27 12:00:00,209.63179
2012-01-27 13:00:00,215.13109
2012-01-27 14:00:00,262.48428
2012-01-27 15:00:00,205.50081
2012-01-27 16:00:00,204.56242
2012-01-27 17:00:00,187.88586
2012-01-27 18:00:00,212.23499
2012-01-27 19:00:00,214.45183
2012-01-27 20:00:00,184.80792
2012-01-27 21:00:00,100.30829
2012-01-27 22:00:00,167.72905
2012-01-27 23:00:00,135.01004
2012-01-28 00:00:00,112.04487
2012-01-28 01:00:00,162.82758
2012-01-28 02:00:00,34.654953
2012-01-28 03:00:00,80.145164
2012-01-28 04:00:00,43.216537
2012-01-28 05:00:00,38.397842
2012-01-28 06:00:00,26.311356
2012-01-28 07:00:00,27.381014
2012-01-28 08:00:00,40.026264
2012-01-28 09:00:00,26.336845
2012-01-28 10:00:00,42.014347
2012-01-28 11:00:00,219.0483
2012-01-28 12:00:00,50.526485
2012-01-28 13:00:00,99.63822
2012-01-28 14:00:00,124.26787
2012-01-28 15:00:00,139.49492
2012-01-28 16:00:00,123.50711
2012-01-28 17:00:00,135.80363
2012-01-28 18:00:00,264.86826
2012-01-28 19:00:00,157.29489
2012-01-28 20:00:00,171.03137
2012-01-28 21:00:00,207.29225
2012-01-28 22:00:00,195.7881
2012-01-28 23:00:00,193.51022
2012-01-29 00:00:00,156.16797
2012-01-29 01:00:00,161.23753
2012-01-29 02:00:00,159.2023
2012-01-29 03:00:00,148.8891
2012-01-29 04:00:00,77.72694
2012-01-29 05:00:00,95.1002
2012-01-29 06:00:00,90.40992
2012-01-29 07:00:00,101.5448
2012-01-29 08:00:00,93.71972
2012-01-29 09:00:00,93.1818
2012-01-29 10:00:00,87.0983
2012-01-29 11:00:00,198.43784
2012-01-29 12:00:00,200.2345
2012-01-29 13:00:00,200.2345
2012-01-29 14:00:00,184.23212
2012-01-29 15:00:00,200.66998
2012-01-29 16:00:00,191.42343
2012-01-29 17:00:00,191.42346
2012-01-29 18:00:00,224.97675
2012-01-29 19:00:00,191.1896
2012-01-29 20:00:00,147.31375
2012-01-29 21:00:00,140.29466
2012-01-29 22:00:00,184.00429
2012-01-29 23:00:00,128.16762
2012-01-30 00:00:00,138.80106
2012-01-30 01:00:00,137.02968
2012-01-30 02:00:00,104.54448
2012-01-30 03:00:00,107.93359
2012-01-30 04:00:00,119.94273
2012-01-30 05:00:00,119.94273
2012-01-30 06:00:00,125.983635
2012-01-30 07:00:00,103.5727
2012-01-30 08:00:00,116.01488
2012-01-30 09:00:00,116.01488
2012-01-30 10:00:00,106.58375
2012-01-30 11:00:00,86.94747
2012-01-30 12:00:00,125.5823
2012-01-30 13:00:00,168.59488
2012-01-30 14:00:00,183.44211
2012-01-30 15:00:00,136.80302
2012-01-30 16:00:00,162.77441
2012-01-30 17:00:00,168.92662
2012-01-30 18:00:00,165.05135
2012-01-30 19:00:00,119.33388
2012-01-30 20:00:00,158.60461
2012-01-30 21:00:00,130.01195
2012-01-30 22:00:00,104.87287
2012-01-30 23:00:00,126.66177
2012-01-31 00:00:00,124.91658
2012-01-31 01:00:00,182.43436
2012-01-31 02:00:00,111.75844
2012-01-31 03:00:00,92.31605
2012-01-31 04:00:00,84.97478
2012-01-31 05:00:00,84.97478
2012-01-31 06:00:00,102.33023
2012-01-31 07:00:00,126.66176
2012-01-31 08:00:00,99.46083
2012-01-31 09:00:00,86.660416
2012-01-31 10:00:00,124.511
2012-01-31 11:00:00,197.72482
2012-01-31 12:00:00,168.8985
2012-01-31 13:00:00,249.18967
2012-01-31 14:00:00,274.88272
2012-01-31 15:00:00,232.70438
2012-01-31 16:00:00,232.70438
2012-01-31 17:00:00,227.15059
2012-01-31 18:00:00,182.22252
2012-01-31 19:00:00,256.68033
2012-01-31 20:00:00,93.50185
2012-01-31 21:00:00,275.33224
2012-01-31 22:00:00,238.0325
2012-01-31 23:00:00,232.39291
2012-02-20 00:00:00,64.99769
2012-02-20 01:00:00,64.99769
2012-02-20 02:00:00,64.99769
2012-02-20 03:00:00,64.89618
2012-02-20 05:00:00,116.84284
2012-02-20 06:00:00,175.32166
2012-02-20 07:00:00,58.15885
2012-02-20 08:00:00,98.89439
2012-02-20 09:00:00,98.89439
2012-02-20 10:00:00,172.69072
2012-02-20 11:00:00,168.6391
2012-02-20 12:00:00,199.08778
2012-02-20 13:00:00,153.1096
2012-02-20 14:00:00,279.66586
2012-02-20 15:00:00,275.7785
2012-02-20 16:00:00,227.99141
2012-02-20 17:00:00,249.4161
2012-02-20 18:00:00,275.7785
2012-02-20 19:00:00,275.7785
2012-02-20 20:00:00,290.0013
2012-02-20 21:00:00,239.86993
2012-02-20 22:00:00,206.02115
2012-02-20 23:00:00,102.3439
2012-02-21 00:00:00,79.56318
2012-02-21 01:00:00,122.29993
2012-02-21 02:00:00,84.61766
2012-02-21 04:00:00,57.511093
2012-02-21 05:00:00,64.417885
2012-02-21 06:00:00,98.69227
2012-02-21 07:00:00,57.511093
2012-02-21 08:00:00,98.44732
2012-02-21 09:00:00,116.89089
2012-02-21 10:00:00,139.62953
2012-02-21 11:00:00,115.84417
2012-02-21 12:00:00,91.17428
2012-02-21 13:00:00,151.06313
2012-02-21 14:00:00,95.93591
2012-02-21 15:00:00,151.06313
2012-02-21 16:00:00,195.4594
2012-02-21 17:00:00,226.13374
2012-02-21 18:00:00,226.13374
2012-02-21 19:00:00,124.42831
2012-02-21 20:00:00,93.747345
2012-02-21 21:00:00,119.03587
2012-02-21 22:00:00,160.48277
2012-02-21 23:00:00,117.23635
2012-02-22 00:00:00,117.23635
2012-02-22 01:00:00,142.35738
2012-02-22 02:00:00,120.389046
2012-02-22 03:00:00,131.15201
2012-02-22 04:00:00,130.86816
2012-02-22 05:00:00,151.9044
2012-02-22 06:00:00,150.33336
2012-02-22 07:00:00,147.20956
2012-02-22 08:00:00,142.76234
2012-02-22 09:00:00,121.282814
2012-02-22 10:00:00,127.29788
2012-02-22 11:00:00,120.10505
2012-02-22 12:00:00,104.271065
2012-02-22 13:00:00,134.34996
2012-02-22 14:00:00,145.40057
2012-02-22 15:00:00,356.62128
2012-02-22 16:00:00,325.6482
2012-02-22 17:00:00,311.84772
2012-02-22 18:00:00,181.17867
2012-02-22 19:00:00,189.48405
2012-02-22 20:00:00,255.73723
2012-02-22 21:00:00,193.43408
2012-02-22 22:00:00,194.9871
2012-02-22 23:00:00,189.9371
2012-02-23 00:00:00,194.9871
2012-02-23 01:00:00,150.61095
2012-02-23 02:00:00,141.11058
2012-02-23 03:00:00,165.70598
2012-02-23 04:00:00,123.19551
2012-02-23 05:00:00,123.19551
2012-02-23 06:00:00,174.21788
2012-02-23 07:00:00,129.99065
2012-02-23 08:00:00,177.12563
2012-02-23 09:00:00,131.69797
2012-02-23 10:00:00,122.074554
2012-02-23 11:00:00,223.6328
2012-02-23 12:00:00,252.38377
2012-02-23 13:00:00,259.1773
2012-02-23 14:00:00,298.34088
2012-02-23 15:00:00,218.83195
2012-02-23 16:00:00,376.76172
2012-02-23 17:00:00,261.01312
2012-02-23 18:00:00,223.68353
2012-02-23 19:00:00,207.29823
2012-02-23 20:00:00,236.9685
2012-02-23 21:00:00,160.58456
2012-02-23 22:00:00,134.96942
2012-02-23 23:00:00,130.08989
2012-02-24 00:00:00,119.67034
2012-02-24 01:00:00,129.10968
2012-02-24 02:00:00,117.05098
2012-02-24 03:00:00,223.12697
2012-02-24 04:00:00,353.41916
2012-02-24 05:00:00,215.04361
2012-02-24 06:00:00,210.01047
2012-02-24 07:00:00,162.15633
2012-02-24 08:00:00,117.25028
2012-02-24 09:00:00,86.02749
2012-02-24 10:00:00,173.86942
2012-02-24 11:00:00,169.91121
2012-02-24 12:00:00,173.7098
2012-02-24 13:00:00,178.4177
2012-02-24 14:00:00,167.46782
2012-02-24 15:00:00,187.05379
2012-02-24 16:00:00,187.05379
2012-02-24 17:00:00,215.29613
2012-02-24 18:00:00,118.60696
2012-02-24 19:00:00,279.87738
2012-02-24 20:00:00,193.4806
2012-02-24 21:00:00,97.752174
2012-02-24 22:00:00,218.67847
2012-02-24 23:00:00,216.08363
2012-02-25 00:00:00,123.990105
2012-02-25 01:00:00,114.82157
2012-02-25 02:00:00,134.3946
2012-02-25 03:00:00,101.264114
2012-02-25 04:00:00,98.00117
2012-02-25 05:00:00,71.14419
2012-02-25 06:00:00,71.14419
2012-02-25 07:00:00,105.429794
2012-02-25 08:00:00,77.62366
2012-02-25 09:00:00,110.47878
2012-02-25 10:00:00,32.978146
2012-02-25 11:00:00,138.74284
2012-02-25 12:00:00,64.66742
2012-02-25 13:00:00,170.16902
2012-02-25 14:00:00,97.355804
2012-02-25 15:00:00,171.46677
2012-02-25 16:00:00,59.542873
2012-02-25 17:00:00,127.94225
2012-02-25 18:00:00,75.50113
2012-02-25 19:00:00,113.66479
2012-02-25 20:00:00,94.80714
2012-02-25 21:00:00,94.28516
2012-02-25 22:00:00,111.94412
2012-02-25 23:00:00,104.548805
2012-02-26 00:00:00,106.73213
2012-02-26 01:00:00,87.928116
2012-02-26 02:00:00,87.928116
2012-02-26 03:00:00,122.06294
2012-02-26 04:00:00,122.06294
2012-02-26 05:00:00,112.93037
2012-02-26 06:00:00,70.12664
2012-02-26 07:00:00,63.641685
2012-02-26 08:00:00,62.236977
2012-02-26 09:00:00,95.35036
2012-02-26 10:00:00,119.12586
2012-02-26 11:00:00,97.14481
2012-02-26 12:00:00,97.972694
2012-02-26 13:00:00,155.50964
2012-02-26 14:00:00,210.79031
2012-02-26 15:00:00,244.64189
2012-02-26 16:00:00,192.42325
2012-02-26 17:00:00,235.37321
2012-02-26 18:00:00,144.86856
2012-02-26 19:00:00,175.5362
2012-02-26 20:00:00,104.93712
2012-02-26 21:00:00,143.02104
2012-02-26 22:00:00,151.04584
2012-02-26 23:00:00,50.527252
2012-02-27 00:00:00,124.73818
2012-02-27 01:00:00,134.47643
2012-02-27 02:00:00,115.811005
2012-02-27 03:00:00,139.51833
2012-02-27 04:00:00,151.39941
2012-02-27 05:00:00,151.39941
2012-02-27 06:00:00,115.2993
2012-02-27 07:00:00,126.30037
2012-02-27 08:00:00,90.77203
2012-02-27 09:00:00,126.66176
2012-02-27 10:00:00,109.10637
2012-02-27 11:00:00,142.77138
2012-02-27 12:00:00,219.27357
2012-02-27 13:00:00,176.75626
2012-02-27 14:00:00,237.65965
2012-02-27 15:00:00,245.7057
2012-02-27 16:00:00,232.70438
2012-02-27 17:00:00,195.35762
2012-02-27 18:00:00,284.2992
2012-02-27 19:00:00,316.82504
2012-02-27 20:00:00,346.64764
2012-02-27 21:00:00,237.65965
2012-02-27 22:00:00,212.45107
2012-02-27 23:00:00,154.31798
2012-02-28 00:00:00,159.06532
2012-02-28 01:00:00,111.39478
2012-02-28 02:00:00,111.055084
2012-02-28 03:00:00,293.52863
2012-02-28 04:00:00,173.47351
2012-02-28 05:00:00,173.47351
2012-02-28 06:00:00,166.05957
2012-02-28 07:00:00,163.80193
2012-02-28 08:00:00,145.88611
2012-02-28 09:00:00,124.28902
2012-02-28 10:00:00,182.43436
2012-02-28 11:00:00,155.10187
2012-02-28 12:00:00,214.81471
2012-02-28 13:00:00,202.5926
2012-02-28 14:00:00,174.54126
2012-02-28 15:00:00,211.59268
2012-02-28 16:00:00,200.71236
2012-02-28 17:00:00,211.59268
2012-02-28 18:00:00,227.46176
2012-02-28 19:00:00,217.35303
2012-02-28 20:00:00,223.62263
2012-02-28 21:00:00,135.68997
2012-02-28 22:00:00,135.68997
2012-02-28 23:00:00,88.692894
2012-02-29 00:00:00,90.432625
2012-02-29 01:00:00,106.06943
2012-02-29 02:00:00,97.614845
2012-02-29 03:00:00,114.46252
2012-02-29 05:00:00,102.90055
2012-02-29 06:00:00,127.7148
2012-02-29 07:00:00,105.84678
2012-02-29 08:00:00,134.23141
2012-02-29 09:00:00,95.81643
2012-02-29 10:00:00,95.81643
2012-02-29 11:00:00,71.98761
2012-02-29 12:00:00,110.82409
2012-02-29 13:00:00,124.551636
2012-02-29 14:00:00,124.551636
2012-02-29 15:00:00,131.66597
2012-02-29 16:00:00,164.35516
2012-02-29 17:00:00,210.01047
2012-02-29 18:00:00,239.63191
2012-02-29 19:00:00,226.50262
2012-02-29 20:00:00,247.36865
2012-02-29 21:00:00,247.36865
2012-02-29 22:00:00,124.27709
2012-02-29 23:00:00,124.27709
2012-03-20 00:00:00,199.26334
2012-03-20 01:00:00,570.4621
2012-03-20 02:00:00,475.31595
2012-03-20 03:00:00,282.56833
2012-03-20 04:00:00,296.67276
2012-03-20 05:00:00,254.39566
2012-03-20 06:00:00,267.02405
2012-03-20 07:00:00,235.94719
2012-03-20 08:00:00,347.77145
2012-03-20 09:00:00,263.11484
2012-03-20 10:00:00,146.2436
2012-03-20 11:00:00,347.72668
2012-03-20 12:00:00,265.95496
2012-03-20 13:00:00,312.49582
2012-03-20 14:00:00,239.25589
2012-03-20 15:00:00,272.38617
2012-03-20 16:00:00,391.03775
2012-03-20 17:00:00,307.91138
2012-03-20 18:00:00,272.29736
2012-03-20 19:00:00,352.19794
2012-03-20 20:00:00,275.0281
2012-03-20 21:00:00,431.3116
2012-03-20 22:00:00,489.9887
2012-03-20 23:00:00,522.38367
2012-03-21 00:00:00,207.5931
2012-03-21 01:00:00,56.659576
2012-03-21 02:00:00,45.247486
2012-03-21 03:00:00,209.34393
2012-03-21 04:00:00,103.48939
2012-03-21 05:00:00,103.48939
2012-03-21 06:00:00,134.03555
2012-03-21 07:00:00,135.75185
2012-03-21 08:00:00,179.0993
2012-03-21 09:00:00,152.80199
2012-03-21 10:00:00,199.29044
2012-03-21 11:00:00,199.29044
2012-03-21 12:00:00,137.45238
2012-03-21 13:00:00,294.7415
2012-03-21 14:00:00,152.16125
2012-03-21 15:00:00,152.16125
2012-03-21 16:00:00,245.00488
2012-03-21 17:00:00,171.09785
2012-03-21 18:00:00,210.30014
2012-03-21 19:00:00,191.47327
2012-03-21 20:00:00,108.15389
2012-03-21 21:00:00,58.68634
2012-03-21 22:00:00,90.611046
2012-03-21 23:00:00,282.8473
2012-03-22 00:00:00,56.659576
2012-03-22 01:00:00,56.659576
2012-03-22 02:00:00,56.659576
2012-03-22 03:00:00,56.659576
2012-03-22 04:00:00,77.17594
2012-03-22 05:00:00,77.17594
2012-03-22 06:00:00,77.17594
2012-03-22 07:00:00,77.17594
2012-03-22 08:00:00,103.71646
2012-03-22 09:00:00,103.71646
2012-03-22 10:00:00,83.18246
2012-03-22 11:00:00,187.67723
2012-03-22 12:00:00,276.96597
2012-03-22 13:00:00,123.3394
2012-03-22 14:00:00,183.27124
2012-03-22 15:00:00,335.5719
2012-03-22 16:00:00,339.2794
2012-03-22 17:00:00,353.54327
2012-03-22 18:00:00,353.54327
2012-03-22 19:00:00,186.6738
2012-03-22 20:00:00,210.68289
2012-03-22 21:00:00,155.78706
2012-03-22 22:00:00,130.01819
2012-03-22 23:00:00,76.92957
2012-03-23 00:00:00,275.9118
2012-03-23 01:00:00,261.95825
2012-03-23 02:00:00,51.032516
2012-03-23 03:00:00,51.901016
2012-03-23 04:00:00,96.87261
2012-03-23 05:00:00,145.19923
2012-03-23 06:00:00,227.04695
2012-03-23 07:00:00,97.43666
2012-03-23 08:00:00,96.42808
2012-03-23 09:00:00,130.24669
2012-03-23 10:00:00,174.39194
2012-03-23 11:00:00,247.98218
2012-03-23 12:00:00,231.64014
2012-03-23 13:00:00,334.10742
2012-03-23 14:00:00,265.98718
2012-03-23 15:00:00,285.53906
2012-03-23 16:00:00,272.9466
2012-03-23 17:00:00,272.9466
2012-03-23 18:00:00,383.1877
2012-03-23 19:00:00,312.4862
2012-03-23 20:00:00,293.29636
2012-03-23 21:00:00,278.05362
2012-03-23 22:00:00,239.85045
2012-03-23 23:00:00,225.94641
2012-03-24 00:00:00,77.62553
2012-03-24 01:00:00,96.92569
2012-03-24 02:00:00,116.10437
2012-03-24 03:00:00,116.10437
2012-03-24 04:00:00,91.4687
2012-03-24 05:00:00,97.77745
2012-03-24 06:00:00,97.77745
2012-03-24 07:00:00,85.61898
2012-03-24 08:00:00,74.096436
2012-03-24 09:00:00,105.17406
2012-03-24 10:00:00,94.564224
2012-03-24 11:00:00,74.096436
2012-03-24 12:00:00,86.95193
2012-03-24 13:00:00,85.68949
2012-03-24 14:00:00,160.91786
2012-03-24 15:00:00,106.619446
2012-03-24 16:00:00,111.96886
2012-03-24 17:00:00,102.53255
2012-03-24 18:00:00,109.84209
2012-03-24 19:00:00,145.61316
2012-03-24 20:00:00,102.667366
2012-03-24 21:00:00,102.667366
2012-03-24 22:00:00,96.28681
2012-03-24 23:00:00,32.903698
2012-03-25 00:00:00,32.903698
2012-03-25 01:00:00,39.10482
2012-03-25 02:00:00,61.62419
2012-03-25 03:00:00,91.18915
2012-03-25 04:00:00,41.293987
2012-03-25 05:00:00,36.370426
2012-03-25 06:00:00,36.370426
2012-03-25 07:00:00,64.823395
2012-03-25 08:00:00,64.823395
2012-03-25 09:00:00,32.072937
2012-03-25 10:00:00,61.43864
2012-03-25 11:00:00,32.072937
2012-03-25 12:00:00,47.342987
2012-03-25 13:00:00,74.49556
2012-03-25 14:00:00,71.26065
2012-03-25 15:00:00,65.09086
2012-03-25 16:00:00,75.743
2012-03-25 17:00:00,113.41451
2012-03-25 18:00:00,113.41451
2012-03-25 19:00:00,112.9458
2012-03-25 20:00:00,104.621635
2012-03-25 21:00:00,106.73878
2012-03-25 22:00:00,81.65322
2012-03-25 23:00:00,89.62855
2012-03-26 00:00:00,164.18959
2012-03-26 01:00:00,182.73741
2012-03-26 02:00:00,53.864304
2012-03-26 03:00:00,81.085754
2012-03-26 04:00:00,39.927883
2012-03-26 05:00:00,57.689514
2012-03-26 06:00:00,49.05621
2012-03-26 07:00:00,267.0664
2012-03-26 08:00:00,98.7526
2012-03-26 09:00:00,209.47617
2012-03-26 10:00:00,308.3985
2012-03-26 11:00:00,325.65405
2012-03-26 12:00:00,348.13867
2012-03-26 13:00:00,304.95767
2012-03-26 14:00:00,390.63077
2012-03-26 15:00:00,331.5644
2012-03-26 16:00:00,323.22415
2012-03-26 17:00:00,410.25122
2012-03-26 18:00:00,393.18933
2012-03-26 19:00:00,376.34247
2012-03-26 20:00:00,300.0329
2012-03-26 21:00:00,300.66586
2012-03-26 22:00:00,283.88074
2012-03-26 23:00:00,212.21732
2012-03-27 00:00:00,207.41101
2012-03-27 01:00:00,198.4751
2012-03-27 02:00:00,129.93686
2012-03-27 03:00:00,134.72012
2012-03-27 04:00:00,129.43262
2012-03-27 05:00:00,131.33559
2012-03-27 06:00:00,94.26232
2012-03-27 07:00:00,94.26232
2012-03-27 08:00:00,129.58415
2012-03-27 09:00:00,106.742195
2012-03-27 10:00:00,109.07999
2012-03-27 11:00:00,166.5803
2012-03-27 12:00:00,182.7987
2012-03-27 13:00:00,125.69744
2012-03-27 14:00:00,131.19353
2012-03-27 15:00:00,132.98195
2012-03-27 16:00:00,132.98195
2012-03-27 17:00:00,183.39655
2012-03-27 18:00:00,157.6603
2012-03-27 19:00:00,148.09352
2012-03-27 20:00:00,157.6603
2012-03-27 21:00:00,190.39746
2012-03-27 22:00:00,186.98117
2012-03-27 23:00:00,178.70255
2012-03-28 00:00:00,143.61852
2012-03-28 01:00:00,135.2913
2012-03-28 02:00:00,189.86578
2012-03-28 03:00:00,174.07004
2012-03-28 04:00:00,149.1232
2012-03-28 05:00:00,149.1232
2012-03-28 06:00:00,180.89171
2012-03-28 07:00:00,176.5255
2012-03-28 08:00:00,191.06517
2012-03-28 09:00:00,209.01955
2012-03-28 10:00:00,297.72177
2012-03-28 11:00:00,305.62726
2012-03-28 12:00:00,285.9872
2012-03-28 13:00:00,302.7745
2012-03-28 14:00:00,350.18732
2012-03-28 15:00:00,318.91263
2012-03-28 16:00:00,79.621735
2012-03-28 17:00:00,224.4019
2012-03-28 18:00:00,224.4019
2012-03-28 19:00:00,198.91116
2012-03-28 20:00:00,269.6678
2012-03-28 21:00:00,232.69882
2012-03-28 22:00:00,224.70128
2012-03-28 23:00:00,134.31618
2012-03-29 00:00:00,161.92441
2012-03-29 01:00:00,239.26886
2012-03-29 02:00:00,418.69873
2012-03-29 03:00:00,380.87152
2012-03-29 04:00:00,308.04758
2012-03-29 05:00:00,206.41438
2012-03-29 06:00:00,112.88844
2012-03-29 07:00:00,186.47449
2012-03-29 08:00:00,253.0556
2012-03-29 09:00:00,281.01178
2012-03-29 10:00:00,242.12587
2012-03-29 11:00:00,294.5573
2012-03-29 12:00:00,286.95108
2012-03-29 13:00:00,210.34216
2012-03-29 14:00:00,310.08197
2012-03-29 15:00:00,353.5752
2012-03-29 16:00:00,361.97614
2012-03-29 17:00:00,359.2494
2012-03-29 18:00:00,267.57278
2012-03-29 19:00:00,241.06157
2012-03-29 20:00:00,231.75096
2012-03-29 21:00:00,193.67688
2012-03-29 22:00:00,173.20909
2012-03-29 23:00:00,158.15088
2012-03-30 00:00:00,135.08638
2012-03-30 01:00:00,110.12836
2012-03-30 02:00:00,200.0594
2012-03-30 03:00:00,69.46653
2012-03-30 04:00:00,106.62901
2012-03-30 05:00:00,69.081696
2012-03-30 06:00:00,88.377525
2012-03-30 07:00:00,80.003075
2012-03-30 08:00:00,62.929916
2012-03-30 09:00:00,99.89574
2012-03-30 10:00:00,94.68403
2012-03-30 11:00:00,106.00598
2012-03-30 12:00:00,107.52636
2012-03-30 13:00:00,104.23014
2012-03-30 14:00:00,110.03451
2012-03-30 15:00:00,109.95335
2012-03-30 16:00:00,90.9479
2012-03-30 17:00:00,106.602
2012-03-30 18:00:00,134.88327
2012-03-30 19:00:00,91.73781
2012-03-30 20:00:00,197.32916
2012-03-30 21:00:00,78.67625
2012-03-30 22:00:00,60.86179
2012-03-30 23:00:00,78.63163
2012-03-31 00:00:00,58.06432
2012-03-31 01:00:00,93.58798
2012-03-31 02:00:00,72.25285
2012-03-31 03:00:00,66.167915
2012-03-31 04:00:00,33.865067
2012-03-31 05:00:00,49.899326
2012-03-31 06:00:00,87.220764
2012-03-31 07:00:00,87.220764
2012-03-31 08:00:00,53.45738
2012-03-31 09:00:00,93.58798
2012-03-31 10:00:00,140.1745
2012-03-31 11:00:00,97.79981
2012-03-31 12:00:00,52.499622
2012-03-31 13:00:00,108.80637
2012-03-31 14:00:00,136.5564
2012-03-31 15:00:00,227.56479
2012-03-31 16:00:00,195.1699
2012-03-31 17:00:00,116.745346
2012-03-31 18:00:00,109.672165
2012-03-31 19:00:00,92.66241
2012-03-31 20:00:00,123.13625
2012-03-31 21:00:00,123.13625
2012-03-31 22:00:00,126.859245
2012-03-31 23:00:00,79.762314
2012-04-20 00:00:00,149.09186
2012-04-20 01:00:00,81.085754
2012-04-20 02:00:00,33.55143
2012-04-20 03:00:00,33.879505
2012-04-20 04:00:00,71.41226
2012-04-20 05:00:00,32.156055
2012-04-20 06:00:00,35.153862
2012-04-20 07:00:00,32.156055
2012-04-20 08:00:00,31.401596
2012-04-20 09:00:00,36.834976
2012-04-20 10:00:00,162.25432
2012-04-20 11:00:00,147.98021
2012-04-20 12:00:00,200.97809
2012-04-20 13:00:00,306.61142
2012-04-20 14:00:00,349.5298
2012-04-20 15:00:00,283.68652
2012-04-20 16:00:00,356.79114
2012-04-20 17:00:00,310.7427
2012-04-20 18:00:00,296.21652
2012-04-20 19:00:00,203.75087
2012-04-20 20:00:00,218.21135
2012-04-20 21:00:00,137.26085
2012-04-20 22:00:00,137.46053
2012-04-20 23:00:00,110.38112
2012-04-21 00:00:00,125.7942
2012-04-21 01:00:00,125.7942
2012-04-21 02:00:00,116.32209
2012-04-21 03:00:00,105.30749
2012-04-21 04:00:00,99.47139
2012-04-21 05:00:00,99.47139
2012-04-21 06:00:00,105.30747
2012-04-21 07:00:00,106.27467
2012-04-21 08:00:00,122.02449
2012-04-21 09:00:00,130.9228
2012-04-21 10:00:00,452.56302
2012-04-21 11:00:00,534.14545
2012-04-21 12:00:00,325.4745
2012-04-21 13:00:00,295.2658
2012-04-21 14:00:00,475.0477
2012-04-21 15:00:00,606.59283
2012-04-21 16:00:00,614.9115
2012-04-21 17:00:00,659.52155
2012-04-21 18:00:00,318.2448
2012-04-21 19:00:00,218.07973
2012-04-21 20:00:00,156.60944
2012-04-21 21:00:00,161.41222
2012-04-21 22:00:00,88.98468
2012-04-21 23:00:00,70.91183
2012-04-22 00:00:00,70.38676
2012-04-22 01:00:00,53.249405
2012-04-22 02:00:00,100.9149
2012-04-22 03:00:00,81.93786
2012-04-22 04:00:00,126.19991
2012-04-22 05:00:00,101.18378
2012-04-22 06:00:00,176.7686
2012-04-22 07:00:00,119.12894
2012-04-22 08:00:00,88.58163
2012-04-22 09:00:00,88.58163
2012-04-22 10:00:00,89.81493
2012-04-22 11:00:00,76.45281
2012-04-22 12:00:00,85.800545
2012-04-22 13:00:00,97.39563
2012-04-22 14:00:00,85.800545
2012-04-22 15:00:00,88.65963
2012-04-22 16:00:00,85.052956
2012-04-22 17:00:00,90.544785
2012-04-22 18:00:00,90.544785
2012-04-22 19:00:00,80.54492
2012-04-22 20:00:00,96.23628
2012-04-22 21:00:00,109.855446
2012-04-22 22:00:00,74.92994
2012-04-22 23:00:00,117.35118
2012-04-23 00:00:00,57.437508
2012-04-23 01:00:00,45.701134
2012-04-23 02:00:00,63.869774
2012-04-23 03:00:00,97.468994
2012-04-23 04:00:00,39.008377
2012-04-23 05:00:00,39.008377
2012-04-23 06:00:00,57.082535
2012-04-23 07:00:00,50.12196
2012-04-23 08:00:00,52.088196
2012-04-23 09:00:00,49.24183
2012-04-23 10:00:00,69.634705
2012-04-23 11:00:00,59.710262
2012-04-23 12:00:00,39.937965
2012-04-23 13:00:00,49.58278
2012-04-23 14:00:00,65.3772
2012-04-23 15:00:00,95.51858
2012-04-23 16:00:00,38.655365
2012-04-23 17:00:00,27.574408
2012-04-23 18:00:00,90.28457
2012-04-23 19:00:00,64.92534
2012-04-23 20:00:00,89.49964
2012-04-23 21:00:00,68.52121
2012-04-23 22:00:00,101.664665
2012-04-23 23:00:00,54.448593
2012-04-24 00:00:00,84.24281
2012-04-24 01:00:00,85.4714
2012-04-24 02:00:00,36.688835
2012-04-24 03:00:00,45.744366
2012-04-24 04:00:00,125.62255
2012-04-24 05:00:00,125.62255
2012-04-24 06:00:00,128.83418
2012-04-24 07:00:00,130.95209
2012-04-24 08:00:00,147.31418
2012-04-24 09:00:00,205.06354
2012-04-24 10:00:00,158.15088
2012-04-24 11:00:00,376.4573
2012-04-24 12:00:00,379.8093
2012-04-24 13:00:00,373.36975
2012-04-24 14:00:00,364.10733
2012-04-24 15:00:00,396.13422
2012-04-24 16:00:00,341.52118
2012-04-24 17:00:00,413.9544
2012-04-24 18:00:00,239.15875
2012-04-24 19:00:00,239.48392
2012-04-24 20:00:00,337.0281
2012-04-24 21:00:00,103.26707
2012-04-24 22:00:00,246.35947
2012-04-24 23:00:00,226.57318
2012-04-25 00:00:00,190.13875
2012-04-25 01:00:00,126.33481
2012-04-25 02:00:00,172.7131
2012-04-25 03:00:00,54.89501
2012-04-25 04:00:00,57.760826
2012-04-25 05:00:00,103.3583
2012-04-25 06:00:00,103.3583
2012-04-25 07:00:00,46.412945
2012-04-25 08:00:00,42.46612
2012-04-25 09:00:00,119.46489
2012-04-25 10:00:00,271.05267
2012-04-25 11:00:00,277.49924
2012-04-25 12:00:00,403.38577
2012-04-25 13:00:00,375.3306
2012-04-25 14:00:00,362.5804
2012-04-25 15:00:00,418.66495
2012-04-25 16:00:00,361.48203
2012-04-25 17:00:00,390.14368
2012-04-25 18:00:00,402.04706
2012-04-25 19:00:00,460.58548
2012-04-25 20:00:00,370.655
2012-04-25 21:00:00,224.26552
2012-04-25 22:00:00,163.61623
2012-04-25 23:00:00,138.3168
2012-04-26 00:00:00,106.472946
2012-04-26 01:00:00,121.27611
2012-04-26 02:00:00,139.1183
2012-04-26 03:00:00,139.04291
2012-04-26 04:00:00,123.32867
2012-04-26 05:00:00,127.642624
2012-04-26 06:00:00,156.67496
2012-04-26 07:00:00,88.50189
2012-04-26 08:00:00,118.85618
2012-04-26 09:00:00,130.5558
2012-04-26 10:00:00,111.86967
2012-04-26 11:00:00,124.92816
2012-04-26 12:00:00,147.32193
2012-04-26 13:00:00,179.96866
2012-04-26 14:00:00,128.1929
2012-04-26 15:00:00,143.56555
2012-04-26 16:00:00,146.34998
2012-04-26 17:00:00,122.60272
2012-04-26 18:00:00,128.1929
2012-04-26 19:00:00,141.8386
2012-04-26 20:00:00,202.96742
2012-04-26 21:00:00,141.5608
2012-04-26 22:00:00,90.611046
2012-04-26 23:00:00,49.90748
2012-04-27 00:00:00,327.01245
2012-04-27 01:00:00,328.37256
2012-04-27 02:00:00,287.41785
2012-04-27 03:00:00,222.80692
2012-04-27 04:00:00,191.60677
2012-04-27 05:00:00,255.28961
2012-04-27 06:00:00,172.50186
2012-04-27 07:00:00,110.12836
2012-04-27 08:00:00,102.69031
2012-04-27 09:00:00,217.81856
2012-04-27 10:00:00,326.41415
2012-04-27 11:00:00,298.9125
2012-04-27 12:00:00,346.11026
2012-04-27 13:00:00,374.7169
2012-04-27 14:00:00,368.12622
2012-04-27 15:00:00,415.92938
2012-04-27 16:00:00,398.86316
2012-04-27 17:00:00,375.46805
2012-04-27 18:00:00,338.74426
2012-04-27 19:00:00,368.92136
2012-04-27 20:00:00,322.61978
2012-04-27 21:00:00,336.8316
2012-04-27 22:00:00,184.96324
2012-04-27 23:00:00,163.54413
2012-04-28 00:00:00,176.41809
2012-04-28 01:00:00,166.56265
2012-04-28 02:00:00,143.764
2012-04-28 03:00:00,269.80255
2012-04-28 04:00:00,215.94376
2012-04-28 05:00:00,153.92136
2012-04-28 06:00:00,259.19922
2012-04-28 07:00:00,215.94376
2012-04-28 08:00:00,171.4377
2012-04-28 09:00:00,132.05031
2012-04-28 10:00:00,158.22707
2012-04-28 11:00:00,99.59675
2012-04-28 12:00:00,121.93951
2012-04-28 13:00:00,135.06145
2012-04-28 14:00:00,163.82181
2012-04-28 15:00:00,224.48541
2012-04-28 16:00:00,185.90646
2012-04-28 17:00:00,140.83778
2012-04-28 18:00:00,127.63879
2012-04-28 19:00:00,27.77593
2012-04-28 20:00:00,81.75705
2012-04-28 21:00:00,75.25755
2012-04-28 22:00:00,119.150185
2012-04-28 23:00:00,154.5258
2012-04-29 00:00:00,93.42873
2012-04-29 01:00:00,115.810684
2012-04-29 02:00:00,86.31898
2012-04-29 03:00:00,53.457363
2012-04-29 04:00:00,105.80712
2012-04-29 05:00:00,29.195095
2012-04-29 06:00:00,43.768692
2012-04-29 07:00:00,82.67295
2012-04-29 08:00:00,60.094078
2012-04-29 09:00:00,68.58621
2012-04-29 10:00:00,86.45858
2012-04-29 11:00:00,164.5283
2012-04-29 12:00:00,186.5655
2012-04-29 13:00:00,196.49808
2012-04-29 14:00:00,351.8299
2012-04-29 15:00:00,359.45016
2012-04-29 16:00:00,555.66266
2012-04-29 17:00:00,666.98737
2012-04-29 18:00:00,601.8083
2012-04-29 19:00:00,407.86835
2012-04-29 20:00:00,419.8081
2012-04-29 21:00:00,217.46771
2012-04-29 22:00:00,233.55739
2012-04-29 23:00:00,74.98157
2012-04-30 00:00:00,59.788116
2012-04-30 01:00:00,42.50959
2012-04-30 02:00:00,59.688175
2012-04-30 03:00:00,57.494217
2012-04-30 04:00:00,123.86204
2012-04-30 05:00:00,123.86204
2012-04-30 06:00:00,162.92545
2012-04-30 07:00:00,154.26575
2012-04-30 08:00:00,174.06265
2012-04-30 09:00:00,182.76529
2012-04-30 10:00:00,212.5665
2012-04-30 11:00:00,105.545
2012-04-30 12:00:00,176.42278
2012-04-30 13:00:00,134.34117
2012-04-30 14:00:00,177.24713
2012-04-30 15:00:00,160.13849
2012-04-30 16:00:00,208.97186
2012-04-30 17:00:00,223.84547
2012-04-30 18:00:00,221.84293
2012-04-30 19:00:00,196.61858
2012-04-30 20:00:00,230.24005
2012-04-30 21:00:00,230.24005
2012-04-30 22:00:00,242.27254
2012-04-30 23:00:00,212.34303
2012-05-20 00:00:00,264.44382
2012-05-20 01:00:00,280.60492
2012-05-20 02:00:00,280.60492
2012-05-20 03:00:00,157.30525
2012-05-20 04:00:00,112.63171
2012-05-20 05:00:00,114.19102
2012-05-20 06:00:00,102.526344
2012-05-20 07:00:00,124.192665
2012-05-20 08:00:00,225.07784
2012-05-20 09:00:00,627.9756
2012-05-20 10:00:00,701.6426
2012-05-20 11:00:00,675.1133
2012-05-20 12:00:00,701.50415
2012-05-20 13:00:00,661.88513
2012-05-20 14:00:00,714.1886
2012-05-20 15:00:00,513.5242
2012-05-20 16:00:00,641.00507
2012-05-20 17:00:00,571.97723
2012-05-20 18:00:00,455.38318
2012-05-20 19:00:00,443.22107
2012-05-20 20:00:00,443.2212
2012-05-20 21:00:00,490.68674
2012-05-20 22:00:00,473.3765
2012-05-20 23:00:00,140.18053
2012-05-21 00:00:00,153.86896
2012-05-21 01:00:00,152.213
2012-05-21 02:00:00,139.383
2012-05-21 03:00:00,225.57654
2012-05-21 04:00:00,148.8924
2012-05-21 05:00:00,148.8924
2012-05-21 06:00:00,148.8924
2012-05-21 07:00:00,148.8924
2012-05-21 08:00:00,137.98523
2012-05-21 09:00:00,122.1399
2012-05-21 10:00:00,150.4882
2012-05-21 11:00:00,156.24625
2012-05-21 12:00:00,158.28827
2012-05-21 13:00:00,170.75883
2012-05-21 14:00:00,129.65276
2012-05-21 15:00:00,230.80151
2012-05-21 16:00:00,212.6669
2012-05-21 17:00:00,227.21425
2012-05-21 18:00:00,187.05681
2012-05-21 19:00:00,261.86243
2012-05-21 20:00:00,279.94772
2012-05-21 21:00:00,205.82063
2012-05-21 22:00:00,185.25616
2012-05-21 23:00:00,210.68289
2012-05-22 00:00:00,275.81833
2012-05-22 01:00:00,140.80843
2012-05-22 02:00:00,148.64182
2012-05-22 03:00:00,148.64182
2012-05-22 04:00:00,220.21805
2012-05-22 05:00:00,126.22372
2012-05-22 06:00:00,76.05768
2012-05-22 07:00:00,76.05768
2012-05-22 08:00:00,153.87296
2012-05-22 09:00:00,140.63484
2012-05-22 10:00:00,173.23882
2012-05-22 11:00:00,148.6702
2012-05-22 12:00:00,195.98743
2012-05-22 13:00:00,252.04973
2012-05-22 14:00:00,269.00272
2012-05-22 15:00:00,343.43
2012-05-22 16:00:00,361.4748
2012-05-22 17:00:00,215.29341
2012-05-22 18:00:00,370.40265
2012-05-22 19:00:00,385.279
2012-05-22 20:00:00,273.26288
2012-05-22 21:00:00,162.74258
2012-05-22 22:00:00,195.72453
2012-05-22 23:00:00,184.83989
2012-05-23 00:00:00,162.74258
2012-05-23 01:00:00,112.09569
2012-05-23 02:00:00,156.24625
2012-05-23 03:00:00,144.58246
2012-05-23 04:00:00,119.79257
2012-05-23 05:00:00,137.98523
2012-05-23 06:00:00,58.431026
2012-05-23 07:00:00,267.93915
2012-05-23 08:00:00,267.93915
2012-05-23 09:00:00,143.93217
2012-05-23 10:00:00,175.26987
2012-05-23 11:00:00,235.65262
2012-05-23 12:00:00,278.02338
2012-05-23 13:00:00,220.10852
2012-05-23 14:00:00,371.1781
2012-05-23 15:00:00,274.6858
2012-05-23 16:00:00,138.1737
2012-05-23 17:00:00,134.92613
2012-05-23 18:00:00,134.92613
2012-05-23 19:00:00,152.90971
2012-05-23 20:00:00,136.14392
2012-05-23 21:00:00,175.88159
2012-05-23 22:00:00,152.90971
2012-05-23 23:00:00,88.11198
2012-05-24 00:00:00,107.107765
2012-05-24 01:00:00,71.46871
2012-05-24 02:00:00,267.71216
2012-05-24 03:00:00,196.27835
2012-05-24 04:00:00,293.09918
2012-05-24 05:00:00,293.09918
2012-05-24 06:00:00,293.09918
2012-05-24 07:00:00,96.59894
2012-05-24 08:00:00,179.86526
2012-05-24 09:00:00,196.16692
2012-05-24 10:00:00,349.10312
2012-05-24 11:00:00,363.54404
2012-05-24 12:00:00,384.0277
2012-05-24 13:00:00,388.5105
2012-05-24 14:00:00,531.3365
2012-05-24 15:00:00,617.555
2012-05-24 16:00:00,531.441
2012-05-24 17:00:00,640.2377
2012-05-24 18:00:00,540.57745
2012-05-24 19:00:00,490.8617
2012-05-24 20:00:00,246.27501
2012-05-24 21:00:00,113.13403
2012-05-24 22:00:00,209.60843
2012-05-24 23:00:00,187.39056
2012-05-25 00:00:00,102.05382
2012-05-25 01:00:00,126.23402
2012-05-25 02:00:00,175.88159
2012-05-25 03:00:00,202.81487
2012-05-25 04:00:00,277.93927
2012-05-25 05:00:00,209.28477
2012-05-25 06:00:00,202.81487
2012-05-25 07:00:00,282.43933
2012-05-25 08:00:00,210.83916
2012-05-25 09:00:00,212.07715
2012-05-25 10:00:00,244.6607
2012-05-25 11:00:00,217.15077
2012-05-25 12:00:00,336.51874
2012-05-25 13:00:00,419.67117
2012-05-25 14:00:00,425.70682
2012-05-25 15:00:00,459.48645
2012-05-25 16:00:00,526.63696
2012-05-25 17:00:00,644.434
2012-05-25 18:00:00,459.48645
2012-05-25 19:00:00,543.6962
2012-05-25 20:00:00,393.28998
2012-05-25 21:00:00,378.7496
2012-05-25 22:00:00,194.35059
2012-05-25 23:00:00,289.32193
2012-05-26 00:00:00,140.93016
2012-05-26 01:00:00,120.31514
2012-05-26 02:00:00,111.60634
2012-05-26 03:00:00,94.28839
2012-05-26 04:00:00,116.52716
2012-05-26 05:00:00,149.29361
2012-05-26 06:00:00,135.40111
2012-05-26 07:00:00,150.50945
2012-05-26 08:00:00,111.51172
2012-05-26 09:00:00,129.97632
2012-05-26 10:00:00,262.6182
2012-05-26 11:00:00,202.20657
2012-05-26 12:00:00,287.2286
2012-05-26 13:00:00,268.34207
2012-05-26 14:00:00,285.96512
2012-05-26 15:00:00,343.2018
2012-05-26 16:00:00,348.31345
2012-05-26 17:00:00,391.96048
2012-05-26 18:00:00,325.70526
2012-05-26 19:00:00,286.17285
2012-05-26 20:00:00,287.46304
2012-05-26 21:00:00,256.6147
2012-05-26 22:00:00,386.0742
2012-05-26 23:00:00,386.0742
2012-05-27 00:00:00,267.8515
2012-05-27 01:00:00,268.16946
2012-05-27 02:00:00,255.81255
2012-05-27 03:00:00,160.14659
2012-05-27 04:00:00,140.78131
2012-05-27 05:00:00,140.78131
2012-05-27 06:00:00,147.69296
2012-05-27 07:00:00,135.6091
2012-05-27 08:00:00,129.97632
2012-05-27 09:00:00,153.8586
2012-05-27 10:00:00,394.5375
2012-05-27 11:00:00,296.23328
2012-05-27 12:00:00,311.12723
2012-05-27 13:00:00,262.26688
2012-05-27 14:00:00,321.68402
2012-05-27 15:00:00,381.1624
2012-05-27 16:00:00,381.1624
2012-05-27 17:00:00,442.79034
2012-05-27 18:00:00,376.30875
2012-05-27 19:00:00,262.26688
2012-05-27 20:00:00,275.30893
2012-05-27 21:00:00,272.70355
2012-05-27 22:00:00,153.53314
2012-05-27 23:00:00,93.418884
2012-05-28 00:00:00,106.299576
2012-05-28 01:00:00,238.4668
2012-05-28 02:00:00,106.333244
2012-05-28 03:00:00,78.89298
2012-05-28 04:00:00,59.140438
2012-05-28 05:00:00,59.140438
2012-05-28 06:00:00,78.89298
2012-05-28 07:00:00,53.86769
2012-05-28 08:00:00,51.05722
2012-05-28 09:00:00,193.1366
2012-05-28 10:00:00,193.1366
2012-05-28 11:00:00,396.98248
2012-05-28 12:00:00,499.41916
2012-05-28 13:00:00,296.73932
2012-05-28 14:00:00,296.73932
2012-05-28 15:00:00,313.77283
2012-05-28 16:00:00,307.82416
2012-05-28 17:00:00,313.77283
2012-05-28 18:00:00,306.13376
2012-05-28 19:00:00,307.2183
2012-05-28 20:00:00,309.90137
2012-05-28 21:00:00,413.23468
2012-05-28 22:00:00,351.0753
2012-05-28 23:00:00,181.24644
2012-05-29 00:00:00,325.5758
2012-05-29 01:00:00,325.5758
2012-05-29 02:00:00,174.07747
2012-05-29 03:00:00,272.41492
2012-05-29 04:00:00,289.32193
2012-05-29 05:00:00,289.32193
2012-05-29 06:00:00,289.32193
2012-05-29 07:00:00,289.32193
2012-05-29 08:00:00,444.7228
2012-05-29 09:00:00,473.0402
2012-05-29 10:00:00,532.8473
2012-05-29 11:00:00,655.3504
2012-05-29 12:00:00,490.15244
2012-05-29 13:00:00,344.43698
2012-05-29 14:00:00,352.40115
2012-05-29 15:00:00,329.89032
2012-05-29 16:00:00,381.27316
2012-05-29 17:00:00,336.1573
2012-05-29 18:00:00,400.5031
2012-05-29 19:00:00,398.6015
2012-05-29 20:00:00,277.22714
2012-05-29 21:00:00,155.18642
2012-05-29 22:00:00,209.28477
2012-05-29 23:00:00,118.85909
2012-05-30 00:00:00,115.407486
2012-05-30 01:00:00,162.21393
2012-05-30 02:00:00,120.583145
2012-05-30 03:00:00,95.56972
2012-05-30 04:00:00,204.11887
2012-05-30 05:00:00,179.41116
2012-05-30 06:00:00,177.53311
2012-05-30 07:00:00,154.9637
2012-05-30 08:00:00,167.08386
2012-05-30 09:00:00,238.3617
2012-05-30 10:00:00,229.61353
2012-05-30 11:00:00,244.28029
2012-05-30 12:00:00,211.68394
2012-05-30 13:00:00,211.45963
2012-05-30 14:00:00,401.9316
2012-05-30 15:00:00,396.40756
2012-05-30 16:00:00,401.90594
2012-05-30 17:00:00,387.5148
2012-05-30 18:00:00,467.7653
2012-05-30 19:00:00,388.5105
2012-05-30 20:00:00,209.35025
2012-05-30 21:00:00,354.36548
2012-05-30 22:00:00,276.12503
2012-05-30 23:00:00,305.16556
2012-05-31 00:00:00,279.94772
2012-05-31 01:00:00,227.37975
2012-05-31 02:00:00,271.51645
2012-05-31 03:00:00,205.82063
2012-05-31 04:00:00,216.6042
2012-05-31 05:00:00,275.9767
2012-05-31 06:00:00,209.6394
2012-05-31 07:00:00,239.85045
2012-05-31 08:00:00,253.91052
2012-05-31 09:00:00,408.2411
2012-05-31 10:00:00,408.9335
2012-05-31 11:00:00,482.44598
2012-05-31 12:00:00,448.0666
2012-05-31 13:00:00,428.96548
2012-05-31 14:00:00,458.50143
2012-05-31 15:00:00,422.26898
2012-05-31 16:00:00,428.73795
2012-05-31 17:00:00,426.99286
2012-05-31 18:00:00,462.90686
2012-05-31 19:00:00,455.73117
2012-05-31 20:00:00,338.43677
2012-05-31 21:00:00,338.43677
2012-05-31 22:00:00,270.55557
2012-05-31 23:00:00,362.2204
2012-06-20 00:00:00,325.5758
2012-06-20 01:00:00,293.4519
2012-06-20 02:00:00,207.17448
2012-06-20 03:00:00,139.20956
2012-06-20 04:00:00,169.0491
2012-06-20 05:00:00,169.0491
2012-06-20 06:00:00,216.9184
2012-06-20 07:00:00,303.7787
2012-06-20 08:00:00,267.20773
2012-06-20 09:00:00,272.94003
2012-06-20 10:00:00,488.28384
2012-06-20 11:00:00,233.92673
2012-06-20 12:00:00,183.92163
2012-06-20 13:00:00,171.17072
2012-06-20 14:00:00,270.3778
2012-06-20 15:00:00,215.68091
2012-06-20 16:00:00,231.17108
2012-06-20 17:00:00,198.1314
2012-06-20 18:00:00,198.1314
2012-06-20 19:00:00,326.00674
2012-06-20 20:00:00,307.9595
2012-06-20 21:00:00,213.56956
2012-06-20 22:00:00,315.76236
2012-06-20 23:00:00,380.3627
2012-06-21 00:00:00,241.7057
2012-06-21 01:00:00,183.77615
2012-06-21 02:00:00,167.61125
2012-06-21 03:00:00,90.292755
2012-06-21 04:00:00,85.12891
2012-06-21 05:00:00,86.67081
2012-06-21 06:00:00,251.23268
2012-06-21 07:00:00,251.23268
2012-06-21 08:00:00,110.99176
2012-06-21 09:00:00,363.16394
2012-06-21 10:00:00,251.81197
2012-06-21 11:00:00,320.08905
2012-06-21 12:00:00,337.03036
2012-06-21 13:00:00,348.6593
2012-06-21 14:00:00,348.5265
2012-06-21 15:00:00,359.88727
2012-06-21 16:00:00,372.00684
2012-06-21 17:00:00,348.19247
2012-06-21 18:00:00,312.05872
2012-06-21 19:00:00,313.9042
2012-06-21 20:00:00,302.16837
2012-06-21 21:00:00,309.9725
2012-06-21 22:00:00,337.63974
2012-06-21 23:00:00,218.8158
2012-06-22 00:00:00,288.2221
2012-06-22 01:00:00,263.0536
2012-06-22 02:00:00,104.04113
2012-06-22 03:00:00,104.04113
2012-06-22 04:00:00,338.93915
2012-06-22 05:00:00,260.5164
2012-06-22 06:00:00,308.1706
2012-06-22 07:00:00,285.29892
2012-06-22 08:00:00,271.39645
2012-06-22 09:00:00,394.89468
2012-06-22 10:00:00,320.9667
2012-06-22 11:00:00,341.33145
2012-06-22 12:00:00,233.65726
2012-06-22 13:00:00,313.9042
2012-06-22 14:00:00,313.9042
2012-06-22 15:00:00,226.35564
2012-06-22 16:00:00,316.79263
2012-06-22 17:00:00,613.3361
2012-06-22 18:00:00,275.4785
2012-06-22 19:00:00,368.33798
2012-06-22 20:00:00,368.33798
2012-06-22 21:00:00,277.57333
2012-06-22 22:00:00,208.26108
2012-06-22 23:00:00,224.19742
2012-06-23 00:00:00,51.113785
2012-06-23 01:00:00,112.015884
2012-06-23 02:00:00,81.75299
2012-06-23 03:00:00,92.11007
2012-06-23 04:00:00,71.5012
2012-06-23 05:00:00,81.75299
2012-06-23 06:00:00,90.485435
2012-06-23 07:00:00,77.03886
2012-06-23 08:00:00,152.06985
2012-06-23 09:00:00,230.63097
2012-06-23 10:00:00,288.91937
2012-06-23 11:00:00,386.1711
2012-06-23 12:00:00,465.58023
2012-06-23 13:00:00,390.42725
2012-06-23 14:00:00,485.81247
2012-06-23 15:00:00,454.45895
2012-06-23 16:00:00,437.14584
2012-06-23 17:00:00,444.58258
2012-06-23 18:00:00,434.09296
2012-06-23 19:00:00,435.24493
2012-06-23 20:00:00,435.21332
2012-06-23 21:00:00,397.00015
2012-06-23 22:00:00,474.8292
2012-06-23 23:00:00,457.97568
2012-06-24 00:00:00,293.06958
2012-06-24 01:00:00,216.21718
2012-06-24 02:00:00,328.8861
2012-06-24 03:00:00,285.2
2012-06-24 04:00:00,338.562
2012-06-24 05:00:00,126.934525
2012-06-24 06:00:00,151.56639
2012-06-24 07:00:00,117.21286
2012-06-24 08:00:00,202.10704
2012-06-24 09:00:00,308.39798
2012-06-24 10:00:00,538.0656
2012-06-24 11:00:00,467.98953
2012-06-24 12:00:00,460.88696
2012-06-24 13:00:00,485.40863
2012-06-24 14:00:00,440.38293
2012-06-24 15:00:00,427.26868
2012-06-24 16:00:00,452.50327
2012-06-24 17:00:00,454.5451
2012-06-24 18:00:00,454.93863
2012-06-24 19:00:00,521.3209
2012-06-24 20:00:00,423.51538
2012-06-24 21:00:00,290.07608
2012-06-24 22:00:00,261.9034
2012-06-24 23:00:00,239.38927
2012-06-25 00:00:00,376.88635
2012-06-25 01:00:00,283.8821
2012-06-25 02:00:00,239.5088
2012-06-25 03:00:00,291.3342
2012-06-25 04:00:00,102.79574
2012-06-25 05:00:00,158.22989
2012-06-25 06:00:00,113.699554
2012-06-25 07:00:00,158.7302
2012-06-25 08:00:00,192.51723
2012-06-25 09:00:00,247.54475
2012-06-25 10:00:00,327.77548
2012-06-25 11:00:00,290.01608
2012-06-25 12:00:00,472.8702
2012-06-25 13:00:00,341.72437
2012-06-25 14:00:00,352.15656
2012-06-25 15:00:00,318.30328
2012-06-25 16:00:00,221.79446
2012-06-25 17:00:00,257.9319
2012-06-25 18:00:00,364.14062
2012-06-25 19:00:00,427.6369
2012-06-25 20:00:00,514.59204
2012-06-25 21:00:00,495.86066
2012-06-25 22:00:00,543.1839
2012-06-25 23:00:00,491.3657
2012-06-26 00:00:00,514.1001
2012-06-26 01:00:00,518.4068
2012-06-26 02:00:00,282.88245
2012-06-26 03:00:00,237.9029
2012-06-26 04:00:00,239.2726
2012-06-26 05:00:00,268.27234
2012-06-26 06:00:00,186.45624
2012-06-26 07:00:00,170.4557
2012-06-26 08:00:00,221.48296
2012-06-26 09:00:00,353.6646
2012-06-26 10:00:00,437.77838
2012-06-26 11:00:00,486.03732
2012-06-26 12:00:00,487.41653
2012-06-26 13:00:00,520.11774
2012-06-26 14:00:00,520.11774
2012-06-26 15:00:00,488.26633
2012-06-26 16:00:00,444.17245
2012-06-26 17:00:00,466.46762
2012-06-26 18:00:00,418.63678
2012-06-26 19:00:00,426.44904
2012-06-26 20:00:00,399.31863
2012-06-26 21:00:00,458.81958
2012-06-26 22:00:00,436.1514
2012-06-26 23:00:00,248.98569
2012-06-27 00:00:00,392.81448
2012-06-27 01:00:00,260.8348
2012-06-27 02:00:00,212.04312
2012-06-27 03:00:00,186.17604
2012-06-27 04:00:00,436.58685
2012-06-27 05:00:00,379.3719
2012-06-27 06:00:00,259.6554
2012-06-27 07:00:00,415.97305
2012-06-27 08:00:00,387.60352
2012-06-27 09:00:00,417.9613
2012-06-27 10:00:00,427.83612
2012-06-27 11:00:00,318.58548
2012-06-27 12:00:00,297.5106
2012-06-27 13:00:00,225.88634
2012-06-27 14:00:00,234.24081
2012-06-27 15:00:00,256.15457
2012-06-27 16:00:00,194.0178
2012-06-27 17:00:00,203.17308
2012-06-27 18:00:00,225.88634
2012-06-27 19:00:00,253.33191
2012-06-27 20:00:00,389.13098
2012-06-27 21:00:00,376.6696
2012-06-27 22:00:00,318.40576
2012-06-27 23:00:00,207.01083
2012-06-28 00:00:00,192.61786
2012-06-28 01:00:00,138.2222
2012-06-28 02:00:00,197.87418
2012-06-28 03:00:00,197.87418
2012-06-28 04:00:00,210.1929
2012-06-28 05:00:00,225.36987
2012-06-28 06:00:00,225.36987
2012-06-28 07:00:00,210.1929
2012-06-28 08:00:00,192.43724
2012-06-28 09:00:00,257.3746
2012-06-28 10:00:00,424.92706
2012-06-28 11:00:00,381.54135
2012-06-28 12:00:00,305.9732
2012-06-28 13:00:00,332.72708
2012-06-28 14:00:00,221.489
2012-06-28 15:00:00,221.489
2012-06-28 16:00:00,329.63864
2012-06-28 17:00:00,333.38773
2012-06-28 18:00:00,333.5653
2012-06-28 19:00:00,289.18344
2012-06-28 20:00:00,360.47507
2012-06-28 21:00:00,376.6334
2012-06-28 22:00:00,353.25085
2012-06-28 23:00:00,243.52814
2012-06-29 00:00:00,243.52814
2012-06-29 01:00:00,327.4209
2012-06-29 02:00:00,300.19403
2012-06-29 03:00:00,300.19403
2012-06-29 04:00:00,241.86133
2012-06-29 05:00:00,249.34256
2012-06-29 06:00:00,291.4178
2012-06-29 07:00:00,249.34256
2012-06-29 08:00:00,214.0369
2012-06-29 09:00:00,327.77548
2012-06-29 10:00:00,283.45892
2012-06-29 11:00:00,509.80505
2012-06-29 12:00:00,583.50507
2012-06-29 13:00:00,350.0901
2012-06-29 14:00:00,348.11203
2012-06-29 15:00:00,341.87228
2012-06-29 16:00:00,341.87228
2012-06-29 17:00:00,351.51276
2012-06-29 18:00:00,369.31802
2012-06-29 19:00:00,283.8869
2012-06-29 20:00:00,320.59317
2012-06-29 21:00:00,350.0523
2012-06-29 22:00:00,328.85452
2012-06-29 23:00:00,328.85452
2012-06-30 00:00:00,88.84957
2012-06-30 01:00:00,144.66922
2012-06-30 02:00:00,42.962543
2012-06-30 03:00:00,42.962543
2012-06-30 04:00:00,34.498978
2012-06-30 05:00:00,83.70467
2012-06-30 06:00:00,83.70467
2012-06-30 07:00:00,83.70467
2012-06-30 08:00:00,83.70467
2012-06-30 09:00:00,83.70467
2012-06-30 10:00:00,431.63327
2012-06-30 11:00:00,431.63327
2012-06-30 12:00:00,431.63327
2012-06-30 13:00:00,431.63327
2012-06-30 14:00:00,431.63327
2012-06-30 15:00:00,431.63327
2012-06-30 16:00:00,322.172
2012-06-30 17:00:00,324.61703
2012-06-30 18:00:00,332.58987
2012-06-30 19:00:00,454.7725
2012-06-30 20:00:00,341.24008
2012-06-30 21:00:00,341.24008
2012-06-30 22:00:00,253.90228
2012-06-30 23:00:00,249.50084
2012-07-20 00:00:00,125.245285
2012-07-20 01:00:00,112.30178
2012-07-20 02:00:00,174.43599
2012-07-20 03:00:00,149.86314
2012-07-20 04:00:00,122.033585
2012-07-20 05:00:00,119.24122
2012-07-20 06:00:00,122.033585
2012-07-20 07:00:00,143.81949
2012-07-20 08:00:00,246.50247
2012-07-20 09:00:00,283.90823
2012-07-20 10:00:00,308.94373
2012-07-20 11:00:00,254.34683
2012-07-20 12:00:00,147.74104
2012-07-20 13:00:00,155.42783
2012-07-20 14:00:00,158.14357
2012-07-20 15:00:00,211.69138
2012-07-20 16:00:00,178.36028
2012-07-20 17:00:00,379.26944
2012-07-20 18:00:00,195.22238
2012-07-20 19:00:00,110.2523
2012-07-20 20:00:00,121.51836
2012-07-20 21:00:00,115.93036
2012-07-20 22:00:00,143.49387
2012-07-20 23:00:00,107.0073
2012-07-21 00:00:00,170.65718
2012-07-21 01:00:00,115.52824
2012-07-21 02:00:00,275.51935
2012-07-21 03:00:00,246.17938
2012-07-21 04:00:00,277.4723
2012-07-21 05:00:00,249.28973
2012-07-21 06:00:00,249.28973
2012-07-21 07:00:00,75.60182
2012-07-21 08:00:00,95.2846
2012-07-21 09:00:00,71.28755
2012-07-21 10:00:00,249.28973
2012-07-21 11:00:00,109.46335
2012-07-21 12:00:00,114.50378
2012-07-21 13:00:00,80.81602
2012-07-21 14:00:00,78.56874
2012-07-21 15:00:00,246.17938
2012-07-21 16:00:00,71.66583
2012-07-21 17:00:00,63.52004
2012-07-21 18:00:00,66.19769
2012-07-21 19:00:00,74.51583
2012-07-21 20:00:00,63.52004
2012-07-21 21:00:00,74.515816
2012-07-21 22:00:00,81.38546
2012-07-21 23:00:00,36.04267
2012-07-22 00:00:00,81.38546
2012-07-22 01:00:00,74.515816
2012-07-22 02:00:00,81.38546
2012-07-22 03:00:00,81.38546
2012-07-22 04:00:00,50.062
2012-07-22 05:00:00,50.062
2012-07-22 06:00:00,100.15764
2012-07-22 07:00:00,72.02757
2012-07-22 08:00:00,114.94158
2012-07-22 09:00:00,352.41718
2012-07-22 10:00:00,288.45734
2012-07-22 11:00:00,288.45734
2012-07-22 12:00:00,260.3867
2012-07-22 13:00:00,291.47577
2012-07-22 14:00:00,186.547
2012-07-22 15:00:00,186.547
2012-07-22 16:00:00,194.60362
2012-07-22 17:00:00,231.15009
2012-07-22 18:00:00,207.36502
2012-07-22 19:00:00,182.0249
2012-07-22 20:00:00,141.83476
2012-07-22 21:00:00,161.42076
2012-07-22 22:00:00,158.42307
2012-07-22 23:00:00,123.24818
2012-07-23 00:00:00,96.25549
2012-07-23 01:00:00,131.98076
2012-07-23 02:00:00,161.26152
2012-07-23 03:00:00,161.26152
2012-07-23 04:00:00,123.33268
2012-07-23 05:00:00,123.33268
2012-07-23 06:00:00,142.03468
2012-07-23 07:00:00,98.74617
2012-07-23 08:00:00,167.61125
2012-07-23 09:00:00,271.3292
2012-07-23 10:00:00,394.26044
2012-07-23 11:00:00,264.79333
2012-07-23 12:00:00,264.79333
2012-07-23 13:00:00,224.8809
2012-07-23 14:00:00,288.14725
2012-07-23 15:00:00,363.16394
2012-07-23 16:00:00,261.9982
2012-07-23 17:00:00,261.9982
2012-07-23 18:00:00,309.68332
2012-07-23 19:00:00,330.36618
2012-07-23 20:00:00,311.92957
2012-07-23 21:00:00,318.6937
2012-07-23 22:00:00,292.81854
2012-07-23 23:00:00,258.4694
2012-07-24 00:00:00,212.40318
2012-07-24 01:00:00,92.45374
2012-07-24 02:00:00,111.09815
2012-07-24 03:00:00,111.09815
2012-07-24 04:00:00,85.44203
2012-07-24 05:00:00,88.54577
2012-07-24 06:00:00,95.449265
2012-07-24 07:00:00,223.2191
2012-07-24 08:00:00,254.86494
2012-07-24 09:00:00,244.59009
2012-07-24 10:00:00,303.60974
2012-07-24 11:00:00,420.63333
2012-07-24 12:00:00,296.04968
2012-07-24 13:00:00,432.69928
2012-07-24 14:00:00,347.71027
2012-07-24 15:00:00,295.5826
2012-07-24 16:00:00,309.69357
2012-07-24 17:00:00,289.83533
2012-07-24 18:00:00,454.26154
2012-07-24 19:00:00,311.92957
2012-07-24 20:00:00,275.83792
2012-07-24 21:00:00,306.03702
2012-07-24 22:00:00,366.93274
2012-07-24 23:00:00,375.67096
2012-07-25 00:00:00,413.53445
2012-07-25 01:00:00,278.47644
2012-07-25 02:00:00,295.85696
2012-07-25 03:00:00,253.76788
2012-07-25 04:00:00,237.62894
2012-07-25 05:00:00,190.81648
2012-07-25 06:00:00,207.45035
2012-07-25 07:00:00,288.6541
2012-07-25 08:00:00,433.0986
2012-07-25 09:00:00,408.94553
2012-07-25 10:00:00,302.29837
2012-07-25 11:00:00,408.09628
2012-07-25 12:00:00,408.09628
2012-07-25 13:00:00,377.6968
2012-07-25 14:00:00,369.32803
2012-07-25 15:00:00,326.15515
2012-07-25 16:00:00,380.364
2012-07-25 17:00:00,315.7976
2012-07-25 18:00:00,371.47162
2012-07-25 19:00:00,351.03738
2012-07-25 20:00:00,444.3211
2012-07-25 21:00:00,248.43152
2012-07-25 22:00:00,258.67947
2012-07-25 23:00:00,316.08847
2012-07-26 00:00:00,218.38237
2012-07-26 01:00:00,253.76788
2012-07-26 02:00:00,275.723
2012-07-26 03:00:00,218.03242
2012-07-26 04:00:00,158.55437
2012-07-26 05:00:00,158.55437
2012-07-26 06:00:00,102.79574
2012-07-26 07:00:00,269.5499
2012-07-26 08:00:00,271.97742
2012-07-26 09:00:00,258.91684
2012-07-26 10:00:00,277.11264
2012-07-26 11:00:00,377.03912
2012-07-26 12:00:00,284.4177
2012-07-26 13:00:00,293.26987
2012-07-26 14:00:00,287.5586
2012-07-26 15:00:00,296.99356
2012-07-26 16:00:00,239.35632
2012-07-26 17:00:00,222.68352
2012-07-26 18:00:00,231.08315
2012-07-26 19:00:00,218.78973
2012-07-26 20:00:00,299.60123
2012-07-26 21:00:00,420.4063
2012-07-26 22:00:00,420.4063
2012-07-26 23:00:00,236.65857
2012-07-27 00:00:00,105.033516
2012-07-27 01:00:00,232.28722
2012-07-27 02:00:00,125.608025
2012-07-27 03:00:00,223.21913
2012-07-27 04:00:00,91.46496
2012-07-27 05:00:00,77.71982
2012-07-27 06:00:00,91.46496
2012-07-27 07:00:00,237.40115
2012-07-27 08:00:00,269.25333
2012-07-27 09:00:00,310.0345
2012-07-27 10:00:00,312.13345
2012-07-27 11:00:00,259.6474
2012-07-27 12:00:00,276.1033
2012-07-27 13:00:00,306.48505
2012-07-27 14:00:00,285.62527
2012-07-27 15:00:00,309.0154
2012-07-27 16:00:00,297.24695
2012-07-27 17:00:00,293.478
2012-07-27 18:00:00,302.92804
2012-07-27 19:00:00,309.9725
2012-07-27 20:00:00,238.71167
2012-07-27 21:00:00,238.71167
2012-07-27 22:00:00,301.08383
2012-07-27 23:00:00,125.91994
2012-07-28 00:00:00,220.43004
2012-07-28 01:00:00,175.12529
2012-07-28 02:00:00,196.21117
2012-07-28 03:00:00,196.21117
2012-07-28 04:00:00,150.45439
2012-07-28 05:00:00,123.24818
2012-07-28 06:00:00,150.43835
2012-07-28 07:00:00,177.18465
2012-07-28 08:00:00,207.36502
2012-07-28 09:00:00,270.49728
2012-07-28 10:00:00,379.50974
2012-07-28 11:00:00,435.01532
2012-07-28 12:00:00,438.04056
2012-07-28 13:00:00,444.99948
2012-07-28 14:00:00,437.19507
2012-07-28 15:00:00,429.93954
2012-07-28 16:00:00,410.1749
2012-07-28 17:00:00,440.01672
2012-07-28 18:00:00,486.06958
2012-07-28 19:00:00,90.36161
2012-07-28 20:00:00,87.838715
2012-07-28 21:00:00,116.51348
2012-07-28 22:00:00,116.51348
2012-07-28 23:00:00,97.530205
2012-07-29 00:00:00,95.04926
2012-07-29 01:00:00,90.95109
2012-07-29 02:00:00,133.8318
2012-07-29 03:00:00,152.5691
2012-07-29 04:00:00,153.67519
2012-07-29 05:00:00,71.198425
2012-07-29 06:00:00,130.24754
2012-07-29 07:00:00,175.72647
2012-07-29 08:00:00,214.26335
2012-07-29 09:00:00,245.35646
2012-07-29 10:00:00,208.06949
2012-07-29 11:00:00,290.07608
2012-07-29 12:00:00,322.8037
2012-07-29 13:00:00,411.32004
2012-07-29 14:00:00,439.93704
2012-07-29 15:00:00,426.66867
2012-07-29 16:00:00,426.66867
2012-07-29 17:00:00,405.09677
2012-07-29 18:00:00,523.85315
2012-07-29 19:00:00,286.40353
2012-07-29 20:00:00,194.60362
2012-07-29 21:00:00,177.18465
2012-07-29 22:00:00,150.43835
2012-07-29 23:00:00,180.01508
2012-07-30 00:00:00,190.28899
2012-07-30 01:00:00,98.03501
2012-07-30 02:00:00,105.71858
2012-07-30 03:00:00,66.17491
2012-07-30 04:00:00,66.17491
2012-07-30 05:00:00,88.54577
2012-07-30 06:00:00,111.09815
2012-07-30 07:00:00,118.7217
2012-07-30 08:00:00,267.85077
2012-07-30 09:00:00,291.3514
2012-07-30 10:00:00,287.46414
2012-07-30 11:00:00,253.94414
2012-07-30 12:00:00,239.27454
2012-07-30 13:00:00,341.33145
2012-07-30 14:00:00,320.90686
2012-07-30 15:00:00,328.2038
2012-07-30 16:00:00,315.50745
2012-07-30 17:00:00,333.63153
2012-07-30 18:00:00,270.74152
2012-07-30 19:00:00,305.82782
2012-07-30 20:00:00,263.2617
2012-07-30 21:00:00,237.40115
2012-07-30 22:00:00,267.40134
2012-07-30 23:00:00,214.16931
2012-07-31 00:00:00,107.67888
2012-07-31 01:00:00,95.449265
2012-07-31 02:00:00,95.44925
2012-07-31 03:00:00,85.44203
2012-07-31 04:00:00,85.44203
2012-07-31 05:00:00,111.09815
2012-07-31 06:00:00,108.746506
2012-07-31 07:00:00,122.47376
2012-07-31 08:00:00,125.607994
2012-07-31 09:00:00,232.28722
2012-07-31 10:00:00,145.1375
2012-07-31 11:00:00,154.89928
2012-07-31 12:00:00,290.12357
2012-07-31 13:00:00,326.78918
2012-07-31 14:00:00,326.78918
2012-07-31 15:00:00,302.72406
2012-07-31 16:00:00,394.89468
2012-07-31 17:00:00,367.4505
2012-07-31 18:00:00,390.5002
2012-07-31 19:00:00,289.77246
2012-07-31 20:00:00,237.07863
2012-07-31 21:00:00,110.49173
2012-07-31 22:00:00,221.34169
2012-07-31 23:00:00,215.9869
2012-08-20 00:00:00,130.86017
2012-08-20 01:00:00,105.95075
2012-08-20 02:00:00,105.95075
2012-08-20 03:00:00,94.65233
2012-08-20 04:00:00,123.999725
2012-08-20 05:00:00,76.47429
2012-08-20 06:00:00,153.73213
2012-08-20 07:00:00,170.21895
2012-08-20 08:00:00,209.73616
2012-08-20 09:00:00,205.25174
2012-08-20 10:00:00,205.22073
2012-08-20 11:00:00,205.72815
2012-08-20 12:00:00,184.56363
2012-08-20 13:00:00,258.67947
2012-08-20 14:00:00,280.88596
2012-08-20 15:00:00,436.33096
2012-08-20 16:00:00,436.33096
2012-08-20 17:00:00,367.0937
2012-08-20 18:00:00,171.1921
2012-08-20 19:00:00,213.40141
2012-08-20 20:00:00,107.0073
2012-08-20 21:00:00,58.19086
2012-08-20 22:00:00,76.47429
2012-08-20 23:00:00,76.47429
2012-08-21 00:00:00,123.999725
2012-08-21 01:00:00,130.75558
2012-08-21 02:00:00,195.77429
2012-08-21 03:00:00,73.164276
2012-08-21 04:00:00,73.164276
2012-08-21 05:00:00,86.45473
2012-08-21 06:00:00,88.6178
2012-08-21 07:00:00,78.01867
2012-08-21 08:00:00,89.169754
2012-08-21 09:00:00,125.65685
2012-08-21 10:00:00,227.35645
2012-08-21 11:00:00,138.81845
2012-08-21 12:00:00,234.12253
2012-08-21 13:00:00,264.01907
2012-08-21 14:00:00,361.98288
2012-08-21 15:00:00,317.99976
2012-08-21 16:00:00,317.99976
2012-08-21 17:00:00,364.78195
2012-08-21 18:00:00,397.60736
2012-08-21 19:00:00,150.8028
2012-08-21 20:00:00,105.055405
2012-08-21 21:00:00,105.055405
2012-08-21 22:00:00,93.46958
2012-08-21 23:00:00,54.067986
2012-08-22 00:00:00,103.02931
2012-08-22 01:00:00,93.06222
2012-08-22 02:00:00,93.06222
2012-08-22 03:00:00,93.06222
2012-08-22 04:00:00,92.997536
2012-08-22 05:00:00,100.99805
2012-08-22 06:00:00,115.62656
2012-08-22 07:00:00,93.06222
2012-08-22 08:00:00,119.360504
2012-08-22 09:00:00,142.04553
2012-08-22 10:00:00,247.1899
2012-08-22 11:00:00,232.39932
2012-08-22 12:00:00,165.69722
2012-08-22 13:00:00,211.95236
2012-08-22 14:00:00,250.06375
2012-08-22 15:00:00,264.49365
2012-08-22 16:00:00,339.9453
2012-08-22 17:00:00,339.9453
2012-08-22 18:00:00,335.14548
2012-08-22 19:00:00,224.19742
2012-08-22 20:00:00,142.46147
2012-08-22 21:00:00,105.055405
2012-08-22 22:00:00,105.055405
2012-08-22 23:00:00,59.006798
2012-08-23 00:00:00,93.46958
2012-08-23 01:00:00,54.067986
2012-08-23 02:00:00,54.067978
2012-08-23 03:00:00,103.82316
2012-08-23 04:00:00,54.067986
2012-08-23 05:00:00,54.067986
2012-08-23 06:00:00,156.33676
2012-08-23 07:00:00,142.3077
2012-08-23 08:00:00,240.71182
2012-08-23 09:00:00,260.61395
2012-08-23 10:00:00,225.5647
2012-08-23 11:00:00,199.87627
2012-08-23 12:00:00,331.76526
2012-08-23 13:00:00,293.91397
2012-08-23 14:00:00,384.34546
2012-08-23 15:00:00,298.22308
2012-08-23 16:00:00,368.1667
2012-08-23 17:00:00,450.7679
2012-08-23 18:00:00,438.22134
2012-08-23 19:00:00,199.69525
2012-08-23 20:00:00,249.34256
2012-08-23 21:00:00,257.28052
2012-08-23 22:00:00,194.45651
2012-08-23 23:00:00,219.33565
2012-08-24 00:00:00,219.33565
2012-08-24 01:00:00,211.3713
2012-08-24 02:00:00,112.8599
2012-08-24 03:00:00,105.055405
2012-08-24 04:00:00,211.3713
2012-08-24 05:00:00,93.46958
2012-08-24 06:00:00,96.58843
2012-08-24 07:00:00,189.15085
2012-08-24 08:00:00,224.19742
2012-08-24 09:00:00,365.4871
2012-08-24 10:00:00,370.07675
2012-08-24 11:00:00,197.39107
2012-08-24 12:00:00,186.17488
2012-08-24 13:00:00,283.89023
2012-08-24 14:00:00,320.3594
2012-08-24 15:00:00,242.9357
2012-08-24 16:00:00,242.9357
2012-08-24 17:00:00,270.71512
2012-08-24 18:00:00,288.58633
2012-08-24 19:00:00,277.87753
2012-08-24 20:00:00,288.70126
2012-08-24 21:00:00,291.4178
2012-08-24 22:00:00,279.872
2012-08-24 23:00:00,222.20244
2012-08-25 00:00:00,314.19003
2012-08-25 01:00:00,360.1855
2012-08-25 02:00:00,143.72523
2012-08-25 03:00:00,129.70885
2012-08-25 04:00:00,260.38953
2012-08-25 05:00:00,135.75275
2012-08-25 06:00:00,94.32879
2012-08-25 07:00:00,96.45874
2012-08-25 08:00:00,187.0161
2012-08-25 09:00:00,275.16675
2012-08-25 10:00:00,297.13446
2012-08-25 11:00:00,300.80615
2012-08-25 12:00:00,439.01614
2012-08-25 13:00:00,373.74054
2012-08-25 14:00:00,266.3867
2012-08-25 15:00:00,238.41536
2012-08-25 16:00:00,215.76968
2012-08-25 17:00:00,234.4435
2012-08-25 18:00:00,240.37721
2012-08-25 19:00:00,164.65239
2012-08-25 20:00:00,136.52379
2012-08-25 21:00:00,119.61227
2012-08-25 22:00:00,119.61227
2012-08-25 23:00:00,115.52824
2012-08-26 00:00:00,97.881714
2012-08-26 01:00:00,80.17796
2012-08-26 02:00:00,82.77948
2012-08-26 03:00:00,94.75024
2012-08-26 04:00:00,76.68424
2012-08-26 05:00:00,80.17796
2012-08-26 06:00:00,92.36856
2012-08-26 07:00:00,80.17796
2012-08-26 08:00:00,143.34328
2012-08-26 09:00:00,124.1888
2012-08-26 10:00:00,357.4926
2012-08-26 11:00:00,313.57147
2012-08-26 12:00:00,296.9771
2012-08-26 13:00:00,163.55244
2012-08-26 14:00:00,92.76371
2012-08-26 15:00:00,252.14275
2012-08-26 16:00:00,252.14275
2012-08-26 17:00:00,87.63517
2012-08-26 18:00:00,86.4526
2012-08-26 19:00:00,87.34843
2012-08-26 20:00:00,83.70467
2012-08-26 21:00:00,80.766815
2012-08-26 22:00:00,80.80099
2012-08-26 23:00:00,84.86227
2012-08-27 00:00:00,54.067986
2012-08-27 01:00:00,91.27598
2012-08-27 02:00:00,100.60166
2012-08-27 03:00:00,91.27597
2012-08-27 04:00:00,54.067986
2012-08-27 05:00:00,47.565674
2012-08-27 06:00:00,47.565674
2012-08-27 07:00:00,66.17491
2012-08-27 08:00:00,85.44203
2012-08-27 09:00:00,88.54577
2012-08-27 10:00:00,229.11606
2012-08-27 11:00:00,281.35504
2012-08-27 12:00:00,132.1071
2012-08-27 13:00:00,310.9338
2012-08-27 14:00:00,235.64012
2012-08-27 15:00:00,309.69357
2012-08-27 16:00:00,327.21408
2012-08-27 17:00:00,327.51526
2012-08-27 18:00:00,347.69528
2012-08-27 19:00:00,277.11264
2012-08-27 20:00:00,254.86494
2012-08-27 21:00:00,227.81616
2012-08-27 22:00:00,125.88423
2012-08-27 23:00:00,131.70607
2012-08-28 00:00:00,108.9158
2012-08-28 01:00:00,127.90961
2012-08-28 02:00:00,112.819275
2012-08-28 03:00:00,112.30178
2012-08-28 04:00:00,95.449265
2012-08-28 05:00:00,188.42
2012-08-28 06:00:00,149.86314
2012-08-28 07:00:00,194.99593
2012-08-28 08:00:00,185.51315
2012-08-28 09:00:00,308.94376
2012-08-28 10:00:00,403.7521
2012-08-28 11:00:00,350.07202
2012-08-28 12:00:00,315.50745
2012-08-28 13:00:00,270.50378
2012-08-28 14:00:00,251.46587
2012-08-28 15:00:00,287.98682
2012-08-28 16:00:00,237.37819
2012-08-28 17:00:00,250.04811
2012-08-28 18:00:00,346.89822
2012-08-28 19:00:00,363.39392
2012-08-28 20:00:00,203.57861
2012-08-28 21:00:00,193.91219
2012-08-28 22:00:00,138.81845
2012-08-28 23:00:00,122.36519
2012-08-29 00:00:00,112.8599
2012-08-29 01:00:00,180.96472
2012-08-29 02:00:00,107.0148
2012-08-29 03:00:00,96.93125
2012-08-29 04:00:00,106.21367
2012-08-29 05:00:00,98.81194
2012-08-29 06:00:00,98.81194
2012-08-29 07:00:00,193.67302
2012-08-29 08:00:00,214.46005
2012-08-29 09:00:00,329.5999
2012-08-29 10:00:00,310.19577
2012-08-29 11:00:00,234.12253
2012-08-29 12:00:00,306.94614
2012-08-29 13:00:00,264.32596
2012-08-29 14:00:00,331.61597
2012-08-29 15:00:00,397.78403
2012-08-29 16:00:00,355.32657
2012-08-29 17:00:00,368.48
2012-08-29 18:00:00,433.92062
2012-08-29 19:00:00,305.476
2012-08-29 20:00:00,122.36519
2012-08-29 21:00:00,214.67987
2012-08-29 22:00:00,138.2222
2012-08-29 23:00:00,127.88084
2012-08-30 00:00:00,125.65685
2012-08-30 01:00:00,148.71942
2012-08-30 02:00:00,115.62656
2012-08-30 03:00:00,115.62656
2012-08-30 04:00:00,115.62656
2012-08-30 05:00:00,115.62656
2012-08-30 06:00:00,105.95075
2012-08-30 07:00:00,105.055405
2012-08-30 08:00:00,141.73625
2012-08-30 09:00:00,123.55231
2012-08-30 10:00:00,147.27884
2012-08-30 11:00:00,331.61597
2012-08-30 12:00:00,281.05704
2012-08-30 13:00:00,211.95236
2012-08-30 14:00:00,264.49365
2012-08-30 15:00:00,350.66028
2012-08-30 16:00:00,338.6189
2012-08-30 17:00:00,357.77643
2012-08-30 18:00:00,317.45792
2012-08-30 19:00:00,264.49365
2012-08-30 20:00:00,285.29892
2012-08-30 21:00:00,249.37555
2012-08-30 22:00:00,98.90767
2012-08-30 23:00:00,199.25577
2012-08-31 00:00:00,127.4766
2012-08-31 01:00:00,127.4766
2012-08-31 02:00:00,112.30174
2012-08-31 03:00:00,109.85705
2012-08-31 04:00:00,106.57963
2012-08-31 05:00:00,108.746506
2012-08-31 06:00:00,134.92307
2012-08-31 07:00:00,197.87003
2012-08-31 08:00:00,273.30194
2012-08-31 09:00:00,110.99176
2012-08-31 10:00:00,254.8652
2012-08-31 11:00:00,275.98785
2012-08-31 12:00:00,328.47595
2012-08-31 13:00:00,225.12924
2012-08-31 14:00:00,295.88507
2012-08-31 15:00:00,258.78076
2012-08-31 16:00:00,296.57742
2012-08-31 17:00:00,359.19345
2012-08-31 18:00:00,340.093
2012-08-31 19:00:00,305.10065
2012-08-31 20:00:00,305.10065
2012-08-31 21:00:00,357.24097
2012-08-31 22:00:00,357.24097
2012-08-31 23:00:00,273.15775
2012-09-20 00:00:00,139.62224
2012-09-20 01:00:00,114.27681
2012-09-20 02:00:00,129.30965
2012-09-20 03:00:00,129.19257
2012-09-20 04:00:00,51.153027
2012-09-20 05:00:00,51.153027
2012-09-20 06:00:00,129.19257
2012-09-20 07:00:00,31.309532
2012-09-20 08:00:00,152.7055
2012-09-20 09:00:00,278.1546
2012-09-20 10:00:00,240.98059
2012-09-20 11:00:00,267.07523
2012-09-20 12:00:00,208.27579
2012-09-20 13:00:00,199.93076
2012-09-20 14:00:00,279.15814
2012-09-20 15:00:00,288.64563
2012-09-20 16:00:00,218.72734
2012-09-20 17:00:00,286.17468
2012-09-20 18:00:00,244.87955
2012-09-20 19:00:00,241.56915
2012-09-20 20:00:00,276.38333
2012-09-20 21:00:00,234.4411
2012-09-20 22:00:00,91.18152
2012-09-20 23:00:00,152.8379
2012-09-21 00:00:00,172.9375
2012-09-21 01:00:00,206.99614
2012-09-21 02:00:00,206.99614
2012-09-21 03:00:00,87.13848
2012-09-21 04:00:00,187.52881
2012-09-21 05:00:00,163.9429
2012-09-21 06:00:00,87.13848
2012-09-21 07:00:00,202.14946
2012-09-21 08:00:00,106.943756
2012-09-21 09:00:00,171.58733
2012-09-21 10:00:00,241.50189
2012-09-21 11:00:00,258.4188
2012-09-21 12:00:00,229.1793
2012-09-21 13:00:00,257.3746
2012-09-21 14:00:00,343.7849
2012-09-21 15:00:00,356.88992
2012-09-21 16:00:00,305.476
2012-09-21 17:00:00,318.39145
2012-09-21 18:00:00,278.18954
2012-09-21 19:00:00,267.40128
2012-09-21 20:00:00,176.71838
2012-09-21 21:00:00,140.9743
2012-09-21 22:00:00,98.81194
2012-09-21 23:00:00,117.92678
2012-09-22 00:00:00,135.7016
2012-09-22 01:00:00,83.0718
2012-09-22 02:00:00,74.20614
2012-09-22 03:00:00,79.17902
2012-09-22 04:00:00,79.17902
2012-09-22 05:00:00,100.16811
2012-09-22 06:00:00,83.981834
2012-09-22 07:00:00,84.30521
2012-09-22 08:00:00,139.18095
2012-09-22 09:00:00,183.15486
2012-09-22 10:00:00,304.45273
2012-09-22 11:00:00,270.50876
2012-09-22 12:00:00,291.28503
2012-09-22 13:00:00,363.20776
2012-09-22 14:00:00,370.80252
2012-09-22 15:00:00,463.9485
2012-09-22 16:00:00,347.68622
2012-09-22 17:00:00,347.68622
2012-09-22 18:00:00,286.1267
2012-09-22 19:00:00,248.54375
2012-09-22 20:00:00,282.1111
2012-09-22 21:00:00,287.37195
2012-09-22 22:00:00,285.50098
2012-09-22 23:00:00,394.94897
2012-09-23 00:00:00,637.8502
2012-09-23 01:00:00,230.50215
2012-09-23 02:00:00,375.05945
2012-09-23 03:00:00,212.0254
2012-09-23 04:00:00,231.52304
2012-09-23 05:00:00,278.30557
2012-09-23 06:00:00,309.56308
2012-09-23 07:00:00,189.57024
2012-09-23 08:00:00,214.76936
2012-09-23 09:00:00,226.74985
2012-09-23 10:00:00,451.69724
2012-09-23 11:00:00,477.24524
2012-09-23 12:00:00,527.71216
2012-09-23 13:00:00,636.3221
2012-09-23 14:00:00,680.5904
2012-09-23 15:00:00,600.5801
2012-09-23 16:00:00,472.0146
2012-09-23 17:00:00,421.42548
2012-09-23 18:00:00,648.9138
2012-09-23 19:00:00,559.75006
2012-09-23 20:00:00,559.75006
2012-09-23 21:00:00,182.51842
2012-09-23 22:00:00,570.7246
2012-09-23 23:00:00,202.39941
2012-09-24 00:00:00,239.4169
2012-09-24 01:00:00,242.07689
2012-09-24 02:00:00,282.26306
2012-09-24 03:00:00,229.03583
2012-09-24 04:00:00,243.50006
2012-09-24 05:00:00,414.98325
2012-09-24 06:00:00,386.35565
2012-09-24 07:00:00,242.07689
2012-09-24 08:00:00,255.81746
2012-09-24 09:00:00,257.02948
2012-09-24 10:00:00,277.89612
2012-09-24 11:00:00,483.0181
2012-09-24 12:00:00,453.3278
2012-09-24 13:00:00,489.33093
2012-09-24 14:00:00,359.45782
2012-09-24 15:00:00,357.62643
2012-09-24 16:00:00,448.76813
2012-09-24 17:00:00,303.80225
2012-09-24 18:00:00,421.48972
2012-09-24 19:00:00,347.37057
2012-09-24 20:00:00,268.50403
2012-09-24 21:00:00,233.37444
2012-09-24 22:00:00,268.90186
2012-09-24 23:00:00,237.06836
2012-09-25 00:00:00,225.85098
2012-09-25 01:00:00,235.73862
2012-09-25 02:00:00,145.34477
2012-09-25 03:00:00,251.60208
2012-09-25 04:00:00,232.94011
2012-09-25 05:00:00,197.5732
2012-09-25 06:00:00,213.85487
2012-09-25 07:00:00,163.67076
2012-09-25 08:00:00,224.1882
2012-09-25 09:00:00,286.72696
2012-09-25 10:00:00,251.90166
2012-09-25 11:00:00,429.33304
2012-09-25 12:00:00,473.27298
2012-09-25 13:00:00,433.1415
2012-09-25 14:00:00,461.201
2012-09-25 15:00:00,493.74677
2012-09-25 16:00:00,474.89377
2012-09-25 17:00:00,483.28928
2012-09-25 18:00:00,537.9927
2012-09-25 19:00:00,342.71503
2012-09-25 20:00:00,257.43094
2012-09-25 21:00:00,257.43094
2012-09-25 22:00:00,272.74158
2012-09-25 23:00:00,246.00533
2012-09-26 00:00:00,259.68997
2012-09-26 01:00:00,231.32338
2012-09-26 02:00:00,289.0791
2012-09-26 03:00:00,289.0791
2012-09-26 04:00:00,215.09457
2012-09-26 05:00:00,266.86127
2012-09-26 06:00:00,276.1044
2012-09-26 07:00:00,299.15005
2012-09-26 08:00:00,213.42162
2012-09-26 09:00:00,321.81924
2012-09-26 10:00:00,273.69833
2012-09-26 11:00:00,338.8367
2012-09-26 12:00:00,403.3443
2012-09-26 13:00:00,435.6938
2012-09-26 14:00:00,541.91846
2012-09-26 15:00:00,521.37256
2012-09-26 16:00:00,579.40155
2012-09-26 17:00:00,521.37256
2012-09-26 18:00:00,625.3626
2012-09-26 19:00:00,406.52628
2012-09-26 20:00:00,442.03116
2012-09-26 21:00:00,421.32822
2012-09-26 22:00:00,237.67218
2012-09-26 23:00:00,275.26596
2012-09-27 00:00:00,301.226
2012-09-27 01:00:00,301.226
2012-09-27 02:00:00,301.226
2012-09-27 03:00:00,195.24971
2012-09-27 04:00:00,36.95426
2012-09-27 05:00:00,247.02124
2012-09-27 06:00:00,212.64029
2012-09-27 07:00:00,195.24968
2012-09-27 08:00:00,523.99994
2012-09-27 09:00:00,602.4361
2012-09-27 10:00:00,387.79648
2012-09-27 11:00:00,249.03108
2012-09-27 12:00:00,241.5055
2012-09-27 13:00:00,225.76036
2012-09-27 14:00:00,175.91597
2012-09-27 15:00:00,219.84416
2012-09-27 16:00:00,299.2146
2012-09-27 17:00:00,294.95926
2012-09-27 18:00:00,290.50513
2012-09-27 19:00:00,488.2765
2012-09-27 20:00:00,292.7152
2012-09-27 21:00:00,250.11848
2012-09-27 22:00:00,250.11848
2012-09-27 23:00:00,249.18892
2012-09-28 00:00:00,214.86504
2012-09-28 01:00:00,204.75955
2012-09-28 02:00:00,134.12923
2012-09-28 03:00:00,238.94112
2012-09-28 04:00:00,191.4696
2012-09-28 05:00:00,241.46185
2012-09-28 06:00:00,157.13164
2012-09-28 07:00:00,54.536335
2012-09-28 08:00:00,232.69736
2012-09-28 09:00:00,244.5104
2012-09-28 10:00:00,244.3801
2012-09-28 11:00:00,305.69553
2012-09-28 12:00:00,325.38123
2012-09-28 13:00:00,372.2706
2012-09-28 14:00:00,325.38123
2012-09-28 15:00:00,318.71973
2012-09-28 16:00:00,324.89136
2012-09-28 17:00:00,303.8001
2012-09-28 18:00:00,329.60355
2012-09-28 19:00:00,337.71756
2012-09-28 20:00:00,202.5954
2012-09-28 21:00:00,235.48671
2012-09-28 22:00:00,313.1549
2012-09-28 23:00:00,296.75095
2012-09-29 00:00:00,385.98886
2012-09-29 01:00:00,385.98886
2012-09-29 02:00:00,264.89282
2012-09-29 03:00:00,229.0081
2012-09-29 04:00:00,319.43793
2012-09-29 05:00:00,236.25627
2012-09-29 06:00:00,281.9968
2012-09-29 07:00:00,310.9392
2012-09-29 08:00:00,322.40887
2012-09-29 09:00:00,236.25627
2012-09-29 10:00:00,408.63373
2012-09-29 11:00:00,318.6444
2012-09-29 12:00:00,593.93823
2012-09-29 13:00:00,593.93823
2012-09-29 14:00:00,611.0503
2012-09-29 15:00:00,612.2496
2012-09-29 16:00:00,681.0108
2012-09-29 17:00:00,549.55743
2012-09-29 18:00:00,551.32776
2012-09-29 19:00:00,361.67352
2012-09-29 20:00:00,376.01633
2012-09-29 21:00:00,376.0443
2012-09-29 22:00:00,314.8203
2012-09-29 23:00:00,383.9646
2012-09-30 00:00:00,359.51816
2012-09-30 01:00:00,359.51816
2012-09-30 02:00:00,220.90964
2012-09-30 03:00:00,311.40756
2012-09-30 04:00:00,311.40756
2012-09-30 05:00:00,188.68077
2012-09-30 06:00:00,272.18582
2012-09-30 07:00:00,185.91103
2012-09-30 08:00:00,302.4323
2012-09-30 09:00:00,330.5001
2012-09-30 10:00:00,584.3606
2012-09-30 11:00:00,689.4233
2012-09-30 12:00:00,593.93823
2012-09-30 13:00:00,681.0108
2012-09-30 14:00:00,681.0108
2012-09-30 15:00:00,672.9094
2012-09-30 16:00:00,722.56433
2012-09-30 17:00:00,589.5867
2012-09-30 18:00:00,166.57164
2012-09-30 19:00:00,213.26656
2012-09-30 20:00:00,213.26656
2012-09-30 21:00:00,192.38287
2012-09-30 22:00:00,193.56001
2012-09-30 23:00:00,292.04852
2012-10-20 00:00:00,69.09142
2012-10-20 01:00:00,235.6004
2012-10-20 02:00:00,205.2979
2012-10-20 03:00:00,127.9314
2012-10-20 04:00:00,188.68077
2012-10-20 05:00:00,167.79753
2012-10-20 06:00:00,183.70564
2012-10-20 07:00:00,167.79753
2012-10-20 08:00:00,250.26414
2012-10-20 09:00:00,321.4061
2012-10-20 10:00:00,390.28433
2012-10-20 11:00:00,408.86188
2012-10-20 12:00:00,445.05997
2012-10-20 13:00:00,591.2951
2012-10-20 14:00:00,594.46814
2012-10-20 15:00:00,527.7349
2012-10-20 16:00:00,424.43555
2012-10-20 17:00:00,654.2342
2012-10-20 18:00:00,624.51056
2012-10-20 19:00:00,359.97
2012-10-20 20:00:00,596.4988
2012-10-20 21:00:00,322.78027
2012-10-20 22:00:00,321.5569
2012-10-20 23:00:00,258.8746
2012-10-21 00:00:00,203.57425
2012-10-21 01:00:00,206.23389
2012-10-21 02:00:00,158.85683
2012-10-21 03:00:00,264.38998
2012-10-21 04:00:00,143.88562
2012-10-21 05:00:00,264.38998
2012-10-21 06:00:00,187.43468
2012-10-21 07:00:00,187.43468
2012-10-21 08:00:00,179.5761
2012-10-21 09:00:00,251.34477
2012-10-21 10:00:00,278.96292
2012-10-21 11:00:00,344.8988
2012-10-21 12:00:00,421.0438
2012-10-21 13:00:00,536.0798
2012-10-21 14:00:00,681.06323
2012-10-21 15:00:00,402.00293
2012-10-21 16:00:00,654.2342
2012-10-21 17:00:00,492.9766
2012-10-21 18:00:00,647.3607
2012-10-21 19:00:00,498.65207
2012-10-21 20:00:00,384.7323
2012-10-21 21:00:00,184.11778
2012-10-21 22:00:00,324.0549
2012-10-21 23:00:00,380.51938
2012-10-22 00:00:00,322.39282
2012-10-22 01:00:00,185.6285
2012-10-22 02:00:00,167.27333
2012-10-22 03:00:00,322.39282
2012-10-22 04:00:00,206.55128
2012-10-22 05:00:00,111.694954
2012-10-22 06:00:00,62.025173
2012-10-22 07:00:00,264.4895
2012-10-22 08:00:00,211.98862
2012-10-22 09:00:00,271.44095
2012-10-22 10:00:00,379.2787
2012-10-22 11:00:00,447.0502
2012-10-22 12:00:00,306.69458
2012-10-22 13:00:00,393.04898
2012-10-22 14:00:00,376.33002
2012-10-22 15:00:00,400.9712
2012-10-22 16:00:00,468.84695
2012-10-22 17:00:00,407.22974
2012-10-22 18:00:00,410.48056
2012-10-22 19:00:00,268.504
2012-10-22 20:00:00,312.54626
2012-10-22 21:00:00,333.5788
2012-10-22 22:00:00,153.56743
2012-10-22 23:00:00,191.435
2012-10-23 00:00:00,104.82372
2012-10-23 01:00:00,187.98782
2012-10-23 02:00:00,107.64474
2012-10-23 03:00:00,183.75995
2012-10-23 04:00:00,179.45311
2012-10-23 05:00:00,236.5005
2012-10-23 06:00:00,92.90423
2012-10-23 07:00:00,197.66878
2012-10-23 08:00:00,225.9247
2012-10-23 09:00:00,220.11212
2012-10-23 10:00:00,457.18762
2012-10-23 11:00:00,290.91614
2012-10-23 12:00:00,153.0133
2012-10-23 13:00:00,214.05008
2012-10-23 14:00:00,562.9301
2012-10-23 15:00:00,591.67883
2012-10-23 16:00:00,236.71188
2012-10-23 17:00:00,257.38983
2012-10-23 18:00:00,281.88733
2012-10-23 19:00:00,373.48083
2012-10-23 20:00:00,437.76883
2012-10-23 21:00:00,485.0399
2012-10-23 22:00:00,458.93765
2012-10-23 23:00:00,367.61194
2012-10-24 00:00:00,359.5011
2012-10-24 01:00:00,410.60468
2012-10-24 02:00:00,410.60483
2012-10-24 03:00:00,274.11255
2012-10-24 04:00:00,274.1126
2012-10-24 05:00:00,211.44005
2012-10-24 06:00:00,237.70598
2012-10-24 07:00:00,199.27637
2012-10-24 08:00:00,222.75911
2012-10-24 09:00:00,217.43318
2012-10-24 10:00:00,229.40451
2012-10-24 11:00:00,547.33606
2012-10-24 12:00:00,447.3943
2012-10-24 13:00:00,394.9722
2012-10-24 14:00:00,544.38385
2012-10-24 15:00:00,402.506
2012-10-24 16:00:00,464.18173
2012-10-24 17:00:00,262.55933
2012-10-24 18:00:00,240.44756
2012-10-24 19:00:00,183.86714
2012-10-24 20:00:00,209.09872
2012-10-24 21:00:00,224.35883
2012-10-24 22:00:00,253.23125
2012-10-24 23:00:00,216.12267
2012-10-25 00:00:00,228.82175
2012-10-25 01:00:00,533.1079
2012-10-25 02:00:00,170.87685
2012-10-25 03:00:00,182.62036
2012-10-25 04:00:00,167.30154
2012-10-25 05:00:00,174.81546
2012-10-25 06:00:00,131.20514
2012-10-25 07:00:00,131.20514
2012-10-25 08:00:00,243.35986
2012-10-25 09:00:00,201.8308
2012-10-25 10:00:00,228.34569
2012-10-25 11:00:00,225.11273
2012-10-25 12:00:00,221.62721
2012-10-25 13:00:00,227.40913
2012-10-25 14:00:00,465.42444
2012-10-25 15:00:00,446.6542
2012-10-25 16:00:00,417.27985
2012-10-25 17:00:00,417.27985
2012-10-25 18:00:00,238.82564
2012-10-25 19:00:00,211.79778
2012-10-25 20:00:00,182.62036
2012-10-25 21:00:00,182.62036
2012-10-25 22:00:00,220.40976
2012-10-25 23:00:00,228.34567
2012-10-26 00:00:00,219.50722
2012-10-26 01:00:00,161.85994
2012-10-26 02:00:00,167.30154
2012-10-26 03:00:00,174.81546
2012-10-26 04:00:00,174.81546
2012-10-26 05:00:00,167.30154
2012-10-26 06:00:00,161.85994
2012-10-26 07:00:00,167.30154
2012-10-26 08:00:00,205.70598
2012-10-26 09:00:00,205.70598
2012-10-26 10:00:00,193.57742
2012-10-26 11:00:00,278.65292
2012-10-26 12:00:00,317.75458
2012-10-26 13:00:00,248.60083
2012-10-26 14:00:00,253.23125
2012-10-26 15:00:00,224.35883
2012-10-26 16:00:00,321.2233
2012-10-26 17:00:00,281.32465
2012-10-26 18:00:00,227.57445
2012-10-26 19:00:00,247.94438
2012-10-26 20:00:00,247.94438
2012-10-26 21:00:00,233.95197
2012-10-26 22:00:00,220.78572
2012-10-26 23:00:00,198.01505
2012-10-27 00:00:00,31.42738
2012-10-27 01:00:00,110.84552
2012-10-27 02:00:00,160.9662
2012-10-27 03:00:00,22.18448
2012-10-27 04:00:00,129.25505
2012-10-27 05:00:00,125.55342
2012-10-27 06:00:00,125.55342
2012-10-27 07:00:00,38.83979
2012-10-27 08:00:00,90.37402
2012-10-27 09:00:00,90.37402
2012-10-27 10:00:00,221.078
2012-10-27 11:00:00,417.92566
2012-10-27 12:00:00,444.1373
2012-10-27 13:00:00,612.2496
2012-10-27 14:00:00,565.4666
2012-10-27 15:00:00,246.7202
2012-10-27 16:00:00,250.14497
2012-10-27 17:00:00,250.14497
2012-10-27 18:00:00,250.14497
2012-10-27 19:00:00,147.95088
2012-10-27 20:00:00,147.95088
2012-10-27 21:00:00,147.95088
2012-10-27 22:00:00,162.38605
2012-10-27 23:00:00,349.15506
2012-10-28 00:00:00,198.29997
2012-10-28 01:00:00,244.0927
2012-10-28 02:00:00,196.30664
2012-10-28 03:00:00,173.97073
2012-10-28 04:00:00,163.5363
2012-10-28 05:00:00,180.93283
2012-10-28 06:00:00,226.88786
2012-10-28 07:00:00,212.23628
2012-10-28 08:00:00,223.77637
2012-10-28 09:00:00,355.92685
2012-10-28 10:00:00,420.78915
2012-10-28 11:00:00,373.33502
2012-10-28 12:00:00,332.16013
2012-10-28 13:00:00,338.07898
2012-10-28 14:00:00,358.30862
2012-10-28 15:00:00,246.46657
2012-10-28 16:00:00,233.11365
2012-10-28 17:00:00,68.512924
2012-10-28 18:00:00,67.40261
2012-10-28 19:00:00,88.55056
2012-10-28 20:00:00,76.265945
2012-10-28 21:00:00,97.91444
2012-10-28 22:00:00,90.344086
2012-10-28 23:00:00,88.55056
2012-10-29 00:00:00,107.45582
2012-10-30 13:00:00,54.09926
2012-10-30 14:00:00,54.09926
2012-10-30 15:00:00,95.05508
2012-10-30 16:00:00,95.05508
2012-10-30 17:00:00,111.35821
2012-10-30 18:00:00,87.286064
2012-10-30 19:00:00,303.56595
2012-10-30 20:00:00,268.77435
2012-10-30 21:00:00,157.02174
2012-10-30 22:00:00,111.27986
2012-10-30 23:00:00,111.27986
2012-10-31 00:00:00,171.86182
2012-10-31 01:00:00,183.52269
2012-10-31 02:00:00,148.50468
2012-10-31 03:00:00,171.86182
2012-10-31 04:00:00,304.40503
2012-10-31 05:00:00,148.50468
2012-10-31 06:00:00,108.07227
2012-10-31 07:00:00,185.19315
2012-10-31 08:00:00,93.33492
2012-10-31 09:00:00,115.97057
2012-10-31 10:00:00,180.38591
2012-10-31 11:00:00,150.1453
2012-10-31 12:00:00,229.33458
2012-10-31 13:00:00,269.7387
2012-10-31 14:00:00,322.7158
2012-10-31 15:00:00,237.72939
2012-10-31 16:00:00,314.26373
2012-10-31 17:00:00,280.9473
2012-10-31 18:00:00,280.9473
2012-10-31 19:00:00,295.17273
2012-10-31 20:00:00,295.17273
2012-10-31 21:00:00,295.17273
2012-10-31 22:00:00,247.71965
2012-10-31 23:00:00,257.32834
2012-11-20 00:00:00,114.39931
2012-11-20 01:00:00,183.08603
2012-11-20 02:00:00,139.9312
2012-11-20 03:00:00,109.77573
2012-11-20 04:00:00,127.149254
2012-11-20 05:00:00,144.29222
2012-11-20 06:00:00,141.87663
2012-11-20 07:00:00,109.31629
2012-11-20 08:00:00,115.04067
2012-11-20 09:00:00,169.81303
2012-11-20 10:00:00,230.8407
2012-11-20 11:00:00,227.48448
2012-11-20 12:00:00,204.88138
2012-11-20 13:00:00,220.68083
2012-11-20 14:00:00,243.34866
2012-11-20 15:00:00,241.79912
2012-11-20 16:00:00,223.0661
2012-11-20 17:00:00,183.70872
2012-11-20 18:00:00,230.8407
2012-11-20 19:00:00,191.51178
2012-11-20 20:00:00,146.09729
2012-11-20 21:00:00,114.542244
2012-11-20 22:00:00,114.542244
2012-11-20 23:00:00,105.43882
2012-11-21 00:00:00,77.414925
2012-11-21 01:00:00,105.43882
2012-11-21 02:00:00,157.29828
2012-11-21 03:00:00,157.29828
2012-11-21 04:00:00,157.29828
2012-11-21 05:00:00,157.29828
2012-11-21 06:00:00,134.61407
2012-11-21 07:00:00,131.90916
2012-11-21 08:00:00,178.53967
2012-11-21 09:00:00,109.3163
2012-11-21 10:00:00,286.17392
2012-11-21 11:00:00,252.51598
2012-11-21 12:00:00,303.019
2012-11-21 13:00:00,322.7961
2012-11-21 14:00:00,343.30795
2012-11-21 15:00:00,264.44592
2012-11-21 16:00:00,308.76794
2012-11-21 17:00:00,267.4193
2012-11-21 18:00:00,263.70853
2012-11-21 19:00:00,267.71228
2012-11-21 20:00:00,265.30765
2012-11-21 21:00:00,268.9253
2012-11-21 22:00:00,243.07762
2012-11-21 23:00:00,169.09409
2012-11-22 00:00:00,42.06978
2012-11-22 01:00:00,51.23877
2012-11-22 02:00:00,28.53722
2012-11-22 03:00:00,17.293522
2012-11-22 04:00:00,13.941564
2012-11-22 05:00:00,17.293522
2012-11-22 06:00:00,57.264
2012-11-22 07:00:00,14.123517
2012-11-22 08:00:00,16.245716
2012-11-22 09:00:00,54.576725
2012-11-22 10:00:00,195.43475
2012-11-22 11:00:00,261.29263
2012-11-22 12:00:00,180.58002
2012-11-22 13:00:00,163.23308
2012-11-22 14:00:00,205.8125
2012-11-22 15:00:00,205.8125
2012-11-22 16:00:00,164.70033
2012-11-22 17:00:00,180.58002
2012-11-22 18:00:00,194.32808
2012-11-22 19:00:00,110.13538
2012-11-22 20:00:00,88.580086
2012-11-22 21:00:00,64.44656
2012-11-22 22:00:00,83.924324
2012-11-22 23:00:00,54.565647
2012-11-23 00:00:00,60.343662
2012-11-23 01:00:00,117.363144
2012-11-23 02:00:00,105.37304
2012-11-23 03:00:00,48.162563
2012-11-23 04:00:00,117.806244
2012-11-23 05:00:00,104.19186
2012-11-23 06:00:00,104.19186
2012-11-23 07:00:00,104.19186
2012-11-23 08:00:00,178.06885
2012-11-23 09:00:00,111.919556
2012-11-23 10:00:00,133.36139
2012-11-23 11:00:00,252.51598
2012-11-23 12:00:00,337.6441
2012-11-23 13:00:00,382.1305
2012-11-23 14:00:00,416.2953
2012-11-23 15:00:00,338.7351
2012-11-23 16:00:00,211.26714
2012-11-23 17:00:00,211.02383
2012-11-23 18:00:00,251.03725
2012-11-23 19:00:00,278.02072
2012-11-23 20:00:00,252.55789
2012-11-23 21:00:00,256.14304
2012-11-23 22:00:00,479.40314
2012-11-23 23:00:00,487.88748
2012-11-24 00:00:00,318.68454
2012-11-24 01:00:00,252.56404
2012-11-24 02:00:00,190.96536
2012-11-24 03:00:00,278.8549
2012-11-24 04:00:00,208.70491
2012-11-24 05:00:00,126.753426
2012-11-24 06:00:00,72.08078
2012-11-24 07:00:00,199.4363
2012-11-24 08:00:00,172.41724
2012-11-24 09:00:00,204.25475
2012-11-24 10:00:00,129.64796
2012-11-24 11:00:00,253.9301
2012-11-24 12:00:00,184.51308
2012-11-24 13:00:00,432.57428
2012-11-24 14:00:00,258.42432
2012-11-24 15:00:00,264.30316
2012-11-24 16:00:00,243.81125
2012-11-24 17:00:00,199.76512
2012-11-24 18:00:00,289.1427
2012-11-24 19:00:00,132.00188
2012-11-24 20:00:00,72.08083
2012-11-24 21:00:00,47.74559
2012-11-24 22:00:00,64.92653
2012-11-24 23:00:00,47.74559
2012-11-25 00:00:00,52.787308
2012-11-25 01:00:00,55.776558
2012-11-25 02:00:00,137.03761
2012-11-25 03:00:00,148.84938
2012-11-25 04:00:00,148.84938
2012-11-25 05:00:00,48.84958
2012-11-25 06:00:00,20.140862
2012-11-25 07:00:00,22.85501
2012-11-25 08:00:00,56.615273
2012-11-25 09:00:00,66.047134
2012-11-25 10:00:00,63.355316
2012-11-25 11:00:00,82.23884
2012-11-25 12:00:00,82.23884
2012-11-25 13:00:00,50.186592
2012-11-25 14:00:00,88.16747
2012-11-25 15:00:00,215.471
2012-11-25 16:00:00,300.78516
2012-11-25 17:00:00,154.90352
2012-11-25 18:00:00,29.013052
2012-11-25 19:00:00,157.55846
2012-11-25 20:00:00,70.35686
2012-11-25 21:00:00,182.11469
2012-11-25 22:00:00,70.35686
2012-11-25 23:00:00,32.826958
2012-11-26 00:00:00,30.947224
2012-11-26 01:00:00,30.400862
2012-11-26 02:00:00,30.400862
2012-11-26 03:00:00,30.400862
2012-11-26 04:00:00,30.947224
2012-11-26 05:00:00,323.60986
2012-11-26 06:00:00,30.947224
2012-11-26 07:00:00,50.552376
2012-11-26 08:00:00,50.552376
2012-11-26 09:00:00,197.03815
2012-11-26 10:00:00,200.51567
2012-11-26 11:00:00,312.17422
2012-11-26 12:00:00,272.17627
2012-11-26 13:00:00,272.17627
2012-11-26 14:00:00,292.6159
2012-11-26 15:00:00,256.63528
2012-11-26 16:00:00,281.75107
2012-11-26 17:00:00,265.3186
2012-11-26 18:00:00,238.46884
2012-11-26 19:00:00,234.20317
2012-11-26 20:00:00,243.07762
2012-11-26 21:00:00,243.07762
2012-11-26 22:00:00,169.09421
2012-11-26 23:00:00,125.90954
2012-11-27 00:00:00,136.69083
2012-11-27 01:00:00,120.62152
2012-11-27 02:00:00,147.9502
2012-11-27 03:00:00,62.10991
2012-11-27 04:00:00,106.38029
2012-11-27 05:00:00,262.41565
2012-11-27 06:00:00,152.99413
2012-11-27 07:00:00,53.119194
2012-11-27 08:00:00,87.783295
2012-11-27 09:00:00,137.76807
2012-11-27 10:00:00,98.26207
2012-11-27 11:00:00,62.772854
2012-11-27 12:00:00,30.256554
2012-11-27 13:00:00,92.73553
2012-11-27 14:00:00,43.25486
2012-11-27 15:00:00,99.09182
2012-11-27 16:00:00,99.09182
2012-11-27 17:00:00,33.78687
2012-11-27 18:00:00,34.818703
2012-11-27 19:00:00,126.15252
2012-11-27 20:00:00,53.26705
2012-11-27 21:00:00,126.925125
2012-11-27 22:00:00,367.31537
2012-11-27 23:00:00,113.98579
2012-11-28 00:00:00,107.58312
2012-11-28 01:00:00,150.87517
2012-11-28 02:00:00,150.87517
2012-11-28 03:00:00,156.76341
2012-11-28 04:00:00,241.50795
2012-11-28 05:00:00,169.87779
2012-11-28 06:00:00,196.75053
2012-11-28 07:00:00,198.67032
2012-11-28 08:00:00,210.3704
2012-11-28 09:00:00,191.52443
2012-11-28 10:00:00,290.60245
2012-11-28 11:00:00,273.99042
2012-11-28 12:00:00,302.2965
2012-11-28 13:00:00,305.19724
2012-11-28 14:00:00,219.05879
2012-11-28 15:00:00,286.86176
2012-11-28 16:00:00,317.57892
2012-11-28 17:00:00,245.8005
2012-11-28 18:00:00,273.30063
2012-11-28 19:00:00,236.51955
2012-11-28 20:00:00,216.22017
2012-11-28 21:00:00,266.04892
2012-11-28 22:00:00,314.3536
2012-11-28 23:00:00,206.43697
2012-11-29 00:00:00,100.75649
2012-11-29 01:00:00,103.595474
2012-11-29 02:00:00,44.450485
2012-11-29 04:00:00,118.16829
2012-11-29 05:00:00,30.400862
2012-11-29 06:00:00,30.947224
2012-11-29 07:00:00,29.755285
2012-11-29 08:00:00,104.96675
2012-11-29 09:00:00,40.250046
2012-11-29 10:00:00,81.836494
2012-11-29 11:00:00,291.34027
2012-11-29 12:00:00,254.85881
2012-11-29 13:00:00,273.13025
2012-11-29 14:00:00,308.68332
2012-11-29 15:00:00,210.63504
2012-11-29 16:00:00,275.63632
2012-11-29 17:00:00,295.23376
2012-11-29 18:00:00,241.14182
2012-11-29 19:00:00,186.92598
2012-11-29 20:00:00,166.51897
2012-11-29 21:00:00,141.33809
2012-11-29 22:00:00,114.177986
2012-11-29 23:00:00,65.31885
2012-11-30 00:00:00,145.68965
2012-11-30 01:00:00,108.3213
2012-11-30 02:00:00,40.113415
2012-11-30 03:00:00,40.113415
2012-11-30 04:00:00,56.05612
2012-11-30 05:00:00,95.11723
2012-11-30 06:00:00,67.42098
2012-11-30 07:00:00,104.175735
2012-11-30 08:00:00,137.70189
2012-11-30 09:00:00,116.35547
2012-11-30 10:00:00,116.27232
2012-11-30 11:00:00,252.80882
2012-11-30 12:00:00,223.1995
2012-11-30 13:00:00,232.76701
2012-11-30 14:00:00,197.58084
2012-11-30 15:00:00,199.10072
2012-11-30 16:00:00,242.46193
2012-11-30 17:00:00,251.18567
2012-11-30 18:00:00,199.72314
2012-11-30 19:00:00,89.384926
2012-11-30 20:00:00,89.384926
2012-11-30 21:00:00,108.41082
2012-11-30 22:00:00,57.379517
2012-11-30 23:00:00,152.41144
2012-12-20 00:00:00,149.7163
2012-12-20 01:00:00,89.384926
2012-12-20 02:00:00,89.384926
2012-12-20 03:00:00,76.07392
2012-12-20 04:00:00,76.07392
2012-12-20 05:00:00,86.88723
2012-12-20 06:00:00,116.27232
2012-12-20 07:00:00,92.100365
2012-12-20 08:00:00,92.100365
2012-12-20 09:00:00,92.100365
2012-12-20 10:00:00,112.531166
2012-12-20 11:00:00,276.77023
2012-12-20 12:00:00,266.75815
2012-12-20 13:00:00,249.23334
2012-12-20 14:00:00,291.50525
2012-12-20 15:00:00,215.39636
2012-12-20 16:00:00,201.01285
2012-12-20 17:00:00,127.149254
2012-12-20 18:00:00,163.22122
2012-12-20 19:00:00,108.763435
2012-12-20 20:00:00,100.80512
2012-12-20 21:00:00,100.80512
2012-12-20 22:00:00,99.25677
2012-12-20 23:00:00,86.65426
2012-12-21 00:00:00,112.41416
2012-12-21 01:00:00,99.29211
2012-12-21 02:00:00,109.74272
2012-12-21 03:00:00,109.74272
2012-12-21 04:00:00,100.94811
2012-12-21 05:00:00,117.74132
2012-12-21 06:00:00,71.452095
2012-12-21 07:00:00,124.510994
2012-12-21 08:00:00,116.30062
2012-12-21 09:00:00,158.42201
2012-12-21 10:00:00,154.86415
2012-12-21 11:00:00,181.27492
2012-12-21 12:00:00,172.19986
2012-12-21 13:00:00,174.43701
2012-12-21 14:00:00,177.34076
2012-12-21 15:00:00,177.51692
2012-12-21 16:00:00,176.30565
2012-12-21 17:00:00,74.65458
2012-12-21 18:00:00,76.886925
2012-12-21 19:00:00,163.80193
2012-12-21 20:00:00,155.27898
2012-12-21 21:00:00,118.470276
2012-12-21 22:00:00,131.15543
2012-12-21 23:00:00,146.67639
2012-12-22 00:00:00,108.29042
2012-12-22 01:00:00,103.81619
2012-12-22 02:00:00,106.020004
2012-12-22 03:00:00,90.913826
2012-12-22 04:00:00,101.42135
2012-12-22 05:00:00,98.048706
2012-12-22 06:00:00,104.358444
2012-12-22 07:00:00,104.358444
2012-12-22 08:00:00,109.423744
2012-12-22 09:00:00,90.545425
2012-12-22 10:00:00,72.51269
2012-12-22 11:00:00,94.22783
2012-12-22 12:00:00,108.69959
2012-12-22 13:00:00,118.053635
2012-12-22 14:00:00,116.92995
2012-12-22 15:00:00,117.34211
2012-12-22 16:00:00,105.01823
2012-12-22 17:00:00,94.62745
2012-12-22 18:00:00,104.212456
2012-12-22 19:00:00,68.87163
2012-12-22 20:00:00,83.58901
2012-12-22 21:00:00,66.10968
2012-12-22 22:00:00,66.10968
2012-12-22 23:00:00,132.97383
2012-12-23 00:00:00,70.25277
2012-12-23 01:00:00,127.44917
2012-12-23 02:00:00,107.97913
2012-12-23 03:00:00,95.1002
2012-12-23 04:00:00,93.08265
2012-12-23 05:00:00,69.32073
2012-12-23 06:00:00,48.677567
2012-12-23 07:00:00,48.677567
2012-12-23 08:00:00,12.89616
2012-12-23 09:00:00,75.55673
2012-12-23 10:00:00,45.27029
2012-12-23 11:00:00,91.99699
2012-12-23 12:00:00,171.24637
2012-12-23 13:00:00,120.801834
2012-12-23 14:00:00,174.42485
2012-12-23 15:00:00,151.41216
2012-12-23 16:00:00,195.7881
2012-12-23 17:00:00,186.1683
2012-12-23 18:00:00,159.62056
2012-12-23 19:00:00,114.328766
2012-12-23 20:00:00,24.50643
2012-12-23 21:00:00,26.311356
2012-12-23 22:00:00,69.67704
2012-12-23 23:00:00,31.53528
2012-12-24 00:00:00,53.572693
2012-12-24 01:00:00,53.572678
2012-12-24 02:00:00,98.69227
2012-12-24 03:00:00,98.69227
2012-12-24 05:00:00,152.19728
2012-12-24 06:00:00,98.69227
2012-12-24 07:00:00,64.417885
2012-12-24 08:00:00,53.572678
2012-12-24 09:00:00,159.5451
2012-12-24 10:00:00,154.19868
2012-12-24 11:00:00,133.48404
2012-12-24 12:00:00,133.85504
2012-12-24 13:00:00,75.84422
2012-12-24 14:00:00,82.49372
2012-12-24 15:00:00,57.07565
2012-12-24 16:00:00,57.07565
2012-12-24 17:00:00,70.958206
2012-12-24 18:00:00,77.72656
2012-12-24 19:00:00,107.52156
2012-12-24 20:00:00,71.004364
2012-12-24 21:00:00,81.80651
2012-12-24 22:00:00,140.56938
2012-12-24 23:00:00,120.66194
2012-12-25 00:00:00,87.324776
2012-12-25 01:00:00,90.06316
2012-12-25 02:00:00,90.06316
2012-12-25 04:00:00,64.99769
2012-12-25 05:00:00,31.094889
2012-12-25 06:00:00,31.094889
2012-12-25 07:00:00,35.66462
2012-12-25 08:00:00,39.73662
2012-12-25 09:00:00,44.712513
2012-12-25 10:00:00,38.264656
2012-12-25 11:00:00,90.24397
2012-12-25 12:00:00,96.20229
2012-12-25 13:00:00,183.62334
2012-12-25 14:00:00,192.78137
2012-12-25 15:00:00,237.13728
2012-12-25 16:00:00,151.9937
2012-12-25 17:00:00,151.16425
2012-12-25 18:00:00,132.53172
2012-12-25 19:00:00,138.00029
2012-12-25 20:00:00,109.77346
2012-12-25 21:00:00,122.952065
2012-12-25 22:00:00,123.95793
2012-12-25 23:00:00,89.08111
2012-12-26 00:00:00,103.280304
2012-12-26 01:00:00,94.84899
2012-12-26 02:00:00,94.84899
2012-12-26 03:00:00,48.997623
2012-12-26 04:00:00,100.58276
2012-12-26 05:00:00,84.721344
2012-12-26 06:00:00,99.388214
2012-12-26 07:00:00,40.774265
2012-12-26 08:00:00,40.774265
2012-12-26 09:00:00,40.774265
2012-12-26 10:00:00,47.275913
2012-12-26 11:00:00,30.328081
2012-12-26 12:00:00,49.789482
2012-12-26 13:00:00,49.789482
2012-12-26 14:00:00,42.314377
2012-12-26 15:00:00,58.460217
2012-12-26 16:00:00,58.460217
2012-12-26 17:00:00,54.17147
2012-12-26 18:00:00,70.60957
2012-12-26 19:00:00,71.98761
2012-12-26 20:00:00,100.15983
2012-12-26 21:00:00,129.38237
2012-12-26 22:00:00,25.615639
2012-12-26 23:00:00,55.41433
2012-12-27 00:00:00,55.41433
2012-12-27 01:00:00,25.615639
2012-12-27 02:00:00,27.632479
2012-12-27 03:00:00,107.59802
2012-12-27 04:00:00,59.216206
2012-12-27 05:00:00,139.51833
2012-12-27 06:00:00,121.62661
2012-12-27 07:00:00,134.21854
2012-12-27 08:00:00,164.88316
2012-12-27 09:00:00,130.50447
2012-12-27 10:00:00,91.52307
2012-12-27 11:00:00,84.37103
2012-12-27 12:00:00,112.51986
2012-12-27 13:00:00,112.51986
2012-12-27 14:00:00,87.85892
2012-12-27 15:00:00,75.99335
2012-12-27 16:00:00,76.82272
2012-12-27 17:00:00,76.82272
2012-12-27 18:00:00,85.625786
2012-12-27 19:00:00,123.8176
2012-12-27 20:00:00,128.43864
2012-12-27 21:00:00,85.625786
2012-12-27 22:00:00,79.70557
2012-12-27 23:00:00,85.625786
2012-12-28 00:00:00,112.39102
2012-12-28 01:00:00,135.7418
2012-12-28 02:00:00,119.89083
2012-12-28 03:00:00,112.39102
2012-12-28 04:00:00,167.0391
2012-12-28 05:00:00,170.57008
2012-12-28 06:00:00,119.06119
2012-12-28 07:00:00,140.1076
2012-12-28 08:00:00,147.75177
2012-12-28 09:00:00,79.70557
2012-12-28 10:00:00,72.40687
2012-12-28 11:00:00,117.65923
2012-12-28 12:00:00,143.24312
2012-12-28 13:00:00,143.24312
2012-12-28 14:00:00,143.24312
2012-12-28 15:00:00,85.04127
2012-12-28 16:00:00,111.89542
2012-12-28 17:00:00,118.095665
2012-12-28 18:00:00,118.095665
2012-12-28 19:00:00,89.384224
2012-12-28 20:00:00,159.5451
2012-12-28 21:00:00,121.301674
2012-12-28 22:00:00,119.88938
2012-12-28 23:00:00,154.52019
2012-12-29 00:00:00,58.25657
2012-12-29 01:00:00,58.02302
2012-12-29 02:00:00,58.25657
2012-12-29 03:00:00,57.059837
2012-12-29 04:00:00,58.02302
2012-12-29 05:00:00,58.02302
2012-12-29 06:00:00,81.3106
2012-12-29 07:00:00,80.10485
2012-12-29 08:00:00,98.09609
2012-12-29 09:00:00,98.09611
2012-12-29 10:00:00,41.63896
2012-12-29 11:00:00,57.954
2012-12-29 12:00:00,33.782402
2012-12-29 13:00:00,33.782402
2012-12-29 14:00:00,53.628105
2012-12-29 15:00:00,37.078117
2012-12-29 16:00:00,50.665894
2012-12-29 17:00:00,46.332752
2012-12-29 18:00:00,40.79372
2012-12-29 19:00:00,96.36768
2012-12-29 20:00:00,74.42678
2012-12-29 21:00:00,59.85916
2012-12-29 22:00:00,49.68378
2012-12-29 23:00:00,70.72317
2012-12-30 00:00:00,82.23651
2012-12-30 01:00:00,63.977974
2012-12-30 02:00:00,78.47199
2012-12-30 03:00:00,63.977974
2012-12-30 04:00:00,90.106316
2012-12-30 05:00:00,51.176548
2012-12-30 06:00:00,40.524574
2012-12-30 07:00:00,52.244762
2012-12-30 08:00:00,54.593876
2012-12-30 09:00:00,52.8048
2012-12-30 10:00:00,115.92913
2012-12-30 11:00:00,106.74156
2012-12-30 12:00:00,136.45854
2012-12-30 13:00:00,108.69959
2012-12-30 14:00:00,106.572296
2012-12-30 15:00:00,98.514885
2012-12-30 16:00:00,103.83493
2012-12-30 17:00:00,96.490524
2012-12-30 18:00:00,45.06768
2012-12-30 19:00:00,138.32713
2012-12-30 20:00:00,61.14971
2012-12-30 21:00:00,107.97913
2012-12-30 22:00:00,53.02219
2012-12-30 23:00:00,69.010796
2012-12-31 00:00:00,110.58737
2012-12-31 01:00:00,110.58737
2012-12-31 02:00:00,135.2161
2012-12-31 03:00:00,140.48991
2012-12-31 04:00:00,119.774254
2012-12-31 05:00:00,132.68831
2012-12-31 06:00:00,138.72124
2012-12-31 07:00:00,126.08309
2012-12-31 08:00:00,130.45732
2012-12-31 09:00:00,85.962845
2012-12-31 10:00:00,84.70518
2012-12-31 11:00:00,80.29507
2012-12-31 12:00:00,103.65041
2012-12-31 13:00:00,146.39365
2012-12-31 14:00:00,115.50718
2012-12-31 15:00:00,181.61754
2012-12-31 16:00:00,126.91555
2012-12-31 17:00:00,90.56987
2012-12-31 18:00:00,142.8558
2012-12-31 19:00:00,133.48404
2012-12-31 20:00:00,133.48404
2012-12-31 21:00:00,120.75836
2012-12-31 22:00:00,112.84136
2012-12-31 23:00:00,118.617744
