datetime,count
2011-01-20 00:00:00,99.3038
2011-01-20 01:00:00,86.5465
2011-01-20 02:00:00,86.5465
2011-01-20 03:00:00,84.304
2011-01-20 04:00:00,84.304
2011-01-20 05:00:00,84.589165
2011-01-20 06:00:00,83.744
2011-01-20 07:00:00,85.61111
2011-01-20 08:00:00,89.55895
2011-01-20 09:00:00,99.26379
2011-01-20 10:00:00,96.570786
2011-01-20 11:00:00,111.44352
2011-01-20 12:00:00,107.30576
2011-01-20 13:00:00,110.52588
2011-01-20 14:00:00,111.86961
2011-01-20 15:00:00,114.11965
2011-01-20 16:00:00,111.75364
2011-01-20 17:00:00,111.56909
2011-01-20 18:00:00,107.22201
2011-01-20 19:00:00,94.63028
2011-01-20 20:00:00,95.802414
2011-01-20 21:00:00,90.72522
2011-01-20 22:00:00,82.70255
2011-01-20 23:00:00,79.27875
2011-01-21 00:00:00,84.88777
2011-01-21 01:00:00,84.88777
2011-01-21 02:00:00,65.3475
2011-01-21 03:00:00,55.108265
2011-01-21 04:00:00,81.12401
2011-01-21 05:00:00,92.753044
2011-01-21 06:00:00,87.63508
2011-01-21 07:00:00,87.607735
2011-01-21 08:00:00,91.45433
2011-01-21 09:00:00,88.752716
2011-01-21 10:00:00,94.09581
2011-01-21 11:00:00,105.78703
2011-01-21 12:00:00,124.04941
2011-01-21 13:00:00,122.849
2011-01-21 14:00:00,117.15717
2011-01-21 15:00:00,101.87864
2011-01-21 16:00:00,99.41664
2011-01-21 17:00:00,91.081985
2011-01-21 18:00:00,78.83416
2011-01-21 19:00:00,77.06487
2011-01-21 20:00:00,70.80421
2011-01-21 21:00:00,62.978054
2011-01-21 22:00:00,61.73638
2011-01-21 23:00:00,60.73143
2011-01-22 00:00:00,18.18959
2011-01-22 01:00:00,15.255376
2011-01-22 02:00:00,13.526515
2011-01-22 03:00:00,14.213262
2011-01-22 04:00:00,7.651289
2011-01-22 06:00:00,9.545892
2011-01-22 07:00:00,18.6179
2011-01-22 08:00:00,20.477839
2011-01-22 09:00:00,21.071453
2011-01-22 10:00:00,17.494688
2011-01-22 11:00:00,26.25057
2011-01-22 12:00:00,31.777046
2011-01-22 13:00:00,49.352283
2011-01-22 14:00:00,53.32676
2011-01-22 15:00:00,58.00894
2011-01-22 16:00:00,63.662117
2011-01-22 17:00:00,64.224
2011-01-22 18:00:00,39.174988
2011-01-22 19:00:00,39.46867
2011-01-22 20:00:00,19.625628
2011-01-22 21:00:00,26.141497
2011-01-22 22:00:00,25.281645
2011-01-22 23:00:00,10.812594
2011-01-23 00:00:00,10.812594
2011-01-23 01:00:00,10.812594
2011-01-23 02:00:00,6.746647
2011-01-23 03:00:00,6.746647
2011-01-23 05:00:00,15.165792
2011-01-23 06:00:00,15.165792
2011-01-23 07:00:00,16.019547
2011-01-23 08:00:00,9.940039
2011-01-23 09:00:00,25.190084
2011-01-23 10:00:00,50.09378
2011-01-23 11:00:00,50.73062
2011-01-23 12:00:00,79.69589
2011-01-23 13:00:00,75.25877
2011-01-23 14:00:00,82.123505
2011-01-23 15:00:00,82.123505
2011-01-23 16:00:00,82.58118
2011-01-23 17:00:00,80.807785
2011-01-23 18:00:00,67.55433
2011-01-23 19:00:00,69.730385
2011-01-23 20:00:00,48.433323
2011-01-23 21:00:00,45.111576
2011-01-23 22:00:00,34.564224
2011-01-23 23:00:00,23.817535
2011-01-24 00:00:00,57.041397
2011-01-24 01:00:00,54.3356
2011-01-24 03:00:00,55.189552
2011-01-24 04:00:00,52.52767
2011-01-24 05:00:00,52.52767
2011-01-24 06:00:00,52.81502
2011-01-24 07:00:00,63.996452
2011-01-24 08:00:00,70.25667
2011-01-24 09:00:00,79.25015
2011-01-24 10:00:00,81.54164
2011-01-24 11:00:00,66.11793
2011-01-24 12:00:00,70.49038
2011-01-24 13:00:00,71.67215
2011-01-24 14:00:00,71.26979
2011-01-24 15:00:00,84.69317
2011-01-24 16:00:00,75.2944
2011-01-24 17:00:00,64.8062
2011-01-24 18:00:00,65.31443
2011-01-24 19:00:00,71.52395
2011-01-24 20:00:00,65.31443
2011-01-24 21:00:00,66.94319
2011-01-24 22:00:00,56.07235
2011-01-24 23:00:00,59.885643
2011-01-25 00:00:00,54.415672
2011-01-25 01:00:00,60.104362
2011-01-25 02:00:00,63.972824
2011-01-25 04:00:00,60.48848
2011-01-25 05:00:00,58.463615
2011-01-25 06:00:00,67.32811
2011-01-25 07:00:00,60.67119
2011-01-25 08:00:00,60.401314
2011-01-25 09:00:00,101.073105
2011-01-25 10:00:00,105.137726
2011-01-25 11:00:00,106.12247
2011-01-25 12:00:00,109.8658
2011-01-25 13:00:00,109.333176
2011-01-25 14:00:00,107.30455
2011-01-25 15:00:00,112.46185
2011-01-25 16:00:00,112.46185
2011-01-25 17:00:00,117.96617
2011-01-25 18:00:00,110.94289
2011-01-25 19:00:00,107.283005
2011-01-25 20:00:00,83.332466
2011-01-25 21:00:00,83.332466
2011-01-25 22:00:00,82.66667
2011-01-25 23:00:00,96.81478
2011-01-26 00:00:00,98.882034
2011-01-26 01:00:00,105.48274
2011-01-26 02:00:00,63.139206
2011-01-26 05:00:00,47.865936
2011-01-26 06:00:00,47.865936
2011-01-26 07:00:00,51.902203
2011-01-26 08:00:00,51.902203
2011-01-26 09:00:00,51.902203
2011-01-26 10:00:00,49.64328
2011-01-26 11:00:00,48.497093
2011-01-26 12:00:00,48.497093
2011-01-26 13:00:00,48.497093
2011-01-26 14:00:00,48.387344
2011-01-26 15:00:00,47.51612
2011-01-26 16:00:00,37.43803
2011-01-26 17:00:00,45.24645
2011-01-27 16:00:00,83.98315
2011-01-27 17:00:00,81.612
2011-01-27 18:00:00,82.13683
2011-01-27 19:00:00,82.13683
2011-01-27 20:00:00,76.874306
2011-01-27 21:00:00,76.874306
2011-01-27 22:00:00,76.874306
2011-01-27 23:00:00,62.60381
2011-01-28 00:00:00,71.24795
2011-01-28 01:00:00,71.24795
2011-01-28 02:00:00,68.26701
2011-01-28 03:00:00,81.061615
2011-01-28 05:00:00,63.259308
2011-01-28 06:00:00,61.123188
2011-01-28 07:00:00,57.218998
2011-01-28 08:00:00,57.218998
2011-01-28 09:00:00,50.30376
2011-01-28 10:00:00,49.984547
2011-01-28 11:00:00,47.71302
2011-01-28 12:00:00,47.71302
2011-01-28 13:00:00,47.71302
2011-01-28 14:00:00,69.36087
2011-01-28 15:00:00,92.528465
2011-01-28 16:00:00,76.46324
2011-01-28 17:00:00,83.06323
2011-01-28 18:00:00,82.79048
2011-01-28 19:00:00,100.8604
2011-01-28 20:00:00,95.30031
2011-01-28 21:00:00,86.42533
2011-01-28 22:00:00,89.22475
2011-01-28 23:00:00,84.589165
2011-01-29 00:00:00,57.356644
2011-01-29 01:00:00,49.067257
2011-01-29 02:00:00,47.13305
2011-01-29 03:00:00,47.47067
2011-01-29 04:00:00,29.676355
2011-01-29 06:00:00,33.30992
2011-01-29 07:00:00,38.844128
2011-01-29 08:00:00,52.403725
2011-01-29 09:00:00,46.655003
2011-01-29 10:00:00,50.47411
2011-01-29 11:00:00,52.777138
2011-01-29 12:00:00,56.856377
2011-01-29 13:00:00,56.51848
2011-01-29 14:00:00,54.917633
2011-01-29 15:00:00,51.729095
2011-01-29 16:00:00,54.46031
2011-01-29 17:00:00,54.58545
2011-01-29 18:00:00,44.890404
2011-01-29 19:00:00,52.28034
2011-01-29 20:00:00,34.997074
2011-01-29 21:00:00,34.997074
2011-01-29 22:00:00,23.814089
2011-01-29 23:00:00,23.814089
2011-01-30 00:00:00,21.461752
2011-01-30 01:00:00,24.938784
2011-01-30 02:00:00,31.440464
2011-01-30 03:00:00,17.408787
2011-01-30 04:00:00,17.408787
2011-01-30 05:00:00,20.778076
2011-01-30 07:00:00,20.778076
2011-01-30 08:00:00,43.45936
2011-01-30 09:00:00,46.392475
2011-01-30 10:00:00,47.636795
2011-01-30 11:00:00,40.450993
2011-01-30 12:00:00,84.96224
2011-01-30 13:00:00,59.26374
2011-01-30 14:00:00,59.942787
2011-01-30 15:00:00,79.41057
2011-01-30 16:00:00,79.41057
2011-01-30 17:00:00,71.38156
2011-01-30 18:00:00,52.453033
2011-01-30 19:00:00,54.31292
2011-01-30 20:00:00,59.850037
2011-01-30 21:00:00,53.281128
2011-01-30 22:00:00,52.486816
2011-01-30 23:00:00,59.929497
2011-01-31 00:00:00,93.35221
2011-01-31 01:00:00,82.84671
2011-01-31 02:00:00,82.62194
2011-01-31 03:00:00,82.62194
2011-01-31 04:00:00,82.33087
2011-01-31 05:00:00,69.14432
2011-01-31 06:00:00,63.603615
2011-01-31 07:00:00,58.316162
2011-01-31 08:00:00,63.45956
2011-01-31 09:00:00,64.02172
2011-01-31 10:00:00,67.441284
2011-01-31 11:00:00,67.441284
2011-01-31 12:00:00,93.74893
2011-01-31 13:00:00,102.49044
2011-01-31 14:00:00,86.446365
2011-01-31 15:00:00,75.73704
2011-01-31 16:00:00,72.03545
2011-01-31 17:00:00,67.441284
2011-01-31 18:00:00,69.51048
2011-01-31 19:00:00,91.87965
2011-01-31 20:00:00,55.101715
2011-01-31 21:00:00,58.11902
2011-01-31 22:00:00,79.69728
2011-01-31 23:00:00,77.29563
2011-02-20 00:00:00,114.14561
2011-02-20 01:00:00,94.51393
2011-02-20 02:00:00,103.70909
2011-02-20 03:00:00,91.095764
2011-02-20 04:00:00,91.095764
2011-02-20 06:00:00,64.03304
2011-02-20 07:00:00,57.593193
2011-02-20 08:00:00,55.094925
2011-02-20 09:00:00,69.159485
2011-02-20 10:00:00,76.47713
2011-02-20 11:00:00,98.84184
2011-02-20 12:00:00,143.02095
2011-02-20 13:00:00,203.55681
2011-02-20 14:00:00,207.87198
2011-02-20 15:00:00,230.42053
2011-02-20 16:00:00,224.93784
2011-02-20 17:00:00,180.32712
2011-02-20 18:00:00,118.686226
2011-02-20 19:00:00,118.686226
2011-02-20 20:00:00,142.14636
2011-02-20 21:00:00,115.84053
2011-02-20 22:00:00,73.63005
2011-02-20 23:00:00,68.536766
2011-02-21 00:00:00,130.87428
2011-02-21 01:00:00,130.87428
2011-02-21 02:00:00,130.87428
2011-02-21 03:00:00,128.34372
2011-02-21 04:00:00,108.84152
2011-02-21 05:00:00,163.04434
2011-02-21 06:00:00,197.11404
2011-02-21 07:00:00,198.384
2011-02-21 08:00:00,117.47273
2011-02-21 09:00:00,118.13762
2011-02-21 10:00:00,117.77963
2011-02-21 11:00:00,116.579315
2011-02-21 12:00:00,112.7538
2011-02-21 13:00:00,76.39328
2011-02-21 14:00:00,107.77472
2011-02-21 15:00:00,88.29684
2011-02-21 16:00:00,74.43629
2011-02-21 17:00:00,78.63736
2011-02-21 18:00:00,50.208954
2011-02-21 19:00:00,50.208954
2011-02-21 20:00:00,56.865276
2011-02-21 21:00:00,55.864548
2011-02-21 22:00:00,48.369835
2011-02-21 23:00:00,48.369835
2011-02-22 06:00:00,42.199726
2011-02-22 07:00:00,42.199726
2011-02-22 08:00:00,42.07339
2011-02-22 09:00:00,47.380054
2011-02-22 10:00:00,77.39462
2011-02-22 11:00:00,81.733955
2011-02-22 12:00:00,81.8254
2011-02-22 13:00:00,83.24565
2011-02-22 14:00:00,83.98315
2011-02-22 15:00:00,87.34906
2011-02-22 16:00:00,83.80267
2011-02-22 17:00:00,87.23125
2011-02-22 18:00:00,83.10207
2011-02-22 19:00:00,90.19397
2011-02-22 20:00:00,88.06666
2011-02-22 21:00:00,90.04118
2011-02-22 22:00:00,80.32605
2011-02-22 23:00:00,80.32605
2011-02-23 00:00:00,69.07742
2011-02-23 01:00:00,75.86841
2011-02-23 02:00:00,71.935074
2011-02-23 03:00:00,67.49765
2011-02-23 05:00:00,75.760956
2011-02-23 06:00:00,75.760956
2011-02-23 07:00:00,69.90738
2011-02-23 08:00:00,71.52395
2011-02-23 09:00:00,81.191574
2011-02-23 10:00:00,81.55492
2011-02-23 11:00:00,85.05601
2011-02-23 12:00:00,104.32304
2011-02-23 13:00:00,140.81897
2011-02-23 14:00:00,150.86198
2011-02-23 15:00:00,171.89511
2011-02-23 16:00:00,174.33911
2011-02-23 17:00:00,171.89511
2011-02-23 18:00:00,157.49371
2011-02-23 19:00:00,134.68042
2011-02-23 20:00:00,83.38154
2011-02-23 21:00:00,89.91913
2011-02-23 22:00:00,89.91913
2011-02-23 23:00:00,81.4466
2011-02-24 00:00:00,81.4466
2011-02-24 01:00:00,81.76706
2011-02-24 02:00:00,81.94617
2011-02-24 03:00:00,81.95971
2011-02-24 05:00:00,81.68274
2011-02-24 06:00:00,78.60338
2011-02-24 07:00:00,77.29663
2011-02-24 08:00:00,82.86838
2011-02-24 09:00:00,72.23598
2011-02-24 10:00:00,90.921936
2011-02-24 11:00:00,112.50029
2011-02-24 12:00:00,120.886475
2011-02-24 13:00:00,118.8701
2011-02-24 14:00:00,122.37827
2011-02-24 15:00:00,115.00863
2011-02-24 16:00:00,104.84244
2011-02-24 17:00:00,104.8414
2011-02-24 18:00:00,107.81833
2011-02-24 19:00:00,73.70743
2011-02-24 20:00:00,101.82735
2011-02-24 21:00:00,107.81833
2011-02-24 22:00:00,77.7979
2011-02-24 23:00:00,102.123924
2011-02-25 00:00:00,111.01103
2011-02-25 01:00:00,110.95892
2011-02-25 02:00:00,110.95892
2011-02-25 03:00:00,110.07363
2011-02-25 05:00:00,110.07363
2011-02-25 06:00:00,101.65632
2011-02-25 07:00:00,84.55418
2011-02-25 08:00:00,100.82508
2011-02-25 09:00:00,73.25619
2011-02-25 10:00:00,109.35516
2011-02-25 11:00:00,171.23491
2011-02-25 12:00:00,144.3804
2011-02-25 13:00:00,144.3804
2011-02-25 14:00:00,146.5196
2011-02-25 15:00:00,149.23518
2011-02-25 16:00:00,114.66717
2011-02-25 17:00:00,138.0585
2011-02-25 18:00:00,117.35776
2011-02-25 19:00:00,110.01121
2011-02-25 20:00:00,125.6162
2011-02-25 21:00:00,105.736946
2011-02-25 22:00:00,108.025185
2011-02-25 23:00:00,98.85516
2011-02-26 00:00:00,64.29914
2011-02-26 01:00:00,66.650795
2011-02-26 02:00:00,62.940353
2011-02-26 03:00:00,54.66259
2011-02-26 04:00:00,57.7041
2011-02-26 05:00:00,55.00905
2011-02-26 06:00:00,50.226326
2011-02-26 07:00:00,49.269783
2011-02-26 08:00:00,71.565216
2011-02-26 09:00:00,64.03041
2011-02-26 10:00:00,83.11574
2011-02-26 11:00:00,113.78484
2011-02-26 12:00:00,94.1633
2011-02-26 13:00:00,104.724594
2011-02-26 14:00:00,113.38302
2011-02-26 15:00:00,119.18033
2011-02-26 16:00:00,129.79755
2011-02-26 17:00:00,153.66672
2011-02-26 18:00:00,125.76897
2011-02-26 19:00:00,96.08812
2011-02-26 20:00:00,73.49598
2011-02-26 21:00:00,62.8449
2011-02-26 22:00:00,49.467915
2011-02-26 23:00:00,51.777794
2011-02-27 00:00:00,41.53993
2011-02-27 01:00:00,43.32994
2011-02-27 02:00:00,38.113605
2011-02-27 03:00:00,38.64083
2011-02-27 04:00:00,40.705208
2011-02-27 06:00:00,36.60327
2011-02-27 07:00:00,40.705208
2011-02-27 08:00:00,39.261738
2011-02-27 09:00:00,40.734997
2011-02-27 10:00:00,45.912964
2011-02-27 11:00:00,93.10793
2011-02-27 12:00:00,180.63046
2011-02-27 13:00:00,245.60876
2011-02-27 14:00:00,263.35635
2011-02-27 15:00:00,295.08514
2011-02-27 16:00:00,311.92673
2011-02-27 17:00:00,196.46794
2011-02-27 18:00:00,174.22006
2011-02-27 19:00:00,177.73442
2011-02-27 20:00:00,180.63046
2011-02-27 21:00:00,125.46181
2011-02-27 22:00:00,132.09715
2011-02-27 23:00:00,98.96742
2011-02-28 00:00:00,121.38829
2011-02-28 01:00:00,75.6265
2011-02-28 03:00:00,76.23726
2011-02-28 05:00:00,135.69833
2011-02-28 06:00:00,112.31291
2011-02-28 07:00:00,123.51476
2011-02-28 08:00:00,104.86747
2011-02-28 09:00:00,113.44776
2011-02-28 10:00:00,157.67804
2011-02-28 11:00:00,197.7873
2011-02-28 12:00:00,197.78726
2011-02-28 13:00:00,123.266106
2011-02-28 14:00:00,109.13441
2011-02-28 15:00:00,109.13441
2011-02-28 16:00:00,121.49904
2011-02-28 17:00:00,96.86265
2011-02-28 18:00:00,123.3672
2011-02-28 19:00:00,100.30611
2011-02-28 20:00:00,100.30611
2011-02-28 21:00:00,113.89995
2011-02-28 22:00:00,73.22786
2011-02-28 23:00:00,97.27255
2011-03-20 00:00:00,103.42955
2011-03-20 01:00:00,86.776566
2011-03-20 02:00:00,79.75986
2011-03-20 03:00:00,70.57139
2011-03-20 04:00:00,66.95557
2011-03-20 05:00:00,60.70468
2011-03-20 06:00:00,62.3491
2011-03-20 07:00:00,56.481544
2011-03-20 08:00:00,65.7345
2011-03-20 09:00:00,81.035675
2011-03-20 10:00:00,122.765656
2011-03-20 11:00:00,163.27905
2011-03-20 12:00:00,181.18637
2011-03-20 13:00:00,253.38808
2011-03-20 14:00:00,297.9249
2011-03-20 15:00:00,269.4229
2011-03-20 16:00:00,315.52893
2011-03-20 17:00:00,208.4131
2011-03-20 18:00:00,163.7945
2011-03-20 19:00:00,136.68042
2011-03-20 20:00:00,129.79755
2011-03-20 21:00:00,86.6533
2011-03-20 22:00:00,84.03805
2011-03-20 23:00:00,72.21415
2011-03-21 00:00:00,72.36372
2011-03-21 01:00:00,105.509705
2011-03-21 02:00:00,102.68502
2011-03-21 03:00:00,102.68502
2011-03-21 05:00:00,68.63881
2011-03-21 06:00:00,56.948227
2011-03-21 07:00:00,46.099922
2011-03-21 08:00:00,58.483982
2011-03-21 09:00:00,82.827835
2011-03-21 10:00:00,112.833664
2011-03-21 11:00:00,128.1755
2011-03-21 12:00:00,139.87047
2011-03-21 13:00:00,171.93091
2011-03-21 14:00:00,192.61493
2011-03-21 15:00:00,205.12137
2011-03-21 16:00:00,190.05957
2011-03-21 17:00:00,190.79135
2011-03-21 18:00:00,180.2884
2011-03-21 19:00:00,260.9274
2011-03-21 20:00:00,199.75015
2011-03-21 21:00:00,58.507004
2011-03-21 22:00:00,78.317024
2011-03-21 23:00:00,63.214775
2011-03-22 00:00:00,75.63658
2011-03-22 01:00:00,43.0468
2011-03-22 02:00:00,49.494545
2011-03-22 03:00:00,85.04729
2011-03-22 04:00:00,142.0099
2011-03-22 05:00:00,123.42082
2011-03-22 06:00:00,63.966476
2011-03-22 07:00:00,140.02864
2011-03-22 08:00:00,124.86931
2011-03-22 09:00:00,126.35317
2011-03-22 10:00:00,146.05544
2011-03-22 11:00:00,196.67307
2011-03-22 12:00:00,207.13383
2011-03-22 13:00:00,230.7079
2011-03-22 14:00:00,261.64102
2011-03-22 15:00:00,241.55676
2011-03-22 16:00:00,220.40436
2011-03-22 17:00:00,220.40436
2011-03-22 18:00:00,199.96977
2011-03-22 19:00:00,147.06403
2011-03-22 20:00:00,145.82584
2011-03-22 21:00:00,136.33896
2011-03-22 22:00:00,127.07207
2011-03-22 23:00:00,127.07207
2011-03-23 00:00:00,68.242676
2011-03-23 01:00:00,60.210846
2011-03-23 02:00:00,60.210846
2011-03-23 03:00:00,87.14927
2011-03-23 05:00:00,53.67999
2011-03-23 06:00:00,73.02033
2011-03-23 07:00:00,64.16186
2011-03-23 08:00:00,70.58898
2011-03-23 09:00:00,75.36131
2011-03-23 10:00:00,81.24317
2011-03-23 11:00:00,73.67072
2011-03-23 12:00:00,72.44778
2011-03-23 13:00:00,60.533726
2011-03-23 14:00:00,97.670944
2011-03-23 15:00:00,99.05617
2011-03-23 16:00:00,121.49077
2011-03-23 17:00:00,121.49077
2011-03-23 18:00:00,67.41237
2011-03-23 19:00:00,67.41237
2011-03-23 20:00:00,73.70451
2011-03-23 21:00:00,41.3239
2011-03-23 22:00:00,67.341805
2011-03-23 23:00:00,63.796204
2011-03-24 00:00:00,64.16186
2011-03-24 01:00:00,50.19667
2011-03-24 02:00:00,49.52656
2011-03-24 03:00:00,47.368843
2011-03-24 04:00:00,47.368843
2011-03-24 05:00:00,50.09933
2011-03-24 06:00:00,50.09933
2011-03-24 07:00:00,33.925858
2011-03-24 08:00:00,29.960676
2011-03-24 09:00:00,45.66081
2011-03-24 10:00:00,39.54123
2011-03-24 11:00:00,63.393044
2011-03-24 12:00:00,88.861084
2011-03-24 13:00:00,92.44447
2011-03-24 14:00:00,86.80222
2011-03-24 15:00:00,89.508156
2011-03-24 16:00:00,98.09735
2011-03-24 17:00:00,88.10181
2011-03-24 18:00:00,104.86905
2011-03-24 19:00:00,111.827774
2011-03-24 20:00:00,96.83748
2011-03-24 21:00:00,80.88559
2011-03-24 22:00:00,73.76853
2011-03-24 23:00:00,72.22317
2011-03-25 00:00:00,83.559166
2011-03-25 01:00:00,50.94452
2011-03-25 02:00:00,54.506687
2011-03-25 03:00:00,47.06361
2011-03-25 04:00:00,36.482773
2011-03-25 05:00:00,38.661514
2011-03-25 06:00:00,42.579422
2011-03-25 07:00:00,88.998856
2011-03-25 08:00:00,101.36563
2011-03-25 09:00:00,105.72005
2011-03-25 10:00:00,84.55478
2011-03-25 11:00:00,126.43728
2011-03-25 12:00:00,140.64862
2011-03-25 13:00:00,143.3132
2011-03-25 14:00:00,200.70526
2011-03-25 15:00:00,119.70102
2011-03-25 16:00:00,122.179146
2011-03-25 17:00:00,119.512436
2011-03-25 18:00:00,141.03564
2011-03-25 19:00:00,117.82965
2011-03-25 20:00:00,110.134
2011-03-25 21:00:00,112.353546
2011-03-25 22:00:00,114.83033
2011-03-25 23:00:00,113.12976
2011-03-26 00:00:00,73.97646
2011-03-26 01:00:00,78.97295
2011-03-26 02:00:00,51.62292
2011-03-26 03:00:00,44.734966
2011-03-26 04:00:00,51.622917
2011-03-26 05:00:00,38.107716
2011-03-26 06:00:00,25.713005
2011-03-26 07:00:00,38.107708
2011-03-26 08:00:00,45.621002
2011-03-26 09:00:00,51.548615
2011-03-26 10:00:00,60.571815
2011-03-26 11:00:00,70.53036
2011-03-26 12:00:00,86.68552
2011-03-26 13:00:00,109.680725
2011-03-26 14:00:00,137.97195
2011-03-26 15:00:00,140.28175
2011-03-26 16:00:00,169.8937
2011-03-26 17:00:00,146.27052
2011-03-26 18:00:00,157.48134
2011-03-26 19:00:00,69.808304
2011-03-26 20:00:00,69.808304
2011-03-26 21:00:00,67.74886
2011-03-26 22:00:00,75.65851
2011-03-26 23:00:00,65.587845
2011-03-27 00:00:00,73.90708
2011-03-27 01:00:00,51.163586
2011-03-27 02:00:00,51.617523
2011-03-27 03:00:00,40.869617
2011-03-27 04:00:00,39.41729
2011-03-27 06:00:00,30.526747
2011-03-27 07:00:00,27.09469
2011-03-27 08:00:00,17.407139
2011-03-27 09:00:00,37.47569
2011-03-27 10:00:00,46.28691
2011-03-27 11:00:00,56.85652
2011-03-27 12:00:00,66.43121
2011-03-27 13:00:00,81.6876
2011-03-27 14:00:00,97.45409
2011-03-27 15:00:00,107.296814
2011-03-27 16:00:00,103.83108
2011-03-27 17:00:00,120.162674
2011-03-27 18:00:00,94.9937
2011-03-27 19:00:00,104.30629
2011-03-27 20:00:00,73.31265
2011-03-27 21:00:00,60.571815
2011-03-27 22:00:00,60.571815
2011-03-27 23:00:00,58.18814
2011-03-28 00:00:00,91.24266
2011-03-28 01:00:00,99.32564
2011-03-28 02:00:00,97.093544
2011-03-28 03:00:00,97.093544
2011-03-28 05:00:00,97.704254
2011-03-28 06:00:00,104.863686
2011-03-28 07:00:00,106.56809
2011-03-28 08:00:00,109.725525
2011-03-28 09:00:00,112.69554
2011-03-28 10:00:00,125.47255
2011-03-28 11:00:00,116.8714
2011-03-28 12:00:00,121.52997
2011-03-28 13:00:00,121.61603
2011-03-28 14:00:00,199.21347
2011-03-28 15:00:00,192.96558
2011-03-28 16:00:00,208.87962
2011-03-28 17:00:00,205.07217
2011-03-28 18:00:00,200.5912
2011-03-28 19:00:00,186.99162
2011-03-28 20:00:00,195.181
2011-03-28 21:00:00,202.71872
2011-03-28 22:00:00,187.28346
2011-03-28 23:00:00,162.87157
2011-03-29 00:00:00,132.6808
2011-03-29 01:00:00,120.28565
2011-03-29 02:00:00,120.28565
2011-03-29 03:00:00,120.28565
2011-03-29 04:00:00,96.662674
2011-03-29 05:00:00,109.97821
2011-03-29 06:00:00,110.36517
2011-03-29 07:00:00,112.87133
2011-03-29 08:00:00,118.4687
2011-03-29 09:00:00,146.72394
2011-03-29 10:00:00,175.43556
2011-03-29 11:00:00,131.4295
2011-03-29 12:00:00,196.84326
2011-03-29 13:00:00,199.99017
2011-03-29 14:00:00,217.62238
2011-03-29 15:00:00,234.91719
2011-03-29 16:00:00,235.5647
2011-03-29 17:00:00,248.75859
2011-03-29 18:00:00,215.92433
2011-03-29 19:00:00,208.95547
2011-03-29 20:00:00,215.92433
2011-03-29 21:00:00,128.49002
2011-03-29 22:00:00,115.26285
2011-03-29 23:00:00,103.4209
2011-03-30 00:00:00,122.04943
2011-03-30 01:00:00,126.788956
2011-03-30 02:00:00,122.04943
2011-03-30 03:00:00,125.00832
2011-03-30 04:00:00,122.04943
2011-03-30 05:00:00,107.261925
2011-03-30 06:00:00,105.27123
2011-03-30 07:00:00,110.29543
2011-03-30 08:00:00,107.26721
2011-03-30 09:00:00,114.0948
2011-03-30 10:00:00,113.589325
2011-03-30 11:00:00,116.11792
2011-03-30 12:00:00,110.10997
2011-03-30 13:00:00,114.855225
2011-03-30 14:00:00,119.37192
2011-03-30 15:00:00,43.828205
2011-03-30 16:00:00,41.208206
2011-03-30 17:00:00,41.599995
2011-03-30 18:00:00,45.66081
2011-03-30 19:00:00,45.66081
2011-03-30 20:00:00,29.637222
2011-03-30 21:00:00,37.15144
2011-03-30 22:00:00,31.426931
2011-03-30 23:00:00,29.488428
2011-03-31 00:00:00,31.426931
2011-03-31 01:00:00,32.349068
2011-03-31 02:00:00,32.349068
2011-03-31 03:00:00,31.426931
2011-03-31 04:00:00,30.722647
2011-03-31 05:00:00,31.426931
2011-03-31 06:00:00,29.637222
2011-03-31 07:00:00,30.722647
2011-03-31 08:00:00,32.380543
2011-03-31 09:00:00,34.004692
2011-03-31 10:00:00,34.004692
2011-03-31 11:00:00,40.984158
2011-03-31 12:00:00,40.984158
2011-03-31 13:00:00,52.776123
2011-03-31 14:00:00,52.776115
2011-03-31 15:00:00,43.605404
2011-03-31 16:00:00,59.88193
2011-03-31 17:00:00,59.88193
2011-03-31 18:00:00,69.267456
2011-03-31 19:00:00,69.267456
2011-03-31 20:00:00,37.00788
2011-03-31 21:00:00,54.319454
2011-03-31 22:00:00,38.722305
2011-03-31 23:00:00,36.59768
2011-04-20 00:00:00,60.274963
2011-04-20 01:00:00,51.01986
2011-04-20 02:00:00,51.01986
2011-04-20 03:00:00,44.33532
2011-04-20 04:00:00,38.04753
2011-04-20 05:00:00,50.18777
2011-04-20 06:00:00,51.01986
2011-04-20 07:00:00,46.6728
2011-04-20 08:00:00,269.1599
2011-04-20 09:00:00,285.29132
2011-04-20 10:00:00,195.41255
2011-04-20 11:00:00,195.41255
2011-04-20 12:00:00,346.5711
2011-04-20 13:00:00,346.5711
2011-04-20 14:00:00,341.94653
2011-04-20 15:00:00,326.2437
2011-04-20 16:00:00,326.2437
2011-04-20 17:00:00,304.54733
2011-04-20 18:00:00,338.6438
2011-04-20 19:00:00,347.5005
2011-04-20 20:00:00,339.05667
2011-04-20 21:00:00,346.43033
2011-04-20 22:00:00,335.93744
2011-04-20 23:00:00,331.85516
2011-04-21 00:00:00,299.43283
2011-04-21 01:00:00,242.04233
2011-04-21 02:00:00,272.09305
2011-04-21 03:00:00,163.58221
2011-04-21 04:00:00,145.08112
2011-04-21 05:00:00,139.47192
2011-04-21 06:00:00,136.02466
2011-04-21 07:00:00,143.79391
2011-04-21 08:00:00,133.48836
2011-04-21 09:00:00,142.092
2011-04-21 10:00:00,214.99435
2011-04-21 11:00:00,223.00845
2011-04-21 12:00:00,222.15312
2011-04-21 13:00:00,283.25226
2011-04-21 14:00:00,296.86273
2011-04-21 15:00:00,301.19904
2011-04-21 16:00:00,312.95514
2011-04-21 17:00:00,280.9673
2011-04-21 18:00:00,316.33798
2011-04-21 19:00:00,281.87833
2011-04-21 20:00:00,234.1515
2011-04-21 21:00:00,173.83475
2011-04-21 22:00:00,186.77039
2011-04-21 23:00:00,161.49388
2011-04-22 00:00:00,98.19571
2011-04-22 01:00:00,124.16402
2011-04-22 02:00:00,131.69061
2011-04-22 03:00:00,131.69061
2011-04-22 04:00:00,119.84451
2011-04-22 05:00:00,111.19386
2011-04-22 06:00:00,119.84451
2011-04-22 07:00:00,115.019394
2011-04-22 08:00:00,113.01637
2011-04-22 09:00:00,73.92195
2011-04-22 10:00:00,108.60036
2011-04-22 11:00:00,67.8843
2011-04-22 12:00:00,65.26042
2011-04-22 13:00:00,57.100193
2011-04-22 14:00:00,54.787952
2011-04-22 15:00:00,57.100193
2011-04-22 16:00:00,60.533722
2011-04-22 17:00:00,48.743725
2011-04-22 18:00:00,48.743725
2011-04-22 19:00:00,48.743725
2011-04-22 20:00:00,51.943596
2011-04-22 21:00:00,48.16652
2011-04-22 22:00:00,49.326786
2011-04-22 23:00:00,56.510185
2011-04-23 00:00:00,35.412144
2011-04-23 01:00:00,35.412144
2011-04-23 02:00:00,48.18495
2011-04-23 03:00:00,51.36079
2011-04-23 04:00:00,62.86895
2011-04-23 05:00:00,62.86895
2011-04-23 06:00:00,41.50936
2011-04-23 07:00:00,50.258392
2011-04-23 08:00:00,43.4834
2011-04-23 09:00:00,65.46022
2011-04-23 10:00:00,93.27651
2011-04-23 11:00:00,109.61165
2011-04-23 12:00:00,123.73964
2011-04-23 13:00:00,121.52547
2011-04-23 14:00:00,185.6559
2011-04-23 15:00:00,236.87398
2011-04-23 16:00:00,210.3453
2011-04-23 17:00:00,224.30411
2011-04-23 18:00:00,129.54099
2011-04-23 19:00:00,125.49133
2011-04-23 20:00:00,145.10854
2011-04-23 21:00:00,167.39825
2011-04-23 22:00:00,185.17339
2011-04-23 23:00:00,136.44107
2011-04-24 00:00:00,89.581635
2011-04-24 01:00:00,62.93855
2011-04-24 02:00:00,62.93855
2011-04-24 03:00:00,45.55673
2011-04-24 04:00:00,45.55673
2011-04-24 05:00:00,45.55673
2011-04-24 06:00:00,95.027954
2011-04-24 07:00:00,95.027954
2011-04-24 08:00:00,61.034058
2011-04-24 09:00:00,96.19349
2011-04-24 10:00:00,136.63376
2011-04-24 11:00:00,237.28474
2011-04-24 12:00:00,282.96533
2011-04-24 13:00:00,362.63647
2011-04-24 14:00:00,417.7575
2011-04-24 15:00:00,293.18704
2011-04-24 16:00:00,483.90552
2011-04-24 17:00:00,285.70712
2011-04-24 18:00:00,211.33176
2011-04-24 19:00:00,153.96384
2011-04-24 20:00:00,153.96384
2011-04-24 21:00:00,127.35573
2011-04-24 22:00:00,122.049835
2011-04-24 23:00:00,117.68507
2011-04-25 00:00:00,115.01778
2011-04-25 01:00:00,62.395718
2011-04-25 02:00:00,62.395718
2011-04-25 03:00:00,119.94243
2011-04-25 04:00:00,115.28467
2011-04-25 05:00:00,97.7658
2011-04-25 06:00:00,109.43197
2011-04-25 07:00:00,124.001724
2011-04-25 08:00:00,108.23237
2011-04-25 09:00:00,150.21245
2011-04-25 10:00:00,217.92786
2011-04-25 11:00:00,217.92786
2011-04-25 12:00:00,231.53027
2011-04-25 13:00:00,274.2951
2011-04-25 14:00:00,327.45325
2011-04-25 15:00:00,344.38586
2011-04-25 16:00:00,347.10217
2011-04-25 17:00:00,337.6966
2011-04-25 18:00:00,325.58694
2011-04-25 19:00:00,308.32166
2011-04-25 20:00:00,285.29132
2011-04-25 21:00:00,233.19836
2011-04-25 22:00:00,220.5751
2011-04-25 23:00:00,185.18982
2011-04-26 00:00:00,240.89316
2011-04-26 01:00:00,224.04805
2011-04-26 02:00:00,165.19307
2011-04-26 03:00:00,128.7811
2011-04-26 04:00:00,153.12636
2011-04-26 05:00:00,121.29408
2011-04-26 06:00:00,124.40268
2011-04-26 07:00:00,173.01187
2011-04-26 08:00:00,173.01187
2011-04-26 09:00:00,248.21707
2011-04-26 10:00:00,273.16016
2011-04-26 11:00:00,303.1679
2011-04-26 12:00:00,333.25507
2011-04-26 13:00:00,349.39505
2011-04-26 14:00:00,340.79352
2011-04-26 15:00:00,325.95175
2011-04-26 16:00:00,338.8414
2011-04-26 17:00:00,312.56686
2011-04-26 18:00:00,311.9898
2011-04-26 19:00:00,256.4891
2011-04-26 20:00:00,248.21707
2011-04-26 21:00:00,207.65169
2011-04-26 22:00:00,186.97145
2011-04-26 23:00:00,190.91101
2011-04-27 00:00:00,164.43167
2011-04-27 01:00:00,170.88289
2011-04-27 02:00:00,142.42787
2011-04-27 03:00:00,190.40312
2011-04-27 04:00:00,105.930176
2011-04-27 05:00:00,176.86081
2011-04-27 06:00:00,109.932274
2011-04-27 07:00:00,190.40312
2011-04-27 08:00:00,192.87581
2011-04-27 09:00:00,201.9372
2011-04-27 10:00:00,206.07321
2011-04-27 11:00:00,217.92209
2011-04-27 12:00:00,233.96245
2011-04-27 13:00:00,217.01923
2011-04-27 14:00:00,248.61812
2011-04-27 15:00:00,330.82074
2011-04-27 16:00:00,300.15222
2011-04-27 17:00:00,153.80945
2011-04-27 18:00:00,153.80945
2011-04-27 19:00:00,207.65169
2011-04-27 20:00:00,204.66443
2011-04-27 21:00:00,167.8523
2011-04-27 22:00:00,203.65181
2011-04-27 23:00:00,206.5677
2011-04-28 00:00:00,230.16695
2011-04-28 01:00:00,216.34003
2011-04-28 02:00:00,215.4646
2011-04-28 03:00:00,229.8986
2011-04-28 04:00:00,216.84476
2011-04-28 05:00:00,216.34003
2011-04-28 06:00:00,229.89854
2011-04-28 07:00:00,229.83711
2011-04-28 08:00:00,240.82202
2011-04-28 09:00:00,127.01712
2011-04-28 10:00:00,197.66586
2011-04-28 11:00:00,206.07321
2011-04-28 12:00:00,209.33487
2011-04-28 13:00:00,207.69293
2011-04-28 14:00:00,191.42421
2011-04-28 15:00:00,268.5125
2011-04-28 16:00:00,199.93338
2011-04-28 17:00:00,338.51102
2011-04-28 18:00:00,338.51102
2011-04-28 19:00:00,335.2772
2011-04-28 20:00:00,287.11682
2011-04-28 21:00:00,246.53934
2011-04-28 22:00:00,243.53864
2011-04-28 23:00:00,251.25339
2011-04-29 00:00:00,276.52374
2011-04-29 01:00:00,208.48534
2011-04-29 02:00:00,140.44241
2011-04-29 03:00:00,147.76268
2011-04-29 04:00:00,173.10704
2011-04-29 05:00:00,185.91223
2011-04-29 06:00:00,242.26587
2011-04-29 07:00:00,247.62596
2011-04-29 08:00:00,291.82626
2011-04-29 09:00:00,297.05334
2011-04-29 10:00:00,297.74005
2011-04-29 11:00:00,333.53345
2011-04-29 12:00:00,309.39032
2011-04-29 13:00:00,311.79385
2011-04-29 14:00:00,330.0789
2011-04-29 15:00:00,225.29715
2011-04-29 16:00:00,214.23395
2011-04-29 17:00:00,200.67987
2011-04-29 18:00:00,257.46393
2011-04-29 19:00:00,194.28012
2011-04-29 20:00:00,209.40115
2011-04-29 21:00:00,182.84341
2011-04-29 22:00:00,135.34915
2011-04-29 23:00:00,161.63043
2011-04-30 00:00:00,144.30127
2011-04-30 01:00:00,147.41809
2011-04-30 02:00:00,144.48332
2011-04-30 03:00:00,134.15916
2011-04-30 04:00:00,133.19092
2011-04-30 05:00:00,135.06615
2011-04-30 06:00:00,103.74357
2011-04-30 07:00:00,121.794785
2011-04-30 08:00:00,115.09781
2011-04-30 09:00:00,155.33202
2011-04-30 10:00:00,218.86295
2011-04-30 11:00:00,247.66231
2011-04-30 12:00:00,274.4655
2011-04-30 13:00:00,317.8088
2011-04-30 14:00:00,317.38074
2011-04-30 15:00:00,345.9922
2011-04-30 16:00:00,386.20602
2011-04-30 17:00:00,292.64075
2011-04-30 18:00:00,270.32166
2011-04-30 19:00:00,270.32166
2011-04-30 20:00:00,98.09386
2011-04-30 21:00:00,98.09386
2011-04-30 22:00:00,78.52521
2011-04-30 23:00:00,78.52521
2011-05-20 00:00:00,51.489124
2011-05-20 01:00:00,40.112267
2011-05-20 02:00:00,43.63567
2011-05-20 03:00:00,36.699894
2011-05-20 04:00:00,49.494545
2011-05-20 05:00:00,50.15155
2011-05-20 06:00:00,64.73697
2011-05-20 07:00:00,125.953156
2011-05-20 08:00:00,151.19069
2011-05-20 09:00:00,182.38925
2011-05-20 10:00:00,199.75015
2011-05-20 11:00:00,211.07643
2011-05-20 12:00:00,240.04132
2011-05-20 13:00:00,181.97455
2011-05-20 14:00:00,287.56064
2011-05-20 15:00:00,231.34256
2011-05-20 16:00:00,232.31339
2011-05-20 17:00:00,229.67624
2011-05-20 18:00:00,253.07816
2011-05-20 19:00:00,184.26273
2011-05-20 20:00:00,187.35521
2011-05-20 21:00:00,177.76213
2011-05-20 22:00:00,138.53308
2011-05-20 23:00:00,150.8097
2011-05-21 00:00:00,77.0128
2011-05-21 01:00:00,72.20962
2011-05-21 02:00:00,94.23093
2011-05-21 03:00:00,56.366577
2011-05-21 04:00:00,49.77276
2011-05-21 05:00:00,47.250797
2011-05-21 06:00:00,65.001144
2011-05-21 07:00:00,109.81937
2011-05-21 08:00:00,199.20935
2011-05-21 09:00:00,239.91821
2011-05-21 10:00:00,230.93803
2011-05-21 11:00:00,303.1897
2011-05-21 12:00:00,306.17453
2011-05-21 13:00:00,374.43826
2011-05-21 14:00:00,417.21597
2011-05-21 15:00:00,464.95703
2011-05-21 16:00:00,455.04257
2011-05-21 17:00:00,420.03003
2011-05-21 18:00:00,386.16406
2011-05-21 19:00:00,390.70978
2011-05-21 20:00:00,205.96233
2011-05-21 21:00:00,230.93803
2011-05-21 22:00:00,179.95642
2011-05-21 23:00:00,99.350525
2011-05-22 00:00:00,68.26094
2011-05-22 01:00:00,51.647526
2011-05-22 02:00:00,48.97271
2011-05-22 03:00:00,40.65178
2011-05-22 04:00:00,36.929886
2011-05-22 05:00:00,40.65178
2011-05-22 06:00:00,48.97271
2011-05-22 07:00:00,58.63542
2011-05-22 08:00:00,143.13394
2011-05-22 09:00:00,183.89203
2011-05-22 10:00:00,223.85071
2011-05-22 11:00:00,360.01193
2011-05-22 12:00:00,382.84985
2011-05-22 13:00:00,317.5083
2011-05-22 14:00:00,205.42978
2011-05-22 15:00:00,268.79297
2011-05-22 16:00:00,273.4714
2011-05-22 17:00:00,351.1289
2011-05-22 18:00:00,283.9025
2011-05-22 19:00:00,275.54443
2011-05-22 20:00:00,231.75818
2011-05-22 21:00:00,186.89183
2011-05-22 22:00:00,101.94327
2011-05-22 23:00:00,161.54642
2011-05-23 00:00:00,170.64777
2011-05-23 01:00:00,108.23237
2011-05-23 02:00:00,118.509125
2011-05-23 03:00:00,102.53018
2011-05-23 04:00:00,135.62254
2011-05-23 05:00:00,135.62254
2011-05-23 06:00:00,121.232086
2011-05-23 07:00:00,157.16637
2011-05-23 08:00:00,137.15309
2011-05-23 09:00:00,142.55692
2011-05-23 10:00:00,243.05157
2011-05-23 11:00:00,290.32916
2011-05-23 12:00:00,290.32916
2011-05-23 13:00:00,320.56985
2011-05-23 14:00:00,312.93512
2011-05-23 15:00:00,307.84174
2011-05-23 16:00:00,275.69708
2011-05-23 17:00:00,216.56146
2011-05-23 18:00:00,262.2476
2011-05-23 19:00:00,247.16202
2011-05-23 20:00:00,178.76259
2011-05-23 21:00:00,160.08691
2011-05-23 22:00:00,126.65093
2011-05-23 23:00:00,185.23929
2011-05-24 00:00:00,173.72992
2011-05-24 01:00:00,170.32487
2011-05-24 02:00:00,173.72992
2011-05-24 03:00:00,164.24518
2011-05-24 04:00:00,124.08679
2011-05-24 05:00:00,182.09843
2011-05-24 06:00:00,174.36932
2011-05-24 07:00:00,174.22897
2011-05-24 08:00:00,150.91373
2011-05-24 09:00:00,210.17805
2011-05-24 10:00:00,319.60904
2011-05-24 11:00:00,344.38586
2011-05-24 12:00:00,351.6347
2011-05-24 13:00:00,352.98468
2011-05-24 14:00:00,353.99097
2011-05-24 15:00:00,243.45891
2011-05-24 16:00:00,232.901
2011-05-24 17:00:00,260.50946
2011-05-24 18:00:00,249.5047
2011-05-24 19:00:00,217.47916
2011-05-24 20:00:00,196.68515
2011-05-24 21:00:00,175.86307
2011-05-24 22:00:00,142.06702
2011-05-24 23:00:00,194.56064
2011-05-25 00:00:00,138.90701
2011-05-25 01:00:00,131.95767
2011-05-25 02:00:00,142.85599
2011-05-25 03:00:00,66.91646
2011-05-25 04:00:00,63.901436
2011-05-25 05:00:00,106.68294
2011-05-25 06:00:00,88.09276
2011-05-25 07:00:00,188.53824
2011-05-25 08:00:00,231.10399
2011-05-25 09:00:00,233.12299
2011-05-25 10:00:00,257.2091
2011-05-25 11:00:00,305.0764
2011-05-25 12:00:00,311.195
2011-05-25 13:00:00,311.195
2011-05-25 14:00:00,317.8556
2011-05-25 15:00:00,359.58377
2011-05-25 16:00:00,358.13602
2011-05-25 17:00:00,344.38586
2011-05-25 18:00:00,312.16046
2011-05-25 19:00:00,267.1101
2011-05-25 20:00:00,273.84787
2011-05-25 21:00:00,220.31764
2011-05-25 22:00:00,248.20844
2011-05-25 23:00:00,198.24622
2011-05-26 00:00:00,198.24622
2011-05-26 01:00:00,198.24622
2011-05-26 02:00:00,156.04057
2011-05-26 03:00:00,122.18718
2011-05-26 04:00:00,106.79167
2011-05-26 05:00:00,174.31589
2011-05-26 06:00:00,142.60698
2011-05-26 07:00:00,186.48383
2011-05-26 08:00:00,195.53824
2011-05-26 09:00:00,257.4372
2011-05-26 10:00:00,262.2476
2011-05-26 11:00:00,295.87915
2011-05-26 12:00:00,359.73926
2011-05-26 13:00:00,347.61047
2011-05-26 14:00:00,347.61047
2011-05-26 15:00:00,364.64438
2011-05-26 16:00:00,361.484
2011-05-26 17:00:00,345.62845
2011-05-26 18:00:00,348.55984
2011-05-26 19:00:00,353.5707
2011-05-26 20:00:00,296.1063
2011-05-26 21:00:00,268.75024
2011-05-26 22:00:00,253.26028
2011-05-26 23:00:00,266.4837
2011-05-27 00:00:00,258.0499
2011-05-27 01:00:00,322.7225
2011-05-27 02:00:00,278.8759
2011-05-27 03:00:00,223.33057
2011-05-27 04:00:00,210.66327
2011-05-27 05:00:00,260.53275
2011-05-27 06:00:00,201.20071
2011-05-27 07:00:00,204.58853
2011-05-27 08:00:00,239.21405
2011-05-27 09:00:00,290.6836
2011-05-27 10:00:00,351.80847
2011-05-27 11:00:00,306.23978
2011-05-27 12:00:00,310.51007
2011-05-27 13:00:00,314.39392
2011-05-27 14:00:00,350.83685
2011-05-27 15:00:00,355.7946
2011-05-27 16:00:00,328.946
2011-05-27 17:00:00,357.1027
2011-05-27 18:00:00,275.69708
2011-05-27 19:00:00,143.03123
2011-05-27 20:00:00,210.92612
2011-05-27 21:00:00,146.55717
2011-05-27 22:00:00,167.5437
2011-05-27 23:00:00,121.527214
2011-05-28 00:00:00,75.24766
2011-05-28 01:00:00,89.5049
2011-05-28 02:00:00,65.6658
2011-05-28 03:00:00,88.552
2011-05-28 04:00:00,96.19349
2011-05-28 05:00:00,88.552
2011-05-28 06:00:00,127.25618
2011-05-28 07:00:00,138.67462
2011-05-28 08:00:00,159.8863
2011-05-28 09:00:00,220.18896
2011-05-28 10:00:00,288.39713
2011-05-28 11:00:00,288.39713
2011-05-28 12:00:00,368.75134
2011-05-28 13:00:00,333.64
2011-05-28 14:00:00,374.8533
2011-05-28 15:00:00,398.7367
2011-05-28 16:00:00,439.34045
2011-05-28 17:00:00,427.59122
2011-05-28 18:00:00,345.1084
2011-05-28 19:00:00,280.14523
2011-05-28 20:00:00,288.39713
2011-05-28 21:00:00,241.16296
2011-05-28 22:00:00,191.38345
2011-05-28 23:00:00,136.99193
2011-05-29 00:00:00,147.26091
2011-05-29 01:00:00,97.37271
2011-05-29 02:00:00,83.3703
2011-05-29 03:00:00,83.3703
2011-05-29 04:00:00,71.98868
2011-05-29 05:00:00,63.82486
2011-05-29 06:00:00,172.2519
2011-05-29 07:00:00,178.88919
2011-05-29 08:00:00,175.30536
2011-05-29 09:00:00,163.25038
2011-05-29 10:00:00,211.3222
2011-05-29 11:00:00,218.60275
2011-05-29 12:00:00,262.74066
2011-05-29 13:00:00,297.27692
2011-05-29 14:00:00,311.58398
2011-05-29 15:00:00,316.91882
2011-05-29 16:00:00,311.58398
2011-05-29 17:00:00,311.58398
2011-05-29 18:00:00,282.54132
2011-05-29 19:00:00,272.76544
2011-05-29 20:00:00,214.51364
2011-05-29 21:00:00,163.00558
2011-05-29 22:00:00,106.28981
2011-05-29 23:00:00,113.91562
2011-05-30 00:00:00,91.87677
2011-05-30 01:00:00,86.48641
2011-05-30 02:00:00,91.87677
2011-05-30 03:00:00,91.87677
2011-05-30 04:00:00,81.58408
2011-05-30 05:00:00,145.01526
2011-05-30 06:00:00,153.73111
2011-05-30 07:00:00,141.8045
2011-05-30 08:00:00,183.54404
2011-05-30 09:00:00,269.077
2011-05-30 10:00:00,432.9348
2011-05-30 11:00:00,471.17804
2011-05-30 12:00:00,510.27582
2011-05-30 13:00:00,504.79608
2011-05-30 14:00:00,494.94543
2011-05-30 15:00:00,505.62634
2011-05-30 16:00:00,499.1749
2011-05-30 17:00:00,497.99506
2011-05-30 18:00:00,499.47226
2011-05-30 19:00:00,227.4309
2011-05-30 20:00:00,383.42563
2011-05-30 21:00:00,298.36472
2011-05-30 22:00:00,262.94763
2011-05-30 23:00:00,180.65372
2011-05-31 00:00:00,205.87123
2011-05-31 01:00:00,168.4566
2011-05-31 02:00:00,184.87259
2011-05-31 03:00:00,166.73697
2011-05-31 04:00:00,173.79129
2011-05-31 05:00:00,173.79129
2011-05-31 06:00:00,193.62152
2011-05-31 07:00:00,268.68753
2011-05-31 08:00:00,322.76508
2011-05-31 09:00:00,338.71762
2011-05-31 10:00:00,343.70886
2011-05-31 11:00:00,310.7331
2011-05-31 12:00:00,325.49472
2011-05-31 13:00:00,297.77966
2011-05-31 14:00:00,293.01196
2011-05-31 15:00:00,296.7468
2011-05-31 16:00:00,298.47623
2011-05-31 17:00:00,340.34943
2011-05-31 18:00:00,340.427
2011-05-31 19:00:00,305.8542
2011-05-31 20:00:00,305.8542
2011-05-31 21:00:00,284.18182
2011-05-31 22:00:00,268.00314
2011-05-31 23:00:00,216.13431
2011-06-20 00:00:00,181.23349
2011-06-20 01:00:00,139.45416
2011-06-20 02:00:00,139.45416
2011-06-20 03:00:00,200.54141
2011-06-20 04:00:00,153.01932
2011-06-20 05:00:00,167.52452
2011-06-20 06:00:00,163.67221
2011-06-20 07:00:00,114.64882
2011-06-20 08:00:00,119.98312
2011-06-20 09:00:00,203.8966
2011-06-20 10:00:00,203.8966
2011-06-20 11:00:00,181.84943
2011-06-20 12:00:00,196.81107
2011-06-20 13:00:00,216.78386
2011-06-20 14:00:00,239.33817
2011-06-20 15:00:00,245.95393
2011-06-20 16:00:00,284.9306
2011-06-20 17:00:00,248.4368
2011-06-20 18:00:00,297.8548
2011-06-20 19:00:00,254.25217
2011-06-20 20:00:00,240.35095
2011-06-20 21:00:00,204.58853
2011-06-20 22:00:00,216.37831
2011-06-20 23:00:00,199.93338
2011-06-21 00:00:00,124.18268
2011-06-21 01:00:00,197.707
2011-06-21 02:00:00,157.57616
2011-06-21 03:00:00,157.57616
2011-06-21 04:00:00,116.71072
2011-06-21 05:00:00,122.0664
2011-06-21 06:00:00,122.0664
2011-06-21 07:00:00,83.335144
2011-06-21 08:00:00,120.81905
2011-06-21 09:00:00,160.82367
2011-06-21 10:00:00,177.37323
2011-06-21 11:00:00,113.88824
2011-06-21 12:00:00,190.43846
2011-06-21 13:00:00,250.23123
2011-06-21 14:00:00,298.51624
2011-06-21 15:00:00,324.9719
2011-06-21 16:00:00,321.5723
2011-06-21 17:00:00,297.60425
2011-06-21 18:00:00,259.8142
2011-06-21 19:00:00,238.71002
2011-06-21 20:00:00,285.4425
2011-06-21 21:00:00,220.39854
2011-06-21 22:00:00,128.75429
2011-06-21 23:00:00,160.13838
2011-06-22 00:00:00,148.8952
2011-06-22 01:00:00,126.45564
2011-06-22 02:00:00,94.63785
2011-06-22 03:00:00,126.45564
2011-06-22 04:00:00,66.10157
2011-06-22 05:00:00,44.992706
2011-06-22 06:00:00,68.16188
2011-06-22 07:00:00,98.49748
2011-06-22 08:00:00,172.46495
2011-06-22 09:00:00,171.32281
2011-06-22 10:00:00,261.378
2011-06-22 11:00:00,229.10747
2011-06-22 12:00:00,303.6777
2011-06-22 13:00:00,325.3651
2011-06-22 14:00:00,345.82846
2011-06-22 15:00:00,331.44485
2011-06-22 16:00:00,331.6892
2011-06-22 17:00:00,348.98892
2011-06-22 18:00:00,307.4729
2011-06-22 19:00:00,331.05658
2011-06-22 20:00:00,196.3663
2011-06-22 21:00:00,181.6717
2011-06-22 22:00:00,214.51787
2011-06-22 23:00:00,217.1915
2011-06-23 00:00:00,205.80714
2011-06-23 01:00:00,230.51363
2011-06-23 02:00:00,230.51363
2011-06-23 03:00:00,227.60962
2011-06-23 04:00:00,201.98564
2011-06-23 05:00:00,204.12216
2011-06-23 06:00:00,204.1222
2011-06-23 07:00:00,225.08075
2011-06-23 08:00:00,246.57645
2011-06-23 09:00:00,241.5234
2011-06-23 10:00:00,262.02228
2011-06-23 11:00:00,306.10626
2011-06-23 12:00:00,274.88184
2011-06-23 13:00:00,286.94458
2011-06-23 14:00:00,276.75934
2011-06-23 15:00:00,336.91916
2011-06-23 16:00:00,282.0295
2011-06-23 17:00:00,258.38623
2011-06-23 18:00:00,296.81616
2011-06-23 19:00:00,280.07
2011-06-23 20:00:00,217.43677
2011-06-23 21:00:00,208.29831
2011-06-23 22:00:00,224.58443
2011-06-23 23:00:00,233.19183
2011-06-24 00:00:00,158.87135
2011-06-24 01:00:00,172.56688
2011-06-24 02:00:00,172.56688
2011-06-24 03:00:00,113.88824
2011-06-24 04:00:00,90.931984
2011-06-24 05:00:00,62.33194
2011-06-24 06:00:00,104.147644
2011-06-24 07:00:00,189.37848
2011-06-24 08:00:00,217.43677
2011-06-24 09:00:00,252.02898
2011-06-24 10:00:00,307.02655
2011-06-24 11:00:00,309.65247
2011-06-24 12:00:00,310.92316
2011-06-24 13:00:00,311.18927
2011-06-24 14:00:00,318.78748
2011-06-24 15:00:00,305.07343
2011-06-24 16:00:00,317.27747
2011-06-24 17:00:00,328.8423
2011-06-24 18:00:00,327.25568
2011-06-24 19:00:00,339.02756
2011-06-24 20:00:00,334.0315
2011-06-24 21:00:00,308.63275
2011-06-24 22:00:00,258.67767
2011-06-24 23:00:00,289.66806
2011-06-25 00:00:00,374.09515
2011-06-25 01:00:00,324.44687
2011-06-25 02:00:00,340.77255
2011-06-25 03:00:00,249.66348
2011-06-25 04:00:00,249.66348
2011-06-25 05:00:00,202.55498
2011-06-25 06:00:00,254.9132
2011-06-25 07:00:00,268.36325
2011-06-25 08:00:00,404.4125
2011-06-25 09:00:00,436.47394
2011-06-25 10:00:00,414.12036
2011-06-25 11:00:00,389.34094
2011-06-25 12:00:00,478.82745
2011-06-25 13:00:00,478.82745
2011-06-25 14:00:00,454.9683
2011-06-25 15:00:00,375.27405
2011-06-25 16:00:00,471.44263
2011-06-25 17:00:00,448.0522
2011-06-25 18:00:00,436.47394
2011-06-25 19:00:00,417.8802
2011-06-25 20:00:00,381.93918
2011-06-25 21:00:00,322.41882
2011-06-25 22:00:00,385.54117
2011-06-25 23:00:00,370.10858
2011-06-26 00:00:00,269.44583
2011-06-26 01:00:00,279.01154
2011-06-26 02:00:00,235.72717
2011-06-26 03:00:00,169.86494
2011-06-26 04:00:00,168.09038
2011-06-26 05:00:00,164.0565
2011-06-26 06:00:00,164.0565
2011-06-26 07:00:00,193.61888
2011-06-26 08:00:00,215.77878
2011-06-26 09:00:00,275.6912
2011-06-26 10:00:00,358.81192
2011-06-26 11:00:00,393.66565
2011-06-26 12:00:00,439.2986
2011-06-26 13:00:00,402.00623
2011-06-26 14:00:00,428.21057
2011-06-26 15:00:00,402.00623
2011-06-26 16:00:00,435.83862
2011-06-26 17:00:00,472.98242
2011-06-26 18:00:00,457.41852
2011-06-26 19:00:00,400.37494
2011-06-26 20:00:00,381.5082
2011-06-26 21:00:00,320.35516
2011-06-26 22:00:00,301.40045
2011-06-26 23:00:00,288.15378
2011-06-27 00:00:00,227.94307
2011-06-27 01:00:00,185.51862
2011-06-27 02:00:00,194.97647
2011-06-27 03:00:00,194.97647
2011-06-27 04:00:00,159.95152
2011-06-27 05:00:00,165.60353
2011-06-27 06:00:00,191.42108
2011-06-27 07:00:00,216.28564
2011-06-27 08:00:00,179.38696
2011-06-27 09:00:00,278.32275
2011-06-27 10:00:00,285.30118
2011-06-27 11:00:00,256.51678
2011-06-27 12:00:00,278.32275
2011-06-27 13:00:00,281.1821
2011-06-27 14:00:00,267.46475
2011-06-27 15:00:00,280.37848
2011-06-27 16:00:00,273.82437
2011-06-27 17:00:00,287.96164
2011-06-27 18:00:00,242.70547
2011-06-27 19:00:00,269.26282
2011-06-27 20:00:00,211.4594
2011-06-27 21:00:00,176.93974
2011-06-27 22:00:00,154.08984
2011-06-27 23:00:00,154.08984
2011-06-28 00:00:00,192.92853
2011-06-28 01:00:00,116.05281
2011-06-28 02:00:00,195.30127
2011-06-28 03:00:00,195.30127
2011-06-28 04:00:00,116.05281
2011-06-28 05:00:00,94.63785
2011-06-28 06:00:00,113.88824
2011-06-28 07:00:00,132.49728
2011-06-28 08:00:00,157.08331
2011-06-28 09:00:00,151.1596
2011-06-28 10:00:00,316.88828
2011-06-28 11:00:00,278.1454
2011-06-28 12:00:00,298.23468
2011-06-28 13:00:00,289.34955
2011-06-28 14:00:00,289.29483
2011-06-28 15:00:00,284.02057
2011-06-28 16:00:00,287.693
2011-06-28 17:00:00,352.14682
2011-06-28 18:00:00,340.8098
2011-06-28 19:00:00,325.7756
2011-06-28 20:00:00,185.38533
2011-06-28 21:00:00,287.13538
2011-06-28 22:00:00,249.67096
2011-06-28 23:00:00,245.59882
2011-06-29 00:00:00,213.70837
2011-06-29 01:00:00,200.04584
2011-06-29 02:00:00,130.24474
2011-06-29 03:00:00,162.83383
2011-06-29 04:00:00,95.154686
2011-06-29 05:00:00,113.46811
2011-06-29 06:00:00,234.11798
2011-06-29 07:00:00,306.33435
2011-06-29 08:00:00,342.9922
2011-06-29 09:00:00,336.0254
2011-06-29 10:00:00,332.4994
2011-06-29 11:00:00,329.19327
2011-06-29 12:00:00,327.68924
2011-06-29 13:00:00,312.2561
2011-06-29 14:00:00,314.39874
2011-06-29 15:00:00,308.39758
2011-06-29 16:00:00,310.85437
2011-06-29 17:00:00,310.53653
2011-06-29 18:00:00,311.09164
2011-06-29 19:00:00,329.1897
2011-06-29 20:00:00,334.23288
2011-06-29 21:00:00,340.9447
2011-06-29 22:00:00,349.26825
2011-06-29 23:00:00,324.50397
2011-06-30 00:00:00,297.16824
2011-06-30 01:00:00,270.12073
2011-06-30 02:00:00,244.05026
2011-06-30 03:00:00,227.77457
2011-06-30 04:00:00,195.24348
2011-06-30 05:00:00,212.00838
2011-06-30 06:00:00,225.91483
2011-06-30 07:00:00,239.16281
2011-06-30 08:00:00,333.51733
2011-06-30 09:00:00,349.77063
2011-06-30 10:00:00,346.20172
2011-06-30 11:00:00,345.17252
2011-06-30 12:00:00,333.10376
2011-06-30 13:00:00,329.58124
2011-06-30 14:00:00,321.43158
2011-06-30 15:00:00,320.66077
2011-06-30 16:00:00,314.67575
2011-06-30 17:00:00,319.7143
2011-06-30 18:00:00,324.27524
2011-06-30 19:00:00,336.67108
2011-06-30 20:00:00,336.67108
2011-06-30 21:00:00,350.63626
2011-06-30 22:00:00,342.8113
2011-06-30 23:00:00,244.20627
2011-07-20 00:00:00,103.91908
2011-07-20 01:00:00,77.62311
2011-07-20 02:00:00,77.62311
2011-07-20 03:00:00,103.91908
2011-07-20 04:00:00,73.35813
2011-07-20 05:00:00,100.91283
2011-07-20 06:00:00,136.28668
2011-07-20 07:00:00,178.54837
2011-07-20 08:00:00,131.85538
2011-07-20 09:00:00,191.38763
2011-07-20 10:00:00,153.76393
2011-07-20 11:00:00,237.40868
2011-07-20 12:00:00,207.71304
2011-07-20 13:00:00,300.96417
2011-07-20 14:00:00,291.4195
2011-07-20 15:00:00,286.93018
2011-07-20 16:00:00,229.05963
2011-07-20 17:00:00,299.3382
2011-07-20 18:00:00,304.83243
2011-07-20 19:00:00,273.18994
2011-07-20 20:00:00,277.59836
2011-07-20 21:00:00,272.77863
2011-07-20 22:00:00,286.1478
2011-07-20 23:00:00,258.34558
2011-07-21 00:00:00,241.1676
2011-07-21 01:00:00,216.36273
2011-07-21 02:00:00,216.36273
2011-07-21 03:00:00,215.32819
2011-07-21 04:00:00,192.45709
2011-07-21 05:00:00,192.45709
2011-07-21 06:00:00,192.45709
2011-07-21 07:00:00,204.82259
2011-07-21 08:00:00,230.49428
2011-07-21 09:00:00,272.6733
2011-07-21 10:00:00,289.62955
2011-07-21 11:00:00,340.60938
2011-07-21 12:00:00,283.7232
2011-07-21 13:00:00,282.76758
2011-07-21 14:00:00,274.27115
2011-07-21 15:00:00,275.99545
2011-07-21 16:00:00,270.4322
2011-07-21 17:00:00,267.6114
2011-07-21 18:00:00,273.1386
2011-07-21 19:00:00,298.97437
2011-07-21 20:00:00,298.01453
2011-07-21 21:00:00,282.29932
2011-07-21 22:00:00,260.01624
2011-07-21 23:00:00,254.47597
2011-07-22 00:00:00,269.0885
2011-07-22 01:00:00,186.07178
2011-07-22 02:00:00,200.08453
2011-07-22 03:00:00,197.0477
2011-07-22 04:00:00,187.02621
2011-07-22 05:00:00,150.92116
2011-07-22 06:00:00,178.98238
2011-07-22 07:00:00,272.54303
2011-07-22 08:00:00,299.58258
2011-07-22 09:00:00,255.25009
2011-07-22 10:00:00,256.0174
2011-07-22 11:00:00,261.87305
2011-07-22 12:00:00,260.3792
2011-07-22 13:00:00,256.29483
2011-07-22 14:00:00,268.55807
2011-07-22 15:00:00,270.53876
2011-07-22 16:00:00,397.0122
2011-07-22 17:00:00,269.3614
2011-07-22 18:00:00,281.8491
2011-07-22 19:00:00,379.75494
2011-07-22 20:00:00,229.05963
2011-07-22 21:00:00,256.43665
2011-07-22 22:00:00,342.87213
2011-07-22 23:00:00,300.67493
2011-07-23 00:00:00,307.8048
2011-07-23 01:00:00,328.49008
2011-07-23 02:00:00,329.48358
2011-07-23 03:00:00,233.52077
2011-07-23 04:00:00,223.15201
2011-07-23 05:00:00,251.73035
2011-07-23 06:00:00,333.88574
2011-07-23 07:00:00,330.04205
2011-07-23 08:00:00,412.3867
2011-07-23 09:00:00,369.88037
2011-07-23 10:00:00,410.72452
2011-07-23 11:00:00,388.53098
2011-07-23 12:00:00,353.36
2011-07-23 13:00:00,369.19366
2011-07-23 14:00:00,340.15582
2011-07-23 15:00:00,338.46387
2011-07-23 16:00:00,359.73688
2011-07-23 17:00:00,359.73688
2011-07-23 18:00:00,392.539
2011-07-23 19:00:00,381.7898
2011-07-23 20:00:00,332.4039
2011-07-23 21:00:00,332.4039
2011-07-23 22:00:00,317.5128
2011-07-23 23:00:00,289.20068
2011-07-24 00:00:00,289.20068
2011-07-24 01:00:00,235.15472
2011-07-24 02:00:00,263.0141
2011-07-24 03:00:00,263.0141
2011-07-24 04:00:00,235.15472
2011-07-24 05:00:00,233.52077
2011-07-24 06:00:00,340.68274
2011-07-24 07:00:00,297.695
2011-07-24 08:00:00,379.2298
2011-07-24 09:00:00,441.66748
2011-07-24 10:00:00,450.23264
2011-07-24 11:00:00,387.53668
2011-07-24 12:00:00,380.1873
2011-07-24 13:00:00,410.8495
2011-07-24 14:00:00,424.24826
2011-07-24 15:00:00,411.33704
2011-07-24 16:00:00,411.33704
2011-07-24 17:00:00,362.18237
2011-07-24 18:00:00,384.69507
2011-07-24 19:00:00,382.616
2011-07-24 20:00:00,369.88037
2011-07-24 21:00:00,272.01367
2011-07-24 22:00:00,228.72983
2011-07-24 23:00:00,270.71252
2011-07-25 00:00:00,238.31537
2011-07-25 01:00:00,232.94193
2011-07-25 02:00:00,212.94498
2011-07-25 03:00:00,113.42819
2011-07-25 04:00:00,108.84776
2011-07-25 05:00:00,108.84776
2011-07-25 06:00:00,191.88054
2011-07-25 07:00:00,207.9213
2011-07-25 08:00:00,223.62735
2011-07-25 09:00:00,177.36613
2011-07-25 10:00:00,207.71304
2011-07-25 11:00:00,314.88464
2011-07-25 12:00:00,314.88464
2011-07-25 13:00:00,231.07019
2011-07-25 14:00:00,214.51787
2011-07-25 15:00:00,221.35167
2011-07-25 16:00:00,154.18176
2011-07-25 17:00:00,126.82994
2011-07-25 18:00:00,174.2846
2011-07-25 19:00:00,191.38763
2011-07-25 20:00:00,186.32516
2011-07-25 21:00:00,77.62311
2011-07-25 22:00:00,77.62311
2011-07-25 23:00:00,99.3727
2011-07-26 00:00:00,128.75429
2011-07-26 01:00:00,128.75429
2011-07-26 02:00:00,75.40248
2011-07-26 03:00:00,84.49133
2011-07-26 04:00:00,97.873215
2011-07-26 05:00:00,66.20359
2011-07-26 06:00:00,144.13748
2011-07-26 07:00:00,276.55142
2011-07-26 08:00:00,305.95828
2011-07-26 09:00:00,327.62003
2011-07-26 10:00:00,312.86395
2011-07-26 11:00:00,314.80066
2011-07-26 12:00:00,309.56458
2011-07-26 13:00:00,298.0063
2011-07-26 14:00:00,290.36942
2011-07-26 15:00:00,287.12805
2011-07-26 16:00:00,287.44904
2011-07-26 17:00:00,290.9702
2011-07-26 18:00:00,301.18
2011-07-26 19:00:00,299.14157
2011-07-26 20:00:00,311.7365
2011-07-26 21:00:00,322.83496
2011-07-26 22:00:00,291.43506
2011-07-26 23:00:00,259.78656
2011-07-27 00:00:00,313.23865
2011-07-27 01:00:00,325.4751
2011-07-27 02:00:00,328.07367
2011-07-27 03:00:00,279.44894
2011-07-27 04:00:00,317.44824
2011-07-27 05:00:00,319.34225
2011-07-27 06:00:00,306.33435
2011-07-27 07:00:00,340.85992
2011-07-27 08:00:00,333.9973
2011-07-27 09:00:00,327.68924
2011-07-27 10:00:00,333.63052
2011-07-27 11:00:00,324.30762
2011-07-27 12:00:00,304.1772
2011-07-27 13:00:00,300.44995
2011-07-27 14:00:00,297.2734
2011-07-27 15:00:00,289.13788
2011-07-27 16:00:00,296.49414
2011-07-27 17:00:00,300.71082
2011-07-27 18:00:00,311.91965
2011-07-27 19:00:00,321.04248
2011-07-27 20:00:00,331.8336
2011-07-27 21:00:00,308.99744
2011-07-27 22:00:00,259.50922
2011-07-27 23:00:00,319.08408
2011-07-28 00:00:00,294.91138
2011-07-28 01:00:00,241.73137
2011-07-28 02:00:00,277.1918
2011-07-28 03:00:00,223.7011
2011-07-28 04:00:00,236.2747
2011-07-28 05:00:00,211.4594
2011-07-28 06:00:00,177.36813
2011-07-28 07:00:00,221.46701
2011-07-28 08:00:00,250.23123
2011-07-28 09:00:00,306.3061
2011-07-28 10:00:00,316.9006
2011-07-28 11:00:00,301.74283
2011-07-28 12:00:00,299.76727
2011-07-28 13:00:00,288.83417
2011-07-28 14:00:00,362.3114
2011-07-28 15:00:00,291.5217
2011-07-28 16:00:00,290.34753
2011-07-28 17:00:00,300.78998
2011-07-28 18:00:00,302.50754
2011-07-28 19:00:00,311.34937
2011-07-28 20:00:00,300.67493
2011-07-28 21:00:00,314.7279
2011-07-28 22:00:00,275.88162
2011-07-28 23:00:00,233.17754
2011-07-29 00:00:00,181.6717
2011-07-29 01:00:00,166.29883
2011-07-29 02:00:00,113.42819
2011-07-29 03:00:00,113.42819
2011-07-29 04:00:00,127.227585
2011-07-29 05:00:00,88.45187
2011-07-29 06:00:00,183.47174
2011-07-29 07:00:00,212.94498
2011-07-29 08:00:00,219.80783
2011-07-29 09:00:00,288.83417
2011-07-29 10:00:00,268.7769
2011-07-29 11:00:00,266.2181
2011-07-29 12:00:00,265.9411
2011-07-29 13:00:00,271.99304
2011-07-29 14:00:00,265.33417
2011-07-29 15:00:00,264.70508
2011-07-29 16:00:00,271.06174
2011-07-29 17:00:00,266.1236
2011-07-29 18:00:00,267.2943
2011-07-29 19:00:00,273.88605
2011-07-29 20:00:00,285.25815
2011-07-29 21:00:00,308.29614
2011-07-29 22:00:00,311.35254
2011-07-29 23:00:00,293.6006
2011-07-30 00:00:00,319.84894
2011-07-30 01:00:00,296.7846
2011-07-30 02:00:00,298.68472
2011-07-30 03:00:00,245.991
2011-07-30 04:00:00,210.12784
2011-07-30 05:00:00,209.53494
2011-07-30 06:00:00,214.80983
2011-07-30 07:00:00,242.96823
2011-07-30 08:00:00,317.97177
2011-07-30 09:00:00,449.39575
2011-07-30 10:00:00,449.9803
2011-07-30 11:00:00,413.91644
2011-07-30 12:00:00,408.11295
2011-07-30 13:00:00,361.42267
2011-07-30 14:00:00,353.18878
2011-07-30 15:00:00,375.38394
2011-07-30 16:00:00,404.09143
2011-07-30 17:00:00,370.8161
2011-07-30 18:00:00,404.44873
2011-07-30 19:00:00,458.1405
2011-07-30 20:00:00,397.83585
2011-07-30 21:00:00,366.99905
2011-07-30 22:00:00,331.6942
2011-07-30 23:00:00,296.7846
2011-07-31 00:00:00,296.7846
2011-07-31 01:00:00,234.59789
2011-07-31 02:00:00,209.52966
2011-07-31 03:00:00,207.13129
2011-07-31 04:00:00,175.75293
2011-07-31 05:00:00,182.03683
2011-07-31 06:00:00,182.71873
2011-07-31 07:00:00,271.7558
2011-07-31 08:00:00,334.71716
2011-07-31 09:00:00,346.4001
2011-07-31 10:00:00,405.22388
2011-07-31 11:00:00,401.31454
2011-07-31 12:00:00,399.20554
2011-07-31 13:00:00,382.4322
2011-07-31 14:00:00,390.82272
2011-07-31 15:00:00,427.508
2011-07-31 16:00:00,423.14468
2011-07-31 17:00:00,389.5683
2011-07-31 18:00:00,433.3376
2011-07-31 19:00:00,405.82773
2011-07-31 20:00:00,405.82773
2011-07-31 21:00:00,354.3667
2011-07-31 22:00:00,227.08702
2011-07-31 23:00:00,233.45645
2011-08-20 00:00:00,53.221848
2011-08-20 01:00:00,62.224213
2011-08-20 02:00:00,82.67207
2011-08-20 03:00:00,82.67207
2011-08-20 04:00:00,121.786194
2011-08-20 05:00:00,60.53527
2011-08-20 06:00:00,121.34471
2011-08-20 07:00:00,62.224205
2011-08-20 08:00:00,150.22984
2011-08-20 09:00:00,197.98576
2011-08-20 10:00:00,232.87706
2011-08-20 11:00:00,254.15903
2011-08-20 12:00:00,271.7558
2011-08-20 13:00:00,302.68738
2011-08-20 14:00:00,377.6319
2011-08-20 15:00:00,422.16534
2011-08-20 16:00:00,403.57758
2011-08-20 17:00:00,377.6319
2011-08-20 18:00:00,323.8248
2011-08-20 19:00:00,251.27917
2011-08-20 20:00:00,259.36435
2011-08-20 21:00:00,193.32416
2011-08-20 22:00:00,200.60547
2011-08-20 23:00:00,143.63666
2011-08-21 00:00:00,150.43655
2011-08-21 01:00:00,117.548676
2011-08-21 02:00:00,110.538635
2011-08-21 03:00:00,92.411514
2011-08-21 04:00:00,98.77182
2011-08-21 05:00:00,93.035934
2011-08-21 06:00:00,89.030594
2011-08-21 07:00:00,120.70363
2011-08-21 08:00:00,130.99695
2011-08-21 09:00:00,170.01207
2011-08-21 10:00:00,188.14252
2011-08-21 11:00:00,332.95453
2011-08-21 12:00:00,361.33795
2011-08-21 13:00:00,424.20325
2011-08-21 14:00:00,206.22568
2011-08-21 15:00:00,123.172485
2011-08-21 16:00:00,132.68576
2011-08-21 17:00:00,129.7174
2011-08-21 18:00:00,150.282
2011-08-21 19:00:00,199.66104
2011-08-21 20:00:00,137.64738
2011-08-21 21:00:00,137.64738
2011-08-21 22:00:00,175.103
2011-08-21 23:00:00,147.32938
2011-08-22 00:00:00,143.30031
2011-08-22 01:00:00,115.162186
2011-08-22 02:00:00,240.65553
2011-08-22 03:00:00,277.14587
2011-08-22 04:00:00,234.38037
2011-08-22 05:00:00,266.50043
2011-08-22 06:00:00,268.8996
2011-08-22 07:00:00,275.62927
2011-08-22 08:00:00,275.62927
2011-08-22 09:00:00,304.33972
2011-08-22 10:00:00,342.9922
2011-08-22 11:00:00,336.38284
2011-08-22 12:00:00,336.1622
2011-08-22 13:00:00,334.70868
2011-08-22 14:00:00,335.31146
2011-08-22 15:00:00,332.27368
2011-08-22 16:00:00,335.31146
2011-08-22 17:00:00,332.46445
2011-08-22 18:00:00,334.2087
2011-08-22 19:00:00,341.4696
2011-08-22 20:00:00,356.55823
2011-08-22 21:00:00,354.741
2011-08-22 22:00:00,352.91483
2011-08-22 23:00:00,350.69702
2011-08-23 00:00:00,325.86853
2011-08-23 01:00:00,275.35626
2011-08-23 02:00:00,252.13878
2011-08-23 03:00:00,269.93594
2011-08-23 04:00:00,221.20422
2011-08-23 05:00:00,225.78897
2011-08-23 06:00:00,207.23155
2011-08-23 07:00:00,292.79916
2011-08-23 08:00:00,266.60583
2011-08-23 09:00:00,299.659
2011-08-23 10:00:00,322.33374
2011-08-23 11:00:00,354.31427
2011-08-23 12:00:00,336.47278
2011-08-23 13:00:00,343.44058
2011-08-23 14:00:00,345.03452
2011-08-23 15:00:00,338.0732
2011-08-23 16:00:00,342.3086
2011-08-23 17:00:00,338.0732
2011-08-23 18:00:00,339.79898
2011-08-23 19:00:00,310.3338
2011-08-23 20:00:00,295.40054
2011-08-23 21:00:00,210.97719
2011-08-23 22:00:00,244.05026
2011-08-23 23:00:00,221.97597
2011-08-24 00:00:00,244.05026
2011-08-24 01:00:00,217.12634
2011-08-24 02:00:00,171.46112
2011-08-24 03:00:00,171.46112
2011-08-24 04:00:00,125.27881
2011-08-24 05:00:00,125.27881
2011-08-24 06:00:00,107.8022
2011-08-24 07:00:00,200.52638
2011-08-24 08:00:00,181.71097
2011-08-24 09:00:00,212.66734
2011-08-24 10:00:00,298.34894
2011-08-24 11:00:00,329.0256
2011-08-24 12:00:00,330.84296
2011-08-24 13:00:00,328.14203
2011-08-24 14:00:00,328.14203
2011-08-24 15:00:00,329.3585
2011-08-24 16:00:00,326.98706
2011-08-24 17:00:00,325.55237
2011-08-24 18:00:00,331.81833
2011-08-24 19:00:00,331.81833
2011-08-24 20:00:00,311.65112
2011-08-24 21:00:00,304.68918
2011-08-24 22:00:00,287.28955
2011-08-24 23:00:00,243.78436
2011-08-25 00:00:00,224.07135
2011-08-25 01:00:00,268.29694
2011-08-25 02:00:00,268.29694
2011-08-25 03:00:00,222.49782
2011-08-25 04:00:00,219.66873
2011-08-25 05:00:00,207.80498
2011-08-25 06:00:00,172.56688
2011-08-25 07:00:00,220.13362
2011-08-25 08:00:00,232.72379
2011-08-25 09:00:00,250.11115
2011-08-25 10:00:00,270.09854
2011-08-25 11:00:00,252.8956
2011-08-25 12:00:00,252.8956
2011-08-25 13:00:00,128.75429
2011-08-25 14:00:00,218.08018
2011-08-25 15:00:00,233.51425
2011-08-25 16:00:00,88.45187
2011-08-25 17:00:00,88.45187
2011-08-25 18:00:00,194.92542
2011-08-25 19:00:00,220.052
2011-08-25 20:00:00,200.99037
2011-08-25 21:00:00,172.63428
2011-08-25 22:00:00,63.656292
2011-08-25 23:00:00,82.70657
2011-08-26 00:00:00,95.25922
2011-08-26 01:00:00,63.656292
2011-08-26 02:00:00,74.024155
2011-08-26 03:00:00,62.215263
2011-08-26 04:00:00,45.45352
2011-08-26 05:00:00,109.08191
2011-08-26 06:00:00,45.45352
2011-08-26 07:00:00,66.10157
2011-08-26 08:00:00,95.154686
2011-08-26 09:00:00,123.71719
2011-08-26 10:00:00,206.65622
2011-08-26 11:00:00,263.81293
2011-08-26 12:00:00,259.66528
2011-08-26 13:00:00,285.91187
2011-08-26 14:00:00,204.9665
2011-08-26 15:00:00,300.47388
2011-08-26 16:00:00,243.70813
2011-08-26 17:00:00,248.47308
2011-08-26 18:00:00,231.07019
2011-08-26 19:00:00,140.61224
2011-08-26 20:00:00,133.38162
2011-08-26 21:00:00,171.32281
2011-08-26 22:00:00,140.61224
2011-08-26 23:00:00,99.37271
2011-08-27 00:00:00,89.7717
2011-08-27 01:00:00,93.50685
2011-08-27 02:00:00,99.61958
2011-08-27 03:00:00,157.17314
2011-08-27 04:00:00,157.17314
2011-08-27 05:00:00,166.30232
2011-08-27 06:00:00,166.30232
2011-08-27 07:00:00,178.98051
2011-08-27 08:00:00,159.00726
2011-08-27 09:00:00,196.3645
2011-08-27 10:00:00,231.83289
2011-08-27 11:00:00,155.9604
2011-08-27 12:00:00,175.61035
2011-08-27 13:00:00,173.37082
2011-08-27 14:00:00,150.8099
2011-08-27 15:00:00,150.8099
2011-08-27 16:00:00,151.79462
2011-08-27 17:00:00,158.88028
2011-08-28 07:00:00,159.31577
2011-08-28 08:00:00,162.18713
2011-08-28 09:00:00,207.93265
2011-08-28 10:00:00,374.75867
2011-08-28 11:00:00,345.01727
2011-08-28 12:00:00,434.97974
2011-08-28 13:00:00,479.1521
2011-08-28 14:00:00,499.20337
2011-08-28 15:00:00,485.0135
2011-08-28 16:00:00,486.06454
2011-08-28 17:00:00,472.95294
2011-08-28 18:00:00,448.0522
2011-08-28 19:00:00,358.8119
2011-08-28 20:00:00,388.19513
2011-08-28 21:00:00,216.76852
2011-08-28 22:00:00,140.19705
2011-08-28 23:00:00,102.39527
2011-08-29 00:00:00,142.7331
2011-08-29 01:00:00,170.26044
2011-08-29 02:00:00,185.36147
2011-08-29 03:00:00,170.26044
2011-08-29 04:00:00,163.72499
2011-08-29 05:00:00,129.03296
2011-08-29 06:00:00,129.03296
2011-08-29 07:00:00,239.02484
2011-08-29 08:00:00,268.72586
2011-08-29 09:00:00,289.71918
2011-08-29 10:00:00,326.05112
2011-08-29 11:00:00,311.1372
2011-08-29 12:00:00,318.92654
2011-08-29 13:00:00,329.4177
2011-08-29 14:00:00,293.9284
2011-08-29 15:00:00,342.8113
2011-08-29 16:00:00,346.55182
2011-08-29 17:00:00,315.36005
2011-08-29 18:00:00,332.36188
2011-08-29 19:00:00,332.36188
2011-08-29 20:00:00,276.005
2011-08-29 21:00:00,282.3112
2011-08-29 22:00:00,244.05026
2011-08-29 23:00:00,216.15433
2011-08-30 00:00:00,129.03296
2011-08-30 01:00:00,158.16154
2011-08-30 02:00:00,119.766426
2011-08-30 03:00:00,133.7179
2011-08-30 04:00:00,103.95526
2011-08-30 05:00:00,96.354805
2011-08-30 06:00:00,119.766426
2011-08-30 07:00:00,163.72499
2011-08-30 08:00:00,244.05026
2011-08-30 09:00:00,310.3338
2011-08-30 10:00:00,348.07156
2011-08-30 11:00:00,341.53574
2011-08-30 12:00:00,322.90082
2011-08-30 13:00:00,346.30444
2011-08-30 14:00:00,338.46704
2011-08-30 15:00:00,336.2109
2011-08-30 16:00:00,341.97397
2011-08-30 17:00:00,346.20172
2011-08-30 18:00:00,329.15668
2011-08-30 19:00:00,277.3186
2011-08-30 20:00:00,244.20627
2011-08-30 21:00:00,198.82935
2011-08-30 22:00:00,195.35979
2011-08-30 23:00:00,195.35979
2011-08-31 00:00:00,137.38956
2011-08-31 01:00:00,137.38956
2011-08-31 02:00:00,107.80219
2011-08-31 03:00:00,81.99803
2011-08-31 04:00:00,107.80219
2011-08-31 05:00:00,72.99078
2011-08-31 06:00:00,85.010056
2011-08-31 07:00:00,86.373474
2011-08-31 08:00:00,141.52107
2011-08-31 09:00:00,173.89467
2011-08-31 10:00:00,313.28583
2011-08-31 11:00:00,340.01965
2011-08-31 12:00:00,339.74698
2011-08-31 13:00:00,348.36038
2011-08-31 14:00:00,348.25635
2011-08-31 15:00:00,348.25635
2011-08-31 16:00:00,343.52454
2011-08-31 17:00:00,326.08276
2011-08-31 18:00:00,321.60724
2011-08-31 19:00:00,297.1961
2011-08-31 20:00:00,254.15114
2011-08-31 21:00:00,220.31845
2011-08-31 22:00:00,145.11635
2011-08-31 23:00:00,109.41962
2011-09-20 00:00:00,197.72385
2011-09-20 01:00:00,116.76041
2011-09-20 02:00:00,116.76041
2011-09-20 03:00:00,159.43808
2011-09-20 04:00:00,65.9601
2011-09-20 05:00:00,123.479004
2011-09-20 06:00:00,123.479004
2011-09-20 07:00:00,116.76041
2011-09-20 08:00:00,86.74161
2011-09-20 09:00:00,84.91036
2011-09-20 10:00:00,104.59556
2011-09-20 11:00:00,104.59556
2011-09-20 12:00:00,95.09053
2011-09-20 13:00:00,89.831635
2011-09-20 14:00:00,133.07085
2011-09-20 15:00:00,179.8629
2011-09-20 16:00:00,159.95152
2011-09-20 17:00:00,84.14562
2011-09-20 18:00:00,84.14562
2011-09-20 19:00:00,42.214317
2011-09-20 20:00:00,33.381264
2011-09-20 21:00:00,33.381264
2011-09-20 22:00:00,33.381264
2011-09-20 23:00:00,33.381264
2011-09-21 00:00:00,26.999891
2011-09-21 01:00:00,34.656147
2011-09-21 02:00:00,34.656147
2011-09-21 03:00:00,79.6088
2011-09-21 04:00:00,65.86262
2011-09-21 05:00:00,69.593735
2011-09-21 06:00:00,74.17383
2011-09-21 07:00:00,74.17383
2011-09-21 08:00:00,63.216675
2011-09-21 09:00:00,65.68799
2011-09-21 10:00:00,104.24611
2011-09-21 11:00:00,165.60353
2011-09-21 12:00:00,180.5464
2011-09-21 13:00:00,207.87024
2011-09-21 14:00:00,211.97513
2011-09-21 15:00:00,201.20987
2011-09-21 16:00:00,201.20987
2011-09-21 17:00:00,237.19629
2011-09-21 18:00:00,166.35574
2011-09-21 19:00:00,122.80147
2011-09-21 20:00:00,122.80147
2011-09-21 21:00:00,69.30238
2011-09-21 22:00:00,87.992966
2011-09-21 23:00:00,43.809742
2011-09-22 00:00:00,43.809742
2011-09-22 01:00:00,88.9719
2011-09-22 02:00:00,90.4372
2011-09-22 03:00:00,88.97188
2011-09-22 04:00:00,88.97188
2011-09-22 05:00:00,90.4372
2011-09-22 06:00:00,72.15946
2011-09-22 07:00:00,70.05954
2011-09-22 08:00:00,76.07205
2011-09-22 09:00:00,111.04811
2011-09-22 10:00:00,150.8327
2011-09-22 11:00:00,141.8866
2011-09-22 12:00:00,177.0957
2011-09-22 13:00:00,183.39148
2011-09-22 14:00:00,189.37848
2011-09-22 15:00:00,197.20992
2011-09-22 16:00:00,209.23538
2011-09-22 17:00:00,184.99721
2011-09-22 18:00:00,155.27802
2011-09-22 19:00:00,119.12336
2011-09-22 20:00:00,100.15259
2011-09-22 21:00:00,119.12336
2011-09-22 22:00:00,72.60997
2011-09-22 23:00:00,87.992966
2011-09-23 00:00:00,145.74524
2011-09-23 01:00:00,100.41714
2011-09-23 02:00:00,116.600235
2011-09-23 03:00:00,100.41714
2011-09-23 04:00:00,111.8354
2011-09-23 05:00:00,125.22302
2011-09-23 06:00:00,145.74524
2011-09-23 07:00:00,157.89447
2011-09-23 08:00:00,157.89447
2011-09-23 09:00:00,122.03285
2011-09-23 10:00:00,121.149445
2011-09-23 11:00:00,121.14945
2011-09-23 12:00:00,155.36023
2011-09-23 13:00:00,110.46135
2011-09-23 14:00:00,110.46135
2011-09-23 15:00:00,155.36023
2011-09-23 16:00:00,152.85165
2011-09-23 17:00:00,100.41714
2011-09-23 18:00:00,76.39662
2011-09-23 19:00:00,130.69424
2011-09-23 20:00:00,103.741714
2011-09-23 21:00:00,99.38217
2011-09-23 22:00:00,130.90814
2011-09-23 23:00:00,121.558014
2011-09-24 00:00:00,98.853165
2011-09-24 01:00:00,207.64557
2011-09-24 02:00:00,207.64557
2011-09-24 03:00:00,117.83409
2011-09-24 04:00:00,120.94867
2011-09-24 05:00:00,198.97472
2011-09-24 06:00:00,198.97472
2011-09-24 07:00:00,222.94687
2011-09-24 08:00:00,225.46771
2011-09-24 09:00:00,239.20576
2011-09-24 10:00:00,239.20576
2011-09-24 11:00:00,272.29736
2011-09-24 12:00:00,272.29736
2011-09-24 13:00:00,242.5321
2011-09-24 14:00:00,335.53992
2011-09-24 15:00:00,335.53992
2011-09-24 16:00:00,304.50598
2011-09-24 17:00:00,276.83463
2011-09-24 18:00:00,237.84369
2011-09-24 19:00:00,164.80945
2011-09-24 20:00:00,201.17255
2011-09-24 21:00:00,196.79913
2011-09-24 22:00:00,254.75485
2011-09-24 23:00:00,239.20576
2011-09-25 00:00:00,248.6341
2011-09-25 01:00:00,237.22653
2011-09-25 02:00:00,214.47873
2011-09-25 03:00:00,214.47873
2011-09-25 04:00:00,193.3262
2011-09-25 05:00:00,154.06784
2011-09-25 06:00:00,237.22653
2011-09-25 07:00:00,203.1884
2011-09-25 08:00:00,254.75485
2011-09-25 09:00:00,283.60806
2011-09-25 10:00:00,283.60806
2011-09-25 11:00:00,308.34326
2011-09-25 12:00:00,318.98883
2011-09-25 13:00:00,353.02625
2011-09-25 14:00:00,318.98883
2011-09-25 15:00:00,318.98883
2011-09-25 16:00:00,323.02362
2011-09-25 17:00:00,288.27924
2011-09-25 18:00:00,288.27924
2011-09-25 19:00:00,199.17833
2011-09-25 20:00:00,201.06909
2011-09-25 21:00:00,125.95874
2011-09-25 22:00:00,160.43193
2011-09-25 23:00:00,213.49991
2011-09-26 00:00:00,125.22302
2011-09-26 01:00:00,190.51434
2011-09-26 02:00:00,190.51434
2011-09-26 03:00:00,125.22304
2011-09-26 04:00:00,145.74524
2011-09-26 05:00:00,156.87965
2011-09-26 06:00:00,145.74524
2011-09-26 07:00:00,125.22302
2011-09-26 08:00:00,125.22302
2011-09-26 09:00:00,218.06778
2011-09-26 10:00:00,218.06778
2011-09-26 11:00:00,275.95764
2011-09-26 12:00:00,284.2694
2011-09-26 13:00:00,314.88904
2011-09-26 14:00:00,325.93137
2011-09-26 15:00:00,347.35178
2011-09-26 16:00:00,336.8098
2011-09-26 17:00:00,325.3142
2011-09-26 18:00:00,218.00067
2011-09-26 19:00:00,222.64471
2011-09-26 20:00:00,171.96852
2011-09-26 21:00:00,171.96852
2011-09-26 22:00:00,130.69424
2011-09-26 23:00:00,130.69424
2011-09-27 00:00:00,130.69424
2011-09-27 01:00:00,137.20815
2011-09-27 02:00:00,125.366104
2011-09-27 03:00:00,125.22302
2011-09-27 04:00:00,154.77411
2011-09-27 05:00:00,154.77411
2011-09-27 06:00:00,149.8339
2011-09-27 07:00:00,149.8339
2011-09-27 08:00:00,189.29207
2011-09-27 09:00:00,217.0816
2011-09-27 10:00:00,172.59335
2011-09-27 11:00:00,194.74042
2011-09-27 12:00:00,203.93744
2011-09-27 13:00:00,319.42078
2011-09-27 14:00:00,279.45584
2011-09-27 15:00:00,247.53685
2011-09-27 16:00:00,259.42426
2011-09-27 17:00:00,223.56525
2011-09-27 18:00:00,226.97096
2011-09-27 19:00:00,198.48587
2011-09-27 20:00:00,226.46613
2011-09-27 21:00:00,174.08386
2011-09-27 22:00:00,154.08365
2011-09-27 23:00:00,154.08365
2011-09-28 00:00:00,139.07935
2011-09-28 01:00:00,139.07935
2011-09-28 02:00:00,188.18651
2011-09-28 03:00:00,141.79779
2011-09-28 04:00:00,139.07935
2011-09-28 05:00:00,121.58472
2011-09-28 06:00:00,145.4323
2011-09-28 07:00:00,145.4323
2011-09-28 08:00:00,167.30179
2011-09-28 09:00:00,167.30179
2011-09-28 10:00:00,125.22302
2011-09-28 11:00:00,238.19508
2011-09-28 12:00:00,258.7617
2011-09-28 13:00:00,306.01767
2011-09-28 14:00:00,347.3156
2011-09-28 15:00:00,325.3142
2011-09-28 16:00:00,323.20856
2011-09-28 17:00:00,318.32095
2011-09-28 18:00:00,285.7514
2011-09-28 19:00:00,285.75134
2011-09-28 20:00:00,254.1364
2011-09-28 21:00:00,203.19766
2011-09-28 22:00:00,154.08365
2011-09-28 23:00:00,124.61247
2011-09-29 00:00:00,137.3742
2011-09-29 01:00:00,138.28476
2011-09-29 02:00:00,138.28476
2011-09-29 03:00:00,175.0842
2011-09-29 04:00:00,213.42273
2011-09-29 05:00:00,185.70474
2011-09-29 06:00:00,181.12259
2011-09-29 07:00:00,164.23045
2011-09-29 08:00:00,174.08386
2011-09-29 09:00:00,255.6182
2011-09-29 10:00:00,307.63202
2011-09-29 11:00:00,309.41483
2011-09-29 12:00:00,329.07944
2011-09-29 13:00:00,319.04562
2011-09-29 14:00:00,348.5849
2011-09-29 15:00:00,318.56995
2011-09-29 16:00:00,313.82867
2011-09-29 17:00:00,343.7699
2011-09-29 18:00:00,345.08554
2011-09-29 19:00:00,337.3114
2011-09-29 20:00:00,331.60696
2011-09-29 21:00:00,326.67426
2011-09-29 22:00:00,284.38504
2011-09-29 23:00:00,208.08835
2011-09-30 00:00:00,164.3627
2011-09-30 01:00:00,205.1958
2011-09-30 02:00:00,164.3627
2011-09-30 03:00:00,164.36273
2011-09-30 04:00:00,178.33176
2011-09-30 05:00:00,178.33176
2011-09-30 06:00:00,177.96529
2011-09-30 07:00:00,177.96529
2011-09-30 08:00:00,220.03894
2011-09-30 09:00:00,248.80322
2011-09-30 10:00:00,322.0819
2011-09-30 11:00:00,336.026
2011-09-30 12:00:00,334.0452
2011-09-30 13:00:00,332.53186
2011-09-30 14:00:00,329.74054
2011-09-30 15:00:00,337.0392
2011-09-30 16:00:00,328.78662
2011-09-30 17:00:00,331.76584
2011-09-30 18:00:00,305.36
2011-09-30 19:00:00,280.33237
2011-09-30 20:00:00,280.33237
2011-09-30 21:00:00,273.6501
2011-09-30 22:00:00,261.01535
2011-09-30 23:00:00,261.01535
2011-10-20 00:00:00,146.13022
2011-10-20 01:00:00,172.64743
2011-10-20 02:00:00,171.69266
2011-10-20 03:00:00,169.62048
2011-10-20 04:00:00,169.62048
2011-10-20 05:00:00,162.13779
2011-10-20 06:00:00,148.1866
2011-10-20 07:00:00,156.7388
2011-10-20 08:00:00,194.49074
2011-10-20 09:00:00,193.18706
2011-10-20 10:00:00,224.27441
2011-10-20 11:00:00,250.62599
2011-10-20 12:00:00,271.61194
2011-10-20 13:00:00,282.50818
2011-10-20 14:00:00,244.38423
2011-10-20 15:00:00,240.90729
2011-10-20 16:00:00,240.90729
2011-10-20 17:00:00,247.80054
2011-10-20 18:00:00,249.98935
2011-10-20 19:00:00,246.6742
2011-10-20 20:00:00,246.06903
2011-10-20 21:00:00,240.58977
2011-10-20 22:00:00,239.56723
2011-10-20 23:00:00,219.36777
2011-10-21 00:00:00,202.77225
2011-10-21 01:00:00,207.33893
2011-10-21 02:00:00,193.91705
2011-10-21 03:00:00,150.86942
2011-10-21 04:00:00,152.50998
2011-10-21 05:00:00,128.5075
2011-10-21 06:00:00,152.50998
2011-10-21 07:00:00,152.50998
2011-10-21 08:00:00,211.92343
2011-10-21 09:00:00,253.90063
2011-10-21 10:00:00,262.17377
2011-10-21 11:00:00,285.71997
2011-10-21 12:00:00,281.7488
2011-10-21 13:00:00,263.94873
2011-10-21 14:00:00,298.81113
2011-10-21 15:00:00,282.51102
2011-10-21 16:00:00,284.06284
2011-10-21 17:00:00,256.04865
2011-10-21 18:00:00,246.73251
2011-10-21 19:00:00,228.7829
2011-10-21 20:00:00,250.76028
2011-10-21 21:00:00,233.25555
2011-10-21 22:00:00,240.76999
2011-10-21 23:00:00,207.33893
2011-10-22 00:00:00,168.23807
2011-10-22 01:00:00,168.23807
2011-10-22 02:00:00,164.69612
2011-10-22 03:00:00,184.40237
2011-10-22 04:00:00,160.75189
2011-10-22 05:00:00,193.1116
2011-10-22 06:00:00,153.18953
2011-10-22 07:00:00,110.78996
2011-10-22 08:00:00,180.28673
2011-10-22 09:00:00,188.6066
2011-10-22 10:00:00,256.95062
2011-10-22 11:00:00,256.95062
2011-10-22 12:00:00,290.16135
2011-10-22 13:00:00,449.14948
2011-10-22 14:00:00,326.6237
2011-10-22 15:00:00,314.95685
2011-10-22 16:00:00,399.0331
2011-10-22 17:00:00,279.56125
2011-10-22 18:00:00,277.62988
2011-10-22 19:00:00,230.14233
2011-10-22 20:00:00,216.35123
2011-10-22 21:00:00,153.88016
2011-10-22 22:00:00,153.88016
2011-10-22 23:00:00,125.40304
2011-10-23 00:00:00,103.83101
2011-10-23 01:00:00,103.83101
2011-10-23 02:00:00,83.99887
2011-10-23 03:00:00,95.9357
2011-10-23 04:00:00,95.9357
2011-10-23 05:00:00,86.64136
2011-10-23 06:00:00,70.98712
2011-10-23 07:00:00,83.99887
2011-10-23 08:00:00,85.482994
2011-10-23 09:00:00,153.88016
2011-10-23 10:00:00,170.91298
2011-10-23 11:00:00,172.75598
2011-10-23 12:00:00,269.86902
2011-10-23 13:00:00,334.41028
2011-10-23 14:00:00,325.69467
2011-10-23 15:00:00,372.79248
2011-10-23 16:00:00,334.41028
2011-10-23 17:00:00,262.08325
2011-10-23 18:00:00,268.96933
2011-10-23 19:00:00,187.6872
2011-10-23 20:00:00,180.41875
2011-10-23 21:00:00,180.41875
2011-10-23 22:00:00,144.07735
2011-10-23 23:00:00,133.82106
2011-10-24 00:00:00,148.35153
2011-10-24 01:00:00,127.27449
2011-10-24 02:00:00,111.797005
2011-10-24 03:00:00,126.08397
2011-10-24 04:00:00,117.876724
2011-10-24 05:00:00,99.156494
2011-10-24 06:00:00,111.797005
2011-10-24 07:00:00,119.09352
2011-10-24 08:00:00,160.22382
2011-10-24 09:00:00,198.7699
2011-10-24 10:00:00,213.69785
2011-10-24 11:00:00,266.94455
2011-10-24 12:00:00,282.9976
2011-10-24 13:00:00,278.83282
2011-10-24 14:00:00,283.10306
2011-10-24 15:00:00,285.72244
2011-10-24 16:00:00,264.3488
2011-10-24 17:00:00,256.87924
2011-10-24 18:00:00,290.69293
2011-10-24 19:00:00,143.88916
2011-10-24 20:00:00,156.39642
2011-10-24 21:00:00,124.15457
2011-10-24 22:00:00,198.1329
2011-10-24 23:00:00,174.45795
2011-10-25 00:00:00,164.61952
2011-10-25 01:00:00,164.61952
2011-10-25 02:00:00,134.4497
2011-10-25 03:00:00,98.73064
2011-10-25 04:00:00,106.16031
2011-10-25 05:00:00,106.16031
2011-10-25 06:00:00,119.606865
2011-10-25 07:00:00,151.54315
2011-10-25 08:00:00,191.90884
2011-10-25 09:00:00,252.69115
2011-10-25 10:00:00,267.3196
2011-10-25 11:00:00,282.81512
2011-10-25 12:00:00,316.6665
2011-10-25 13:00:00,320.11444
2011-10-25 14:00:00,323.38843
2011-10-25 15:00:00,332.22815
2011-10-25 16:00:00,332.577
2011-10-25 17:00:00,332.22815
2011-10-25 18:00:00,314.28772
2011-10-25 19:00:00,231.89279
2011-10-25 20:00:00,233.45285
2011-10-25 21:00:00,191.47
2011-10-25 22:00:00,223.41357
2011-10-25 23:00:00,191.47
2011-10-26 00:00:00,192.41455
2011-10-26 01:00:00,205.88455
2011-10-26 02:00:00,218.84995
2011-10-26 03:00:00,210.18845
2011-10-26 04:00:00,187.3986
2011-10-26 05:00:00,187.50555
2011-10-26 06:00:00,187.50555
2011-10-26 07:00:00,186.29922
2011-10-26 08:00:00,245.50403
2011-10-26 09:00:00,258.7206
2011-10-26 10:00:00,269.26947
2011-10-26 11:00:00,249.5976
2011-10-26 12:00:00,328.6557
2011-10-26 13:00:00,325.99518
2011-10-26 14:00:00,210.67049
2011-10-26 15:00:00,210.67049
2011-10-26 16:00:00,234.15909
2011-10-26 17:00:00,238.06009
2011-10-26 18:00:00,208.98483
2011-10-26 19:00:00,143.37671
2011-10-26 20:00:00,111.16907
2011-10-26 21:00:00,210.67049
2011-10-26 22:00:00,152.49712
2011-10-26 23:00:00,152.49712
2011-10-27 00:00:00,83.90304
2011-10-27 01:00:00,83.90304
2011-10-27 02:00:00,89.73959
2011-10-27 03:00:00,89.739586
2011-10-27 04:00:00,115.028656
2011-10-27 05:00:00,115.73735
2011-10-27 06:00:00,155.44028
2011-10-27 07:00:00,119.66607
2011-10-27 08:00:00,126.164536
2011-10-27 09:00:00,217.85463
2011-10-27 10:00:00,135.8977
2011-10-27 11:00:00,129.75238
2011-10-27 12:00:00,129.75238
2011-10-27 13:00:00,181.80421
2011-10-27 14:00:00,168.50378
2011-10-27 15:00:00,197.73923
2011-10-27 16:00:00,282.12918
2011-10-27 17:00:00,229.67867
2011-10-27 18:00:00,223.60435
2011-10-27 19:00:00,210.31311
2011-10-27 20:00:00,184.37189
2011-10-27 21:00:00,189.85706
2011-10-27 22:00:00,154.4454
2011-10-27 23:00:00,162.70584
2011-10-28 00:00:00,167.6365
2011-10-28 01:00:00,160.527
2011-10-28 02:00:00,158.79376
2011-10-28 03:00:00,140.04045
2011-10-28 04:00:00,154.50745
2011-10-28 05:00:00,189.50803
2011-10-28 06:00:00,150.11598
2011-10-28 07:00:00,150.11598
2011-10-28 08:00:00,161.9705
2011-10-28 09:00:00,183.58226
2011-10-28 10:00:00,190.81104
2011-10-28 11:00:00,215.76453
2011-10-28 12:00:00,246.55634
2011-10-28 13:00:00,237.30008
2011-10-28 14:00:00,228.20703
2011-10-28 15:00:00,220.29341
2011-10-28 16:00:00,232.21103
2011-10-28 17:00:00,234.16205
2011-10-28 18:00:00,229.33603
2011-10-28 19:00:00,234.16205
2011-10-28 20:00:00,145.00768
2011-10-28 21:00:00,105.209404
2011-10-28 22:00:00,83.59562
2011-10-28 23:00:00,75.063446
2011-10-29 00:00:00,99.50805
2011-10-29 01:00:00,108.32417
2011-10-29 02:00:00,108.32417
2011-10-29 03:00:00,105.55614
2011-10-29 04:00:00,105.55614
2011-10-29 05:00:00,75.42868
2011-10-29 06:00:00,82.50554
2011-10-29 07:00:00,82.50554
2011-10-29 08:00:00,93.21232
2011-10-29 09:00:00,93.21232
2011-10-29 10:00:00,77.922646
2011-10-29 11:00:00,73.12023
2011-10-29 12:00:00,63.96573
2011-10-29 13:00:00,63.633163
2011-10-29 14:00:00,64.98926
2011-10-29 15:00:00,70.040306
2011-10-29 16:00:00,61.31865
2011-10-29 17:00:00,61.31865
2011-10-29 18:00:00,61.31865
2011-10-29 19:00:00,25.51028
2011-10-29 20:00:00,25.51028
2011-10-29 21:00:00,25.51028
2011-10-29 22:00:00,25.895924
2011-10-29 23:00:00,27.466747
2011-10-30 00:00:00,25.895924
2011-10-30 01:00:00,25.726381
2011-10-30 02:00:00,25.39446
2011-10-30 03:00:00,33.439575
2011-10-30 04:00:00,24.162247
2011-10-30 05:00:00,34.25654
2011-10-30 06:00:00,36.241604
2011-10-30 07:00:00,73.82581
2011-10-30 08:00:00,57.46176
2011-10-30 09:00:00,82.32671
2011-10-30 10:00:00,132.01904
2011-10-30 11:00:00,173.50577
2011-10-30 12:00:00,229.27185
2011-10-30 13:00:00,295.44638
2011-10-30 14:00:00,358.0388
2011-10-30 15:00:00,383.10867
2011-10-30 16:00:00,400.7484
2011-10-30 17:00:00,374.92657
2011-10-30 18:00:00,276.65494
2011-10-30 19:00:00,410.6837
2011-10-30 20:00:00,206.16455
2011-10-30 21:00:00,143.61728
2011-10-30 22:00:00,103.411385
2011-10-30 23:00:00,58.047012
2011-10-31 00:00:00,102.63522
2011-10-31 01:00:00,102.31726
2011-10-31 02:00:00,101.40989
2011-10-31 03:00:00,96.5421
2011-10-31 04:00:00,101.40989
2011-10-31 05:00:00,94.26902
2011-10-31 06:00:00,101.40989
2011-10-31 07:00:00,95.673676
2011-10-31 08:00:00,114.98872
2011-10-31 09:00:00,153.56013
2011-10-31 10:00:00,226.13123
2011-10-31 11:00:00,245.46037
2011-10-31 12:00:00,254.79434
2011-10-31 13:00:00,257.43433
2011-10-31 14:00:00,255.49542
2011-10-31 15:00:00,261.88953
2011-10-31 16:00:00,240.76999
2011-10-31 17:00:00,245.63007
2011-10-31 18:00:00,203.92923
2011-10-31 19:00:00,203.92923
2011-10-31 20:00:00,203.92923
2011-10-31 21:00:00,172.94525
2011-10-31 22:00:00,172.94525
2011-10-31 23:00:00,172.94525
2011-11-20 00:00:00,140.43556
2011-11-20 01:00:00,164.69612
2011-11-20 02:00:00,164.63144
2011-11-20 03:00:00,188.7187
2011-11-20 04:00:00,175.90045
2011-11-20 05:00:00,196.58679
2011-11-20 06:00:00,199.07684
2011-11-20 07:00:00,154.12848
2011-11-20 08:00:00,186.33267
2011-11-20 09:00:00,158.01053
2011-11-20 10:00:00,228.02686
2011-11-20 11:00:00,292.0185
2011-11-20 12:00:00,282.41846
2011-11-20 13:00:00,312.4765
2011-11-20 14:00:00,262.5498
2011-11-20 15:00:00,264.57816
2011-11-20 16:00:00,295.82748
2011-11-20 17:00:00,282.49414
2011-11-20 18:00:00,293.16928
2011-11-20 19:00:00,264.52386
2011-11-20 20:00:00,288.79675
2011-11-20 21:00:00,240.90744
2011-11-20 22:00:00,180.17892
2011-11-20 23:00:00,180.17892
2011-11-21 00:00:00,107.49682
2011-11-21 01:00:00,95.955475
2011-11-21 02:00:00,80.29678
2011-11-21 03:00:00,77.43069
2011-11-21 04:00:00,77.43069
2011-11-21 05:00:00,93.22394
2011-11-21 06:00:00,93.13362
2011-11-21 07:00:00,138.88623
2011-11-21 08:00:00,107.49682
2011-11-21 09:00:00,125.4865
2011-11-21 10:00:00,168.50378
2011-11-21 11:00:00,197.73923
2011-11-21 12:00:00,240.84734
2011-11-21 13:00:00,240.84734
2011-11-21 14:00:00,220.99976
2011-11-21 15:00:00,93.29616
2011-11-21 16:00:00,93.29616
2011-11-21 17:00:00,96.6295
2011-11-21 18:00:00,103.76204
2011-11-21 19:00:00,87.87593
2011-11-21 20:00:00,99.29608
2011-11-21 21:00:00,98.08246
2011-11-21 22:00:00,95.625565
2011-11-21 23:00:00,98.08246
2011-11-22 00:00:00,80.99744
2011-11-22 01:00:00,83.21516
2011-11-22 02:00:00,72.79847
2011-11-22 03:00:00,72.79847
2011-11-22 04:00:00,83.99402
2011-11-22 05:00:00,83.99402
2011-11-22 06:00:00,119.09352
2011-11-22 07:00:00,89.466866
2011-11-22 08:00:00,89.466866
2011-11-22 09:00:00,81.38567
2011-11-22 10:00:00,81.38567
2011-11-22 11:00:00,83.21516
2011-11-22 12:00:00,74.52307
2011-11-22 13:00:00,75.34424
2011-11-22 14:00:00,75.34424
2011-11-22 15:00:00,85.67258
2011-11-22 16:00:00,85.67258
2011-11-22 17:00:00,76.23376
2011-11-22 18:00:00,75.44349
2011-11-22 19:00:00,89.691574
2011-11-22 20:00:00,128.05844
2011-11-22 21:00:00,135.74118
2011-11-22 22:00:00,153.00842
2011-11-22 23:00:00,170.71545
2011-11-23 00:00:00,170.71545
2011-11-23 01:00:00,182.56331
2011-11-23 02:00:00,129.78062
2011-11-23 03:00:00,129.78062
2011-11-23 04:00:00,166.83922
2011-11-23 05:00:00,147.53348
2011-11-23 06:00:00,93.22394
2011-11-23 07:00:00,100.29509
2011-11-23 08:00:00,125.4865
2011-11-23 09:00:00,156.7445
2011-11-23 10:00:00,156.7445
2011-11-23 11:00:00,233.29529
2011-11-23 12:00:00,244.97562
2011-11-23 13:00:00,219.79794
2011-11-23 14:00:00,224.54903
2011-11-23 15:00:00,215.85901
2011-11-23 16:00:00,200.45728
2011-11-23 17:00:00,144.95084
2011-11-23 18:00:00,197.57147
2011-11-23 19:00:00,192.15685
2011-11-23 20:00:00,169.06601
2011-11-23 21:00:00,174.3843
2011-11-23 22:00:00,158.37248
2011-11-23 23:00:00,166.18613
2011-11-24 00:00:00,108.75734
2011-11-24 01:00:00,99.062546
2011-11-24 02:00:00,75.778824
2011-11-24 03:00:00,69.85076
2011-11-24 04:00:00,106.27173
2011-11-24 05:00:00,103.31285
2011-11-24 06:00:00,106.27173
2011-11-24 07:00:00,42.15841
2011-11-24 08:00:00,90.50392
2011-11-24 09:00:00,162.53224
2011-11-24 10:00:00,211.86932
2011-11-24 11:00:00,243.2644
2011-11-24 12:00:00,279.58716
2011-11-24 13:00:00,289.8003
2011-11-24 14:00:00,286.26196
2011-11-24 15:00:00,294.6106
2011-11-24 16:00:00,290.87357
2011-11-24 17:00:00,315.02664
2011-11-24 18:00:00,261.00122
2011-11-24 19:00:00,229.172
2011-11-24 20:00:00,78.928505
2011-11-24 21:00:00,90.13318
2011-11-24 22:00:00,90.13318
2011-11-24 23:00:00,77.363014
2011-11-25 00:00:00,127.02592
2011-11-25 01:00:00,123.94701
2011-11-25 02:00:00,97.23482
2011-11-25 03:00:00,110.283295
2011-11-25 04:00:00,117.04007
2011-11-25 05:00:00,111.62433
2011-11-25 06:00:00,95.10186
2011-11-25 07:00:00,102.31726
2011-11-25 08:00:00,93.66998
2011-11-25 09:00:00,118.5095
2011-11-25 10:00:00,152.50998
2011-11-25 11:00:00,203.90321
2011-11-25 12:00:00,272.42874
2011-11-25 13:00:00,285.71997
2011-11-25 14:00:00,311.61636
2011-11-25 15:00:00,321.53305
2011-11-25 16:00:00,306.31503
2011-11-25 17:00:00,320.7333
2011-11-25 18:00:00,288.28247
2011-11-25 19:00:00,210.39594
2011-11-25 20:00:00,235.62332
2011-11-25 21:00:00,152.2888
2011-11-25 22:00:00,143.30942
2011-11-25 23:00:00,125.413216
2011-11-26 00:00:00,101.63058
2011-11-26 01:00:00,93.65445
2011-11-26 02:00:00,72.90849
2011-11-26 03:00:00,92.02864
2011-11-26 04:00:00,92.02864
2011-11-26 05:00:00,84.5611
2011-11-26 06:00:00,147.5536
2011-11-26 07:00:00,43.323086
2011-11-26 08:00:00,93.65445
2011-11-26 09:00:00,103.42477
2011-11-26 10:00:00,119.04527
2011-11-26 11:00:00,192.66267
2011-11-26 12:00:00,334.93967
2011-11-26 13:00:00,432.9251
2011-11-26 14:00:00,350.30658
2011-11-26 15:00:00,423.16046
2011-11-26 16:00:00,336.56058
2011-11-26 17:00:00,336.56058
2011-11-26 18:00:00,228.89949
2011-11-26 19:00:00,210.69379
2011-11-26 20:00:00,292.04822
2011-11-26 21:00:00,184.4082
2011-11-26 22:00:00,205.82187
2011-11-26 23:00:00,119.04527
2011-11-27 00:00:00,119.04527
2011-11-27 01:00:00,119.04527
2011-11-27 02:00:00,110.320694
2011-11-27 03:00:00,95.9357
2011-11-27 04:00:00,82.14061
2011-11-27 05:00:00,78.32655
2011-11-27 06:00:00,106.42386
2011-11-27 07:00:00,93.10086
2011-11-27 08:00:00,99.945404
2011-11-27 09:00:00,156.4552
2011-11-27 10:00:00,156.4552
2011-11-27 11:00:00,237.76596
2011-11-27 12:00:00,323.7709
2011-11-27 13:00:00,313.0041
2011-11-27 14:00:00,432.13336
2011-11-27 15:00:00,494.38733
2011-11-27 16:00:00,397.08112
2011-11-27 17:00:00,350.6491
2011-11-27 18:00:00,256.44833
2011-11-27 19:00:00,203.32869
2011-11-27 20:00:00,243.9986
2011-11-27 21:00:00,200.6893
2011-11-27 22:00:00,172.65497
2011-11-27 23:00:00,172.65497
2011-11-28 00:00:00,176.43361
2011-11-28 01:00:00,176.46732
2011-11-28 03:00:00,123.50502
2011-11-28 04:00:00,140.56996
2011-11-28 05:00:00,98.73064
2011-11-28 06:00:00,133.22679
2011-11-28 07:00:00,96.84255
2011-11-28 08:00:00,106.03853
2011-11-28 09:00:00,180.31885
2011-11-28 10:00:00,235.57367
2011-11-28 11:00:00,282.99762
2011-11-28 12:00:00,296.30392
2011-11-28 13:00:00,327.01263
2011-11-28 14:00:00,336.899
2011-11-28 15:00:00,294.1899
2011-11-28 16:00:00,280.5277
2011-11-28 17:00:00,296.40704
2011-11-28 18:00:00,267.44485
2011-11-28 19:00:00,236.18716
2011-11-28 20:00:00,266.5566
2011-11-28 21:00:00,268.1576
2011-11-28 22:00:00,197.73923
2011-11-28 23:00:00,207.00641
2011-11-29 00:00:00,144.11679
2011-11-29 01:00:00,160.87668
2011-11-29 02:00:00,132.49593
2011-11-29 03:00:00,132.49593
2011-11-29 04:00:00,239.03859
2011-11-29 05:00:00,145.4429
2011-11-29 06:00:00,177.16638
2011-11-29 07:00:00,208.12482
2011-11-29 08:00:00,216.2583
2011-11-29 09:00:00,256.80972
2011-11-29 10:00:00,256.80972
2011-11-29 11:00:00,149.17157
2011-11-29 12:00:00,130.73198
2011-11-29 13:00:00,144.61505
2011-11-29 14:00:00,87.8759
2011-11-29 15:00:00,103.41373
2011-11-29 16:00:00,99.29607
2011-11-29 17:00:00,169.54356
2011-11-29 18:00:00,182.42145
2011-11-29 19:00:00,182.259
2011-11-29 20:00:00,159.36972
2011-11-29 21:00:00,159.36972
2011-11-29 22:00:00,127.27495
2011-11-29 23:00:00,139.61497
2011-11-30 00:00:00,168.2417
2011-11-30 01:00:00,159.04321
2011-11-30 02:00:00,142.29974
2011-11-30 03:00:00,142.29974
2011-11-30 04:00:00,119.86495
2011-11-30 05:00:00,95.610916
2011-11-30 06:00:00,97.61903
2011-11-30 07:00:00,95.10186
2011-11-30 08:00:00,95.610916
2011-11-30 09:00:00,122.72969
2011-11-30 10:00:00,168.96266
2011-11-30 11:00:00,208.67397
2011-11-30 12:00:00,211.97266
2011-11-30 13:00:00,220.26854
2011-11-30 14:00:00,220.26854
2011-11-30 15:00:00,214.67041
2011-11-30 16:00:00,215.76314
2011-11-30 17:00:00,200.36693
2011-11-30 18:00:00,196.54498
2011-11-30 19:00:00,195.57324
2011-11-30 20:00:00,195.57324
2011-11-30 21:00:00,170.49545
2011-11-30 22:00:00,169.85062
2011-11-30 23:00:00,173.14993
2011-12-20 00:00:00,217.60458
2011-12-20 01:00:00,240.43793
2011-12-20 02:00:00,224.21637
2011-12-20 03:00:00,224.21637
2011-12-20 04:00:00,236.772
2011-12-20 05:00:00,245.79294
2011-12-20 06:00:00,245.79291
2011-12-20 07:00:00,231.84033
2011-12-20 08:00:00,260.91547
2011-12-20 09:00:00,215.96613
2011-12-20 10:00:00,246.26561
2011-12-20 11:00:00,239.36777
2011-12-20 12:00:00,262.89572
2011-12-20 13:00:00,262.89572
2011-12-20 14:00:00,263.86423
2011-12-20 15:00:00,277.029
2011-12-20 16:00:00,273.57703
2011-12-20 17:00:00,216.4043
2011-12-20 18:00:00,193.29831
2011-12-20 19:00:00,192.76404
2011-12-20 20:00:00,181.25677
2011-12-20 21:00:00,179.05734
2011-12-20 22:00:00,215.96613
2011-12-20 23:00:00,243.29451
2011-12-21 00:00:00,110.395386
2011-12-21 01:00:00,121.38829
2011-12-21 02:00:00,145.05225
2011-12-21 03:00:00,145.05225
2011-12-21 04:00:00,145.05225
2011-12-21 05:00:00,138.78122
2011-12-21 06:00:00,147.12418
2011-12-21 07:00:00,124.62578
2011-12-21 08:00:00,122.05519
2011-12-21 09:00:00,121.54208
2011-12-21 10:00:00,127.212006
2011-12-21 11:00:00,127.212006
2011-12-21 12:00:00,117.71432
2011-12-21 13:00:00,118.11648
2011-12-21 14:00:00,137.17526
2011-12-21 15:00:00,129.93887
2011-12-21 16:00:00,114.126175
2011-12-21 17:00:00,114.126175
2011-12-21 18:00:00,123.077896
2011-12-21 19:00:00,152.60547
2011-12-21 20:00:00,147.17667
2011-12-21 21:00:00,146.50247
2011-12-21 22:00:00,147.48013
2011-12-21 23:00:00,151.30385
2011-12-22 00:00:00,190.03297
2011-12-22 01:00:00,126.82595
2011-12-22 02:00:00,154.27979
2011-12-22 03:00:00,148.67343
2011-12-22 04:00:00,107.95364
2011-12-22 05:00:00,118.23034
2011-12-22 06:00:00,103.82113
2011-12-22 07:00:00,82.87715
2011-12-22 08:00:00,147.12418
2011-12-22 09:00:00,140.3064
2011-12-22 10:00:00,152.3772
2011-12-22 11:00:00,178.63235
2011-12-22 12:00:00,187.27292
2011-12-22 13:00:00,181.83514
2011-12-22 14:00:00,181.83514
2011-12-22 15:00:00,188.232
2011-12-22 16:00:00,181.83514
2011-12-22 17:00:00,150.93289
2011-12-22 18:00:00,159.41661
2011-12-22 19:00:00,173.8574
2011-12-22 20:00:00,128.12537
2011-12-22 21:00:00,128.12537
2011-12-22 22:00:00,109.164925
2011-12-22 23:00:00,129.4332
2011-12-23 00:00:00,117.47505
2011-12-23 01:00:00,117.47505
2011-12-23 02:00:00,114.162544
2011-12-23 03:00:00,114.162544
2011-12-23 04:00:00,93.7842
2011-12-23 05:00:00,86.59371
2011-12-23 06:00:00,97.84848
2011-12-23 07:00:00,101.273254
2011-12-23 08:00:00,112.16237
2011-12-23 09:00:00,123.35945
2011-12-23 10:00:00,132.80844
2011-12-23 11:00:00,148.61586
2011-12-23 12:00:00,163.60194
2011-12-23 13:00:00,170.9194
2011-12-23 14:00:00,156.77899
2011-12-23 15:00:00,140.82248
2011-12-23 16:00:00,147.25114
2011-12-23 17:00:00,119.56746
2011-12-23 18:00:00,123.548485
2011-12-23 19:00:00,110.185616
2011-12-23 20:00:00,96.46039
2011-12-23 21:00:00,88.5813
2011-12-23 22:00:00,86.80342
2011-12-23 23:00:00,93.800705
2011-12-24 00:00:00,69.41382
2011-12-24 01:00:00,107.234924
2011-12-24 02:00:00,86.01016
2011-12-24 03:00:00,82.68666
2011-12-24 04:00:00,72.75009
2011-12-24 05:00:00,72.75009
2011-12-24 06:00:00,59.09642
2011-12-24 07:00:00,64.01037
2011-12-24 08:00:00,52.6464
2011-12-24 09:00:00,104.45028
2011-12-24 10:00:00,118.7744
2011-12-24 11:00:00,115.72019
2011-12-24 12:00:00,131.27533
2011-12-24 13:00:00,126.28048
2011-12-24 14:00:00,126.28048
2011-12-24 15:00:00,122.11494
2011-12-24 16:00:00,121.437546
2011-12-24 17:00:00,86.432106
2011-12-24 18:00:00,112.38182
2011-12-24 19:00:00,84.76109
2011-12-24 20:00:00,63.089355
2011-12-24 21:00:00,63.68473
2011-12-24 22:00:00,60.148323
2011-12-24 23:00:00,54.64254
2011-12-25 00:00:00,54.890564
2011-12-25 01:00:00,44.890404
2011-12-25 02:00:00,40.114906
2011-12-25 03:00:00,42.15458
2011-12-25 05:00:00,40.585197
2011-12-25 06:00:00,40.585197
2011-12-25 07:00:00,41.970455
2011-12-25 08:00:00,31.947477
2011-12-25 09:00:00,39.719032
2011-12-25 10:00:00,47.964157
2011-12-25 11:00:00,57.471237
2011-12-25 12:00:00,56.27749
2011-12-25 13:00:00,63.21949
2011-12-25 14:00:00,82.54521
2011-12-25 15:00:00,84.70557
2011-12-25 16:00:00,118.58912
2011-12-25 17:00:00,83.36184
2011-12-25 18:00:00,61.02309
2011-12-25 19:00:00,85.26525
2011-12-25 20:00:00,107.02234
2011-12-25 21:00:00,72.82222
2011-12-25 22:00:00,61.829453
2011-12-25 23:00:00,52.642307
2011-12-26 00:00:00,44.072277
2011-12-26 01:00:00,82.07571
2011-12-26 02:00:00,111.2601
2011-12-26 04:00:00,115.32454
2011-12-26 05:00:00,122.36339
2011-12-26 06:00:00,114.548676
2011-12-26 07:00:00,110.09023
2011-12-26 08:00:00,108.18863
2011-12-26 09:00:00,115.32454
2011-12-26 10:00:00,106.23337
2011-12-26 11:00:00,103.18669
2011-12-26 12:00:00,117.84555
2011-12-26 13:00:00,126.81369
2011-12-26 14:00:00,129.20644
2011-12-26 15:00:00,123.64108
2011-12-26 16:00:00,113.322845
2011-12-26 17:00:00,111.2601
2011-12-26 18:00:00,104.32208
2011-12-26 19:00:00,74.210434
2011-12-26 20:00:00,89.8419
2011-12-26 21:00:00,58.11198
2011-12-26 22:00:00,58.11197
2011-12-26 23:00:00,57.41619
2011-12-27 00:00:00,83.7923
2011-12-27 01:00:00,83.78393
2011-12-27 02:00:00,83.78393
2011-12-27 03:00:00,110.75589
2011-12-27 04:00:00,110.14442
2011-12-27 05:00:00,107.38678
2011-12-27 06:00:00,107.5863
2011-12-27 07:00:00,108.55003
2011-12-27 08:00:00,110.66971
2011-12-27 09:00:00,103.49063
2011-12-27 10:00:00,109.861435
2011-12-27 11:00:00,103.49063
2011-12-27 12:00:00,87.65367
2011-12-27 13:00:00,75.49527
2011-12-27 14:00:00,103.17465
2011-12-27 15:00:00,103.17465
2011-12-27 16:00:00,117.04112
2011-12-27 17:00:00,120.75345
2011-12-27 18:00:00,90.94212
2011-12-27 19:00:00,86.58166
2011-12-27 20:00:00,80.69233
2011-12-27 21:00:00,85.408295
2011-12-27 22:00:00,85.408295
2011-12-27 23:00:00,77.24394
2011-12-28 00:00:00,85.48578
2011-12-28 01:00:00,85.493164
2011-12-28 02:00:00,90.66962
2011-12-28 03:00:00,90.66962
2011-12-28 05:00:00,100.8682
2011-12-28 06:00:00,93.532936
2011-12-28 07:00:00,93.53293
2011-12-28 08:00:00,100.8682
2011-12-28 09:00:00,98.93431
2011-12-28 10:00:00,100.89848
2011-12-28 11:00:00,140.50719
2011-12-28 12:00:00,125.34569
2011-12-28 13:00:00,137.63153
2011-12-28 14:00:00,128.7909
2011-12-28 15:00:00,135.32498
2011-12-28 16:00:00,121.71532
2011-12-28 17:00:00,108.36413
2011-12-28 18:00:00,104.71097
2011-12-28 19:00:00,95.83732
2011-12-28 20:00:00,92.90792
2011-12-28 21:00:00,83.62312
2011-12-28 22:00:00,82.25165
2011-12-28 23:00:00,92.86634
2011-12-29 00:00:00,99.188515
2011-12-29 01:00:00,89.30789
2011-12-29 02:00:00,81.33292
2011-12-29 03:00:00,83.20518
2011-12-29 04:00:00,82.68667
2011-12-29 05:00:00,81.47049
2011-12-29 06:00:00,80.63379
2011-12-29 07:00:00,82.00917
2011-12-29 08:00:00,106.03821
2011-12-29 09:00:00,92.11609
2011-12-29 10:00:00,96.81478
2011-12-29 11:00:00,107.84021
2011-12-29 12:00:00,109.482346
2011-12-29 13:00:00,110.594025
2011-12-29 14:00:00,108.13225
2011-12-29 15:00:00,110.69485
2011-12-29 16:00:00,93.32233
2011-12-29 17:00:00,85.1293
2011-12-29 18:00:00,89.88134
2011-12-29 19:00:00,95.16602
2011-12-29 20:00:00,82.835724
2011-12-29 21:00:00,110.02467
2011-12-29 22:00:00,83.770874
2011-12-29 23:00:00,84.95522
2011-12-30 00:00:00,83.956375
2011-12-30 01:00:00,82.5013
2011-12-30 02:00:00,83.01491
2011-12-30 03:00:00,83.01491
2011-12-30 04:00:00,82.697845
2011-12-30 05:00:00,82.05197
2011-12-30 06:00:00,82.697845
2011-12-30 07:00:00,83.17425
2011-12-30 08:00:00,105.2019
2011-12-30 09:00:00,84.701416
2011-12-30 10:00:00,87.64288
2011-12-30 11:00:00,86.80342
2011-12-30 12:00:00,99.83632
2011-12-30 13:00:00,113.293976
2011-12-30 14:00:00,137.72095
2011-12-30 15:00:00,177.60757
2011-12-30 16:00:00,174.09863
2011-12-30 17:00:00,135.14674
2011-12-30 18:00:00,111.64078
2011-12-30 19:00:00,122.191055
2011-12-30 20:00:00,113.2313
2011-12-30 21:00:00,121.38829
2011-12-30 22:00:00,111.26988
2011-12-30 23:00:00,113.800354
2011-12-31 00:00:00,103.093445
2011-12-31 01:00:00,119.88125
2011-12-31 02:00:00,119.88125
2011-12-31 03:00:00,119.88125
2011-12-31 04:00:00,94.58264
2011-12-31 05:00:00,75.190575
2011-12-31 06:00:00,144.12823
2011-12-31 07:00:00,103.653824
2011-12-31 08:00:00,54.810158
2011-12-31 09:00:00,90.90488
2011-12-31 10:00:00,99.227516
2011-12-31 11:00:00,135.16095
2011-12-31 12:00:00,327.6952
2011-12-31 13:00:00,220.72656
2011-12-31 14:00:00,232.54509
2011-12-31 15:00:00,192.51883
2011-12-31 16:00:00,192.52298
2011-12-31 17:00:00,196.46794
2011-12-31 18:00:00,201.26312
2011-12-31 19:00:00,194.25789
2011-12-31 20:00:00,194.25789
2011-12-31 21:00:00,159.35378
2011-12-31 22:00:00,127.07018
2011-12-31 23:00:00,102.53143
2012-01-20 00:00:00,101.72392
2012-01-20 01:00:00,84.77383
2012-01-20 02:00:00,84.77383
2012-01-20 03:00:00,82.14183
2012-01-20 04:00:00,82.02338
2012-01-20 05:00:00,82.02338
2012-01-20 06:00:00,87.962
2012-01-20 07:00:00,81.09062
2012-01-20 08:00:00,82.84671
2012-01-20 09:00:00,98.94432
2012-01-20 10:00:00,90.207794
2012-01-20 11:00:00,89.502975
2012-01-20 12:00:00,88.08031
2012-01-20 13:00:00,103.50745
2012-01-20 14:00:00,99.09895
2012-01-20 15:00:00,103.66822
2012-01-20 16:00:00,99.30298
2012-01-20 17:00:00,106.728096
2012-01-20 18:00:00,103.10581
2012-01-20 19:00:00,102.69605
2012-01-20 20:00:00,103.10581
2012-01-20 21:00:00,103.25551
2012-01-20 22:00:00,91.30205
2012-01-20 23:00:00,51.18844
2012-01-21 00:00:00,39.585045
2012-01-21 01:00:00,27.61828
2012-01-21 02:00:00,52.492844
2012-01-21 03:00:00,43.501366
2012-01-21 04:00:00,48.53757
2012-01-21 05:00:00,45.60346
2012-01-21 06:00:00,39.28515
2012-01-21 07:00:00,39.28515
2012-01-21 08:00:00,20.826925
2012-01-21 09:00:00,20.826925
2012-01-21 10:00:00,33.248886
2012-01-21 11:00:00,46.966675
2012-01-21 12:00:00,48.15676
2012-01-21 13:00:00,38.44307
2012-01-21 14:00:00,49.41385
2012-01-21 15:00:00,49.413845
2012-01-21 16:00:00,33.351112
2012-01-21 17:00:00,28.380945
2012-01-21 18:00:00,32.212967
2012-01-21 19:00:00,20.95451
2012-01-21 20:00:00,27.850847
2012-01-21 21:00:00,24.011396
2012-01-21 22:00:00,30.610777
2012-01-21 23:00:00,25.634005
2012-01-22 00:00:00,15.275459
2012-01-22 01:00:00,30.610777
2012-01-22 02:00:00,31.442904
2012-01-22 03:00:00,34.298065
2012-01-22 04:00:00,32.499622
2012-01-22 05:00:00,37.157127
2012-01-22 06:00:00,29.69044
2012-01-22 07:00:00,29.69044
2012-01-22 08:00:00,29.69044
2012-01-22 09:00:00,29.69044
2012-01-22 10:00:00,24.207201
2012-01-22 11:00:00,34.99435
2012-01-22 12:00:00,27.229548
2012-01-22 13:00:00,37.406425
2012-01-22 14:00:00,32.958813
2012-01-22 15:00:00,28.949682
2012-01-22 16:00:00,28.949682
2012-01-22 17:00:00,40.088448
2012-01-22 18:00:00,45.60346
2012-01-22 19:00:00,45.60346
2012-01-22 20:00:00,40.004463
2012-01-22 21:00:00,45.60346
2012-01-22 22:00:00,38.81713
2012-01-22 23:00:00,34.611866
2012-01-23 00:00:00,81.61235
2012-01-23 01:00:00,60.195396
2012-01-23 02:00:00,60.195396
2012-01-23 03:00:00,81.61235
2012-01-23 04:00:00,98.00052
2012-01-23 05:00:00,92.528465
2012-01-23 06:00:00,92.528465
2012-01-23 07:00:00,63.40153
2012-01-23 08:00:00,51.8721
2012-01-23 09:00:00,66.17033
2012-01-23 10:00:00,88.86679
2012-01-23 11:00:00,61.88324
2012-01-23 12:00:00,93.75058
2012-01-23 13:00:00,57.17292
2012-01-23 14:00:00,51.5521
2012-01-23 15:00:00,51.86485
2012-01-23 16:00:00,65.96685
2012-01-23 17:00:00,75.50993
2012-01-23 18:00:00,70.080925
2012-01-23 19:00:00,75.956375
2012-01-23 20:00:00,69.07211
2012-01-23 21:00:00,61.59428
2012-01-23 22:00:00,61.59428
2012-01-23 23:00:00,69.58527
2012-01-24 00:00:00,76.23903
2012-01-24 01:00:00,101.59474
2012-01-24 02:00:00,102.123924
2012-01-24 03:00:00,108.81989
2012-01-24 04:00:00,98.14412
2012-01-24 05:00:00,98.14412
2012-01-24 06:00:00,104.13135
2012-01-24 07:00:00,108.8199
2012-01-24 08:00:00,108.8199
2012-01-24 09:00:00,113.6768
2012-01-24 10:00:00,80.69233
2012-01-24 11:00:00,86.95533
2012-01-24 12:00:00,86.58166
2012-01-24 13:00:00,86.58166
2012-01-24 14:00:00,90.1739
2012-01-24 15:00:00,134.53697
2012-01-24 16:00:00,125.96266
2012-01-24 17:00:00,141.42975
2012-01-24 18:00:00,137.52876
2012-01-24 19:00:00,177.1454
2012-01-24 20:00:00,98.26852
2012-01-24 21:00:00,118.42462
2012-01-24 22:00:00,94.43215
2012-01-24 23:00:00,98.26852
2012-01-25 00:00:00,71.61792
2012-01-25 01:00:00,86.027054
2012-01-25 02:00:00,84.809326
2012-01-25 03:00:00,83.91734
2012-01-25 04:00:00,84.61151
2012-01-25 05:00:00,84.61151
2012-01-25 06:00:00,82.49672
2012-01-25 07:00:00,82.2801
2012-01-25 08:00:00,82.4644
2012-01-25 09:00:00,82.4644
2012-01-25 10:00:00,82.02506
2012-01-25 11:00:00,107.5863
2012-01-25 12:00:00,105.00357
2012-01-25 13:00:00,117.754715
2012-01-25 14:00:00,122.58632
2012-01-25 15:00:00,143.2492
2012-01-25 16:00:00,110.70434
2012-01-25 17:00:00,120.53667
2012-01-25 18:00:00,93.800705
2012-01-25 19:00:00,123.69029
2012-01-25 20:00:00,90.102585
2012-01-25 21:00:00,98.246864
2012-01-25 22:00:00,91.05377
2012-01-25 23:00:00,108.02025
2012-01-26 00:00:00,108.52329
2012-01-26 01:00:00,111.68315
2012-01-26 02:00:00,108.02026
2012-01-26 03:00:00,108.49244
2012-01-26 04:00:00,85.81486
2012-01-26 05:00:00,109.10487
2012-01-26 06:00:00,113.65959
2012-01-26 07:00:00,109.52507
2012-01-26 08:00:00,109.52507
2012-01-26 09:00:00,119.73024
2012-01-26 10:00:00,108.88495
2012-01-26 11:00:00,110.252365
2012-01-26 12:00:00,111.00132
2012-01-26 13:00:00,153.7226
2012-01-26 14:00:00,144.09973
2012-01-26 15:00:00,153.70126
2012-01-26 16:00:00,146.94005
2012-01-26 17:00:00,169.05222
2012-01-26 18:00:00,169.05222
2012-01-26 19:00:00,148.0995
2012-01-26 20:00:00,143.06198
2012-01-26 21:00:00,148.0995
2012-01-26 22:00:00,109.96275
2012-01-26 23:00:00,164.89441
2012-01-27 00:00:00,115.00839
2012-01-27 01:00:00,121.54208
2012-01-27 02:00:00,115.18411
2012-01-27 03:00:00,115.35617
2012-01-27 04:00:00,112.38434
2012-01-27 05:00:00,112.1059
2012-01-27 06:00:00,112.00705
2012-01-27 07:00:00,113.427536
2012-01-27 08:00:00,129.04149
2012-01-27 09:00:00,129.04149
2012-01-27 10:00:00,127.024826
2012-01-27 11:00:00,179.2552
2012-01-27 12:00:00,184.53088
2012-01-27 13:00:00,204.83546
2012-01-27 14:00:00,220.13875
2012-01-27 15:00:00,204.95866
2012-01-27 16:00:00,196.97922
2012-01-27 17:00:00,188.37024
2012-01-27 18:00:00,173.33002
2012-01-27 19:00:00,132.38725
2012-01-27 20:00:00,110.211105
2012-01-27 21:00:00,118.33511
2012-01-27 22:00:00,121.14698
2012-01-27 23:00:00,111.48547
2012-01-28 00:00:00,79.75986
2012-01-28 01:00:00,81.79147
2012-01-28 02:00:00,57.976578
2012-01-28 03:00:00,58.585453
2012-01-28 04:00:00,59.144417
2012-01-28 05:00:00,41.274117
2012-01-28 06:00:00,46.69551
2012-01-28 07:00:00,40.450993
2012-01-28 08:00:00,36.854675
2012-01-28 09:00:00,38.124146
2012-01-28 10:00:00,47.14675
2012-01-28 11:00:00,72.82222
2012-01-28 12:00:00,70.29491
2012-01-28 13:00:00,91.60147
2012-01-28 14:00:00,141.50372
2012-01-28 15:00:00,177.08711
2012-01-28 16:00:00,191.72952
2012-01-28 17:00:00,184.75233
2012-01-28 18:00:00,241.69263
2012-01-28 19:00:00,165.27115
2012-01-28 20:00:00,182.63283
2012-01-28 21:00:00,159.7822
2012-01-28 22:00:00,163.32895
2012-01-28 23:00:00,149.91412
2012-01-29 00:00:00,121.77637
2012-01-29 01:00:00,131.01353
2012-01-29 02:00:00,125.69084
2012-01-29 03:00:00,109.54511
2012-01-29 04:00:00,98.37877
2012-01-29 05:00:00,55.12133
2012-01-29 06:00:00,68.07146
2012-01-29 07:00:00,71.43021
2012-01-29 08:00:00,62.924355
2012-01-29 09:00:00,59.714638
2012-01-29 10:00:00,82.389114
2012-01-29 11:00:00,121.21057
2012-01-29 12:00:00,148.94388
2012-01-29 13:00:00,148.94388
2012-01-29 14:00:00,147.71082
2012-01-29 15:00:00,172.34213
2012-01-29 16:00:00,138.90994
2012-01-29 17:00:00,138.90988
2012-01-29 18:00:00,157.6046
2012-01-29 19:00:00,141.44582
2012-01-29 20:00:00,107.97301
2012-01-29 21:00:00,121.384094
2012-01-29 22:00:00,143.08992
2012-01-29 23:00:00,118.63553
2012-01-30 00:00:00,133.45874
2012-01-30 01:00:00,94.944916
2012-01-30 02:00:00,99.68217
2012-01-30 03:00:00,87.34906
2012-01-30 04:00:00,82.30907
2012-01-30 05:00:00,82.30907
2012-01-30 06:00:00,92.86634
2012-01-30 07:00:00,95.04869
2012-01-30 08:00:00,88.06664
2012-01-30 09:00:00,88.06664
2012-01-30 10:00:00,96.69017
2012-01-30 11:00:00,100.66629
2012-01-30 12:00:00,111.76909
2012-01-30 13:00:00,132.61816
2012-01-30 14:00:00,164.96115
2012-01-30 15:00:00,165.38982
2012-01-30 16:00:00,174.54315
2012-01-30 17:00:00,196.38983
2012-01-30 18:00:00,177.78339
2012-01-30 19:00:00,108.07814
2012-01-30 20:00:00,114.80853
2012-01-30 21:00:00,108.78526
2012-01-30 22:00:00,92.14649
2012-01-30 23:00:00,84.8437
2012-01-31 00:00:00,92.90982
2012-01-31 01:00:00,109.76219
2012-01-31 02:00:00,108.841965
2012-01-31 03:00:00,102.78447
2012-01-31 04:00:00,94.96195
2012-01-31 05:00:00,94.96195
2012-01-31 06:00:00,85.95471
2012-01-31 07:00:00,84.84368
2012-01-31 08:00:00,82.52083
2012-01-31 09:00:00,91.0409
2012-01-31 10:00:00,113.033295
2012-01-31 11:00:00,191.74767
2012-01-31 12:00:00,177.1448
2012-01-31 13:00:00,225.93771
2012-01-31 14:00:00,270.75455
2012-01-31 15:00:00,250.03018
2012-01-31 16:00:00,250.03018
2012-01-31 17:00:00,256.714
2012-01-31 18:00:00,267.91425
2012-01-31 19:00:00,268.896
2012-01-31 20:00:00,143.2962
2012-01-31 21:00:00,238.00348
2012-01-31 22:00:00,221.28438
2012-01-31 23:00:00,210.64645
2012-02-20 00:00:00,62.15679
2012-02-20 01:00:00,62.15679
2012-02-20 02:00:00,62.15679
2012-02-20 03:00:00,65.0847
2012-02-20 05:00:00,78.504425
2012-02-20 06:00:00,90.00548
2012-02-20 07:00:00,77.32043
2012-02-20 08:00:00,69.933266
2012-02-20 09:00:00,69.933266
2012-02-20 10:00:00,87.497696
2012-02-20 11:00:00,100.8597
2012-02-20 12:00:00,103.61419
2012-02-20 13:00:00,114.72534
2012-02-20 14:00:00,109.12357
2012-02-20 15:00:00,110.20828
2012-02-20 16:00:00,129.49684
2012-02-20 17:00:00,158.03502
2012-02-20 18:00:00,110.20828
2012-02-20 19:00:00,110.20828
2012-02-20 20:00:00,110.30041
2012-02-20 21:00:00,108.57937
2012-02-20 22:00:00,103.759605
2012-02-20 23:00:00,104.165504
2012-02-21 00:00:00,83.70595
2012-02-21 01:00:00,90.83697
2012-02-21 02:00:00,81.55935
2012-02-21 04:00:00,81.22929
2012-02-21 05:00:00,82.003555
2012-02-21 06:00:00,78.02025
2012-02-21 07:00:00,81.22929
2012-02-21 08:00:00,82.13683
2012-02-21 09:00:00,79.52044
2012-02-21 10:00:00,83.180664
2012-02-21 11:00:00,90.921936
2012-02-21 12:00:00,108.48724
2012-02-21 13:00:00,121.07678
2012-02-21 14:00:00,115.11932
2012-02-21 15:00:00,121.07678
2012-02-21 16:00:00,144.82297
2012-02-21 17:00:00,182.87877
2012-02-21 18:00:00,182.87877
2012-02-21 19:00:00,136.09552
2012-02-21 20:00:00,107.62671
2012-02-21 21:00:00,100.389854
2012-02-21 22:00:00,111.55415
2012-02-21 23:00:00,87.40756
2012-02-22 00:00:00,87.40756
2012-02-22 01:00:00,91.21702
2012-02-22 02:00:00,91.76911
2012-02-22 03:00:00,111.86784
2012-02-22 04:00:00,93.57153
2012-02-22 05:00:00,93.69754
2012-02-22 06:00:00,85.493164
2012-02-22 07:00:00,88.72183
2012-02-22 08:00:00,84.5429
2012-02-22 09:00:00,94.27609
2012-02-22 10:00:00,101.03894
2012-02-22 11:00:00,105.45187
2012-02-22 12:00:00,130.13779
2012-02-22 13:00:00,160.40302
2012-02-22 14:00:00,173.81738
2012-02-22 15:00:00,256.05136
2012-02-22 16:00:00,246.60428
2012-02-22 17:00:00,267.4058
2012-02-22 18:00:00,174.86247
2012-02-22 19:00:00,159.4446
2012-02-22 20:00:00,149.49753
2012-02-22 21:00:00,181.91083
2012-02-22 22:00:00,146.58795
2012-02-22 23:00:00,162.45345
2012-02-23 00:00:00,146.58795
2012-02-23 01:00:00,140.3936
2012-02-23 02:00:00,143.14948
2012-02-23 03:00:00,128.81042
2012-02-23 04:00:00,114.13135
2012-02-23 05:00:00,114.13135
2012-02-23 06:00:00,89.388824
2012-02-23 07:00:00,90.1739
2012-02-23 08:00:00,86.77745
2012-02-23 09:00:00,88.33315
2012-02-23 10:00:00,136.0769
2012-02-23 11:00:00,210.19159
2012-02-23 12:00:00,236.1281
2012-02-23 13:00:00,254.71727
2012-02-23 14:00:00,271.9527
2012-02-23 15:00:00,279.98682
2012-02-23 16:00:00,288.90912
2012-02-23 17:00:00,282.46945
2012-02-23 18:00:00,270.6923
2012-02-23 19:00:00,241.27939
2012-02-23 20:00:00,204.74858
2012-02-23 21:00:00,177.30563
2012-02-23 22:00:00,170.85037
2012-02-23 23:00:00,171.63824
2012-02-24 00:00:00,157.86432
2012-02-24 01:00:00,153.82465
2012-02-24 02:00:00,117.329025
2012-02-24 03:00:00,124.95708
2012-02-24 04:00:00,112.35829
2012-02-24 05:00:00,128.64955
2012-02-24 06:00:00,135.91118
2012-02-24 07:00:00,123.89213
2012-02-24 08:00:00,114.63303
2012-02-24 09:00:00,90.80296
2012-02-24 10:00:00,106.533554
2012-02-24 11:00:00,124.10588
2012-02-24 12:00:00,142.51251
2012-02-24 13:00:00,153.70126
2012-02-24 14:00:00,169.764
2012-02-24 15:00:00,117.47505
2012-02-24 16:00:00,117.47505
2012-02-24 17:00:00,124.83071
2012-02-24 18:00:00,174.91373
2012-02-24 19:00:00,167.21832
2012-02-24 20:00:00,159.00853
2012-02-24 21:00:00,126.61038
2012-02-24 22:00:00,190.76804
2012-02-24 23:00:00,147.03397
2012-02-25 00:00:00,133.5447
2012-02-25 01:00:00,119.86183
2012-02-25 02:00:00,105.67577
2012-02-25 03:00:00,87.94269
2012-02-25 04:00:00,97.37109
2012-02-25 05:00:00,87.75532
2012-02-25 06:00:00,87.75532
2012-02-25 07:00:00,100.989716
2012-02-25 08:00:00,76.34234
2012-02-25 09:00:00,48.383022
2012-02-25 10:00:00,65.25592
2012-02-25 11:00:00,117.158005
2012-02-25 12:00:00,69.88076
2012-02-25 13:00:00,128.71834
2012-02-25 14:00:00,104.23924
2012-02-25 15:00:00,138.2934
2012-02-25 16:00:00,84.99046
2012-02-25 17:00:00,120.67247
2012-02-25 18:00:00,93.219894
2012-02-25 19:00:00,118.73237
2012-02-25 20:00:00,113.28349
2012-02-25 21:00:00,96.029526
2012-02-25 22:00:00,102.10278
2012-02-25 23:00:00,90.59391
2012-02-26 00:00:00,88.223434
2012-02-26 01:00:00,80.95752
2012-02-26 02:00:00,80.95752
2012-02-26 03:00:00,75.37079
2012-02-26 04:00:00,75.37079
2012-02-26 05:00:00,69.7917
2012-02-26 06:00:00,75.11125
2012-02-26 07:00:00,61.985535
2012-02-26 08:00:00,59.200867
2012-02-26 09:00:00,65.81756
2012-02-26 10:00:00,80.4118
2012-02-26 11:00:00,90.537125
2012-02-26 12:00:00,115.77336
2012-02-26 13:00:00,160.2005
2012-02-26 14:00:00,203.8682
2012-02-26 15:00:00,229.87897
2012-02-26 16:00:00,167.3478
2012-02-26 17:00:00,180.87665
2012-02-26 18:00:00,138.02394
2012-02-26 19:00:00,170.16135
2012-02-26 20:00:00,122.072845
2012-02-26 21:00:00,98.80412
2012-02-26 22:00:00,100.43353
2012-02-26 23:00:00,63.68473
2012-02-27 00:00:00,87.09553
2012-02-27 01:00:00,84.44316
2012-02-27 02:00:00,84.72887
2012-02-27 03:00:00,83.2939
2012-02-27 04:00:00,77.127975
2012-02-27 05:00:00,77.127975
2012-02-27 06:00:00,82.4644
2012-02-27 07:00:00,84.589165
2012-02-27 08:00:00,80.54737
2012-02-27 09:00:00,84.84368
2012-02-27 10:00:00,113.9816
2012-02-27 11:00:00,140.75636
2012-02-27 12:00:00,192.64458
2012-02-27 13:00:00,176.12204
2012-02-27 14:00:00,229.68564
2012-02-27 15:00:00,252.39133
2012-02-27 16:00:00,250.03018
2012-02-27 17:00:00,248.05856
2012-02-27 18:00:00,254.56778
2012-02-27 19:00:00,260.61838
2012-02-27 20:00:00,251.83017
2012-02-27 21:00:00,229.68564
2012-02-27 22:00:00,194.89185
2012-02-27 23:00:00,166.54279
2012-02-28 00:00:00,158.75116
2012-02-28 01:00:00,123.64634
2012-02-28 02:00:00,148.8392
2012-02-28 03:00:00,208.74213
2012-02-28 04:00:00,122.48239
2012-02-28 05:00:00,122.48239
2012-02-28 06:00:00,105.999146
2012-02-28 07:00:00,100.49953
2012-02-28 08:00:00,95.93697
2012-02-28 09:00:00,104.91783
2012-02-28 10:00:00,109.76217
2012-02-28 11:00:00,147.21324
2012-02-28 12:00:00,160.57631
2012-02-28 13:00:00,168.15837
2012-02-28 14:00:00,205.77661
2012-02-28 15:00:00,222.34686
2012-02-28 16:00:00,217.93143
2012-02-28 17:00:00,222.34686
2012-02-28 18:00:00,219.14581
2012-02-28 19:00:00,222.29773
2012-02-28 20:00:00,201.51483
2012-02-28 21:00:00,126.34511
2012-02-28 22:00:00,126.34511
2012-02-28 23:00:00,97.79936
2012-02-29 00:00:00,106.45629
2012-02-29 01:00:00,111.840454
2012-02-29 02:00:00,89.2562
2012-02-29 03:00:00,82.951935
2012-02-29 05:00:00,83.72533
2012-02-29 06:00:00,108.49244
2012-02-29 07:00:00,102.937805
2012-02-29 08:00:00,108.52329
2012-02-29 09:00:00,76.76929
2012-02-29 10:00:00,76.76929
2012-02-29 11:00:00,72.00728
2012-02-29 12:00:00,71.471016
2012-02-29 13:00:00,108.69962
2012-02-29 14:00:00,108.69962
2012-02-29 15:00:00,112.48693
2012-02-29 16:00:00,116.02391
2012-02-29 17:00:00,135.91118
2012-02-29 18:00:00,129.4332
2012-02-29 19:00:00,147.39145
2012-02-29 20:00:00,121.98317
2012-02-29 21:00:00,121.98317
2012-02-29 22:00:00,116.50796
2012-02-29 23:00:00,116.50796
2012-03-20 00:00:00,213.63867
2012-03-20 01:00:00,178.88562
2012-03-20 02:00:00,178.00064
2012-03-20 03:00:00,210.74527
2012-03-20 04:00:00,195.8559
2012-03-20 05:00:00,204.96149
2012-03-20 06:00:00,193.89221
2012-03-20 07:00:00,127.92427
2012-03-20 08:00:00,199.61311
2012-03-20 09:00:00,199.82132
2012-03-20 10:00:00,170.20322
2012-03-20 11:00:00,198.51727
2012-03-20 12:00:00,222.17996
2012-03-20 13:00:00,220.12071
2012-03-20 14:00:00,224.20769
2012-03-20 15:00:00,239.59665
2012-03-20 16:00:00,263.6591
2012-03-20 17:00:00,233.9899
2012-03-20 18:00:00,245.15231
2012-03-20 19:00:00,213.7844
2012-03-20 20:00:00,222.893
2012-03-20 21:00:00,207.11981
2012-03-20 22:00:00,194.1437
2012-03-20 23:00:00,178.7848
2012-03-21 00:00:00,77.70327
2012-03-21 01:00:00,103.763885
2012-03-21 02:00:00,85.901566
2012-03-21 03:00:00,161.93398
2012-03-21 04:00:00,155.09174
2012-03-21 05:00:00,155.09174
2012-03-21 06:00:00,146.82626
2012-03-21 07:00:00,90.99849
2012-03-21 08:00:00,93.54178
2012-03-21 09:00:00,158.51237
2012-03-21 10:00:00,168.61948
2012-03-21 11:00:00,168.61948
2012-03-21 12:00:00,165.70416
2012-03-21 13:00:00,161.073
2012-03-21 14:00:00,168.5296
2012-03-21 15:00:00,168.5296
2012-03-21 16:00:00,154.90802
2012-03-21 17:00:00,186.4651
2012-03-21 18:00:00,173.23517
2012-03-21 19:00:00,187.32884
2012-03-21 20:00:00,140.98726
2012-03-21 21:00:00,115.28315
2012-03-21 22:00:00,113.348526
2012-03-21 23:00:00,123.87473
2012-03-22 00:00:00,103.763885
2012-03-22 01:00:00,103.763885
2012-03-22 02:00:00,103.763885
2012-03-22 03:00:00,103.763885
2012-03-22 04:00:00,112.26059
2012-03-22 05:00:00,112.26059
2012-03-22 06:00:00,112.26059
2012-03-22 07:00:00,112.26059
2012-03-22 08:00:00,132.95358
2012-03-22 09:00:00,132.95358
2012-03-22 10:00:00,117.971664
2012-03-22 11:00:00,128.81256
2012-03-22 12:00:00,172.29474
2012-03-22 13:00:00,150.34325
2012-03-22 14:00:00,178.23892
2012-03-22 15:00:00,217.8565
2012-03-22 16:00:00,236.62434
2012-03-22 17:00:00,239.11316
2012-03-22 18:00:00,239.11316
2012-03-22 19:00:00,210.4573
2012-03-22 20:00:00,224.04805
2012-03-22 21:00:00,160.31233
2012-03-22 22:00:00,139.2953
2012-03-22 23:00:00,123.45346
2012-03-23 00:00:00,110.6989
2012-03-23 01:00:00,85.857864
2012-03-23 02:00:00,98.32035
2012-03-23 03:00:00,91.15959
2012-03-23 04:00:00,134.93408
2012-03-23 05:00:00,122.15766
2012-03-23 06:00:00,138.1794
2012-03-23 07:00:00,142.5315
2012-03-23 08:00:00,139.8248
2012-03-23 09:00:00,151.43405
2012-03-23 10:00:00,167.45097
2012-03-23 11:00:00,190.57782
2012-03-23 12:00:00,242.5195
2012-03-23 13:00:00,249.11221
2012-03-23 14:00:00,285.74402
2012-03-23 15:00:00,290.91058
2012-03-23 16:00:00,297.55426
2012-03-23 17:00:00,297.55426
2012-03-23 18:00:00,330.7044
2012-03-23 19:00:00,303.68335
2012-03-23 20:00:00,298.78607
2012-03-23 21:00:00,254.71848
2012-03-23 22:00:00,248.3819
2012-03-23 23:00:00,224.05115
2012-03-24 00:00:00,120.75453
2012-03-24 01:00:00,108.10049
2012-03-24 02:00:00,86.16083
2012-03-24 03:00:00,86.16083
2012-03-24 04:00:00,60.60653
2012-03-24 05:00:00,135.63887
2012-03-24 06:00:00,135.63887
2012-03-24 07:00:00,117.421875
2012-03-24 08:00:00,113.44197
2012-03-24 09:00:00,132.952
2012-03-24 10:00:00,129.83327
2012-03-24 11:00:00,113.44197
2012-03-24 12:00:00,114.902534
2012-03-24 13:00:00,112.771774
2012-03-24 14:00:00,112.357925
2012-03-24 15:00:00,98.16235
2012-03-24 16:00:00,103.10387
2012-03-24 17:00:00,110.698
2012-03-24 18:00:00,95.20027
2012-03-24 19:00:00,101.15631
2012-03-24 20:00:00,89.3956
2012-03-24 21:00:00,89.3956
2012-03-24 22:00:00,85.12076
2012-03-24 23:00:00,90.98691
2012-03-25 00:00:00,90.98691
2012-03-25 01:00:00,77.206924
2012-03-25 02:00:00,75.42053
2012-03-25 03:00:00,78.16344
2012-03-25 04:00:00,79.52249
2012-03-25 05:00:00,70.23949
2012-03-25 06:00:00,70.23949
2012-03-25 07:00:00,71.929306
2012-03-25 08:00:00,71.929306
2012-03-25 09:00:00,77.93482
2012-03-25 10:00:00,77.789986
2012-03-25 11:00:00,77.93482
2012-03-25 12:00:00,78.46644
2012-03-25 13:00:00,94.72513
2012-03-25 14:00:00,102.44415
2012-03-25 15:00:00,102.16856
2012-03-25 16:00:00,53.607624
2012-03-25 17:00:00,80.543625
2012-03-25 18:00:00,80.543625
2012-03-25 19:00:00,128.80347
2012-03-25 20:00:00,93.91268
2012-03-25 21:00:00,78.387024
2012-03-25 22:00:00,56.57264
2012-03-25 23:00:00,59.81345
2012-03-26 00:00:00,161.63345
2012-03-26 01:00:00,110.68829
2012-03-26 02:00:00,78.317024
2012-03-26 03:00:00,91.63595
2012-03-26 04:00:00,79.62825
2012-03-26 05:00:00,93.933655
2012-03-26 06:00:00,72.11364
2012-03-26 07:00:00,114.615776
2012-03-26 08:00:00,143.12596
2012-03-26 09:00:00,212.99509
2012-03-26 10:00:00,266.3171
2012-03-26 11:00:00,250.48737
2012-03-26 12:00:00,273.4972
2012-03-26 13:00:00,213.06488
2012-03-26 14:00:00,290.63492
2012-03-26 15:00:00,237.00334
2012-03-26 16:00:00,219.55585
2012-03-26 17:00:00,273.58942
2012-03-26 18:00:00,271.07898
2012-03-26 19:00:00,274.56805
2012-03-26 20:00:00,234.32779
2012-03-26 21:00:00,235.15326
2012-03-26 22:00:00,218.91075
2012-03-26 23:00:00,183.18938
2012-03-27 00:00:00,169.87325
2012-03-27 01:00:00,158.08798
2012-03-27 02:00:00,131.78732
2012-03-27 03:00:00,130.59236
2012-03-27 04:00:00,117.96286
2012-03-27 05:00:00,112.643616
2012-03-27 06:00:00,105.26738
2012-03-27 07:00:00,105.26738
2012-03-27 08:00:00,113.79977
2012-03-27 09:00:00,105.41623
2012-03-27 10:00:00,126.16966
2012-03-27 11:00:00,155.2805
2012-03-27 12:00:00,165.16815
2012-03-27 13:00:00,179.75107
2012-03-27 14:00:00,234.15546
2012-03-27 15:00:00,241.95398
2012-03-27 16:00:00,241.95398
2012-03-27 17:00:00,272.64215
2012-03-27 18:00:00,264.91705
2012-03-27 19:00:00,256.79755
2012-03-27 20:00:00,264.91708
2012-03-27 21:00:00,164.40353
2012-03-27 22:00:00,159.40994
2012-03-27 23:00:00,169.66585
2012-03-28 00:00:00,172.08295
2012-03-28 01:00:00,154.8082
2012-03-28 02:00:00,131.71921
2012-03-28 03:00:00,157.69205
2012-03-28 04:00:00,164.83485
2012-03-28 05:00:00,164.83485
2012-03-28 06:00:00,163.61812
2012-03-28 07:00:00,160.64719
2012-03-28 08:00:00,184.96347
2012-03-28 09:00:00,214.55939
2012-03-28 10:00:00,253.47148
2012-03-28 11:00:00,272.09305
2012-03-28 12:00:00,218.66458
2012-03-28 13:00:00,294.22192
2012-03-28 14:00:00,332.3438
2012-03-28 15:00:00,271.17963
2012-03-28 16:00:00,213.25203
2012-03-28 17:00:00,250.31055
2012-03-28 18:00:00,250.31055
2012-03-28 19:00:00,261.05072
2012-03-28 20:00:00,280.1108
2012-03-28 21:00:00,232.8341
2012-03-28 22:00:00,184.39809
2012-03-28 23:00:00,163.36655
2012-03-29 00:00:00,177.45038
2012-03-29 01:00:00,197.704
2012-03-29 02:00:00,329.81708
2012-03-29 03:00:00,336.48026
2012-03-29 04:00:00,282.6193
2012-03-29 05:00:00,230.7079
2012-03-29 06:00:00,167.5336
2012-03-29 07:00:00,213.60318
2012-03-29 08:00:00,235.39064
2012-03-29 09:00:00,244.4921
2012-03-29 10:00:00,238.10849
2012-03-29 11:00:00,265.50647
2012-03-29 12:00:00,279.5959
2012-03-29 13:00:00,232.33302
2012-03-29 14:00:00,267.52917
2012-03-29 15:00:00,290.2545
2012-03-29 16:00:00,296.11172
2012-03-29 17:00:00,297.27826
2012-03-29 18:00:00,267.14096
2012-03-29 19:00:00,252.49524
2012-03-29 20:00:00,247.6944
2012-03-29 21:00:00,212.45264
2012-03-29 22:00:00,201.33116
2012-03-29 23:00:00,193.7023
2012-03-30 00:00:00,182.63208
2012-03-30 01:00:00,158.85553
2012-03-30 02:00:00,131.69061
2012-03-30 03:00:00,88.14747
2012-03-30 04:00:00,105.582016
2012-03-30 05:00:00,79.12689
2012-03-30 06:00:00,92.65564
2012-03-30 07:00:00,92.30181
2012-03-30 08:00:00,78.940796
2012-03-30 09:00:00,98.80891
2012-03-30 10:00:00,119.90851
2012-03-30 11:00:00,136.78235
2012-03-30 12:00:00,142.40619
2012-03-30 13:00:00,120.104324
2012-03-30 14:00:00,119.123825
2012-03-30 15:00:00,120.20992
2012-03-30 16:00:00,106.033295
2012-03-30 17:00:00,126.84215
2012-03-30 18:00:00,151.62439
2012-03-30 19:00:00,123.05136
2012-03-30 20:00:00,116.93562
2012-03-30 21:00:00,96.74865
2012-03-30 22:00:00,74.0461
2012-03-30 23:00:00,67.524445
2012-03-31 00:00:00,42.625572
2012-03-31 01:00:00,101.71771
2012-03-31 02:00:00,107.44902
2012-03-31 03:00:00,53.841743
2012-03-31 04:00:00,82.85527
2012-03-31 05:00:00,52.42069
2012-03-31 06:00:00,67.285706
2012-03-31 07:00:00,67.285706
2012-03-31 08:00:00,66.64236
2012-03-31 09:00:00,101.71771
2012-03-31 10:00:00,100.17666
2012-03-31 11:00:00,78.48747
2012-03-31 12:00:00,68.75291
2012-03-31 13:00:00,175.87314
2012-03-31 14:00:00,171.48698
2012-03-31 15:00:00,195.8259
2012-03-31 16:00:00,169.85419
2012-03-31 17:00:00,138.97375
2012-03-31 18:00:00,110.751205
2012-03-31 19:00:00,97.54225
2012-03-31 20:00:00,99.47513
2012-03-31 21:00:00,99.47513
2012-03-31 22:00:00,94.59898
2012-03-31 23:00:00,66.4392
2012-04-20 00:00:00,138.50027
2012-04-20 01:00:00,91.63595
2012-04-20 02:00:00,64.83547
2012-04-20 03:00:00,57.227745
2012-04-20 04:00:00,48.51755
2012-04-20 05:00:00,44.33532
2012-04-20 06:00:00,50.814407
2012-04-20 07:00:00,44.33532
2012-04-20 08:00:00,46.6728
2012-04-20 09:00:00,63.214775
2012-04-20 10:00:00,132.85667
2012-04-20 11:00:00,169.72763
2012-04-20 12:00:00,246.15485
2012-04-20 13:00:00,319.56882
2012-04-20 14:00:00,330.15524
2012-04-20 15:00:00,309.7027
2012-04-20 16:00:00,327.28485
2012-04-20 17:00:00,328.42023
2012-04-20 18:00:00,308.88385
2012-04-20 19:00:00,272.64447
2012-04-20 20:00:00,227.81213
2012-04-20 21:00:00,171.6408
2012-04-20 22:00:00,186.07246
2012-04-20 23:00:00,146.54092
2012-04-21 00:00:00,110.07567
2012-04-21 01:00:00,110.07567
2012-04-21 02:00:00,83.77089
2012-04-21 03:00:00,85.52673
2012-04-21 04:00:00,93.21655
2012-04-21 05:00:00,93.21655
2012-04-21 06:00:00,85.52672
2012-04-21 07:00:00,101.30893
2012-04-21 08:00:00,103.884476
2012-04-21 09:00:00,102.13458
2012-04-21 10:00:00,259.33893
2012-04-21 11:00:00,300.72314
2012-04-21 12:00:00,303.19897
2012-04-21 13:00:00,336.32727
2012-04-21 14:00:00,466.97382
2012-04-21 15:00:00,489.83197
2012-04-21 16:00:00,481.30847
2012-04-21 17:00:00,493.7284
2012-04-21 18:00:00,397.51965
2012-04-21 19:00:00,129.1694
2012-04-21 20:00:00,111.66423
2012-04-21 21:00:00,106.12648
2012-04-21 22:00:00,93.77981
2012-04-21 23:00:00,120.00926
2012-04-22 00:00:00,116.30266
2012-04-22 01:00:00,115.595474
2012-04-22 02:00:00,104.68533
2012-04-22 03:00:00,108.71239
2012-04-22 04:00:00,113.71929
2012-04-22 05:00:00,116.4401
2012-04-22 06:00:00,119.16618
2012-04-22 07:00:00,75.4837
2012-04-22 08:00:00,79.01922
2012-04-22 09:00:00,79.01922
2012-04-22 10:00:00,61.736446
2012-04-22 11:00:00,63.779945
2012-04-22 12:00:00,60.026245
2012-04-22 13:00:00,60.085808
2012-04-22 14:00:00,60.026245
2012-04-22 15:00:00,57.16646
2012-04-22 16:00:00,56.695507
2012-04-22 17:00:00,51.586018
2012-04-22 18:00:00,51.586018
2012-04-22 19:00:00,58.587673
2012-04-22 20:00:00,48.958637
2012-04-22 21:00:00,49.642303
2012-04-22 22:00:00,59.979927
2012-04-22 23:00:00,55.487488
2012-04-23 00:00:00,63.858505
2012-04-23 01:00:00,52.37251
2012-04-23 02:00:00,63.691895
2012-04-23 03:00:00,77.0031
2012-04-23 04:00:00,48.28984
2012-04-23 05:00:00,48.28984
2012-04-23 06:00:00,63.393044
2012-04-23 07:00:00,48.49723
2012-04-23 08:00:00,76.87561
2012-04-23 09:00:00,76.05126
2012-04-23 10:00:00,99.67857
2012-04-23 11:00:00,98.263245
2012-04-23 12:00:00,66.07117
2012-04-23 13:00:00,72.36372
2012-04-23 14:00:00,84.666954
2012-04-23 15:00:00,118.0486
2012-04-23 16:00:00,48.740654
2012-04-23 17:00:00,47.118454
2012-04-23 18:00:00,59.559933
2012-04-23 19:00:00,84.9411
2012-04-23 20:00:00,82.5385
2012-04-23 21:00:00,75.16712
2012-04-23 22:00:00,65.93785
2012-04-23 23:00:00,62.40937
2012-04-24 00:00:00,85.609924
2012-04-24 01:00:00,80.07769
2012-04-24 02:00:00,55.365906
2012-04-24 03:00:00,58.45111
2012-04-24 04:00:00,72.939804
2012-04-24 05:00:00,72.939804
2012-04-24 06:00:00,76.43032
2012-04-24 07:00:00,94.08511
2012-04-24 08:00:00,96.39868
2012-04-24 09:00:00,193.8534
2012-04-24 10:00:00,193.7023
2012-04-24 11:00:00,280.60776
2012-04-24 12:00:00,298.89493
2012-04-24 13:00:00,303.86377
2012-04-24 14:00:00,299.934
2012-04-24 15:00:00,291.07355
2012-04-24 16:00:00,309.45428
2012-04-24 17:00:00,300.8758
2012-04-24 18:00:00,290.5969
2012-04-24 19:00:00,321.2488
2012-04-24 20:00:00,305.5343
2012-04-24 21:00:00,183.80064
2012-04-24 22:00:00,210.47177
2012-04-24 23:00:00,186.77039
2012-04-25 00:00:00,186.26736
2012-04-25 01:00:00,167.64821
2012-04-25 02:00:00,92.37817
2012-04-25 03:00:00,65.43343
2012-04-25 04:00:00,73.34432
2012-04-25 05:00:00,72.22131
2012-04-25 06:00:00,72.22131
2012-04-25 07:00:00,64.38734
2012-04-25 08:00:00,61.161457
2012-04-25 09:00:00,136.55699
2012-04-25 10:00:00,236.0364
2012-04-25 11:00:00,276.01685
2012-04-25 12:00:00,327.82907
2012-04-25 13:00:00,337.1723
2012-04-25 14:00:00,316.20215
2012-04-25 15:00:00,338.86945
2012-04-25 16:00:00,320.9932
2012-04-25 17:00:00,324.02982
2012-04-25 18:00:00,325.5811
2012-04-25 19:00:00,330.51178
2012-04-25 20:00:00,327.2426
2012-04-25 21:00:00,205.24454
2012-04-25 22:00:00,171.36118
2012-04-25 23:00:00,186.54074
2012-04-26 00:00:00,162.82785
2012-04-26 01:00:00,181.62602
2012-04-26 02:00:00,177.02773
2012-04-26 03:00:00,175.76982
2012-04-26 04:00:00,171.49092
2012-04-26 05:00:00,170.98047
2012-04-26 06:00:00,160.43504
2012-04-26 07:00:00,95.42143
2012-04-26 08:00:00,97.2484
2012-04-26 09:00:00,93.51398
2012-04-26 10:00:00,130.76422
2012-04-26 11:00:00,136.36127
2012-04-26 12:00:00,166.47153
2012-04-26 13:00:00,165.6168
2012-04-26 14:00:00,179.54749
2012-04-26 15:00:00,169.0379
2012-04-26 16:00:00,174.42471
2012-04-26 17:00:00,145.78857
2012-04-26 18:00:00,179.54749
2012-04-26 19:00:00,183.38348
2012-04-26 20:00:00,151.11575
2012-04-26 21:00:00,125.37787
2012-04-26 22:00:00,113.348526
2012-04-26 23:00:00,89.505806
2012-04-27 00:00:00,232.60422
2012-04-27 01:00:00,225.61415
2012-04-27 02:00:00,208.8478
2012-04-27 03:00:00,230.27402
2012-04-27 04:00:00,195.46613
2012-04-27 05:00:00,214.99435
2012-04-27 06:00:00,187.88187
2012-04-27 07:00:00,158.85553
2012-04-27 08:00:00,138.3059
2012-04-27 09:00:00,227.38837
2012-04-27 10:00:00,250.50378
2012-04-27 11:00:00,242.40387
2012-04-27 12:00:00,263.86288
2012-04-27 13:00:00,274.72003
2012-04-27 14:00:00,270.7818
2012-04-27 15:00:00,284.6041
2012-04-27 16:00:00,309.4226
2012-04-27 17:00:00,307.2482
2012-04-27 18:00:00,310.89395
2012-04-27 19:00:00,301.92474
2012-04-27 20:00:00,270.63486
2012-04-27 21:00:00,254.41
2012-04-27 22:00:00,216.58154
2012-04-27 23:00:00,198.44601
2012-04-28 00:00:00,124.49951
2012-04-28 01:00:00,91.1937
2012-04-28 02:00:00,101.846466
2012-04-28 03:00:00,78.39419
2012-04-28 04:00:00,76.80506
2012-04-28 05:00:00,80.59925
2012-04-28 06:00:00,79.16142
2012-04-28 07:00:00,76.80506
2012-04-28 08:00:00,132.15536
2012-04-28 09:00:00,167.2013
2012-04-28 10:00:00,134.5542
2012-04-28 11:00:00,139.35876
2012-04-28 12:00:00,135.49449
2012-04-28 13:00:00,178.2531
2012-04-28 14:00:00,181.56573
2012-04-28 15:00:00,165.64134
2012-04-28 16:00:00,187.70845
2012-04-28 17:00:00,162.22287
2012-04-28 18:00:00,143.35692
2012-04-28 19:00:00,73.95645
2012-04-28 20:00:00,95.76554
2012-04-28 21:00:00,67.48344
2012-04-28 22:00:00,86.26665
2012-04-28 23:00:00,92.45342
2012-04-29 00:00:00,68.75607
2012-04-29 01:00:00,76.10842
2012-04-29 02:00:00,71.95228
2012-04-29 03:00:00,66.64235
2012-04-29 04:00:00,67.67035
2012-04-29 05:00:00,26.431917
2012-04-29 06:00:00,29.55274
2012-04-29 07:00:00,60.000263
2012-04-29 08:00:00,48.782795
2012-04-29 09:00:00,61.52201
2012-04-29 10:00:00,68.66812
2012-04-29 11:00:00,128.48431
2012-04-29 12:00:00,205.86328
2012-04-29 13:00:00,218.58041
2012-04-29 14:00:00,343.1354
2012-04-29 15:00:00,345.9922
2012-04-29 16:00:00,466.18057
2012-04-29 17:00:00,447.43256
2012-04-29 18:00:00,441.56784
2012-04-29 19:00:00,367.575
2012-04-29 20:00:00,393.87494
2012-04-29 21:00:00,225.7067
2012-04-29 22:00:00,200.40436
2012-04-29 23:00:00,99.20067
2012-04-30 00:00:00,104.900024
2012-04-30 01:00:00,79.42588
2012-04-30 02:00:00,100.867935
2012-04-30 03:00:00,76.85282
2012-04-30 04:00:00,117.645
2012-04-30 05:00:00,117.645
2012-04-30 06:00:00,162.93564
2012-04-30 07:00:00,153.40866
2012-04-30 08:00:00,176.17795
2012-04-30 09:00:00,139.42467
2012-04-30 10:00:00,151.94551
2012-04-30 11:00:00,163.85687
2012-04-30 12:00:00,159.58005
2012-04-30 13:00:00,179.87274
2012-04-30 14:00:00,183.69714
2012-04-30 15:00:00,190.07509
2012-04-30 16:00:00,213.01123
2012-04-30 17:00:00,205.34622
2012-04-30 18:00:00,205.12137
2012-04-30 19:00:00,190.79135
2012-04-30 20:00:00,186.15105
2012-04-30 21:00:00,186.15105
2012-04-30 22:00:00,190.76959
2012-04-30 23:00:00,187.78459
2012-05-20 00:00:00,235.69183
2012-05-20 01:00:00,200.59082
2012-05-20 02:00:00,200.59082
2012-05-20 03:00:00,183.20538
2012-05-20 04:00:00,106.60147
2012-05-20 05:00:00,84.07554
2012-05-20 06:00:00,132.80405
2012-05-20 07:00:00,140.55624
2012-05-20 08:00:00,220.48854
2012-05-20 09:00:00,470.38672
2012-05-20 10:00:00,473.50574
2012-05-20 11:00:00,459.4724
2012-05-20 12:00:00,474.98267
2012-05-20 13:00:00,493.91797
2012-05-20 14:00:00,476.9525
2012-05-20 15:00:00,447.60577
2012-05-20 16:00:00,485.83344
2012-05-20 17:00:00,483.0097
2012-05-20 18:00:00,443.91577
2012-05-20 19:00:00,349.9979
2012-05-20 20:00:00,349.9979
2012-05-20 21:00:00,281.43478
2012-05-20 22:00:00,231.1572
2012-05-20 23:00:00,159.45004
2012-05-21 00:00:00,115.45094
2012-05-21 01:00:00,114.48468
2012-05-21 02:00:00,101.93907
2012-05-21 03:00:00,185.82133
2012-05-21 04:00:00,108.83439
2012-05-21 05:00:00,108.83439
2012-05-21 06:00:00,108.83439
2012-05-21 07:00:00,108.83439
2012-05-21 08:00:00,109.94899
2012-05-21 09:00:00,111.885605
2012-05-21 10:00:00,116.36891
2012-05-21 11:00:00,183.0504
2012-05-21 12:00:00,195.1455
2012-05-21 13:00:00,134.39761
2012-05-21 14:00:00,143.59592
2012-05-21 15:00:00,210.17805
2012-05-21 16:00:00,222.60794
2012-05-21 17:00:00,234.76318
2012-05-21 18:00:00,192.47559
2012-05-21 19:00:00,210.88507
2012-05-21 20:00:00,210.66327
2012-05-21 21:00:00,195.41255
2012-05-21 22:00:00,198.97719
2012-05-21 23:00:00,224.04805
2012-05-22 00:00:00,162.34454
2012-05-22 01:00:00,176.5485
2012-05-22 02:00:00,174.72118
2012-05-22 03:00:00,174.72118
2012-05-22 04:00:00,173.5373
2012-05-22 05:00:00,114.64882
2012-05-22 06:00:00,130.89075
2012-05-22 07:00:00,130.89075
2012-05-22 08:00:00,170.64777
2012-05-22 09:00:00,178.02171
2012-05-22 10:00:00,180.85242
2012-05-22 11:00:00,176.01083
2012-05-22 12:00:00,185.79977
2012-05-22 13:00:00,186.30222
2012-05-22 14:00:00,195.04703
2012-05-22 15:00:00,257.2091
2012-05-22 16:00:00,249.9454
2012-05-22 17:00:00,254.80798
2012-05-22 18:00:00,256.54608
2012-05-22 19:00:00,240.35095
2012-05-22 20:00:00,225.58594
2012-05-22 21:00:00,175.39651
2012-05-22 22:00:00,181.51268
2012-05-22 23:00:00,183.65428
2012-05-23 00:00:00,175.39651
2012-05-23 01:00:00,154.51166
2012-05-23 02:00:00,183.0504
2012-05-23 03:00:00,164.68068
2012-05-23 04:00:00,131.95767
2012-05-23 05:00:00,109.94899
2012-05-23 06:00:00,108.23237
2012-05-23 07:00:00,119.22461
2012-05-23 08:00:00,119.22461
2012-05-23 09:00:00,179.3246
2012-05-23 10:00:00,171.1478
2012-05-23 11:00:00,174.56769
2012-05-23 12:00:00,202.47304
2012-05-23 13:00:00,208.4433
2012-05-23 14:00:00,242.6965
2012-05-23 15:00:00,220.56836
2012-05-23 16:00:00,232.57523
2012-05-23 17:00:00,193.51427
2012-05-23 18:00:00,193.51427
2012-05-23 19:00:00,187.21313
2012-05-23 20:00:00,180.5995
2012-05-23 21:00:00,176.20007
2012-05-23 22:00:00,187.21313
2012-05-23 23:00:00,150.21245
2012-05-24 00:00:00,144.66168
2012-05-24 01:00:00,122.18718
2012-05-24 02:00:00,106.79167
2012-05-24 03:00:00,175.04745
2012-05-24 04:00:00,179.0527
2012-05-24 05:00:00,179.0527
2012-05-24 06:00:00,179.0527
2012-05-24 07:00:00,146.55717
2012-05-24 08:00:00,188.53824
2012-05-24 09:00:00,194.94305
2012-05-24 10:00:00,223.06274
2012-05-24 11:00:00,232.71713
2012-05-24 12:00:00,271.23044
2012-05-24 13:00:00,311.21664
2012-05-24 14:00:00,333.81342
2012-05-24 15:00:00,341.99557
2012-05-24 16:00:00,358.4231
2012-05-24 17:00:00,349.25986
2012-05-24 18:00:00,353.89566
2012-05-24 19:00:00,310.83676
2012-05-24 20:00:00,238.27675
2012-05-24 21:00:00,179.57857
2012-05-24 22:00:00,188.58731
2012-05-24 23:00:00,191.92354
2012-05-25 00:00:00,160.13513
2012-05-25 01:00:00,154.4265
2012-05-25 02:00:00,176.20007
2012-05-25 03:00:00,178.35051
2012-05-25 04:00:00,172.78218
2012-05-25 05:00:00,177.61897
2012-05-25 06:00:00,178.35051
2012-05-25 07:00:00,182.40662
2012-05-25 08:00:00,181.25664
2012-05-25 09:00:00,183.26028
2012-05-25 10:00:00,205.34691
2012-05-25 11:00:00,199.14873
2012-05-25 12:00:00,258.03738
2012-05-25 13:00:00,285.59375
2012-05-25 14:00:00,300.39832
2012-05-25 15:00:00,314.65945
2012-05-25 16:00:00,360.1659
2012-05-25 17:00:00,337.87112
2012-05-25 18:00:00,314.65945
2012-05-25 19:00:00,315.3377
2012-05-25 20:00:00,259.88312
2012-05-25 21:00:00,253.26028
2012-05-25 22:00:00,198.68634
2012-05-25 23:00:00,207.66367
2012-05-26 00:00:00,127.68457
2012-05-26 01:00:00,119.05354
2012-05-26 02:00:00,96.451614
2012-05-26 03:00:00,83.37028
2012-05-26 04:00:00,90.054
2012-05-26 05:00:00,150.54341
2012-05-26 06:00:00,105.09706
2012-05-26 07:00:00,169.68056
2012-05-26 08:00:00,146.31314
2012-05-26 09:00:00,136.99193
2012-05-26 10:00:00,205.56325
2012-05-26 11:00:00,238.02896
2012-05-26 12:00:00,319.81143
2012-05-26 13:00:00,333.87766
2012-05-26 14:00:00,345.23746
2012-05-26 15:00:00,368.2127
2012-05-26 16:00:00,453.65472
2012-05-26 17:00:00,448.67584
2012-05-26 18:00:00,412.98157
2012-05-26 19:00:00,330.79663
2012-05-26 20:00:00,376.9369
2012-05-26 21:00:00,323.95135
2012-05-26 22:00:00,255.53214
2012-05-26 23:00:00,255.53214
2012-05-27 00:00:00,254.83707
2012-05-27 01:00:00,218.39963
2012-05-27 02:00:00,210.60236
2012-05-27 03:00:00,189.8448
2012-05-27 04:00:00,130.32394
2012-05-27 05:00:00,130.32394
2012-05-27 06:00:00,121.13843
2012-05-27 07:00:00,97.37271
2012-05-27 08:00:00,136.99193
2012-05-27 09:00:00,165.27051
2012-05-27 10:00:00,239.31387
2012-05-27 11:00:00,303.22348
2012-05-27 12:00:00,330.8824
2012-05-27 13:00:00,390.2834
2012-05-27 14:00:00,412.14294
2012-05-27 15:00:00,472.0238
2012-05-27 16:00:00,472.0238
2012-05-27 17:00:00,483.29083
2012-05-27 18:00:00,429.38925
2012-05-27 19:00:00,390.2834
2012-05-27 20:00:00,379.09308
2012-05-27 21:00:00,200.75113
2012-05-27 22:00:00,168.0202
2012-05-27 23:00:00,172.21707
2012-05-28 00:00:00,120.32393
2012-05-28 01:00:00,223.75055
2012-05-28 02:00:00,107.309875
2012-05-28 03:00:00,157.4701
2012-05-28 04:00:00,120.15441
2012-05-28 05:00:00,120.15441
2012-05-28 06:00:00,157.4701
2012-05-28 07:00:00,132.46094
2012-05-28 08:00:00,209.2269
2012-05-28 09:00:00,295.21875
2012-05-28 10:00:00,295.21875
2012-05-28 11:00:00,295.0809
2012-05-28 12:00:00,358.88
2012-05-28 13:00:00,414.12076
2012-05-28 14:00:00,414.12076
2012-05-28 15:00:00,446.74744
2012-05-28 16:00:00,442.63678
2012-05-28 17:00:00,446.74744
2012-05-28 18:00:00,422.542
2012-05-28 19:00:00,426.0846
2012-05-28 20:00:00,380.9182
2012-05-28 21:00:00,338.90375
2012-05-28 22:00:00,295.80298
2012-05-28 23:00:00,262.94763
2012-05-29 00:00:00,225.20705
2012-05-29 01:00:00,225.20705
2012-05-29 02:00:00,189.62726
2012-05-29 03:00:00,232.02313
2012-05-29 04:00:00,207.66367
2012-05-29 05:00:00,207.66367
2012-05-29 06:00:00,207.66367
2012-05-29 07:00:00,207.66367
2012-05-29 08:00:00,240.62967
2012-05-29 09:00:00,278.41595
2012-05-29 10:00:00,301.1344
2012-05-29 11:00:00,341.82806
2012-05-29 12:00:00,354.56525
2012-05-29 13:00:00,352.51785
2012-05-29 14:00:00,355.18597
2012-05-29 15:00:00,351.42834
2012-05-29 16:00:00,350.61108
2012-05-29 17:00:00,354.57117
2012-05-29 18:00:00,349.331
2012-05-29 19:00:00,355.5732
2012-05-29 20:00:00,195.81024
2012-05-29 21:00:00,122.50779
2012-05-29 22:00:00,177.61897
2012-05-29 23:00:00,180.86555
2012-05-30 00:00:00,178.73795
2012-05-30 01:00:00,158.70595
2012-05-30 02:00:00,161.24564
2012-05-30 03:00:00,159.79942
2012-05-30 04:00:00,180.25809
2012-05-30 05:00:00,189.29648
2012-05-30 06:00:00,181.84943
2012-05-30 07:00:00,152.60484
2012-05-30 08:00:00,196.14041
2012-05-30 09:00:00,213.05605
2012-05-30 10:00:00,226.82178
2012-05-30 11:00:00,228.59894
2012-05-30 12:00:00,248.4368
2012-05-30 13:00:00,257.78775
2012-05-30 14:00:00,335.76074
2012-05-30 15:00:00,314.71503
2012-05-30 16:00:00,322.60767
2012-05-30 17:00:00,312.3367
2012-05-30 18:00:00,336.8456
2012-05-30 19:00:00,311.21664
2012-05-30 20:00:00,193.03795
2012-05-30 21:00:00,263.836
2012-05-30 22:00:00,214.03879
2012-05-30 23:00:00,226.44147
2012-05-31 00:00:00,210.66327
2012-05-31 01:00:00,201.20073
2012-05-31 02:00:00,213.64441
2012-05-31 03:00:00,195.41255
2012-05-31 04:00:00,179.21039
2012-05-31 05:00:00,233.19836
2012-05-31 06:00:00,203.16711
2012-05-31 07:00:00,248.3819
2012-05-31 08:00:00,279.49823
2012-05-31 09:00:00,332.58167
2012-05-31 10:00:00,342.3811
2012-05-31 11:00:00,353.44025
2012-05-31 12:00:00,347.9466
2012-05-31 13:00:00,339.65936
2012-05-31 14:00:00,331.3246
2012-05-31 15:00:00,342.23083
2012-05-31 16:00:00,340.45865
2012-05-31 17:00:00,329.2542
2012-05-31 18:00:00,334.9883
2012-05-31 19:00:00,341.14932
2012-05-31 20:00:00,328.7364
2012-05-31 21:00:00,328.7364
2012-05-31 22:00:00,295.09906
2012-05-31 23:00:00,295.97897
2012-06-20 00:00:00,225.20705
2012-06-20 01:00:00,211.70554
2012-06-20 02:00:00,181.23349
2012-06-20 03:00:00,178.1738
2012-06-20 04:00:00,173.79129
2012-06-20 05:00:00,173.79129
2012-06-20 06:00:00,180.52507
2012-06-20 07:00:00,179.42897
2012-06-20 08:00:00,203.69943
2012-06-20 09:00:00,214.85085
2012-06-20 10:00:00,346.5387
2012-06-20 11:00:00,333.87848
2012-06-20 12:00:00,324.91632
2012-06-20 13:00:00,321.87524
2012-06-20 14:00:00,305.92517
2012-06-20 15:00:00,290.47964
2012-06-20 16:00:00,295.43658
2012-06-20 17:00:00,293.01196
2012-06-20 18:00:00,293.01196
2012-06-20 19:00:00,308.58032
2012-06-20 20:00:00,314.4021
2012-06-20 21:00:00,329.55045
2012-06-20 22:00:00,335.62003
2012-06-20 23:00:00,313.56424
2012-06-21 00:00:00,191.38763
2012-06-21 01:00:00,155.4795
2012-06-21 02:00:00,140.61224
2012-06-21 03:00:00,126.82994
2012-06-21 04:00:00,99.3727
2012-06-21 05:00:00,103.91908
2012-06-21 06:00:00,177.50385
2012-06-21 07:00:00,177.50385
2012-06-21 08:00:00,151.1596
2012-06-21 09:00:00,318.1119
2012-06-21 10:00:00,287.95364
2012-06-21 11:00:00,294.10965
2012-06-21 12:00:00,275.7279
2012-06-21 13:00:00,277.5942
2012-06-21 14:00:00,286.88623
2012-06-21 15:00:00,276.983
2012-06-21 16:00:00,285.82184
2012-06-21 17:00:00,285.55353
2012-06-21 18:00:00,288.95624
2012-06-21 19:00:00,277.8647
2012-06-21 20:00:00,290.93533
2012-06-21 21:00:00,307.5572
2012-06-21 22:00:00,283.37097
2012-06-21 23:00:00,251.89662
2012-06-22 00:00:00,247.17499
2012-06-22 01:00:00,217.68625
2012-06-22 02:00:00,113.42818
2012-06-22 03:00:00,113.42818
2012-06-22 04:00:00,251.26338
2012-06-22 05:00:00,250.3427
2012-06-22 06:00:00,245.27536
2012-06-22 07:00:00,284.6923
2012-06-22 08:00:00,291.43503
2012-06-22 09:00:00,311.29138
2012-06-22 10:00:00,314.88916
2012-06-22 11:00:00,316.88828
2012-06-22 12:00:00,292.37823
2012-06-22 13:00:00,277.8647
2012-06-22 14:00:00,277.8647
2012-06-22 15:00:00,276.45563
2012-06-22 16:00:00,272.64804
2012-06-22 17:00:00,385.04443
2012-06-22 18:00:00,312.9042
2012-06-22 19:00:00,355.07974
2012-06-22 20:00:00,355.07974
2012-06-22 21:00:00,264.41647
2012-06-22 22:00:00,196.92574
2012-06-22 23:00:00,195.30127
2012-06-23 00:00:00,63.585754
2012-06-23 01:00:00,90.01443
2012-06-23 02:00:00,128.80084
2012-06-23 03:00:00,135.40672
2012-06-23 04:00:00,129.69696
2012-06-23 05:00:00,128.80084
2012-06-23 06:00:00,63.628212
2012-06-23 07:00:00,73.616516
2012-06-23 08:00:00,174.81876
2012-06-23 09:00:00,243.95251
2012-06-23 10:00:00,312.7422
2012-06-23 11:00:00,400.36182
2012-06-23 12:00:00,422.16534
2012-06-23 13:00:00,419.52075
2012-06-23 14:00:00,454.04852
2012-06-23 15:00:00,457.43646
2012-06-23 16:00:00,451.18707
2012-06-23 17:00:00,439.57117
2012-06-23 18:00:00,453.37207
2012-06-23 19:00:00,428.13385
2012-06-23 20:00:00,435.50226
2012-06-23 21:00:00,425.1643
2012-06-23 22:00:00,426.3072
2012-06-23 23:00:00,378.97693
2012-06-24 00:00:00,301.40045
2012-06-24 01:00:00,312.1003
2012-06-24 02:00:00,363.47186
2012-06-24 03:00:00,239.39822
2012-06-24 04:00:00,255.43915
2012-06-24 05:00:00,137.70348
2012-06-24 06:00:00,178.65959
2012-06-24 07:00:00,140.19705
2012-06-24 08:00:00,247.55568
2012-06-24 09:00:00,308.79694
2012-06-24 10:00:00,395.26
2012-06-24 11:00:00,422.49582
2012-06-24 12:00:00,438.71588
2012-06-24 13:00:00,456.72092
2012-06-24 14:00:00,448.19458
2012-06-24 15:00:00,418.9785
2012-06-24 16:00:00,434.35965
2012-06-24 17:00:00,434.80048
2012-06-24 18:00:00,437.40784
2012-06-24 19:00:00,459.2916
2012-06-24 20:00:00,427.79462
2012-06-24 21:00:00,334.71716
2012-06-24 22:00:00,293.03143
2012-06-24 23:00:00,267.72684
2012-06-25 00:00:00,285.61896
2012-06-25 01:00:00,249.96703
2012-06-25 02:00:00,229.45038
2012-06-25 03:00:00,231.75507
2012-06-25 04:00:00,172.41055
2012-06-25 05:00:00,168.29272
2012-06-25 06:00:00,129.90707
2012-06-25 07:00:00,190.30238
2012-06-25 08:00:00,207.69725
2012-06-25 09:00:00,242.40184
2012-06-25 10:00:00,301.40924
2012-06-25 11:00:00,305.8792
2012-06-25 12:00:00,353.87122
2012-06-25 13:00:00,336.64645
2012-06-25 14:00:00,320.74548
2012-06-25 15:00:00,327.8679
2012-06-25 16:00:00,314.89972
2012-06-25 17:00:00,320.51337
2012-06-25 18:00:00,327.27887
2012-06-25 19:00:00,328.60025
2012-06-25 20:00:00,334.88632
2012-06-25 21:00:00,344.28104
2012-06-25 22:00:00,339.58792
2012-06-25 23:00:00,349.23743
2012-06-26 00:00:00,346.80573
2012-06-26 01:00:00,337.45898
2012-06-26 02:00:00,313.22083
2012-06-26 03:00:00,293.57208
2012-06-26 04:00:00,294.1135
2012-06-26 05:00:00,270.0402
2012-06-26 06:00:00,256.14026
2012-06-26 07:00:00,257.62863
2012-06-26 08:00:00,291.66754
2012-06-26 09:00:00,322.66315
2012-06-26 10:00:00,349.0605
2012-06-26 11:00:00,340.927
2012-06-26 12:00:00,335.30383
2012-06-26 13:00:00,333.96274
2012-06-26 14:00:00,333.96274
2012-06-26 15:00:00,330.10547
2012-06-26 16:00:00,323.91104
2012-06-26 17:00:00,331.9162
2012-06-26 18:00:00,334.32953
2012-06-26 19:00:00,334.67352
2012-06-26 20:00:00,341.4696
2012-06-26 21:00:00,349.4219
2012-06-26 22:00:00,353.07095
2012-06-26 23:00:00,326.40067
2012-06-27 00:00:00,340.15125
2012-06-27 01:00:00,321.0663
2012-06-27 02:00:00,256.1321
2012-06-27 03:00:00,272.66083
2012-06-27 04:00:00,350.69846
2012-06-27 05:00:00,342.1771
2012-06-27 06:00:00,310.11108
2012-06-27 07:00:00,348.1704
2012-06-27 08:00:00,348.93558
2012-06-27 09:00:00,348.07874
2012-06-27 10:00:00,345.18445
2012-06-27 11:00:00,332.97485
2012-06-27 12:00:00,325.0166
2012-06-27 13:00:00,311.57547
2012-06-27 14:00:00,316.58743
2012-06-27 15:00:00,319.69858
2012-06-27 16:00:00,316.7596
2012-06-27 17:00:00,312.0993
2012-06-27 18:00:00,311.57547
2012-06-27 19:00:00,318.88824
2012-06-27 20:00:00,328.43445
2012-06-27 21:00:00,343.11664
2012-06-27 22:00:00,340.98535
2012-06-27 23:00:00,308.44052
2012-06-28 00:00:00,281.0208
2012-06-28 01:00:00,224.11932
2012-06-28 02:00:00,277.3186
2012-06-28 03:00:00,277.3186
2012-06-28 04:00:00,216.77069
2012-06-28 05:00:00,235.3989
2012-06-28 06:00:00,235.3989
2012-06-28 07:00:00,216.77069
2012-06-28 08:00:00,289.0531
2012-06-28 09:00:00,291.29358
2012-06-28 10:00:00,332.71686
2012-06-28 11:00:00,314.39874
2012-06-28 12:00:00,300.58173
2012-06-28 13:00:00,289.36377
2012-06-28 14:00:00,296.4816
2012-06-28 15:00:00,296.4816
2012-06-28 16:00:00,287.2399
2012-06-28 17:00:00,286.91592
2012-06-28 18:00:00,293.30923
2012-06-28 19:00:00,297.44653
2012-06-28 20:00:00,304.55087
2012-06-28 21:00:00,310.39252
2012-06-28 22:00:00,313.34613
2012-06-28 23:00:00,316.9196
2012-06-29 00:00:00,316.9196
2012-06-29 01:00:00,311.624
2012-06-29 02:00:00,287.29025
2012-06-29 03:00:00,287.29025
2012-06-29 04:00:00,235.98412
2012-06-29 05:00:00,236.2747
2012-06-29 06:00:00,258.21362
2012-06-29 07:00:00,236.2747
2012-06-29 08:00:00,285.1819
2012-06-29 09:00:00,301.40924
2012-06-29 10:00:00,269.56683
2012-06-29 11:00:00,385.11203
2012-06-29 12:00:00,388.09335
2012-06-29 13:00:00,272.39417
2012-06-29 14:00:00,267.64563
2012-06-29 15:00:00,250.13077
2012-06-29 16:00:00,250.13077
2012-06-29 17:00:00,268.26215
2012-06-29 18:00:00,263.1468
2012-06-29 19:00:00,277.47525
2012-06-29 20:00:00,269.31348
2012-06-29 21:00:00,344.3474
2012-06-29 22:00:00,345.27527
2012-06-29 23:00:00,345.27527
2012-06-30 00:00:00,140.62149
2012-06-30 01:00:00,140.2361
2012-06-30 02:00:00,131.0058
2012-06-30 03:00:00,131.0058
2012-06-30 04:00:00,113.431244
2012-06-30 05:00:00,62.02809
2012-06-30 06:00:00,62.02809
2012-06-30 07:00:00,62.02809
2012-06-30 08:00:00,62.02809
2012-06-30 09:00:00,62.02809
2012-06-30 10:00:00,418.4241
2012-06-30 11:00:00,418.4241
2012-06-30 12:00:00,418.4241
2012-06-30 13:00:00,418.4241
2012-06-30 14:00:00,418.4241
2012-06-30 15:00:00,418.4241
2012-06-30 16:00:00,387.21545
2012-06-30 17:00:00,384.2698
2012-06-30 18:00:00,356.90784
2012-06-30 19:00:00,431.98236
2012-06-30 20:00:00,347.7783
2012-06-30 21:00:00,347.7783
2012-06-30 22:00:00,272.0479
2012-06-30 23:00:00,253.40337
2012-07-20 00:00:00,153.5771
2012-07-20 01:00:00,78.32374
2012-07-20 02:00:00,124.57201
2012-07-20 03:00:00,126.226074
2012-07-20 04:00:00,138.66116
2012-07-20 05:00:00,131.45497
2012-07-20 06:00:00,138.66116
2012-07-20 07:00:00,147.23102
2012-07-20 08:00:00,182.87164
2012-07-20 09:00:00,201.98564
2012-07-20 10:00:00,204.39813
2012-07-20 11:00:00,268.26526
2012-07-20 12:00:00,208.65695
2012-07-20 13:00:00,212.20158
2012-07-20 14:00:00,222.60068
2012-07-20 15:00:00,210.65436
2012-07-20 16:00:00,212.35707
2012-07-20 17:00:00,211.92545
2012-07-20 18:00:00,220.052
2012-07-20 19:00:00,196.20274
2012-07-20 20:00:00,170.6858
2012-07-20 21:00:00,164.30383
2012-07-20 22:00:00,173.0014
2012-07-20 23:00:00,192.83598
2012-07-21 00:00:00,154.06805
2012-07-21 01:00:00,131.30699
2012-07-21 02:00:00,135.45453
2012-07-21 03:00:00,134.77135
2012-07-21 04:00:00,133.0975
2012-07-21 05:00:00,132.57776
2012-07-21 06:00:00,132.57776
2012-07-21 07:00:00,115.68125
2012-07-21 08:00:00,127.076485
2012-07-21 09:00:00,118.97006
2012-07-21 10:00:00,132.57776
2012-07-21 11:00:00,129.05444
2012-07-21 12:00:00,148.13493
2012-07-21 13:00:00,147.59554
2012-07-21 14:00:00,117.155426
2012-07-21 15:00:00,134.77135
2012-07-21 16:00:00,134.43907
2012-07-21 17:00:00,134.94847
2012-07-21 18:00:00,111.10289
2012-07-21 19:00:00,111.13405
2012-07-21 20:00:00,134.94847
2012-07-21 21:00:00,111.13401
2012-07-21 22:00:00,111.70863
2012-07-21 23:00:00,121.786194
2012-07-22 00:00:00,111.70863
2012-07-22 01:00:00,111.13401
2012-07-22 02:00:00,111.70863
2012-07-22 03:00:00,111.70863
2012-07-22 04:00:00,53.221848
2012-07-22 05:00:00,53.221848
2012-07-22 06:00:00,131.53287
2012-07-22 07:00:00,147.4613
2012-07-22 08:00:00,176.82324
2012-07-22 09:00:00,234.55649
2012-07-22 10:00:00,208.38022
2012-07-22 11:00:00,208.38022
2012-07-22 12:00:00,230.30017
2012-07-22 13:00:00,259.13843
2012-07-22 14:00:00,201.54633
2012-07-22 15:00:00,201.54633
2012-07-22 16:00:00,212.64952
2012-07-22 17:00:00,233.45645
2012-07-22 18:00:00,221.32883
2012-07-22 19:00:00,183.16345
2012-07-22 20:00:00,147.32938
2012-07-22 21:00:00,112.25089
2012-07-22 22:00:00,150.43655
2012-07-22 23:00:00,104.14898
2012-07-23 00:00:00,66.20359
2012-07-23 01:00:00,96.36232
2012-07-23 02:00:00,104.61041
2012-07-23 03:00:00,104.61041
2012-07-23 04:00:00,109.457184
2012-07-23 05:00:00,109.457184
2012-07-23 06:00:00,134.59755
2012-07-23 07:00:00,113.56144
2012-07-23 08:00:00,140.61224
2012-07-23 09:00:00,231.07019
2012-07-23 10:00:00,268.22485
2012-07-23 11:00:00,321.2154
2012-07-23 12:00:00,321.2154
2012-07-23 13:00:00,317.21594
2012-07-23 14:00:00,290.34036
2012-07-23 15:00:00,318.1119
2012-07-23 16:00:00,300.46744
2012-07-23 17:00:00,300.46744
2012-07-23 18:00:00,305.89932
2012-07-23 19:00:00,315.31784
2012-07-23 20:00:00,275.0069
2012-07-23 21:00:00,287.93466
2012-07-23 22:00:00,275.97046
2012-07-23 23:00:00,242.11533
2012-07-24 00:00:00,175.05176
2012-07-24 01:00:00,143.30031
2012-07-24 02:00:00,113.88824
2012-07-24 03:00:00,113.88824
2012-07-24 04:00:00,90.931984
2012-07-24 05:00:00,95.154686
2012-07-24 06:00:00,104.147644
2012-07-24 07:00:00,190.43846
2012-07-24 08:00:00,244.91293
2012-07-24 09:00:00,244.3732
2012-07-24 10:00:00,310.32272
2012-07-24 11:00:00,360.72418
2012-07-24 12:00:00,319.9193
2012-07-24 13:00:00,353.66455
2012-07-24 14:00:00,340.12027
2012-07-24 15:00:00,300.74356
2012-07-24 16:00:00,316.73474
2012-07-24 17:00:00,314.5777
2012-07-24 18:00:00,325.28766
2012-07-24 19:00:00,275.0069
2012-07-24 20:00:00,250.23123
2012-07-24 21:00:00,270.39713
2012-07-24 22:00:00,278.75128
2012-07-24 23:00:00,328.14886
2012-07-25 00:00:00,311.65112
2012-07-25 01:00:00,278.7868
2012-07-25 02:00:00,261.10843
2012-07-25 03:00:00,232.83728
2012-07-25 04:00:00,225.21066
2012-07-25 05:00:00,213.12764
2012-07-25 06:00:00,218.98535
2012-07-25 07:00:00,333.18988
2012-07-25 08:00:00,348.09027
2012-07-25 09:00:00,336.7093
2012-07-25 10:00:00,323.3848
2012-07-25 11:00:00,343.29767
2012-07-25 12:00:00,343.29767
2012-07-25 13:00:00,322.9612
2012-07-25 14:00:00,316.45343
2012-07-25 15:00:00,330.1047
2012-07-25 16:00:00,314.78156
2012-07-25 17:00:00,324.30762
2012-07-25 18:00:00,315.21347
2012-07-25 19:00:00,334.2538
2012-07-25 20:00:00,345.05777
2012-07-25 21:00:00,326.08276
2012-07-25 22:00:00,264.98843
2012-07-25 23:00:00,298.35617
2012-07-26 00:00:00,226.612
2012-07-26 01:00:00,232.83728
2012-07-26 02:00:00,222.20108
2012-07-26 03:00:00,214.29086
2012-07-26 04:00:00,179.38696
2012-07-26 05:00:00,179.38696
2012-07-26 06:00:00,172.41055
2012-07-26 07:00:00,225.28549
2012-07-26 08:00:00,227.14354
2012-07-26 09:00:00,235.51132
2012-07-26 10:00:00,253.1342
2012-07-26 11:00:00,307.23486
2012-07-26 12:00:00,301.9674
2012-07-26 13:00:00,291.05753
2012-07-26 14:00:00,273.89505
2012-07-26 15:00:00,266.44217
2012-07-26 16:00:00,270.76385
2012-07-26 17:00:00,282.49774
2012-07-26 18:00:00,268.61578
2012-07-26 19:00:00,270.71396
2012-07-26 20:00:00,289.39087
2012-07-26 21:00:00,336.0676
2012-07-26 22:00:00,336.0676
2012-07-26 23:00:00,205.98482
2012-07-27 00:00:00,150.81569
2012-07-27 01:00:00,191.8209
2012-07-27 02:00:00,141.93726
2012-07-27 03:00:00,190.43846
2012-07-27 04:00:00,98.49748
2012-07-27 05:00:00,77.62311
2012-07-27 06:00:00,98.49748
2012-07-27 07:00:00,234.86563
2012-07-27 08:00:00,213.10397
2012-07-27 09:00:00,300.92865
2012-07-27 10:00:00,274.65994
2012-07-27 11:00:00,294.942
2012-07-27 12:00:00,297.70764
2012-07-27 13:00:00,296.13174
2012-07-27 14:00:00,287.141
2012-07-27 15:00:00,285.95383
2012-07-27 16:00:00,298.23468
2012-07-27 17:00:00,282.00244
2012-07-27 18:00:00,308.29614
2012-07-27 19:00:00,307.5572
2012-07-27 20:00:00,255.96541
2012-07-27 21:00:00,255.96541
2012-07-27 22:00:00,274.33304
2012-07-27 23:00:00,168.80179
2012-07-28 00:00:00,241.49983
2012-07-28 01:00:00,175.31857
2012-07-28 02:00:00,175.75293
2012-07-28 03:00:00,175.75293
2012-07-28 04:00:00,124.35808
2012-07-28 05:00:00,104.14898
2012-07-28 06:00:00,160.23834
2012-07-28 07:00:00,178.90427
2012-07-28 08:00:00,221.32883
2012-07-28 09:00:00,276.35278
2012-07-28 10:00:00,375.26013
2012-07-28 11:00:00,424.0782
2012-07-28 12:00:00,420.63336
2012-07-28 13:00:00,433.3376
2012-07-28 14:00:00,422.5791
2012-07-28 15:00:00,428.1037
2012-07-28 16:00:00,413.43024
2012-07-28 17:00:00,400.099
2012-07-28 18:00:00,446.4355
2012-07-28 19:00:00,83.01303
2012-07-28 20:00:00,92.411514
2012-07-28 21:00:00,85.27124
2012-07-28 22:00:00,85.27124
2012-07-28 23:00:00,68.7044
2012-07-29 00:00:00,61.3468
2012-07-29 01:00:00,69.20099
2012-07-29 02:00:00,116.57596
2012-07-29 03:00:00,164.53093
2012-07-29 04:00:00,149.3086
2012-07-29 05:00:00,92.959496
2012-07-29 06:00:00,116.0378
2012-07-29 07:00:00,171.63203
2012-07-29 08:00:00,213.03519
2012-07-29 09:00:00,260.88928
2012-07-29 10:00:00,231.84836
2012-07-29 11:00:00,334.71716
2012-07-29 12:00:00,384.73694
2012-07-29 13:00:00,390.3963
2012-07-29 14:00:00,403.57758
2012-07-29 15:00:00,399.9944
2012-07-29 16:00:00,399.9944
2012-07-29 17:00:00,410.01477
2012-07-29 18:00:00,460.50354
2012-07-29 19:00:00,309.8075
2012-07-29 20:00:00,212.64952
2012-07-29 21:00:00,178.90427
2012-07-29 22:00:00,160.23834
2012-07-29 23:00:00,163.49263
2012-07-30 00:00:00,152.36847
2012-07-30 01:00:00,123.71719
2012-07-30 02:00:00,119.313934
2012-07-30 03:00:00,68.16188
2012-07-30 04:00:00,68.16188
2012-07-30 05:00:00,95.154686
2012-07-30 06:00:00,113.88824
2012-07-30 07:00:00,123.32315
2012-07-30 08:00:00,222.58841
2012-07-30 09:00:00,233.51422
2012-07-30 10:00:00,261.62277
2012-07-30 11:00:00,300.70703
2012-07-30 12:00:00,281.65814
2012-07-30 13:00:00,316.88828
2012-07-30 14:00:00,311.35254
2012-07-30 15:00:00,310.05566
2012-07-30 16:00:00,309.71735
2012-07-30 17:00:00,329.40048
2012-07-30 18:00:00,325.6682
2012-07-30 19:00:00,306.9078
2012-07-30 20:00:00,242.98834
2012-07-30 21:00:00,234.86563
2012-07-30 22:00:00,224.58443
2012-07-30 23:00:00,208.29831
2012-07-31 00:00:00,130.07086
2012-07-31 01:00:00,104.147644
2012-07-31 02:00:00,104.14764
2012-07-31 03:00:00,90.931984
2012-07-31 04:00:00,90.931984
2012-07-31 05:00:00,113.88824
2012-07-31 06:00:00,82.61936
2012-07-31 07:00:00,144.13748
2012-07-31 08:00:00,141.93724
2012-07-31 09:00:00,191.8209
2012-07-31 10:00:00,170.00526
2012-07-31 11:00:00,205.60805
2012-07-31 12:00:00,277.55127
2012-07-31 13:00:00,316.9006
2012-07-31 14:00:00,316.9006
2012-07-31 15:00:00,256.1912
2012-07-31 16:00:00,311.29138
2012-07-31 17:00:00,325.78467
2012-07-31 18:00:00,333.81512
2012-07-31 19:00:00,289.08353
2012-07-31 20:00:00,265.38544
2012-07-31 21:00:00,158.87135
2012-07-31 22:00:00,212.20465
2012-07-31 23:00:00,177.0957
2012-08-20 00:00:00,143.89723
2012-08-20 01:00:00,96.86039
2012-08-20 02:00:00,96.86039
2012-08-20 03:00:00,62.215263
2012-08-20 04:00:00,140.17644
2012-08-20 05:00:00,126.17168
2012-08-20 06:00:00,181.09665
2012-08-20 07:00:00,185.51862
2012-08-20 08:00:00,197.27756
2012-08-20 09:00:00,203.00775
2012-08-20 10:00:00,209.37772
2012-08-20 11:00:00,204.3378
2012-08-20 12:00:00,241.47145
2012-08-20 13:00:00,264.98843
2012-08-20 14:00:00,296.52814
2012-08-20 15:00:00,320.73648
2012-08-20 16:00:00,320.73648
2012-08-20 17:00:00,298.34894
2012-08-20 18:00:00,204.71796
2012-08-20 19:00:00,196.50339
2012-08-20 20:00:00,192.83598
2012-08-20 21:00:00,61.79522
2012-08-20 22:00:00,126.17168
2012-08-20 23:00:00,126.17168
2012-08-21 00:00:00,140.17644
2012-08-21 01:00:00,152.45992
2012-08-21 02:00:00,159.42729
2012-08-21 03:00:00,40.87806
2012-08-21 04:00:00,40.87806
2012-08-21 05:00:00,76.928894
2012-08-21 06:00:00,78.998184
2012-08-21 07:00:00,109.41962
2012-08-21 08:00:00,115.02838
2012-08-21 09:00:00,145.11635
2012-08-21 10:00:00,226.89062
2012-08-21 11:00:00,222.70415
2012-08-21 12:00:00,277.11032
2012-08-21 13:00:00,306.9994
2012-08-21 14:00:00,343.1627
2012-08-21 15:00:00,324.16394
2012-08-21 16:00:00,324.16394
2012-08-21 17:00:00,338.97882
2012-08-21 18:00:00,314.43576
2012-08-21 19:00:00,220.3161
2012-08-21 20:00:00,118.34601
2012-08-21 21:00:00,118.34601
2012-08-21 22:00:00,91.5968
2012-08-21 23:00:00,63.656292
2012-08-22 00:00:00,86.62384
2012-08-22 01:00:00,88.84802
2012-08-22 02:00:00,88.84802
2012-08-22 03:00:00,88.84802
2012-08-22 04:00:00,82.170975
2012-08-22 05:00:00,86.373474
2012-08-22 06:00:00,115.360756
2012-08-22 07:00:00,88.84802
2012-08-22 08:00:00,142.14336
2012-08-22 09:00:00,178.73215
2012-08-22 10:00:00,227.98291
2012-08-22 11:00:00,246.85992
2012-08-22 12:00:00,242.70547
2012-08-22 13:00:00,313.8722
2012-08-22 14:00:00,327.91992
2012-08-22 15:00:00,321.79437
2012-08-22 16:00:00,318.50967
2012-08-22 17:00:00,318.50967
2012-08-22 18:00:00,269.91833
2012-08-22 19:00:00,195.30127
2012-08-22 20:00:00,173.46516
2012-08-22 21:00:00,118.34601
2012-08-22 22:00:00,118.34601
2012-08-22 23:00:00,66.10157
2012-08-23 00:00:00,91.5968
2012-08-23 01:00:00,63.656292
2012-08-23 02:00:00,63.656284
2012-08-23 03:00:00,82.70656
2012-08-23 04:00:00,63.656292
2012-08-23 05:00:00,63.656292
2012-08-23 06:00:00,114.03529
2012-08-23 07:00:00,146.29726
2012-08-23 08:00:00,200.00829
2012-08-23 09:00:00,218.46388
2012-08-23 10:00:00,249.20294
2012-08-23 11:00:00,307.4637
2012-08-23 12:00:00,320.12167
2012-08-23 13:00:00,319.22256
2012-08-23 14:00:00,325.51288
2012-08-23 15:00:00,334.12775
2012-08-23 16:00:00,329.51813
2012-08-23 17:00:00,331.8336
2012-08-23 18:00:00,339.68872
2012-08-23 19:00:00,286.61377
2012-08-23 20:00:00,236.2747
2012-08-23 21:00:00,249.88629
2012-08-23 22:00:00,247.35349
2012-08-23 23:00:00,209.0372
2012-08-24 00:00:00,209.0372
2012-08-24 01:00:00,191.89618
2012-08-24 02:00:00,149.54604
2012-08-24 03:00:00,118.34601
2012-08-24 04:00:00,191.89618
2012-08-24 05:00:00,91.5968
2012-08-24 06:00:00,132.87628
2012-08-24 07:00:00,166.83183
2012-08-24 08:00:00,195.30127
2012-08-24 09:00:00,262.95593
2012-08-24 10:00:00,311.21677
2012-08-24 11:00:00,317.48236
2012-08-24 12:00:00,329.0045
2012-08-24 13:00:00,358.9803
2012-08-24 14:00:00,335.51385
2012-08-24 15:00:00,319.78058
2012-08-24 16:00:00,319.78058
2012-08-24 17:00:00,309.51196
2012-08-24 18:00:00,265.54327
2012-08-24 19:00:00,274.20465
2012-08-24 20:00:00,250.86801
2012-08-24 21:00:00,258.21362
2012-08-24 22:00:00,245.23676
2012-08-24 23:00:00,220.94623
2012-08-25 00:00:00,300.39957
2012-08-25 01:00:00,244.40497
2012-08-25 02:00:00,192.2697
2012-08-25 03:00:00,147.77425
2012-08-25 04:00:00,215.77731
2012-08-25 05:00:00,176.31711
2012-08-25 06:00:00,149.21527
2012-08-25 07:00:00,148.07661
2012-08-25 08:00:00,182.04456
2012-08-25 09:00:00,221.69586
2012-08-25 10:00:00,260.67023
2012-08-25 11:00:00,293.34137
2012-08-25 12:00:00,347.97025
2012-08-25 13:00:00,419.71387
2012-08-25 14:00:00,253.7458
2012-08-25 15:00:00,186.70187
2012-08-25 16:00:00,185.6279
2012-08-25 17:00:00,189.34842
2012-08-25 18:00:00,246.64874
2012-08-25 19:00:00,158.48874
2012-08-25 20:00:00,153.46924
2012-08-25 21:00:00,123.270874
2012-08-25 22:00:00,123.270874
2012-08-25 23:00:00,131.30699
2012-08-26 00:00:00,78.27657
2012-08-26 01:00:00,66.39722
2012-08-26 02:00:00,114.54016
2012-08-26 03:00:00,117.72753
2012-08-26 04:00:00,113.33742
2012-08-26 05:00:00,66.39722
2012-08-26 06:00:00,88.00486
2012-08-26 07:00:00,66.39722
2012-08-26 08:00:00,133.9527
2012-08-26 09:00:00,125.39984
2012-08-26 10:00:00,298.28314
2012-08-26 11:00:00,284.24203
2012-08-26 12:00:00,242.61502
2012-08-26 13:00:00,189.92358
2012-08-26 14:00:00,57.989265
2012-08-26 15:00:00,141.47183
2012-08-26 16:00:00,141.47183
2012-08-26 17:00:00,71.942345
2012-08-26 18:00:00,119.79529
2012-08-26 19:00:00,114.18633
2012-08-26 20:00:00,62.02809
2012-08-26 21:00:00,67.86444
2012-08-26 22:00:00,56.44661
2012-08-26 23:00:00,61.73368
2012-08-27 00:00:00,63.656292
2012-08-27 01:00:00,62.197548
2012-08-27 02:00:00,74.024155
2012-08-27 03:00:00,62.197544
2012-08-27 04:00:00,63.656292
2012-08-27 05:00:00,45.45352
2012-08-27 06:00:00,45.45352
2012-08-27 07:00:00,68.16188
2012-08-27 08:00:00,90.931984
2012-08-27 09:00:00,95.154686
2012-08-27 10:00:00,186.32516
2012-08-27 11:00:00,262.20117
2012-08-27 12:00:00,185.93625
2012-08-27 13:00:00,294.7182
2012-08-27 14:00:00,303.85828
2012-08-27 15:00:00,316.73474
2012-08-27 16:00:00,317.32327
2012-08-27 17:00:00,314.36902
2012-08-27 18:00:00,323.819
2012-08-27 19:00:00,253.1342
2012-08-27 20:00:00,244.91293
2012-08-27 21:00:00,220.39854
2012-08-27 22:00:00,139.39925
2012-08-27 23:00:00,125.3901
2012-08-28 00:00:00,165.95544
2012-08-28 01:00:00,103.07675
2012-08-28 02:00:00,154.54338
2012-08-28 03:00:00,78.32374
2012-08-28 04:00:00,104.147644
2012-08-28 05:00:00,159.00523
2012-08-28 06:00:00,126.226074
2012-08-28 07:00:00,162.83383
2012-08-28 08:00:00,151.55704
2012-08-28 09:00:00,204.3981
2012-08-28 10:00:00,292.30548
2012-08-28 11:00:00,325.77228
2012-08-28 12:00:00,309.71735
2012-08-28 13:00:00,299.14157
2012-08-28 14:00:00,295.7276
2012-08-28 15:00:00,301.06082
2012-08-28 16:00:00,305.75827
2012-08-28 17:00:00,315.36176
2012-08-28 18:00:00,318.9815
2012-08-28 19:00:00,338.3081
2012-08-28 20:00:00,305.5951
2012-08-28 21:00:00,301.63403
2012-08-28 22:00:00,222.70415
2012-08-28 23:00:00,208.89291
2012-08-29 00:00:00,149.54604
2012-08-29 01:00:00,186.73062
2012-08-29 02:00:00,152.10713
2012-08-29 03:00:00,142.7331
2012-08-29 04:00:00,166.14618
2012-08-29 05:00:00,157.18494
2012-08-29 06:00:00,157.18494
2012-08-29 07:00:00,198.82935
2012-08-29 08:00:00,239.73553
2012-08-29 09:00:00,313.01404
2012-08-29 10:00:00,321.46594
2012-08-29 11:00:00,277.11032
2012-08-29 12:00:00,308.08374
2012-08-29 13:00:00,295.66333
2012-08-29 14:00:00,341.76053
2012-08-29 15:00:00,330.5924
2012-08-29 16:00:00,338.38092
2012-08-29 17:00:00,322.19043
2012-08-29 18:00:00,342.59796
2012-08-29 19:00:00,299.75906
2012-08-29 20:00:00,208.89291
2012-08-29 21:00:00,263.44104
2012-08-29 22:00:00,224.11932
2012-08-29 23:00:00,210.52719
2012-08-30 00:00:00,145.11635
2012-08-30 01:00:00,175.30269
2012-08-30 02:00:00,115.360756
2012-08-30 03:00:00,115.360756
2012-08-30 04:00:00,115.360756
2012-08-30 05:00:00,115.360756
2012-08-30 06:00:00,96.86039
2012-08-30 07:00:00,118.34601
2012-08-30 08:00:00,178.24313
2012-08-30 09:00:00,203.3999
2012-08-30 10:00:00,223.7011
2012-08-30 11:00:00,341.76053
2012-08-30 12:00:00,335.01633
2012-08-30 13:00:00,313.8722
2012-08-30 14:00:00,321.79437
2012-08-30 15:00:00,319.837
2012-08-30 16:00:00,318.13565
2012-08-30 17:00:00,303.00955
2012-08-30 18:00:00,321.23682
2012-08-30 19:00:00,321.79437
2012-08-30 20:00:00,284.6923
2012-08-30 21:00:00,226.04623
2012-08-30 22:00:00,150.3049
2012-08-30 23:00:00,160.13838
2012-08-31 00:00:00,120.127426
2012-08-31 01:00:00,120.127426
2012-08-31 02:00:00,78.32374
2012-08-31 03:00:00,70.15007
2012-08-31 04:00:00,74.108154
2012-08-31 05:00:00,82.61936
2012-08-31 06:00:00,133.56442
2012-08-31 07:00:00,119.12336
2012-08-31 08:00:00,209.65384
2012-08-31 09:00:00,151.1596
2012-08-31 10:00:00,230.03033
2012-08-31 11:00:00,290.45483
2012-08-31 12:00:00,289.13788
2012-08-31 13:00:00,287.2229
2012-08-31 14:00:00,277.66342
2012-08-31 15:00:00,275.90662
2012-08-31 16:00:00,273.8412
2012-08-31 17:00:00,286.55518
2012-08-31 18:00:00,288.64532
2012-08-31 19:00:00,318.3921
2012-08-31 20:00:00,318.3921
2012-08-31 21:00:00,300.634
2012-08-31 22:00:00,300.634
2012-08-31 23:00:00,235.4625
2012-09-20 00:00:00,154.0093
2012-09-20 01:00:00,106.01449
2012-09-20 02:00:00,104.327354
2012-09-20 03:00:00,69.08081
2012-09-20 04:00:00,80.53096
2012-09-20 05:00:00,80.53096
2012-09-20 06:00:00,69.08081
2012-09-20 07:00:00,67.68724
2012-09-20 08:00:00,134.50247
2012-09-20 09:00:00,203.71002
2012-09-20 10:00:00,236.17014
2012-09-20 11:00:00,284.20148
2012-09-20 12:00:00,317.0167
2012-09-20 13:00:00,315.1793
2012-09-20 14:00:00,313.7696
2012-09-20 15:00:00,319.47208
2012-09-20 16:00:00,307.63773
2012-09-20 17:00:00,304.6371
2012-09-20 18:00:00,268.29282
2012-09-20 19:00:00,225.55898
2012-09-20 20:00:00,189.24796
2012-09-20 21:00:00,194.79724
2012-09-20 22:00:00,119.766426
2012-09-20 23:00:00,150.43437
2012-09-21 00:00:00,132.29861
2012-09-21 01:00:00,108.38651
2012-09-21 02:00:00,108.38651
2012-09-21 03:00:00,91.96386
2012-09-21 04:00:00,80.265594
2012-09-21 05:00:00,58.114395
2012-09-21 06:00:00,91.96386
2012-09-21 07:00:00,82.568184
2012-09-21 08:00:00,123.7501
2012-09-21 09:00:00,171.46112
2012-09-21 10:00:00,239.16281
2012-09-21 11:00:00,273.59552
2012-09-21 12:00:00,268.9702
2012-09-21 13:00:00,291.29358
2012-09-21 14:00:00,322.29474
2012-09-21 15:00:00,306.33435
2012-09-21 16:00:00,299.7591
2012-09-21 17:00:00,295.10962
2012-09-21 18:00:00,259.09528
2012-09-21 19:00:00,231.41508
2012-09-21 20:00:00,194.29306
2012-09-21 21:00:00,175.47125
2012-09-21 22:00:00,157.18494
2012-09-21 23:00:00,201.45074
2012-09-22 00:00:00,133.79541
2012-09-22 01:00:00,95.20117
2012-09-22 02:00:00,69.773384
2012-09-22 03:00:00,87.70914
2012-09-22 04:00:00,87.70914
2012-09-22 05:00:00,99.76575
2012-09-22 06:00:00,91.40315
2012-09-22 07:00:00,98.08357
2012-09-22 08:00:00,138.1174
2012-09-22 09:00:00,161.28809
2012-09-22 10:00:00,222.37729
2012-09-22 11:00:00,288.13226
2012-09-22 12:00:00,351.9532
2012-09-22 13:00:00,419.8199
2012-09-22 14:00:00,423.11285
2012-09-22 15:00:00,459.00128
2012-09-22 16:00:00,407.16827
2012-09-22 17:00:00,407.16827
2012-09-22 18:00:00,345.58295
2012-09-22 19:00:00,264.14444
2012-09-22 20:00:00,320.80386
2012-09-22 21:00:00,260.2941
2012-09-22 22:00:00,243.4671
2012-09-22 23:00:00,312.77454
2012-09-23 00:00:00,482.57513
2012-09-23 01:00:00,342.3839
2012-09-23 02:00:00,383.2754
2012-09-23 03:00:00,271.41956
2012-09-23 04:00:00,263.41034
2012-09-23 05:00:00,233.7005
2012-09-23 06:00:00,197.6105
2012-09-23 07:00:00,236.92888
2012-09-23 08:00:00,266.21625
2012-09-23 09:00:00,310.4364
2012-09-23 10:00:00,427.3766
2012-09-23 11:00:00,443.0004
2012-09-23 12:00:00,499.37415
2012-09-23 13:00:00,503.31555
2012-09-23 14:00:00,494.35895
2012-09-23 15:00:00,464.73645
2012-09-23 16:00:00,435.46967
2012-09-23 17:00:00,427.21313
2012-09-23 18:00:00,461.95718
2012-09-23 19:00:00,446.78033
2012-09-23 20:00:00,446.78033
2012-09-23 21:00:00,403.99847
2012-09-23 22:00:00,435.53546
2012-09-23 23:00:00,308.11755
2012-09-24 00:00:00,233.38954
2012-09-24 01:00:00,232.02281
2012-09-24 02:00:00,263.84723
2012-09-24 03:00:00,238.69885
2012-09-24 04:00:00,221.38766
2012-09-24 05:00:00,260.18216
2012-09-24 06:00:00,271.5975
2012-09-24 07:00:00,232.02281
2012-09-24 08:00:00,265.54257
2012-09-24 09:00:00,279.25793
2012-09-24 10:00:00,292.5223
2012-09-24 11:00:00,332.577
2012-09-24 12:00:00,333.5199
2012-09-24 13:00:00,305.65277
2012-09-24 14:00:00,360.05624
2012-09-24 15:00:00,357.7489
2012-09-24 16:00:00,327.52905
2012-09-24 17:00:00,348.15158
2012-09-24 18:00:00,327.254
2012-09-24 19:00:00,317.43384
2012-09-24 20:00:00,295.0912
2012-09-24 21:00:00,283.4327
2012-09-24 22:00:00,269.41144
2012-09-24 23:00:00,243.93347
2012-09-25 00:00:00,228.60046
2012-09-25 01:00:00,191.47
2012-09-25 02:00:00,153.7359
2012-09-25 03:00:00,185.92146
2012-09-25 04:00:00,185.92207
2012-09-25 05:00:00,152.46063
2012-09-25 06:00:00,166.81335
2012-09-25 07:00:00,166.32274
2012-09-25 08:00:00,231.89278
2012-09-25 09:00:00,272.35425
2012-09-25 10:00:00,288.21542
2012-09-25 11:00:00,333.55878
2012-09-25 12:00:00,337.27042
2012-09-25 13:00:00,343.25415
2012-09-25 14:00:00,317.00537
2012-09-25 15:00:00,309.82593
2012-09-25 16:00:00,320.15363
2012-09-25 17:00:00,323.0806
2012-09-25 18:00:00,345.08554
2012-09-25 19:00:00,332.99692
2012-09-25 20:00:00,309.75104
2012-09-25 21:00:00,309.75104
2012-09-25 22:00:00,310.67017
2012-09-25 23:00:00,307.7362
2012-09-26 00:00:00,266.28333
2012-09-26 01:00:00,263.47015
2012-09-26 02:00:00,285.7993
2012-09-26 03:00:00,285.7993
2012-09-26 04:00:00,241.73936
2012-09-26 05:00:00,245.94514
2012-09-26 06:00:00,238.89854
2012-09-26 07:00:00,220.03894
2012-09-26 08:00:00,234.62589
2012-09-26 09:00:00,297.30795
2012-09-26 10:00:00,258.82672
2012-09-26 11:00:00,313.18417
2012-09-26 12:00:00,332.06134
2012-09-26 13:00:00,344.49902
2012-09-26 14:00:00,336.0647
2012-09-26 15:00:00,331.48907
2012-09-26 16:00:00,325.81805
2012-09-26 17:00:00,331.48907
2012-09-26 18:00:00,354.39807
2012-09-26 19:00:00,349.57834
2012-09-26 20:00:00,307.82007
2012-09-26 21:00:00,316.20953
2012-09-26 22:00:00,333.2686
2012-09-26 23:00:00,281.00763
2012-09-27 00:00:00,232.81924
2012-09-27 01:00:00,232.81924
2012-09-27 02:00:00,232.81921
2012-09-27 03:00:00,217.26543
2012-09-27 04:00:00,116.70212
2012-09-27 05:00:00,165.56119
2012-09-27 06:00:00,142.9613
2012-09-27 07:00:00,217.26546
2012-09-27 08:00:00,298.70178
2012-09-27 09:00:00,325.01346
2012-09-27 10:00:00,360.05368
2012-09-27 11:00:00,377.90872
2012-09-27 12:00:00,390.68054
2012-09-27 13:00:00,403.21167
2012-09-27 14:00:00,407.5362
2012-09-27 15:00:00,416.42587
2012-09-27 16:00:00,356.25696
2012-09-27 17:00:00,312.82654
2012-09-27 18:00:00,317.81815
2012-09-27 19:00:00,326.91718
2012-09-27 20:00:00,307.63397
2012-09-27 21:00:00,266.7214
2012-09-27 22:00:00,266.7214
2012-09-27 23:00:00,248.35843
2012-09-28 00:00:00,190.07101
2012-09-28 01:00:00,177.81168
2012-09-28 02:00:00,211.38164
2012-09-28 03:00:00,226.22267
2012-09-28 04:00:00,160.81813
2012-09-28 05:00:00,127.58205
2012-09-28 06:00:00,135.37994
2012-09-28 07:00:00,117.03409
2012-09-28 08:00:00,192.29822
2012-09-28 09:00:00,222.84274
2012-09-28 10:00:00,271.26175
2012-09-28 11:00:00,310.4143
2012-09-28 12:00:00,358.0736
2012-09-28 13:00:00,362.6316
2012-09-28 14:00:00,358.0736
2012-09-28 15:00:00,345.86475
2012-09-28 16:00:00,347.38458
2012-09-28 17:00:00,331.94696
2012-09-28 18:00:00,339.7185
2012-09-28 19:00:00,362.6204
2012-09-28 20:00:00,367.91333
2012-09-28 21:00:00,362.84964
2012-09-28 22:00:00,301.50858
2012-09-28 23:00:00,296.2223
2012-09-29 00:00:00,307.42422
2012-09-29 01:00:00,307.42422
2012-09-29 02:00:00,328.29193
2012-09-29 03:00:00,301.4863
2012-09-29 04:00:00,289.49347
2012-09-29 05:00:00,251.55368
2012-09-29 06:00:00,243.9986
2012-09-29 07:00:00,200.6893
2012-09-29 08:00:00,211.19638
2012-09-29 09:00:00,251.55368
2012-09-29 10:00:00,331.8529
2012-09-29 11:00:00,387.50336
2012-09-29 12:00:00,482.41486
2012-09-29 13:00:00,482.41486
2012-09-29 14:00:00,485.59058
2012-09-29 15:00:00,497.8706
2012-09-29 16:00:00,495.2904
2012-09-29 17:00:00,443.64313
2012-09-29 18:00:00,458.7608
2012-09-29 19:00:00,342.24036
2012-09-29 20:00:00,334.41028
2012-09-29 21:00:00,351.12592
2012-09-29 22:00:00,268.96933
2012-09-29 23:00:00,300.9798
2012-09-30 00:00:00,327.43536
2012-09-30 01:00:00,327.43536
2012-09-30 02:00:00,283.23642
2012-09-30 03:00:00,220.0355
2012-09-30 04:00:00,220.0355
2012-09-30 05:00:00,201.07584
2012-09-30 06:00:00,180.41875
2012-09-30 07:00:00,174.66934
2012-09-30 08:00:00,229.51654
2012-09-30 09:00:00,283.71707
2012-09-30 10:00:00,488.818
2012-09-30 11:00:00,506.6768
2012-09-30 12:00:00,482.41486
2012-09-30 13:00:00,495.2904
2012-09-30 14:00:00,495.2904
2012-09-30 15:00:00,479.67758
2012-09-30 16:00:00,488.28433
2012-09-30 17:00:00,461.46075
2012-09-30 18:00:00,270.48618
2012-09-30 19:00:00,237.79037
2012-09-30 20:00:00,237.79037
2012-09-30 21:00:00,261.98376
2012-09-30 22:00:00,226.52963
2012-09-30 23:00:00,205.4678
2012-10-20 00:00:00,144.30788
2012-10-20 01:00:00,182.10484
2012-10-20 02:00:00,153.74805
2012-10-20 03:00:00,139.05698
2012-10-20 04:00:00,201.07584
2012-10-20 05:00:00,134.60263
2012-10-20 06:00:00,193.30466
2012-10-20 07:00:00,134.60263
2012-10-20 08:00:00,207.1666
2012-10-20 09:00:00,291.34445
2012-10-20 10:00:00,379.6634
2012-10-20 11:00:00,380.5364
2012-10-20 12:00:00,483.49475
2012-10-20 13:00:00,484.93854
2012-10-20 14:00:00,512.15326
2012-10-20 15:00:00,497.2483
2012-10-20 16:00:00,438.2937
2012-10-20 17:00:00,451.03607
2012-10-20 18:00:00,447.29163
2012-10-20 19:00:00,414.30762
2012-10-20 20:00:00,428.42493
2012-10-20 21:00:00,328.3346
2012-10-20 22:00:00,295.4921
2012-10-20 23:00:00,270.05298
2012-10-21 00:00:00,261.21252
2012-10-21 01:00:00,207.4603
2012-10-21 02:00:00,176.2253
2012-10-21 03:00:00,160.75189
2012-10-21 04:00:00,108.92706
2012-10-21 05:00:00,160.75189
2012-10-21 06:00:00,230.73273
2012-10-21 07:00:00,230.73273
2012-10-21 08:00:00,216.35123
2012-10-21 09:00:00,273.36444
2012-10-21 10:00:00,346.4048
2012-10-21 11:00:00,394.61224
2012-10-21 12:00:00,419.18738
2012-10-21 13:00:00,449.84637
2012-10-21 14:00:00,464.0823
2012-10-21 15:00:00,416.29077
2012-10-21 16:00:00,451.03607
2012-10-21 17:00:00,436.39496
2012-10-21 18:00:00,455.03943
2012-10-21 19:00:00,424.749
2012-10-21 20:00:00,383.89697
2012-10-21 21:00:00,242.42
2012-10-21 22:00:00,294.262
2012-10-21 23:00:00,315.77197
2012-10-22 00:00:00,230.19257
2012-10-22 01:00:00,174.77774
2012-10-22 02:00:00,163.259
2012-10-22 03:00:00,230.19257
2012-10-22 04:00:00,192.76404
2012-10-22 05:00:00,140.1455
2012-10-22 06:00:00,131.2953
2012-10-22 07:00:00,192.39748
2012-10-22 08:00:00,222.54266
2012-10-22 09:00:00,250.74146
2012-10-22 10:00:00,298.53973
2012-10-22 11:00:00,332.104
2012-10-22 12:00:00,344.30518
2012-10-22 13:00:00,324.83368
2012-10-22 14:00:00,315.17584
2012-10-22 15:00:00,323.93103
2012-10-22 16:00:00,336.9325
2012-10-22 17:00:00,353.95764
2012-10-22 18:00:00,280.54446
2012-10-22 19:00:00,295.0912
2012-10-22 20:00:00,273.67328
2012-10-22 21:00:00,245.78522
2012-10-22 22:00:00,149.54327
2012-10-22 23:00:00,148.87845
2012-10-23 00:00:00,129.02505
2012-10-23 01:00:00,176.37874
2012-10-23 02:00:00,120.30934
2012-10-23 03:00:00,164.61952
2012-10-23 04:00:00,152.88571
2012-10-23 05:00:00,163.40433
2012-10-23 06:00:00,126.08397
2012-10-23 07:00:00,213.61874
2012-10-23 08:00:00,247.9785
2012-10-23 09:00:00,267.09296
2012-10-23 10:00:00,305.58386
2012-10-23 11:00:00,339.63245
2012-10-23 12:00:00,355.40115
2012-10-23 13:00:00,373.83908
2012-10-23 14:00:00,357.32315
2012-10-23 15:00:00,339.35538
2012-10-23 16:00:00,357.7268
2012-10-23 17:00:00,363.24872
2012-10-23 18:00:00,335.56235
2012-10-23 19:00:00,332.07068
2012-10-23 20:00:00,292.02762
2012-10-23 21:00:00,284.38504
2012-10-23 22:00:00,279.58533
2012-10-23 23:00:00,243.987
2012-10-24 00:00:00,244.17929
2012-10-24 01:00:00,275.15076
2012-10-24 02:00:00,275.15076
2012-10-24 03:00:00,196.58365
2012-10-24 04:00:00,196.58365
2012-10-24 05:00:00,143.37671
2012-10-24 06:00:00,156.39642
2012-10-24 07:00:00,125.91538
2012-10-24 08:00:00,197.73923
2012-10-24 09:00:00,234.15909
2012-10-24 10:00:00,244.2449
2012-10-24 11:00:00,315.39023
2012-10-24 12:00:00,327.3324
2012-10-24 13:00:00,351.01764
2012-10-24 14:00:00,293.7733
2012-10-24 15:00:00,366.97733
2012-10-24 16:00:00,332.70773
2012-10-24 17:00:00,355.20312
2012-10-24 18:00:00,356.9911
2012-10-24 19:00:00,349.64194
2012-10-24 20:00:00,330.653
2012-10-24 21:00:00,328.6626
2012-10-24 22:00:00,315.02216
2012-10-24 23:00:00,297.15463
2012-10-25 00:00:00,318.90048
2012-10-25 01:00:00,293.62546
2012-10-25 02:00:00,197.0918
2012-10-25 03:00:00,176.90405
2012-10-25 04:00:00,166.87602
2012-10-25 05:00:00,186.34157
2012-10-25 06:00:00,195.74963
2012-10-25 07:00:00,195.74963
2012-10-25 08:00:00,216.3219
2012-10-25 09:00:00,226.28937
2012-10-25 10:00:00,211.75507
2012-10-25 11:00:00,202.5649
2012-10-25 12:00:00,241.8056
2012-10-25 13:00:00,214.42628
2012-10-25 14:00:00,281.4301
2012-10-25 15:00:00,312.191
2012-10-25 16:00:00,289.0977
2012-10-25 17:00:00,289.0977
2012-10-25 18:00:00,179.99123
2012-10-25 19:00:00,188.86551
2012-10-25 20:00:00,176.90405
2012-10-25 21:00:00,176.90405
2012-10-25 22:00:00,197.99893
2012-10-25 23:00:00,211.75504
2012-10-26 00:00:00,216.06546
2012-10-26 01:00:00,161.34763
2012-10-26 02:00:00,166.87602
2012-10-26 03:00:00,186.34157
2012-10-26 04:00:00,186.34157
2012-10-26 05:00:00,166.87602
2012-10-26 06:00:00,161.34763
2012-10-26 07:00:00,166.87602
2012-10-26 08:00:00,181.5223
2012-10-26 09:00:00,181.5223
2012-10-26 10:00:00,172.12392
2012-10-26 11:00:00,258.15216
2012-10-26 12:00:00,284.38742
2012-10-26 13:00:00,295.17303
2012-10-26 14:00:00,315.02216
2012-10-26 15:00:00,328.6626
2012-10-26 16:00:00,286.2112
2012-10-26 17:00:00,276.31534
2012-10-26 18:00:00,249.63698
2012-10-26 19:00:00,220.97604
2012-10-26 20:00:00,220.97604
2012-10-26 21:00:00,251.40683
2012-10-26 22:00:00,207.00641
2012-10-26 23:00:00,177.83673
2012-10-27 00:00:00,139.91545
2012-10-27 01:00:00,197.04462
2012-10-27 02:00:00,194.60512
2012-10-27 03:00:00,140.26901
2012-10-27 04:00:00,195.13956
2012-10-27 05:00:00,215.85995
2012-10-27 06:00:00,215.85995
2012-10-27 07:00:00,144.44698
2012-10-27 08:00:00,163.83319
2012-10-27 09:00:00,163.83319
2012-10-27 10:00:00,216.26096
2012-10-27 11:00:00,290.0277
2012-10-27 12:00:00,469.4245
2012-10-27 13:00:00,497.8706
2012-10-27 14:00:00,504.87085
2012-10-27 15:00:00,315.58798
2012-10-27 16:00:00,295.7818
2012-10-27 17:00:00,295.7818
2012-10-27 18:00:00,295.7818
2012-10-27 19:00:00,246.75055
2012-10-27 20:00:00,246.75055
2012-10-27 21:00:00,246.75055
2012-10-27 22:00:00,242.11392
2012-10-27 23:00:00,250.15369
2012-10-28 00:00:00,230.6308
2012-10-28 01:00:00,226.52185
2012-10-28 02:00:00,239.68462
2012-10-28 03:00:00,257.7853
2012-10-28 04:00:00,256.80206
2012-10-28 05:00:00,258.84128
2012-10-28 06:00:00,274.4749
2012-10-28 07:00:00,275.48364
2012-10-28 08:00:00,288.42773
2012-10-28 09:00:00,295.02563
2012-10-28 10:00:00,301.60492
2012-10-28 11:00:00,315.3754
2012-10-28 12:00:00,267.90543
2012-10-28 13:00:00,260.13306
2012-10-28 14:00:00,276.30902
2012-10-28 15:00:00,262.90155
2012-10-28 16:00:00,199.33763
2012-10-28 17:00:00,169.20477
2012-10-28 18:00:00,138.59036
2012-10-28 19:00:00,148.31195
2012-10-28 20:00:00,140.05347
2012-10-28 21:00:00,153.71674
2012-10-28 22:00:00,159.00677
2012-10-28 23:00:00,148.31195
2012-10-29 00:00:00,118.316246
2012-10-30 13:00:00,74.85653
2012-10-30 14:00:00,74.85653
2012-10-30 15:00:00,71.76794
2012-10-30 16:00:00,71.76794
2012-10-30 17:00:00,72.647
2012-10-30 18:00:00,79.62057
2012-10-30 19:00:00,265.4472
2012-10-30 20:00:00,135.93764
2012-10-30 21:00:00,126.40741
2012-10-30 22:00:00,99.82648
2012-10-30 23:00:00,99.82648
2012-10-31 00:00:00,138.81747
2012-10-31 01:00:00,139.26233
2012-10-31 02:00:00,136.67963
2012-10-31 03:00:00,138.81747
2012-10-31 04:00:00,122.14236
2012-10-31 05:00:00,136.67963
2012-10-31 06:00:00,100.0844
2012-10-31 07:00:00,127.04964
2012-10-31 08:00:00,105.57492
2012-10-31 09:00:00,125.55167
2012-10-31 10:00:00,157.08118
2012-10-31 11:00:00,208.48564
2012-10-31 12:00:00,221.1663
2012-10-31 13:00:00,240.16092
2012-10-31 14:00:00,246.39464
2012-10-31 15:00:00,240.76999
2012-10-31 16:00:00,244.04779
2012-10-31 17:00:00,243.61261
2012-10-31 18:00:00,243.61261
2012-10-31 19:00:00,243.25256
2012-10-31 20:00:00,243.25256
2012-10-31 21:00:00,243.25256
2012-10-31 22:00:00,212.41788
2012-10-31 23:00:00,219.036
2012-11-20 00:00:00,142.05841
2012-11-20 01:00:00,169.01364
2012-11-20 02:00:00,154.18344
2012-11-20 03:00:00,181.26172
2012-11-20 04:00:00,197.53702
2012-11-20 05:00:00,197.23349
2012-11-20 06:00:00,178.30148
2012-11-20 07:00:00,119.00366
2012-11-20 08:00:00,143.82208
2012-11-20 09:00:00,196.91252
2012-11-20 10:00:00,237.27325
2012-11-20 11:00:00,244.75226
2012-11-20 12:00:00,246.6304
2012-11-20 13:00:00,275.2628
2012-11-20 14:00:00,263.86423
2012-11-20 15:00:00,273.30057
2012-11-20 16:00:00,254.3359
2012-11-20 17:00:00,216.71834
2012-11-20 18:00:00,237.27325
2012-11-20 19:00:00,218.01328
2012-11-20 20:00:00,178.54321
2012-11-20 21:00:00,152.2888
2012-11-20 22:00:00,152.2888
2012-11-20 23:00:00,104.74774
2012-11-21 00:00:00,112.113846
2012-11-21 01:00:00,104.74774
2012-11-21 02:00:00,98.697716
2012-11-21 03:00:00,98.697716
2012-11-21 04:00:00,98.697716
2012-11-21 05:00:00,98.697716
2012-11-21 06:00:00,99.868256
2012-11-21 07:00:00,98.77801
2012-11-21 08:00:00,133.53185
2012-11-21 09:00:00,119.00368
2012-11-21 10:00:00,205.8396
2012-11-21 11:00:00,236.74335
2012-11-21 12:00:00,272.4406
2012-11-21 13:00:00,288.20868
2012-11-21 14:00:00,303.8658
2012-11-21 15:00:00,303.7775
2012-11-21 16:00:00,298.58368
2012-11-21 17:00:00,262.04425
2012-11-21 18:00:00,281.48822
2012-11-21 19:00:00,244.98792
2012-11-21 20:00:00,198.1152
2012-11-21 21:00:00,247.10313
2012-11-21 22:00:00,240.91716
2012-11-21 23:00:00,188.29794
2012-11-22 00:00:00,98.85925
2012-11-22 01:00:00,79.70002
2012-11-22 02:00:00,35.847195
2012-11-22 03:00:00,34.08278
2012-11-22 04:00:00,19.580061
2012-11-22 05:00:00,34.08278
2012-11-22 06:00:00,57.177795
2012-11-22 07:00:00,25.274912
2012-11-22 08:00:00,29.12695
2012-11-22 09:00:00,114.98395
2012-11-22 10:00:00,177.1789
2012-11-22 11:00:00,289.06628
2012-11-22 12:00:00,320.37418
2012-11-22 13:00:00,328.11865
2012-11-22 14:00:00,339.86716
2012-11-22 15:00:00,339.86716
2012-11-22 16:00:00,330.6611
2012-11-22 17:00:00,320.37418
2012-11-22 18:00:00,283.8424
2012-11-22 19:00:00,100.66882
2012-11-22 20:00:00,112.55274
2012-11-22 21:00:00,138.9359
2012-11-22 22:00:00,151.65112
2012-11-22 23:00:00,93.39705
2012-11-23 00:00:00,146.73312
2012-11-23 01:00:00,98.10945
2012-11-23 02:00:00,105.23024
2012-11-23 03:00:00,120.710846
2012-11-23 04:00:00,99.816475
2012-11-23 05:00:00,100.905396
2012-11-23 06:00:00,100.905396
2012-11-23 07:00:00,100.905396
2012-11-23 08:00:00,97.43677
2012-11-23 09:00:00,110.283295
2012-11-23 10:00:00,190.73303
2012-11-23 11:00:00,236.74335
2012-11-23 12:00:00,278.59592
2012-11-23 13:00:00,285.54376
2012-11-23 14:00:00,309.45654
2012-11-23 15:00:00,286.58972
2012-11-23 16:00:00,289.6746
2012-11-23 17:00:00,293.00092
2012-11-23 18:00:00,293.0355
2012-11-23 19:00:00,270.64117
2012-11-23 20:00:00,294.04144
2012-11-23 21:00:00,261.32166
2012-11-23 22:00:00,271.10205
2012-11-23 23:00:00,267.8775
2012-11-24 00:00:00,301.2477
2012-11-24 01:00:00,194.09573
2012-11-24 02:00:00,162.6213
2012-11-24 03:00:00,168.08578
2012-11-24 04:00:00,126.71538
2012-11-24 05:00:00,148.62352
2012-11-24 06:00:00,117.2652
2012-11-24 07:00:00,179.01689
2012-11-24 08:00:00,156.4671
2012-11-24 09:00:00,168.35461
2012-11-24 10:00:00,167.87468
2012-11-24 11:00:00,193.07721
2012-11-24 12:00:00,217.94534
2012-11-24 13:00:00,234.70932
2012-11-24 14:00:00,220.91714
2012-11-24 15:00:00,192.54776
2012-11-24 16:00:00,164.17125
2012-11-24 17:00:00,140.44377
2012-11-24 18:00:00,155.12411
2012-11-24 19:00:00,155.84346
2012-11-24 20:00:00,117.26517
2012-11-24 21:00:00,125.20135
2012-11-24 22:00:00,122.16945
2012-11-24 23:00:00,125.20135
2012-11-25 00:00:00,92.491974
2012-11-25 01:00:00,115.93213
2012-11-25 02:00:00,95.55149
2012-11-25 03:00:00,184.00876
2012-11-25 04:00:00,184.00876
2012-11-25 05:00:00,149.90576
2012-11-25 06:00:00,164.78094
2012-11-25 07:00:00,149.59013
2012-11-25 08:00:00,136.21678
2012-11-25 09:00:00,148.49179
2012-11-25 10:00:00,101.16067
2012-11-25 11:00:00,189.5098
2012-11-25 12:00:00,189.5098
2012-11-25 13:00:00,195.78687
2012-11-25 14:00:00,207.63461
2012-11-25 15:00:00,186.63449
2012-11-25 16:00:00,211.02873
2012-11-25 17:00:00,187.57776
2012-11-25 18:00:00,150.01205
2012-11-25 19:00:00,228.09033
2012-11-25 20:00:00,113.470535
2012-11-25 21:00:00,190.7171
2012-11-25 22:00:00,113.470535
2012-11-25 23:00:00,57.88357
2012-11-26 00:00:00,113.92764
2012-11-26 01:00:00,109.04947
2012-11-26 02:00:00,109.04947
2012-11-26 03:00:00,109.04947
2012-11-26 04:00:00,113.92764
2012-11-26 05:00:00,113.4591
2012-11-26 06:00:00,113.92764
2012-11-26 07:00:00,132.67671
2012-11-26 08:00:00,132.67671
2012-11-26 09:00:00,190.00621
2012-11-26 10:00:00,233.22375
2012-11-26 11:00:00,264.18283
2012-11-26 12:00:00,288.18726
2012-11-26 13:00:00,288.18726
2012-11-26 14:00:00,305.6073
2012-11-26 15:00:00,290.30014
2012-11-26 16:00:00,316.60645
2012-11-26 17:00:00,309.93024
2012-11-26 18:00:00,222.9718
2012-11-26 19:00:00,231.8964
2012-11-26 20:00:00,240.91716
2012-11-26 21:00:00,240.91716
2012-11-26 22:00:00,188.29791
2012-11-26 23:00:00,189.05884
2012-11-27 00:00:00,188.91954
2012-11-27 01:00:00,173.91472
2012-11-27 02:00:00,171.25874
2012-11-27 03:00:00,107.501526
2012-11-27 04:00:00,79.36446
2012-11-27 05:00:00,136.405
2012-11-27 06:00:00,136.97336
2012-11-27 07:00:00,83.77484
2012-11-27 08:00:00,85.93495
2012-11-27 09:00:00,144.85016
2012-11-27 10:00:00,84.61153
2012-11-27 11:00:00,69.52046
2012-11-27 12:00:00,64.27759
2012-11-27 13:00:00,65.956184
2012-11-27 14:00:00,63.83854
2012-11-27 15:00:00,148.26776
2012-11-27 16:00:00,148.26776
2012-11-27 17:00:00,142.68332
2012-11-27 18:00:00,91.99163
2012-11-27 19:00:00,117.9621
2012-11-27 20:00:00,110.26963
2012-11-27 21:00:00,86.79611
2012-11-27 22:00:00,89.958145
2012-11-27 23:00:00,113.97481
2012-11-28 00:00:00,130.83514
2012-11-28 01:00:00,134.4953
2012-11-28 02:00:00,134.4953
2012-11-28 03:00:00,145.76135
2012-11-28 04:00:00,144.47694
2012-11-28 05:00:00,144.30772
2012-11-28 06:00:00,157.66043
2012-11-28 07:00:00,185.9583
2012-11-28 08:00:00,143.42265
2012-11-28 09:00:00,185.19296
2012-11-28 10:00:00,211.89796
2012-11-28 11:00:00,219.67896
2012-11-28 12:00:00,205.06104
2012-11-28 13:00:00,229.68964
2012-11-28 14:00:00,232.35187
2012-11-28 15:00:00,250.05246
2012-11-28 16:00:00,262.3729
2012-11-28 17:00:00,261.2877
2012-11-28 18:00:00,230.43338
2012-11-28 19:00:00,239.30246
2012-11-28 20:00:00,244.85431
2012-11-28 21:00:00,225.84375
2012-11-28 22:00:00,204.01276
2012-11-28 23:00:00,194.18301
2012-11-29 00:00:00,172.63617
2012-11-29 01:00:00,130.17563
2012-11-29 02:00:00,130.31256
2012-11-29 04:00:00,93.66235
2012-11-29 05:00:00,109.04947
2012-11-29 06:00:00,113.92764
2012-11-29 07:00:00,124.809235
2012-11-29 08:00:00,106.38471
2012-11-29 09:00:00,154.08725
2012-11-29 10:00:00,147.09177
2012-11-29 11:00:00,245.46768
2012-11-29 12:00:00,244.44
2012-11-29 13:00:00,276.22852
2012-11-29 14:00:00,230.99667
2012-11-29 15:00:00,224.09259
2012-11-29 16:00:00,237.52469
2012-11-29 17:00:00,236.2176
2012-11-29 18:00:00,210.97491
2012-11-29 19:00:00,192.23886
2012-11-29 20:00:00,197.31549
2012-11-29 21:00:00,139.53067
2012-11-29 22:00:00,120.75432
2012-11-29 23:00:00,167.29091
2012-11-30 00:00:00,121.85403
2012-11-30 01:00:00,113.99753
2012-11-30 02:00:00,103.10233
2012-11-30 03:00:00,103.10233
2012-11-30 04:00:00,100.04219
2012-11-30 05:00:00,98.18821
2012-11-30 06:00:00,99.42471
2012-11-30 07:00:00,99.34243
2012-11-30 08:00:00,118.22001
2012-11-30 09:00:00,99.95572
2012-11-30 10:00:00,185.7216
2012-11-30 11:00:00,230.96396
2012-11-30 12:00:00,260.328
2012-11-30 13:00:00,253.71686
2012-11-30 14:00:00,261.71857
2012-11-30 15:00:00,270.15668
2012-11-30 16:00:00,259.02167
2012-11-30 17:00:00,219.21548
2012-11-30 18:00:00,224.21637
2012-11-30 19:00:00,158.69736
2012-11-30 20:00:00,158.69736
2012-11-30 21:00:00,116.44377
2012-11-30 22:00:00,116.21596
2012-11-30 23:00:00,148.6208
2012-12-20 00:00:00,187.6519
2012-12-20 01:00:00,158.69736
2012-12-20 02:00:00,158.69736
2012-12-20 03:00:00,163.0031
2012-12-20 04:00:00,163.0031
2012-12-20 05:00:00,162.92554
2012-12-20 06:00:00,185.7216
2012-12-20 07:00:00,167.26706
2012-12-20 08:00:00,167.26706
2012-12-20 09:00:00,167.26706
2012-12-20 10:00:00,190.17894
2012-12-20 11:00:00,210.2233
2012-12-20 12:00:00,229.33603
2012-12-20 13:00:00,222.93724
2012-12-20 14:00:00,225.29948
2012-12-20 15:00:00,215.69849
2012-12-20 16:00:00,197.60117
2012-12-20 17:00:00,197.53702
2012-12-20 18:00:00,178.8699
2012-12-20 19:00:00,110.8611
2012-12-20 20:00:00,94.10895
2012-12-20 21:00:00,94.10895
2012-12-20 22:00:00,83.21142
2012-12-20 23:00:00,115.09607
2012-12-21 00:00:00,114.41516
2012-12-21 01:00:00,110.36673
2012-12-21 02:00:00,116.61302
2012-12-21 03:00:00,116.61302
2012-12-21 04:00:00,113.24207
2012-12-21 05:00:00,106.49707
2012-12-21 06:00:00,121.29204
2012-12-21 07:00:00,113.03328
2012-12-21 08:00:00,113.52496
2012-12-21 09:00:00,125.269485
2012-12-21 10:00:00,121.62492
2012-12-21 11:00:00,123.44896
2012-12-21 12:00:00,122.897446
2012-12-21 13:00:00,125.610466
2012-12-21 14:00:00,127.10905
2012-12-21 15:00:00,117.74637
2012-12-21 16:00:00,118.36099
2012-12-21 17:00:00,92.01091
2012-12-21 18:00:00,94.216866
2012-12-21 19:00:00,100.49953
2012-12-21 20:00:00,102.91731
2012-12-21 21:00:00,110.3396
2012-12-21 22:00:00,98.78639
2012-12-21 23:00:00,98.21176
2012-12-22 00:00:00,109.02649
2012-12-22 01:00:00,95.04692
2012-12-22 02:00:00,102.30009
2012-12-22 03:00:00,87.38469
2012-12-22 04:00:00,73.03817
2012-12-22 05:00:00,87.95654
2012-12-22 06:00:00,94.05648
2012-12-22 07:00:00,94.05648
2012-12-22 08:00:00,112.32401
2012-12-22 09:00:00,85.47795
2012-12-22 10:00:00,79.50378
2012-12-22 11:00:00,100.42323
2012-12-22 12:00:00,95.36191
2012-12-22 13:00:00,130.24039
2012-12-22 14:00:00,131.93239
2012-12-22 15:00:00,107.978424
2012-12-22 16:00:00,121.66761
2012-12-22 17:00:00,92.84588
2012-12-22 18:00:00,96.49562
2012-12-22 19:00:00,76.87025
2012-12-22 20:00:00,67.8421
2012-12-22 21:00:00,64.54856
2012-12-22 22:00:00,64.54856
2012-12-22 23:00:00,61.906113
2012-12-23 00:00:00,69.159485
2012-12-23 01:00:00,67.19053
2012-12-23 02:00:00,56.63489
2012-12-23 03:00:00,55.12133
2012-12-23 04:00:00,59.4212
2012-12-23 05:00:00,53.891064
2012-12-23 06:00:00,36.692806
2012-12-23 07:00:00,36.692806
2012-12-23 08:00:00,23.522604
2012-12-23 09:00:00,46.737297
2012-12-23 10:00:00,49.067257
2012-12-23 11:00:00,64.29914
2012-12-23 12:00:00,102.05495
2012-12-23 13:00:00,122.11494
2012-12-23 14:00:00,144.2382
2012-12-23 15:00:00,172.08452
2012-12-23 16:00:00,163.32895
2012-12-23 17:00:00,102.332794
2012-12-23 18:00:00,99.388336
2012-12-23 19:00:00,124.595535
2012-12-23 20:00:00,54.27299
2012-12-23 21:00:00,46.69551
2012-12-23 22:00:00,52.549408
2012-12-23 23:00:00,54.58546
2012-12-24 00:00:00,81.89567
2012-12-24 01:00:00,81.895676
2012-12-24 02:00:00,78.02025
2012-12-24 03:00:00,78.02025
2012-12-24 05:00:00,63.46174
2012-12-24 06:00:00,78.02025
2012-12-24 07:00:00,82.003555
2012-12-24 08:00:00,81.895676
2012-12-24 09:00:00,107.20339
2012-12-24 10:00:00,107.37676
2012-12-24 11:00:00,107.964874
2012-12-24 12:00:00,110.6438
2012-12-24 13:00:00,67.42835
2012-12-24 14:00:00,64.54169
2012-12-24 15:00:00,56.171143
2012-12-24 16:00:00,56.171143
2012-12-24 17:00:00,56.200745
2012-12-24 18:00:00,61.03197
2012-12-24 19:00:00,70.080925
2012-12-24 20:00:00,57.34282
2012-12-24 21:00:00,62.656353
2012-12-24 22:00:00,97.82855
2012-12-24 23:00:00,69.848114
2012-12-25 00:00:00,70.40445
2012-12-25 01:00:00,65.647545
2012-12-25 02:00:00,65.647545
2012-12-25 04:00:00,62.15679
2012-12-25 05:00:00,44.979027
2012-12-25 06:00:00,44.979027
2012-12-25 07:00:00,45.08948
2012-12-25 08:00:00,65.762535
2012-12-25 09:00:00,62.941223
2012-12-25 10:00:00,49.54875
2012-12-25 11:00:00,64.046486
2012-12-25 12:00:00,66.53996
2012-12-25 13:00:00,120.4507
2012-12-25 14:00:00,117.68674
2012-12-25 15:00:00,112.62906
2012-12-25 16:00:00,122.704254
2012-12-25 17:00:00,117.77963
2012-12-25 18:00:00,114.60933
2012-12-25 19:00:00,114.36995
2012-12-25 20:00:00,113.653625
2012-12-25 21:00:00,112.17897
2012-12-25 22:00:00,111.16232
2012-12-25 23:00:00,97.47999
2012-12-26 00:00:00,105.826195
2012-12-26 01:00:00,88.64866
2012-12-26 02:00:00,88.64866
2012-12-26 03:00:00,74.60779
2012-12-26 04:00:00,76.93698
2012-12-26 05:00:00,74.021065
2012-12-26 06:00:00,80.210526
2012-12-26 07:00:00,47.886627
2012-12-26 08:00:00,47.886627
2012-12-26 09:00:00,47.886627
2012-12-26 10:00:00,47.848133
2012-12-26 11:00:00,46.92061
2012-12-26 12:00:00,50.72047
2012-12-26 13:00:00,50.72047
2012-12-26 14:00:00,49.764416
2012-12-26 15:00:00,57.988617
2012-12-26 16:00:00,57.988617
2012-12-26 17:00:00,55.36674
2012-12-26 18:00:00,61.100872
2012-12-26 19:00:00,72.00728
2012-12-26 20:00:00,71.86643
2012-12-26 21:00:00,92.88838
2012-12-26 22:00:00,50.50165
2012-12-26 23:00:00,58.31409
2012-12-27 00:00:00,58.31409
2012-12-27 01:00:00,50.50165
2012-12-27 02:00:00,59.338356
2012-12-27 03:00:00,65.87538
2012-12-27 04:00:00,61.700405
2012-12-27 05:00:00,83.2939
2012-12-27 06:00:00,81.64964
2012-12-27 07:00:00,82.86838
2012-12-27 08:00:00,91.833855
2012-12-27 09:00:00,100.864525
2012-12-27 10:00:00,110.77431
2012-12-27 11:00:00,95.04455
2012-12-27 12:00:00,113.0597
2012-12-27 13:00:00,113.0597
2012-12-27 14:00:00,87.97394
2012-12-27 15:00:00,86.48719
2012-12-27 16:00:00,101.49582
2012-12-27 17:00:00,101.49582
2012-12-27 18:00:00,90.72522
2012-12-27 19:00:00,87.962
2012-12-27 20:00:00,83.38154
2012-12-27 21:00:00,90.72522
2012-12-27 22:00:00,85.052315
2012-12-27 23:00:00,90.72522
2012-12-28 00:00:00,104.009476
2012-12-28 01:00:00,83.65956
2012-12-28 02:00:00,86.27286
2012-12-28 03:00:00,104.009476
2012-12-28 04:00:00,107.76397
2012-12-28 05:00:00,107.84021
2012-12-28 06:00:00,83.52934
2012-12-28 07:00:00,82.66667
2012-12-28 08:00:00,106.12246
2012-12-28 09:00:00,85.052315
2012-12-28 10:00:00,102.263664
2012-12-28 11:00:00,110.50284
2012-12-28 12:00:00,111.75364
2012-12-28 13:00:00,111.75364
2012-12-28 14:00:00,111.75364
2012-12-28 15:00:00,107.10095
2012-12-28 16:00:00,98.670425
2012-12-28 17:00:00,82.732056
2012-12-28 18:00:00,82.732056
2012-12-28 19:00:00,98.33087
2012-12-28 20:00:00,107.20339
2012-12-28 21:00:00,104.67372
2012-12-28 22:00:00,106.71275
2012-12-28 23:00:00,107.27333
2012-12-29 00:00:00,58.1865
2012-12-29 01:00:00,51.713943
2012-12-29 02:00:00,58.1865
2012-12-29 03:00:00,56.18473
2012-12-29 04:00:00,51.713943
2012-12-29 05:00:00,51.713943
2012-12-29 06:00:00,54.723022
2012-12-29 07:00:00,55.22092
2012-12-29 08:00:00,59.451565
2012-12-29 09:00:00,59.45156
2012-12-29 10:00:00,54.401237
2012-12-29 11:00:00,52.586365
2012-12-29 12:00:00,54.55146
2012-12-29 13:00:00,54.55146
2012-12-29 14:00:00,47.386948
2012-12-29 15:00:00,51.380096
2012-12-29 16:00:00,44.53559
2012-12-29 17:00:00,39.744095
2012-12-29 18:00:00,51.864452
2012-12-29 19:00:00,64.182465
2012-12-29 20:00:00,83.28975
2012-12-29 21:00:00,75.51709
2012-12-29 22:00:00,71.33902
2012-12-29 23:00:00,69.027664
2012-12-30 00:00:00,61.290207
2012-12-30 01:00:00,69.12367
2012-12-30 02:00:00,62.656025
2012-12-30 03:00:00,69.12367
2012-12-30 04:00:00,63.941483
2012-12-30 05:00:00,68.158646
2012-12-30 06:00:00,70.92921
2012-12-30 07:00:00,66.3327
2012-12-30 08:00:00,77.30634
2012-12-30 09:00:00,73.73889
2012-12-30 10:00:00,115.91316
2012-12-30 11:00:00,99.9877
2012-12-30 12:00:00,119.93985
2012-12-30 13:00:00,95.36191
2012-12-30 14:00:00,128.88527
2012-12-30 15:00:00,102.467926
2012-12-30 16:00:00,112.18166
2012-12-30 17:00:00,90.022644
2012-12-30 18:00:00,67.13787
2012-12-30 19:00:00,99.784676
2012-12-30 20:00:00,71.079895
2012-12-30 21:00:00,56.63489
2012-12-30 22:00:00,52.958485
2012-12-30 23:00:00,57.64142
2012-12-31 00:00:00,81.36847
2012-12-31 01:00:00,81.36847
2012-12-31 02:00:00,73.96489
2012-12-31 03:00:00,80.49685
2012-12-31 04:00:00,67.7446
2012-12-31 05:00:00,67.27637
2012-12-31 06:00:00,71.46367
2012-12-31 07:00:00,76.85361
2012-12-31 08:00:00,63.745113
2012-12-31 09:00:00,88.58694
2012-12-31 10:00:00,84.03795
2012-12-31 11:00:00,93.402374
2012-12-31 12:00:00,101.42888
2012-12-31 13:00:00,109.990395
2012-12-31 14:00:00,112.26395
2012-12-31 15:00:00,111.01703
2012-12-31 16:00:00,108.89288
2012-12-31 17:00:00,109.67768
2012-12-31 18:00:00,110.05864
2012-12-31 19:00:00,107.964874
2012-12-31 20:00:00,107.964874
2012-12-31 21:00:00,84.03612
2012-12-31 22:00:00,83.36327
2012-12-31 23:00:00,83.392914
