datetime,count
2011-01-20 00:00:00,98.21535
2011-01-20 01:00:00,104.8254
2011-01-20 02:00:00,104.8254
2011-01-20 03:00:00,99.93092
2011-01-20 04:00:00,99.93092
2011-01-20 05:00:00,91.09694
2011-01-20 06:00:00,88.91056
2011-01-20 07:00:00,91.24934
2011-01-20 08:00:00,89.0314
2011-01-20 09:00:00,100.62581
2011-01-20 10:00:00,102.5733
2011-01-20 11:00:00,113.53293
2011-01-20 12:00:00,76.762375
2011-01-20 13:00:00,101.08688
2011-01-20 14:00:00,110.86864
2011-01-20 15:00:00,127.150856
2011-01-20 16:00:00,114.89431
2011-01-20 17:00:00,105.790535
2011-01-20 18:00:00,104.20733
2011-01-20 19:00:00,96.36326
2011-01-20 20:00:00,100.40295
2011-01-20 21:00:00,96.73879
2011-01-20 22:00:00,90.39526
2011-01-20 23:00:00,87.54984
2011-01-21 00:00:00,86.648766
2011-01-21 01:00:00,86.648766
2011-01-21 02:00:00,86.56047
2011-01-21 03:00:00,70.04375
2011-01-21 04:00:00,83.399765
2011-01-21 05:00:00,93.73802
2011-01-21 06:00:00,89.151054
2011-01-21 07:00:00,89.87841
2011-01-21 08:00:00,95.843346
2011-01-21 09:00:00,93.87055
2011-01-21 10:00:00,103.03255
2011-01-21 11:00:00,111.966576
2011-01-21 12:00:00,160.47473
2011-01-21 13:00:00,177.70924
2011-01-21 14:00:00,151.30037
2011-01-21 15:00:00,130.85672
2011-01-21 16:00:00,114.59052
2011-01-21 17:00:00,107.7913
2011-01-21 18:00:00,90.941315
2011-01-21 19:00:00,97.37534
2011-01-21 20:00:00,106.48421
2011-01-21 21:00:00,83.81293
2011-01-21 22:00:00,95.74501
2011-01-21 23:00:00,87.06485
2011-01-22 00:00:00,46.595238
2011-01-22 01:00:00,49.05039
2011-01-22 02:00:00,40.968094
2011-01-22 03:00:00,42.757954
2011-01-22 04:00:00,43.484444
2011-01-22 06:00:00,38.85364
2011-01-22 07:00:00,49.421463
2011-01-22 08:00:00,53.269695
2011-01-22 09:00:00,46.671345
2011-01-22 10:00:00,36.234547
2011-01-22 11:00:00,35.795982
2011-01-22 12:00:00,34.921272
2011-01-22 13:00:00,36.089973
2011-01-22 14:00:00,43.20696
2011-01-22 15:00:00,43.38609
2011-01-22 16:00:00,56.188755
2011-01-22 17:00:00,43.90659
2011-01-22 18:00:00,44.57831
2011-01-22 19:00:00,41.543816
2011-01-22 20:00:00,38.012783
2011-01-22 21:00:00,34.517284
2011-01-22 22:00:00,29.286467
2011-01-22 23:00:00,33.357655
2011-01-23 00:00:00,33.357655
2011-01-23 01:00:00,33.357655
2011-01-23 02:00:00,35.582134
2011-01-23 03:00:00,35.582134
2011-01-23 05:00:00,35.6916
2011-01-23 06:00:00,35.6916
2011-01-23 07:00:00,37.00088
2011-01-23 08:00:00,37.34362
2011-01-23 09:00:00,56.52643
2011-01-23 10:00:00,65.30965
2011-01-23 11:00:00,50.44421
2011-01-23 12:00:00,82.28329
2011-01-23 13:00:00,70.491325
2011-01-23 14:00:00,84.23021
2011-01-23 15:00:00,84.23021
2011-01-23 16:00:00,84.297745
2011-01-23 17:00:00,78.61775
2011-01-23 18:00:00,58.397736
2011-01-23 19:00:00,60.71181
2011-01-23 20:00:00,51.565506
2011-01-23 21:00:00,46.038162
2011-01-23 22:00:00,43.446285
2011-01-23 23:00:00,44.032127
2011-01-24 00:00:00,84.73041
2011-01-24 01:00:00,85.52129
2011-01-24 03:00:00,83.12758
2011-01-24 04:00:00,87.8852
2011-01-24 05:00:00,87.8852
2011-01-24 06:00:00,84.48993
2011-01-24 07:00:00,72.59338
2011-01-24 08:00:00,74.98123
2011-01-24 09:00:00,84.87384
2011-01-24 10:00:00,90.715164
2011-01-24 11:00:00,88.35149
2011-01-24 12:00:00,74.66036
2011-01-24 13:00:00,79.02321
2011-01-24 14:00:00,78.4291
2011-01-24 15:00:00,88.75767
2011-01-24 16:00:00,86.90701
2011-01-24 17:00:00,85.74907
2011-01-24 18:00:00,89.95552
2011-01-24 19:00:00,89.96204
2011-01-24 20:00:00,89.95552
2011-01-24 21:00:00,92.20795
2011-01-24 22:00:00,77.89496
2011-01-24 23:00:00,79.24513
2011-01-25 00:00:00,74.71097
2011-01-25 01:00:00,83.40472
2011-01-25 02:00:00,86.26248
2011-01-25 04:00:00,86.75998
2011-01-25 05:00:00,84.84759
2011-01-25 06:00:00,88.02728
2011-01-25 07:00:00,85.015755
2011-01-25 08:00:00,85.746796
2011-01-25 09:00:00,93.09015
2011-01-25 10:00:00,96.65082
2011-01-25 11:00:00,99.68013
2011-01-25 12:00:00,105.1061
2011-01-25 13:00:00,104.55603
2011-01-25 14:00:00,81.243996
2011-01-25 15:00:00,77.89158
2011-01-25 16:00:00,77.89158
2011-01-25 17:00:00,135.86423
2011-01-25 18:00:00,102.52664
2011-01-25 19:00:00,102.00283
2011-01-25 20:00:00,92.85028
2011-01-25 21:00:00,92.85028
2011-01-25 22:00:00,94.196785
2011-01-25 23:00:00,94.11805
2011-01-26 00:00:00,94.56528
2011-01-26 01:00:00,98.850555
2011-01-26 02:00:00,92.85176
2011-01-26 05:00:00,57.684242
2011-01-26 06:00:00,57.684242
2011-01-26 07:00:00,56.1671
2011-01-26 08:00:00,56.1671
2011-01-26 09:00:00,56.1671
2011-01-26 10:00:00,45.7735
2011-01-26 11:00:00,44.937054
2011-01-26 12:00:00,44.937054
2011-01-26 13:00:00,44.937054
2011-01-26 14:00:00,45.107746
2011-01-26 15:00:00,50.320614
2011-01-26 16:00:00,38.87388
2011-01-26 17:00:00,44.285862
2011-01-27 16:00:00,92.91342
2011-01-27 17:00:00,96.56038
2011-01-27 18:00:00,89.81498
2011-01-27 19:00:00,89.81498
2011-01-27 20:00:00,87.63097
2011-01-27 21:00:00,87.63097
2011-01-27 22:00:00,87.63097
2011-01-27 23:00:00,84.991516
2011-01-28 00:00:00,91.216156
2011-01-28 01:00:00,91.216156
2011-01-28 02:00:00,89.47262
2011-01-28 03:00:00,92.46611
2011-01-28 05:00:00,91.04947
2011-01-28 06:00:00,89.678024
2011-01-28 07:00:00,86.57838
2011-01-28 08:00:00,86.57838
2011-01-28 09:00:00,65.26737
2011-01-28 10:00:00,65.16443
2011-01-28 11:00:00,58.977417
2011-01-28 12:00:00,58.977417
2011-01-28 13:00:00,58.977417
2011-01-28 14:00:00,76.15206
2011-01-28 15:00:00,90.93214
2011-01-28 16:00:00,89.34465
2011-01-28 17:00:00,91.639206
2011-01-28 18:00:00,88.880615
2011-01-28 19:00:00,98.724236
2011-01-28 20:00:00,94.34843
2011-01-28 21:00:00,94.78035
2011-01-28 22:00:00,84.71551
2011-01-28 23:00:00,91.09694
2011-01-29 00:00:00,54.51441
2011-01-29 01:00:00,45.440205
2011-01-29 02:00:00,42.03008
2011-01-29 03:00:00,37.599148
2011-01-29 04:00:00,32.705902
2011-01-29 06:00:00,35.441517
2011-01-29 07:00:00,33.704304
2011-01-29 08:00:00,41.605175
2011-01-29 09:00:00,34.068565
2011-01-29 10:00:00,48.71272
2011-01-29 11:00:00,49.72728
2011-01-29 12:00:00,59.80085
2011-01-29 13:00:00,66.7775
2011-01-29 14:00:00,59.661335
2011-01-29 15:00:00,48.157955
2011-01-29 16:00:00,45.897774
2011-01-29 17:00:00,37.278816
2011-01-29 18:00:00,37.984806
2011-01-29 19:00:00,69.67276
2011-01-29 20:00:00,32.345448
2011-01-29 21:00:00,32.345448
2011-01-29 22:00:00,32.49801
2011-01-29 23:00:00,32.49801
2011-01-30 00:00:00,33.757347
2011-01-30 01:00:00,28.251219
2011-01-30 02:00:00,28.245783
2011-01-30 03:00:00,33.06115
2011-01-30 04:00:00,33.06115
2011-01-30 05:00:00,29.765318
2011-01-30 07:00:00,29.765318
2011-01-30 08:00:00,50.74059
2011-01-30 09:00:00,51.43546
2011-01-30 10:00:00,55.23234
2011-01-30 11:00:00,31.311304
2011-01-30 12:00:00,83.3314
2011-01-30 13:00:00,49.425266
2011-01-30 14:00:00,48.980354
2011-01-30 15:00:00,62.033222
2011-01-30 16:00:00,62.033222
2011-01-30 17:00:00,84.476105
2011-01-30 18:00:00,46.901524
2011-01-30 19:00:00,50.37481
2011-01-30 20:00:00,74.67825
2011-01-30 21:00:00,69.876305
2011-01-30 22:00:00,72.314384
2011-01-30 23:00:00,80.79831
2011-01-31 00:00:00,94.51491
2011-01-31 01:00:00,83.544495
2011-01-31 02:00:00,90.12957
2011-01-31 03:00:00,90.12957
2011-01-31 04:00:00,87.58764
2011-01-31 05:00:00,78.9775
2011-01-31 06:00:00,76.62213
2011-01-31 07:00:00,78.306816
2011-01-31 08:00:00,80.75298
2011-01-31 09:00:00,80.64503
2011-01-31 10:00:00,82.99667
2011-01-31 11:00:00,82.99667
2011-01-31 12:00:00,90.158936
2011-01-31 13:00:00,87.53161
2011-01-31 14:00:00,89.61272
2011-01-31 15:00:00,85.10103
2011-01-31 16:00:00,83.442
2011-01-31 17:00:00,82.99667
2011-01-31 18:00:00,82.61355
2011-01-31 19:00:00,109.40054
2011-01-31 20:00:00,92.24452
2011-01-31 21:00:00,88.11511
2011-01-31 22:00:00,86.45867
2011-01-31 23:00:00,85.743416
2011-02-20 00:00:00,112.664024
2011-02-20 01:00:00,96.31006
2011-02-20 02:00:00,78.04628
2011-02-20 03:00:00,74.82519
2011-02-20 04:00:00,74.82519
2011-02-20 06:00:00,74.86855
2011-02-20 07:00:00,54.10743
2011-02-20 08:00:00,42.990383
2011-02-20 09:00:00,82.93924
2011-02-20 10:00:00,98.68806
2011-02-20 11:00:00,106.60405
2011-02-20 12:00:00,112.10661
2011-02-20 13:00:00,100.97655
2011-02-20 14:00:00,174.63469
2011-02-20 15:00:00,153.81558
2011-02-20 16:00:00,150.0932
2011-02-20 17:00:00,158.32372
2011-02-20 18:00:00,120.82227
2011-02-20 19:00:00,120.82227
2011-02-20 20:00:00,99.01272
2011-02-20 21:00:00,92.06941
2011-02-20 22:00:00,120.26782
2011-02-20 23:00:00,100.197716
2011-02-21 00:00:00,102.07764
2011-02-21 01:00:00,102.07764
2011-02-21 02:00:00,102.07764
2011-02-21 03:00:00,99.21863
2011-02-21 04:00:00,99.3946
2011-02-21 05:00:00,87.485886
2011-02-21 06:00:00,108.13349
2011-02-21 07:00:00,107.73999
2011-02-21 08:00:00,115.15726
2011-02-21 09:00:00,113.21179
2011-02-21 10:00:00,109.307724
2011-02-21 11:00:00,96.46302
2011-02-21 12:00:00,111.70828
2011-02-21 13:00:00,89.49422
2011-02-21 14:00:00,112.51924
2011-02-21 15:00:00,114.036606
2011-02-21 16:00:00,91.862335
2011-02-21 17:00:00,107.52966
2011-02-21 18:00:00,88.96886
2011-02-21 19:00:00,88.96886
2011-02-21 20:00:00,76.11297
2011-02-21 21:00:00,80.48532
2011-02-21 22:00:00,77.0853
2011-02-21 23:00:00,77.0853
2011-02-22 06:00:00,64.85926
2011-02-22 07:00:00,64.85926
2011-02-22 08:00:00,69.53981
2011-02-22 09:00:00,74.46991
2011-02-22 10:00:00,83.26026
2011-02-22 11:00:00,80.66598
2011-02-22 12:00:00,93.02947
2011-02-22 13:00:00,94.9421
2011-02-22 14:00:00,92.91342
2011-02-22 15:00:00,97.389755
2011-02-22 16:00:00,94.97898
2011-02-22 17:00:00,92.66114
2011-02-22 18:00:00,97.10012
2011-02-22 19:00:00,92.269356
2011-02-22 20:00:00,90.48527
2011-02-22 21:00:00,90.97469
2011-02-22 22:00:00,87.60054
2011-02-22 23:00:00,87.60054
2011-02-23 00:00:00,87.229324
2011-02-23 01:00:00,87.73658
2011-02-23 02:00:00,88.440765
2011-02-23 03:00:00,88.3171
2011-02-23 05:00:00,89.93025
2011-02-23 06:00:00,89.93025
2011-02-23 07:00:00,89.59051
2011-02-23 08:00:00,89.96204
2011-02-23 09:00:00,92.12741
2011-02-23 10:00:00,108.94877
2011-02-23 11:00:00,110.130554
2011-02-23 12:00:00,130.59976
2011-02-23 13:00:00,153.04341
2011-02-23 14:00:00,158.99265
2011-02-23 15:00:00,162.15369
2011-02-23 16:00:00,149.25111
2011-02-23 17:00:00,162.15369
2011-02-23 18:00:00,158.07968
2011-02-23 19:00:00,139.45374
2011-02-23 20:00:00,97.36456
2011-02-23 21:00:00,109.66097
2011-02-23 22:00:00,109.66097
2011-02-23 23:00:00,96.56907
2011-02-24 00:00:00,96.56907
2011-02-24 01:00:00,93.89563
2011-02-24 02:00:00,91.001396
2011-02-24 03:00:00,93.4445
2011-02-24 05:00:00,92.369576
2011-02-24 06:00:00,89.81583
2011-02-24 07:00:00,89.63945
2011-02-24 08:00:00,85.49265
2011-02-24 09:00:00,75.87693
2011-02-24 10:00:00,87.05555
2011-02-24 11:00:00,119.698395
2011-02-24 12:00:00,142.60257
2011-02-24 13:00:00,148.68857
2011-02-24 14:00:00,166.70158
2011-02-24 15:00:00,137.75887
2011-02-24 16:00:00,140.8098
2011-02-24 17:00:00,131.46048
2011-02-24 18:00:00,67.829285
2011-02-24 19:00:00,58.72298
2011-02-24 20:00:00,56.143677
2011-02-24 21:00:00,67.829285
2011-02-24 22:00:00,71.71935
2011-02-24 23:00:00,56.717907
2011-02-25 00:00:00,124.10545
2011-02-25 01:00:00,179.8326
2011-02-25 02:00:00,179.8326
2011-02-25 03:00:00,97.826385
2011-02-25 05:00:00,97.826385
2011-02-25 06:00:00,105.874176
2011-02-25 07:00:00,85.03568
2011-02-25 08:00:00,95.91865
2011-02-25 09:00:00,56.67132
2011-02-25 10:00:00,64.69768
2011-02-25 11:00:00,159.39363
2011-02-25 12:00:00,135.34401
2011-02-25 13:00:00,135.34401
2011-02-25 14:00:00,144.78651
2011-02-25 15:00:00,277.2164
2011-02-25 16:00:00,122.0188
2011-02-25 17:00:00,156.02809
2011-02-25 18:00:00,124.22452
2011-02-25 19:00:00,109.948074
2011-02-25 20:00:00,128.54108
2011-02-25 21:00:00,109.57828
2011-02-25 22:00:00,109.755646
2011-02-25 23:00:00,104.82826
2011-02-26 00:00:00,58.65081
2011-02-26 01:00:00,80.25903
2011-02-26 02:00:00,58.726673
2011-02-26 03:00:00,44.353725
2011-02-26 04:00:00,58.61841
2011-02-26 05:00:00,58.466934
2011-02-26 06:00:00,34.082905
2011-02-26 07:00:00,37.490284
2011-02-26 08:00:00,63.42368
2011-02-26 09:00:00,85.74144
2011-02-26 10:00:00,105.92811
2011-02-26 11:00:00,75.40065
2011-02-26 12:00:00,123.03256
2011-02-26 13:00:00,140.17316
2011-02-26 14:00:00,131.73871
2011-02-26 15:00:00,144.40611
2011-02-26 16:00:00,163.3221
2011-02-26 17:00:00,175.96774
2011-02-26 18:00:00,138.01738
2011-02-26 19:00:00,123.126205
2011-02-26 20:00:00,82.0215
2011-02-26 21:00:00,66.32571
2011-02-26 22:00:00,49.174297
2011-02-26 23:00:00,48.581688
2011-02-27 00:00:00,41.431103
2011-02-27 01:00:00,41.77058
2011-02-27 02:00:00,44.21914
2011-02-27 03:00:00,44.12946
2011-02-27 04:00:00,41.48917
2011-02-27 06:00:00,38.273247
2011-02-27 07:00:00,41.48917
2011-02-27 08:00:00,41.41734
2011-02-27 09:00:00,46.065254
2011-02-27 10:00:00,52.987606
2011-02-27 11:00:00,95.8868
2011-02-27 12:00:00,135.64316
2011-02-27 13:00:00,114.59012
2011-02-27 14:00:00,178.88576
2011-02-27 15:00:00,218.8399
2011-02-27 16:00:00,249.52403
2011-02-27 17:00:00,193.13477
2011-02-27 18:00:00,174.22815
2011-02-27 19:00:00,153.16795
2011-02-27 20:00:00,135.64316
2011-02-27 21:00:00,117.082596
2011-02-27 22:00:00,142.11409
2011-02-27 23:00:00,130.2367
2011-02-28 00:00:00,132.40189
2011-02-28 01:00:00,68.90649
2011-02-28 03:00:00,70.49826
2011-02-28 05:00:00,167.563
2011-02-28 06:00:00,107.21141
2011-02-28 07:00:00,119.33803
2011-02-28 08:00:00,53.459465
2011-02-28 09:00:00,100.66573
2011-02-28 10:00:00,163.36884
2011-02-28 11:00:00,190.64323
2011-02-28 12:00:00,190.64326
2011-02-28 13:00:00,128.36024
2011-02-28 14:00:00,68.92043
2011-02-28 15:00:00,68.92043
2011-02-28 16:00:00,139.76039
2011-02-28 17:00:00,58.75031
2011-02-28 18:00:00,142.69638
2011-02-28 19:00:00,73.81004
2011-02-28 20:00:00,73.81004
2011-02-28 21:00:00,70.29727
2011-02-28 22:00:00,58.665123
2011-02-28 23:00:00,79.85751
2011-03-20 00:00:00,124.4207
2011-03-20 01:00:00,109.50264
2011-03-20 02:00:00,107.02249
2011-03-20 03:00:00,86.16708
2011-03-20 04:00:00,68.48667
2011-03-20 05:00:00,55.136364
2011-03-20 06:00:00,61.43603
2011-03-20 07:00:00,53.458675
2011-03-20 08:00:00,66.598076
2011-03-20 09:00:00,86.57359
2011-03-20 10:00:00,89.357506
2011-03-20 11:00:00,123.597305
2011-03-20 12:00:00,135.01508
2011-03-20 13:00:00,126.46858
2011-03-20 14:00:00,149.10027
2011-03-20 15:00:00,178.47148
2011-03-20 16:00:00,154.43295
2011-03-20 17:00:00,230.10422
2011-03-20 18:00:00,193.1755
2011-03-20 19:00:00,174.94786
2011-03-20 20:00:00,163.3221
2011-03-20 21:00:00,134.93271
2011-03-20 22:00:00,131.3689
2011-03-20 23:00:00,89.69786
2011-03-21 00:00:00,111.49002
2011-03-21 01:00:00,97.89218
2011-03-21 02:00:00,98.326614
2011-03-21 03:00:00,98.326614
2011-03-21 05:00:00,81.037346
2011-03-21 06:00:00,84.79273
2011-03-21 07:00:00,63.636555
2011-03-21 08:00:00,63.732494
2011-03-21 09:00:00,74.56375
2011-03-21 10:00:00,96.99658
2011-03-21 11:00:00,120.90296
2011-03-21 12:00:00,107.195526
2011-03-21 13:00:00,145.21991
2011-03-21 14:00:00,164.48494
2011-03-21 15:00:00,184.7471
2011-03-21 16:00:00,164.5442
2011-03-21 17:00:00,163.14183
2011-03-21 18:00:00,151.63544
2011-03-21 19:00:00,238.02522
2011-03-21 20:00:00,214.67468
2011-03-21 21:00:00,68.87036
2011-03-21 22:00:00,95.40943
2011-03-21 23:00:00,72.072624
2011-03-22 00:00:00,86.59526
2011-03-22 01:00:00,48.291294
2011-03-22 02:00:00,59.201527
2011-03-22 03:00:00,99.54599
2011-03-22 04:00:00,91.687744
2011-03-22 05:00:00,93.58063
2011-03-22 06:00:00,75.32513
2011-03-22 07:00:00,97.04686
2011-03-22 08:00:00,138.90814
2011-03-22 09:00:00,170.54391
2011-03-22 10:00:00,159.09932
2011-03-22 11:00:00,192.06363
2011-03-22 12:00:00,200.83482
2011-03-22 13:00:00,220.01082
2011-03-22 14:00:00,243.80826
2011-03-22 15:00:00,226.15326
2011-03-22 16:00:00,190.89868
2011-03-22 17:00:00,190.89868
2011-03-22 18:00:00,155.56595
2011-03-22 19:00:00,148.05185
2011-03-22 20:00:00,168.53795
2011-03-22 21:00:00,149.5031
2011-03-22 22:00:00,135.20819
2011-03-22 23:00:00,135.20819
2011-03-23 00:00:00,117.37121
2011-03-23 01:00:00,94.52565
2011-03-23 02:00:00,94.52565
2011-03-23 03:00:00,82.58549
2011-03-23 05:00:00,67.64779
2011-03-23 06:00:00,57.592056
2011-03-23 07:00:00,47.474304
2011-03-23 08:00:00,57.096176
2011-03-23 09:00:00,67.87838
2011-03-23 10:00:00,70.58052
2011-03-23 11:00:00,59.321827
2011-03-23 12:00:00,58.396954
2011-03-23 13:00:00,78.85956
2011-03-23 14:00:00,82.23453
2011-03-23 15:00:00,70.936584
2011-03-23 16:00:00,92.91471
2011-03-23 17:00:00,92.91471
2011-03-23 18:00:00,76.960815
2011-03-23 19:00:00,76.960815
2011-03-23 20:00:00,81.84203
2011-03-23 21:00:00,41.21318
2011-03-23 22:00:00,57.150005
2011-03-23 23:00:00,80.648285
2011-03-24 00:00:00,47.474304
2011-03-24 01:00:00,47.607117
2011-03-24 02:00:00,43.331806
2011-03-24 03:00:00,50.88247
2011-03-24 04:00:00,50.88247
2011-03-24 05:00:00,44.136375
2011-03-24 06:00:00,44.136375
2011-03-24 07:00:00,41.368874
2011-03-24 08:00:00,34.98825
2011-03-24 09:00:00,45.026295
2011-03-24 10:00:00,49.085247
2011-03-24 11:00:00,69.49215
2011-03-24 12:00:00,90.55654
2011-03-24 13:00:00,98.895996
2011-03-24 14:00:00,98.18266
2011-03-24 15:00:00,91.894516
2011-03-24 16:00:00,104.087006
2011-03-24 17:00:00,94.511536
2011-03-24 18:00:00,110.25191
2011-03-24 19:00:00,130.26266
2011-03-24 20:00:00,106.24621
2011-03-24 21:00:00,88.336555
2011-03-24 22:00:00,80.41965
2011-03-24 23:00:00,84.91995
2011-03-25 00:00:00,89.04921
2011-03-25 01:00:00,75.132385
2011-03-25 02:00:00,81.087975
2011-03-25 03:00:00,71.85402
2011-03-25 04:00:00,69.869255
2011-03-25 05:00:00,72.39839
2011-03-25 06:00:00,75.28996
2011-03-25 07:00:00,107.666336
2011-03-25 08:00:00,115.682846
2011-03-25 09:00:00,128.91586
2011-03-25 10:00:00,72.1715
2011-03-25 11:00:00,157.04903
2011-03-25 12:00:00,158.96928
2011-03-25 13:00:00,146.49431
2011-03-25 14:00:00,228.13489
2011-03-25 15:00:00,120.01642
2011-03-25 16:00:00,146.59433
2011-03-25 17:00:00,172.41838
2011-03-25 18:00:00,159.53595
2011-03-25 19:00:00,128.49106
2011-03-25 20:00:00,64.17712
2011-03-25 21:00:00,73.488434
2011-03-25 22:00:00,148.03404
2011-03-25 23:00:00,121.27696
2011-03-26 00:00:00,60.001995
2011-03-26 01:00:00,76.50402
2011-03-26 02:00:00,44.945988
2011-03-26 03:00:00,38.27136
2011-03-26 04:00:00,44.945988
2011-03-26 05:00:00,36.582745
2011-03-26 06:00:00,32.890575
2011-03-26 07:00:00,36.582752
2011-03-26 08:00:00,34.169086
2011-03-26 09:00:00,36.92407
2011-03-26 10:00:00,41.526608
2011-03-26 11:00:00,44.45351
2011-03-26 12:00:00,59.422546
2011-03-26 13:00:00,76.742874
2011-03-26 14:00:00,97.0235
2011-03-26 15:00:00,92.61944
2011-03-26 16:00:00,115.82808
2011-03-26 17:00:00,99.87503
2011-03-26 18:00:00,83.72906
2011-03-26 19:00:00,72.05523
2011-03-26 20:00:00,72.05523
2011-03-26 21:00:00,58.255253
2011-03-26 22:00:00,62.598602
2011-03-26 23:00:00,69.70899
2011-03-27 00:00:00,49.522167
2011-03-27 01:00:00,61.463093
2011-03-27 02:00:00,44.005848
2011-03-27 03:00:00,45.84135
2011-03-27 04:00:00,42.493954
2011-03-27 06:00:00,43.460045
2011-03-27 07:00:00,43.240944
2011-03-27 08:00:00,34.178074
2011-03-27 09:00:00,31.784344
2011-03-27 10:00:00,60.215496
2011-03-27 11:00:00,52.04764
2011-03-27 12:00:00,63.010067
2011-03-27 13:00:00,66.30198
2011-03-27 14:00:00,59.32367
2011-03-27 15:00:00,94.406296
2011-03-27 16:00:00,51.849728
2011-03-27 17:00:00,89.20384
2011-03-27 18:00:00,60.9782
2011-03-27 19:00:00,70.90508
2011-03-27 20:00:00,45.500027
2011-03-27 21:00:00,41.526608
2011-03-27 22:00:00,41.526608
2011-03-27 23:00:00,45.52106
2011-03-28 00:00:00,88.33889
2011-03-28 01:00:00,100.731735
2011-03-28 02:00:00,93.5804
2011-03-28 03:00:00,93.5804
2011-03-28 05:00:00,94.87944
2011-03-28 06:00:00,137.88342
2011-03-28 07:00:00,166.32376
2011-03-28 08:00:00,126.901665
2011-03-28 09:00:00,87.83003
2011-03-28 10:00:00,143.1819
2011-03-28 11:00:00,124.89909
2011-03-28 12:00:00,44.197826
2011-03-28 13:00:00,104.89001
2011-03-28 14:00:00,189.87993
2011-03-28 15:00:00,214.89993
2011-03-28 16:00:00,193.40175
2011-03-28 17:00:00,228.70187
2011-03-28 18:00:00,220.26497
2011-03-28 19:00:00,157.28719
2011-03-28 20:00:00,165.6456
2011-03-28 21:00:00,172.64622
2011-03-28 22:00:00,186.06598
2011-03-28 23:00:00,208.95357
2011-03-29 00:00:00,203.29405
2011-03-29 01:00:00,172.22426
2011-03-29 02:00:00,172.22426
2011-03-29 03:00:00,172.22426
2011-03-29 04:00:00,89.54562
2011-03-29 05:00:00,135.44098
2011-03-29 06:00:00,138.56029
2011-03-29 07:00:00,151.05344
2011-03-29 08:00:00,183.79604
2011-03-29 09:00:00,235.08414
2011-03-29 10:00:00,216.72577
2011-03-29 11:00:00,208.04723
2011-03-29 12:00:00,167.99593
2011-03-29 13:00:00,225.26447
2011-03-29 14:00:00,210.3403
2011-03-29 15:00:00,210.36649
2011-03-29 16:00:00,214.55338
2011-03-29 17:00:00,242.81667
2011-03-29 18:00:00,196.38225
2011-03-29 19:00:00,181.34749
2011-03-29 20:00:00,196.38225
2011-03-29 21:00:00,90.65948
2011-03-29 22:00:00,78.83089
2011-03-29 23:00:00,92.955956
2011-03-30 00:00:00,70.528496
2011-03-30 01:00:00,90.97395
2011-03-30 02:00:00,70.528496
2011-03-30 03:00:00,66.68032
2011-03-30 04:00:00,70.528496
2011-03-30 05:00:00,105.2609
2011-03-30 06:00:00,74.79023
2011-03-30 07:00:00,60.680622
2011-03-30 08:00:00,82.53931
2011-03-30 09:00:00,101.29572
2011-03-30 10:00:00,105.85361
2011-03-30 11:00:00,121.99458
2011-03-30 12:00:00,81.67204
2011-03-30 13:00:00,109.91024
2011-03-30 14:00:00,150.12703
2011-03-30 15:00:00,65.24285
2011-03-30 16:00:00,53.187782
2011-03-30 17:00:00,66.282776
2011-03-30 18:00:00,45.026295
2011-03-30 19:00:00,45.026295
2011-03-30 20:00:00,38.625732
2011-03-30 21:00:00,48.14222
2011-03-30 22:00:00,43.463917
2011-03-30 23:00:00,38.58736
2011-03-31 00:00:00,43.463917
2011-03-31 01:00:00,49.68462
2011-03-31 02:00:00,49.68462
2011-03-31 03:00:00,43.463917
2011-03-31 04:00:00,39.066364
2011-03-31 05:00:00,43.463917
2011-03-31 06:00:00,38.625732
2011-03-31 07:00:00,39.066364
2011-03-31 08:00:00,38.05366
2011-03-31 09:00:00,41.43464
2011-03-31 10:00:00,41.43464
2011-03-31 11:00:00,55.27622
2011-03-31 12:00:00,55.27622
2011-03-31 13:00:00,71.65396
2011-03-31 14:00:00,71.653946
2011-03-31 15:00:00,56.416035
2011-03-31 16:00:00,53.34922
2011-03-31 17:00:00,53.34922
2011-03-31 18:00:00,61.946064
2011-03-31 19:00:00,61.946064
2011-03-31 20:00:00,41.971786
2011-03-31 21:00:00,50.20563
2011-03-31 22:00:00,44.074306
2011-03-31 23:00:00,54.00458
2011-04-20 00:00:00,66.52461
2011-04-20 01:00:00,57.970493
2011-04-20 02:00:00,57.970493
2011-04-20 03:00:00,67.26381
2011-04-20 04:00:00,51.100952
2011-04-20 05:00:00,52.93691
2011-04-20 06:00:00,57.970493
2011-04-20 07:00:00,65.861664
2011-04-20 08:00:00,242.35579
2011-04-20 09:00:00,294.48605
2011-04-20 10:00:00,199.34467
2011-04-20 11:00:00,199.34467
2011-04-20 12:00:00,296.6376
2011-04-20 13:00:00,296.6376
2011-04-20 14:00:00,303.04517
2011-04-20 15:00:00,251.02023
2011-04-20 16:00:00,251.02023
2011-04-20 17:00:00,234.55092
2011-04-20 18:00:00,343.6782
2011-04-20 19:00:00,393.4021
2011-04-20 20:00:00,363.60358
2011-04-20 21:00:00,349.67203
2011-04-20 22:00:00,311.9543
2011-04-20 23:00:00,314.32593
2011-04-21 00:00:00,282.50504
2011-04-21 01:00:00,232.45642
2011-04-21 02:00:00,253.03467
2011-04-21 03:00:00,201.0218
2011-04-21 04:00:00,186.25397
2011-04-21 05:00:00,204.42181
2011-04-21 06:00:00,190.98106
2011-04-21 07:00:00,196.57909
2011-04-21 08:00:00,193.47266
2011-04-21 09:00:00,158.00204
2011-04-21 10:00:00,210.34283
2011-04-21 11:00:00,213.56667
2011-04-21 12:00:00,194.4491
2011-04-21 13:00:00,264.29315
2011-04-21 14:00:00,280.6128
2011-04-21 15:00:00,328.7667
2011-04-21 16:00:00,339.0388
2011-04-21 17:00:00,290.1278
2011-04-21 18:00:00,335.98294
2011-04-21 19:00:00,278.4313
2011-04-21 20:00:00,214.8562
2011-04-21 21:00:00,170.80719
2011-04-21 22:00:00,157.76103
2011-04-21 23:00:00,132.56284
2011-04-22 00:00:00,114.54161
2011-04-22 01:00:00,146.67804
2011-04-22 02:00:00,154.26074
2011-04-22 03:00:00,154.26074
2011-04-22 04:00:00,144.53134
2011-04-22 05:00:00,136.21848
2011-04-22 06:00:00,144.53133
2011-04-22 07:00:00,133.0136
2011-04-22 08:00:00,127.6752
2011-04-22 09:00:00,128.04141
2011-04-22 10:00:00,124.51221
2011-04-22 11:00:00,118.972664
2011-04-22 12:00:00,95.87084
2011-04-22 13:00:00,70.2286
2011-04-22 14:00:00,65.92597
2011-04-22 15:00:00,70.2286
2011-04-22 16:00:00,78.85952
2011-04-22 17:00:00,56.14824
2011-04-22 18:00:00,56.14824
2011-04-22 19:00:00,56.14824
2011-04-22 20:00:00,64.05692
2011-04-22 21:00:00,62.10973
2011-04-22 22:00:00,62.695156
2011-04-22 23:00:00,69.55552
2011-04-23 00:00:00,52.130753
2011-04-23 01:00:00,52.130753
2011-04-23 02:00:00,48.744125
2011-04-23 03:00:00,50.291134
2011-04-23 04:00:00,55.235332
2011-04-23 05:00:00,55.235332
2011-04-23 06:00:00,54.438683
2011-04-23 07:00:00,50.66432
2011-04-23 08:00:00,59.9484
2011-04-23 09:00:00,70.06885
2011-04-23 10:00:00,117.05413
2011-04-23 11:00:00,130.68442
2011-04-23 12:00:00,164.8618
2011-04-23 13:00:00,159.43733
2011-04-23 14:00:00,228.41489
2011-04-23 15:00:00,261.96786
2011-04-23 16:00:00,227.43668
2011-04-23 17:00:00,265.82645
2011-04-23 18:00:00,122.89335
2011-04-23 19:00:00,145.01627
2011-04-23 20:00:00,144.97968
2011-04-23 21:00:00,202.69456
2011-04-23 22:00:00,193.29623
2011-04-23 23:00:00,135.76564
2011-04-24 00:00:00,105.34253
2011-04-24 01:00:00,80.211525
2011-04-24 02:00:00,80.211525
2011-04-24 03:00:00,54.716248
2011-04-24 04:00:00,54.716248
2011-04-24 05:00:00,54.716248
2011-04-24 06:00:00,63.497505
2011-04-24 07:00:00,63.497505
2011-04-24 08:00:00,65.72845
2011-04-24 09:00:00,102.016556
2011-04-24 10:00:00,116.54016
2011-04-24 11:00:00,204.1709
2011-04-24 12:00:00,288.65475
2011-04-24 13:00:00,371.17075
2011-04-24 14:00:00,433.68307
2011-04-24 15:00:00,313.08395
2011-04-24 16:00:00,478.2749
2011-04-24 17:00:00,307.63416
2011-04-24 18:00:00,177.17342
2011-04-24 19:00:00,148.02733
2011-04-24 20:00:00,148.02733
2011-04-24 21:00:00,83.059586
2011-04-24 22:00:00,69.41012
2011-04-24 23:00:00,80.829544
2011-04-25 00:00:00,94.447754
2011-04-25 01:00:00,54.88006
2011-04-25 02:00:00,54.88006
2011-04-25 03:00:00,110.71414
2011-04-25 04:00:00,145.49141
2011-04-25 05:00:00,140.54172
2011-04-25 06:00:00,144.04857
2011-04-25 07:00:00,116.61608
2011-04-25 08:00:00,77.34632
2011-04-25 09:00:00,123.92403
2011-04-25 10:00:00,250.93661
2011-04-25 11:00:00,250.93661
2011-04-25 12:00:00,262.11862
2011-04-25 13:00:00,296.75732
2011-04-25 14:00:00,331.52274
2011-04-25 15:00:00,345.3063
2011-04-25 16:00:00,311.53632
2011-04-25 17:00:00,325.22626
2011-04-25 18:00:00,299.97748
2011-04-25 19:00:00,289.6121
2011-04-25 20:00:00,294.48605
2011-04-25 21:00:00,253.95566
2011-04-25 22:00:00,234.51494
2011-04-25 23:00:00,220.47556
2011-04-26 00:00:00,249.66325
2011-04-26 01:00:00,241.20103
2011-04-26 02:00:00,194.71397
2011-04-26 03:00:00,156.99269
2011-04-26 04:00:00,187.54642
2011-04-26 05:00:00,146.99678
2011-04-26 06:00:00,134.7157
2011-04-26 07:00:00,212.50696
2011-04-26 08:00:00,212.50702
2011-04-26 09:00:00,244.06598
2011-04-26 10:00:00,260.94867
2011-04-26 11:00:00,282.45908
2011-04-26 12:00:00,289.644
2011-04-26 13:00:00,298.88867
2011-04-26 14:00:00,327.3113
2011-04-26 15:00:00,310.33478
2011-04-26 16:00:00,305.37167
2011-04-26 17:00:00,297.62216
2011-04-26 18:00:00,267.56647
2011-04-26 19:00:00,239.25862
2011-04-26 20:00:00,244.06598
2011-04-26 21:00:00,239.42249
2011-04-26 22:00:00,194.97052
2011-04-26 23:00:00,214.4504
2011-04-27 00:00:00,183.59294
2011-04-27 01:00:00,208.69067
2011-04-27 02:00:00,166.71204
2011-04-27 03:00:00,197.56639
2011-04-27 04:00:00,104.7014
2011-04-27 05:00:00,163.67847
2011-04-27 06:00:00,124.83673
2011-04-27 07:00:00,197.56639
2011-04-27 08:00:00,196.3253
2011-04-27 09:00:00,204.79874
2011-04-27 10:00:00,225.96451
2011-04-27 11:00:00,240.00885
2011-04-27 12:00:00,251.68404
2011-04-27 13:00:00,246.68158
2011-04-27 14:00:00,266.8961
2011-04-27 15:00:00,272.62103
2011-04-27 16:00:00,284.68826
2011-04-27 17:00:00,145.31424
2011-04-27 18:00:00,145.31424
2011-04-27 19:00:00,239.42249
2011-04-27 20:00:00,239.94167
2011-04-27 21:00:00,204.4924
2011-04-27 22:00:00,221.24808
2011-04-27 23:00:00,223.16461
2011-04-28 00:00:00,242.2684
2011-04-28 01:00:00,222.99585
2011-04-28 02:00:00,226.14075
2011-04-28 03:00:00,228.71829
2011-04-28 04:00:00,223.7127
2011-04-28 05:00:00,222.99585
2011-04-28 06:00:00,227.13101
2011-04-28 07:00:00,227.25879
2011-04-28 08:00:00,237.80579
2011-04-28 09:00:00,135.91905
2011-04-28 10:00:00,218.30534
2011-04-28 11:00:00,225.96451
2011-04-28 12:00:00,231.58875
2011-04-28 13:00:00,225.32352
2011-04-28 14:00:00,231.16524
2011-04-28 15:00:00,260.1283
2011-04-28 16:00:00,235.23212
2011-04-28 17:00:00,295.1094
2011-04-28 18:00:00,295.1094
2011-04-28 19:00:00,301.977
2011-04-28 20:00:00,280.6009
2011-04-28 21:00:00,241.02815
2011-04-28 22:00:00,239.94336
2011-04-28 23:00:00,245.36954
2011-04-29 00:00:00,262.27026
2011-04-29 01:00:00,166.53964
2011-04-29 02:00:00,120.35833
2011-04-29 03:00:00,113.63282
2011-04-29 04:00:00,151.47319
2011-04-29 05:00:00,164.86292
2011-04-29 06:00:00,229.11728
2011-04-29 07:00:00,240.19357
2011-04-29 08:00:00,281.1862
2011-04-29 09:00:00,280.43066
2011-04-29 10:00:00,284.80515
2011-04-29 11:00:00,317.93036
2011-04-29 12:00:00,299.9243
2011-04-29 13:00:00,300.04227
2011-04-29 14:00:00,341.3944
2011-04-29 15:00:00,239.9304
2011-04-29 16:00:00,240.17856
2011-04-29 17:00:00,230.27429
2011-04-29 18:00:00,240.60492
2011-04-29 19:00:00,188.69458
2011-04-29 20:00:00,202.45227
2011-04-29 21:00:00,181.80322
2011-04-29 22:00:00,136.20148
2011-04-29 23:00:00,61.81327
2011-04-30 00:00:00,149.75548
2011-04-30 01:00:00,146.53923
2011-04-30 02:00:00,149.29114
2011-04-30 03:00:00,139.13837
2011-04-30 04:00:00,137.42876
2011-04-30 05:00:00,164.47708
2011-04-30 06:00:00,123.2367
2011-04-30 07:00:00,155.46259
2011-04-30 08:00:00,136.3775
2011-04-30 09:00:00,182.29025
2011-04-30 10:00:00,217.67654
2011-04-30 11:00:00,233.47568
2011-04-30 12:00:00,243.77892
2011-04-30 13:00:00,285.3927
2011-04-30 14:00:00,277.76178
2011-04-30 15:00:00,291.27017
2011-04-30 16:00:00,342.33484
2011-04-30 17:00:00,222.7129
2011-04-30 18:00:00,193.31102
2011-04-30 19:00:00,193.31102
2011-04-30 20:00:00,76.649956
2011-04-30 21:00:00,76.649956
2011-04-30 22:00:00,66.08866
2011-04-30 23:00:00,66.08866
2011-05-20 00:00:00,57.908276
2011-05-20 01:00:00,54.534065
2011-05-20 02:00:00,48.971817
2011-05-20 03:00:00,55.540348
2011-05-20 04:00:00,59.201527
2011-05-20 05:00:00,58.123062
2011-05-20 06:00:00,70.68454
2011-05-20 07:00:00,130.6974
2011-05-20 08:00:00,151.94727
2011-05-20 09:00:00,191.15292
2011-05-20 10:00:00,214.67468
2011-05-20 11:00:00,199.70294
2011-05-20 12:00:00,230.85709
2011-05-20 13:00:00,211.42844
2011-05-20 14:00:00,282.06906
2011-05-20 15:00:00,221.74303
2011-05-20 16:00:00,209.26085
2011-05-20 17:00:00,212.068
2011-05-20 18:00:00,262.1734
2011-05-20 19:00:00,196.06958
2011-05-20 20:00:00,204.05878
2011-05-20 21:00:00,187.92657
2011-05-20 22:00:00,149.06839
2011-05-20 23:00:00,153.8028
2011-05-21 00:00:00,97.641846
2011-05-21 01:00:00,78.26499
2011-05-21 02:00:00,102.69139
2011-05-21 03:00:00,83.92495
2011-05-21 04:00:00,67.01755
2011-05-21 05:00:00,65.01258
2011-05-21 06:00:00,91.37157
2011-05-21 07:00:00,114.48863
2011-05-21 08:00:00,227.76106
2011-05-21 09:00:00,251.13605
2011-05-21 10:00:00,213.64655
2011-05-21 11:00:00,317.13086
2011-05-21 12:00:00,324.78604
2011-05-21 13:00:00,390.78857
2011-05-21 14:00:00,415.3934
2011-05-21 15:00:00,476.7668
2011-05-21 16:00:00,442.0834
2011-05-21 17:00:00,386.79294
2011-05-21 18:00:00,365.3189
2011-05-21 19:00:00,422.94217
2011-05-21 20:00:00,173.33557
2011-05-21 21:00:00,213.64655
2011-05-21 22:00:00,158.8223
2011-05-21 23:00:00,97.768036
2011-05-22 00:00:00,83.018524
2011-05-22 01:00:00,58.764153
2011-05-22 02:00:00,57.890938
2011-05-22 03:00:00,38.879498
2011-05-22 04:00:00,37.026436
2011-05-22 05:00:00,38.879498
2011-05-22 06:00:00,57.890938
2011-05-22 07:00:00,77.160675
2011-05-22 08:00:00,123.02299
2011-05-22 09:00:00,154.5173
2011-05-22 10:00:00,195.94658
2011-05-22 11:00:00,363.6541
2011-05-22 12:00:00,352.18378
2011-05-22 13:00:00,291.154
2011-05-22 14:00:00,158.04836
2011-05-22 15:00:00,236.61426
2011-05-22 16:00:00,252.4452
2011-05-22 17:00:00,354.86517
2011-05-22 18:00:00,300.8956
2011-05-22 19:00:00,277.64737
2011-05-22 20:00:00,210.26385
2011-05-22 21:00:00,157.46933
2011-05-22 22:00:00,94.13742
2011-05-22 23:00:00,149.26198
2011-05-23 00:00:00,141.43541
2011-05-23 01:00:00,77.34632
2011-05-23 02:00:00,104.974594
2011-05-23 03:00:00,92.45483
2011-05-23 04:00:00,155.57115
2011-05-23 05:00:00,155.57115
2011-05-23 06:00:00,146.93431
2011-05-23 07:00:00,127.17929
2011-05-23 08:00:00,130.61172
2011-05-23 09:00:00,152.9838
2011-05-23 10:00:00,256.79382
2011-05-23 11:00:00,273.74808
2011-05-23 12:00:00,273.74808
2011-05-23 13:00:00,238.41376
2011-05-23 14:00:00,207.84868
2011-05-23 15:00:00,228.039
2011-05-23 16:00:00,268.70203
2011-05-23 17:00:00,208.93584
2011-05-23 18:00:00,275.97638
2011-05-23 19:00:00,268.337
2011-05-23 20:00:00,196.59465
2011-05-23 21:00:00,173.4451
2011-05-23 22:00:00,131.43294
2011-05-23 23:00:00,190.47508
2011-05-24 00:00:00,154.78548
2011-05-24 01:00:00,139.83032
2011-05-24 02:00:00,154.78548
2011-05-24 03:00:00,131.12006
2011-05-24 04:00:00,89.35641
2011-05-24 05:00:00,175.63168
2011-05-24 06:00:00,150.6546
2011-05-24 07:00:00,139.31218
2011-05-24 08:00:00,126.07952
2011-05-24 09:00:00,237.66434
2011-05-24 10:00:00,312.50385
2011-05-24 11:00:00,345.3063
2011-05-24 12:00:00,312.99033
2011-05-24 13:00:00,382.52322
2011-05-24 14:00:00,372.73502
2011-05-24 15:00:00,240.83609
2011-05-24 16:00:00,258.66483
2011-05-24 17:00:00,247.23798
2011-05-24 18:00:00,269.88034
2011-05-24 19:00:00,236.19302
2011-05-24 20:00:00,182.91373
2011-05-24 21:00:00,159.23271
2011-05-24 22:00:00,123.60242
2011-05-24 23:00:00,161.67896
2011-05-25 00:00:00,118.59607
2011-05-25 01:00:00,114.19303
2011-05-25 02:00:00,156.93257
2011-05-25 03:00:00,53.060528
2011-05-25 04:00:00,53.557556
2011-05-25 05:00:00,80.83319
2011-05-25 06:00:00,66.019104
2011-05-25 07:00:00,193.36804
2011-05-25 08:00:00,258.0104
2011-05-25 09:00:00,228.40775
2011-05-25 10:00:00,236.59344
2011-05-25 11:00:00,269.12833
2011-05-25 12:00:00,282.8879
2011-05-25 13:00:00,282.8879
2011-05-25 14:00:00,301.59314
2011-05-25 15:00:00,362.61902
2011-05-25 16:00:00,355.8831
2011-05-25 17:00:00,345.3063
2011-05-25 18:00:00,319.6627
2011-05-25 19:00:00,270.74036
2011-05-25 20:00:00,284.48477
2011-05-25 21:00:00,225.95677
2011-05-25 22:00:00,272.4605
2011-05-25 23:00:00,200.28172
2011-05-26 00:00:00,200.28171
2011-05-26 01:00:00,200.28171
2011-05-26 02:00:00,124.81024
2011-05-26 03:00:00,92.51123
2011-05-26 04:00:00,103.11934
2011-05-26 05:00:00,151.81151
2011-05-26 06:00:00,128.51561
2011-05-26 07:00:00,194.73772
2011-05-26 08:00:00,197.42111
2011-05-26 09:00:00,270.3321
2011-05-26 10:00:00,275.97638
2011-05-26 11:00:00,312.2303
2011-05-26 12:00:00,354.53275
2011-05-26 13:00:00,342.90503
2011-05-26 14:00:00,342.90503
2011-05-26 15:00:00,264.48306
2011-05-26 16:00:00,246.71062
2011-05-26 17:00:00,350.0424
2011-05-26 18:00:00,332.07394
2011-05-26 19:00:00,349.19342
2011-05-26 20:00:00,297.21692
2011-05-26 21:00:00,234.60194
2011-05-26 22:00:00,258.5953
2011-05-26 23:00:00,288.26776
2011-05-27 00:00:00,284.75677
2011-05-27 01:00:00,317.0474
2011-05-27 02:00:00,297.7674
2011-05-27 03:00:00,229.53171
2011-05-27 04:00:00,219.36047
2011-05-27 05:00:00,270.4069
2011-05-27 06:00:00,201.26617
2011-05-27 07:00:00,216.77989
2011-05-27 08:00:00,258.69022
2011-05-27 09:00:00,304.82565
2011-05-27 10:00:00,310.16183
2011-05-27 11:00:00,259.51913
2011-05-27 12:00:00,277.45227
2011-05-27 13:00:00,314.68912
2011-05-27 14:00:00,353.17947
2011-05-27 15:00:00,365.84216
2011-05-27 16:00:00,247.75629
2011-05-27 17:00:00,322.6678
2011-05-27 18:00:00,268.70203
2011-05-27 19:00:00,124.28787
2011-05-27 20:00:00,239.03499
2011-05-27 21:00:00,113.451836
2011-05-27 22:00:00,149.95381
2011-05-27 23:00:00,86.58062
2011-05-28 00:00:00,86.75887
2011-05-28 01:00:00,95.06482
2011-05-28 02:00:00,68.061935
2011-05-28 03:00:00,94.629524
2011-05-28 04:00:00,102.016556
2011-05-28 05:00:00,94.629524
2011-05-28 06:00:00,134.4009
2011-05-28 07:00:00,137.51888
2011-05-28 08:00:00,130.37712
2011-05-28 09:00:00,218.36035
2011-05-28 10:00:00,276.0752
2011-05-28 11:00:00,276.0752
2011-05-28 12:00:00,360.86334
2011-05-28 13:00:00,307.07224
2011-05-28 14:00:00,347.97324
2011-05-28 15:00:00,381.52792
2011-05-28 16:00:00,419.45627
2011-05-28 17:00:00,426.4172
2011-05-28 18:00:00,328.64133
2011-05-28 19:00:00,259.95544
2011-05-28 20:00:00,276.0752
2011-05-28 21:00:00,246.80963
2011-05-28 22:00:00,157.87822
2011-05-28 23:00:00,114.07288
2011-05-29 00:00:00,128.98347
2011-05-29 01:00:00,92.485756
2011-05-29 02:00:00,78.257195
2011-05-29 03:00:00,78.257195
2011-05-29 04:00:00,75.97043
2011-05-29 05:00:00,71.64497
2011-05-29 06:00:00,130.2865
2011-05-29 07:00:00,149.60513
2011-05-29 08:00:00,139.04195
2011-05-29 09:00:00,126.03247
2011-05-29 10:00:00,151.64769
2011-05-29 11:00:00,179.19916
2011-05-29 12:00:00,196.94443
2011-05-29 13:00:00,285.34247
2011-05-29 14:00:00,293.20483
2011-05-29 15:00:00,302.84628
2011-05-29 16:00:00,293.20483
2011-05-29 17:00:00,293.20483
2011-05-29 18:00:00,257.80383
2011-05-29 19:00:00,238.46674
2011-05-29 20:00:00,145.47516
2011-05-29 21:00:00,105.04725
2011-05-29 22:00:00,86.0233
2011-05-29 23:00:00,92.764404
2011-05-30 00:00:00,128.79913
2011-05-30 01:00:00,101.83421
2011-05-30 02:00:00,128.79913
2011-05-30 03:00:00,128.79913
2011-05-30 04:00:00,114.65379
2011-05-30 05:00:00,126.06627
2011-05-30 06:00:00,123.631874
2011-05-30 07:00:00,103.46038
2011-05-30 08:00:00,146.00565
2011-05-30 09:00:00,140.00812
2011-05-30 10:00:00,453.64877
2011-05-30 11:00:00,369.01804
2011-05-30 12:00:00,419.61096
2011-05-30 13:00:00,419.36963
2011-05-30 14:00:00,388.60092
2011-05-30 15:00:00,504.68182
2011-05-30 16:00:00,513.3504
2011-05-30 17:00:00,495.6337
2011-05-30 18:00:00,458.116
2011-05-30 19:00:00,129.9014
2011-05-30 20:00:00,280.99265
2011-05-30 21:00:00,194.6278
2011-05-30 22:00:00,190.60709
2011-05-30 23:00:00,110.20588
2011-05-31 00:00:00,179.6395
2011-05-31 01:00:00,133.09348
2011-05-31 02:00:00,153.37708
2011-05-31 03:00:00,168.62616
2011-05-31 04:00:00,144.37396
2011-05-31 05:00:00,144.37396
2011-05-31 06:00:00,170.91756
2011-05-31 07:00:00,245.29578
2011-05-31 08:00:00,282.70114
2011-05-31 09:00:00,288.7898
2011-05-31 10:00:00,296.46863
2011-05-31 11:00:00,250.55879
2011-05-31 12:00:00,266.8616
2011-05-31 13:00:00,235.3928
2011-05-31 14:00:00,244.2981
2011-05-31 15:00:00,233.32303
2011-05-31 16:00:00,229.27773
2011-05-31 17:00:00,316.97852
2011-05-31 18:00:00,308.12454
2011-05-31 19:00:00,264.40268
2011-05-31 20:00:00,264.40268
2011-05-31 21:00:00,254.5566
2011-05-31 22:00:00,281.5481
2011-05-31 23:00:00,188.65463
2011-06-20 00:00:00,175.94284
2011-06-20 01:00:00,99.80535
2011-06-20 02:00:00,99.80535
2011-06-20 03:00:00,127.17753
2011-06-20 04:00:00,105.12816
2011-06-20 05:00:00,115.07207
2011-06-20 06:00:00,122.18574
2011-06-20 07:00:00,107.51405
2011-06-20 08:00:00,114.04162
2011-06-20 09:00:00,215.55672
2011-06-20 10:00:00,215.55672
2011-06-20 11:00:00,169.17395
2011-06-20 12:00:00,197.52527
2011-06-20 13:00:00,231.90913
2011-06-20 14:00:00,245.64966
2011-06-20 15:00:00,261.99115
2011-06-20 16:00:00,293.38672
2011-06-20 17:00:00,207.32562
2011-06-20 18:00:00,315.85168
2011-06-20 19:00:00,280.64105
2011-06-20 20:00:00,267.1258
2011-06-20 21:00:00,216.77985
2011-06-20 22:00:00,253.58826
2011-06-20 23:00:00,235.23212
2011-06-21 00:00:00,91.94939
2011-06-21 01:00:00,145.58952
2011-06-21 02:00:00,109.585434
2011-06-21 03:00:00,109.585434
2011-06-21 04:00:00,132.62006
2011-06-21 05:00:00,137.65846
2011-06-21 06:00:00,137.65846
2011-06-21 07:00:00,89.29224
2011-06-21 08:00:00,141.89761
2011-06-21 09:00:00,170.64551
2011-06-21 10:00:00,170.35681
2011-06-21 11:00:00,88.947525
2011-06-21 12:00:00,175.10942
2011-06-21 13:00:00,248.01642
2011-06-21 14:00:00,317.89645
2011-06-21 15:00:00,344.81158
2011-06-21 16:00:00,321.6035
2011-06-21 17:00:00,332.14804
2011-06-21 18:00:00,302.54062
2011-06-21 19:00:00,259.96478
2011-06-21 20:00:00,309.55826
2011-06-21 21:00:00,221.98857
2011-06-21 22:00:00,110.373886
2011-06-21 23:00:00,138.44983
2011-06-22 00:00:00,124.979095
2011-06-22 01:00:00,92.259476
2011-06-22 02:00:00,79.43918
2011-06-22 03:00:00,92.259476
2011-06-22 04:00:00,70.88168
2011-06-22 05:00:00,51.169487
2011-06-22 06:00:00,73.145996
2011-06-22 07:00:00,97.80086
2011-06-22 08:00:00,163.69916
2011-06-22 09:00:00,167.20734
2011-06-22 10:00:00,310.18747
2011-06-22 11:00:00,240.29802
2011-06-22 12:00:00,302.73178
2011-06-22 13:00:00,307.64417
2011-06-22 14:00:00,292.95648
2011-06-22 15:00:00,298.72092
2011-06-22 16:00:00,290.0791
2011-06-22 17:00:00,258.8262
2011-06-22 18:00:00,302.29883
2011-06-22 19:00:00,290.83463
2011-06-22 20:00:00,199.88843
2011-06-22 21:00:00,184.08917
2011-06-22 22:00:00,218.65457
2011-06-22 23:00:00,228.89401
2011-06-23 00:00:00,207.95306
2011-06-23 01:00:00,244.5527
2011-06-23 02:00:00,244.5527
2011-06-23 03:00:00,244.02325
2011-06-23 04:00:00,201.93471
2011-06-23 05:00:00,201.65732
2011-06-23 06:00:00,201.65732
2011-06-23 07:00:00,243.31654
2011-06-23 08:00:00,273.97784
2011-06-23 09:00:00,270.48953
2011-06-23 10:00:00,285.4146
2011-06-23 11:00:00,346.8368
2011-06-23 12:00:00,293.3904
2011-06-23 13:00:00,281.70786
2011-06-23 14:00:00,287.48184
2011-06-23 15:00:00,249.15709
2011-06-23 16:00:00,269.04248
2011-06-23 17:00:00,248.60956
2011-06-23 18:00:00,285.96628
2011-06-23 19:00:00,292.87057
2011-06-23 20:00:00,217.90411
2011-06-23 21:00:00,195.48737
2011-06-23 22:00:00,241.89645
2011-06-23 23:00:00,254.67667
2011-06-24 00:00:00,140.15164
2011-06-24 01:00:00,185.70706
2011-06-24 02:00:00,185.70706
2011-06-24 03:00:00,88.947525
2011-06-24 04:00:00,74.96621
2011-06-24 05:00:00,59.33037
2011-06-24 06:00:00,79.985466
2011-06-24 07:00:00,183.33932
2011-06-24 08:00:00,217.90411
2011-06-24 09:00:00,225.45667
2011-06-24 10:00:00,289.25018
2011-06-24 11:00:00,272.3615
2011-06-24 12:00:00,291.64587
2011-06-24 13:00:00,299.11987
2011-06-24 14:00:00,304.12027
2011-06-24 15:00:00,268.21143
2011-06-24 16:00:00,290.23087
2011-06-24 17:00:00,313.02304
2011-06-24 18:00:00,311.50275
2011-06-24 19:00:00,336.59424
2011-06-24 20:00:00,296.3248
2011-06-24 21:00:00,256.3494
2011-06-24 22:00:00,191.3903
2011-06-24 23:00:00,237.81964
2011-06-25 00:00:00,362.8674
2011-06-25 01:00:00,336.45718
2011-06-25 02:00:00,346.90518
2011-06-25 03:00:00,271.2105
2011-06-25 04:00:00,271.2105
2011-06-25 05:00:00,177.7475
2011-06-25 06:00:00,293.91672
2011-06-25 07:00:00,354.98126
2011-06-25 08:00:00,408.49893
2011-06-25 09:00:00,450.47403
2011-06-25 10:00:00,391.10062
2011-06-25 11:00:00,353.87592
2011-06-25 12:00:00,525.1903
2011-06-25 13:00:00,525.1903
2011-06-25 14:00:00,476.12082
2011-06-25 15:00:00,337.31912
2011-06-25 16:00:00,473.86642
2011-06-25 17:00:00,435.86047
2011-06-25 18:00:00,450.47403
2011-06-25 19:00:00,427.27457
2011-06-25 20:00:00,350.65997
2011-06-25 21:00:00,304.68427
2011-06-25 22:00:00,385.0018
2011-06-25 23:00:00,433.8748
2011-06-26 00:00:00,250.39072
2011-06-26 01:00:00,260.7691
2011-06-26 02:00:00,221.52501
2011-06-26 03:00:00,129.83685
2011-06-26 04:00:00,128.93205
2011-06-26 05:00:00,135.51346
2011-06-26 06:00:00,135.51346
2011-06-26 07:00:00,171.37233
2011-06-26 08:00:00,204.85193
2011-06-26 09:00:00,247.10944
2011-06-26 10:00:00,312.36
2011-06-26 11:00:00,362.96417
2011-06-26 12:00:00,409.0173
2011-06-26 13:00:00,378.61142
2011-06-26 14:00:00,397.93378
2011-06-26 15:00:00,378.61142
2011-06-26 16:00:00,403.5856
2011-06-26 17:00:00,371.81577
2011-06-26 18:00:00,438.04208
2011-06-26 19:00:00,312.1834
2011-06-26 20:00:00,302.61612
2011-06-26 21:00:00,270.78662
2011-06-26 22:00:00,273.1268
2011-06-26 23:00:00,248.04512
2011-06-27 00:00:00,202.83585
2011-06-27 01:00:00,181.51053
2011-06-27 02:00:00,148.64822
2011-06-27 03:00:00,148.64822
2011-06-27 04:00:00,152.1541
2011-06-27 05:00:00,159.26978
2011-06-27 06:00:00,182.32437
2011-06-27 07:00:00,233.99512
2011-06-27 08:00:00,155.555
2011-06-27 09:00:00,256.49075
2011-06-27 10:00:00,267.94168
2011-06-27 11:00:00,244.98442
2011-06-27 12:00:00,256.49075
2011-06-27 13:00:00,271.50256
2011-06-27 14:00:00,263.70798
2011-06-27 15:00:00,261.4351
2011-06-27 16:00:00,219.10562
2011-06-27 17:00:00,242.38025
2011-06-27 18:00:00,178.31544
2011-06-27 19:00:00,267.45624
2011-06-27 20:00:00,172.96167
2011-06-27 21:00:00,120.97226
2011-06-27 22:00:00,112.923706
2011-06-27 23:00:00,112.923706
2011-06-28 00:00:00,191.52878
2011-06-28 01:00:00,89.86469
2011-06-28 02:00:00,232.08849
2011-06-28 03:00:00,232.08849
2011-06-28 04:00:00,89.86469
2011-06-28 05:00:00,79.43918
2011-06-28 06:00:00,88.947525
2011-06-28 07:00:00,120.02472
2011-06-28 08:00:00,143.98212
2011-06-28 09:00:00,144.32285
2011-06-28 10:00:00,288.2502
2011-06-28 11:00:00,251.51799
2011-06-28 12:00:00,303.5313
2011-06-28 13:00:00,271.10623
2011-06-28 14:00:00,299.91757
2011-06-28 15:00:00,283.14056
2011-06-28 16:00:00,276.1746
2011-06-28 17:00:00,332.8278
2011-06-28 18:00:00,316.9265
2011-06-28 19:00:00,251.95059
2011-06-28 20:00:00,137.43965
2011-06-28 21:00:00,337.25574
2011-06-28 22:00:00,272.14478
2011-06-28 23:00:00,274.90137
2011-06-29 00:00:00,224.32721
2011-06-29 01:00:00,201.17018
2011-06-29 02:00:00,120.04324
2011-06-29 03:00:00,175.81023
2011-06-29 04:00:00,76.326004
2011-06-29 05:00:00,92.18027
2011-06-29 06:00:00,240.49619
2011-06-29 07:00:00,290.97806
2011-06-29 08:00:00,326.1997
2011-06-29 09:00:00,311.38275
2011-06-29 10:00:00,316.2309
2011-06-29 11:00:00,320.7655
2011-06-29 12:00:00,314.69095
2011-06-29 13:00:00,286.57547
2011-06-29 14:00:00,316.39752
2011-06-29 15:00:00,326.35144
2011-06-29 16:00:00,284.71753
2011-06-29 17:00:00,287.2586
2011-06-29 18:00:00,287.1329
2011-06-29 19:00:00,308.03564
2011-06-29 20:00:00,333.25742
2011-06-29 21:00:00,334.4712
2011-06-29 22:00:00,326.534
2011-06-29 23:00:00,294.66766
2011-06-30 00:00:00,255.87152
2011-06-30 01:00:00,216.88307
2011-06-30 02:00:00,184.4953
2011-06-30 03:00:00,190.65604
2011-06-30 04:00:00,159.19066
2011-06-30 05:00:00,212.97224
2011-06-30 06:00:00,229.19844
2011-06-30 07:00:00,236.57246
2011-06-30 08:00:00,312.43924
2011-06-30 09:00:00,332.4318
2011-06-30 10:00:00,328.52136
2011-06-30 11:00:00,322.88763
2011-06-30 12:00:00,329.94693
2011-06-30 13:00:00,331.35736
2011-06-30 14:00:00,322.6707
2011-06-30 15:00:00,342.91687
2011-06-30 16:00:00,343.44376
2011-06-30 17:00:00,313.05618
2011-06-30 18:00:00,333.09286
2011-06-30 19:00:00,349.04208
2011-06-30 20:00:00,349.04208
2011-06-30 21:00:00,303.74368
2011-06-30 22:00:00,307.6003
2011-06-30 23:00:00,178.9102
2011-07-20 00:00:00,96.86391
2011-07-20 01:00:00,86.89483
2011-07-20 02:00:00,86.89483
2011-07-20 03:00:00,96.86391
2011-07-20 04:00:00,78.75369
2011-07-20 05:00:00,85.385925
2011-07-20 06:00:00,164.87233
2011-07-20 07:00:00,189.68765
2011-07-20 08:00:00,141.83943
2011-07-20 09:00:00,184.23592
2011-07-20 10:00:00,157.71458
2011-07-20 11:00:00,243.03001
2011-07-20 12:00:00,207.25577
2011-07-20 13:00:00,287.82666
2011-07-20 14:00:00,293.70447
2011-07-20 15:00:00,280.0006
2011-07-20 16:00:00,221.94768
2011-07-20 17:00:00,291.41757
2011-07-20 18:00:00,306.2111
2011-07-20 19:00:00,297.9985
2011-07-20 20:00:00,348.03378
2011-07-20 21:00:00,302.32037
2011-07-20 22:00:00,334.06784
2011-07-20 23:00:00,308.50687
2011-07-21 00:00:00,267.62134
2011-07-21 01:00:00,217.50821
2011-07-21 02:00:00,217.50821
2011-07-21 03:00:00,227.77318
2011-07-21 04:00:00,205.54373
2011-07-21 05:00:00,205.54373
2011-07-21 06:00:00,205.54373
2011-07-21 07:00:00,208.7648
2011-07-21 08:00:00,248.95735
2011-07-21 09:00:00,323.65466
2011-07-21 10:00:00,345.91284
2011-07-21 11:00:00,330.16827
2011-07-21 12:00:00,278.86478
2011-07-21 13:00:00,282.43326
2011-07-21 14:00:00,256.6571
2011-07-21 15:00:00,293.4807
2011-07-21 16:00:00,280.15042
2011-07-21 17:00:00,271.13342
2011-07-21 18:00:00,277.4042
2011-07-21 19:00:00,318.19714
2011-07-21 20:00:00,327.01938
2011-07-21 21:00:00,341.28137
2011-07-21 22:00:00,304.82312
2011-07-21 23:00:00,306.58548
2011-07-22 00:00:00,276.00412
2011-07-22 01:00:00,192.05359
2011-07-22 02:00:00,235.10416
2011-07-22 03:00:00,236.37915
2011-07-22 04:00:00,199.86633
2011-07-22 05:00:00,147.11967
2011-07-22 06:00:00,190.42348
2011-07-22 07:00:00,307.52774
2011-07-22 08:00:00,330.6562
2011-07-22 09:00:00,268.7937
2011-07-22 10:00:00,273.903
2011-07-22 11:00:00,274.93045
2011-07-22 12:00:00,300.4511
2011-07-22 13:00:00,304.22052
2011-07-22 14:00:00,290.4285
2011-07-22 15:00:00,288.8006
2011-07-22 16:00:00,342.28357
2011-07-22 17:00:00,278.584
2011-07-22 18:00:00,323.1703
2011-07-22 19:00:00,319.82986
2011-07-22 20:00:00,221.94768
2011-07-22 21:00:00,255.9879
2011-07-22 22:00:00,302.98773
2011-07-22 23:00:00,313.57584
2011-07-23 00:00:00,258.01443
2011-07-23 01:00:00,273.87943
2011-07-23 02:00:00,259.94406
2011-07-23 03:00:00,209.87532
2011-07-23 04:00:00,204.07423
2011-07-23 05:00:00,230.0888
2011-07-23 06:00:00,292.77808
2011-07-23 07:00:00,283.44
2011-07-23 08:00:00,333.87534
2011-07-23 09:00:00,298.59897
2011-07-23 10:00:00,341.71545
2011-07-23 11:00:00,330.82327
2011-07-23 12:00:00,274.6256
2011-07-23 13:00:00,301.75674
2011-07-23 14:00:00,249.54375
2011-07-23 15:00:00,262.65674
2011-07-23 16:00:00,289.24994
2011-07-23 17:00:00,289.24994
2011-07-23 18:00:00,316.0421
2011-07-23 19:00:00,343.41022
2011-07-23 20:00:00,286.3046
2011-07-23 21:00:00,286.3046
2011-07-23 22:00:00,267.48615
2011-07-23 23:00:00,251.96863
2011-07-24 00:00:00,251.96863
2011-07-24 01:00:00,209.89415
2011-07-24 02:00:00,231.95836
2011-07-24 03:00:00,231.95836
2011-07-24 04:00:00,209.89415
2011-07-24 05:00:00,209.87532
2011-07-24 06:00:00,323.5307
2011-07-24 07:00:00,254.0592
2011-07-24 08:00:00,328.69495
2011-07-24 09:00:00,389.7608
2011-07-24 10:00:00,363.98392
2011-07-24 11:00:00,326.03995
2011-07-24 12:00:00,281.6689
2011-07-24 13:00:00,317.62827
2011-07-24 14:00:00,338.55396
2011-07-24 15:00:00,328.4465
2011-07-24 16:00:00,328.4465
2011-07-24 17:00:00,274.92056
2011-07-24 18:00:00,299.61337
2011-07-24 19:00:00,295.28598
2011-07-24 20:00:00,298.59897
2011-07-24 21:00:00,232.33638
2011-07-24 22:00:00,207.11227
2011-07-24 23:00:00,267.97598
2011-07-25 00:00:00,288.9641
2011-07-25 01:00:00,272.9192
2011-07-25 02:00:00,235.3956
2011-07-25 03:00:00,123.191284
2011-07-25 04:00:00,114.70969
2011-07-25 05:00:00,114.70969
2011-07-25 06:00:00,210.28534
2011-07-25 07:00:00,272.43536
2011-07-25 08:00:00,300.2616
2011-07-25 09:00:00,195.19212
2011-07-25 10:00:00,207.25577
2011-07-25 11:00:00,322.27853
2011-07-25 12:00:00,322.27853
2011-07-25 13:00:00,255.71674
2011-07-25 14:00:00,218.65457
2011-07-25 15:00:00,233.306
2011-07-25 16:00:00,151.987
2011-07-25 17:00:00,128.73418
2011-07-25 18:00:00,170.96144
2011-07-25 19:00:00,184.23592
2011-07-25 20:00:00,182.19162
2011-07-25 21:00:00,86.89483
2011-07-25 22:00:00,86.89483
2011-07-25 23:00:00,94.73035
2011-07-26 00:00:00,110.373886
2011-07-26 01:00:00,110.373886
2011-07-26 02:00:00,80.73073
2011-07-26 03:00:00,82.074646
2011-07-26 04:00:00,89.18562
2011-07-26 05:00:00,67.48133
2011-07-26 06:00:00,133.35042
2011-07-26 07:00:00,321.4986
2011-07-26 08:00:00,282.3426
2011-07-26 09:00:00,318.25284
2011-07-26 10:00:00,304.20633
2011-07-26 11:00:00,315.38483
2011-07-26 12:00:00,321.60864
2011-07-26 13:00:00,259.97858
2011-07-26 14:00:00,265.97482
2011-07-26 15:00:00,248.403
2011-07-26 16:00:00,267.40695
2011-07-26 17:00:00,254.413
2011-07-26 18:00:00,268.29312
2011-07-26 19:00:00,281.41064
2011-07-26 20:00:00,308.70343
2011-07-26 21:00:00,324.45908
2011-07-26 22:00:00,251.5663
2011-07-26 23:00:00,222.17038
2011-07-27 00:00:00,281.9989
2011-07-27 01:00:00,312.00336
2011-07-27 02:00:00,330.49457
2011-07-27 03:00:00,246.43478
2011-07-27 04:00:00,289.24603
2011-07-27 05:00:00,315.3743
2011-07-27 06:00:00,290.97806
2011-07-27 07:00:00,327.85266
2011-07-27 08:00:00,321.4064
2011-07-27 09:00:00,314.69095
2011-07-27 10:00:00,305.18307
2011-07-27 11:00:00,314.05914
2011-07-27 12:00:00,274.67752
2011-07-27 13:00:00,261.51495
2011-07-27 14:00:00,299.92773
2011-07-27 15:00:00,284.773
2011-07-27 16:00:00,330.7742
2011-07-27 17:00:00,311.82593
2011-07-27 18:00:00,334.07257
2011-07-27 19:00:00,329.00293
2011-07-27 20:00:00,330.34
2011-07-27 21:00:00,253.49323
2011-07-27 22:00:00,193.5434
2011-07-27 23:00:00,260.63385
2011-07-28 00:00:00,243.80624
2011-07-28 01:00:00,172.08025
2011-07-28 02:00:00,215.43991
2011-07-28 03:00:00,156.4703
2011-07-28 04:00:00,180.16321
2011-07-28 05:00:00,172.96167
2011-07-28 06:00:00,145.68726
2011-07-28 07:00:00,222.24416
2011-07-28 08:00:00,248.01642
2011-07-28 09:00:00,305.4845
2011-07-28 10:00:00,320.95602
2011-07-28 11:00:00,303.3089
2011-07-28 12:00:00,304.39032
2011-07-28 13:00:00,283.19443
2011-07-28 14:00:00,309.70108
2011-07-28 15:00:00,287.84286
2011-07-28 16:00:00,289.55814
2011-07-28 17:00:00,285.15182
2011-07-28 18:00:00,302.30136
2011-07-28 19:00:00,298.95303
2011-07-28 20:00:00,313.5758
2011-07-28 21:00:00,362.75546
2011-07-28 22:00:00,337.32812
2011-07-28 23:00:00,260.38498
2011-07-29 00:00:00,184.08917
2011-07-29 01:00:00,164.79814
2011-07-29 02:00:00,123.191284
2011-07-29 03:00:00,123.191284
2011-07-29 04:00:00,129.68005
2011-07-29 05:00:00,103.426285
2011-07-29 06:00:00,241.82417
2011-07-29 07:00:00,235.3956
2011-07-29 08:00:00,305.41885
2011-07-29 09:00:00,283.19443
2011-07-29 10:00:00,270.13593
2011-07-29 11:00:00,267.5389
2011-07-29 12:00:00,287.58127
2011-07-29 13:00:00,324.91992
2011-07-29 14:00:00,314.06934
2011-07-29 15:00:00,299.44345
2011-07-29 16:00:00,247.24348
2011-07-29 17:00:00,281.10355
2011-07-29 18:00:00,256.1053
2011-07-29 19:00:00,296.82822
2011-07-29 20:00:00,256.323
2011-07-29 21:00:00,292.3172
2011-07-29 22:00:00,312.2723
2011-07-29 23:00:00,254.55312
2011-07-30 00:00:00,281.26367
2011-07-30 01:00:00,260.2055
2011-07-30 02:00:00,263.88733
2011-07-30 03:00:00,228.84608
2011-07-30 04:00:00,201.29202
2011-07-30 05:00:00,208.72939
2011-07-30 06:00:00,220.5256
2011-07-30 07:00:00,212.32536
2011-07-30 08:00:00,273.7952
2011-07-30 09:00:00,375.47556
2011-07-30 10:00:00,408.56375
2011-07-30 11:00:00,374.68356
2011-07-30 12:00:00,381.43567
2011-07-30 13:00:00,333.2003
2011-07-30 14:00:00,314.1895
2011-07-30 15:00:00,330.24286
2011-07-30 16:00:00,397.90326
2011-07-30 17:00:00,330.8577
2011-07-30 18:00:00,392.58002
2011-07-30 19:00:00,526.6319
2011-07-30 20:00:00,327.064
2011-07-30 21:00:00,313.13525
2011-07-30 22:00:00,284.36014
2011-07-30 23:00:00,260.20547
2011-07-31 00:00:00,260.2055
2011-07-31 01:00:00,210.85118
2011-07-31 02:00:00,186.57838
2011-07-31 03:00:00,177.26324
2011-07-31 04:00:00,151.29684
2011-07-31 05:00:00,155.1971
2011-07-31 06:00:00,161.2183
2011-07-31 07:00:00,248.9395
2011-07-31 08:00:00,293.61493
2011-07-31 09:00:00,280.58475
2011-07-31 10:00:00,360.32523
2011-07-31 11:00:00,385.64172
2011-07-31 12:00:00,396.0883
2011-07-31 13:00:00,368.3968
2011-07-31 14:00:00,382.96295
2011-07-31 15:00:00,484.6943
2011-07-31 16:00:00,483.9335
2011-07-31 17:00:00,413.73245
2011-07-31 18:00:00,367.3786
2011-07-31 19:00:00,355.97894
2011-07-31 20:00:00,355.97894
2011-07-31 21:00:00,315.81308
2011-07-31 22:00:00,225.45483
2011-07-31 23:00:00,212.76083
2011-08-20 00:00:00,41.58737
2011-08-20 01:00:00,47.86781
2011-08-20 02:00:00,61.62178
2011-08-20 03:00:00,61.62178
2011-08-20 04:00:00,71.72923
2011-08-20 05:00:00,46.467373
2011-08-20 06:00:00,75.42514
2011-08-20 07:00:00,47.867825
2011-08-20 08:00:00,124.92414
2011-08-20 09:00:00,166.58899
2011-08-20 10:00:00,209.88199
2011-08-20 11:00:00,211.85463
2011-08-20 12:00:00,248.9395
2011-08-20 13:00:00,268.82693
2011-08-20 14:00:00,328.49573
2011-08-20 15:00:00,358.235
2011-08-20 16:00:00,347.7282
2011-08-20 17:00:00,328.49573
2011-08-20 18:00:00,289.366
2011-08-20 19:00:00,229.86034
2011-08-20 20:00:00,238.32805
2011-08-20 21:00:00,184.91718
2011-08-20 22:00:00,190.55482
2011-08-20 23:00:00,125.68231
2011-08-21 00:00:00,129.3465
2011-08-21 01:00:00,90.98925
2011-08-21 02:00:00,84.64903
2011-08-21 03:00:00,72.29079
2011-08-21 04:00:00,78.90096
2011-08-21 05:00:00,84.966255
2011-08-21 06:00:00,80.70703
2011-08-21 07:00:00,103.83314
2011-08-21 08:00:00,106.147514
2011-08-21 09:00:00,159.30296
2011-08-21 10:00:00,171.99013
2011-08-21 11:00:00,289.55237
2011-08-21 12:00:00,314.83075
2011-08-21 13:00:00,396.4134
2011-08-21 14:00:00,263.05994
2011-08-21 15:00:00,103.68681
2011-08-21 16:00:00,118.66161
2011-08-21 17:00:00,117.64744
2011-08-21 18:00:00,127.153564
2011-08-21 19:00:00,190.8243
2011-08-21 20:00:00,112.91078
2011-08-21 21:00:00,112.91078
2011-08-21 22:00:00,151.71532
2011-08-21 23:00:00,127.45582
2011-08-22 00:00:00,122.40091
2011-08-22 01:00:00,91.84871
2011-08-22 02:00:00,252.3792
2011-08-22 03:00:00,278.73145
2011-08-22 04:00:00,229.67365
2011-08-22 05:00:00,266.56384
2011-08-22 06:00:00,279.42935
2011-08-22 07:00:00,284.80576
2011-08-22 08:00:00,284.80576
2011-08-22 09:00:00,302.3862
2011-08-22 10:00:00,326.1997
2011-08-22 11:00:00,335.67392
2011-08-22 12:00:00,321.1707
2011-08-22 13:00:00,312.11407
2011-08-22 14:00:00,333.7971
2011-08-22 15:00:00,348.50772
2011-08-22 16:00:00,333.7971
2011-08-22 17:00:00,352.76636
2011-08-22 18:00:00,363.1446
2011-08-22 19:00:00,380.00024
2011-08-22 20:00:00,395.48343
2011-08-22 21:00:00,369.68253
2011-08-22 22:00:00,375.21957
2011-08-22 23:00:00,360.62616
2011-08-23 00:00:00,337.89413
2011-08-23 01:00:00,310.45264
2011-08-23 02:00:00,280.817
2011-08-23 03:00:00,288.4996
2011-08-23 04:00:00,227.41835
2011-08-23 05:00:00,244.30582
2011-08-23 06:00:00,203.83574
2011-08-23 07:00:00,284.53284
2011-08-23 08:00:00,244.71399
2011-08-23 09:00:00,275.81143
2011-08-23 10:00:00,278.2575
2011-08-23 11:00:00,350.44498
2011-08-23 12:00:00,288.761
2011-08-23 13:00:00,368.16464
2011-08-23 14:00:00,368.44907
2011-08-23 15:00:00,347.73233
2011-08-23 16:00:00,358.52954
2011-08-23 17:00:00,347.73233
2011-08-23 18:00:00,353.56775
2011-08-23 19:00:00,301.44412
2011-08-23 20:00:00,285.2939
2011-08-23 21:00:00,134.16872
2011-08-23 22:00:00,184.4953
2011-08-23 23:00:00,169.91359
2011-08-24 00:00:00,184.4953
2011-08-24 01:00:00,155.07089
2011-08-24 02:00:00,129.4652
2011-08-24 03:00:00,129.4652
2011-08-24 04:00:00,95.412
2011-08-24 05:00:00,95.412
2011-08-24 06:00:00,98.46922
2011-08-24 07:00:00,137.85616
2011-08-24 08:00:00,130.83496
2011-08-24 09:00:00,205.51956
2011-08-24 10:00:00,309.90115
2011-08-24 11:00:00,328.60126
2011-08-24 12:00:00,332.94833
2011-08-24 13:00:00,303.97287
2011-08-24 14:00:00,303.97287
2011-08-24 15:00:00,302.44907
2011-08-24 16:00:00,303.6551
2011-08-24 17:00:00,310.3631
2011-08-24 18:00:00,342.17072
2011-08-24 19:00:00,342.17072
2011-08-24 20:00:00,324.43747
2011-08-24 21:00:00,303.20758
2011-08-24 22:00:00,294.49622
2011-08-24 23:00:00,258.27896
2011-08-25 00:00:00,228.47693
2011-08-25 01:00:00,261.17178
2011-08-25 02:00:00,261.17178
2011-08-25 03:00:00,214.33098
2011-08-25 04:00:00,213.38873
2011-08-25 05:00:00,216.00488
2011-08-25 06:00:00,185.70706
2011-08-25 07:00:00,230.29005
2011-08-25 08:00:00,249.63698
2011-08-25 09:00:00,264.53482
2011-08-25 10:00:00,280.48145
2011-08-25 11:00:00,255.81003
2011-08-25 12:00:00,255.81003
2011-08-25 13:00:00,110.373886
2011-08-25 14:00:00,277.67184
2011-08-25 15:00:00,279.12308
2011-08-25 16:00:00,103.426285
2011-08-25 17:00:00,103.426285
2011-08-25 18:00:00,197.85538
2011-08-25 19:00:00,230.16226
2011-08-25 20:00:00,196.52505
2011-08-25 21:00:00,166.43306
2011-08-25 22:00:00,66.06798
2011-08-25 23:00:00,67.333176
2011-08-26 00:00:00,70.18934
2011-08-26 01:00:00,66.06798
2011-08-26 02:00:00,63.020397
2011-08-26 03:00:00,51.85174
2011-08-26 04:00:00,49.49204
2011-08-26 05:00:00,118.653755
2011-08-26 06:00:00,49.49204
2011-08-26 07:00:00,70.88168
2011-08-26 08:00:00,76.326004
2011-08-26 09:00:00,111.62556
2011-08-26 10:00:00,190.81964
2011-08-26 11:00:00,271.61893
2011-08-26 12:00:00,281.4038
2011-08-26 13:00:00,291.3363
2011-08-26 14:00:00,190.6758
2011-08-26 15:00:00,301.97086
2011-08-26 16:00:00,235.25935
2011-08-26 17:00:00,288.15494
2011-08-26 18:00:00,255.71674
2011-08-26 19:00:00,131.59917
2011-08-26 20:00:00,125.51229
2011-08-26 21:00:00,167.20734
2011-08-26 22:00:00,131.59915
2011-08-26 23:00:00,94.7303
2011-08-27 00:00:00,69.555374
2011-08-27 01:00:00,76.242615
2011-08-27 02:00:00,81.00044
2011-08-27 03:00:00,128.32458
2011-08-27 04:00:00,128.32458
2011-08-27 05:00:00,145.87816
2011-08-27 06:00:00,145.87816
2011-08-27 07:00:00,180.56029
2011-08-27 08:00:00,132.20757
2011-08-27 09:00:00,233.1628
2011-08-27 10:00:00,280.40723
2011-08-27 11:00:00,178.68915
2011-08-27 12:00:00,251.43318
2011-08-27 13:00:00,210.91211
2011-08-27 14:00:00,223.95198
2011-08-27 15:00:00,223.95198
2011-08-27 16:00:00,216.6849
2011-08-27 17:00:00,168.04779
2011-08-28 07:00:00,192.56172
2011-08-28 08:00:00,216.0293
2011-08-28 09:00:00,276.87546
2011-08-28 10:00:00,369.5786
2011-08-28 11:00:00,415.04483
2011-08-28 12:00:00,466.7476
2011-08-28 13:00:00,502.92633
2011-08-28 14:00:00,510.53735
2011-08-28 15:00:00,497.5634
2011-08-28 16:00:00,511.4653
2011-08-28 17:00:00,496.75504
2011-08-28 18:00:00,435.86047
2011-08-28 19:00:00,312.36
2011-08-28 20:00:00,352.03214
2011-08-28 21:00:00,199.56616
2011-08-28 22:00:00,105.49185
2011-08-28 23:00:00,71.10964
2011-08-29 00:00:00,90.872665
2011-08-29 01:00:00,112.230576
2011-08-29 02:00:00,147.50307
2011-08-29 03:00:00,112.230576
2011-08-29 04:00:00,125.80132
2011-08-29 05:00:00,96.57684
2011-08-29 06:00:00,96.57684
2011-08-29 07:00:00,231.0906
2011-08-29 08:00:00,266.01987
2011-08-29 09:00:00,281.30664
2011-08-29 10:00:00,315.0921
2011-08-29 11:00:00,275.05875
2011-08-29 12:00:00,283.10696
2011-08-29 13:00:00,297.63455
2011-08-29 14:00:00,241.31262
2011-08-29 15:00:00,307.6003
2011-08-29 16:00:00,309.36618
2011-08-29 17:00:00,269.87167
2011-08-29 18:00:00,323.52396
2011-08-29 19:00:00,323.52396
2011-08-29 20:00:00,232.5797
2011-08-29 21:00:00,252.81592
2011-08-29 22:00:00,184.4953
2011-08-29 23:00:00,148.59308
2011-08-30 00:00:00,96.57684
2011-08-30 01:00:00,124.68966
2011-08-30 02:00:00,95.89923
2011-08-30 03:00:00,106.24521
2011-08-30 04:00:00,81.82471
2011-08-30 05:00:00,82.43673
2011-08-30 06:00:00,95.89923
2011-08-30 07:00:00,125.80132
2011-08-30 08:00:00,184.4953
2011-08-30 09:00:00,301.44412
2011-08-30 10:00:00,351.00528
2011-08-30 11:00:00,341.52798
2011-08-30 12:00:00,274.14304
2011-08-30 13:00:00,320.26334
2011-08-30 14:00:00,348.8746
2011-08-30 15:00:00,337.28403
2011-08-30 16:00:00,337.4786
2011-08-30 17:00:00,328.52136
2011-08-30 18:00:00,290.95087
2011-08-30 19:00:00,216.63074
2011-08-30 20:00:00,178.9102
2011-08-30 21:00:00,137.98863
2011-08-30 22:00:00,122.4565
2011-08-30 23:00:00,122.4565
2011-08-31 00:00:00,97.55876
2011-08-31 01:00:00,97.55876
2011-08-31 02:00:00,98.46922
2011-08-31 03:00:00,86.48982
2011-08-31 04:00:00,98.46922
2011-08-31 05:00:00,58.94122
2011-08-31 06:00:00,92.19598
2011-08-31 07:00:00,76.2899
2011-08-31 08:00:00,97.176926
2011-08-31 09:00:00,114.14998
2011-08-31 10:00:00,257.12076
2011-08-31 11:00:00,291.90396
2011-08-31 12:00:00,291.9244
2011-08-31 13:00:00,308.96762
2011-08-31 14:00:00,308.56967
2011-08-31 15:00:00,308.56967
2011-08-31 16:00:00,296.37286
2011-08-31 17:00:00,277.3855
2011-08-31 18:00:00,305.2512
2011-08-31 19:00:00,295.51312
2011-08-31 20:00:00,195.00468
2011-08-31 21:00:00,149.03783
2011-08-31 22:00:00,100.28224
2011-08-31 23:00:00,69.76247
2011-09-20 00:00:00,170.96768
2011-09-20 01:00:00,117.10542
2011-09-20 02:00:00,117.10542
2011-09-20 03:00:00,147.37338
2011-09-20 04:00:00,54.73359
2011-09-20 05:00:00,123.4188
2011-09-20 06:00:00,123.4188
2011-09-20 07:00:00,117.10542
2011-09-20 08:00:00,58.38018
2011-09-20 09:00:00,55.77409
2011-09-20 10:00:00,68.318436
2011-09-20 11:00:00,68.318436
2011-09-20 12:00:00,108.65454
2011-09-20 13:00:00,105.30832
2011-09-20 14:00:00,139.02852
2011-09-20 15:00:00,182.4103
2011-09-20 16:00:00,152.1541
2011-09-20 17:00:00,64.50132
2011-09-20 18:00:00,64.50132
2011-09-20 19:00:00,44.05545
2011-09-20 20:00:00,28.806324
2011-09-20 21:00:00,28.806322
2011-09-20 22:00:00,28.806322
2011-09-20 23:00:00,28.806322
2011-09-21 00:00:00,24.1705
2011-09-21 01:00:00,28.493542
2011-09-21 02:00:00,28.493542
2011-09-21 03:00:00,85.829346
2011-09-21 04:00:00,81.19884
2011-09-21 05:00:00,91.14791
2011-09-21 06:00:00,96.27617
2011-09-21 07:00:00,96.27617
2011-09-21 08:00:00,73.86602
2011-09-21 09:00:00,73.977394
2011-09-21 10:00:00,110.89907
2011-09-21 11:00:00,159.26978
2011-09-21 12:00:00,190.65875
2011-09-21 13:00:00,209.31813
2011-09-21 14:00:00,218.12502
2011-09-21 15:00:00,203.52205
2011-09-21 16:00:00,203.52205
2011-09-21 17:00:00,212.747
2011-09-21 18:00:00,113.284424
2011-09-21 19:00:00,93.279045
2011-09-21 20:00:00,93.279045
2011-09-21 21:00:00,81.70318
2011-09-21 22:00:00,95.60367
2011-09-21 23:00:00,41.43815
2011-09-22 00:00:00,41.43815
2011-09-22 01:00:00,101.04114
2011-09-22 02:00:00,105.58846
2011-09-22 03:00:00,101.04115
2011-09-22 04:00:00,101.04115
2011-09-22 05:00:00,105.58846
2011-09-22 06:00:00,94.3619
2011-09-22 07:00:00,85.66115
2011-09-22 08:00:00,103.89285
2011-09-22 09:00:00,133.58318
2011-09-22 10:00:00,161.34468
2011-09-22 11:00:00,152.48685
2011-09-22 12:00:00,168.1628
2011-09-22 13:00:00,173.05487
2011-09-22 14:00:00,183.33932
2011-09-22 15:00:00,195.77931
2011-09-22 16:00:00,211.11932
2011-09-22 17:00:00,191.87851
2011-09-22 18:00:00,162.24808
2011-09-22 19:00:00,146.75235
2011-09-22 20:00:00,125.77869
2011-09-22 21:00:00,146.75235
2011-09-22 22:00:00,84.91596
2011-09-22 23:00:00,95.60367
2011-09-23 00:00:00,136.9594
2011-09-23 01:00:00,58.56049
2011-09-23 02:00:00,95.52849
2011-09-23 03:00:00,58.56049
2011-09-23 04:00:00,87.33786
2011-09-23 05:00:00,100.30159
2011-09-23 06:00:00,136.9594
2011-09-23 07:00:00,142.78708
2011-09-23 08:00:00,142.78708
2011-09-23 09:00:00,95.55986
2011-09-23 10:00:00,95.12085
2011-09-23 11:00:00,95.12085
2011-09-23 12:00:00,147.59451
2011-09-23 13:00:00,84.260956
2011-09-23 14:00:00,84.260956
2011-09-23 15:00:00,147.59448
2011-09-23 16:00:00,146.87915
2011-09-23 17:00:00,58.56049
2011-09-23 18:00:00,117.9237
2011-09-23 19:00:00,200.65909
2011-09-23 20:00:00,167.8426
2011-09-23 21:00:00,147.69664
2011-09-23 22:00:00,178.69107
2011-09-23 23:00:00,100.12596
2011-09-24 00:00:00,73.93704
2011-09-24 01:00:00,85.37689
2011-09-24 02:00:00,85.37689
2011-09-24 03:00:00,110.32554
2011-09-24 04:00:00,98.40212
2011-09-24 05:00:00,80.99891
2011-09-24 06:00:00,80.99891
2011-09-24 07:00:00,106.14059
2011-09-24 08:00:00,100.42516
2011-09-24 09:00:00,114.88032
2011-09-24 10:00:00,114.88032
2011-09-24 11:00:00,161.685
2011-09-24 12:00:00,161.685
2011-09-24 13:00:00,252.91988
2011-09-24 14:00:00,268.9917
2011-09-24 15:00:00,268.9917
2011-09-24 16:00:00,217.95657
2011-09-24 17:00:00,278.07843
2011-09-24 18:00:00,240.698
2011-09-24 19:00:00,172.2964
2011-09-24 20:00:00,208.11458
2011-09-24 21:00:00,188.22615
2011-09-24 22:00:00,137.61841
2011-09-24 23:00:00,114.88032
2011-09-25 00:00:00,123.40284
2011-09-25 01:00:00,114.79418
2011-09-25 02:00:00,102.54608
2011-09-25 03:00:00,102.54608
2011-09-25 04:00:00,131.70941
2011-09-25 05:00:00,138.64789
2011-09-25 06:00:00,114.79418
2011-09-25 07:00:00,88.52169
2011-09-25 08:00:00,137.61841
2011-09-25 09:00:00,178.19757
2011-09-25 10:00:00,178.19757
2011-09-25 11:00:00,243.71146
2011-09-25 12:00:00,229.61035
2011-09-25 13:00:00,250.17024
2011-09-25 14:00:00,229.61035
2011-09-25 15:00:00,229.61035
2011-09-25 16:00:00,313.3087
2011-09-25 17:00:00,275.11554
2011-09-25 18:00:00,275.11554
2011-09-25 19:00:00,187.05963
2011-09-25 20:00:00,193.14685
2011-09-25 21:00:00,104.29083
2011-09-25 22:00:00,146.36075
2011-09-25 23:00:00,95.63008
2011-09-26 00:00:00,100.30159
2011-09-26 01:00:00,193.37517
2011-09-26 02:00:00,193.37517
2011-09-26 03:00:00,100.30159
2011-09-26 04:00:00,136.95934
2011-09-26 05:00:00,136.98067
2011-09-26 06:00:00,136.9594
2011-09-26 07:00:00,100.30159
2011-09-26 08:00:00,100.30159
2011-09-26 09:00:00,228.00769
2011-09-26 10:00:00,228.00769
2011-09-26 11:00:00,325.5512
2011-09-26 12:00:00,300.50494
2011-09-26 13:00:00,349.03555
2011-09-26 14:00:00,400.09152
2011-09-26 15:00:00,395.528
2011-09-26 16:00:00,392.1063
2011-09-26 17:00:00,411.08566
2011-09-26 18:00:00,313.4322
2011-09-26 19:00:00,321.82993
2011-09-26 20:00:00,260.32388
2011-09-26 21:00:00,260.32388
2011-09-26 22:00:00,200.65909
2011-09-26 23:00:00,200.65909
2011-09-27 00:00:00,200.65909
2011-09-27 01:00:00,197.62311
2011-09-27 02:00:00,197.41026
2011-09-27 03:00:00,100.30159
2011-09-27 04:00:00,147.41878
2011-09-27 05:00:00,147.41878
2011-09-27 06:00:00,142.87172
2011-09-27 07:00:00,142.87172
2011-09-27 08:00:00,197.09055
2011-09-27 09:00:00,209.84242
2011-09-27 10:00:00,156.30331
2011-09-27 11:00:00,207.18286
2011-09-27 12:00:00,223.18507
2011-09-27 13:00:00,321.86282
2011-09-27 14:00:00,301.9648
2011-09-27 15:00:00,262.25192
2011-09-27 16:00:00,261.26822
2011-09-27 17:00:00,236.30618
2011-09-27 18:00:00,225.53816
2011-09-27 19:00:00,213.09259
2011-09-27 20:00:00,319.57877
2011-09-27 21:00:00,260.72885
2011-09-27 22:00:00,241.51416
2011-09-27 23:00:00,241.51416
2011-09-28 00:00:00,213.67564
2011-09-28 01:00:00,213.67564
2011-09-28 02:00:00,219.33838
2011-09-28 03:00:00,123.71807
2011-09-28 04:00:00,213.67564
2011-09-28 05:00:00,89.04116
2011-09-28 06:00:00,110.53181
2011-09-28 07:00:00,110.53181
2011-09-28 08:00:00,126.80451
2011-09-28 09:00:00,126.80451
2011-09-28 10:00:00,100.30159
2011-09-28 11:00:00,252.07788
2011-09-28 12:00:00,253.22241
2011-09-28 13:00:00,350.10944
2011-09-28 14:00:00,380.31067
2011-09-28 15:00:00,411.08566
2011-09-28 16:00:00,391.0737
2011-09-28 17:00:00,382.887
2011-09-28 18:00:00,261.8564
2011-09-28 19:00:00,261.85645
2011-09-28 20:00:00,236.32188
2011-09-28 21:00:00,176.82417
2011-09-28 22:00:00,241.51416
2011-09-28 23:00:00,179.5969
2011-09-29 00:00:00,180.45325
2011-09-29 01:00:00,133.7299
2011-09-29 02:00:00,133.7299
2011-09-29 03:00:00,160.00015
2011-09-29 04:00:00,205.62137
2011-09-29 05:00:00,183.53674
2011-09-29 06:00:00,175.16034
2011-09-29 07:00:00,241.37148
2011-09-29 08:00:00,260.72885
2011-09-29 09:00:00,275.2965
2011-09-29 10:00:00,366.2399
2011-09-29 11:00:00,341.8998
2011-09-29 12:00:00,380.47684
2011-09-29 13:00:00,353.9761
2011-09-29 14:00:00,380.94504
2011-09-29 15:00:00,352.72446
2011-09-29 16:00:00,348.54214
2011-09-29 17:00:00,365.02853
2011-09-29 18:00:00,375.9741
2011-09-29 19:00:00,355.14786
2011-09-29 20:00:00,359.0469
2011-09-29 21:00:00,398.19498
2011-09-29 22:00:00,369.38867
2011-09-29 23:00:00,257.7567
2011-09-30 00:00:00,211.30447
2011-09-30 01:00:00,258.2856
2011-09-30 02:00:00,211.30447
2011-09-30 03:00:00,211.30447
2011-09-30 04:00:00,210.85263
2011-09-30 05:00:00,210.85263
2011-09-30 06:00:00,208.29962
2011-09-30 07:00:00,208.29962
2011-09-30 08:00:00,275.54868
2011-09-30 09:00:00,286.28726
2011-09-30 10:00:00,424.07953
2011-09-30 11:00:00,392.63937
2011-09-30 12:00:00,313.1974
2011-09-30 13:00:00,332.3138
2011-09-30 14:00:00,329.36777
2011-09-30 15:00:00,355.4909
2011-09-30 16:00:00,341.37247
2011-09-30 17:00:00,341.86316
2011-09-30 18:00:00,278.59808
2011-09-30 19:00:00,235.54752
2011-09-30 20:00:00,235.54752
2011-09-30 21:00:00,230.59296
2011-09-30 22:00:00,210.88232
2011-09-30 23:00:00,210.88232
2011-10-20 00:00:00,175.1395
2011-10-20 01:00:00,213.19856
2011-10-20 02:00:00,228.83723
2011-10-20 03:00:00,178.48672
2011-10-20 04:00:00,178.48672
2011-10-20 05:00:00,174.65852
2011-10-20 06:00:00,156.99265
2011-10-20 07:00:00,133.09805
2011-10-20 08:00:00,162.80429
2011-10-20 09:00:00,184.78821
2011-10-20 10:00:00,192.44843
2011-10-20 11:00:00,247.23096
2011-10-20 12:00:00,297.26062
2011-10-20 13:00:00,327.3397
2011-10-20 14:00:00,205.67485
2011-10-20 15:00:00,207.37856
2011-10-20 16:00:00,207.37856
2011-10-20 17:00:00,213.88724
2011-10-20 18:00:00,232.8166
2011-10-20 19:00:00,227.14113
2011-10-20 20:00:00,221.65938
2011-10-20 21:00:00,212.81651
2011-10-20 22:00:00,218.71768
2011-10-20 23:00:00,185.99065
2011-10-21 00:00:00,168.96146
2011-10-21 01:00:00,182.03593
2011-10-21 02:00:00,189.4167
2011-10-21 03:00:00,151.60495
2011-10-21 04:00:00,152.8276
2011-10-21 05:00:00,150.15926
2011-10-21 06:00:00,152.8276
2011-10-21 07:00:00,152.8276
2011-10-21 08:00:00,194.32466
2011-10-21 09:00:00,322.0129
2011-10-21 10:00:00,236.3311
2011-10-21 11:00:00,261.80887
2011-10-21 12:00:00,259.4987
2011-10-21 13:00:00,238.52026
2011-10-21 14:00:00,285.02444
2011-10-21 15:00:00,258.87454
2011-10-21 16:00:00,259.6743
2011-10-21 17:00:00,262.20322
2011-10-21 18:00:00,275.27643
2011-10-21 19:00:00,200.22249
2011-10-21 20:00:00,293.48917
2011-10-21 21:00:00,230.84215
2011-10-21 22:00:00,233.48672
2011-10-21 23:00:00,182.03593
2011-10-22 00:00:00,156.55562
2011-10-22 01:00:00,156.55562
2011-10-22 02:00:00,148.22746
2011-10-22 03:00:00,186.65674
2011-10-22 04:00:00,167.52582
2011-10-22 05:00:00,204.90349
2011-10-22 06:00:00,166.9761
2011-10-22 07:00:00,128.91788
2011-10-22 08:00:00,206.89688
2011-10-22 09:00:00,211.54617
2011-10-22 10:00:00,273.53317
2011-10-22 11:00:00,273.53317
2011-10-22 12:00:00,315.59024
2011-10-22 13:00:00,441.2641
2011-10-22 14:00:00,361.9687
2011-10-22 15:00:00,339.42868
2011-10-22 16:00:00,401.89505
2011-10-22 17:00:00,307.71408
2011-10-22 18:00:00,293.1897
2011-10-22 19:00:00,259.93372
2011-10-22 20:00:00,243.05963
2011-10-22 21:00:00,184.4578
2011-10-22 22:00:00,184.4578
2011-10-22 23:00:00,144.4776
2011-10-23 00:00:00,110.37511
2011-10-23 01:00:00,110.37511
2011-10-23 02:00:00,108.27768
2011-10-23 03:00:00,108.639496
2011-10-23 04:00:00,108.639496
2011-10-23 05:00:00,98.37315
2011-10-23 06:00:00,94.48743
2011-10-23 07:00:00,108.27768
2011-10-23 08:00:00,122.27476
2011-10-23 09:00:00,184.4578
2011-10-23 10:00:00,198.44937
2011-10-23 11:00:00,200.54153
2011-10-23 12:00:00,295.13535
2011-10-23 13:00:00,385.4426
2011-10-23 14:00:00,375.73773
2011-10-23 15:00:00,411.2576
2011-10-23 16:00:00,385.4426
2011-10-23 17:00:00,313.91714
2011-10-23 18:00:00,326.42297
2011-10-23 19:00:00,192.5848
2011-10-23 20:00:00,214.70802
2011-10-23 21:00:00,214.70802
2011-10-23 22:00:00,179.92395
2011-10-23 23:00:00,157.86201
2011-10-24 00:00:00,168.52275
2011-10-24 01:00:00,151.82878
2011-10-24 02:00:00,136.53915
2011-10-24 03:00:00,139.70226
2011-10-24 04:00:00,124.84624
2011-10-24 05:00:00,116.527954
2011-10-24 06:00:00,136.53915
2011-10-24 07:00:00,137.04655
2011-10-24 08:00:00,178.7681
2011-10-24 09:00:00,213.06306
2011-10-24 10:00:00,254.26602
2011-10-24 11:00:00,320.858
2011-10-24 12:00:00,313.8793
2011-10-24 13:00:00,334.3973
2011-10-24 14:00:00,338.87274
2011-10-24 15:00:00,312.39392
2011-10-24 16:00:00,297.0544
2011-10-24 17:00:00,309.10748
2011-10-24 18:00:00,344.46674
2011-10-24 19:00:00,127.041565
2011-10-24 20:00:00,183.8846
2011-10-24 21:00:00,131.90991
2011-10-24 22:00:00,233.52756
2011-10-24 23:00:00,201.84737
2011-10-25 00:00:00,189.97765
2011-10-25 01:00:00,189.97765
2011-10-25 02:00:00,151.11536
2011-10-25 03:00:00,117.875534
2011-10-25 04:00:00,147.45772
2011-10-25 05:00:00,147.45772
2011-10-25 06:00:00,147.46097
2011-10-25 07:00:00,166.66692
2011-10-25 08:00:00,205.53574
2011-10-25 09:00:00,203.9228
2011-10-25 10:00:00,221.68439
2011-10-25 11:00:00,248.17957
2011-10-25 12:00:00,314.49057
2011-10-25 13:00:00,318.1541
2011-10-25 14:00:00,318.35098
2011-10-25 15:00:00,332.83408
2011-10-25 16:00:00,339.40457
2011-10-25 17:00:00,332.83408
2011-10-25 18:00:00,289.6725
2011-10-25 19:00:00,233.05263
2011-10-25 20:00:00,276.28265
2011-10-25 21:00:00,217.645
2011-10-25 22:00:00,210.25555
2011-10-25 23:00:00,217.645
2011-10-26 00:00:00,199.48851
2011-10-26 01:00:00,163.72159
2011-10-26 02:00:00,213.64699
2011-10-26 03:00:00,179.68437
2011-10-26 04:00:00,155.84529
2011-10-26 05:00:00,170.8883
2011-10-26 06:00:00,170.8883
2011-10-26 07:00:00,201.17107
2011-10-26 08:00:00,318.8885
2011-10-26 09:00:00,327.93942
2011-10-26 10:00:00,315.94998
2011-10-26 11:00:00,206.54309
2011-10-26 12:00:00,381.87802
2011-10-26 13:00:00,366.93848
2011-10-26 14:00:00,179.87137
2011-10-26 15:00:00,179.87137
2011-10-26 16:00:00,224.42262
2011-10-26 17:00:00,230.00716
2011-10-26 18:00:00,252.56416
2011-10-26 19:00:00,210.80544
2011-10-26 20:00:00,169.9282
2011-10-26 21:00:00,179.87137
2011-10-26 22:00:00,124.614365
2011-10-26 23:00:00,124.614365
2011-10-27 00:00:00,104.53618
2011-10-27 01:00:00,104.53618
2011-10-27 02:00:00,59.02441
2011-10-27 03:00:00,59.024395
2011-10-27 04:00:00,91.99853
2011-10-27 05:00:00,87.270355
2011-10-27 06:00:00,141.52235
2011-10-27 07:00:00,90.88756
2011-10-27 08:00:00,103.58241
2011-10-27 09:00:00,211.43094
2011-10-27 10:00:00,109.490555
2011-10-27 11:00:00,102.72208
2011-10-27 12:00:00,102.72208
2011-10-27 13:00:00,152.3297
2011-10-27 14:00:00,137.0102
2011-10-27 15:00:00,181.38515
2011-10-27 16:00:00,290.03696
2011-10-27 17:00:00,190.15761
2011-10-27 18:00:00,185.64021
2011-10-27 19:00:00,176.047
2011-10-27 20:00:00,151.09053
2011-10-27 21:00:00,186.928
2011-10-27 22:00:00,157.79816
2011-10-27 23:00:00,155.99564
2011-10-28 00:00:00,157.12837
2011-10-28 01:00:00,160.29477
2011-10-28 02:00:00,155.72075
2011-10-28 03:00:00,157.1905
2011-10-28 04:00:00,160.42459
2011-10-28 05:00:00,213.54251
2011-10-28 06:00:00,167.339
2011-10-28 07:00:00,167.339
2011-10-28 08:00:00,162.42696
2011-10-28 09:00:00,190.37361
2011-10-28 10:00:00,198.41663
2011-10-28 11:00:00,236.7742
2011-10-28 12:00:00,232.13086
2011-10-28 13:00:00,222.28279
2011-10-28 14:00:00,254.68663
2011-10-28 15:00:00,225.29129
2011-10-28 16:00:00,268.99966
2011-10-28 17:00:00,281.77606
2011-10-28 18:00:00,291.62662
2011-10-28 19:00:00,281.77606
2011-10-28 20:00:00,136.86755
2011-10-28 21:00:00,109.31989
2011-10-28 22:00:00,83.66078
2011-10-28 23:00:00,72.63212
2011-10-29 00:00:00,112.40501
2011-10-29 01:00:00,120.28999
2011-10-29 02:00:00,120.28999
2011-10-29 03:00:00,103.3159
2011-10-29 04:00:00,103.3159
2011-10-29 05:00:00,82.10787
2011-10-29 06:00:00,86.55616
2011-10-29 07:00:00,86.55616
2011-10-29 08:00:00,94.76594
2011-10-29 09:00:00,94.76594
2011-10-29 10:00:00,91.890625
2011-10-29 11:00:00,74.79528
2011-10-29 12:00:00,64.05855
2011-10-29 13:00:00,61.815323
2011-10-29 14:00:00,67.4097
2011-10-29 15:00:00,86.21044
2011-10-29 16:00:00,77.863075
2011-10-29 17:00:00,77.863075
2011-10-29 18:00:00,77.863075
2011-10-29 19:00:00,42.64776
2011-10-29 20:00:00,42.64776
2011-10-29 21:00:00,42.647762
2011-10-29 22:00:00,48.820404
2011-10-29 23:00:00,50.064007
2011-10-30 00:00:00,48.820404
2011-10-30 01:00:00,46.47458
2011-10-30 02:00:00,44.129993
2011-10-30 03:00:00,33.94208
2011-10-30 04:00:00,35.638596
2011-10-30 05:00:00,36.4938
2011-10-30 06:00:00,41.78393
2011-10-30 07:00:00,56.24932
2011-10-30 08:00:00,47.47135
2011-10-30 09:00:00,55.742565
2011-10-30 10:00:00,105.2929
2011-10-30 11:00:00,157.03102
2011-10-30 12:00:00,231.2806
2011-10-30 13:00:00,311.66406
2011-10-30 14:00:00,378.8485
2011-10-30 15:00:00,404.73392
2011-10-30 16:00:00,423.5235
2011-10-30 17:00:00,402.65646
2011-10-30 18:00:00,281.48587
2011-10-30 19:00:00,398.74033
2011-10-30 20:00:00,184.82208
2011-10-30 21:00:00,135.05597
2011-10-30 22:00:00,110.270615
2011-10-30 23:00:00,55.518692
2011-10-31 00:00:00,117.73254
2011-10-31 01:00:00,100.32337
2011-10-31 02:00:00,115.27832
2011-10-31 03:00:00,135.98264
2011-10-31 04:00:00,115.278305
2011-10-31 05:00:00,128.39865
2011-10-31 06:00:00,115.27832
2011-10-31 07:00:00,130.84427
2011-10-31 08:00:00,127.75775
2011-10-31 09:00:00,175.34311
2011-10-31 10:00:00,276.29184
2011-10-31 11:00:00,245.31468
2011-10-31 12:00:00,248.33484
2011-10-31 13:00:00,241.27644
2011-10-31 14:00:00,254.0522
2011-10-31 15:00:00,247.11264
2011-10-31 16:00:00,233.48672
2011-10-31 17:00:00,244.38103
2011-10-31 18:00:00,213.17117
2011-10-31 19:00:00,213.17117
2011-10-31 20:00:00,213.17117
2011-10-31 21:00:00,184.3895
2011-10-31 22:00:00,184.3895
2011-10-31 23:00:00,184.3895
2011-11-20 00:00:00,140.25156
2011-11-20 01:00:00,148.22746
2011-11-20 02:00:00,146.87358
2011-11-20 03:00:00,168.40117
2011-11-20 04:00:00,179.63802
2011-11-20 05:00:00,189.81392
2011-11-20 06:00:00,195.3731
2011-11-20 07:00:00,151.17488
2011-11-20 08:00:00,197.30586
2011-11-20 09:00:00,182.81482
2011-11-20 10:00:00,259.88855
2011-11-20 11:00:00,358.91644
2011-11-20 12:00:00,355.69766
2011-11-20 13:00:00,405.6748
2011-11-20 14:00:00,292.9864
2011-11-20 15:00:00,327.52167
2011-11-20 16:00:00,374.15952
2011-11-20 17:00:00,366.99988
2011-11-20 18:00:00,380.49298
2011-11-20 19:00:00,271.31784
2011-11-20 20:00:00,324.81616
2011-11-20 21:00:00,207.4082
2011-11-20 22:00:00,134.77594
2011-11-20 23:00:00,134.77594
2011-11-21 00:00:00,63.81289
2011-11-21 01:00:00,68.659836
2011-11-21 02:00:00,54.530933
2011-11-21 03:00:00,43.98405
2011-11-21 04:00:00,43.98405
2011-11-21 05:00:00,48.43296
2011-11-21 06:00:00,52.665283
2011-11-21 07:00:00,128.53865
2011-11-21 08:00:00,63.81289
2011-11-21 09:00:00,92.823555
2011-11-21 10:00:00,137.0102
2011-11-21 11:00:00,181.38515
2011-11-21 12:00:00,253.664
2011-11-21 13:00:00,253.664
2011-11-21 14:00:00,227.03943
2011-11-21 15:00:00,78.28204
2011-11-21 16:00:00,78.28204
2011-11-21 17:00:00,95.95463
2011-11-21 18:00:00,93.465195
2011-11-21 19:00:00,75.20735
2011-11-21 20:00:00,96.220314
2011-11-21 21:00:00,89.2735
2011-11-21 22:00:00,81.623764
2011-11-21 23:00:00,89.2735
2011-11-22 00:00:00,63.04836
2011-11-22 01:00:00,63.623497
2011-11-22 02:00:00,50.734665
2011-11-22 03:00:00,50.734665
2011-11-22 04:00:00,71.96301
2011-11-22 05:00:00,71.96301
2011-11-22 06:00:00,137.04655
2011-11-22 07:00:00,82.44248
2011-11-22 08:00:00,82.44248
2011-11-22 09:00:00,45.207523
2011-11-22 10:00:00,45.207523
2011-11-22 11:00:00,63.623497
2011-11-22 12:00:00,45.355156
2011-11-22 13:00:00,41.39741
2011-11-22 14:00:00,41.39741
2011-11-22 15:00:00,53.347733
2011-11-22 16:00:00,53.347733
2011-11-22 17:00:00,37.66991
2011-11-22 18:00:00,39.391235
2011-11-22 19:00:00,57.062428
2011-11-22 20:00:00,132.06166
2011-11-22 21:00:00,147.58656
2011-11-22 22:00:00,132.28421
2011-11-22 23:00:00,173.61244
2011-11-23 00:00:00,173.61244
2011-11-23 01:00:00,193.08388
2011-11-23 02:00:00,113.59263
2011-11-23 03:00:00,113.59265
2011-11-23 04:00:00,158.27737
2011-11-23 05:00:00,147.85846
2011-11-23 06:00:00,48.43296
2011-11-23 07:00:00,72.15204
2011-11-23 08:00:00,92.823555
2011-11-23 09:00:00,127.83487
2011-11-23 10:00:00,127.83487
2011-11-23 11:00:00,203.76207
2011-11-23 12:00:00,227.34155
2011-11-23 13:00:00,185.10945
2011-11-23 14:00:00,221.80132
2011-11-23 15:00:00,183.07375
2011-11-23 16:00:00,167.15106
2011-11-23 17:00:00,119.36189
2011-11-23 18:00:00,168.57414
2011-11-23 19:00:00,169.27911
2011-11-23 20:00:00,148.88213
2011-11-23 21:00:00,193.31815
2011-11-23 22:00:00,164.98866
2011-11-23 23:00:00,150.5987
2011-11-24 00:00:00,40.697247
2011-11-24 01:00:00,110.80022
2011-11-24 02:00:00,45.547684
2011-11-24 03:00:00,24.507153
2011-11-24 04:00:00,25.473045
2011-11-24 05:00:00,25.778471
2011-11-24 06:00:00,25.473045
2011-11-24 07:00:00,23.810396
2011-11-24 08:00:00,24.004948
2011-11-24 09:00:00,41.913586
2011-11-24 10:00:00,78.47819
2011-11-24 11:00:00,305.43253
2011-11-24 12:00:00,384.42398
2011-11-24 13:00:00,418.2372
2011-11-24 14:00:00,446.95694
2011-11-24 15:00:00,440.38083
2011-11-24 16:00:00,444.70197
2011-11-24 17:00:00,404.05975
2011-11-24 18:00:00,183.4743
2011-11-24 19:00:00,143.13054
2011-11-24 20:00:00,52.51498
2011-11-24 21:00:00,45.571724
2011-11-24 22:00:00,45.571724
2011-11-24 23:00:00,39.63168
2011-11-25 00:00:00,149.79799
2011-11-25 01:00:00,114.63996
2011-11-25 02:00:00,139.1501
2011-11-25 03:00:00,136.47032
2011-11-25 04:00:00,137.82834
2011-11-25 05:00:00,88.62428
2011-11-25 06:00:00,137.21991
2011-11-25 07:00:00,100.32337
2011-11-25 08:00:00,139.10811
2011-11-25 09:00:00,103.956795
2011-11-25 10:00:00,152.8276
2011-11-25 11:00:00,214.32245
2011-11-25 12:00:00,257.13174
2011-11-25 13:00:00,261.80887
2011-11-25 14:00:00,309.38818
2011-11-25 15:00:00,324.5608
2011-11-25 16:00:00,294.5442
2011-11-25 17:00:00,319.5668
2011-11-25 18:00:00,274.57184
2011-11-25 19:00:00,208.031
2011-11-25 20:00:00,253.81337
2011-11-25 21:00:00,151.83928
2011-11-25 22:00:00,139.48758
2011-11-25 23:00:00,142.31024
2011-11-26 00:00:00,114.27148
2011-11-26 01:00:00,103.69527
2011-11-26 02:00:00,83.64974
2011-11-26 03:00:00,94.40497
2011-11-26 04:00:00,94.40497
2011-11-26 05:00:00,85.40592
2011-11-26 06:00:00,147.12709
2011-11-26 07:00:00,57.752426
2011-11-26 08:00:00,103.69527
2011-11-26 09:00:00,119.16374
2011-11-26 10:00:00,144.19862
2011-11-26 11:00:00,198.53879
2011-11-26 12:00:00,345.36035
2011-11-26 13:00:00,419.8493
2011-11-26 14:00:00,381.00043
2011-11-26 15:00:00,437.60382
2011-11-26 16:00:00,361.6154
2011-11-26 17:00:00,361.6154
2011-11-26 18:00:00,225.63483
2011-11-26 19:00:00,230.46928
2011-11-26 20:00:00,310.3776
2011-11-26 21:00:00,153.46162
2011-11-26 22:00:00,191.05696
2011-11-26 23:00:00,144.19862
2011-11-27 00:00:00,144.19862
2011-11-27 01:00:00,144.19862
2011-11-27 02:00:00,131.70895
2011-11-27 03:00:00,108.639496
2011-11-27 04:00:00,109.17626
2011-11-27 05:00:00,114.67097
2011-11-27 06:00:00,134.55647
2011-11-27 07:00:00,126.543915
2011-11-27 08:00:00,110.00052
2011-11-27 09:00:00,156.76773
2011-11-27 10:00:00,156.76773
2011-11-27 11:00:00,217.65036
2011-11-27 12:00:00,359.48264
2011-11-27 13:00:00,384.51077
2011-11-27 14:00:00,440.8946
2011-11-27 15:00:00,498.42636
2011-11-27 16:00:00,413.8932
2011-11-27 17:00:00,406.55347
2011-11-27 18:00:00,296.40967
2011-11-27 19:00:00,218.28723
2011-11-27 20:00:00,262.36594
2011-11-27 21:00:00,196.94124
2011-11-27 22:00:00,181.08994
2011-11-27 23:00:00,181.08994
2011-11-28 00:00:00,171.51263
2011-11-28 01:00:00,165.09073
2011-11-28 03:00:00,163.01361
2011-11-28 04:00:00,150.00267
2011-11-28 05:00:00,117.875534
2011-11-28 06:00:00,139.69423
2011-11-28 07:00:00,116.04251
2011-11-28 08:00:00,67.76963
2011-11-28 09:00:00,205.59973
2011-11-28 10:00:00,262.05167
2011-11-28 11:00:00,313.87924
2011-11-28 12:00:00,352.76215
2011-11-28 13:00:00,353.73834
2011-11-28 14:00:00,405.2377
2011-11-28 15:00:00,328.3131
2011-11-28 16:00:00,292.05756
2011-11-28 17:00:00,288.72037
2011-11-28 18:00:00,296.30515
2011-11-28 19:00:00,261.3046
2011-11-28 20:00:00,302.2713
2011-11-28 21:00:00,276.5254
2011-11-28 22:00:00,181.38515
2011-11-28 23:00:00,188.05826
2011-11-29 00:00:00,214.86618
2011-11-29 01:00:00,213.48676
2011-11-29 02:00:00,98.594025
2011-11-29 03:00:00,98.594025
2011-11-29 04:00:00,263.47952
2011-11-29 05:00:00,182.593
2011-11-29 06:00:00,204.85568
2011-11-29 07:00:00,239.4569
2011-11-29 08:00:00,227.30469
2011-11-29 09:00:00,228.72107
2011-11-29 10:00:00,228.72107
2011-11-29 11:00:00,129.75209
2011-11-29 12:00:00,109.50162
2011-11-29 13:00:00,134.11986
2011-11-29 14:00:00,75.20737
2011-11-29 15:00:00,90.2603
2011-11-29 16:00:00,96.22032
2011-11-29 17:00:00,198.14532
2011-11-29 18:00:00,195.45996
2011-11-29 19:00:00,196.72787
2011-11-29 20:00:00,192.20085
2011-11-29 21:00:00,192.20085
2011-11-29 22:00:00,157.54657
2011-11-29 23:00:00,127.40367
2011-11-30 00:00:00,153.30246
2011-11-30 01:00:00,143.89528
2011-11-30 02:00:00,152.96371
2011-11-30 03:00:00,152.96371
2011-11-30 04:00:00,150.8505
2011-11-30 05:00:00,146.5079
2011-11-30 06:00:00,137.2292
2011-11-30 07:00:00,137.21991
2011-11-30 08:00:00,146.5079
2011-11-30 09:00:00,152.85774
2011-11-30 10:00:00,160.2338
2011-11-30 11:00:00,195.01884
2011-11-30 12:00:00,237.09993
2011-11-30 13:00:00,188.25597
2011-11-30 14:00:00,188.25597
2011-11-30 15:00:00,244.75563
2011-11-30 16:00:00,238.10362
2011-11-30 17:00:00,202.92361
2011-11-30 18:00:00,209.99347
2011-11-30 19:00:00,208.68301
2011-11-30 20:00:00,208.68301
2011-11-30 21:00:00,186.9725
2011-11-30 22:00:00,171.11255
2011-11-30 23:00:00,186.07388
2011-12-20 00:00:00,239.70985
2011-12-20 01:00:00,248.0917
2011-12-20 02:00:00,211.87126
2011-12-20 03:00:00,211.87126
2011-12-20 04:00:00,274.1424
2011-12-20 05:00:00,244.77826
2011-12-20 06:00:00,244.77829
2011-12-20 07:00:00,227.08784
2011-12-20 08:00:00,307.20087
2011-12-20 09:00:00,206.33105
2011-12-20 10:00:00,316.62943
2011-12-20 11:00:00,304.9628
2011-12-20 12:00:00,324.03873
2011-12-20 13:00:00,324.03873
2011-12-20 14:00:00,326.97464
2011-12-20 15:00:00,318.8575
2011-12-20 16:00:00,290.56387
2011-12-20 17:00:00,209.25897
2011-12-20 18:00:00,176.49585
2011-12-20 19:00:00,187.19276
2011-12-20 20:00:00,171.10869
2011-12-20 21:00:00,178.85498
2011-12-20 22:00:00,206.33105
2011-12-20 23:00:00,246.23969
2011-12-21 00:00:00,118.00052
2011-12-21 01:00:00,132.40189
2011-12-21 02:00:00,154.02177
2011-12-21 03:00:00,154.02177
2011-12-21 04:00:00,154.02177
2011-12-21 05:00:00,131.42276
2011-12-21 06:00:00,161.75728
2011-12-21 07:00:00,119.45284
2011-12-21 08:00:00,146.7462
2011-12-21 09:00:00,82.96066
2011-12-21 10:00:00,102.904785
2011-12-21 11:00:00,102.904785
2011-12-21 12:00:00,74.286766
2011-12-21 13:00:00,74.92227
2011-12-21 14:00:00,92.18056
2011-12-21 15:00:00,91.10791
2011-12-21 16:00:00,68.24454
2011-12-21 17:00:00,68.24454
2011-12-21 18:00:00,74.34558
2011-12-21 19:00:00,109.84788
2011-12-21 20:00:00,103.13786
2011-12-21 21:00:00,149.80547
2011-12-21 22:00:00,157.26112
2011-12-21 23:00:00,182.69383
2011-12-22 00:00:00,228.42189
2011-12-22 01:00:00,177.8125
2011-12-22 02:00:00,214.09393
2011-12-22 03:00:00,155.16321
2011-12-22 04:00:00,136.61426
2011-12-22 05:00:00,175.90393
2011-12-22 06:00:00,164.36847
2011-12-22 07:00:00,152.99713
2011-12-22 08:00:00,161.75728
2011-12-22 09:00:00,140.05318
2011-12-22 10:00:00,150.40518
2011-12-22 11:00:00,191.42188
2011-12-22 12:00:00,152.5447
2011-12-22 13:00:00,161.54442
2011-12-22 14:00:00,161.54442
2011-12-22 15:00:00,160.20233
2011-12-22 16:00:00,161.54442
2011-12-22 17:00:00,164.07684
2011-12-22 18:00:00,163.00635
2011-12-22 19:00:00,153.69653
2011-12-22 20:00:00,130.62933
2011-12-22 21:00:00,130.62933
2011-12-22 22:00:00,111.68154
2011-12-22 23:00:00,155.84682
2011-12-23 00:00:00,104.30598
2011-12-23 01:00:00,104.30598
2011-12-23 02:00:00,111.618004
2011-12-23 03:00:00,111.618004
2011-12-23 04:00:00,61.97801
2011-12-23 05:00:00,100.67616
2011-12-23 06:00:00,86.39331
2011-12-23 07:00:00,94.63412
2011-12-23 08:00:00,94.004105
2011-12-23 09:00:00,108.98432
2011-12-23 10:00:00,121.89017
2011-12-23 11:00:00,139.0671
2011-12-23 12:00:00,154.86871
2011-12-23 13:00:00,160.37048
2011-12-23 14:00:00,146.66533
2011-12-23 15:00:00,132.40276
2011-12-23 16:00:00,138.37056
2011-12-23 17:00:00,125.10128
2011-12-23 18:00:00,129.1155
2011-12-23 19:00:00,117.75505
2011-12-23 20:00:00,98.57834
2011-12-23 21:00:00,100.54094
2011-12-23 22:00:00,100.883835
2011-12-23 23:00:00,110.115814
2011-12-24 00:00:00,104.26191
2011-12-24 01:00:00,86.42385
2011-12-24 02:00:00,97.8365
2011-12-24 03:00:00,96.07955
2011-12-24 04:00:00,106.11209
2011-12-24 05:00:00,106.11209
2011-12-24 06:00:00,91.43923
2011-12-24 07:00:00,61.356785
2011-12-24 08:00:00,53.11832
2011-12-24 09:00:00,116.49553
2011-12-24 10:00:00,101.284424
2011-12-24 11:00:00,140.21141
2011-12-24 12:00:00,168.96906
2011-12-24 13:00:00,164.17857
2011-12-24 14:00:00,164.17857
2011-12-24 15:00:00,147.7648
2011-12-24 16:00:00,135.60599
2011-12-24 17:00:00,93.1332
2011-12-24 18:00:00,98.92372
2011-12-24 19:00:00,80.67494
2011-12-24 20:00:00,54.69583
2011-12-24 21:00:00,56.739338
2011-12-24 22:00:00,44.242672
2011-12-24 23:00:00,39.61907
2011-12-25 00:00:00,49.179913
2011-12-25 01:00:00,37.984806
2011-12-25 02:00:00,34.68325
2011-12-25 03:00:00,31.543304
2011-12-25 05:00:00,34.324795
2011-12-25 06:00:00,34.324795
2011-12-25 07:00:00,36.239197
2011-12-25 08:00:00,39.101482
2011-12-25 09:00:00,40.810196
2011-12-25 10:00:00,42.7892
2011-12-25 11:00:00,55.52754
2011-12-25 12:00:00,50.903404
2011-12-25 13:00:00,70.12079
2011-12-25 14:00:00,102.9098
2011-12-25 15:00:00,96.40183
2011-12-25 16:00:00,105.29033
2011-12-25 17:00:00,87.05797
2011-12-25 18:00:00,70.171646
2011-12-25 19:00:00,88.078705
2011-12-25 20:00:00,99.36704
2011-12-25 21:00:00,77.42306
2011-12-25 22:00:00,55.742855
2011-12-25 23:00:00,44.056343
2011-12-26 00:00:00,56.61318
2011-12-26 01:00:00,97.403046
2011-12-26 02:00:00,127.46137
2011-12-26 04:00:00,156.57175
2011-12-26 05:00:00,163.16199
2011-12-26 06:00:00,148.29921
2011-12-26 07:00:00,113.14435
2011-12-26 08:00:00,86.43056
2011-12-26 09:00:00,156.57175
2011-12-26 10:00:00,158.10359
2011-12-26 11:00:00,149.64061
2011-12-26 12:00:00,164.54672
2011-12-26 13:00:00,139.51065
2011-12-26 14:00:00,144.88664
2011-12-26 15:00:00,128.51259
2011-12-26 16:00:00,147.11731
2011-12-26 17:00:00,127.46137
2011-12-26 18:00:00,69.64991
2011-12-26 19:00:00,64.060555
2011-12-26 20:00:00,65.64016
2011-12-26 21:00:00,36.052258
2011-12-26 22:00:00,36.05227
2011-12-26 23:00:00,53.53515
2011-12-27 00:00:00,96.314606
2011-12-27 01:00:00,96.660934
2011-12-27 02:00:00,96.660934
2011-12-27 03:00:00,112.09941
2011-12-27 04:00:00,108.623924
2011-12-27 05:00:00,103.1945
2011-12-27 06:00:00,106.62346
2011-12-27 07:00:00,101.130196
2011-12-27 08:00:00,113.61879
2011-12-27 09:00:00,112.696655
2011-12-27 10:00:00,117.78493
2011-12-27 11:00:00,112.696655
2011-12-27 12:00:00,89.76729
2011-12-27 13:00:00,83.11091
2011-12-27 14:00:00,82.0289
2011-12-27 15:00:00,82.0289
2011-12-27 16:00:00,76.79195
2011-12-27 17:00:00,136.22157
2011-12-27 18:00:00,83.081604
2011-12-27 19:00:00,104.52194
2011-12-27 20:00:00,121.55214
2011-12-27 21:00:00,122.02889
2011-12-27 22:00:00,122.02889
2011-12-27 23:00:00,97.18216
2011-12-28 00:00:00,94.869545
2011-12-28 01:00:00,101.49775
2011-12-28 02:00:00,98.35942
2011-12-28 03:00:00,98.35942
2011-12-28 05:00:00,104.98717
2011-12-28 06:00:00,103.740265
2011-12-28 07:00:00,103.74029
2011-12-28 08:00:00,104.98713
2011-12-28 09:00:00,103.091995
2011-12-28 10:00:00,110.555565
2011-12-28 11:00:00,141.58527
2011-12-28 12:00:00,146.192
2011-12-28 13:00:00,161.16696
2011-12-28 14:00:00,146.1062
2011-12-28 15:00:00,158.51746
2011-12-28 16:00:00,148.09842
2011-12-28 17:00:00,118.592606
2011-12-28 18:00:00,118.93572
2011-12-28 19:00:00,102.10234
2011-12-28 20:00:00,100.601074
2011-12-28 21:00:00,99.4002
2011-12-28 22:00:00,102.56694
2011-12-28 23:00:00,95.36926
2011-12-29 00:00:00,98.355515
2011-12-29 01:00:00,93.42701
2011-12-29 02:00:00,94.14433
2011-12-29 03:00:00,90.98582
2011-12-29 04:00:00,92.48027
2011-12-29 05:00:00,94.15068
2011-12-29 06:00:00,89.77712
2011-12-29 07:00:00,89.51955
2011-12-29 08:00:00,95.64908
2011-12-29 09:00:00,91.42027
2011-12-29 10:00:00,94.11805
2011-12-29 11:00:00,101.29971
2011-12-29 12:00:00,104.76584
2011-12-29 13:00:00,107.58833
2011-12-29 14:00:00,96.02907
2011-12-29 15:00:00,108.89206
2011-12-29 16:00:00,108.98532
2011-12-29 17:00:00,104.19793
2011-12-29 18:00:00,108.85885
2011-12-29 19:00:00,114.01649
2011-12-29 20:00:00,103.41928
2011-12-29 21:00:00,108.31146
2011-12-29 22:00:00,102.94823
2011-12-29 23:00:00,102.552055
2011-12-30 00:00:00,100.02114
2011-12-30 01:00:00,98.070244
2011-12-30 02:00:00,94.47864
2011-12-30 03:00:00,94.47864
2011-12-30 04:00:00,94.05014
2011-12-30 05:00:00,89.34355
2011-12-30 06:00:00,94.05014
2011-12-30 07:00:00,92.27362
2011-12-30 08:00:00,98.68872
2011-12-30 09:00:00,98.05801
2011-12-30 10:00:00,90.67431
2011-12-30 11:00:00,100.883835
2011-12-30 12:00:00,115.98752
2011-12-30 13:00:00,128.30759
2011-12-30 14:00:00,111.79584
2011-12-30 15:00:00,180.61957
2011-12-30 16:00:00,185.0824
2011-12-30 17:00:00,146.53185
2011-12-30 18:00:00,125.33181
2011-12-30 19:00:00,144.49487
2011-12-30 20:00:00,122.681625
2011-12-30 21:00:00,132.40189
2011-12-30 22:00:00,117.79968
2011-12-30 23:00:00,120.56712
2011-12-31 00:00:00,128.97478
2011-12-31 01:00:00,160.13907
2011-12-31 02:00:00,160.13907
2011-12-31 03:00:00,160.13907
2011-12-31 04:00:00,100.714035
2011-12-31 05:00:00,115.943504
2011-12-31 06:00:00,127.91778
2011-12-31 07:00:00,93.608765
2011-12-31 08:00:00,68.57819
2011-12-31 09:00:00,82.73033
2011-12-31 10:00:00,103.514885
2011-12-31 11:00:00,129.28316
2011-12-31 12:00:00,301.20657
2011-12-31 13:00:00,202.3131
2011-12-31 14:00:00,232.09697
2011-12-31 15:00:00,166.51657
2011-12-31 16:00:00,181.22676
2011-12-31 17:00:00,193.13477
2011-12-31 18:00:00,167.25204
2011-12-31 19:00:00,201.46896
2011-12-31 20:00:00,201.46896
2011-12-31 21:00:00,156.61665
2011-12-31 22:00:00,112.280785
2011-12-31 23:00:00,72.4217
2012-01-20 00:00:00,112.06082
2012-01-20 01:00:00,104.88901
2012-01-20 02:00:00,104.88901
2012-01-20 03:00:00,100.92636
2012-01-20 04:00:00,95.37407
2012-01-20 05:00:00,95.37407
2012-01-20 06:00:00,88.07286
2012-01-20 07:00:00,85.11811
2012-01-20 08:00:00,83.54448
2012-01-20 09:00:00,101.22672
2012-01-20 10:00:00,101.387085
2012-01-20 11:00:00,112.43829
2012-01-20 12:00:00,107.609146
2012-01-20 13:00:00,112.223404
2012-01-20 14:00:00,108.43627
2012-01-20 15:00:00,102.597084
2012-01-20 16:00:00,95.285576
2012-01-20 17:00:00,82.94743
2012-01-20 18:00:00,80.85967
2012-01-20 19:00:00,84.82537
2012-01-20 20:00:00,80.85967
2012-01-20 21:00:00,82.330986
2012-01-20 22:00:00,97.17265
2012-01-20 23:00:00,86.323456
2012-01-21 00:00:00,50.572033
2012-01-21 01:00:00,41.69126
2012-01-21 02:00:00,54.249702
2012-01-21 03:00:00,47.69617
2012-01-21 04:00:00,52.1271
2012-01-21 05:00:00,52.303555
2012-01-21 06:00:00,45.50173
2012-01-21 07:00:00,45.50173
2012-01-21 08:00:00,44.344257
2012-01-21 09:00:00,44.344257
2012-01-21 10:00:00,40.007893
2012-01-21 11:00:00,53.76672
2012-01-21 12:00:00,55.439617
2012-01-21 13:00:00,53.369198
2012-01-21 14:00:00,53.15096
2012-01-21 15:00:00,53.15096
2012-01-21 16:00:00,51.510773
2012-01-21 17:00:00,48.41335
2012-01-21 18:00:00,51.305195
2012-01-21 19:00:00,47.88463
2012-01-21 20:00:00,49.544807
2012-01-21 21:00:00,45.826874
2012-01-21 22:00:00,52.831432
2012-01-21 23:00:00,49.527275
2012-01-22 00:00:00,42.567772
2012-01-22 01:00:00,52.831432
2012-01-22 02:00:00,53.085102
2012-01-22 03:00:00,57.180557
2012-01-22 04:00:00,45.059254
2012-01-22 05:00:00,50.56066
2012-01-22 06:00:00,51.134563
2012-01-22 07:00:00,51.134563
2012-01-22 08:00:00,51.134563
2012-01-22 09:00:00,51.134563
2012-01-22 10:00:00,51.113625
2012-01-22 11:00:00,47.40379
2012-01-22 12:00:00,50.01877
2012-01-22 13:00:00,49.853127
2012-01-22 14:00:00,49.449654
2012-01-22 15:00:00,49.65582
2012-01-22 16:00:00,49.65582
2012-01-22 17:00:00,50.711826
2012-01-22 18:00:00,52.303555
2012-01-22 19:00:00,52.303555
2012-01-22 20:00:00,49.68127
2012-01-22 21:00:00,52.303555
2012-01-22 22:00:00,50.00298
2012-01-22 23:00:00,50.095833
2012-01-23 00:00:00,87.67863
2012-01-23 01:00:00,86.36781
2012-01-23 02:00:00,86.36781
2012-01-23 03:00:00,87.6786
2012-01-23 04:00:00,91.57824
2012-01-23 05:00:00,90.93214
2012-01-23 06:00:00,90.93214
2012-01-23 07:00:00,71.325455
2012-01-23 08:00:00,68.38123
2012-01-23 09:00:00,86.29885
2012-01-23 10:00:00,93.06568
2012-01-23 11:00:00,77.55373
2012-01-23 12:00:00,99.62389
2012-01-23 13:00:00,63.183193
2012-01-23 14:00:00,54.09919
2012-01-23 15:00:00,48.117542
2012-01-23 16:00:00,67.816765
2012-01-23 17:00:00,74.75382
2012-01-23 18:00:00,72.52656
2012-01-23 19:00:00,67.277596
2012-01-23 20:00:00,57.996307
2012-01-23 21:00:00,40.22961
2012-01-23 22:00:00,40.22961
2012-01-23 23:00:00,51.85308
2012-01-24 00:00:00,40.430046
2012-01-24 01:00:00,53.29961
2012-01-24 02:00:00,56.717907
2012-01-24 03:00:00,83.601875
2012-01-24 04:00:00,100.82582
2012-01-24 05:00:00,100.82582
2012-01-24 06:00:00,62.440117
2012-01-24 07:00:00,83.601875
2012-01-24 08:00:00,83.601875
2012-01-24 09:00:00,106.137436
2012-01-24 10:00:00,121.55214
2012-01-24 11:00:00,114.8582
2012-01-24 12:00:00,104.52194
2012-01-24 13:00:00,104.52194
2012-01-24 14:00:00,88.10671
2012-01-24 15:00:00,139.0014
2012-01-24 16:00:00,143.13342
2012-01-24 17:00:00,178.21603
2012-01-24 18:00:00,170.6126
2012-01-24 19:00:00,193.71448
2012-01-24 20:00:00,126.71505
2012-01-24 21:00:00,155.72992
2012-01-24 22:00:00,133.0708
2012-01-24 23:00:00,126.71505
2012-01-25 00:00:00,118.391136
2012-01-25 01:00:00,90.56282
2012-01-25 02:00:00,94.7222
2012-01-25 03:00:00,89.114456
2012-01-25 04:00:00,79.97394
2012-01-25 05:00:00,79.97394
2012-01-25 06:00:00,83.23799
2012-01-25 07:00:00,82.04764
2012-01-25 08:00:00,80.03126
2012-01-25 09:00:00,80.03126
2012-01-25 10:00:00,85.22288
2012-01-25 11:00:00,106.62346
2012-01-25 12:00:00,121.42375
2012-01-25 13:00:00,135.7339
2012-01-25 14:00:00,145.13556
2012-01-25 15:00:00,160.57343
2012-01-25 16:00:00,125.36172
2012-01-25 17:00:00,135.56505
2012-01-25 18:00:00,110.115814
2012-01-25 19:00:00,103.06984
2012-01-25 20:00:00,104.15944
2012-01-25 21:00:00,121.3321
2012-01-25 22:00:00,107.55731
2012-01-25 23:00:00,115.082214
2012-01-26 00:00:00,102.761635
2012-01-26 01:00:00,116.897
2012-01-26 02:00:00,102.00957
2012-01-26 03:00:00,101.14524
2012-01-26 04:00:00,105.320724
2012-01-26 05:00:00,103.66652
2012-01-26 06:00:00,116.90214
2012-01-26 07:00:00,96.57101
2012-01-26 08:00:00,96.57101
2012-01-26 09:00:00,125.972855
2012-01-26 10:00:00,93.7054
2012-01-26 11:00:00,93.47605
2012-01-26 12:00:00,103.45153
2012-01-26 13:00:00,163.7212
2012-01-26 14:00:00,154.26329
2012-01-26 15:00:00,165.11188
2012-01-26 16:00:00,157.38649
2012-01-26 17:00:00,171.99124
2012-01-26 18:00:00,171.99124
2012-01-26 19:00:00,148.90036
2012-01-26 20:00:00,128.66649
2012-01-26 21:00:00,148.90036
2012-01-26 22:00:00,148.22745
2012-01-26 23:00:00,177.59981
2012-01-27 00:00:00,81.76329
2012-01-27 01:00:00,82.96066
2012-01-27 02:00:00,153.52301
2012-01-27 03:00:00,70.17476
2012-01-27 04:00:00,56.037167
2012-01-27 05:00:00,63.658913
2012-01-27 06:00:00,59.128113
2012-01-27 07:00:00,64.50076
2012-01-27 08:00:00,109.24856
2012-01-27 09:00:00,109.24856
2012-01-27 10:00:00,154.05334
2012-01-27 11:00:00,185.2366
2012-01-27 12:00:00,189.93861
2012-01-27 13:00:00,188.70715
2012-01-27 14:00:00,207.84781
2012-01-27 15:00:00,192.23276
2012-01-27 16:00:00,186.64966
2012-01-27 17:00:00,183.39473
2012-01-27 18:00:00,162.73276
2012-01-27 19:00:00,132.77458
2012-01-27 20:00:00,116.11356
2012-01-27 21:00:00,125.1808
2012-01-27 22:00:00,125.61371
2012-01-27 23:00:00,118.96188
2012-01-28 00:00:00,107.02249
2012-01-28 01:00:00,91.585754
2012-01-28 02:00:00,40.95584
2012-01-28 03:00:00,44.63678
2012-01-28 04:00:00,49.344154
2012-01-28 05:00:00,35.93938
2012-01-28 06:00:00,33.34623
2012-01-28 07:00:00,31.3113
2012-01-28 08:00:00,33.78618
2012-01-28 09:00:00,31.807352
2012-01-28 10:00:00,42.242496
2012-01-28 11:00:00,77.42306
2012-01-28 12:00:00,84.23928
2012-01-28 13:00:00,112.68212
2012-01-28 14:00:00,146.76807
2012-01-28 15:00:00,199.11923
2012-01-28 16:00:00,209.67378
2012-01-28 17:00:00,190.54309
2012-01-28 18:00:00,227.78543
2012-01-28 19:00:00,142.67189
2012-01-28 20:00:00,203.49638
2012-01-28 21:00:00,189.27675
2012-01-28 22:00:00,165.4039
2012-01-28 23:00:00,154.00131
2012-01-29 00:00:00,144.73471
2012-01-29 01:00:00,147.90717
2012-01-29 02:00:00,143.90746
2012-01-29 03:00:00,122.308624
2012-01-29 04:00:00,65.72007
2012-01-29 05:00:00,45.12587
2012-01-29 06:00:00,58.78906
2012-01-29 07:00:00,70.13037
2012-01-29 08:00:00,53.87319
2012-01-29 09:00:00,50.146076
2012-01-29 10:00:00,95.438065
2012-01-29 11:00:00,135.18665
2012-01-29 12:00:00,155.64026
2012-01-29 13:00:00,155.64026
2012-01-29 14:00:00,161.0749
2012-01-29 15:00:00,191.97678
2012-01-29 16:00:00,170.34392
2012-01-29 17:00:00,170.34387
2012-01-29 18:00:00,171.62828
2012-01-29 19:00:00,160.98949
2012-01-29 20:00:00,133.22084
2012-01-29 21:00:00,147.04149
2012-01-29 22:00:00,155.3066
2012-01-29 23:00:00,143.36168
2012-01-30 00:00:00,186.34418
2012-01-30 01:00:00,93.24896
2012-01-30 02:00:00,102.38911
2012-01-30 03:00:00,97.389755
2012-01-30 04:00:00,93.78003
2012-01-30 05:00:00,93.78003
2012-01-30 06:00:00,95.36926
2012-01-30 07:00:00,96.61473
2012-01-30 08:00:00,90.48527
2012-01-30 09:00:00,90.48527
2012-01-30 10:00:00,99.4629
2012-01-30 11:00:00,125.564865
2012-01-30 12:00:00,132.5185
2012-01-30 13:00:00,152.95198
2012-01-30 14:00:00,164.63992
2012-01-30 15:00:00,174.8754
2012-01-30 16:00:00,179.09052
2012-01-30 17:00:00,186.52467
2012-01-30 18:00:00,174.60254
2012-01-30 19:00:00,128.44864
2012-01-30 20:00:00,133.86058
2012-01-30 21:00:00,125.62924
2012-01-30 22:00:00,104.00087
2012-01-30 23:00:00,95.70984
2012-01-31 00:00:00,99.74667
2012-01-31 01:00:00,121.24959
2012-01-31 02:00:00,118.73137
2012-01-31 03:00:00,112.83894
2012-01-31 04:00:00,107.81633
2012-01-31 05:00:00,107.81633
2012-01-31 06:00:00,103.73387
2012-01-31 07:00:00,95.70985
2012-01-31 08:00:00,101.412926
2012-01-31 09:00:00,106.35661
2012-01-31 10:00:00,122.42445
2012-01-31 11:00:00,197.43616
2012-01-31 12:00:00,175.6701
2012-01-31 13:00:00,211.27031
2012-01-31 14:00:00,249.19748
2012-01-31 15:00:00,287.9651
2012-01-31 16:00:00,287.9651
2012-01-31 17:00:00,283.55554
2012-01-31 18:00:00,280.12225
2012-01-31 19:00:00,240.00226
2012-01-31 20:00:00,168.4573
2012-01-31 21:00:00,227.14883
2012-01-31 22:00:00,220.89352
2012-01-31 23:00:00,209.51344
2012-02-20 00:00:00,59.868595
2012-02-20 01:00:00,59.868595
2012-02-20 02:00:00,59.868595
2012-02-20 03:00:00,90.90402
2012-02-20 05:00:00,106.60782
2012-02-20 06:00:00,147.32985
2012-02-20 07:00:00,98.979416
2012-02-20 08:00:00,111.853325
2012-02-20 09:00:00,111.853325
2012-02-20 10:00:00,140.94646
2012-02-20 11:00:00,147.29544
2012-02-20 12:00:00,119.36798
2012-02-20 13:00:00,145.76797
2012-02-20 14:00:00,111.72904
2012-02-20 15:00:00,117.844025
2012-02-20 16:00:00,96.36837
2012-02-20 17:00:00,109.99307
2012-02-20 18:00:00,117.844025
2012-02-20 19:00:00,117.844025
2012-02-20 20:00:00,108.6835
2012-02-20 21:00:00,96.02652
2012-02-20 22:00:00,66.118675
2012-02-20 23:00:00,42.89891
2012-02-21 00:00:00,100.49606
2012-02-21 01:00:00,106.35993
2012-02-21 02:00:00,96.58708
2012-02-21 04:00:00,89.610725
2012-02-21 05:00:00,83.78053
2012-02-21 06:00:00,84.67346
2012-02-21 07:00:00,89.610725
2012-02-21 08:00:00,89.81498
2012-02-21 09:00:00,88.871994
2012-02-21 10:00:00,91.11374
2012-02-21 11:00:00,87.05555
2012-02-21 12:00:00,115.19836
2012-02-21 13:00:00,127.30423
2012-02-21 14:00:00,126.66609
2012-02-21 15:00:00,127.30423
2012-02-21 16:00:00,145.9079
2012-02-21 17:00:00,183.18906
2012-02-21 18:00:00,183.18906
2012-02-21 19:00:00,140.83632
2012-02-21 20:00:00,115.49628
2012-02-21 21:00:00,113.95482
2012-02-21 22:00:00,116.26462
2012-02-21 23:00:00,96.10054
2012-02-22 00:00:00,96.10054
2012-02-22 01:00:00,109.5439
2012-02-22 02:00:00,95.64122
2012-02-22 03:00:00,111.04169
2012-02-22 04:00:00,108.77161
2012-02-22 05:00:00,114.06954
2012-02-22 06:00:00,101.49775
2012-02-22 07:00:00,114.168976
2012-02-22 08:00:00,106.153755
2012-02-22 09:00:00,116.24497
2012-02-22 10:00:00,124.53223
2012-02-22 11:00:00,116.33226
2012-02-22 12:00:00,118.17726
2012-02-22 13:00:00,146.95712
2012-02-22 14:00:00,159.33154
2012-02-22 15:00:00,260.06506
2012-02-22 16:00:00,276.22238
2012-02-22 17:00:00,257.19772
2012-02-22 18:00:00,207.4574
2012-02-22 19:00:00,191.24228
2012-02-22 20:00:00,159.21487
2012-02-22 21:00:00,186.6678
2012-02-22 22:00:00,175.95514
2012-02-22 23:00:00,189.95479
2012-02-23 00:00:00,175.95514
2012-02-23 01:00:00,170.87918
2012-02-23 02:00:00,159.52602
2012-02-23 03:00:00,155.17525
2012-02-23 04:00:00,102.61088
2012-02-23 05:00:00,102.61088
2012-02-23 06:00:00,103.290726
2012-02-23 07:00:00,88.10671
2012-02-23 08:00:00,93.72595
2012-02-23 09:00:00,82.942696
2012-02-23 10:00:00,131.76181
2012-02-23 11:00:00,209.4408
2012-02-23 12:00:00,221.41592
2012-02-23 13:00:00,223.86382
2012-02-23 14:00:00,239.14827
2012-02-23 15:00:00,239.13495
2012-02-23 16:00:00,284.189
2012-02-23 17:00:00,239.26057
2012-02-23 18:00:00,235.72812
2012-02-23 19:00:00,213.16599
2012-02-23 20:00:00,195.86394
2012-02-23 21:00:00,176.61177
2012-02-23 22:00:00,156.69072
2012-02-23 23:00:00,200.28452
2012-02-24 00:00:00,152.49422
2012-02-24 01:00:00,152.82933
2012-02-24 02:00:00,109.19145
2012-02-24 03:00:00,160.18051
2012-02-24 04:00:00,148.7659
2012-02-24 05:00:00,93.80158
2012-02-24 06:00:00,109.7649
2012-02-24 07:00:00,102.53474
2012-02-24 08:00:00,94.56832
2012-02-24 09:00:00,92.187004
2012-02-24 10:00:00,106.67694
2012-02-24 11:00:00,122.643295
2012-02-24 12:00:00,139.23315
2012-02-24 13:00:00,165.11188
2012-02-24 14:00:00,178.23643
2012-02-24 15:00:00,104.30598
2012-02-24 16:00:00,104.30598
2012-02-24 17:00:00,154.7328
2012-02-24 18:00:00,209.17828
2012-02-24 19:00:00,177.95369
2012-02-24 20:00:00,145.98506
2012-02-24 21:00:00,277.93533
2012-02-24 22:00:00,223.6554
2012-02-24 23:00:00,226.15228
2012-02-25 00:00:00,151.93626
2012-02-25 01:00:00,147.47441
2012-02-25 02:00:00,134.01152
2012-02-25 03:00:00,120.9531
2012-02-25 04:00:00,125.848946
2012-02-25 05:00:00,115.8071
2012-02-25 06:00:00,115.8071
2012-02-25 07:00:00,104.46538
2012-02-25 08:00:00,98.4815
2012-02-25 09:00:00,49.43561
2012-02-25 10:00:00,68.59724
2012-02-25 11:00:00,81.76989
2012-02-25 12:00:00,93.55685
2012-02-25 13:00:00,121.14842
2012-02-25 14:00:00,111.56013
2012-02-25 15:00:00,144.5059
2012-02-25 16:00:00,109.56555
2012-02-25 17:00:00,140.12682
2012-02-25 18:00:00,99.95491
2012-02-25 19:00:00,114.821945
2012-02-25 20:00:00,92.81441
2012-02-25 21:00:00,109.23572
2012-02-25 22:00:00,99.946724
2012-02-25 23:00:00,102.40864
2012-02-26 00:00:00,102.2784
2012-02-26 01:00:00,98.99745
2012-02-26 02:00:00,98.99745
2012-02-26 03:00:00,89.57342
2012-02-26 04:00:00,89.57342
2012-02-26 05:00:00,75.12451
2012-02-26 06:00:00,91.58038
2012-02-26 07:00:00,66.13636
2012-02-26 08:00:00,60.27593
2012-02-26 09:00:00,66.627106
2012-02-26 10:00:00,95.14334
2012-02-26 11:00:00,121.30345
2012-02-26 12:00:00,112.89782
2012-02-26 13:00:00,87.10198
2012-02-26 14:00:00,101.176865
2012-02-26 15:00:00,113.300285
2012-02-26 16:00:00,187.9748
2012-02-26 17:00:00,185.91457
2012-02-26 18:00:00,176.41797
2012-02-26 19:00:00,152.53442
2012-02-26 20:00:00,128.2419
2012-02-26 21:00:00,104.3058
2012-02-26 22:00:00,124.449265
2012-02-26 23:00:00,56.739338
2012-02-27 00:00:00,91.57059
2012-02-27 01:00:00,90.38229
2012-02-27 02:00:00,81.448105
2012-02-27 03:00:00,90.6279
2012-02-27 04:00:00,87.64023
2012-02-27 05:00:00,87.64023
2012-02-27 06:00:00,80.03126
2012-02-27 07:00:00,91.09694
2012-02-27 08:00:00,96.5656
2012-02-27 09:00:00,95.70985
2012-02-27 10:00:00,120.97907
2012-02-27 11:00:00,148.15976
2012-02-27 12:00:00,199.40128
2012-02-27 13:00:00,175.73985
2012-02-27 14:00:00,221.67984
2012-02-27 15:00:00,277.48065
2012-02-27 16:00:00,287.9651
2012-02-27 17:00:00,293.1379
2012-02-27 18:00:00,272.96548
2012-02-27 19:00:00,257.1208
2012-02-27 20:00:00,242.83337
2012-02-27 21:00:00,221.67984
2012-02-27 22:00:00,199.75821
2012-02-27 23:00:00,179.57397
2012-02-28 00:00:00,179.41098
2012-02-28 01:00:00,127.33432
2012-02-28 02:00:00,172.501
2012-02-28 03:00:00,220.5205
2012-02-28 04:00:00,135.88223
2012-02-28 05:00:00,135.88223
2012-02-28 06:00:00,118.694176
2012-02-28 07:00:00,109.66784
2012-02-28 08:00:00,100.69343
2012-02-28 09:00:00,113.655
2012-02-28 10:00:00,121.24957
2012-02-28 11:00:00,160.5538
2012-02-28 12:00:00,170.11034
2012-02-28 13:00:00,167.26329
2012-02-28 14:00:00,176.5545
2012-02-28 15:00:00,179.70596
2012-02-28 16:00:00,178.82362
2012-02-28 17:00:00,179.70596
2012-02-28 18:00:00,189.19647
2012-02-28 19:00:00,174.41531
2012-02-28 20:00:00,179.90448
2012-02-28 21:00:00,147.41248
2012-02-28 22:00:00,147.41248
2012-02-28 23:00:00,109.042046
2012-02-29 00:00:00,126.98094
2012-02-29 01:00:00,132.95103
2012-02-29 02:00:00,100.560974
2012-02-29 03:00:00,101.09799
2012-02-29 05:00:00,94.46998
2012-02-29 06:00:00,101.14524
2012-02-29 07:00:00,91.02489
2012-02-29 08:00:00,102.761635
2012-02-29 09:00:00,91.89666
2012-02-29 10:00:00,91.89666
2012-02-29 11:00:00,75.24362
2012-02-29 12:00:00,53.20359
2012-02-29 13:00:00,56.385944
2012-02-29 14:00:00,56.385944
2012-02-29 15:00:00,79.305725
2012-02-29 16:00:00,101.33789
2012-02-29 17:00:00,109.7649
2012-02-29 18:00:00,155.84685
2012-02-29 19:00:00,146.95563
2012-02-29 20:00:00,133.89743
2012-02-29 21:00:00,133.89743
2012-02-29 22:00:00,81.525345
2012-02-29 23:00:00,81.525345
2012-03-20 00:00:00,246.9377
2012-03-20 01:00:00,238.91609
2012-03-20 02:00:00,227.52643
2012-03-20 03:00:00,242.55971
2012-03-20 04:00:00,216.15338
2012-03-20 05:00:00,227.4804
2012-03-20 06:00:00,195.92482
2012-03-20 07:00:00,155.85712
2012-03-20 08:00:00,227.38441
2012-03-20 09:00:00,215.00327
2012-03-20 10:00:00,198.17216
2012-03-20 11:00:00,262.02606
2012-03-20 12:00:00,255.05544
2012-03-20 13:00:00,266.57623
2012-03-20 14:00:00,264.67288
2012-03-20 15:00:00,280.07175
2012-03-20 16:00:00,311.54764
2012-03-20 17:00:00,294.84576
2012-03-20 18:00:00,282.47028
2012-03-20 19:00:00,294.32016
2012-03-20 20:00:00,305.24323
2012-03-20 21:00:00,285.76697
2012-03-20 22:00:00,274.63913
2012-03-20 23:00:00,248.74295
2012-03-21 00:00:00,88.06406
2012-03-21 01:00:00,94.988884
2012-03-21 02:00:00,69.43789
2012-03-21 03:00:00,145.60416
2012-03-21 04:00:00,127.79326
2012-03-21 05:00:00,127.79326
2012-03-21 06:00:00,122.52812
2012-03-21 07:00:00,88.362656
2012-03-21 08:00:00,94.57324
2012-03-21 09:00:00,131.07135
2012-03-21 10:00:00,154.93546
2012-03-21 11:00:00,154.93546
2012-03-21 12:00:00,158.86536
2012-03-21 13:00:00,165.06963
2012-03-21 14:00:00,164.46922
2012-03-21 15:00:00,164.46922
2012-03-21 16:00:00,158.72452
2012-03-21 17:00:00,197.13678
2012-03-21 18:00:00,173.66873
2012-03-21 19:00:00,197.18033
2012-03-21 20:00:00,130.96295
2012-03-21 21:00:00,95.27181
2012-03-21 22:00:00,112.82712
2012-03-21 23:00:00,135.28252
2012-03-22 00:00:00,94.988884
2012-03-22 01:00:00,94.988884
2012-03-22 02:00:00,94.988884
2012-03-22 03:00:00,94.988884
2012-03-22 04:00:00,113.86713
2012-03-22 05:00:00,113.86713
2012-03-22 06:00:00,113.86713
2012-03-22 07:00:00,113.86713
2012-03-22 08:00:00,123.76422
2012-03-22 09:00:00,123.76422
2012-03-22 10:00:00,115.16491
2012-03-22 11:00:00,153.6895
2012-03-22 12:00:00,160.35994
2012-03-22 13:00:00,130.54385
2012-03-22 14:00:00,175.86603
2012-03-22 15:00:00,243.8369
2012-03-22 16:00:00,267.25043
2012-03-22 17:00:00,264.26816
2012-03-22 18:00:00,264.26816
2012-03-22 19:00:00,193.58923
2012-03-22 20:00:00,241.20103
2012-03-22 21:00:00,158.09285
2012-03-22 22:00:00,144.11731
2012-03-22 23:00:00,100.457855
2012-03-23 00:00:00,111.37759
2012-03-23 01:00:00,90.969536
2012-03-23 02:00:00,75.06757
2012-03-23 03:00:00,70.921616
2012-03-23 04:00:00,119.6031
2012-03-23 05:00:00,151.64153
2012-03-23 06:00:00,157.38821
2012-03-23 07:00:00,118.12641
2012-03-23 08:00:00,116.304146
2012-03-23 09:00:00,131.83514
2012-03-23 10:00:00,140.78995
2012-03-23 11:00:00,190.56923
2012-03-23 12:00:00,266.59805
2012-03-23 13:00:00,204.20135
2012-03-23 14:00:00,228.06985
2012-03-23 15:00:00,231.77078
2012-03-23 16:00:00,235.86505
2012-03-23 17:00:00,235.86505
2012-03-23 18:00:00,323.43982
2012-03-23 19:00:00,305.4202
2012-03-23 20:00:00,293.6158
2012-03-23 21:00:00,256.49826
2012-03-23 22:00:00,251.73694
2012-03-23 23:00:00,246.32811
2012-03-24 00:00:00,104.89511
2012-03-24 01:00:00,114.21395
2012-03-24 02:00:00,101.670616
2012-03-24 03:00:00,101.670616
2012-03-24 04:00:00,86.35913
2012-03-24 05:00:00,155.21873
2012-03-24 06:00:00,155.21873
2012-03-24 07:00:00,118.9204
2012-03-24 08:00:00,92.82299
2012-03-24 09:00:00,150.0013
2012-03-24 10:00:00,126.80395
2012-03-24 11:00:00,92.82299
2012-03-24 12:00:00,75.36645
2012-03-24 13:00:00,83.927124
2012-03-24 14:00:00,119.43661
2012-03-24 15:00:00,94.00107
2012-03-24 16:00:00,94.656654
2012-03-24 17:00:00,104.53572
2012-03-24 18:00:00,76.48667
2012-03-24 19:00:00,70.76428
2012-03-24 20:00:00,57.579258
2012-03-24 21:00:00,57.579258
2012-03-24 22:00:00,62.79076
2012-03-24 23:00:00,97.06793
2012-03-25 00:00:00,97.06793
2012-03-25 01:00:00,76.67023
2012-03-25 02:00:00,57.982285
2012-03-25 03:00:00,66.3334
2012-03-25 04:00:00,80.03883
2012-03-25 05:00:00,72.23777
2012-03-25 06:00:00,72.23777
2012-03-25 07:00:00,72.1056
2012-03-25 08:00:00,72.1056
2012-03-25 09:00:00,85.12061
2012-03-25 10:00:00,87.80025
2012-03-25 11:00:00,85.12061
2012-03-25 12:00:00,88.1769
2012-03-25 13:00:00,102.45518
2012-03-25 14:00:00,108.1311
2012-03-25 15:00:00,117.548
2012-03-25 16:00:00,66.61134
2012-03-25 17:00:00,90.39547
2012-03-25 18:00:00,90.39547
2012-03-25 19:00:00,158.62616
2012-03-25 20:00:00,110.94435
2012-03-25 21:00:00,87.11008
2012-03-25 22:00:00,75.47148
2012-03-25 23:00:00,84.59991
2012-03-26 00:00:00,137.8437
2012-03-26 01:00:00,129.41881
2012-03-26 02:00:00,95.40943
2012-03-26 03:00:00,101.89178
2012-03-26 04:00:00,81.0242
2012-03-26 05:00:00,94.58842
2012-03-26 06:00:00,81.049644
2012-03-26 07:00:00,116.468994
2012-03-26 08:00:00,149.01044
2012-03-26 09:00:00,204.00693
2012-03-26 10:00:00,317.00174
2012-03-26 11:00:00,326.04132
2012-03-26 12:00:00,299.23038
2012-03-26 13:00:00,364.7417
2012-03-26 14:00:00,279.84064
2012-03-26 15:00:00,343.45953
2012-03-26 16:00:00,361.89597
2012-03-26 17:00:00,312.05652
2012-03-26 18:00:00,288.80838
2012-03-26 19:00:00,276.05072
2012-03-26 20:00:00,296.5137
2012-03-26 21:00:00,287.1809
2012-03-26 22:00:00,252.7681
2012-03-26 23:00:00,293.37482
2012-03-27 00:00:00,283.7919
2012-03-27 01:00:00,265.09293
2012-03-27 02:00:00,186.1024
2012-03-27 03:00:00,199.04028
2012-03-27 04:00:00,194.80173
2012-03-27 05:00:00,144.2695
2012-03-27 06:00:00,122.426674
2012-03-27 07:00:00,122.426674
2012-03-27 08:00:00,148.99277
2012-03-27 09:00:00,127.50085
2012-03-27 10:00:00,148.49211
2012-03-27 11:00:00,147.42236
2012-03-27 12:00:00,153.50708
2012-03-27 13:00:00,158.38712
2012-03-27 14:00:00,216.6989
2012-03-27 15:00:00,274.04846
2012-03-27 16:00:00,274.04846
2012-03-27 17:00:00,329.41818
2012-03-27 18:00:00,289.75037
2012-03-27 19:00:00,299.15005
2012-03-27 20:00:00,289.75037
2012-03-27 21:00:00,152.59123
2012-03-27 22:00:00,143.31781
2012-03-27 23:00:00,162.53848
2012-03-28 00:00:00,186.90498
2012-03-28 01:00:00,171.7263
2012-03-28 02:00:00,158.8598
2012-03-28 03:00:00,185.18106
2012-03-28 04:00:00,181.19908
2012-03-28 05:00:00,181.19908
2012-03-28 06:00:00,185.0632
2012-03-28 07:00:00,178.08084
2012-03-28 08:00:00,193.71507
2012-03-28 09:00:00,226.81989
2012-03-28 10:00:00,242.58151
2012-03-28 11:00:00,253.03467
2012-03-28 12:00:00,240.29097
2012-03-28 13:00:00,277.77585
2012-03-28 14:00:00,332.66962
2012-03-28 15:00:00,234.0365
2012-03-28 16:00:00,227.19098
2012-03-28 17:00:00,272.80344
2012-03-28 18:00:00,272.80344
2012-03-28 19:00:00,269.43066
2012-03-28 20:00:00,256.1254
2012-03-28 21:00:00,237.5823
2012-03-28 22:00:00,199.35022
2012-03-28 23:00:00,166.60791
2012-03-29 00:00:00,183.80225
2012-03-29 01:00:00,217.51727
2012-03-29 02:00:00,381.08142
2012-03-29 03:00:00,358.38034
2012-03-29 04:00:00,282.9331
2012-03-29 05:00:00,220.01082
2012-03-29 06:00:00,165.4913
2012-03-29 07:00:00,204.91557
2012-03-29 08:00:00,227.58615
2012-03-29 09:00:00,231.32837
2012-03-29 10:00:00,234.00996
2012-03-29 11:00:00,247.25974
2012-03-29 12:00:00,273.1669
2012-03-29 13:00:00,218.6821
2012-03-29 14:00:00,248.39218
2012-03-29 15:00:00,270.2289
2012-03-29 16:00:00,280.43823
2012-03-29 17:00:00,277.92978
2012-03-29 18:00:00,248.49864
2012-03-29 19:00:00,234.77528
2012-03-29 20:00:00,230.75839
2012-03-29 21:00:00,206.26056
2012-03-29 22:00:00,198.57391
2012-03-29 23:00:00,190.37512
2012-03-30 00:00:00,183.18619
2012-03-30 01:00:00,165.43985
2012-03-30 02:00:00,154.26074
2012-03-30 03:00:00,93.466415
2012-03-30 04:00:00,91.76718
2012-03-30 05:00:00,87.33302
2012-03-30 06:00:00,95.16648
2012-03-30 07:00:00,100.46478
2012-03-30 08:00:00,86.26378
2012-03-30 09:00:00,109.90488
2012-03-30 10:00:00,91.07339
2012-03-30 11:00:00,58.403736
2012-03-30 12:00:00,55.253937
2012-03-30 13:00:00,54.321854
2012-03-30 14:00:00,55.22883
2012-03-30 15:00:00,60.66145
2012-03-30 16:00:00,113.49414
2012-03-30 17:00:00,125.99031
2012-03-30 18:00:00,155.05566
2012-03-30 19:00:00,135.79886
2012-03-30 20:00:00,123.03468
2012-03-30 21:00:00,96.356705
2012-03-30 22:00:00,87.16832
2012-03-30 23:00:00,82.92456
2012-03-31 00:00:00,64.07563
2012-03-31 01:00:00,147.70175
2012-03-31 02:00:00,143.82333
2012-03-31 03:00:00,84.594025
2012-03-31 04:00:00,108.58328
2012-03-31 05:00:00,76.673065
2012-03-31 06:00:00,92.674164
2012-03-31 07:00:00,92.674164
2012-03-31 08:00:00,95.438095
2012-03-31 09:00:00,147.70175
2012-03-31 10:00:00,123.25879
2012-03-31 11:00:00,82.23333
2012-03-31 12:00:00,68.87173
2012-03-31 13:00:00,135.01422
2012-03-31 14:00:00,177.28848
2012-03-31 15:00:00,183.97302
2012-03-31 16:00:00,174.47046
2012-03-31 17:00:00,187.10309
2012-03-31 18:00:00,114.107574
2012-03-31 19:00:00,121.97143
2012-03-31 20:00:00,131.77747
2012-03-31 21:00:00,131.77747
2012-03-31 22:00:00,132.7673
2012-03-31 23:00:00,104.50426
2012-04-20 00:00:00,131.04102
2012-04-20 01:00:00,101.89178
2012-04-20 02:00:00,76.51827
2012-04-20 03:00:00,70.56868
2012-04-20 04:00:00,59.429665
2012-04-20 05:00:00,67.26381
2012-04-20 06:00:00,80.96834
2012-04-20 07:00:00,67.26381
2012-04-20 08:00:00,65.861664
2012-04-20 09:00:00,72.072624
2012-04-20 10:00:00,141.81201
2012-04-20 11:00:00,176.44342
2012-04-20 12:00:00,251.22835
2012-04-20 13:00:00,314.8636
2012-04-20 14:00:00,318.49118
2012-04-20 15:00:00,304.5703
2012-04-20 16:00:00,325.68634
2012-04-20 17:00:00,295.0134
2012-04-20 18:00:00,274.27493
2012-04-20 19:00:00,272.31046
2012-04-20 20:00:00,247.83803
2012-04-20 21:00:00,179.24358
2012-04-20 22:00:00,188.24307
2012-04-20 23:00:00,145.73166
2012-04-21 00:00:00,119.70145
2012-04-21 01:00:00,119.70145
2012-04-21 02:00:00,100.866104
2012-04-21 03:00:00,101.5513
2012-04-21 04:00:00,111.871506
2012-04-21 05:00:00,111.871506
2012-04-21 06:00:00,101.551346
2012-04-21 07:00:00,127.88391
2012-04-21 08:00:00,123.37318
2012-04-21 09:00:00,108.65226
2012-04-21 10:00:00,290.1402
2012-04-21 11:00:00,327.37454
2012-04-21 12:00:00,329.54193
2012-04-21 13:00:00,359.52353
2012-04-21 14:00:00,485.46042
2012-04-21 15:00:00,506.55975
2012-04-21 16:00:00,502.61136
2012-04-21 17:00:00,514.31226
2012-04-21 18:00:00,312.83054
2012-04-21 19:00:00,140.3964
2012-04-21 20:00:00,129.54192
2012-04-21 21:00:00,118.74736
2012-04-21 22:00:00,128.41615
2012-04-21 23:00:00,148.28725
2012-04-22 00:00:00,153.7506
2012-04-22 01:00:00,135.2139
2012-04-22 02:00:00,151.48457
2012-04-22 03:00:00,140.06471
2012-04-22 04:00:00,150.1795
2012-04-22 05:00:00,166.7196
2012-04-22 06:00:00,153.83372
2012-04-22 07:00:00,92.8468
2012-04-22 08:00:00,86.90411
2012-04-22 09:00:00,86.90411
2012-04-22 10:00:00,73.82941
2012-04-22 11:00:00,65.003365
2012-04-22 12:00:00,62.15843
2012-04-22 13:00:00,70.42994
2012-04-22 14:00:00,62.15843
2012-04-22 15:00:00,55.681263
2012-04-22 16:00:00,49.69466
2012-04-22 17:00:00,40.63878
2012-04-22 18:00:00,40.63878
2012-04-22 19:00:00,45.173344
2012-04-22 20:00:00,40.616203
2012-04-22 21:00:00,51.412247
2012-04-22 22:00:00,45.084263
2012-04-22 23:00:00,60.067608
2012-04-23 00:00:00,78.73102
2012-04-23 01:00:00,64.930984
2012-04-23 02:00:00,57.48103
2012-04-23 03:00:00,68.5772
2012-04-23 04:00:00,68.508316
2012-04-23 05:00:00,68.508316
2012-04-23 06:00:00,69.49215
2012-04-23 07:00:00,69.39623
2012-04-23 08:00:00,81.757515
2012-04-23 09:00:00,83.41949
2012-04-23 10:00:00,94.70512
2012-04-23 11:00:00,95.206055
2012-04-23 12:00:00,101.4576
2012-04-23 13:00:00,111.49002
2012-04-23 14:00:00,124.38769
2012-04-23 15:00:00,132.74178
2012-04-23 16:00:00,71.90148
2012-04-23 17:00:00,67.33556
2012-04-23 18:00:00,80.6758
2012-04-23 19:00:00,82.38111
2012-04-23 20:00:00,86.62798
2012-04-23 21:00:00,68.639694
2012-04-23 22:00:00,75.080086
2012-04-23 23:00:00,72.054344
2012-04-24 00:00:00,87.89572
2012-04-24 01:00:00,74.488495
2012-04-24 02:00:00,69.98125
2012-04-24 03:00:00,73.69031
2012-04-24 04:00:00,82.256485
2012-04-24 05:00:00,82.256485
2012-04-24 06:00:00,85.25892
2012-04-24 07:00:00,103.150566
2012-04-24 08:00:00,118.74591
2012-04-24 09:00:00,196.8592
2012-04-24 10:00:00,190.37512
2012-04-24 11:00:00,268.26584
2012-04-24 12:00:00,292.97675
2012-04-24 13:00:00,311.7801
2012-04-24 14:00:00,342.20947
2012-04-24 15:00:00,354.83002
2012-04-24 16:00:00,326.9196
2012-04-24 17:00:00,369.01633
2012-04-24 18:00:00,354.0687
2012-04-24 19:00:00,364.55148
2012-04-24 20:00:00,353.06607
2012-04-24 21:00:00,165.02028
2012-04-24 22:00:00,188.59624
2012-04-24 23:00:00,157.76103
2012-04-25 00:00:00,152.22452
2012-04-25 01:00:00,122.21187
2012-04-25 02:00:00,87.78743
2012-04-25 03:00:00,75.836464
2012-04-25 04:00:00,82.34235
2012-04-25 05:00:00,79.74883
2012-04-25 06:00:00,79.74883
2012-04-25 07:00:00,75.50574
2012-04-25 08:00:00,75.33157
2012-04-25 09:00:00,86.0489
2012-04-25 10:00:00,254.44722
2012-04-25 11:00:00,283.16635
2012-04-25 12:00:00,340.61734
2012-04-25 13:00:00,351.43802
2012-04-25 14:00:00,385.93192
2012-04-25 15:00:00,395.00674
2012-04-25 16:00:00,403.42365
2012-04-25 17:00:00,409.2518
2012-04-25 18:00:00,411.8536
2012-04-25 19:00:00,406.77008
2012-04-25 20:00:00,368.8754
2012-04-25 21:00:00,189.83487
2012-04-25 22:00:00,132.92917
2012-04-25 23:00:00,83.391205
2012-04-26 00:00:00,109.30071
2012-04-26 01:00:00,69.488045
2012-04-26 02:00:00,75.41175
2012-04-26 03:00:00,72.985
2012-04-26 04:00:00,82.14048
2012-04-26 05:00:00,105.62736
2012-04-26 06:00:00,143.17
2012-04-26 07:00:00,85.10737
2012-04-26 08:00:00,92.73854
2012-04-26 09:00:00,98.5201
2012-04-26 10:00:00,111.50809
2012-04-26 11:00:00,114.50601
2012-04-26 12:00:00,148.38998
2012-04-26 13:00:00,148.14713
2012-04-26 14:00:00,176.69159
2012-04-26 15:00:00,148.40204
2012-04-26 16:00:00,169.43346
2012-04-26 17:00:00,146.92061
2012-04-26 18:00:00,176.69159
2012-04-26 19:00:00,181.8732
2012-04-26 20:00:00,163.2138
2012-04-26 21:00:00,147.75691
2012-04-26 22:00:00,112.82712
2012-04-26 23:00:00,81.58789
2012-04-27 00:00:00,231.10645
2012-04-27 01:00:00,216.52101
2012-04-27 02:00:00,204.70493
2012-04-27 03:00:00,237.3772
2012-04-27 04:00:00,194.36389
2012-04-27 05:00:00,210.34283
2012-04-27 06:00:00,188.63808
2012-04-27 07:00:00,165.43985
2012-04-27 08:00:00,77.79494
2012-04-27 09:00:00,239.15787
2012-04-27 10:00:00,244.75854
2012-04-27 11:00:00,228.31444
2012-04-27 12:00:00,245.27844
2012-04-27 13:00:00,260.28534
2012-04-27 14:00:00,252.20981
2012-04-27 15:00:00,333.93927
2012-04-27 16:00:00,319.25214
2012-04-27 17:00:00,366.29626
2012-04-27 18:00:00,350.958
2012-04-27 19:00:00,329.02402
2012-04-27 20:00:00,256.97467
2012-04-27 21:00:00,239.94261
2012-04-27 22:00:00,206.22401
2012-04-27 23:00:00,197.50607
2012-04-28 00:00:00,86.71597
2012-04-28 01:00:00,108.12801
2012-04-28 02:00:00,69.877304
2012-04-28 03:00:00,76.38385
2012-04-28 04:00:00,61.01302
2012-04-28 05:00:00,55.029133
2012-04-28 06:00:00,69.515396
2012-04-28 07:00:00,61.01302
2012-04-28 08:00:00,82.775894
2012-04-28 09:00:00,117.25101
2012-04-28 10:00:00,111.69708
2012-04-28 11:00:00,109.92408
2012-04-28 12:00:00,96.155716
2012-04-28 13:00:00,128.22296
2012-04-28 14:00:00,108.78643
2012-04-28 15:00:00,144.74377
2012-04-28 16:00:00,162.06265
2012-04-28 17:00:00,146.92154
2012-04-28 18:00:00,94.34921
2012-04-28 19:00:00,100.257965
2012-04-28 20:00:00,68.543396
2012-04-28 21:00:00,101.257225
2012-04-28 22:00:00,111.212875
2012-04-28 23:00:00,92.69247
2012-04-29 00:00:00,77.90053
2012-04-29 01:00:00,98.13216
2012-04-29 02:00:00,78.835915
2012-04-29 03:00:00,95.43805
2012-04-29 04:00:00,87.52812
2012-04-29 05:00:00,34.61743
2012-04-29 06:00:00,45.550938
2012-04-29 07:00:00,84.435776
2012-04-29 08:00:00,59.971767
2012-04-29 09:00:00,65.819275
2012-04-29 10:00:00,57.665497
2012-04-29 11:00:00,53.160454
2012-04-29 12:00:00,117.22279
2012-04-29 13:00:00,126.951096
2012-04-29 14:00:00,266.31305
2012-04-29 15:00:00,291.27017
2012-04-29 16:00:00,494.7435
2012-04-29 17:00:00,501.1377
2012-04-29 18:00:00,489.6772
2012-04-29 19:00:00,316.5178
2012-04-29 20:00:00,344.0719
2012-04-29 21:00:00,153.46146
2012-04-29 22:00:00,91.89171
2012-04-29 23:00:00,62.37165
2012-04-30 00:00:00,108.055145
2012-04-30 01:00:00,90.8176
2012-04-30 02:00:00,94.759155
2012-04-30 03:00:00,78.8304
2012-04-30 04:00:00,133.3011
2012-04-30 05:00:00,133.3011
2012-04-30 06:00:00,161.38301
2012-04-30 07:00:00,156.38435
2012-04-30 08:00:00,168.0801
2012-04-30 09:00:00,102.69494
2012-04-30 10:00:00,98.88677
2012-04-30 11:00:00,81.318756
2012-04-30 12:00:00,95.872574
2012-04-30 13:00:00,68.73564
2012-04-30 14:00:00,98.530876
2012-04-30 15:00:00,106.195335
2012-04-30 16:00:00,231.28778
2012-04-30 17:00:00,225.15372
2012-04-30 18:00:00,184.7471
2012-04-30 19:00:00,163.14183
2012-04-30 20:00:00,148.83325
2012-04-30 21:00:00,148.83325
2012-04-30 22:00:00,129.34335
2012-04-30 23:00:00,163.48737
2012-05-20 00:00:00,193.07579
2012-05-20 01:00:00,156.49779
2012-05-20 02:00:00,156.49779
2012-05-20 03:00:00,134.90276
2012-05-20 04:00:00,99.83924
2012-05-20 05:00:00,92.51192
2012-05-20 06:00:00,102.981476
2012-05-20 07:00:00,132.1617
2012-05-20 08:00:00,187.01628
2012-05-20 09:00:00,505.13095
2012-05-20 10:00:00,518.73584
2012-05-20 11:00:00,498.69867
2012-05-20 12:00:00,510.99228
2012-05-20 13:00:00,526.3706
2012-05-20 14:00:00,495.52792
2012-05-20 15:00:00,406.4516
2012-05-20 16:00:00,499.82224
2012-05-20 17:00:00,508.1169
2012-05-20 18:00:00,456.82034
2012-05-20 19:00:00,341.39502
2012-05-20 20:00:00,341.39502
2012-05-20 21:00:00,298.12836
2012-05-20 22:00:00,269.97333
2012-05-20 23:00:00,204.4075
2012-05-21 00:00:00,119.0574
2012-05-21 01:00:00,121.13153
2012-05-21 02:00:00,93.67072
2012-05-21 03:00:00,182.8718
2012-05-21 04:00:00,111.295906
2012-05-21 05:00:00,111.295906
2012-05-21 06:00:00,111.295906
2012-05-21 07:00:00,111.295906
2012-05-21 08:00:00,106.996925
2012-05-21 09:00:00,106.372345
2012-05-21 10:00:00,117.38164
2012-05-21 11:00:00,176.65045
2012-05-21 12:00:00,215.82213
2012-05-21 13:00:00,121.471466
2012-05-21 14:00:00,116.240845
2012-05-21 15:00:00,237.66434
2012-05-21 16:00:00,252.49655
2012-05-21 17:00:00,271.17426
2012-05-21 18:00:00,187.65097
2012-05-21 19:00:00,207.19656
2012-05-21 20:00:00,219.36047
2012-05-21 21:00:00,199.34467
2012-05-21 22:00:00,210.2374
2012-05-21 23:00:00,241.20103
2012-05-22 00:00:00,200.27286
2012-05-22 01:00:00,159.10469
2012-05-22 02:00:00,154.94733
2012-05-22 03:00:00,154.94733
2012-05-22 04:00:00,148.95137
2012-05-22 05:00:00,107.51405
2012-05-22 06:00:00,101.37891
2012-05-22 07:00:00,101.37891
2012-05-22 08:00:00,141.43541
2012-05-22 09:00:00,158.53326
2012-05-22 10:00:00,169.8374
2012-05-22 11:00:00,178.65317
2012-05-22 12:00:00,176.14627
2012-05-22 13:00:00,191.00238
2012-05-22 14:00:00,198.03699
2012-05-22 15:00:00,236.59344
2012-05-22 16:00:00,248.11284
2012-05-22 17:00:00,205.1368
2012-05-22 18:00:00,266.28708
2012-05-22 19:00:00,267.1258
2012-05-22 20:00:00,254.83801
2012-05-22 21:00:00,162.75696
2012-05-22 22:00:00,177.8879
2012-05-22 23:00:00,181.46771
2012-05-23 00:00:00,162.75696
2012-05-23 01:00:00,140.45103
2012-05-23 02:00:00,176.65045
2012-05-23 03:00:00,140.16809
2012-05-23 04:00:00,114.19303
2012-05-23 05:00:00,106.996925
2012-05-23 06:00:00,77.34632
2012-05-23 07:00:00,116.526924
2012-05-23 08:00:00,116.526924
2012-05-23 09:00:00,185.93654
2012-05-23 10:00:00,151.49185
2012-05-23 11:00:00,156.30139
2012-05-23 12:00:00,212.36855
2012-05-23 13:00:00,227.62073
2012-05-23 14:00:00,253.82205
2012-05-23 15:00:00,216.81117
2012-05-23 16:00:00,232.18463
2012-05-23 17:00:00,164.33195
2012-05-23 18:00:00,164.33195
2012-05-23 19:00:00,182.4496
2012-05-23 20:00:00,166.28328
2012-05-23 21:00:00,181.50919
2012-05-23 22:00:00,182.4496
2012-05-23 23:00:00,123.92403
2012-05-24 00:00:00,114.2435
2012-05-24 01:00:00,92.51123
2012-05-24 02:00:00,103.11934
2012-05-24 03:00:00,151.06879
2012-05-24 04:00:00,164.00388
2012-05-24 05:00:00,164.00388
2012-05-24 06:00:00,164.00388
2012-05-24 07:00:00,113.451836
2012-05-24 08:00:00,193.36804
2012-05-24 09:00:00,209.9613
2012-05-24 10:00:00,242.20372
2012-05-24 11:00:00,248.94943
2012-05-24 12:00:00,257.37778
2012-05-24 13:00:00,307.06375
2012-05-24 14:00:00,332.3583
2012-05-24 15:00:00,346.87152
2012-05-24 16:00:00,330.3274
2012-05-24 17:00:00,349.88574
2012-05-24 18:00:00,333.4547
2012-05-24 19:00:00,314.00894
2012-05-24 20:00:00,262.32498
2012-05-24 21:00:00,137.0528
2012-05-24 22:00:00,181.25652
2012-05-24 23:00:00,189.98901
2012-05-25 00:00:00,132.5629
2012-05-25 01:00:00,125.53609
2012-05-25 02:00:00,181.50919
2012-05-25 03:00:00,156.22537
2012-05-25 04:00:00,177.86865
2012-05-25 05:00:00,156.99513
2012-05-25 06:00:00,156.22537
2012-05-25 07:00:00,172.22002
2012-05-25 08:00:00,161.4797
2012-05-25 09:00:00,162.0286
2012-05-25 10:00:00,211.61333
2012-05-25 11:00:00,196.08295
2012-05-25 12:00:00,239.43422
2012-05-25 13:00:00,271.78424
2012-05-25 14:00:00,277.57895
2012-05-25 15:00:00,312.75262
2012-05-25 16:00:00,348.15463
2012-05-25 17:00:00,347.51413
2012-05-25 18:00:00,312.75262
2012-05-25 19:00:00,330.5533
2012-05-25 20:00:00,276.805
2012-05-25 21:00:00,258.5953
2012-05-25 22:00:00,189.36462
2012-05-25 23:00:00,236.03293
2012-05-26 00:00:00,100.54125
2012-05-26 01:00:00,93.26318
2012-05-26 02:00:00,84.87481
2012-05-26 03:00:00,78.25718
2012-05-26 04:00:00,85.05162
2012-05-26 05:00:00,141.2167
2012-05-26 06:00:00,100.47954
2012-05-26 07:00:00,131.02313
2012-05-26 08:00:00,108.09981
2012-05-26 09:00:00,114.07288
2012-05-26 10:00:00,161.70729
2012-05-26 11:00:00,181.41837
2012-05-26 12:00:00,278.8696
2012-05-26 13:00:00,279.93042
2012-05-26 14:00:00,294.17023
2012-05-26 15:00:00,334.7067
2012-05-26 16:00:00,394.44815
2012-05-26 17:00:00,372.41653
2012-05-26 18:00:00,357.61478
2012-05-26 19:00:00,263.2382
2012-05-26 20:00:00,335.03903
2012-05-26 21:00:00,272.36093
2012-05-26 22:00:00,229.64279
2012-05-26 23:00:00,229.64279
2012-05-27 00:00:00,202.06522
2012-05-27 01:00:00,192.61327
2012-05-27 02:00:00,190.9302
2012-05-27 03:00:00,144.083
2012-05-27 04:00:00,113.84457
2012-05-27 05:00:00,113.84457
2012-05-27 06:00:00,100.85185
2012-05-27 07:00:00,92.485756
2012-05-27 08:00:00,114.07288
2012-05-27 09:00:00,133.46875
2012-05-27 10:00:00,229.7634
2012-05-27 11:00:00,274.23422
2012-05-27 12:00:00,300.93533
2012-05-27 13:00:00,347.24286
2012-05-27 14:00:00,378.75055
2012-05-27 15:00:00,434.43454
2012-05-27 16:00:00,434.43454
2012-05-27 17:00:00,462.64383
2012-05-27 18:00:00,407.19446
2012-05-27 19:00:00,347.24286
2012-05-27 20:00:00,363.14215
2012-05-27 21:00:00,252.74796
2012-05-27 22:00:00,127.23587
2012-05-27 23:00:00,118.25578
2012-05-28 00:00:00,169.50214
2012-05-28 01:00:00,233.11002
2012-05-28 02:00:00,163.85959
2012-05-28 03:00:00,147.8234
2012-05-28 04:00:00,121.98211
2012-05-28 05:00:00,121.98211
2012-05-28 06:00:00,147.8234
2012-05-28 07:00:00,109.847664
2012-05-28 08:00:00,77.9795
2012-05-28 09:00:00,166.80899
2012-05-28 10:00:00,166.80899
2012-05-28 11:00:00,212.20901
2012-05-28 12:00:00,296.27237
2012-05-28 13:00:00,399.26804
2012-05-28 14:00:00,399.26804
2012-05-28 15:00:00,464.5706
2012-05-28 16:00:00,469.95193
2012-05-28 17:00:00,464.5706
2012-05-28 18:00:00,429.92642
2012-05-28 19:00:00,458.31583
2012-05-28 20:00:00,369.57922
2012-05-28 21:00:00,306.57843
2012-05-28 22:00:00,212.71869
2012-05-28 23:00:00,190.60709
2012-05-29 00:00:00,240.4866
2012-05-29 01:00:00,240.4866
2012-05-29 02:00:00,181.74052
2012-05-29 03:00:00,258.18747
2012-05-29 04:00:00,236.03293
2012-05-29 05:00:00,236.03293
2012-05-29 06:00:00,236.03293
2012-05-29 07:00:00,236.03293
2012-05-29 08:00:00,257.3163
2012-05-29 09:00:00,296.666
2012-05-29 10:00:00,307.2607
2012-05-29 11:00:00,348.41327
2012-05-29 12:00:00,339.60196
2012-05-29 13:00:00,311.4196
2012-05-29 14:00:00,303.8624
2012-05-29 15:00:00,300.97946
2012-05-29 16:00:00,266.86868
2012-05-29 17:00:00,289.26627
2012-05-29 18:00:00,268.3869
2012-05-29 19:00:00,342.42673
2012-05-29 20:00:00,172.70737
2012-05-29 21:00:00,129.71368
2012-05-29 22:00:00,156.99513
2012-05-29 23:00:00,105.66651
2012-05-30 00:00:00,107.01925
2012-05-30 01:00:00,111.09746
2012-05-30 02:00:00,95.252014
2012-05-30 03:00:00,103.8519
2012-05-30 04:00:00,159.25717
2012-05-30 05:00:00,185.08203
2012-05-30 06:00:00,169.17395
2012-05-30 07:00:00,122.39297
2012-05-30 08:00:00,202.01698
2012-05-30 09:00:00,234.90771
2012-05-30 10:00:00,240.5297
2012-05-30 11:00:00,258.37234
2012-05-30 12:00:00,207.32562
2012-05-30 13:00:00,219.59619
2012-05-30 14:00:00,319.73413
2012-05-30 15:00:00,295.7805
2012-05-30 16:00:00,315.02817
2012-05-30 17:00:00,276.9483
2012-05-30 18:00:00,320.71982
2012-05-30 19:00:00,307.06375
2012-05-30 20:00:00,147.79291
2012-05-30 21:00:00,263.89426
2012-05-30 22:00:00,213.05528
2012-05-30 23:00:00,235.75778
2012-05-31 00:00:00,219.36047
2012-05-31 01:00:00,201.2662
2012-05-31 02:00:00,226.28319
2012-05-31 03:00:00,199.34467
2012-05-31 04:00:00,169.12033
2012-05-31 05:00:00,253.95566
2012-05-31 06:00:00,235.08453
2012-05-31 07:00:00,251.73694
2012-05-31 08:00:00,275.79788
2012-05-31 09:00:00,311.45282
2012-05-31 10:00:00,333.5098
2012-05-31 11:00:00,380.51443
2012-05-31 12:00:00,380.45102
2012-05-31 13:00:00,350.91983
2012-05-31 14:00:00,411.73425
2012-05-31 15:00:00,368.558
2012-05-31 16:00:00,378.1618
2012-05-31 17:00:00,394.1868
2012-05-31 18:00:00,429.49094
2012-05-31 19:00:00,380.46317
2012-05-31 20:00:00,317.94644
2012-05-31 21:00:00,317.94644
2012-05-31 22:00:00,297.72327
2012-05-31 23:00:00,300.7784
2012-06-20 00:00:00,240.4866
2012-06-20 01:00:00,227.62254
2012-06-20 02:00:00,175.94284
2012-06-20 03:00:00,160.40714
2012-06-20 04:00:00,144.37396
2012-06-20 05:00:00,144.37396
2012-06-20 06:00:00,162.64708
2012-06-20 07:00:00,190.88684
2012-06-20 08:00:00,205.06737
2012-06-20 09:00:00,233.98946
2012-06-20 10:00:00,291.28293
2012-06-20 11:00:00,296.56775
2012-06-20 12:00:00,272.3054
2012-06-20 13:00:00,252.79639
2012-06-20 14:00:00,251.40204
2012-06-20 15:00:00,240.78455
2012-06-20 16:00:00,218.61781
2012-06-20 17:00:00,244.2981
2012-06-20 18:00:00,244.29816
2012-06-20 19:00:00,276.79385
2012-06-20 20:00:00,281.65088
2012-06-20 21:00:00,262.06805
2012-06-20 22:00:00,271.3964
2012-06-20 23:00:00,266.1374
2012-06-21 00:00:00,184.23592
2012-06-21 01:00:00,148.27414
2012-06-21 02:00:00,131.59917
2012-06-21 03:00:00,128.73418
2012-06-21 04:00:00,94.73035
2012-06-21 05:00:00,96.86391
2012-06-21 06:00:00,192.83348
2012-06-21 07:00:00,192.83348
2012-06-21 08:00:00,144.32285
2012-06-21 09:00:00,299.759
2012-06-21 10:00:00,275.82535
2012-06-21 11:00:00,305.6627
2012-06-21 12:00:00,316.6226
2012-06-21 13:00:00,304.19577
2012-06-21 14:00:00,325.83823
2012-06-21 15:00:00,332.9566
2012-06-21 16:00:00,327.38525
2012-06-21 17:00:00,299.54446
2012-06-21 18:00:00,310.56174
2012-06-21 19:00:00,296.5149
2012-06-21 20:00:00,306.85037
2012-06-21 21:00:00,289.84946
2012-06-21 22:00:00,297.27982
2012-06-21 23:00:00,239.87198
2012-06-22 00:00:00,277.93787
2012-06-22 01:00:00,239.99559
2012-06-22 02:00:00,123.19133
2012-06-22 03:00:00,123.19133
2012-06-22 04:00:00,280.78076
2012-06-22 05:00:00,268.7193
2012-06-22 06:00:00,270.93973
2012-06-22 07:00:00,258.54303
2012-06-22 08:00:00,251.56631
2012-06-22 09:00:00,319.02643
2012-06-22 10:00:00,304.51785
2012-06-22 11:00:00,288.2502
2012-06-22 12:00:00,278.61197
2012-06-22 13:00:00,296.5149
2012-06-22 14:00:00,296.5149
2012-06-22 15:00:00,241.3718
2012-06-22 16:00:00,300.94513
2012-06-22 17:00:00,320.6547
2012-06-22 18:00:00,291.57095
2012-06-22 19:00:00,245.43658
2012-06-22 20:00:00,245.43658
2012-06-22 21:00:00,277.59894
2012-06-22 22:00:00,163.8374
2012-06-22 23:00:00,232.08849
2012-06-23 00:00:00,50.584904
2012-06-23 01:00:00,67.20474
2012-06-23 02:00:00,86.80739
2012-06-23 03:00:00,83.76357
2012-06-23 04:00:00,83.47479
2012-06-23 05:00:00,86.80739
2012-06-23 06:00:00,46.002415
2012-06-23 07:00:00,56.473747
2012-06-23 08:00:00,150.15794
2012-06-23 09:00:00,225.73438
2012-06-23 10:00:00,276.76807
2012-06-23 11:00:00,357.75574
2012-06-23 12:00:00,358.235
2012-06-23 13:00:00,390.1612
2012-06-23 14:00:00,500.0485
2012-06-23 15:00:00,497.39996
2012-06-23 16:00:00,515.63196
2012-06-23 17:00:00,502.06174
2012-06-23 18:00:00,520.9698
2012-06-23 19:00:00,459.33
2012-06-23 20:00:00,456.2463
2012-06-23 21:00:00,425.8892
2012-06-23 22:00:00,408.2145
2012-06-23 23:00:00,355.4586
2012-06-24 00:00:00,273.1268
2012-06-24 01:00:00,258.7643
2012-06-24 02:00:00,280.42834
2012-06-24 03:00:00,210.56023
2012-06-24 04:00:00,226.0616
2012-06-24 05:00:00,98.00495
2012-06-24 06:00:00,140.22867
2012-06-24 07:00:00,105.49185
2012-06-24 08:00:00,205.83649
2012-06-24 09:00:00,276.02325
2012-06-24 10:00:00,353.28836
2012-06-24 11:00:00,375.1462
2012-06-24 12:00:00,446.167
2012-06-24 13:00:00,502.11963
2012-06-24 14:00:00,490.1267
2012-06-24 15:00:00,417.8057
2012-06-24 16:00:00,448.86676
2012-06-24 17:00:00,434.8433
2012-06-24 18:00:00,429.32846
2012-06-24 19:00:00,462.99884
2012-06-24 20:00:00,391.8671
2012-06-24 21:00:00,293.61493
2012-06-24 22:00:00,259.2314
2012-06-24 23:00:00,243.52261
2012-06-25 00:00:00,316.01224
2012-06-25 01:00:00,270.96387
2012-06-25 02:00:00,238.63185
2012-06-25 03:00:00,245.44865
2012-06-25 04:00:00,153.1561
2012-06-25 05:00:00,136.463
2012-06-25 06:00:00,97.536934
2012-06-25 07:00:00,169.68427
2012-06-25 08:00:00,189.19946
2012-06-25 09:00:00,242.0
2012-06-25 10:00:00,270.65842
2012-06-25 11:00:00,281.96753
2012-06-25 12:00:00,264.62152
2012-06-25 13:00:00,330.6885
2012-06-25 14:00:00,311.95282
2012-06-25 15:00:00,286.2067
2012-06-25 16:00:00,293.98257
2012-06-25 17:00:00,309.91534
2012-06-25 18:00:00,314.80185
2012-06-25 19:00:00,320.37057
2012-06-25 20:00:00,316.1158
2012-06-25 21:00:00,379.91873
2012-06-25 22:00:00,358.15338
2012-06-25 23:00:00,376.52667
2012-06-26 00:00:00,376.82346
2012-06-26 01:00:00,344.2518
2012-06-26 02:00:00,346.80054
2012-06-26 03:00:00,325.23004
2012-06-26 04:00:00,325.44357
2012-06-26 05:00:00,293.66953
2012-06-26 06:00:00,271.974
2012-06-26 07:00:00,274.22055
2012-06-26 08:00:00,306.52682
2012-06-26 09:00:00,313.33243
2012-06-26 10:00:00,344.25873
2012-06-26 11:00:00,335.17355
2012-06-26 12:00:00,329.29318
2012-06-26 13:00:00,323.99725
2012-06-26 14:00:00,323.99725
2012-06-26 15:00:00,316.7711
2012-06-26 16:00:00,324.26425
2012-06-26 17:00:00,330.50366
2012-06-26 18:00:00,346.36844
2012-06-26 19:00:00,373.47977
2012-06-26 20:00:00,380.00024
2012-06-26 21:00:00,380.67307
2012-06-26 22:00:00,403.2858
2012-06-26 23:00:00,325.30353
2012-06-27 00:00:00,350.59888
2012-06-27 01:00:00,330.52386
2012-06-27 02:00:00,283.9603
2012-06-27 03:00:00,298.80826
2012-06-27 04:00:00,365.19305
2012-06-27 05:00:00,341.31165
2012-06-27 06:00:00,334.86633
2012-06-27 07:00:00,331.34705
2012-06-27 08:00:00,339.51965
2012-06-27 09:00:00,343.59274
2012-06-27 10:00:00,362.03665
2012-06-27 11:00:00,343.59714
2012-06-27 12:00:00,328.60205
2012-06-27 13:00:00,293.87473
2012-06-27 14:00:00,316.45746
2012-06-27 15:00:00,293.9169
2012-06-27 16:00:00,299.19827
2012-06-27 17:00:00,303.8715
2012-06-27 18:00:00,293.87473
2012-06-27 19:00:00,306.91428
2012-06-27 20:00:00,335.80038
2012-06-27 21:00:00,334.62534
2012-06-27 22:00:00,285.7132
2012-06-27 23:00:00,256.03766
2012-06-28 00:00:00,224.07985
2012-06-28 01:00:00,154.39569
2012-06-28 02:00:00,216.63074
2012-06-28 03:00:00,216.63074
2012-06-28 04:00:00,152.23946
2012-06-28 05:00:00,159.58617
2012-06-28 06:00:00,159.58617
2012-06-28 07:00:00,152.23946
2012-06-28 08:00:00,239.10059
2012-06-28 09:00:00,249.30067
2012-06-28 10:00:00,310.4924
2012-06-28 11:00:00,316.39752
2012-06-28 12:00:00,285.19485
2012-06-28 13:00:00,300.52887
2012-06-28 14:00:00,267.23788
2012-06-28 15:00:00,267.23788
2012-06-28 16:00:00,321.87576
2012-06-28 17:00:00,323.49866
2012-06-28 18:00:00,309.0179
2012-06-28 19:00:00,259.57727
2012-06-28 20:00:00,313.1243
2012-06-28 21:00:00,292.33197
2012-06-28 22:00:00,280.5909
2012-06-28 23:00:00,271.7555
2012-06-29 00:00:00,271.7555
2012-06-29 01:00:00,277.33273
2012-06-29 02:00:00,268.54623
2012-06-29 03:00:00,268.54623
2012-06-29 04:00:00,218.39355
2012-06-29 05:00:00,180.16321
2012-06-29 06:00:00,263.6291
2012-06-29 07:00:00,180.16321
2012-06-29 08:00:00,271.4058
2012-06-29 09:00:00,270.65842
2012-06-29 10:00:00,264.4998
2012-06-29 11:00:00,325.22812
2012-06-29 12:00:00,340.60654
2012-06-29 13:00:00,318.32492
2012-06-29 14:00:00,308.45737
2012-06-29 15:00:00,308.26044
2012-06-29 16:00:00,308.26044
2012-06-29 17:00:00,329.80682
2012-06-29 18:00:00,326.0824
2012-06-29 19:00:00,294.0161
2012-06-29 20:00:00,285.16187
2012-06-29 21:00:00,318.60764
2012-06-29 22:00:00,363.12012
2012-06-29 23:00:00,363.12012
2012-06-30 00:00:00,104.70353
2012-06-30 01:00:00,100.4368
2012-06-30 02:00:00,79.005165
2012-06-30 03:00:00,79.005165
2012-06-30 04:00:00,64.01911
2012-06-30 05:00:00,46.233402
2012-06-30 06:00:00,46.233402
2012-06-30 07:00:00,46.233402
2012-06-30 08:00:00,46.233402
2012-06-30 09:00:00,46.233402
2012-06-30 10:00:00,407.41486
2012-06-30 11:00:00,407.41486
2012-06-30 12:00:00,407.41486
2012-06-30 13:00:00,407.41486
2012-06-30 14:00:00,407.41486
2012-06-30 15:00:00,407.41486
2012-06-30 16:00:00,359.34024
2012-06-30 17:00:00,342.82693
2012-06-30 18:00:00,300.19864
2012-06-30 19:00:00,359.52997
2012-06-30 20:00:00,295.76147
2012-06-30 21:00:00,295.76147
2012-06-30 22:00:00,235.61249
2012-06-30 23:00:00,230.11816
2012-07-20 00:00:00,117.043434
2012-07-20 01:00:00,73.28627
2012-07-20 02:00:00,160.1928
2012-07-20 03:00:00,160.08917
2012-07-20 04:00:00,155.59946
2012-07-20 05:00:00,157.99632
2012-07-20 06:00:00,155.59946
2012-07-20 07:00:00,156.26122
2012-07-20 08:00:00,178.78883
2012-07-20 09:00:00,201.93471
2012-07-20 10:00:00,204.19948
2012-07-20 11:00:00,271.22098
2012-07-20 12:00:00,152.54547
2012-07-20 13:00:00,169.64171
2012-07-20 14:00:00,172.39705
2012-07-20 15:00:00,219.06387
2012-07-20 16:00:00,222.75232
2012-07-20 17:00:00,213.12766
2012-07-20 18:00:00,230.16226
2012-07-20 19:00:00,202.92767
2012-07-20 20:00:00,164.23143
2012-07-20 21:00:00,137.7358
2012-07-20 22:00:00,167.71837
2012-07-20 23:00:00,199.8639
2012-07-21 00:00:00,145.17943
2012-07-21 01:00:00,104.57382
2012-07-21 02:00:00,124.09117
2012-07-21 03:00:00,115.48271
2012-07-21 04:00:00,126.189606
2012-07-21 05:00:00,118.138855
2012-07-21 06:00:00,118.138855
2012-07-21 07:00:00,84.784584
2012-07-21 08:00:00,107.62304
2012-07-21 09:00:00,80.57173
2012-07-21 10:00:00,118.138855
2012-07-21 11:00:00,105.69751
2012-07-21 12:00:00,126.11741
2012-07-21 13:00:00,106.73448
2012-07-21 14:00:00,84.22535
2012-07-21 15:00:00,115.48271
2012-07-21 16:00:00,101.31419
2012-07-21 17:00:00,97.029816
2012-07-21 18:00:00,69.386856
2012-07-21 19:00:00,67.98371
2012-07-21 20:00:00,97.029816
2012-07-21 21:00:00,67.98368
2012-07-21 22:00:00,67.83718
2012-07-21 23:00:00,71.72923
2012-07-22 00:00:00,67.83718
2012-07-22 01:00:00,67.98368
2012-07-22 02:00:00,67.83718
2012-07-22 03:00:00,67.83718
2012-07-22 04:00:00,41.58737
2012-07-22 05:00:00,41.58737
2012-07-22 06:00:00,79.567154
2012-07-22 07:00:00,88.347336
2012-07-22 08:00:00,120.01352
2012-07-22 09:00:00,203.50609
2012-07-22 10:00:00,165.69331
2012-07-22 11:00:00,165.69331
2012-07-22 12:00:00,217.72342
2012-07-22 13:00:00,237.8463
2012-07-22 14:00:00,182.55309
2012-07-22 15:00:00,182.55309
2012-07-22 16:00:00,191.53928
2012-07-22 17:00:00,212.76083
2012-07-22 18:00:00,206.24571
2012-07-22 19:00:00,173.82812
2012-07-22 20:00:00,127.45582
2012-07-22 21:00:00,93.59017
2012-07-22 22:00:00,129.3465
2012-07-22 23:00:00,79.69937
2012-07-23 00:00:00,67.48133
2012-07-23 01:00:00,86.11847
2012-07-23 02:00:00,137.62833
2012-07-23 03:00:00,137.62833
2012-07-23 04:00:00,149.67923
2012-07-23 05:00:00,149.67923
2012-07-23 06:00:00,167.97394
2012-07-23 07:00:00,103.24954
2012-07-23 08:00:00,131.59917
2012-07-23 09:00:00,255.71674
2012-07-23 10:00:00,283.15762
2012-07-23 11:00:00,287.28098
2012-07-23 12:00:00,287.28098
2012-07-23 13:00:00,293.2653
2012-07-23 14:00:00,296.5303
2012-07-23 15:00:00,299.759
2012-07-23 16:00:00,269.56436
2012-07-23 17:00:00,269.56436
2012-07-23 18:00:00,284.39792
2012-07-23 19:00:00,321.4907
2012-07-23 20:00:00,266.76422
2012-07-23 21:00:00,293.28262
2012-07-23 22:00:00,274.86423
2012-07-23 23:00:00,235.25253
2012-07-24 00:00:00,155.96057
2012-07-24 01:00:00,122.40091
2012-07-24 02:00:00,88.947525
2012-07-24 03:00:00,88.947525
2012-07-24 04:00:00,74.96621
2012-07-24 05:00:00,76.326004
2012-07-24 06:00:00,79.985466
2012-07-24 07:00:00,175.10942
2012-07-24 08:00:00,260.51715
2012-07-24 09:00:00,221.09875
2012-07-24 10:00:00,311.5236
2012-07-24 11:00:00,292.26266
2012-07-24 12:00:00,305.2747
2012-07-24 13:00:00,300.79443
2012-07-24 14:00:00,312.0978
2012-07-24 15:00:00,286.7228
2012-07-24 16:00:00,317.24734
2012-07-24 17:00:00,308.467
2012-07-24 18:00:00,352.67252
2012-07-24 19:00:00,266.76422
2012-07-24 20:00:00,248.01642
2012-07-24 21:00:00,299.78888
2012-07-24 22:00:00,324.253
2012-07-24 23:00:00,335.28525
2012-07-25 00:00:00,324.43747
2012-07-25 01:00:00,256.57065
2012-07-25 02:00:00,266.40268
2012-07-25 03:00:00,239.18889
2012-07-25 04:00:00,220.84439
2012-07-25 05:00:00,183.08965
2012-07-25 06:00:00,203.21222
2012-07-25 07:00:00,315.90247
2012-07-25 08:00:00,339.71262
2012-07-25 09:00:00,337.21228
2012-07-25 10:00:00,278.3222
2012-07-25 11:00:00,303.92755
2012-07-25 12:00:00,303.92755
2012-07-25 13:00:00,330.75906
2012-07-25 14:00:00,335.52405
2012-07-25 15:00:00,324.3832
2012-07-25 16:00:00,328.61838
2012-07-25 17:00:00,314.05914
2012-07-25 18:00:00,340.56717
2012-07-25 19:00:00,331.3386
2012-07-25 20:00:00,325.53464
2012-07-25 21:00:00,277.3855
2012-07-25 22:00:00,209.23715
2012-07-25 23:00:00,295.62003
2012-07-26 00:00:00,217.59816
2012-07-26 01:00:00,239.18889
2012-07-26 02:00:00,225.31517
2012-07-26 03:00:00,207.68303
2012-07-26 04:00:00,155.555
2012-07-26 05:00:00,155.555
2012-07-26 06:00:00,153.1561
2012-07-26 07:00:00,237.02798
2012-07-26 08:00:00,250.46367
2012-07-26 09:00:00,261.01166
2012-07-26 10:00:00,284.44897
2012-07-26 11:00:00,331.57336
2012-07-26 12:00:00,311.85202
2012-07-26 13:00:00,285.0516
2012-07-26 14:00:00,284.2243
2012-07-26 15:00:00,268.19882
2012-07-26 16:00:00,243.59288
2012-07-26 17:00:00,247.62863
2012-07-26 18:00:00,246.07921
2012-07-26 19:00:00,255.8787
2012-07-26 20:00:00,287.43744
2012-07-26 21:00:00,260.1743
2012-07-26 22:00:00,260.1743
2012-07-26 23:00:00,201.63608
2012-07-27 00:00:00,135.92314
2012-07-27 01:00:00,180.69342
2012-07-27 02:00:00,125.59125
2012-07-27 03:00:00,175.10944
2012-07-27 04:00:00,97.80086
2012-07-27 05:00:00,86.89483
2012-07-27 06:00:00,97.80086
2012-07-27 07:00:00,242.24579
2012-07-27 08:00:00,209.03253
2012-07-27 09:00:00,289.2325
2012-07-27 10:00:00,255.01993
2012-07-27 11:00:00,281.57227
2012-07-27 12:00:00,279.51678
2012-07-27 13:00:00,286.43744
2012-07-27 14:00:00,274.11865
2012-07-27 15:00:00,296.14606
2012-07-27 16:00:00,303.5313
2012-07-27 17:00:00,264.9296
2012-07-27 18:00:00,292.3172
2012-07-27 19:00:00,289.84946
2012-07-27 20:00:00,235.3365
2012-07-27 21:00:00,235.3365
2012-07-27 22:00:00,259.67325
2012-07-27 23:00:00,156.06805
2012-07-28 00:00:00,225.1998
2012-07-28 01:00:00,157.59593
2012-07-28 02:00:00,151.29684
2012-07-28 03:00:00,151.29684
2012-07-28 04:00:00,99.51151
2012-07-28 05:00:00,79.69937
2012-07-28 06:00:00,146.22932
2012-07-28 07:00:00,166.56068
2012-07-28 08:00:00,206.24571
2012-07-28 09:00:00,247.81949
2012-07-28 10:00:00,323.77243
2012-07-28 11:00:00,377.26965
2012-07-28 12:00:00,359.5861
2012-07-28 13:00:00,367.3786
2012-07-28 14:00:00,370.26154
2012-07-28 15:00:00,412.07346
2012-07-28 16:00:00,358.598
2012-07-28 17:00:00,330.13138
2012-07-28 18:00:00,383.95627
2012-07-28 19:00:00,67.462875
2012-07-28 20:00:00,72.29079
2012-07-28 21:00:00,64.67437
2012-07-28 22:00:00,64.67437
2012-07-28 23:00:00,50.874783
2012-07-29 00:00:00,45.020607
2012-07-29 01:00:00,52.248142
2012-07-29 02:00:00,88.01585
2012-07-29 03:00:00,127.81552
2012-07-29 04:00:00,108.43294
2012-07-29 05:00:00,66.43252
2012-07-29 06:00:00,82.07328
2012-07-29 07:00:00,146.2102
2012-07-29 08:00:00,208.70406
2012-07-29 09:00:00,248.59181
2012-07-29 10:00:00,193.42657
2012-07-29 11:00:00,293.61493
2012-07-29 12:00:00,381.10132
2012-07-29 13:00:00,343.07715
2012-07-29 14:00:00,347.7282
2012-07-29 15:00:00,334.05765
2012-07-29 16:00:00,334.05765
2012-07-29 17:00:00,344.70953
2012-07-29 18:00:00,441.77795
2012-07-29 19:00:00,274.45053
2012-07-29 20:00:00,191.53928
2012-07-29 21:00:00,166.56068
2012-07-29 22:00:00,146.22932
2012-07-29 23:00:00,142.0557
2012-07-30 00:00:00,129.28311
2012-07-30 01:00:00,111.62556
2012-07-30 02:00:00,97.60598
2012-07-30 03:00:00,73.145996
2012-07-30 04:00:00,73.145996
2012-07-30 05:00:00,76.326004
2012-07-30 06:00:00,88.947525
2012-07-30 07:00:00,107.476585
2012-07-30 08:00:00,246.73053
2012-07-30 09:00:00,279.12314
2012-07-30 10:00:00,292.2408
2012-07-30 11:00:00,290.14136
2012-07-30 12:00:00,282.35718
2012-07-30 13:00:00,288.2502
2012-07-30 14:00:00,312.2723
2012-07-30 15:00:00,310.0822
2012-07-30 16:00:00,302.55655
2012-07-30 17:00:00,332.72238
2012-07-30 18:00:00,312.1928
2012-07-30 19:00:00,277.23553
2012-07-30 20:00:00,265.9996
2012-07-30 21:00:00,242.24579
2012-07-30 22:00:00,241.89645
2012-07-30 23:00:00,195.48737
2012-07-31 00:00:00,104.91264
2012-07-31 01:00:00,79.985466
2012-07-31 02:00:00,79.98545
2012-07-31 03:00:00,74.96622
2012-07-31 04:00:00,74.96621
2012-07-31 05:00:00,88.947525
2012-07-31 06:00:00,72.12632
2012-07-31 07:00:00,133.35042
2012-07-31 08:00:00,125.591255
2012-07-31 09:00:00,180.69342
2012-07-31 10:00:00,131.83951
2012-07-31 11:00:00,160.03253
2012-07-31 12:00:00,239.79321
2012-07-31 13:00:00,320.95602
2012-07-31 14:00:00,320.95602
2012-07-31 15:00:00,243.20084
2012-07-31 16:00:00,319.02643
2012-07-31 17:00:00,324.1829
2012-07-31 18:00:00,346.02408
2012-07-31 19:00:00,294.98404
2012-07-31 20:00:00,270.44724
2012-07-31 21:00:00,140.15164
2012-07-31 22:00:00,206.8325
2012-07-31 23:00:00,168.1628
2012-08-20 00:00:00,149.26611
2012-08-20 01:00:00,69.98976
2012-08-20 02:00:00,69.98976
2012-08-20 03:00:00,51.85174
2012-08-20 04:00:00,150.37633
2012-08-20 05:00:00,138.08482
2012-08-20 06:00:00,167.60645
2012-08-20 07:00:00,181.51053
2012-08-20 08:00:00,202.3051
2012-08-20 09:00:00,231.82207
2012-08-20 10:00:00,216.6905
2012-08-20 11:00:00,149.82379
2012-08-20 12:00:00,240.15541
2012-08-20 13:00:00,209.23715
2012-08-20 14:00:00,256.69913
2012-08-20 15:00:00,322.5729
2012-08-20 16:00:00,322.5729
2012-08-20 17:00:00,309.90115
2012-08-20 18:00:00,213.51114
2012-08-20 19:00:00,188.26869
2012-08-20 20:00:00,199.8639
2012-08-20 21:00:00,65.72756
2012-08-20 22:00:00,138.08482
2012-08-20 23:00:00,138.08482
2012-08-21 00:00:00,150.37633
2012-08-21 01:00:00,148.66284
2012-08-21 02:00:00,166.26155
2012-08-21 03:00:00,42.954906
2012-08-21 04:00:00,42.954906
2012-08-21 05:00:00,61.809807
2012-08-21 06:00:00,63.922256
2012-08-21 07:00:00,69.76247
2012-08-21 08:00:00,75.4536
2012-08-21 09:00:00,100.28224
2012-08-21 10:00:00,157.89833
2012-08-21 11:00:00,152.91052
2012-08-21 12:00:00,219.53375
2012-08-21 13:00:00,258.20004
2012-08-21 14:00:00,306.4353
2012-08-21 15:00:00,278.50806
2012-08-21 16:00:00,278.50806
2012-08-21 17:00:00,341.0717
2012-08-21 18:00:00,300.06403
2012-08-21 19:00:00,190.53853
2012-08-21 20:00:00,87.40214
2012-08-21 21:00:00,87.40214
2012-08-21 22:00:00,77.07351
2012-08-21 23:00:00,66.06798
2012-08-22 00:00:00,67.51323
2012-08-22 01:00:00,74.9821
2012-08-22 02:00:00,74.9821
2012-08-22 03:00:00,74.9821
2012-08-22 04:00:00,64.14693
2012-08-22 05:00:00,76.2899
2012-08-22 06:00:00,84.93659
2012-08-22 07:00:00,74.9821
2012-08-22 08:00:00,92.98963
2012-08-22 09:00:00,117.247116
2012-08-22 10:00:00,169.51933
2012-08-22 11:00:00,187.76233
2012-08-22 12:00:00,178.31544
2012-08-22 13:00:00,261.70392
2012-08-22 14:00:00,273.90994
2012-08-22 15:00:00,278.48224
2012-08-22 16:00:00,318.27228
2012-08-22 17:00:00,318.27228
2012-08-22 18:00:00,294.0986
2012-08-22 19:00:00,232.08849
2012-08-22 20:00:00,145.22768
2012-08-22 21:00:00,87.40214
2012-08-22 22:00:00,87.40214
2012-08-22 23:00:00,70.88168
2012-08-23 00:00:00,77.07351
2012-08-23 01:00:00,66.06798
2012-08-23 02:00:00,66.06796
2012-08-23 03:00:00,67.33316
2012-08-23 04:00:00,66.06798
2012-08-23 05:00:00,66.06798
2012-08-23 06:00:00,130.39801
2012-08-23 07:00:00,158.61005
2012-08-23 08:00:00,203.18826
2012-08-23 09:00:00,261.76865
2012-08-23 10:00:00,196.65291
2012-08-23 11:00:00,253.9175
2012-08-23 12:00:00,275.8026
2012-08-23 13:00:00,304.8187
2012-08-23 14:00:00,329.14853
2012-08-23 15:00:00,294.10794
2012-08-23 16:00:00,295.6873
2012-08-23 17:00:00,330.34
2012-08-23 18:00:00,330.77377
2012-08-23 19:00:00,221.4476
2012-08-23 20:00:00,180.16321
2012-08-23 21:00:00,202.29802
2012-08-23 22:00:00,248.00188
2012-08-23 23:00:00,241.6809
2012-08-24 00:00:00,241.6809
2012-08-24 01:00:00,223.40732
2012-08-24 02:00:00,105.65225
2012-08-24 03:00:00,87.40214
2012-08-24 04:00:00,223.40732
2012-08-24 05:00:00,77.07351
2012-08-24 06:00:00,154.36604
2012-08-24 07:00:00,200.33147
2012-08-24 08:00:00,232.08849
2012-08-24 09:00:00,253.29349
2012-08-24 10:00:00,283.4376
2012-08-24 11:00:00,282.04996
2012-08-24 12:00:00,285.42026
2012-08-24 13:00:00,303.91367
2012-08-24 14:00:00,289.30325
2012-08-24 15:00:00,283.36295
2012-08-24 16:00:00,283.36295
2012-08-24 17:00:00,271.2021
2012-08-24 18:00:00,279.24326
2012-08-24 19:00:00,272.06708
2012-08-24 20:00:00,274.80948
2012-08-24 21:00:00,263.6291
2012-08-24 22:00:00,243.98912
2012-08-24 23:00:00,236.33087
2012-08-25 00:00:00,255.58095
2012-08-25 01:00:00,223.6369
2012-08-25 02:00:00,145.5296
2012-08-25 03:00:00,118.36077
2012-08-25 04:00:00,182.29353
2012-08-25 05:00:00,127.80935
2012-08-25 06:00:00,101.69322
2012-08-25 07:00:00,103.990944
2012-08-25 08:00:00,169.9977
2012-08-25 09:00:00,235.47905
2012-08-25 10:00:00,297.18906
2012-08-25 11:00:00,310.18262
2012-08-25 12:00:00,435.6075
2012-08-25 13:00:00,441.45316
2012-08-25 14:00:00,271.09027
2012-08-25 15:00:00,235.76743
2012-08-25 16:00:00,203.25467
2012-08-25 17:00:00,230.04552
2012-08-25 18:00:00,322.95526
2012-08-25 19:00:00,167.42366
2012-08-25 20:00:00,131.86792
2012-08-25 21:00:00,161.68675
2012-08-25 22:00:00,161.68675
2012-08-25 23:00:00,104.57382
2012-08-26 00:00:00,68.56433
2012-08-26 01:00:00,51.033726
2012-08-26 02:00:00,78.604416
2012-08-26 03:00:00,81.82979
2012-08-26 04:00:00,75.78951
2012-08-26 05:00:00,51.033726
2012-08-26 06:00:00,87.99534
2012-08-26 07:00:00,51.033726
2012-08-26 08:00:00,108.00181
2012-08-26 09:00:00,97.78999
2012-08-26 10:00:00,357.30225
2012-08-26 11:00:00,317.15137
2012-08-26 12:00:00,303.26514
2012-08-26 13:00:00,257.00485
2012-08-26 14:00:00,39.518673
2012-08-26 15:00:00,115.632965
2012-08-26 16:00:00,115.632965
2012-08-26 17:00:00,59.206837
2012-08-26 18:00:00,73.3862
2012-08-26 19:00:00,73.97533
2012-08-26 20:00:00,46.233402
2012-08-26 21:00:00,51.977707
2012-08-26 22:00:00,37.93066
2012-08-26 23:00:00,44.167194
2012-08-27 00:00:00,66.06798
2012-08-27 01:00:00,55.709126
2012-08-27 02:00:00,63.020412
2012-08-27 03:00:00,55.709126
2012-08-27 04:00:00,66.06798
2012-08-27 05:00:00,49.49204
2012-08-27 06:00:00,49.49204
2012-08-27 07:00:00,73.145996
2012-08-27 08:00:00,74.96621
2012-08-27 09:00:00,76.326004
2012-08-27 10:00:00,182.19162
2012-08-27 11:00:00,271.57285
2012-08-27 12:00:00,154.25487
2012-08-27 13:00:00,272.0142
2012-08-27 14:00:00,267.15964
2012-08-27 15:00:00,317.24734
2012-08-27 16:00:00,325.50043
2012-08-27 17:00:00,317.28934
2012-08-27 18:00:00,333.42865
2012-08-27 19:00:00,284.44897
2012-08-27 20:00:00,260.51715
2012-08-27 21:00:00,221.98857
2012-08-27 22:00:00,135.06888
2012-08-27 23:00:00,116.97054
2012-08-28 00:00:00,167.46298
2012-08-28 01:00:00,98.06922
2012-08-28 02:00:00,151.58066
2012-08-28 03:00:00,73.28627
2012-08-28 04:00:00,79.985466
2012-08-28 05:00:00,179.58623
2012-08-28 06:00:00,160.08917
2012-08-28 07:00:00,175.81023
2012-08-28 08:00:00,170.20508
2012-08-28 09:00:00,204.19948
2012-08-28 10:00:00,325.0559
2012-08-28 11:00:00,336.52753
2012-08-28 12:00:00,302.55655
2012-08-28 13:00:00,281.41064
2012-08-28 14:00:00,266.234
2012-08-28 15:00:00,260.56448
2012-08-28 16:00:00,264.63394
2012-08-28 17:00:00,292.94232
2012-08-28 18:00:00,302.9007
2012-08-28 19:00:00,301.6723
2012-08-28 20:00:00,245.32535
2012-08-28 21:00:00,237.74246
2012-08-28 22:00:00,152.91052
2012-08-28 23:00:00,135.8913
2012-08-29 00:00:00,105.65225
2012-08-29 01:00:00,136.35866
2012-08-29 02:00:00,101.51013
2012-08-29 03:00:00,90.872665
2012-08-29 04:00:00,129.73543
2012-08-29 05:00:00,117.60054
2012-08-29 06:00:00,117.60054
2012-08-29 07:00:00,137.98863
2012-08-29 08:00:00,202.68036
2012-08-29 09:00:00,282.72937
2012-08-29 10:00:00,280.47934
2012-08-29 11:00:00,219.53375
2012-08-29 12:00:00,257.73297
2012-08-29 13:00:00,243.45108
2012-08-29 14:00:00,289.18564
2012-08-29 15:00:00,325.4869
2012-08-29 16:00:00,321.87848
2012-08-29 17:00:00,310.2383
2012-08-29 18:00:00,314.14676
2012-08-29 19:00:00,269.0233
2012-08-29 20:00:00,135.8913
2012-08-29 21:00:00,197.50888
2012-08-29 22:00:00,154.39569
2012-08-29 23:00:00,135.45769
2012-08-30 00:00:00,100.28224
2012-08-30 01:00:00,114.475235
2012-08-30 02:00:00,84.93659
2012-08-30 03:00:00,84.93659
2012-08-30 04:00:00,84.93659
2012-08-30 05:00:00,84.93659
2012-08-30 06:00:00,69.98976
2012-08-30 07:00:00,87.40214
2012-08-30 08:00:00,114.47201
2012-08-30 09:00:00,134.52647
2012-08-30 10:00:00,156.4703
2012-08-30 11:00:00,289.18564
2012-08-30 12:00:00,290.00784
2012-08-30 13:00:00,261.70392
2012-08-30 14:00:00,278.48224
2012-08-30 15:00:00,299.3274
2012-08-30 16:00:00,303.50406
2012-08-30 17:00:00,294.88034
2012-08-30 18:00:00,311.5649
2012-08-30 19:00:00,278.48224
2012-08-30 20:00:00,258.54303
2012-08-30 21:00:00,211.82066
2012-08-30 22:00:00,118.697174
2012-08-30 23:00:00,138.44986
2012-08-31 00:00:00,102.13249
2012-08-31 01:00:00,102.13249
2012-08-31 02:00:00,73.28627
2012-08-31 03:00:00,69.4198
2012-08-31 04:00:00,67.709885
2012-08-31 05:00:00,72.12632
2012-08-31 06:00:00,151.08337
2012-08-31 07:00:00,146.75235
2012-08-31 08:00:00,259.90427
2012-08-31 09:00:00,144.32285
2012-08-31 10:00:00,210.01208
2012-08-31 11:00:00,259.02997
2012-08-31 12:00:00,284.773
2012-08-31 13:00:00,250.1929
2012-08-31 14:00:00,304.9996
2012-08-31 15:00:00,263.5367
2012-08-31 16:00:00,285.3314
2012-08-31 17:00:00,335.18298
2012-08-31 18:00:00,283.65656
2012-08-31 19:00:00,281.0386
2012-08-31 20:00:00,281.0386
2012-08-31 21:00:00,294.36417
2012-08-31 22:00:00,294.36417
2012-08-31 23:00:00,203.22935
2012-09-20 00:00:00,159.59314
2012-09-20 01:00:00,105.295204
2012-09-20 02:00:00,104.13458
2012-09-20 03:00:00,87.02287
2012-09-20 04:00:00,87.94241
2012-09-20 05:00:00,87.94241
2012-09-20 06:00:00,87.02287
2012-09-20 07:00:00,59.259357
2012-09-20 08:00:00,122.017044
2012-09-20 09:00:00,189.1728
2012-09-20 10:00:00,233.03091
2012-09-20 11:00:00,244.43376
2012-09-20 12:00:00,302.74628
2012-09-20 13:00:00,285.53995
2012-09-20 14:00:00,300.8482
2012-09-20 15:00:00,298.66336
2012-09-20 16:00:00,277.90884
2012-09-20 17:00:00,297.87036
2012-09-20 18:00:00,264.12335
2012-09-20 19:00:00,237.94505
2012-09-20 20:00:00,156.53363
2012-09-20 21:00:00,167.8882
2012-09-20 22:00:00,95.89923
2012-09-20 23:00:00,123.08782
2012-09-21 00:00:00,125.94142
2012-09-21 01:00:00,116.53602
2012-09-21 02:00:00,116.53602
2012-09-21 03:00:00,83.07533
2012-09-21 04:00:00,89.96977
2012-09-21 05:00:00,66.32073
2012-09-21 06:00:00,83.07533
2012-09-21 07:00:00,90.79705
2012-09-21 08:00:00,96.19647
2012-09-21 09:00:00,129.4652
2012-09-21 10:00:00,236.57246
2012-09-21 11:00:00,263.7464
2012-09-21 12:00:00,227.38211
2012-09-21 13:00:00,249.30067
2012-09-21 14:00:00,314.1055
2012-09-21 15:00:00,290.97806
2012-09-21 16:00:00,269.02332
2012-09-21 17:00:00,296.44357
2012-09-21 18:00:00,272.50748
2012-09-21 19:00:00,239.43051
2012-09-21 20:00:00,163.41913
2012-09-21 21:00:00,146.79343
2012-09-21 22:00:00,117.60054
2012-09-21 23:00:00,190.94836
2012-09-22 00:00:00,136.388
2012-09-22 01:00:00,104.222015
2012-09-22 02:00:00,70.21018
2012-09-22 03:00:00,98.08382
2012-09-22 04:00:00,98.08382
2012-09-22 05:00:00,137.53937
2012-09-22 06:00:00,109.07242
2012-09-22 07:00:00,89.78456
2012-09-22 08:00:00,156.06401
2012-09-22 09:00:00,140.4992
2012-09-22 10:00:00,287.5986
2012-09-22 11:00:00,315.7615
2012-09-22 12:00:00,367.9834
2012-09-22 13:00:00,459.57614
2012-09-22 14:00:00,409.25632
2012-09-22 15:00:00,489.98148
2012-09-22 16:00:00,431.65958
2012-09-22 17:00:00,431.65958
2012-09-22 18:00:00,350.11215
2012-09-22 19:00:00,247.89711
2012-09-22 20:00:00,326.30124
2012-09-22 21:00:00,319.86337
2012-09-22 22:00:00,276.65247
2012-09-22 23:00:00,375.6212
2012-09-23 00:00:00,502.54935
2012-09-23 01:00:00,326.41757
2012-09-23 02:00:00,376.5717
2012-09-23 03:00:00,269.96216
2012-09-23 04:00:00,276.67834
2012-09-23 05:00:00,238.8041
2012-09-23 06:00:00,194.97223
2012-09-23 07:00:00,248.17862
2012-09-23 08:00:00,231.79715
2012-09-23 09:00:00,299.7991
2012-09-23 10:00:00,408.55847
2012-09-23 11:00:00,430.36395
2012-09-23 12:00:00,503.42508
2012-09-23 13:00:00,511.93234
2012-09-23 14:00:00,509.4165
2012-09-23 15:00:00,496.12787
2012-09-23 16:00:00,471.35675
2012-09-23 17:00:00,437.62988
2012-09-23 18:00:00,459.5474
2012-09-23 19:00:00,441.23782
2012-09-23 20:00:00,441.23782
2012-09-23 21:00:00,420.1496
2012-09-23 22:00:00,444.2192
2012-09-23 23:00:00,385.5195
2012-09-24 00:00:00,214.60283
2012-09-24 01:00:00,258.1049
2012-09-24 02:00:00,350.6559
2012-09-24 03:00:00,237.76634
2012-09-24 04:00:00,251.71933
2012-09-24 05:00:00,280.23624
2012-09-24 06:00:00,299.00577
2012-09-24 07:00:00,258.1049
2012-09-24 08:00:00,218.65811
2012-09-24 09:00:00,233.35307
2012-09-24 10:00:00,253.60393
2012-09-24 11:00:00,339.40457
2012-09-24 12:00:00,343.3402
2012-09-24 13:00:00,357.9048
2012-09-24 14:00:00,414.8353
2012-09-24 15:00:00,396.37128
2012-09-24 16:00:00,379.49652
2012-09-24 17:00:00,381.48376
2012-09-24 18:00:00,325.42252
2012-09-24 19:00:00,301.55304
2012-09-24 20:00:00,274.1009
2012-09-24 21:00:00,253.33661
2012-09-24 22:00:00,223.80365
2012-09-24 23:00:00,261.53018
2012-09-25 00:00:00,233.66138
2012-09-25 01:00:00,217.645
2012-09-25 02:00:00,177.31914
2012-09-25 03:00:00,210.25348
2012-09-25 04:00:00,204.73137
2012-09-25 05:00:00,174.0017
2012-09-25 06:00:00,183.5389
2012-09-25 07:00:00,190.33539
2012-09-25 08:00:00,233.0526
2012-09-25 09:00:00,231.9498
2012-09-25 10:00:00,249.7917
2012-09-25 11:00:00,323.26688
2012-09-25 12:00:00,343.40408
2012-09-25 13:00:00,360.82663
2012-09-25 14:00:00,348.6548
2012-09-25 15:00:00,352.09018
2012-09-25 16:00:00,362.08743
2012-09-25 17:00:00,369.13602
2012-09-25 18:00:00,375.97412
2012-09-25 19:00:00,343.79642
2012-09-25 20:00:00,324.7731
2012-09-25 21:00:00,324.7731
2012-09-25 22:00:00,323.894
2012-09-25 23:00:00,325.764
2012-09-26 00:00:00,285.9201
2012-09-26 01:00:00,284.36026
2012-09-26 02:00:00,311.0923
2012-09-26 03:00:00,311.0923
2012-09-26 04:00:00,261.08423
2012-09-26 05:00:00,272.41617
2012-09-26 06:00:00,273.5523
2012-09-26 07:00:00,275.54868
2012-09-26 08:00:00,245.87282
2012-09-26 09:00:00,342.80655
2012-09-26 10:00:00,286.24234
2012-09-26 11:00:00,345.54346
2012-09-26 12:00:00,369.63528
2012-09-26 13:00:00,385.1284
2012-09-26 14:00:00,401.14767
2012-09-26 15:00:00,398.74918
2012-09-26 16:00:00,399.29575
2012-09-26 17:00:00,398.74918
2012-09-26 18:00:00,403.40863
2012-09-26 19:00:00,395.00964
2012-09-26 20:00:00,379.38983
2012-09-26 21:00:00,374.4167
2012-09-26 22:00:00,346.57684
2012-09-26 23:00:00,263.51443
2012-09-27 00:00:00,330.45465
2012-09-27 01:00:00,330.45465
2012-09-27 02:00:00,330.45465
2012-09-27 03:00:00,312.28836
2012-09-27 04:00:00,158.45009
2012-09-27 05:00:00,254.80586
2012-09-27 06:00:00,215.46243
2012-09-27 07:00:00,312.28836
2012-09-27 08:00:00,393.36084
2012-09-27 09:00:00,443.93198
2012-09-27 10:00:00,314.4635
2012-09-27 11:00:00,340.58386
2012-09-27 12:00:00,359.92377
2012-09-27 13:00:00,408.82047
2012-09-27 14:00:00,378.8031
2012-09-27 15:00:00,411.93942
2012-09-27 16:00:00,315.09937
2012-09-27 17:00:00,303.56058
2012-09-27 18:00:00,310.14096
2012-09-27 19:00:00,402.92328
2012-09-27 20:00:00,308.4706
2012-09-27 21:00:00,250.14316
2012-09-27 22:00:00,250.14316
2012-09-27 23:00:00,252.0451
2012-09-28 00:00:00,172.80476
2012-09-28 01:00:00,183.12952
2012-09-28 02:00:00,178.68173
2012-09-28 03:00:00,224.80228
2012-09-28 04:00:00,148.95874
2012-09-28 05:00:00,200.0729
2012-09-28 06:00:00,107.60978
2012-09-28 07:00:00,76.10238
2012-09-28 08:00:00,287.38474
2012-09-28 09:00:00,225.8949
2012-09-28 10:00:00,282.31152
2012-09-28 11:00:00,324.2371
2012-09-28 12:00:00,312.80066
2012-09-28 13:00:00,314.50278
2012-09-28 14:00:00,312.80066
2012-09-28 15:00:00,308.67654
2012-09-28 16:00:00,316.43057
2012-09-28 17:00:00,306.67276
2012-09-28 18:00:00,315.6879
2012-09-28 19:00:00,368.03494
2012-09-28 20:00:00,369.34708
2012-09-28 21:00:00,365.60153
2012-09-28 22:00:00,325.2096
2012-09-28 23:00:00,338.56882
2012-09-29 00:00:00,375.4765
2012-09-29 01:00:00,375.4765
2012-09-29 02:00:00,392.97308
2012-09-29 03:00:00,377.43668
2012-09-29 04:00:00,332.84354
2012-09-29 05:00:00,286.82303
2012-09-29 06:00:00,262.36594
2012-09-29 07:00:00,196.94124
2012-09-29 08:00:00,212.38814
2012-09-29 09:00:00,286.82303
2012-09-29 10:00:00,378.08878
2012-09-29 11:00:00,397.46326
2012-09-29 12:00:00,493.16895
2012-09-29 13:00:00,493.16895
2012-09-29 14:00:00,494.7898
2012-09-29 15:00:00,496.92892
2012-09-29 16:00:00,504.68845
2012-09-29 17:00:00,454.74484
2012-09-29 18:00:00,469.42395
2012-09-29 19:00:00,393.9214
2012-09-29 20:00:00,385.4426
2012-09-29 21:00:00,400.78537
2012-09-29 22:00:00,326.42297
2012-09-29 23:00:00,360.32443
2012-09-30 00:00:00,387.30026
2012-09-30 01:00:00,387.30026
2012-09-30 02:00:00,331.38794
2012-09-30 03:00:00,258.3852
2012-09-30 04:00:00,258.3852
2012-09-30 05:00:00,226.22566
2012-09-30 06:00:00,214.70802
2012-09-30 07:00:00,186.20453
2012-09-30 08:00:00,273.31644
2012-09-30 09:00:00,353.3965
2012-09-30 10:00:00,506.39612
2012-09-30 11:00:00,504.59143
2012-09-30 12:00:00,493.16895
2012-09-30 13:00:00,504.68845
2012-09-30 14:00:00,504.68845
2012-09-30 15:00:00,510.3089
2012-09-30 16:00:00,513.5149
2012-09-30 17:00:00,486.64676
2012-09-30 18:00:00,228.16129
2012-09-30 19:00:00,293.33966
2012-09-30 20:00:00,293.33966
2012-09-30 21:00:00,291.11887
2012-09-30 22:00:00,240.38605
2012-09-30 23:00:00,245.08656
2012-10-20 00:00:00,182.34518
2012-10-20 01:00:00,214.47414
2012-10-20 02:00:00,188.9636
2012-10-20 03:00:00,169.02211
2012-10-20 04:00:00,226.22566
2012-10-20 05:00:00,148.69316
2012-10-20 06:00:00,222.2653
2012-10-20 07:00:00,148.69316
2012-10-20 08:00:00,236.42368
2012-10-20 09:00:00,348.00058
2012-10-20 10:00:00,414.1404
2012-10-20 11:00:00,407.5241
2012-10-20 12:00:00,497.22858
2012-10-20 13:00:00,487.42148
2012-10-20 14:00:00,514.8872
2012-10-20 15:00:00,514.11096
2012-10-20 16:00:00,407.0157
2012-10-20 17:00:00,450.72015
2012-10-20 18:00:00,438.57184
2012-10-20 19:00:00,419.49323
2012-10-20 20:00:00,423.04013
2012-10-20 21:00:00,340.55154
2012-10-20 22:00:00,311.27264
2012-10-20 23:00:00,285.1835
2012-10-21 00:00:00,279.5526
2012-10-21 01:00:00,204.77863
2012-10-21 02:00:00,171.19356
2012-10-21 03:00:00,167.52582
2012-10-21 04:00:00,106.19318
2012-10-21 05:00:00,167.52582
2012-10-21 06:00:00,241.95885
2012-10-21 07:00:00,241.95885
2012-10-21 08:00:00,243.05963
2012-10-21 09:00:00,300.99414
2012-10-21 10:00:00,330.52585
2012-10-21 11:00:00,358.72656
2012-10-21 12:00:00,409.365
2012-10-21 13:00:00,447.9213
2012-10-21 14:00:00,471.68652
2012-10-21 15:00:00,429.01956
2012-10-21 16:00:00,450.72015
2012-10-21 17:00:00,423.75095
2012-10-21 18:00:00,447.39926
2012-10-21 19:00:00,425.07462
2012-10-21 20:00:00,392.09763
2012-10-21 21:00:00,249.17906
2012-10-21 22:00:00,302.28204
2012-10-21 23:00:00,330.59586
2012-10-22 00:00:00,222.59587
2012-10-22 01:00:00,176.10738
2012-10-22 02:00:00,167.03342
2012-10-22 03:00:00,222.59587
2012-10-22 04:00:00,187.19276
2012-10-22 05:00:00,148.85832
2012-10-22 06:00:00,141.76927
2012-10-22 07:00:00,197.94638
2012-10-22 08:00:00,229.59618
2012-10-22 09:00:00,292.1028
2012-10-22 10:00:00,328.08795
2012-10-22 11:00:00,336.88086
2012-10-22 12:00:00,352.78583
2012-10-22 13:00:00,408.75034
2012-10-22 14:00:00,406.0661
2012-10-22 15:00:00,413.72488
2012-10-22 16:00:00,397.44836
2012-10-22 17:00:00,396.83157
2012-10-22 18:00:00,350.19333
2012-10-22 19:00:00,274.10092
2012-10-22 20:00:00,302.64008
2012-10-22 21:00:00,301.73343
2012-10-22 22:00:00,166.31158
2012-10-22 23:00:00,166.44412
2012-10-23 00:00:00,140.66429
2012-10-23 01:00:00,203.6108
2012-10-23 02:00:00,133.67816
2012-10-23 03:00:00,189.97765
2012-10-23 04:00:00,174.66214
2012-10-23 05:00:00,187.42676
2012-10-23 06:00:00,139.70226
2012-10-23 07:00:00,245.07948
2012-10-23 08:00:00,285.76437
2012-10-23 09:00:00,284.5568
2012-10-23 10:00:00,385.3663
2012-10-23 11:00:00,394.34448
2012-10-23 12:00:00,338.4885
2012-10-23 13:00:00,370.6077
2012-10-23 14:00:00,392.7592
2012-10-23 15:00:00,384.86307
2012-10-23 16:00:00,389.3185
2012-10-23 17:00:00,393.60864
2012-10-23 18:00:00,367.254
2012-10-23 19:00:00,385.2255
2012-10-23 20:00:00,358.2136
2012-10-23 21:00:00,369.38867
2012-10-23 22:00:00,356.47824
2012-10-23 23:00:00,311.53082
2012-10-24 00:00:00,313.39218
2012-10-24 01:00:00,349.7718
2012-10-24 02:00:00,349.77173
2012-10-24 03:00:00,238.08919
2012-10-24 04:00:00,238.08917
2012-10-24 05:00:00,210.80544
2012-10-24 06:00:00,183.8846
2012-10-24 07:00:00,153.01923
2012-10-24 08:00:00,181.38515
2012-10-24 09:00:00,224.42262
2012-10-24 10:00:00,222.08342
2012-10-24 11:00:00,411.22238
2012-10-24 12:00:00,399.07056
2012-10-24 13:00:00,420.0633
2012-10-24 14:00:00,414.2446
2012-10-24 15:00:00,404.68835
2012-10-24 16:00:00,414.18475
2012-10-24 17:00:00,393.99323
2012-10-24 18:00:00,384.72964
2012-10-24 19:00:00,348.6799
2012-10-24 20:00:00,346.4213
2012-10-24 21:00:00,339.7195
2012-10-24 22:00:00,319.12466
2012-10-24 23:00:00,311.44595
2012-10-25 00:00:00,332.84665
2012-10-25 01:00:00,389.54498
2012-10-25 02:00:00,270.5719
2012-10-25 03:00:00,140.90572
2012-10-25 04:00:00,137.79726
2012-10-25 05:00:00,149.43767
2012-10-25 06:00:00,164.54611
2012-10-25 07:00:00,164.54611
2012-10-25 08:00:00,200.34239
2012-10-25 09:00:00,213.69699
2012-10-25 10:00:00,193.25037
2012-10-25 11:00:00,187.38281
2012-10-25 12:00:00,226.45428
2012-10-25 13:00:00,177.88084
2012-10-25 14:00:00,362.16006
2012-10-25 15:00:00,391.73465
2012-10-25 16:00:00,358.60175
2012-10-25 17:00:00,358.60175
2012-10-25 18:00:00,253.09708
2012-10-25 19:00:00,222.3323
2012-10-25 20:00:00,140.90572
2012-10-25 21:00:00,140.90572
2012-10-25 22:00:00,183.74707
2012-10-25 23:00:00,193.25037
2012-10-26 00:00:00,180.5874
2012-10-26 01:00:00,136.28983
2012-10-26 02:00:00,137.79726
2012-10-26 03:00:00,149.43767
2012-10-26 04:00:00,149.43767
2012-10-26 05:00:00,137.79726
2012-10-26 06:00:00,136.28983
2012-10-26 07:00:00,137.79726
2012-10-26 08:00:00,150.45232
2012-10-26 09:00:00,150.45232
2012-10-26 10:00:00,147.90631
2012-10-26 11:00:00,241.9262
2012-10-26 12:00:00,291.6226
2012-10-26 13:00:00,320.0394
2012-10-26 14:00:00,319.12466
2012-10-26 15:00:00,339.7195
2012-10-26 16:00:00,286.1312
2012-10-26 17:00:00,270.35855
2012-10-26 18:00:00,231.58398
2012-10-26 19:00:00,203.24048
2012-10-26 20:00:00,203.24048
2012-10-26 21:00:00,238.51779
2012-10-26 22:00:00,188.05826
2012-10-26 23:00:00,206.9168
2012-10-27 00:00:00,144.337
2012-10-27 01:00:00,147.20212
2012-10-27 02:00:00,189.18205
2012-10-27 03:00:00,154.58556
2012-10-27 04:00:00,167.98956
2012-10-27 05:00:00,229.45273
2012-10-27 06:00:00,229.45273
2012-10-27 07:00:00,174.53763
2012-10-27 08:00:00,187.36035
2012-10-27 09:00:00,187.36035
2012-10-27 10:00:00,233.85303
2012-10-27 11:00:00,346.06006
2012-10-27 12:00:00,467.4173
2012-10-27 13:00:00,496.92892
2012-10-27 14:00:00,499.06802
2012-10-27 15:00:00,401.66898
2012-10-27 16:00:00,388.494
2012-10-27 17:00:00,388.494
2012-10-27 18:00:00,388.494
2012-10-27 19:00:00,294.5422
2012-10-27 20:00:00,294.5422
2012-10-27 21:00:00,294.5422
2012-10-27 22:00:00,296.48373
2012-10-27 23:00:00,281.1575
2012-10-28 00:00:00,315.80173
2012-10-28 01:00:00,276.43732
2012-10-28 02:00:00,280.92517
2012-10-28 03:00:00,273.8357
2012-10-28 04:00:00,264.49997
2012-10-28 05:00:00,288.5008
2012-10-28 06:00:00,293.6779
2012-10-28 07:00:00,299.56158
2012-10-28 08:00:00,235.81522
2012-10-28 09:00:00,300.79626
2012-10-28 10:00:00,302.18936
2012-10-28 11:00:00,349.01636
2012-10-28 12:00:00,232.08675
2012-10-28 13:00:00,244.55557
2012-10-28 14:00:00,260.66177
2012-10-28 15:00:00,238.28716
2012-10-28 16:00:00,243.78659
2012-10-28 17:00:00,197.34763
2012-10-28 18:00:00,158.1915
2012-10-28 19:00:00,154.90309
2012-10-28 20:00:00,158.97713
2012-10-28 21:00:00,193.79695
2012-10-28 22:00:00,189.62703
2012-10-28 23:00:00,154.90309
2012-10-29 00:00:00,111.87849
2012-10-30 13:00:00,74.00069
2012-10-30 14:00:00,74.00069
2012-10-30 15:00:00,86.47746
2012-10-30 16:00:00,86.47746
2012-10-30 17:00:00,90.20386
2012-10-30 18:00:00,82.2462
2012-10-30 19:00:00,355.06186
2012-10-30 20:00:00,171.68481
2012-10-30 21:00:00,160.582
2012-10-30 22:00:00,142.79942
2012-10-30 23:00:00,142.79942
2012-10-31 00:00:00,151.54053
2012-10-31 01:00:00,146.52037
2012-10-31 02:00:00,163.13022
2012-10-31 03:00:00,151.54053
2012-10-31 04:00:00,165.64197
2012-10-31 05:00:00,163.13022
2012-10-31 06:00:00,144.82678
2012-10-31 07:00:00,165.5939
2012-10-31 08:00:00,142.18587
2012-10-31 09:00:00,148.10541
2012-10-31 10:00:00,141.15858
2012-10-31 11:00:00,211.91995
2012-10-31 12:00:00,217.14078
2012-10-31 13:00:00,224.84914
2012-10-31 14:00:00,267.60797
2012-10-31 15:00:00,233.48672
2012-10-31 16:00:00,289.99136
2012-10-31 17:00:00,316.91733
2012-10-31 18:00:00,316.91733
2012-10-31 19:00:00,283.0778
2012-10-31 20:00:00,283.0778
2012-10-31 21:00:00,283.0778
2012-10-31 22:00:00,236.37878
2012-10-31 23:00:00,237.03537
2012-11-20 00:00:00,147.39381
2012-11-20 01:00:00,163.41597
2012-11-20 02:00:00,149.62137
2012-11-20 03:00:00,163.23308
2012-11-20 04:00:00,195.68591
2012-11-20 05:00:00,183.85378
2012-11-20 06:00:00,180.79745
2012-11-20 07:00:00,136.9325
2012-11-20 08:00:00,147.96797
2012-11-20 09:00:00,174.43288
2012-11-20 10:00:00,270.714
2012-11-20 11:00:00,288.87552
2012-11-20 12:00:00,248.13501
2012-11-20 13:00:00,305.55862
2012-11-20 14:00:00,326.97464
2012-11-20 15:00:00,332.33374
2012-11-20 16:00:00,305.62744
2012-11-20 17:00:00,245.17311
2012-11-20 18:00:00,270.714
2012-11-20 19:00:00,217.61412
2012-11-20 20:00:00,164.47641
2012-11-20 21:00:00,151.83928
2012-11-20 22:00:00,151.83928
2012-11-20 23:00:00,140.06476
2012-11-21 00:00:00,107.15762
2012-11-21 01:00:00,140.06476
2012-11-21 02:00:00,138.27707
2012-11-21 03:00:00,138.27707
2012-11-21 04:00:00,138.27707
2012-11-21 05:00:00,138.27707
2012-11-21 06:00:00,136.31189
2012-11-21 07:00:00,134.99075
2012-11-21 08:00:00,144.8211
2012-11-21 09:00:00,136.9325
2012-11-21 10:00:00,189.95627
2012-11-21 11:00:00,235.47281
2012-11-21 12:00:00,264.56137
2012-11-21 13:00:00,300.84607
2012-11-21 14:00:00,314.94843
2012-11-21 15:00:00,297.43216
2012-11-21 16:00:00,301.73962
2012-11-21 17:00:00,266.44547
2012-11-21 18:00:00,281.96097
2012-11-21 19:00:00,255.42079
2012-11-21 20:00:00,201.08191
2012-11-21 21:00:00,260.21368
2012-11-21 22:00:00,255.19263
2012-11-21 23:00:00,169.86612
2012-11-22 00:00:00,25.771734
2012-11-22 01:00:00,22.613295
2012-11-22 02:00:00,22.641901
2012-11-22 03:00:00,23.08763
2012-11-22 04:00:00,25.856148
2012-11-22 05:00:00,23.08763
2012-11-22 06:00:00,22.68492
2012-11-22 07:00:00,24.496323
2012-11-22 08:00:00,24.494892
2012-11-22 09:00:00,24.594463
2012-11-22 10:00:00,68.2286
2012-11-22 11:00:00,241.29669
2012-11-22 12:00:00,329.40683
2012-11-22 13:00:00,382.5663
2012-11-22 14:00:00,405.462
2012-11-22 15:00:00,405.462
2012-11-22 16:00:00,367.395
2012-11-22 17:00:00,329.40683
2012-11-22 18:00:00,209.68707
2012-11-22 19:00:00,49.1419
2012-11-22 20:00:00,37.99305
2012-11-22 21:00:00,41.571136
2012-11-22 22:00:00,35.591297
2012-11-22 23:00:00,23.795593
2012-11-23 00:00:00,108.766655
2012-11-23 01:00:00,135.1122
2012-11-23 02:00:00,128.37448
2012-11-23 03:00:00,81.64161
2012-11-23 04:00:00,137.2788
2012-11-23 05:00:00,96.90294
2012-11-23 06:00:00,96.90294
2012-11-23 07:00:00,96.90294
2012-11-23 08:00:00,135.62875
2012-11-23 09:00:00,136.47032
2012-11-23 10:00:00,195.50175
2012-11-23 11:00:00,235.47281
2012-11-23 12:00:00,284.62198
2012-11-23 13:00:00,291.70624
2012-11-23 14:00:00,318.86508
2012-11-23 15:00:00,279.03543
2012-11-23 16:00:00,310.36887
2012-11-23 17:00:00,311.6366
2012-11-23 18:00:00,349.37738
2012-11-23 19:00:00,289.63025
2012-11-23 20:00:00,283.08212
2012-11-23 21:00:00,236.23412
2012-11-23 22:00:00,352.91934
2012-11-23 23:00:00,309.84183
2012-11-24 00:00:00,281.79028
2012-11-24 01:00:00,196.7484
2012-11-24 02:00:00,213.4998
2012-11-24 03:00:00,154.11952
2012-11-24 04:00:00,162.13135
2012-11-24 05:00:00,133.20845
2012-11-24 06:00:00,100.79066
2012-11-24 07:00:00,122.65967
2012-11-24 08:00:00,139.26584
2012-11-24 09:00:00,145.16179
2012-11-24 10:00:00,104.23814
2012-11-24 11:00:00,132.34804
2012-11-24 12:00:00,181.0268
2012-11-24 13:00:00,232.05511
2012-11-24 14:00:00,219.10297
2012-11-24 15:00:00,204.44772
2012-11-24 16:00:00,183.19681
2012-11-24 17:00:00,143.28676
2012-11-24 18:00:00,158.91522
2012-11-24 19:00:00,131.85553
2012-11-24 20:00:00,100.79061
2012-11-24 21:00:00,96.553925
2012-11-24 22:00:00,101.92327
2012-11-24 23:00:00,96.553925
2012-11-25 00:00:00,77.75343
2012-11-25 01:00:00,88.20199
2012-11-25 02:00:00,104.794815
2012-11-25 03:00:00,128.3981
2012-11-25 04:00:00,128.3981
2012-11-25 05:00:00,75.62464
2012-11-25 06:00:00,84.244354
2012-11-25 07:00:00,81.58091
2012-11-25 08:00:00,73.40111
2012-11-25 09:00:00,80.85378
2012-11-25 10:00:00,83.86529
2012-11-25 11:00:00,117.36634
2012-11-25 12:00:00,117.36634
2012-11-25 13:00:00,119.14784
2012-11-25 14:00:00,146.71074
2012-11-25 15:00:00,173.18402
2012-11-25 16:00:00,200.25134
2012-11-25 17:00:00,164.78354
2012-11-25 18:00:00,118.71864
2012-11-25 19:00:00,190.36078
2012-11-25 20:00:00,71.54664
2012-11-25 21:00:00,142.38193
2012-11-25 22:00:00,71.54664
2012-11-25 23:00:00,43.45839
2012-11-26 00:00:00,75.5869
2012-11-26 01:00:00,73.2102
2012-11-26 02:00:00,73.2102
2012-11-26 03:00:00,73.2102
2012-11-26 04:00:00,75.5869
2012-11-26 05:00:00,164.69154
2012-11-26 06:00:00,75.5869
2012-11-26 07:00:00,88.36965
2012-11-26 08:00:00,88.36965
2012-11-26 09:00:00,174.92278
2012-11-26 10:00:00,246.41301
2012-11-26 11:00:00,286.2885
2012-11-26 12:00:00,290.0169
2012-11-26 13:00:00,290.0169
2012-11-26 14:00:00,314.79053
2012-11-26 15:00:00,293.60294
2012-11-26 16:00:00,334.76053
2012-11-26 17:00:00,324.16455
2012-11-26 18:00:00,247.9282
2012-11-26 19:00:00,234.83902
2012-11-26 20:00:00,255.19263
2012-11-26 21:00:00,255.19263
2012-11-26 22:00:00,169.8661
2012-11-26 23:00:00,166.13808
2012-11-27 00:00:00,162.61827
2012-11-27 01:00:00,166.37128
2012-11-27 02:00:00,178.10072
2012-11-27 03:00:00,106.06697
2012-11-27 04:00:00,98.1412
2012-11-27 05:00:00,171.94618
2012-11-27 06:00:00,167.99083
2012-11-27 07:00:00,88.75685
2012-11-27 08:00:00,88.522224
2012-11-27 09:00:00,164.2382
2012-11-27 10:00:00,91.027695
2012-11-27 11:00:00,80.48504
2012-11-27 12:00:00,72.28751
2012-11-27 13:00:00,89.25506
2012-11-27 14:00:00,71.55414
2012-11-27 15:00:00,185.3241
2012-11-27 16:00:00,185.3241
2012-11-27 17:00:00,186.60846
2012-11-27 18:00:00,143.03609
2012-11-27 19:00:00,159.24297
2012-11-27 20:00:00,157.30855
2012-11-27 21:00:00,148.88115
2012-11-27 22:00:00,140.88545
2012-11-27 23:00:00,173.19542
2012-11-28 00:00:00,186.44226
2012-11-28 01:00:00,185.22702
2012-11-28 02:00:00,185.22702
2012-11-28 03:00:00,192.6211
2012-11-28 04:00:00,185.6042
2012-11-28 05:00:00,162.48222
2012-11-28 06:00:00,194.90428
2012-11-28 07:00:00,183.54762
2012-11-28 08:00:00,175.36403
2012-11-28 09:00:00,198.92683
2012-11-28 10:00:00,247.84015
2012-11-28 11:00:00,262.02957
2012-11-28 12:00:00,274.90512
2012-11-28 13:00:00,261.82187
2012-11-28 14:00:00,268.2767
2012-11-28 15:00:00,313.2775
2012-11-28 16:00:00,312.22757
2012-11-28 17:00:00,294.50757
2012-11-28 18:00:00,296.63022
2012-11-28 19:00:00,279.4152
2012-11-28 20:00:00,282.3422
2012-11-28 21:00:00,275.36252
2012-11-28 22:00:00,240.577
2012-11-28 23:00:00,211.07523
2012-11-29 00:00:00,137.22653
2012-11-29 01:00:00,123.28897
2012-11-29 02:00:00,82.34589
2012-11-29 04:00:00,127.922356
2012-11-29 05:00:00,73.2102
2012-11-29 06:00:00,75.5869
2012-11-29 07:00:00,75.513115
2012-11-29 08:00:00,134.64656
2012-11-29 09:00:00,107.33875
2012-11-29 10:00:00,131.61874
2012-11-29 11:00:00,274.95163
2012-11-29 12:00:00,268.70523
2012-11-29 13:00:00,291.89865
2012-11-29 14:00:00,255.16644
2012-11-29 15:00:00,252.12444
2012-11-29 16:00:00,262.43002
2012-11-29 17:00:00,267.6531
2012-11-29 18:00:00,252.01173
2012-11-29 19:00:00,212.18121
2012-11-29 20:00:00,221.09792
2012-11-29 21:00:00,154.33954
2012-11-29 22:00:00,129.27815
2012-11-29 23:00:00,129.34955
2012-11-30 00:00:00,161.71715
2012-11-30 01:00:00,130.05011
2012-11-30 02:00:00,79.31543
2012-11-30 03:00:00,79.31543
2012-11-30 04:00:00,78.50197
2012-11-30 05:00:00,86.138084
2012-11-30 06:00:00,104.74791
2012-11-30 07:00:00,90.29191
2012-11-30 08:00:00,141.29697
2012-11-30 09:00:00,130.45331
2012-11-30 10:00:00,148.10641
2012-11-30 11:00:00,258.59442
2012-11-30 12:00:00,277.7217
2012-11-30 13:00:00,235.59367
2012-11-30 14:00:00,266.4158
2012-11-30 15:00:00,265.92676
2012-11-30 16:00:00,263.51584
2012-11-30 17:00:00,244.25018
2012-11-30 18:00:00,211.87126
2012-11-30 19:00:00,134.15686
2012-11-30 20:00:00,134.15686
2012-11-30 21:00:00,133.347
2012-11-30 22:00:00,95.00712
2012-11-30 23:00:00,144.52815
2012-12-20 00:00:00,185.29916
2012-12-20 01:00:00,134.15686
2012-12-20 02:00:00,134.15686
2012-12-20 03:00:00,143.6229
2012-12-20 04:00:00,143.6229
2012-12-20 05:00:00,150.45355
2012-12-20 06:00:00,148.10641
2012-12-20 07:00:00,124.66556
2012-12-20 08:00:00,124.66556
2012-12-20 09:00:00,124.66556
2012-12-20 10:00:00,155.42284
2012-12-20 11:00:00,241.14278
2012-12-20 12:00:00,291.62662
2012-12-20 13:00:00,282.8871
2012-12-20 14:00:00,294.71628
2012-12-20 15:00:00,251.01236
2012-12-20 16:00:00,189.72641
2012-12-20 17:00:00,195.68591
2012-12-20 18:00:00,188.96405
2012-12-20 19:00:00,112.07253
2012-12-20 20:00:00,105.683365
2012-12-20 21:00:00,105.683365
2012-12-20 22:00:00,80.44694
2012-12-20 23:00:00,105.07663
2012-12-21 00:00:00,81.51512
2012-12-21 01:00:00,72.2473
2012-12-21 02:00:00,64.2417
2012-12-21 03:00:00,64.2417
2012-12-21 04:00:00,107.372826
2012-12-21 05:00:00,92.68608
2012-12-21 06:00:00,133.45029
2012-12-21 07:00:00,122.42444
2012-12-21 08:00:00,119.89404
2012-12-21 09:00:00,155.8723
2012-12-21 10:00:00,140.99597
2012-12-21 11:00:00,150.8764
2012-12-21 12:00:00,153.9728
2012-12-21 13:00:00,157.97119
2012-12-21 14:00:00,160.28088
2012-12-21 15:00:00,141.12572
2012-12-21 16:00:00,138.43732
2012-12-21 17:00:00,104.51331
2012-12-21 18:00:00,105.220245
2012-12-21 19:00:00,109.66784
2012-12-21 20:00:00,113.48976
2012-12-21 21:00:00,117.94074
2012-12-21 22:00:00,106.38875
2012-12-21 23:00:00,105.20526
2012-12-22 00:00:00,76.70707
2012-12-22 01:00:00,101.23125
2012-12-22 02:00:00,82.50218
2012-12-22 03:00:00,93.29462
2012-12-22 04:00:00,82.73819
2012-12-22 05:00:00,95.709404
2012-12-22 06:00:00,103.64602
2012-12-22 07:00:00,103.64602
2012-12-22 08:00:00,74.39682
2012-12-22 09:00:00,97.77063
2012-12-22 10:00:00,99.93949
2012-12-22 11:00:00,118.551926
2012-12-22 12:00:00,78.3993
2012-12-22 13:00:00,126.08939
2012-12-22 14:00:00,121.97892
2012-12-22 15:00:00,100.43864
2012-12-22 16:00:00,115.79671
2012-12-22 17:00:00,120.12665
2012-12-22 18:00:00,97.70892
2012-12-22 19:00:00,92.80693
2012-12-22 20:00:00,64.58545
2012-12-22 21:00:00,72.5176
2012-12-22 22:00:00,72.5176
2012-12-22 23:00:00,54.308506
2012-12-23 00:00:00,82.93924
2012-12-23 01:00:00,62.96144
2012-12-23 02:00:00,47.372562
2012-12-23 03:00:00,45.12587
2012-12-23 04:00:00,49.244514
2012-12-23 05:00:00,37.747326
2012-12-23 06:00:00,31.765417
2012-12-23 07:00:00,31.765417
2012-12-23 08:00:00,32.44067
2012-12-23 09:00:00,36.700424
2012-12-23 10:00:00,45.440205
2012-12-23 11:00:00,58.65081
2012-12-23 12:00:00,119.52556
2012-12-23 13:00:00,147.7648
2012-12-23 14:00:00,179.313
2012-12-23 15:00:00,139.6218
2012-12-23 16:00:00,165.4039
2012-12-23 17:00:00,115.60288
2012-12-23 18:00:00,109.22949
2012-12-23 19:00:00,77.59551
2012-12-23 20:00:00,37.84365
2012-12-23 21:00:00,33.34623
2012-12-23 22:00:00,41.375225
2012-12-23 23:00:00,37.278835
2012-12-24 00:00:00,87.52613
2012-12-24 01:00:00,87.52615
2012-12-24 02:00:00,84.67346
2012-12-24 03:00:00,84.67346
2012-12-24 05:00:00,85.746445
2012-12-24 06:00:00,84.67346
2012-12-24 07:00:00,83.78053
2012-12-24 08:00:00,87.52615
2012-12-24 09:00:00,100.42584
2012-12-24 10:00:00,108.249405
2012-12-24 11:00:00,103.00438
2012-12-24 12:00:00,109.61862
2012-12-24 13:00:00,78.33826
2012-12-24 14:00:00,72.50125
2012-12-24 15:00:00,64.369934
2012-12-24 16:00:00,64.369934
2012-12-24 17:00:00,60.57828
2012-12-24 18:00:00,66.757454
2012-12-24 19:00:00,72.52656
2012-12-24 20:00:00,65.72531
2012-12-24 21:00:00,66.95805
2012-12-24 22:00:00,106.806816
2012-12-24 23:00:00,88.05131
2012-12-25 00:00:00,58.12985
2012-12-25 01:00:00,83.9471
2012-12-25 02:00:00,83.9471
2012-12-25 04:00:00,59.868595
2012-12-25 05:00:00,55.597767
2012-12-25 06:00:00,55.597767
2012-12-25 07:00:00,63.35507
2012-12-25 08:00:00,45.9376
2012-12-25 09:00:00,44.574528
2012-12-25 10:00:00,36.585182
2012-12-25 11:00:00,54.54258
2012-12-25 12:00:00,61.090263
2012-12-25 13:00:00,160.64343
2012-12-25 14:00:00,148.67154
2012-12-25 15:00:00,142.50354
2012-12-25 16:00:00,109.31962
2012-12-25 17:00:00,109.307724
2012-12-25 18:00:00,120.72214
2012-12-25 19:00:00,116.9831
2012-12-25 20:00:00,122.91678
2012-12-25 21:00:00,110.71762
2012-12-25 22:00:00,103.14369
2012-12-25 23:00:00,110.612915
2012-12-26 00:00:00,100.26149
2012-12-26 01:00:00,93.20242
2012-12-26 02:00:00,93.20242
2012-12-26 03:00:00,81.87584
2012-12-26 04:00:00,79.30675
2012-12-26 05:00:00,80.664665
2012-12-26 06:00:00,88.2978
2012-12-26 07:00:00,55.1123
2012-12-26 08:00:00,55.1123
2012-12-26 09:00:00,55.1123
2012-12-26 10:00:00,56.771133
2012-12-26 11:00:00,56.688644
2012-12-26 12:00:00,55.266224
2012-12-26 13:00:00,55.266224
2012-12-26 14:00:00,47.890755
2012-12-26 15:00:00,59.507347
2012-12-26 16:00:00,59.507347
2012-12-26 17:00:00,48.12922
2012-12-26 18:00:00,50.91718
2012-12-26 19:00:00,75.24362
2012-12-26 20:00:00,58.89709
2012-12-26 21:00:00,63.995243
2012-12-26 22:00:00,51.189358
2012-12-26 23:00:00,61.492413
2012-12-27 00:00:00,61.492413
2012-12-27 01:00:00,51.189358
2012-12-27 02:00:00,62.398544
2012-12-27 03:00:00,69.66625
2012-12-27 04:00:00,60.401432
2012-12-27 05:00:00,90.6279
2012-12-27 06:00:00,87.44656
2012-12-27 07:00:00,85.49265
2012-12-27 08:00:00,87.9631
2012-12-27 09:00:00,98.590126
2012-12-27 10:00:00,106.90944
2012-12-27 11:00:00,113.109375
2012-12-27 12:00:00,115.6919
2012-12-27 13:00:00,115.6919
2012-12-27 14:00:00,111.91745
2012-12-27 15:00:00,109.1375
2012-12-27 16:00:00,107.57319
2012-12-27 17:00:00,107.57319
2012-12-27 18:00:00,96.73879
2012-12-27 19:00:00,88.07286
2012-12-27 20:00:00,97.36456
2012-12-27 21:00:00,96.73879
2012-12-27 22:00:00,96.90596
2012-12-27 23:00:00,96.73879
2012-12-28 00:00:00,98.98342
2012-12-28 01:00:00,94.40656
2012-12-28 02:00:00,88.81551
2012-12-28 03:00:00,98.98342
2012-12-28 04:00:00,100.42979
2012-12-28 05:00:00,101.29971
2012-12-28 06:00:00,80.457726
2012-12-28 07:00:00,94.196785
2012-12-28 08:00:00,99.68012
2012-12-28 09:00:00,96.90596
2012-12-28 10:00:00,103.93254
2012-12-28 11:00:00,110.26701
2012-12-28 12:00:00,114.89431
2012-12-28 13:00:00,114.89431
2012-12-28 14:00:00,114.89431
2012-12-28 15:00:00,89.41565
2012-12-28 16:00:00,116.706696
2012-12-28 17:00:00,98.60459
2012-12-28 18:00:00,98.60459
2012-12-28 19:00:00,96.338394
2012-12-28 20:00:00,100.42584
2012-12-28 21:00:00,98.98436
2012-12-28 22:00:00,101.54622
2012-12-28 23:00:00,101.41244
2012-12-29 00:00:00,64.292694
2012-12-29 01:00:00,64.23016
2012-12-29 02:00:00,64.292694
2012-12-29 03:00:00,65.263535
2012-12-29 04:00:00,64.23016
2012-12-29 05:00:00,64.23016
2012-12-29 06:00:00,70.812256
2012-12-29 07:00:00,73.766884
2012-12-29 08:00:00,71.83271
2012-12-29 09:00:00,71.832726
2012-12-29 10:00:00,65.94527
2012-12-29 11:00:00,47.46135
2012-12-29 12:00:00,43.544533
2012-12-29 13:00:00,43.544533
2012-12-29 14:00:00,67.819824
2012-12-29 15:00:00,69.12085
2012-12-29 16:00:00,44.6839
2012-12-29 17:00:00,40.509056
2012-12-29 18:00:00,56.091164
2012-12-29 19:00:00,107.3123
2012-12-29 20:00:00,72.02901
2012-12-29 21:00:00,76.28722
2012-12-29 22:00:00,70.11148
2012-12-29 23:00:00,65.58501
2012-12-30 00:00:00,82.397514
2012-12-30 01:00:00,81.85185
2012-12-30 02:00:00,101.788345
2012-12-30 03:00:00,81.85185
2012-12-30 04:00:00,94.58925
2012-12-30 05:00:00,100.4747
2012-12-30 06:00:00,80.02647
2012-12-30 07:00:00,72.23415
2012-12-30 08:00:00,79.54909
2012-12-30 09:00:00,82.89001
2012-12-30 10:00:00,77.80096
2012-12-30 11:00:00,109.68122
2012-12-30 12:00:00,85.82985
2012-12-30 13:00:00,78.3993
2012-12-30 14:00:00,115.7724
2012-12-30 15:00:00,122.32939
2012-12-30 16:00:00,120.98131
2012-12-30 17:00:00,110.148636
2012-12-30 18:00:00,91.09439
2012-12-30 19:00:00,66.35651
2012-12-30 20:00:00,87.66983
2012-12-30 21:00:00,47.372562
2012-12-30 22:00:00,46.954002
2012-12-30 23:00:00,53.47718
2012-12-31 00:00:00,89.18315
2012-12-31 01:00:00,89.18315
2012-12-31 02:00:00,91.999565
2012-12-31 03:00:00,91.05435
2012-12-31 04:00:00,87.684265
2012-12-31 05:00:00,91.20908
2012-12-31 06:00:00,93.20297
2012-12-31 07:00:00,91.01425
2012-12-31 08:00:00,89.866875
2012-12-31 09:00:00,88.69898
2012-12-31 10:00:00,90.678986
2012-12-31 11:00:00,93.579956
2012-12-31 12:00:00,99.50087
2012-12-31 13:00:00,108.806656
2012-12-31 14:00:00,113.141045
2012-12-31 15:00:00,108.850845
2012-12-31 16:00:00,107.258606
2012-12-31 17:00:00,97.38297
2012-12-31 18:00:00,105.831345
2012-12-31 19:00:00,103.00438
2012-12-31 20:00:00,103.00438
2012-12-31 21:00:00,99.68714
2012-12-31 22:00:00,100.19569
2012-12-31 23:00:00,100.09257
