datetime,count
2011-01-20 00:00:00,89.85904
2011-01-20 01:00:00,89.76149
2011-01-20 02:00:00,89.76149
2011-01-20 03:00:00,83.500244
2011-01-20 04:00:00,83.500244
2011-01-20 05:00:00,80.878586
2011-01-20 06:00:00,78.663895
2011-01-20 07:00:00,80.2193
2011-01-20 08:00:00,79.425575
2011-01-20 09:00:00,78.0291
2011-01-20 10:00:00,92.3655
2011-01-20 11:00:00,87.70478
2011-01-20 12:00:00,98.25599
2011-01-20 13:00:00,90.07597
2011-01-20 14:00:00,91.937485
2011-01-20 15:00:00,94.62083
2011-01-20 16:00:00,91.10174
2011-01-20 17:00:00,92.33513
2011-01-20 18:00:00,81.35604
2011-01-20 19:00:00,86.7682
2011-01-20 20:00:00,74.59061
2011-01-20 21:00:00,74.28087
2011-01-20 22:00:00,71.63233
2011-01-20 23:00:00,69.02946
2011-01-21 00:00:00,74.33234
2011-01-21 01:00:00,74.33234
2011-01-21 02:00:00,77.516
2011-01-21 03:00:00,65.236664
2011-01-21 04:00:00,70.92336
2011-01-21 05:00:00,84.21239
2011-01-21 06:00:00,80.682526
2011-01-21 07:00:00,78.59146
2011-01-21 08:00:00,81.54627
2011-01-21 09:00:00,79.618866
2011-01-21 10:00:00,83.308136
2011-01-21 11:00:00,93.41986
2011-01-21 12:00:00,116.25435
2011-01-21 13:00:00,121.557365
2011-01-21 14:00:00,111.59435
2011-01-21 15:00:00,94.26498
2011-01-21 16:00:00,93.19706
2011-01-21 17:00:00,84.230736
2011-01-21 18:00:00,79.91354
2011-01-21 19:00:00,77.26923
2011-01-21 20:00:00,70.12474
2011-01-21 21:00:00,64.573685
2011-01-21 22:00:00,56.904655
2011-01-21 23:00:00,58.572662
2011-01-22 00:00:00,36.33621
2011-01-22 01:00:00,22.64069
2011-01-22 02:00:00,42.88275
2011-01-22 03:00:00,38.033062
2011-01-22 04:00:00,38.776115
2011-01-22 06:00:00,39.064293
2011-01-22 07:00:00,34.57099
2011-01-22 08:00:00,32.7703
2011-01-22 09:00:00,40.64977
2011-01-22 10:00:00,30.509987
2011-01-22 11:00:00,31.784813
2011-01-22 12:00:00,29.14295
2011-01-22 13:00:00,38.885105
2011-01-22 14:00:00,58.87959
2011-01-22 15:00:00,55.45319
2011-01-22 16:00:00,77.462746
2011-01-22 17:00:00,59.840748
2011-01-22 18:00:00,57.02602
2011-01-22 19:00:00,52.539806
2011-01-22 20:00:00,40.37414
2011-01-22 21:00:00,42.076355
2011-01-22 22:00:00,24.091396
2011-01-22 23:00:00,36.036114
2011-01-23 00:00:00,36.036114
2011-01-23 01:00:00,36.036114
2011-01-23 02:00:00,34.781506
2011-01-23 03:00:00,34.781506
2011-01-23 05:00:00,19.17563
2011-01-23 06:00:00,19.17563
2011-01-23 07:00:00,37.594074
2011-01-23 08:00:00,36.188145
2011-01-23 09:00:00,43.13212
2011-01-23 10:00:00,57.567158
2011-01-23 11:00:00,58.937973
2011-01-23 12:00:00,66.86824
2011-01-23 13:00:00,67.68458
2011-01-23 14:00:00,83.038895
2011-01-23 15:00:00,83.038895
2011-01-23 16:00:00,86.36746
2011-01-23 17:00:00,76.58787
2011-01-23 18:00:00,76.66515
2011-01-23 19:00:00,75.57935
2011-01-23 20:00:00,65.13453
2011-01-23 21:00:00,59.39218
2011-01-23 22:00:00,52.114056
2011-01-23 23:00:00,45.105213
2011-01-24 00:00:00,72.9166
2011-01-24 01:00:00,70.43728
2011-01-24 03:00:00,63.733448
2011-01-24 04:00:00,69.13143
2011-01-24 05:00:00,69.13143
2011-01-24 06:00:00,69.10344
2011-01-24 07:00:00,68.00024
2011-01-24 08:00:00,68.66082
2011-01-24 09:00:00,73.0342
2011-01-24 10:00:00,76.28199
2011-01-24 11:00:00,73.24722
2011-01-24 12:00:00,71.048515
2011-01-24 13:00:00,70.01572
2011-01-24 14:00:00,69.83824
2011-01-24 15:00:00,78.43541
2011-01-24 16:00:00,75.56332
2011-01-24 17:00:00,73.53413
2011-01-24 18:00:00,72.81136
2011-01-24 19:00:00,73.38648
2011-01-24 20:00:00,72.81136
2011-01-24 21:00:00,71.83563
2011-01-24 22:00:00,67.873055
2011-01-24 23:00:00,67.41368
2011-01-25 00:00:00,65.12194
2011-01-25 01:00:00,67.98364
2011-01-25 02:00:00,73.15801
2011-01-25 04:00:00,67.69443
2011-01-25 05:00:00,71.23328
2011-01-25 06:00:00,69.31367
2011-01-25 07:00:00,72.73193
2011-01-25 08:00:00,67.18731
2011-01-25 09:00:00,74.95311
2011-01-25 10:00:00,77.87183
2011-01-25 11:00:00,79.64462
2011-01-25 12:00:00,85.2098
2011-01-25 13:00:00,83.52862
2011-01-25 14:00:00,97.52166
2011-01-25 15:00:00,101.88508
2011-01-25 16:00:00,101.88508
2011-01-25 17:00:00,106.13638
2011-01-25 18:00:00,92.9161
2011-01-25 19:00:00,80.48219
2011-01-25 20:00:00,79.78023
2011-01-25 21:00:00,79.78023
2011-01-25 22:00:00,77.69039
2011-01-25 23:00:00,75.02307
2011-01-26 00:00:00,74.966095
2011-01-26 01:00:00,78.6241
2011-01-26 02:00:00,74.91485
2011-01-26 05:00:00,64.29505
2011-01-26 06:00:00,64.29505
2011-01-26 07:00:00,64.648155
2011-01-26 08:00:00,64.648155
2011-01-26 09:00:00,64.648155
2011-01-26 10:00:00,66.08223
2011-01-26 11:00:00,61.373886
2011-01-26 12:00:00,61.373886
2011-01-26 13:00:00,61.373886
2011-01-26 14:00:00,58.101868
2011-01-26 15:00:00,51.826336
2011-01-26 16:00:00,60.177296
2011-01-26 17:00:00,55.91827
2011-01-27 16:00:00,79.122
2011-01-27 17:00:00,79.752815
2011-01-27 18:00:00,76.09996
2011-01-27 19:00:00,76.09996
2011-01-27 20:00:00,70.971825
2011-01-27 21:00:00,70.971825
2011-01-27 22:00:00,70.971825
2011-01-27 23:00:00,69.35824
2011-01-28 00:00:00,71.515045
2011-01-28 01:00:00,71.515045
2011-01-28 02:00:00,70.72217
2011-01-28 03:00:00,72.41723
2011-01-28 05:00:00,68.95221
2011-01-28 06:00:00,68.14333
2011-01-28 07:00:00,63.23384
2011-01-28 08:00:00,63.23384
2011-01-28 09:00:00,68.91652
2011-01-28 10:00:00,68.04338
2011-01-28 11:00:00,66.185455
2011-01-28 12:00:00,66.185455
2011-01-28 13:00:00,66.185455
2011-01-28 14:00:00,82.21318
2011-01-28 15:00:00,71.87703
2011-01-28 16:00:00,72.50108
2011-01-28 17:00:00,79.24963
2011-01-28 18:00:00,78.863525
2011-01-28 19:00:00,76.65182
2011-01-28 20:00:00,75.79866
2011-01-28 21:00:00,74.073814
2011-01-28 22:00:00,79.24861
2011-01-28 23:00:00,80.878586
2011-01-29 00:00:00,60.13611
2011-01-29 01:00:00,46.470345
2011-01-29 02:00:00,45.250263
2011-01-29 03:00:00,41.852955
2011-01-29 04:00:00,37.43913
2011-01-29 06:00:00,38.833195
2011-01-29 07:00:00,38.967346
2011-01-29 08:00:00,46.15717
2011-01-29 09:00:00,38.773964
2011-01-29 10:00:00,44.347187
2011-01-29 11:00:00,46.944736
2011-01-29 12:00:00,53.548077
2011-01-29 13:00:00,60.427902
2011-01-29 14:00:00,57.757668
2011-01-29 15:00:00,46.7837
2011-01-29 16:00:00,51.562016
2011-01-29 17:00:00,48.427765
2011-01-29 18:00:00,42.32959
2011-01-29 19:00:00,52.364056
2011-01-29 20:00:00,35.77064
2011-01-29 21:00:00,35.77064
2011-01-29 22:00:00,31.961779
2011-01-29 23:00:00,31.961779
2011-01-30 00:00:00,32.45878
2011-01-30 01:00:00,22.650093
2011-01-30 02:00:00,25.00115
2011-01-30 03:00:00,27.576323
2011-01-30 04:00:00,27.576323
2011-01-30 05:00:00,25.195799
2011-01-30 07:00:00,25.195799
2011-01-30 08:00:00,37.831398
2011-01-30 09:00:00,39.08052
2011-01-30 10:00:00,45.524303
2011-01-30 11:00:00,38.107727
2011-01-30 12:00:00,78.123
2011-01-30 13:00:00,58.947723
2011-01-30 14:00:00,60.298935
2011-01-30 15:00:00,72.734116
2011-01-30 16:00:00,72.734116
2011-01-30 17:00:00,75.26821
2011-01-30 18:00:00,51.63931
2011-01-30 19:00:00,53.47728
2011-01-30 20:00:00,64.671844
2011-01-30 21:00:00,56.243065
2011-01-30 22:00:00,54.89768
2011-01-30 23:00:00,59.337635
2011-01-31 00:00:00,75.95526
2011-01-31 01:00:00,78.56481
2011-01-31 02:00:00,77.43707
2011-01-31 03:00:00,77.43707
2011-01-31 04:00:00,76.96112
2011-01-31 05:00:00,73.79733
2011-01-31 06:00:00,69.93126
2011-01-31 07:00:00,64.988655
2011-01-31 08:00:00,65.037346
2011-01-31 09:00:00,64.04484
2011-01-31 10:00:00,70.52993
2011-01-31 11:00:00,70.52993
2011-01-31 12:00:00,73.74432
2011-01-31 13:00:00,74.594925
2011-01-31 14:00:00,73.19538
2011-01-31 15:00:00,70.34643
2011-01-31 16:00:00,70.50844
2011-01-31 17:00:00,70.52993
2011-01-31 18:00:00,70.98187
2011-01-31 19:00:00,93.72991
2011-01-31 20:00:00,69.8519
2011-01-31 21:00:00,71.72677
2011-01-31 22:00:00,70.906815
2011-01-31 23:00:00,69.92244
2011-02-20 00:00:00,92.38377
2011-02-20 01:00:00,85.178635
2011-02-20 02:00:00,83.473076
2011-02-20 03:00:00,76.50365
2011-02-20 04:00:00,76.50365
2011-02-20 06:00:00,71.70777
2011-02-20 07:00:00,58.081863
2011-02-20 08:00:00,51.973995
2011-02-20 09:00:00,75.912094
2011-02-20 10:00:00,64.77263
2011-02-20 11:00:00,85.48455
2011-02-20 12:00:00,111.36984
2011-02-20 13:00:00,126.05667
2011-02-20 14:00:00,153.90466
2011-02-20 15:00:00,151.42078
2011-02-20 16:00:00,147.2443
2011-02-20 17:00:00,134.47426
2011-02-20 18:00:00,101.167015
2011-02-20 19:00:00,101.167015
2011-02-20 20:00:00,108.43481
2011-02-20 21:00:00,93.338806
2011-02-20 22:00:00,83.843636
2011-02-20 23:00:00,76.17147
2011-02-21 00:00:00,92.66699
2011-02-21 01:00:00,92.66699
2011-02-21 02:00:00,92.66699
2011-02-21 03:00:00,92.79757
2011-02-21 04:00:00,95.92875
2011-02-21 05:00:00,97.64101
2011-02-21 06:00:00,137.70815
2011-02-21 07:00:00,138.53171
2011-02-21 08:00:00,80.51751
2011-02-21 09:00:00,80.881516
2011-02-21 10:00:00,79.58408
2011-02-21 11:00:00,77.563194
2011-02-21 12:00:00,74.725876
2011-02-21 13:00:00,70.79389
2011-02-21 14:00:00,73.95525
2011-02-21 15:00:00,70.73419
2011-02-21 16:00:00,61.538677
2011-02-21 17:00:00,65.77648
2011-02-21 18:00:00,60.386948
2011-02-21 19:00:00,60.386948
2011-02-21 20:00:00,57.36785
2011-02-21 21:00:00,52.757607
2011-02-21 22:00:00,50.820587
2011-02-21 23:00:00,50.820587
2011-02-22 06:00:00,62.79063
2011-02-22 07:00:00,62.79063
2011-02-22 08:00:00,63.565372
2011-02-22 09:00:00,66.29881
2011-02-22 10:00:00,69.671005
2011-02-22 11:00:00,72.23588
2011-02-22 12:00:00,77.0029
2011-02-22 13:00:00,79.37009
2011-02-22 14:00:00,79.122
2011-02-22 15:00:00,84.96458
2011-02-22 16:00:00,80.29096
2011-02-22 17:00:00,82.24366
2011-02-22 18:00:00,81.966515
2011-02-22 19:00:00,80.575
2011-02-22 20:00:00,81.36335
2011-02-22 21:00:00,80.37042
2011-02-22 22:00:00,76.7503
2011-02-22 23:00:00,76.7503
2011-02-23 00:00:00,74.539734
2011-02-23 01:00:00,75.03599
2011-02-23 02:00:00,72.515465
2011-02-23 03:00:00,72.737495
2011-02-23 05:00:00,73.071556
2011-02-23 06:00:00,73.071556
2011-02-23 07:00:00,71.81996
2011-02-23 08:00:00,73.38648
2011-02-23 09:00:00,77.28309
2011-02-23 10:00:00,86.51262
2011-02-23 11:00:00,87.830536
2011-02-23 12:00:00,98.14992
2011-02-23 13:00:00,123.65763
2011-02-23 14:00:00,131.53589
2011-02-23 15:00:00,149.67451
2011-02-23 16:00:00,144.12898
2011-02-23 17:00:00,149.67451
2011-02-23 18:00:00,136.73044
2011-02-23 19:00:00,116.90426
2011-02-23 20:00:00,80.34312
2011-02-23 21:00:00,88.385994
2011-02-23 22:00:00,88.385994
2011-02-23 23:00:00,80.03224
2011-02-24 00:00:00,80.03224
2011-02-24 01:00:00,79.17191
2011-02-24 02:00:00,76.86254
2011-02-24 03:00:00,76.29323
2011-02-24 05:00:00,75.50799
2011-02-24 06:00:00,75.75101
2011-02-24 07:00:00,75.4539
2011-02-24 08:00:00,78.97252
2011-02-24 09:00:00,69.68291
2011-02-24 10:00:00,73.64835
2011-02-24 11:00:00,77.94298
2011-02-24 12:00:00,86.83126
2011-02-24 13:00:00,94.76723
2011-02-24 14:00:00,100.26627
2011-02-24 15:00:00,87.90313
2011-02-24 16:00:00,92.58427
2011-02-24 17:00:00,96.09279
2011-02-24 18:00:00,81.70787
2011-02-24 19:00:00,82.42007
2011-02-24 20:00:00,79.44376
2011-02-24 21:00:00,81.70787
2011-02-24 22:00:00,84.36879
2011-02-24 23:00:00,82.06283
2011-02-25 00:00:00,102.65247
2011-02-25 01:00:00,94.94518
2011-02-25 02:00:00,94.94518
2011-02-25 03:00:00,88.31648
2011-02-25 05:00:00,88.31648
2011-02-25 06:00:00,97.782845
2011-02-25 07:00:00,93.10356
2011-02-25 08:00:00,98.386284
2011-02-25 09:00:00,75.16652
2011-02-25 10:00:00,99.8526
2011-02-25 11:00:00,185.5778
2011-02-25 12:00:00,122.12775
2011-02-25 13:00:00,122.12775
2011-02-25 14:00:00,122.28274
2011-02-25 15:00:00,200.45229
2011-02-25 16:00:00,115.01197
2011-02-25 17:00:00,127.32192
2011-02-25 18:00:00,115.94549
2011-02-25 19:00:00,106.77667
2011-02-25 20:00:00,113.84215
2011-02-25 21:00:00,102.15843
2011-02-25 22:00:00,99.75309
2011-02-25 23:00:00,93.53853
2011-02-26 00:00:00,63.6458
2011-02-26 01:00:00,74.61032
2011-02-26 02:00:00,63.987877
2011-02-26 03:00:00,51.33918
2011-02-26 04:00:00,57.019646
2011-02-26 05:00:00,57.169533
2011-02-26 06:00:00,41.206978
2011-02-26 07:00:00,48.41067
2011-02-26 08:00:00,57.72684
2011-02-26 09:00:00,68.33445
2011-02-26 10:00:00,83.39913
2011-02-26 11:00:00,82.12172
2011-02-26 12:00:00,90.856766
2011-02-26 13:00:00,99.26333
2011-02-26 14:00:00,82.929405
2011-02-26 15:00:00,101.889496
2011-02-26 16:00:00,122.14696
2011-02-26 17:00:00,126.75329
2011-02-26 18:00:00,110.35765
2011-02-26 19:00:00,98.24259
2011-02-26 20:00:00,74.86775
2011-02-26 21:00:00,63.66259
2011-02-26 22:00:00,50.74618
2011-02-26 23:00:00,53.47757
2011-02-27 00:00:00,40.02633
2011-02-27 01:00:00,38.388565
2011-02-27 02:00:00,37.59731
2011-02-27 03:00:00,37.59619
2011-02-27 04:00:00,34.96731
2011-02-27 06:00:00,36.25535
2011-02-27 07:00:00,34.96731
2011-02-27 08:00:00,38.885925
2011-02-27 09:00:00,40.509678
2011-02-27 10:00:00,48.725822
2011-02-27 11:00:00,82.91315
2011-02-27 12:00:00,122.89783
2011-02-27 13:00:00,142.80278
2011-02-27 14:00:00,170.37306
2011-02-27 15:00:00,197.93544
2011-02-27 16:00:00,219.49904
2011-02-27 17:00:00,149.67677
2011-02-27 18:00:00,135.21826
2011-02-27 19:00:00,128.88713
2011-02-27 20:00:00,122.89783
2011-02-27 21:00:00,102.425705
2011-02-27 22:00:00,101.6463
2011-02-27 23:00:00,92.058945
2011-02-28 00:00:00,100.84845
2011-02-28 01:00:00,75.41655
2011-02-28 03:00:00,87.2186
2011-02-28 05:00:00,105.04244
2011-02-28 06:00:00,94.13765
2011-02-28 07:00:00,103.77755
2011-02-28 08:00:00,83.8718
2011-02-28 09:00:00,128.3006
2011-02-28 10:00:00,129.9883
2011-02-28 11:00:00,185.77823
2011-02-28 12:00:00,185.77823
2011-02-28 13:00:00,130.84575
2011-02-28 14:00:00,109.31863
2011-02-28 15:00:00,109.31863
2011-02-28 16:00:00,125.59136
2011-02-28 17:00:00,101.78521
2011-02-28 18:00:00,134.44615
2011-02-28 19:00:00,83.170425
2011-02-28 20:00:00,83.170425
2011-02-28 21:00:00,86.970085
2011-02-28 22:00:00,70.29989
2011-02-28 23:00:00,74.978355
2011-03-20 00:00:00,102.76824
2011-03-20 01:00:00,93.31139
2011-03-20 02:00:00,89.773735
2011-03-20 03:00:00,75.82422
2011-03-20 04:00:00,67.25876
2011-03-20 05:00:00,58.7954
2011-03-20 06:00:00,61.850758
2011-03-20 07:00:00,55.79249
2011-03-20 08:00:00,66.442085
2011-03-20 09:00:00,78.46291
2011-03-20 10:00:00,98.210464
2011-03-20 11:00:00,119.0746
2011-03-20 12:00:00,127.6857
2011-03-20 13:00:00,147.32304
2011-03-20 14:00:00,168.64285
2011-03-20 15:00:00,173.5039
2011-03-20 16:00:00,178.86652
2011-03-20 17:00:00,176.32791
2011-03-20 18:00:00,141.44028
2011-03-20 19:00:00,126.61516
2011-03-20 20:00:00,122.14696
2011-03-20 21:00:00,92.22013
2011-03-20 22:00:00,87.97552
2011-03-20 23:00:00,84.04595
2011-03-21 00:00:00,68.1735
2011-03-21 01:00:00,73.9956
2011-03-21 02:00:00,75.12889
2011-03-21 03:00:00,75.12889
2011-03-21 05:00:00,81.41228
2011-03-21 06:00:00,68.54258
2011-03-21 07:00:00,54.307518
2011-03-21 08:00:00,64.79438
2011-03-21 09:00:00,69.58942
2011-03-21 10:00:00,74.9882
2011-03-21 11:00:00,86.80489
2011-03-21 12:00:00,94.12597
2011-03-21 13:00:00,129.15544
2011-03-21 14:00:00,158.59776
2011-03-21 15:00:00,174.60251
2011-03-21 16:00:00,147.22182
2011-03-21 17:00:00,152.82344
2011-03-21 18:00:00,139.31534
2011-03-21 19:00:00,229.87764
2011-03-21 20:00:00,201.26215
2011-03-21 21:00:00,82.82747
2011-03-21 22:00:00,90.33206
2011-03-21 23:00:00,76.83975
2011-03-22 00:00:00,86.8297
2011-03-22 01:00:00,59.431473
2011-03-22 02:00:00,62.761177
2011-03-22 03:00:00,88.889404
2011-03-22 04:00:00,84.426476
2011-03-22 05:00:00,76.845985
2011-03-22 06:00:00,79.18857
2011-03-22 07:00:00,83.759964
2011-03-22 08:00:00,90.589905
2011-03-22 09:00:00,92.085686
2011-03-22 10:00:00,104.04847
2011-03-22 11:00:00,170.27986
2011-03-22 12:00:00,185.55025
2011-03-22 13:00:00,211.86014
2011-03-22 14:00:00,226.1603
2011-03-22 15:00:00,219.78726
2011-03-22 16:00:00,189.30605
2011-03-22 17:00:00,189.30605
2011-03-22 18:00:00,161.92223
2011-03-22 19:00:00,105.7928
2011-03-22 20:00:00,102.45792
2011-03-22 21:00:00,98.750435
2011-03-22 22:00:00,91.58336
2011-03-22 23:00:00,91.58336
2011-03-23 00:00:00,76.92055
2011-03-23 01:00:00,73.25233
2011-03-23 02:00:00,73.25233
2011-03-23 03:00:00,74.591255
2011-03-23 05:00:00,64.84324
2011-03-23 06:00:00,64.88811
2011-03-23 07:00:00,58.115448
2011-03-23 08:00:00,60.722984
2011-03-23 09:00:00,67.31582
2011-03-23 10:00:00,70.25456
2011-03-23 11:00:00,62.917217
2011-03-23 12:00:00,63.553852
2011-03-23 13:00:00,69.08905
2011-03-23 14:00:00,67.27509
2011-03-23 15:00:00,72.965904
2011-03-23 16:00:00,83.14574
2011-03-23 17:00:00,83.14574
2011-03-23 18:00:00,74.35589
2011-03-23 19:00:00,74.35589
2011-03-23 20:00:00,64.09868
2011-03-23 21:00:00,54.449184
2011-03-23 22:00:00,56.96791
2011-03-23 23:00:00,68.414
2011-03-24 00:00:00,58.115448
2011-03-24 01:00:00,54.18382
2011-03-24 02:00:00,55.068417
2011-03-24 03:00:00,52.109882
2011-03-24 04:00:00,52.109882
2011-03-24 05:00:00,55.119373
2011-03-24 06:00:00,55.119373
2011-03-24 07:00:00,50.853527
2011-03-24 08:00:00,53.335163
2011-03-24 09:00:00,53.69754
2011-03-24 10:00:00,58.164024
2011-03-24 11:00:00,65.48568
2011-03-24 12:00:00,70.84529
2011-03-24 13:00:00,75.79076
2011-03-24 14:00:00,71.787636
2011-03-24 15:00:00,73.83888
2011-03-24 16:00:00,76.492874
2011-03-24 17:00:00,73.41645
2011-03-24 18:00:00,74.65298
2011-03-24 19:00:00,100.752594
2011-03-24 20:00:00,92.77308
2011-03-24 21:00:00,78.508606
2011-03-24 22:00:00,70.79434
2011-03-24 23:00:00,72.2895
2011-03-25 00:00:00,77.502914
2011-03-25 01:00:00,62.065144
2011-03-25 02:00:00,68.45966
2011-03-25 03:00:00,57.990532
2011-03-25 04:00:00,51.898167
2011-03-25 05:00:00,56.607456
2011-03-25 06:00:00,62.71894
2011-03-25 07:00:00,75.37735
2011-03-25 08:00:00,85.07332
2011-03-25 09:00:00,90.787926
2011-03-25 10:00:00,79.75765
2011-03-25 11:00:00,117.51454
2011-03-25 12:00:00,130.01357
2011-03-25 13:00:00,131.47832
2011-03-25 14:00:00,175.454
2011-03-25 15:00:00,96.3277
2011-03-25 16:00:00,98.359764
2011-03-25 17:00:00,93.04412
2011-03-25 18:00:00,129.52069
2011-03-25 19:00:00,88.742836
2011-03-25 20:00:00,90.410545
2011-03-25 21:00:00,90.21227
2011-03-25 22:00:00,84.10119
2011-03-25 23:00:00,81.88114
2011-03-26 00:00:00,77.12742
2011-03-26 01:00:00,88.696976
2011-03-26 02:00:00,62.145756
2011-03-26 03:00:00,48.583714
2011-03-26 04:00:00,62.14575
2011-03-26 05:00:00,42.724396
2011-03-26 06:00:00,36.734825
2011-03-26 07:00:00,42.724396
2011-03-26 08:00:00,53.96639
2011-03-26 09:00:00,63.142307
2011-03-26 10:00:00,71.07683
2011-03-26 11:00:00,82.35732
2011-03-26 12:00:00,97.951004
2011-03-26 13:00:00,118.78716
2011-03-26 14:00:00,141.94844
2011-03-26 15:00:00,138.69604
2011-03-26 16:00:00,163.69743
2011-03-26 17:00:00,150.1193
2011-03-26 18:00:00,128.77258
2011-03-26 19:00:00,74.88269
2011-03-26 20:00:00,74.88269
2011-03-26 21:00:00,70.034515
2011-03-26 22:00:00,78.95353
2011-03-26 23:00:00,69.844
2011-03-27 00:00:00,73.457466
2011-03-27 01:00:00,56.771614
2011-03-27 02:00:00,68.525665
2011-03-27 03:00:00,50.15999
2011-03-27 04:00:00,46.192196
2011-03-27 06:00:00,39.508156
2011-03-27 07:00:00,38.400417
2011-03-27 08:00:00,30.254318
2011-03-27 09:00:00,38.694065
2011-03-27 10:00:00,51.8261
2011-03-27 11:00:00,61.502987
2011-03-27 12:00:00,71.324005
2011-03-27 13:00:00,95.461365
2011-03-27 14:00:00,103.08584
2011-03-27 15:00:00,117.39238
2011-03-27 16:00:00,96.76982
2011-03-27 17:00:00,128.45738
2011-03-27 18:00:00,105.5358
2011-03-27 19:00:00,116.98338
2011-03-27 20:00:00,86.86983
2011-03-27 21:00:00,71.07683
2011-03-27 22:00:00,71.07683
2011-03-27 23:00:00,69.1252
2011-03-28 00:00:00,80.37294
2011-03-28 01:00:00,93.65652
2011-03-28 02:00:00,91.73951
2011-03-28 03:00:00,91.73951
2011-03-28 05:00:00,86.38311
2011-03-28 06:00:00,92.36292
2011-03-28 07:00:00,104.48076
2011-03-28 08:00:00,97.75075
2011-03-28 09:00:00,84.23299
2011-03-28 10:00:00,120.267525
2011-03-28 11:00:00,89.01758
2011-03-28 12:00:00,110.04312
2011-03-28 13:00:00,104.39862
2011-03-28 14:00:00,178.10556
2011-03-28 15:00:00,175.13535
2011-03-28 16:00:00,184.25916
2011-03-28 17:00:00,187.36461
2011-03-28 18:00:00,183.40334
2011-03-28 19:00:00,160.43605
2011-03-28 20:00:00,162.33028
2011-03-28 21:00:00,174.47705
2011-03-28 22:00:00,169.12189
2011-03-28 23:00:00,154.98811
2011-03-29 00:00:00,137.11453
2011-03-29 01:00:00,119.04312
2011-03-29 02:00:00,119.04312
2011-03-29 03:00:00,119.04312
2011-03-29 04:00:00,87.392006
2011-03-29 05:00:00,100.64977
2011-03-29 06:00:00,93.83861
2011-03-29 07:00:00,94.28064
2011-03-29 08:00:00,114.3296
2011-03-29 09:00:00,148.49803
2011-03-29 10:00:00,164.33774
2011-03-29 11:00:00,115.2049
2011-03-29 12:00:00,175.07404
2011-03-29 13:00:00,181.89375
2011-03-29 14:00:00,190.66476
2011-03-29 15:00:00,201.31366
2011-03-29 16:00:00,212.64641
2011-03-29 17:00:00,231.83427
2011-03-29 18:00:00,185.8486
2011-03-29 19:00:00,183.08134
2011-03-29 20:00:00,185.8486
2011-03-29 21:00:00,104.90988
2011-03-29 22:00:00,92.93042
2011-03-29 23:00:00,81.76358
2011-03-30 00:00:00,85.12739
2011-03-30 01:00:00,106.02757
2011-03-30 02:00:00,85.12739
2011-03-30 03:00:00,92.389145
2011-03-30 04:00:00,85.12739
2011-03-30 05:00:00,80.14177
2011-03-30 06:00:00,82.95472
2011-03-30 07:00:00,87.37486
2011-03-30 08:00:00,84.61148
2011-03-30 09:00:00,85.79685
2011-03-30 10:00:00,88.8137
2011-03-30 11:00:00,88.16459
2011-03-30 12:00:00,88.98476
2011-03-30 13:00:00,92.585556
2011-03-30 14:00:00,91.84118
2011-03-30 15:00:00,60.289703
2011-03-30 16:00:00,61.057594
2011-03-30 17:00:00,54.996155
2011-03-30 18:00:00,53.69754
2011-03-30 19:00:00,53.69754
2011-03-30 20:00:00,53.32184
2011-03-30 21:00:00,53.84647
2011-03-30 22:00:00,53.42121
2011-03-30 23:00:00,54.073986
2011-03-31 00:00:00,53.42121
2011-03-31 01:00:00,53.040695
2011-03-31 02:00:00,53.040695
2011-03-31 03:00:00,53.42121
2011-03-31 04:00:00,53.940998
2011-03-31 05:00:00,53.42121
2011-03-31 06:00:00,53.32184
2011-03-31 07:00:00,53.940998
2011-03-31 08:00:00,51.56901
2011-03-31 09:00:00,55.56801
2011-03-31 10:00:00,55.56801
2011-03-31 11:00:00,56.254093
2011-03-31 12:00:00,56.254093
2011-03-31 13:00:00,62.89841
2011-03-31 14:00:00,62.89841
2011-03-31 15:00:00,60.579834
2011-03-31 16:00:00,60.846825
2011-03-31 17:00:00,60.846825
2011-03-31 18:00:00,58.80801
2011-03-31 19:00:00,58.80801
2011-03-31 20:00:00,57.013092
2011-03-31 21:00:00,54.068493
2011-03-31 22:00:00,57.013603
2011-03-31 23:00:00,49.9706
2011-04-20 00:00:00,74.52722
2011-04-20 01:00:00,65.42012
2011-04-20 02:00:00,65.42012
2011-04-20 03:00:00,52.891438
2011-04-20 04:00:00,53.90573
2011-04-20 05:00:00,61.93977
2011-04-20 06:00:00,65.42012
2011-04-20 07:00:00,54.766
2011-04-20 08:00:00,239.77979
2011-04-20 09:00:00,271.82358
2011-04-20 10:00:00,171.8531
2011-04-20 11:00:00,171.8531
2011-04-20 12:00:00,301.72464
2011-04-20 13:00:00,301.72464
2011-04-20 14:00:00,294.73392
2011-04-20 15:00:00,271.32687
2011-04-20 16:00:00,271.32687
2011-04-20 17:00:00,256.9517
2011-04-20 18:00:00,312.37125
2011-04-20 19:00:00,345.6948
2011-04-20 20:00:00,337.00366
2011-04-20 21:00:00,319.01617
2011-04-20 22:00:00,298.98944
2011-04-20 23:00:00,278.70224
2011-04-21 00:00:00,256.95847
2011-04-21 01:00:00,224.61806
2011-04-21 02:00:00,226.67336
2011-04-21 03:00:00,118.19892
2011-04-21 04:00:00,106.2924
2011-04-21 05:00:00,109.55716
2011-04-21 06:00:00,99.34642
2011-04-21 07:00:00,110.51774
2011-04-21 08:00:00,103.19634
2011-04-21 09:00:00,104.192955
2011-04-21 10:00:00,177.76855
2011-04-21 11:00:00,190.75653
2011-04-21 12:00:00,193.40268
2011-04-21 13:00:00,237.82906
2011-04-21 14:00:00,246.25882
2011-04-21 15:00:00,271.205
2011-04-21 16:00:00,280.08868
2011-04-21 17:00:00,262.86453
2011-04-21 18:00:00,279.8718
2011-04-21 19:00:00,241.84645
2011-04-21 20:00:00,207.9712
2011-04-21 21:00:00,152.5736
2011-04-21 22:00:00,148.52798
2011-04-21 23:00:00,128.77579
2011-04-22 00:00:00,95.188065
2011-04-22 01:00:00,119.201324
2011-04-22 02:00:00,123.64737
2011-04-22 03:00:00,123.64737
2011-04-22 04:00:00,115.19678
2011-04-22 05:00:00,110.07684
2011-04-22 06:00:00,115.196785
2011-04-22 07:00:00,82.99623
2011-04-22 08:00:00,83.77292
2011-04-22 09:00:00,72.07147
2011-04-22 10:00:00,83.85529
2011-04-22 11:00:00,78.584816
2011-04-22 12:00:00,76.939964
2011-04-22 13:00:00,67.523254
2011-04-22 14:00:00,67.25031
2011-04-22 15:00:00,67.523254
2011-04-22 16:00:00,69.08904
2011-04-22 17:00:00,60.441185
2011-04-22 18:00:00,60.441185
2011-04-22 19:00:00,60.441185
2011-04-22 20:00:00,64.73786
2011-04-22 21:00:00,58.229076
2011-04-22 22:00:00,55.189186
2011-04-22 23:00:00,64.27103
2011-04-23 00:00:00,33.34694
2011-04-23 01:00:00,33.34694
2011-04-23 02:00:00,53.09855
2011-04-23 03:00:00,55.869335
2011-04-23 04:00:00,65.65265
2011-04-23 05:00:00,65.65265
2011-04-23 06:00:00,36.25017
2011-04-23 07:00:00,54.413334
2011-04-23 08:00:00,37.35038
2011-04-23 09:00:00,49.739693
2011-04-23 10:00:00,64.27715
2011-04-23 11:00:00,76.05495
2011-04-23 12:00:00,123.00802
2011-04-23 13:00:00,121.342125
2011-04-23 14:00:00,173.7253
2011-04-23 15:00:00,215.33476
2011-04-23 16:00:00,180.1299
2011-04-23 17:00:00,202.99994
2011-04-23 18:00:00,99.884796
2011-04-23 19:00:00,105.97939
2011-04-23 20:00:00,95.094055
2011-04-23 21:00:00,122.12767
2011-04-23 22:00:00,141.43887
2011-04-23 23:00:00,83.50824
2011-04-24 00:00:00,73.083885
2011-04-24 01:00:00,50.28466
2011-04-24 02:00:00,50.28466
2011-04-24 03:00:00,37.5794
2011-04-24 04:00:00,37.5794
2011-04-24 05:00:00,37.5794
2011-04-24 06:00:00,51.987724
2011-04-24 07:00:00,51.987724
2011-04-24 08:00:00,47.653976
2011-04-24 09:00:00,78.036964
2011-04-24 10:00:00,100.303795
2011-04-24 11:00:00,193.6677
2011-04-24 12:00:00,256.10477
2011-04-24 13:00:00,321.23114
2011-04-24 14:00:00,352.53558
2011-04-24 15:00:00,268.78723
2011-04-24 16:00:00,387.8651
2011-04-24 17:00:00,264.38654
2011-04-24 18:00:00,165.2086
2011-04-24 19:00:00,162.3557
2011-04-24 20:00:00,162.3557
2011-04-24 21:00:00,99.90778
2011-04-24 22:00:00,88.57954
2011-04-24 23:00:00,86.6729
2011-04-25 00:00:00,79.4143
2011-04-25 01:00:00,64.451904
2011-04-25 02:00:00,64.451904
2011-04-25 03:00:00,86.18259
2011-04-25 04:00:00,81.96462
2011-04-25 05:00:00,74.22118
2011-04-25 06:00:00,78.2289
2011-04-25 07:00:00,88.25519
2011-04-25 08:00:00,94.05371
2011-04-25 09:00:00,129.96078
2011-04-25 10:00:00,215.309
2011-04-25 11:00:00,215.309
2011-04-25 12:00:00,226.9512
2011-04-25 13:00:00,249.9915
2011-04-25 14:00:00,297.87994
2011-04-25 15:00:00,313.68192
2011-04-25 16:00:00,299.0874
2011-04-25 17:00:00,299.2542
2011-04-25 18:00:00,285.07388
2011-04-25 19:00:00,278.61734
2011-04-25 20:00:00,271.82358
2011-04-25 21:00:00,242.64777
2011-04-25 22:00:00,236.34738
2011-04-25 23:00:00,212.32065
2011-04-26 00:00:00,246.03325
2011-04-26 01:00:00,237.36082
2011-04-26 02:00:00,191.1431
2011-04-26 03:00:00,154.99179
2011-04-26 04:00:00,166.3844
2011-04-26 05:00:00,139.4706
2011-04-26 06:00:00,131.70207
2011-04-26 07:00:00,198.71375
2011-04-26 08:00:00,198.71375
2011-04-26 09:00:00,244.71294
2011-04-26 10:00:00,255.05421
2011-04-26 11:00:00,269.91217
2011-04-26 12:00:00,285.62003
2011-04-26 13:00:00,300.24167
2011-04-26 14:00:00,290.165
2011-04-26 15:00:00,280.90152
2011-04-26 16:00:00,291.4305
2011-04-26 17:00:00,278.20126
2011-04-26 18:00:00,270.13446
2011-04-26 19:00:00,250.3227
2011-04-26 20:00:00,244.71294
2011-04-26 21:00:00,227.25917
2011-04-26 22:00:00,161.3449
2011-04-26 23:00:00,168.45735
2011-04-27 00:00:00,167.72147
2011-04-27 01:00:00,184.1105
2011-04-27 02:00:00,155.16223
2011-04-27 03:00:00,165.05672
2011-04-27 04:00:00,110.117386
2011-04-27 05:00:00,132.32643
2011-04-27 06:00:00,126.02414
2011-04-27 07:00:00,165.05672
2011-04-27 08:00:00,166.0503
2011-04-27 09:00:00,175.11893
2011-04-27 10:00:00,188.37653
2011-04-27 11:00:00,204.6711
2011-04-27 12:00:00,234.23607
2011-04-27 13:00:00,230.91136
2011-04-27 14:00:00,238.20302
2011-04-27 15:00:00,276.49628
2011-04-27 16:00:00,257.81204
2011-04-27 17:00:00,158.36926
2011-04-27 18:00:00,158.36926
2011-04-27 19:00:00,227.25917
2011-04-27 20:00:00,226.46104
2011-04-27 21:00:00,189.12491
2011-04-27 22:00:00,179.19145
2011-04-27 23:00:00,180.01141
2011-04-28 00:00:00,236.81604
2011-04-28 01:00:00,188.45421
2011-04-28 02:00:00,187.87221
2011-04-28 03:00:00,202.391
2011-04-28 04:00:00,190.4848
2011-04-28 05:00:00,188.45421
2011-04-28 06:00:00,198.54291
2011-04-28 07:00:00,200.02676
2011-04-28 08:00:00,212.10307
2011-04-28 09:00:00,136.5908
2011-04-28 10:00:00,178.80942
2011-04-28 11:00:00,188.37653
2011-04-28 12:00:00,196.95222
2011-04-28 13:00:00,187.94156
2011-04-28 14:00:00,219.62657
2011-04-28 15:00:00,251.96873
2011-04-28 16:00:00,212.38535
2011-04-28 17:00:00,276.54367
2011-04-28 18:00:00,276.54367
2011-04-28 19:00:00,286.58093
2011-04-28 20:00:00,273.57794
2011-04-28 21:00:00,235.58018
2011-04-28 22:00:00,227.5945
2011-04-28 23:00:00,235.29948
2011-04-29 00:00:00,245.82664
2011-04-29 01:00:00,174.31862
2011-04-29 02:00:00,114.731064
2011-04-29 03:00:00,120.30947
2011-04-29 04:00:00,142.39952
2011-04-29 05:00:00,153.3023
2011-04-29 06:00:00,217.13383
2011-04-29 07:00:00,230.34346
2011-04-29 08:00:00,257.6959
2011-04-29 09:00:00,256.6406
2011-04-29 10:00:00,267.82166
2011-04-29 11:00:00,300.47937
2011-04-29 12:00:00,276.92648
2011-04-29 13:00:00,275.85474
2011-04-29 14:00:00,291.027
2011-04-29 15:00:00,184.01602
2011-04-29 16:00:00,164.23517
2011-04-29 17:00:00,147.70305
2011-04-29 18:00:00,223.02864
2011-04-29 19:00:00,172.53296
2011-04-29 20:00:00,192.10703
2011-04-29 21:00:00,162.26317
2011-04-29 22:00:00,115.22565
2011-04-29 23:00:00,107.22886
2011-04-30 00:00:00,112.17451
2011-04-30 01:00:00,106.160576
2011-04-30 02:00:00,109.32281
2011-04-30 03:00:00,99.55303
2011-04-30 04:00:00,101.24501
2011-04-30 05:00:00,129.67245
2011-04-30 06:00:00,99.44738
2011-04-30 07:00:00,119.51141
2011-04-30 08:00:00,113.77255
2011-04-30 09:00:00,150.44809
2011-04-30 10:00:00,208.05923
2011-04-30 11:00:00,230.45793
2011-04-30 12:00:00,243.19257
2011-04-30 13:00:00,277.41037
2011-04-30 14:00:00,273.51114
2011-04-30 15:00:00,289.4393
2011-04-30 16:00:00,321.98236
2011-04-30 17:00:00,259.76126
2011-04-30 18:00:00,236.13127
2011-04-30 19:00:00,236.13127
2011-04-30 20:00:00,76.89696
2011-04-30 21:00:00,76.89696
2011-04-30 22:00:00,63.007847
2011-04-30 23:00:00,63.007847
2011-05-20 00:00:00,64.95713
2011-05-20 01:00:00,48.530617
2011-05-20 02:00:00,54.123047
2011-05-20 03:00:00,46.731052
2011-05-20 04:00:00,62.761177
2011-05-20 05:00:00,64.56968
2011-05-20 06:00:00,78.58419
2011-05-20 07:00:00,117.57789
2011-05-20 08:00:00,130.36397
2011-05-20 09:00:00,182.10297
2011-05-20 10:00:00,201.26215
2011-05-20 11:00:00,190.93718
2011-05-20 12:00:00,217.87442
2011-05-20 13:00:00,186.14464
2011-05-20 14:00:00,282.61682
2011-05-20 15:00:00,232.66986
2011-05-20 16:00:00,235.17047
2011-05-20 17:00:00,212.56198
2011-05-20 18:00:00,249.81386
2011-05-20 19:00:00,184.4597
2011-05-20 20:00:00,189.86487
2011-05-20 21:00:00,180.18987
2011-05-20 22:00:00,113.7271
2011-05-20 23:00:00,141.63441
2011-05-21 00:00:00,63.08685
2011-05-21 01:00:00,66.19112
2011-05-21 02:00:00,75.87371
2011-05-21 03:00:00,49.0178
2011-05-21 04:00:00,41.318542
2011-05-21 05:00:00,39.856148
2011-05-21 06:00:00,53.43914
2011-05-21 07:00:00,86.31587
2011-05-21 08:00:00,179.13663
2011-05-21 09:00:00,209.6645
2011-05-21 10:00:00,189.67523
2011-05-21 11:00:00,277.9607
2011-05-21 12:00:00,260.6264
2011-05-21 13:00:00,310.35553
2011-05-21 14:00:00,328.7433
2011-05-21 15:00:00,397.1785
2011-05-21 16:00:00,413.60083
2011-05-21 17:00:00,383.1149
2011-05-21 18:00:00,354.02884
2011-05-21 19:00:00,352.2175
2011-05-21 20:00:00,156.07045
2011-05-21 21:00:00,189.67523
2011-05-21 22:00:00,134.73222
2011-05-21 23:00:00,71.45857
2011-05-22 00:00:00,52.80757
2011-05-22 01:00:00,40.98807
2011-05-22 02:00:00,39.788944
2011-05-22 03:00:00,34.859913
2011-05-22 04:00:00,34.886246
2011-05-22 05:00:00,34.859913
2011-05-22 06:00:00,39.788944
2011-05-22 07:00:00,48.09696
2011-05-22 08:00:00,99.78959
2011-05-22 09:00:00,135.0622
2011-05-22 10:00:00,178.89641
2011-05-22 11:00:00,319.1754
2011-05-22 12:00:00,345.94125
2011-05-22 13:00:00,294.84537
2011-05-22 14:00:00,204.71132
2011-05-22 15:00:00,236.30708
2011-05-22 16:00:00,240.25587
2011-05-22 17:00:00,310.65994
2011-05-22 18:00:00,257.60538
2011-05-22 19:00:00,246.706
2011-05-22 20:00:00,191.43661
2011-05-22 21:00:00,144.14389
2011-05-22 22:00:00,72.36171
2011-05-22 23:00:00,101.519035
2011-05-23 00:00:00,123.88264
2011-05-23 01:00:00,94.05371
2011-05-23 02:00:00,112.57011
2011-05-23 03:00:00,102.37891
2011-05-23 04:00:00,100.20404
2011-05-23 05:00:00,100.20404
2011-05-23 06:00:00,85.91921
2011-05-23 07:00:00,111.17258
2011-05-23 08:00:00,131.32623
2011-05-23 09:00:00,145.26344
2011-05-23 10:00:00,237.6255
2011-05-23 11:00:00,259.48004
2011-05-23 12:00:00,259.48004
2011-05-23 13:00:00,252.5614
2011-05-23 14:00:00,241.50243
2011-05-23 15:00:00,241.89682
2011-05-23 16:00:00,233.78761
2011-05-23 17:00:00,195.86134
2011-05-23 18:00:00,238.27834
2011-05-23 19:00:00,217.07863
2011-05-23 20:00:00,182.03735
2011-05-23 21:00:00,161.25197
2011-05-23 22:00:00,130.76521
2011-05-23 23:00:00,153.59624
2011-05-24 00:00:00,126.49922
2011-05-24 01:00:00,121.01821
2011-05-24 02:00:00,126.49922
2011-05-24 03:00:00,115.12354
2011-05-24 04:00:00,101.23787
2011-05-24 05:00:00,139.60364
2011-05-24 06:00:00,123.7133
2011-05-24 07:00:00,157.70798
2011-05-24 08:00:00,141.51425
2011-05-24 09:00:00,202.41891
2011-05-24 10:00:00,278.9492
2011-05-24 11:00:00,313.68192
2011-05-24 12:00:00,331.34647
2011-05-24 13:00:00,338.72162
2011-05-24 14:00:00,341.76178
2011-05-24 15:00:00,236.86856
2011-05-24 16:00:00,219.1481
2011-05-24 17:00:00,224.85477
2011-05-24 18:00:00,218.75659
2011-05-24 19:00:00,199.66023
2011-05-24 20:00:00,152.83531
2011-05-24 21:00:00,137.93645
2011-05-24 22:00:00,128.2741
2011-05-24 23:00:00,177.15088
2011-05-25 00:00:00,134.83308
2011-05-25 01:00:00,124.9804
2011-05-25 02:00:00,104.86733
2011-05-25 03:00:00,68.935165
2011-05-25 04:00:00,65.74188
2011-05-25 05:00:00,92.135735
2011-05-25 06:00:00,79.36222
2011-05-25 07:00:00,173.53069
2011-05-25 08:00:00,231.30592
2011-05-25 09:00:00,198.32469
2011-05-25 10:00:00,219.3619
2011-05-25 11:00:00,269.67273
2011-05-25 12:00:00,267.36728
2011-05-25 13:00:00,267.36728
2011-05-25 14:00:00,276.97757
2011-05-25 15:00:00,315.6031
2011-05-25 16:00:00,316.94437
2011-05-25 17:00:00,313.68192
2011-05-25 18:00:00,280.98395
2011-05-25 19:00:00,235.8169
2011-05-25 20:00:00,246.04016
2011-05-25 21:00:00,194.50467
2011-05-25 22:00:00,244.08
2011-05-25 23:00:00,175.61665
2011-05-26 00:00:00,175.61667
2011-05-26 01:00:00,175.61667
2011-05-26 02:00:00,127.075806
2011-05-26 03:00:00,98.63171
2011-05-26 04:00:00,89.8031
2011-05-26 05:00:00,129.03572
2011-05-26 06:00:00,101.59491
2011-05-26 07:00:00,151.87207
2011-05-26 08:00:00,178.08179
2011-05-26 09:00:00,209.8222
2011-05-26 10:00:00,238.27834
2011-05-26 11:00:00,254.68547
2011-05-26 12:00:00,300.45642
2011-05-26 13:00:00,322.18304
2011-05-26 14:00:00,322.18304
2011-05-26 15:00:00,268.08557
2011-05-26 16:00:00,266.28906
2011-05-26 17:00:00,338.11737
2011-05-26 18:00:00,334.68524
2011-05-26 19:00:00,343.1947
2011-05-26 20:00:00,261.5103
2011-05-26 21:00:00,220.17014
2011-05-26 22:00:00,217.51292
2011-05-26 23:00:00,238.16978
2011-05-27 00:00:00,245.73723
2011-05-27 01:00:00,285.33765
2011-05-27 02:00:00,262.7745
2011-05-27 03:00:00,194.66478
2011-05-27 04:00:00,193.57922
2011-05-27 05:00:00,259.93768
2011-05-27 06:00:00,173.26834
2011-05-27 07:00:00,190.05463
2011-05-27 08:00:00,236.7882
2011-05-27 09:00:00,264.92587
2011-05-27 10:00:00,305.2419
2011-05-27 11:00:00,259.55173
2011-05-27 12:00:00,261.96326
2011-05-27 13:00:00,274.49854
2011-05-27 14:00:00,305.41745
2011-05-27 15:00:00,332.1715
2011-05-27 16:00:00,263.25677
2011-05-27 17:00:00,296.67545
2011-05-27 18:00:00,233.78761
2011-05-27 19:00:00,151.22073
2011-05-27 20:00:00,201.85583
2011-05-27 21:00:00,119.37435
2011-05-27 22:00:00,151.5245
2011-05-27 23:00:00,103.54921
2011-05-28 00:00:00,55.797447
2011-05-28 01:00:00,67.37171
2011-05-28 02:00:00,50.289177
2011-05-28 03:00:00,69.33848
2011-05-28 04:00:00,78.036964
2011-05-28 05:00:00,69.33848
2011-05-28 06:00:00,102.115036
2011-05-28 07:00:00,109.99233
2011-05-28 08:00:00,119.500046
2011-05-28 09:00:00,183.62483
2011-05-28 10:00:00,254.09235
2011-05-28 11:00:00,254.09235
2011-05-28 12:00:00,316.31012
2011-05-28 13:00:00,282.2777
2011-05-28 14:00:00,312.4857
2011-05-28 15:00:00,333.15204
2011-05-28 16:00:00,359.02722
2011-05-28 17:00:00,357.70032
2011-05-28 18:00:00,292.09207
2011-05-28 19:00:00,243.87485
2011-05-28 20:00:00,254.09235
2011-05-28 21:00:00,210.03441
2011-05-28 22:00:00,147.64
2011-05-28 23:00:00,100.86906
2011-05-29 00:00:00,111.87307
2011-05-29 01:00:00,69.26023
2011-05-29 02:00:00,58.553097
2011-05-29 03:00:00,58.553097
2011-05-29 04:00:00,54.073204
2011-05-29 05:00:00,49.637634
2011-05-29 06:00:00,105.94387
2011-05-29 07:00:00,117.34049
2011-05-29 08:00:00,111.10681
2011-05-29 09:00:00,97.21983
2011-05-29 10:00:00,147.33113
2011-05-29 11:00:00,162.97432
2011-05-29 12:00:00,213.38963
2011-05-29 13:00:00,255.54736
2011-05-29 14:00:00,259.21964
2011-05-29 15:00:00,266.349
2011-05-29 16:00:00,259.21964
2011-05-29 17:00:00,259.21964
2011-05-29 18:00:00,235.78238
2011-05-29 19:00:00,221.61276
2011-05-29 20:00:00,160.51305
2011-05-29 21:00:00,112.25181
2011-05-29 22:00:00,70.713684
2011-05-29 23:00:00,77.83086
2011-05-30 00:00:00,77.84233
2011-05-30 01:00:00,65.925545
2011-05-30 02:00:00,77.84233
2011-05-30 03:00:00,77.84233
2011-05-30 04:00:00,66.72639
2011-05-30 05:00:00,76.064735
2011-05-30 06:00:00,79.164474
2011-05-30 07:00:00,72.81039
2011-05-30 08:00:00,94.07769
2011-05-30 09:00:00,156.1928
2011-05-30 10:00:00,346.75616
2011-05-30 11:00:00,316.49612
2011-05-30 12:00:00,362.74014
2011-05-30 13:00:00,364.50122
2011-05-30 14:00:00,354.006
2011-05-30 15:00:00,424.4755
2011-05-30 16:00:00,423.83566
2011-05-30 17:00:00,413.00717
2011-05-30 18:00:00,392.79645
2011-05-30 19:00:00,141.1561
2011-05-30 20:00:00,235.11604
2011-05-30 21:00:00,196.50935
2011-05-30 22:00:00,179.84248
2011-05-30 23:00:00,108.567795
2011-05-31 00:00:00,141.0405
2011-05-31 01:00:00,110.142105
2011-05-31 02:00:00,138.98526
2011-05-31 03:00:00,120.784164
2011-05-31 04:00:00,122.44987
2011-05-31 05:00:00,122.44987
2011-05-31 06:00:00,134.93735
2011-05-31 07:00:00,214.501
2011-05-31 08:00:00,263.3702
2011-05-31 09:00:00,272.28925
2011-05-31 10:00:00,265.8152
2011-05-31 11:00:00,224.21645
2011-05-31 12:00:00,266.11862
2011-05-31 13:00:00,284.17117
2011-05-31 14:00:00,248.63179
2011-05-31 15:00:00,289.0474
2011-05-31 16:00:00,279.7271
2011-05-31 17:00:00,307.9801
2011-05-31 18:00:00,293.17606
2011-05-31 19:00:00,244.25232
2011-05-31 20:00:00,244.25232
2011-05-31 21:00:00,224.41173
2011-05-31 22:00:00,215.8568
2011-05-31 23:00:00,148.55728
2011-06-20 00:00:00,152.04344
2011-06-20 01:00:00,106.75862
2011-06-20 02:00:00,106.75862
2011-06-20 03:00:00,125.28779
2011-06-20 04:00:00,121.50845
2011-06-20 05:00:00,130.9896
2011-06-20 06:00:00,137.89252
2011-06-20 07:00:00,113.861015
2011-06-20 08:00:00,121.39061
2011-06-20 09:00:00,189.21382
2011-06-20 10:00:00,189.21382
2011-06-20 11:00:00,160.01387
2011-06-20 12:00:00,187.57413
2011-06-20 13:00:00,197.21014
2011-06-20 14:00:00,216.16573
2011-06-20 15:00:00,227.28468
2011-06-20 16:00:00,258.51334
2011-06-20 17:00:00,220.02007
2011-06-20 18:00:00,272.95734
2011-06-20 19:00:00,247.61798
2011-06-20 20:00:00,232.06923
2011-06-20 21:00:00,190.05466
2011-06-20 22:00:00,209.71153
2011-06-20 23:00:00,212.38535
2011-06-21 00:00:00,113.52191
2011-06-21 01:00:00,160.14665
2011-06-21 02:00:00,126.67243
2011-06-21 03:00:00,126.67243
2011-06-21 04:00:00,85.55759
2011-06-21 05:00:00,91.23647
2011-06-21 06:00:00,91.23647
2011-06-21 07:00:00,59.447334
2011-06-21 08:00:00,94.22358
2011-06-21 09:00:00,127.13756
2011-06-21 10:00:00,140.51917
2011-06-21 11:00:00,100.52799
2011-06-21 12:00:00,161.51863
2011-06-21 13:00:00,220.01141
2011-06-21 14:00:00,275.2916
2011-06-21 15:00:00,297.78067
2011-06-21 16:00:00,299.73712
2011-06-21 17:00:00,272.96255
2011-06-21 18:00:00,249.11694
2011-06-21 19:00:00,229.7227
2011-06-21 20:00:00,277.57297
2011-06-21 21:00:00,188.07616
2011-06-21 22:00:00,119.26096
2011-06-21 23:00:00,140.17061
2011-06-22 00:00:00,131.95079
2011-06-22 01:00:00,110.51527
2011-06-22 02:00:00,89.064575
2011-06-22 03:00:00,110.51527
2011-06-22 04:00:00,70.63336
2011-06-22 05:00:00,57.908783
2011-06-22 06:00:00,75.334076
2011-06-22 07:00:00,97.86897
2011-06-22 08:00:00,153.00218
2011-06-22 09:00:00,151.30072
2011-06-22 10:00:00,244.48882
2011-06-22 11:00:00,200.77429
2011-06-22 12:00:00,284.83426
2011-06-22 13:00:00,288.00708
2011-06-22 14:00:00,288.10556
2011-06-22 15:00:00,283.0964
2011-06-22 16:00:00,271.5007
2011-06-22 17:00:00,247.94571
2011-06-22 18:00:00,282.32446
2011-06-22 19:00:00,290.63626
2011-06-22 20:00:00,172.9657
2011-06-22 21:00:00,160.721
2011-06-22 22:00:00,200.03262
2011-06-22 23:00:00,206.12083
2011-06-23 00:00:00,175.40569
2011-06-23 01:00:00,202.70995
2011-06-23 02:00:00,202.70995
2011-06-23 03:00:00,212.9914
2011-06-23 04:00:00,184.1386
2011-06-23 05:00:00,175.44821
2011-06-23 06:00:00,175.44821
2011-06-23 07:00:00,209.28378
2011-06-23 08:00:00,235.32854
2011-06-23 09:00:00,226.73409
2011-06-23 10:00:00,247.25047
2011-06-23 11:00:00,286.7677
2011-06-23 12:00:00,250.58257
2011-06-23 13:00:00,256.5224
2011-06-23 14:00:00,249.1126
2011-06-23 15:00:00,272.38925
2011-06-23 16:00:00,248.97876
2011-06-23 17:00:00,223.3373
2011-06-23 18:00:00,253.31638
2011-06-23 19:00:00,252.63303
2011-06-23 20:00:00,188.7912
2011-06-23 21:00:00,173.78693
2011-06-23 22:00:00,214.0792
2011-06-23 23:00:00,212.8777
2011-06-24 00:00:00,136.97632
2011-06-24 01:00:00,173.82498
2011-06-24 02:00:00,173.82498
2011-06-24 03:00:00,100.52799
2011-06-24 04:00:00,81.8948
2011-06-24 05:00:00,64.5142
2011-06-24 06:00:00,92.030235
2011-06-24 07:00:00,162.76268
2011-06-24 08:00:00,188.7912
2011-06-24 09:00:00,220.03934
2011-06-24 10:00:00,270.6169
2011-06-24 11:00:00,275.15765
2011-06-24 12:00:00,274.89792
2011-06-24 13:00:00,281.05435
2011-06-24 14:00:00,285.91342
2011-06-24 15:00:00,272.66333
2011-06-24 16:00:00,291.88455
2011-06-24 17:00:00,311.7639
2011-06-24 18:00:00,308.5864
2011-06-24 19:00:00,321.90854
2011-06-24 20:00:00,302.0085
2011-06-24 21:00:00,270.08752
2011-06-24 22:00:00,213.23457
2011-06-24 23:00:00,252.18597
2011-06-25 00:00:00,327.8353
2011-06-25 01:00:00,298.41412
2011-06-25 02:00:00,312.61258
2011-06-25 03:00:00,238.21402
2011-06-25 04:00:00,238.21402
2011-06-25 05:00:00,178.5659
2011-06-25 06:00:00,249.6762
2011-06-25 07:00:00,277.0064
2011-06-25 08:00:00,357.17615
2011-06-25 09:00:00,383.88974
2011-06-25 10:00:00,356.2479
2011-06-25 11:00:00,332.77658
2011-06-25 12:00:00,427.57126
2011-06-25 13:00:00,427.57126
2011-06-25 14:00:00,391.6693
2011-06-25 15:00:00,312.60052
2011-06-25 16:00:00,406.88098
2011-06-25 17:00:00,396.3744
2011-06-25 18:00:00,383.88974
2011-06-25 19:00:00,366.3815
2011-06-25 20:00:00,329.8256
2011-06-25 21:00:00,293.43674
2011-06-25 22:00:00,338.10446
2011-06-25 23:00:00,334.84982
2011-06-26 00:00:00,232.92375
2011-06-26 01:00:00,252.43118
2011-06-26 02:00:00,211.0315
2011-06-26 03:00:00,140.05235
2011-06-26 04:00:00,137.4758
2011-06-26 05:00:00,133.31007
2011-06-26 06:00:00,133.31007
2011-06-26 07:00:00,158.96068
2011-06-26 08:00:00,202.29848
2011-06-26 09:00:00,245.94319
2011-06-26 10:00:00,303.42508
2011-06-26 11:00:00,335.89108
2011-06-26 12:00:00,386.7311
2011-06-26 13:00:00,344.48746
2011-06-26 14:00:00,376.14938
2011-06-26 15:00:00,344.48746
2011-06-26 16:00:00,381.80548
2011-06-26 17:00:00,390.986
2011-06-26 18:00:00,395.39847
2011-06-26 19:00:00,342.2391
2011-06-26 20:00:00,323.82687
2011-06-26 21:00:00,280.21274
2011-06-26 22:00:00,265.26105
2011-06-26 23:00:00,252.35837
2011-06-27 00:00:00,189.87347
2011-06-27 01:00:00,151.2717
2011-06-27 02:00:00,157.8155
2011-06-27 03:00:00,157.8155
2011-06-27 04:00:00,119.18561
2011-06-27 05:00:00,128.96518
2011-06-27 06:00:00,154.75128
2011-06-27 07:00:00,197.61295
2011-06-27 08:00:00,155.10541
2011-06-27 09:00:00,253.69356
2011-06-27 10:00:00,267.4476
2011-06-27 11:00:00,237.25514
2011-06-27 12:00:00,253.69356
2011-06-27 13:00:00,258.92868
2011-06-27 14:00:00,248.90883
2011-06-27 15:00:00,254.65233
2011-06-27 16:00:00,234.44447
2011-06-27 17:00:00,247.61136
2011-06-27 18:00:00,195.8208
2011-06-27 19:00:00,245.93471
2011-06-27 20:00:00,176.58488
2011-06-27 21:00:00,151.34955
2011-06-27 22:00:00,129.45628
2011-06-27 23:00:00,129.45628
2011-06-28 00:00:00,172.04977
2011-06-28 01:00:00,102.80163
2011-06-28 02:00:00,177.51468
2011-06-28 03:00:00,177.51468
2011-06-28 04:00:00,102.80163
2011-06-28 05:00:00,89.064575
2011-06-28 06:00:00,100.52799
2011-06-28 07:00:00,119.69273
2011-06-28 08:00:00,137.60413
2011-06-28 09:00:00,144.65701
2011-06-28 10:00:00,279.44193
2011-06-28 11:00:00,220.1622
2011-06-28 12:00:00,269.7126
2011-06-28 13:00:00,229.06783
2011-06-28 14:00:00,265.80316
2011-06-28 15:00:00,247.22011
2011-06-28 16:00:00,259.73465
2011-06-28 17:00:00,313.2688
2011-06-28 18:00:00,305.38727
2011-06-28 19:00:00,246.71136
2011-06-28 20:00:00,167.69304
2011-06-28 21:00:00,268.19128
2011-06-28 22:00:00,232.61382
2011-06-28 23:00:00,229.51266
2011-06-29 00:00:00,193.05133
2011-06-29 01:00:00,181.46236
2011-06-29 02:00:00,125.67204
2011-06-29 03:00:00,150.31508
2011-06-29 04:00:00,84.71674
2011-06-29 05:00:00,108.28043
2011-06-29 06:00:00,221.9513
2011-06-29 07:00:00,285.60458
2011-06-29 08:00:00,303.81003
2011-06-29 09:00:00,295.2585
2011-06-29 10:00:00,307.72757
2011-06-29 11:00:00,315.3139
2011-06-29 12:00:00,311.70996
2011-06-29 13:00:00,289.75928
2011-06-29 14:00:00,296.25058
2011-06-29 15:00:00,294.23334
2011-06-29 16:00:00,287.40912
2011-06-29 17:00:00,285.14935
2011-06-29 18:00:00,291.4475
2011-06-29 19:00:00,298.16812
2011-06-29 20:00:00,319.3134
2011-06-29 21:00:00,323.67252
2011-06-29 22:00:00,323.26465
2011-06-29 23:00:00,302.30392
2011-06-30 00:00:00,269.1011
2011-06-30 01:00:00,237.71178
2011-06-30 02:00:00,216.02872
2011-06-30 03:00:00,208.62596
2011-06-30 04:00:00,164.66634
2011-06-30 05:00:00,216.86584
2011-06-30 06:00:00,223.42387
2011-06-30 07:00:00,235.90144
2011-06-30 08:00:00,309.1852
2011-06-30 09:00:00,322.37558
2011-06-30 10:00:00,320.44574
2011-06-30 11:00:00,318.68042
2011-06-30 12:00:00,319.54526
2011-06-30 13:00:00,320.24133
2011-06-30 14:00:00,306.19528
2011-06-30 15:00:00,322.52798
2011-06-30 16:00:00,308.06592
2011-06-30 17:00:00,297.51935
2011-06-30 18:00:00,316.26996
2011-06-30 19:00:00,340.57565
2011-06-30 20:00:00,340.57565
2011-06-30 21:00:00,315.0537
2011-06-30 22:00:00,314.2318
2011-06-30 23:00:00,207.63174
2011-07-20 00:00:00,99.65483
2011-07-20 01:00:00,83.956345
2011-07-20 02:00:00,83.956345
2011-07-20 03:00:00,99.65483
2011-07-20 04:00:00,80.60013
2011-07-20 05:00:00,93.31789
2011-07-20 06:00:00,138.80357
2011-07-20 07:00:00,164.87471
2011-07-20 08:00:00,132.99402
2011-07-20 09:00:00,168.83217
2011-07-20 10:00:00,142.85477
2011-07-20 11:00:00,202.86719
2011-07-20 12:00:00,174.36429
2011-07-20 13:00:00,268.19193
2011-07-20 14:00:00,264.4227
2011-07-20 15:00:00,257.90622
2011-07-20 16:00:00,189.63242
2011-07-20 17:00:00,268.43762
2011-07-20 18:00:00,276.42627
2011-07-20 19:00:00,242.6634
2011-07-20 20:00:00,258.11746
2011-07-20 21:00:00,248.89105
2011-07-20 22:00:00,261.50443
2011-07-20 23:00:00,237.32225
2011-07-21 00:00:00,230.51363
2011-07-21 01:00:00,198.3938
2011-07-21 02:00:00,198.3938
2011-07-21 03:00:00,198.30565
2011-07-21 04:00:00,175.73611
2011-07-21 05:00:00,175.73611
2011-07-21 06:00:00,175.73611
2011-07-21 07:00:00,183.9838
2011-07-21 08:00:00,214.6335
2011-07-21 09:00:00,259.1782
2011-07-21 10:00:00,276.41583
2011-07-21 11:00:00,271.69745
2011-07-21 12:00:00,248.09077
2011-07-21 13:00:00,250.49377
2011-07-21 14:00:00,241.79337
2011-07-21 15:00:00,254.04657
2011-07-21 16:00:00,251.15706
2011-07-21 17:00:00,248.96591
2011-07-21 18:00:00,250.03323
2011-07-21 19:00:00,255.54749
2011-07-21 20:00:00,270.25534
2011-07-21 21:00:00,264.70316
2011-07-21 22:00:00,235.29625
2011-07-21 23:00:00,239.60187
2011-07-22 00:00:00,231.11327
2011-07-22 01:00:00,159.5513
2011-07-22 02:00:00,184.38976
2011-07-22 03:00:00,184.75346
2011-07-22 04:00:00,169.51582
2011-07-22 05:00:00,139.28792
2011-07-22 06:00:00,164.21158
2011-07-22 07:00:00,262.4083
2011-07-22 08:00:00,272.1393
2011-07-22 09:00:00,214.51906
2011-07-22 10:00:00,244.19073
2011-07-22 11:00:00,249.3779
2011-07-22 12:00:00,264.06738
2011-07-22 13:00:00,262.6806
2011-07-22 14:00:00,252.6528
2011-07-22 15:00:00,250.43031
2011-07-22 16:00:00,319.07745
2011-07-22 17:00:00,252.84605
2011-07-22 18:00:00,275.36694
2011-07-22 19:00:00,313.38086
2011-07-22 20:00:00,189.63242
2011-07-22 21:00:00,213.5734
2011-07-22 22:00:00,287.18088
2011-07-22 23:00:00,273.90335
2011-07-23 00:00:00,253.89143
2011-07-23 01:00:00,282.60248
2011-07-23 02:00:00,271.29144
2011-07-23 03:00:00,203.63019
2011-07-23 04:00:00,198.43973
2011-07-23 05:00:00,221.4029
2011-07-23 06:00:00,284.89444
2011-07-23 07:00:00,279.8794
2011-07-23 08:00:00,356.22482
2011-07-23 09:00:00,319.68884
2011-07-23 10:00:00,376.24432
2011-07-23 11:00:00,373.45786
2011-07-23 12:00:00,362.42325
2011-07-23 13:00:00,369.35782
2011-07-23 14:00:00,329.76105
2011-07-23 15:00:00,342.08328
2011-07-23 16:00:00,364.84183
2011-07-23 17:00:00,364.84183
2011-07-23 18:00:00,374.76318
2011-07-23 19:00:00,330.92212
2011-07-23 20:00:00,297.59677
2011-07-23 21:00:00,297.59677
2011-07-23 22:00:00,275.69852
2011-07-23 23:00:00,245.78903
2011-07-24 00:00:00,245.78903
2011-07-24 01:00:00,204.57857
2011-07-24 02:00:00,226.16846
2011-07-24 03:00:00,226.16846
2011-07-24 04:00:00,204.57857
2011-07-24 05:00:00,203.63019
2011-07-24 06:00:00,291.6531
2011-07-24 07:00:00,251.60588
2011-07-24 08:00:00,338.57526
2011-07-24 09:00:00,332.4629
2011-07-24 10:00:00,352.4229
2011-07-24 11:00:00,340.77737
2011-07-24 12:00:00,347.44733
2011-07-24 13:00:00,354.47726
2011-07-24 14:00:00,362.4572
2011-07-24 15:00:00,373.33398
2011-07-24 16:00:00,373.33398
2011-07-24 17:00:00,349.57062
2011-07-24 18:00:00,355.6688
2011-07-24 19:00:00,331.98532
2011-07-24 20:00:00,319.68884
2011-07-24 21:00:00,233.51624
2011-07-24 22:00:00,195.40996
2011-07-24 23:00:00,234.70319
2011-07-25 00:00:00,219.72018
2011-07-25 01:00:00,217.66322
2011-07-25 02:00:00,194.8658
2011-07-25 03:00:00,112.69876
2011-07-25 04:00:00,110.027626
2011-07-25 05:00:00,110.027626
2011-07-25 06:00:00,174.75456
2011-07-25 07:00:00,187.41942
2011-07-25 08:00:00,208.40817
2011-07-25 09:00:00,152.99147
2011-07-25 10:00:00,174.36429
2011-07-25 11:00:00,289.63962
2011-07-25 12:00:00,289.63962
2011-07-25 13:00:00,215.36734
2011-07-25 14:00:00,200.03264
2011-07-25 15:00:00,201.45694
2011-07-25 16:00:00,138.29868
2011-07-25 17:00:00,127.939186
2011-07-25 18:00:00,156.58388
2011-07-25 19:00:00,168.83217
2011-07-25 20:00:00,163.63805
2011-07-25 21:00:00,83.956345
2011-07-25 22:00:00,83.956345
2011-07-25 23:00:00,95.98729
2011-07-26 00:00:00,119.26098
2011-07-26 01:00:00,119.26098
2011-07-26 02:00:00,75.922226
2011-07-26 03:00:00,82.00996
2011-07-26 04:00:00,92.225
2011-07-26 05:00:00,66.595184
2011-07-26 06:00:00,131.74084
2011-07-26 07:00:00,260.63052
2011-07-26 08:00:00,277.31525
2011-07-26 09:00:00,306.05713
2011-07-26 10:00:00,292.6458
2011-07-26 11:00:00,282.27222
2011-07-26 12:00:00,285.8332
2011-07-26 13:00:00,270.41733
2011-07-26 14:00:00,263.959
2011-07-26 15:00:00,257.60403
2011-07-26 16:00:00,260.34952
2011-07-26 17:00:00,255.85106
2011-07-26 18:00:00,262.57672
2011-07-26 19:00:00,265.8147
2011-07-26 20:00:00,277.6285
2011-07-26 21:00:00,298.34528
2011-07-26 22:00:00,253.55739
2011-07-26 23:00:00,226.98871
2011-07-27 00:00:00,288.38937
2011-07-27 01:00:00,298.11783
2011-07-27 02:00:00,291.83072
2011-07-27 03:00:00,243.71793
2011-07-27 04:00:00,289.46454
2011-07-27 05:00:00,297.22885
2011-07-27 06:00:00,285.60458
2011-07-27 07:00:00,303.61462
2011-07-27 08:00:00,311.0241
2011-07-27 09:00:00,311.70996
2011-07-27 10:00:00,278.81256
2011-07-27 11:00:00,285.20816
2011-07-27 12:00:00,280.91876
2011-07-27 13:00:00,273.3949
2011-07-27 14:00:00,280.67288
2011-07-27 15:00:00,272.94623
2011-07-27 16:00:00,299.9111
2011-07-27 17:00:00,289.9699
2011-07-27 18:00:00,294.35904
2011-07-27 19:00:00,295.43774
2011-07-27 20:00:00,309.5988
2011-07-27 21:00:00,257.85898
2011-07-27 22:00:00,209.36978
2011-07-27 23:00:00,259.97534
2011-07-28 00:00:00,255.71571
2011-07-28 01:00:00,197.01962
2011-07-28 02:00:00,231.7731
2011-07-28 03:00:00,186.46509
2011-07-28 04:00:00,194.8384
2011-07-28 05:00:00,176.58488
2011-07-28 06:00:00,149.24492
2011-07-28 07:00:00,190.64404
2011-07-28 08:00:00,220.01141
2011-07-28 09:00:00,281.69897
2011-07-28 10:00:00,284.37558
2011-07-28 11:00:00,264.19186
2011-07-28 12:00:00,267.07083
2011-07-28 13:00:00,262.31555
2011-07-28 14:00:00,298.07486
2011-07-28 15:00:00,263.3422
2011-07-28 16:00:00,261.37564
2011-07-28 17:00:00,267.9771
2011-07-28 18:00:00,273.72726
2011-07-28 19:00:00,278.03763
2011-07-28 20:00:00,273.90335
2011-07-28 21:00:00,286.3242
2011-07-28 22:00:00,258.4595
2011-07-28 23:00:00,208.54857
2011-07-29 00:00:00,160.721
2011-07-29 01:00:00,149.32477
2011-07-29 02:00:00,112.69876
2011-07-29 03:00:00,112.69876
2011-07-29 04:00:00,122.3559
2011-07-29 05:00:00,93.62271
2011-07-29 06:00:00,169.54074
2011-07-29 07:00:00,194.8658
2011-07-29 08:00:00,209.11914
2011-07-29 09:00:00,262.31555
2011-07-29 10:00:00,251.17032
2011-07-29 11:00:00,249.42609
2011-07-29 12:00:00,258.03244
2011-07-29 13:00:00,279.9283
2011-07-29 14:00:00,275.0748
2011-07-29 15:00:00,266.61542
2011-07-29 16:00:00,245.29015
2011-07-29 17:00:00,255.51912
2011-07-29 18:00:00,245.50783
2011-07-29 19:00:00,261.00327
2011-07-29 20:00:00,253.5599
2011-07-29 21:00:00,269.14362
2011-07-29 22:00:00,284.71753
2011-07-29 23:00:00,242.04001
2011-07-30 00:00:00,276.4536
2011-07-30 01:00:00,256.883
2011-07-30 02:00:00,258.26562
2011-07-30 03:00:00,219.98196
2011-07-30 04:00:00,191.98317
2011-07-30 05:00:00,216.3079
2011-07-30 06:00:00,223.97194
2011-07-30 07:00:00,223.16681
2011-07-30 08:00:00,282.39
2011-07-30 09:00:00,371.7428
2011-07-30 10:00:00,388.85425
2011-07-30 11:00:00,391.79004
2011-07-30 12:00:00,407.14246
2011-07-30 13:00:00,377.9731
2011-07-30 14:00:00,374.2145
2011-07-30 15:00:00,380.95746
2011-07-30 16:00:00,410.40677
2011-07-30 17:00:00,386.76968
2011-07-30 18:00:00,409.74976
2011-07-30 19:00:00,458.20825
2011-07-30 20:00:00,335.7954
2011-07-30 21:00:00,313.24536
2011-07-30 22:00:00,278.32413
2011-07-30 23:00:00,256.883
2011-07-31 00:00:00,256.883
2011-07-31 01:00:00,210.59097
2011-07-31 02:00:00,190.65053
2011-07-31 03:00:00,181.53789
2011-07-31 04:00:00,153.7999
2011-07-31 05:00:00,159.71117
2011-07-31 06:00:00,157.44696
2011-07-31 07:00:00,239.75995
2011-07-31 08:00:00,293.7773
2011-07-31 09:00:00,285.27457
2011-07-31 10:00:00,379.82043
2011-07-31 11:00:00,416.6913
2011-07-31 12:00:00,413.48035
2011-07-31 13:00:00,409.6761
2011-07-31 14:00:00,412.38818
2011-07-31 15:00:00,424.75592
2011-07-31 16:00:00,430.4175
2011-07-31 17:00:00,445.03516
2011-07-31 18:00:00,374.6516
2011-07-31 19:00:00,335.7073
2011-07-31 20:00:00,335.7073
2011-07-31 21:00:00,315.17874
2011-07-31 22:00:00,232.79077
2011-07-31 23:00:00,220.07788
2011-08-20 00:00:00,42.38954
2011-08-20 01:00:00,54.633564
2011-08-20 02:00:00,70.95326
2011-08-20 03:00:00,70.95326
2011-08-20 04:00:00,77.236946
2011-08-20 05:00:00,50.08041
2011-08-20 06:00:00,81.46894
2011-08-20 07:00:00,54.633564
2011-08-20 08:00:00,126.47775
2011-08-20 09:00:00,173.94327
2011-08-20 10:00:00,207.77325
2011-08-20 11:00:00,224.10837
2011-08-20 12:00:00,239.75995
2011-08-20 13:00:00,261.45343
2011-08-20 14:00:00,324.3404
2011-08-20 15:00:00,357.55658
2011-08-20 16:00:00,338.4432
2011-08-20 17:00:00,324.3404
2011-08-20 18:00:00,291.5833
2011-08-20 19:00:00,227.57814
2011-08-20 20:00:00,238.89117
2011-08-20 21:00:00,188.67473
2011-08-20 22:00:00,181.07088
2011-08-20 23:00:00,134.30374
2011-08-21 00:00:00,149.6642
2011-08-21 01:00:00,112.322556
2011-08-21 02:00:00,104.46252
2011-08-21 03:00:00,77.955215
2011-08-21 04:00:00,94.43735
2011-08-21 05:00:00,79.837494
2011-08-21 06:00:00,74.878
2011-08-21 07:00:00,118.600746
2011-08-21 08:00:00,133.90535
2011-08-21 09:00:00,172.79358
2011-08-21 10:00:00,194.05896
2011-08-21 11:00:00,302.59915
2011-08-21 12:00:00,326.32642
2011-08-21 13:00:00,326.8703
2011-08-21 14:00:00,198.66168
2011-08-21 15:00:00,127.513535
2011-08-21 16:00:00,133.09457
2011-08-21 17:00:00,125.95674
2011-08-21 18:00:00,158.21397
2011-08-21 19:00:00,201.10243
2011-08-21 20:00:00,144.20259
2011-08-21 21:00:00,144.20259
2011-08-21 22:00:00,154.1563
2011-08-21 23:00:00,141.54112
2011-08-22 00:00:00,124.91872
2011-08-22 01:00:00,103.82346
2011-08-22 02:00:00,224.92413
2011-08-22 03:00:00,282.8665
2011-08-22 04:00:00,211.99217
2011-08-22 05:00:00,257.16632
2011-08-22 06:00:00,264.4083
2011-08-22 07:00:00,272.59045
2011-08-22 08:00:00,272.59045
2011-08-22 09:00:00,288.86737
2011-08-22 10:00:00,303.81003
2011-08-22 11:00:00,310.41296
2011-08-22 12:00:00,298.97415
2011-08-22 13:00:00,293.8377
2011-08-22 14:00:00,300.16003
2011-08-22 15:00:00,318.3095
2011-08-22 16:00:00,300.16003
2011-08-22 17:00:00,309.11533
2011-08-22 18:00:00,317.08792
2011-08-22 19:00:00,326.79858
2011-08-22 20:00:00,346.95737
2011-08-22 21:00:00,338.88306
2011-08-22 22:00:00,313.528
2011-08-22 23:00:00,318.43967
2011-08-23 00:00:00,317.07004
2011-08-23 01:00:00,287.92316
2011-08-23 02:00:00,261.15347
2011-08-23 03:00:00,269.62115
2011-08-23 04:00:00,213.51141
2011-08-23 05:00:00,222.5208
2011-08-23 06:00:00,195.34999
2011-08-23 07:00:00,291.06223
2011-08-23 08:00:00,253.30542
2011-08-23 09:00:00,278.94586
2011-08-23 10:00:00,275.55832
2011-08-23 11:00:00,334.23337
2011-08-23 12:00:00,298.70712
2011-08-23 13:00:00,342.07065
2011-08-23 14:00:00,337.98682
2011-08-23 15:00:00,335.0075
2011-08-23 16:00:00,340.57086
2011-08-23 17:00:00,335.0075
2011-08-23 18:00:00,338.98898
2011-08-23 19:00:00,296.42734
2011-08-23 20:00:00,288.798
2011-08-23 21:00:00,175.57683
2011-08-23 22:00:00,216.02872
2011-08-23 23:00:00,190.9974
2011-08-24 00:00:00,216.02872
2011-08-24 01:00:00,185.8453
2011-08-24 02:00:00,138.58148
2011-08-24 03:00:00,138.58148
2011-08-24 04:00:00,92.58962
2011-08-24 05:00:00,92.58962
2011-08-24 06:00:00,87.15508
2011-08-24 07:00:00,158.35274
2011-08-24 08:00:00,146.60211
2011-08-24 09:00:00,204.93462
2011-08-24 10:00:00,285.74252
2011-08-24 11:00:00,293.33478
2011-08-24 12:00:00,287.3911
2011-08-24 13:00:00,284.14673
2011-08-24 14:00:00,284.14673
2011-08-24 15:00:00,283.9578
2011-08-24 16:00:00,275.4364
2011-08-24 17:00:00,282.6566
2011-08-24 18:00:00,292.03018
2011-08-24 19:00:00,292.03018
2011-08-24 20:00:00,291.82556
2011-08-24 21:00:00,278.16504
2011-08-24 22:00:00,267.24066
2011-08-24 23:00:00,229.83092
2011-08-25 00:00:00,204.82483
2011-08-25 01:00:00,248.09273
2011-08-25 02:00:00,248.09273
2011-08-25 03:00:00,204.5028
2011-08-25 04:00:00,211.03502
2011-08-25 05:00:00,208.88329
2011-08-25 06:00:00,173.82498
2011-08-25 07:00:00,194.332
2011-08-25 08:00:00,214.3999
2011-08-25 09:00:00,229.93538
2011-08-25 10:00:00,243.11485
2011-08-25 11:00:00,219.89146
2011-08-25 12:00:00,219.89146
2011-08-25 13:00:00,119.26098
2011-08-25 14:00:00,197.86229
2011-08-25 15:00:00,211.80605
2011-08-25 16:00:00,93.62271
2011-08-25 17:00:00,93.62271
2011-08-25 18:00:00,177.86827
2011-08-25 19:00:00,190.68878
2011-08-25 20:00:00,196.56744
2011-08-25 21:00:00,170.08224
2011-08-25 22:00:00,68.050125
2011-08-25 23:00:00,73.998245
2011-08-26 00:00:00,85.57164
2011-08-26 01:00:00,68.050125
2011-08-26 02:00:00,69.62892
2011-08-26 03:00:00,59.134922
2011-08-26 04:00:00,54.013023
2011-08-26 05:00:00,84.710724
2011-08-26 06:00:00,54.013023
2011-08-26 07:00:00,70.63336
2011-08-26 08:00:00,84.71674
2011-08-26 09:00:00,117.385925
2011-08-26 10:00:00,185.73221
2011-08-26 11:00:00,239.50348
2011-08-26 12:00:00,242.53508
2011-08-26 13:00:00,269.9378
2011-08-26 14:00:00,169.41756
2011-08-26 15:00:00,285.1365
2011-08-26 16:00:00,215.97183
2011-08-26 17:00:00,227.7007
2011-08-26 18:00:00,215.36734
2011-08-26 19:00:00,130.94775
2011-08-26 20:00:00,126.84185
2011-08-26 21:00:00,151.30072
2011-08-26 22:00:00,130.94778
2011-08-26 23:00:00,95.98729
2011-08-27 00:00:00,87.99026
2011-08-27 01:00:00,97.29171
2011-08-27 02:00:00,103.355194
2011-08-27 03:00:00,133.1652
2011-08-27 04:00:00,133.1652
2011-08-27 05:00:00,142.96208
2011-08-27 06:00:00,142.96208
2011-08-27 07:00:00,154.79584
2011-08-27 08:00:00,135.92941
2011-08-27 09:00:00,164.49374
2011-08-27 10:00:00,200.84166
2011-08-27 11:00:00,126.42014
2011-08-27 12:00:00,156.87294
2011-08-27 13:00:00,154.75407
2011-08-27 14:00:00,128.62305
2011-08-27 15:00:00,128.62305
2011-08-27 16:00:00,124.406006
2011-08-27 17:00:00,170.55133
2011-08-28 07:00:00,141.23555
2011-08-28 08:00:00,141.33542
2011-08-28 09:00:00,201.61667
2011-08-28 10:00:00,315.08276
2011-08-28 11:00:00,313.45193
2011-08-28 12:00:00,363.68124
2011-08-28 13:00:00,397.31238
2011-08-28 14:00:00,400.62396
2011-08-28 15:00:00,404.58334
2011-08-28 16:00:00,413.67154
2011-08-28 17:00:00,427.2672
2011-08-28 18:00:00,396.3744
2011-08-28 19:00:00,303.42508
2011-08-28 20:00:00,328.25452
2011-08-28 21:00:00,193.13127
2011-08-28 22:00:00,114.92122
2011-08-28 23:00:00,82.98066
2011-08-29 00:00:00,116.41078
2011-08-29 01:00:00,134.1272
2011-08-29 02:00:00,165.6642
2011-08-29 03:00:00,134.1272
2011-08-29 04:00:00,130.51277
2011-08-29 05:00:00,98.13481
2011-08-29 06:00:00,98.13481
2011-08-29 07:00:00,239.30798
2011-08-29 08:00:00,267.66064
2011-08-29 09:00:00,286.66553
2011-08-29 10:00:00,311.15668
2011-08-29 11:00:00,286.52817
2011-08-29 12:00:00,295.70853
2011-08-29 13:00:00,303.86603
2011-08-29 14:00:00,246.13652
2011-08-29 15:00:00,314.2318
2011-08-29 16:00:00,313.3802
2011-08-29 17:00:00,283.84537
2011-08-29 18:00:00,316.69144
2011-08-29 19:00:00,316.69144
2011-08-29 20:00:00,252.20251
2011-08-29 21:00:00,267.61108
2011-08-29 22:00:00,216.02872
2011-08-29 23:00:00,182.16339
2011-08-30 00:00:00,98.13481
2011-08-30 01:00:00,123.943085
2011-08-30 02:00:00,87.68513
2011-08-30 03:00:00,115.56689
2011-08-30 04:00:00,83.503265
2011-08-30 05:00:00,69.56263
2011-08-30 06:00:00,87.68513
2011-08-30 07:00:00,130.51277
2011-08-30 08:00:00,216.02872
2011-08-30 09:00:00,296.42734
2011-08-30 10:00:00,329.99164
2011-08-30 11:00:00,330.25754
2011-08-30 12:00:00,266.62143
2011-08-30 13:00:00,315.9595
2011-08-30 14:00:00,341.76804
2011-08-30 15:00:00,330.71194
2011-08-30 16:00:00,327.09805
2011-08-30 17:00:00,320.44574
2011-08-30 18:00:00,298.89243
2011-08-30 19:00:00,235.27832
2011-08-30 20:00:00,207.63174
2011-08-30 21:00:00,155.37704
2011-08-30 22:00:00,157.03677
2011-08-30 23:00:00,157.03677
2011-08-31 00:00:00,114.8285
2011-08-31 01:00:00,114.8285
2011-08-31 02:00:00,87.15508
2011-08-31 03:00:00,67.57186
2011-08-31 04:00:00,87.15508
2011-08-31 05:00:00,55.572308
2011-08-31 06:00:00,66.87794
2011-08-31 07:00:00,79.18509
2011-08-31 08:00:00,115.86397
2011-08-31 09:00:00,135.1702
2011-08-31 10:00:00,270.7917
2011-08-31 11:00:00,301.92075
2011-08-31 12:00:00,297.27365
2011-08-31 13:00:00,310.66083
2011-08-31 14:00:00,311.84814
2011-08-31 15:00:00,311.84814
2011-08-31 16:00:00,300.3313
2011-08-31 17:00:00,286.9246
2011-08-31 18:00:00,297.27094
2011-08-31 19:00:00,266.93646
2011-08-31 20:00:00,220.15826
2011-08-31 21:00:00,179.8879
2011-08-31 22:00:00,117.99075
2011-08-31 23:00:00,89.87307
2011-09-20 00:00:00,146.15785
2011-09-20 01:00:00,82.27243
2011-09-20 02:00:00,82.27243
2011-09-20 03:00:00,112.70217
2011-09-20 04:00:00,66.100655
2011-09-20 05:00:00,87.650856
2011-09-20 06:00:00,87.650856
2011-09-20 07:00:00,82.27243
2011-09-20 08:00:00,75.64928
2011-09-20 09:00:00,69.95223
2011-09-20 10:00:00,78.7078
2011-09-20 11:00:00,78.7078
2011-09-20 12:00:00,67.48501
2011-09-20 13:00:00,62.04722
2011-09-20 14:00:00,98.27681
2011-09-20 15:00:00,149.21599
2011-09-20 16:00:00,119.18561
2011-09-20 17:00:00,70.63432
2011-09-20 18:00:00,70.63432
2011-09-20 19:00:00,45.799126
2011-09-20 20:00:00,36.71649
2011-09-20 21:00:00,36.716496
2011-09-20 22:00:00,36.716496
2011-09-20 23:00:00,36.716496
2011-09-21 00:00:00,33.175503
2011-09-21 01:00:00,35.117077
2011-09-21 02:00:00,35.117077
2011-09-21 03:00:00,53.287228
2011-09-21 04:00:00,46.619534
2011-09-21 05:00:00,50.873165
2011-09-21 06:00:00,56.458576
2011-09-21 07:00:00,56.458576
2011-09-21 08:00:00,43.931904
2011-09-21 09:00:00,46.039833
2011-09-21 10:00:00,75.527565
2011-09-21 11:00:00,128.96518
2011-09-21 12:00:00,155.62575
2011-09-21 13:00:00,190.38551
2011-09-21 14:00:00,194.57701
2011-09-21 15:00:00,184.352
2011-09-21 16:00:00,184.352
2011-09-21 17:00:00,214.39491
2011-09-21 18:00:00,134.13843
2011-09-21 19:00:00,83.87307
2011-09-21 20:00:00,83.87307
2011-09-21 21:00:00,48.59878
2011-09-21 22:00:00,65.29146
2011-09-21 23:00:00,47.804253
2011-09-22 00:00:00,47.804253
2011-09-22 01:00:00,61.363853
2011-09-22 02:00:00,62.74709
2011-09-22 03:00:00,61.363846
2011-09-22 04:00:00,61.363846
2011-09-22 05:00:00,62.74709
2011-09-22 06:00:00,53.173008
2011-09-22 07:00:00,49.467052
2011-09-22 08:00:00,58.21168
2011-09-22 09:00:00,89.012245
2011-09-22 10:00:00,125.06557
2011-09-22 11:00:00,118.16886
2011-09-22 12:00:00,155.78098
2011-09-22 13:00:00,158.33209
2011-09-22 14:00:00,162.76268
2011-09-22 15:00:00,179.49078
2011-09-22 16:00:00,192.72112
2011-09-22 17:00:00,167.60638
2011-09-22 18:00:00,129.93187
2011-09-22 19:00:00,99.67099
2011-09-22 20:00:00,76.98225
2011-09-22 21:00:00,99.67099
2011-09-22 22:00:00,53.175087
2011-09-22 23:00:00,65.29146
2011-09-23 00:00:00,159.75974
2011-09-23 01:00:00,88.238815
2011-09-23 02:00:00,107.69448
2011-09-23 03:00:00,88.238815
2011-09-23 04:00:00,100.80989
2011-09-23 05:00:00,139.23506
2011-09-23 06:00:00,159.75974
2011-09-23 07:00:00,154.56392
2011-09-23 08:00:00,154.56392
2011-09-23 09:00:00,116.85629
2011-09-23 10:00:00,113.74802
2011-09-23 11:00:00,113.748
2011-09-23 12:00:00,151.29532
2011-09-23 13:00:00,100.91898
2011-09-23 14:00:00,100.91898
2011-09-23 15:00:00,151.29533
2011-09-23 16:00:00,144.96123
2011-09-23 17:00:00,88.238815
2011-09-23 18:00:00,83.348015
2011-09-23 19:00:00,145.85332
2011-09-23 20:00:00,115.35499
2011-09-23 21:00:00,113.198746
2011-09-23 22:00:00,137.30734
2011-09-23 23:00:00,122.532005
2011-09-24 00:00:00,70.98952
2011-09-24 01:00:00,136.72348
2011-09-24 02:00:00,136.72348
2011-09-24 03:00:00,92.40412
2011-09-24 04:00:00,87.7529
2011-09-24 05:00:00,131.37547
2011-09-24 06:00:00,131.37547
2011-09-24 07:00:00,159.23395
2011-09-24 08:00:00,155.19203
2011-09-24 09:00:00,167.97316
2011-09-24 10:00:00,167.97316
2011-09-24 11:00:00,205.9304
2011-09-24 12:00:00,205.9304
2011-09-24 13:00:00,186.33147
2011-09-24 14:00:00,279.67242
2011-09-24 15:00:00,279.67242
2011-09-24 16:00:00,242.1449
2011-09-24 17:00:00,236.19562
2011-09-24 18:00:00,194.51009
2011-09-24 19:00:00,125.70434
2011-09-24 20:00:00,152.08148
2011-09-24 21:00:00,156.04272
2011-09-24 22:00:00,173.37518
2011-09-24 23:00:00,167.97316
2011-09-25 00:00:00,167.08237
2011-09-25 01:00:00,168.43076
2011-09-25 02:00:00,176.76842
2011-09-25 03:00:00,176.76842
2011-09-25 04:00:00,174.3225
2011-09-25 05:00:00,122.092995
2011-09-25 06:00:00,168.43076
2011-09-25 07:00:00,135.94691
2011-09-25 08:00:00,173.37518
2011-09-25 09:00:00,206.68306
2011-09-25 10:00:00,206.68306
2011-09-25 11:00:00,253.671
2011-09-25 12:00:00,246.87373
2011-09-25 13:00:00,283.219
2011-09-25 14:00:00,246.87373
2011-09-25 15:00:00,246.87373
2011-09-25 16:00:00,272.13898
2011-09-25 17:00:00,238.21634
2011-09-25 18:00:00,238.21634
2011-09-25 19:00:00,163.26834
2011-09-25 20:00:00,160.36
2011-09-25 21:00:00,99.44599
2011-09-25 22:00:00,128.51305
2011-09-25 23:00:00,144.32051
2011-09-26 00:00:00,139.23506
2011-09-26 01:00:00,197.02136
2011-09-26 02:00:00,197.02136
2011-09-26 03:00:00,139.23505
2011-09-26 04:00:00,159.7597
2011-09-26 05:00:00,175.95819
2011-09-26 06:00:00,159.75974
2011-09-26 07:00:00,139.23506
2011-09-26 08:00:00,139.23506
2011-09-26 09:00:00,218.55722
2011-09-26 10:00:00,218.55722
2011-09-26 11:00:00,237.4867
2011-09-26 12:00:00,266.67804
2011-09-26 13:00:00,282.61453
2011-09-26 14:00:00,263.14404
2011-09-26 15:00:00,273.82895
2011-09-26 16:00:00,272.3954
2011-09-26 17:00:00,263.98276
2011-09-26 18:00:00,205.78279
2011-09-26 19:00:00,208.43445
2011-09-26 20:00:00,181.51027
2011-09-26 21:00:00,181.51027
2011-09-26 22:00:00,145.85332
2011-09-26 23:00:00,145.85332
2011-09-27 00:00:00,145.85332
2011-09-27 01:00:00,149.9712
2011-09-27 02:00:00,141.84973
2011-09-27 03:00:00,139.23506
2011-09-27 04:00:00,149.87596
2011-09-27 05:00:00,149.87596
2011-09-27 06:00:00,163.22624
2011-09-27 07:00:00,163.22624
2011-09-27 08:00:00,206.1903
2011-09-27 09:00:00,206.16028
2011-09-27 10:00:00,172.20969
2011-09-27 11:00:00,219.84677
2011-09-27 12:00:00,223.64502
2011-09-27 13:00:00,287.47864
2011-09-27 14:00:00,262.55942
2011-09-27 15:00:00,250.54561
2011-09-27 16:00:00,254.5368
2011-09-27 17:00:00,229.10233
2011-09-27 18:00:00,221.31464
2011-09-27 19:00:00,212.14374
2011-09-27 20:00:00,214.54257
2011-09-27 21:00:00,183.52899
2011-09-27 22:00:00,163.89548
2011-09-27 23:00:00,163.89548
2011-09-28 00:00:00,153.48613
2011-09-28 01:00:00,153.48613
2011-09-28 02:00:00,191.17104
2011-09-28 03:00:00,139.67708
2011-09-28 04:00:00,153.48613
2011-09-28 05:00:00,119.376045
2011-09-28 06:00:00,138.63629
2011-09-28 07:00:00,138.63629
2011-09-28 08:00:00,166.64552
2011-09-28 09:00:00,166.64552
2011-09-28 10:00:00,139.23506
2011-09-28 11:00:00,247.54718
2011-09-28 12:00:00,255.52148
2011-09-28 13:00:00,256.75354
2011-09-28 14:00:00,278.97482
2011-09-28 15:00:00,263.98276
2011-09-28 16:00:00,264.57043
2011-09-28 17:00:00,267.04733
2011-09-28 18:00:00,260.71567
2011-09-28 19:00:00,260.7157
2011-09-28 20:00:00,213.39998
2011-09-28 21:00:00,188.51976
2011-09-28 22:00:00,163.89548
2011-09-28 23:00:00,132.93677
2011-09-29 00:00:00,143.59735
2011-09-29 01:00:00,143.86642
2011-09-29 02:00:00,143.86642
2011-09-29 03:00:00,166.44592
2011-09-29 04:00:00,202.0479
2011-09-29 05:00:00,184.60237
2011-09-29 06:00:00,181.58745
2011-09-29 07:00:00,169.62572
2011-09-29 08:00:00,183.52899
2011-09-29 09:00:00,246.23132
2011-09-29 10:00:00,279.36972
2011-09-29 11:00:00,287.65253
2011-09-29 12:00:00,283.8025
2011-09-29 13:00:00,286.5395
2011-09-29 14:00:00,290.9692
2011-09-29 15:00:00,311.2522
2011-09-29 16:00:00,319.6883
2011-09-29 17:00:00,301.47086
2011-09-29 18:00:00,323.14227
2011-09-29 19:00:00,301.39185
2011-09-29 20:00:00,295.0671
2011-09-29 21:00:00,312.53622
2011-09-29 22:00:00,252.45348
2011-09-29 23:00:00,199.56528
2011-09-30 00:00:00,164.41637
2011-09-30 01:00:00,197.10324
2011-09-30 02:00:00,164.41637
2011-09-30 03:00:00,164.41637
2011-09-30 04:00:00,179.59601
2011-09-30 05:00:00,179.59602
2011-09-30 06:00:00,185.73508
2011-09-30 07:00:00,185.73508
2011-09-30 08:00:00,210.88618
2011-09-30 09:00:00,247.35791
2011-09-30 10:00:00,273.65344
2011-09-30 11:00:00,289.38086
2011-09-30 12:00:00,327.3429
2011-09-30 13:00:00,310.8019
2011-09-30 14:00:00,315.04712
2011-09-30 15:00:00,294.8195
2011-09-30 16:00:00,300.6786
2011-09-30 17:00:00,306.16772
2011-09-30 18:00:00,275.13522
2011-09-30 19:00:00,257.15234
2011-09-30 20:00:00,257.15234
2011-09-30 21:00:00,272.4895
2011-09-30 22:00:00,233.96448
2011-09-30 23:00:00,233.96448
2011-10-20 00:00:00,173.66997
2011-10-20 01:00:00,190.18459
2011-10-20 02:00:00,197.92052
2011-10-20 03:00:00,180.99942
2011-10-20 04:00:00,180.99942
2011-10-20 05:00:00,181.2391
2011-10-20 06:00:00,157.35829
2011-10-20 07:00:00,147.9027
2011-10-20 08:00:00,181.76283
2011-10-20 09:00:00,196.19077
2011-10-20 10:00:00,198.20941
2011-10-20 11:00:00,232.57822
2011-10-20 12:00:00,254.17155
2011-10-20 13:00:00,280.7966
2011-10-20 14:00:00,215.87045
2011-10-20 15:00:00,207.97737
2011-10-20 16:00:00,207.97737
2011-10-20 17:00:00,221.25435
2011-10-20 18:00:00,236.82806
2011-10-20 19:00:00,219.59715
2011-10-20 20:00:00,227.00409
2011-10-20 21:00:00,214.07079
2011-10-20 22:00:00,213.59334
2011-10-20 23:00:00,196.01912
2011-10-21 00:00:00,177.51732
2011-10-21 01:00:00,188.93082
2011-10-21 02:00:00,165.01921
2011-10-21 03:00:00,131.08136
2011-10-21 04:00:00,135.86203
2011-10-21 05:00:00,126.72313
2011-10-21 06:00:00,135.86203
2011-10-21 07:00:00,135.86203
2011-10-21 08:00:00,194.25214
2011-10-21 09:00:00,245.41237
2011-10-21 10:00:00,250.72461
2011-10-21 11:00:00,265.61902
2011-10-21 12:00:00,252.82553
2011-10-21 13:00:00,234.1215
2011-10-21 14:00:00,270.58072
2011-10-21 15:00:00,253.74911
2011-10-21 16:00:00,258.79828
2011-10-21 17:00:00,252.96964
2011-10-21 18:00:00,244.85454
2011-10-21 19:00:00,199.46736
2011-10-21 20:00:00,254.08722
2011-10-21 21:00:00,223.67033
2011-10-21 22:00:00,229.95892
2011-10-21 23:00:00,188.93082
2011-10-22 00:00:00,162.0565
2011-10-22 01:00:00,162.0565
2011-10-22 02:00:00,162.33012
2011-10-22 03:00:00,171.64375
2011-10-22 04:00:00,149.24782
2011-10-22 05:00:00,170.66623
2011-10-22 06:00:00,137.73004
2011-10-22 07:00:00,101.96216
2011-10-22 08:00:00,148.8679
2011-10-22 09:00:00,172.79604
2011-10-22 10:00:00,255.89246
2011-10-22 11:00:00,255.89246
2011-10-22 12:00:00,272.86502
2011-10-22 13:00:00,358.97424
2011-10-22 14:00:00,319.55435
2011-10-22 15:00:00,307.41467
2011-10-22 16:00:00,360.7718
2011-10-22 17:00:00,267.7909
2011-10-22 18:00:00,259.18454
2011-10-22 19:00:00,181.6195
2011-10-22 20:00:00,176.12831
2011-10-22 21:00:00,124.01079
2011-10-22 22:00:00,124.01079
2011-10-22 23:00:00,93.69509
2011-10-23 00:00:00,73.503334
2011-10-23 01:00:00,73.503334
2011-10-23 02:00:00,73.33873
2011-10-23 03:00:00,71.95577
2011-10-23 04:00:00,71.95577
2011-10-23 05:00:00,69.56332
2011-10-23 06:00:00,66.68007
2011-10-23 07:00:00,73.33873
2011-10-23 08:00:00,78.14777
2011-10-23 09:00:00,124.01079
2011-10-23 10:00:00,150.02013
2011-10-23 11:00:00,156.864
2011-10-23 12:00:00,278.77576
2011-10-23 13:00:00,321.21133
2011-10-23 14:00:00,323.80646
2011-10-23 15:00:00,342.01987
2011-10-23 16:00:00,321.21133
2011-10-23 17:00:00,233.20569
2011-10-23 18:00:00,230.10382
2011-10-23 19:00:00,134.2059
2011-10-23 20:00:00,152.23177
2011-10-23 21:00:00,152.23177
2011-10-23 22:00:00,122.514946
2011-10-23 23:00:00,123.071
2011-10-24 00:00:00,143.94221
2011-10-24 01:00:00,135.22711
2011-10-24 02:00:00,112.576584
2011-10-24 03:00:00,123.93998
2011-10-24 04:00:00,106.52835
2011-10-24 05:00:00,86.40013
2011-10-24 06:00:00,112.576584
2011-10-24 07:00:00,103.763016
2011-10-24 08:00:00,142.8448
2011-10-24 09:00:00,168.09969
2011-10-24 10:00:00,193.89517
2011-10-24 11:00:00,242.58478
2011-10-24 12:00:00,259.96564
2011-10-24 13:00:00,288.65817
2011-10-24 14:00:00,293.31604
2011-10-24 15:00:00,291.43616
2011-10-24 16:00:00,275.7526
2011-10-24 17:00:00,255.28983
2011-10-24 18:00:00,290.38684
2011-10-24 19:00:00,134.52838
2011-10-24 20:00:00,157.67981
2011-10-24 21:00:00,123.46598
2011-10-24 22:00:00,201.3927
2011-10-24 23:00:00,174.6119
2011-10-25 00:00:00,171.94798
2011-10-25 01:00:00,171.94798
2011-10-25 02:00:00,142.68439
2011-10-25 03:00:00,86.34694
2011-10-25 04:00:00,121.58747
2011-10-25 05:00:00,121.58747
2011-10-25 06:00:00,119.41031
2011-10-25 07:00:00,148.53764
2011-10-25 08:00:00,187.39085
2011-10-25 09:00:00,234.85728
2011-10-25 10:00:00,243.34026
2011-10-25 11:00:00,253.98836
2011-10-25 12:00:00,286.4914
2011-10-25 13:00:00,302.0505
2011-10-25 14:00:00,297.55096
2011-10-25 15:00:00,339.0527
2011-10-25 16:00:00,321.03827
2011-10-25 17:00:00,339.0527
2011-10-25 18:00:00,308.28625
2011-10-25 19:00:00,232.08414
2011-10-25 20:00:00,233.62393
2011-10-25 21:00:00,191.54869
2011-10-25 22:00:00,215.31458
2011-10-25 23:00:00,191.54869
2011-10-26 00:00:00,183.82422
2011-10-26 01:00:00,181.9146
2011-10-26 02:00:00,204.54108
2011-10-26 03:00:00,194.43034
2011-10-26 04:00:00,168.48436
2011-10-26 05:00:00,172.088
2011-10-26 06:00:00,172.088
2011-10-26 07:00:00,174.33691
2011-10-26 08:00:00,226.27037
2011-10-26 09:00:00,253.25938
2011-10-26 10:00:00,263.29623
2011-10-26 11:00:00,226.94695
2011-10-26 12:00:00,341.75903
2011-10-26 13:00:00,307.88348
2011-10-26 14:00:00,181.5596
2011-10-26 15:00:00,181.5596
2011-10-26 16:00:00,201.55809
2011-10-26 17:00:00,204.88544
2011-10-26 18:00:00,206.38264
2011-10-26 19:00:00,140.9304
2011-10-26 20:00:00,106.71697
2011-10-26 21:00:00,181.5596
2011-10-26 22:00:00,120.03079
2011-10-26 23:00:00,120.03079
2011-10-27 00:00:00,71.17797
2011-10-27 01:00:00,71.17797
2011-10-27 02:00:00,82.46266
2011-10-27 03:00:00,82.462654
2011-10-27 04:00:00,107.77536
2011-10-27 05:00:00,108.68968
2011-10-27 06:00:00,143.1507
2011-10-27 07:00:00,88.390175
2011-10-27 08:00:00,124.37969
2011-10-27 09:00:00,183.65166
2011-10-27 10:00:00,129.69514
2011-10-27 11:00:00,120.24224
2011-10-27 12:00:00,120.24224
2011-10-27 13:00:00,150.88896
2011-10-27 14:00:00,146.09717
2011-10-27 15:00:00,168.42352
2011-10-27 16:00:00,252.41379
2011-10-27 17:00:00,176.88599
2011-10-27 18:00:00,171.78055
2011-10-27 19:00:00,156.38022
2011-10-27 20:00:00,169.21324
2011-10-27 21:00:00,178.03432
2011-10-27 22:00:00,153.57724
2011-10-27 23:00:00,155.926
2011-10-28 00:00:00,155.57697
2011-10-28 01:00:00,150.37798
2011-10-28 02:00:00,147.15096
2011-10-28 03:00:00,137.36292
2011-10-28 04:00:00,143.96361
2011-10-28 05:00:00,167.64513
2011-10-28 06:00:00,142.64877
2011-10-28 07:00:00,142.64877
2011-10-28 08:00:00,149.95407
2011-10-28 09:00:00,172.72604
2011-10-28 10:00:00,181.70201
2011-10-28 11:00:00,212.36491
2011-10-28 12:00:00,274.5627
2011-10-28 13:00:00,251.83269
2011-10-28 14:00:00,246.97415
2011-10-28 15:00:00,237.92581
2011-10-28 16:00:00,255.08662
2011-10-28 17:00:00,243.48715
2011-10-28 18:00:00,234.46104
2011-10-28 19:00:00,243.48715
2011-10-28 20:00:00,177.89998
2011-10-28 21:00:00,135.42503
2011-10-28 22:00:00,120.45132
2011-10-28 23:00:00,108.60335
2011-10-29 00:00:00,100.60742
2011-10-29 01:00:00,108.35051
2011-10-29 02:00:00,108.35051
2011-10-29 03:00:00,78.26684
2011-10-29 04:00:00,78.26684
2011-10-29 05:00:00,70.79692
2011-10-29 06:00:00,74.601105
2011-10-29 07:00:00,74.601105
2011-10-29 08:00:00,82.1061
2011-10-29 09:00:00,82.1061
2011-10-29 10:00:00,79.192856
2011-10-29 11:00:00,63.28493
2011-10-29 12:00:00,46.26192
2011-10-29 13:00:00,43.62981
2011-10-29 14:00:00,50.820366
2011-10-29 15:00:00,78.55888
2011-10-29 16:00:00,67.90127
2011-10-29 17:00:00,67.90127
2011-10-29 18:00:00,67.90127
2011-10-29 19:00:00,33.271233
2011-10-29 20:00:00,33.271233
2011-10-29 21:00:00,33.271236
2011-10-29 22:00:00,32.090424
2011-10-29 23:00:00,33.423004
2011-10-30 00:00:00,32.090424
2011-10-30 01:00:00,31.6244
2011-10-30 02:00:00,31.552252
2011-10-30 03:00:00,35.821857
2011-10-30 04:00:00,34.081657
2011-10-30 05:00:00,40.289494
2011-10-30 06:00:00,41.317783
2011-10-30 07:00:00,61.253788
2011-10-30 08:00:00,53.104034
2011-10-30 09:00:00,75.08097
2011-10-30 10:00:00,119.21876
2011-10-30 11:00:00,161.4251
2011-10-30 12:00:00,213.88698
2011-10-30 13:00:00,275.3368
2011-10-30 14:00:00,321.455
2011-10-30 15:00:00,336.48627
2011-10-30 16:00:00,350.11203
2011-10-30 17:00:00,322.8768
2011-10-30 18:00:00,242.1031
2011-10-30 19:00:00,362.40512
2011-10-30 20:00:00,181.10669
2011-10-30 21:00:00,129.93051
2011-10-30 22:00:00,90.71918
2011-10-30 23:00:00,58.600418
2011-10-31 00:00:00,71.71495
2011-10-31 01:00:00,74.85969
2011-10-31 02:00:00,68.37405
2011-10-31 03:00:00,84.56579
2011-10-31 04:00:00,68.37403
2011-10-31 05:00:00,63.7135
2011-10-31 06:00:00,68.37405
2011-10-31 07:00:00,66.50556
2011-10-31 08:00:00,86.64089
2011-10-31 09:00:00,138.40234
2011-10-31 10:00:00,219.85066
2011-10-31 11:00:00,234.18768
2011-10-31 12:00:00,236.269
2011-10-31 13:00:00,265.1027
2011-10-31 14:00:00,262.25272
2011-10-31 15:00:00,248.89705
2011-10-31 16:00:00,229.95892
2011-10-31 17:00:00,235.3736
2011-10-31 18:00:00,188.43451
2011-10-31 19:00:00,188.43451
2011-10-31 20:00:00,188.43451
2011-10-31 21:00:00,155.74992
2011-10-31 22:00:00,155.74992
2011-10-31 23:00:00,155.74992
2011-11-20 00:00:00,132.862
2011-11-20 01:00:00,162.33012
2011-11-20 02:00:00,165.36223
2011-11-20 03:00:00,186.11562
2011-11-20 04:00:00,176.73398
2011-11-20 05:00:00,199.13466
2011-11-20 06:00:00,204.23343
2011-11-20 07:00:00,153.16902
2011-11-20 08:00:00,190.91524
2011-11-20 09:00:00,150.42229
2011-11-20 10:00:00,207.53864
2011-11-20 11:00:00,272.8508
2011-11-20 12:00:00,274.06528
2011-11-20 13:00:00,309.1158
2011-11-20 14:00:00,269.35458
2011-11-20 15:00:00,259.5503
2011-11-20 16:00:00,281.5896
2011-11-20 17:00:00,285.27795
2011-11-20 18:00:00,287.0513
2011-11-20 19:00:00,227.37859
2011-11-20 20:00:00,255.31082
2011-11-20 21:00:00,192.48495
2011-11-20 22:00:00,165.02141
2011-11-20 23:00:00,165.02141
2011-11-21 00:00:00,74.02036
2011-11-21 01:00:00,101.029434
2011-11-21 02:00:00,88.30998
2011-11-21 03:00:00,76.28432
2011-11-21 04:00:00,76.28432
2011-11-21 05:00:00,60.196144
2011-11-21 06:00:00,61.212517
2011-11-21 07:00:00,118.94957
2011-11-21 08:00:00,74.02036
2011-11-21 09:00:00,93.8135
2011-11-21 10:00:00,146.09717
2011-11-21 11:00:00,168.42352
2011-11-21 12:00:00,205.0459
2011-11-21 13:00:00,205.0459
2011-11-21 14:00:00,186.40825
2011-11-21 15:00:00,109.655045
2011-11-21 16:00:00,109.655045
2011-11-21 17:00:00,110.26564
2011-11-21 18:00:00,116.52244
2011-11-21 19:00:00,103.15649
2011-11-21 20:00:00,116.19201
2011-11-21 21:00:00,108.74975
2011-11-21 22:00:00,106.3387
2011-11-21 23:00:00,108.74975
2011-11-22 00:00:00,87.59058
2011-11-22 01:00:00,91.021904
2011-11-22 02:00:00,75.87731
2011-11-22 03:00:00,75.87731
2011-11-22 04:00:00,95.91524
2011-11-22 05:00:00,95.91524
2011-11-22 06:00:00,103.763016
2011-11-22 07:00:00,102.54737
2011-11-22 08:00:00,102.54737
2011-11-22 09:00:00,76.041115
2011-11-22 10:00:00,76.041115
2011-11-22 11:00:00,91.021904
2011-11-22 12:00:00,72.1922
2011-11-22 13:00:00,71.42733
2011-11-22 14:00:00,71.42733
2011-11-22 15:00:00,78.752495
2011-11-22 16:00:00,78.752495
2011-11-22 17:00:00,70.51037
2011-11-22 18:00:00,65.96815
2011-11-22 19:00:00,83.65677
2011-11-22 20:00:00,129.93008
2011-11-22 21:00:00,147.27898
2011-11-22 22:00:00,137.07977
2011-11-22 23:00:00,166.36397
2011-11-23 00:00:00,166.36397
2011-11-23 01:00:00,172.08286
2011-11-23 02:00:00,137.80269
2011-11-23 03:00:00,137.80269
2011-11-23 04:00:00,157.38715
2011-11-23 05:00:00,134.03822
2011-11-23 06:00:00,60.196144
2011-11-23 07:00:00,75.45581
2011-11-23 08:00:00,93.8135
2011-11-23 09:00:00,141.08394
2011-11-23 10:00:00,141.08394
2011-11-23 11:00:00,184.65117
2011-11-23 12:00:00,218.88751
2011-11-23 13:00:00,184.56903
2011-11-23 14:00:00,197.52293
2011-11-23 15:00:00,178.2332
2011-11-23 16:00:00,151.91554
2011-11-23 17:00:00,130.68199
2011-11-23 18:00:00,159.26208
2011-11-23 19:00:00,164.33711
2011-11-23 20:00:00,155.29065
2011-11-23 21:00:00,171.86284
2011-11-23 22:00:00,157.26947
2011-11-23 23:00:00,156.54271
2011-11-24 00:00:00,107.02855
2011-11-24 01:00:00,114.42985
2011-11-24 02:00:00,94.619415
2011-11-24 03:00:00,67.39919
2011-11-24 04:00:00,92.72802
2011-11-24 05:00:00,91.67562
2011-11-24 06:00:00,92.72802
2011-11-24 07:00:00,52.58875
2011-11-24 08:00:00,85.29782
2011-11-24 09:00:00,128.88425
2011-11-24 10:00:00,160.37453
2011-11-24 11:00:00,261.17145
2011-11-24 12:00:00,315.58954
2011-11-24 13:00:00,336.065
2011-11-24 14:00:00,335.22488
2011-11-24 15:00:00,346.71326
2011-11-24 16:00:00,334.65414
2011-11-24 17:00:00,360.95203
2011-11-24 18:00:00,238.8416
2011-11-24 19:00:00,208.86671
2011-11-24 20:00:00,90.03855
2011-11-24 21:00:00,102.26889
2011-11-24 22:00:00,102.26889
2011-11-24 23:00:00,80.04795
2011-11-25 00:00:00,120.12689
2011-11-25 01:00:00,103.80402
2011-11-25 02:00:00,94.423096
2011-11-25 03:00:00,101.75113
2011-11-25 04:00:00,102.80838
2011-11-25 05:00:00,82.65734
2011-11-25 06:00:00,92.19973
2011-11-25 07:00:00,74.85969
2011-11-25 08:00:00,96.341805
2011-11-25 09:00:00,93.252594
2011-11-25 10:00:00,135.86203
2011-11-25 11:00:00,185.8891
2011-11-25 12:00:00,266.03885
2011-11-25 13:00:00,265.61902
2011-11-25 14:00:00,289.5461
2011-11-25 15:00:00,304.42438
2011-11-25 16:00:00,296.5868
2011-11-25 17:00:00,316.3379
2011-11-25 18:00:00,276.47385
2011-11-25 19:00:00,214.6415
2011-11-25 20:00:00,221.94362
2011-11-25 21:00:00,139.59398
2011-11-25 22:00:00,119.39964
2011-11-25 23:00:00,110.87046
2011-11-26 00:00:00,91.665375
2011-11-26 01:00:00,83.40741
2011-11-26 02:00:00,65.11162
2011-11-26 03:00:00,80.840385
2011-11-26 04:00:00,80.840385
2011-11-26 05:00:00,73.49684
2011-11-26 06:00:00,127.89415
2011-11-26 07:00:00,45.74193
2011-11-26 08:00:00,83.40741
2011-11-26 09:00:00,93.39003
2011-11-26 10:00:00,93.94849
2011-11-26 11:00:00,179.00018
2011-11-26 12:00:00,295.63574
2011-11-26 13:00:00,359.28403
2011-11-26 14:00:00,332.02573
2011-11-26 15:00:00,374.50034
2011-11-26 16:00:00,319.54987
2011-11-26 17:00:00,319.54987
2011-11-26 18:00:00,231.607
2011-11-26 19:00:00,201.76984
2011-11-26 20:00:00,273.1177
2011-11-26 21:00:00,140.34802
2011-11-26 22:00:00,166.47668
2011-11-26 23:00:00,93.94849
2011-11-27 00:00:00,93.94849
2011-11-27 01:00:00,93.94849
2011-11-27 02:00:00,89.63271
2011-11-27 03:00:00,71.95577
2011-11-27 04:00:00,74.184616
2011-11-27 05:00:00,71.95135
2011-11-27 06:00:00,98.07074
2011-11-27 07:00:00,84.73161
2011-11-27 08:00:00,95.41998
2011-11-27 09:00:00,167.92986
2011-11-27 10:00:00,167.92986
2011-11-27 11:00:00,228.40085
2011-11-27 12:00:00,325.6176
2011-11-27 13:00:00,289.83182
2011-11-27 14:00:00,385.16055
2011-11-27 15:00:00,438.23596
2011-11-27 16:00:00,367.661
2011-11-27 17:00:00,323.57816
2011-11-27 18:00:00,237.64731
2011-11-27 19:00:00,208.93297
2011-11-27 20:00:00,256.9241
2011-11-27 21:00:00,214.17302
2011-11-27 22:00:00,177.75433
2011-11-27 23:00:00,177.75433
2011-11-28 00:00:00,183.29999
2011-11-28 01:00:00,179.86572
2011-11-28 03:00:00,158.39787
2011-11-28 04:00:00,138.5758
2011-11-28 05:00:00,86.34694
2011-11-28 06:00:00,129.87
2011-11-28 07:00:00,84.150154
2011-11-28 08:00:00,72.37446
2011-11-28 09:00:00,170.79602
2011-11-28 10:00:00,198.72
2011-11-28 11:00:00,259.96564
2011-11-28 12:00:00,294.90616
2011-11-28 13:00:00,320.1657
2011-11-28 14:00:00,291.7925
2011-11-28 15:00:00,297.65103
2011-11-28 16:00:00,289.866
2011-11-28 17:00:00,307.47266
2011-11-28 18:00:00,279.99203
2011-11-28 19:00:00,241.28249
2011-11-28 20:00:00,249.77702
2011-11-28 21:00:00,234.80852
2011-11-28 22:00:00,168.42352
2011-11-28 23:00:00,176.44084
2011-11-29 00:00:00,145.00127
2011-11-29 01:00:00,161.72351
2011-11-29 02:00:00,109.177216
2011-11-29 03:00:00,109.177216
2011-11-29 04:00:00,201.40945
2011-11-29 05:00:00,181.76265
2011-11-29 06:00:00,195.82639
2011-11-29 07:00:00,214.23384
2011-11-29 08:00:00,221.59146
2011-11-29 09:00:00,227.17076
2011-11-29 10:00:00,227.17076
2011-11-29 11:00:00,144.57535
2011-11-29 12:00:00,123.15357
2011-11-29 13:00:00,139.30292
2011-11-29 14:00:00,103.15649
2011-11-29 15:00:00,108.836624
2011-11-29 16:00:00,116.19205
2011-11-29 17:00:00,154.58418
2011-11-29 18:00:00,155.78447
2011-11-29 19:00:00,148.29805
2011-11-29 20:00:00,157.71442
2011-11-29 21:00:00,157.71442
2011-11-29 22:00:00,139.19843
2011-11-29 23:00:00,134.63991
2011-11-30 00:00:00,155.73012
2011-11-30 01:00:00,149.30553
2011-11-30 02:00:00,127.05117
2011-11-30 03:00:00,127.05117
2011-11-30 04:00:00,128.04562
2011-11-30 05:00:00,110.193085
2011-11-30 06:00:00,86.84927
2011-11-30 07:00:00,92.19973
2011-11-30 08:00:00,110.193085
2011-11-30 09:00:00,131.20236
2011-11-30 10:00:00,156.19702
2011-11-30 11:00:00,185.12828
2011-11-30 12:00:00,202.79587
2011-11-30 13:00:00,205.37831
2011-11-30 14:00:00,205.37831
2011-11-30 15:00:00,204.51187
2011-11-30 16:00:00,207.08981
2011-11-30 17:00:00,192.2855
2011-11-30 18:00:00,187.40121
2011-11-30 19:00:00,175.36111
2011-11-30 20:00:00,175.36111
2011-11-30 21:00:00,168.35365
2011-11-30 22:00:00,159.13385
2011-11-30 23:00:00,163.70163
2011-12-20 00:00:00,197.52496
2011-12-20 01:00:00,218.31926
2011-12-20 02:00:00,177.42911
2011-12-20 03:00:00,177.42911
2011-12-20 04:00:00,233.54094
2011-12-20 05:00:00,206.79848
2011-12-20 06:00:00,206.79848
2011-12-20 07:00:00,187.3906
2011-12-20 08:00:00,255.89796
2011-12-20 09:00:00,170.08568
2011-12-20 10:00:00,245.1498
2011-12-20 11:00:00,221.97711
2011-12-20 12:00:00,265.61417
2011-12-20 13:00:00,265.61417
2011-12-20 14:00:00,256.84912
2011-12-20 15:00:00,273.17703
2011-12-20 16:00:00,273.2079
2011-12-20 17:00:00,197.1026
2011-12-20 18:00:00,165.05719
2011-12-20 19:00:00,183.04483
2011-12-20 20:00:00,164.63916
2011-12-20 21:00:00,154.80733
2011-12-20 22:00:00,170.08568
2011-12-20 23:00:00,202.31267
2011-12-21 00:00:00,93.22457
2011-12-21 01:00:00,100.84845
2011-12-21 02:00:00,112.70679
2011-12-21 03:00:00,112.70679
2011-12-21 04:00:00,112.70679
2011-12-21 05:00:00,112.14443
2011-12-21 06:00:00,115.879295
2011-12-21 07:00:00,103.20991
2011-12-21 08:00:00,116.530174
2011-12-21 09:00:00,109.744545
2011-12-21 10:00:00,121.1601
2011-12-21 11:00:00,121.1601
2011-12-21 12:00:00,102.95999
2011-12-21 13:00:00,113.52348
2011-12-21 14:00:00,134.4901
2011-12-21 15:00:00,129.44315
2011-12-21 16:00:00,110.906845
2011-12-21 17:00:00,110.906845
2011-12-21 18:00:00,128.53279
2011-12-21 19:00:00,157.85052
2011-12-21 20:00:00,151.67746
2011-12-21 21:00:00,177.04846
2011-12-21 22:00:00,174.33664
2011-12-21 23:00:00,173.29031
2011-12-22 00:00:00,168.42906
2011-12-22 01:00:00,143.58731
2011-12-22 02:00:00,166.02477
2011-12-22 03:00:00,137.16684
2011-12-22 04:00:00,114.49994
2011-12-22 05:00:00,121.4222
2011-12-22 06:00:00,108.95158
2011-12-22 07:00:00,96.21057
2011-12-22 08:00:00,115.879295
2011-12-22 09:00:00,114.81389
2011-12-22 10:00:00,122.333664
2011-12-22 11:00:00,151.12273
2011-12-22 12:00:00,161.36232
2011-12-22 13:00:00,154.799
2011-12-22 14:00:00,154.799
2011-12-22 15:00:00,162.86966
2011-12-22 16:00:00,154.799
2011-12-22 17:00:00,126.289116
2011-12-22 18:00:00,132.79677
2011-12-22 19:00:00,144.93114
2011-12-22 20:00:00,133.61412
2011-12-22 21:00:00,133.61412
2011-12-22 22:00:00,102.02883
2011-12-22 23:00:00,131.56006
2011-12-23 00:00:00,108.67043
2011-12-23 01:00:00,108.67043
2011-12-23 02:00:00,107.66379
2011-12-23 03:00:00,107.66379
2011-12-23 04:00:00,95.86388
2011-12-23 05:00:00,100.930435
2011-12-23 06:00:00,109.43179
2011-12-23 07:00:00,108.88653
2011-12-23 08:00:00,118.06057
2011-12-23 09:00:00,126.23393
2011-12-23 10:00:00,129.26697
2011-12-23 11:00:00,131.58408
2011-12-23 12:00:00,134.61171
2011-12-23 13:00:00,140.09369
2011-12-23 14:00:00,136.39586
2011-12-23 15:00:00,129.29759
2011-12-23 16:00:00,134.74023
2011-12-23 17:00:00,118.02459
2011-12-23 18:00:00,121.93376
2011-12-23 19:00:00,107.54673
2011-12-23 20:00:00,96.84413
2011-12-23 21:00:00,96.15154
2011-12-23 22:00:00,93.57799
2011-12-23 23:00:00,96.03985
2011-12-24 00:00:00,74.77425
2011-12-24 01:00:00,84.53892
2011-12-24 02:00:00,79.782104
2011-12-24 03:00:00,77.31479
2011-12-24 04:00:00,77.47014
2011-12-24 05:00:00,77.47014
2011-12-24 06:00:00,67.15558
2011-12-24 07:00:00,73.063515
2011-12-24 08:00:00,53.74937
2011-12-24 09:00:00,95.20249
2011-12-24 10:00:00,94.195305
2011-12-24 11:00:00,109.969055
2011-12-24 12:00:00,123.34434
2011-12-24 13:00:00,120.596275
2011-12-24 14:00:00,120.596275
2011-12-24 15:00:00,112.661934
2011-12-24 16:00:00,108.10154
2011-12-24 17:00:00,83.58073
2011-12-24 18:00:00,93.64767
2011-12-24 19:00:00,77.311485
2011-12-24 20:00:00,59.992306
2011-12-24 21:00:00,61.109688
2011-12-24 22:00:00,50.875134
2011-12-24 23:00:00,44.912395
2011-12-25 00:00:00,52.931355
2011-12-25 01:00:00,42.32959
2011-12-25 02:00:00,39.42228
2011-12-25 03:00:00,38.81551
2011-12-25 05:00:00,36.988796
2011-12-25 06:00:00,36.988796
2011-12-25 07:00:00,36.278904
2011-12-25 08:00:00,35.743446
2011-12-25 09:00:00,35.577854
2011-12-25 10:00:00,42.74347
2011-12-25 11:00:00,58.197628
2011-12-25 12:00:00,59.526035
2011-12-25 13:00:00,68.953186
2011-12-25 14:00:00,87.423386
2011-12-25 15:00:00,83.57927
2011-12-25 16:00:00,92.254776
2011-12-25 17:00:00,77.48951
2011-12-25 18:00:00,65.39056
2011-12-25 19:00:00,79.64139
2011-12-25 20:00:00,88.99721
2011-12-25 21:00:00,71.79485
2011-12-25 22:00:00,59.826233
2011-12-25 23:00:00,52.036655
2011-12-26 00:00:00,49.318413
2011-12-26 01:00:00,78.1662
2011-12-26 02:00:00,104.82687
2011-12-26 04:00:00,110.21693
2011-12-26 05:00:00,115.44992
2011-12-26 06:00:00,106.9874
2011-12-26 07:00:00,99.048805
2011-12-26 08:00:00,94.51286
2011-12-26 09:00:00,110.21693
2011-12-26 10:00:00,114.13067
2011-12-26 11:00:00,110.688614
2011-12-26 12:00:00,118.018036
2011-12-26 13:00:00,129.63142
2011-12-26 14:00:00,129.2718
2011-12-26 15:00:00,130.35786
2011-12-26 16:00:00,118.52147
2011-12-26 17:00:00,104.82687
2011-12-26 18:00:00,86.630264
2011-12-26 19:00:00,65.75604
2011-12-26 20:00:00,75.13107
2011-12-26 21:00:00,52.810825
2011-12-26 22:00:00,52.810818
2011-12-26 23:00:00,55.603416
2011-12-27 00:00:00,82.21971
2011-12-27 01:00:00,83.23585
2011-12-27 02:00:00,83.23585
2011-12-27 03:00:00,85.44348
2011-12-27 04:00:00,84.29229
2011-12-27 05:00:00,80.403625
2011-12-27 06:00:00,79.628815
2011-12-27 07:00:00,80.334854
2011-12-27 08:00:00,86.43621
2011-12-27 09:00:00,93.501945
2011-12-27 10:00:00,92.46885
2011-12-27 11:00:00,93.501945
2011-12-27 12:00:00,89.72744
2011-12-27 13:00:00,85.679825
2011-12-27 14:00:00,90.88088
2011-12-27 15:00:00,90.88088
2011-12-27 16:00:00,105.14913
2011-12-27 17:00:00,114.47443
2011-12-27 18:00:00,110.42239
2011-12-27 19:00:00,96.83725
2011-12-27 20:00:00,87.40597
2011-12-27 21:00:00,91.72619
2011-12-27 22:00:00,91.72619
2011-12-27 23:00:00,82.10684
2011-12-28 00:00:00,90.78881
2011-12-28 01:00:00,94.08321
2011-12-28 02:00:00,98.77252
2011-12-28 03:00:00,98.77252
2011-12-28 05:00:00,102.07507
2011-12-28 06:00:00,100.81614
2011-12-28 07:00:00,100.816124
2011-12-28 08:00:00,102.07509
2011-12-28 09:00:00,100.52346
2011-12-28 10:00:00,105.900665
2011-12-28 11:00:00,128.34142
2011-12-28 12:00:00,127.161194
2011-12-28 13:00:00,135.39606
2011-12-28 14:00:00,126.48307
2011-12-28 15:00:00,132.49733
2011-12-28 16:00:00,126.33005
2011-12-28 17:00:00,109.18621
2011-12-28 18:00:00,105.483536
2011-12-28 19:00:00,93.595856
2011-12-28 20:00:00,93.437775
2011-12-28 21:00:00,83.26948
2011-12-28 22:00:00,83.6675
2011-12-28 23:00:00,85.36936
2011-12-29 00:00:00,78.88631
2011-12-29 01:00:00,84.5185
2011-12-29 02:00:00,78.723625
2011-12-29 03:00:00,77.83024
2011-12-29 04:00:00,77.521416
2011-12-29 05:00:00,77.67769
2011-12-29 06:00:00,79.77477
2011-12-29 07:00:00,74.8468
2011-12-29 08:00:00,79.13752
2011-12-29 09:00:00,73.28458
2011-12-29 10:00:00,75.02307
2011-12-29 11:00:00,81.27714
2011-12-29 12:00:00,84.58348
2011-12-29 13:00:00,88.52175
2011-12-29 14:00:00,95.81454
2011-12-29 15:00:00,92.25
2011-12-29 16:00:00,93.07319
2011-12-29 17:00:00,90.7384
2011-12-29 18:00:00,92.97384
2011-12-29 19:00:00,94.642876
2011-12-29 20:00:00,88.32963
2011-12-29 21:00:00,85.38074
2011-12-29 22:00:00,87.12183
2011-12-29 23:00:00,90.3575
2011-12-30 00:00:00,87.06446
2011-12-30 01:00:00,85.01311
2011-12-30 02:00:00,80.98975
2011-12-30 03:00:00,80.98975
2011-12-30 04:00:00,81.65239
2011-12-30 05:00:00,76.47838
2011-12-30 06:00:00,81.65239
2011-12-30 07:00:00,79.520195
2011-12-30 08:00:00,78.44221
2011-12-30 09:00:00,83.74195
2011-12-30 10:00:00,91.1604
2011-12-30 11:00:00,93.57799
2011-12-30 12:00:00,97.629234
2011-12-30 13:00:00,99.928116
2011-12-30 14:00:00,114.93746
2011-12-30 15:00:00,153.34764
2011-12-30 16:00:00,158.91414
2011-12-30 17:00:00,121.90318
2011-12-30 18:00:00,107.72194
2011-12-30 19:00:00,82.48214
2011-12-30 20:00:00,95.50767
2011-12-30 21:00:00,100.84845
2011-12-30 22:00:00,92.03016
2011-12-30 23:00:00,94.21144
2011-12-31 00:00:00,99.80852
2011-12-31 01:00:00,108.84539
2011-12-31 02:00:00,108.84539
2011-12-31 03:00:00,108.84539
2011-12-31 04:00:00,92.99831
2011-12-31 05:00:00,82.720436
2011-12-31 06:00:00,102.44269
2011-12-31 07:00:00,114.77185
2011-12-31 08:00:00,56.49676
2011-12-31 09:00:00,74.10365
2011-12-31 10:00:00,85.41618
2011-12-31 11:00:00,105.27841
2011-12-31 12:00:00,264.3203
2011-12-31 13:00:00,196.92303
2011-12-31 14:00:00,186.10765
2011-12-31 15:00:00,163.01819
2011-12-31 16:00:00,159.48741
2011-12-31 17:00:00,149.67677
2011-12-31 18:00:00,142.21268
2011-12-31 19:00:00,151.45596
2011-12-31 20:00:00,151.45596
2011-12-31 21:00:00,126.0809
2011-12-31 22:00:00,98.61995
2011-12-31 23:00:00,78.82657
2012-01-20 00:00:00,77.02694
2012-01-20 01:00:00,86.307335
2012-01-20 02:00:00,86.307335
2012-01-20 03:00:00,83.22899
2012-01-20 04:00:00,79.009895
2012-01-20 05:00:00,79.009895
2012-01-20 06:00:00,81.922585
2012-01-20 07:00:00,77.33344
2012-01-20 08:00:00,78.5648
2012-01-20 09:00:00,88.69996
2012-01-20 10:00:00,73.46159
2012-01-20 11:00:00,72.19024
2012-01-20 12:00:00,72.3385
2012-01-20 13:00:00,101.02119
2012-01-20 14:00:00,75.09051
2012-01-20 15:00:00,81.80437
2012-01-20 16:00:00,80.876366
2012-01-20 17:00:00,85.208954
2012-01-20 18:00:00,82.62239
2012-01-20 19:00:00,81.340546
2012-01-20 20:00:00,82.62239
2012-01-20 21:00:00,81.5839
2012-01-20 22:00:00,77.09154
2012-01-20 23:00:00,66.88739
2012-01-21 00:00:00,53.03119
2012-01-21 01:00:00,53.383194
2012-01-21 02:00:00,46.841087
2012-01-21 03:00:00,45.15604
2012-01-21 04:00:00,49.813866
2012-01-21 05:00:00,48.43955
2012-01-21 06:00:00,43.92317
2012-01-21 07:00:00,43.92317
2012-01-21 08:00:00,36.76395
2012-01-21 09:00:00,36.76395
2012-01-21 10:00:00,42.025185
2012-01-21 11:00:00,42.20199
2012-01-21 12:00:00,44.749172
2012-01-21 13:00:00,43.211147
2012-01-21 14:00:00,53.931236
2012-01-21 15:00:00,53.93124
2012-01-21 16:00:00,43.417946
2012-01-21 17:00:00,44.663887
2012-01-21 18:00:00,46.543427
2012-01-21 19:00:00,42.234894
2012-01-21 20:00:00,41.160114
2012-01-21 21:00:00,43.032063
2012-01-21 22:00:00,44.281284
2012-01-21 23:00:00,38.98969
2012-01-22 00:00:00,38.085907
2012-01-22 01:00:00,44.281284
2012-01-22 02:00:00,43.58571
2012-01-22 03:00:00,46.726788
2012-01-22 04:00:00,44.918144
2012-01-22 05:00:00,48.20115
2012-01-22 06:00:00,40.567753
2012-01-22 07:00:00,40.567753
2012-01-22 08:00:00,40.567753
2012-01-22 09:00:00,40.567753
2012-01-22 10:00:00,40.671368
2012-01-22 11:00:00,45.71655
2012-01-22 12:00:00,38.875526
2012-01-22 13:00:00,40.248596
2012-01-22 14:00:00,39.419342
2012-01-22 15:00:00,38.873642
2012-01-22 16:00:00,38.873642
2012-01-22 17:00:00,40.732254
2012-01-22 18:00:00,48.43955
2012-01-22 19:00:00,48.43955
2012-01-22 20:00:00,45.875412
2012-01-22 21:00:00,48.43955
2012-01-22 22:00:00,39.396626
2012-01-22 23:00:00,38.634094
2012-01-23 00:00:00,68.58212
2012-01-23 01:00:00,65.59141
2012-01-23 02:00:00,65.59141
2012-01-23 03:00:00,68.582115
2012-01-23 04:00:00,75.03202
2012-01-23 05:00:00,71.87703
2012-01-23 06:00:00,71.87703
2012-01-23 07:00:00,78.32506
2012-01-23 08:00:00,69.212
2012-01-23 09:00:00,68.377495
2012-01-23 10:00:00,68.81489
2012-01-23 11:00:00,65.017586
2012-01-23 12:00:00,72.26096
2012-01-23 13:00:00,73.15596
2012-01-23 14:00:00,67.941414
2012-01-23 15:00:00,65.98523
2012-01-23 16:00:00,70.40228
2012-01-23 17:00:00,69.47695
2012-01-23 18:00:00,70.06789
2012-01-23 19:00:00,73.2303
2012-01-23 20:00:00,70.45365
2012-01-23 21:00:00,72.790215
2012-01-23 22:00:00,72.790215
2012-01-23 23:00:00,72.45621
2012-01-24 00:00:00,77.665726
2012-01-24 01:00:00,81.17311
2012-01-24 02:00:00,82.06283
2012-01-24 03:00:00,88.09176
2012-01-24 04:00:00,81.11062
2012-01-24 05:00:00,81.11062
2012-01-24 06:00:00,83.77417
2012-01-24 07:00:00,88.09178
2012-01-24 08:00:00,88.09178
2012-01-24 09:00:00,90.62366
2012-01-24 10:00:00,87.40597
2012-01-24 11:00:00,96.56169
2012-01-24 12:00:00,96.83725
2012-01-24 13:00:00,96.83725
2012-01-24 14:00:00,100.8812
2012-01-24 15:00:00,111.88721
2012-01-24 16:00:00,121.368965
2012-01-24 17:00:00,134.5006
2012-01-24 18:00:00,126.2022
2012-01-24 19:00:00,152.25356
2012-01-24 20:00:00,101.83449
2012-01-24 21:00:00,120.136635
2012-01-24 22:00:00,98.76761
2012-01-24 23:00:00,101.83449
2012-01-25 00:00:00,70.43486
2012-01-25 01:00:00,88.568535
2012-01-25 02:00:00,85.323845
2012-01-25 03:00:00,81.67624
2012-01-25 04:00:00,83.26233
2012-01-25 05:00:00,83.26233
2012-01-25 06:00:00,78.6492
2012-01-25 07:00:00,78.48377
2012-01-25 08:00:00,79.17253
2012-01-25 09:00:00,79.17253
2012-01-25 10:00:00,70.42079
2012-01-25 11:00:00,79.628815
2012-01-25 12:00:00,98.47279
2012-01-25 13:00:00,108.56486
2012-01-25 14:00:00,110.02706
2012-01-25 15:00:00,124.74542
2012-01-25 16:00:00,105.3915
2012-01-25 17:00:00,113.213326
2012-01-25 18:00:00,96.03985
2012-01-25 19:00:00,103.70388
2012-01-25 20:00:00,95.058105
2012-01-25 21:00:00,99.33793
2012-01-25 22:00:00,93.81583
2012-01-25 23:00:00,90.14961
2012-01-26 00:00:00,83.837105
2012-01-26 01:00:00,90.30911
2012-01-26 02:00:00,81.551155
2012-01-26 03:00:00,84.53861
2012-01-26 04:00:00,88.90848
2012-01-26 05:00:00,87.26543
2012-01-26 06:00:00,89.22005
2012-01-26 07:00:00,83.03908
2012-01-26 08:00:00,83.03908
2012-01-26 09:00:00,93.88023
2012-01-26 10:00:00,83.981285
2012-01-26 11:00:00,84.81945
2012-01-26 12:00:00,92.37972
2012-01-26 13:00:00,121.04788
2012-01-26 14:00:00,117.51888
2012-01-26 15:00:00,125.768005
2012-01-26 16:00:00,119.16487
2012-01-26 17:00:00,139.13489
2012-01-26 18:00:00,139.13489
2012-01-26 19:00:00,119.28042
2012-01-26 20:00:00,116.999855
2012-01-26 21:00:00,119.28042
2012-01-26 22:00:00,117.50064
2012-01-26 23:00:00,134.71786
2012-01-27 00:00:00,107.61337
2012-01-27 01:00:00,109.744545
2012-01-27 02:00:00,133.22708
2012-01-27 03:00:00,116.90252
2012-01-27 04:00:00,109.41664
2012-01-27 05:00:00,113.16409
2012-01-27 06:00:00,118.056175
2012-01-27 07:00:00,118.81643
2012-01-27 08:00:00,141.25447
2012-01-27 09:00:00,141.25447
2012-01-27 10:00:00,144.4588
2012-01-27 11:00:00,156.95442
2012-01-27 12:00:00,163.63751
2012-01-27 13:00:00,183.20737
2012-01-27 14:00:00,185.17653
2012-01-27 15:00:00,186.84294
2012-01-27 16:00:00,155.26459
2012-01-27 17:00:00,148.29892
2012-01-27 18:00:00,139.44463
2012-01-27 19:00:00,122.887535
2012-01-27 20:00:00,111.85905
2012-01-27 21:00:00,117.99268
2012-01-27 22:00:00,117.97985
2012-01-27 23:00:00,113.80778
2012-01-28 00:00:00,89.773735
2012-01-28 01:00:00,81.547844
2012-01-28 02:00:00,55.90142
2012-01-28 03:00:00,56.403645
2012-01-28 04:00:00,55.99395
2012-01-28 05:00:00,41.45212
2012-01-28 06:00:00,45.729202
2012-01-28 07:00:00,38.107742
2012-01-28 08:00:00,34.262875
2012-01-28 09:00:00,36.980347
2012-01-28 10:00:00,49.35678
2012-01-28 11:00:00,71.79485
2012-01-28 12:00:00,77.795525
2012-01-28 13:00:00,93.62229
2012-01-28 14:00:00,125.2842
2012-01-28 15:00:00,149.13902
2012-01-28 16:00:00,160.11737
2012-01-28 17:00:00,154.35663
2012-01-28 18:00:00,180.55121
2012-01-28 19:00:00,96.27415
2012-01-28 20:00:00,149.1921
2012-01-28 21:00:00,132.54315
2012-01-28 22:00:00,130.89899
2012-01-28 23:00:00,127.79099
2012-01-29 00:00:00,117.2618
2012-01-29 01:00:00,116.233795
2012-01-29 02:00:00,119.07031
2012-01-29 03:00:00,112.11873
2012-01-29 04:00:00,82.832146
2012-01-29 05:00:00,52.171867
2012-01-29 06:00:00,68.90556
2012-01-29 07:00:00,76.34679
2012-01-29 08:00:00,66.244484
2012-01-29 09:00:00,60.771763
2012-01-29 10:00:00,88.74136
2012-01-29 11:00:00,121.047165
2012-01-29 12:00:00,139.22874
2012-01-29 13:00:00,139.22874
2012-01-29 14:00:00,139.68231
2012-01-29 15:00:00,154.23024
2012-01-29 16:00:00,131.34746
2012-01-29 17:00:00,131.34746
2012-01-29 18:00:00,134.34695
2012-01-29 19:00:00,133.94269
2012-01-29 20:00:00,105.56509
2012-01-29 21:00:00,118.442665
2012-01-29 22:00:00,119.17687
2012-01-29 23:00:00,114.35055
2012-01-30 00:00:00,100.17404
2012-01-30 01:00:00,85.16519
2012-01-30 02:00:00,90.54479
2012-01-30 03:00:00,84.96458
2012-01-30 04:00:00,78.667
2012-01-30 05:00:00,78.667
2012-01-30 06:00:00,85.36936
2012-01-30 07:00:00,86.04202
2012-01-30 08:00:00,81.36334
2012-01-30 09:00:00,81.36334
2012-01-30 10:00:00,88.9309
2012-01-30 11:00:00,98.21321
2012-01-30 12:00:00,113.262375
2012-01-30 13:00:00,126.49978
2012-01-30 14:00:00,146.7297
2012-01-30 15:00:00,148.5701
2012-01-30 16:00:00,155.69029
2012-01-30 17:00:00,175.02583
2012-01-30 18:00:00,161.87624
2012-01-30 19:00:00,99.52965
2012-01-30 20:00:00,109.44098
2012-01-30 21:00:00,104.268326
2012-01-30 22:00:00,96.6137
2012-01-30 23:00:00,82.24667
2012-01-31 00:00:00,92.91105
2012-01-31 01:00:00,110.61432
2012-01-31 02:00:00,109.30209
2012-01-31 03:00:00,105.36596
2012-01-31 04:00:00,97.60544
2012-01-31 05:00:00,97.60544
2012-01-31 06:00:00,88.00551
2012-01-31 07:00:00,82.24667
2012-01-31 08:00:00,84.67708
2012-01-31 09:00:00,94.865074
2012-01-31 10:00:00,90.29652
2012-01-31 11:00:00,166.07394
2012-01-31 12:00:00,155.6913
2012-01-31 13:00:00,209.96143
2012-01-31 14:00:00,238.7353
2012-01-31 15:00:00,262.4825
2012-01-31 16:00:00,262.4825
2012-01-31 17:00:00,263.91016
2012-01-31 18:00:00,272.17963
2012-01-31 19:00:00,242.88155
2012-01-31 20:00:00,125.272514
2012-01-31 21:00:00,207.31915
2012-01-31 22:00:00,190.80464
2012-01-31 23:00:00,190.12024
2012-02-20 00:00:00,50.99191
2012-02-20 01:00:00,50.99191
2012-02-20 02:00:00,50.99191
2012-02-20 03:00:00,55.282738
2012-02-20 05:00:00,61.64491
2012-02-20 06:00:00,85.37011
2012-02-20 07:00:00,60.857292
2012-02-20 08:00:00,71.56939
2012-02-20 09:00:00,71.56939
2012-02-20 10:00:00,79.891205
2012-02-20 11:00:00,91.58073
2012-02-20 12:00:00,92.69735
2012-02-20 13:00:00,104.88768
2012-02-20 14:00:00,108.795685
2012-02-20 15:00:00,118.64734
2012-02-20 16:00:00,124.95117
2012-02-20 17:00:00,142.7021
2012-02-20 18:00:00,118.64734
2012-02-20 19:00:00,118.64734
2012-02-20 20:00:00,116.30112
2012-02-20 21:00:00,97.862686
2012-02-20 22:00:00,85.63458
2012-02-20 23:00:00,88.51583
2012-02-21 00:00:00,88.81617
2012-02-21 01:00:00,90.07935
2012-02-21 02:00:00,85.657745
2012-02-21 04:00:00,81.54406
2012-02-21 05:00:00,75.78278
2012-02-21 06:00:00,73.0931
2012-02-21 07:00:00,81.54406
2012-02-21 08:00:00,76.099976
2012-02-21 09:00:00,73.16059
2012-02-21 10:00:00,79.017044
2012-02-21 11:00:00,73.64835
2012-02-21 12:00:00,75.29668
2012-02-21 13:00:00,118.99714
2012-02-21 14:00:00,78.698006
2012-02-21 15:00:00,118.99714
2012-02-21 16:00:00,129.06992
2012-02-21 17:00:00,146.91884
2012-02-21 18:00:00,146.91884
2012-02-21 19:00:00,126.65126
2012-02-21 20:00:00,110.48715
2012-02-21 21:00:00,100.24087
2012-02-21 22:00:00,90.84107
2012-02-21 23:00:00,94.29714
2012-02-22 00:00:00,94.29714
2012-02-22 01:00:00,95.64395
2012-02-22 02:00:00,102.0765
2012-02-22 03:00:00,89.57285
2012-02-22 04:00:00,99.20059
2012-02-22 05:00:00,97.23237
2012-02-22 06:00:00,94.08321
2012-02-22 07:00:00,98.34442
2012-02-22 08:00:00,92.8951
2012-02-22 09:00:00,98.22742
2012-02-22 10:00:00,104.55859
2012-02-22 11:00:00,105.02509
2012-02-22 12:00:00,130.22139
2012-02-22 13:00:00,149.89621
2012-02-22 14:00:00,158.89813
2012-02-22 15:00:00,227.83543
2012-02-22 16:00:00,243.57278
2012-02-22 17:00:00,241.14458
2012-02-22 18:00:00,141.00781
2012-02-22 19:00:00,128.65755
2012-02-22 20:00:00,128.44772
2012-02-22 21:00:00,151.62909
2012-02-22 22:00:00,120.308426
2012-02-22 23:00:00,132.1162
2012-02-23 00:00:00,120.308426
2012-02-23 01:00:00,113.65625
2012-02-23 02:00:00,124.756836
2012-02-23 03:00:00,119.12846
2012-02-23 04:00:00,117.172844
2012-02-23 05:00:00,117.172844
2012-02-23 06:00:00,103.232895
2012-02-23 07:00:00,100.8812
2012-02-23 08:00:00,97.111885
2012-02-23 09:00:00,101.3848
2012-02-23 10:00:00,128.45378
2012-02-23 11:00:00,195.23776
2012-02-23 12:00:00,222.33372
2012-02-23 13:00:00,247.00204
2012-02-23 14:00:00,258.35257
2012-02-23 15:00:00,271.4298
2012-02-23 16:00:00,279.54254
2012-02-23 17:00:00,275.81592
2012-02-23 18:00:00,261.159
2012-02-23 19:00:00,219.07251
2012-02-23 20:00:00,180.60936
2012-02-23 21:00:00,167.33408
2012-02-23 22:00:00,162.13321
2012-02-23 23:00:00,154.39166
2012-02-24 00:00:00,131.48558
2012-02-24 01:00:00,142.36404
2012-02-24 02:00:00,102.92498
2012-02-24 03:00:00,132.07431
2012-02-24 04:00:00,124.72704
2012-02-24 05:00:00,112.05016
2012-02-24 06:00:00,114.69615
2012-02-24 07:00:00,108.22487
2012-02-24 08:00:00,91.38015
2012-02-24 09:00:00,91.36531
2012-02-24 10:00:00,97.41351
2012-02-24 11:00:00,102.31113
2012-02-24 12:00:00,116.19173
2012-02-24 13:00:00,125.768005
2012-02-24 14:00:00,142.37843
2012-02-24 15:00:00,108.67043
2012-02-24 16:00:00,108.67043
2012-02-24 17:00:00,127.53681
2012-02-24 18:00:00,141.9582
2012-02-24 19:00:00,140.88106
2012-02-24 20:00:00,146.36241
2012-02-24 21:00:00,191.82274
2012-02-24 22:00:00,165.37723
2012-02-24 23:00:00,163.47765
2012-02-25 00:00:00,118.96133
2012-02-25 01:00:00,112.85341
2012-02-25 02:00:00,104.79266
2012-02-25 03:00:00,97.986404
2012-02-25 04:00:00,100.67449
2012-02-25 05:00:00,74.4764
2012-02-25 06:00:00,74.4764
2012-02-25 07:00:00,89.92733
2012-02-25 08:00:00,82.87935
2012-02-25 09:00:00,57.881176
2012-02-25 10:00:00,72.94341
2012-02-25 11:00:00,84.855896
2012-02-25 12:00:00,88.20201
2012-02-25 13:00:00,96.132965
2012-02-25 14:00:00,91.58265
2012-02-25 15:00:00,109.86059
2012-02-25 16:00:00,91.77429
2012-02-25 17:00:00,110.0507
2012-02-25 18:00:00,88.65397
2012-02-25 19:00:00,92.18509
2012-02-25 20:00:00,85.81949
2012-02-25 21:00:00,93.38913
2012-02-25 22:00:00,88.2389
2012-02-25 23:00:00,84.20227
2012-02-26 00:00:00,85.05066
2012-02-26 01:00:00,82.09673
2012-02-26 02:00:00,82.09673
2012-02-26 03:00:00,83.059044
2012-02-26 04:00:00,83.059044
2012-02-26 05:00:00,76.33504
2012-02-26 06:00:00,78.10567
2012-02-26 07:00:00,67.759056
2012-02-26 08:00:00,62.86525
2012-02-26 09:00:00,70.76348
2012-02-26 10:00:00,86.57481
2012-02-26 11:00:00,97.9161
2012-02-26 12:00:00,100.18467
2012-02-26 13:00:00,105.167885
2012-02-26 14:00:00,126.03201
2012-02-26 15:00:00,136.71748
2012-02-26 16:00:00,145.79729
2012-02-26 17:00:00,147.28455
2012-02-26 18:00:00,127.75924
2012-02-26 19:00:00,129.26297
2012-02-26 20:00:00,106.26674
2012-02-26 21:00:00,90.1529
2012-02-26 22:00:00,100.22877
2012-02-26 23:00:00,61.109688
2012-02-27 00:00:00,86.13451
2012-02-27 01:00:00,81.2809
2012-02-27 02:00:00,83.25513
2012-02-27 03:00:00,78.94873
2012-02-27 04:00:00,73.42006
2012-02-27 05:00:00,73.42006
2012-02-27 06:00:00,79.17253
2012-02-27 07:00:00,80.878586
2012-02-27 08:00:00,85.59196
2012-02-27 09:00:00,82.24667
2012-02-27 10:00:00,111.990326
2012-02-27 11:00:00,131.35359
2012-02-27 12:00:00,164.97363
2012-02-27 13:00:00,156.53156
2012-02-27 14:00:00,203.19826
2012-02-27 15:00:00,252.85162
2012-02-27 16:00:00,262.4825
2012-02-27 17:00:00,266.64648
2012-02-27 18:00:00,248.56508
2012-02-27 19:00:00,233.4363
2012-02-27 20:00:00,215.22621
2012-02-27 21:00:00,203.19826
2012-02-27 22:00:00,179.77272
2012-02-27 23:00:00,147.6054
2012-02-28 00:00:00,138.73846
2012-02-28 01:00:00,113.4896
2012-02-28 02:00:00,128.303
2012-02-28 03:00:00,169.65678
2012-02-28 04:00:00,119.869385
2012-02-28 05:00:00,119.869385
2012-02-28 06:00:00,107.74462
2012-02-28 07:00:00,100.78339
2012-02-28 08:00:00,91.75503
2012-02-28 09:00:00,103.73461
2012-02-28 10:00:00,110.614334
2012-02-28 11:00:00,133.73769
2012-02-28 12:00:00,140.98119
2012-02-28 13:00:00,145.07481
2012-02-28 14:00:00,180.27795
2012-02-28 15:00:00,195.57487
2012-02-28 16:00:00,190.40071
2012-02-28 17:00:00,195.57487
2012-02-28 18:00:00,201.37085
2012-02-28 19:00:00,185.97981
2012-02-28 20:00:00,178.88127
2012-02-28 21:00:00,112.40143
2012-02-28 22:00:00,112.40143
2012-02-28 23:00:00,102.55382
2012-02-29 00:00:00,100.51818
2012-02-29 01:00:00,102.70068
2012-02-29 02:00:00,94.12544
2012-02-29 03:00:00,88.724174
2012-02-29 05:00:00,83.78038
2012-02-29 06:00:00,84.53861
2012-02-29 07:00:00,77.70385
2012-02-29 08:00:00,83.837105
2012-02-29 09:00:00,85.07306
2012-02-29 10:00:00,85.07306
2012-02-29 11:00:00,81.85257
2012-02-29 12:00:00,75.05922
2012-02-29 13:00:00,83.675766
2012-02-29 14:00:00,83.675766
2012-02-29 15:00:00,106.536125
2012-02-29 16:00:00,105.018654
2012-02-29 17:00:00,114.69615
2012-02-29 18:00:00,131.56006
2012-02-29 19:00:00,121.92015
2012-02-29 20:00:00,119.5335
2012-02-29 21:00:00,119.5335
2012-02-29 22:00:00,111.51945
2012-02-29 23:00:00,111.51945
2012-03-20 00:00:00,195.38351
2012-03-20 01:00:00,166.09883
2012-03-20 02:00:00,181.71777
2012-03-20 03:00:00,172.14304
2012-03-20 04:00:00,172.5445
2012-03-20 05:00:00,160.71834
2012-03-20 06:00:00,165.89644
2012-03-20 07:00:00,157.40074
2012-03-20 08:00:00,170.01428
2012-03-20 09:00:00,180.52798
2012-03-20 10:00:00,193.12578
2012-03-20 11:00:00,205.52019
2012-03-20 12:00:00,253.70317
2012-03-20 13:00:00,238.5116
2012-03-20 14:00:00,226.8133
2012-03-20 15:00:00,232.19942
2012-03-20 16:00:00,281.5641
2012-03-20 17:00:00,251.42334
2012-03-20 18:00:00,274.2986
2012-03-20 19:00:00,228.73964
2012-03-20 20:00:00,232.16222
2012-03-20 21:00:00,199.95915
2012-03-20 22:00:00,188.87462
2012-03-20 23:00:00,174.05727
2012-03-21 00:00:00,76.770134
2012-03-21 01:00:00,97.3081
2012-03-21 02:00:00,88.04574
2012-03-21 03:00:00,117.55211
2012-03-21 04:00:00,112.21157
2012-03-21 05:00:00,112.21157
2012-03-21 06:00:00,105.1512
2012-03-21 07:00:00,98.828125
2012-03-21 08:00:00,92.424904
2012-03-21 09:00:00,114.231544
2012-03-21 10:00:00,127.99408
2012-03-21 11:00:00,127.99408
2012-03-21 12:00:00,133.24911
2012-03-21 13:00:00,122.61439
2012-03-21 14:00:00,135.36662
2012-03-21 15:00:00,135.36662
2012-03-21 16:00:00,124.07231
2012-03-21 17:00:00,170.70064
2012-03-21 18:00:00,144.71973
2012-03-21 19:00:00,166.28647
2012-03-21 20:00:00,119.76717
2012-03-21 21:00:00,103.2221
2012-03-21 22:00:00,112.13567
2012-03-21 23:00:00,104.13658
2012-03-22 00:00:00,97.3081
2012-03-22 01:00:00,97.3081
2012-03-22 02:00:00,97.3081
2012-03-22 03:00:00,97.3081
2012-03-22 04:00:00,81.95312
2012-03-22 05:00:00,81.95312
2012-03-22 06:00:00,81.95312
2012-03-22 07:00:00,81.95312
2012-03-22 08:00:00,98.73497
2012-03-22 09:00:00,98.73497
2012-03-22 10:00:00,84.93302
2012-03-22 11:00:00,96.40078
2012-03-22 12:00:00,126.23119
2012-03-22 13:00:00,126.12976
2012-03-22 14:00:00,159.41713
2012-03-22 15:00:00,215.29762
2012-03-22 16:00:00,233.79593
2012-03-22 17:00:00,222.22339
2012-03-22 18:00:00,222.22339
2012-03-22 19:00:00,186.4559
2012-03-22 20:00:00,237.36082
2012-03-22 21:00:00,153.01892
2012-03-22 22:00:00,137.14084
2012-03-22 23:00:00,104.66722
2012-03-23 00:00:00,93.52813
2012-03-23 01:00:00,79.89941
2012-03-23 02:00:00,89.034874
2012-03-23 03:00:00,87.64055
2012-03-23 04:00:00,99.553024
2012-03-23 05:00:00,92.90428
2012-03-23 06:00:00,105.70704
2012-03-23 07:00:00,103.1543
2012-03-23 08:00:00,101.342834
2012-03-23 09:00:00,109.785034
2012-03-23 10:00:00,122.24878
2012-03-23 11:00:00,177.68884
2012-03-23 12:00:00,234.5299
2012-03-23 13:00:00,232.98816
2012-03-23 14:00:00,263.76114
2012-03-23 15:00:00,276.4762
2012-03-23 16:00:00,290.5479
2012-03-23 17:00:00,290.5479
2012-03-23 18:00:00,313.04953
2012-03-23 19:00:00,296.20065
2012-03-23 20:00:00,287.46805
2012-03-23 21:00:00,243.87003
2012-03-23 22:00:00,253.67467
2012-03-23 23:00:00,241.78114
2012-03-24 00:00:00,91.099754
2012-03-24 01:00:00,80.7704
2012-03-24 02:00:00,67.04788
2012-03-24 03:00:00,67.04788
2012-03-24 04:00:00,51.636444
2012-03-24 05:00:00,90.6098
2012-03-24 06:00:00,90.6098
2012-03-24 07:00:00,75.72212
2012-03-24 08:00:00,66.34073
2012-03-24 09:00:00,89.04898
2012-03-24 10:00:00,81.93568
2012-03-24 11:00:00,66.34073
2012-03-24 12:00:00,98.25926
2012-03-24 13:00:00,100.556114
2012-03-24 14:00:00,121.444565
2012-03-24 15:00:00,99.25812
2012-03-24 16:00:00,101.08865
2012-03-24 17:00:00,105.41332
2012-03-24 18:00:00,88.5492
2012-03-24 19:00:00,86.86028
2012-03-24 20:00:00,76.16945
2012-03-24 21:00:00,76.16945
2012-03-24 22:00:00,77.38086
2012-03-24 23:00:00,63.7166
2012-03-25 00:00:00,63.7166
2012-03-25 01:00:00,52.079872
2012-03-25 02:00:00,72.85245
2012-03-25 03:00:00,77.988686
2012-03-25 04:00:00,59.789154
2012-03-25 05:00:00,47.700607
2012-03-25 06:00:00,47.700607
2012-03-25 07:00:00,55.303455
2012-03-25 08:00:00,55.303455
2012-03-25 09:00:00,52.975048
2012-03-25 10:00:00,63.482285
2012-03-25 11:00:00,52.975048
2012-03-25 12:00:00,53.34317
2012-03-25 13:00:00,65.85396
2012-03-25 14:00:00,69.99939
2012-03-25 15:00:00,70.402
2012-03-25 16:00:00,51.890648
2012-03-25 17:00:00,69.30494
2012-03-25 18:00:00,69.30494
2012-03-25 19:00:00,105.72542
2012-03-25 20:00:00,77.15805
2012-03-25 21:00:00,66.04709
2012-03-25 22:00:00,49.05987
2012-03-25 23:00:00,51.00362
2012-03-26 00:00:00,112.72447
2012-03-26 01:00:00,113.81815
2012-03-26 02:00:00,90.33206
2012-03-26 03:00:00,92.31958
2012-03-26 04:00:00,81.74146
2012-03-26 05:00:00,87.6463
2012-03-26 06:00:00,78.46309
2012-03-26 07:00:00,99.50547
2012-03-26 08:00:00,131.21216
2012-03-26 09:00:00,187.74007
2012-03-26 10:00:00,248.70396
2012-03-26 11:00:00,249.02924
2012-03-26 12:00:00,243.07991
2012-03-26 13:00:00,242.10826
2012-03-26 14:00:00,240.12515
2012-03-26 15:00:00,251.4466
2012-03-26 16:00:00,256.14926
2012-03-26 17:00:00,256.6631
2012-03-26 18:00:00,240.11256
2012-03-26 19:00:00,235.29408
2012-03-26 20:00:00,221.1395
2012-03-26 21:00:00,213.16989
2012-03-26 22:00:00,194.43683
2012-03-26 23:00:00,190.88588
2012-03-27 00:00:00,180.14624
2012-03-27 01:00:00,166.8653
2012-03-27 02:00:00,131.78513
2012-03-27 03:00:00,132.35542
2012-03-27 04:00:00,121.05409
2012-03-27 05:00:00,101.102806
2012-03-27 06:00:00,99.950554
2012-03-27 07:00:00,99.950554
2012-03-27 08:00:00,101.0899
2012-03-27 09:00:00,105.23015
2012-03-27 10:00:00,119.50672
2012-03-27 11:00:00,139.15884
2012-03-27 12:00:00,146.94186
2012-03-27 13:00:00,148.3537
2012-03-27 14:00:00,211.42435
2012-03-27 15:00:00,212.03471
2012-03-27 16:00:00,212.03471
2012-03-27 17:00:00,240.70233
2012-03-27 18:00:00,244.61073
2012-03-27 19:00:00,224.74406
2012-03-27 20:00:00,244.61073
2012-03-27 21:00:00,144.56685
2012-03-27 22:00:00,135.3007
2012-03-27 23:00:00,152.3559
2012-03-28 00:00:00,153.30536
2012-03-28 01:00:00,139.92303
2012-03-28 02:00:00,125.1366
2012-03-28 03:00:00,141.47571
2012-03-28 04:00:00,147.08934
2012-03-28 05:00:00,147.08934
2012-03-28 06:00:00,143.06273
2012-03-28 07:00:00,142.27995
2012-03-28 08:00:00,153.5772
2012-03-28 09:00:00,175.63876
2012-03-28 10:00:00,210.22469
2012-03-28 11:00:00,226.67336
2012-03-28 12:00:00,170.8791
2012-03-28 13:00:00,257.55472
2012-03-28 14:00:00,286.85785
2012-03-28 15:00:00,239.73462
2012-03-28 16:00:00,283.94498
2012-03-28 17:00:00,259.05786
2012-03-28 18:00:00,259.05786
2012-03-28 19:00:00,261.36227
2012-03-28 20:00:00,259.60278
2012-03-28 21:00:00,239.31438
2012-03-28 22:00:00,190.37793
2012-03-28 23:00:00,162.16986
2012-03-29 00:00:00,176.316
2012-03-29 01:00:00,197.23235
2012-03-29 02:00:00,307.36984
2012-03-29 03:00:00,308.31302
2012-03-29 04:00:00,254.23181
2012-03-29 05:00:00,211.86014
2012-03-29 06:00:00,155.59132
2012-03-29 07:00:00,184.43542
2012-03-29 08:00:00,196.8678
2012-03-29 09:00:00,204.7447
2012-03-29 10:00:00,198.3472
2012-03-29 11:00:00,221.24907
2012-03-29 12:00:00,231.48456
2012-03-29 13:00:00,197.82968
2012-03-29 14:00:00,225.91505
2012-03-29 15:00:00,244.33067
2012-03-29 16:00:00,252.9571
2012-03-29 17:00:00,246.77432
2012-03-29 18:00:00,233.20052
2012-03-29 19:00:00,220.15027
2012-03-29 20:00:00,211.16342
2012-03-29 21:00:00,183.20236
2012-03-29 22:00:00,171.37404
2012-03-29 23:00:00,165.40504
2012-03-30 00:00:00,155.09187
2012-03-30 01:00:00,138.34653
2012-03-30 02:00:00,123.64737
2012-03-30 03:00:00,84.204384
2012-03-30 04:00:00,90.589966
2012-03-30 05:00:00,76.10932
2012-03-30 06:00:00,84.95551
2012-03-30 07:00:00,88.725044
2012-03-30 08:00:00,77.89671
2012-03-30 09:00:00,92.33903
2012-03-30 10:00:00,86.52745
2012-03-30 11:00:00,94.97132
2012-03-30 12:00:00,99.21651
2012-03-30 13:00:00,114.19131
2012-03-30 14:00:00,112.169655
2012-03-30 15:00:00,118.621826
2012-03-30 16:00:00,78.068275
2012-03-30 17:00:00,89.99498
2012-03-30 18:00:00,132.72038
2012-03-30 19:00:00,115.3378
2012-03-30 20:00:00,100.59697
2012-03-30 21:00:00,86.89028
2012-03-30 22:00:00,78.78729
2012-03-30 23:00:00,67.48316
2012-03-31 00:00:00,37.414932
2012-03-31 01:00:00,71.370964
2012-03-31 02:00:00,77.47516
2012-03-31 03:00:00,44.46947
2012-03-31 04:00:00,79.98091
2012-03-31 05:00:00,41.843235
2012-03-31 06:00:00,50.317654
2012-03-31 07:00:00,50.317654
2012-03-31 08:00:00,50.00982
2012-03-31 09:00:00,71.370964
2012-03-31 10:00:00,72.87434
2012-03-31 11:00:00,64.052925
2012-03-31 12:00:00,70.90565
2012-03-31 13:00:00,148.04718
2012-03-31 14:00:00,132.96132
2012-03-31 15:00:00,161.114
2012-03-31 16:00:00,135.67583
2012-03-31 17:00:00,131.21352
2012-03-31 18:00:00,87.12484
2012-03-31 19:00:00,91.99688
2012-03-31 20:00:00,79.43025
2012-03-31 21:00:00,79.43025
2012-03-31 22:00:00,73.360535
2012-03-31 23:00:00,62.494686
2012-04-20 00:00:00,118.56029
2012-04-20 01:00:00,92.31958
2012-04-20 02:00:00,78.37018
2012-04-20 03:00:00,74.828255
2012-04-20 04:00:00,63.116367
2012-04-20 05:00:00,52.891438
2012-04-20 06:00:00,62.76468
2012-04-20 07:00:00,52.891438
2012-04-20 08:00:00,54.766
2012-04-20 09:00:00,76.83975
2012-04-20 10:00:00,120.7186
2012-04-20 11:00:00,169.05441
2012-04-20 12:00:00,244.49568
2012-04-20 13:00:00,303.5067
2012-04-20 14:00:00,306.57596
2012-04-20 15:00:00,301.37317
2012-04-20 16:00:00,316.6047
2012-04-20 17:00:00,291.70425
2012-04-20 18:00:00,277.77698
2012-04-20 19:00:00,270.33362
2012-04-20 20:00:00,230.04976
2012-04-20 21:00:00,174.59024
2012-04-20 22:00:00,188.50497
2012-04-20 23:00:00,137.27785
2012-04-21 00:00:00,94.26955
2012-04-21 01:00:00,94.26955
2012-04-21 02:00:00,67.62091
2012-04-21 03:00:00,71.20865
2012-04-21 04:00:00,80.59012
2012-04-21 05:00:00,80.59012
2012-04-21 06:00:00,71.20865
2012-04-21 07:00:00,89.397545
2012-04-21 08:00:00,89.47688
2012-04-21 09:00:00,80.96161
2012-04-21 10:00:00,239.32039
2012-04-21 11:00:00,279.87177
2012-04-21 12:00:00,279.29663
2012-04-21 13:00:00,309.07315
2012-04-21 14:00:00,399.4094
2012-04-21 15:00:00,428.65018
2012-04-21 16:00:00,410.73453
2012-04-21 17:00:00,408.71136
2012-04-21 18:00:00,312.38824
2012-04-21 19:00:00,134.04782
2012-04-21 20:00:00,122.187485
2012-04-21 21:00:00,112.455
2012-04-21 22:00:00,81.24251
2012-04-21 23:00:00,86.07446
2012-04-22 00:00:00,83.65101
2012-04-22 01:00:00,87.6444
2012-04-22 02:00:00,89.62995
2012-04-22 03:00:00,77.57083
2012-04-22 04:00:00,83.02528
2012-04-22 05:00:00,83.269905
2012-04-22 06:00:00,90.533714
2012-04-22 07:00:00,87.68586
2012-04-22 08:00:00,82.63914
2012-04-22 09:00:00,82.63914
2012-04-22 10:00:00,77.5307
2012-04-22 11:00:00,74.04725
2012-04-22 12:00:00,74.116356
2012-04-22 13:00:00,75.89535
2012-04-22 14:00:00,74.116356
2012-04-22 15:00:00,70.56983
2012-04-22 16:00:00,68.05251
2012-04-22 17:00:00,55.120476
2012-04-22 18:00:00,55.120476
2012-04-22 19:00:00,58.25078
2012-04-22 20:00:00,56.883865
2012-04-22 21:00:00,62.869774
2012-04-22 22:00:00,53.830883
2012-04-22 23:00:00,63.506966
2012-04-23 00:00:00,62.410362
2012-04-23 01:00:00,59.70542
2012-04-23 02:00:00,63.66986
2012-04-23 03:00:00,67.62971
2012-04-23 04:00:00,62.511078
2012-04-23 05:00:00,62.511078
2012-04-23 06:00:00,65.48568
2012-04-23 07:00:00,66.0038
2012-04-23 08:00:00,68.65047
2012-04-23 09:00:00,67.808
2012-04-23 10:00:00,72.30215
2012-04-23 11:00:00,72.55398
2012-04-23 12:00:00,66.25519
2012-04-23 13:00:00,68.1735
2012-04-23 14:00:00,71.54974
2012-04-23 15:00:00,80.96322
2012-04-23 16:00:00,57.39008
2012-04-23 17:00:00,59.186348
2012-04-23 18:00:00,70.40774
2012-04-23 19:00:00,72.674904
2012-04-23 20:00:00,68.97459
2012-04-23 21:00:00,66.0164
2012-04-23 22:00:00,69.50452
2012-04-23 23:00:00,65.13854
2012-04-24 00:00:00,69.091545
2012-04-24 01:00:00,65.10101
2012-04-24 02:00:00,63.372894
2012-04-24 03:00:00,68.81087
2012-04-24 04:00:00,74.21385
2012-04-24 05:00:00,74.21385
2012-04-24 06:00:00,78.95023
2012-04-24 07:00:00,95.74493
2012-04-24 08:00:00,103.81136
2012-04-24 09:00:00,159.95758
2012-04-24 10:00:00,165.40504
2012-04-24 11:00:00,233.79897
2012-04-24 12:00:00,249.53816
2012-04-24 13:00:00,259.92578
2012-04-24 14:00:00,273.4034
2012-04-24 15:00:00,279.4867
2012-04-24 16:00:00,288.2288
2012-04-24 17:00:00,296.88577
2012-04-24 18:00:00,269.55295
2012-04-24 19:00:00,308.12372
2012-04-24 20:00:00,280.58316
2012-04-24 21:00:00,155.80423
2012-04-24 22:00:00,175.17786
2012-04-24 23:00:00,148.52798
2012-04-25 00:00:00,152.57292
2012-04-25 01:00:00,134.28473
2012-04-25 02:00:00,78.809494
2012-04-25 03:00:00,65.779335
2012-04-25 04:00:00,74.0897
2012-04-25 05:00:00,69.69891
2012-04-25 06:00:00,69.69891
2012-04-25 07:00:00,63.829224
2012-04-25 08:00:00,63.74301
2012-04-25 09:00:00,107.834175
2012-04-25 10:00:00,225.01578
2012-04-25 11:00:00,256.97733
2012-04-25 12:00:00,295.2165
2012-04-25 13:00:00,309.82593
2012-04-25 14:00:00,312.3891
2012-04-25 15:00:00,334.814
2012-04-25 16:00:00,318.97733
2012-04-25 17:00:00,323.67004
2012-04-25 18:00:00,326.33456
2012-04-25 19:00:00,336.6521
2012-04-25 20:00:00,305.16235
2012-04-25 21:00:00,180.48566
2012-04-25 22:00:00,156.18259
2012-04-25 23:00:00,134.4854
2012-04-26 00:00:00,133.11702
2012-04-26 01:00:00,126.38257
2012-04-26 02:00:00,121.01203
2012-04-26 03:00:00,122.40002
2012-04-26 04:00:00,121.78804
2012-04-26 05:00:00,117.025215
2012-04-26 06:00:00,115.42611
2012-04-26 07:00:00,77.85834
2012-04-26 08:00:00,96.0929
2012-04-26 09:00:00,97.370636
2012-04-26 10:00:00,96.58506
2012-04-26 11:00:00,95.13512
2012-04-26 12:00:00,124.99037
2012-04-26 13:00:00,123.357315
2012-04-26 14:00:00,151.62454
2012-04-26 15:00:00,129.58138
2012-04-26 16:00:00,136.48965
2012-04-26 17:00:00,140.92616
2012-04-26 18:00:00,151.62454
2012-04-26 19:00:00,153.20409
2012-04-26 20:00:00,153.35768
2012-04-26 21:00:00,135.41916
2012-04-26 22:00:00,112.13567
2012-04-26 23:00:00,93.53708
2012-04-27 00:00:00,194.81711
2012-04-27 01:00:00,191.83336
2012-04-27 02:00:00,181.3462
2012-04-27 03:00:00,188.72832
2012-04-27 04:00:00,168.95993
2012-04-27 05:00:00,177.76855
2012-04-27 06:00:00,161.47935
2012-04-27 07:00:00,138.34653
2012-04-27 08:00:00,106.81161
2012-04-27 09:00:00,184.10901
2012-04-27 10:00:00,207.18616
2012-04-27 11:00:00,200.89772
2012-04-27 12:00:00,218.99825
2012-04-27 13:00:00,227.92407
2012-04-27 14:00:00,226.70735
2012-04-27 15:00:00,274.0448
2012-04-27 16:00:00,279.46112
2012-04-27 17:00:00,302.15018
2012-04-27 18:00:00,287.1604
2012-04-27 19:00:00,266.02493
2012-04-27 20:00:00,231.25986
2012-04-27 21:00:00,214.10516
2012-04-27 22:00:00,185.7882
2012-04-27 23:00:00,169.51572
2012-04-28 00:00:00,114.33729
2012-04-28 01:00:00,99.9259
2012-04-28 02:00:00,100.06124
2012-04-28 03:00:00,84.25139
2012-04-28 04:00:00,77.0442
2012-04-28 05:00:00,80.69241
2012-04-28 06:00:00,81.44076
2012-04-28 07:00:00,77.0442
2012-04-28 08:00:00,118.80256
2012-04-28 09:00:00,123.69567
2012-04-28 10:00:00,108.50615
2012-04-28 11:00:00,107.18228
2012-04-28 12:00:00,110.18638
2012-04-28 13:00:00,133.6543
2012-04-28 14:00:00,144.51672
2012-04-28 15:00:00,158.58823
2012-04-28 16:00:00,145.2183
2012-04-28 17:00:00,120.70027
2012-04-28 18:00:00,138.50903
2012-04-28 19:00:00,82.27161
2012-04-28 20:00:00,81.723976
2012-04-28 21:00:00,78.69111
2012-04-28 22:00:00,63.952587
2012-04-28 23:00:00,69.169334
2012-04-29 00:00:00,74.20166
2012-04-29 01:00:00,56.058098
2012-04-29 02:00:00,53.084778
2012-04-29 03:00:00,50.009827
2012-04-29 04:00:00,50.91144
2012-04-29 05:00:00,33.174217
2012-04-29 06:00:00,30.555815
2012-04-29 07:00:00,47.259697
2012-04-29 08:00:00,39.672184
2012-04-29 09:00:00,47.27834
2012-04-29 10:00:00,55.314976
2012-04-29 11:00:00,104.67941
2012-04-29 12:00:00,159.967
2012-04-29 13:00:00,173.7229
2012-04-29 14:00:00,260.01633
2012-04-29 15:00:00,289.4393
2012-04-29 16:00:00,407.77927
2012-04-29 17:00:00,409.56802
2012-04-29 18:00:00,404.1098
2012-04-29 19:00:00,299.87402
2012-04-29 20:00:00,308.036
2012-04-29 21:00:00,183.68785
2012-04-29 22:00:00,161.63516
2012-04-29 23:00:00,94.924194
2012-04-30 00:00:00,91.96593
2012-04-30 01:00:00,78.73341
2012-04-30 02:00:00,88.12856
2012-04-30 03:00:00,78.41302
2012-04-30 04:00:00,114.16726
2012-04-30 05:00:00,114.16726
2012-04-30 06:00:00,142.63847
2012-04-30 07:00:00,134.28542
2012-04-30 08:00:00,154.94748
2012-04-30 09:00:00,105.284065
2012-04-30 10:00:00,113.82268
2012-04-30 11:00:00,112.40776
2012-04-30 12:00:00,109.04028
2012-04-30 13:00:00,124.20041
2012-04-30 14:00:00,129.18509
2012-04-30 15:00:00,143.66725
2012-04-30 16:00:00,209.52647
2012-04-30 17:00:00,202.22118
2012-04-30 18:00:00,174.60251
2012-04-30 19:00:00,152.82344
2012-04-30 20:00:00,142.44298
2012-04-30 21:00:00,142.44298
2012-04-30 22:00:00,142.61287
2012-04-30 23:00:00,142.9466
2012-05-20 00:00:00,207.38713
2012-05-20 01:00:00,164.10457
2012-05-20 02:00:00,164.10457
2012-05-20 03:00:00,153.94328
2012-05-20 04:00:00,87.31561
2012-05-20 05:00:00,71.73403
2012-05-20 06:00:00,108.16104
2012-05-20 07:00:00,118.536674
2012-05-20 08:00:00,195.42892
2012-05-20 09:00:00,410.96304
2012-05-20 10:00:00,416.57513
2012-05-20 11:00:00,404.766
2012-05-20 12:00:00,417.425
2012-05-20 13:00:00,433.45718
2012-05-20 14:00:00,418.1343
2012-05-20 15:00:00,363.56766
2012-05-20 16:00:00,415.0371
2012-05-20 17:00:00,402.20282
2012-05-20 18:00:00,368.25882
2012-05-20 19:00:00,309.4327
2012-05-20 20:00:00,309.43262
2012-05-20 21:00:00,252.86015
2012-05-20 22:00:00,209.03856
2012-05-20 23:00:00,184.34143
2012-05-21 00:00:00,124.51241
2012-05-21 01:00:00,124.7764
2012-05-21 02:00:00,110.649315
2012-05-21 03:00:00,158.47084
2012-05-21 04:00:00,119.50335
2012-05-21 05:00:00,119.50335
2012-05-21 06:00:00,119.50335
2012-05-21 07:00:00,119.50335
2012-05-21 08:00:00,120.69863
2012-05-21 09:00:00,116.76915
2012-05-21 10:00:00,125.06207
2012-05-21 11:00:00,155.3071
2012-05-21 12:00:00,176.05898
2012-05-21 13:00:00,141.96236
2012-05-21 14:00:00,129.54137
2012-05-21 15:00:00,202.41891
2012-05-21 16:00:00,215.68837
2012-05-21 17:00:00,223.26544
2012-05-21 18:00:00,161.79175
2012-05-21 19:00:00,175.25845
2012-05-21 20:00:00,193.57922
2012-05-21 21:00:00,171.8531
2012-05-21 22:00:00,187.38115
2012-05-21 23:00:00,237.36082
2012-05-22 00:00:00,175.02919
2012-05-22 01:00:00,141.12068
2012-05-22 02:00:00,136.87628
2012-05-22 03:00:00,136.87628
2012-05-22 04:00:00,126.63926
2012-05-22 05:00:00,113.861015
2012-05-22 06:00:00,111.78951
2012-05-22 07:00:00,111.78951
2012-05-22 08:00:00,123.88264
2012-05-22 09:00:00,143.6808
2012-05-22 10:00:00,157.41048
2012-05-22 11:00:00,145.2632
2012-05-22 12:00:00,167.48735
2012-05-22 13:00:00,174.14667
2012-05-22 14:00:00,184.83524
2012-05-22 15:00:00,219.3619
2012-05-22 16:00:00,220.59135
2012-05-22 17:00:00,223.04189
2012-05-22 18:00:00,231.5535
2012-05-22 19:00:00,232.06923
2012-05-22 20:00:00,229.0466
2012-05-22 21:00:00,153.66156
2012-05-22 22:00:00,155.13661
2012-05-22 23:00:00,160.71387
2012-05-23 00:00:00,153.66156
2012-05-23 01:00:00,141.0243
2012-05-23 02:00:00,155.3071
2012-05-23 03:00:00,140.78311
2012-05-23 04:00:00,124.9804
2012-05-23 05:00:00,120.69863
2012-05-23 06:00:00,94.05371
2012-05-23 07:00:00,96.72117
2012-05-23 08:00:00,96.72117
2012-05-23 09:00:00,151.86903
2012-05-23 10:00:00,137.31892
2012-05-23 11:00:00,131.18993
2012-05-23 12:00:00,190.84608
2012-05-23 13:00:00,195.72891
2012-05-23 14:00:00,213.05896
2012-05-23 15:00:00,208.77914
2012-05-23 16:00:00,239.13329
2012-05-23 17:00:00,180.87466
2012-05-23 18:00:00,180.87466
2012-05-23 19:00:00,163.35645
2012-05-23 20:00:00,148.78326
2012-05-23 21:00:00,139.58029
2012-05-23 22:00:00,163.35645
2012-05-23 23:00:00,129.96078
2012-05-24 00:00:00,115.08903
2012-05-24 01:00:00,98.63171
2012-05-24 02:00:00,89.8031
2012-05-24 03:00:00,129.99498
2012-05-24 04:00:00,138.42395
2012-05-24 05:00:00,138.42395
2012-05-24 06:00:00,138.42395
2012-05-24 07:00:00,119.37435
2012-05-24 08:00:00,173.53069
2012-05-24 09:00:00,188.5709
2012-05-24 10:00:00,208.2252
2012-05-24 11:00:00,209.49486
2012-05-24 12:00:00,237.7411
2012-05-24 13:00:00,278.14124
2012-05-24 14:00:00,296.64746
2012-05-24 15:00:00,301.2513
2012-05-24 16:00:00,305.19916
2012-05-24 17:00:00,303.47214
2012-05-24 18:00:00,303.6717
2012-05-24 19:00:00,276.93344
2012-05-24 20:00:00,222.13829
2012-05-24 21:00:00,153.84818
2012-05-24 22:00:00,173.01553
2012-05-24 23:00:00,176.95824
2012-05-25 00:00:00,137.77353
2012-05-25 01:00:00,122.64066
2012-05-25 02:00:00,139.58029
2012-05-25 03:00:00,135.64243
2012-05-25 04:00:00,130.57318
2012-05-25 05:00:00,133.81387
2012-05-25 06:00:00,135.64243
2012-05-25 07:00:00,146.11859
2012-05-25 08:00:00,140.01338
2012-05-25 09:00:00,144.53941
2012-05-25 10:00:00,169.41142
2012-05-25 11:00:00,154.25368
2012-05-25 12:00:00,206.7407
2012-05-25 13:00:00,238.47401
2012-05-25 14:00:00,254.9845
2012-05-25 15:00:00,264.87628
2012-05-25 16:00:00,317.29376
2012-05-25 17:00:00,284.62537
2012-05-25 18:00:00,264.87628
2012-05-25 19:00:00,278.2527
2012-05-25 20:00:00,228.28676
2012-05-25 21:00:00,217.51292
2012-05-25 22:00:00,158.77002
2012-05-25 23:00:00,202.64322
2012-05-26 00:00:00,90.78268
2012-05-26 01:00:00,81.88946
2012-05-26 02:00:00,65.53041
2012-05-26 03:00:00,58.553097
2012-05-26 04:00:00,62.929283
2012-05-26 05:00:00,118.096436
2012-05-26 06:00:00,76.40455
2012-05-26 07:00:00,101.15651
2012-05-26 08:00:00,102.9709
2012-05-26 09:00:00,100.86906
2012-05-26 10:00:00,157.44824
2012-05-26 11:00:00,191.22128
2012-05-26 12:00:00,260.926
2012-05-26 13:00:00,260.18866
2012-05-26 14:00:00,269.48767
2012-05-26 15:00:00,292.5482
2012-05-26 16:00:00,357.69406
2012-05-26 17:00:00,368.50937
2012-05-26 18:00:00,352.62088
2012-05-26 19:00:00,289.32315
2012-05-26 20:00:00,331.9579
2012-05-26 21:00:00,290.61072
2012-05-26 22:00:00,217.3649
2012-05-26 23:00:00,217.3649
2012-05-27 00:00:00,204.20894
2012-05-27 01:00:00,175.11206
2012-05-27 02:00:00,169.26181
2012-05-27 03:00:00,142.1071
2012-05-27 04:00:00,96.24187
2012-05-27 05:00:00,96.24187
2012-05-27 06:00:00,86.50738
2012-05-27 07:00:00,69.26023
2012-05-27 08:00:00,100.86906
2012-05-27 09:00:00,123.43963
2012-05-27 10:00:00,201.03532
2012-05-27 11:00:00,255.56322
2012-05-27 12:00:00,271.87308
2012-05-27 13:00:00,311.97443
2012-05-27 14:00:00,331.0935
2012-05-27 15:00:00,381.5454
2012-05-27 16:00:00,381.5454
2012-05-27 17:00:00,398.21268
2012-05-27 18:00:00,346.58047
2012-05-27 19:00:00,311.97443
2012-05-27 20:00:00,314.6132
2012-05-27 21:00:00,226.75479
2012-05-27 22:00:00,138.15405
2012-05-27 23:00:00,141.41426
2012-05-28 00:00:00,104.45809
2012-05-28 01:00:00,125.868515
2012-05-28 02:00:00,97.70836
2012-05-28 03:00:00,113.3009
2012-05-28 04:00:00,88.4324
2012-05-28 05:00:00,88.4324
2012-05-28 06:00:00,113.3009
2012-05-28 07:00:00,87.543106
2012-05-28 08:00:00,106.59621
2012-05-28 09:00:00,161.31537
2012-05-28 10:00:00,161.31537
2012-05-28 11:00:00,196.41063
2012-05-28 12:00:00,245.70047
2012-05-28 13:00:00,331.1069
2012-05-28 14:00:00,331.1069
2012-05-28 15:00:00,359.35114
2012-05-28 16:00:00,355.84637
2012-05-28 17:00:00,359.35114
2012-05-28 18:00:00,340.75375
2012-05-28 19:00:00,349.52252
2012-05-28 20:00:00,306.97928
2012-05-28 21:00:00,271.30124
2012-05-28 22:00:00,203.04536
2012-05-28 23:00:00,179.84248
2012-05-29 00:00:00,188.2844
2012-05-29 01:00:00,188.2844
2012-05-29 02:00:00,141.05339
2012-05-29 03:00:00,226.49814
2012-05-29 04:00:00,202.64322
2012-05-29 05:00:00,202.64322
2012-05-29 06:00:00,202.64322
2012-05-29 07:00:00,202.64322
2012-05-29 08:00:00,204.4529
2012-05-29 09:00:00,246.09639
2012-05-29 10:00:00,254.59131
2012-05-29 11:00:00,284.59143
2012-05-29 12:00:00,318.69193
2012-05-29 13:00:00,308.80484
2012-05-29 14:00:00,302.35165
2012-05-29 15:00:00,304.35867
2012-05-29 16:00:00,285.76666
2012-05-29 17:00:00,301.14853
2012-05-29 18:00:00,298.4581
2012-05-29 19:00:00,323.76486
2012-05-29 20:00:00,189.75734
2012-05-29 21:00:00,125.11464
2012-05-29 22:00:00,133.81387
2012-05-29 23:00:00,108.331024
2012-05-30 00:00:00,123.2564
2012-05-30 01:00:00,127.2262
2012-05-30 02:00:00,108.38628
2012-05-30 03:00:00,121.00651
2012-05-30 04:00:00,139.91898
2012-05-30 05:00:00,171.05827
2012-05-30 06:00:00,160.01387
2012-05-30 07:00:00,143.1534
2012-05-30 08:00:00,180.98497
2012-05-30 09:00:00,205.45541
2012-05-30 10:00:00,214.19423
2012-05-30 11:00:00,219.67397
2012-05-30 12:00:00,220.02007
2012-05-30 13:00:00,232.18622
2012-05-30 14:00:00,315.68777
2012-05-30 15:00:00,280.89633
2012-05-30 16:00:00,290.61438
2012-05-30 17:00:00,281.57483
2012-05-30 18:00:00,305.64798
2012-05-30 19:00:00,278.14124
2012-05-30 20:00:00,155.82922
2012-05-30 21:00:00,237.7732
2012-05-30 22:00:00,182.2217
2012-05-30 23:00:00,199.34279
2012-05-31 00:00:00,193.57922
2012-05-31 01:00:00,173.26834
2012-05-31 02:00:00,191.98471
2012-05-31 03:00:00,171.8531
2012-05-31 04:00:00,145.38795
2012-05-31 05:00:00,242.64777
2012-05-31 06:00:00,212.47527
2012-05-31 07:00:00,253.67467
2012-05-31 08:00:00,273.02304
2012-05-31 09:00:00,305.64615
2012-05-31 10:00:00,313.70493
2012-05-31 11:00:00,347.0104
2012-05-31 12:00:00,355.3194
2012-05-31 13:00:00,337.9324
2012-05-31 14:00:00,362.3428
2012-05-31 15:00:00,348.07455
2012-05-31 16:00:00,354.9264
2012-05-31 17:00:00,354.437
2012-05-31 18:00:00,365.4856
2012-05-31 19:00:00,357.7314
2012-05-31 20:00:00,314.74994
2012-05-31 21:00:00,314.74994
2012-05-31 22:00:00,285.78412
2012-05-31 23:00:00,289.2988
2012-06-20 00:00:00,188.2844
2012-06-20 01:00:00,185.5479
2012-06-20 02:00:00,152.04344
2012-06-20 03:00:00,137.92583
2012-06-20 04:00:00,122.44987
2012-06-20 05:00:00,122.44987
2012-06-20 06:00:00,138.42984
2012-06-20 07:00:00,138.75769
2012-06-20 08:00:00,175.42024
2012-06-20 09:00:00,185.24565
2012-06-20 10:00:00,269.95032
2012-06-20 11:00:00,297.92612
2012-06-20 12:00:00,279.86414
2012-06-20 13:00:00,260.90128
2012-06-20 14:00:00,299.1614
2012-06-20 15:00:00,253.61581
2012-06-20 16:00:00,279.48907
2012-06-20 17:00:00,248.63179
2012-06-20 18:00:00,248.63176
2012-06-20 19:00:00,300.83954
2012-06-20 20:00:00,309.20908
2012-06-20 21:00:00,259.22983
2012-06-20 22:00:00,262.47427
2012-06-20 23:00:00,254.55353
2012-06-21 00:00:00,168.83217
2012-06-21 01:00:00,140.0845
2012-06-21 02:00:00,130.94775
2012-06-21 03:00:00,127.939186
2012-06-21 04:00:00,95.98729
2012-06-21 05:00:00,99.65483
2012-06-21 06:00:00,163.36885
2012-06-21 07:00:00,163.36885
2012-06-21 08:00:00,144.65701
2012-06-21 09:00:00,288.2024
2012-06-21 10:00:00,251.38522
2012-06-21 11:00:00,265.41376
2012-06-21 12:00:00,274.76712
2012-06-21 13:00:00,270.80447
2012-06-21 14:00:00,274.21814
2012-06-21 15:00:00,284.65115
2012-06-21 16:00:00,277.42816
2012-06-21 17:00:00,262.3885
2012-06-21 18:00:00,270.3629
2012-06-21 19:00:00,263.38303
2012-06-21 20:00:00,269.39862
2012-06-21 21:00:00,277.81757
2012-06-21 22:00:00,254.81487
2012-06-21 23:00:00,213.37617
2012-06-22 00:00:00,230.65747
2012-06-22 01:00:00,194.48209
2012-06-22 02:00:00,112.69876
2012-06-22 03:00:00,112.69876
2012-06-22 04:00:00,230.9619
2012-06-22 05:00:00,232.75595
2012-06-22 06:00:00,223.04774
2012-06-22 07:00:00,249.828
2012-06-22 08:00:00,253.55739
2012-06-22 09:00:00,289.44592
2012-06-22 10:00:00,272.21356
2012-06-22 11:00:00,279.44193
2012-06-22 12:00:00,256.89737
2012-06-22 13:00:00,263.38303
2012-06-22 14:00:00,263.38303
2012-06-22 15:00:00,243.11415
2012-06-22 16:00:00,270.3545
2012-06-22 17:00:00,332.9255
2012-06-22 18:00:00,293.5453
2012-06-22 19:00:00,239.86386
2012-06-22 20:00:00,239.86386
2012-06-22 21:00:00,252.6987
2012-06-22 22:00:00,161.47987
2012-06-22 23:00:00,177.51468
2012-06-23 00:00:00,57.69551
2012-06-23 01:00:00,78.86398
2012-06-23 02:00:00,88.95632
2012-06-23 03:00:00,97.0252
2012-06-23 04:00:00,89.41987
2012-06-23 05:00:00,88.95632
2012-06-23 06:00:00,52.01896
2012-06-23 07:00:00,53.37462
2012-06-23 08:00:00,168.43417
2012-06-23 09:00:00,223.28453
2012-06-23 10:00:00,273.4934
2012-06-23 11:00:00,345.55862
2012-06-23 12:00:00,357.55658
2012-06-23 13:00:00,411.00668
2012-06-23 14:00:00,461.80383
2012-06-23 15:00:00,417.5261
2012-06-23 16:00:00,444.247
2012-06-23 17:00:00,460.18616
2012-06-23 18:00:00,452.41223
2012-06-23 19:00:00,466.9641
2012-06-23 20:00:00,454.2226
2012-06-23 21:00:00,421.77936
2012-06-23 22:00:00,385.71262
2012-06-23 23:00:00,316.29706
2012-06-24 00:00:00,265.26105
2012-06-24 01:00:00,265.40506
2012-06-24 02:00:00,283.1231
2012-06-24 03:00:00,192.10136
2012-06-24 04:00:00,204.33255
2012-06-24 05:00:00,113.51746
2012-06-24 06:00:00,155.16098
2012-06-24 07:00:00,114.92122
2012-06-24 08:00:00,218.50168
2012-06-24 09:00:00,270.88553
2012-06-24 10:00:00,341.29526
2012-06-24 11:00:00,371.37277
2012-06-24 12:00:00,444.98782
2012-06-24 13:00:00,442.5691
2012-06-24 14:00:00,421.59744
2012-06-24 15:00:00,428.15237
2012-06-24 16:00:00,429.69144
2012-06-24 17:00:00,422.2025
2012-06-24 18:00:00,422.5261
2012-06-24 19:00:00,414.45255
2012-06-24 20:00:00,374.4522
2012-06-24 21:00:00,293.7773
2012-06-24 22:00:00,256.50656
2012-06-24 23:00:00,237.1244
2012-06-25 00:00:00,271.96503
2012-06-25 01:00:00,236.01338
2012-06-25 02:00:00,207.04662
2012-06-25 03:00:00,220.2837
2012-06-25 04:00:00,160.6089
2012-06-25 05:00:00,141.91048
2012-06-25 06:00:00,115.710106
2012-06-25 07:00:00,169.2086
2012-06-25 08:00:00,181.27786
2012-06-25 09:00:00,219.72504
2012-06-25 10:00:00,268.9944
2012-06-25 11:00:00,268.92484
2012-06-25 12:00:00,295.984
2012-06-25 13:00:00,295.01257
2012-06-25 14:00:00,290.4017
2012-06-25 15:00:00,293.35123
2012-06-25 16:00:00,292.62604
2012-06-25 17:00:00,287.99075
2012-06-25 18:00:00,290.6848
2012-06-25 19:00:00,293.477
2012-06-25 20:00:00,293.37576
2012-06-25 21:00:00,314.91248
2012-06-25 22:00:00,295.43814
2012-06-25 23:00:00,308.82925
2012-06-26 00:00:00,306.85477
2012-06-26 01:00:00,284.11182
2012-06-26 02:00:00,308.25177
2012-06-26 03:00:00,288.98425
2012-06-26 04:00:00,288.60065
2012-06-26 05:00:00,260.38272
2012-06-26 06:00:00,241.76164
2012-06-26 07:00:00,244.74979
2012-06-26 08:00:00,285.9935
2012-06-26 09:00:00,290.66074
2012-06-26 10:00:00,292.9612
2012-06-26 11:00:00,283.38278
2012-06-26 12:00:00,283.2159
2012-06-26 13:00:00,291.37454
2012-06-26 14:00:00,291.37454
2012-06-26 15:00:00,292.32996
2012-06-26 16:00:00,297.55383
2012-06-26 17:00:00,296.22113
2012-06-26 18:00:00,302.942
2012-06-26 19:00:00,347.77164
2012-06-26 20:00:00,326.79858
2012-06-26 21:00:00,346.81967
2012-06-26 22:00:00,332.8984
2012-06-26 23:00:00,308.96405
2012-06-27 00:00:00,328.3604
2012-06-27 01:00:00,311.54837
2012-06-27 02:00:00,258.53012
2012-06-27 03:00:00,268.8515
2012-06-27 04:00:00,316.12262
2012-06-27 05:00:00,305.88144
2012-06-27 06:00:00,305.32614
2012-06-27 07:00:00,289.57626
2012-06-27 08:00:00,299.42722
2012-06-27 09:00:00,298.1932
2012-06-27 10:00:00,330.77957
2012-06-27 11:00:00,308.94348
2012-06-27 12:00:00,311.5061
2012-06-27 13:00:00,294.51953
2012-06-27 14:00:00,299.68607
2012-06-27 15:00:00,283.28198
2012-06-27 16:00:00,286.65225
2012-06-27 17:00:00,292.6972
2012-06-27 18:00:00,294.51953
2012-06-27 19:00:00,302.20065
2012-06-27 20:00:00,324.31967
2012-06-27 21:00:00,324.4616
2012-06-27 22:00:00,298.1292
2012-06-27 23:00:00,272.16943
2012-06-28 00:00:00,241.29361
2012-06-28 01:00:00,190.03746
2012-06-28 02:00:00,235.27832
2012-06-28 03:00:00,235.27832
2012-06-28 04:00:00,180.78065
2012-06-28 05:00:00,198.05162
2012-06-28 06:00:00,198.05162
2012-06-28 07:00:00,180.78065
2012-06-28 08:00:00,254.63887
2012-06-28 09:00:00,256.4279
2012-06-28 10:00:00,305.73666
2012-06-28 11:00:00,296.25058
2012-06-28 12:00:00,283.72858
2012-06-28 13:00:00,279.4964
2012-06-28 14:00:00,276.65567
2012-06-28 15:00:00,276.65567
2012-06-28 16:00:00,292.90613
2012-06-28 17:00:00,294.75507
2012-06-28 18:00:00,285.02106
2012-06-28 19:00:00,271.9151
2012-06-28 20:00:00,280.5931
2012-06-28 21:00:00,283.36578
2012-06-28 22:00:00,280.03006
2012-06-28 23:00:00,276.0895
2012-06-29 00:00:00,276.0895
2012-06-29 01:00:00,276.80167
2012-06-29 02:00:00,259.12784
2012-06-29 03:00:00,259.12784
2012-06-29 04:00:00,203.65137
2012-06-29 05:00:00,194.8384
2012-06-29 06:00:00,244.72784
2012-06-29 07:00:00,194.8384
2012-06-29 08:00:00,265.62695
2012-06-29 09:00:00,268.9944
2012-06-29 10:00:00,249.21443
2012-06-29 11:00:00,283.42456
2012-06-29 12:00:00,294.15088
2012-06-29 13:00:00,274.0076
2012-06-29 14:00:00,269.48483
2012-06-29 15:00:00,272.25858
2012-06-29 16:00:00,272.25858
2012-06-29 17:00:00,282.07312
2012-06-29 18:00:00,281.20636
2012-06-29 19:00:00,264.85916
2012-06-29 20:00:00,256.62393
2012-06-29 21:00:00,303.88687
2012-06-29 22:00:00,324.05548
2012-06-29 23:00:00,324.05548
2012-06-30 00:00:00,113.14011
2012-06-30 01:00:00,111.55718
2012-06-30 02:00:00,88.93396
2012-06-30 03:00:00,88.93396
2012-06-30 04:00:00,67.92995
2012-06-30 05:00:00,45.630573
2012-06-30 06:00:00,45.630573
2012-06-30 07:00:00,45.630573
2012-06-30 08:00:00,45.630573
2012-06-30 09:00:00,45.630573
2012-06-30 10:00:00,402.93997
2012-06-30 11:00:00,402.93997
2012-06-30 12:00:00,402.93997
2012-06-30 13:00:00,402.93997
2012-06-30 14:00:00,402.93997
2012-06-30 15:00:00,402.93997
2012-06-30 16:00:00,389.46613
2012-06-30 17:00:00,383.66287
2012-06-30 18:00:00,348.71893
2012-06-30 19:00:00,376.46136
2012-06-30 20:00:00,301.98627
2012-06-30 21:00:00,301.98627
2012-06-30 22:00:00,236.23337
2012-06-30 23:00:00,222.72272
2012-07-20 00:00:00,118.04763
2012-07-20 01:00:00,74.57848
2012-07-20 02:00:00,114.86229
2012-07-20 03:00:00,117.59683
2012-07-20 04:00:00,125.47419
2012-07-20 05:00:00,121.39484
2012-07-20 06:00:00,125.47419
2012-07-20 07:00:00,129.97406
2012-07-20 08:00:00,166.48906
2012-07-20 09:00:00,184.1386
2012-07-20 10:00:00,187.1604
2012-07-20 11:00:00,264.72656
2012-07-20 12:00:00,182.5505
2012-07-20 13:00:00,178.08548
2012-07-20 14:00:00,202.74683
2012-07-20 15:00:00,189.23846
2012-07-20 16:00:00,186.83527
2012-07-20 17:00:00,176.25446
2012-07-20 18:00:00,190.68878
2012-07-20 19:00:00,159.7597
2012-07-20 20:00:00,142.0662
2012-07-20 21:00:00,132.95169
2012-07-20 22:00:00,134.3374
2012-07-20 23:00:00,152.43419
2012-07-21 00:00:00,137.28755
2012-07-21 01:00:00,90.41806
2012-07-21 02:00:00,108.8874
2012-07-21 03:00:00,104.19034
2012-07-21 04:00:00,105.94947
2012-07-21 05:00:00,101.22743
2012-07-21 06:00:00,101.22743
2012-07-21 07:00:00,68.70564
2012-07-21 08:00:00,84.31458
2012-07-21 09:00:00,79.004845
2012-07-21 10:00:00,101.22743
2012-07-21 11:00:00,86.86041
2012-07-21 12:00:00,122.323494
2012-07-21 13:00:00,120.03679
2012-07-21 14:00:00,71.310104
2012-07-21 15:00:00,104.19034
2012-07-21 16:00:00,101.75191
2012-07-21 17:00:00,103.137215
2012-07-21 18:00:00,67.823875
2012-07-21 19:00:00,68.50793
2012-07-21 20:00:00,103.137215
2012-07-21 21:00:00,68.50792
2012-07-21 22:00:00,69.716095
2012-07-21 23:00:00,77.236946
2012-07-22 00:00:00,69.716095
2012-07-22 01:00:00,68.50792
2012-07-22 02:00:00,69.716095
2012-07-22 03:00:00,69.716095
2012-07-22 04:00:00,42.38954
2012-07-22 05:00:00,42.38954
2012-07-22 06:00:00,92.30772
2012-07-22 07:00:00,103.43006
2012-07-22 08:00:00,128.34636
2012-07-22 09:00:00,184.42702
2012-07-22 10:00:00,160.81189
2012-07-22 11:00:00,160.81189
2012-07-22 12:00:00,194.40817
2012-07-22 13:00:00,219.71594
2012-07-22 14:00:00,182.91577
2012-07-22 15:00:00,182.91577
2012-07-22 16:00:00,192.01503
2012-07-22 17:00:00,220.07788
2012-07-22 18:00:00,201.83484
2012-07-22 19:00:00,170.14053
2012-07-22 20:00:00,141.54112
2012-07-22 21:00:00,108.15398
2012-07-22 22:00:00,149.6642
2012-07-22 23:00:00,97.52361
2012-07-23 00:00:00,66.595184
2012-07-23 01:00:00,93.87588
2012-07-23 02:00:00,93.100365
2012-07-23 03:00:00,93.100365
2012-07-23 04:00:00,103.42468
2012-07-23 05:00:00,103.42468
2012-07-23 06:00:00,137.59447
2012-07-23 07:00:00,107.416084
2012-07-23 08:00:00,130.94775
2012-07-23 09:00:00,215.36734
2012-07-23 10:00:00,245.43391
2012-07-23 11:00:00,293.4105
2012-07-23 12:00:00,293.4105
2012-07-23 13:00:00,286.27087
2012-07-23 14:00:00,275.5605
2012-07-23 15:00:00,288.2024
2012-07-23 16:00:00,257.891
2012-07-23 17:00:00,257.891
2012-07-23 18:00:00,257.75662
2012-07-23 19:00:00,287.15475
2012-07-23 20:00:00,245.13545
2012-07-23 21:00:00,260.19315
2012-07-23 22:00:00,249.5449
2012-07-23 23:00:00,210.81844
2012-07-24 00:00:00,149.97275
2012-07-24 01:00:00,124.91872
2012-07-24 02:00:00,100.52799
2012-07-24 03:00:00,100.52799
2012-07-24 04:00:00,81.8948
2012-07-24 05:00:00,84.71674
2012-07-24 06:00:00,92.030235
2012-07-24 07:00:00,161.51863
2012-07-24 08:00:00,215.31445
2012-07-24 09:00:00,199.46722
2012-07-24 10:00:00,272.27798
2012-07-24 11:00:00,265.25665
2012-07-24 12:00:00,290.6121
2012-07-24 13:00:00,278.88324
2012-07-24 14:00:00,298.01172
2012-07-24 15:00:00,263.85034
2012-07-24 16:00:00,281.66385
2012-07-24 17:00:00,276.0031
2012-07-24 18:00:00,284.42398
2012-07-24 19:00:00,245.13545
2012-07-24 20:00:00,220.01141
2012-07-24 21:00:00,250.88219
2012-07-24 22:00:00,263.62653
2012-07-24 23:00:00,286.71204
2012-07-25 00:00:00,291.82556
2012-07-25 01:00:00,254.0912
2012-07-25 02:00:00,251.57486
2012-07-25 03:00:00,220.52351
2012-07-25 04:00:00,214.05144
2012-07-25 05:00:00,182.90752
2012-07-25 06:00:00,197.56975
2012-07-25 07:00:00,304.88647
2012-07-25 08:00:00,321.20355
2012-07-25 09:00:00,318.21988
2012-07-25 10:00:00,263.93057
2012-07-25 11:00:00,281.24603
2012-07-25 12:00:00,281.24603
2012-07-25 13:00:00,311.54065
2012-07-25 14:00:00,298.4504
2012-07-25 15:00:00,297.79294
2012-07-25 16:00:00,303.20193
2012-07-25 17:00:00,285.20816
2012-07-25 18:00:00,304.71234
2012-07-25 19:00:00,314.67706
2012-07-25 20:00:00,318.93967
2012-07-25 21:00:00,286.9246
2012-07-25 22:00:00,223.0282
2012-07-25 23:00:00,288.95947
2012-07-26 00:00:00,204.28864
2012-07-26 01:00:00,220.52351
2012-07-26 02:00:00,212.3735
2012-07-26 03:00:00,197.23062
2012-07-26 04:00:00,155.10541
2012-07-26 05:00:00,155.10541
2012-07-26 06:00:00,160.6089
2012-07-26 07:00:00,204.52693
2012-07-26 08:00:00,216.83995
2012-07-26 09:00:00,220.03258
2012-07-26 10:00:00,229.94826
2012-07-26 11:00:00,284.78363
2012-07-26 12:00:00,268.30377
2012-07-26 13:00:00,257.98337
2012-07-26 14:00:00,255.04698
2012-07-26 15:00:00,249.23322
2012-07-26 16:00:00,239.40903
2012-07-26 17:00:00,239.29903
2012-07-26 18:00:00,240.63713
2012-07-26 19:00:00,244.93839
2012-07-26 20:00:00,262.07385
2012-07-26 21:00:00,283.04416
2012-07-26 22:00:00,283.04416
2012-07-26 23:00:00,178.24747
2012-07-27 00:00:00,140.69705
2012-07-27 01:00:00,166.19641
2012-07-27 02:00:00,127.41186
2012-07-27 03:00:00,161.51862
2012-07-27 04:00:00,97.86897
2012-07-27 05:00:00,83.956345
2012-07-27 06:00:00,97.86897
2012-07-27 07:00:00,204.87473
2012-07-27 08:00:00,197.1442
2012-07-27 09:00:00,265.13647
2012-07-27 10:00:00,219.15088
2012-07-27 11:00:00,260.48853
2012-07-27 12:00:00,256.8308
2012-07-27 13:00:00,264.3556
2012-07-27 14:00:00,258.44852
2012-07-27 15:00:00,264.06143
2012-07-27 16:00:00,269.7126
2012-07-27 17:00:00,257.42694
2012-07-27 18:00:00,269.14362
2012-07-27 19:00:00,277.81757
2012-07-27 20:00:00,223.51544
2012-07-27 21:00:00,223.51544
2012-07-27 22:00:00,242.1686
2012-07-27 23:00:00,154.48018
2012-07-28 00:00:00,214.31424
2012-07-28 01:00:00,157.72772
2012-07-28 02:00:00,153.7999
2012-07-28 03:00:00,153.7999
2012-07-28 04:00:00,125.56947
2012-07-28 05:00:00,97.52361
2012-07-28 06:00:00,146.25844
2012-07-28 07:00:00,163.06165
2012-07-28 08:00:00,201.83484
2012-07-28 09:00:00,240.14928
2012-07-28 10:00:00,325.12692
2012-07-28 11:00:00,388.1715
2012-07-28 12:00:00,378.87396
2012-07-28 13:00:00,374.6516
2012-07-28 14:00:00,386.95248
2012-07-28 15:00:00,392.71387
2012-07-28 16:00:00,381.36682
2012-07-28 17:00:00,342.0908
2012-07-28 18:00:00,384.98013
2012-07-28 19:00:00,78.89309
2012-07-28 20:00:00,77.955215
2012-07-28 21:00:00,75.83686
2012-07-28 22:00:00,75.83686
2012-07-28 23:00:00,61.022858
2012-07-29 00:00:00,48.09378
2012-07-29 01:00:00,60.717754
2012-07-29 02:00:00,101.42877
2012-07-29 03:00:00,155.7992
2012-07-29 04:00:00,134.36208
2012-07-29 05:00:00,74.61232
2012-07-29 06:00:00,99.87587
2012-07-29 07:00:00,169.46632
2012-07-29 08:00:00,206.28845
2012-07-29 09:00:00,250.45561
2012-07-29 10:00:00,204.53064
2012-07-29 11:00:00,293.7773
2012-07-29 12:00:00,330.678
2012-07-29 13:00:00,336.05496
2012-07-29 14:00:00,338.4432
2012-07-29 15:00:00,335.64117
2012-07-29 16:00:00,335.64117
2012-07-29 17:00:00,355.90796
2012-07-29 18:00:00,404.8134
2012-07-29 19:00:00,266.579
2012-07-29 20:00:00,192.01503
2012-07-29 21:00:00,163.06165
2012-07-29 22:00:00,146.25844
2012-07-29 23:00:00,144.6489
2012-07-30 00:00:00,135.54886
2012-07-30 01:00:00,117.385925
2012-07-30 02:00:00,107.663055
2012-07-30 03:00:00,75.334076
2012-07-30 04:00:00,75.334076
2012-07-30 05:00:00,84.71674
2012-07-30 06:00:00,100.52799
2012-07-30 07:00:00,115.25209
2012-07-30 08:00:00,206.99055
2012-07-30 09:00:00,211.80605
2012-07-30 10:00:00,253.00896
2012-07-30 11:00:00,280.19522
2012-07-30 12:00:00,264.37463
2012-07-30 13:00:00,279.44193
2012-07-30 14:00:00,284.71753
2012-07-30 15:00:00,278.92957
2012-07-30 16:00:00,274.30618
2012-07-30 17:00:00,286.74783
2012-07-30 18:00:00,269.98413
2012-07-30 19:00:00,270.30646
2012-07-30 20:00:00,220.27672
2012-07-30 21:00:00,204.87473
2012-07-30 22:00:00,214.0792
2012-07-30 23:00:00,173.78693
2012-07-31 00:00:00,115.7904
2012-07-31 01:00:00,92.030235
2012-07-31 02:00:00,92.03024
2012-07-31 03:00:00,81.89481
2012-07-31 04:00:00,81.8948
2012-07-31 05:00:00,100.52799
2012-07-31 06:00:00,82.00091
2012-07-31 07:00:00,131.74084
2012-07-31 08:00:00,127.41186
2012-07-31 09:00:00,166.19641
2012-07-31 10:00:00,155.97786
2012-07-31 11:00:00,170.3214
2012-07-31 12:00:00,215.53087
2012-07-31 13:00:00,284.37558
2012-07-31 14:00:00,284.37558
2012-07-31 15:00:00,230.35367
2012-07-31 16:00:00,289.44592
2012-07-31 17:00:00,304.35196
2012-07-31 18:00:00,293.8554
2012-07-31 19:00:00,263.23074
2012-07-31 20:00:00,264.92523
2012-07-31 21:00:00,136.97632
2012-07-31 22:00:00,192.10547
2012-07-31 23:00:00,155.78098
2012-08-20 00:00:00,109.72054
2012-08-20 01:00:00,86.807724
2012-08-20 02:00:00,86.807724
2012-08-20 03:00:00,59.134922
2012-08-20 04:00:00,107.14179
2012-08-20 05:00:00,99.353065
2012-08-20 06:00:00,140.87988
2012-08-20 07:00:00,151.2717
2012-08-20 08:00:00,170.13902
2012-08-20 09:00:00,190.88393
2012-08-20 10:00:00,196.19586
2012-08-20 11:00:00,164.27054
2012-08-20 12:00:00,230.40782
2012-08-20 13:00:00,223.0282
2012-08-20 14:00:00,260.4219
2012-08-20 15:00:00,296.58136
2012-08-20 16:00:00,296.58136
2012-08-20 17:00:00,285.74252
2012-08-20 18:00:00,169.1436
2012-08-20 19:00:00,158.71078
2012-08-20 20:00:00,152.43419
2012-08-20 21:00:00,61.195637
2012-08-20 22:00:00,99.353065
2012-08-20 23:00:00,99.353065
2012-08-21 00:00:00,107.14179
2012-08-21 01:00:00,114.71794
2012-08-21 02:00:00,119.88525
2012-08-21 03:00:00,42.86371
2012-08-21 04:00:00,42.86371
2012-08-21 05:00:00,58.85559
2012-08-21 06:00:00,60.781403
2012-08-21 07:00:00,89.87307
2012-08-21 08:00:00,97.92729
2012-08-21 09:00:00,117.99075
2012-08-21 10:00:00,184.68623
2012-08-21 11:00:00,191.2842
2012-08-21 12:00:00,226.11995
2012-08-21 13:00:00,248.31866
2012-08-21 14:00:00,294.7088
2012-08-21 15:00:00,261.0357
2012-08-21 16:00:00,261.0357
2012-08-21 17:00:00,297.87933
2012-08-21 18:00:00,289.90802
2012-08-21 19:00:00,183.87015
2012-08-21 20:00:00,101.5308
2012-08-21 21:00:00,101.5308
2012-08-21 22:00:00,84.83884
2012-08-21 23:00:00,68.050125
2012-08-22 00:00:00,77.30274
2012-08-22 01:00:00,82.3116
2012-08-22 02:00:00,82.3116
2012-08-22 03:00:00,82.3116
2012-08-22 04:00:00,65.31436
2012-08-22 05:00:00,79.18509
2012-08-22 06:00:00,98.34128
2012-08-22 07:00:00,82.3116
2012-08-22 08:00:00,116.26361
2012-08-22 09:00:00,146.01526
2012-08-22 10:00:00,189.09909
2012-08-22 11:00:00,208.82544
2012-08-22 12:00:00,195.8208
2012-08-22 13:00:00,254.87137
2012-08-22 14:00:00,264.48456
2012-08-22 15:00:00,273.32126
2012-08-22 16:00:00,305.5519
2012-08-22 17:00:00,305.5519
2012-08-22 18:00:00,271.88693
2012-08-22 19:00:00,177.51468
2012-08-22 20:00:00,153.44382
2012-08-22 21:00:00,101.5308
2012-08-22 22:00:00,101.5308
2012-08-22 23:00:00,70.63336
2012-08-23 00:00:00,84.83884
2012-08-23 01:00:00,68.050125
2012-08-23 02:00:00,68.050125
2012-08-23 03:00:00,73.99825
2012-08-23 04:00:00,68.050125
2012-08-23 05:00:00,68.050125
2012-08-23 06:00:00,83.32855
2012-08-23 07:00:00,121.26278
2012-08-23 08:00:00,183.0759
2012-08-23 09:00:00,200.62569
2012-08-23 10:00:00,215.92232
2012-08-23 11:00:00,246.25185
2012-08-23 12:00:00,253.54971
2012-08-23 13:00:00,268.24347
2012-08-23 14:00:00,299.17856
2012-08-23 15:00:00,277.11313
2012-08-23 16:00:00,293.1043
2012-08-23 17:00:00,309.5988
2012-08-23 18:00:00,309.65106
2012-08-23 19:00:00,238.38988
2012-08-23 20:00:00,194.8384
2012-08-23 21:00:00,208.98793
2012-08-23 22:00:00,233.17157
2012-08-23 23:00:00,195.28598
2012-08-24 00:00:00,195.28598
2012-08-24 01:00:00,176.25766
2012-08-24 02:00:00,123.02465
2012-08-24 03:00:00,101.5308
2012-08-24 04:00:00,176.25766
2012-08-24 05:00:00,84.83884
2012-08-24 06:00:00,110.97772
2012-08-24 07:00:00,148.55898
2012-08-24 08:00:00,177.51468
2012-08-24 09:00:00,241.32028
2012-08-24 10:00:00,281.41748
2012-08-24 11:00:00,289.733
2012-08-24 12:00:00,298.39673
2012-08-24 13:00:00,309.3494
2012-08-24 14:00:00,269.0446
2012-08-24 15:00:00,291.2311
2012-08-24 16:00:00,291.2311
2012-08-24 17:00:00,276.78464
2012-08-24 18:00:00,254.6679
2012-08-24 19:00:00,259.14212
2012-08-24 20:00:00,242.2615
2012-08-24 21:00:00,244.72784
2012-08-24 22:00:00,227.9752
2012-08-24 23:00:00,205.25458
2012-08-25 00:00:00,249.69106
2012-08-25 01:00:00,197.48482
2012-08-25 02:00:00,150.48636
2012-08-25 03:00:00,124.313354
2012-08-25 04:00:00,171.52971
2012-08-25 05:00:00,138.3448
2012-08-25 06:00:00,111.212814
2012-08-25 07:00:00,110.654755
2012-08-25 08:00:00,153.72215
2012-08-25 09:00:00,211.25285
2012-08-25 10:00:00,255.72865
2012-08-25 11:00:00,294.1198
2012-08-25 12:00:00,339.54907
2012-08-25 13:00:00,365.54044
2012-08-25 14:00:00,254.58818
2012-08-25 15:00:00,165.04292
2012-08-25 16:00:00,167.2281
2012-08-25 17:00:00,169.66298
2012-08-25 18:00:00,224.91777
2012-08-25 19:00:00,127.628136
2012-08-25 20:00:00,132.61403
2012-08-25 21:00:00,115.45948
2012-08-25 22:00:00,115.45948
2012-08-25 23:00:00,90.41806
2012-08-26 00:00:00,59.18642
2012-08-26 01:00:00,48.844368
2012-08-26 02:00:00,75.0616
2012-08-26 03:00:00,76.16934
2012-08-26 04:00:00,74.63949
2012-08-26 05:00:00,48.844368
2012-08-26 06:00:00,70.39316
2012-08-26 07:00:00,48.844368
2012-08-26 08:00:00,132.68741
2012-08-26 09:00:00,121.40154
2012-08-26 10:00:00,275.6143
2012-08-26 11:00:00,269.7941
2012-08-26 12:00:00,246.79398
2012-08-26 13:00:00,178.56775
2012-08-26 14:00:00,44.7359
2012-08-26 15:00:00,115.37883
2012-08-26 16:00:00,115.37883
2012-08-26 17:00:00,52.81462
2012-08-26 18:00:00,79.57885
2012-08-26 19:00:00,75.96721
2012-08-26 20:00:00,45.630573
2012-08-26 21:00:00,51.68902
2012-08-26 22:00:00,43.057938
2012-08-26 23:00:00,49.705677
2012-08-27 00:00:00,68.050125
2012-08-27 01:00:00,61.6052
2012-08-27 02:00:00,69.62892
2012-08-27 03:00:00,61.6052
2012-08-27 04:00:00,68.050125
2012-08-27 05:00:00,54.013023
2012-08-27 06:00:00,54.013023
2012-08-27 07:00:00,75.334076
2012-08-27 08:00:00,81.8948
2012-08-27 09:00:00,84.71674
2012-08-27 10:00:00,163.63805
2012-08-27 11:00:00,235.48497
2012-08-27 12:00:00,163.5899
2012-08-27 13:00:00,264.19403
2012-08-27 14:00:00,239.46313
2012-08-27 15:00:00,281.66385
2012-08-27 16:00:00,289.81723
2012-08-27 17:00:00,283.31366
2012-08-27 18:00:00,299.27112
2012-08-27 19:00:00,229.94826
2012-08-27 20:00:00,215.31445
2012-08-27 21:00:00,188.07616
2012-08-27 22:00:00,126.38937
2012-08-27 23:00:00,115.93593
2012-08-28 00:00:00,152.8714
2012-08-28 01:00:00,99.061005
2012-08-28 02:00:00,147.23366
2012-08-28 03:00:00,74.57848
2012-08-28 04:00:00,92.030235
2012-08-28 05:00:00,148.9815
2012-08-28 06:00:00,117.59683
2012-08-28 07:00:00,150.31508
2012-08-28 08:00:00,148.44553
2012-08-28 09:00:00,187.1604
2012-08-28 10:00:00,276.29752
2012-08-28 11:00:00,298.03674
2012-08-28 12:00:00,274.30618
2012-08-28 13:00:00,265.8147
2012-08-28 14:00:00,261.7443
2012-08-28 15:00:00,270.33838
2012-08-28 16:00:00,278.2205
2012-08-28 17:00:00,288.2735
2012-08-28 18:00:00,286.90094
2012-08-28 19:00:00,304.96463
2012-08-28 20:00:00,258.6452
2012-08-28 21:00:00,251.24422
2012-08-28 22:00:00,191.2842
2012-08-28 23:00:00,179.91942
2012-08-29 00:00:00,123.02465
2012-08-29 01:00:00,149.05238
2012-08-29 02:00:00,125.555145
2012-08-29 03:00:00,116.41078
2012-08-29 04:00:00,157.8812
2012-08-29 05:00:00,144.52988
2012-08-29 06:00:00,144.52988
2012-08-29 07:00:00,155.37704
2012-08-29 08:00:00,212.9038
2012-08-29 09:00:00,285.8332
2012-08-29 10:00:00,288.70828
2012-08-29 11:00:00,226.11995
2012-08-29 12:00:00,244.78418
2012-08-29 13:00:00,236.97447
2012-08-29 14:00:00,277.6679
2012-08-29 15:00:00,311.63028
2012-08-29 16:00:00,305.43057
2012-08-29 17:00:00,299.41272
2012-08-29 18:00:00,312.96432
2012-08-29 19:00:00,271.94678
2012-08-29 20:00:00,179.91942
2012-08-29 21:00:00,220.99973
2012-08-29 22:00:00,190.03746
2012-08-29 23:00:00,177.3571
2012-08-30 00:00:00,117.99075
2012-08-30 01:00:00,137.73332
2012-08-30 02:00:00,98.34128
2012-08-30 03:00:00,98.34128
2012-08-30 04:00:00,98.34128
2012-08-30 05:00:00,98.34128
2012-08-30 06:00:00,86.807724
2012-08-30 07:00:00,101.5308
2012-08-30 08:00:00,141.40211
2012-08-30 09:00:00,179.53906
2012-08-30 10:00:00,186.46509
2012-08-30 11:00:00,277.6679
2012-08-30 12:00:00,283.3549
2012-08-30 13:00:00,254.87137
2012-08-30 14:00:00,273.32126
2012-08-30 15:00:00,281.0223
2012-08-30 16:00:00,278.2925
2012-08-30 17:00:00,275.43405
2012-08-30 18:00:00,278.7778
2012-08-30 19:00:00,273.32126
2012-08-30 20:00:00,249.828
2012-08-30 21:00:00,196.10857
2012-08-30 22:00:00,131.54372
2012-08-30 23:00:00,140.17062
2012-08-31 00:00:00,108.81401
2012-08-31 01:00:00,108.81401
2012-08-31 02:00:00,74.57849
2012-08-31 03:00:00,68.444145
2012-08-31 04:00:00,72.94844
2012-08-31 05:00:00,82.00091
2012-08-31 06:00:00,113.430244
2012-08-31 07:00:00,99.67099
2012-08-31 08:00:00,188.97096
2012-08-31 09:00:00,144.65701
2012-08-31 10:00:00,207.74992
2012-08-31 11:00:00,265.0022
2012-08-31 12:00:00,272.94623
2012-08-31 13:00:00,258.0785
2012-08-31 14:00:00,278.213
2012-08-31 15:00:00,254.4198
2012-08-31 16:00:00,266.56757
2012-08-31 17:00:00,283.39886
2012-08-31 18:00:00,263.7842
2012-08-31 19:00:00,267.567
2012-08-31 20:00:00,267.567
2012-08-31 21:00:00,275.05725
2012-08-31 22:00:00,275.05725
2012-08-31 23:00:00,206.37555
2012-09-20 00:00:00,129.8631
2012-09-20 01:00:00,84.59347
2012-09-20 02:00:00,84.3941
2012-09-20 03:00:00,62.538494
2012-09-20 04:00:00,67.890945
2012-09-20 05:00:00,67.890945
2012-09-20 06:00:00,62.538494
2012-09-20 07:00:00,54.945156
2012-09-20 08:00:00,107.36795
2012-09-20 09:00:00,178.95146
2012-09-20 10:00:00,231.43419
2012-09-20 11:00:00,244.56316
2012-09-20 12:00:00,296.02536
2012-09-20 13:00:00,289.5581
2012-09-20 14:00:00,302.98846
2012-09-20 15:00:00,302.48224
2012-09-20 16:00:00,286.7474
2012-09-20 17:00:00,295.00632
2012-09-20 18:00:00,269.51035
2012-09-20 19:00:00,236.8106
2012-09-20 20:00:00,159.33556
2012-09-20 21:00:00,183.09651
2012-09-20 22:00:00,87.68513
2012-09-20 23:00:00,117.046524
2012-09-21 00:00:00,106.564476
2012-09-21 01:00:00,83.64875
2012-09-21 02:00:00,83.64875
2012-09-21 03:00:00,68.07072
2012-09-21 04:00:00,62.526108
2012-09-21 05:00:00,49.27292
2012-09-21 06:00:00,68.07072
2012-09-21 07:00:00,64.1983
2012-09-21 08:00:00,93.17629
2012-09-21 09:00:00,138.58148
2012-09-21 10:00:00,235.90144
2012-09-21 11:00:00,266.31912
2012-09-21 12:00:00,238.59486
2012-09-21 13:00:00,256.4279
2012-09-21 14:00:00,295.55902
2012-09-21 15:00:00,285.60458
2012-09-21 16:00:00,271.94678
2012-09-21 17:00:00,284.90298
2012-09-21 18:00:00,254.04526
2012-09-21 19:00:00,226.15932
2012-09-21 20:00:00,171.09007
2012-09-21 21:00:00,172.27794
2012-09-21 22:00:00,144.52988
2012-09-21 23:00:00,196.43295
2012-09-22 00:00:00,128.73553
2012-09-22 01:00:00,76.364365
2012-09-22 02:00:00,45.55392
2012-09-22 03:00:00,67.97687
2012-09-22 04:00:00,67.97687
2012-09-22 05:00:00,83.25151
2012-09-22 06:00:00,72.51028
2012-09-22 07:00:00,80.70556
2012-09-22 08:00:00,136.2993
2012-09-22 09:00:00,158.4335
2012-09-22 10:00:00,234.21315
2012-09-22 11:00:00,288.49777
2012-09-22 12:00:00,324.70407
2012-09-22 13:00:00,357.65234
2012-09-22 14:00:00,368.14688
2012-09-22 15:00:00,380.74722
2012-09-22 16:00:00,352.0913
2012-09-22 17:00:00,352.0913
2012-09-22 18:00:00,322.2647
2012-09-22 19:00:00,244.8365
2012-09-22 20:00:00,304.9292
2012-09-22 21:00:00,261.69223
2012-09-22 22:00:00,232.6944
2012-09-22 23:00:00,296.99014
2012-09-23 00:00:00,466.52383
2012-09-23 01:00:00,302.903
2012-09-23 02:00:00,354.72034
2012-09-23 03:00:00,266.63562
2012-09-23 04:00:00,261.5971
2012-09-23 05:00:00,237.80748
2012-09-23 06:00:00,200.58969
2012-09-23 07:00:00,237.79768
2012-09-23 08:00:00,239.7855
2012-09-23 09:00:00,284.8716
2012-09-23 10:00:00,383.10263
2012-09-23 11:00:00,397.0345
2012-09-23 12:00:00,409.10406
2012-09-23 13:00:00,460.62253
2012-09-23 14:00:00,463.8569
2012-09-23 15:00:00,490.1358
2012-09-23 16:00:00,444.95108
2012-09-23 17:00:00,402.77097
2012-09-23 18:00:00,419.91263
2012-09-23 19:00:00,391.62567
2012-09-23 20:00:00,391.62567
2012-09-23 21:00:00,364.86728
2012-09-23 22:00:00,345.73596
2012-09-23 23:00:00,294.0625
2012-09-24 00:00:00,226.04478
2012-09-24 01:00:00,227.7834
2012-09-24 02:00:00,255.14032
2012-09-24 03:00:00,235.7121
2012-09-24 04:00:00,215.84494
2012-09-24 05:00:00,254.25394
2012-09-24 06:00:00,272.74973
2012-09-24 07:00:00,227.7834
2012-09-24 08:00:00,260.06644
2012-09-24 09:00:00,276.14038
2012-09-24 10:00:00,282.1878
2012-09-24 11:00:00,321.0383
2012-09-24 12:00:00,306.28094
2012-09-24 13:00:00,317.66418
2012-09-24 14:00:00,374.32968
2012-09-24 15:00:00,361.15796
2012-09-24 16:00:00,323.4398
2012-09-24 17:00:00,376.05893
2012-09-24 18:00:00,324.83502
2012-09-24 19:00:00,309.4879
2012-09-24 20:00:00,299.9509
2012-09-24 21:00:00,280.3478
2012-09-24 22:00:00,253.0324
2012-09-24 23:00:00,244.31215
2012-09-25 00:00:00,221.91737
2012-09-25 01:00:00,191.54869
2012-09-25 02:00:00,158.21875
2012-09-25 03:00:00,185.68236
2012-09-25 04:00:00,177.92015
2012-09-25 05:00:00,160.70757
2012-09-25 06:00:00,173.90823
2012-09-25 07:00:00,171.36717
2012-09-25 08:00:00,232.08414
2012-09-25 09:00:00,265.6089
2012-09-25 10:00:00,267.49023
2012-09-25 11:00:00,294.4012
2012-09-25 12:00:00,305.80676
2012-09-25 13:00:00,306.43777
2012-09-25 14:00:00,318.07635
2012-09-25 15:00:00,322.89716
2012-09-25 16:00:00,320.9987
2012-09-25 17:00:00,322.64993
2012-09-25 18:00:00,323.1422
2012-09-25 19:00:00,299.51678
2012-09-25 20:00:00,276.93256
2012-09-25 21:00:00,276.93256
2012-09-25 22:00:00,279.94263
2012-09-25 23:00:00,272.9018
2012-09-26 00:00:00,269.06995
2012-09-26 01:00:00,264.22067
2012-09-26 02:00:00,279.59048
2012-09-26 03:00:00,279.59048
2012-09-26 04:00:00,245.49991
2012-09-26 05:00:00,249.00491
2012-09-26 06:00:00,238.95193
2012-09-26 07:00:00,210.88618
2012-09-26 08:00:00,233.27934
2012-09-26 09:00:00,279.00058
2012-09-26 10:00:00,250.91696
2012-09-26 11:00:00,281.39438
2012-09-26 12:00:00,288.9303
2012-09-26 13:00:00,293.3195
2012-09-26 14:00:00,300.1094
2012-09-26 15:00:00,299.97855
2012-09-26 16:00:00,308.50357
2012-09-26 17:00:00,299.97855
2012-09-26 18:00:00,311.28625
2012-09-26 19:00:00,299.18494
2012-09-26 20:00:00,268.4695
2012-09-26 21:00:00,277.26834
2012-09-26 22:00:00,308.48642
2012-09-26 23:00:00,251.83377
2012-09-27 00:00:00,224.30046
2012-09-27 01:00:00,224.30046
2012-09-27 02:00:00,224.30046
2012-09-27 03:00:00,213.89021
2012-09-27 04:00:00,125.207436
2012-09-27 05:00:00,173.78185
2012-09-27 06:00:00,149.4406
2012-09-27 07:00:00,213.89021
2012-09-27 08:00:00,257.1157
2012-09-27 09:00:00,269.55713
2012-09-27 10:00:00,313.56326
2012-09-27 11:00:00,341.24677
2012-09-27 12:00:00,348.3571
2012-09-27 13:00:00,357.18417
2012-09-27 14:00:00,355.99823
2012-09-27 15:00:00,362.9475
2012-09-27 16:00:00,291.57013
2012-09-27 17:00:00,284.35614
2012-09-27 18:00:00,299.71075
2012-09-27 19:00:00,275.09644
2012-09-27 20:00:00,300.16806
2012-09-27 21:00:00,226.81166
2012-09-27 22:00:00,226.81166
2012-09-27 23:00:00,224.89497
2012-09-28 00:00:00,179.1165
2012-09-28 01:00:00,165.76857
2012-09-28 02:00:00,185.26959
2012-09-28 03:00:00,219.8958
2012-09-28 04:00:00,149.61734
2012-09-28 05:00:00,136.971
2012-09-28 06:00:00,128.52425
2012-09-28 07:00:00,109.209595
2012-09-28 08:00:00,193.76477
2012-09-28 09:00:00,226.60306
2012-09-28 10:00:00,259.7834
2012-09-28 11:00:00,285.85962
2012-09-28 12:00:00,317.25452
2012-09-28 13:00:00,321.21652
2012-09-28 14:00:00,317.25452
2012-09-28 15:00:00,306.42905
2012-09-28 16:00:00,329.55273
2012-09-28 17:00:00,301.0104
2012-09-28 18:00:00,328.31546
2012-09-28 19:00:00,368.78687
2012-09-28 20:00:00,374.44034
2012-09-28 21:00:00,369.66785
2012-09-28 22:00:00,310.52103
2012-09-28 23:00:00,315.48956
2012-09-29 00:00:00,296.84827
2012-09-29 01:00:00,296.84827
2012-09-29 02:00:00,336.78598
2012-09-29 03:00:00,307.59644
2012-09-29 04:00:00,300.13843
2012-09-29 05:00:00,244.08093
2012-09-29 06:00:00,256.9241
2012-09-29 07:00:00,214.17302
2012-09-29 08:00:00,227.13689
2012-09-29 09:00:00,244.08093
2012-09-29 10:00:00,330.74374
2012-09-29 11:00:00,358.72174
2012-09-29 12:00:00,443.63623
2012-09-29 13:00:00,443.63623
2012-09-29 14:00:00,452.36038
2012-09-29 15:00:00,438.96515
2012-09-29 16:00:00,453.12872
2012-09-29 17:00:00,420.37097
2012-09-29 18:00:00,402.9052
2012-09-29 19:00:00,315.68097
2012-09-29 20:00:00,321.21133
2012-09-29 21:00:00,310.19238
2012-09-29 22:00:00,230.10382
2012-09-29 23:00:00,259.25323
2012-09-30 00:00:00,257.0211
2012-09-30 01:00:00,257.0211
2012-09-30 02:00:00,221.52313
2012-09-30 03:00:00,186.9983
2012-09-30 04:00:00,186.9983
2012-09-30 05:00:00,154.67798
2012-09-30 06:00:00,152.23177
2012-09-30 07:00:00,128.95131
2012-09-30 08:00:00,194.92723
2012-09-30 09:00:00,239.12703
2012-09-30 10:00:00,405.48138
2012-09-30 11:00:00,441.07718
2012-09-30 12:00:00,443.63623
2012-09-30 13:00:00,453.12872
2012-09-30 14:00:00,453.12872
2012-09-30 15:00:00,480.12634
2012-09-30 16:00:00,485.7883
2012-09-30 17:00:00,472.68823
2012-09-30 18:00:00,223.7372
2012-09-30 19:00:00,252.20857
2012-09-30 20:00:00,252.20857
2012-09-30 21:00:00,195.31038
2012-09-30 22:00:00,166.27277
2012-09-30 23:00:00,164.73793
2012-10-20 00:00:00,112.685555
2012-10-20 01:00:00,157.83162
2012-10-20 02:00:00,129.11057
2012-10-20 03:00:00,122.23779
2012-10-20 04:00:00,154.67798
2012-10-20 05:00:00,98.13084
2012-10-20 06:00:00,154.27544
2012-10-20 07:00:00,98.13084
2012-10-20 08:00:00,186.95943
2012-10-20 09:00:00,266.60406
2012-10-20 10:00:00,336.18018
2012-10-20 11:00:00,357.30124
2012-10-20 12:00:00,392.60046
2012-10-20 13:00:00,415.97726
2012-10-20 14:00:00,414.66516
2012-10-20 15:00:00,395.21097
2012-10-20 16:00:00,376.3342
2012-10-20 17:00:00,415.88425
2012-10-20 18:00:00,393.578
2012-10-20 19:00:00,367.50034
2012-10-20 20:00:00,377.9357
2012-10-20 21:00:00,311.95453
2012-10-20 22:00:00,276.56363
2012-10-20 23:00:00,237.99803
2012-10-21 00:00:00,250.95486
2012-10-21 01:00:00,203.05496
2012-10-21 02:00:00,165.30841
2012-10-21 03:00:00,149.24782
2012-10-21 04:00:00,99.79748
2012-10-21 05:00:00,149.24782
2012-10-21 06:00:00,203.03215
2012-10-21 07:00:00,203.03215
2012-10-21 08:00:00,176.12831
2012-10-21 09:00:00,264.8212
2012-10-21 10:00:00,311.77094
2012-10-21 11:00:00,331.30374
2012-10-21 12:00:00,362.4662
2012-10-21 13:00:00,419.16513
2012-10-21 14:00:00,442.20575
2012-10-21 15:00:00,388.44495
2012-10-21 16:00:00,415.88425
2012-10-21 17:00:00,382.47208
2012-10-21 18:00:00,397.60645
2012-10-21 19:00:00,375.9833
2012-10-21 20:00:00,347.6785
2012-10-21 21:00:00,230.79095
2012-10-21 22:00:00,262.3392
2012-10-21 23:00:00,273.48608
2012-10-22 00:00:00,223.19525
2012-10-22 01:00:00,175.67892
2012-10-22 02:00:00,157.31137
2012-10-22 03:00:00,223.19525
2012-10-22 04:00:00,183.04483
2012-10-22 05:00:00,131.08772
2012-10-22 06:00:00,115.08631
2012-10-22 07:00:00,172.91188
2012-10-22 08:00:00,224.45638
2012-10-22 09:00:00,252.21349
2012-10-22 10:00:00,301.15103
2012-10-22 11:00:00,332.3378
2012-10-22 12:00:00,359.04053
2012-10-22 13:00:00,352.36206
2012-10-22 14:00:00,346.19083
2012-10-22 15:00:00,358.6308
2012-10-22 16:00:00,349.3144
2012-10-22 17:00:00,350.44687
2012-10-22 18:00:00,280.5288
2012-10-22 19:00:00,299.9509
2012-10-22 20:00:00,284.0986
2012-10-22 21:00:00,243.20523
2012-10-22 22:00:00,154.07266
2012-10-22 23:00:00,150.10272
2012-10-23 00:00:00,138.3467
2012-10-23 01:00:00,183.31827
2012-10-23 02:00:00,126.54593
2012-10-23 03:00:00,171.94798
2012-10-23 04:00:00,162.41739
2012-10-23 05:00:00,168.11746
2012-10-23 06:00:00,123.93998
2012-10-23 07:00:00,179.2066
2012-10-23 08:00:00,212.68358
2012-10-23 09:00:00,229.27173
2012-10-23 10:00:00,289.16547
2012-10-23 11:00:00,296.53775
2012-10-23 12:00:00,359.21072
2012-10-23 13:00:00,370.82245
2012-10-23 14:00:00,332.69598
2012-10-23 15:00:00,324.01004
2012-10-23 16:00:00,314.65277
2012-10-23 17:00:00,324.1255
2012-10-23 18:00:00,295.4398
2012-10-23 19:00:00,289.55722
2012-10-23 20:00:00,291.0103
2012-10-23 21:00:00,252.45348
2012-10-23 22:00:00,267.94733
2012-10-23 23:00:00,230.61502
2012-10-24 00:00:00,228.65979
2012-10-24 01:00:00,245.84106
2012-10-24 02:00:00,245.84103
2012-10-24 03:00:00,190.64282
2012-10-24 04:00:00,190.6428
2012-10-24 05:00:00,140.9304
2012-10-24 06:00:00,157.67981
2012-10-24 07:00:00,127.55306
2012-10-24 08:00:00,168.42352
2012-10-24 09:00:00,201.55809
2012-10-24 10:00:00,215.059
2012-10-24 11:00:00,279.87045
2012-10-24 12:00:00,286.52563
2012-10-24 13:00:00,294.16837
2012-10-24 14:00:00,353.2336
2012-10-24 15:00:00,332.67346
2012-10-24 16:00:00,355.65082
2012-10-24 17:00:00,309.06537
2012-10-24 18:00:00,317.29514
2012-10-24 19:00:00,341.63165
2012-10-24 20:00:00,317.00583
2012-10-24 21:00:00,318.42426
2012-10-24 22:00:00,305.60596
2012-10-24 23:00:00,270.71158
2012-10-25 00:00:00,303.12506
2012-10-25 01:00:00,259.57904
2012-10-25 02:00:00,190.79517
2012-10-25 03:00:00,149.56354
2012-10-25 04:00:00,140.98717
2012-10-25 05:00:00,158.32451
2012-10-25 06:00:00,167.18053
2012-10-25 07:00:00,167.18053
2012-10-25 08:00:00,184.97087
2012-10-25 09:00:00,194.1181
2012-10-25 10:00:00,185.24081
2012-10-25 11:00:00,178.22789
2012-10-25 12:00:00,216.33371
2012-10-25 13:00:00,197.25003
2012-10-25 14:00:00,252.95525
2012-10-25 15:00:00,279.24884
2012-10-25 16:00:00,274.95773
2012-10-25 17:00:00,274.95773
2012-10-25 18:00:00,178.28195
2012-10-25 19:00:00,186.85274
2012-10-25 20:00:00,149.56354
2012-10-25 21:00:00,149.56354
2012-10-25 22:00:00,174.91885
2012-10-25 23:00:00,185.24077
2012-10-26 00:00:00,191.18715
2012-10-26 01:00:00,136.9314
2012-10-26 02:00:00,140.98717
2012-10-26 03:00:00,158.32451
2012-10-26 04:00:00,158.32451
2012-10-26 05:00:00,140.98717
2012-10-26 06:00:00,136.9314
2012-10-26 07:00:00,140.98717
2012-10-26 08:00:00,159.73303
2012-10-26 09:00:00,159.73303
2012-10-26 10:00:00,152.84319
2012-10-26 11:00:00,228.13383
2012-10-26 12:00:00,262.34363
2012-10-26 13:00:00,275.73764
2012-10-26 14:00:00,305.60596
2012-10-26 15:00:00,318.42426
2012-10-26 16:00:00,258.9253
2012-10-26 17:00:00,241.5651
2012-10-26 18:00:00,222.93582
2012-10-26 19:00:00,193.25002
2012-10-26 20:00:00,193.25005
2012-10-26 21:00:00,219.20499
2012-10-26 22:00:00,176.44084
2012-10-26 23:00:00,175.17259
2012-10-27 00:00:00,95.94206
2012-10-27 01:00:00,143.96272
2012-10-27 02:00:00,146.25662
2012-10-27 03:00:00,97.58438
2012-10-27 04:00:00,145.08751
2012-10-27 05:00:00,175.89668
2012-10-27 06:00:00,175.89668
2012-10-27 07:00:00,115.01442
2012-10-27 08:00:00,152.02562
2012-10-27 09:00:00,152.02562
2012-10-27 10:00:00,213.15933
2012-10-27 11:00:00,291.01965
2012-10-27 12:00:00,394.02753
2012-10-27 13:00:00,438.96515
2012-10-27 14:00:00,425.5163
2012-10-27 15:00:00,325.6797
2012-10-27 16:00:00,304.63184
2012-10-27 17:00:00,304.63184
2012-10-27 18:00:00,304.63184
2012-10-27 19:00:00,239.56952
2012-10-27 20:00:00,239.56952
2012-10-27 21:00:00,239.56952
2012-10-27 22:00:00,242.9604
2012-10-27 23:00:00,240.29622
2012-10-28 00:00:00,271.2915
2012-10-28 01:00:00,240.88577
2012-10-28 02:00:00,256.00778
2012-10-28 03:00:00,257.6898
2012-10-28 04:00:00,248.29507
2012-10-28 05:00:00,267.92444
2012-10-28 06:00:00,269.34592
2012-10-28 07:00:00,279.35187
2012-10-28 08:00:00,204.60965
2012-10-28 09:00:00,259.4071
2012-10-28 10:00:00,257.70782
2012-10-28 11:00:00,281.12268
2012-10-28 12:00:00,212.44032
2012-10-28 13:00:00,228.72763
2012-10-28 14:00:00,238.53357
2012-10-28 15:00:00,212.18964
2012-10-28 16:00:00,194.8361
2012-10-28 17:00:00,143.54166
2012-10-28 18:00:00,99.39759
2012-10-28 19:00:00,138.46712
2012-10-28 20:00:00,106.93384
2012-10-28 21:00:00,140.65901
2012-10-28 22:00:00,155.73672
2012-10-28 23:00:00,138.46712
2012-10-29 00:00:00,121.37178
2012-10-30 13:00:00,102.67494
2012-10-30 14:00:00,102.67494
2012-10-30 15:00:00,106.54282
2012-10-30 16:00:00,106.54282
2012-10-30 17:00:00,104.511475
2012-10-30 18:00:00,89.17089
2012-10-30 19:00:00,261.60065
2012-10-30 20:00:00,136.69449
2012-10-30 21:00:00,103.28142
2012-10-30 22:00:00,101.49169
2012-10-30 23:00:00,101.49169
2012-10-31 00:00:00,108.76247
2012-10-31 01:00:00,106.00862
2012-10-31 02:00:00,117.527596
2012-10-31 03:00:00,108.76247
2012-10-31 04:00:00,128.75607
2012-10-31 05:00:00,117.527596
2012-10-31 06:00:00,106.16979
2012-10-31 07:00:00,110.28107
2012-10-31 08:00:00,104.99974
2012-10-31 09:00:00,115.34602
2012-10-31 10:00:00,149.46555
2012-10-31 11:00:00,184.5566
2012-10-31 12:00:00,210.53828
2012-10-31 13:00:00,222.07016
2012-10-31 14:00:00,254.0182
2012-10-31 15:00:00,229.95892
2012-10-31 16:00:00,246.0637
2012-10-31 17:00:00,236.98816
2012-10-31 18:00:00,236.98816
2012-10-31 19:00:00,253.8321
2012-10-31 20:00:00,253.8321
2012-10-31 21:00:00,253.8321
2012-10-31 22:00:00,196.28247
2012-10-31 23:00:00,197.6448
2012-11-20 00:00:00,119.80685
2012-11-20 01:00:00,141.6146
2012-11-20 02:00:00,119.66729
2012-11-20 03:00:00,142.05028
2012-11-20 04:00:00,179.44986
2012-11-20 05:00:00,171.97926
2012-11-20 06:00:00,158.6398
2012-11-20 07:00:00,102.47969
2012-11-20 08:00:00,124.27585
2012-11-20 09:00:00,148.1053
2012-11-20 10:00:00,200.9138
2012-11-20 11:00:00,210.47511
2012-11-20 12:00:00,207.8878
2012-11-20 13:00:00,257.4275
2012-11-20 14:00:00,256.84912
2012-11-20 15:00:00,275.01373
2012-11-20 16:00:00,231.69745
2012-11-20 17:00:00,187.47015
2012-11-20 18:00:00,200.9138
2012-11-20 19:00:00,174.79915
2012-11-20 20:00:00,140.48604
2012-11-20 21:00:00,139.59398
2012-11-20 22:00:00,139.59398
2012-11-20 23:00:00,100.24345
2012-11-21 00:00:00,94.016304
2012-11-21 01:00:00,100.24345
2012-11-21 02:00:00,89.6334
2012-11-21 03:00:00,89.6334
2012-11-21 04:00:00,89.6334
2012-11-21 05:00:00,89.6334
2012-11-21 06:00:00,86.286
2012-11-21 07:00:00,83.131485
2012-11-21 08:00:00,102.0855
2012-11-21 09:00:00,102.47969
2012-11-21 10:00:00,187.60297
2012-11-21 11:00:00,228.4823
2012-11-21 12:00:00,257.04443
2012-11-21 13:00:00,267.6887
2012-11-21 14:00:00,285.79388
2012-11-21 15:00:00,290.72937
2012-11-21 16:00:00,287.1899
2012-11-21 17:00:00,252.82254
2012-11-21 18:00:00,265.61813
2012-11-21 19:00:00,232.90535
2012-11-21 20:00:00,165.98022
2012-11-21 21:00:00,226.81364
2012-11-21 22:00:00,217.2657
2012-11-21 23:00:00,158.84618
2012-11-22 00:00:00,95.83668
2012-11-22 01:00:00,73.28612
2012-11-22 02:00:00,47.115772
2012-11-22 03:00:00,47.064037
2012-11-22 04:00:00,39.13596
2012-11-22 05:00:00,47.064037
2012-11-22 06:00:00,55.05707
2012-11-22 07:00:00,41.011208
2012-11-22 08:00:00,45.926666
2012-11-22 09:00:00,101.93808
2012-11-22 10:00:00,149.40962
2012-11-22 11:00:00,272.37036
2012-11-22 12:00:00,316.80743
2012-11-22 13:00:00,352.76028
2012-11-22 14:00:00,376.9536
2012-11-22 15:00:00,376.9536
2012-11-22 16:00:00,340.71884
2012-11-22 17:00:00,316.80743
2012-11-22 18:00:00,247.34625
2012-11-22 19:00:00,84.37616
2012-11-22 20:00:00,94.64057
2012-11-22 21:00:00,120.784874
2012-11-22 22:00:00,124.63435
2012-11-22 23:00:00,86.33999
2012-11-23 00:00:00,111.61552
2012-11-23 01:00:00,89.81243
2012-11-23 02:00:00,95.353134
2012-11-23 03:00:00,86.66577
2012-11-23 04:00:00,96.82717
2012-11-23 05:00:00,71.580536
2012-11-23 06:00:00,71.580536
2012-11-23 07:00:00,71.580536
2012-11-23 08:00:00,82.03663
2012-11-23 09:00:00,101.75113
2012-11-23 10:00:00,164.2422
2012-11-23 11:00:00,228.4823
2012-11-23 12:00:00,254.72972
2012-11-23 13:00:00,260.41388
2012-11-23 14:00:00,284.59073
2012-11-23 15:00:00,261.49146
2012-11-23 16:00:00,318.13477
2012-11-23 17:00:00,325.2441
2012-11-23 18:00:00,316.2221
2012-11-23 19:00:00,291.3759
2012-11-23 20:00:00,280.59274
2012-11-23 21:00:00,238.06259
2012-11-23 22:00:00,281.49222
2012-11-23 23:00:00,249.88695
2012-11-24 00:00:00,235.55809
2012-11-24 01:00:00,149.39612
2012-11-24 02:00:00,143.45953
2012-11-24 03:00:00,134.94592
2012-11-24 04:00:00,116.19008
2012-11-24 05:00:00,120.25371
2012-11-24 06:00:00,101.57081
2012-11-24 07:00:00,130.39084
2012-11-24 08:00:00,103.17454
2012-11-24 09:00:00,112.889786
2012-11-24 10:00:00,128.59627
2012-11-24 11:00:00,148.92123
2012-11-24 12:00:00,135.40706
2012-11-24 13:00:00,194.73146
2012-11-24 14:00:00,180.128
2012-11-24 15:00:00,156.10054
2012-11-24 16:00:00,135.6317
2012-11-24 17:00:00,118.52778
2012-11-24 18:00:00,131.14278
2012-11-24 19:00:00,132.54646
2012-11-24 20:00:00,101.57082
2012-11-24 21:00:00,107.94388
2012-11-24 22:00:00,107.81516
2012-11-24 23:00:00,107.94388
2012-11-25 00:00:00,87.21693
2012-11-25 01:00:00,100.84197
2012-11-25 02:00:00,89.11105
2012-11-25 03:00:00,143.26445
2012-11-25 04:00:00,143.26445
2012-11-25 05:00:00,129.28471
2012-11-25 06:00:00,137.89514
2012-11-25 07:00:00,126.20393
2012-11-25 08:00:00,117.3751
2012-11-25 09:00:00,130.6196
2012-11-25 10:00:00,92.73602
2012-11-25 11:00:00,159.59464
2012-11-25 12:00:00,159.59464
2012-11-25 13:00:00,167.45291
2012-11-25 14:00:00,171.56425
2012-11-25 15:00:00,162.86345
2012-11-25 16:00:00,181.19492
2012-11-25 17:00:00,154.47163
2012-11-25 18:00:00,126.76336
2012-11-25 19:00:00,184.74634
2012-11-25 20:00:00,96.424065
2012-11-25 21:00:00,158.64066
2012-11-25 22:00:00,96.424065
2012-11-25 23:00:00,51.781147
2012-11-26 00:00:00,83.998535
2012-11-26 01:00:00,82.25693
2012-11-26 02:00:00,82.25693
2012-11-26 03:00:00,82.25693
2012-11-26 04:00:00,83.998535
2012-11-26 05:00:00,114.45393
2012-11-26 06:00:00,83.998535
2012-11-26 07:00:00,97.65061
2012-11-26 08:00:00,97.65061
2012-11-26 09:00:00,159.3469
2012-11-26 10:00:00,205.91605
2012-11-26 11:00:00,239.51248
2012-11-26 12:00:00,273.151
2012-11-26 13:00:00,273.151
2012-11-26 14:00:00,296.269
2012-11-26 15:00:00,274.62973
2012-11-26 16:00:00,315.81638
2012-11-26 17:00:00,302.407
2012-11-26 18:00:00,225.69511
2012-11-26 19:00:00,205.58467
2012-11-26 20:00:00,217.2657
2012-11-26 21:00:00,217.2657
2012-11-26 22:00:00,158.84618
2012-11-26 23:00:00,156.36034
2012-11-27 00:00:00,153.27861
2012-11-27 01:00:00,145.7443
2012-11-27 02:00:00,155.96317
2012-11-27 03:00:00,128.55739
2012-11-27 04:00:00,111.79107
2012-11-27 05:00:00,140.92328
2012-11-27 06:00:00,126.03316
2012-11-27 07:00:00,100.49689
2012-11-27 08:00:00,106.306915
2012-11-27 09:00:00,119.769455
2012-11-27 10:00:00,110.82214
2012-11-27 11:00:00,109.45961
2012-11-27 12:00:00,92.27477
2012-11-27 13:00:00,105.929504
2012-11-27 14:00:00,97.58418
2012-11-27 15:00:00,138.93936
2012-11-27 16:00:00,138.93936
2012-11-27 17:00:00,122.790344
2012-11-27 18:00:00,116.5411
2012-11-27 19:00:00,124.47967
2012-11-27 20:00:00,124.32105
2012-11-27 21:00:00,121.40806
2012-11-27 22:00:00,100.36739
2012-11-27 23:00:00,136.72897
2012-11-28 00:00:00,139.59982
2012-11-28 01:00:00,141.20612
2012-11-28 02:00:00,141.20612
2012-11-28 03:00:00,145.95589
2012-11-28 04:00:00,145.10017
2012-11-28 05:00:00,136.46977
2012-11-28 06:00:00,152.72919
2012-11-28 07:00:00,176.49017
2012-11-28 08:00:00,141.94032
2012-11-28 09:00:00,178.51384
2012-11-28 10:00:00,200.20262
2012-11-28 11:00:00,224.89192
2012-11-28 12:00:00,209.7843
2012-11-28 13:00:00,229.6103
2012-11-28 14:00:00,220.45827
2012-11-28 15:00:00,240.86668
2012-11-28 16:00:00,253.74657
2012-11-28 17:00:00,261.80014
2012-11-28 18:00:00,225.8945
2012-11-28 19:00:00,243.44864
2012-11-28 20:00:00,244.18562
2012-11-28 21:00:00,234.29755
2012-11-28 22:00:00,205.5708
2012-11-28 23:00:00,183.1455
2012-11-29 00:00:00,136.61356
2012-11-29 01:00:00,106.85761
2012-11-29 02:00:00,96.05016
2012-11-29 04:00:00,90.93471
2012-11-29 05:00:00,82.25693
2012-11-29 06:00:00,83.998535
2012-11-29 07:00:00,93.08132
2012-11-29 08:00:00,100.26863
2012-11-29 09:00:00,117.649765
2012-11-29 10:00:00,116.66395
2012-11-29 11:00:00,235.20049
2012-11-29 12:00:00,246.36177
2012-11-29 13:00:00,269.43185
2012-11-29 14:00:00,222.11282
2012-11-29 15:00:00,213.51605
2012-11-29 16:00:00,228.17513
2012-11-29 17:00:00,233.41724
2012-11-29 18:00:00,210.50641
2012-11-29 19:00:00,187.61064
2012-11-29 20:00:00,187.60258
2012-11-29 21:00:00,119.3498
2012-11-29 22:00:00,102.1322
2012-11-29 23:00:00,131.7268
2012-11-30 00:00:00,117.68594
2012-11-30 01:00:00,101.09081
2012-11-30 02:00:00,75.883606
2012-11-30 03:00:00,75.883606
2012-11-30 04:00:00,74.25864
2012-11-30 05:00:00,67.52556
2012-11-30 06:00:00,63.69906
2012-11-30 07:00:00,69.098526
2012-11-30 08:00:00,97.62571
2012-11-30 09:00:00,94.99063
2012-11-30 10:00:00,138.71866
2012-11-30 11:00:00,224.02167
2012-11-30 12:00:00,259.56067
2012-11-30 13:00:00,282.5115
2012-11-30 14:00:00,287.3128
2012-11-30 15:00:00,302.5999
2012-11-30 16:00:00,248.08168
2012-11-30 17:00:00,224.23653
2012-11-30 18:00:00,177.42911
2012-11-30 19:00:00,131.7051
2012-11-30 20:00:00,131.7051
2012-11-30 21:00:00,99.74082
2012-11-30 22:00:00,87.71862
2012-11-30 23:00:00,117.411255
2012-12-20 00:00:00,154.83687
2012-12-20 01:00:00,131.7051
2012-12-20 02:00:00,131.7051
2012-12-20 03:00:00,129.77774
2012-12-20 04:00:00,129.77774
2012-12-20 05:00:00,133.47289
2012-12-20 06:00:00,138.71866
2012-12-20 07:00:00,121.40527
2012-12-20 08:00:00,121.40527
2012-12-20 09:00:00,121.40527
2012-12-20 10:00:00,142.68689
2012-12-20 11:00:00,200.46167
2012-12-20 12:00:00,234.46104
2012-12-20 13:00:00,218.52121
2012-12-20 14:00:00,230.32112
2012-12-20 15:00:00,208.89377
2012-12-20 16:00:00,181.39195
2012-12-20 17:00:00,179.44986
2012-12-20 18:00:00,164.86063
2012-12-20 19:00:00,141.73546
2012-12-20 20:00:00,121.01533
2012-12-20 21:00:00,121.01533
2012-12-20 22:00:00,100.061134
2012-12-20 23:00:00,117.84811
2012-12-21 00:00:00,102.783226
2012-12-21 01:00:00,96.41265
2012-12-21 02:00:00,104.74987
2012-12-21 03:00:00,104.74987
2012-12-21 04:00:00,78.6621
2012-12-21 05:00:00,77.68591
2012-12-21 06:00:00,80.51229
2012-12-21 07:00:00,90.29652
2012-12-21 08:00:00,84.49322
2012-12-21 09:00:00,87.526535
2012-12-21 10:00:00,124.093025
2012-12-21 11:00:00,84.05307
2012-12-21 12:00:00,85.26297
2012-12-21 13:00:00,86.60965
2012-12-21 14:00:00,87.79687
2012-12-21 15:00:00,80.42381
2012-12-21 16:00:00,82.67776
2012-12-21 17:00:00,73.3736
2012-12-21 18:00:00,74.94159
2012-12-21 19:00:00,100.78339
2012-12-21 20:00:00,105.091606
2012-12-21 21:00:00,106.27423
2012-12-21 22:00:00,96.54474
2012-12-21 23:00:00,95.934586
2012-12-22 00:00:00,84.71676
2012-12-22 01:00:00,85.67725
2012-12-22 02:00:00,87.3012
2012-12-22 03:00:00,82.195946
2012-12-22 04:00:00,77.19859
2012-12-22 05:00:00,82.23464
2012-12-22 06:00:00,85.72556
2012-12-22 07:00:00,85.72556
2012-12-22 08:00:00,81.579124
2012-12-22 09:00:00,82.083885
2012-12-22 10:00:00,82.302124
2012-12-22 11:00:00,95.093346
2012-12-22 12:00:00,82.04226
2012-12-22 13:00:00,98.51618
2012-12-22 14:00:00,96.93387
2012-12-22 15:00:00,88.98644
2012-12-22 16:00:00,93.93142
2012-12-22 17:00:00,97.33352
2012-12-22 18:00:00,86.05721
2012-12-22 19:00:00,77.94372
2012-12-22 20:00:00,68.89997
2012-12-22 21:00:00,70.72604
2012-12-22 22:00:00,70.72604
2012-12-22 23:00:00,62.013924
2012-12-23 00:00:00,75.912094
2012-12-23 01:00:00,69.310005
2012-12-23 02:00:00,54.798145
2012-12-23 03:00:00,52.171867
2012-12-23 04:00:00,58.091763
2012-12-23 05:00:00,39.374775
2012-12-23 06:00:00,34.14907
2012-12-23 07:00:00,34.14907
2012-12-23 08:00:00,36.683628
2012-12-23 09:00:00,44.55437
2012-12-23 10:00:00,46.470345
2012-12-23 11:00:00,63.6458
2012-12-23 12:00:00,97.85115
2012-12-23 13:00:00,112.661934
2012-12-23 14:00:00,132.59657
2012-12-23 15:00:00,126.71076
2012-12-23 16:00:00,130.89899
2012-12-23 17:00:00,96.97799
2012-12-23 18:00:00,93.41007
2012-12-23 19:00:00,86.3575
2012-12-23 20:00:00,54.719173
2012-12-23 21:00:00,45.729202
2012-12-23 22:00:00,51.015812
2012-12-23 23:00:00,48.427765
2012-12-24 00:00:00,79.00833
2012-12-24 01:00:00,79.00833
2012-12-24 02:00:00,73.0931
2012-12-24 03:00:00,73.0931
2012-12-24 05:00:00,68.51309
2012-12-24 06:00:00,73.0931
2012-12-24 07:00:00,75.78278
2012-12-24 08:00:00,79.00833
2012-12-24 09:00:00,79.733665
2012-12-24 10:00:00,87.12322
2012-12-24 11:00:00,81.491425
2012-12-24 12:00:00,88.286446
2012-12-24 13:00:00,77.97579
2012-12-24 14:00:00,75.922775
2012-12-24 15:00:00,71.867455
2012-12-24 16:00:00,71.867455
2012-12-24 17:00:00,71.524315
2012-12-24 18:00:00,75.04449
2012-12-24 19:00:00,70.06789
2012-12-24 20:00:00,72.48151
2012-12-24 21:00:00,76.186226
2012-12-24 22:00:00,75.75007
2012-12-24 23:00:00,83.21042
2012-12-25 00:00:00,55.633587
2012-12-25 01:00:00,57.3021
2012-12-25 02:00:00,57.3021
2012-12-25 04:00:00,50.99191
2012-12-25 05:00:00,46.603867
2012-12-25 06:00:00,46.603867
2012-12-25 07:00:00,47.895775
2012-12-25 08:00:00,50.03073
2012-12-25 09:00:00,48.75043
2012-12-25 10:00:00,48.981457
2012-12-25 11:00:00,59.465706
2012-12-25 12:00:00,63.239155
2012-12-25 13:00:00,126.45311
2012-12-25 14:00:00,124.96036
2012-12-25 15:00:00,109.291855
2012-12-25 16:00:00,94.84894
2012-12-25 17:00:00,79.58408
2012-12-25 18:00:00,76.16292
2012-12-25 19:00:00,75.003555
2012-12-25 20:00:00,77.66358
2012-12-25 21:00:00,69.88514
2012-12-25 22:00:00,68.261284
2012-12-25 23:00:00,67.998276
2012-12-26 00:00:00,79.87813
2012-12-26 01:00:00,72.941154
2012-12-26 02:00:00,72.941154
2012-12-26 03:00:00,66.83651
2012-12-26 04:00:00,75.407585
2012-12-26 05:00:00,68.425674
2012-12-26 06:00:00,72.70597
2012-12-26 07:00:00,58.95342
2012-12-26 08:00:00,58.95342
2012-12-26 09:00:00,58.95342
2012-12-26 10:00:00,62.449013
2012-12-26 11:00:00,50.704384
2012-12-26 12:00:00,61.37197
2012-12-26 13:00:00,61.37197
2012-12-26 14:00:00,66.635704
2012-12-26 15:00:00,62.885586
2012-12-26 16:00:00,62.885586
2012-12-26 17:00:00,62.73608
2012-12-26 18:00:00,72.327896
2012-12-26 19:00:00,81.85257
2012-12-26 20:00:00,82.381935
2012-12-26 21:00:00,77.94548
2012-12-26 22:00:00,54.531895
2012-12-26 23:00:00,70.09903
2012-12-27 00:00:00,70.09903
2012-12-27 01:00:00,54.531895
2012-12-27 02:00:00,62.49176
2012-12-27 03:00:00,71.570244
2012-12-27 04:00:00,66.8497
2012-12-27 05:00:00,78.94873
2012-12-27 06:00:00,82.02465
2012-12-27 07:00:00,78.97252
2012-12-27 08:00:00,82.76783
2012-12-27 09:00:00,93.189995
2012-12-27 10:00:00,101.00812
2012-12-27 11:00:00,72.04455
2012-12-27 12:00:00,110.03535
2012-12-27 13:00:00,110.03535
2012-12-27 14:00:00,69.567055
2012-12-27 15:00:00,70.26396
2012-12-27 16:00:00,76.17747
2012-12-27 17:00:00,76.17747
2012-12-27 18:00:00,74.28087
2012-12-27 19:00:00,81.922585
2012-12-27 20:00:00,80.34312
2012-12-27 21:00:00,74.28087
2012-12-27 22:00:00,72.56889
2012-12-27 23:00:00,74.28087
2012-12-28 00:00:00,78.64091
2012-12-28 01:00:00,80.69792
2012-12-28 02:00:00,82.672035
2012-12-28 03:00:00,78.64091
2012-12-28 04:00:00,80.74985
2012-12-28 05:00:00,81.27714
2012-12-28 06:00:00,77.61989
2012-12-28 07:00:00,77.69039
2012-12-28 08:00:00,79.644615
2012-12-28 09:00:00,72.56889
2012-12-28 10:00:00,77.62293
2012-12-28 11:00:00,83.93157
2012-12-28 12:00:00,91.10174
2012-12-28 13:00:00,91.10174
2012-12-28 14:00:00,91.10174
2012-12-28 15:00:00,96.4096
2012-12-28 16:00:00,95.158035
2012-12-28 17:00:00,81.0412
2012-12-28 18:00:00,81.0412
2012-12-28 19:00:00,76.68588
2012-12-28 20:00:00,79.733665
2012-12-28 21:00:00,77.62107
2012-12-28 22:00:00,79.32302
2012-12-28 23:00:00,80.247055
2012-12-29 00:00:00,54.542973
2012-12-29 01:00:00,54.618805
2012-12-29 02:00:00,54.542973
2012-12-29 03:00:00,56.93471
2012-12-29 04:00:00,54.618805
2012-12-29 05:00:00,54.618805
2012-12-29 06:00:00,59.54421
2012-12-29 07:00:00,59.15952
2012-12-29 08:00:00,57.389156
2012-12-29 09:00:00,57.38916
2012-12-29 10:00:00,65.922005
2012-12-29 11:00:00,54.667725
2012-12-29 12:00:00,56.323277
2012-12-29 13:00:00,56.323277
2012-12-29 14:00:00,49.71568
2012-12-29 15:00:00,53.178493
2012-12-29 16:00:00,47.771313
2012-12-29 17:00:00,40.372772
2012-12-29 18:00:00,54.389175
2012-12-29 19:00:00,73.70043
2012-12-29 20:00:00,60.46288
2012-12-29 21:00:00,58.883526
2012-12-29 22:00:00,58.96845
2012-12-29 23:00:00,56.274364
2012-12-30 00:00:00,65.75694
2012-12-30 01:00:00,61.345516
2012-12-30 02:00:00,69.83218
2012-12-30 03:00:00,61.345516
2012-12-30 04:00:00,69.78356
2012-12-30 05:00:00,68.27997
2012-12-30 06:00:00,52.860676
2012-12-30 07:00:00,71.92863
2012-12-30 08:00:00,75.47323
2012-12-30 09:00:00,74.99165
2012-12-30 10:00:00,83.29044
2012-12-30 11:00:00,88.86791
2012-12-30 12:00:00,85.12596
2012-12-30 13:00:00,82.04226
2012-12-30 14:00:00,92.91049
2012-12-30 15:00:00,100.457756
2012-12-30 16:00:00,93.20842
2012-12-30 17:00:00,90.10901
2012-12-30 18:00:00,59.80499
2012-12-30 19:00:00,79.21165
2012-12-30 20:00:00,75.105156
2012-12-30 21:00:00,54.798145
2012-12-30 22:00:00,50.620556
2012-12-30 23:00:00,59.398003
2012-12-31 00:00:00,76.112015
2012-12-31 01:00:00,76.112015
2012-12-31 02:00:00,73.95874
2012-12-31 03:00:00,74.43201
2012-12-31 04:00:00,69.87058
2012-12-31 05:00:00,73.71779
2012-12-31 06:00:00,73.10437
2012-12-31 07:00:00,72.935455
2012-12-31 08:00:00,70.81415
2012-12-31 09:00:00,71.81517
2012-12-31 10:00:00,72.33051
2012-12-31 11:00:00,75.07409
2012-12-31 12:00:00,78.66805
2012-12-31 13:00:00,85.08586
2012-12-31 14:00:00,84.88664
2012-12-31 15:00:00,88.925224
2012-12-31 16:00:00,83.38575
2012-12-31 17:00:00,86.986046
2012-12-31 18:00:00,85.31403
2012-12-31 19:00:00,81.491425
2012-12-31 20:00:00,81.491425
2012-12-31 21:00:00,82.94491
2012-12-31 22:00:00,84.11799
2012-12-31 23:00:00,83.24391
