datetime,count
2011-01-20 00:00:00,99.332924
2011-01-20 01:00:00,88.72635
2011-01-20 02:00:00,88.72635
2011-01-20 03:00:00,93.66368
2011-01-20 04:00:00,93.66368
2011-01-20 05:00:00,85.588585
2011-01-20 06:00:00,81.41729
2011-01-20 07:00:00,81.38029
2011-01-20 08:00:00,77.27975
2011-01-20 09:00:00,88.658905
2011-01-20 10:00:00,95.08034
2011-01-20 11:00:00,101.52137
2011-01-20 12:00:00,98.64862
2011-01-20 13:00:00,101.09595
2011-01-20 14:00:00,106.85707
2011-01-20 15:00:00,115.11694
2011-01-20 16:00:00,106.78867
2011-01-20 17:00:00,106.51927
2011-01-20 18:00:00,93.98182
2011-01-20 19:00:00,89.75143
2011-01-20 20:00:00,92.30386
2011-01-20 21:00:00,86.87009
2011-01-20 22:00:00,86.0874
2011-01-20 23:00:00,85.77874
2011-01-21 00:00:00,84.907776
2011-01-21 01:00:00,84.907776
2011-01-21 02:00:00,66.52821
2011-01-21 03:00:00,50.4135
2011-01-21 04:00:00,85.03514
2011-01-21 05:00:00,89.91742
2011-01-21 06:00:00,79.17535
2011-01-21 07:00:00,74.18299
2011-01-21 08:00:00,80.23107
2011-01-21 09:00:00,79.43195
2011-01-21 10:00:00,91.34612
2011-01-21 11:00:00,95.98171
2011-01-21 12:00:00,109.87934
2011-01-21 13:00:00,104.0819
2011-01-21 14:00:00,97.189026
2011-01-21 15:00:00,80.38266
2011-01-21 16:00:00,77.58967
2011-01-21 17:00:00,71.77672
2011-01-21 18:00:00,71.71186
2011-01-21 19:00:00,67.01747
2011-01-21 20:00:00,61.539246
2011-01-21 21:00:00,56.539055
2011-01-21 22:00:00,54.6581
2011-01-21 23:00:00,53.13756
2011-01-22 00:00:00,22.215906
2011-01-22 01:00:00,21.402418
2011-01-22 02:00:00,20.351624
2011-01-22 03:00:00,20.610641
2011-01-22 04:00:00,16.766407
2011-01-22 06:00:00,17.461308
2011-01-22 07:00:00,20.796831
2011-01-22 08:00:00,20.612888
2011-01-22 09:00:00,23.713173
2011-01-22 10:00:00,19.25968
2011-01-22 11:00:00,21.773077
2011-01-22 12:00:00,21.263235
2011-01-22 13:00:00,31.563908
2011-01-22 14:00:00,38.06492
2011-01-22 15:00:00,45.189102
2011-01-22 16:00:00,48.626904
2011-01-22 17:00:00,47.366085
2011-01-22 18:00:00,33.4933
2011-01-22 19:00:00,32.499783
2011-01-22 20:00:00,25.298933
2011-01-22 21:00:00,26.07061
2011-01-22 22:00:00,20.839474
2011-01-22 23:00:00,17.783337
2011-01-23 00:00:00,17.783337
2011-01-23 01:00:00,17.783337
2011-01-23 02:00:00,16.879107
2011-01-23 03:00:00,16.879107
2011-01-23 05:00:00,16.149572
2011-01-23 06:00:00,16.149572
2011-01-23 07:00:00,25.498016
2011-01-23 08:00:00,19.852488
2011-01-23 09:00:00,24.359217
2011-01-23 10:00:00,34.707306
2011-01-23 11:00:00,40.960697
2011-01-23 12:00:00,53.40848
2011-01-23 13:00:00,48.966908
2011-01-23 14:00:00,63.29102
2011-01-23 15:00:00,63.29102
2011-01-23 16:00:00,66.22752
2011-01-23 17:00:00,60.13213
2011-01-23 18:00:00,46.915768
2011-01-23 19:00:00,47.06688
2011-01-23 20:00:00,35.8555
2011-01-23 21:00:00,36.628708
2011-01-23 22:00:00,31.77089
2011-01-23 23:00:00,26.715275
2011-01-24 00:00:00,55.684643
2011-01-24 01:00:00,51.965927
2011-01-24 03:00:00,49.56427
2011-01-24 04:00:00,47.790676
2011-01-24 05:00:00,47.790676
2011-01-24 06:00:00,45.864788
2011-01-24 07:00:00,43.161808
2011-01-24 08:00:00,45.699295
2011-01-24 09:00:00,51.417667
2011-01-24 10:00:00,58.338108
2011-01-24 11:00:00,59.88792
2011-01-24 12:00:00,61.412106
2011-01-24 13:00:00,65.2005
2011-01-24 14:00:00,64.46113
2011-01-24 15:00:00,74.04087
2011-01-24 16:00:00,69.1419
2011-01-24 17:00:00,64.08821
2011-01-24 18:00:00,66.03349
2011-01-24 19:00:00,67.11611
2011-01-24 20:00:00,66.03349
2011-01-24 21:00:00,68.401375
2011-01-24 22:00:00,63.400654
2011-01-24 23:00:00,66.82614
2011-01-25 00:00:00,65.78498
2011-01-25 01:00:00,69.307304
2011-01-25 02:00:00,70.56127
2011-01-25 04:00:00,71.39306
2011-01-25 05:00:00,68.95224
2011-01-25 06:00:00,74.794395
2011-01-25 07:00:00,72.63829
2011-01-25 08:00:00,69.68255
2011-01-25 09:00:00,81.31657
2011-01-25 10:00:00,85.930244
2011-01-25 11:00:00,89.97605
2011-01-25 12:00:00,97.24361
2011-01-25 13:00:00,95.96464
2011-01-25 14:00:00,99.72358
2011-01-25 15:00:00,103.954346
2011-01-25 16:00:00,103.954346
2011-01-25 17:00:00,112.52874
2011-01-25 18:00:00,105.52137
2011-01-25 19:00:00,93.3146
2011-01-25 20:00:00,87.53609
2011-01-25 21:00:00,87.53609
2011-01-25 22:00:00,84.22864
2011-01-25 23:00:00,83.10209
2011-01-26 00:00:00,83.55013
2011-01-26 01:00:00,89.12511
2011-01-26 02:00:00,60.55814
2011-01-26 05:00:00,44.277233
2011-01-26 06:00:00,44.277233
2011-01-26 07:00:00,46.440975
2011-01-26 08:00:00,46.440975
2011-01-26 09:00:00,46.440975
2011-01-26 10:00:00,43.8362
2011-01-26 11:00:00,41.768257
2011-01-26 12:00:00,41.768257
2011-01-26 13:00:00,41.768257
2011-01-26 14:00:00,40.211533
2011-01-26 15:00:00,35.624096
2011-01-26 16:00:00,26.837011
2011-01-26 17:00:00,37.60097
2011-01-27 16:00:00,83.2538
2011-01-27 17:00:00,83.65869
2011-01-27 18:00:00,79.75773
2011-01-27 19:00:00,79.75773
2011-01-27 20:00:00,76.39311
2011-01-27 21:00:00,76.39311
2011-01-27 22:00:00,76.39311
2011-01-27 23:00:00,81.98364
2011-01-28 00:00:00,78.82849
2011-01-28 01:00:00,78.82849
2011-01-28 02:00:00,77.672935
2011-01-28 03:00:00,79.666336
2011-01-28 05:00:00,75.304405
2011-01-28 06:00:00,74.25705
2011-01-28 07:00:00,72.39187
2011-01-28 08:00:00,72.39187
2011-01-28 09:00:00,56.30211
2011-01-28 10:00:00,55.161766
2011-01-28 11:00:00,55.205
2011-01-28 12:00:00,55.205
2011-01-28 13:00:00,55.205
2011-01-28 14:00:00,74.20954
2011-01-28 15:00:00,84.63253
2011-01-28 16:00:00,71.1844
2011-01-28 17:00:00,94.07705
2011-01-28 18:00:00,90.78311
2011-01-28 19:00:00,87.69414
2011-01-28 20:00:00,86.40288
2011-01-28 21:00:00,83.24853
2011-01-28 22:00:00,80.43193
2011-01-28 23:00:00,85.588585
2011-01-29 00:00:00,44.06238
2011-01-29 01:00:00,45.638054
2011-01-29 02:00:00,42.786556
2011-01-29 03:00:00,36.338696
2011-01-29 04:00:00,25.461708
2011-01-29 06:00:00,30.53001
2011-01-29 07:00:00,32.602196
2011-01-29 08:00:00,45.31885
2011-01-29 09:00:00,34.836803
2011-01-29 10:00:00,38.49179
2011-01-29 11:00:00,37.579147
2011-01-29 12:00:00,43.354958
2011-01-29 13:00:00,52.120274
2011-01-29 14:00:00,50.277664
2011-01-29 15:00:00,41.72905
2011-01-29 16:00:00,53.47258
2011-01-29 17:00:00,42.99732
2011-01-29 18:00:00,36.353897
2011-01-29 19:00:00,43.664005
2011-01-29 20:00:00,25.421907
2011-01-29 21:00:00,25.421907
2011-01-29 22:00:00,19.305702
2011-01-29 23:00:00,19.305702
2011-01-30 00:00:00,19.45492
2011-01-30 01:00:00,16.790487
2011-01-30 02:00:00,18.318644
2011-01-30 03:00:00,15.520664
2011-01-30 04:00:00,15.520664
2011-01-30 05:00:00,16.061932
2011-01-30 07:00:00,16.061932
2011-01-30 08:00:00,33.179707
2011-01-30 09:00:00,37.766384
2011-01-30 10:00:00,42.098137
2011-01-30 11:00:00,29.69699
2011-01-30 12:00:00,79.9111
2011-01-30 13:00:00,57.07345
2011-01-30 14:00:00,56.69513
2011-01-30 15:00:00,61.895386
2011-01-30 16:00:00,61.895386
2011-01-30 17:00:00,83.69058
2011-01-30 18:00:00,52.37275
2011-01-30 19:00:00,55.593685
2011-01-30 20:00:00,64.386665
2011-01-30 21:00:00,51.746334
2011-01-30 22:00:00,50.428
2011-01-30 23:00:00,51.063213
2011-01-31 00:00:00,86.004005
2011-01-31 01:00:00,79.371826
2011-01-31 02:00:00,82.516174
2011-01-31 03:00:00,82.516174
2011-01-31 04:00:00,76.80273
2011-01-31 05:00:00,70.089455
2011-01-31 06:00:00,65.80287
2011-01-31 07:00:00,65.509926
2011-01-31 08:00:00,64.769135
2011-01-31 09:00:00,64.47039
2011-01-31 10:00:00,68.30479
2011-01-31 11:00:00,68.30479
2011-01-31 12:00:00,76.20469
2011-01-31 13:00:00,71.53892
2011-01-31 14:00:00,75.094696
2011-01-31 15:00:00,70.33344
2011-01-31 16:00:00,67.66069
2011-01-31 17:00:00,68.30479
2011-01-31 18:00:00,66.69009
2011-01-31 19:00:00,106.31542
2011-01-31 20:00:00,49.42405
2011-01-31 21:00:00,51.65711
2011-01-31 22:00:00,71.560715
2011-01-31 23:00:00,71.67713
2011-02-20 00:00:00,91.64544
2011-02-20 01:00:00,75.37359
2011-02-20 02:00:00,77.94193
2011-02-20 03:00:00,68.27531
2011-02-20 04:00:00,68.27531
2011-02-20 06:00:00,52.12905
2011-02-20 07:00:00,45.013103
2011-02-20 08:00:00,48.648327
2011-02-20 09:00:00,59.090397
2011-02-20 10:00:00,74.63684
2011-02-20 11:00:00,97.33547
2011-02-20 12:00:00,124.27207
2011-02-20 13:00:00,149.28369
2011-02-20 14:00:00,181.17198
2011-02-20 15:00:00,185.2148
2011-02-20 16:00:00,179.15547
2011-02-20 17:00:00,153.09335
2011-02-20 18:00:00,112.546
2011-02-20 19:00:00,112.546
2011-02-20 20:00:00,104.25129
2011-02-20 21:00:00,93.792015
2011-02-20 22:00:00,89.410446
2011-02-20 23:00:00,82.60346
2011-02-21 00:00:00,124.02669
2011-02-21 01:00:00,124.02669
2011-02-21 02:00:00,124.02669
2011-02-21 03:00:00,125.804184
2011-02-21 04:00:00,107.4376
2011-02-21 05:00:00,111.86286
2011-02-21 06:00:00,176.9822
2011-02-21 07:00:00,176.91629
2011-02-21 08:00:00,106.12752
2011-02-21 09:00:00,107.00533
2011-02-21 10:00:00,106.831635
2011-02-21 11:00:00,102.03611
2011-02-21 12:00:00,101.8775
2011-02-21 13:00:00,61.618546
2011-02-21 14:00:00,94.422
2011-02-21 15:00:00,78.03879
2011-02-21 16:00:00,52.0767
2011-02-21 17:00:00,71.392204
2011-02-21 18:00:00,52.975315
2011-02-21 19:00:00,52.975315
2011-02-21 20:00:00,39.71366
2011-02-21 21:00:00,36.487602
2011-02-21 22:00:00,34.34871
2011-02-21 23:00:00,34.34871
2011-02-22 06:00:00,57.183056
2011-02-22 07:00:00,57.183056
2011-02-22 08:00:00,59.440025
2011-02-22 09:00:00,62.900463
2011-02-22 10:00:00,59.38642
2011-02-22 11:00:00,61.232445
2011-02-22 12:00:00,78.425316
2011-02-22 13:00:00,84.00525
2011-02-22 14:00:00,83.2538
2011-02-22 15:00:00,89.89286
2011-02-22 16:00:00,84.60425
2011-02-22 17:00:00,81.60898
2011-02-22 18:00:00,85.9093
2011-02-22 19:00:00,77.03748
2011-02-22 20:00:00,78.2103
2011-02-22 21:00:00,76.671326
2011-02-22 22:00:00,70.99603
2011-02-22 23:00:00,70.99603
2011-02-23 00:00:00,66.177666
2011-02-23 01:00:00,67.38179
2011-02-23 02:00:00,62.36492
2011-02-23 03:00:00,63.139164
2011-02-23 05:00:00,61.6004
2011-02-23 06:00:00,61.6004
2011-02-23 07:00:00,62.836178
2011-02-23 08:00:00,67.11611
2011-02-23 09:00:00,74.52886
2011-02-23 10:00:00,79.76374
2011-02-23 11:00:00,92.61698
2011-02-23 12:00:00,108.714714
2011-02-23 13:00:00,137.81761
2011-02-23 14:00:00,145.04839
2011-02-23 15:00:00,156.36761
2011-02-23 16:00:00,158.66852
2011-02-23 17:00:00,156.36761
2011-02-23 18:00:00,147.09285
2011-02-23 19:00:00,130.11092
2011-02-23 20:00:00,88.91087
2011-02-23 21:00:00,87.15732
2011-02-23 22:00:00,87.15732
2011-02-23 23:00:00,83.08974
2011-02-24 00:00:00,83.08974
2011-02-24 01:00:00,82.56464
2011-02-24 02:00:00,78.9754
2011-02-24 03:00:00,80.548004
2011-02-24 05:00:00,82.7592
2011-02-24 06:00:00,79.96732
2011-02-24 07:00:00,81.08034
2011-02-24 08:00:00,87.17556
2011-02-24 09:00:00,78.23214
2011-02-24 10:00:00,88.06079
2011-02-24 11:00:00,109.59674
2011-02-24 12:00:00,125.43534
2011-02-24 13:00:00,135.46057
2011-02-24 14:00:00,143.77438
2011-02-24 15:00:00,102.42072
2011-02-24 16:00:00,103.39403
2011-02-24 17:00:00,101.33236
2011-02-24 18:00:00,87.25213
2011-02-24 19:00:00,65.10872
2011-02-24 20:00:00,80.42905
2011-02-24 21:00:00,87.25213
2011-02-24 22:00:00,69.87393
2011-02-24 23:00:00,90.65108
2011-02-25 00:00:00,106.901215
2011-02-25 01:00:00,116.07579
2011-02-25 02:00:00,116.07579
2011-02-25 03:00:00,106.31037
2011-02-25 05:00:00,106.31037
2011-02-25 06:00:00,95.2661
2011-02-25 07:00:00,82.26788
2011-02-25 08:00:00,91.45384
2011-02-25 09:00:00,58.540394
2011-02-25 10:00:00,82.39268
2011-02-25 11:00:00,182.43399
2011-02-25 12:00:00,139.2565
2011-02-25 13:00:00,139.2565
2011-02-25 14:00:00,134.36342
2011-02-25 15:00:00,191.3706
2011-02-25 16:00:00,132.37411
2011-02-25 17:00:00,136.0185
2011-02-25 18:00:00,132.72087
2011-02-25 19:00:00,123.8105
2011-02-25 20:00:00,126.22097
2011-02-25 21:00:00,116.11393
2011-02-25 22:00:00,111.41271
2011-02-25 23:00:00,99.07013
2011-02-26 00:00:00,64.42101
2011-02-26 01:00:00,60.377617
2011-02-26 02:00:00,46.17625
2011-02-26 03:00:00,51.27968
2011-02-26 04:00:00,52.98918
2011-02-26 05:00:00,50.475784
2011-02-26 06:00:00,39.06435
2011-02-26 07:00:00,42.00514
2011-02-26 08:00:00,59.091946
2011-02-26 09:00:00,66.42723
2011-02-26 10:00:00,91.63836
2011-02-26 11:00:00,83.09413
2011-02-26 12:00:00,101.95115
2011-02-26 13:00:00,105.99926
2011-02-26 14:00:00,106.90849
2011-02-26 15:00:00,117.79516
2011-02-26 16:00:00,130.97879
2011-02-26 17:00:00,141.59668
2011-02-26 18:00:00,121.78864
2011-02-26 19:00:00,103.66923
2011-02-26 20:00:00,81.11613
2011-02-26 21:00:00,64.77062
2011-02-26 22:00:00,49.73397
2011-02-26 23:00:00,52.941425
2011-02-27 00:00:00,33.284443
2011-02-27 01:00:00,31.71387
2011-02-27 02:00:00,31.536142
2011-02-27 03:00:00,30.455511
2011-02-27 04:00:00,27.618847
2011-02-27 06:00:00,26.324755
2011-02-27 07:00:00,27.618847
2011-02-27 08:00:00,29.477415
2011-02-27 09:00:00,33.63332
2011-02-27 10:00:00,44.650845
2011-02-27 11:00:00,92.92841
2011-02-27 12:00:00,132.24316
2011-02-27 13:00:00,151.3839
2011-02-27 14:00:00,179.30458
2011-02-27 15:00:00,209.22903
2011-02-27 16:00:00,227.85138
2011-02-27 17:00:00,159.41568
2011-02-27 18:00:00,146.32489
2011-02-27 19:00:00,138.30992
2011-02-27 20:00:00,132.24316
2011-02-27 21:00:00,112.53261
2011-02-27 22:00:00,124.73127
2011-02-27 23:00:00,109.196075
2011-02-28 00:00:00,127.33505
2011-02-28 01:00:00,61.878876
2011-02-28 03:00:00,76.20128
2011-02-28 05:00:00,124.38381
2011-02-28 06:00:00,109.60543
2011-02-28 07:00:00,116.890465
2011-02-28 08:00:00,86.13793
2011-02-28 09:00:00,124.437584
2011-02-28 10:00:00,168.22733
2011-02-28 11:00:00,195.0079
2011-02-28 12:00:00,195.0079
2011-02-28 13:00:00,107.13671
2011-02-28 14:00:00,79.666
2011-02-28 15:00:00,79.666
2011-02-28 16:00:00,103.11573
2011-02-28 17:00:00,74.28813
2011-02-28 18:00:00,111.41963
2011-02-28 19:00:00,82.284454
2011-02-28 20:00:00,82.284454
2011-02-28 21:00:00,95.89995
2011-02-28 22:00:00,54.06286
2011-02-28 23:00:00,84.63302
2011-03-20 00:00:00,102.86517
2011-03-20 01:00:00,90.33257
2011-03-20 02:00:00,87.20889
2011-03-20 03:00:00,73.07805
2011-03-20 04:00:00,66.83967
2011-03-20 05:00:00,63.553917
2011-03-20 06:00:00,63.18367
2011-03-20 07:00:00,56.389183
2011-03-20 08:00:00,72.1668
2011-03-20 09:00:00,82.48199
2011-03-20 10:00:00,94.78931
2011-03-20 11:00:00,134.10913
2011-03-20 12:00:00,144.26596
2011-03-20 13:00:00,166.07404
2011-03-20 14:00:00,195.33305
2011-03-20 15:00:00,201.75383
2011-03-20 16:00:00,202.3192
2011-03-20 17:00:00,190.45992
2011-03-20 18:00:00,151.00131
2011-03-20 19:00:00,135.48007
2011-03-20 20:00:00,130.97879
2011-03-20 21:00:00,96.23128
2011-03-20 22:00:00,91.13234
2011-03-20 23:00:00,77.02775
2011-03-21 00:00:00,67.6187
2011-03-21 01:00:00,92.82638
2011-03-21 02:00:00,90.18602
2011-03-21 03:00:00,90.18602
2011-03-21 05:00:00,78.731224
2011-03-21 06:00:00,56.808846
2011-03-21 07:00:00,39.87615
2011-03-21 08:00:00,65.93152
2011-03-21 09:00:00,76.179634
2011-03-21 10:00:00,97.63271
2011-03-21 11:00:00,115.3889
2011-03-21 12:00:00,111.590454
2011-03-21 13:00:00,155.5109
2011-03-21 14:00:00,170.45491
2011-03-21 15:00:00,187.31924
2011-03-21 16:00:00,173.59909
2011-03-21 17:00:00,172.8521
2011-03-21 18:00:00,153.85123
2011-03-21 19:00:00,231.24716
2011-03-21 20:00:00,208.85234
2011-03-21 21:00:00,73.989235
2011-03-21 22:00:00,89.381775
2011-03-21 23:00:00,83.25076
2011-03-22 00:00:00,84.349106
2011-03-22 01:00:00,53.725983
2011-03-22 02:00:00,66.90365
2011-03-22 03:00:00,96.081894
2011-03-22 04:00:00,102.51788
2011-03-22 05:00:00,92.95273
2011-03-22 06:00:00,81.836716
2011-03-22 07:00:00,108.89033
2011-03-22 08:00:00,132.8322
2011-03-22 09:00:00,119.877304
2011-03-22 10:00:00,151.62224
2011-03-22 11:00:00,182.55934
2011-03-22 12:00:00,199.70474
2011-03-22 13:00:00,224.7871
2011-03-22 14:00:00,236.98988
2011-03-22 15:00:00,231.25937
2011-03-22 16:00:00,219.0915
2011-03-22 17:00:00,219.0915
2011-03-22 18:00:00,198.38754
2011-03-22 19:00:00,147.42195
2011-03-22 20:00:00,146.5392
2011-03-22 21:00:00,144.87488
2011-03-22 22:00:00,129.24501
2011-03-22 23:00:00,129.24501
2011-03-23 00:00:00,72.66257
2011-03-23 01:00:00,63.677265
2011-03-23 02:00:00,63.677265
2011-03-23 03:00:00,82.39584
2011-03-23 05:00:00,49.531593
2011-03-23 06:00:00,70.452934
2011-03-23 07:00:00,61.379032
2011-03-23 08:00:00,67.37483
2011-03-23 09:00:00,71.88162
2011-03-23 10:00:00,76.015816
2011-03-23 11:00:00,71.653114
2011-03-23 12:00:00,70.21406
2011-03-23 13:00:00,61.76477
2011-03-23 14:00:00,86.0146
2011-03-23 15:00:00,85.731384
2011-03-23 16:00:00,99.702255
2011-03-23 17:00:00,99.702255
2011-03-23 18:00:00,60.833763
2011-03-23 19:00:00,60.833763
2011-03-23 20:00:00,59.610416
2011-03-23 21:00:00,34.164944
2011-03-23 22:00:00,63.93201
2011-03-23 23:00:00,79.91831
2011-03-24 00:00:00,61.379032
2011-03-24 01:00:00,49.93099
2011-03-24 02:00:00,50.790886
2011-03-24 03:00:00,48.336044
2011-03-24 04:00:00,48.336044
2011-03-24 05:00:00,55.124607
2011-03-24 06:00:00,55.124607
2011-03-24 07:00:00,30.309906
2011-03-24 08:00:00,29.117981
2011-03-24 09:00:00,52.564705
2011-03-24 10:00:00,53.145092
2011-03-24 11:00:00,68.827515
2011-03-24 12:00:00,82.76011
2011-03-24 13:00:00,86.561035
2011-03-24 14:00:00,79.662704
2011-03-24 15:00:00,81.67577
2011-03-24 16:00:00,86.640724
2011-03-24 17:00:00,81.79915
2011-03-24 18:00:00,95.25739
2011-03-24 19:00:00,113.57097
2011-03-24 20:00:00,85.175095
2011-03-24 21:00:00,73.294266
2011-03-24 22:00:00,71.87903
2011-03-24 23:00:00,68.063385
2011-03-25 00:00:00,68.57715
2011-03-25 01:00:00,56.999744
2011-03-25 02:00:00,61.401173
2011-03-25 03:00:00,48.190285
2011-03-25 04:00:00,42.033394
2011-03-25 05:00:00,50.093903
2011-03-25 06:00:00,57.2698
2011-03-25 07:00:00,72.59384
2011-03-25 08:00:00,73.88556
2011-03-25 09:00:00,83.166306
2011-03-25 10:00:00,67.4502
2011-03-25 11:00:00,115.31355
2011-03-25 12:00:00,129.70149
2011-03-25 13:00:00,138.7832
2011-03-25 14:00:00,168.26477
2011-03-25 15:00:00,102.45387
2011-03-25 16:00:00,103.72522
2011-03-25 17:00:00,103.64546
2011-03-25 18:00:00,124.00351
2011-03-25 19:00:00,93.80888
2011-03-25 20:00:00,84.21995
2011-03-25 21:00:00,86.96254
2011-03-25 22:00:00,92.44629
2011-03-25 23:00:00,83.86658
2011-03-26 00:00:00,73.89567
2011-03-26 01:00:00,80.549
2011-03-26 02:00:00,52.64958
2011-03-26 03:00:00,42.4796
2011-03-26 04:00:00,52.64958
2011-03-26 05:00:00,36.99488
2011-03-26 06:00:00,26.814714
2011-03-26 07:00:00,36.99488
2011-03-26 08:00:00,50.314304
2011-03-26 09:00:00,62.57384
2011-03-26 10:00:00,73.013016
2011-03-26 11:00:00,90.58636
2011-03-26 12:00:00,107.48257
2011-03-26 13:00:00,129.04013
2011-03-26 14:00:00,156.49324
2011-03-26 15:00:00,161.56322
2011-03-26 16:00:00,186.05246
2011-03-26 17:00:00,161.58498
2011-03-26 18:00:00,148.93677
2011-03-26 19:00:00,72.15988
2011-03-26 20:00:00,72.15988
2011-03-26 21:00:00,66.592186
2011-03-26 22:00:00,77.46702
2011-03-26 23:00:00,64.99227
2011-03-27 00:00:00,71.11955
2011-03-27 01:00:00,49.060802
2011-03-27 02:00:00,39.25486
2011-03-27 03:00:00,24.876669
2011-03-27 04:00:00,20.18757
2011-03-27 06:00:00,17.404926
2011-03-27 07:00:00,16.164845
2011-03-27 08:00:00,17.623413
2011-03-27 09:00:00,32.694508
2011-03-27 10:00:00,39.71866
2011-03-27 11:00:00,55.34825
2011-03-27 12:00:00,65.7101
2011-03-27 13:00:00,97.2996
2011-03-27 14:00:00,124.58863
2011-03-27 15:00:00,115.07875
2011-03-27 16:00:00,127.71998
2011-03-27 17:00:00,134.24168
2011-03-27 18:00:00,117.12849
2011-03-27 19:00:00,123.083145
2011-03-27 20:00:00,96.84846
2011-03-27 21:00:00,73.013016
2011-03-27 22:00:00,73.013016
2011-03-27 23:00:00,67.73334
2011-03-28 00:00:00,66.06134
2011-03-28 01:00:00,77.83116
2011-03-28 02:00:00,77.69902
2011-03-28 03:00:00,77.69902
2011-03-28 05:00:00,67.493515
2011-03-28 06:00:00,75.40759
2011-03-28 07:00:00,82.10147
2011-03-28 08:00:00,85.309395
2011-03-28 09:00:00,71.311615
2011-03-28 10:00:00,108.64343
2011-03-28 11:00:00,79.71669
2011-03-28 12:00:00,78.05816
2011-03-28 13:00:00,86.51363
2011-03-28 14:00:00,166.2867
2011-03-28 15:00:00,161.29129
2011-03-28 16:00:00,175.3964
2011-03-28 17:00:00,173.07089
2011-03-28 18:00:00,168.53941
2011-03-28 19:00:00,150.80048
2011-03-28 20:00:00,159.19273
2011-03-28 21:00:00,164.584
2011-03-28 22:00:00,155.53476
2011-03-28 23:00:00,135.56013
2011-03-29 00:00:00,113.58138
2011-03-29 01:00:00,99.48683
2011-03-29 02:00:00,99.48683
2011-03-29 03:00:00,99.48683
2011-03-29 04:00:00,71.936615
2011-03-29 05:00:00,87.06541
2011-03-29 06:00:00,82.03504
2011-03-29 07:00:00,80.90923
2011-03-29 08:00:00,95.10017
2011-03-29 09:00:00,125.64711
2011-03-29 10:00:00,146.35782
2011-03-29 11:00:00,109.812775
2011-03-29 12:00:00,168.57988
2011-03-29 13:00:00,168.3882
2011-03-29 14:00:00,184.31311
2011-03-29 15:00:00,202.06244
2011-03-29 16:00:00,200.0476
2011-03-29 17:00:00,210.72722
2011-03-29 18:00:00,179.36139
2011-03-29 19:00:00,175.3874
2011-03-29 20:00:00,179.36139
2011-03-29 21:00:00,115.067024
2011-03-29 22:00:00,97.35918
2011-03-29 23:00:00,88.807594
2011-03-30 00:00:00,83.18436
2011-03-30 01:00:00,115.09342
2011-03-30 02:00:00,83.18436
2011-03-30 03:00:00,78.19569
2011-03-30 04:00:00,83.18436
2011-03-30 05:00:00,90.61853
2011-03-30 06:00:00,85.68712
2011-03-30 07:00:00,86.29726
2011-03-30 08:00:00,93.18216
2011-03-30 09:00:00,102.44453
2011-03-30 10:00:00,109.23941
2011-03-30 11:00:00,112.90702
2011-03-30 12:00:00,98.38458
2011-03-30 13:00:00,115.45503
2011-03-30 14:00:00,122.12705
2011-03-30 15:00:00,42.843548
2011-03-30 16:00:00,39.288864
2011-03-30 17:00:00,43.779835
2011-03-30 18:00:00,52.564705
2011-03-30 19:00:00,52.564705
2011-03-30 20:00:00,30.204014
2011-03-30 21:00:00,50.098568
2011-03-30 22:00:00,31.622055
2011-03-30 23:00:00,30.375504
2011-03-31 00:00:00,31.622055
2011-03-31 01:00:00,33.09338
2011-03-31 02:00:00,33.09338
2011-03-31 03:00:00,31.622055
2011-03-31 04:00:00,30.272596
2011-03-31 05:00:00,31.622055
2011-03-31 06:00:00,30.204014
2011-03-31 07:00:00,30.272596
2011-03-31 08:00:00,44.07754
2011-03-31 09:00:00,33.094864
2011-03-31 10:00:00,33.094864
2011-03-31 11:00:00,38.52008
2011-03-31 12:00:00,38.52008
2011-03-31 13:00:00,52.2466
2011-03-31 14:00:00,52.2466
2011-03-31 15:00:00,41.277702
2011-03-31 16:00:00,62.55088
2011-03-31 17:00:00,62.55088
2011-03-31 18:00:00,68.91252
2011-03-31 19:00:00,68.91252
2011-03-31 20:00:00,35.40939
2011-03-31 21:00:00,58.02295
2011-03-31 22:00:00,35.468914
2011-03-31 23:00:00,34.099236
2011-04-20 00:00:00,77.30057
2011-04-20 01:00:00,62.55271
2011-04-20 02:00:00,62.55271
2011-04-20 03:00:00,56.07665
2011-04-20 04:00:00,48.548405
2011-04-20 05:00:00,59.862144
2011-04-20 06:00:00,62.55271
2011-04-20 07:00:00,60.49306
2011-04-20 08:00:00,229.82771
2011-04-20 09:00:00,277.47076
2011-04-20 10:00:00,202.15778
2011-04-20 11:00:00,202.15778
2011-04-20 12:00:00,316.94864
2011-04-20 13:00:00,316.94864
2011-04-20 14:00:00,334.66434
2011-04-20 15:00:00,298.69998
2011-04-20 16:00:00,298.69998
2011-04-20 17:00:00,288.04263
2011-04-20 18:00:00,365.7018
2011-04-20 19:00:00,351.7446
2011-04-20 20:00:00,329.2243
2011-04-20 21:00:00,334.8965
2011-04-20 22:00:00,310.9964
2011-04-20 23:00:00,307.02438
2011-04-21 00:00:00,264.73434
2011-04-21 01:00:00,236.33545
2011-04-21 02:00:00,236.15535
2011-04-21 03:00:00,143.85417
2011-04-21 04:00:00,134.70972
2011-04-21 05:00:00,125.2811
2011-04-21 06:00:00,117.65085
2011-04-21 07:00:00,130.23975
2011-04-21 08:00:00,120.73492
2011-04-21 09:00:00,140.64238
2011-04-21 10:00:00,186.72897
2011-04-21 11:00:00,204.4144
2011-04-21 12:00:00,210.89337
2011-04-21 13:00:00,245.01721
2011-04-21 14:00:00,254.09715
2011-04-21 15:00:00,272.11444
2011-04-21 16:00:00,277.46603
2011-04-21 17:00:00,254.09329
2011-04-21 18:00:00,271.99335
2011-04-21 19:00:00,243.4039
2011-04-21 20:00:00,214.16391
2011-04-21 21:00:00,172.00688
2011-04-21 22:00:00,182.48747
2011-04-21 23:00:00,159.00597
2011-04-22 00:00:00,102.33172
2011-04-22 01:00:00,123.133606
2011-04-22 02:00:00,131.37807
2011-04-22 03:00:00,131.37807
2011-04-22 04:00:00,118.628296
2011-04-22 05:00:00,108.24492
2011-04-22 06:00:00,118.628296
2011-04-22 07:00:00,113.51138
2011-04-22 08:00:00,111.090004
2011-04-22 09:00:00,76.6199
2011-04-22 10:00:00,103.80149
2011-04-22 11:00:00,75.76789
2011-04-22 12:00:00,73.24493
2011-04-22 13:00:00,53.241886
2011-04-22 14:00:00,47.654743
2011-04-22 15:00:00,53.241886
2011-04-22 16:00:00,61.76477
2011-04-22 17:00:00,42.635735
2011-04-22 18:00:00,42.635735
2011-04-22 19:00:00,42.635735
2011-04-22 20:00:00,47.20703
2011-04-22 21:00:00,43.567913
2011-04-22 22:00:00,44.010826
2011-04-22 23:00:00,56.20795
2011-04-23 00:00:00,31.306707
2011-04-23 01:00:00,31.306707
2011-04-23 02:00:00,42.292202
2011-04-23 03:00:00,48.209717
2011-04-23 04:00:00,60.25427
2011-04-23 05:00:00,60.25427
2011-04-23 06:00:00,34.031883
2011-04-23 07:00:00,42.982357
2011-04-23 08:00:00,37.02767
2011-04-23 09:00:00,47.153954
2011-04-23 10:00:00,86.01448
2011-04-23 11:00:00,101.76936
2011-04-23 12:00:00,98.10128
2011-04-23 13:00:00,95.18018
2011-04-23 14:00:00,149.83075
2011-04-23 15:00:00,197.36078
2011-04-23 16:00:00,183.4156
2011-04-23 17:00:00,191.80481
2011-04-23 18:00:00,121.205795
2011-04-23 19:00:00,103.80367
2011-04-23 20:00:00,128.8014
2011-04-23 21:00:00,149.82956
2011-04-23 22:00:00,175.47134
2011-04-23 23:00:00,127.79545
2011-04-24 00:00:00,75.45519
2011-04-24 01:00:00,49.031868
2011-04-24 02:00:00,49.031868
2011-04-24 03:00:00,32.41648
2011-04-24 04:00:00,32.41648
2011-04-24 05:00:00,32.41648
2011-04-24 06:00:00,55.59648
2011-04-24 07:00:00,55.59648
2011-04-24 08:00:00,43.39158
2011-04-24 09:00:00,79.947525
2011-04-24 10:00:00,127.014175
2011-04-24 11:00:00,215.59477
2011-04-24 12:00:00,261.6817
2011-04-24 13:00:00,329.04672
2011-04-24 14:00:00,362.06424
2011-04-24 15:00:00,283.63107
2011-04-24 16:00:00,403.83963
2011-04-24 17:00:00,268.18427
2011-04-24 18:00:00,192.49104
2011-04-24 19:00:00,151.79646
2011-04-24 20:00:00,151.79646
2011-04-24 21:00:00,126.63553
2011-04-24 22:00:00,116.976654
2011-04-24 23:00:00,123.91021
2011-04-25 00:00:00,113.64287
2011-04-25 01:00:00,74.596855
2011-04-25 02:00:00,74.596855
2011-04-25 03:00:00,109.04234
2011-04-25 04:00:00,114.592804
2011-04-25 05:00:00,97.98681
2011-04-25 06:00:00,109.21078
2011-04-25 07:00:00,115.70777
2011-04-25 08:00:00,106.98839
2011-04-25 09:00:00,138.49353
2011-04-25 10:00:00,219.94383
2011-04-25 11:00:00,219.94383
2011-04-25 12:00:00,229.95686
2011-04-25 13:00:00,274.33795
2011-04-25 14:00:00,312.4714
2011-04-25 15:00:00,322.90997
2011-04-25 16:00:00,307.7117
2011-04-25 17:00:00,307.44653
2011-04-25 18:00:00,294.76883
2011-04-25 19:00:00,287.41415
2011-04-25 20:00:00,277.47076
2011-04-25 21:00:00,233.55214
2011-04-25 22:00:00,211.87144
2011-04-25 23:00:00,183.4
2011-04-26 00:00:00,235.7125
2011-04-26 01:00:00,218.26373
2011-04-26 02:00:00,166.7912
2011-04-26 03:00:00,133.05618
2011-04-26 04:00:00,149.37073
2011-04-26 05:00:00,125.434044
2011-04-26 06:00:00,123.84815
2011-04-26 07:00:00,168.20598
2011-04-26 08:00:00,168.20598
2011-04-26 09:00:00,231.94656
2011-04-26 10:00:00,255.0483
2011-04-26 11:00:00,276.2261
2011-04-26 12:00:00,294.61343
2011-04-26 13:00:00,320.78976
2011-04-26 14:00:00,306.81223
2011-04-26 15:00:00,294.35928
2011-04-26 16:00:00,299.84177
2011-04-26 17:00:00,286.76843
2011-04-26 18:00:00,269.65088
2011-04-26 19:00:00,234.31075
2011-04-26 20:00:00,231.94656
2011-04-26 21:00:00,201.11073
2011-04-26 22:00:00,167.32068
2011-04-26 23:00:00,167.5546
2011-04-27 00:00:00,152.8991
2011-04-27 01:00:00,161.57996
2011-04-27 02:00:00,137.10368
2011-04-27 03:00:00,152.07541
2011-04-27 04:00:00,104.856834
2011-04-27 05:00:00,134.68002
2011-04-27 06:00:00,111.992134
2011-04-27 07:00:00,152.07541
2011-04-27 08:00:00,151.35445
2011-04-27 09:00:00,161.90343
2011-04-27 10:00:00,178.45438
2011-04-27 11:00:00,196.75404
2011-04-27 12:00:00,220.42609
2011-04-27 13:00:00,209.05737
2011-04-27 14:00:00,242.60266
2011-04-27 15:00:00,274.36493
2011-04-27 16:00:00,270.33047
2011-04-27 17:00:00,143.96625
2011-04-27 18:00:00,143.96625
2011-04-27 19:00:00,201.11073
2011-04-27 20:00:00,193.20729
2011-04-27 21:00:00,154.77171
2011-04-27 22:00:00,167.19397
2011-04-27 23:00:00,168.43144
2011-04-28 00:00:00,215.22748
2011-04-28 01:00:00,179.23726
2011-04-28 02:00:00,183.18451
2011-04-28 03:00:00,199.63753
2011-04-28 04:00:00,180.5749
2011-04-28 05:00:00,179.23726
2011-04-28 06:00:00,200.61157
2011-04-28 07:00:00,200.02034
2011-04-28 08:00:00,209.27148
2011-04-28 09:00:00,119.803215
2011-04-28 10:00:00,165.87741
2011-04-28 11:00:00,178.45438
2011-04-28 12:00:00,187.73607
2011-04-28 13:00:00,178.66382
2011-04-28 14:00:00,181.67459
2011-04-28 15:00:00,254.70377
2011-04-28 16:00:00,194.00093
2011-04-28 17:00:00,299.27744
2011-04-28 18:00:00,299.27744
2011-04-28 19:00:00,305.204
2011-04-28 20:00:00,274.8413
2011-04-28 21:00:00,249.93259
2011-04-28 22:00:00,242.29071
2011-04-28 23:00:00,245.94786
2011-04-29 00:00:00,251.86087
2011-04-29 01:00:00,208.17279
2011-04-29 02:00:00,138.82982
2011-04-29 03:00:00,146.2088
2011-04-29 04:00:00,174.02306
2011-04-29 05:00:00,185.94644
2011-04-29 06:00:00,227.91211
2011-04-29 07:00:00,239.34029
2011-04-29 08:00:00,263.98373
2011-04-29 09:00:00,264.7768
2011-04-29 10:00:00,272.7555
2011-04-29 11:00:00,309.02026
2011-04-29 12:00:00,279.11417
2011-04-29 13:00:00,279.72266
2011-04-29 14:00:00,320.13016
2011-04-29 15:00:00,204.70012
2011-04-29 16:00:00,192.91641
2011-04-29 17:00:00,177.05966
2011-04-29 18:00:00,232.40633
2011-04-29 19:00:00,182.37376
2011-04-29 20:00:00,207.6483
2011-04-29 21:00:00,184.27303
2011-04-29 22:00:00,137.05435
2011-04-29 23:00:00,122.9536
2011-04-30 00:00:00,142.00429
2011-04-30 01:00:00,144.59195
2011-04-30 02:00:00,143.52592
2011-04-30 03:00:00,134.68263
2011-04-30 04:00:00,133.98329
2011-04-30 05:00:00,135.72868
2011-04-30 06:00:00,116.44178
2011-04-30 07:00:00,123.04281
2011-04-30 08:00:00,127.40819
2011-04-30 09:00:00,162.52908
2011-04-30 10:00:00,217.2454
2011-04-30 11:00:00,244.50157
2011-04-30 12:00:00,256.7996
2011-04-30 13:00:00,303.13303
2011-04-30 14:00:00,305.90045
2011-04-30 15:00:00,317.55743
2011-04-30 16:00:00,344.90195
2011-04-30 17:00:00,286.76572
2011-04-30 18:00:00,269.97134
2011-04-30 19:00:00,269.97134
2011-04-30 20:00:00,101.101524
2011-04-30 21:00:00,101.101524
2011-04-30 22:00:00,77.98898
2011-04-30 23:00:00,77.98898
2011-05-20 00:00:00,71.33726
2011-05-20 01:00:00,55.33905
2011-05-20 02:00:00,55.939163
2011-05-20 03:00:00,51.15321
2011-05-20 04:00:00,66.90365
2011-05-20 05:00:00,67.30696
2011-05-20 06:00:00,83.85862
2011-05-20 07:00:00,122.389305
2011-05-20 08:00:00,160.7488
2011-05-20 09:00:00,186.1444
2011-05-20 10:00:00,208.85234
2011-05-20 11:00:00,195.93983
2011-05-20 12:00:00,223.4673
2011-05-20 13:00:00,175.32112
2011-05-20 14:00:00,283.50894
2011-05-20 15:00:00,225.86868
2011-05-20 16:00:00,230.09154
2011-05-20 17:00:00,236.37889
2011-05-20 18:00:00,263.94193
2011-05-20 19:00:00,201.69717
2011-05-20 20:00:00,204.72604
2011-05-20 21:00:00,193.67221
2011-05-20 22:00:00,147.86856
2011-05-20 23:00:00,151.05367
2011-05-21 00:00:00,79.71035
2011-05-21 01:00:00,81.02215
2011-05-21 02:00:00,99.22563
2011-05-21 03:00:00,51.579067
2011-05-21 04:00:00,36.515396
2011-05-21 05:00:00,35.033676
2011-05-21 06:00:00,59.29695
2011-05-21 07:00:00,112.36585
2011-05-21 08:00:00,173.86397
2011-05-21 09:00:00,233.07596
2011-05-21 10:00:00,223.58449
2011-05-21 11:00:00,301.95096
2011-05-21 12:00:00,279.5467
2011-05-21 13:00:00,321.70087
2011-05-21 14:00:00,346.78128
2011-05-21 15:00:00,408.59418
2011-05-21 16:00:00,386.50842
2011-05-21 17:00:00,371.29535
2011-05-21 18:00:00,346.8299
2011-05-21 19:00:00,362.15106
2011-05-21 20:00:00,192.43712
2011-05-21 21:00:00,223.58449
2011-05-21 22:00:00,170.4769
2011-05-21 23:00:00,96.725044
2011-05-22 00:00:00,58.143105
2011-05-22 01:00:00,37.57252
2011-05-22 02:00:00,35.89055
2011-05-22 03:00:00,25.924852
2011-05-22 04:00:00,24.38102
2011-05-22 05:00:00,25.924852
2011-05-22 06:00:00,35.89055
2011-05-22 07:00:00,51.14349
2011-05-22 08:00:00,136.3378
2011-05-22 09:00:00,169.26509
2011-05-22 10:00:00,208.62022
2011-05-22 11:00:00,330.5573
2011-05-22 12:00:00,335.11035
2011-05-22 13:00:00,293.27762
2011-05-22 14:00:00,189.91049
2011-05-22 15:00:00,254.64
2011-05-22 16:00:00,250.52147
2011-05-22 17:00:00,320.44476
2011-05-22 18:00:00,274.99802
2011-05-22 19:00:00,264.88193
2011-05-22 20:00:00,218.72238
2011-05-22 21:00:00,171.04012
2011-05-22 22:00:00,90.67738
2011-05-22 23:00:00,149.8921
2011-05-23 00:00:00,149.0302
2011-05-23 01:00:00,106.98839
2011-05-23 02:00:00,113.886475
2011-05-23 03:00:00,103.02433
2011-05-23 04:00:00,135.84839
2011-05-23 05:00:00,135.84839
2011-05-23 06:00:00,118.14042
2011-05-23 07:00:00,140.15884
2011-05-23 08:00:00,126.46703
2011-05-23 09:00:00,132.68501
2011-05-23 10:00:00,234.46193
2011-05-23 11:00:00,263.9572
2011-05-23 12:00:00,263.9572
2011-05-23 13:00:00,259.97397
2011-05-23 14:00:00,236.90456
2011-05-23 15:00:00,246.81708
2011-05-23 16:00:00,257.2887
2011-05-23 17:00:00,202.32114
2011-05-23 18:00:00,253.17578
2011-05-23 19:00:00,242.8971
2011-05-23 20:00:00,164.04993
2011-05-23 21:00:00,139.93846
2011-05-23 22:00:00,115.941345
2011-05-23 23:00:00,165.70197
2011-05-24 00:00:00,146.66609
2011-05-24 01:00:00,147.58017
2011-05-24 02:00:00,146.66609
2011-05-24 03:00:00,145.57602
2011-05-24 04:00:00,112.99055
2011-05-24 05:00:00,141.81712
2011-05-24 06:00:00,142.68762
2011-05-24 07:00:00,152.89536
2011-05-24 08:00:00,134.33974
2011-05-24 09:00:00,204.36028
2011-05-24 10:00:00,293.90195
2011-05-24 11:00:00,322.90997
2011-05-24 12:00:00,339.11166
2011-05-24 13:00:00,341.12628
2011-05-24 14:00:00,341.99643
2011-05-24 15:00:00,221.88976
2011-05-24 16:00:00,238.62074
2011-05-24 17:00:00,260.26254
2011-05-24 18:00:00,249.88824
2011-05-24 19:00:00,217.48672
2011-05-24 20:00:00,188.53168
2011-05-24 21:00:00,162.23277
2011-05-24 22:00:00,126.40797
2011-05-24 23:00:00,175.61082
2011-05-25 00:00:00,126.787735
2011-05-25 01:00:00,122.02953
2011-05-25 02:00:00,138.76793
2011-05-25 03:00:00,76.63173
2011-05-25 04:00:00,75.38428
2011-05-25 05:00:00,105.628075
2011-05-25 06:00:00,89.71871
2011-05-25 07:00:00,191.48836
2011-05-25 08:00:00,236.08977
2011-05-25 09:00:00,235.91064
2011-05-25 10:00:00,254.5531
2011-05-25 11:00:00,293.84714
2011-05-25 12:00:00,298.16272
2011-05-25 13:00:00,298.16272
2011-05-25 14:00:00,306.16263
2011-05-25 15:00:00,327.7133
2011-05-25 16:00:00,325.41794
2011-05-25 17:00:00,322.90997
2011-05-25 18:00:00,304.50793
2011-05-25 19:00:00,270.50336
2011-05-25 20:00:00,276.85544
2011-05-25 21:00:00,226.6548
2011-05-25 22:00:00,249.5398
2011-05-25 23:00:00,200.475
2011-05-26 00:00:00,200.475
2011-05-26 01:00:00,200.475
2011-05-26 02:00:00,138.24785
2011-05-26 03:00:00,111.16308
2011-05-26 04:00:00,108.57396
2011-05-26 05:00:00,161.04745
2011-05-26 06:00:00,130.16592
2011-05-26 07:00:00,153.04657
2011-05-26 08:00:00,189.12546
2011-05-26 09:00:00,250.47934
2011-05-26 10:00:00,253.17578
2011-05-26 11:00:00,287.5899
2011-05-26 12:00:00,324.34106
2011-05-26 13:00:00,334.91147
2011-05-26 14:00:00,334.91147
2011-05-26 15:00:00,296.8452
2011-05-26 16:00:00,288.3644
2011-05-26 17:00:00,343.28986
2011-05-26 18:00:00,345.36758
2011-05-26 19:00:00,343.36923
2011-05-26 20:00:00,295.5449
2011-05-26 21:00:00,253.705
2011-05-26 22:00:00,255.79745
2011-05-26 23:00:00,268.30835
2011-05-27 00:00:00,257.4791
2011-05-27 01:00:00,299.4513
2011-05-27 02:00:00,281.4576
2011-05-27 03:00:00,230.9485
2011-05-27 04:00:00,219.15381
2011-05-27 05:00:00,256.85635
2011-05-27 06:00:00,207.11165
2011-05-27 07:00:00,208.03113
2011-05-27 08:00:00,233.51999
2011-05-27 09:00:00,281.8524
2011-05-27 10:00:00,313.88068
2011-05-27 11:00:00,268.5253
2011-05-27 12:00:00,273.959
2011-05-27 13:00:00,305.97
2011-05-27 14:00:00,322.32343
2011-05-27 15:00:00,337.37262
2011-05-27 16:00:00,270.462
2011-05-27 17:00:00,314.17502
2011-05-27 18:00:00,257.2887
2011-05-27 19:00:00,132.39098
2011-05-27 20:00:00,195.19969
2011-05-27 21:00:00,133.38907
2011-05-27 22:00:00,160.42482
2011-05-27 23:00:00,114.86685
2011-05-28 00:00:00,65.61239
2011-05-28 01:00:00,77.02699
2011-05-28 02:00:00,50.916035
2011-05-28 03:00:00,75.33641
2011-05-28 04:00:00,79.947525
2011-05-28 05:00:00,75.33641
2011-05-28 06:00:00,108.559166
2011-05-28 07:00:00,118.70128
2011-05-28 08:00:00,141.09273
2011-05-28 09:00:00,193.42265
2011-05-28 10:00:00,259.6108
2011-05-28 11:00:00,259.6108
2011-05-28 12:00:00,326.562
2011-05-28 13:00:00,290.5052
2011-05-28 14:00:00,321.98438
2011-05-28 15:00:00,343.7236
2011-05-28 16:00:00,365.5331
2011-05-28 17:00:00,365.5719
2011-05-28 18:00:00,299.81976
2011-05-28 19:00:00,249.59692
2011-05-28 20:00:00,259.6108
2011-05-28 21:00:00,205.43228
2011-05-28 22:00:00,158.18547
2011-05-28 23:00:00,114.6586
2011-05-29 00:00:00,122.51749
2011-05-29 01:00:00,80.33526
2011-05-29 02:00:00,67.9978
2011-05-29 03:00:00,67.9978
2011-05-29 04:00:00,62.647846
2011-05-29 05:00:00,52.42001
2011-05-29 06:00:00,153.5914
2011-05-29 07:00:00,157.31332
2011-05-29 08:00:00,157.68777
2011-05-29 09:00:00,135.2798
2011-05-29 10:00:00,184.75452
2011-05-29 11:00:00,187.19818
2011-05-29 12:00:00,234.42685
2011-05-29 13:00:00,252.85532
2011-05-29 14:00:00,258.004
2011-05-29 15:00:00,262.9838
2011-05-29 16:00:00,258.004
2011-05-29 17:00:00,258.004
2011-05-29 18:00:00,228.94817
2011-05-29 19:00:00,220.21567
2011-05-29 20:00:00,161.81831
2011-05-29 21:00:00,120.56202
2011-05-29 22:00:00,77.161995
2011-05-29 23:00:00,84.276085
2011-05-30 00:00:00,87.20651
2011-05-30 01:00:00,69.550545
2011-05-30 02:00:00,87.20651
2011-05-30 03:00:00,87.20651
2011-05-30 04:00:00,76.028625
2011-05-30 05:00:00,121.01619
2011-05-30 06:00:00,119.13746
2011-05-30 07:00:00,89.894844
2011-05-30 08:00:00,150.84727
2011-05-30 09:00:00,175.30249
2011-05-30 10:00:00,373.30606
2011-05-30 11:00:00,323.8974
2011-05-30 12:00:00,399.3688
2011-05-30 13:00:00,407.87375
2011-05-30 14:00:00,417.794
2011-05-30 15:00:00,464.04254
2011-05-30 16:00:00,474.19174
2011-05-30 17:00:00,445.40714
2011-05-30 18:00:00,434.73358
2011-05-30 19:00:00,206.88774
2011-05-30 20:00:00,256.84085
2011-05-30 21:00:00,218.98076
2011-05-30 22:00:00,198.7706
2011-05-30 23:00:00,111.254776
2011-05-31 00:00:00,172.7359
2011-05-31 01:00:00,122.96872
2011-05-31 02:00:00,162.92134
2011-05-31 03:00:00,147.626
2011-05-31 04:00:00,144.49084
2011-05-31 05:00:00,144.49084
2011-05-31 06:00:00,166.90776
2011-05-31 07:00:00,246.63333
2011-05-31 08:00:00,290.86655
2011-05-31 09:00:00,300.532
2011-05-31 10:00:00,300.89835
2011-05-31 11:00:00,288.5078
2011-05-31 12:00:00,314.84695
2011-05-31 13:00:00,334.17264
2011-05-31 14:00:00,312.94675
2011-05-31 15:00:00,338.50244
2011-05-31 16:00:00,328.76822
2011-05-31 17:00:00,326.42282
2011-05-31 18:00:00,320.76337
2011-05-31 19:00:00,269.47137
2011-05-31 20:00:00,269.47137
2011-05-31 21:00:00,250.82013
2011-05-31 22:00:00,254.18092
2011-05-31 23:00:00,178.8511
2011-06-20 00:00:00,163.98499
2011-06-20 01:00:00,115.86324
2011-06-20 02:00:00,115.86324
2011-06-20 03:00:00,150.8054
2011-06-20 04:00:00,130.51479
2011-06-20 05:00:00,138.9713
2011-06-20 06:00:00,137.54485
2011-06-20 07:00:00,110.10646
2011-06-20 08:00:00,115.6185
2011-06-20 09:00:00,178.58147
2011-06-20 10:00:00,178.58147
2011-06-20 11:00:00,173.35048
2011-06-20 12:00:00,202.0811
2011-06-20 13:00:00,227.45663
2011-06-20 14:00:00,249.17206
2011-06-20 15:00:00,255.92114
2011-06-20 16:00:00,288.01627
2011-06-20 17:00:00,250.8526
2011-06-20 18:00:00,290.9124
2011-06-20 19:00:00,259.2676
2011-06-20 20:00:00,244.4033
2011-06-20 21:00:00,208.03113
2011-06-20 22:00:00,205.15634
2011-06-20 23:00:00,194.00093
2011-06-21 00:00:00,135.75668
2011-06-21 01:00:00,148.26192
2011-06-21 02:00:00,126.89829
2011-06-21 03:00:00,126.89829
2011-06-21 04:00:00,116.4524
2011-06-21 05:00:00,124.22351
2011-06-21 06:00:00,124.22351
2011-06-21 07:00:00,73.13354
2011-06-21 08:00:00,122.54133
2011-06-21 09:00:00,140.45164
2011-06-21 10:00:00,160.02353
2011-06-21 11:00:00,113.630646
2011-06-21 12:00:00,173.22589
2011-06-21 13:00:00,227.87057
2011-06-21 14:00:00,263.58243
2011-06-21 15:00:00,280.20163
2011-06-21 16:00:00,275.0397
2011-06-21 17:00:00,257.58463
2011-06-21 18:00:00,248.3074
2011-06-21 19:00:00,226.54578
2011-06-21 20:00:00,253.8088
2011-06-21 21:00:00,192.87102
2011-06-21 22:00:00,123.67158
2011-06-21 23:00:00,147.72281
2011-06-22 00:00:00,152.2458
2011-06-22 01:00:00,128.4192
2011-06-22 02:00:00,91.7157
2011-06-22 03:00:00,128.4192
2011-06-22 04:00:00,69.589455
2011-06-22 05:00:00,50.50051
2011-06-22 06:00:00,72.63718
2011-06-22 07:00:00,95.87257
2011-06-22 08:00:00,155.38132
2011-06-22 09:00:00,152.61124
2011-06-22 10:00:00,246.56096
2011-06-22 11:00:00,205.3932
2011-06-22 12:00:00,275.13065
2011-06-22 13:00:00,285.7886
2011-06-22 14:00:00,294.9834
2011-06-22 15:00:00,285.9025
2011-06-22 16:00:00,278.6861
2011-06-22 17:00:00,280.93234
2011-06-22 18:00:00,275.06433
2011-06-22 19:00:00,290.6858
2011-06-22 20:00:00,173.02844
2011-06-22 21:00:00,158.03143
2011-06-22 22:00:00,201.7729
2011-06-22 23:00:00,203.01134
2011-06-23 00:00:00,177.56577
2011-06-23 01:00:00,207.11656
2011-06-23 02:00:00,207.11656
2011-06-23 03:00:00,216.686
2011-06-23 04:00:00,193.38095
2011-06-23 05:00:00,179.96558
2011-06-23 06:00:00,179.96558
2011-06-23 07:00:00,215.22229
2011-06-23 08:00:00,237.98181
2011-06-23 09:00:00,232.51633
2011-06-23 10:00:00,252.9428
2011-06-23 11:00:00,273.05875
2011-06-23 12:00:00,256.29977
2011-06-23 13:00:00,262.30606
2011-06-23 14:00:00,255.21696
2011-06-23 15:00:00,282.81216
2011-06-23 16:00:00,259.45795
2011-06-23 17:00:00,234.02367
2011-06-23 18:00:00,264.1954
2011-06-23 19:00:00,263.69415
2011-06-23 20:00:00,201.4538
2011-06-23 21:00:00,186.59901
2011-06-23 22:00:00,218.67915
2011-06-23 23:00:00,227.6529
2011-06-24 00:00:00,151.42032
2011-06-24 01:00:00,176.04883
2011-06-24 02:00:00,176.04883
2011-06-24 03:00:00,113.630646
2011-06-24 04:00:00,89.25122
2011-06-24 05:00:00,60.56777
2011-06-24 06:00:00,103.61252
2011-06-24 07:00:00,167.14566
2011-06-24 08:00:00,201.4538
2011-06-24 09:00:00,230.48048
2011-06-24 10:00:00,316.39886
2011-06-24 11:00:00,335.32315
2011-06-24 12:00:00,322.28943
2011-06-24 13:00:00,324.24667
2011-06-24 14:00:00,318.68097
2011-06-24 15:00:00,352.45572
2011-06-24 16:00:00,357.61914
2011-06-24 17:00:00,330.38104
2011-06-24 18:00:00,336.43527
2011-06-24 19:00:00,320.82565
2011-06-24 20:00:00,289.91257
2011-06-24 21:00:00,271.04953
2011-06-24 22:00:00,243.59232
2011-06-24 23:00:00,261.96896
2011-06-25 00:00:00,354.2953
2011-06-25 01:00:00,325.78098
2011-06-25 02:00:00,327.7908
2011-06-25 03:00:00,274.7339
2011-06-25 04:00:00,274.7339
2011-06-25 05:00:00,214.02525
2011-06-25 06:00:00,285.74237
2011-06-25 07:00:00,306.25308
2011-06-25 08:00:00,378.04373
2011-06-25 09:00:00,396.9964
2011-06-25 10:00:00,380.80148
2011-06-25 11:00:00,348.91818
2011-06-25 12:00:00,426.80167
2011-06-25 13:00:00,426.80167
2011-06-25 14:00:00,403.777
2011-06-25 15:00:00,324.73584
2011-06-25 16:00:00,412.81525
2011-06-25 17:00:00,404.06165
2011-06-25 18:00:00,396.9964
2011-06-25 19:00:00,383.15225
2011-06-25 20:00:00,358.11853
2011-06-25 21:00:00,316.89066
2011-06-25 22:00:00,365.80212
2011-06-25 23:00:00,335.24884
2011-06-26 00:00:00,251.29405
2011-06-26 01:00:00,274.34842
2011-06-26 02:00:00,240.9472
2011-06-26 03:00:00,181.47633
2011-06-26 04:00:00,177.19026
2011-06-26 05:00:00,159.61989
2011-06-26 06:00:00,159.61989
2011-06-26 07:00:00,184.0781
2011-06-26 08:00:00,236.70456
2011-06-26 09:00:00,259.05978
2011-06-26 10:00:00,318.32416
2011-06-26 11:00:00,357.38855
2011-06-26 12:00:00,400.68674
2011-06-26 13:00:00,364.1328
2011-06-26 14:00:00,393.65686
2011-06-26 15:00:00,364.1328
2011-06-26 16:00:00,396.52798
2011-06-26 17:00:00,396.61093
2011-06-26 18:00:00,381.41327
2011-06-26 19:00:00,358.29578
2011-06-26 20:00:00,347.08105
2011-06-26 21:00:00,306.51453
2011-06-26 22:00:00,273.91522
2011-06-26 23:00:00,261.25406
2011-06-27 00:00:00,174.03825
2011-06-27 01:00:00,178.95601
2011-06-27 02:00:00,151.26836
2011-06-27 03:00:00,151.26836
2011-06-27 04:00:00,147.87932
2011-06-27 05:00:00,156.82384
2011-06-27 06:00:00,178.74864
2011-06-27 07:00:00,207.94531
2011-06-27 08:00:00,177.67352
2011-06-27 09:00:00,272.3936
2011-06-27 10:00:00,277.37497
2011-06-27 11:00:00,258.58728
2011-06-27 12:00:00,272.3936
2011-06-27 13:00:00,267.195
2011-06-27 14:00:00,268.03778
2011-06-27 15:00:00,272.9695
2011-06-27 16:00:00,242.30048
2011-06-27 17:00:00,251.0985
2011-06-27 18:00:00,231.00902
2011-06-27 19:00:00,253.17213
2011-06-27 20:00:00,193.53557
2011-06-27 21:00:00,159.17381
2011-06-27 22:00:00,136.35208
2011-06-27 23:00:00,136.35208
2011-06-28 00:00:00,187.08247
2011-06-28 01:00:00,108.26108
2011-06-28 02:00:00,187.2764
2011-06-28 03:00:00,187.2764
2011-06-28 04:00:00,108.26108
2011-06-28 05:00:00,91.7157
2011-06-28 06:00:00,113.630646
2011-06-28 07:00:00,130.16193
2011-06-28 08:00:00,145.21329
2011-06-28 09:00:00,145.86462
2011-06-28 10:00:00,279.07217
2011-06-28 11:00:00,257.7689
2011-06-28 12:00:00,299.47733
2011-06-28 13:00:00,265.92984
2011-06-28 14:00:00,306.43552
2011-06-28 15:00:00,276.866
2011-06-28 16:00:00,309.67633
2011-06-28 17:00:00,296.4876
2011-06-28 18:00:00,292.57227
2011-06-28 19:00:00,249.23914
2011-06-28 20:00:00,182.83873
2011-06-28 21:00:00,268.29346
2011-06-28 22:00:00,249.49281
2011-06-28 23:00:00,245.53459
2011-06-29 00:00:00,194.16989
2011-06-29 01:00:00,195.69151
2011-06-29 02:00:00,137.80829
2011-06-29 03:00:00,161.58298
2011-06-29 04:00:00,93.999825
2011-06-29 05:00:00,120.07006
2011-06-29 06:00:00,241.54303
2011-06-29 07:00:00,281.57706
2011-06-29 08:00:00,307.89056
2011-06-29 09:00:00,323.5571
2011-06-29 10:00:00,322.95944
2011-06-29 11:00:00,330.0717
2011-06-29 12:00:00,334.96774
2011-06-29 13:00:00,352.25522
2011-06-29 14:00:00,330.98117
2011-06-29 15:00:00,328.32318
2011-06-29 16:00:00,365.1799
2011-06-29 17:00:00,374.48755
2011-06-29 18:00:00,352.52106
2011-06-29 19:00:00,349.08627
2011-06-29 20:00:00,337.79126
2011-06-29 21:00:00,322.75998
2011-06-29 22:00:00,310.28735
2011-06-29 23:00:00,295.2175
2011-06-30 00:00:00,276.726
2011-06-30 01:00:00,257.1049
2011-06-30 02:00:00,242.7588
2011-06-30 03:00:00,237.03883
2011-06-30 04:00:00,200.19919
2011-06-30 05:00:00,226.52235
2011-06-30 06:00:00,238.62047
2011-06-30 07:00:00,249.68292
2011-06-30 08:00:00,303.14066
2011-06-30 09:00:00,317.6812
2011-06-30 10:00:00,308.7954
2011-06-30 11:00:00,307.16946
2011-06-30 12:00:00,316.5288
2011-06-30 13:00:00,328.51813
2011-06-30 14:00:00,331.46973
2011-06-30 15:00:00,362.43753
2011-06-30 16:00:00,339.46094
2011-06-30 17:00:00,367.81726
2011-06-30 18:00:00,349.7997
2011-06-30 19:00:00,331.9769
2011-06-30 20:00:00,331.9769
2011-06-30 21:00:00,301.76413
2011-06-30 22:00:00,300.9003
2011-06-30 23:00:00,238.69514
2011-07-20 00:00:00,101.96323
2011-07-20 01:00:00,76.07001
2011-07-20 02:00:00,76.07001
2011-07-20 03:00:00,101.96323
2011-07-20 04:00:00,75.95537
2011-07-20 05:00:00,100.04595
2011-07-20 06:00:00,132.4673
2011-07-20 07:00:00,168.6289
2011-07-20 08:00:00,128.5775
2011-07-20 09:00:00,172.84496
2011-07-20 10:00:00,152.39134
2011-07-20 11:00:00,228.49991
2011-07-20 12:00:00,218.94376
2011-07-20 13:00:00,276.05188
2011-07-20 14:00:00,290.22922
2011-07-20 15:00:00,282.30927
2011-07-20 16:00:00,236.93721
2011-07-20 17:00:00,271.31638
2011-07-20 18:00:00,277.14658
2011-07-20 19:00:00,250.0722
2011-07-20 20:00:00,235.23248
2011-07-20 21:00:00,246.98734
2011-07-20 22:00:00,246.66054
2011-07-20 23:00:00,227.06367
2011-07-21 00:00:00,225.62628
2011-07-21 01:00:00,185.43533
2011-07-21 02:00:00,185.43533
2011-07-21 03:00:00,203.70161
2011-07-21 04:00:00,175.9388
2011-07-21 05:00:00,175.9388
2011-07-21 06:00:00,175.9388
2011-07-21 07:00:00,185.52037
2011-07-21 08:00:00,210.87277
2011-07-21 09:00:00,243.82613
2011-07-21 10:00:00,260.0914
2011-07-21 11:00:00,280.54813
2011-07-21 12:00:00,303.39706
2011-07-21 13:00:00,299.7303
2011-07-21 14:00:00,319.16614
2011-07-21 15:00:00,303.9318
2011-07-21 16:00:00,319.5096
2011-07-21 17:00:00,325.8847
2011-07-21 18:00:00,310.8466
2011-07-21 19:00:00,278.42566
2011-07-21 20:00:00,258.60608
2011-07-21 21:00:00,246.62552
2011-07-21 22:00:00,237.67549
2011-07-21 23:00:00,226.91367
2011-07-22 00:00:00,249.73666
2011-07-22 01:00:00,198.81505
2011-07-22 02:00:00,167.77881
2011-07-22 03:00:00,174.02296
2011-07-22 04:00:00,162.78249
2011-07-22 05:00:00,135.16457
2011-07-22 06:00:00,156.76494
2011-07-22 07:00:00,263.55304
2011-07-22 08:00:00,277.9987
2011-07-22 09:00:00,248.99863
2011-07-22 10:00:00,277.59204
2011-07-22 11:00:00,283.45093
2011-07-22 12:00:00,310.39566
2011-07-22 13:00:00,307.21884
2011-07-22 14:00:00,334.25482
2011-07-22 15:00:00,323.73846
2011-07-22 16:00:00,340.2261
2011-07-22 17:00:00,282.73822
2011-07-22 18:00:00,318.302
2011-07-22 19:00:00,321.24902
2011-07-22 20:00:00,236.93721
2011-07-22 21:00:00,245.76282
2011-07-22 22:00:00,298.9535
2011-07-22 23:00:00,260.47452
2011-07-23 00:00:00,261.64355
2011-07-23 01:00:00,307.8844
2011-07-23 02:00:00,286.9701
2011-07-23 03:00:00,195.04391
2011-07-23 04:00:00,189.00435
2011-07-23 05:00:00,225.36942
2011-07-23 06:00:00,311.61353
2011-07-23 07:00:00,299.64978
2011-07-23 08:00:00,383.76648
2011-07-23 09:00:00,359.3461
2011-07-23 10:00:00,408.73575
2011-07-23 11:00:00,423.02768
2011-07-23 12:00:00,411.93622
2011-07-23 13:00:00,422.24014
2011-07-23 14:00:00,380.75745
2011-07-23 15:00:00,401.097
2011-07-23 16:00:00,417.3067
2011-07-23 17:00:00,417.3067
2011-07-23 18:00:00,422.92288
2011-07-23 19:00:00,327.9132
2011-07-23 20:00:00,314.07617
2011-07-23 21:00:00,314.07617
2011-07-23 22:00:00,291.05475
2011-07-23 23:00:00,254.57715
2011-07-24 00:00:00,254.57715
2011-07-24 01:00:00,198.65425
2011-07-24 02:00:00,225.73611
2011-07-24 03:00:00,225.73611
2011-07-24 04:00:00,198.65425
2011-07-24 05:00:00,195.04391
2011-07-24 06:00:00,295.2167
2011-07-24 07:00:00,264.80673
2011-07-24 08:00:00,354.19943
2011-07-24 09:00:00,375.9483
2011-07-24 10:00:00,396.7539
2011-07-24 11:00:00,367.2985
2011-07-24 12:00:00,391.8688
2011-07-24 13:00:00,386.97177
2011-07-24 14:00:00,389.8222
2011-07-24 15:00:00,417.28885
2011-07-24 16:00:00,417.28885
2011-07-24 17:00:00,399.56714
2011-07-24 18:00:00,397.20667
2011-07-24 19:00:00,372.9338
2011-07-24 20:00:00,359.3461
2011-07-24 21:00:00,240.69144
2011-07-24 22:00:00,179.024
2011-07-24 23:00:00,239.54123
2011-07-25 00:00:00,225.46176
2011-07-25 01:00:00,219.20132
2011-07-25 02:00:00,198.04712
2011-07-25 03:00:00,105.97815
2011-07-25 04:00:00,105.65938
2011-07-25 05:00:00,105.65938
2011-07-25 06:00:00,173.26773
2011-07-25 07:00:00,187.184
2011-07-25 08:00:00,208.16147
2011-07-25 09:00:00,189.03374
2011-07-25 10:00:00,218.94376
2011-07-25 11:00:00,283.30484
2011-07-25 12:00:00,283.30484
2011-07-25 13:00:00,219.96468
2011-07-25 14:00:00,201.7729
2011-07-25 15:00:00,210.30289
2011-07-25 16:00:00,143.43626
2011-07-25 17:00:00,124.555016
2011-07-25 18:00:00,154.2936
2011-07-25 19:00:00,172.84496
2011-07-25 20:00:00,167.86597
2011-07-25 21:00:00,76.07001
2011-07-25 22:00:00,76.07001
2011-07-25 23:00:00,97.169136
2011-07-26 00:00:00,123.67158
2011-07-26 01:00:00,123.67158
2011-07-26 02:00:00,75.31633
2011-07-26 03:00:00,83.36568
2011-07-26 04:00:00,95.9524
2011-07-26 05:00:00,63.434193
2011-07-26 06:00:00,142.6976
2011-07-26 07:00:00,265.06635
2011-07-26 08:00:00,270.6949
2011-07-26 09:00:00,317.72305
2011-07-26 10:00:00,336.21207
2011-07-26 11:00:00,304.43225
2011-07-26 12:00:00,311.80557
2011-07-26 13:00:00,343.96774
2011-07-26 14:00:00,345.96878
2011-07-26 15:00:00,357.0756
2011-07-26 16:00:00,331.714
2011-07-26 17:00:00,342.07742
2011-07-26 18:00:00,340.548
2011-07-26 19:00:00,318.414
2011-07-26 20:00:00,306.09616
2011-07-26 21:00:00,294.22314
2011-07-26 22:00:00,252.96292
2011-07-26 23:00:00,238.0878
2011-07-27 00:00:00,286.87943
2011-07-27 01:00:00,286.91797
2011-07-27 02:00:00,302.33594
2011-07-27 03:00:00,252.55067
2011-07-27 04:00:00,281.33945
2011-07-27 05:00:00,292.29068
2011-07-27 06:00:00,281.57706
2011-07-27 07:00:00,305.0914
2011-07-27 08:00:00,318.71286
2011-07-27 09:00:00,334.96774
2011-07-27 10:00:00,295.69608
2011-07-27 11:00:00,301.464
2011-07-27 12:00:00,347.3815
2011-07-27 13:00:00,357.4034
2011-07-27 14:00:00,342.76248
2011-07-27 15:00:00,353.99146
2011-07-27 16:00:00,347.3825
2011-07-27 17:00:00,348.40274
2011-07-27 18:00:00,324.076
2011-07-27 19:00:00,319.55978
2011-07-27 20:00:00,306.13748
2011-07-27 21:00:00,262.84232
2011-07-27 22:00:00,243.2719
2011-07-27 23:00:00,268.73978
2011-07-28 00:00:00,261.75015
2011-07-28 01:00:00,230.64862
2011-07-28 02:00:00,244.02794
2011-07-28 03:00:00,215.35536
2011-07-28 04:00:00,215.60532
2011-07-28 05:00:00,193.53557
2011-07-28 06:00:00,160.98804
2011-07-28 07:00:00,201.2964
2011-07-28 08:00:00,227.87057
2011-07-28 09:00:00,265.9321
2011-07-28 10:00:00,293.7223
2011-07-28 11:00:00,293.7798
2011-07-28 12:00:00,294.15833
2011-07-28 13:00:00,306.61664
2011-07-28 14:00:00,306.01904
2011-07-28 15:00:00,288.42685
2011-07-28 16:00:00,287.64096
2011-07-28 17:00:00,281.45035
2011-07-28 18:00:00,282.79727
2011-07-28 19:00:00,269.74075
2011-07-28 20:00:00,260.47452
2011-07-28 21:00:00,273.8486
2011-07-28 22:00:00,250.82948
2011-07-28 23:00:00,198.78456
2011-07-29 00:00:00,158.03143
2011-07-29 01:00:00,147.25719
2011-07-29 02:00:00,105.97815
2011-07-29 03:00:00,105.97815
2011-07-29 04:00:00,120.87407
2011-07-29 05:00:00,83.53211
2011-07-29 06:00:00,158.39316
2011-07-29 07:00:00,198.04712
2011-07-29 08:00:00,202.63094
2011-07-29 09:00:00,306.61664
2011-07-29 10:00:00,323.71448
2011-07-29 11:00:00,334.33923
2011-07-29 12:00:00,358.5217
2011-07-29 13:00:00,317.15402
2011-07-29 14:00:00,354.97675
2011-07-29 15:00:00,357.64542
2011-07-29 16:00:00,368.2787
2011-07-29 17:00:00,362.17545
2011-07-29 18:00:00,341.70132
2011-07-29 19:00:00,317.4475
2011-07-29 20:00:00,325.36893
2011-07-29 21:00:00,286.43204
2011-07-29 22:00:00,294.0178
2011-07-29 23:00:00,253.44113
2011-07-30 00:00:00,300.46335
2011-07-30 01:00:00,261.60446
2011-07-30 02:00:00,264.3261
2011-07-30 03:00:00,228.36673
2011-07-30 04:00:00,196.5993
2011-07-30 05:00:00,213.02238
2011-07-30 06:00:00,219.198
2011-07-30 07:00:00,224.59367
2011-07-30 08:00:00,294.20795
2011-07-30 09:00:00,402.04
2011-07-30 10:00:00,420.56772
2011-07-30 11:00:00,418.8464
2011-07-30 12:00:00,433.76566
2011-07-30 13:00:00,428.8449
2011-07-30 14:00:00,429.22202
2011-07-30 15:00:00,433.7453
2011-07-30 16:00:00,461.2244
2011-07-30 17:00:00,437.4116
2011-07-30 18:00:00,454.2108
2011-07-30 19:00:00,449.55814
2011-07-30 20:00:00,375.50504
2011-07-30 21:00:00,346.46713
2011-07-30 22:00:00,292.35593
2011-07-30 23:00:00,261.60446
2011-07-31 00:00:00,261.60446
2011-07-31 01:00:00,202.53789
2011-07-31 02:00:00,176.58057
2011-07-31 03:00:00,161.72935
2011-07-31 04:00:00,127.54612
2011-07-31 05:00:00,134.7809
2011-07-31 06:00:00,133.30754
2011-07-31 07:00:00,246.69664
2011-07-31 08:00:00,313.40454
2011-07-31 09:00:00,302.72046
2011-07-31 10:00:00,414.26617
2011-07-31 11:00:00,452.3065
2011-07-31 12:00:00,466.26538
2011-07-31 13:00:00,464.52673
2011-07-31 14:00:00,467.61786
2011-07-31 15:00:00,512.2606
2011-07-31 16:00:00,514.6947
2011-07-31 17:00:00,502.42575
2011-07-31 18:00:00,420.1122
2011-07-31 19:00:00,365.36398
2011-07-31 20:00:00,365.36398
2011-07-31 21:00:00,324.14594
2011-07-31 22:00:00,225.56888
2011-07-31 23:00:00,225.6506
2011-08-20 00:00:00,31.999191
2011-08-20 01:00:00,43.804134
2011-08-20 02:00:00,63.774937
2011-08-20 03:00:00,63.774937
2011-08-20 04:00:00,66.4157
2011-08-20 05:00:00,42.52526
2011-08-20 06:00:00,98.72998
2011-08-20 07:00:00,43.804134
2011-08-20 08:00:00,123.96139
2011-08-20 09:00:00,160.627
2011-08-20 10:00:00,204.32057
2011-08-20 11:00:00,219.78802
2011-08-20 12:00:00,246.69664
2011-08-20 13:00:00,274.7081
2011-08-20 14:00:00,360.035
2011-08-20 15:00:00,386.91382
2011-08-20 16:00:00,373.95294
2011-08-20 17:00:00,360.035
2011-08-20 18:00:00,304.55667
2011-08-20 19:00:00,241.29274
2011-08-20 20:00:00,252.3452
2011-08-20 21:00:00,190.43748
2011-08-20 22:00:00,205.69525
2011-08-20 23:00:00,126.04077
2011-08-21 00:00:00,146.52057
2011-08-21 01:00:00,113.1798
2011-08-21 02:00:00,103.97446
2011-08-21 03:00:00,82.53819
2011-08-21 04:00:00,90.892555
2011-08-21 05:00:00,76.57921
2011-08-21 06:00:00,70.96801
2011-08-21 07:00:00,117.68621
2011-08-21 08:00:00,123.67383
2011-08-21 09:00:00,168.07802
2011-08-21 10:00:00,186.32277
2011-08-21 11:00:00,303.39688
2011-08-21 12:00:00,338.3916
2011-08-21 13:00:00,360.67117
2011-08-21 14:00:00,201.7141
2011-08-21 15:00:00,114.9094
2011-08-21 16:00:00,114.75353
2011-08-21 17:00:00,105.73858
2011-08-21 18:00:00,145.74683
2011-08-21 19:00:00,201.68475
2011-08-21 20:00:00,134.46072
2011-08-21 21:00:00,134.46072
2011-08-21 22:00:00,173.47955
2011-08-21 23:00:00,136.91603
2011-08-22 00:00:00,139.34727
2011-08-22 01:00:00,112.679565
2011-08-22 02:00:00,239.41997
2011-08-22 03:00:00,243.58012
2011-08-22 04:00:00,235.56805
2011-08-22 05:00:00,258.0279
2011-08-22 06:00:00,268.4641
2011-08-22 07:00:00,269.76526
2011-08-22 08:00:00,269.76526
2011-08-22 09:00:00,286.55377
2011-08-22 10:00:00,307.89056
2011-08-22 11:00:00,345.0445
2011-08-22 12:00:00,346.88242
2011-08-22 13:00:00,354.10684
2011-08-22 14:00:00,357.43222
2011-08-22 15:00:00,354.76233
2011-08-22 16:00:00,357.43222
2011-08-22 17:00:00,367.45276
2011-08-22 18:00:00,361.29422
2011-08-22 19:00:00,354.6316
2011-08-22 20:00:00,333.17654
2011-08-22 21:00:00,320.4892
2011-08-22 22:00:00,324.52872
2011-08-22 23:00:00,313.87158
2011-08-23 00:00:00,298.40674
2011-08-23 01:00:00,275.0755
2011-08-23 02:00:00,258.26724
2011-08-23 03:00:00,261.4239
2011-08-23 04:00:00,231.3626
2011-08-23 05:00:00,237.28183
2011-08-23 06:00:00,218.07848
2011-08-23 07:00:00,282.45535
2011-08-23 08:00:00,261.764
2011-08-23 09:00:00,287.39767
2011-08-23 10:00:00,288.7023
2011-08-23 11:00:00,315.32156
2011-08-23 12:00:00,293.99573
2011-08-23 13:00:00,326.86246
2011-08-23 14:00:00,324.79654
2011-08-23 15:00:00,334.74146
2011-08-23 16:00:00,323.92944
2011-08-23 17:00:00,334.74146
2011-08-23 18:00:00,329.71506
2011-08-23 19:00:00,292.1224
2011-08-23 20:00:00,282.9819
2011-08-23 21:00:00,201.39224
2011-08-23 22:00:00,242.7588
2011-08-23 23:00:00,223.58438
2011-08-24 00:00:00,242.7588
2011-08-24 01:00:00,217.01607
2011-08-24 02:00:00,176.18405
2011-08-24 03:00:00,176.18405
2011-08-24 04:00:00,132.66548
2011-08-24 05:00:00,132.66548
2011-08-24 06:00:00,110.30081
2011-08-24 07:00:00,187.30289
2011-08-24 08:00:00,178.07698
2011-08-24 09:00:00,224.97134
2011-08-24 10:00:00,282.58835
2011-08-24 11:00:00,296.80008
2011-08-24 12:00:00,299.0907
2011-08-24 13:00:00,322.3111
2011-08-24 14:00:00,322.3111
2011-08-24 15:00:00,321.93274
2011-08-24 16:00:00,314.56775
2011-08-24 17:00:00,308.81125
2011-08-24 18:00:00,296.8952
2011-08-24 19:00:00,296.8952
2011-08-24 20:00:00,287.21448
2011-08-24 21:00:00,282.79617
2011-08-24 22:00:00,272.34534
2011-08-24 23:00:00,247.79054
2011-08-25 00:00:00,224.20656
2011-08-25 01:00:00,250.982
2011-08-25 02:00:00,250.982
2011-08-25 03:00:00,222.37132
2011-08-25 04:00:00,213.32788
2011-08-25 05:00:00,202.83548
2011-08-25 06:00:00,176.04883
2011-08-25 07:00:00,195.56491
2011-08-25 08:00:00,220.77153
2011-08-25 09:00:00,238.22144
2011-08-25 10:00:00,252.62532
2011-08-25 11:00:00,214.95215
2011-08-25 12:00:00,214.95215
2011-08-25 13:00:00,123.67158
2011-08-25 14:00:00,201.8717
2011-08-25 15:00:00,220.24806
2011-08-25 16:00:00,83.53211
2011-08-25 17:00:00,83.53211
2011-08-25 18:00:00,181.0936
2011-08-25 19:00:00,194.87459
2011-08-25 20:00:00,202.94221
2011-08-25 21:00:00,179.62762
2011-08-25 22:00:00,67.27019
2011-08-25 23:00:00,83.72616
2011-08-26 00:00:00,98.98911
2011-08-26 01:00:00,67.27019
2011-08-26 02:00:00,74.26848
2011-08-26 03:00:00,63.92325
2011-08-26 04:00:00,50.86009
2011-08-26 05:00:00,103.580025
2011-08-26 06:00:00,50.86009
2011-08-26 07:00:00,69.589455
2011-08-26 08:00:00,93.999825
2011-08-26 09:00:00,118.01509
2011-08-26 10:00:00,192.8063
2011-08-26 11:00:00,255.10071
2011-08-26 12:00:00,251.58205
2011-08-26 13:00:00,277.43015
2011-08-26 14:00:00,212.52316
2011-08-26 15:00:00,276.32834
2011-08-26 16:00:00,228.39536
2011-08-26 17:00:00,226.45126
2011-08-26 18:00:00,219.96468
2011-08-26 19:00:00,130.59398
2011-08-26 20:00:00,125.22789
2011-08-26 21:00:00,152.61124
2011-08-26 22:00:00,130.59398
2011-08-26 23:00:00,97.169136
2011-08-27 00:00:00,65.62639
2011-08-27 01:00:00,77.26648
2011-08-27 02:00:00,86.14615
2011-08-27 03:00:00,147.06586
2011-08-27 04:00:00,147.06586
2011-08-27 05:00:00,164.84836
2011-08-27 06:00:00,164.84836
2011-08-27 07:00:00,176.66234
2011-08-27 08:00:00,155.78593
2011-08-27 09:00:00,187.75252
2011-08-27 10:00:00,217.62537
2011-08-27 11:00:00,140.92735
2011-08-27 12:00:00,158.54968
2011-08-27 13:00:00,160.72462
2011-08-27 14:00:00,126.34842
2011-08-27 15:00:00,126.34842
2011-08-27 16:00:00,128.14345
2011-08-27 17:00:00,129.08081
2011-08-28 07:00:00,142.78008
2011-08-28 08:00:00,141.90431
2011-08-28 09:00:00,219.0045
2011-08-28 10:00:00,284.16733
2011-08-28 11:00:00,335.78705
2011-08-28 12:00:00,380.79837
2011-08-28 13:00:00,409.49936
2011-08-28 14:00:00,421.13068
2011-08-28 15:00:00,418.54453
2011-08-28 16:00:00,447.71356
2011-08-28 17:00:00,427.77243
2011-08-28 18:00:00,404.06165
2011-08-28 19:00:00,318.32416
2011-08-28 20:00:00,344.2326
2011-08-28 21:00:00,213.93654
2011-08-28 22:00:00,137.22124
2011-08-28 23:00:00,104.06766
2011-08-29 00:00:00,139.07106
2011-08-29 01:00:00,162.75624
2011-08-29 02:00:00,197.0294
2011-08-29 03:00:00,162.75624
2011-08-29 04:00:00,172.85277
2011-08-29 05:00:00,142.8154
2011-08-29 06:00:00,142.8154
2011-08-29 07:00:00,248.96103
2011-08-29 08:00:00,267.20438
2011-08-29 09:00:00,278.34674
2011-08-29 10:00:00,301.07672
2011-08-29 11:00:00,286.87152
2011-08-29 12:00:00,293.7711
2011-08-29 13:00:00,300.6429
2011-08-29 14:00:00,270.14813
2011-08-29 15:00:00,300.9003
2011-08-29 16:00:00,299.04416
2011-08-29 17:00:00,287.60333
2011-08-29 18:00:00,303.88705
2011-08-29 19:00:00,303.88705
2011-08-29 20:00:00,267.82294
2011-08-29 21:00:00,275.18277
2011-08-29 22:00:00,242.7588
2011-08-29 23:00:00,211.21115
2011-08-30 00:00:00,142.8154
2011-08-30 01:00:00,164.39316
2011-08-30 02:00:00,130.54741
2011-08-30 03:00:00,149.1114
2011-08-30 04:00:00,116.2081
2011-08-30 05:00:00,99.070625
2011-08-30 06:00:00,130.54741
2011-08-30 07:00:00,172.85277
2011-08-30 08:00:00,242.7588
2011-08-30 09:00:00,292.1224
2011-08-30 10:00:00,325.0601
2011-08-30 11:00:00,321.36536
2011-08-30 12:00:00,285.9035
2011-08-30 13:00:00,308.28043
2011-08-30 14:00:00,326.1063
2011-08-30 15:00:00,331.56918
2011-08-30 16:00:00,313.2175
2011-08-30 17:00:00,308.7954
2011-08-30 18:00:00,290.55338
2011-08-30 19:00:00,254.5964
2011-08-30 20:00:00,238.69514
2011-08-30 21:00:00,179.41515
2011-08-30 22:00:00,175.04576
2011-08-30 23:00:00,175.04576
2011-08-31 00:00:00,129.96652
2011-08-31 01:00:00,129.96652
2011-08-31 02:00:00,110.30081
2011-08-31 03:00:00,83.845116
2011-08-31 04:00:00,110.30081
2011-08-31 05:00:00,77.56313
2011-08-31 06:00:00,89.18308
2011-08-31 07:00:00,84.935776
2011-08-31 08:00:00,130.6609
2011-08-31 09:00:00,157.08626
2011-08-31 10:00:00,273.43155
2011-08-31 11:00:00,290.3624
2011-08-31 12:00:00,287.0064
2011-08-31 13:00:00,301.61447
2011-08-31 14:00:00,297.27084
2011-08-31 15:00:00,297.27084
2011-08-31 16:00:00,290.26495
2011-08-31 17:00:00,280.68503
2011-08-31 18:00:00,290.79306
2011-08-31 19:00:00,304.92447
2011-08-31 20:00:00,242.34961
2011-08-31 21:00:00,204.08862
2011-08-31 22:00:00,130.43884
2011-08-31 23:00:00,111.931526
2011-09-20 00:00:00,163.80183
2011-09-20 01:00:00,109.331566
2011-09-20 02:00:00,109.331566
2011-09-20 03:00:00,124.342964
2011-09-20 04:00:00,87.90806
2011-09-20 05:00:00,112.656555
2011-09-20 06:00:00,112.656555
2011-09-20 07:00:00,109.331566
2011-09-20 08:00:00,63.435818
2011-09-20 09:00:00,65.047005
2011-09-20 10:00:00,82.28505
2011-09-20 11:00:00,82.28505
2011-09-20 12:00:00,96.442825
2011-09-20 13:00:00,89.270256
2011-09-20 14:00:00,124.05838
2011-09-20 15:00:00,179.27165
2011-09-20 16:00:00,147.87932
2011-09-20 17:00:00,87.13047
2011-09-20 18:00:00,87.13047
2011-09-20 19:00:00,46.72539
2011-09-20 20:00:00,32.338467
2011-09-20 21:00:00,32.338467
2011-09-20 22:00:00,32.338467
2011-09-20 23:00:00,32.338467
2011-09-21 00:00:00,24.770248
2011-09-21 01:00:00,31.208426
2011-09-21 02:00:00,31.208426
2011-09-21 03:00:00,72.27671
2011-09-21 04:00:00,64.07717
2011-09-21 05:00:00,73.39798
2011-09-21 06:00:00,80.294815
2011-09-21 07:00:00,80.294815
2011-09-21 08:00:00,55.682625
2011-09-21 09:00:00,54.708717
2011-09-21 10:00:00,97.63674
2011-09-21 11:00:00,156.82384
2011-09-21 12:00:00,181.42212
2011-09-21 13:00:00,203.09238
2011-09-21 14:00:00,207.16444
2011-09-21 15:00:00,200.63329
2011-09-21 16:00:00,200.63329
2011-09-21 17:00:00,189.66875
2011-09-21 18:00:00,135.51587
2011-09-21 19:00:00,106.994774
2011-09-21 20:00:00,106.994774
2011-09-21 21:00:00,58.084175
2011-09-21 22:00:00,76.93381
2011-09-21 23:00:00,43.80939
2011-09-22 00:00:00,43.80939
2011-09-22 01:00:00,79.73005
2011-09-22 02:00:00,83.99606
2011-09-22 03:00:00,79.73005
2011-09-22 04:00:00,79.73005
2011-09-22 05:00:00,83.99606
2011-09-22 06:00:00,67.3166
2011-09-22 07:00:00,59.945873
2011-09-22 08:00:00,76.4823
2011-09-22 09:00:00,114.08041
2011-09-22 10:00:00,137.95146
2011-09-22 11:00:00,134.97278
2011-09-22 12:00:00,166.06418
2011-09-22 13:00:00,165.28622
2011-09-22 14:00:00,167.14566
2011-09-22 15:00:00,189.6374
2011-09-22 16:00:00,205.474
2011-09-22 17:00:00,184.92557
2011-09-22 18:00:00,156.13351
2011-09-22 19:00:00,115.83699
2011-09-22 20:00:00,100.38989
2011-09-22 21:00:00,115.83699
2011-09-22 22:00:00,62.7213
2011-09-22 23:00:00,76.93381
2011-09-23 00:00:00,148.80717
2011-09-23 01:00:00,89.07847
2011-09-23 02:00:00,114.011604
2011-09-23 03:00:00,89.07847
2011-09-23 04:00:00,122.57949
2011-09-23 05:00:00,127.790115
2011-09-23 06:00:00,148.80717
2011-09-23 07:00:00,163.75502
2011-09-23 08:00:00,163.75502
2011-09-23 09:00:00,135.99469
2011-09-23 10:00:00,136.3539
2011-09-23 11:00:00,136.3539
2011-09-23 12:00:00,166.2321
2011-09-23 13:00:00,128.40976
2011-09-23 14:00:00,128.40976
2011-09-23 15:00:00,166.2321
2011-09-23 16:00:00,169.73732
2011-09-23 17:00:00,89.07847
2011-09-23 18:00:00,73.13203
2011-09-23 19:00:00,123.708115
2011-09-23 20:00:00,105.75451
2011-09-23 21:00:00,103.62742
2011-09-23 22:00:00,130.1144
2011-09-23 23:00:00,124.82495
2011-09-24 00:00:00,58.71461
2011-09-24 01:00:00,124.59558
2011-09-24 02:00:00,124.59558
2011-09-24 03:00:00,74.87068
2011-09-24 04:00:00,90.89466
2011-09-24 05:00:00,123.95012
2011-09-24 06:00:00,123.95012
2011-09-24 07:00:00,164.30367
2011-09-24 08:00:00,150.99269
2011-09-24 09:00:00,167.38239
2011-09-24 10:00:00,167.38239
2011-09-24 11:00:00,215.87376
2011-09-24 12:00:00,215.87376
2011-09-24 13:00:00,184.95518
2011-09-24 14:00:00,310.8303
2011-09-24 15:00:00,310.8303
2011-09-24 16:00:00,262.28912
2011-09-24 17:00:00,238.97432
2011-09-24 18:00:00,203.76582
2011-09-24 19:00:00,111.904724
2011-09-24 20:00:00,148.30493
2011-09-24 21:00:00,162.42569
2011-09-24 22:00:00,163.18437
2011-09-24 23:00:00,167.38239
2011-09-25 00:00:00,158.14684
2011-09-25 01:00:00,169.31372
2011-09-25 02:00:00,158.43492
2011-09-25 03:00:00,158.43492
2011-09-25 04:00:00,166.05896
2011-09-25 05:00:00,124.90585
2011-09-25 06:00:00,169.31372
2011-09-25 07:00:00,130.92786
2011-09-25 08:00:00,163.18437
2011-09-25 09:00:00,206.10582
2011-09-25 10:00:00,206.10582
2011-09-25 11:00:00,275.24017
2011-09-25 12:00:00,253.63551
2011-09-25 13:00:00,289.57693
2011-09-25 14:00:00,253.63551
2011-09-25 15:00:00,253.63551
2011-09-25 16:00:00,249.57489
2011-09-25 17:00:00,217.16306
2011-09-25 18:00:00,217.16306
2011-09-25 19:00:00,168.88013
2011-09-25 20:00:00,161.71774
2011-09-25 21:00:00,85.84813
2011-09-25 22:00:00,125.02104
2011-09-25 23:00:00,131.03712
2011-09-26 00:00:00,127.790115
2011-09-26 01:00:00,193.93886
2011-09-26 02:00:00,193.93886
2011-09-26 03:00:00,127.790115
2011-09-26 04:00:00,148.80717
2011-09-26 05:00:00,171.4399
2011-09-26 06:00:00,148.80717
2011-09-26 07:00:00,127.790115
2011-09-26 08:00:00,127.790115
2011-09-26 09:00:00,202.66014
2011-09-26 10:00:00,202.66014
2011-09-26 11:00:00,242.45963
2011-09-26 12:00:00,263.19788
2011-09-26 13:00:00,291.6605
2011-09-26 14:00:00,296.40756
2011-09-26 15:00:00,337.9729
2011-09-26 16:00:00,321.23782
2011-09-26 17:00:00,296.21747
2011-09-26 18:00:00,198.20303
2011-09-26 19:00:00,203.86671
2011-09-26 20:00:00,157.12608
2011-09-26 21:00:00,157.12608
2011-09-26 22:00:00,123.708115
2011-09-26 23:00:00,123.708115
2011-09-27 00:00:00,123.708115
2011-09-27 01:00:00,131.45445
2011-09-27 02:00:00,117.14582
2011-09-27 03:00:00,127.790115
2011-09-27 04:00:00,167.45676
2011-09-27 05:00:00,167.45676
2011-09-27 06:00:00,152.6914
2011-09-27 07:00:00,152.6914
2011-09-27 08:00:00,191.30176
2011-09-27 09:00:00,189.67409
2011-09-27 10:00:00,170.55797
2011-09-27 11:00:00,194.23703
2011-09-27 12:00:00,199.89954
2011-09-27 13:00:00,286.67908
2011-09-27 14:00:00,264.03918
2011-09-27 15:00:00,240.0954
2011-09-27 16:00:00,237.16211
2011-09-27 17:00:00,206.53448
2011-09-27 18:00:00,203.9059
2011-09-27 19:00:00,195.62386
2011-09-27 20:00:00,211.35231
2011-09-27 21:00:00,173.50261
2011-09-27 22:00:00,152.78069
2011-09-27 23:00:00,152.78069
2011-09-28 00:00:00,141.38
2011-09-28 01:00:00,141.38
2011-09-28 02:00:00,177.12323
2011-09-28 03:00:00,143.87404
2011-09-28 04:00:00,141.38
2011-09-28 05:00:00,123.29833
2011-09-28 06:00:00,150.5534
2011-09-28 07:00:00,150.5534
2011-09-28 08:00:00,156.81697
2011-09-28 09:00:00,156.81697
2011-09-28 10:00:00,127.790115
2011-09-28 11:00:00,236.25581
2011-09-28 12:00:00,250.44873
2011-09-28 13:00:00,279.5105
2011-09-28 14:00:00,333.128
2011-09-28 15:00:00,296.21747
2011-09-28 16:00:00,298.06647
2011-09-28 17:00:00,299.27832
2011-09-28 18:00:00,218.55844
2011-09-28 19:00:00,218.55844
2011-09-28 20:00:00,181.00343
2011-09-28 21:00:00,166.23357
2011-09-28 22:00:00,152.78069
2011-09-28 23:00:00,121.883934
2011-09-29 00:00:00,136.74194
2011-09-29 01:00:00,140.12837
2011-09-29 02:00:00,140.12837
2011-09-29 03:00:00,166.07988
2011-09-29 04:00:00,199.37303
2011-09-29 05:00:00,189.31055
2011-09-29 06:00:00,187.50351
2011-09-29 07:00:00,159.66928
2011-09-29 08:00:00,173.50261
2011-09-29 09:00:00,236.67554
2011-09-29 10:00:00,308.58688
2011-09-29 11:00:00,321.38263
2011-09-29 12:00:00,330.08447
2011-09-29 13:00:00,324.9175
2011-09-29 14:00:00,351.7226
2011-09-29 15:00:00,346.95624
2011-09-29 16:00:00,365.26398
2011-09-29 17:00:00,357.37912
2011-09-29 18:00:00,383.0177
2011-09-29 19:00:00,356.86508
2011-09-29 20:00:00,345.58514
2011-09-29 21:00:00,320.21588
2011-09-29 22:00:00,265.47723
2011-09-29 23:00:00,217.0306
2011-09-30 00:00:00,177.52948
2011-09-30 01:00:00,215.76923
2011-09-30 02:00:00,177.52948
2011-09-30 03:00:00,177.52948
2011-09-30 04:00:00,188.73279
2011-09-30 05:00:00,188.73279
2011-09-30 06:00:00,193.3245
2011-09-30 07:00:00,193.3245
2011-09-30 08:00:00,222.7585
2011-09-30 09:00:00,252.35345
2011-09-30 10:00:00,297.8955
2011-09-30 11:00:00,340.81427
2011-09-30 12:00:00,338.63446
2011-09-30 13:00:00,340.15012
2011-09-30 14:00:00,340.10193
2011-09-30 15:00:00,347.79172
2011-09-30 16:00:00,346.70438
2011-09-30 17:00:00,349.6413
2011-09-30 18:00:00,314.90955
2011-09-30 19:00:00,303.9212
2011-09-30 20:00:00,303.9212
2011-09-30 21:00:00,311.65485
2011-09-30 22:00:00,274.7681
2011-09-30 23:00:00,274.7681
2011-10-20 00:00:00,162.47162
2011-10-20 01:00:00,193.739
2011-10-20 02:00:00,209.38898
2011-10-20 03:00:00,215.67476
2011-10-20 04:00:00,215.67476
2011-10-20 05:00:00,198.47307
2011-10-20 06:00:00,196.78526
2011-10-20 07:00:00,202.69989
2011-10-20 08:00:00,224.5387
2011-10-20 09:00:00,231.95251
2011-10-20 10:00:00,234.1219
2011-10-20 11:00:00,252.37389
2011-10-20 12:00:00,264.50183
2011-10-20 13:00:00,278.30505
2011-10-20 14:00:00,231.15341
2011-10-20 15:00:00,234.3348
2011-10-20 16:00:00,234.3348
2011-10-20 17:00:00,251.1595
2011-10-20 18:00:00,259.01016
2011-10-20 19:00:00,254.54147
2011-10-20 20:00:00,251.92525
2011-10-20 21:00:00,256.03757
2011-10-20 22:00:00,249.95433
2011-10-20 23:00:00,244.24669
2011-10-21 00:00:00,219.77678
2011-10-21 01:00:00,223.7328
2011-10-21 02:00:00,200.59918
2011-10-21 03:00:00,166.18037
2011-10-21 04:00:00,172.6998
2011-10-21 05:00:00,159.86467
2011-10-21 06:00:00,172.6998
2011-10-21 07:00:00,172.6998
2011-10-21 08:00:00,225.8358
2011-10-21 09:00:00,255.14032
2011-10-21 10:00:00,291.83716
2011-10-21 11:00:00,312.40015
2011-10-21 12:00:00,300.40588
2011-10-21 13:00:00,276.32394
2011-10-21 14:00:00,315.92496
2011-10-21 15:00:00,301.86508
2011-10-21 16:00:00,306.10483
2011-10-21 17:00:00,271.41104
2011-10-21 18:00:00,262.28067
2011-10-21 19:00:00,226.35962
2011-10-21 20:00:00,269.88745
2011-10-21 21:00:00,251.07542
2011-10-21 22:00:00,264.11725
2011-10-21 23:00:00,223.7328
2011-10-22 00:00:00,186.11435
2011-10-22 01:00:00,186.11435
2011-10-22 02:00:00,177.67003
2011-10-22 03:00:00,194.17812
2011-10-22 04:00:00,161.24852
2011-10-22 05:00:00,161.19226
2011-10-22 06:00:00,123.5478
2011-10-22 07:00:00,104.4465
2011-10-22 08:00:00,148.29832
2011-10-22 09:00:00,186.78943
2011-10-22 10:00:00,262.15466
2011-10-22 11:00:00,262.15466
2011-10-22 12:00:00,285.09824
2011-10-22 13:00:00,358.03827
2011-10-22 14:00:00,321.9446
2011-10-22 15:00:00,307.01614
2011-10-22 16:00:00,360.79517
2011-10-22 17:00:00,283.30457
2011-10-22 18:00:00,274.5838
2011-10-22 19:00:00,191.54166
2011-10-22 20:00:00,180.56317
2011-10-22 21:00:00,124.27979
2011-10-22 22:00:00,124.27979
2011-10-22 23:00:00,88.376854
2011-10-23 00:00:00,61.667206
2011-10-23 01:00:00,61.667206
2011-10-23 02:00:00,66.3688
2011-10-23 03:00:00,54.972588
2011-10-23 04:00:00,54.972588
2011-10-23 05:00:00,49.14662
2011-10-23 06:00:00,60.555622
2011-10-23 07:00:00,66.3688
2011-10-23 08:00:00,73.60336
2011-10-23 09:00:00,124.27979
2011-10-23 10:00:00,165.45253
2011-10-23 11:00:00,179.2908
2011-10-23 12:00:00,276.26718
2011-10-23 13:00:00,323.5505
2011-10-23 14:00:00,318.78925
2011-10-23 15:00:00,343.5852
2011-10-23 16:00:00,323.5505
2011-10-23 17:00:00,266.098
2011-10-23 18:00:00,264.50067
2011-10-23 19:00:00,143.6433
2011-10-23 20:00:00,172.67397
2011-10-23 21:00:00,172.67397
2011-10-23 22:00:00,136.09937
2011-10-23 23:00:00,133.87984
2011-10-24 00:00:00,161.4778
2011-10-24 01:00:00,144.51324
2011-10-24 02:00:00,123.74271
2011-10-24 03:00:00,135.92589
2011-10-24 04:00:00,130.13525
2011-10-24 05:00:00,111.1651
2011-10-24 06:00:00,123.74271
2011-10-24 07:00:00,100.482735
2011-10-24 08:00:00,143.52469
2011-10-24 09:00:00,170.79802
2011-10-24 10:00:00,174.21501
2011-10-24 11:00:00,235.32346
2011-10-24 12:00:00,261.78085
2011-10-24 13:00:00,273.84912
2011-10-24 14:00:00,279.45236
2011-10-24 15:00:00,315.56403
2011-10-24 16:00:00,290.39
2011-10-24 17:00:00,268.5293
2011-10-24 18:00:00,306.8731
2011-10-24 19:00:00,159.59738
2011-10-24 20:00:00,168.48637
2011-10-24 21:00:00,138.30894
2011-10-24 22:00:00,212.60661
2011-10-24 23:00:00,187.99461
2011-10-25 00:00:00,179.73512
2011-10-25 01:00:00,179.73512
2011-10-25 02:00:00,149.86261
2011-10-25 03:00:00,115.93714
2011-10-25 04:00:00,125.73276
2011-10-25 05:00:00,125.73276
2011-10-25 06:00:00,133.84412
2011-10-25 07:00:00,179.40102
2011-10-25 08:00:00,194.04799
2011-10-25 09:00:00,283.5012
2011-10-25 10:00:00,294.2419
2011-10-25 11:00:00,304.58234
2011-10-25 12:00:00,320.60916
2011-10-25 13:00:00,328.09808
2011-10-25 14:00:00,349.96088
2011-10-25 15:00:00,369.16187
2011-10-25 16:00:00,365.8939
2011-10-25 17:00:00,369.16187
2011-10-25 18:00:00,340.60464
2011-10-25 19:00:00,246.8143
2011-10-25 20:00:00,242.87413
2011-10-25 21:00:00,208.1418
2011-10-25 22:00:00,235.92763
2011-10-25 23:00:00,208.1418
2011-10-26 00:00:00,206.00174
2011-10-26 01:00:00,217.97205
2011-10-26 02:00:00,229.5322
2011-10-26 03:00:00,221.88577
2011-10-26 04:00:00,197.85132
2011-10-26 05:00:00,199.54929
2011-10-26 06:00:00,199.54929
2011-10-26 07:00:00,201.99118
2011-10-26 08:00:00,232.7747
2011-10-26 09:00:00,256.02765
2011-10-26 10:00:00,267.1749
2011-10-26 11:00:00,265.08234
2011-10-26 12:00:00,290.48416
2011-10-26 13:00:00,287.50177
2011-10-26 14:00:00,217.79842
2011-10-26 15:00:00,217.79842
2011-10-26 16:00:00,219.21313
2011-10-26 17:00:00,219.84016
2011-10-26 18:00:00,220.09537
2011-10-26 19:00:00,171.02513
2011-10-26 20:00:00,133.27112
2011-10-26 21:00:00,217.79842
2011-10-26 22:00:00,144.4281
2011-10-26 23:00:00,144.4281
2011-10-27 00:00:00,97.06354
2011-10-27 01:00:00,97.06354
2011-10-27 02:00:00,105.62437
2011-10-27 03:00:00,105.62437
2011-10-27 04:00:00,133.38103
2011-10-27 05:00:00,129.02925
2011-10-27 06:00:00,168.17534
2011-10-27 07:00:00,109.02505
2011-10-27 08:00:00,116.81654
2011-10-27 09:00:00,190.681
2011-10-27 10:00:00,125.068565
2011-10-27 11:00:00,134.3779
2011-10-27 12:00:00,134.3779
2011-10-27 13:00:00,163.70961
2011-10-27 14:00:00,180.91861
2011-10-27 15:00:00,189.80394
2011-10-27 16:00:00,254.17612
2011-10-27 17:00:00,203.2892
2011-10-27 18:00:00,206.18544
2011-10-27 19:00:00,194.34349
2011-10-27 20:00:00,216.02942
2011-10-27 21:00:00,218.9081
2011-10-27 22:00:00,198.66241
2011-10-27 23:00:00,190.41064
2011-10-28 00:00:00,182.84566
2011-10-28 01:00:00,177.72482
2011-10-28 02:00:00,179.11841
2011-10-28 03:00:00,167.92342
2011-10-28 04:00:00,175.98051
2011-10-28 05:00:00,183.75383
2011-10-28 06:00:00,166.7885
2011-10-28 07:00:00,166.7885
2011-10-28 08:00:00,181.23782
2011-10-28 09:00:00,186.476
2011-10-28 10:00:00,198.05595
2011-10-28 11:00:00,231.31454
2011-10-28 12:00:00,259.32416
2011-10-28 13:00:00,250.63084
2011-10-28 14:00:00,243.55028
2011-10-28 15:00:00,232.51442
2011-10-28 16:00:00,247.40825
2011-10-28 17:00:00,242.59964
2011-10-28 18:00:00,235.00377
2011-10-28 19:00:00,242.59964
2011-10-28 20:00:00,172.76154
2011-10-28 21:00:00,136.5757
2011-10-28 22:00:00,104.855515
2011-10-28 23:00:00,90.20454
2011-10-29 00:00:00,88.06533
2011-10-29 01:00:00,92.94535
2011-10-29 02:00:00,92.94535
2011-10-29 03:00:00,93.91565
2011-10-29 04:00:00,93.91565
2011-10-29 05:00:00,66.793144
2011-10-29 06:00:00,77.78004
2011-10-29 07:00:00,77.78004
2011-10-29 08:00:00,82.39117
2011-10-29 09:00:00,82.39117
2011-10-29 10:00:00,69.60462
2011-10-29 11:00:00,64.4923
2011-10-29 12:00:00,61.7862
2011-10-29 13:00:00,60.64525
2011-10-29 14:00:00,64.06435
2011-10-29 15:00:00,66.58538
2011-10-29 16:00:00,57.981815
2011-10-29 17:00:00,57.981815
2011-10-29 18:00:00,57.981815
2011-10-29 19:00:00,48.542473
2011-10-29 20:00:00,48.542473
2011-10-29 21:00:00,48.542473
2011-10-29 22:00:00,33.522713
2011-10-29 23:00:00,32.21657
2011-10-30 00:00:00,33.522713
2011-10-30 01:00:00,35.921085
2011-10-30 02:00:00,38.858604
2011-10-30 03:00:00,57.60236
2011-10-30 04:00:00,49.19911
2011-10-30 05:00:00,54.479443
2011-10-30 06:00:00,50.56547
2011-10-30 07:00:00,47.359062
2011-10-30 08:00:00,63.2192
2011-10-30 09:00:00,87.44962
2011-10-30 10:00:00,130.21979
2011-10-30 11:00:00,176.20134
2011-10-30 12:00:00,230.62302
2011-10-30 13:00:00,281.8462
2011-10-30 14:00:00,330.5498
2011-10-30 15:00:00,346.84152
2011-10-30 16:00:00,360.3232
2011-10-30 17:00:00,330.8459
2011-10-30 18:00:00,254.79048
2011-10-30 19:00:00,371.08582
2011-10-30 20:00:00,178.84666
2011-10-30 21:00:00,117.11236
2011-10-30 22:00:00,72.55693
2011-10-30 23:00:00,34.81464
2011-10-31 00:00:00,88.9516
2011-10-31 01:00:00,95.747116
2011-10-31 02:00:00,85.74893
2011-10-31 03:00:00,107.90429
2011-10-31 04:00:00,85.74893
2011-10-31 05:00:00,76.01113
2011-10-31 06:00:00,85.74893
2011-10-31 07:00:00,78.87115
2011-10-31 08:00:00,101.865776
2011-10-31 09:00:00,157.58942
2011-10-31 10:00:00,225.86456
2011-10-31 11:00:00,265.13574
2011-10-31 12:00:00,275.24646
2011-10-31 13:00:00,273.08566
2011-10-31 14:00:00,272.30783
2011-10-31 15:00:00,288.5193
2011-10-31 16:00:00,264.11725
2011-10-31 17:00:00,264.19516
2011-10-31 18:00:00,208.8805
2011-10-31 19:00:00,208.8805
2011-10-31 20:00:00,208.8805
2011-10-31 21:00:00,167.75642
2011-10-31 22:00:00,167.75642
2011-10-31 23:00:00,167.75642
2011-11-20 00:00:00,150.11517
2011-11-20 01:00:00,177.67003
2011-11-20 02:00:00,176.15346
2011-11-20 03:00:00,190.15605
2011-11-20 04:00:00,179.94893
2011-11-20 05:00:00,197.6071
2011-11-20 06:00:00,205.481
2011-11-20 07:00:00,172.65524
2011-11-20 08:00:00,188.81764
2011-11-20 09:00:00,165.84882
2011-11-20 10:00:00,220.8355
2011-11-20 11:00:00,289.39352
2011-11-20 12:00:00,289.67926
2011-11-20 13:00:00,322.67926
2011-11-20 14:00:00,267.84067
2011-11-20 15:00:00,273.56973
2011-11-20 16:00:00,301.0357
2011-11-20 17:00:00,297.92792
2011-11-20 18:00:00,303.97263
2011-11-20 19:00:00,249.10005
2011-11-20 20:00:00,277.71866
2011-11-20 21:00:00,214.54562
2011-11-20 22:00:00,162.94594
2011-11-20 23:00:00,162.94594
2011-11-21 00:00:00,91.95659
2011-11-21 01:00:00,91.68393
2011-11-21 02:00:00,75.55899
2011-11-21 03:00:00,80.196945
2011-11-21 04:00:00,80.196945
2011-11-21 05:00:00,66.194405
2011-11-21 06:00:00,64.094086
2011-11-21 07:00:00,125.58678
2011-11-21 08:00:00,91.95659
2011-11-21 09:00:00,116.69345
2011-11-21 10:00:00,180.91861
2011-11-21 11:00:00,189.80394
2011-11-21 12:00:00,213.8242
2011-11-21 13:00:00,213.8242
2011-11-21 14:00:00,181.58142
2011-11-21 15:00:00,85.8698
2011-11-21 16:00:00,85.8698
2011-11-21 17:00:00,83.17837
2011-11-21 18:00:00,97.93442
2011-11-21 19:00:00,80.67909
2011-11-21 20:00:00,93.710075
2011-11-21 21:00:00,98.729515
2011-11-21 22:00:00,101.4509
2011-11-21 23:00:00,98.729515
2011-11-22 00:00:00,79.650536
2011-11-22 01:00:00,84.17515
2011-11-22 02:00:00,67.40701
2011-11-22 03:00:00,67.40701
2011-11-22 04:00:00,79.07284
2011-11-22 05:00:00,79.07284
2011-11-22 06:00:00,100.482735
2011-11-22 07:00:00,76.60838
2011-11-22 08:00:00,76.60838
2011-11-22 09:00:00,86.20499
2011-11-22 10:00:00,86.20499
2011-11-22 11:00:00,84.17515
2011-11-22 12:00:00,71.31905
2011-11-22 13:00:00,76.420074
2011-11-22 14:00:00,76.420074
2011-11-22 15:00:00,98.68453
2011-11-22 16:00:00,98.68453
2011-11-22 17:00:00,81.155556
2011-11-22 18:00:00,79.869705
2011-11-22 19:00:00,101.475685
2011-11-22 20:00:00,123.843216
2011-11-22 21:00:00,129.06706
2011-11-22 22:00:00,143.08606
2011-11-22 23:00:00,147.43823
2011-11-23 00:00:00,147.43823
2011-11-23 01:00:00,148.19751
2011-11-23 02:00:00,101.8147
2011-11-23 03:00:00,101.8147
2011-11-23 04:00:00,121.86943
2011-11-23 05:00:00,134.13478
2011-11-23 06:00:00,66.194405
2011-11-23 07:00:00,85.03656
2011-11-23 08:00:00,116.69345
2011-11-23 09:00:00,147.81358
2011-11-23 10:00:00,147.81358
2011-11-23 11:00:00,205.49734
2011-11-23 12:00:00,249.7651
2011-11-23 13:00:00,211.55171
2011-11-23 14:00:00,230.25986
2011-11-23 15:00:00,209.61945
2011-11-23 16:00:00,191.06491
2011-11-23 17:00:00,129.61296
2011-11-23 18:00:00,192.9585
2011-11-23 19:00:00,207.13747
2011-11-23 20:00:00,195.84105
2011-11-23 21:00:00,203.45598
2011-11-23 22:00:00,191.64003
2011-11-23 23:00:00,191.07182
2011-11-24 00:00:00,102.15374
2011-11-24 01:00:00,142.79709
2011-11-24 02:00:00,98.55706
2011-11-24 03:00:00,60.739594
2011-11-24 04:00:00,77.05832
2011-11-24 05:00:00,77.97727
2011-11-24 06:00:00,77.05832
2011-11-24 07:00:00,38.36885
2011-11-24 08:00:00,68.97772
2011-11-24 09:00:00,101.545494
2011-11-24 10:00:00,142.0066
2011-11-24 11:00:00,269.6653
2011-11-24 12:00:00,329.29895
2011-11-24 13:00:00,358.55402
2011-11-24 14:00:00,377.93527
2011-11-24 15:00:00,380.06915
2011-11-24 16:00:00,369.65338
2011-11-24 17:00:00,361.63547
2011-11-24 18:00:00,225.23572
2011-11-24 19:00:00,188.71194
2011-11-24 20:00:00,82.25948
2011-11-24 21:00:00,92.40888
2011-11-24 22:00:00,92.40888
2011-11-24 23:00:00,66.368645
2011-11-25 00:00:00,155.89297
2011-11-25 01:00:00,126.6307
2011-11-25 02:00:00,122.60065
2011-11-25 03:00:00,129.81375
2011-11-25 04:00:00,134.63815
2011-11-25 05:00:00,106.113075
2011-11-25 06:00:00,119.57918
2011-11-25 07:00:00,95.747116
2011-11-25 08:00:00,125.864136
2011-11-25 09:00:00,118.266106
2011-11-25 10:00:00,172.6998
2011-11-25 11:00:00,209.06335
2011-11-25 12:00:00,295.5957
2011-11-25 13:00:00,312.40015
2011-11-25 14:00:00,334.3076
2011-11-25 15:00:00,346.35028
2011-11-25 16:00:00,335.45422
2011-11-25 17:00:00,344.97623
2011-11-25 18:00:00,307.90903
2011-11-25 19:00:00,208.42018
2011-11-25 20:00:00,238.20468
2011-11-25 21:00:00,155.4161
2011-11-25 22:00:00,150.34424
2011-11-25 23:00:00,142.11847
2011-11-26 00:00:00,92.76723
2011-11-26 01:00:00,82.6969
2011-11-26 02:00:00,63.461544
2011-11-26 03:00:00,58.296623
2011-11-26 04:00:00,58.296623
2011-11-26 05:00:00,74.78622
2011-11-26 06:00:00,150.38264
2011-11-26 07:00:00,38.035748
2011-11-26 08:00:00,82.6969
2011-11-26 09:00:00,93.50099
2011-11-26 10:00:00,84.07738
2011-11-26 11:00:00,197.1424
2011-11-26 12:00:00,287.1805
2011-11-26 13:00:00,350.4398
2011-11-26 14:00:00,335.07227
2011-11-26 15:00:00,376.5253
2011-11-26 16:00:00,325.3548
2011-11-26 17:00:00,325.3548
2011-11-26 18:00:00,240.8339
2011-11-26 19:00:00,204.26393
2011-11-26 20:00:00,264.37863
2011-11-26 21:00:00,140.52408
2011-11-26 22:00:00,165.57593
2011-11-26 23:00:00,84.07738
2011-11-27 00:00:00,84.07738
2011-11-27 01:00:00,84.07738
2011-11-27 02:00:00,75.58104
2011-11-27 03:00:00,54.972588
2011-11-27 04:00:00,68.197495
2011-11-27 05:00:00,70.33274
2011-11-27 06:00:00,99.05103
2011-11-27 07:00:00,81.87769
2011-11-27 08:00:00,98.27538
2011-11-27 09:00:00,167.56311
2011-11-27 10:00:00,167.56311
2011-11-27 11:00:00,231.905
2011-11-27 12:00:00,317.8495
2011-11-27 13:00:00,312.4823
2011-11-27 14:00:00,402.45352
2011-11-27 15:00:00,459.3689
2011-11-27 16:00:00,362.271
2011-11-27 17:00:00,334.03513
2011-11-27 18:00:00,265.50098
2011-11-27 19:00:00,218.19456
2011-11-27 20:00:00,252.68631
2011-11-27 21:00:00,208.9484
2011-11-27 22:00:00,182.35378
2011-11-27 23:00:00,182.35378
2011-11-28 00:00:00,198.02025
2011-11-28 01:00:00,198.3567
2011-11-28 03:00:00,155.77469
2011-11-28 04:00:00,149.81729
2011-11-28 05:00:00,115.93714
2011-11-28 06:00:00,142.01035
2011-11-28 07:00:00,116.07669
2011-11-28 08:00:00,88.76611
2011-11-28 09:00:00,153.50195
2011-11-28 10:00:00,206.48083
2011-11-28 11:00:00,261.78085
2011-11-28 12:00:00,314.24094
2011-11-28 13:00:00,327.46713
2011-11-28 14:00:00,327.2818
2011-11-28 15:00:00,319.37207
2011-11-28 16:00:00,313.8519
2011-11-28 17:00:00,330.00433
2011-11-28 18:00:00,291.25018
2011-11-28 19:00:00,244.6923
2011-11-28 20:00:00,233.7654
2011-11-28 21:00:00,222.98837
2011-11-28 22:00:00,189.80394
2011-11-28 23:00:00,191.95125
2011-11-29 00:00:00,166.52475
2011-11-29 01:00:00,176.1436
2011-11-29 02:00:00,137.17792
2011-11-29 03:00:00,137.17792
2011-11-29 04:00:00,181.11963
2011-11-29 05:00:00,181.404
2011-11-29 06:00:00,201.28012
2011-11-29 07:00:00,221.36116
2011-11-29 08:00:00,222.73283
2011-11-29 09:00:00,189.43842
2011-11-29 10:00:00,189.43842
2011-11-29 11:00:00,118.81185
2011-11-29 12:00:00,106.26195
2011-11-29 13:00:00,131.87006
2011-11-29 14:00:00,80.67909
2011-11-29 15:00:00,90.78692
2011-11-29 16:00:00,93.710075
2011-11-29 17:00:00,148.27444
2011-11-29 18:00:00,159.80452
2011-11-29 19:00:00,158.65178
2011-11-29 20:00:00,146.01904
2011-11-29 21:00:00,146.01904
2011-11-29 22:00:00,173.46744
2011-11-29 23:00:00,181.65279
2011-11-30 00:00:00,195.94557
2011-11-30 01:00:00,185.01645
2011-11-30 02:00:00,158.21136
2011-11-30 03:00:00,158.21136
2011-11-30 04:00:00,154.71722
2011-11-30 05:00:00,137.05965
2011-11-30 06:00:00,110.00131
2011-11-30 07:00:00,119.57918
2011-11-30 08:00:00,137.05965
2011-11-30 09:00:00,160.81548
2011-11-30 10:00:00,180.54297
2011-11-30 11:00:00,225.66406
2011-11-30 12:00:00,222.67506
2011-11-30 13:00:00,228.37148
2011-11-30 14:00:00,228.37148
2011-11-30 15:00:00,218.28566
2011-11-30 16:00:00,221.77731
2011-11-30 17:00:00,210.28737
2011-11-30 18:00:00,200.5043
2011-11-30 19:00:00,198.58676
2011-11-30 20:00:00,198.58676
2011-11-30 21:00:00,188.12701
2011-11-30 22:00:00,183.90686
2011-11-30 23:00:00,177.83206
2011-12-20 00:00:00,216.69916
2011-12-20 01:00:00,224.80412
2011-12-20 02:00:00,202.30513
2011-12-20 03:00:00,202.30513
2011-12-20 04:00:00,237.51001
2011-12-20 05:00:00,224.88643
2011-12-20 06:00:00,224.88643
2011-12-20 07:00:00,207.76912
2011-12-20 08:00:00,264.62424
2011-12-20 09:00:00,192.39035
2011-12-20 10:00:00,256.19693
2011-12-20 11:00:00,235.39069
2011-12-20 12:00:00,275.24976
2011-12-20 13:00:00,275.24976
2011-12-20 14:00:00,263.06583
2011-12-20 15:00:00,270.10852
2011-12-20 16:00:00,268.5771
2011-12-20 17:00:00,226.875
2011-12-20 18:00:00,201.62703
2011-12-20 19:00:00,190.52032
2011-12-20 20:00:00,178.43872
2011-12-20 21:00:00,181.03836
2011-12-20 22:00:00,192.39035
2011-12-20 23:00:00,216.3242
2011-12-21 00:00:00,116.383415
2011-12-21 01:00:00,127.33505
2011-12-21 02:00:00,130.111
2011-12-21 03:00:00,130.111
2011-12-21 04:00:00,130.111
2011-12-21 05:00:00,130.46379
2011-12-21 06:00:00,131.54466
2011-12-21 07:00:00,120.49086
2011-12-21 08:00:00,118.494446
2011-12-21 09:00:00,115.47927
2011-12-21 10:00:00,133.26457
2011-12-21 11:00:00,133.26457
2011-12-21 12:00:00,93.25483
2011-12-21 13:00:00,90.57301
2011-12-21 14:00:00,127.08704
2011-12-21 15:00:00,125.248535
2011-12-21 16:00:00,83.10036
2011-12-21 17:00:00,83.10036
2011-12-21 18:00:00,108.355385
2011-12-21 19:00:00,130.79256
2011-12-21 20:00:00,127.25468
2011-12-21 21:00:00,153.39636
2011-12-21 22:00:00,156.48941
2011-12-21 23:00:00,156.49968
2011-12-22 00:00:00,169.15372
2011-12-22 01:00:00,127.329285
2011-12-22 02:00:00,158.17596
2011-12-22 03:00:00,154.51396
2011-12-22 04:00:00,130.05487
2011-12-22 05:00:00,118.90994
2011-12-22 06:00:00,107.227104
2011-12-22 07:00:00,98.08142
2011-12-22 08:00:00,131.54466
2011-12-22 09:00:00,129.14078
2011-12-22 10:00:00,139.50739
2011-12-22 11:00:00,161.81413
2011-12-22 12:00:00,161.42236
2011-12-22 13:00:00,160.21289
2011-12-22 14:00:00,160.21289
2011-12-22 15:00:00,163.83655
2011-12-22 16:00:00,160.21289
2011-12-22 17:00:00,154.82007
2011-12-22 18:00:00,156.17023
2011-12-22 19:00:00,153.13112
2011-12-22 20:00:00,131.68446
2011-12-22 21:00:00,131.68446
2011-12-22 22:00:00,97.29692
2011-12-22 23:00:00,132.14948
2011-12-23 00:00:00,97.46839
2011-12-23 01:00:00,97.46839
2011-12-23 02:00:00,95.94222
2011-12-23 03:00:00,95.94222
2011-12-23 04:00:00,75.34373
2011-12-23 05:00:00,110.572044
2011-12-23 06:00:00,113.85915
2011-12-23 07:00:00,118.8766
2011-12-23 08:00:00,123.64998
2011-12-23 09:00:00,134.2648
2011-12-23 10:00:00,143.9033
2011-12-23 11:00:00,158.22536
2011-12-23 12:00:00,164.79518
2011-12-23 13:00:00,170.32198
2011-12-23 14:00:00,163.53314
2011-12-23 15:00:00,153.40117
2011-12-23 16:00:00,153.09807
2011-12-23 17:00:00,128.27573
2011-12-23 18:00:00,134.45128
2011-12-23 19:00:00,118.83149
2011-12-23 20:00:00,109.99211
2011-12-23 21:00:00,106.286545
2011-12-23 22:00:00,109.15483
2011-12-23 23:00:00,111.47046
2011-12-24 00:00:00,87.331825
2011-12-24 01:00:00,92.46559
2011-12-24 02:00:00,93.31953
2011-12-24 03:00:00,91.54924
2011-12-24 04:00:00,89.16069
2011-12-24 05:00:00,89.16069
2011-12-24 06:00:00,74.98895
2011-12-24 07:00:00,60.28719
2011-12-24 08:00:00,54.28507
2011-12-24 09:00:00,92.806526
2011-12-24 10:00:00,98.43125
2011-12-24 11:00:00,110.75604
2011-12-24 12:00:00,129.72934
2011-12-24 13:00:00,126.73743
2011-12-24 14:00:00,126.73743
2011-12-24 15:00:00,121.2897
2011-12-24 16:00:00,118.38495
2011-12-24 17:00:00,84.82897
2011-12-24 18:00:00,98.81763
2011-12-24 19:00:00,77.84478
2011-12-24 20:00:00,62.90087
2011-12-24 21:00:00,65.33305
2011-12-24 22:00:00,50.1308
2011-12-24 23:00:00,44.86679
2011-12-25 00:00:00,56.34523
2011-12-25 01:00:00,36.353897
2011-12-25 02:00:00,31.324074
2011-12-25 03:00:00,31.506111
2011-12-25 05:00:00,28.416758
2011-12-25 06:00:00,28.416758
2011-12-25 07:00:00,28.467438
2011-12-25 08:00:00,26.720606
2011-12-25 09:00:00,28.037592
2011-12-25 10:00:00,38.772835
2011-12-25 11:00:00,58.738438
2011-12-25 12:00:00,58.684055
2011-12-25 13:00:00,73.56751
2011-12-25 14:00:00,95.16121
2011-12-25 15:00:00,96.26575
2011-12-25 16:00:00,99.856445
2011-12-25 17:00:00,85.684044
2011-12-25 18:00:00,69.089195
2011-12-25 19:00:00,86.2251
2011-12-25 20:00:00,93.43001
2011-12-25 21:00:00,77.15916
2011-12-25 22:00:00,64.8621
2011-12-25 23:00:00,49.351048
2011-12-26 00:00:00,34.976883
2011-12-26 01:00:00,77.32171
2011-12-26 02:00:00,124.97656
2011-12-26 04:00:00,127.80029
2011-12-26 05:00:00,130.94785
2011-12-26 06:00:00,119.9362
2011-12-26 07:00:00,113.597755
2011-12-26 08:00:00,101.59503
2011-12-26 09:00:00,127.80029
2011-12-26 10:00:00,123.0975
2011-12-26 11:00:00,123.10768
2011-12-26 12:00:00,133.85356
2011-12-26 13:00:00,153.10605
2011-12-26 14:00:00,151.96956
2011-12-26 15:00:00,152.49892
2011-12-26 16:00:00,140.26036
2011-12-26 17:00:00,124.97656
2011-12-26 18:00:00,86.01936
2011-12-26 19:00:00,58.45087
2011-12-26 20:00:00,69.849915
2011-12-26 21:00:00,33.211136
2011-12-26 22:00:00,33.211136
2011-12-26 23:00:00,41.352684
2011-12-27 00:00:00,95.7213
2011-12-27 01:00:00,96.388435
2011-12-27 02:00:00,96.388435
2011-12-27 03:00:00,104.02551
2011-12-27 04:00:00,102.64636
2011-12-27 05:00:00,102.36966
2011-12-27 06:00:00,103.6149
2011-12-27 07:00:00,101.72333
2011-12-27 08:00:00,104.27561
2011-12-27 09:00:00,92.53241
2011-12-27 10:00:00,112.98071
2011-12-27 11:00:00,92.53241
2011-12-27 12:00:00,90.80103
2011-12-27 13:00:00,80.73472
2011-12-27 14:00:00,85.384964
2011-12-27 15:00:00,85.384964
2011-12-27 16:00:00,93.09009
2011-12-27 17:00:00,106.52561
2011-12-27 18:00:00,109.65231
2011-12-27 19:00:00,114.307335
2011-12-27 20:00:00,98.32454
2011-12-27 21:00:00,106.81218
2011-12-27 22:00:00,106.81218
2011-12-27 23:00:00,95.30795
2011-12-28 00:00:00,109.307846
2011-12-28 01:00:00,115.23247
2011-12-28 02:00:00,104.4695
2011-12-28 03:00:00,104.4695
2011-12-28 05:00:00,119.46957
2011-12-28 06:00:00,107.075554
2011-12-28 07:00:00,107.075554
2011-12-28 08:00:00,119.46957
2011-12-28 09:00:00,115.47829
2011-12-28 10:00:00,114.53699
2011-12-28 11:00:00,149.05832
2011-12-28 12:00:00,144.30226
2011-12-28 13:00:00,149.20146
2011-12-28 14:00:00,137.96355
2011-12-28 15:00:00,140.97278
2011-12-28 16:00:00,132.44354
2011-12-28 17:00:00,117.142006
2011-12-28 18:00:00,109.3755
2011-12-28 19:00:00,95.741234
2011-12-28 20:00:00,95.549515
2011-12-28 21:00:00,86.84349
2011-12-28 22:00:00,86.43408
2011-12-28 23:00:00,84.40948
2011-12-29 00:00:00,86.00553
2011-12-29 01:00:00,83.009926
2011-12-29 02:00:00,79.56733
2011-12-29 03:00:00,78.733406
2011-12-29 04:00:00,79.505775
2011-12-29 05:00:00,78.82397
2011-12-29 06:00:00,72.32555
2011-12-29 07:00:00,74.98239
2011-12-29 08:00:00,80.99553
2011-12-29 09:00:00,79.33932
2011-12-29 10:00:00,83.10209
2011-12-29 11:00:00,91.58191
2011-12-29 12:00:00,96.96987
2011-12-29 13:00:00,101.7924
2011-12-29 14:00:00,103.48952
2011-12-29 15:00:00,106.26858
2011-12-29 16:00:00,105.20425
2011-12-29 17:00:00,104.155396
2011-12-29 18:00:00,105.43975
2011-12-29 19:00:00,106.736145
2011-12-29 20:00:00,99.24586
2011-12-29 21:00:00,100.66188
2011-12-29 22:00:00,99.577484
2011-12-29 23:00:00,105.04764
2011-12-30 00:00:00,101.93597
2011-12-30 01:00:00,92.573326
2011-12-30 02:00:00,89.7079
2011-12-30 03:00:00,89.7079
2011-12-30 04:00:00,87.699036
2011-12-30 05:00:00,84.521164
2011-12-30 06:00:00,87.699036
2011-12-30 07:00:00,88.206696
2011-12-30 08:00:00,89.57199
2011-12-30 09:00:00,83.07299
2011-12-30 10:00:00,98.34369
2011-12-30 11:00:00,109.15483
2011-12-30 12:00:00,111.61574
2011-12-30 13:00:00,124.994804
2011-12-30 14:00:00,134.10085
2011-12-30 15:00:00,170.27548
2011-12-30 16:00:00,175.37402
2011-12-30 17:00:00,137.38828
2011-12-30 18:00:00,125.40162
2011-12-30 19:00:00,115.21835
2011-12-30 20:00:00,119.44878
2011-12-30 21:00:00,127.33505
2011-12-30 22:00:00,114.88514
2011-12-30 23:00:00,118.70126
2011-12-31 00:00:00,104.079346
2011-12-31 01:00:00,119.85704
2011-12-31 02:00:00,119.85704
2011-12-31 03:00:00,119.85704
2011-12-31 04:00:00,100.703545
2011-12-31 05:00:00,95.024704
2011-12-31 06:00:00,131.5475
2011-12-31 07:00:00,100.96342
2011-12-31 08:00:00,52.54899
2011-12-31 09:00:00,60.988895
2011-12-31 10:00:00,90.531975
2011-12-31 11:00:00,110.30937
2011-12-31 12:00:00,276.30142
2011-12-31 13:00:00,208.93274
2011-12-31 14:00:00,191.63518
2011-12-31 15:00:00,171.3499
2011-12-31 16:00:00,171.67848
2011-12-31 17:00:00,159.41568
2011-12-31 18:00:00,151.4331
2011-12-31 19:00:00,160.53215
2011-12-31 20:00:00,160.53215
2011-12-31 21:00:00,136.17888
2011-12-31 22:00:00,106.82622
2011-12-31 23:00:00,67.13808
2012-01-20 00:00:00,94.83583
2012-01-20 01:00:00,95.31587
2012-01-20 02:00:00,95.31587
2012-01-20 03:00:00,89.210754
2012-01-20 04:00:00,82.81806
2012-01-20 05:00:00,82.81806
2012-01-20 06:00:00,81.59515
2012-01-20 07:00:00,82.29226
2012-01-20 08:00:00,79.371826
2012-01-20 09:00:00,94.85284
2012-01-20 10:00:00,85.069405
2012-01-20 11:00:00,76.75577
2012-01-20 12:00:00,77.5305
2012-01-20 13:00:00,97.249146
2012-01-20 14:00:00,83.816124
2012-01-20 15:00:00,87.895096
2012-01-20 16:00:00,82.743454
2012-01-20 17:00:00,82.4003
2012-01-20 18:00:00,79.79358
2012-01-20 19:00:00,81.510796
2012-01-20 20:00:00,79.79358
2012-01-20 21:00:00,80.42701
2012-01-20 22:00:00,82.10141
2012-01-20 23:00:00,46.687843
2012-01-21 00:00:00,22.26593
2012-01-21 01:00:00,15.53727
2012-01-21 02:00:00,27.581066
2012-01-21 03:00:00,21.790648
2012-01-21 04:00:00,24.953966
2012-01-21 05:00:00,23.986446
2012-01-21 06:00:00,20.569717
2012-01-21 07:00:00,20.569717
2012-01-21 08:00:00,23.618872
2012-01-21 09:00:00,23.618872
2012-01-21 10:00:00,15.545683
2012-01-21 11:00:00,35.99399
2012-01-21 12:00:00,38.15571
2012-01-21 13:00:00,34.241016
2012-01-21 14:00:00,27.011364
2012-01-21 15:00:00,27.011364
2012-01-21 16:00:00,32.8663
2012-01-21 17:00:00,29.276375
2012-01-21 18:00:00,32.317375
2012-01-21 19:00:00,25.75296
2012-01-21 20:00:00,29.336634
2012-01-21 21:00:00,31.634123
2012-01-21 22:00:00,31.381987
2012-01-21 23:00:00,26.501253
2012-01-22 00:00:00,25.414484
2012-01-22 01:00:00,31.381987
2012-01-22 02:00:00,31.486458
2012-01-22 03:00:00,33.569393
2012-01-22 04:00:00,16.942583
2012-01-22 05:00:00,19.566957
2012-01-22 06:00:00,28.10719
2012-01-22 07:00:00,28.10719
2012-01-22 08:00:00,28.10719
2012-01-22 09:00:00,28.10719
2012-01-22 10:00:00,27.357128
2012-01-22 11:00:00,17.775576
2012-01-22 12:00:00,27.056486
2012-01-22 13:00:00,30.729836
2012-01-22 14:00:00,29.225235
2012-01-22 15:00:00,27.85259
2012-01-22 16:00:00,27.85259
2012-01-22 17:00:00,32.48882
2012-01-22 18:00:00,23.986446
2012-01-22 19:00:00,23.986446
2012-01-22 20:00:00,20.86828
2012-01-22 21:00:00,23.986446
2012-01-22 22:00:00,32.674965
2012-01-22 23:00:00,31.743538
2012-01-23 00:00:00,79.94915
2012-01-23 01:00:00,75.8253
2012-01-23 02:00:00,75.8253
2012-01-23 03:00:00,79.94915
2012-01-23 04:00:00,82.94851
2012-01-23 05:00:00,84.63253
2012-01-23 06:00:00,84.63253
2012-01-23 07:00:00,69.28635
2012-01-23 08:00:00,58.024536
2012-01-23 09:00:00,80.53607
2012-01-23 10:00:00,87.79312
2012-01-23 11:00:00,81.643196
2012-01-23 12:00:00,93.361755
2012-01-23 13:00:00,65.10613
2012-01-23 14:00:00,52.188644
2012-01-23 15:00:00,68.77336
2012-01-23 16:00:00,79.9768
2012-01-23 17:00:00,85.5281
2012-01-23 18:00:00,83.45753
2012-01-23 19:00:00,83.62341
2012-01-23 20:00:00,80.53278
2012-01-23 21:00:00,67.087135
2012-01-23 22:00:00,67.087135
2012-01-23 23:00:00,71.204094
2012-01-24 00:00:00,74.99255
2012-01-24 01:00:00,86.57717
2012-01-24 02:00:00,90.65108
2012-01-24 03:00:00,102.127945
2012-01-24 04:00:00,98.967
2012-01-24 05:00:00,98.967
2012-01-24 06:00:00,94.620834
2012-01-24 07:00:00,102.127945
2012-01-24 08:00:00,102.127945
2012-01-24 09:00:00,110.65335
2012-01-24 10:00:00,98.32454
2012-01-24 11:00:00,114.35767
2012-01-24 12:00:00,114.307335
2012-01-24 13:00:00,114.307335
2012-01-24 14:00:00,114.98797
2012-01-24 15:00:00,136.73181
2012-01-24 16:00:00,141.08475
2012-01-24 17:00:00,146.67174
2012-01-24 18:00:00,140.03795
2012-01-24 19:00:00,173.04453
2012-01-24 20:00:00,101.138084
2012-01-24 21:00:00,117.102425
2012-01-24 22:00:00,97.69163
2012-01-24 23:00:00,101.138084
2012-01-25 00:00:00,75.82102
2012-01-25 01:00:00,101.912155
2012-01-25 02:00:00,98.95012
2012-01-25 03:00:00,95.69455
2012-01-25 04:00:00,87.62422
2012-01-25 05:00:00,87.62422
2012-01-25 06:00:00,88.18453
2012-01-25 07:00:00,89.129005
2012-01-25 08:00:00,85.34388
2012-01-25 09:00:00,85.34388
2012-01-25 10:00:00,84.92035
2012-01-25 11:00:00,103.6149
2012-01-25 12:00:00,112.30351
2012-01-25 13:00:00,122.53351
2012-01-25 14:00:00,124.03557
2012-01-25 15:00:00,138.4435
2012-01-25 16:00:00,118.3223
2012-01-25 17:00:00,126.03558
2012-01-25 18:00:00,111.47046
2012-01-25 19:00:00,114.47404
2012-01-25 20:00:00,108.70458
2012-01-25 21:00:00,97.87538
2012-01-25 22:00:00,105.19467
2012-01-25 23:00:00,101.995895
2012-01-26 00:00:00,98.975746
2012-01-26 01:00:00,103.78303
2012-01-26 02:00:00,96.73138
2012-01-26 03:00:00,99.70528
2012-01-26 04:00:00,88.51406
2012-01-26 05:00:00,104.70591
2012-01-26 06:00:00,105.00345
2012-01-26 07:00:00,99.557205
2012-01-26 08:00:00,99.557205
2012-01-26 09:00:00,111.192444
2012-01-26 10:00:00,102.36247
2012-01-26 11:00:00,103.49793
2012-01-26 12:00:00,113.279396
2012-01-26 13:00:00,137.42825
2012-01-26 14:00:00,142.60129
2012-01-26 15:00:00,150.61726
2012-01-26 16:00:00,143.8975
2012-01-26 17:00:00,152.61987
2012-01-26 18:00:00,152.61987
2012-01-26 19:00:00,141.81133
2012-01-26 20:00:00,131.94405
2012-01-26 21:00:00,141.81133
2012-01-26 22:00:00,130.20921
2012-01-26 23:00:00,146.1041
2012-01-27 00:00:00,115.86374
2012-01-27 01:00:00,115.47927
2012-01-27 02:00:00,124.1235
2012-01-27 03:00:00,108.49362
2012-01-27 04:00:00,96.16783
2012-01-27 05:00:00,105.48886
2012-01-27 06:00:00,100.18265
2012-01-27 07:00:00,101.68724
2012-01-27 08:00:00,119.938774
2012-01-27 09:00:00,119.938774
2012-01-27 10:00:00,117.40989
2012-01-27 11:00:00,146.21971
2012-01-27 12:00:00,155.4491
2012-01-27 13:00:00,200.95615
2012-01-27 14:00:00,205.99927
2012-01-27 15:00:00,204.36668
2012-01-27 16:00:00,184.76091
2012-01-27 17:00:00,176.69943
2012-01-27 18:00:00,170.55917
2012-01-27 19:00:00,148.1522
2012-01-27 20:00:00,132.48997
2012-01-27 21:00:00,135.03322
2012-01-27 22:00:00,138.58669
2012-01-27 23:00:00,131.54526
2012-01-28 00:00:00,87.20889
2012-01-28 01:00:00,87.22554
2012-01-28 02:00:00,47.329536
2012-01-28 03:00:00,52.06904
2012-01-28 04:00:00,59.866913
2012-01-28 05:00:00,34.001884
2012-01-28 06:00:00,36.249676
2012-01-28 07:00:00,29.69699
2012-01-28 08:00:00,25.194256
2012-01-28 09:00:00,26.937025
2012-01-28 10:00:00,43.930595
2012-01-28 11:00:00,77.15916
2012-01-28 12:00:00,74.825
2012-01-28 13:00:00,100.55155
2012-01-28 14:00:00,132.41418
2012-01-28 15:00:00,157.78166
2012-01-28 16:00:00,173.65678
2012-01-28 17:00:00,168.12685
2012-01-28 18:00:00,193.40872
2012-01-28 19:00:00,123.30505
2012-01-28 20:00:00,165.7561
2012-01-28 21:00:00,150.52898
2012-01-28 22:00:00,146.96768
2012-01-28 23:00:00,141.58823
2012-01-29 00:00:00,122.32447
2012-01-29 01:00:00,118.874725
2012-01-29 02:00:00,116.32566
2012-01-29 03:00:00,110.47007
2012-01-29 04:00:00,82.99459
2012-01-29 05:00:00,50.951126
2012-01-29 06:00:00,59.48731
2012-01-29 07:00:00,62.927803
2012-01-29 08:00:00,53.99659
2012-01-29 09:00:00,52.55158
2012-01-29 10:00:00,83.98229
2012-01-29 11:00:00,121.6582
2012-01-29 12:00:00,152.4856
2012-01-29 13:00:00,152.4856
2012-01-29 14:00:00,150.62692
2012-01-29 15:00:00,174.72984
2012-01-29 16:00:00,152.81361
2012-01-29 17:00:00,152.81361
2012-01-29 18:00:00,144.8977
2012-01-29 19:00:00,143.44957
2012-01-29 20:00:00,109.549904
2012-01-29 21:00:00,118.10485
2012-01-29 22:00:00,126.51234
2012-01-29 23:00:00,112.5591
2012-01-30 00:00:00,100.673836
2012-01-30 01:00:00,90.29571
2012-01-30 02:00:00,96.550835
2012-01-30 03:00:00,89.89286
2012-01-30 04:00:00,79.86432
2012-01-30 05:00:00,79.86432
2012-01-30 06:00:00,84.40948
2012-01-30 07:00:00,85.473656
2012-01-30 08:00:00,78.2103
2012-01-30 09:00:00,78.2103
2012-01-30 10:00:00,89.87226
2012-01-30 11:00:00,99.634415
2012-01-30 12:00:00,112.58943
2012-01-30 13:00:00,132.10538
2012-01-30 14:00:00,147.83144
2012-01-30 15:00:00,148.89929
2012-01-30 16:00:00,157.89992
2012-01-30 17:00:00,172.30449
2012-01-30 18:00:00,158.21088
2012-01-30 19:00:00,110.40719
2012-01-30 20:00:00,121.10261
2012-01-30 21:00:00,115.91188
2012-01-30 22:00:00,101.22211
2012-01-30 23:00:00,92.011665
2012-01-31 00:00:00,96.83308
2012-01-31 01:00:00,121.701195
2012-01-31 02:00:00,118.951965
2012-01-31 03:00:00,113.89854
2012-01-31 04:00:00,107.26138
2012-01-31 05:00:00,107.26138
2012-01-31 06:00:00,99.59581
2012-01-31 07:00:00,92.011665
2012-01-31 08:00:00,93.599045
2012-01-31 09:00:00,105.39166
2012-01-31 10:00:00,112.14793
2012-01-31 11:00:00,183.11476
2012-01-31 12:00:00,173.83456
2012-01-31 13:00:00,215.16176
2012-01-31 14:00:00,249.40933
2012-01-31 15:00:00,275.6701
2012-01-31 16:00:00,275.6701
2012-01-31 17:00:00,276.6702
2012-01-31 18:00:00,278.5462
2012-01-31 19:00:00,248.07895
2012-01-31 20:00:00,142.60162
2012-01-31 21:00:00,220.29599
2012-01-31 22:00:00,207.23322
2012-01-31 23:00:00,203.28075
2012-02-20 00:00:00,53.799435
2012-02-20 01:00:00,53.799435
2012-02-20 02:00:00,53.799435
2012-02-20 03:00:00,61.77571
2012-02-20 05:00:00,69.90951
2012-02-20 06:00:00,87.455475
2012-02-20 07:00:00,66.86053
2012-02-20 08:00:00,66.88755
2012-02-20 09:00:00,66.88755
2012-02-20 10:00:00,81.23729
2012-02-20 11:00:00,94.41306
2012-02-20 12:00:00,99.90005
2012-02-20 13:00:00,112.959145
2012-02-20 14:00:00,125.61787
2012-02-20 15:00:00,137.29068
2012-02-20 16:00:00,152.22617
2012-02-20 17:00:00,168.53165
2012-02-20 18:00:00,137.29068
2012-02-20 19:00:00,137.29068
2012-02-20 20:00:00,136.30426
2012-02-20 21:00:00,107.57786
2012-02-20 22:00:00,84.84553
2012-02-20 23:00:00,79.81761
2012-02-21 00:00:00,85.62828
2012-02-21 01:00:00,89.77291
2012-02-21 02:00:00,82.16861
2012-02-21 04:00:00,75.65603
2012-02-21 05:00:00,68.54317
2012-02-21 06:00:00,67.84123
2012-02-21 07:00:00,75.65603
2012-02-21 08:00:00,79.75773
2012-02-21 09:00:00,82.68888
2012-02-21 10:00:00,88.94428
2012-02-21 11:00:00,88.06079
2012-02-21 12:00:00,105.20015
2012-02-21 13:00:00,139.74948
2012-02-21 14:00:00,113.15303
2012-02-21 15:00:00,139.74948
2012-02-21 16:00:00,153.0451
2012-02-21 17:00:00,173.90582
2012-02-21 18:00:00,173.90582
2012-02-21 19:00:00,145.31863
2012-02-21 20:00:00,119.777145
2012-02-21 21:00:00,116.49964
2012-02-21 22:00:00,113.51378
2012-02-21 23:00:00,106.972244
2012-02-22 00:00:00,106.972244
2012-02-22 01:00:00,113.658226
2012-02-22 02:00:00,109.77092
2012-02-22 03:00:00,110.56525
2012-02-22 04:00:00,119.45274
2012-02-22 05:00:00,112.08398
2012-02-22 06:00:00,115.23247
2012-02-22 07:00:00,110.63442
2012-02-22 08:00:00,104.20533
2012-02-22 09:00:00,110.757385
2012-02-22 10:00:00,117.550896
2012-02-22 11:00:00,124.12101
2012-02-22 12:00:00,139.36194
2012-02-22 13:00:00,166.50644
2012-02-22 14:00:00,178.93668
2012-02-22 15:00:00,249.03323
2012-02-22 16:00:00,259.8463
2012-02-22 17:00:00,259.53378
2012-02-22 18:00:00,169.06209
2012-02-22 19:00:00,160.95738
2012-02-22 20:00:00,154.14958
2012-02-22 21:00:00,167.55765
2012-02-22 22:00:00,156.36263
2012-02-22 23:00:00,160.28409
2012-02-23 00:00:00,156.36263
2012-02-23 01:00:00,152.3077
2012-02-23 02:00:00,153.81963
2012-02-23 03:00:00,123.41571
2012-02-23 04:00:00,126.982315
2012-02-23 05:00:00,126.982315
2012-02-23 06:00:00,116.86654
2012-02-23 07:00:00,114.98797
2012-02-23 08:00:00,112.56683
2012-02-23 09:00:00,110.94143
2012-02-23 10:00:00,143.9203
2012-02-23 11:00:00,212.47725
2012-02-23 12:00:00,233.47578
2012-02-23 13:00:00,245.69702
2012-02-23 14:00:00,262.5699
2012-02-23 15:00:00,262.6981
2012-02-23 16:00:00,275.6113
2012-02-23 17:00:00,264.59528
2012-02-23 18:00:00,258.51562
2012-02-23 19:00:00,230.36449
2012-02-23 20:00:00,200.77785
2012-02-23 21:00:00,181.48651
2012-02-23 22:00:00,174.86739
2012-02-23 23:00:00,162.52406
2012-02-24 00:00:00,153.51521
2012-02-24 01:00:00,158.27472
2012-02-24 02:00:00,102.21417
2012-02-24 03:00:00,141.98416
2012-02-24 04:00:00,131.16116
2012-02-24 05:00:00,119.10713
2012-02-24 06:00:00,123.22961
2012-02-24 07:00:00,123.91328
2012-02-24 08:00:00,110.34337
2012-02-24 09:00:00,83.30852
2012-02-24 10:00:00,94.604935
2012-02-24 11:00:00,124.6642
2012-02-24 12:00:00,136.83301
2012-02-24 13:00:00,150.61726
2012-02-24 14:00:00,165.33134
2012-02-24 15:00:00,97.46839
2012-02-24 16:00:00,97.46839
2012-02-24 17:00:00,112.60638
2012-02-24 18:00:00,145.55043
2012-02-24 19:00:00,143.93968
2012-02-24 20:00:00,169.44261
2012-02-24 21:00:00,181.72392
2012-02-24 22:00:00,177.4464
2012-02-24 23:00:00,167.50276
2012-02-25 00:00:00,124.99205
2012-02-25 01:00:00,116.80485
2012-02-25 02:00:00,110.69329
2012-02-25 03:00:00,96.070175
2012-02-25 04:00:00,99.02902
2012-02-25 05:00:00,85.2462
2012-02-25 06:00:00,85.2462
2012-02-25 07:00:00,85.032616
2012-02-25 08:00:00,71.434685
2012-02-25 09:00:00,28.083029
2012-02-25 10:00:00,57.9987
2012-02-25 11:00:00,98.49903
2012-02-25 12:00:00,114.21208
2012-02-25 13:00:00,115.2923
2012-02-25 14:00:00,115.23334
2012-02-25 15:00:00,120.81688
2012-02-25 16:00:00,118.75183
2012-02-25 17:00:00,111.30088
2012-02-25 18:00:00,108.50542
2012-02-25 19:00:00,93.33924
2012-02-25 20:00:00,93.074646
2012-02-25 21:00:00,82.726875
2012-02-25 22:00:00,80.18496
2012-02-25 23:00:00,73.56996
2012-02-26 00:00:00,73.83542
2012-02-26 01:00:00,69.29728
2012-02-26 02:00:00,69.29728
2012-02-26 03:00:00,75.13179
2012-02-26 04:00:00,75.13179
2012-02-26 05:00:00,64.5734
2012-02-26 06:00:00,61.607544
2012-02-26 07:00:00,48.70812
2012-02-26 08:00:00,50.309525
2012-02-26 09:00:00,61.286858
2012-02-26 10:00:00,84.102
2012-02-26 11:00:00,93.06015
2012-02-26 12:00:00,109.38388
2012-02-26 13:00:00,115.71893
2012-02-26 14:00:00,146.4421
2012-02-26 15:00:00,162.63147
2012-02-26 16:00:00,161.50702
2012-02-26 17:00:00,165.35535
2012-02-26 18:00:00,136.08936
2012-02-26 19:00:00,147.12209
2012-02-26 20:00:00,116.7413
2012-02-26 21:00:00,95.729324
2012-02-26 22:00:00,104.9086
2012-02-26 23:00:00,65.33305
2012-02-27 00:00:00,87.9818
2012-02-27 01:00:00,89.85583
2012-02-27 02:00:00,86.73088
2012-02-27 03:00:00,92.67253
2012-02-27 04:00:00,89.7754
2012-02-27 05:00:00,89.7754
2012-02-27 06:00:00,85.34388
2012-02-27 07:00:00,85.588585
2012-02-27 08:00:00,80.79843
2012-02-27 09:00:00,92.011665
2012-02-27 10:00:00,124.42418
2012-02-27 11:00:00,148.56387
2012-02-27 12:00:00,183.28853
2012-02-27 13:00:00,173.79288
2012-02-27 14:00:00,216.10237
2012-02-27 15:00:00,265.3396
2012-02-27 16:00:00,275.6701
2012-02-27 17:00:00,277.0001
2012-02-27 18:00:00,264.10675
2012-02-27 19:00:00,251.29578
2012-02-27 20:00:00,234.57501
2012-02-27 21:00:00,216.10237
2012-02-27 22:00:00,195.77048
2012-02-27 23:00:00,165.81111
2012-02-28 00:00:00,157.33492
2012-02-28 01:00:00,131.27956
2012-02-28 02:00:00,147.66284
2012-02-28 03:00:00,192.4696
2012-02-28 04:00:00,133.043
2012-02-28 05:00:00,133.043
2012-02-28 06:00:00,120.75349
2012-02-28 07:00:00,108.3468
2012-02-28 08:00:00,94.55022
2012-02-28 09:00:00,114.94164
2012-02-28 10:00:00,121.701195
2012-02-28 11:00:00,148.13374
2012-02-28 12:00:00,158.51599
2012-02-28 13:00:00,162.49483
2012-02-28 14:00:00,185.94794
2012-02-28 15:00:00,198.56349
2012-02-28 16:00:00,196.80737
2012-02-28 17:00:00,198.56349
2012-02-28 18:00:00,197.55605
2012-02-28 19:00:00,199.55171
2012-02-28 20:00:00,184.2624
2012-02-28 21:00:00,128.28282
2012-02-28 22:00:00,128.28282
2012-02-28 23:00:00,110.53776
2012-02-29 00:00:00,113.6445
2012-02-29 01:00:00,114.53351
2012-02-29 02:00:00,101.13876
2012-02-29 03:00:00,97.891754
2012-02-29 05:00:00,92.680214
2012-02-29 06:00:00,99.70528
2012-02-29 07:00:00,92.8865
2012-02-29 08:00:00,98.975746
2012-02-29 09:00:00,80.2206
2012-02-29 10:00:00,80.2206
2012-02-29 11:00:00,71.60619
2012-02-29 12:00:00,57.78697
2012-02-29 13:00:00,85.761665
2012-02-29 14:00:00,85.761665
2012-02-29 15:00:00,113.71479
2012-02-29 16:00:00,97.293434
2012-02-29 17:00:00,123.22961
2012-02-29 18:00:00,132.14948
2012-02-29 19:00:00,132.61278
2012-02-29 20:00:00,107.41899
2012-02-29 21:00:00,107.41899
2012-02-29 22:00:00,89.380585
2012-02-29 23:00:00,89.380585
2012-03-20 00:00:00,195.92274
2012-03-20 01:00:00,163.41866
2012-03-20 02:00:00,165.93184
2012-03-20 03:00:00,190.10077
2012-03-20 04:00:00,165.69656
2012-03-20 05:00:00,176.08672
2012-03-20 06:00:00,155.62369
2012-03-20 07:00:00,130.44855
2012-03-20 08:00:00,169.94455
2012-03-20 09:00:00,169.82558
2012-03-20 10:00:00,171.29681
2012-03-20 11:00:00,190.86151
2012-03-20 12:00:00,215.7163
2012-03-20 13:00:00,215.36446
2012-03-20 14:00:00,212.4365
2012-03-20 15:00:00,228.05765
2012-03-20 16:00:00,260.88608
2012-03-20 17:00:00,232.20947
2012-03-20 18:00:00,241.62187
2012-03-20 19:00:00,214.0532
2012-03-20 20:00:00,223.28029
2012-03-20 21:00:00,201.05258
2012-03-20 22:00:00,187.38275
2012-03-20 23:00:00,168.07457
2012-03-21 00:00:00,95.884125
2012-03-21 01:00:00,111.51399
2012-03-21 02:00:00,95.052475
2012-03-21 03:00:00,122.032875
2012-03-21 04:00:00,125.83229
2012-03-21 05:00:00,125.83229
2012-03-21 06:00:00,104.10217
2012-03-21 07:00:00,85.11389
2012-03-21 08:00:00,96.162186
2012-03-21 09:00:00,123.95849
2012-03-21 10:00:00,139.95256
2012-03-21 11:00:00,139.95256
2012-03-21 12:00:00,156.76826
2012-03-21 13:00:00,155.0334
2012-03-21 14:00:00,160.34859
2012-03-21 15:00:00,160.34859
2012-03-21 16:00:00,159.26213
2012-03-21 17:00:00,194.51999
2012-03-21 18:00:00,179.33536
2012-03-21 19:00:00,197.53708
2012-03-21 20:00:00,141.19617
2012-03-21 21:00:00,119.5139
2012-03-21 22:00:00,114.69273
2012-03-21 23:00:00,136.15358
2012-03-22 00:00:00,111.51399
2012-03-22 01:00:00,111.51399
2012-03-22 02:00:00,111.51399
2012-03-22 03:00:00,111.51399
2012-03-22 04:00:00,103.87091
2012-03-22 05:00:00,103.87091
2012-03-22 06:00:00,103.87091
2012-03-22 07:00:00,103.87091
2012-03-22 08:00:00,123.36167
2012-03-22 09:00:00,123.36167
2012-03-22 10:00:00,109.57134
2012-03-22 11:00:00,132.63715
2012-03-22 12:00:00,138.40005
2012-03-22 13:00:00,146.97334
2012-03-22 14:00:00,179.22879
2012-03-22 15:00:00,224.61421
2012-03-22 16:00:00,245.76477
2012-03-22 17:00:00,247.01575
2012-03-22 18:00:00,247.01575
2012-03-22 19:00:00,219.3637
2012-03-22 20:00:00,218.26373
2012-03-22 21:00:00,155.90575
2012-03-22 22:00:00,133.87485
2012-03-22 23:00:00,122.77586
2012-03-23 00:00:00,119.56999
2012-03-23 01:00:00,100.383995
2012-03-23 02:00:00,103.440765
2012-03-23 03:00:00,100.11606
2012-03-23 04:00:00,120.33776
2012-03-23 05:00:00,127.767746
2012-03-23 06:00:00,144.44481
2012-03-23 07:00:00,118.20277
2012-03-23 08:00:00,116.034546
2012-03-23 09:00:00,136.85287
2012-03-23 10:00:00,150.42175
2012-03-23 11:00:00,191.415
2012-03-23 12:00:00,240.44603
2012-03-23 13:00:00,262.46063
2012-03-23 14:00:00,277.48944
2012-03-23 15:00:00,277.9002
2012-03-23 16:00:00,278.13254
2012-03-23 17:00:00,278.13254
2012-03-23 18:00:00,316.43192
2012-03-23 19:00:00,298.3191
2012-03-23 20:00:00,295.0595
2012-03-23 21:00:00,263.61633
2012-03-23 22:00:00,246.21077
2012-03-23 23:00:00,224.29039
2012-03-24 00:00:00,125.162186
2012-03-24 01:00:00,112.235855
2012-03-24 02:00:00,88.730606
2012-03-24 03:00:00,88.730606
2012-03-24 04:00:00,57.568172
2012-03-24 05:00:00,141.10223
2012-03-24 06:00:00,141.10223
2012-03-24 07:00:00,113.811035
2012-03-24 08:00:00,100.5258
2012-03-24 09:00:00,137.53333
2012-03-24 10:00:00,126.08359
2012-03-24 11:00:00,100.5258
2012-03-24 12:00:00,112.601425
2012-03-24 13:00:00,108.010506
2012-03-24 14:00:00,102.102974
2012-03-24 15:00:00,73.21062
2012-03-24 16:00:00,91.97415
2012-03-24 17:00:00,113.77451
2012-03-24 18:00:00,87.747505
2012-03-24 19:00:00,102.06344
2012-03-24 20:00:00,75.11842
2012-03-24 21:00:00,75.11842
2012-03-24 22:00:00,63.88509
2012-03-24 23:00:00,70.49298
2012-03-25 00:00:00,70.49298
2012-03-25 01:00:00,57.059193
2012-03-25 02:00:00,50.684246
2012-03-25 03:00:00,58.378723
2012-03-25 04:00:00,55.263943
2012-03-25 05:00:00,50.54603
2012-03-25 06:00:00,50.54603
2012-03-25 07:00:00,49.50713
2012-03-25 08:00:00,49.50713
2012-03-25 09:00:00,60.910625
2012-03-25 10:00:00,61.782936
2012-03-25 11:00:00,60.910625
2012-03-25 12:00:00,65.07076
2012-03-25 13:00:00,92.155876
2012-03-25 14:00:00,99.711334
2012-03-25 15:00:00,97.34553
2012-03-25 16:00:00,51.615135
2012-03-25 17:00:00,85.922554
2012-03-25 18:00:00,85.922554
2012-03-25 19:00:00,114.73144
2012-03-25 20:00:00,80.807724
2012-03-25 21:00:00,72.7091
2012-03-25 22:00:00,49.159725
2012-03-25 23:00:00,54.11995
2012-03-26 00:00:00,125.40843
2012-03-26 01:00:00,117.658165
2012-03-26 02:00:00,89.381775
2012-03-26 03:00:00,97.70852
2012-03-26 04:00:00,88.72885
2012-03-26 05:00:00,99.670204
2012-03-26 06:00:00,85.38088
2012-03-26 07:00:00,117.16517
2012-03-26 08:00:00,142.84943
2012-03-26 09:00:00,202.31862
2012-03-26 10:00:00,219.42633
2012-03-26 11:00:00,221.84795
2012-03-26 12:00:00,224.93907
2012-03-26 13:00:00,217.35835
2012-03-26 14:00:00,238.80794
2012-03-26 15:00:00,224.15274
2012-03-26 16:00:00,232.68907
2012-03-26 17:00:00,243.6494
2012-03-26 18:00:00,227.48108
2012-03-26 19:00:00,225.1006
2012-03-26 20:00:00,198.63837
2012-03-26 21:00:00,190.34746
2012-03-26 22:00:00,181.06422
2012-03-26 23:00:00,158.49902
2012-03-27 00:00:00,149.3884
2012-03-27 01:00:00,137.39043
2012-03-27 02:00:00,111.090126
2012-03-27 03:00:00,110.53347
2012-03-27 04:00:00,98.80258
2012-03-27 05:00:00,86.65646
2012-03-27 06:00:00,89.58941
2012-03-27 07:00:00,89.58941
2012-03-27 08:00:00,86.385376
2012-03-27 09:00:00,94.65116
2012-03-27 10:00:00,109.948784
2012-03-27 11:00:00,138.6111
2012-03-27 12:00:00,147.65416
2012-03-27 13:00:00,164.18379
2012-03-27 14:00:00,203.3136
2012-03-27 15:00:00,213.498
2012-03-27 16:00:00,213.498
2012-03-27 17:00:00,232.34492
2012-03-27 18:00:00,223.25824
2012-03-27 19:00:00,218.77628
2012-03-27 20:00:00,223.25824
2012-03-27 21:00:00,157.72627
2012-03-27 22:00:00,154.26306
2012-03-27 23:00:00,160.85951
2012-03-28 00:00:00,154.41846
2012-03-28 01:00:00,144.21758
2012-03-28 02:00:00,128.01187
2012-03-28 03:00:00,138.38219
2012-03-28 04:00:00,148.78607
2012-03-28 05:00:00,148.78607
2012-03-28 06:00:00,145.75214
2012-03-28 07:00:00,145.01451
2012-03-28 08:00:00,159.99248
2012-03-28 09:00:00,168.21347
2012-03-28 10:00:00,209.51556
2012-03-28 11:00:00,236.15535
2012-03-28 12:00:00,195.6796
2012-03-28 13:00:00,266.01965
2012-03-28 14:00:00,316.38904
2012-03-28 15:00:00,236.58023
2012-03-28 16:00:00,212.45769
2012-03-28 17:00:00,255.17345
2012-03-28 18:00:00,255.17345
2012-03-28 19:00:00,268.38272
2012-03-28 20:00:00,270.40375
2012-03-28 21:00:00,239.96411
2012-03-28 22:00:00,198.50218
2012-03-28 23:00:00,173.32852
2012-03-29 00:00:00,181.64897
2012-03-29 01:00:00,211.56148
2012-03-29 02:00:00,330.4408
2012-03-29 03:00:00,311.06094
2012-03-29 04:00:00,257.5379
2012-03-29 05:00:00,224.7871
2012-03-29 06:00:00,165.97403
2012-03-29 07:00:00,192.27199
2012-03-29 08:00:00,194.31158
2012-03-29 09:00:00,203.32622
2012-03-29 10:00:00,190.4401
2012-03-29 11:00:00,222.07317
2012-03-29 12:00:00,216.3437
2012-03-29 13:00:00,210.12009
2012-03-29 14:00:00,238.16246
2012-03-29 15:00:00,255.79102
2012-03-29 16:00:00,260.53098
2012-03-29 17:00:00,257.81497
2012-03-29 18:00:00,241.53766
2012-03-29 19:00:00,230.10037
2012-03-29 20:00:00,222.78636
2012-03-29 21:00:00,197.30469
2012-03-29 22:00:00,186.37936
2012-03-29 23:00:00,180.62584
2012-03-30 00:00:00,169.14885
2012-03-30 01:00:00,151.61101
2012-03-30 02:00:00,131.37807
2012-03-30 03:00:00,90.81834
2012-03-30 04:00:00,94.67991
2012-03-30 05:00:00,78.60995
2012-03-30 06:00:00,89.54785
2012-03-30 07:00:00,91.72455
2012-03-30 08:00:00,84.41047
2012-03-30 09:00:00,98.738014
2012-03-30 10:00:00,97.721924
2012-03-30 11:00:00,91.19151
2012-03-30 12:00:00,96.918884
2012-03-30 13:00:00,83.04441
2012-03-30 14:00:00,84.60251
2012-03-30 15:00:00,89.34418
2012-03-30 16:00:00,88.53165
2012-03-30 17:00:00,121.1313
2012-03-30 18:00:00,151.17763
2012-03-30 19:00:00,123.71042
2012-03-30 20:00:00,117.07572
2012-03-30 21:00:00,100.08046
2012-03-30 22:00:00,87.06645
2012-03-30 23:00:00,69.266304
2012-03-31 00:00:00,34.872818
2012-03-31 01:00:00,105.55519
2012-03-31 02:00:00,102.77649
2012-03-31 03:00:00,40.96477
2012-03-31 04:00:00,66.38574
2012-03-31 05:00:00,40.4895
2012-03-31 06:00:00,69.09653
2012-03-31 07:00:00,69.09653
2012-03-31 08:00:00,65.268585
2012-03-31 09:00:00,105.55519
2012-03-31 10:00:00,109.94689
2012-03-31 11:00:00,75.83238
2012-03-31 12:00:00,80.918015
2012-03-31 13:00:00,174.8056
2012-03-31 14:00:00,163.7768
2012-03-31 15:00:00,177.05276
2012-03-31 16:00:00,156.62198
2012-03-31 17:00:00,130.69757
2012-03-31 18:00:00,80.80846
2012-03-31 19:00:00,82.02937
2012-03-31 20:00:00,88.06902
2012-03-31 21:00:00,88.06902
2012-03-31 22:00:00,94.890144
2012-03-31 23:00:00,70.30645
2012-04-20 00:00:00,139.64948
2012-04-20 01:00:00,97.70852
2012-04-20 02:00:00,78.82083
2012-04-20 03:00:00,78.133415
2012-04-20 04:00:00,62.78938
2012-04-20 05:00:00,56.07665
2012-04-20 06:00:00,67.11559
2012-04-20 07:00:00,56.07665
2012-04-20 08:00:00,60.49306
2012-04-20 09:00:00,83.25076
2012-04-20 10:00:00,127.219696
2012-04-20 11:00:00,177.31853
2012-04-20 12:00:00,257.81476
2012-04-20 13:00:00,300.20633
2012-04-20 14:00:00,306.88126
2012-04-20 15:00:00,298.00104
2012-04-20 16:00:00,308.64108
2012-04-20 17:00:00,302.21817
2012-04-20 18:00:00,289.61444
2012-04-20 19:00:00,276.09424
2012-04-20 20:00:00,243.30705
2012-04-20 21:00:00,185.2252
2012-04-20 22:00:00,186.92303
2012-04-20 23:00:00,147.09206
2012-04-21 00:00:00,100.73317
2012-04-21 01:00:00,100.73317
2012-04-21 02:00:00,84.65824
2012-04-21 03:00:00,70.42476
2012-04-21 04:00:00,74.24014
2012-04-21 05:00:00,74.24014
2012-04-21 06:00:00,70.42476
2012-04-21 07:00:00,77.49005
2012-04-21 08:00:00,87.87185
2012-04-21 09:00:00,100.75972
2012-04-21 10:00:00,242.8903
2012-04-21 11:00:00,275.09543
2012-04-21 12:00:00,303.17685
2012-04-21 13:00:00,326.8711
2012-04-21 14:00:00,404.98425
2012-04-21 15:00:00,432.4196
2012-04-21 16:00:00,415.59912
2012-04-21 17:00:00,411.87012
2012-04-21 18:00:00,310.46066
2012-04-21 19:00:00,122.11469
2012-04-21 20:00:00,112.48527
2012-04-21 21:00:00,98.82963
2012-04-21 22:00:00,69.34904
2012-04-21 23:00:00,105.9121
2012-04-22 00:00:00,119.83945
2012-04-22 01:00:00,95.926025
2012-04-22 02:00:00,95.52653
2012-04-22 03:00:00,114.50055
2012-04-22 04:00:00,123.9865
2012-04-22 05:00:00,117.824715
2012-04-22 06:00:00,104.62532
2012-04-22 07:00:00,72.51589
2012-04-22 08:00:00,75.470345
2012-04-22 09:00:00,75.470345
2012-04-22 10:00:00,56.76162
2012-04-22 11:00:00,53.62072
2012-04-22 12:00:00,49.63666
2012-04-22 13:00:00,53.403103
2012-04-22 14:00:00,49.63666
2012-04-22 15:00:00,42.566616
2012-04-22 16:00:00,38.04568
2012-04-22 17:00:00,24.82192
2012-04-22 18:00:00,24.82192
2012-04-22 19:00:00,28.78417
2012-04-22 20:00:00,27.274355
2012-04-22 21:00:00,36.10496
2012-04-22 22:00:00,25.233871
2012-04-22 23:00:00,38.916954
2012-04-23 00:00:00,53.521027
2012-04-23 01:00:00,45.51543
2012-04-23 02:00:00,66.05534
2012-04-23 03:00:00,72.35336
2012-04-23 04:00:00,45.22686
2012-04-23 05:00:00,45.22686
2012-04-23 06:00:00,68.827515
2012-04-23 07:00:00,46.825428
2012-04-23 08:00:00,76.5663
2012-04-23 09:00:00,78.45715
2012-04-23 10:00:00,87.28146
2012-04-23 11:00:00,88.27133
2012-04-23 12:00:00,61.723503
2012-04-23 13:00:00,67.6187
2012-04-23 14:00:00,77.51198
2012-04-23 15:00:00,111.19288
2012-04-23 16:00:00,44.719055
2012-04-23 17:00:00,44.2093
2012-04-23 18:00:00,62.598396
2012-04-23 19:00:00,82.47203
2012-04-23 20:00:00,80.36676
2012-04-23 21:00:00,72.20365
2012-04-23 22:00:00,75.23238
2012-04-23 23:00:00,70.35309
2012-04-24 00:00:00,82.28165
2012-04-24 01:00:00,77.190414
2012-04-24 02:00:00,66.21493
2012-04-24 03:00:00,70.54559
2012-04-24 04:00:00,80.00558
2012-04-24 05:00:00,80.00558
2012-04-24 06:00:00,82.10758
2012-04-24 07:00:00,94.69679
2012-04-24 08:00:00,102.19734
2012-04-24 09:00:00,170.05276
2012-04-24 10:00:00,180.62584
2012-04-24 11:00:00,235.1774
2012-04-24 12:00:00,250.16745
2012-04-24 13:00:00,261.88794
2012-04-24 14:00:00,268.82327
2012-04-24 15:00:00,270.4748
2012-04-24 16:00:00,271.13348
2012-04-24 17:00:00,285.52228
2012-04-24 18:00:00,263.52875
2012-04-24 19:00:00,281.72586
2012-04-24 20:00:00,265.9061
2012-04-24 21:00:00,157.693
2012-04-24 22:00:00,199.74623
2012-04-24 23:00:00,182.48747
2012-04-25 00:00:00,176.46979
2012-04-25 01:00:00,156.00667
2012-04-25 02:00:00,81.89686
2012-04-25 03:00:00,66.2006
2012-04-25 04:00:00,77.22853
2012-04-25 05:00:00,67.72409
2012-04-25 06:00:00,67.72409
2012-04-25 07:00:00,62.836914
2012-04-25 08:00:00,71.53481
2012-04-25 09:00:00,122.06898
2012-04-25 10:00:00,236.3449
2012-04-25 11:00:00,254.85947
2012-04-25 12:00:00,289.60214
2012-04-25 13:00:00,301.5452
2012-04-25 14:00:00,307.9142
2012-04-25 15:00:00,320.9596
2012-04-25 16:00:00,341.4229
2012-04-25 17:00:00,343.64685
2012-04-25 18:00:00,344.1341
2012-04-25 19:00:00,336.45172
2012-04-25 20:00:00,295.9341
2012-04-25 21:00:00,209.74896
2012-04-25 22:00:00,174.89597
2012-04-25 23:00:00,162.1955
2012-04-26 00:00:00,137.28854
2012-04-26 01:00:00,153.95482
2012-04-26 02:00:00,144.94733
2012-04-26 03:00:00,144.81721
2012-04-26 04:00:00,140.35258
2012-04-26 05:00:00,143.12932
2012-04-26 06:00:00,149.29921
2012-04-26 07:00:00,76.77203
2012-04-26 08:00:00,90.42478
2012-04-26 09:00:00,89.24394
2012-04-26 10:00:00,99.53225
2012-04-26 11:00:00,96.618965
2012-04-26 12:00:00,141.49226
2012-04-26 13:00:00,133.36205
2012-04-26 14:00:00,154.75342
2012-04-26 15:00:00,134.53284
2012-04-26 16:00:00,136.87906
2012-04-26 17:00:00,142.77864
2012-04-26 18:00:00,154.75342
2012-04-26 19:00:00,155.23613
2012-04-26 20:00:00,146.7991
2012-04-26 21:00:00,124.34011
2012-04-26 22:00:00,114.69273
2012-04-26 23:00:00,96.0594
2012-04-27 00:00:00,197.75491
2012-04-27 01:00:00,191.8431
2012-04-27 02:00:00,182.5409
2012-04-27 03:00:00,177.48038
2012-04-27 04:00:00,184.78648
2012-04-27 05:00:00,186.72897
2012-04-27 06:00:00,176.46439
2012-04-27 07:00:00,151.61101
2012-04-27 08:00:00,118.990364
2012-04-27 09:00:00,173.18748
2012-04-27 10:00:00,206.11359
2012-04-27 11:00:00,212.69983
2012-04-27 12:00:00,227.77838
2012-04-27 13:00:00,232.05879
2012-04-27 14:00:00,233.5137
2012-04-27 15:00:00,264.3703
2012-04-27 16:00:00,274.96362
2012-04-27 17:00:00,293.11572
2012-04-27 18:00:00,280.81552
2012-04-27 19:00:00,265.322
2012-04-27 20:00:00,237.24042
2012-04-27 21:00:00,221.73882
2012-04-27 22:00:00,199.15082
2012-04-27 23:00:00,183.95412
2012-04-28 00:00:00,150.77676
2012-04-28 01:00:00,100.03422
2012-04-28 02:00:00,127.76824
2012-04-28 03:00:00,93.09863
2012-04-28 04:00:00,95.18133
2012-04-28 05:00:00,101.491295
2012-04-28 06:00:00,97.09112
2012-04-28 07:00:00,95.18133
2012-04-28 08:00:00,159.30127
2012-04-28 09:00:00,142.47073
2012-04-28 10:00:00,135.45967
2012-04-28 11:00:00,135.78978
2012-04-28 12:00:00,127.24018
2012-04-28 13:00:00,154.90645
2012-04-28 14:00:00,192.49643
2012-04-28 15:00:00,190.7142
2012-04-28 16:00:00,185.28398
2012-04-28 17:00:00,159.37299
2012-04-28 18:00:00,118.743095
2012-04-28 19:00:00,80.30511
2012-04-28 20:00:00,106.499535
2012-04-28 21:00:00,79.236145
2012-04-28 22:00:00,91.93923
2012-04-28 23:00:00,102.69171
2012-04-29 00:00:00,75.68015
2012-04-29 01:00:00,83.85041
2012-04-29 02:00:00,70.92494
2012-04-29 03:00:00,65.268585
2012-04-29 04:00:00,71.38582
2012-04-29 05:00:00,16.615246
2012-04-29 06:00:00,18.358566
2012-04-29 07:00:00,63.857014
2012-04-29 08:00:00,41.105965
2012-04-29 09:00:00,56.372406
2012-04-29 10:00:00,65.72654
2012-04-29 11:00:00,137.2031
2012-04-29 12:00:00,209.39606
2012-04-29 13:00:00,220.70276
2012-04-29 14:00:00,286.39618
2012-04-29 15:00:00,317.55743
2012-04-29 16:00:00,403.8563
2012-04-29 17:00:00,416.23962
2012-04-29 18:00:00,409.3092
2012-04-29 19:00:00,327.50275
2012-04-29 20:00:00,332.0859
2012-04-29 21:00:00,227.71304
2012-04-29 22:00:00,198.20264
2012-04-29 23:00:00,114.01486
2012-04-30 00:00:00,108.014786
2012-04-30 01:00:00,90.17098
2012-04-30 02:00:00,106.34393
2012-04-30 03:00:00,90.072754
2012-04-30 04:00:00,119.90368
2012-04-30 05:00:00,119.90368
2012-04-30 06:00:00,161.42508
2012-04-30 07:00:00,151.54121
2012-04-30 08:00:00,172.71817
2012-04-30 09:00:00,121.91271
2012-04-30 10:00:00,128.37906
2012-04-30 11:00:00,136.63936
2012-04-30 12:00:00,133.22874
2012-04-30 13:00:00,150.10753
2012-04-30 14:00:00,158.24957
2012-04-30 15:00:00,168.10605
2012-04-30 16:00:00,223.19981
2012-04-30 17:00:00,217.50793
2012-04-30 18:00:00,187.31924
2012-04-30 19:00:00,172.8521
2012-04-30 20:00:00,166.77187
2012-04-30 21:00:00,166.77187
2012-04-30 22:00:00,171.72629
2012-04-30 23:00:00,177.3547
2012-05-20 00:00:00,238.45975
2012-05-20 01:00:00,200.42815
2012-05-20 02:00:00,200.42815
2012-05-20 03:00:00,185.7981
2012-05-20 04:00:00,112.448135
2012-05-20 05:00:00,88.7053
2012-05-20 06:00:00,135.26306
2012-05-20 07:00:00,139.16853
2012-05-20 08:00:00,220.30891
2012-05-20 09:00:00,409.35196
2012-05-20 10:00:00,422.3575
2012-05-20 11:00:00,416.02698
2012-05-20 12:00:00,429.92477
2012-05-20 13:00:00,433.09656
2012-05-20 14:00:00,430.0564
2012-05-20 15:00:00,366.30228
2012-05-20 16:00:00,423.9989
2012-05-20 17:00:00,412.72375
2012-05-20 18:00:00,378.987
2012-05-20 19:00:00,292.16544
2012-05-20 20:00:00,292.16544
2012-05-20 21:00:00,242.82306
2012-05-20 22:00:00,201.3707
2012-05-20 23:00:00,150.42862
2012-05-21 00:00:00,107.500046
2012-05-21 01:00:00,103.056755
2012-05-21 02:00:00,97.25987
2012-05-21 03:00:00,144.28786
2012-05-21 04:00:00,101.14441
2012-05-21 05:00:00,101.14441
2012-05-21 06:00:00,101.14441
2012-05-21 07:00:00,101.14441
2012-05-21 08:00:00,104.44996
2012-05-21 09:00:00,106.831604
2012-05-21 10:00:00,108.51505
2012-05-21 11:00:00,167.01692
2012-05-21 12:00:00,168.09604
2012-05-21 13:00:00,124.56248
2012-05-21 14:00:00,128.7998
2012-05-21 15:00:00,204.36028
2012-05-21 16:00:00,206.61928
2012-05-21 17:00:00,225.85167
2012-05-21 18:00:00,192.79861
2012-05-21 19:00:00,212.88068
2012-05-21 20:00:00,219.15381
2012-05-21 21:00:00,202.15778
2012-05-21 22:00:00,193.17809
2012-05-21 23:00:00,218.26373
2012-05-22 00:00:00,155.31209
2012-05-22 01:00:00,160.88939
2012-05-22 02:00:00,160.8474
2012-05-22 03:00:00,160.8474
2012-05-22 04:00:00,147.43752
2012-05-22 05:00:00,110.10646
2012-05-22 06:00:00,119.15054
2012-05-22 07:00:00,119.15054
2012-05-22 08:00:00,149.0302
2012-05-22 09:00:00,166.17816
2012-05-22 10:00:00,173.3762
2012-05-22 11:00:00,174.76706
2012-05-22 12:00:00,182.56836
2012-05-22 13:00:00,199.59377
2012-05-22 14:00:00,201.8963
2012-05-22 15:00:00,254.5531
2012-05-22 16:00:00,256.43207
2012-05-22 17:00:00,252.5263
2012-05-22 18:00:00,263.2214
2012-05-22 19:00:00,244.4033
2012-05-22 20:00:00,225.129
2012-05-22 21:00:00,168.06882
2012-05-22 22:00:00,181.68716
2012-05-22 23:00:00,184.55171
2012-05-23 00:00:00,168.06882
2012-05-23 01:00:00,141.87926
2012-05-23 02:00:00,167.01692
2012-05-23 03:00:00,155.7512
2012-05-23 04:00:00,122.02953
2012-05-23 05:00:00,104.44996
2012-05-23 06:00:00,106.98839
2012-05-23 07:00:00,122.55161
2012-05-23 08:00:00,122.55161
2012-05-23 09:00:00,182.14597
2012-05-23 10:00:00,158.54091
2012-05-23 11:00:00,169.47647
2012-05-23 12:00:00,218.31613
2012-05-23 13:00:00,209.8272
2012-05-23 14:00:00,248.75406
2012-05-23 15:00:00,242.12158
2012-05-23 16:00:00,230.9074
2012-05-23 17:00:00,176.33383
2012-05-23 18:00:00,176.33383
2012-05-23 19:00:00,174.0542
2012-05-23 20:00:00,173.14467
2012-05-23 21:00:00,174.4142
2012-05-23 22:00:00,174.0542
2012-05-23 23:00:00,138.49353
2012-05-24 00:00:00,131.17947
2012-05-24 01:00:00,111.16308
2012-05-24 02:00:00,108.57396
2012-05-24 03:00:00,160.92285
2012-05-24 04:00:00,159.72243
2012-05-24 05:00:00,159.72243
2012-05-24 06:00:00,159.72243
2012-05-24 07:00:00,133.38907
2012-05-24 08:00:00,191.48836
2012-05-24 09:00:00,198.70142
2012-05-24 10:00:00,233.66336
2012-05-24 11:00:00,241.15817
2012-05-24 12:00:00,272.16034
2012-05-24 13:00:00,304.96463
2012-05-24 14:00:00,316.52676
2012-05-24 15:00:00,317.87122
2012-05-24 16:00:00,319.83002
2012-05-24 17:00:00,318.5033
2012-05-24 18:00:00,314.82047
2012-05-24 19:00:00,292.71445
2012-05-24 20:00:00,226.86615
2012-05-24 21:00:00,154.36555
2012-05-24 22:00:00,189.84366
2012-05-24 23:00:00,190.67845
2012-05-25 00:00:00,143.94722
2012-05-25 01:00:00,135.75809
2012-05-25 02:00:00,174.4142
2012-05-25 03:00:00,166.62741
2012-05-25 04:00:00,164.55524
2012-05-25 05:00:00,166.54315
2012-05-25 06:00:00,166.62741
2012-05-25 07:00:00,165.95134
2012-05-25 08:00:00,170.11877
2012-05-25 09:00:00,170.29369
2012-05-25 10:00:00,192.98163
2012-05-25 11:00:00,183.15657
2012-05-25 12:00:00,243.52733
2012-05-25 13:00:00,273.16037
2012-05-25 14:00:00,288.95908
2012-05-25 15:00:00,299.82086
2012-05-25 16:00:00,327.53918
2012-05-25 17:00:00,312.34866
2012-05-25 18:00:00,299.82086
2012-05-25 19:00:00,302.85226
2012-05-25 20:00:00,262.06067
2012-05-25 21:00:00,255.79745
2012-05-25 22:00:00,193.73357
2012-05-25 23:00:00,200.7382
2012-05-26 00:00:00,106.950775
2012-05-26 01:00:00,98.12757
2012-05-26 02:00:00,73.4065
2012-05-26 03:00:00,67.9978
2012-05-26 04:00:00,73.504906
2012-05-26 05:00:00,126.255516
2012-05-26 06:00:00,87.07657
2012-05-26 07:00:00,146.21101
2012-05-26 08:00:00,126.09591
2012-05-26 09:00:00,114.6586
2012-05-26 10:00:00,161.04132
2012-05-26 11:00:00,193.7699
2012-05-26 12:00:00,267.37524
2012-05-26 13:00:00,265.61545
2012-05-26 14:00:00,275.99216
2012-05-26 15:00:00,294.36017
2012-05-26 16:00:00,365.74127
2012-05-26 17:00:00,360.0916
2012-05-26 18:00:00,348.37543
2012-05-26 19:00:00,280.3633
2012-05-26 20:00:00,326.6703
2012-05-26 21:00:00,287.7607
2012-05-26 22:00:00,211.03902
2012-05-26 23:00:00,211.03902
2012-05-27 00:00:00,230.51895
2012-05-27 01:00:00,186.61899
2012-05-27 02:00:00,186.07663
2012-05-27 03:00:00,167.8645
2012-05-27 04:00:00,111.79183
2012-05-27 05:00:00,111.79183
2012-05-27 06:00:00,104.06961
2012-05-27 07:00:00,80.33526
2012-05-27 08:00:00,114.6586
2012-05-27 09:00:00,129.2002
2012-05-27 10:00:00,201.4703
2012-05-27 11:00:00,262.06015
2012-05-27 12:00:00,276.622
2012-05-27 13:00:00,319.25485
2012-05-27 14:00:00,340.45618
2012-05-27 15:00:00,390.62073
2012-05-27 16:00:00,390.62073
2012-05-27 17:00:00,410.81967
2012-05-27 18:00:00,353.50665
2012-05-27 19:00:00,319.25485
2012-05-27 20:00:00,322.61853
2012-05-27 21:00:00,191.60675
2012-05-27 22:00:00,175.50217
2012-05-27 23:00:00,169.91905
2012-05-28 00:00:00,130.14789
2012-05-28 01:00:00,225.18524
2012-05-28 02:00:00,124.54067
2012-05-28 03:00:00,152.4979
2012-05-28 04:00:00,122.22144
2012-05-28 05:00:00,122.22144
2012-05-28 06:00:00,152.4979
2012-05-28 07:00:00,120.635765
2012-05-28 08:00:00,145.97748
2012-05-28 09:00:00,208.85751
2012-05-28 10:00:00,208.85751
2012-05-28 11:00:00,234.26443
2012-05-28 12:00:00,276.7212
2012-05-28 13:00:00,346.95956
2012-05-28 14:00:00,346.95956
2012-05-28 15:00:00,389.53656
2012-05-28 16:00:00,394.6596
2012-05-28 17:00:00,389.53656
2012-05-28 18:00:00,367.52386
2012-05-28 19:00:00,380.6778
2012-05-28 20:00:00,335.77963
2012-05-28 21:00:00,299.95786
2012-05-28 22:00:00,227.87788
2012-05-28 23:00:00,198.7706
2012-05-29 00:00:00,209.0691
2012-05-29 01:00:00,209.0691
2012-05-29 02:00:00,163.02895
2012-05-29 03:00:00,222.33041
2012-05-29 04:00:00,200.7382
2012-05-29 05:00:00,200.7382
2012-05-29 06:00:00,200.7382
2012-05-29 07:00:00,200.7382
2012-05-29 08:00:00,236.00099
2012-05-29 09:00:00,271.1023
2012-05-29 10:00:00,284.7922
2012-05-29 11:00:00,312.99036
2012-05-29 12:00:00,332.05865
2012-05-29 13:00:00,339.51318
2012-05-29 14:00:00,339.77963
2012-05-29 15:00:00,343.05035
2012-05-29 16:00:00,343.02255
2012-05-29 17:00:00,347.42337
2012-05-29 18:00:00,339.17264
2012-05-29 19:00:00,335.53912
2012-05-29 20:00:00,177.78139
2012-05-29 21:00:00,107.64589
2012-05-29 22:00:00,166.54315
2012-05-29 23:00:00,141.19699
2012-05-30 00:00:00,140.0485
2012-05-30 01:00:00,133.24223
2012-05-30 02:00:00,129.88629
2012-05-30 03:00:00,133.51334
2012-05-30 04:00:00,166.28702
2012-05-30 05:00:00,183.04039
2012-05-30 06:00:00,173.35048
2012-05-30 07:00:00,136.06044
2012-05-30 08:00:00,185.6167
2012-05-30 09:00:00,204.55255
2012-05-30 10:00:00,208.30289
2012-05-30 11:00:00,230.42786
2012-05-30 12:00:00,250.8526
2012-05-30 13:00:00,259.96494
2012-05-30 14:00:00,321.41794
2012-05-30 15:00:00,304.28778
2012-05-30 16:00:00,310.82272
2012-05-30 17:00:00,299.2602
2012-05-30 18:00:00,318.77472
2012-05-30 19:00:00,304.96463
2012-05-30 20:00:00,172.97429
2012-05-30 21:00:00,270.86588
2012-05-30 22:00:00,218.68224
2012-05-30 23:00:00,234.78406
2012-05-31 00:00:00,219.15381
2012-05-31 01:00:00,207.11165
2012-05-31 02:00:00,224.09769
2012-05-31 03:00:00,202.15778
2012-05-31 04:00:00,182.2598
2012-05-31 05:00:00,233.55214
2012-05-31 06:00:00,204.72682
2012-05-31 07:00:00,246.21077
2012-05-31 08:00:00,274.71802
2012-05-31 09:00:00,307.2611
2012-05-31 10:00:00,331.15906
2012-05-31 11:00:00,348.52475
2012-05-31 12:00:00,342.5107
2012-05-31 13:00:00,340.69153
2012-05-31 14:00:00,357.73447
2012-05-31 15:00:00,365.12106
2012-05-31 16:00:00,364.77893
2012-05-31 17:00:00,352.8008
2012-05-31 18:00:00,358.5474
2012-05-31 19:00:00,344.76987
2012-05-31 20:00:00,311.96982
2012-05-31 21:00:00,311.96982
2012-05-31 22:00:00,295.95914
2012-05-31 23:00:00,292.5099
2012-06-20 00:00:00,209.0691
2012-06-20 01:00:00,198.71484
2012-06-20 02:00:00,163.98499
2012-06-20 03:00:00,155.81604
2012-06-20 04:00:00,144.49084
2012-06-20 05:00:00,144.49084
2012-06-20 06:00:00,170.1683
2012-06-20 07:00:00,166.94643
2012-06-20 08:00:00,210.63754
2012-06-20 09:00:00,216.88164
2012-06-20 10:00:00,307.3564
2012-06-20 11:00:00,325.6161
2012-06-20 12:00:00,321.34552
2012-06-20 13:00:00,312.8295
2012-06-20 14:00:00,338.4785
2012-06-20 15:00:00,318.62366
2012-06-20 16:00:00,333.44083
2012-06-20 17:00:00,312.94675
2012-06-20 18:00:00,312.94675
2012-06-20 19:00:00,352.6916
2012-06-20 20:00:00,343.71155
2012-06-20 21:00:00,310.6351
2012-06-20 22:00:00,309.65842
2012-06-20 23:00:00,279.5945
2012-06-21 00:00:00,172.84496
2012-06-21 01:00:00,141.945
2012-06-21 02:00:00,130.59398
2012-06-21 03:00:00,124.555016
2012-06-21 04:00:00,97.169136
2012-06-21 05:00:00,101.96323
2012-06-21 06:00:00,164.54793
2012-06-21 07:00:00,164.54793
2012-06-21 08:00:00,145.86462
2012-06-21 09:00:00,276.0105
2012-06-21 10:00:00,268.329
2012-06-21 11:00:00,295.48065
2012-06-21 12:00:00,329.07846
2012-06-21 13:00:00,299.33148
2012-06-21 14:00:00,314.36343
2012-06-21 15:00:00,332.9779
2012-06-21 16:00:00,318.91562
2012-06-21 17:00:00,289.651
2012-06-21 18:00:00,306.53775
2012-06-21 19:00:00,319.5807
2012-06-21 20:00:00,299.3982
2012-06-21 21:00:00,282.04684
2012-06-21 22:00:00,252.06865
2012-06-21 23:00:00,241.17906
2012-06-22 00:00:00,238.43909
2012-06-22 01:00:00,186.95802
2012-06-22 02:00:00,105.97815
2012-06-22 03:00:00,105.97815
2012-06-22 04:00:00,240.01494
2012-06-22 05:00:00,245.48149
2012-06-22 06:00:00,235.35423
2012-06-22 07:00:00,253.95831
2012-06-22 08:00:00,252.96292
2012-06-22 09:00:00,273.23755
2012-06-22 10:00:00,311.05597
2012-06-22 11:00:00,279.07217
2012-06-22 12:00:00,274.90207
2012-06-22 13:00:00,319.5807
2012-06-22 14:00:00,319.5807
2012-06-22 15:00:00,344.3911
2012-06-22 16:00:00,342.33115
2012-06-22 17:00:00,330.36594
2012-06-22 18:00:00,283.6502
2012-06-22 19:00:00,257.11795
2012-06-22 20:00:00,257.11795
2012-06-22 21:00:00,223.14647
2012-06-22 22:00:00,183.55663
2012-06-22 23:00:00,187.2764
2012-06-23 00:00:00,44.60809
2012-06-23 01:00:00,84.26978
2012-06-23 02:00:00,115.052315
2012-06-23 03:00:00,108.12501
2012-06-23 04:00:00,110.25557
2012-06-23 05:00:00,115.052315
2012-06-23 06:00:00,49.7792
2012-06-23 07:00:00,61.12147
2012-06-23 08:00:00,181.77727
2012-06-23 09:00:00,239.35223
2012-06-23 10:00:00,295.657
2012-06-23 11:00:00,370.84064
2012-06-23 12:00:00,386.91382
2012-06-23 13:00:00,429.8552
2012-06-23 14:00:00,452.09637
2012-06-23 15:00:00,468.82025
2012-06-23 16:00:00,484.614
2012-06-23 17:00:00,478.7939
2012-06-23 18:00:00,485.16428
2012-06-23 19:00:00,466.35294
2012-06-23 20:00:00,448.59882
2012-06-23 21:00:00,428.27646
2012-06-23 22:00:00,402.9966
2012-06-23 23:00:00,331.17926
2012-06-24 00:00:00,273.91522
2012-06-24 01:00:00,298.818
2012-06-24 02:00:00,311.49954
2012-06-24 03:00:00,228.43549
2012-06-24 04:00:00,223.88547
2012-06-24 05:00:00,145.93251
2012-06-24 06:00:00,189.20631
2012-06-24 07:00:00,137.22124
2012-06-24 08:00:00,217.06195
2012-06-24 09:00:00,276.66022
2012-06-24 10:00:00,365.3209
2012-06-24 11:00:00,392.0939
2012-06-24 12:00:00,443.62152
2012-06-24 13:00:00,454.53738
2012-06-24 14:00:00,466.70123
2012-06-24 15:00:00,460.56143
2012-06-24 16:00:00,458.76074
2012-06-24 17:00:00,450.1241
2012-06-24 18:00:00,442.52158
2012-06-24 19:00:00,433.3634
2012-06-24 20:00:00,387.8458
2012-06-24 21:00:00,313.40454
2012-06-24 22:00:00,261.68445
2012-06-24 23:00:00,236.93356
2012-06-25 00:00:00,270.22113
2012-06-25 01:00:00,250.6721
2012-06-25 02:00:00,225.47806
2012-06-25 03:00:00,237.03593
2012-06-25 04:00:00,177.30644
2012-06-25 05:00:00,164.0545
2012-06-25 06:00:00,136.74274
2012-06-25 07:00:00,191.40244
2012-06-25 08:00:00,210.2894
2012-06-25 09:00:00,238.22316
2012-06-25 10:00:00,262.36438
2012-06-25 11:00:00,322.84512
2012-06-25 12:00:00,301.67474
2012-06-25 13:00:00,303.2499
2012-06-25 14:00:00,314.29184
2012-06-25 15:00:00,344.7947
2012-06-25 16:00:00,360.75427
2012-06-25 17:00:00,379.25247
2012-06-25 18:00:00,366.7912
2012-06-25 19:00:00,362.1355
2012-06-25 20:00:00,350.69363
2012-06-25 21:00:00,353.1238
2012-06-25 22:00:00,344.64377
2012-06-25 23:00:00,335.85486
2012-06-26 00:00:00,331.43796
2012-06-26 01:00:00,314.38516
2012-06-26 02:00:00,286.3492
2012-06-26 03:00:00,272.33252
2012-06-26 04:00:00,271.74988
2012-06-26 05:00:00,243.75099
2012-06-26 06:00:00,244.02211
2012-06-26 07:00:00,236.17413
2012-06-26 08:00:00,267.22736
2012-06-26 09:00:00,272.25583
2012-06-26 10:00:00,308.16492
2012-06-26 11:00:00,317.73425
2012-06-26 12:00:00,323.96115
2012-06-26 13:00:00,343.7552
2012-06-26 14:00:00,343.7552
2012-06-26 15:00:00,354.5789
2012-06-26 16:00:00,356.57407
2012-06-26 17:00:00,357.9186
2012-06-26 18:00:00,361.7266
2012-06-26 19:00:00,353.89774
2012-06-26 20:00:00,354.6316
2012-06-26 21:00:00,333.6687
2012-06-26 22:00:00,337.7568
2012-06-26 23:00:00,295.50275
2012-06-27 00:00:00,308.26453
2012-06-27 01:00:00,292.9965
2012-06-27 02:00:00,254.03343
2012-06-27 03:00:00,261.1701
2012-06-27 04:00:00,311.58942
2012-06-27 05:00:00,303.955
2012-06-27 06:00:00,286.85718
2012-06-27 07:00:00,298.42908
2012-06-27 08:00:00,307.1582
2012-06-27 09:00:00,318.78412
2012-06-27 10:00:00,333.67053
2012-06-27 11:00:00,356.92926
2012-06-27 12:00:00,354.98822
2012-06-27 13:00:00,362.54358
2012-06-27 14:00:00,376.36655
2012-06-27 15:00:00,373.7239
2012-06-27 16:00:00,381.3747
2012-06-27 17:00:00,378.54727
2012-06-27 18:00:00,362.54358
2012-06-27 19:00:00,357.87994
2012-06-27 20:00:00,334.19525
2012-06-27 21:00:00,313.74432
2012-06-27 22:00:00,291.54175
2012-06-27 23:00:00,274.84042
2012-06-28 00:00:00,257.8424
2012-06-28 01:00:00,217.49507
2012-06-28 02:00:00,254.5964
2012-06-28 03:00:00,254.5964
2012-06-28 04:00:00,210.51773
2012-06-28 05:00:00,227.74928
2012-06-28 06:00:00,227.74928
2012-06-28 07:00:00,210.51773
2012-06-28 08:00:00,266.22107
2012-06-28 09:00:00,262.61108
2012-06-28 10:00:00,290.33377
2012-06-28 11:00:00,330.98117
2012-06-28 12:00:00,357.71692
2012-06-28 13:00:00,350.57614
2012-06-28 14:00:00,365.95773
2012-06-28 15:00:00,365.95773
2012-06-28 16:00:00,359.39462
2012-06-28 17:00:00,362.92862
2012-06-28 18:00:00,352.83914
2012-06-28 19:00:00,348.4742
2012-06-28 20:00:00,323.0899
2012-06-28 21:00:00,272.07416
2012-06-28 22:00:00,269.44073
2012-06-28 23:00:00,271.574
2012-06-29 00:00:00,271.574
2012-06-29 01:00:00,271.7141
2012-06-29 02:00:00,262.61298
2012-06-29 03:00:00,262.61298
2012-06-29 04:00:00,224.43304
2012-06-29 05:00:00,215.60532
2012-06-29 06:00:00,259.8173
2012-06-29 07:00:00,215.60532
2012-06-29 08:00:00,279.37244
2012-06-29 09:00:00,262.36438
2012-06-29 10:00:00,329.92865
2012-06-29 11:00:00,334.03632
2012-06-29 12:00:00,342.0156
2012-06-29 13:00:00,328.77155
2012-06-29 14:00:00,343.3888
2012-06-29 15:00:00,310.5563
2012-06-29 16:00:00,310.5563
2012-06-29 17:00:00,348.14935
2012-06-29 18:00:00,321.66904
2012-06-29 19:00:00,303.4576
2012-06-29 20:00:00,328.12595
2012-06-29 21:00:00,299.41034
2012-06-29 22:00:00,291.46756
2012-06-29 23:00:00,291.46756
2012-06-30 00:00:00,131.88768
2012-06-30 01:00:00,126.63556
2012-06-30 02:00:00,75.77446
2012-06-30 03:00:00,75.77446
2012-06-30 04:00:00,52.131386
2012-06-30 05:00:00,40.81367
2012-06-30 06:00:00,40.81367
2012-06-30 07:00:00,40.81367
2012-06-30 08:00:00,40.81367
2012-06-30 09:00:00,40.81367
2012-06-30 10:00:00,454.75598
2012-06-30 11:00:00,454.75598
2012-06-30 12:00:00,454.75598
2012-06-30 13:00:00,454.75598
2012-06-30 14:00:00,454.75598
2012-06-30 15:00:00,454.75598
2012-06-30 16:00:00,446.04086
2012-06-30 17:00:00,428.43225
2012-06-30 18:00:00,403.48874
2012-06-30 19:00:00,400.45065
2012-06-30 20:00:00,332.6281
2012-06-30 21:00:00,332.6281
2012-06-30 22:00:00,246.25635
2012-06-30 23:00:00,219.05475
2012-07-20 00:00:00,133.82289
2012-07-20 01:00:00,75.149254
2012-07-20 02:00:00,119.81488
2012-07-20 03:00:00,123.745735
2012-07-20 04:00:00,136.73436
2012-07-20 05:00:00,131.64203
2012-07-20 06:00:00,136.73436
2012-07-20 07:00:00,136.89204
2012-07-20 08:00:00,172.09734
2012-07-20 09:00:00,193.38095
2012-07-20 10:00:00,195.31364
2012-07-20 11:00:00,231.76804
2012-07-20 12:00:00,164.9807
2012-07-20 13:00:00,171.34521
2012-07-20 14:00:00,177.43321
2012-07-20 15:00:00,180.03363
2012-07-20 16:00:00,180.65762
2012-07-20 17:00:00,173.10141
2012-07-20 18:00:00,194.87459
2012-07-20 19:00:00,165.97557
2012-07-20 20:00:00,131.07436
2012-07-20 21:00:00,120.81479
2012-07-20 22:00:00,154.66512
2012-07-20 23:00:00,158.74323
2012-07-21 00:00:00,139.59003
2012-07-21 01:00:00,124.81373
2012-07-21 02:00:00,119.661476
2012-07-21 03:00:00,118.48566
2012-07-21 04:00:00,115.16833
2012-07-21 05:00:00,114.187126
2012-07-21 06:00:00,114.187126
2012-07-21 07:00:00,99.83201
2012-07-21 08:00:00,117.90472
2012-07-21 09:00:00,106.13267
2012-07-21 10:00:00,114.187126
2012-07-21 11:00:00,120.9067
2012-07-21 12:00:00,131.59435
2012-07-21 13:00:00,135.0602
2012-07-21 14:00:00,100.48895
2012-07-21 15:00:00,118.48566
2012-07-21 16:00:00,118.71642
2012-07-21 17:00:00,123.060326
2012-07-21 18:00:00,86.837715
2012-07-21 19:00:00,82.5365
2012-07-21 20:00:00,123.060326
2012-07-21 21:00:00,82.5365
2012-07-21 22:00:00,76.26263
2012-07-21 23:00:00,66.4157
2012-07-22 00:00:00,76.26263
2012-07-22 01:00:00,82.5365
2012-07-22 02:00:00,76.26263
2012-07-22 03:00:00,76.26263
2012-07-22 04:00:00,31.999191
2012-07-22 05:00:00,31.999191
2012-07-22 06:00:00,103.78532
2012-07-22 07:00:00,99.20643
2012-07-22 08:00:00,136.16705
2012-07-22 09:00:00,200.56683
2012-07-22 10:00:00,173.07782
2012-07-22 11:00:00,173.07782
2012-07-22 12:00:00,218.50732
2012-07-22 13:00:00,246.11676
2012-07-22 14:00:00,175.10681
2012-07-22 15:00:00,175.10681
2012-07-22 16:00:00,179.88028
2012-07-22 17:00:00,225.6506
2012-07-22 18:00:00,202.11917
2012-07-22 19:00:00,168.58057
2012-07-22 20:00:00,136.91603
2012-07-22 21:00:00,89.95595
2012-07-22 22:00:00,146.52057
2012-07-22 23:00:00,95.89028
2012-07-23 00:00:00,63.434193
2012-07-23 01:00:00,93.86941
2012-07-23 02:00:00,94.27087
2012-07-23 03:00:00,94.27087
2012-07-23 04:00:00,106.05609
2012-07-23 05:00:00,106.05609
2012-07-23 06:00:00,128.79402
2012-07-23 07:00:00,111.17071
2012-07-23 08:00:00,130.59398
2012-07-23 09:00:00,219.96468
2012-07-23 10:00:00,260.0451
2012-07-23 11:00:00,290.18277
2012-07-23 12:00:00,290.18277
2012-07-23 13:00:00,291.92178
2012-07-23 14:00:00,274.9147
2012-07-23 15:00:00,276.0105
2012-07-23 16:00:00,267.47842
2012-07-23 17:00:00,267.47842
2012-07-23 18:00:00,272.80872
2012-07-23 19:00:00,294.29163
2012-07-23 20:00:00,247.3806
2012-07-23 21:00:00,256.0198
2012-07-23 22:00:00,253.74352
2012-07-23 23:00:00,224.01262
2012-07-24 00:00:00,160.85254
2012-07-24 01:00:00,139.34727
2012-07-24 02:00:00,113.630646
2012-07-24 03:00:00,113.630646
2012-07-24 04:00:00,89.25122
2012-07-24 05:00:00,93.999825
2012-07-24 06:00:00,103.61252
2012-07-24 07:00:00,173.22589
2012-07-24 08:00:00,218.9207
2012-07-24 09:00:00,246.5052
2012-07-24 10:00:00,294.52432
2012-07-24 11:00:00,296.5267
2012-07-24 12:00:00,285.5585
2012-07-24 13:00:00,297.07462
2012-07-24 14:00:00,296.70203
2012-07-24 15:00:00,305.96844
2012-07-24 16:00:00,295.87955
2012-07-24 17:00:00,306.22626
2012-07-24 18:00:00,287.90656
2012-07-24 19:00:00,247.3806
2012-07-24 20:00:00,227.87057
2012-07-24 21:00:00,252.23682
2012-07-24 22:00:00,261.6968
2012-07-24 23:00:00,293.56427
2012-07-25 00:00:00,287.21448
2012-07-25 01:00:00,262.08176
2012-07-25 02:00:00,261.0524
2012-07-25 03:00:00,241.98851
2012-07-25 04:00:00,236.98376
2012-07-25 05:00:00,217.20021
2012-07-25 06:00:00,229.27626
2012-07-25 07:00:00,299.27167
2012-07-25 08:00:00,321.1462
2012-07-25 09:00:00,336.2311
2012-07-25 10:00:00,285.2935
2012-07-25 11:00:00,298.50107
2012-07-25 12:00:00,298.50107
2012-07-25 13:00:00,326.6122
2012-07-25 14:00:00,326.39706
2012-07-25 15:00:00,314.53128
2012-07-25 16:00:00,331.46072
2012-07-25 17:00:00,301.464
2012-07-25 18:00:00,335.1381
2012-07-25 19:00:00,317.39456
2012-07-25 20:00:00,304.3586
2012-07-25 21:00:00,280.68503
2012-07-25 22:00:00,240.05453
2012-07-25 23:00:00,284.17996
2012-07-26 00:00:00,233.06783
2012-07-26 01:00:00,241.98851
2012-07-26 02:00:00,231.89003
2012-07-26 03:00:00,222.88727
2012-07-26 04:00:00,177.67352
2012-07-26 05:00:00,177.67352
2012-07-26 06:00:00,177.30644
2012-07-26 07:00:00,215.04063
2012-07-26 08:00:00,219.66747
2012-07-26 09:00:00,228.23515
2012-07-26 10:00:00,233.52017
2012-07-26 11:00:00,261.67816
2012-07-26 12:00:00,288.53796
2012-07-26 13:00:00,301.36258
2012-07-26 14:00:00,313.30786
2012-07-26 15:00:00,331.2489
2012-07-26 16:00:00,347.9538
2012-07-26 17:00:00,335.8588
2012-07-26 18:00:00,338.5378
2012-07-26 19:00:00,322.7419
2012-07-26 20:00:00,301.3248
2012-07-26 21:00:00,318.33853
2012-07-26 22:00:00,318.33853
2012-07-26 23:00:00,187.29478
2012-07-27 00:00:00,141.5468
2012-07-27 01:00:00,173.99397
2012-07-27 02:00:00,134.83144
2012-07-27 03:00:00,173.22589
2012-07-27 04:00:00,95.87257
2012-07-27 05:00:00,76.07001
2012-07-27 06:00:00,95.87257
2012-07-27 07:00:00,215.11769
2012-07-27 08:00:00,200.5846
2012-07-27 09:00:00,303.7844
2012-07-27 10:00:00,258.623
2012-07-27 11:00:00,314.9128
2012-07-27 12:00:00,315.66977
2012-07-27 13:00:00,308.33347
2012-07-27 14:00:00,311.15274
2012-07-27 15:00:00,312.9746
2012-07-27 16:00:00,299.47733
2012-07-27 17:00:00,320.06226
2012-07-27 18:00:00,286.43204
2012-07-27 19:00:00,282.04684
2012-07-27 20:00:00,239.43953
2012-07-27 21:00:00,239.43953
2012-07-27 22:00:00,247.72879
2012-07-27 23:00:00,171.25168
2012-07-28 00:00:00,216.73698
2012-07-28 01:00:00,144.51738
2012-07-28 02:00:00,127.54612
2012-07-28 03:00:00,127.54612
2012-07-28 04:00:00,113.92416
2012-07-28 05:00:00,95.89028
2012-07-28 06:00:00,138.63332
2012-07-28 07:00:00,157.0258
2012-07-28 08:00:00,202.11917
2012-07-28 09:00:00,245.26434
2012-07-28 10:00:00,358.4159
2012-07-28 11:00:00,411.87903
2012-07-28 12:00:00,405.10944
2012-07-28 13:00:00,420.1122
2012-07-28 14:00:00,421.59143
2012-07-28 15:00:00,453.63818
2012-07-28 16:00:00,414.91034
2012-07-28 17:00:00,377.724
2012-07-28 18:00:00,410.0836
2012-07-28 19:00:00,51.86202
2012-07-28 20:00:00,82.53819
2012-07-28 21:00:00,75.92612
2012-07-28 22:00:00,75.92612
2012-07-28 23:00:00,54.483036
2012-07-29 00:00:00,40.604614
2012-07-29 01:00:00,56.48261
2012-07-29 02:00:00,110.42985
2012-07-29 03:00:00,177.14948
2012-07-29 04:00:00,164.29411
2012-07-29 05:00:00,94.609474
2012-07-29 06:00:00,122.42771
2012-07-29 07:00:00,188.12772
2012-07-29 08:00:00,219.02893
2012-07-29 09:00:00,263.15646
2012-07-29 10:00:00,190.15378
2012-07-29 11:00:00,313.40454
2012-07-29 12:00:00,353.10034
2012-07-29 13:00:00,370.58792
2012-07-29 14:00:00,373.95294
2012-07-29 15:00:00,375.88745
2012-07-29 16:00:00,375.88745
2012-07-29 17:00:00,390.5669
2012-07-29 18:00:00,419.80038
2012-07-29 19:00:00,287.74698
2012-07-29 20:00:00,179.88028
2012-07-29 21:00:00,157.0258
2012-07-29 22:00:00,138.63332
2012-07-29 23:00:00,121.00148
2012-07-30 00:00:00,141.95845
2012-07-30 01:00:00,118.01509
2012-07-30 02:00:00,111.74728
2012-07-30 03:00:00,72.63718
2012-07-30 04:00:00,72.63718
2012-07-30 05:00:00,93.999825
2012-07-30 06:00:00,113.630646
2012-07-30 07:00:00,118.78885
2012-07-30 08:00:00,214.71814
2012-07-30 09:00:00,220.24806
2012-07-30 10:00:00,254.81827
2012-07-30 11:00:00,282.89246
2012-07-30 12:00:00,276.4208
2012-07-30 13:00:00,279.07217
2012-07-30 14:00:00,294.0178
2012-07-30 15:00:00,299.82977
2012-07-30 16:00:00,304.2412
2012-07-30 17:00:00,301.01712
2012-07-30 18:00:00,303.4276
2012-07-30 19:00:00,274.71808
2012-07-30 20:00:00,230.19537
2012-07-30 21:00:00,215.11769
2012-07-30 22:00:00,218.67915
2012-07-30 23:00:00,186.59901
2012-07-31 00:00:00,128.18396
2012-07-31 01:00:00,103.61252
2012-07-31 02:00:00,103.61252
2012-07-31 03:00:00,89.25122
2012-07-31 04:00:00,89.25122
2012-07-31 05:00:00,113.630646
2012-07-31 06:00:00,81.28969
2012-07-31 07:00:00,142.6976
2012-07-31 08:00:00,134.83144
2012-07-31 09:00:00,173.99397
2012-07-31 10:00:00,160.27638
2012-07-31 11:00:00,204.40297
2012-07-31 12:00:00,253.67213
2012-07-31 13:00:00,293.7223
2012-07-31 14:00:00,293.7223
2012-07-31 15:00:00,235.0638
2012-07-31 16:00:00,273.23755
2012-07-31 17:00:00,288.05472
2012-07-31 18:00:00,295.3708
2012-07-31 19:00:00,248.0625
2012-07-31 20:00:00,228.49821
2012-07-31 21:00:00,151.42032
2012-07-31 22:00:00,208.02669
2012-07-31 23:00:00,166.06418
2012-08-20 00:00:00,145.51537
2012-08-20 01:00:00,106.15027
2012-08-20 02:00:00,106.15027
2012-08-20 03:00:00,63.92325
2012-08-20 04:00:00,142.55142
2012-08-20 05:00:00,124.67996
2012-08-20 06:00:00,169.47015
2012-08-20 07:00:00,178.95601
2012-08-20 08:00:00,194.97418
2012-08-20 09:00:00,204.02644
2012-08-20 10:00:00,213.46324
2012-08-20 11:00:00,187.8948
2012-08-20 12:00:00,246.30055
2012-08-20 13:00:00,240.05453
2012-08-20 14:00:00,262.39978
2012-08-20 15:00:00,290.34375
2012-08-20 16:00:00,290.34375
2012-08-20 17:00:00,282.58835
2012-08-20 18:00:00,176.7774
2012-08-20 19:00:00,177.13844
2012-08-20 20:00:00,158.74323
2012-08-20 21:00:00,64.41797
2012-08-20 22:00:00,124.67996
2012-08-20 23:00:00,124.67996
2012-08-21 00:00:00,142.55142
2012-08-21 01:00:00,148.139
2012-08-21 02:00:00,128.71172
2012-08-21 03:00:00,44.708748
2012-08-21 04:00:00,44.708748
2012-08-21 05:00:00,78.59682
2012-08-21 06:00:00,83.30983
2012-08-21 07:00:00,111.931526
2012-08-21 08:00:00,122.443695
2012-08-21 09:00:00,130.43884
2012-08-21 10:00:00,210.85152
2012-08-21 11:00:00,215.10022
2012-08-21 12:00:00,256.27277
2012-08-21 13:00:00,274.09875
2012-08-21 14:00:00,296.07413
2012-08-21 15:00:00,283.41043
2012-08-21 16:00:00,283.41043
2012-08-21 17:00:00,303.57394
2012-08-21 18:00:00,281.48898
2012-08-21 19:00:00,171.61089
2012-08-21 20:00:00,109.69569
2012-08-21 21:00:00,109.69569
2012-08-21 22:00:00,89.16377
2012-08-21 23:00:00,67.27019
2012-08-22 00:00:00,89.18779
2012-08-22 01:00:00,87.11822
2012-08-22 02:00:00,87.11822
2012-08-22 03:00:00,87.11822
2012-08-22 04:00:00,84.86877
2012-08-22 05:00:00,84.935776
2012-08-22 06:00:00,108.62126
2012-08-22 07:00:00,87.11822
2012-08-22 08:00:00,135.55977
2012-08-22 09:00:00,155.50992
2012-08-22 10:00:00,209.00684
2012-08-22 11:00:00,225.5744
2012-08-22 12:00:00,231.00902
2012-08-22 13:00:00,263.25894
2012-08-22 14:00:00,272.78986
2012-08-22 15:00:00,271.93546
2012-08-22 16:00:00,282.4743
2012-08-22 17:00:00,282.4743
2012-08-22 18:00:00,232.05551
2012-08-22 19:00:00,187.2764
2012-08-22 20:00:00,180.65675
2012-08-22 21:00:00,109.69569
2012-08-22 22:00:00,109.69569
2012-08-22 23:00:00,69.589455
2012-08-23 00:00:00,89.16377
2012-08-23 01:00:00,67.27019
2012-08-23 02:00:00,67.27019
2012-08-23 03:00:00,83.72616
2012-08-23 04:00:00,67.27019
2012-08-23 05:00:00,67.27019
2012-08-23 06:00:00,111.89597
2012-08-23 07:00:00,150.23988
2012-08-23 08:00:00,200.3023
2012-08-23 09:00:00,210.46861
2012-08-23 10:00:00,228.18848
2012-08-23 11:00:00,259.24188
2012-08-23 12:00:00,277.68588
2012-08-23 13:00:00,290.14325
2012-08-23 14:00:00,302.19226
2012-08-23 15:00:00,278.55713
2012-08-23 16:00:00,280.8188
2012-08-23 17:00:00,306.13748
2012-08-23 18:00:00,299.3612
2012-08-23 19:00:00,248.94615
2012-08-23 20:00:00,215.60532
2012-08-23 21:00:00,229.36594
2012-08-23 22:00:00,250.27089
2012-08-23 23:00:00,206.87848
2012-08-24 00:00:00,206.87848
2012-08-24 01:00:00,188.17172
2012-08-24 02:00:00,132.60847
2012-08-24 03:00:00,109.69569
2012-08-24 04:00:00,188.17172
2012-08-24 05:00:00,89.16377
2012-08-24 06:00:00,132.30034
2012-08-24 07:00:00,165.09435
2012-08-24 08:00:00,187.2764
2012-08-24 09:00:00,262.2086
2012-08-24 10:00:00,293.87265
2012-08-24 11:00:00,294.38718
2012-08-24 12:00:00,299.7772
2012-08-24 13:00:00,316.20685
2012-08-24 14:00:00,279.32782
2012-08-24 15:00:00,293.51385
2012-08-24 16:00:00,293.51385
2012-08-24 17:00:00,282.60287
2012-08-24 18:00:00,261.23605
2012-08-24 19:00:00,269.21317
2012-08-24 20:00:00,250.87105
2012-08-24 21:00:00,259.8173
2012-08-24 22:00:00,247.55757
2012-08-24 23:00:00,220.882
2012-08-25 00:00:00,260.03012
2012-08-25 01:00:00,210.00114
2012-08-25 02:00:00,177.41122
2012-08-25 03:00:00,137.03351
2012-08-25 04:00:00,207.27663
2012-08-25 05:00:00,176.56726
2012-08-25 06:00:00,141.58127
2012-08-25 07:00:00,146.01776
2012-08-25 08:00:00,193.81593
2012-08-25 09:00:00,239.24976
2012-08-25 10:00:00,272.42163
2012-08-25 11:00:00,299.7303
2012-08-25 12:00:00,309.2411
2012-08-25 13:00:00,352.15546
2012-08-25 14:00:00,236.51111
2012-08-25 15:00:00,200.97989
2012-08-25 16:00:00,201.66478
2012-08-25 17:00:00,206.44992
2012-08-25 18:00:00,235.33498
2012-08-25 19:00:00,165.47165
2012-08-25 20:00:00,138.58295
2012-08-25 21:00:00,129.71358
2012-08-25 22:00:00,129.71358
2012-08-25 23:00:00,124.81373
2012-08-26 00:00:00,58.00407
2012-08-26 01:00:00,45.31465
2012-08-26 02:00:00,95.07836
2012-08-26 03:00:00,102.14145
2012-08-26 04:00:00,89.82145
2012-08-26 05:00:00,45.31465
2012-08-26 06:00:00,73.54626
2012-08-26 07:00:00,45.31465
2012-08-26 08:00:00,137.14938
2012-08-26 09:00:00,124.658516
2012-08-26 10:00:00,293.37045
2012-08-26 11:00:00,279.78
2012-08-26 12:00:00,235.88145
2012-08-26 13:00:00,176.02136
2012-08-26 14:00:00,36.162827
2012-08-26 15:00:00,128.26538
2012-08-26 16:00:00,128.26538
2012-08-26 17:00:00,51.29717
2012-08-26 18:00:00,80.95082
2012-08-26 19:00:00,85.668274
2012-08-26 20:00:00,40.81367
2012-08-26 21:00:00,55.41155
2012-08-26 22:00:00,35.098553
2012-08-26 23:00:00,48.43805
2012-08-27 00:00:00,67.27019
2012-08-27 01:00:00,61.553253
2012-08-27 02:00:00,74.26848
2012-08-27 03:00:00,61.553253
2012-08-27 04:00:00,67.27019
2012-08-27 05:00:00,50.86009
2012-08-27 06:00:00,50.86009
2012-08-27 07:00:00,72.63718
2012-08-27 08:00:00,89.25122
2012-08-27 09:00:00,93.999825
2012-08-27 10:00:00,167.86597
2012-08-27 11:00:00,240.78606
2012-08-27 12:00:00,188.55333
2012-08-27 13:00:00,258.61218
2012-08-27 14:00:00,260.7658
2012-08-27 15:00:00,295.87955
2012-08-27 16:00:00,288.43863
2012-08-27 17:00:00,301.1911
2012-08-27 18:00:00,294.91913
2012-08-27 19:00:00,233.52017
2012-08-27 20:00:00,218.9207
2012-08-27 21:00:00,192.87102
2012-08-27 22:00:00,131.05472
2012-08-27 23:00:00,120.69507
2012-08-28 00:00:00,158.8142
2012-08-28 01:00:00,101.14329
2012-08-28 02:00:00,157.22284
2012-08-28 03:00:00,75.149254
2012-08-28 04:00:00,103.61252
2012-08-28 05:00:00,157.45427
2012-08-28 06:00:00,123.745735
2012-08-28 07:00:00,161.58298
2012-08-28 08:00:00,151.13794
2012-08-28 09:00:00,195.31364
2012-08-28 10:00:00,271.44998
2012-08-28 11:00:00,288.4304
2012-08-28 12:00:00,304.2412
2012-08-28 13:00:00,318.414
2012-08-28 14:00:00,333.94455
2012-08-28 15:00:00,338.90823
2012-08-28 16:00:00,346.99625
2012-08-28 17:00:00,352.43756
2012-08-28 18:00:00,321.08975
2012-08-28 19:00:00,289.89844
2012-08-28 20:00:00,262.66815
2012-08-28 21:00:00,258.54636
2012-08-28 22:00:00,215.10022
2012-08-28 23:00:00,199.34386
2012-08-29 00:00:00,132.60847
2012-08-29 01:00:00,177.9393
2012-08-29 02:00:00,151.96432
2012-08-29 03:00:00,139.07106
2012-08-29 04:00:00,181.32076
2012-08-29 05:00:00,172.85434
2012-08-29 06:00:00,172.85434
2012-08-29 07:00:00,179.41515
2012-08-29 08:00:00,239.99304
2012-08-29 09:00:00,282.2267
2012-08-29 10:00:00,280.53638
2012-08-29 11:00:00,256.27277
2012-08-29 12:00:00,270.17557
2012-08-29 13:00:00,264.53357
2012-08-29 14:00:00,284.91104
2012-08-29 15:00:00,310.7439
2012-08-29 16:00:00,304.24603
2012-08-29 17:00:00,329.00012
2012-08-29 18:00:00,298.37503
2012-08-29 19:00:00,272.99567
2012-08-29 20:00:00,199.34386
2012-08-29 21:00:00,243.53743
2012-08-29 22:00:00,217.49507
2012-08-29 23:00:00,199.31395
2012-08-30 00:00:00,130.43884
2012-08-30 01:00:00,151.5212
2012-08-30 02:00:00,108.62126
2012-08-30 03:00:00,108.62126
2012-08-30 04:00:00,108.62126
2012-08-30 05:00:00,108.62126
2012-08-30 06:00:00,106.15027
2012-08-30 07:00:00,109.69569
2012-08-30 08:00:00,153.03026
2012-08-30 09:00:00,194.84354
2012-08-30 10:00:00,215.35536
2012-08-30 11:00:00,284.91104
2012-08-30 12:00:00,281.24805
2012-08-30 13:00:00,263.25894
2012-08-30 14:00:00,271.93546
2012-08-30 15:00:00,285.9512
2012-08-30 16:00:00,293.02612
2012-08-30 17:00:00,327.76266
2012-08-30 18:00:00,298.81403
2012-08-30 19:00:00,271.93546
2012-08-30 20:00:00,253.95831
2012-08-30 21:00:00,208.51619
2012-08-30 22:00:00,135.38965
2012-08-30 23:00:00,147.72281
2012-08-31 00:00:00,118.93721
2012-08-31 01:00:00,118.93721
2012-08-31 02:00:00,75.149254
2012-08-31 03:00:00,67.474785
2012-08-31 04:00:00,71.72894
2012-08-31 05:00:00,81.28969
2012-08-31 06:00:00,133.97174
2012-08-31 07:00:00,115.83699
2012-08-31 08:00:00,196.44005
2012-08-31 09:00:00,145.86462
2012-08-31 10:00:00,216.42526
2012-08-31 11:00:00,352.61856
2012-08-31 12:00:00,353.99146
2012-08-31 13:00:00,359.80502
2012-08-31 14:00:00,357.61673
2012-08-31 15:00:00,359.3416
2012-08-31 16:00:00,355.0257
2012-08-31 17:00:00,328.2175
2012-08-31 18:00:00,328.48077
2012-08-31 19:00:00,271.45697
2012-08-31 20:00:00,271.45697
2012-08-31 21:00:00,265.54007
2012-08-31 22:00:00,265.54007
2012-08-31 23:00:00,216.8396
2012-09-20 00:00:00,151.9053
2012-09-20 01:00:00,109.000206
2012-09-20 02:00:00,106.53098
2012-09-20 03:00:00,68.4681
2012-09-20 04:00:00,78.95637
2012-09-20 05:00:00,78.95637
2012-09-20 06:00:00,68.4681
2012-09-20 07:00:00,64.88734
2012-09-20 08:00:00,143.30333
2012-09-20 09:00:00,206.70221
2012-09-20 10:00:00,239.54184
2012-09-20 11:00:00,269.84717
2012-09-20 12:00:00,289.43372
2012-09-20 13:00:00,289.19513
2012-09-20 14:00:00,294.9776
2012-09-20 15:00:00,296.04745
2012-09-20 16:00:00,287.01782
2012-09-20 17:00:00,290.08844
2012-09-20 18:00:00,265.18857
2012-09-20 19:00:00,238.86537
2012-09-20 20:00:00,197.27768
2012-09-20 21:00:00,207.5393
2012-09-20 22:00:00,130.54741
2012-09-20 23:00:00,161.45724
2012-09-21 00:00:00,137.12042
2012-09-21 01:00:00,110.75354
2012-09-21 02:00:00,110.75354
2012-09-21 03:00:00,94.07311
2012-09-21 04:00:00,81.69484
2012-09-21 05:00:00,62.689217
2012-09-21 06:00:00,94.07311
2012-09-21 07:00:00,87.58758
2012-09-21 08:00:00,138.84982
2012-09-21 09:00:00,176.18405
2012-09-21 10:00:00,249.68292
2012-09-21 11:00:00,270.02454
2012-09-21 12:00:00,254.58997
2012-09-21 13:00:00,262.61108
2012-09-21 14:00:00,294.10736
2012-09-21 15:00:00,281.57706
2012-09-21 16:00:00,272.99567
2012-09-21 17:00:00,282.38867
2012-09-21 18:00:00,264.18253
2012-09-21 19:00:00,243.56776
2012-09-21 20:00:00,204.24022
2012-09-21 21:00:00,190.45975
2012-09-21 22:00:00,172.85434
2012-09-21 23:00:00,205.60463
2012-09-22 00:00:00,159.32849
2012-09-22 01:00:00,90.18982
2012-09-22 02:00:00,48.27619
2012-09-22 03:00:00,76.95152
2012-09-22 04:00:00,76.95152
2012-09-22 05:00:00,92.41967
2012-09-22 06:00:00,81.601814
2012-09-22 07:00:00,101.94192
2012-09-22 08:00:00,165.93283
2012-09-22 09:00:00,183.73848
2012-09-22 10:00:00,251.21866
2012-09-22 11:00:00,301.45715
2012-09-22 12:00:00,345.07785
2012-09-22 13:00:00,376.99475
2012-09-22 14:00:00,383.99844
2012-09-22 15:00:00,395.0899
2012-09-22 16:00:00,370.84692
2012-09-22 17:00:00,370.84692
2012-09-22 18:00:00,340.56564
2012-09-22 19:00:00,266.11215
2012-09-22 20:00:00,327.69
2012-09-22 21:00:00,295.73044
2012-09-22 22:00:00,275.75208
2012-09-22 23:00:00,340.84473
2012-09-23 00:00:00,480.5762
2012-09-23 01:00:00,326.1178
2012-09-23 02:00:00,350.63727
2012-09-23 03:00:00,274.25677
2012-09-23 04:00:00,269.7862
2012-09-23 05:00:00,243.86234
2012-09-23 06:00:00,212.1322
2012-09-23 07:00:00,248.86194
2012-09-23 08:00:00,264.30832
2012-09-23 09:00:00,307.48135
2012-09-23 10:00:00,383.38437
2012-09-23 11:00:00,394.37714
2012-09-23 12:00:00,417.2967
2012-09-23 13:00:00,485.22318
2012-09-23 14:00:00,483.08432
2012-09-23 15:00:00,493.84238
2012-09-23 16:00:00,469.34918
2012-09-23 17:00:00,421.1117
2012-09-23 18:00:00,425.51785
2012-09-23 19:00:00,394.28687
2012-09-23 20:00:00,394.28687
2012-09-23 21:00:00,362.0383
2012-09-23 22:00:00,353.5772
2012-09-23 23:00:00,305.148
2012-09-24 00:00:00,252.99292
2012-09-24 01:00:00,243.95175
2012-09-24 02:00:00,256.09842
2012-09-24 03:00:00,257.3896
2012-09-24 04:00:00,230.49525
2012-09-24 05:00:00,246.30017
2012-09-24 06:00:00,261.38004
2012-09-24 07:00:00,243.95175
2012-09-24 08:00:00,301.15726
2012-09-24 09:00:00,316.96573
2012-09-24 10:00:00,326.97482
2012-09-24 11:00:00,365.8939
2012-09-24 12:00:00,350.07584
2012-09-24 13:00:00,382.74503
2012-09-24 14:00:00,403.50934
2012-09-24 15:00:00,397.73978
2012-09-24 16:00:00,378.1254
2012-09-24 17:00:00,392.41016
2012-09-24 18:00:00,358.76575
2012-09-24 19:00:00,345.95676
2012-09-24 20:00:00,323.56927
2012-09-24 21:00:00,316.28714
2012-09-24 22:00:00,301.00235
2012-09-24 23:00:00,259.53848
2012-09-25 00:00:00,240.6774
2012-09-25 01:00:00,208.1418
2012-09-25 02:00:00,170.7501
2012-09-25 03:00:00,199.11963
2012-09-25 04:00:00,201.70529
2012-09-25 05:00:00,165.98978
2012-09-25 06:00:00,190.38652
2012-09-25 07:00:00,188.87881
2012-09-25 08:00:00,246.8143
2012-09-25 09:00:00,299.2346
2012-09-25 10:00:00,311.0863
2012-09-25 11:00:00,345.188
2012-09-25 12:00:00,362.1472
2012-09-25 13:00:00,362.41614
2012-09-25 14:00:00,372.866
2012-09-25 15:00:00,381.37134
2012-09-25 16:00:00,379.75275
2012-09-25 17:00:00,383.2992
2012-09-25 18:00:00,383.0177
2012-09-25 19:00:00,348.96906
2012-09-25 20:00:00,319.38116
2012-09-25 21:00:00,319.38116
2012-09-25 22:00:00,321.8137
2012-09-25 23:00:00,310.57733
2012-09-26 00:00:00,279.83182
2012-09-26 01:00:00,276.1652
2012-09-26 02:00:00,274.09283
2012-09-26 03:00:00,274.09283
2012-09-26 04:00:00,245.40149
2012-09-26 05:00:00,249.65047
2012-09-26 06:00:00,248.28687
2012-09-26 07:00:00,222.7585
2012-09-26 08:00:00,240.91843
2012-09-26 09:00:00,306.68344
2012-09-26 10:00:00,256.8342
2012-09-26 11:00:00,319.10474
2012-09-26 12:00:00,329.58154
2012-09-26 13:00:00,343.67535
2012-09-26 14:00:00,375.8121
2012-09-26 15:00:00,373.39777
2012-09-26 16:00:00,384.8258
2012-09-26 17:00:00,373.39777
2012-09-26 18:00:00,381.49484
2012-09-26 19:00:00,362.12546
2012-09-26 20:00:00,293.2094
2012-09-26 21:00:00,313.27948
2012-09-26 22:00:00,270.80966
2012-09-26 23:00:00,241.66977
2012-09-27 00:00:00,226.59746
2012-09-27 01:00:00,226.59746
2012-09-27 02:00:00,226.59746
2012-09-27 03:00:00,209.1415
2012-09-27 04:00:00,123.6445
2012-09-27 05:00:00,171.4155
2012-09-27 06:00:00,149.92154
2012-09-27 07:00:00,209.1415
2012-09-27 08:00:00,276.892
2012-09-27 09:00:00,304.38174
2012-09-27 10:00:00,349.4682
2012-09-27 11:00:00,368.54346
2012-09-27 12:00:00,383.17502
2012-09-27 13:00:00,390.8153
2012-09-27 14:00:00,397.9024
2012-09-27 15:00:00,400.96957
2012-09-27 16:00:00,323.17664
2012-09-27 17:00:00,285.74625
2012-09-27 18:00:00,299.33008
2012-09-27 19:00:00,313.11874
2012-09-27 20:00:00,294.41418
2012-09-27 21:00:00,192.3228
2012-09-27 22:00:00,192.3228
2012-09-27 23:00:00,209.97804
2012-09-28 00:00:00,177.18745
2012-09-28 01:00:00,187.18129
2012-09-28 02:00:00,160.62105
2012-09-28 03:00:00,223.74742
2012-09-28 04:00:00,165.45027
2012-09-28 05:00:00,137.83698
2012-09-28 06:00:00,138.10469
2012-09-28 07:00:00,117.521835
2012-09-28 08:00:00,189.79327
2012-09-28 09:00:00,227.51065
2012-09-28 10:00:00,260.02496
2012-09-28 11:00:00,306.02322
2012-09-28 12:00:00,346.15848
2012-09-28 13:00:00,354.48447
2012-09-28 14:00:00,346.15848
2012-09-28 15:00:00,336.2946
2012-09-28 16:00:00,354.11386
2012-09-28 17:00:00,328.65048
2012-09-28 18:00:00,348.76868
2012-09-28 19:00:00,312.90533
2012-09-28 20:00:00,316.78864
2012-09-28 21:00:00,310.7797
2012-09-28 22:00:00,314.40237
2012-09-28 23:00:00,311.10815
2012-09-29 00:00:00,307.58655
2012-09-29 01:00:00,307.58655
2012-09-29 02:00:00,335.1805
2012-09-29 03:00:00,313.9342
2012-09-29 04:00:00,291.8353
2012-09-29 05:00:00,263.8498
2012-09-29 06:00:00,252.68631
2012-09-29 07:00:00,208.9484
2012-09-29 08:00:00,217.4277
2012-09-29 09:00:00,263.8498
2012-09-29 10:00:00,324.83044
2012-09-29 11:00:00,357.46396
2012-09-29 12:00:00,463.74887
2012-09-29 13:00:00,463.74887
2012-09-29 14:00:00,465.36185
2012-09-29 15:00:00,456.15042
2012-09-29 16:00:00,470.67273
2012-09-29 17:00:00,448.85327
2012-09-29 18:00:00,402.75012
2012-09-29 19:00:00,327.60516
2012-09-29 20:00:00,323.5505
2012-09-29 21:00:00,330.49576
2012-09-29 22:00:00,264.50067
2012-09-29 23:00:00,289.0629
2012-09-30 00:00:00,271.95895
2012-09-30 01:00:00,271.95895
2012-09-30 02:00:00,235.84541
2012-09-30 03:00:00,212.83517
2012-09-30 04:00:00,212.83517
2012-09-30 05:00:00,164.7823
2012-09-30 06:00:00,172.67397
2012-09-30 07:00:00,135.70349
2012-09-30 08:00:00,226.33841
2012-09-30 09:00:00,276.68158
2012-09-30 10:00:00,421.17462
2012-09-30 11:00:00,462.8904
2012-09-30 12:00:00,463.74887
2012-09-30 13:00:00,470.67273
2012-09-30 14:00:00,470.67273
2012-09-30 15:00:00,495.69617
2012-09-30 16:00:00,499.31357
2012-09-30 17:00:00,483.82767
2012-09-30 18:00:00,258.93893
2012-09-30 19:00:00,229.15338
2012-09-30 20:00:00,229.15338
2012-09-30 21:00:00,217.15657
2012-09-30 22:00:00,182.76263
2012-09-30 23:00:00,196.36282
2012-10-20 00:00:00,130.74489
2012-10-20 01:00:00,181.46107
2012-10-20 02:00:00,146.16415
2012-10-20 03:00:00,135.45389
2012-10-20 04:00:00,164.7823
2012-10-20 05:00:00,96.183754
2012-10-20 06:00:00,159.9395
2012-10-20 07:00:00,96.183754
2012-10-20 08:00:00,210.94388
2012-10-20 09:00:00,293.7129
2012-10-20 10:00:00,346.22723
2012-10-20 11:00:00,350.85672
2012-10-20 12:00:00,402.66202
2012-10-20 13:00:00,420.1825
2012-10-20 14:00:00,417.31165
2012-10-20 15:00:00,401.76288
2012-10-20 16:00:00,388.02692
2012-10-20 17:00:00,418.32355
2012-10-20 18:00:00,397.86588
2012-10-20 19:00:00,366.0402
2012-10-20 20:00:00,383.1137
2012-10-20 21:00:00,311.6506
2012-10-20 22:00:00,288.3037
2012-10-20 23:00:00,233.15837
2012-10-21 00:00:00,267.5721
2012-10-21 01:00:00,220.84007
2012-10-21 02:00:00,190.43732
2012-10-21 03:00:00,161.24852
2012-10-21 04:00:00,108.919655
2012-10-21 05:00:00,161.24852
2012-10-21 06:00:00,197.2673
2012-10-21 07:00:00,197.2673
2012-10-21 08:00:00,180.56317
2012-10-21 09:00:00,279.51392
2012-10-21 10:00:00,326.25626
2012-10-21 11:00:00,355.1528
2012-10-21 12:00:00,387.83954
2012-10-21 13:00:00,425.2921
2012-10-21 14:00:00,445.3456
2012-10-21 15:00:00,413.81683
2012-10-21 16:00:00,418.32355
2012-10-21 17:00:00,389.83524
2012-10-21 18:00:00,405.55643
2012-10-21 19:00:00,379.06113
2012-10-21 20:00:00,349.42126
2012-10-21 21:00:00,249.85034
2012-10-21 22:00:00,256.2964
2012-10-21 23:00:00,270.1299
2012-10-22 00:00:00,218.47777
2012-10-22 01:00:00,178.09666
2012-10-22 02:00:00,166.74979
2012-10-22 03:00:00,218.47777
2012-10-22 04:00:00,190.52032
2012-10-22 05:00:00,150.39723
2012-10-22 06:00:00,141.98477
2012-10-22 07:00:00,195.91608
2012-10-22 08:00:00,218.00206
2012-10-22 09:00:00,257.46365
2012-10-22 10:00:00,294.45874
2012-10-22 11:00:00,368.2534
2012-10-22 12:00:00,380.70657
2012-10-22 13:00:00,405.71442
2012-10-22 14:00:00,409.73895
2012-10-22 15:00:00,409.98654
2012-10-22 16:00:00,397.07983
2012-10-22 17:00:00,397.7225
2012-10-22 18:00:00,293.47086
2012-10-22 19:00:00,323.56927
2012-10-22 20:00:00,292.63135
2012-10-22 21:00:00,251.97049
2012-10-22 22:00:00,163.97643
2012-10-22 23:00:00,159.84032
2012-10-23 00:00:00,146.61847
2012-10-23 01:00:00,192.16617
2012-10-23 02:00:00,134.6553
2012-10-23 03:00:00,179.73512
2012-10-23 04:00:00,166.70825
2012-10-23 05:00:00,176.74074
2012-10-23 06:00:00,135.92589
2012-10-23 07:00:00,189.31783
2012-10-23 08:00:00,220.65504
2012-10-23 09:00:00,237.26033
2012-10-23 10:00:00,295.55515
2012-10-23 11:00:00,336.6223
2012-10-23 12:00:00,369.1402
2012-10-23 13:00:00,384.65616
2012-10-23 14:00:00,394.9466
2012-10-23 15:00:00,392.71744
2012-10-23 16:00:00,383.85596
2012-10-23 17:00:00,387.5888
2012-10-23 18:00:00,349.0479
2012-10-23 19:00:00,337.26282
2012-10-23 20:00:00,301.9792
2012-10-23 21:00:00,265.47723
2012-10-23 22:00:00,279.85138
2012-10-23 23:00:00,248.17764
2012-10-24 00:00:00,247.2621
2012-10-24 01:00:00,259.76898
2012-10-24 02:00:00,259.76898
2012-10-24 03:00:00,207.0479
2012-10-24 04:00:00,207.0479
2012-10-24 05:00:00,171.02513
2012-10-24 06:00:00,168.48637
2012-10-24 07:00:00,142.81511
2012-10-24 08:00:00,189.80394
2012-10-24 09:00:00,219.21313
2012-10-24 10:00:00,246.66466
2012-10-24 11:00:00,290.38702
2012-10-24 12:00:00,323.01685
2012-10-24 13:00:00,343.21402
2012-10-24 14:00:00,431.01932
2012-10-24 15:00:00,400.53122
2012-10-24 16:00:00,425.21722
2012-10-24 17:00:00,365.75314
2012-10-24 18:00:00,374.2619
2012-10-24 19:00:00,364.67813
2012-10-24 20:00:00,336.79245
2012-10-24 21:00:00,335.36993
2012-10-24 22:00:00,314.15036
2012-10-24 23:00:00,285.63425
2012-10-25 00:00:00,316.78738
2012-10-25 01:00:00,271.02725
2012-10-25 02:00:00,207.80298
2012-10-25 03:00:00,165.23105
2012-10-25 04:00:00,160.02927
2012-10-25 05:00:00,169.897
2012-10-25 06:00:00,171.69165
2012-10-25 07:00:00,171.69165
2012-10-25 08:00:00,193.4764
2012-10-25 09:00:00,191.4301
2012-10-25 10:00:00,199.4671
2012-10-25 11:00:00,197.42737
2012-10-25 12:00:00,231.2169
2012-10-25 13:00:00,229.52129
2012-10-25 14:00:00,263.3718
2012-10-25 15:00:00,306.468
2012-10-25 16:00:00,282.47162
2012-10-25 17:00:00,282.47162
2012-10-25 18:00:00,185.30916
2012-10-25 19:00:00,190.74622
2012-10-25 20:00:00,165.23105
2012-10-25 21:00:00,165.23105
2012-10-25 22:00:00,196.51317
2012-10-25 23:00:00,199.4671
2012-10-26 00:00:00,226.231
2012-10-26 01:00:00,157.78203
2012-10-26 02:00:00,160.02927
2012-10-26 03:00:00,169.897
2012-10-26 04:00:00,169.897
2012-10-26 05:00:00,160.02927
2012-10-26 06:00:00,157.78203
2012-10-26 07:00:00,160.02927
2012-10-26 08:00:00,172.22545
2012-10-26 09:00:00,172.22545
2012-10-26 10:00:00,167.35384
2012-10-26 11:00:00,232.1723
2012-10-26 12:00:00,258.6373
2012-10-26 13:00:00,283.35782
2012-10-26 14:00:00,314.15036
2012-10-26 15:00:00,335.36993
2012-10-26 16:00:00,261.81592
2012-10-26 17:00:00,238.55672
2012-10-26 18:00:00,232.13344
2012-10-26 19:00:00,200.7937
2012-10-26 20:00:00,200.7937
2012-10-26 21:00:00,229.24672
2012-10-26 22:00:00,191.95125
2012-10-26 23:00:00,183.91666
2012-10-27 00:00:00,115.30281
2012-10-27 01:00:00,157.96274
2012-10-27 02:00:00,161.59187
2012-10-27 03:00:00,115.957695
2012-10-27 04:00:00,159.5661
2012-10-27 05:00:00,191.9954
2012-10-27 06:00:00,191.9954
2012-10-27 07:00:00,130.98782
2012-10-27 08:00:00,166.4923
2012-10-27 09:00:00,166.4923
2012-10-27 10:00:00,213.86163
2012-10-27 11:00:00,285.78528
2012-10-27 12:00:00,413.3908
2012-10-27 13:00:00,456.15042
2012-10-27 14:00:00,446.54602
2012-10-27 15:00:00,316.80356
2012-10-27 16:00:00,300.0223
2012-10-27 17:00:00,300.0223
2012-10-27 18:00:00,300.0223
2012-10-27 19:00:00,249.92656
2012-10-27 20:00:00,249.92656
2012-10-27 21:00:00,249.92656
2012-10-27 22:00:00,246.39835
2012-10-27 23:00:00,232.98553
2012-10-28 00:00:00,225.62245
2012-10-28 01:00:00,229.36075
2012-10-28 02:00:00,240.37457
2012-10-28 03:00:00,254.3929
2012-10-28 04:00:00,247.18016
2012-10-28 05:00:00,262.5601
2012-10-28 06:00:00,271.9332
2012-10-28 07:00:00,279.04428
2012-10-28 08:00:00,223.59851
2012-10-28 09:00:00,268.9814
2012-10-28 10:00:00,270.3671
2012-10-28 11:00:00,291.9882
2012-10-28 12:00:00,224.00775
2012-10-28 13:00:00,237.75282
2012-10-28 14:00:00,245.66833
2012-10-28 15:00:00,223.90329
2012-10-28 16:00:00,191.79015
2012-10-28 17:00:00,138.8298
2012-10-28 18:00:00,84.8855
2012-10-28 19:00:00,100.076294
2012-10-28 20:00:00,87.16928
2012-10-28 21:00:00,109.094475
2012-10-28 22:00:00,118.74564
2012-10-28 23:00:00,100.076294
2012-10-29 00:00:00,98.257286
2012-10-30 13:00:00,88.80986
2012-10-30 14:00:00,88.80986
2012-10-30 15:00:00,83.11513
2012-10-30 16:00:00,83.11513
2012-10-30 17:00:00,83.20218
2012-10-30 18:00:00,82.205505
2012-10-30 19:00:00,248.72383
2012-10-30 20:00:00,142.8522
2012-10-30 21:00:00,120.67327
2012-10-30 22:00:00,131.54247
2012-10-30 23:00:00,131.54247
2012-10-31 00:00:00,137.11876
2012-10-31 01:00:00,135.18095
2012-10-31 02:00:00,139.31364
2012-10-31 03:00:00,137.11876
2012-10-31 04:00:00,132.65283
2012-10-31 05:00:00,139.31364
2012-10-31 06:00:00,135.68433
2012-10-31 07:00:00,125.706535
2012-10-31 08:00:00,133.9776
2012-10-31 09:00:00,149.05376
2012-10-31 10:00:00,180.3256
2012-10-31 11:00:00,200.07918
2012-10-31 12:00:00,238.78874
2012-10-31 13:00:00,263.80902
2012-10-31 14:00:00,264.002
2012-10-31 15:00:00,264.11725
2012-10-31 16:00:00,262.7177
2012-10-31 17:00:00,247.25554
2012-10-31 18:00:00,247.25554
2012-10-31 19:00:00,261.41995
2012-10-31 20:00:00,261.41995
2012-10-31 21:00:00,261.41995
2012-10-31 22:00:00,214.40067
2012-10-31 23:00:00,215.50821
2012-11-20 00:00:00,153.82394
2012-11-20 01:00:00,170.94543
2012-11-20 02:00:00,153.59528
2012-11-20 03:00:00,174.95296
2012-11-20 04:00:00,193.41641
2012-11-20 05:00:00,191.27515
2012-11-20 06:00:00,179.31189
2012-11-20 07:00:00,134.899
2012-11-20 08:00:00,158.40115
2012-11-20 09:00:00,171.80266
2012-11-20 10:00:00,217.78685
2012-11-20 11:00:00,223.22122
2012-11-20 12:00:00,216.27412
2012-11-20 13:00:00,257.1342
2012-11-20 14:00:00,263.06583
2012-11-20 15:00:00,281.08997
2012-11-20 16:00:00,240.09726
2012-11-20 17:00:00,204.11234
2012-11-20 18:00:00,217.78685
2012-11-20 19:00:00,187.9994
2012-11-20 20:00:00,159.28226
2012-11-20 21:00:00,155.4161
2012-11-20 22:00:00,155.4161
2012-11-20 23:00:00,129.25598
2012-11-21 00:00:00,112.54703
2012-11-21 01:00:00,129.25598
2012-11-21 02:00:00,111.49138
2012-11-21 03:00:00,111.49138
2012-11-21 04:00:00,111.49138
2012-11-21 05:00:00,111.49138
2012-11-21 06:00:00,109.39423
2012-11-21 07:00:00,107.309044
2012-11-21 08:00:00,129.85098
2012-11-21 09:00:00,134.899
2012-11-21 10:00:00,192.89601
2012-11-21 11:00:00,259.4678
2012-11-21 12:00:00,295.28506
2012-11-21 13:00:00,300.19333
2012-11-21 14:00:00,319.25946
2012-11-21 15:00:00,320.59973
2012-11-21 16:00:00,315.49445
2012-11-21 17:00:00,279.39084
2012-11-21 18:00:00,295.127
2012-11-21 19:00:00,260.27435
2012-11-21 20:00:00,189.63496
2012-11-21 21:00:00,233.8772
2012-11-21 22:00:00,225.12137
2012-11-21 23:00:00,169.94409
2012-11-22 00:00:00,76.482544
2012-11-22 01:00:00,59.78072
2012-11-22 02:00:00,31.250729
2012-11-22 03:00:00,33.123577
2012-11-22 04:00:00,26.926552
2012-11-22 05:00:00,33.123577
2012-11-22 06:00:00,44.399616
2012-11-22 07:00:00,30.903965
2012-11-22 08:00:00,35.635235
2012-11-22 09:00:00,66.39833
2012-11-22 10:00:00,131.9162
2012-11-22 11:00:00,265.51852
2012-11-22 12:00:00,312.39096
2012-11-22 13:00:00,348.52707
2012-11-22 14:00:00,375.50412
2012-11-22 15:00:00,375.50412
2012-11-22 16:00:00,339.0807
2012-11-22 17:00:00,312.39096
2012-11-22 18:00:00,238.26312
2012-11-22 19:00:00,67.55905
2012-11-22 20:00:00,70.006645
2012-11-22 21:00:00,102.16131
2012-11-22 22:00:00,93.046074
2012-11-22 23:00:00,53.332764
2012-11-23 00:00:00,132.18655
2012-11-23 01:00:00,119.54452
2012-11-23 02:00:00,122.60923
2012-11-23 03:00:00,109.53341
2012-11-23 04:00:00,121.84736
2012-11-23 05:00:00,92.52448
2012-11-23 06:00:00,92.52448
2012-11-23 07:00:00,92.52448
2012-11-23 08:00:00,104.8414
2012-11-23 09:00:00,129.81375
2012-11-23 10:00:00,189.13896
2012-11-23 11:00:00,259.4678
2012-11-23 12:00:00,289.6552
2012-11-23 13:00:00,294.50458
2012-11-23 14:00:00,322.76495
2012-11-23 15:00:00,303.69543
2012-11-23 16:00:00,307.66214
2012-11-23 17:00:00,311.3101
2012-11-23 18:00:00,303.91763
2012-11-23 19:00:00,288.6898
2012-11-23 20:00:00,311.54602
2012-11-23 21:00:00,283.23782
2012-11-23 22:00:00,280.1983
2012-11-23 23:00:00,262.9467
2012-11-24 00:00:00,264.87396
2012-11-24 01:00:00,178.73314
2012-11-24 02:00:00,174.129
2012-11-24 03:00:00,151.36256
2012-11-24 04:00:00,132.04895
2012-11-24 05:00:00,134.08896
2012-11-24 06:00:00,109.49275
2012-11-24 07:00:00,146.00748
2012-11-24 08:00:00,136.31493
2012-11-24 09:00:00,141.89772
2012-11-24 10:00:00,137.67838
2012-11-24 11:00:00,163.93028
2012-11-24 12:00:00,173.08546
2012-11-24 13:00:00,206.9985
2012-11-24 14:00:00,197.68878
2012-11-24 15:00:00,173.71481
2012-11-24 16:00:00,152.0101
2012-11-24 17:00:00,135.298
2012-11-24 18:00:00,142.68135
2012-11-24 19:00:00,136.32892
2012-11-24 20:00:00,109.49275
2012-11-24 21:00:00,111.54328
2012-11-24 22:00:00,111.21858
2012-11-24 23:00:00,111.54328
2012-11-25 00:00:00,93.24988
2012-11-25 01:00:00,104.12622
2012-11-25 02:00:00,104.75325
2012-11-25 03:00:00,137.47537
2012-11-25 04:00:00,137.47537
2012-11-25 05:00:00,124.80749
2012-11-25 06:00:00,136.6595
2012-11-25 07:00:00,129.18143
2012-11-25 08:00:00,116.646355
2012-11-25 09:00:00,126.90988
2012-11-25 10:00:00,98.89128
2012-11-25 11:00:00,158.99333
2012-11-25 12:00:00,158.99333
2012-11-25 13:00:00,167.48027
2012-11-25 14:00:00,183.4066
2012-11-25 15:00:00,169.60623
2012-11-25 16:00:00,186.92168
2012-11-25 17:00:00,165.46025
2012-11-25 18:00:00,134.1403
2012-11-25 19:00:00,182.95815
2012-11-25 20:00:00,88.931526
2012-11-25 21:00:00,153.70769
2012-11-25 22:00:00,88.931526
2012-11-25 23:00:00,54.004025
2012-11-26 00:00:00,100.14077
2012-11-26 01:00:00,95.67032
2012-11-26 02:00:00,95.67032
2012-11-26 03:00:00,95.67032
2012-11-26 04:00:00,100.14077
2012-11-26 05:00:00,130.90999
2012-11-26 06:00:00,100.14077
2012-11-26 07:00:00,114.97048
2012-11-26 08:00:00,114.97048
2012-11-26 09:00:00,168.93018
2012-11-26 10:00:00,212.62482
2012-11-26 11:00:00,264.6405
2012-11-26 12:00:00,300.63034
2012-11-26 13:00:00,300.63034
2012-11-26 14:00:00,302.48553
2012-11-26 15:00:00,300.35843
2012-11-26 16:00:00,318.51285
2012-11-26 17:00:00,306.68225
2012-11-26 18:00:00,237.79831
2012-11-26 19:00:00,212.1432
2012-11-26 20:00:00,225.12137
2012-11-26 21:00:00,225.12137
2012-11-26 22:00:00,169.94409
2012-11-26 23:00:00,179.80547
2012-11-27 00:00:00,179.31982
2012-11-27 01:00:00,171.54016
2012-11-27 02:00:00,172.87515
2012-11-27 03:00:00,134.25781
2012-11-27 04:00:00,98.01771
2012-11-27 05:00:00,143.2685
2012-11-27 06:00:00,141.79118
2012-11-27 07:00:00,98.53323
2012-11-27 08:00:00,101.8152
2012-11-27 09:00:00,143.0726
2012-11-27 10:00:00,101.091835
2012-11-27 11:00:00,82.39943
2012-11-27 12:00:00,79.186226
2012-11-27 13:00:00,80.32247
2012-11-27 14:00:00,79.14259
2012-11-27 15:00:00,152.99771
2012-11-27 16:00:00,152.99771
2012-11-27 17:00:00,148.50232
2012-11-27 18:00:00,153.61757
2012-11-27 19:00:00,157.13121
2012-11-27 20:00:00,156.17456
2012-11-27 21:00:00,141.19316
2012-11-27 22:00:00,128.33876
2012-11-27 23:00:00,137.45114
2012-11-28 00:00:00,145.69827
2012-11-28 01:00:00,145.51929
2012-11-28 02:00:00,145.51929
2012-11-28 03:00:00,153.21663
2012-11-28 04:00:00,150.84273
2012-11-28 05:00:00,148.57103
2012-11-28 06:00:00,159.7449
2012-11-28 07:00:00,174.23459
2012-11-28 08:00:00,161.05818
2012-11-28 09:00:00,178.70393
2012-11-28 10:00:00,209.32686
2012-11-28 11:00:00,227.93953
2012-11-28 12:00:00,209.20772
2012-11-28 13:00:00,238.21765
2012-11-28 14:00:00,232.17151
2012-11-28 15:00:00,244.33781
2012-11-28 16:00:00,258.92334
2012-11-28 17:00:00,260.83774
2012-11-28 18:00:00,223.99667
2012-11-28 19:00:00,240.86359
2012-11-28 20:00:00,246.35573
2012-11-28 21:00:00,225.45319
2012-11-28 22:00:00,202.26941
2012-11-28 23:00:00,183.4195
2012-11-29 00:00:00,140.06123
2012-11-29 01:00:00,121.28883
2012-11-29 02:00:00,109.43487
2012-11-29 04:00:00,111.00396
2012-11-29 05:00:00,95.67032
2012-11-29 06:00:00,100.14077
2012-11-29 07:00:00,102.8547
2012-11-29 08:00:00,116.391266
2012-11-29 09:00:00,126.70625
2012-11-29 10:00:00,138.19601
2012-11-29 11:00:00,250.88863
2012-11-29 12:00:00,254.31548
2012-11-29 13:00:00,285.07562
2012-11-29 14:00:00,240.97195
2012-11-29 15:00:00,227.46603
2012-11-29 16:00:00,245.66182
2012-11-29 17:00:00,242.25964
2012-11-29 18:00:00,218.20137
2012-11-29 19:00:00,191.33505
2012-11-29 20:00:00,195.76642
2012-11-29 21:00:00,137.04488
2012-11-29 22:00:00,127.02661
2012-11-29 23:00:00,144.65836
2012-11-30 00:00:00,139.74243
2012-11-30 01:00:00,122.3809
2012-11-30 02:00:00,97.08432
2012-11-30 03:00:00,97.08432
2012-11-30 04:00:00,93.483345
2012-11-30 05:00:00,86.21937
2012-11-30 06:00:00,80.887764
2012-11-30 07:00:00,89.712105
2012-11-30 08:00:00,118.61699
2012-11-30 09:00:00,118.59606
2012-11-30 10:00:00,168.52267
2012-11-30 11:00:00,225.90982
2012-11-30 12:00:00,261.33313
2012-11-30 13:00:00,267.2962
2012-11-30 14:00:00,274.4909
2012-11-30 15:00:00,283.31274
2012-11-30 16:00:00,277.79614
2012-11-30 17:00:00,236.01312
2012-11-30 18:00:00,202.30513
2012-11-30 19:00:00,151.59552
2012-11-30 20:00:00,151.59552
2012-11-30 21:00:00,131.5283
2012-11-30 22:00:00,112.17965
2012-11-30 23:00:00,150.35078
2012-12-20 00:00:00,178.76724
2012-12-20 01:00:00,151.59552
2012-12-20 02:00:00,151.59552
2012-12-20 03:00:00,160.8457
2012-12-20 04:00:00,160.8457
2012-12-20 05:00:00,161.33191
2012-12-20 06:00:00,168.52267
2012-12-20 07:00:00,152.04802
2012-12-20 08:00:00,152.04802
2012-12-20 09:00:00,152.04802
2012-12-20 10:00:00,172.35059
2012-12-20 11:00:00,211.82837
2012-12-20 12:00:00,235.00377
2012-12-20 13:00:00,225.3925
2012-12-20 14:00:00,234.49179
2012-12-20 15:00:00,214.6496
2012-12-20 16:00:00,206.95287
2012-12-20 17:00:00,193.41641
2012-12-20 18:00:00,177.56723
2012-12-20 19:00:00,131.38235
2012-12-20 20:00:00,122.01562
2012-12-20 21:00:00,122.01562
2012-12-20 22:00:00,88.499695
2012-12-20 23:00:00,105.56646
2012-12-21 00:00:00,89.12774
2012-12-21 01:00:00,87.1264
2012-12-21 02:00:00,88.35174
2012-12-21 03:00:00,88.35174
2012-12-21 04:00:00,104.96986
2012-12-21 05:00:00,95.60207
2012-12-21 06:00:00,99.8374
2012-12-21 07:00:00,112.14793
2012-12-21 08:00:00,111.64698
2012-12-21 09:00:00,98.89064
2012-12-21 10:00:00,139.70143
2012-12-21 11:00:00,108.01936
2012-12-21 12:00:00,108.94489
2012-12-21 13:00:00,107.638725
2012-12-21 14:00:00,107.19048
2012-12-21 15:00:00,103.59809
2012-12-21 16:00:00,104.85126
2012-12-21 17:00:00,92.22251
2012-12-21 18:00:00,92.53667
2012-12-21 19:00:00,108.3468
2012-12-21 20:00:00,113.001656
2012-12-21 21:00:00,110.10574
2012-12-21 22:00:00,100.164505
2012-12-21 23:00:00,99.88591
2012-12-22 00:00:00,81.894745
2012-12-22 01:00:00,77.90996
2012-12-22 02:00:00,80.43185
2012-12-22 03:00:00,72.32729
2012-12-22 04:00:00,76.11418
2012-12-22 05:00:00,72.34692
2012-12-22 06:00:00,77.91507
2012-12-22 07:00:00,77.91507
2012-12-22 08:00:00,80.893166
2012-12-22 09:00:00,72.43402
2012-12-22 10:00:00,71.51757
2012-12-22 11:00:00,90.92857
2012-12-22 12:00:00,98.60805
2012-12-22 13:00:00,113.18198
2012-12-22 14:00:00,112.5095
2012-12-22 15:00:00,110.84314
2012-12-22 16:00:00,102.23637
2012-12-22 17:00:00,92.52382
2012-12-22 18:00:00,78.34443
2012-12-22 19:00:00,63.98738
2012-12-22 20:00:00,67.59193
2012-12-22 21:00:00,55.412422
2012-12-22 22:00:00,55.412422
2012-12-22 23:00:00,59.710728
2012-12-23 00:00:00,59.090397
2012-12-23 01:00:00,62.52458
2012-12-23 02:00:00,53.232025
2012-12-23 03:00:00,50.951126
2012-12-23 04:00:00,55.307533
2012-12-23 05:00:00,41.916065
2012-12-23 06:00:00,28.295368
2012-12-23 07:00:00,28.295368
2012-12-23 08:00:00,22.430225
2012-12-23 09:00:00,39.09482
2012-12-23 10:00:00,45.638054
2012-12-23 11:00:00,64.42101
2012-12-23 12:00:00,103.92008
2012-12-23 13:00:00,121.2897
2012-12-23 14:00:00,144.34396
2012-12-23 15:00:00,147.07149
2012-12-23 16:00:00,146.96768
2012-12-23 17:00:00,104.69198
2012-12-23 18:00:00,98.58832
2012-12-23 19:00:00,89.34295
2012-12-23 20:00:00,43.254402
2012-12-23 21:00:00,36.249676
2012-12-23 22:00:00,47.249866
2012-12-23 23:00:00,42.99732
2012-12-24 00:00:00,73.612144
2012-12-24 01:00:00,73.612144
2012-12-24 02:00:00,67.84123
2012-12-24 03:00:00,67.84123
2012-12-24 05:00:00,81.64194
2012-12-24 06:00:00,67.84123
2012-12-24 07:00:00,68.54317
2012-12-24 08:00:00,73.612144
2012-12-24 09:00:00,90.31675
2012-12-24 10:00:00,96.49648
2012-12-24 11:00:00,94.68239
2012-12-24 12:00:00,102.53942
2012-12-24 13:00:00,70.987465
2012-12-24 14:00:00,70.45788
2012-12-24 15:00:00,55.616062
2012-12-24 16:00:00,55.616062
2012-12-24 17:00:00,59.91239
2012-12-24 18:00:00,67.51635
2012-12-24 19:00:00,83.45753
2012-12-24 20:00:00,63.713055
2012-12-24 21:00:00,69.5885
2012-12-24 22:00:00,98.91486
2012-12-24 23:00:00,82.68232
2012-12-25 00:00:00,49.86622
2012-12-25 01:00:00,66.473656
2012-12-25 02:00:00,66.473656
2012-12-25 04:00:00,53.799435
2012-12-25 05:00:00,49.708084
2012-12-25 06:00:00,49.708084
2012-12-25 07:00:00,52.880054
2012-12-25 08:00:00,45.13037
2012-12-25 09:00:00,42.871216
2012-12-25 10:00:00,27.459188
2012-12-25 11:00:00,45.41073
2012-12-25 12:00:00,49.76192
2012-12-25 13:00:00,154.24869
2012-12-25 14:00:00,148.50798
2012-12-25 15:00:00,130.6879
2012-12-25 16:00:00,130.98328
2012-12-25 17:00:00,106.831635
2012-12-25 18:00:00,102.43667
2012-12-25 19:00:00,101.72984
2012-12-25 20:00:00,100.56459
2012-12-25 21:00:00,91.93273
2012-12-25 22:00:00,89.0288
2012-12-25 23:00:00,84.702866
2012-12-26 00:00:00,96.636734
2012-12-26 01:00:00,91.345894
2012-12-26 02:00:00,91.345894
2012-12-26 03:00:00,78.79316
2012-12-26 04:00:00,74.40257
2012-12-26 05:00:00,79.50518
2012-12-26 06:00:00,81.126564
2012-12-26 07:00:00,42.006756
2012-12-26 08:00:00,42.006756
2012-12-26 09:00:00,42.006756
2012-12-26 10:00:00,43.452774
2012-12-26 11:00:00,37.154324
2012-12-26 12:00:00,44.663353
2012-12-26 13:00:00,44.663353
2012-12-26 14:00:00,46.353336
2012-12-26 15:00:00,47.734787
2012-12-26 16:00:00,47.734787
2012-12-26 17:00:00,45.039917
2012-12-26 18:00:00,53.612247
2012-12-26 19:00:00,71.60619
2012-12-26 20:00:00,65.856804
2012-12-26 21:00:00,81.872734
2012-12-26 22:00:00,37.74075
2012-12-26 23:00:00,53.335327
2012-12-27 00:00:00,53.335327
2012-12-27 01:00:00,37.74075
2012-12-27 02:00:00,62.37175
2012-12-27 03:00:00,77.73622
2012-12-27 04:00:00,67.41082
2012-12-27 05:00:00,92.67253
2012-12-27 06:00:00,86.42363
2012-12-27 07:00:00,87.17556
2012-12-27 08:00:00,85.26119
2012-12-27 09:00:00,105.93622
2012-12-27 10:00:00,115.68588
2012-12-27 11:00:00,96.593834
2012-12-27 12:00:00,126.0045
2012-12-27 13:00:00,126.0045
2012-12-27 14:00:00,87.9965
2012-12-27 15:00:00,92.16775
2012-12-27 16:00:00,93.392815
2012-12-27 17:00:00,93.392815
2012-12-27 18:00:00,86.87009
2012-12-27 19:00:00,81.59515
2012-12-27 20:00:00,88.91087
2012-12-27 21:00:00,86.87009
2012-12-27 22:00:00,86.515076
2012-12-27 23:00:00,86.87009
2012-12-28 00:00:00,89.16642
2012-12-28 01:00:00,87.898094
2012-12-28 02:00:00,83.36262
2012-12-28 03:00:00,89.16642
2012-12-28 04:00:00,90.99278
2012-12-28 05:00:00,91.58191
2012-12-28 06:00:00,77.203865
2012-12-28 07:00:00,84.22864
2012-12-28 08:00:00,89.97605
2012-12-28 09:00:00,86.515076
2012-12-28 10:00:00,93.147934
2012-12-28 11:00:00,99.70723
2012-12-28 12:00:00,106.78867
2012-12-28 13:00:00,106.78867
2012-12-28 14:00:00,106.78867
2012-12-28 15:00:00,102.05593
2012-12-28 16:00:00,106.75048
2012-12-28 17:00:00,88.228096
2012-12-28 18:00:00,88.228096
2012-12-28 19:00:00,87.111374
2012-12-28 20:00:00,90.31675
2012-12-28 21:00:00,88.372406
2012-12-28 22:00:00,90.14237
2012-12-28 23:00:00,90.82463
2012-12-29 00:00:00,57.552986
2012-12-29 01:00:00,55.028656
2012-12-29 02:00:00,57.552986
2012-12-29 03:00:00,57.391125
2012-12-29 04:00:00,55.028656
2012-12-29 05:00:00,55.028656
2012-12-29 06:00:00,61.373257
2012-12-29 07:00:00,59.866615
2012-12-29 08:00:00,61.668175
2012-12-29 09:00:00,61.668175
2012-12-29 10:00:00,43.28903
2012-12-29 11:00:00,31.678696
2012-12-29 12:00:00,38.37315
2012-12-29 13:00:00,38.37315
2012-12-29 14:00:00,52.07461
2012-12-29 15:00:00,54.309967
2012-12-29 16:00:00,42.675053
2012-12-29 17:00:00,34.16965
2012-12-29 18:00:00,56.77856
2012-12-29 19:00:00,75.03611
2012-12-29 20:00:00,56.650913
2012-12-29 21:00:00,54.938576
2012-12-29 22:00:00,47.6243
2012-12-29 23:00:00,63.75071
2012-12-30 00:00:00,63.94897
2012-12-30 01:00:00,53.935074
2012-12-30 02:00:00,62.630974
2012-12-30 03:00:00,53.935074
2012-12-30 04:00:00,66.351135
2012-12-30 05:00:00,66.06797
2012-12-30 06:00:00,51.257492
2012-12-30 07:00:00,55.46912
2012-12-30 08:00:00,59.945297
2012-12-30 09:00:00,59.023727
2012-12-30 10:00:00,83.89327
2012-12-30 11:00:00,82.160614
2012-12-30 12:00:00,94.15202
2012-12-30 13:00:00,98.60805
2012-12-30 14:00:00,105.02934
2012-12-30 15:00:00,96.44318
2012-12-30 16:00:00,94.222015
2012-12-30 17:00:00,82.2227
2012-12-30 18:00:00,62.25735
2012-12-30 19:00:00,67.834274
2012-12-30 20:00:00,57.97643
2012-12-30 21:00:00,53.232025
2012-12-30 22:00:00,50.205376
2012-12-30 23:00:00,51.956726
2012-12-31 00:00:00,74.24808
2012-12-31 01:00:00,74.24808
2012-12-31 02:00:00,71.54916
2012-12-31 03:00:00,70.58084
2012-12-31 04:00:00,70.161705
2012-12-31 05:00:00,70.74996
2012-12-31 06:00:00,72.37358
2012-12-31 07:00:00,72.96862
2012-12-31 08:00:00,71.60877
2012-12-31 09:00:00,75.77529
2012-12-31 10:00:00,78.75633
2012-12-31 11:00:00,83.01563
2012-12-31 12:00:00,88.75542
2012-12-31 13:00:00,96.870125
2012-12-31 14:00:00,102.531364
2012-12-31 15:00:00,101.6692
2012-12-31 16:00:00,96.1872
2012-12-31 17:00:00,96.11582
2012-12-31 18:00:00,96.54019
2012-12-31 19:00:00,94.68239
2012-12-31 20:00:00,94.68239
2012-12-31 21:00:00,93.7085
2012-12-31 22:00:00,93.72633
2012-12-31 23:00:00,94.07237
