datetime,count
2011-01-20 00:00:00,111.79038
2011-01-20 01:00:00,98.48876
2011-01-20 02:00:00,98.48876
2011-01-20 03:00:00,97.8405
2011-01-20 04:00:00,97.8405
2011-01-20 05:00:00,92.40748
2011-01-20 06:00:00,86.41998
2011-01-20 07:00:00,83.67121
2011-01-20 08:00:00,77.82943
2011-01-20 09:00:00,73.72801
2011-01-20 10:00:00,109.24154
2011-01-20 11:00:00,125.74394
2011-01-20 12:00:00,155.80698
2011-01-20 13:00:00,132.05125
2011-01-20 14:00:00,137.80432
2011-01-20 15:00:00,148.0142
2011-01-20 16:00:00,121.919556
2011-01-20 17:00:00,125.049484
2011-01-20 18:00:00,81.78794
2011-01-20 19:00:00,99.13508
2011-01-20 20:00:00,65.01459
2011-01-20 21:00:00,62.006783
2011-01-20 22:00:00,56.291874
2011-01-20 23:00:00,60.165592
2011-01-21 00:00:00,62.608128
2011-01-21 01:00:00,62.608128
2011-01-21 02:00:00,59.51131
2011-01-21 03:00:00,47.51362
2011-01-21 04:00:00,76.08146
2011-01-21 05:00:00,109.76992
2011-01-21 06:00:00,80.755196
2011-01-21 07:00:00,71.11471
2011-01-21 08:00:00,82.589
2011-01-21 09:00:00,73.515625
2011-01-21 10:00:00,70.89638
2011-01-21 11:00:00,90.94968
2011-01-21 12:00:00,61.79502
2011-01-21 13:00:00,17.142109
2011-01-21 14:00:00,55.18481
2011-01-21 15:00:00,74.24186
2011-01-21 16:00:00,82.67809
2011-01-21 17:00:00,80.87955
2011-01-21 18:00:00,47.723373
2011-01-21 19:00:00,64.6028
2011-01-21 20:00:00,76.39449
2011-01-21 21:00:00,33.441475
2011-01-21 22:00:00,42.16436
2011-01-21 23:00:00,39.98134
2011-01-22 00:00:00,19.316418
2011-01-22 01:00:00,45.41515
2011-01-22 02:00:00,21.534935
2011-01-22 03:00:00,27.172634
2011-01-22 04:00:00,34.80097
2011-01-22 06:00:00,19.431396
2011-01-22 07:00:00,25.412281
2011-01-22 08:00:00,31.54914
2011-01-22 09:00:00,18.20499
2011-01-22 10:00:00,16.44593
2011-01-22 11:00:00,22.498192
2011-01-22 12:00:00,24.626835
2011-01-22 13:00:00,26.500076
2011-01-22 14:00:00,39.718685
2011-01-22 15:00:00,33.918045
2011-01-22 16:00:00,77.78338
2011-01-22 17:00:00,28.036255
2011-01-22 18:00:00,50.162796
2011-01-22 19:00:00,41.864357
2011-01-22 20:00:00,21.09325
2011-01-22 21:00:00,29.031162
2011-01-22 22:00:00,16.064892
2011-01-22 23:00:00,23.793564
2011-01-23 00:00:00,23.793564
2011-01-23 01:00:00,23.793564
2011-01-23 02:00:00,21.956474
2011-01-23 03:00:00,21.956474
2011-01-23 05:00:00,22.183483
2011-01-23 06:00:00,22.183483
2011-01-23 07:00:00,26.729397
2011-01-23 08:00:00,22.753727
2011-01-23 09:00:00,21.680344
2011-01-23 10:00:00,18.36
2011-01-23 11:00:00,50.18776
2011-01-23 12:00:00,58.708286
2011-01-23 13:00:00,64.67906
2011-01-23 14:00:00,61.86247
2011-01-23 15:00:00,61.86247
2011-01-23 16:00:00,63.37021
2011-01-23 17:00:00,51.387238
2011-01-23 18:00:00,62.442047
2011-01-23 19:00:00,55.680756
2011-01-23 20:00:00,50.972584
2011-01-23 21:00:00,49.83587
2011-01-23 22:00:00,48.02334
2011-01-23 23:00:00,18.873945
2011-01-24 00:00:00,40.94472
2011-01-24 01:00:00,53.360764
2011-01-24 03:00:00,34.545418
2011-01-24 04:00:00,58.301098
2011-01-24 05:00:00,58.301098
2011-01-24 06:00:00,62.54319
2011-01-24 07:00:00,77.05451
2011-01-24 08:00:00,70.260574
2011-01-24 09:00:00,89.93344
2011-01-24 10:00:00,78.508606
2011-01-24 11:00:00,65.25199
2011-01-24 12:00:00,41.30195
2011-01-24 13:00:00,44.33799
2011-01-24 14:00:00,41.9979
2011-01-24 15:00:00,83.14767
2011-01-24 16:00:00,62.2464
2011-01-24 17:00:00,52.785645
2011-01-24 18:00:00,64.8588
2011-01-24 19:00:00,66.02683
2011-01-24 20:00:00,64.8588
2011-01-24 21:00:00,64.83835
2011-01-24 22:00:00,44.631992
2011-01-24 23:00:00,46.178234
2011-01-25 00:00:00,51.757668
2011-01-25 01:00:00,43.20654
2011-01-25 02:00:00,67.67318
2011-01-25 04:00:00,83.88976
2011-01-25 05:00:00,60.26087
2011-01-25 06:00:00,85.80138
2011-01-25 07:00:00,63.21369
2011-01-25 08:00:00,49.543015
2011-01-25 09:00:00,65.20243
2011-01-25 10:00:00,75.164894
2011-01-25 11:00:00,77.798195
2011-01-25 12:00:00,95.60732
2011-01-25 13:00:00,91.00898
2011-01-25 14:00:00,141.38791
2011-01-25 15:00:00,163.00058
2011-01-25 16:00:00,163.00058
2011-01-25 17:00:00,143.95813
2011-01-25 18:00:00,125.03043
2011-01-25 19:00:00,75.64157
2011-01-25 20:00:00,88.52699
2011-01-25 21:00:00,88.52699
2011-01-25 22:00:00,88.46141
2011-01-25 23:00:00,61.720932
2011-01-26 00:00:00,68.68917
2011-01-26 01:00:00,73.138466
2011-01-26 02:00:00,71.2653
2011-01-26 05:00:00,47.107437
2011-01-26 06:00:00,47.107437
2011-01-26 07:00:00,48.21917
2011-01-26 08:00:00,48.21917
2011-01-26 09:00:00,48.21917
2011-01-26 10:00:00,50.8391
2011-01-26 11:00:00,44.77231
2011-01-26 12:00:00,44.77231
2011-01-26 13:00:00,44.77231
2011-01-26 14:00:00,40.25199
2011-01-26 15:00:00,27.309216
2011-01-26 16:00:00,39.90269
2011-01-26 17:00:00,38.92051
2011-01-27 16:00:00,87.238686
2011-01-27 17:00:00,88.47671
2011-01-27 18:00:00,86.18894
2011-01-27 19:00:00,86.18894
2011-01-27 20:00:00,89.77062
2011-01-27 21:00:00,89.77062
2011-01-27 22:00:00,89.77062
2011-01-27 23:00:00,79.39865
2011-01-28 00:00:00,65.01649
2011-01-28 01:00:00,65.01649
2011-01-28 02:00:00,61.482964
2011-01-28 03:00:00,68.53291
2011-01-28 05:00:00,69.46362
2011-01-28 06:00:00,67.30527
2011-01-28 07:00:00,73.37933
2011-01-28 08:00:00,73.37933
2011-01-28 09:00:00,48.492287
2011-01-28 10:00:00,48.79106
2011-01-28 11:00:00,52.441505
2011-01-28 12:00:00,52.441505
2011-01-28 13:00:00,52.441505
2011-01-28 14:00:00,90.69381
2011-01-28 15:00:00,74.78891
2011-01-28 16:00:00,94.41105
2011-01-28 17:00:00,98.029366
2011-01-28 18:00:00,96.36356
2011-01-28 19:00:00,77.67796
2011-01-28 20:00:00,68.44993
2011-01-28 21:00:00,71.69466
2011-01-28 22:00:00,83.22651
2011-01-28 23:00:00,92.40748
2011-01-29 00:00:00,31.740482
2011-01-29 01:00:00,29.640797
2011-01-29 02:00:00,28.129093
2011-01-29 03:00:00,27.337284
2011-01-29 04:00:00,33.31123
2011-01-29 06:00:00,24.04662
2011-01-29 07:00:00,44.516457
2011-01-29 08:00:00,31.483112
2011-01-29 09:00:00,56.815556
2011-01-29 10:00:00,35.296486
2011-01-29 11:00:00,33.80666
2011-01-29 12:00:00,63.984962
2011-01-29 13:00:00,71.53998
2011-01-29 14:00:00,59.408638
2011-01-29 15:00:00,39.744278
2011-01-29 16:00:00,45.45336
2011-01-29 17:00:00,55.498245
2011-01-29 18:00:00,26.621262
2011-01-29 19:00:00,32.27898
2011-01-29 20:00:00,49.355045
2011-01-29 21:00:00,49.355045
2011-01-29 22:00:00,43.74645
2011-01-29 23:00:00,43.74645
2011-01-30 00:00:00,49.505943
2011-01-30 01:00:00,36.64657
2011-01-30 02:00:00,41.553463
2011-01-30 03:00:00,35.583622
2011-01-30 04:00:00,35.583622
2011-01-30 05:00:00,36.15706
2011-01-30 07:00:00,36.15706
2011-01-30 08:00:00,22.854095
2011-01-30 09:00:00,33.412296
2011-01-30 10:00:00,39.462727
2011-01-30 11:00:00,46.765297
2011-01-30 12:00:00,113.840614
2011-01-30 13:00:00,83.09632
2011-01-30 14:00:00,80.858284
2011-01-30 15:00:00,70.16516
2011-01-30 16:00:00,70.16516
2011-01-30 17:00:00,64.168
2011-01-30 18:00:00,34.995453
2011-01-30 19:00:00,32.565968
2011-01-30 20:00:00,76.241806
2011-01-30 21:00:00,42.569927
2011-01-30 22:00:00,33.891464
2011-01-30 23:00:00,36.07725
2011-01-31 00:00:00,62.775345
2011-01-31 01:00:00,85.70299
2011-01-31 02:00:00,83.73444
2011-01-31 03:00:00,83.73444
2011-01-31 04:00:00,79.88693
2011-01-31 05:00:00,70.1689
2011-01-31 06:00:00,56.839687
2011-01-31 07:00:00,47.59732
2011-01-31 08:00:00,46.785103
2011-01-31 09:00:00,46.0021
2011-01-31 10:00:00,41.934536
2011-01-31 11:00:00,41.934536
2011-01-31 12:00:00,70.28539
2011-01-31 13:00:00,71.301956
2011-01-31 14:00:00,65.95038
2011-01-31 15:00:00,49.26737
2011-01-31 16:00:00,46.076035
2011-01-31 17:00:00,41.934536
2011-01-31 18:00:00,46.632904
2011-01-31 19:00:00,132.78827
2011-01-31 20:00:00,57.41288
2011-01-31 21:00:00,64.99731
2011-01-31 22:00:00,55.712204
2011-01-31 23:00:00,49.9432
2011-02-20 00:00:00,127.00426
2011-02-20 01:00:00,79.25264
2011-02-20 02:00:00,82.99123
2011-02-20 03:00:00,63.569363
2011-02-20 04:00:00,63.569363
2011-02-20 06:00:00,61.331543
2011-02-20 07:00:00,33.701958
2011-02-20 08:00:00,68.34894
2011-02-20 09:00:00,75.3
2011-02-20 10:00:00,115.9614
2011-02-20 11:00:00,88.23391
2011-02-20 12:00:00,148.51979
2011-02-20 13:00:00,164.92355
2011-02-20 14:00:00,181.77524
2011-02-20 15:00:00,176.60226
2011-02-20 16:00:00,167.93344
2011-02-20 17:00:00,162.51472
2011-02-20 18:00:00,46.149403
2011-02-20 19:00:00,46.149403
2011-02-20 20:00:00,53.70195
2011-02-20 21:00:00,92.95507
2011-02-20 22:00:00,119.97538
2011-02-20 23:00:00,106.10493
2011-02-21 00:00:00,125.2066
2011-02-21 01:00:00,125.2066
2011-02-21 02:00:00,125.2066
2011-02-21 03:00:00,125.663475
2011-02-21 04:00:00,104.72364
2011-02-21 05:00:00,123.70181
2011-02-21 06:00:00,197.23834
2011-02-21 07:00:00,197.89825
2011-02-21 08:00:00,126.24735
2011-02-21 09:00:00,127.63073
2011-02-21 10:00:00,116.46222
2011-02-21 11:00:00,117.91699
2011-02-21 12:00:00,112.64082
2011-02-21 13:00:00,49.94347
2011-02-21 14:00:00,84.24419
2011-02-21 15:00:00,59.23797
2011-02-21 16:00:00,23.066452
2011-02-21 17:00:00,44.752556
2011-02-21 18:00:00,24.585627
2011-02-21 19:00:00,24.585627
2011-02-21 20:00:00,18.244999
2011-02-21 21:00:00,23.42325
2011-02-21 22:00:00,24.563755
2011-02-21 23:00:00,24.563755
2011-02-22 06:00:00,44.264637
2011-02-22 07:00:00,44.264637
2011-02-22 08:00:00,45.9649
2011-02-22 09:00:00,48.53234
2011-02-22 10:00:00,80.829124
2011-02-22 11:00:00,77.46485
2011-02-22 12:00:00,83.39203
2011-02-22 13:00:00,87.812325
2011-02-22 14:00:00,87.238686
2011-02-22 15:00:00,93.74698
2011-02-22 16:00:00,89.20905
2011-02-22 17:00:00,81.4722
2011-02-22 18:00:00,94.689476
2011-02-22 19:00:00,83.22656
2011-02-22 20:00:00,79.586464
2011-02-22 21:00:00,80.87167
2011-02-22 22:00:00,67.7687
2011-02-22 23:00:00,67.7687
2011-02-23 00:00:00,59.269142
2011-02-23 01:00:00,69.49932
2011-02-23 02:00:00,65.616394
2011-02-23 03:00:00,59.78263
2011-02-23 05:00:00,67.443016
2011-02-23 06:00:00,67.443016
2011-02-23 07:00:00,64.79488
2011-02-23 08:00:00,66.02683
2011-02-23 09:00:00,75.060715
2011-02-23 10:00:00,112.09858
2011-02-23 11:00:00,116.75164
2011-02-23 12:00:00,151.79262
2011-02-23 13:00:00,190.71227
2011-02-23 14:00:00,200.97021
2011-02-23 15:00:00,213.64665
2011-02-23 16:00:00,183.33427
2011-02-23 17:00:00,213.64665
2011-02-23 18:00:00,203.43396
2011-02-23 19:00:00,192.14584
2011-02-23 20:00:00,93.14786
2011-02-23 21:00:00,105.10709
2011-02-23 22:00:00,105.10709
2011-02-23 23:00:00,87.34324
2011-02-24 00:00:00,87.34324
2011-02-24 01:00:00,89.537415
2011-02-24 02:00:00,86.772766
2011-02-24 03:00:00,81.83921
2011-02-24 05:00:00,82.985466
2011-02-24 06:00:00,75.92389
2011-02-24 07:00:00,78.34677
2011-02-24 08:00:00,85.674225
2011-02-24 09:00:00,59.162567
2011-02-24 10:00:00,65.66563
2011-02-24 11:00:00,104.03132
2011-02-24 12:00:00,146.13907
2011-02-24 13:00:00,146.30887
2011-02-24 14:00:00,184.50026
2011-02-24 15:00:00,234.30891
2011-02-24 16:00:00,152.76227
2011-02-24 17:00:00,129.84871
2011-02-24 18:00:00,66.4173
2011-02-24 19:00:00,54.23072
2011-02-24 20:00:00,52.06867
2011-02-24 21:00:00,66.4173
2011-02-24 22:00:00,63.935
2011-02-24 23:00:00,85.78554
2011-02-25 00:00:00,93.67886
2011-02-25 01:00:00,119.53743
2011-02-25 02:00:00,119.53743
2011-02-25 03:00:00,94.97753
2011-02-25 05:00:00,94.97753
2011-02-25 06:00:00,90.91805
2011-02-25 07:00:00,85.61787
2011-02-25 08:00:00,93.867935
2011-02-25 09:00:00,56.17845
2011-02-25 10:00:00,75.91176
2011-02-25 11:00:00,204.41101
2011-02-25 12:00:00,299.99646
2011-02-25 13:00:00,299.99646
2011-02-25 14:00:00,389.9045
2011-02-25 15:00:00,178.66347
2011-02-25 16:00:00,153.15102
2011-02-25 17:00:00,101.554375
2011-02-25 18:00:00,146.79053
2011-02-25 19:00:00,145.28156
2011-02-25 20:00:00,102.281006
2011-02-25 21:00:00,133.41394
2011-02-25 22:00:00,102.7444
2011-02-25 23:00:00,114.57549
2011-02-26 00:00:00,49.877304
2011-02-26 01:00:00,53.623352
2011-02-26 02:00:00,27.27472
2011-02-26 03:00:00,68.127655
2011-02-26 04:00:00,44.646317
2011-02-26 05:00:00,50.781433
2011-02-26 06:00:00,55.887665
2011-02-26 07:00:00,69.486206
2011-02-26 08:00:00,55.244522
2011-02-26 09:00:00,83.94209
2011-02-26 10:00:00,90.77843
2011-02-26 11:00:00,111.057335
2011-02-26 12:00:00,117.5483
2011-02-26 13:00:00,114.81074
2011-02-26 14:00:00,102.36621
2011-02-26 15:00:00,97.46885
2011-02-26 16:00:00,119.25189
2011-02-26 17:00:00,176.23257
2011-02-26 18:00:00,143.21068
2011-02-26 19:00:00,95.08073
2011-02-26 20:00:00,86.956795
2011-02-26 21:00:00,29.79007
2011-02-26 22:00:00,38.31812
2011-02-26 23:00:00,42.14605
2011-02-27 00:00:00,50.28981
2011-02-27 01:00:00,49.928288
2011-02-27 02:00:00,58.969833
2011-02-27 03:00:00,50.735756
2011-02-27 04:00:00,60.495274
2011-02-27 06:00:00,49.929333
2011-02-27 07:00:00,60.495274
2011-02-27 08:00:00,51.37595
2011-02-27 09:00:00,50.84071
2011-02-27 10:00:00,43.213455
2011-02-27 11:00:00,157.07549
2011-02-27 12:00:00,229.88849
2011-02-27 13:00:00,236.40337
2011-02-27 14:00:00,339.58716
2011-02-27 15:00:00,351.56052
2011-02-27 16:00:00,383.67776
2011-02-27 17:00:00,257.16165
2011-02-27 18:00:00,222.77792
2011-02-27 19:00:00,195.80417
2011-02-27 20:00:00,229.88849
2011-02-27 21:00:00,175.30374
2011-02-27 22:00:00,195.98456
2011-02-27 23:00:00,137.50143
2011-02-28 00:00:00,113.612335
2011-02-28 01:00:00,54.367172
2011-02-28 03:00:00,73.85865
2011-02-28 05:00:00,106.45234
2011-02-28 06:00:00,104.123314
2011-02-28 07:00:00,110.83259
2011-02-28 08:00:00,60.399452
2011-02-28 09:00:00,158.31769
2011-02-28 10:00:00,190.05925
2011-02-28 11:00:00,180.19421
2011-02-28 12:00:00,180.19418
2011-02-28 13:00:00,117.70783
2011-02-28 14:00:00,71.18953
2011-02-28 15:00:00,71.18953
2011-02-28 16:00:00,118.531364
2011-02-28 17:00:00,65.56357
2011-02-28 18:00:00,120.65325
2011-02-28 19:00:00,62.656628
2011-02-28 20:00:00,62.656628
2011-02-28 21:00:00,88.45373
2011-02-28 22:00:00,48.124886
2011-02-28 23:00:00,61.101665
2011-03-20 00:00:00,91.87725
2011-03-20 01:00:00,85.33727
2011-03-20 02:00:00,78.11909
2011-03-20 03:00:00,50.232304
2011-03-20 04:00:00,41.36684
2011-03-20 05:00:00,39.99884
2011-03-20 06:00:00,35.083927
2011-03-20 07:00:00,30.131744
2011-03-20 08:00:00,71.88574
2011-03-20 09:00:00,119.20855
2011-03-20 10:00:00,55.32004
2011-03-20 11:00:00,168.52757
2011-03-20 12:00:00,186.08212
2011-03-20 13:00:00,179.5036
2011-03-20 14:00:00,229.3553
2011-03-20 15:00:00,212.99371
2011-03-20 16:00:00,247.77869
2011-03-20 17:00:00,224.23532
2011-03-20 18:00:00,145.7016
2011-03-20 19:00:00,135.65768
2011-03-20 20:00:00,119.25189
2011-03-20 21:00:00,138.75728
2011-03-20 22:00:00,140.93799
2011-03-20 23:00:00,30.076412
2011-03-21 00:00:00,85.252556
2011-03-21 01:00:00,88.46223
2011-03-21 02:00:00,75.47801
2011-03-21 03:00:00,75.47801
2011-03-21 05:00:00,121.51569
2011-03-21 06:00:00,66.16123
2011-03-21 07:00:00,52.13984
2011-03-21 08:00:00,64.02868
2011-03-21 09:00:00,77.775215
2011-03-21 10:00:00,103.296715
2011-03-21 11:00:00,114.95492
2011-03-21 12:00:00,131.10811
2011-03-21 13:00:00,171.92744
2011-03-21 14:00:00,190.94226
2011-03-21 15:00:00,205.80069
2011-03-21 16:00:00,189.82048
2011-03-21 17:00:00,188.35468
2011-03-21 18:00:00,165.0398
2011-03-21 19:00:00,289.83224
2011-03-21 20:00:00,247.25482
2011-03-21 21:00:00,131.51833
2011-03-21 22:00:00,149.6577
2011-03-21 23:00:00,112.6126
2011-03-22 00:00:00,134.16258
2011-03-22 01:00:00,117.127785
2011-03-22 02:00:00,111.20666
2011-03-22 03:00:00,153.87251
2011-03-22 04:00:00,113.061646
2011-03-22 05:00:00,107.7418
2011-03-22 06:00:00,144.72467
2011-03-22 07:00:00,101.27
2011-03-22 08:00:00,148.99426
2011-03-22 09:00:00,177.7411
2011-03-22 10:00:00,182.82346
2011-03-22 11:00:00,214.56073
2011-03-22 12:00:00,207.3245
2011-03-22 13:00:00,239.93317
2011-03-22 14:00:00,262.00122
2011-03-22 15:00:00,254.84253
2011-03-22 16:00:00,266.8933
2011-03-22 17:00:00,266.8933
2011-03-22 18:00:00,238.04762
2011-03-22 19:00:00,168.10033
2011-03-22 20:00:00,188.1124
2011-03-22 21:00:00,172.96988
2011-03-22 22:00:00,138.80524
2011-03-22 23:00:00,138.80524
2011-03-23 00:00:00,103.10486
2011-03-23 01:00:00,77.352104
2011-03-23 02:00:00,77.352104
2011-03-23 03:00:00,85.403946
2011-03-23 05:00:00,68.64261
2011-03-23 06:00:00,87.58735
2011-03-23 07:00:00,84.16256
2011-03-23 08:00:00,88.14129
2011-03-23 09:00:00,78.29213
2011-03-23 10:00:00,84.99381
2011-03-23 11:00:00,89.80156
2011-03-23 12:00:00,89.564735
2011-03-23 13:00:00,75.671425
2011-03-23 14:00:00,95.37847
2011-03-23 15:00:00,99.90651
2011-03-23 16:00:00,105.30767
2011-03-23 17:00:00,105.30767
2011-03-23 18:00:00,76.127144
2011-03-23 19:00:00,76.127144
2011-03-23 20:00:00,56.59109
2011-03-23 21:00:00,60.461044
2011-03-23 22:00:00,90.012535
2011-03-23 23:00:00,74.6845
2011-03-24 00:00:00,84.16256
2011-03-24 01:00:00,83.13715
2011-03-24 02:00:00,75.985
2011-03-24 03:00:00,87.656654
2011-03-24 04:00:00,87.656654
2011-03-24 05:00:00,78.85944
2011-03-24 06:00:00,78.85944
2011-03-24 07:00:00,51.40488
2011-03-24 08:00:00,53.20098
2011-03-24 09:00:00,76.21297
2011-03-24 10:00:00,41.09388
2011-03-24 11:00:00,66.831535
2011-03-24 12:00:00,68.49614
2011-03-24 13:00:00,77.77046
2011-03-24 14:00:00,76.23501
2011-03-24 15:00:00,71.85735
2011-03-24 16:00:00,78.35747
2011-03-24 17:00:00,78.03541
2011-03-24 18:00:00,79.83164
2011-03-24 19:00:00,135.4532
2011-03-24 20:00:00,105.93253
2011-03-24 21:00:00,87.56338
2011-03-24 22:00:00,85.27405
2011-03-24 23:00:00,82.6141
2011-03-25 00:00:00,82.1357
2011-03-25 01:00:00,79.502785
2011-03-25 02:00:00,82.283
2011-03-25 03:00:00,75.35342
2011-03-25 04:00:00,82.8765
2011-03-25 05:00:00,86.44077
2011-03-25 06:00:00,81.21174
2011-03-25 07:00:00,83.03434
2011-03-25 08:00:00,97.59231
2011-03-25 09:00:00,112.15481
2011-03-25 10:00:00,118.58478
2011-03-25 11:00:00,152.67291
2011-03-25 12:00:00,156.96797
2011-03-25 13:00:00,160.47577
2011-03-25 14:00:00,205.23193
2011-03-25 15:00:00,168.2883
2011-03-25 16:00:00,148.36206
2011-03-25 17:00:00,120.17142
2011-03-25 18:00:00,162.30783
2011-03-25 19:00:00,132.82837
2011-03-25 20:00:00,175.14825
2011-03-25 21:00:00,169.96776
2011-03-25 22:00:00,106.96683
2011-03-25 23:00:00,107.94855
2011-03-26 00:00:00,112.62322
2011-03-26 01:00:00,132.35628
2011-03-26 02:00:00,92.76391
2011-03-26 03:00:00,69.56287
2011-03-26 04:00:00,92.76391
2011-03-26 05:00:00,59.15726
2011-03-26 06:00:00,46.91075
2011-03-26 07:00:00,59.15726
2011-03-26 08:00:00,95.61932
2011-03-26 09:00:00,114.213554
2011-03-26 10:00:00,113.11082
2011-03-26 11:00:00,129.59854
2011-03-26 12:00:00,134.66193
2011-03-26 13:00:00,159.87183
2011-03-26 14:00:00,211.74426
2011-03-26 15:00:00,205.447
2011-03-26 16:00:00,287.26373
2011-03-26 17:00:00,264.86755
2011-03-26 18:00:00,207.0628
2011-03-26 19:00:00,112.674995
2011-03-26 20:00:00,112.674995
2011-03-26 21:00:00,52.638542
2011-03-26 22:00:00,74.89848
2011-03-26 23:00:00,121.098015
2011-03-27 00:00:00,15.169019
2011-03-27 01:00:00,71.86177
2011-03-27 02:00:00,15.272974
2011-03-27 03:00:00,23.190632
2011-03-27 04:00:00,13.389495
2011-03-27 06:00:00,20.537275
2011-03-27 07:00:00,21.822845
2011-03-27 08:00:00,41.870564
2011-03-27 09:00:00,58.68179
2011-03-27 10:00:00,63.59147
2011-03-27 11:00:00,75.40788
2011-03-27 12:00:00,75.33656
2011-03-27 13:00:00,131.13696
2011-03-27 14:00:00,135.19409
2011-03-27 15:00:00,162.36458
2011-03-27 16:00:00,184.58206
2011-03-27 17:00:00,194.12373
2011-03-27 18:00:00,143.21938
2011-03-27 19:00:00,168.13075
2011-03-27 20:00:00,129.84073
2011-03-27 21:00:00,113.11082
2011-03-27 22:00:00,113.11082
2011-03-27 23:00:00,97.65394
2011-03-28 00:00:00,79.41578
2011-03-28 01:00:00,111.41491
2011-03-28 02:00:00,112.68125
2011-03-28 03:00:00,112.68125
2011-03-28 05:00:00,99.559654
2011-03-28 06:00:00,42.78756
2011-03-28 07:00:00,43.59638
2011-03-28 08:00:00,98.65805
2011-03-28 09:00:00,80.63895
2011-03-28 10:00:00,120.15652
2011-03-28 11:00:00,100.63942
2011-03-28 12:00:00,110.765686
2011-03-28 13:00:00,164.10606
2011-03-28 14:00:00,195.2692
2011-03-28 15:00:00,176.26456
2011-03-28 16:00:00,210.84377
2011-03-28 17:00:00,188.02536
2011-03-28 18:00:00,178.63724
2011-03-28 19:00:00,175.11142
2011-03-28 20:00:00,175.8968
2011-03-28 21:00:00,188.69183
2011-03-28 22:00:00,176.98712
2011-03-28 23:00:00,114.36048
2011-03-29 00:00:00,70.694916
2011-03-29 01:00:00,86.9314
2011-03-29 02:00:00,86.9314
2011-03-29 03:00:00,86.9314
2011-03-29 04:00:00,107.03466
2011-03-29 05:00:00,121.35179
2011-03-29 06:00:00,110.81402
2011-03-29 07:00:00,58.895412
2011-03-29 08:00:00,67.091965
2011-03-29 09:00:00,76.895676
2011-03-29 10:00:00,145.33037
2011-03-29 11:00:00,119.70352
2011-03-29 12:00:00,215.02621
2011-03-29 13:00:00,187.46054
2011-03-29 14:00:00,220.94258
2011-03-29 15:00:00,254.73447
2011-03-29 16:00:00,256.6333
2011-03-29 17:00:00,257.5202
2011-03-29 18:00:00,187.43414
2011-03-29 19:00:00,219.96397
2011-03-29 20:00:00,187.43414
2011-03-29 21:00:00,172.58888
2011-03-29 22:00:00,145.8768
2011-03-29 23:00:00,110.318
2011-03-30 00:00:00,122.154854
2011-03-30 01:00:00,186.8104
2011-03-30 02:00:00,122.154854
2011-03-30 03:00:00,145.27705
2011-03-30 04:00:00,122.154854
2011-03-30 05:00:00,96.67926
2011-03-30 06:00:00,131.54099
2011-03-30 07:00:00,157.6704
2011-03-30 08:00:00,135.3113
2011-03-30 09:00:00,149.09604
2011-03-30 10:00:00,154.05113
2011-03-30 11:00:00,156.12903
2011-03-30 12:00:00,152.03226
2011-03-30 13:00:00,166.05965
2011-03-30 14:00:00,169.39009
2011-03-30 15:00:00,42.607662
2011-03-30 16:00:00,47.737762
2011-03-30 17:00:00,62.32544
2011-03-30 18:00:00,76.21297
2011-03-30 19:00:00,76.21297
2011-03-30 20:00:00,52.327324
2011-03-30 21:00:00,64.867256
2011-03-30 22:00:00,51.6481
2011-03-30 23:00:00,52.36127
2011-03-31 00:00:00,51.6481
2011-03-31 01:00:00,51.43169
2011-03-31 02:00:00,51.43169
2011-03-31 03:00:00,51.6481
2011-03-31 04:00:00,51.58723
2011-03-31 05:00:00,51.6481
2011-03-31 06:00:00,52.327324
2011-03-31 07:00:00,51.58723
2011-03-31 08:00:00,66.90762
2011-03-31 09:00:00,48.20423
2011-03-31 10:00:00,48.20423
2011-03-31 11:00:00,58.854733
2011-03-31 12:00:00,58.854733
2011-03-31 13:00:00,69.62246
2011-03-31 14:00:00,69.62246
2011-03-31 15:00:00,44.77439
2011-03-31 16:00:00,72.974434
2011-03-31 17:00:00,72.974434
2011-03-31 18:00:00,80.435524
2011-03-31 19:00:00,80.435524
2011-03-31 20:00:00,47.02609
2011-03-31 21:00:00,84.82457
2011-03-31 22:00:00,50.18751
2011-03-31 23:00:00,53.60026
2011-04-20 00:00:00,116.86172
2011-04-20 01:00:00,120.85473
2011-04-20 02:00:00,120.85473
2011-04-20 03:00:00,97.04725
2011-04-20 04:00:00,109.43785
2011-04-20 05:00:00,121.62112
2011-04-20 06:00:00,120.85473
2011-04-20 07:00:00,100.401985
2011-04-20 08:00:00,304.42938
2011-04-20 09:00:00,419.8149
2011-04-20 10:00:00,218.27325
2011-04-20 11:00:00,218.27325
2011-04-20 12:00:00,394.87302
2011-04-20 13:00:00,394.87302
2011-04-20 14:00:00,410.86194
2011-04-20 15:00:00,321.19043
2011-04-20 16:00:00,321.19043
2011-04-20 17:00:00,306.85162
2011-04-20 18:00:00,396.5115
2011-04-20 19:00:00,460.4537
2011-04-20 20:00:00,451.70102
2011-04-20 21:00:00,436.68912
2011-04-20 22:00:00,367.9689
2011-04-20 23:00:00,376.3771
2011-04-21 00:00:00,292.79877
2011-04-21 01:00:00,254.06015
2011-04-21 02:00:00,249.70566
2011-04-21 03:00:00,228.73819
2011-04-21 04:00:00,206.6041
2011-04-21 05:00:00,189.39067
2011-04-21 06:00:00,170.03006
2011-04-21 07:00:00,199.66019
2011-04-21 08:00:00,184.0904
2011-04-21 09:00:00,199.95018
2011-04-21 10:00:00,214.44897
2011-04-21 11:00:00,223.13687
2011-04-21 12:00:00,254.71089
2011-04-21 13:00:00,316.5568
2011-04-21 14:00:00,313.45413
2011-04-21 15:00:00,363.54837
2011-04-21 16:00:00,391.09872
2011-04-21 17:00:00,355.84668
2011-04-21 18:00:00,371.6343
2011-04-21 19:00:00,332.43036
2011-04-21 20:00:00,287.9308
2011-04-21 21:00:00,182.17839
2011-04-21 22:00:00,229.60973
2011-04-21 23:00:00,194.57446
2011-04-22 00:00:00,107.3809
2011-04-22 01:00:00,132.55751
2011-04-22 02:00:00,152.60649
2011-04-22 03:00:00,152.60649
2011-04-22 04:00:00,137.27357
2011-04-22 05:00:00,109.94683
2011-04-22 06:00:00,137.27356
2011-04-22 07:00:00,131.54199
2011-04-22 08:00:00,128.59476
2011-04-22 09:00:00,115.592316
2011-04-22 10:00:00,96.97053
2011-04-22 11:00:00,117.76653
2011-04-22 12:00:00,85.91875
2011-04-22 13:00:00,72.73
2011-04-22 14:00:00,63.20041
2011-04-22 15:00:00,72.73
2011-04-22 16:00:00,75.671455
2011-04-22 17:00:00,65.151924
2011-04-22 18:00:00,65.151924
2011-04-22 19:00:00,65.151924
2011-04-22 20:00:00,63.580864
2011-04-22 21:00:00,68.22533
2011-04-22 22:00:00,72.04183
2011-04-22 23:00:00,74.74496
2011-04-23 00:00:00,29.76532
2011-04-23 01:00:00,29.76532
2011-04-23 02:00:00,56.37471
2011-04-23 03:00:00,51.177696
2011-04-23 04:00:00,65.17204
2011-04-23 05:00:00,65.17204
2011-04-23 06:00:00,58.967545
2011-04-23 07:00:00,61.92705
2011-04-23 08:00:00,35.79273
2011-04-23 09:00:00,44.219116
2011-04-23 10:00:00,111.12488
2011-04-23 11:00:00,132.34059
2011-04-23 12:00:00,85.4299
2011-04-23 13:00:00,108.69344
2011-04-23 14:00:00,245.86208
2011-04-23 15:00:00,338.64566
2011-04-23 16:00:00,272.80328
2011-04-23 17:00:00,308.87863
2011-04-23 18:00:00,147.28836
2011-04-23 19:00:00,149.97028
2011-04-23 20:00:00,152.6965
2011-04-23 21:00:00,160.05183
2011-04-23 22:00:00,203.14966
2011-04-23 23:00:00,154.05191
2011-04-24 00:00:00,128.61084
2011-04-24 01:00:00,112.450386
2011-04-24 02:00:00,112.450386
2011-04-24 03:00:00,68.595314
2011-04-24 04:00:00,68.595314
2011-04-24 05:00:00,68.595314
2011-04-24 06:00:00,67.80551
2011-04-24 07:00:00,67.80551
2011-04-24 08:00:00,116.66964
2011-04-24 09:00:00,124.7949
2011-04-24 10:00:00,138.9502
2011-04-24 11:00:00,258.78873
2011-04-24 12:00:00,385.96487
2011-04-24 13:00:00,450.50412
2011-04-24 14:00:00,488.2304
2011-04-24 15:00:00,399.49503
2011-04-24 16:00:00,576.8001
2011-04-24 17:00:00,409.1852
2011-04-24 18:00:00,219.545
2011-04-24 19:00:00,222.89435
2011-04-24 20:00:00,222.89435
2011-04-24 21:00:00,173.97827
2011-04-24 22:00:00,168.66681
2011-04-24 23:00:00,137.52197
2011-04-25 00:00:00,131.99858
2011-04-25 01:00:00,132.99123
2011-04-25 02:00:00,132.99123
2011-04-25 03:00:00,138.01552
2011-04-25 04:00:00,126.57801
2011-04-25 05:00:00,115.84002
2011-04-25 06:00:00,122.99876
2011-04-25 07:00:00,137.50873
2011-04-25 08:00:00,142.65677
2011-04-25 09:00:00,166.85918
2011-04-25 10:00:00,287.72394
2011-04-25 11:00:00,287.72394
2011-04-25 12:00:00,323.1496
2011-04-25 13:00:00,392.88986
2011-04-25 14:00:00,472.98978
2011-04-25 15:00:00,481.31363
2011-04-25 16:00:00,480.06387
2011-04-25 17:00:00,497.91495
2011-04-25 18:00:00,463.50677
2011-04-25 19:00:00,432.32886
2011-04-25 20:00:00,419.8149
2011-04-25 21:00:00,310.99506
2011-04-25 22:00:00,278.76392
2011-04-25 23:00:00,254.23967
2011-04-26 00:00:00,317.98535
2011-04-26 01:00:00,312.85147
2011-04-26 02:00:00,249.6146
2011-04-26 03:00:00,224.6023
2011-04-26 04:00:00,223.61757
2011-04-26 05:00:00,205.64032
2011-04-26 06:00:00,189.88586
2011-04-26 07:00:00,257.57745
2011-04-26 08:00:00,257.57742
2011-04-26 09:00:00,340.4924
2011-04-26 10:00:00,393.5945
2011-04-26 11:00:00,429.9314
2011-04-26 12:00:00,466.30313
2011-04-26 13:00:00,422.8682
2011-04-26 14:00:00,544.5572
2011-04-26 15:00:00,494.14627
2011-04-26 16:00:00,490.2108
2011-04-26 17:00:00,456.2066
2011-04-26 18:00:00,400.81784
2011-04-26 19:00:00,313.72318
2011-04-26 20:00:00,340.4924
2011-04-26 21:00:00,296.69095
2011-04-26 22:00:00,211.48064
2011-04-26 23:00:00,212.6218
2011-04-27 00:00:00,217.18805
2011-04-27 01:00:00,236.76514
2011-04-27 02:00:00,219.2699
2011-04-27 03:00:00,206.54716
2011-04-27 04:00:00,175.78543
2011-04-27 05:00:00,198.4029
2011-04-27 06:00:00,197.98007
2011-04-27 07:00:00,206.54716
2011-04-27 08:00:00,192.11081
2011-04-27 09:00:00,184.45107
2011-04-27 10:00:00,222.01997
2011-04-27 11:00:00,233.7384
2011-04-27 12:00:00,362.88773
2011-04-27 13:00:00,327.54028
2011-04-27 14:00:00,371.852
2011-04-27 15:00:00,417.4229
2011-04-27 16:00:00,452.70975
2011-04-27 17:00:00,167.96233
2011-04-27 18:00:00,167.96233
2011-04-27 19:00:00,296.69095
2011-04-27 20:00:00,312.78485
2011-04-27 21:00:00,249.14868
2011-04-27 22:00:00,210.8913
2011-04-27 23:00:00,205.45334
2011-04-28 00:00:00,316.61072
2011-04-28 01:00:00,202.91844
2011-04-28 02:00:00,192.02425
2011-04-28 03:00:00,214.50284
2011-04-28 04:00:00,197.48044
2011-04-28 05:00:00,202.91844
2011-04-28 06:00:00,218.73064
2011-04-28 07:00:00,211.70822
2011-04-28 08:00:00,216.88956
2011-04-28 09:00:00,142.22997
2011-04-28 10:00:00,222.35135
2011-04-28 11:00:00,222.01997
2011-04-28 12:00:00,226.47083
2011-04-28 13:00:00,219.26892
2011-04-28 14:00:00,286.0503
2011-04-28 15:00:00,399.43466
2011-04-28 16:00:00,268.57883
2011-04-28 17:00:00,358.86636
2011-04-28 18:00:00,358.86636
2011-04-28 19:00:00,360.27383
2011-04-28 20:00:00,306.34027
2011-04-28 21:00:00,294.3093
2011-04-28 22:00:00,276.17178
2011-04-28 23:00:00,309.14572
2011-04-29 00:00:00,290.4683
2011-04-29 01:00:00,251.74863
2011-04-29 02:00:00,159.8365
2011-04-29 03:00:00,169.82112
2011-04-29 04:00:00,194.41599
2011-04-29 05:00:00,208.18994
2011-04-29 06:00:00,246.09918
2011-04-29 07:00:00,272.3838
2011-04-29 08:00:00,307.59802
2011-04-29 09:00:00,309.98044
2011-04-29 10:00:00,313.12564
2011-04-29 11:00:00,388.01004
2011-04-29 12:00:00,338.0484
2011-04-29 13:00:00,339.2356
2011-04-29 14:00:00,417.1351
2011-04-29 15:00:00,274.0429
2011-04-29 16:00:00,275.07965
2011-04-29 17:00:00,259.9261
2011-04-29 18:00:00,264.92368
2011-04-29 19:00:00,216.78653
2011-04-29 20:00:00,212.73352
2011-04-29 21:00:00,194.47763
2011-04-29 22:00:00,151.63263
2011-04-29 23:00:00,163.40541
2011-04-30 00:00:00,212.7928
2011-04-30 01:00:00,186.04953
2011-04-30 02:00:00,202.91446
2011-04-30 03:00:00,172.53963
2011-04-30 04:00:00,190.42175
2011-04-30 05:00:00,188.95105
2011-04-30 06:00:00,148.31468
2011-04-30 07:00:00,166.3085
2011-04-30 08:00:00,156.4642
2011-04-30 09:00:00,216.82443
2011-04-30 10:00:00,252.4738
2011-04-30 11:00:00,292.7724
2011-04-30 12:00:00,322.32883
2011-04-30 13:00:00,391.90933
2011-04-30 14:00:00,357.85837
2011-04-30 15:00:00,346.2084
2011-04-30 16:00:00,407.8916
2011-04-30 17:00:00,295.93918
2011-04-30 18:00:00,274.80383
2011-04-30 19:00:00,274.80383
2011-04-30 20:00:00,105.737206
2011-04-30 21:00:00,105.737206
2011-04-30 22:00:00,74.82003
2011-04-30 23:00:00,74.82003
2011-05-20 00:00:00,114.53866
2011-05-20 01:00:00,96.54221
2011-05-20 02:00:00,113.91149
2011-05-20 03:00:00,93.55453
2011-05-20 04:00:00,111.20666
2011-05-20 05:00:00,113.152565
2011-05-20 06:00:00,114.53637
2011-05-20 07:00:00,160.72495
2011-05-20 08:00:00,117.93014
2011-05-20 09:00:00,218.03857
2011-05-20 10:00:00,247.25482
2011-05-20 11:00:00,222.19412
2011-05-20 12:00:00,233.35977
2011-05-20 13:00:00,289.92014
2011-05-20 14:00:00,358.9643
2011-05-20 15:00:00,250.77518
2011-05-20 16:00:00,259.71204
2011-05-20 17:00:00,256.93185
2011-05-20 18:00:00,321.75668
2011-05-20 19:00:00,211.55399
2011-05-20 20:00:00,221.53523
2011-05-20 21:00:00,205.07849
2011-05-20 22:00:00,118.77308
2011-05-20 23:00:00,183.41013
2011-05-21 00:00:00,97.94514
2011-05-21 01:00:00,87.89797
2011-05-21 02:00:00,98.94843
2011-05-21 03:00:00,85.78686
2011-05-21 04:00:00,86.99364
2011-05-21 05:00:00,82.53205
2011-05-21 06:00:00,98.21566
2011-05-21 07:00:00,113.86886
2011-05-21 08:00:00,266.16895
2011-05-21 09:00:00,279.55225
2011-05-21 10:00:00,243.73819
2011-05-21 11:00:00,331.92978
2011-05-21 12:00:00,374.55334
2011-05-21 13:00:00,468.90213
2011-05-21 14:00:00,505.99393
2011-05-21 15:00:00,493.23618
2011-05-21 16:00:00,505.1716
2011-05-21 17:00:00,380.5812
2011-05-21 18:00:00,334.7581
2011-05-21 19:00:00,383.6357
2011-05-21 20:00:00,184.61261
2011-05-21 21:00:00,243.73819
2011-05-21 22:00:00,173.12993
2011-05-21 23:00:00,112.487
2011-05-22 00:00:00,115.21511
2011-05-22 01:00:00,101.98487
2011-05-22 02:00:00,86.04725
2011-05-22 03:00:00,61.695923
2011-05-22 04:00:00,70.411064
2011-05-22 05:00:00,61.695923
2011-05-22 06:00:00,86.04725
2011-05-22 07:00:00,101.82368
2011-05-22 08:00:00,129.17076
2011-05-22 09:00:00,177.6469
2011-05-22 10:00:00,231.6026
2011-05-22 11:00:00,366.15784
2011-05-22 12:00:00,341.79846
2011-05-22 13:00:00,324.5923
2011-05-22 14:00:00,241.26675
2011-05-22 15:00:00,285.90942
2011-05-22 16:00:00,325.43546
2011-05-22 17:00:00,417.29562
2011-05-22 18:00:00,362.97134
2011-05-22 19:00:00,328.37592
2011-05-22 20:00:00,250.64804
2011-05-22 21:00:00,199.21857
2011-05-22 22:00:00,125.61376
2011-05-22 23:00:00,176.33493
2011-05-23 00:00:00,187.90936
2011-05-23 01:00:00,142.65677
2011-05-23 02:00:00,152.68034
2011-05-23 03:00:00,145.66385
2011-05-23 04:00:00,120.02506
2011-05-23 05:00:00,120.02506
2011-05-23 06:00:00,130.15721
2011-05-23 07:00:00,178.39523
2011-05-23 08:00:00,185.23116
2011-05-23 09:00:00,204.71783
2011-05-23 10:00:00,368.51407
2011-05-23 11:00:00,417.43112
2011-05-23 12:00:00,417.43112
2011-05-23 13:00:00,306.94675
2011-05-23 14:00:00,291.11703
2011-05-23 15:00:00,294.98978
2011-05-23 16:00:00,297.3487
2011-05-23 17:00:00,256.56308
2011-05-23 18:00:00,395.55252
2011-05-23 19:00:00,339.4164
2011-05-23 20:00:00,229.09885
2011-05-23 21:00:00,216.15825
2011-05-23 22:00:00,194.42482
2011-05-23 23:00:00,223.76929
2011-05-24 00:00:00,214.5129
2011-05-24 01:00:00,210.38773
2011-05-24 02:00:00,214.5129
2011-05-24 03:00:00,186.33252
2011-05-24 04:00:00,154.42255
2011-05-24 05:00:00,209.22488
2011-05-24 06:00:00,205.69109
2011-05-24 07:00:00,172.34807
2011-05-24 08:00:00,153.68536
2011-05-24 09:00:00,234.6976
2011-05-24 10:00:00,501.3151
2011-05-24 11:00:00,481.31363
2011-05-24 12:00:00,420.82742
2011-05-24 13:00:00,417.1244
2011-05-24 14:00:00,437.81845
2011-05-24 15:00:00,348.89374
2011-05-24 16:00:00,314.50778
2011-05-24 17:00:00,354.31912
2011-05-24 18:00:00,342.92035
2011-05-24 19:00:00,281.70163
2011-05-24 20:00:00,209.16928
2011-05-24 21:00:00,172.00021
2011-05-24 22:00:00,156.18098
2011-05-24 23:00:00,206.0112
2011-05-25 00:00:00,148.0444
2011-05-25 01:00:00,145.45361
2011-05-25 02:00:00,124.95692
2011-05-25 03:00:00,143.05331
2011-05-25 04:00:00,136.34525
2011-05-25 05:00:00,140.13318
2011-05-25 06:00:00,139.39326
2011-05-25 07:00:00,215.91637
2011-05-25 08:00:00,307.1686
2011-05-25 09:00:00,287.85648
2011-05-25 10:00:00,339.12415
2011-05-25 11:00:00,429.2005
2011-05-25 12:00:00,446.25488
2011-05-25 13:00:00,446.25488
2011-05-25 14:00:00,461.11606
2011-05-25 15:00:00,493.8713
2011-05-25 16:00:00,525.4278
2011-05-25 17:00:00,481.31363
2011-05-25 18:00:00,463.16144
2011-05-25 19:00:00,379.6174
2011-05-25 20:00:00,395.57016
2011-05-25 21:00:00,277.13504
2011-05-25 22:00:00,346.25223
2011-05-25 23:00:00,232.37306
2011-05-26 00:00:00,232.37303
2011-05-26 01:00:00,232.37303
2011-05-26 02:00:00,160.84254
2011-05-26 03:00:00,151.44191
2011-05-26 04:00:00,133.51826
2011-05-26 05:00:00,200.00928
2011-05-26 06:00:00,161.77911
2011-05-26 07:00:00,229.27292
2011-05-26 08:00:00,234.49733
2011-05-26 09:00:00,344.72067
2011-05-26 10:00:00,395.55252
2011-05-26 11:00:00,434.94266
2011-05-26 12:00:00,586.2398
2011-05-26 13:00:00,430.62997
2011-05-26 14:00:00,430.62997
2011-05-26 15:00:00,388.3541
2011-05-26 16:00:00,352.02014
2011-05-26 17:00:00,400.15714
2011-05-26 18:00:00,432.45654
2011-05-26 19:00:00,454.8311
2011-05-26 20:00:00,433.48874
2011-05-26 21:00:00,354.22058
2011-05-26 22:00:00,342.02786
2011-05-26 23:00:00,379.4523
2011-05-27 00:00:00,367.82074
2011-05-27 01:00:00,508.34372
2011-05-27 02:00:00,400.97952
2011-05-27 03:00:00,272.8121
2011-05-27 04:00:00,260.71353
2011-05-27 05:00:00,369.40146
2011-05-27 06:00:00,227.44078
2011-05-27 07:00:00,252.40262
2011-05-27 08:00:00,351.2618
2011-05-27 09:00:00,456.9998
2011-05-27 10:00:00,494.7021
2011-05-27 11:00:00,313.37164
2011-05-27 12:00:00,327.8422
2011-05-27 13:00:00,468.55624
2011-05-27 14:00:00,516.0522
2011-05-27 15:00:00,471.90146
2011-05-27 16:00:00,318.1933
2011-05-27 17:00:00,561.8071
2011-05-27 18:00:00,297.3487
2011-05-27 19:00:00,149.87634
2011-05-27 20:00:00,224.21576
2011-05-27 21:00:00,153.21729
2011-05-27 22:00:00,182.67105
2011-05-27 23:00:00,149.0592
2011-05-28 00:00:00,119.127846
2011-05-28 01:00:00,129.16255
2011-05-28 02:00:00,127.03515
2011-05-28 03:00:00,120.7112
2011-05-28 04:00:00,124.7949
2011-05-28 05:00:00,120.7112
2011-05-28 06:00:00,148.3419
2011-05-28 07:00:00,161.75087
2011-05-28 08:00:00,173.57379
2011-05-28 09:00:00,282.46777
2011-05-28 10:00:00,376.47598
2011-05-28 11:00:00,376.47598
2011-05-28 12:00:00,414.22745
2011-05-28 13:00:00,389.3403
2011-05-28 14:00:00,378.02856
2011-05-28 15:00:00,378.14584
2011-05-28 16:00:00,427.75754
2011-05-28 17:00:00,443.83652
2011-05-28 18:00:00,411.2056
2011-05-28 19:00:00,336.4912
2011-05-28 20:00:00,376.47598
2011-05-28 21:00:00,330.03546
2011-05-28 22:00:00,219.76288
2011-05-28 23:00:00,153.11923
2011-05-29 00:00:00,168.07883
2011-05-29 01:00:00,136.34164
2011-05-29 02:00:00,123.47888
2011-05-29 03:00:00,123.47888
2011-05-29 04:00:00,113.77494
2011-05-29 05:00:00,130.28052
2011-05-29 06:00:00,176.96011
2011-05-29 07:00:00,166.4633
2011-05-29 08:00:00,171.01135
2011-05-29 09:00:00,165.47604
2011-05-29 10:00:00,206.0339
2011-05-29 11:00:00,252.83304
2011-05-29 12:00:00,311.5961
2011-05-29 13:00:00,424.91467
2011-05-29 14:00:00,422.851
2011-05-29 15:00:00,433.94263
2011-05-29 16:00:00,422.851
2011-05-29 17:00:00,422.851
2011-05-29 18:00:00,402.71
2011-05-29 19:00:00,355.5028
2011-05-29 20:00:00,225.06795
2011-05-29 21:00:00,162.8348
2011-05-29 22:00:00,140.84299
2011-05-29 23:00:00,147.31848
2011-05-30 00:00:00,130.02986
2011-05-30 01:00:00,103.02215
2011-05-30 02:00:00,130.02986
2011-05-30 03:00:00,130.02986
2011-05-30 04:00:00,117.57822
2011-05-30 05:00:00,118.49941
2011-05-30 06:00:00,120.4514
2011-05-30 07:00:00,70.92911
2011-05-30 08:00:00,128.79465
2011-05-30 09:00:00,145.74774
2011-05-30 10:00:00,472.11288
2011-05-30 11:00:00,457.01163
2011-05-30 12:00:00,507.525
2011-05-30 13:00:00,523.09033
2011-05-30 14:00:00,491.41898
2011-05-30 15:00:00,529.60974
2011-05-30 16:00:00,538.6871
2011-05-30 17:00:00,516.78876
2011-05-30 18:00:00,514.0588
2011-05-30 19:00:00,221.75192
2011-05-30 20:00:00,288.00177
2011-05-30 21:00:00,190.67592
2011-05-30 22:00:00,181.60092
2011-05-30 23:00:00,127.221146
2011-05-31 00:00:00,213.96033
2011-05-31 01:00:00,174.512
2011-05-31 02:00:00,232.9491
2011-05-31 03:00:00,150.7405
2011-05-31 04:00:00,166.1635
2011-05-31 05:00:00,166.1635
2011-05-31 06:00:00,197.05026
2011-05-31 07:00:00,351.19452
2011-05-31 08:00:00,479.55814
2011-05-31 09:00:00,469.52548
2011-05-31 10:00:00,448.98636
2011-05-31 11:00:00,304.59476
2011-05-31 12:00:00,284.31088
2011-05-31 13:00:00,266.4004
2011-05-31 14:00:00,282.17874
2011-05-31 15:00:00,266.78394
2011-05-31 16:00:00,266.24994
2011-05-31 17:00:00,382.20135
2011-05-31 18:00:00,377.28745
2011-05-31 19:00:00,429.49454
2011-05-31 20:00:00,429.49454
2011-05-31 21:00:00,375.34268
2011-05-31 22:00:00,365.42667
2011-05-31 23:00:00,230.87039
2011-06-20 00:00:00,208.59006
2011-06-20 01:00:00,162.6218
2011-06-20 02:00:00,162.6218
2011-06-20 03:00:00,187.63312
2011-06-20 04:00:00,180.37276
2011-06-20 05:00:00,182.64072
2011-06-20 06:00:00,178.2395
2011-06-20 07:00:00,140.37572
2011-06-20 08:00:00,137.08994
2011-06-20 09:00:00,216.75584
2011-06-20 10:00:00,216.75584
2011-06-20 11:00:00,201.54373
2011-06-20 12:00:00,226.42145
2011-06-20 13:00:00,269.0914
2011-06-20 14:00:00,316.02695
2011-06-20 15:00:00,338.8085
2011-06-20 16:00:00,413.22403
2011-06-20 17:00:00,279.2799
2011-06-20 18:00:00,444.2662
2011-06-20 19:00:00,349.12155
2011-06-20 20:00:00,324.6577
2011-06-20 21:00:00,252.40265
2011-06-20 22:00:00,235.17593
2011-06-20 23:00:00,268.57883
2011-06-21 00:00:00,150.42468
2011-06-21 01:00:00,168.20346
2011-06-21 02:00:00,141.70627
2011-06-21 03:00:00,141.70627
2011-06-21 04:00:00,146.68842
2011-06-21 05:00:00,154.54091
2011-06-21 06:00:00,154.54091
2011-06-21 07:00:00,105.697044
2011-06-21 08:00:00,153.00307
2011-06-21 09:00:00,170.50414
2011-06-21 10:00:00,186.90483
2011-06-21 11:00:00,139.52673
2011-06-21 12:00:00,242.35052
2011-06-21 13:00:00,344.74075
2011-06-21 14:00:00,432.25378
2011-06-21 15:00:00,419.33914
2011-06-21 16:00:00,408.8546
2011-06-21 17:00:00,449.64114
2011-06-21 18:00:00,318.07935
2011-06-21 19:00:00,301.5051
2011-06-21 20:00:00,255.96646
2011-06-21 21:00:00,284.44492
2011-06-21 22:00:00,160.6678
2011-06-21 23:00:00,199.23718
2011-06-22 00:00:00,185.97153
2011-06-22 01:00:00,144.06787
2011-06-22 02:00:00,106.49793
2011-06-22 03:00:00,144.06787
2011-06-22 04:00:00,103.40899
2011-06-22 05:00:00,104.82267
2011-06-22 06:00:00,107.649414
2011-06-22 07:00:00,115.20909
2011-06-22 08:00:00,223.06558
2011-06-22 09:00:00,227.79614
2011-06-22 10:00:00,366.551
2011-06-22 11:00:00,304.62875
2011-06-22 12:00:00,339.28296
2011-06-22 13:00:00,346.0759
2011-06-22 14:00:00,369.01495
2011-06-22 15:00:00,341.21487
2011-06-22 16:00:00,336.03323
2011-06-22 17:00:00,356.72165
2011-06-22 18:00:00,327.58707
2011-06-22 19:00:00,342.5533
2011-06-22 20:00:00,259.99686
2011-06-22 21:00:00,244.49939
2011-06-22 22:00:00,257.47144
2011-06-22 23:00:00,260.53992
2011-06-23 00:00:00,268.07
2011-06-23 01:00:00,304.78488
2011-06-23 02:00:00,304.78488
2011-06-23 03:00:00,273.27408
2011-06-23 04:00:00,224.26918
2011-06-23 05:00:00,264.17294
2011-06-23 06:00:00,264.173
2011-06-23 07:00:00,263.15533
2011-06-23 08:00:00,310.75333
2011-06-23 09:00:00,288.28052
2011-06-23 10:00:00,323.8118
2011-06-23 11:00:00,280.41327
2011-06-23 12:00:00,294.61957
2011-06-23 13:00:00,294.52267
2011-06-23 14:00:00,292.70398
2011-06-23 15:00:00,328.21982
2011-06-23 16:00:00,281.65656
2011-06-23 17:00:00,270.4734
2011-06-23 18:00:00,380.9877
2011-06-23 19:00:00,375.3157
2011-06-23 20:00:00,282.96243
2011-06-23 21:00:00,262.62244
2011-06-23 22:00:00,239.75562
2011-06-23 23:00:00,311.5632
2011-06-24 00:00:00,201.87755
2011-06-24 01:00:00,253.83994
2011-06-24 02:00:00,253.83994
2011-06-24 03:00:00,139.52673
2011-06-24 04:00:00,113.59873
2011-06-24 05:00:00,111.34309
2011-06-24 06:00:00,120.903366
2011-06-24 07:00:00,202.45416
2011-06-24 08:00:00,282.96243
2011-06-24 09:00:00,352.85727
2011-06-24 10:00:00,355.1033
2011-06-24 11:00:00,345.9716
2011-06-24 12:00:00,347.05167
2011-06-24 13:00:00,350.9406
2011-06-24 14:00:00,370.92102
2011-06-24 15:00:00,357.75687
2011-06-24 16:00:00,368.1675
2011-06-24 17:00:00,363.72437
2011-06-24 18:00:00,358.704
2011-06-24 19:00:00,394.42368
2011-06-24 20:00:00,359.9764
2011-06-24 21:00:00,320.14072
2011-06-24 22:00:00,272.73846
2011-06-24 23:00:00,291.10837
2011-06-25 00:00:00,354.13474
2011-06-25 01:00:00,297.55304
2011-06-25 02:00:00,251.4544
2011-06-25 03:00:00,252.84825
2011-06-25 04:00:00,252.84825
2011-06-25 05:00:00,191.11807
2011-06-25 06:00:00,266.19357
2011-06-25 07:00:00,285.52936
2011-06-25 08:00:00,398.3685
2011-06-25 09:00:00,438.93417
2011-06-25 10:00:00,410.08914
2011-06-25 11:00:00,434.14
2011-06-25 12:00:00,474.1775
2011-06-25 13:00:00,474.1775
2011-06-25 14:00:00,479.9374
2011-06-25 15:00:00,388.51425
2011-06-25 16:00:00,484.62717
2011-06-25 17:00:00,454.88022
2011-06-25 18:00:00,438.93417
2011-06-25 19:00:00,426.16885
2011-06-25 20:00:00,369.52353
2011-06-25 21:00:00,316.16394
2011-06-25 22:00:00,368.19003
2011-06-25 23:00:00,326.15152
2011-06-26 00:00:00,193.0102
2011-06-26 01:00:00,226.40923
2011-06-26 02:00:00,179.69785
2011-06-26 03:00:00,141.3139
2011-06-26 04:00:00,136.22975
2011-06-26 05:00:00,147.61908
2011-06-26 06:00:00,147.61908
2011-06-26 07:00:00,151.7728
2011-06-26 08:00:00,254.7721
2011-06-26 09:00:00,221.33438
2011-06-26 10:00:00,326.19687
2011-06-26 11:00:00,379.52847
2011-06-26 12:00:00,432.37827
2011-06-26 13:00:00,435.42993
2011-06-26 14:00:00,418.29117
2011-06-26 15:00:00,435.42993
2011-06-26 16:00:00,442.00238
2011-06-26 17:00:00,406.23404
2011-06-26 18:00:00,425.12192
2011-06-26 19:00:00,324.1535
2011-06-26 20:00:00,289.9582
2011-06-26 21:00:00,279.62796
2011-06-26 22:00:00,273.5393
2011-06-26 23:00:00,271.9701
2011-06-27 00:00:00,194.98065
2011-06-27 01:00:00,179.38095
2011-06-27 02:00:00,170.37679
2011-06-27 03:00:00,170.37679
2011-06-27 04:00:00,162.82463
2011-06-27 05:00:00,174.81873
2011-06-27 06:00:00,183.56647
2011-06-27 07:00:00,204.76492
2011-06-27 08:00:00,223.44644
2011-06-27 09:00:00,262.51718
2011-06-27 10:00:00,275.90353
2011-06-27 11:00:00,233.63477
2011-06-27 12:00:00,262.51718
2011-06-27 13:00:00,278.75937
2011-06-27 14:00:00,258.007
2011-06-27 15:00:00,271.87976
2011-06-27 16:00:00,332.5573
2011-06-27 17:00:00,351.08258
2011-06-27 18:00:00,293.45517
2011-06-27 19:00:00,392.01672
2011-06-27 20:00:00,263.38513
2011-06-27 21:00:00,181.9431
2011-06-27 22:00:00,149.41125
2011-06-27 23:00:00,149.41125
2011-06-28 00:00:00,200.74817
2011-06-28 01:00:00,116.05565
2011-06-28 02:00:00,182.90437
2011-06-28 03:00:00,182.90437
2011-06-28 04:00:00,116.05565
2011-06-28 05:00:00,106.49793
2011-06-28 06:00:00,139.52673
2011-06-28 07:00:00,173.4338
2011-06-28 08:00:00,204.01755
2011-06-28 09:00:00,181.91327
2011-06-28 10:00:00,355.03003
2011-06-28 11:00:00,313.1088
2011-06-28 12:00:00,332.79404
2011-06-28 13:00:00,305.53555
2011-06-28 14:00:00,331.98596
2011-06-28 15:00:00,324.4474
2011-06-28 16:00:00,333.45477
2011-06-28 17:00:00,342.63303
2011-06-28 18:00:00,330.88876
2011-06-28 19:00:00,319.92517
2011-06-28 20:00:00,232.43927
2011-06-28 21:00:00,411.17764
2011-06-28 22:00:00,337.26373
2011-06-28 23:00:00,330.58298
2011-06-29 00:00:00,222.93225
2011-06-29 01:00:00,267.853
2011-06-29 02:00:00,181.43045
2011-06-29 03:00:00,186.19904
2011-06-29 04:00:00,115.74683
2011-06-29 05:00:00,147.45319
2011-06-29 06:00:00,276.32748
2011-06-29 07:00:00,343.452
2011-06-29 08:00:00,347.35855
2011-06-29 09:00:00,392.2289
2011-06-29 10:00:00,395.37833
2011-06-29 11:00:00,360.5833
2011-06-29 12:00:00,358.57227
2011-06-29 13:00:00,350.22098
2011-06-29 14:00:00,353.21036
2011-06-29 15:00:00,348.63382
2011-06-29 16:00:00,354.72467
2011-06-29 17:00:00,347.5909
2011-06-29 18:00:00,354.35004
2011-06-29 19:00:00,368.6686
2011-06-29 20:00:00,374.2101
2011-06-29 21:00:00,402.2773
2011-06-29 22:00:00,375.0986
2011-06-29 23:00:00,319.64868
2011-06-30 00:00:00,284.2066
2011-06-30 01:00:00,252.74986
2011-06-30 02:00:00,234.73453
2011-06-30 03:00:00,234.85396
2011-06-30 04:00:00,182.8588
2011-06-30 05:00:00,215.4357
2011-06-30 06:00:00,232.23804
2011-06-30 07:00:00,277.70282
2011-06-30 08:00:00,329.92642
2011-06-30 09:00:00,385.61395
2011-06-30 10:00:00,395.93427
2011-06-30 11:00:00,360.8292
2011-06-30 12:00:00,349.53128
2011-06-30 13:00:00,352.53635
2011-06-30 14:00:00,354.20108
2011-06-30 15:00:00,361.59882
2011-06-30 16:00:00,343.5153
2011-06-30 17:00:00,366.00613
2011-06-30 18:00:00,365.51263
2011-06-30 19:00:00,359.3084
2011-06-30 20:00:00,359.3084
2011-06-30 21:00:00,372.77872
2011-06-30 22:00:00,366.43277
2011-06-30 23:00:00,230.78322
2011-07-20 00:00:00,128.40813
2011-07-20 01:00:00,116.36057
2011-07-20 02:00:00,116.36057
2011-07-20 03:00:00,128.40813
2011-07-20 04:00:00,111.88984
2011-07-20 05:00:00,120.96104
2011-07-20 06:00:00,177.77425
2011-07-20 07:00:00,209.93205
2011-07-20 08:00:00,161.96933
2011-07-20 09:00:00,253.88094
2011-07-20 10:00:00,199.88057
2011-07-20 11:00:00,378.82803
2011-07-20 12:00:00,299.79642
2011-07-20 13:00:00,331.75198
2011-07-20 14:00:00,331.5764
2011-07-20 15:00:00,329.70312
2011-07-20 16:00:00,292.23837
2011-07-20 17:00:00,353.3508
2011-07-20 18:00:00,359.49014
2011-07-20 19:00:00,432.70914
2011-07-20 20:00:00,406.82388
2011-07-20 21:00:00,432.78745
2011-07-20 22:00:00,414.57645
2011-07-20 23:00:00,360.02228
2011-07-21 00:00:00,317.05057
2011-07-21 01:00:00,263.60422
2011-07-21 02:00:00,263.60422
2011-07-21 03:00:00,254.53612
2011-07-21 04:00:00,224.37164
2011-07-21 05:00:00,224.37164
2011-07-21 06:00:00,224.37164
2011-07-21 07:00:00,239.9864
2011-07-21 08:00:00,290.58798
2011-07-21 09:00:00,397.39352
2011-07-21 10:00:00,411.08438
2011-07-21 11:00:00,383.837
2011-07-21 12:00:00,342.3937
2011-07-21 13:00:00,334.70212
2011-07-21 14:00:00,338.21436
2011-07-21 15:00:00,338.8264
2011-07-21 16:00:00,334.42322
2011-07-21 17:00:00,331.16837
2011-07-21 18:00:00,336.37973
2011-07-21 19:00:00,403.7808
2011-07-21 20:00:00,463.04416
2011-07-21 21:00:00,444.18784
2011-07-21 22:00:00,420.53873
2011-07-21 23:00:00,390.84775
2011-07-22 00:00:00,383.5845
2011-07-22 01:00:00,297.38058
2011-07-22 02:00:00,278.64322
2011-07-22 03:00:00,281.71487
2011-07-22 04:00:00,254.61066
2011-07-22 05:00:00,202.52489
2011-07-22 06:00:00,244.62941
2011-07-22 07:00:00,348.48013
2011-07-22 08:00:00,382.08347
2011-07-22 09:00:00,300.06973
2011-07-22 10:00:00,309.19055
2011-07-22 11:00:00,322.6324
2011-07-22 12:00:00,317.0072
2011-07-22 13:00:00,319.6732
2011-07-22 14:00:00,317.79794
2011-07-22 15:00:00,332.0142
2011-07-22 16:00:00,451.4422
2011-07-22 17:00:00,330.97385
2011-07-22 18:00:00,323.0378
2011-07-22 19:00:00,476.0505
2011-07-22 20:00:00,292.23837
2011-07-22 21:00:00,335.9541
2011-07-22 22:00:00,391.78568
2011-07-22 23:00:00,434.58057
2011-07-23 00:00:00,360.80084
2011-07-23 01:00:00,335.52856
2011-07-23 02:00:00,386.2043
2011-07-23 03:00:00,274.03818
2011-07-23 04:00:00,273.30627
2011-07-23 05:00:00,296.6001
2011-07-23 06:00:00,348.1033
2011-07-23 07:00:00,323.60883
2011-07-23 08:00:00,452.34485
2011-07-23 09:00:00,403.40958
2011-07-23 10:00:00,466.34183
2011-07-23 11:00:00,465.86746
2011-07-23 12:00:00,444.72638
2011-07-23 13:00:00,465.62186
2011-07-23 14:00:00,425.64856
2011-07-23 15:00:00,422.4106
2011-07-23 16:00:00,462.10727
2011-07-23 17:00:00,462.10727
2011-07-23 18:00:00,492.82495
2011-07-23 19:00:00,398.15204
2011-07-23 20:00:00,376.7434
2011-07-23 21:00:00,376.7434
2011-07-23 22:00:00,366.76837
2011-07-23 23:00:00,313.43646
2011-07-24 00:00:00,313.43646
2011-07-24 01:00:00,283.35123
2011-07-24 02:00:00,303.52936
2011-07-24 03:00:00,303.52936
2011-07-24 04:00:00,283.35123
2011-07-24 05:00:00,274.03818
2011-07-24 06:00:00,361.8076
2011-07-24 07:00:00,333.25922
2011-07-24 08:00:00,421.2076
2011-07-24 09:00:00,538.949
2011-07-24 10:00:00,494.5908
2011-07-24 11:00:00,433.18027
2011-07-24 12:00:00,456.3966
2011-07-24 13:00:00,452.41525
2011-07-24 14:00:00,465.53406
2011-07-24 15:00:00,497.6177
2011-07-24 16:00:00,497.6177
2011-07-24 17:00:00,454.39267
2011-07-24 18:00:00,452.23868
2011-07-24 19:00:00,428.421
2011-07-24 20:00:00,403.40958
2011-07-24 21:00:00,321.20532
2011-07-24 22:00:00,243.90405
2011-07-24 23:00:00,305.55563
2011-07-25 00:00:00,263.93182
2011-07-25 01:00:00,281.7195
2011-07-25 02:00:00,239.40878
2011-07-25 03:00:00,134.05774
2011-07-25 04:00:00,145.45834
2011-07-25 05:00:00,145.45834
2011-07-25 06:00:00,221.76642
2011-07-25 07:00:00,201.51346
2011-07-25 08:00:00,237.43526
2011-07-25 09:00:00,279.19138
2011-07-25 10:00:00,299.79642
2011-07-25 11:00:00,374.65735
2011-07-25 12:00:00,374.65735
2011-07-25 13:00:00,280.4237
2011-07-25 14:00:00,257.47144
2011-07-25 15:00:00,300.0995
2011-07-25 16:00:00,208.79797
2011-07-25 17:00:00,149.02327
2011-07-25 18:00:00,229.95163
2011-07-25 19:00:00,253.88094
2011-07-25 20:00:00,243.83307
2011-07-25 21:00:00,116.36057
2011-07-25 22:00:00,116.36057
2011-07-25 23:00:00,124.58571
2011-07-26 00:00:00,160.66785
2011-07-26 01:00:00,160.66785
2011-07-26 02:00:00,120.20489
2011-07-26 03:00:00,126.822754
2011-07-26 04:00:00,133.64272
2011-07-26 05:00:00,114.922615
2011-07-26 06:00:00,194.42068
2011-07-26 07:00:00,389.4935
2011-07-26 08:00:00,369.68326
2011-07-26 09:00:00,375.78192
2011-07-26 10:00:00,353.94565
2011-07-26 11:00:00,358.03915
2011-07-26 12:00:00,364.0015
2011-07-26 13:00:00,342.28323
2011-07-26 14:00:00,340.90686
2011-07-26 15:00:00,324.60907
2011-07-26 16:00:00,336.4287
2011-07-26 17:00:00,340.14816
2011-07-26 18:00:00,351.63492
2011-07-26 19:00:00,343.8878
2011-07-26 20:00:00,361.93997
2011-07-26 21:00:00,365.83798
2011-07-26 22:00:00,366.28915
2011-07-26 23:00:00,352.54886
2011-07-27 00:00:00,326.91904
2011-07-27 01:00:00,361.44406
2011-07-27 02:00:00,374.6031
2011-07-27 03:00:00,360.49582
2011-07-27 04:00:00,338.6261
2011-07-27 05:00:00,323.62943
2011-07-27 06:00:00,343.452
2011-07-27 07:00:00,368.06708
2011-07-27 08:00:00,401.54886
2011-07-27 09:00:00,358.57227
2011-07-27 10:00:00,347.51178
2011-07-27 11:00:00,353.54343
2011-07-27 12:00:00,349.74484
2011-07-27 13:00:00,347.2761
2011-07-27 14:00:00,347.79092
2011-07-27 15:00:00,344.1162
2011-07-27 16:00:00,338.6177
2011-07-27 17:00:00,346.2576
2011-07-27 18:00:00,344.29733
2011-07-27 19:00:00,339.02127
2011-07-27 20:00:00,387.5076
2011-07-27 21:00:00,347.4989
2011-07-27 22:00:00,295.77695
2011-07-27 23:00:00,356.12003
2011-07-28 00:00:00,309.46548
2011-07-28 01:00:00,280.12027
2011-07-28 02:00:00,313.8132
2011-07-28 03:00:00,262.77753
2011-07-28 04:00:00,298.4976
2011-07-28 05:00:00,263.38513
2011-07-28 06:00:00,214.66454
2011-07-28 07:00:00,288.4278
2011-07-28 08:00:00,344.74075
2011-07-28 09:00:00,411.57144
2011-07-28 10:00:00,386.36575
2011-07-28 11:00:00,352.67166
2011-07-28 12:00:00,338.34476
2011-07-28 13:00:00,332.7195
2011-07-28 14:00:00,413.10495
2011-07-28 15:00:00,331.2819
2011-07-28 16:00:00,330.51855
2011-07-28 17:00:00,332.84058
2011-07-28 18:00:00,332.39044
2011-07-28 19:00:00,380.36237
2011-07-28 20:00:00,434.58054
2011-07-28 21:00:00,469.2955
2011-07-28 22:00:00,394.24146
2011-07-28 23:00:00,314.95288
2011-07-29 00:00:00,244.49939
2011-07-29 01:00:00,224.16351
2011-07-29 02:00:00,134.05774
2011-07-29 03:00:00,134.05774
2011-07-29 04:00:00,173.17813
2011-07-29 05:00:00,120.98786
2011-07-29 06:00:00,169.37804
2011-07-29 07:00:00,239.40878
2011-07-29 08:00:00,237.77637
2011-07-29 09:00:00,332.7195
2011-07-29 10:00:00,333.57715
2011-07-29 11:00:00,323.7037
2011-07-29 12:00:00,301.15155
2011-07-29 13:00:00,336.06766
2011-07-29 14:00:00,304.13873
2011-07-29 15:00:00,303.3641
2011-07-29 16:00:00,297.98877
2011-07-29 17:00:00,302.1996
2011-07-29 18:00:00,320.80795
2011-07-29 19:00:00,332.03973
2011-07-29 20:00:00,338.6041
2011-07-29 21:00:00,341.22385
2011-07-29 22:00:00,360.7366
2011-07-29 23:00:00,358.30307
2011-07-30 00:00:00,345.9432
2011-07-30 01:00:00,294.85226
2011-07-30 02:00:00,303.80643
2011-07-30 03:00:00,306.4151
2011-07-30 04:00:00,277.33548
2011-07-30 05:00:00,324.49066
2011-07-30 06:00:00,344.90164
2011-07-30 07:00:00,324.53394
2011-07-30 08:00:00,356.99796
2011-07-30 09:00:00,469.56863
2011-07-30 10:00:00,466.416
2011-07-30 11:00:00,447.1016
2011-07-30 12:00:00,419.5187
2011-07-30 13:00:00,368.8781
2011-07-30 14:00:00,376.0657
2011-07-30 15:00:00,409.73944
2011-07-30 16:00:00,427.23483
2011-07-30 17:00:00,396.28708
2011-07-30 18:00:00,419.37466
2011-07-30 19:00:00,452.99283
2011-07-30 20:00:00,404.35562
2011-07-30 21:00:00,399.64682
2011-07-30 22:00:00,325.43253
2011-07-30 23:00:00,294.8523
2011-07-31 00:00:00,294.85226
2011-07-31 01:00:00,267.31604
2011-07-31 02:00:00,232.31699
2011-07-31 03:00:00,181.5695
2011-07-31 04:00:00,166.27034
2011-07-31 05:00:00,170.85614
2011-07-31 06:00:00,173.54846
2011-07-31 07:00:00,302.0522
2011-07-31 08:00:00,352.57254
2011-07-31 09:00:00,394.76462
2011-07-31 10:00:00,436.43948
2011-07-31 11:00:00,400.99716
2011-07-31 12:00:00,408.84586
2011-07-31 13:00:00,369.71884
2011-07-31 14:00:00,385.45062
2011-07-31 15:00:00,397.38367
2011-07-31 16:00:00,380.98648
2011-07-31 17:00:00,335.93304
2011-07-31 18:00:00,487.60526
2011-07-31 19:00:00,473.21194
2011-07-31 20:00:00,473.21194
2011-07-31 21:00:00,379.29504
2011-07-31 22:00:00,350.24738
2011-07-31 23:00:00,332.6342
2011-08-20 00:00:00,78.532814
2011-08-20 01:00:00,84.0993
2011-08-20 02:00:00,88.485435
2011-08-20 03:00:00,88.485435
2011-08-20 04:00:00,96.20646
2011-08-20 05:00:00,79.80883
2011-08-20 06:00:00,133.65273
2011-08-20 07:00:00,84.09934
2011-08-20 08:00:00,146.6398
2011-08-20 09:00:00,165.23853
2011-08-20 10:00:00,264.2321
2011-08-20 11:00:00,213.29544
2011-08-20 12:00:00,302.0522
2011-08-20 13:00:00,321.71466
2011-08-20 14:00:00,415.7425
2011-08-20 15:00:00,430.5258
2011-08-20 16:00:00,427.6965
2011-08-20 17:00:00,415.7425
2011-08-20 18:00:00,351.127
2011-08-20 19:00:00,317.62766
2011-08-20 20:00:00,328.71243
2011-08-20 21:00:00,276.89554
2011-08-20 22:00:00,223.8458
2011-08-20 23:00:00,159.88782
2011-08-21 00:00:00,200.505
2011-08-21 01:00:00,163.34607
2011-08-21 02:00:00,142.77638
2011-08-21 03:00:00,112.74383
2011-08-21 04:00:00,133.632
2011-08-21 05:00:00,147.5167
2011-08-21 06:00:00,135.90771
2011-08-21 07:00:00,205.89767
2011-08-21 08:00:00,185.109
2011-08-21 09:00:00,244.08838
2011-08-21 10:00:00,288.3428
2011-08-21 11:00:00,375.8266
2011-08-21 12:00:00,401.6885
2011-08-21 13:00:00,548.91473
2011-08-21 14:00:00,312.22662
2011-08-21 15:00:00,199.00653
2011-08-21 16:00:00,167.40575
2011-08-21 17:00:00,150.98744
2011-08-21 18:00:00,226.83444
2011-08-21 19:00:00,300.68832
2011-08-21 20:00:00,205.07156
2011-08-21 21:00:00,205.07156
2011-08-21 22:00:00,198.79884
2011-08-21 23:00:00,180.54242
2011-08-22 00:00:00,180.23892
2011-08-22 01:00:00,129.89725
2011-08-22 02:00:00,246.77771
2011-08-22 03:00:00,278.61758
2011-08-22 04:00:00,307.78943
2011-08-22 05:00:00,283.3439
2011-08-22 06:00:00,294.94638
2011-08-22 07:00:00,273.19495
2011-08-22 08:00:00,273.19495
2011-08-22 09:00:00,317.42276
2011-08-22 10:00:00,347.35855
2011-08-22 11:00:00,383.4653
2011-08-22 12:00:00,381.95926
2011-08-22 13:00:00,389.86264
2011-08-22 14:00:00,380.67334
2011-08-22 15:00:00,366.7285
2011-08-22 16:00:00,380.67334
2011-08-22 17:00:00,372.10196
2011-08-22 18:00:00,381.7476
2011-08-22 19:00:00,400.89682
2011-08-22 20:00:00,416.58633
2011-08-22 21:00:00,396.39752
2011-08-22 22:00:00,409.32382
2011-08-22 23:00:00,377.5079
2011-08-23 00:00:00,337.70157
2011-08-23 01:00:00,242.86215
2011-08-23 02:00:00,219.18268
2011-08-23 03:00:00,230.50945
2011-08-23 04:00:00,196.04266
2011-08-23 05:00:00,203.49869
2011-08-23 06:00:00,196.49525
2011-08-23 07:00:00,277.5542
2011-08-23 08:00:00,246.96002
2011-08-23 09:00:00,283.52557
2011-08-23 10:00:00,369.77182
2011-08-23 11:00:00,379.91843
2011-08-23 12:00:00,370.2987
2011-08-23 13:00:00,360.10324
2011-08-23 14:00:00,359.2064
2011-08-23 15:00:00,388.68793
2011-08-23 16:00:00,367.86667
2011-08-23 17:00:00,388.68793
2011-08-23 18:00:00,380.74313
2011-08-23 19:00:00,293.7504
2011-08-23 20:00:00,276.1224
2011-08-23 21:00:00,193.07211
2011-08-23 22:00:00,234.73453
2011-08-23 23:00:00,233.857
2011-08-24 00:00:00,234.73453
2011-08-24 01:00:00,213.043
2011-08-24 02:00:00,165.39035
2011-08-24 03:00:00,165.39035
2011-08-24 04:00:00,115.78022
2011-08-24 05:00:00,115.78022
2011-08-24 06:00:00,86.08358
2011-08-24 07:00:00,190.24811
2011-08-24 08:00:00,190.34859
2011-08-24 09:00:00,271.16592
2011-08-24 10:00:00,358.53546
2011-08-24 11:00:00,342.9499
2011-08-24 12:00:00,356.4224
2011-08-24 13:00:00,398.28946
2011-08-24 14:00:00,398.28946
2011-08-24 15:00:00,409.7197
2011-08-24 16:00:00,380.358
2011-08-24 17:00:00,357.64334
2011-08-24 18:00:00,384.4146
2011-08-24 19:00:00,384.4146
2011-08-24 20:00:00,378.59213
2011-08-24 21:00:00,340.32584
2011-08-24 22:00:00,353.94717
2011-08-24 23:00:00,309.2267
2011-08-25 00:00:00,295.00494
2011-08-25 01:00:00,305.87723
2011-08-25 02:00:00,305.87723
2011-08-25 03:00:00,258.2015
2011-08-25 04:00:00,277.53394
2011-08-25 05:00:00,285.42996
2011-08-25 06:00:00,253.83994
2011-08-25 07:00:00,229.1054
2011-08-25 08:00:00,240.20657
2011-08-25 09:00:00,258.34552
2011-08-25 10:00:00,277.69342
2011-08-25 11:00:00,195.04623
2011-08-25 12:00:00,195.04623
2011-08-25 13:00:00,160.66785
2011-08-25 14:00:00,220.78577
2011-08-25 15:00:00,249.51758
2011-08-25 16:00:00,120.98786
2011-08-25 17:00:00,120.98786
2011-08-25 18:00:00,229.58176
2011-08-25 19:00:00,219.38899
2011-08-25 20:00:00,255.9441
2011-08-25 21:00:00,235.5319
2011-08-25 22:00:00,99.944786
2011-08-25 23:00:00,107.27541
2011-08-26 00:00:00,111.90619
2011-08-26 01:00:00,99.944786
2011-08-26 02:00:00,114.14262
2011-08-26 03:00:00,106.68516
2011-08-26 04:00:00,100.7069
2011-08-26 05:00:00,103.97842
2011-08-26 06:00:00,100.7069
2011-08-26 07:00:00,103.40899
2011-08-26 08:00:00,115.74683
2011-08-26 09:00:00,135.1811
2011-08-26 10:00:00,285.17926
2011-08-26 11:00:00,279.61563
2011-08-26 12:00:00,310.0673
2011-08-26 13:00:00,311.39236
2011-08-26 14:00:00,294.43298
2011-08-26 15:00:00,350.49252
2011-08-26 16:00:00,383.76968
2011-08-26 17:00:00,341.33707
2011-08-26 18:00:00,280.4237
2011-08-26 19:00:00,184.44643
2011-08-26 20:00:00,173.89897
2011-08-26 21:00:00,227.79614
2011-08-26 22:00:00,184.44638
2011-08-26 23:00:00,124.58572
2011-08-27 00:00:00,100.124405
2011-08-27 01:00:00,122.59275
2011-08-27 02:00:00,133.15663
2011-08-27 03:00:00,187.0375
2011-08-27 04:00:00,187.0375
2011-08-27 05:00:00,218.709
2011-08-27 06:00:00,218.709
2011-08-27 07:00:00,284.97403
2011-08-27 08:00:00,188.85419
2011-08-27 09:00:00,301.74872
2011-08-27 10:00:00,315.72543
2011-08-27 11:00:00,213.14886
2011-08-27 12:00:00,271.344
2011-08-27 13:00:00,249.09073
2011-08-27 14:00:00,199.27977
2011-08-27 15:00:00,199.27977
2011-08-27 16:00:00,203.94116
2011-08-27 17:00:00,160.10666
2011-08-28 07:00:00,211.68869
2011-08-28 08:00:00,213.03487
2011-08-28 09:00:00,385.75925
2011-08-28 10:00:00,327.98163
2011-08-28 11:00:00,447.9335
2011-08-28 12:00:00,545.8232
2011-08-28 13:00:00,552.8101
2011-08-28 14:00:00,600.64386
2011-08-28 15:00:00,539.6704
2011-08-28 16:00:00,557.80005
2011-08-28 17:00:00,481.84674
2011-08-28 18:00:00,454.88022
2011-08-28 19:00:00,326.19684
2011-08-28 20:00:00,359.70486
2011-08-28 21:00:00,238.02367
2011-08-28 22:00:00,129.52312
2011-08-28 23:00:00,100.50759
2011-08-29 00:00:00,138.39781
2011-08-29 01:00:00,159.75665
2011-08-29 02:00:00,212.60825
2011-08-29 03:00:00,159.75665
2011-08-29 04:00:00,159.42049
2011-08-29 05:00:00,134.32791
2011-08-29 06:00:00,134.32791
2011-08-29 07:00:00,247.87984
2011-08-29 08:00:00,253.074
2011-08-29 09:00:00,271.0715
2011-08-29 10:00:00,316.31464
2011-08-29 11:00:00,299.7644
2011-08-29 12:00:00,331.5798
2011-08-29 13:00:00,312.90683
2011-08-29 14:00:00,314.2267
2011-08-29 15:00:00,366.43277
2011-08-29 16:00:00,384.38242
2011-08-29 17:00:00,295.82162
2011-08-29 18:00:00,324.79816
2011-08-29 19:00:00,324.79816
2011-08-29 20:00:00,260.3879
2011-08-29 21:00:00,268.59427
2011-08-29 22:00:00,234.73453
2011-08-29 23:00:00,209.62451
2011-08-30 00:00:00,134.32791
2011-08-30 01:00:00,143.9394
2011-08-30 02:00:00,110.535416
2011-08-30 03:00:00,164.13162
2011-08-30 04:00:00,119.598656
2011-08-30 05:00:00,91.53869
2011-08-30 06:00:00,110.535416
2011-08-30 07:00:00,159.42049
2011-08-30 08:00:00,234.73453
2011-08-30 09:00:00,293.7504
2011-08-30 10:00:00,410.53247
2011-08-30 11:00:00,389.38046
2011-08-30 12:00:00,366.61783
2011-08-30 13:00:00,348.70663
2011-08-30 14:00:00,354.0223
2011-08-30 15:00:00,371.96545
2011-08-30 16:00:00,367.22574
2011-08-30 17:00:00,395.93427
2011-08-30 18:00:00,339.2626
2011-08-30 19:00:00,266.68826
2011-08-30 20:00:00,230.78322
2011-08-30 21:00:00,201.69815
2011-08-30 22:00:00,178.48154
2011-08-30 23:00:00,178.48154
2011-08-31 00:00:00,126.60205
2011-08-31 01:00:00,126.60205
2011-08-31 02:00:00,86.08358
2011-08-31 03:00:00,87.23509
2011-08-31 04:00:00,86.08358
2011-08-31 05:00:00,94.62873
2011-08-31 06:00:00,83.15374
2011-08-31 07:00:00,95.32911
2011-08-31 08:00:00,133.09033
2011-08-31 09:00:00,170.7719
2011-08-31 10:00:00,321.4312
2011-08-31 11:00:00,374.59494
2011-08-31 12:00:00,384.46237
2011-08-31 13:00:00,354.45407
2011-08-31 14:00:00,373.6237
2011-08-31 15:00:00,373.6237
2011-08-31 16:00:00,384.37772
2011-08-31 17:00:00,350.18887
2011-08-31 18:00:00,328.1235
2011-08-31 19:00:00,333.5269
2011-08-31 20:00:00,287.73502
2011-08-31 21:00:00,250.68085
2011-08-31 22:00:00,134.48889
2011-08-31 23:00:00,111.29699
2011-09-20 00:00:00,162.98425
2011-09-20 01:00:00,129.05449
2011-09-20 02:00:00,129.05449
2011-09-20 03:00:00,132.02637
2011-09-20 04:00:00,105.9784
2011-09-20 05:00:00,127.31619
2011-09-20 06:00:00,127.31619
2011-09-20 07:00:00,129.05449
2011-09-20 08:00:00,102.61762
2011-09-20 09:00:00,103.67058
2011-09-20 10:00:00,111.76429
2011-09-20 11:00:00,111.76429
2011-09-20 12:00:00,141.3424
2011-09-20 13:00:00,136.4442
2011-09-20 14:00:00,146.59265
2011-09-20 15:00:00,175.26935
2011-09-20 16:00:00,162.82463
2011-09-20 17:00:00,106.26145
2011-09-20 18:00:00,106.26145
2011-09-20 19:00:00,93.46267
2011-09-20 20:00:00,90.772224
2011-09-20 21:00:00,90.77224
2011-09-20 22:00:00,90.77224
2011-09-20 23:00:00,90.77224
2011-09-21 00:00:00,86.71346
2011-09-21 01:00:00,86.84298
2011-09-21 02:00:00,86.84298
2011-09-21 03:00:00,110.3101
2011-09-21 04:00:00,116.559586
2011-09-21 05:00:00,130.25507
2011-09-21 06:00:00,136.22267
2011-09-21 07:00:00,136.22267
2011-09-21 08:00:00,104.36236
2011-09-21 09:00:00,103.7882
2011-09-21 10:00:00,99.44184
2011-09-21 11:00:00,174.81873
2011-09-21 12:00:00,183.00189
2011-09-21 13:00:00,214.80524
2011-09-21 14:00:00,215.51903
2011-09-21 15:00:00,205.0828
2011-09-21 16:00:00,205.0828
2011-09-21 17:00:00,204.99686
2011-09-21 18:00:00,148.88486
2011-09-21 19:00:00,130.33679
2011-09-21 20:00:00,130.33679
2011-09-21 21:00:00,107.95468
2011-09-21 22:00:00,109.233604
2011-09-21 23:00:00,107.101166
2011-09-22 00:00:00,107.101166
2011-09-22 01:00:00,119.98592
2011-09-22 02:00:00,127.01509
2011-09-22 03:00:00,119.98594
2011-09-22 04:00:00,119.98594
2011-09-22 05:00:00,127.01509
2011-09-22 06:00:00,124.40205
2011-09-22 07:00:00,112.60194
2011-09-22 08:00:00,138.50754
2011-09-22 09:00:00,163.8178
2011-09-22 10:00:00,181.35324
2011-09-22 11:00:00,179.90056
2011-09-22 12:00:00,196.69922
2011-09-22 13:00:00,201.44038
2011-09-22 14:00:00,202.45416
2011-09-22 15:00:00,216.7956
2011-09-22 16:00:00,220.97543
2011-09-22 17:00:00,192.93285
2011-09-22 18:00:00,174.5407
2011-09-22 19:00:00,146.11093
2011-09-22 20:00:00,147.95343
2011-09-22 21:00:00,146.11093
2011-09-22 22:00:00,112.03539
2011-09-22 23:00:00,109.233604
2011-09-23 00:00:00,112.90119
2011-09-23 01:00:00,92.67672
2011-09-23 02:00:00,97.223885
2011-09-23 03:00:00,92.67672
2011-09-23 04:00:00,130.83192
2011-09-23 05:00:00,99.19187
2011-09-23 06:00:00,112.90119
2011-09-23 07:00:00,147.27568
2011-09-23 08:00:00,147.27568
2011-09-23 09:00:00,134.15514
2011-09-23 10:00:00,136.51466
2011-09-23 11:00:00,136.51466
2011-09-23 12:00:00,149.74161
2011-09-23 13:00:00,133.45204
2011-09-23 14:00:00,133.45204
2011-09-23 15:00:00,149.7416
2011-09-23 16:00:00,159.65985
2011-09-23 17:00:00,92.67672
2011-09-23 18:00:00,76.40309
2011-09-23 19:00:00,93.49528
2011-09-23 20:00:00,88.07563
2011-09-23 21:00:00,90.71438
2011-09-23 22:00:00,96.24263
2011-09-23 23:00:00,113.0681
2011-09-24 00:00:00,66.50565
2011-09-24 01:00:00,83.26951
2011-09-24 02:00:00,83.26951
2011-09-24 03:00:00,93.20874
2011-09-24 04:00:00,86.01739
2011-09-24 05:00:00,79.17113
2011-09-24 06:00:00,79.17113
2011-09-24 07:00:00,123.376465
2011-09-24 08:00:00,104.7527
2011-09-24 09:00:00,115.83849
2011-09-24 10:00:00,115.83849
2011-09-24 11:00:00,172.03433
2011-09-24 12:00:00,172.03433
2011-09-24 13:00:00,158.95651
2011-09-24 14:00:00,223.2704
2011-09-24 15:00:00,223.2704
2011-09-24 16:00:00,208.8938
2011-09-24 17:00:00,226.3919
2011-09-24 18:00:00,156.06967
2011-09-24 19:00:00,96.88124
2011-09-24 20:00:00,132.48303
2011-09-24 21:00:00,117.73165
2011-09-24 22:00:00,146.59702
2011-09-24 23:00:00,115.83849
2011-09-25 00:00:00,145.64139
2011-09-25 01:00:00,115.63331
2011-09-25 02:00:00,205.363
2011-09-25 03:00:00,205.363
2011-09-25 04:00:00,155.50664
2011-09-25 05:00:00,90.604576
2011-09-25 06:00:00,115.63331
2011-09-25 07:00:00,75.94777
2011-09-25 08:00:00,146.59702
2011-09-25 09:00:00,176.72232
2011-09-25 10:00:00,176.72232
2011-09-25 11:00:00,190.8749
2011-09-25 12:00:00,209.84271
2011-09-25 13:00:00,269.649
2011-09-25 14:00:00,209.84271
2011-09-25 15:00:00,209.84271
2011-09-25 16:00:00,269.68277
2011-09-25 17:00:00,183.31514
2011-09-25 18:00:00,183.31514
2011-09-25 19:00:00,114.249176
2011-09-25 20:00:00,113.98459
2011-09-25 21:00:00,74.7525
2011-09-25 22:00:00,84.87298
2011-09-25 23:00:00,82.50821
2011-09-26 00:00:00,99.19187
2011-09-26 01:00:00,162.13072
2011-09-26 02:00:00,162.13072
2011-09-26 03:00:00,99.19189
2011-09-26 04:00:00,112.90124
2011-09-26 05:00:00,117.384224
2011-09-26 06:00:00,112.90119
2011-09-26 07:00:00,99.19187
2011-09-26 08:00:00,99.19187
2011-09-26 09:00:00,187.43333
2011-09-26 10:00:00,187.43333
2011-09-26 11:00:00,228.69756
2011-09-26 12:00:00,213.26234
2011-09-26 13:00:00,233.1304
2011-09-26 14:00:00,341.81033
2011-09-26 15:00:00,423.75766
2011-09-26 16:00:00,405.9838
2011-09-26 17:00:00,332.25668
2011-09-26 18:00:00,147.14975
2011-09-26 19:00:00,154.84956
2011-09-26 20:00:00,103.31573
2011-09-26 21:00:00,103.31573
2011-09-26 22:00:00,93.49528
2011-09-26 23:00:00,93.49528
2011-09-27 00:00:00,93.49528
2011-09-27 01:00:00,96.07607
2011-09-27 02:00:00,90.92312
2011-09-27 03:00:00,99.19187
2011-09-27 04:00:00,150.99902
2011-09-27 05:00:00,150.99902
2011-09-27 06:00:00,121.64026
2011-09-27 07:00:00,121.64026
2011-09-27 08:00:00,159.31879
2011-09-27 09:00:00,161.39667
2011-09-27 10:00:00,151.82556
2011-09-27 11:00:00,162.52197
2011-09-27 12:00:00,178.00134
2011-09-27 13:00:00,226.52179
2011-09-27 14:00:00,207.7966
2011-09-27 15:00:00,192.3299
2011-09-27 16:00:00,202.40376
2011-09-27 17:00:00,189.97922
2011-09-27 18:00:00,186.9292
2011-09-27 19:00:00,175.37317
2011-09-27 20:00:00,175.3339
2011-09-27 21:00:00,124.9363
2011-09-27 22:00:00,101.78481
2011-09-27 23:00:00,101.78481
2011-09-28 00:00:00,101.35847
2011-09-28 01:00:00,101.35847
2011-09-28 02:00:00,149.45947
2011-09-28 03:00:00,107.040016
2011-09-28 04:00:00,101.35847
2011-09-28 05:00:00,96.97557
2011-09-28 06:00:00,135.85301
2011-09-28 07:00:00,135.85301
2011-09-28 08:00:00,139.97455
2011-09-28 09:00:00,139.97455
2011-09-28 10:00:00,99.19187
2011-09-28 11:00:00,192.88168
2011-09-28 12:00:00,193.92914
2011-09-28 13:00:00,281.0056
2011-09-28 14:00:00,408.72253
2011-09-28 15:00:00,332.25668
2011-09-28 16:00:00,351.33206
2011-09-28 17:00:00,360.8857
2011-09-28 18:00:00,183.16605
2011-09-28 19:00:00,183.16608
2011-09-28 20:00:00,159.26968
2011-09-28 21:00:00,145.04208
2011-09-28 22:00:00,101.78481
2011-09-28 23:00:00,93.66184
2011-09-29 00:00:00,98.942924
2011-09-29 01:00:00,129.83647
2011-09-29 02:00:00,129.83647
2011-09-29 03:00:00,160.67789
2011-09-29 04:00:00,177.12056
2011-09-29 05:00:00,158.92746
2011-09-29 06:00:00,149.92876
2011-09-29 07:00:00,107.27959
2011-09-29 08:00:00,124.9363
2011-09-29 09:00:00,239.96814
2011-09-29 10:00:00,428.13675
2011-09-29 11:00:00,458.99826
2011-09-29 12:00:00,449.49936
2011-09-29 13:00:00,451.14664
2011-09-29 14:00:00,345.9092
2011-09-29 15:00:00,400.94803
2011-09-29 16:00:00,400.54666
2011-09-29 17:00:00,358.19376
2011-09-29 18:00:00,387.689
2011-09-29 19:00:00,307.38525
2011-09-29 20:00:00,314.49268
2011-09-29 21:00:00,411.11887
2011-09-29 22:00:00,270.24814
2011-09-29 23:00:00,194.47371
2011-09-30 00:00:00,138.47887
2011-09-30 01:00:00,189.66948
2011-09-30 02:00:00,138.47887
2011-09-30 03:00:00,138.47887
2011-09-30 04:00:00,164.93643
2011-09-30 05:00:00,164.93646
2011-09-30 06:00:00,174.23007
2011-09-30 07:00:00,174.23007
2011-09-30 08:00:00,207.55429
2011-09-30 09:00:00,258.25806
2011-09-30 10:00:00,454.9269
2011-09-30 11:00:00,427.31326
2011-09-30 12:00:00,290.8652
2011-09-30 13:00:00,373.7231
2011-09-30 14:00:00,377.88113
2011-09-30 15:00:00,327.90268
2011-09-30 16:00:00,297.07062
2011-09-30 17:00:00,311.06693
2011-09-30 18:00:00,297.20233
2011-09-30 19:00:00,256.78018
2011-09-30 20:00:00,256.78018
2011-09-30 21:00:00,260.5807
2011-09-30 22:00:00,238.01978
2011-09-30 23:00:00,238.01978
2011-10-20 00:00:00,133.45319
2011-10-20 01:00:00,196.86684
2011-10-20 02:00:00,210.78061
2011-10-20 03:00:00,220.42503
2011-10-20 04:00:00,220.42503
2011-10-20 05:00:00,199.06093
2011-10-20 06:00:00,198.69507
2011-10-20 07:00:00,209.98529
2011-10-20 08:00:00,247.04703
2011-10-20 09:00:00,220.08093
2011-10-20 10:00:00,231.26654
2011-10-20 11:00:00,282.49994
2011-10-20 12:00:00,314.26248
2011-10-20 13:00:00,317.0342
2011-10-20 14:00:00,269.3707
2011-10-20 15:00:00,274.7992
2011-10-20 16:00:00,274.7992
2011-10-20 17:00:00,277.76697
2011-10-20 18:00:00,271.81442
2011-10-20 19:00:00,240.09723
2011-10-20 20:00:00,266.14175
2011-10-20 21:00:00,237.9408
2011-10-20 22:00:00,237.44443
2011-10-20 23:00:00,213.03714
2011-10-21 00:00:00,202.40503
2011-10-21 01:00:00,204.76874
2011-10-21 02:00:00,195.75876
2011-10-21 03:00:00,159.18503
2011-10-21 04:00:00,168.3063
2011-10-21 05:00:00,156.45242
2011-10-21 06:00:00,168.3063
2011-10-21 07:00:00,168.3063
2011-10-21 08:00:00,207.56598
2011-10-21 09:00:00,286.72482
2011-10-21 10:00:00,239.86548
2011-10-21 11:00:00,279.4647
2011-10-21 12:00:00,289.27475
2011-10-21 13:00:00,264.7039
2011-10-21 14:00:00,323.08456
2011-10-21 15:00:00,289.5221
2011-10-21 16:00:00,285.063
2011-10-21 17:00:00,282.4577
2011-10-21 18:00:00,272.2124
2011-10-21 19:00:00,241.3024
2011-10-21 20:00:00,274.6784
2011-10-21 21:00:00,243.88603
2011-10-21 22:00:00,233.63373
2011-10-21 23:00:00,204.76874
2011-10-22 00:00:00,204.55507
2011-10-22 01:00:00,204.55507
2011-10-22 02:00:00,222.9691
2011-10-22 03:00:00,214.83087
2011-10-22 04:00:00,215.65923
2011-10-22 05:00:00,219.02411
2011-10-22 06:00:00,177.7413
2011-10-22 07:00:00,109.963905
2011-10-22 08:00:00,187.19533
2011-10-22 09:00:00,213.24144
2011-10-22 10:00:00,237.9942
2011-10-22 11:00:00,237.9942
2011-10-22 12:00:00,286.62357
2011-10-22 13:00:00,420.0056
2011-10-22 14:00:00,291.43826
2011-10-22 15:00:00,283.6183
2011-10-22 16:00:00,394.6467
2011-10-22 17:00:00,243.87419
2011-10-22 18:00:00,287.96683
2011-10-22 19:00:00,221.0856
2011-10-22 20:00:00,215.46588
2011-10-22 21:00:00,153.21365
2011-10-22 22:00:00,153.21365
2011-10-22 23:00:00,110.31155
2011-10-23 00:00:00,106.97169
2011-10-23 01:00:00,106.97169
2011-10-23 02:00:00,91.16238
2011-10-23 03:00:00,97.397606
2011-10-23 04:00:00,97.397606
2011-10-23 05:00:00,97.45981
2011-10-23 06:00:00,89.59113
2011-10-23 07:00:00,91.16238
2011-10-23 08:00:00,87.62931
2011-10-23 09:00:00,153.21365
2011-10-23 10:00:00,162.25705
2011-10-23 11:00:00,175.69902
2011-10-23 12:00:00,289.18695
2011-10-23 13:00:00,302.2261
2011-10-23 14:00:00,305.20035
2011-10-23 15:00:00,300.39362
2011-10-23 16:00:00,302.2261
2011-10-23 17:00:00,296.31638
2011-10-23 18:00:00,301.43466
2011-10-23 19:00:00,152.40851
2011-10-23 20:00:00,160.92902
2011-10-23 21:00:00,160.92902
2011-10-23 22:00:00,122.00278
2011-10-23 23:00:00,128.60219
2011-10-24 00:00:00,161.37512
2011-10-24 01:00:00,133.69489
2011-10-24 02:00:00,117.08294
2011-10-24 03:00:00,136.62753
2011-10-24 04:00:00,133.75882
2011-10-24 05:00:00,120.97166
2011-10-24 06:00:00,117.08294
2011-10-24 07:00:00,113.95374
2011-10-24 08:00:00,136.27798
2011-10-24 09:00:00,162.07509
2011-10-24 10:00:00,149.53983
2011-10-24 11:00:00,214.4248
2011-10-24 12:00:00,243.7677
2011-10-24 13:00:00,249.72711
2011-10-24 14:00:00,256.76923
2011-10-24 15:00:00,432.83264
2011-10-24 16:00:00,372.07632
2011-10-24 17:00:00,321.0508
2011-10-24 18:00:00,447.705
2011-10-24 19:00:00,179.15723
2011-10-24 20:00:00,143.45192
2011-10-24 21:00:00,114.479164
2011-10-24 22:00:00,211.87674
2011-10-24 23:00:00,185.02881
2011-10-25 00:00:00,187.11073
2011-10-25 01:00:00,187.11073
2011-10-25 02:00:00,135.36801
2011-10-25 03:00:00,120.19486
2011-10-25 04:00:00,120.80584
2011-10-25 05:00:00,120.80584
2011-10-25 06:00:00,128.18593
2011-10-25 07:00:00,181.62747
2011-10-25 08:00:00,192.97414
2011-10-25 09:00:00,230.39355
2011-10-25 10:00:00,246.29065
2011-10-25 11:00:00,273.10214
2011-10-25 12:00:00,354.861
2011-10-25 13:00:00,383.71912
2011-10-25 14:00:00,355.4531
2011-10-25 15:00:00,343.67526
2011-10-25 16:00:00,378.2295
2011-10-25 17:00:00,343.67526
2011-10-25 18:00:00,271.69458
2011-10-25 19:00:00,231.93143
2011-10-25 20:00:00,259.50934
2011-10-25 21:00:00,199.93065
2011-10-25 22:00:00,225.17215
2011-10-25 23:00:00,199.93065
2011-10-26 00:00:00,209.6163
2011-10-26 01:00:00,217.55579
2011-10-26 02:00:00,206.99356
2011-10-26 03:00:00,221.52524
2011-10-26 04:00:00,209.3603
2011-10-26 05:00:00,213.3298
2011-10-26 06:00:00,213.3298
2011-10-26 07:00:00,193.85654
2011-10-26 08:00:00,234.6606
2011-10-26 09:00:00,252.99109
2011-10-26 10:00:00,252.38551
2011-10-26 11:00:00,236.67615
2011-10-26 12:00:00,294.87357
2011-10-26 13:00:00,266.6898
2011-10-26 14:00:00,200.69922
2011-10-26 15:00:00,200.69922
2011-10-26 16:00:00,203.50945
2011-10-26 17:00:00,204.04575
2011-10-26 18:00:00,214.0029
2011-10-26 19:00:00,128.55571
2011-10-26 20:00:00,116.30694
2011-10-26 21:00:00,200.69922
2011-10-26 22:00:00,141.3099
2011-10-26 23:00:00,141.3099
2011-10-27 00:00:00,108.56367
2011-10-27 01:00:00,108.56367
2011-10-27 02:00:00,123.47129
2011-10-27 03:00:00,123.47129
2011-10-27 04:00:00,146.6207
2011-10-27 05:00:00,133.18248
2011-10-27 06:00:00,185.27295
2011-10-27 07:00:00,105.69938
2011-10-27 08:00:00,120.96868
2011-10-27 09:00:00,170.24997
2011-10-27 10:00:00,126.50197
2011-10-27 11:00:00,133.56075
2011-10-27 12:00:00,133.56075
2011-10-27 13:00:00,147.03406
2011-10-27 14:00:00,149.58028
2011-10-27 15:00:00,179.21518
2011-10-27 16:00:00,213.04462
2011-10-27 17:00:00,190.7973
2011-10-27 18:00:00,202.71579
2011-10-27 19:00:00,205.17268
2011-10-27 20:00:00,234.97589
2011-10-27 21:00:00,224.22867
2011-10-27 22:00:00,203.64722
2011-10-27 23:00:00,196.24213
2011-10-28 00:00:00,178.44455
2011-10-28 01:00:00,173.00208
2011-10-28 02:00:00,174.63312
2011-10-28 03:00:00,158.3797
2011-10-28 04:00:00,175.23792
2011-10-28 05:00:00,180.07016
2011-10-28 06:00:00,146.39072
2011-10-28 07:00:00,146.39072
2011-10-28 08:00:00,180.1917
2011-10-28 09:00:00,213.33603
2011-10-28 10:00:00,213.6853
2011-10-28 11:00:00,242.01282
2011-10-28 12:00:00,273.97983
2011-10-28 13:00:00,252.6453
2011-10-28 14:00:00,261.76566
2011-10-28 15:00:00,217.22522
2011-10-28 16:00:00,274.12454
2011-10-28 17:00:00,281.2332
2011-10-28 18:00:00,272.69955
2011-10-28 19:00:00,281.2332
2011-10-28 20:00:00,183.72815
2011-10-28 21:00:00,123.83726
2011-10-28 22:00:00,83.83015
2011-10-28 23:00:00,63.647743
2011-10-29 00:00:00,69.525604
2011-10-29 01:00:00,72.42656
2011-10-29 02:00:00,72.42656
2011-10-29 03:00:00,75.03538
2011-10-29 04:00:00,75.03538
2011-10-29 05:00:00,64.09366
2011-10-29 06:00:00,64.15465
2011-10-29 07:00:00,64.15465
2011-10-29 08:00:00,66.24073
2011-10-29 09:00:00,66.24073
2011-10-29 10:00:00,66.77673
2011-10-29 11:00:00,62.546852
2011-10-29 12:00:00,51.417366
2011-10-29 13:00:00,63.403683
2011-10-29 14:00:00,46.28421
2011-10-29 15:00:00,39.41793
2011-10-29 16:00:00,46.345306
2011-10-29 17:00:00,46.345306
2011-10-29 18:00:00,46.345306
2011-10-29 19:00:00,97.79472
2011-10-29 20:00:00,97.79472
2011-10-29 21:00:00,97.794785
2011-10-29 22:00:00,31.180706
2011-10-29 23:00:00,31.181522
2011-10-30 00:00:00,31.180706
2011-10-30 01:00:00,55.31753
2011-10-30 02:00:00,86.106606
2011-10-30 03:00:00,89.855484
2011-10-30 04:00:00,118.88867
2011-10-30 05:00:00,98.25073
2011-10-30 06:00:00,61.895855
2011-10-30 07:00:00,59.035053
2011-10-30 08:00:00,91.35529
2011-10-30 09:00:00,142.30263
2011-10-30 10:00:00,195.50876
2011-10-30 11:00:00,231.47607
2011-10-30 12:00:00,235.1858
2011-10-30 13:00:00,313.15878
2011-10-30 14:00:00,398.42886
2011-10-30 15:00:00,405.9889
2011-10-30 16:00:00,401.78262
2011-10-30 17:00:00,419.23505
2011-10-30 18:00:00,303.8046
2011-10-30 19:00:00,383.4652
2011-10-30 20:00:00,309.9086
2011-10-30 21:00:00,169.55023
2011-10-30 22:00:00,111.795204
2011-10-30 23:00:00,49.87761
2011-10-31 00:00:00,111.02241
2011-10-31 01:00:00,116.36203
2011-10-31 02:00:00,101.8768
2011-10-31 03:00:00,144.6189
2011-10-31 04:00:00,101.87675
2011-10-31 05:00:00,81.751915
2011-10-31 06:00:00,101.8768
2011-10-31 07:00:00,104.38142
2011-10-31 08:00:00,143.5607
2011-10-31 09:00:00,156.54092
2011-10-31 10:00:00,261.58917
2011-10-31 11:00:00,254.94225
2011-10-31 12:00:00,281.2309
2011-10-31 13:00:00,287.7834
2011-10-31 14:00:00,294.69452
2011-10-31 15:00:00,266.10202
2011-10-31 16:00:00,233.63373
2011-10-31 17:00:00,237.9982
2011-10-31 18:00:00,179.83984
2011-10-31 19:00:00,179.83984
2011-10-31 20:00:00,179.83984
2011-10-31 21:00:00,169.46988
2011-10-31 22:00:00,169.46988
2011-10-31 23:00:00,169.46988
2011-11-20 00:00:00,180.63083
2011-11-20 01:00:00,222.9691
2011-11-20 02:00:00,212.0345
2011-11-20 03:00:00,219.3521
2011-11-20 04:00:00,217.75256
2011-11-20 05:00:00,230.88535
2011-11-20 06:00:00,226.95932
2011-11-20 07:00:00,222.65186
2011-11-20 08:00:00,218.53827
2011-11-20 09:00:00,148.9205
2011-11-20 10:00:00,260.05115
2011-11-20 11:00:00,273.44528
2011-11-20 12:00:00,242.79799
2011-11-20 13:00:00,234.18477
2011-11-20 14:00:00,343.02292
2011-11-20 15:00:00,222.28297
2011-11-20 16:00:00,249.06784
2011-11-20 17:00:00,225.75241
2011-11-20 18:00:00,231.40942
2011-11-20 19:00:00,261.16187
2011-11-20 20:00:00,263.56314
2011-11-20 21:00:00,230.26114
2011-11-20 22:00:00,144.1833
2011-11-20 23:00:00,144.1833
2011-11-21 00:00:00,98.36318
2011-11-21 01:00:00,103.292015
2011-11-21 02:00:00,99.9782
2011-11-21 03:00:00,101.9253
2011-11-21 04:00:00,101.9253
2011-11-21 05:00:00,90.17672
2011-11-21 06:00:00,91.16671
2011-11-21 07:00:00,124.724144
2011-11-21 08:00:00,98.36318
2011-11-21 09:00:00,110.67721
2011-11-21 10:00:00,149.58028
2011-11-21 11:00:00,179.21518
2011-11-21 12:00:00,197.09161
2011-11-21 13:00:00,197.09161
2011-11-21 14:00:00,162.37442
2011-11-21 15:00:00,99.297775
2011-11-21 16:00:00,99.297775
2011-11-21 17:00:00,95.521416
2011-11-21 18:00:00,104.32969
2011-11-21 19:00:00,94.155914
2011-11-21 20:00:00,103.870445
2011-11-21 21:00:00,104.83553
2011-11-21 22:00:00,105.58244
2011-11-21 23:00:00,104.83553
2011-11-22 00:00:00,96.408035
2011-11-22 01:00:00,96.63795
2011-11-22 02:00:00,99.70732
2011-11-22 03:00:00,99.70732
2011-11-22 04:00:00,97.24563
2011-11-22 05:00:00,97.24563
2011-11-22 06:00:00,113.95374
2011-11-22 07:00:00,96.28716
2011-11-22 08:00:00,96.28716
2011-11-22 09:00:00,108.81689
2011-11-22 10:00:00,108.81689
2011-11-22 11:00:00,96.63795
2011-11-22 12:00:00,97.748955
2011-11-22 13:00:00,101.473946
2011-11-22 14:00:00,101.473946
2011-11-22 15:00:00,117.1282
2011-11-22 16:00:00,117.1282
2011-11-22 17:00:00,105.3053
2011-11-22 18:00:00,113.33173
2011-11-22 19:00:00,110.867744
2011-11-22 20:00:00,118.46839
2011-11-22 21:00:00,116.24868
2011-11-22 22:00:00,133.3803
2011-11-22 23:00:00,121.88004
2011-11-23 00:00:00,121.88004
2011-11-23 01:00:00,119.42724
2011-11-23 02:00:00,103.889885
2011-11-23 03:00:00,103.88988
2011-11-23 04:00:00,117.297325
2011-11-23 05:00:00,122.3646
2011-11-23 06:00:00,90.17672
2011-11-23 07:00:00,91.24726
2011-11-23 08:00:00,110.67721
2011-11-23 09:00:00,140.12604
2011-11-23 10:00:00,140.12604
2011-11-23 11:00:00,180.41441
2011-11-23 12:00:00,236.70692
2011-11-23 13:00:00,238.37482
2011-11-23 14:00:00,245.8418
2011-11-23 15:00:00,224.3939
2011-11-23 16:00:00,200.68674
2011-11-23 17:00:00,165.4509
2011-11-23 18:00:00,192.3645
2011-11-23 19:00:00,199.012
2011-11-23 20:00:00,192.01976
2011-11-23 21:00:00,201.51031
2011-11-23 22:00:00,195.45657
2011-11-23 23:00:00,182.17346
2011-11-24 00:00:00,56.046837
2011-11-24 01:00:00,136.03957
2011-11-24 02:00:00,36.84785
2011-11-24 03:00:00,28.754646
2011-11-24 04:00:00,36.335464
2011-11-24 05:00:00,35.668995
2011-11-24 06:00:00,36.335464
2011-11-24 07:00:00,33.896885
2011-11-24 08:00:00,29.082912
2011-11-24 09:00:00,50.29427
2011-11-24 10:00:00,106.39907
2011-11-24 11:00:00,313.2721
2011-11-24 12:00:00,324.29294
2011-11-24 13:00:00,291.49835
2011-11-24 14:00:00,241.4531
2011-11-24 15:00:00,261.21475
2011-11-24 16:00:00,299.8148
2011-11-24 17:00:00,344.9644
2011-11-24 18:00:00,233.38725
2011-11-24 19:00:00,236.64882
2011-11-24 20:00:00,39.11323
2011-11-24 21:00:00,32.254593
2011-11-24 22:00:00,32.254593
2011-11-24 23:00:00,31.001736
2011-11-25 00:00:00,147.03836
2011-11-25 01:00:00,120.683525
2011-11-25 02:00:00,144.87033
2011-11-25 03:00:00,144.67531
2011-11-25 04:00:00,136.30551
2011-11-25 05:00:00,124.622635
2011-11-25 06:00:00,149.11276
2011-11-25 07:00:00,116.36203
2011-11-25 08:00:00,151.34181
2011-11-25 09:00:00,119.9246
2011-11-25 10:00:00,168.3063
2011-11-25 11:00:00,174.93002
2011-11-25 12:00:00,244.07932
2011-11-25 13:00:00,279.4647
2011-11-25 14:00:00,346.7696
2011-11-25 15:00:00,367.12036
2011-11-25 16:00:00,315.60938
2011-11-25 17:00:00,295.425
2011-11-25 18:00:00,264.32422
2011-11-25 19:00:00,197.73311
2011-11-25 20:00:00,255.28412
2011-11-25 21:00:00,153.57101
2011-11-25 22:00:00,148.1726
2011-11-25 23:00:00,132.06229
2011-11-26 00:00:00,104.6276
2011-11-26 01:00:00,103.76757
2011-11-26 02:00:00,90.754005
2011-11-26 03:00:00,105.40989
2011-11-26 04:00:00,105.40989
2011-11-26 05:00:00,96.71275
2011-11-26 06:00:00,182.30167
2011-11-26 07:00:00,44.16149
2011-11-26 08:00:00,103.76757
2011-11-26 09:00:00,105.90877
2011-11-26 10:00:00,109.441605
2011-11-26 11:00:00,240.29993
2011-11-26 12:00:00,374.56766
2011-11-26 13:00:00,416.5201
2011-11-26 14:00:00,204.98813
2011-11-26 15:00:00,372.07092
2011-11-26 16:00:00,188.09132
2011-11-26 17:00:00,188.09132
2011-11-26 18:00:00,173.74077
2011-11-26 19:00:00,269.10806
2011-11-26 20:00:00,313.07132
2011-11-26 21:00:00,197.0375
2011-11-26 22:00:00,268.3708
2011-11-26 23:00:00,109.441605
2011-11-27 00:00:00,109.441605
2011-11-27 01:00:00,109.441605
2011-11-27 02:00:00,108.01075
2011-11-27 03:00:00,97.397606
2011-11-27 04:00:00,90.42362
2011-11-27 05:00:00,94.13651
2011-11-27 06:00:00,99.38576
2011-11-27 07:00:00,96.84565
2011-11-27 08:00:00,135.81557
2011-11-27 09:00:00,202.20575
2011-11-27 10:00:00,202.20575
2011-11-27 11:00:00,214.55028
2011-11-27 12:00:00,318.9374
2011-11-27 13:00:00,335.66318
2011-11-27 14:00:00,467.00958
2011-11-27 15:00:00,574.4478
2011-11-27 16:00:00,398.14865
2011-11-27 17:00:00,331.46222
2011-11-27 18:00:00,295.37747
2011-11-27 19:00:00,311.89383
2011-11-27 20:00:00,323.13324
2011-11-27 21:00:00,301.00226
2011-11-27 22:00:00,246.509
2011-11-27 23:00:00,246.509
2011-11-28 00:00:00,216.88348
2011-11-28 01:00:00,215.05353
2011-11-28 03:00:00,138.37492
2011-11-28 04:00:00,137.74565
2011-11-28 05:00:00,120.19486
2011-11-28 06:00:00,136.91628
2011-11-28 07:00:00,119.749756
2011-11-28 08:00:00,100.65935
2011-11-28 09:00:00,129.26392
2011-11-28 10:00:00,195.41833
2011-11-28 11:00:00,243.76773
2011-11-28 12:00:00,455.70023
2011-11-28 13:00:00,297.5361
2011-11-28 14:00:00,362.57913
2011-11-28 15:00:00,461.59393
2011-11-28 16:00:00,381.15027
2011-11-28 17:00:00,335.71884
2011-11-28 18:00:00,359.52957
2011-11-28 19:00:00,229.48102
2011-11-28 20:00:00,195.07736
2011-11-28 21:00:00,185.69928
2011-11-28 22:00:00,179.21518
2011-11-28 23:00:00,174.29575
2011-11-29 00:00:00,123.41515
2011-11-29 01:00:00,136.02391
2011-11-29 02:00:00,109.07573
2011-11-29 03:00:00,109.07573
2011-11-29 04:00:00,149.32805
2011-11-29 05:00:00,165.43488
2011-11-29 06:00:00,197.78146
2011-11-29 07:00:00,208.36133
2011-11-29 08:00:00,232.34521
2011-11-29 09:00:00,204.55765
2011-11-29 10:00:00,204.55765
2011-11-29 11:00:00,116.20069
2011-11-29 12:00:00,119.230125
2011-11-29 13:00:00,155.04834
2011-11-29 14:00:00,94.15588
2011-11-29 15:00:00,99.826706
2011-11-29 16:00:00,103.87042
2011-11-29 17:00:00,119.63552
2011-11-29 18:00:00,134.36859
2011-11-29 19:00:00,133.57396
2011-11-29 20:00:00,122.02668
2011-11-29 21:00:00,122.02668
2011-11-29 22:00:00,186.99991
2011-11-29 23:00:00,180.38385
2011-11-30 00:00:00,203.4018
2011-11-30 01:00:00,178.22519
2011-11-30 02:00:00,160.18048
2011-11-30 03:00:00,160.18048
2011-11-30 04:00:00,146.73271
2011-11-30 05:00:00,143.03853
2011-11-30 06:00:00,149.89206
2011-11-30 07:00:00,149.11276
2011-11-30 08:00:00,143.03853
2011-11-30 09:00:00,152.05185
2011-11-30 10:00:00,179.65356
2011-11-30 11:00:00,218.20062
2011-11-30 12:00:00,227.8865
2011-11-30 13:00:00,203.8648
2011-11-30 14:00:00,203.8648
2011-11-30 15:00:00,242.60315
2011-11-30 16:00:00,243.35022
2011-11-30 17:00:00,174.94295
2011-11-30 18:00:00,215.99963
2011-11-30 19:00:00,213.75647
2011-11-30 20:00:00,213.75647
2011-11-30 21:00:00,188.95956
2011-11-30 22:00:00,187.75943
2011-11-30 23:00:00,189.15106
2011-12-20 00:00:00,234.70439
2011-12-20 01:00:00,295.59308
2011-12-20 02:00:00,243.87993
2011-12-20 03:00:00,243.87993
2011-12-20 04:00:00,279.11954
2011-12-20 05:00:00,262.3393
2011-12-20 06:00:00,262.33926
2011-12-20 07:00:00,268.49136
2011-12-20 08:00:00,273.65805
2011-12-20 09:00:00,269.6038
2011-12-20 10:00:00,272.2297
2011-12-20 11:00:00,263.3223
2011-12-20 12:00:00,282.10782
2011-12-20 13:00:00,282.10782
2011-12-20 14:00:00,296.66324
2011-12-20 15:00:00,258.92728
2011-12-20 16:00:00,293.80334
2011-12-20 17:00:00,207.20708
2011-12-20 18:00:00,198.34029
2011-12-20 19:00:00,190.32458
2011-12-20 20:00:00,184.13933
2011-12-20 21:00:00,174.14032
2011-12-20 22:00:00,269.6038
2011-12-20 23:00:00,275.91824
2011-12-21 00:00:00,107.28283
2011-12-21 01:00:00,113.612335
2011-12-21 02:00:00,132.01254
2011-12-21 03:00:00,132.01254
2011-12-21 04:00:00,132.01254
2011-12-21 05:00:00,117.71737
2011-12-21 06:00:00,124.8341
2011-12-21 07:00:00,108.90416
2011-12-21 08:00:00,101.881615
2011-12-21 09:00:00,125.31153
2011-12-21 10:00:00,133.8098
2011-12-21 11:00:00,133.8098
2011-12-21 12:00:00,89.606316
2011-12-21 13:00:00,97.004616
2011-12-21 14:00:00,136.66135
2011-12-21 15:00:00,135.68008
2011-12-21 16:00:00,70.1409
2011-12-21 17:00:00,70.1409
2011-12-21 18:00:00,114.70466
2011-12-21 19:00:00,148.85913
2011-12-21 20:00:00,138.38306
2011-12-21 21:00:00,189.71121
2011-12-21 22:00:00,191.49017
2011-12-21 23:00:00,177.7399
2011-12-22 00:00:00,170.39012
2011-12-22 01:00:00,156.49786
2011-12-22 02:00:00,162.29538
2011-12-22 03:00:00,195.45343
2011-12-22 04:00:00,147.5834
2011-12-22 05:00:00,126.93211
2011-12-22 06:00:00,117.92934
2011-12-22 07:00:00,93.33737
2011-12-22 08:00:00,124.8341
2011-12-22 09:00:00,123.52506
2011-12-22 10:00:00,129.21942
2011-12-22 11:00:00,169.61192
2011-12-22 12:00:00,193.96103
2011-12-22 13:00:00,181.25043
2011-12-22 14:00:00,181.25043
2011-12-22 15:00:00,188.01132
2011-12-22 16:00:00,181.25043
2011-12-22 17:00:00,135.06288
2011-12-22 18:00:00,146.5935
2011-12-22 19:00:00,172.7127
2011-12-22 20:00:00,153.22989
2011-12-22 21:00:00,153.22989
2011-12-22 22:00:00,96.26958
2011-12-22 23:00:00,122.77087
2011-12-23 00:00:00,97.57572
2011-12-23 01:00:00,97.57572
2011-12-23 02:00:00,101.73546
2011-12-23 03:00:00,101.73546
2011-12-23 04:00:00,72.493355
2011-12-23 05:00:00,113.291916
2011-12-23 06:00:00,150.13553
2011-12-23 07:00:00,159.97144
2011-12-23 08:00:00,154.49818
2011-12-23 09:00:00,145.68973
2011-12-23 10:00:00,162.80185
2011-12-23 11:00:00,187.58395
2011-12-23 12:00:00,208.33344
2011-12-23 13:00:00,212.77472
2011-12-23 14:00:00,186.12732
2011-12-23 15:00:00,165.96481
2011-12-23 16:00:00,169.87076
2011-12-23 17:00:00,129.92493
2011-12-23 18:00:00,144.80455
2011-12-23 19:00:00,122.28159
2011-12-23 20:00:00,120.814
2011-12-23 21:00:00,112.89777
2011-12-23 22:00:00,124.21562
2011-12-23 23:00:00,142.08812
2011-12-24 00:00:00,110.19012
2011-12-24 01:00:00,84.40455
2011-12-24 02:00:00,102.94176
2011-12-24 03:00:00,122.83911
2011-12-24 04:00:00,118.88572
2011-12-24 05:00:00,118.88572
2011-12-24 06:00:00,66.641045
2011-12-24 07:00:00,49.282616
2011-12-24 08:00:00,31.864182
2011-12-24 09:00:00,91.99287
2011-12-24 10:00:00,107.89908
2011-12-24 11:00:00,129.18423
2011-12-24 12:00:00,142.04898
2011-12-24 13:00:00,123.63114
2011-12-24 14:00:00,123.63114
2011-12-24 15:00:00,158.00911
2011-12-24 16:00:00,151.10056
2011-12-24 17:00:00,115.97286
2011-12-24 18:00:00,127.70852
2011-12-24 19:00:00,112.85294
2011-12-24 20:00:00,89.80758
2011-12-24 21:00:00,64.42607
2011-12-24 22:00:00,67.00243
2011-12-24 23:00:00,53.28363
2011-12-25 00:00:00,33.811943
2011-12-25 01:00:00,26.621262
2011-12-25 02:00:00,56.439312
2011-12-25 03:00:00,47.25859
2011-12-25 05:00:00,41.213367
2011-12-25 06:00:00,41.213367
2011-12-25 07:00:00,49.743366
2011-12-25 08:00:00,44.05846
2011-12-25 09:00:00,57.425934
2011-12-25 10:00:00,44.746586
2011-12-25 11:00:00,38.011223
2011-12-25 12:00:00,40.523415
2011-12-25 13:00:00,32.40389
2011-12-25 14:00:00,57.168037
2011-12-25 15:00:00,95.70211
2011-12-25 16:00:00,151.61066
2011-12-25 17:00:00,131.01341
2011-12-25 18:00:00,42.70777
2011-12-25 19:00:00,110.15307
2011-12-25 20:00:00,124.87006
2011-12-25 21:00:00,104.37246
2011-12-25 22:00:00,61.554344
2011-12-25 23:00:00,67.608116
2011-12-26 00:00:00,63.86207
2011-12-26 01:00:00,73.13507
2011-12-26 02:00:00,107.667984
2011-12-26 04:00:00,89.249535
2011-12-26 05:00:00,102.24944
2011-12-26 06:00:00,83.44887
2011-12-26 07:00:00,105.3852
2011-12-26 08:00:00,108.790955
2011-12-26 09:00:00,89.249535
2011-12-26 10:00:00,153.93446
2011-12-26 11:00:00,163.21333
2011-12-26 12:00:00,130.35112
2011-12-26 13:00:00,132.02353
2011-12-26 14:00:00,140.26787
2011-12-26 15:00:00,150.38837
2011-12-26 16:00:00,105.9394
2011-12-26 17:00:00,107.667984
2011-12-26 18:00:00,97.85694
2011-12-26 19:00:00,71.16441
2011-12-26 20:00:00,64.60477
2011-12-26 21:00:00,28.819134
2011-12-26 22:00:00,28.819126
2011-12-26 23:00:00,60.14193
2011-12-27 00:00:00,107.931816
2011-12-27 01:00:00,109.80178
2011-12-27 02:00:00,109.80178
2011-12-27 03:00:00,84.28246
2011-12-27 04:00:00,81.371155
2011-12-27 05:00:00,74.33792
2011-12-27 06:00:00,74.52743
2011-12-27 07:00:00,75.52941
2011-12-27 08:00:00,88.91851
2011-12-27 09:00:00,125.35475
2011-12-27 10:00:00,101.90512
2011-12-27 11:00:00,125.35475
2011-12-27 12:00:00,91.94209
2011-12-27 13:00:00,67.68994
2011-12-27 14:00:00,83.30877
2011-12-27 15:00:00,83.30877
2011-12-27 16:00:00,97.6224
2011-12-27 17:00:00,104.69027
2011-12-27 18:00:00,144.7595
2011-12-27 19:00:00,126.148224
2011-12-27 20:00:00,129.33774
2011-12-27 21:00:00,128.74777
2011-12-27 22:00:00,128.74777
2011-12-27 23:00:00,127.95051
2011-12-28 00:00:00,121.42717
2011-12-28 01:00:00,139.36108
2011-12-28 02:00:00,114.62034
2011-12-28 03:00:00,114.62034
2011-12-28 05:00:00,130.96272
2011-12-28 06:00:00,112.456535
2011-12-28 07:00:00,112.45651
2011-12-28 08:00:00,130.96274
2011-12-28 09:00:00,126.40974
2011-12-28 10:00:00,120.93273
2011-12-28 11:00:00,181.75269
2011-12-28 12:00:00,133.72916
2011-12-28 13:00:00,165.77238
2011-12-28 14:00:00,166.21722
2011-12-28 15:00:00,163.02974
2011-12-28 16:00:00,149.64116
2011-12-28 17:00:00,162.05493
2011-12-28 18:00:00,133.5085
2011-12-28 19:00:00,124.61447
2011-12-28 20:00:00,117.06823
2011-12-28 21:00:00,99.82138
2011-12-28 22:00:00,102.54336
2011-12-28 23:00:00,101.49913
2011-12-29 00:00:00,84.61446
2011-12-29 01:00:00,85.696175
2011-12-29 02:00:00,81.60093
2011-12-29 03:00:00,80.613686
2011-12-29 04:00:00,83.37748
2011-12-29 05:00:00,79.865135
2011-12-29 06:00:00,77.780075
2011-12-29 07:00:00,78.83811
2011-12-29 08:00:00,70.053955
2011-12-29 09:00:00,56.60874
2011-12-29 10:00:00,61.720932
2011-12-29 11:00:00,82.39652
2011-12-29 12:00:00,92.838264
2011-12-29 13:00:00,104.9907
2011-12-29 14:00:00,117.36937
2011-12-29 15:00:00,116.2285
2011-12-29 16:00:00,112.79479
2011-12-29 17:00:00,119.8045
2011-12-29 18:00:00,126.3406
2011-12-29 19:00:00,130.52983
2011-12-29 20:00:00,123.542175
2011-12-29 21:00:00,91.01159
2011-12-29 22:00:00,119.159035
2011-12-29 23:00:00,123.39883
2011-12-30 00:00:00,119.17414
2011-12-30 01:00:00,112.508736
2011-12-30 02:00:00,101.58181
2011-12-30 03:00:00,101.58181
2011-12-30 04:00:00,98.05507
2011-12-30 05:00:00,97.22018
2011-12-30 06:00:00,98.05507
2011-12-30 07:00:00,100.47554
2011-12-30 08:00:00,80.70904
2011-12-30 09:00:00,99.399826
2011-12-30 10:00:00,109.00817
2011-12-30 11:00:00,124.21562
2011-12-30 12:00:00,138.32538
2011-12-30 13:00:00,130.29857
2011-12-30 14:00:00,181.12228
2011-12-30 15:00:00,222.82613
2011-12-30 16:00:00,180.40338
2011-12-30 17:00:00,155.459
2011-12-30 18:00:00,160.68643
2011-12-30 19:00:00,189.18031
2011-12-30 20:00:00,107.30749
2011-12-30 21:00:00,113.612335
2011-12-30 22:00:00,103.7913
2011-12-30 23:00:00,96.95899
2011-12-31 00:00:00,149.15201
2011-12-31 01:00:00,142.3389
2011-12-31 02:00:00,142.3389
2011-12-31 03:00:00,142.3389
2011-12-31 04:00:00,105.69097
2011-12-31 05:00:00,64.353714
2011-12-31 06:00:00,284.95947
2011-12-31 07:00:00,107.40275
2011-12-31 08:00:00,49.381763
2011-12-31 09:00:00,70.900215
2011-12-31 10:00:00,158.3578
2011-12-31 11:00:00,211.28342
2011-12-31 12:00:00,360.45642
2011-12-31 13:00:00,169.01938
2011-12-31 14:00:00,264.77652
2011-12-31 15:00:00,153.66856
2011-12-31 16:00:00,142.31992
2011-12-31 17:00:00,257.16165
2011-12-31 18:00:00,245.66068
2011-12-31 19:00:00,274.83478
2011-12-31 20:00:00,274.83478
2011-12-31 21:00:00,209.9339
2011-12-31 22:00:00,173.56277
2011-12-31 23:00:00,62.088856
2012-01-20 00:00:00,101.01335
2012-01-20 01:00:00,108.273735
2012-01-20 02:00:00,108.273735
2012-01-20 03:00:00,98.10659
2012-01-20 04:00:00,91.034615
2012-01-20 05:00:00,91.034615
2012-01-20 06:00:00,85.924
2012-01-20 07:00:00,82.16245
2012-01-20 08:00:00,85.70298
2012-01-20 09:00:00,85.33393
2012-01-20 10:00:00,100.68259
2012-01-20 11:00:00,76.79865
2012-01-20 12:00:00,87.36483
2012-01-20 13:00:00,113.81811
2012-01-20 14:00:00,93.046745
2012-01-20 15:00:00,100.79505
2012-01-20 16:00:00,91.7212
2012-01-20 17:00:00,100.09083
2012-01-20 18:00:00,92.56812
2012-01-20 19:00:00,97.50719
2012-01-20 20:00:00,92.56812
2012-01-20 21:00:00,98.80832
2012-01-20 22:00:00,85.62579
2012-01-20 23:00:00,47.092415
2012-01-21 00:00:00,27.643772
2012-01-21 01:00:00,34.06226
2012-01-21 02:00:00,28.81509
2012-01-21 03:00:00,39.90881
2012-01-21 04:00:00,35.578724
2012-01-21 05:00:00,40.065536
2012-01-21 06:00:00,44.41528
2012-01-21 07:00:00,44.41528
2012-01-21 08:00:00,42.636726
2012-01-21 09:00:00,42.636726
2012-01-21 10:00:00,23.745262
2012-01-21 11:00:00,30.927864
2012-01-21 12:00:00,37.027924
2012-01-21 13:00:00,44.873756
2012-01-21 14:00:00,49.870384
2012-01-21 15:00:00,49.87039
2012-01-21 16:00:00,29.29728
2012-01-21 17:00:00,22.418177
2012-01-21 18:00:00,21.563686
2012-01-21 19:00:00,24.165287
2012-01-21 20:00:00,29.193958
2012-01-21 21:00:00,51.299767
2012-01-21 22:00:00,23.279854
2012-01-21 23:00:00,35.581844
2012-01-22 00:00:00,55.322517
2012-01-22 01:00:00,23.279854
2012-01-22 02:00:00,27.56231
2012-01-22 03:00:00,22.774633
2012-01-22 04:00:00,20.448086
2012-01-22 05:00:00,29.251564
2012-01-22 06:00:00,40.468735
2012-01-22 07:00:00,40.468735
2012-01-22 08:00:00,40.468735
2012-01-22 09:00:00,40.468735
2012-01-22 10:00:00,23.256788
2012-01-22 11:00:00,26.422802
2012-01-22 12:00:00,43.779114
2012-01-22 13:00:00,32.170864
2012-01-22 14:00:00,29.986492
2012-01-22 15:00:00,37.25246
2012-01-22 16:00:00,37.25246
2012-01-22 17:00:00,26.995628
2012-01-22 18:00:00,40.065536
2012-01-22 19:00:00,40.065536
2012-01-22 20:00:00,47.092197
2012-01-22 21:00:00,40.065536
2012-01-22 22:00:00,22.128304
2012-01-22 23:00:00,24.63583
2012-01-23 00:00:00,73.84111
2012-01-23 01:00:00,76.06747
2012-01-23 02:00:00,76.06747
2012-01-23 03:00:00,73.8411
2012-01-23 04:00:00,70.424385
2012-01-23 05:00:00,74.78891
2012-01-23 06:00:00,74.78891
2012-01-23 07:00:00,81.78301
2012-01-23 08:00:00,51.468132
2012-01-23 09:00:00,74.32519
2012-01-23 10:00:00,85.89005
2012-01-23 11:00:00,80.77694
2012-01-23 12:00:00,88.62759
2012-01-23 13:00:00,52.699814
2012-01-23 14:00:00,56.385044
2012-01-23 15:00:00,68.05532
2012-01-23 16:00:00,91.61004
2012-01-23 17:00:00,86.41505
2012-01-23 18:00:00,90.4103
2012-01-23 19:00:00,95.62748
2012-01-23 20:00:00,90.89943
2012-01-23 21:00:00,54.60544
2012-01-23 22:00:00,54.60544
2012-01-23 23:00:00,42.13638
2012-01-24 00:00:00,52.83033
2012-01-24 01:00:00,74.271996
2012-01-24 02:00:00,85.78554
2012-01-24 03:00:00,105.69156
2012-01-24 04:00:00,97.01336
2012-01-24 05:00:00,97.01336
2012-01-24 06:00:00,103.73037
2012-01-24 07:00:00,105.691536
2012-01-24 08:00:00,105.691536
2012-01-24 09:00:00,94.15757
2012-01-24 10:00:00,129.33774
2012-01-24 11:00:00,129.26614
2012-01-24 12:00:00,126.148224
2012-01-24 13:00:00,126.148224
2012-01-24 14:00:00,147.32706
2012-01-24 15:00:00,124.14807
2012-01-24 16:00:00,186.37274
2012-01-24 17:00:00,185.9611
2012-01-24 18:00:00,185.46602
2012-01-24 19:00:00,206.63628
2012-01-24 20:00:00,110.89707
2012-01-24 21:00:00,121.29922
2012-01-24 22:00:00,110.4245
2012-01-24 23:00:00,110.89707
2012-01-25 00:00:00,92.74391
2012-01-25 01:00:00,109.595764
2012-01-25 02:00:00,109.435036
2012-01-25 03:00:00,105.56386
2012-01-25 04:00:00,98.04653
2012-01-25 05:00:00,98.04653
2012-01-25 06:00:00,87.25621
2012-01-25 07:00:00,88.88677
2012-01-25 08:00:00,89.9037
2012-01-25 09:00:00,89.9037
2012-01-25 10:00:00,60.90165
2012-01-25 11:00:00,74.52743
2012-01-25 12:00:00,133.76178
2012-01-25 13:00:00,142.50183
2012-01-25 14:00:00,156.18733
2012-01-25 15:00:00,177.84668
2012-01-25 16:00:00,132.12843
2012-01-25 17:00:00,141.96552
2012-01-25 18:00:00,142.08812
2012-01-25 19:00:00,131.43742
2012-01-25 20:00:00,119.72268
2012-01-25 21:00:00,96.12153
2012-01-25 22:00:00,134.02637
2012-01-25 23:00:00,91.93792
2012-01-26 00:00:00,92.24211
2012-01-26 01:00:00,90.99869
2012-01-26 02:00:00,86.722946
2012-01-26 03:00:00,93.54611
2012-01-26 04:00:00,102.8632
2012-01-26 05:00:00,98.90077
2012-01-26 06:00:00,91.42519
2012-01-26 07:00:00,90.432365
2012-01-26 08:00:00,90.432365
2012-01-26 09:00:00,101.29481
2012-01-26 10:00:00,99.57227
2012-01-26 11:00:00,95.0507
2012-01-26 12:00:00,111.71171
2012-01-26 13:00:00,142.90419
2012-01-26 14:00:00,128.4355
2012-01-26 15:00:00,133.40125
2012-01-26 16:00:00,126.45535
2012-01-26 17:00:00,163.00458
2012-01-26 18:00:00,163.00458
2012-01-26 19:00:00,127.68899
2012-01-26 20:00:00,131.85236
2012-01-26 21:00:00,127.68899
2012-01-26 22:00:00,138.81262
2012-01-26 23:00:00,148.40833
2012-01-27 00:00:00,119.64675
2012-01-27 01:00:00,125.31153
2012-01-27 02:00:00,154.65004
2012-01-27 03:00:00,127.94588
2012-01-27 04:00:00,94.83218
2012-01-27 05:00:00,110.63694
2012-01-27 06:00:00,93.61176
2012-01-27 07:00:00,104.68252
2012-01-27 08:00:00,119.82975
2012-01-27 09:00:00,119.82975
2012-01-27 10:00:00,134.49911
2012-01-27 11:00:00,178.15811
2012-01-27 12:00:00,153.66809
2012-01-27 13:00:00,214.624
2012-01-27 14:00:00,252.17139
2012-01-27 15:00:00,207.8305
2012-01-27 16:00:00,230.20091
2012-01-27 17:00:00,212.51868
2012-01-27 18:00:00,212.38898
2012-01-27 19:00:00,171.70462
2012-01-27 20:00:00,145.4363
2012-01-27 21:00:00,148.91095
2012-01-27 22:00:00,165.39285
2012-01-27 23:00:00,159.7487
2012-01-28 00:00:00,78.11909
2012-01-28 01:00:00,106.06494
2012-01-28 02:00:00,55.38625
2012-01-28 03:00:00,81.537415
2012-01-28 04:00:00,54.571373
2012-01-28 05:00:00,53.784637
2012-01-28 06:00:00,48.541855
2012-01-28 07:00:00,46.765293
2012-01-28 08:00:00,46.057774
2012-01-28 09:00:00,47.41955
2012-01-28 10:00:00,28.034245
2012-01-28 11:00:00,104.37246
2012-01-28 12:00:00,29.389618
2012-01-28 13:00:00,79.57021
2012-01-28 14:00:00,138.51666
2012-01-28 15:00:00,147.14899
2012-01-28 16:00:00,161.25296
2012-01-28 17:00:00,144.18373
2012-01-28 18:00:00,280.09335
2012-01-28 19:00:00,226.42303
2012-01-28 20:00:00,172.16174
2012-01-28 21:00:00,145.40242
2012-01-28 22:00:00,175.1845
2012-01-28 23:00:00,174.08276
2012-01-29 00:00:00,169.13872
2012-01-29 01:00:00,126.10259
2012-01-29 02:00:00,123.24534
2012-01-29 03:00:00,151.61383
2012-01-29 04:00:00,90.006584
2012-01-29 05:00:00,68.40357
2012-01-29 06:00:00,77.931854
2012-01-29 07:00:00,89.5358
2012-01-29 08:00:00,71.199135
2012-01-29 09:00:00,66.759544
2012-01-29 10:00:00,118.04119
2012-01-29 11:00:00,160.69363
2012-01-29 12:00:00,192.29185
2012-01-29 13:00:00,192.29185
2012-01-29 14:00:00,176.56848
2012-01-29 15:00:00,201.15686
2012-01-29 16:00:00,83.796524
2012-01-29 17:00:00,83.796425
2012-01-29 18:00:00,129.7739
2012-01-29 19:00:00,167.21034
2012-01-29 20:00:00,143.55688
2012-01-29 21:00:00,131.10785
2012-01-29 22:00:00,118.474106
2012-01-29 23:00:00,139.8867
2012-01-30 00:00:00,139.65245
2012-01-30 01:00:00,99.105675
2012-01-30 02:00:00,101.82035
2012-01-30 03:00:00,93.74698
2012-01-30 04:00:00,81.48927
2012-01-30 05:00:00,81.48927
2012-01-30 06:00:00,101.49913
2012-01-30 07:00:00,106.03999
2012-01-30 08:00:00,79.586464
2012-01-30 09:00:00,79.586464
2012-01-30 10:00:00,108.91848
2012-01-30 11:00:00,132.525
2012-01-30 12:00:00,125.23168
2012-01-30 13:00:00,194.63068
2012-01-30 14:00:00,217.21198
2012-01-30 15:00:00,199.1116
2012-01-30 16:00:00,217.47647
2012-01-30 17:00:00,223.1241
2012-01-30 18:00:00,220.26236
2012-01-30 19:00:00,138.14636
2012-01-30 20:00:00,153.6269
2012-01-30 21:00:00,140.01778
2012-01-30 22:00:00,110.929924
2012-01-30 23:00:00,96.28841
2012-01-31 00:00:00,101.688866
2012-01-31 01:00:00,159.57599
2012-01-31 02:00:00,145.33768
2012-01-31 03:00:00,131.57703
2012-01-31 04:00:00,112.931145
2012-01-31 05:00:00,112.931145
2012-01-31 06:00:00,103.870155
2012-01-31 07:00:00,96.2884
2012-01-31 08:00:00,110.604164
2012-01-31 09:00:00,109.531044
2012-01-31 10:00:00,101.72227
2012-01-31 11:00:00,231.12625
2012-01-31 12:00:00,205.49115
2012-01-31 13:00:00,252.88525
2012-01-31 14:00:00,233.00037
2012-01-31 15:00:00,215.7297
2012-01-31 16:00:00,215.7297
2012-01-31 17:00:00,231.43683
2012-01-31 18:00:00,196.06955
2012-01-31 19:00:00,237.96925
2012-01-31 20:00:00,184.99641
2012-01-31 21:00:00,262.33542
2012-01-31 22:00:00,255.27234
2012-01-31 23:00:00,238.13846
2012-02-20 00:00:00,64.48163
2012-02-20 01:00:00,64.48163
2012-02-20 02:00:00,64.48163
2012-02-20 03:00:00,63.00792
2012-02-20 05:00:00,87.30288
2012-02-20 06:00:00,70.01032
2012-02-20 07:00:00,69.6411
2012-02-20 08:00:00,60.733116
2012-02-20 09:00:00,60.733116
2012-02-20 10:00:00,65.34898
2012-02-20 11:00:00,78.81911
2012-02-20 12:00:00,90.67108
2012-02-20 13:00:00,86.812454
2012-02-20 14:00:00,129.58147
2012-02-20 15:00:00,139.41861
2012-02-20 16:00:00,202.92566
2012-02-20 17:00:00,180.13869
2012-02-20 18:00:00,139.41861
2012-02-20 19:00:00,139.41861
2012-02-20 20:00:00,146.08171
2012-02-20 21:00:00,115.30183
2012-02-20 22:00:00,102.26035
2012-02-20 23:00:00,104.64811
2012-02-21 00:00:00,88.8735
2012-02-21 01:00:00,101.80779
2012-02-21 02:00:00,86.80683
2012-02-21 04:00:00,82.33182
2012-02-21 05:00:00,87.32394
2012-02-21 06:00:00,89.416695
2012-02-21 07:00:00,82.33182
2012-02-21 08:00:00,86.18893
2012-02-21 09:00:00,92.23053
2012-02-21 10:00:00,92.60343
2012-02-21 11:00:00,65.66563
2012-02-21 12:00:00,100.50766
2012-02-21 13:00:00,172.292
2012-02-21 14:00:00,134.88475
2012-02-21 15:00:00,172.292
2012-02-21 16:00:00,189.25072
2012-02-21 17:00:00,209.95145
2012-02-21 18:00:00,209.95145
2012-02-21 19:00:00,168.79459
2012-02-21 20:00:00,126.93678
2012-02-21 21:00:00,139.30617
2012-02-21 22:00:00,100.20376
2012-02-21 23:00:00,114.282196
2012-02-22 00:00:00,114.282196
2012-02-22 01:00:00,142.10019
2012-02-22 02:00:00,120.43082
2012-02-22 03:00:00,96.640495
2012-02-22 04:00:00,148.29198
2012-02-22 05:00:00,141.2366
2012-02-22 06:00:00,139.36108
2012-02-22 07:00:00,121.1211
2012-02-22 08:00:00,114.86259
2012-02-22 09:00:00,134.17119
2012-02-22 10:00:00,141.1257
2012-02-22 11:00:00,153.55322
2012-02-22 12:00:00,148.00673
2012-02-22 13:00:00,171.1218
2012-02-22 14:00:00,184.7203
2012-02-22 15:00:00,251.81923
2012-02-22 16:00:00,218.65701
2012-02-22 17:00:00,270.15427
2012-02-22 18:00:00,286.2755
2012-02-22 19:00:00,244.60716
2012-02-22 20:00:00,207.02393
2012-02-22 21:00:00,240.53516
2012-02-22 22:00:00,215.91614
2012-02-22 23:00:00,264.22147
2012-02-23 00:00:00,215.91614
2012-02-23 01:00:00,150.1782
2012-02-23 02:00:00,133.65593
2012-02-23 03:00:00,161.65787
2012-02-23 04:00:00,164.3341
2012-02-23 05:00:00,164.3341
2012-02-23 06:00:00,134.0638
2012-02-23 07:00:00,147.32706
2012-02-23 08:00:00,128.64293
2012-02-23 09:00:00,136.4887
2012-02-23 10:00:00,175.86334
2012-02-23 11:00:00,211.87119
2012-02-23 12:00:00,237.92242
2012-02-23 13:00:00,270.46396
2012-02-23 14:00:00,281.98154
2012-02-23 15:00:00,319.35748
2012-02-23 16:00:00,356.37943
2012-02-23 17:00:00,299.71512
2012-02-23 18:00:00,319.38745
2012-02-23 19:00:00,288.21866
2012-02-23 20:00:00,231.15701
2012-02-23 21:00:00,177.41861
2012-02-23 22:00:00,169.68124
2012-02-23 23:00:00,177.82637
2012-02-24 00:00:00,153.83113
2012-02-24 01:00:00,180.80513
2012-02-24 02:00:00,94.518974
2012-02-24 03:00:00,159.86972
2012-02-24 04:00:00,142.0974
2012-02-24 05:00:00,128.23732
2012-02-24 06:00:00,131.15334
2012-02-24 07:00:00,119.264244
2012-02-24 08:00:00,103.051155
2012-02-24 09:00:00,72.90333
2012-02-24 10:00:00,91.226616
2012-02-24 11:00:00,114.53356
2012-02-24 12:00:00,129.0866
2012-02-24 13:00:00,133.40125
2012-02-24 14:00:00,142.83873
2012-02-24 15:00:00,97.57572
2012-02-24 16:00:00,97.57572
2012-02-24 17:00:00,115.74915
2012-02-24 18:00:00,125.93586
2012-02-24 19:00:00,147.43275
2012-02-24 20:00:00,189.73795
2012-02-24 21:00:00,145.8138
2012-02-24 22:00:00,195.78648
2012-02-24 23:00:00,154.70613
2012-02-25 00:00:00,133.80576
2012-02-25 01:00:00,127.73148
2012-02-25 02:00:00,114.25483
2012-02-25 03:00:00,103.83638
2012-02-25 04:00:00,116.79499
2012-02-25 05:00:00,103.86497
2012-02-25 06:00:00,103.86497
2012-02-25 07:00:00,70.29069
2012-02-25 08:00:00,80.887276
2012-02-25 09:00:00,20.01302
2012-02-25 10:00:00,32.407536
2012-02-25 11:00:00,112.218475
2012-02-25 12:00:00,133.56964
2012-02-25 13:00:00,149.21545
2012-02-25 14:00:00,139.97302
2012-02-25 15:00:00,132.23103
2012-02-25 16:00:00,106.09152
2012-02-25 17:00:00,130.69797
2012-02-25 18:00:00,123.273125
2012-02-25 19:00:00,124.008095
2012-02-25 20:00:00,118.23159
2012-02-25 21:00:00,94.99432
2012-02-25 22:00:00,106.528786
2012-02-25 23:00:00,76.95874
2012-02-26 00:00:00,75.76936
2012-02-26 01:00:00,75.04838
2012-02-26 02:00:00,75.04838
2012-02-26 03:00:00,103.33894
2012-02-26 04:00:00,103.33894
2012-02-26 05:00:00,71.722
2012-02-26 06:00:00,68.93238
2012-02-26 07:00:00,31.824635
2012-02-26 08:00:00,47.287903
2012-02-26 09:00:00,57.36209
2012-02-26 10:00:00,115.73109
2012-02-26 11:00:00,110.65246
2012-02-26 12:00:00,143.61063
2012-02-26 13:00:00,156.37921
2012-02-26 14:00:00,157.61058
2012-02-26 15:00:00,178.47891
2012-02-26 16:00:00,201.55417
2012-02-26 17:00:00,192.42612
2012-02-26 18:00:00,159.27899
2012-02-26 19:00:00,165.98636
2012-02-26 20:00:00,149.32504
2012-02-26 21:00:00,125.554634
2012-02-26 22:00:00,125.49612
2012-02-26 23:00:00,64.42607
2012-02-27 00:00:00,95.47478
2012-02-27 01:00:00,95.91689
2012-02-27 02:00:00,95.951035
2012-02-27 03:00:00,99.808266
2012-02-27 04:00:00,96.87669
2012-02-27 05:00:00,96.87669
2012-02-27 06:00:00,89.9037
2012-02-27 07:00:00,92.40748
2012-02-27 08:00:00,83.61905
2012-02-27 09:00:00,96.2884
2012-02-27 10:00:00,146.61443
2012-02-27 11:00:00,171.47409
2012-02-27 12:00:00,234.52258
2012-02-27 13:00:00,202.25705
2012-02-27 14:00:00,257.42062
2012-02-27 15:00:00,207.50793
2012-02-27 16:00:00,215.7297
2012-02-27 17:00:00,173.99896
2012-02-27 18:00:00,234.81125
2012-02-27 19:00:00,234.16647
2012-02-27 20:00:00,262.23044
2012-02-27 21:00:00,257.42062
2012-02-27 22:00:00,208.80862
2012-02-27 23:00:00,177.80954
2012-02-28 00:00:00,181.11006
2012-02-28 01:00:00,161.70468
2012-02-28 02:00:00,180.59381
2012-02-28 03:00:00,236.66055
2012-02-28 04:00:00,170.07086
2012-02-28 05:00:00,170.07086
2012-02-28 06:00:00,151.81595
2012-02-28 07:00:00,134.27246
2012-02-28 08:00:00,109.5429
2012-02-28 09:00:00,140.03807
2012-02-28 10:00:00,159.57599
2012-02-28 11:00:00,195.08218
2012-02-28 12:00:00,199.72873
2012-02-28 13:00:00,219.7655
2012-02-28 14:00:00,251.34003
2012-02-28 15:00:00,252.37244
2012-02-28 16:00:00,273.0872
2012-02-28 17:00:00,252.37244
2012-02-28 18:00:00,245.5058
2012-02-28 19:00:00,256.65656
2012-02-28 20:00:00,242.37656
2012-02-28 21:00:00,156.7403
2012-02-28 22:00:00,156.7403
2012-02-28 23:00:00,113.1383
2012-02-29 00:00:00,141.53607
2012-02-29 01:00:00,144.26875
2012-02-29 02:00:00,108.80429
2012-02-29 03:00:00,115.52459
2012-02-29 05:00:00,101.27451
2012-02-29 06:00:00,93.54611
2012-02-29 07:00:00,87.60146
2012-02-29 08:00:00,92.24211
2012-02-29 09:00:00,72.22995
2012-02-29 10:00:00,72.22995
2012-02-29 11:00:00,61.83623
2012-02-29 12:00:00,55.18517
2012-02-29 13:00:00,54.037754
2012-02-29 14:00:00,54.037754
2012-02-29 15:00:00,116.720955
2012-02-29 16:00:00,91.70647
2012-02-29 17:00:00,131.15334
2012-02-29 18:00:00,122.7709
2012-02-29 19:00:00,127.0068
2012-02-29 20:00:00,107.99413
2012-02-29 21:00:00,107.99413
2012-02-29 22:00:00,102.62406
2012-02-29 23:00:00,102.62406
2012-03-20 00:00:00,203.13585
2012-03-20 01:00:00,161.81418
2012-03-20 02:00:00,174.04936
2012-03-20 03:00:00,266.03778
2012-03-20 04:00:00,197.48486
2012-03-20 05:00:00,207.02469
2012-03-20 06:00:00,216.59677
2012-03-20 07:00:00,136.62097
2012-03-20 08:00:00,199.7789
2012-03-20 09:00:00,203.0708
2012-03-20 10:00:00,195.05464
2012-03-20 11:00:00,237.59317
2012-03-20 12:00:00,323.89355
2012-03-20 13:00:00,318.84967
2012-03-20 14:00:00,205.92459
2012-03-20 15:00:00,259.73254
2012-03-20 16:00:00,383.20462
2012-03-20 17:00:00,331.95462
2012-03-20 18:00:00,350.00296
2012-03-20 19:00:00,264.6841
2012-03-20 20:00:00,232.96445
2012-03-20 21:00:00,160.47269
2012-03-20 22:00:00,166.23877
2012-03-20 23:00:00,161.06348
2012-03-21 00:00:00,113.58388
2012-03-21 01:00:00,128.04655
2012-03-21 02:00:00,130.02626
2012-03-21 03:00:00,159.94435
2012-03-21 04:00:00,157.66577
2012-03-21 05:00:00,157.66577
2012-03-21 06:00:00,155.43065
2012-03-21 07:00:00,111.02735
2012-03-21 08:00:00,114.833015
2012-03-21 09:00:00,158.80696
2012-03-21 10:00:00,167.30801
2012-03-21 11:00:00,167.30801
2012-03-21 12:00:00,158.60573
2012-03-21 13:00:00,142.31126
2012-03-21 14:00:00,163.9477
2012-03-21 15:00:00,163.9477
2012-03-21 16:00:00,130.56659
2012-03-21 17:00:00,203.19754
2012-03-21 18:00:00,137.69263
2012-03-21 19:00:00,170.3094
2012-03-21 20:00:00,140.38701
2012-03-21 21:00:00,132.50671
2012-03-21 22:00:00,152.1769
2012-03-21 23:00:00,118.57136
2012-03-22 00:00:00,128.04655
2012-03-22 01:00:00,128.04655
2012-03-22 02:00:00,128.04655
2012-03-22 03:00:00,128.04655
2012-03-22 04:00:00,122.477486
2012-03-22 05:00:00,122.477486
2012-03-22 06:00:00,122.477486
2012-03-22 07:00:00,122.477486
2012-03-22 08:00:00,146.15248
2012-03-22 09:00:00,146.15248
2012-03-22 10:00:00,129.57144
2012-03-22 11:00:00,116.324196
2012-03-22 12:00:00,181.46335
2012-03-22 13:00:00,148.01227
2012-03-22 14:00:00,185.40543
2012-03-22 15:00:00,283.56204
2012-03-22 16:00:00,316.46332
2012-03-22 17:00:00,323.83655
2012-03-22 18:00:00,323.83655
2012-03-22 19:00:00,224.00073
2012-03-22 20:00:00,312.85147
2012-03-22 21:00:00,189.69737
2012-03-22 22:00:00,185.04276
2012-03-22 23:00:00,139.2168
2012-03-23 00:00:00,123.263466
2012-03-23 01:00:00,116.78924
2012-03-23 02:00:00,134.11853
2012-03-23 03:00:00,130.62685
2012-03-23 04:00:00,154.59657
2012-03-23 05:00:00,113.31467
2012-03-23 06:00:00,115.5665
2012-03-23 07:00:00,159.9242
2012-03-23 08:00:00,160.3759
2012-03-23 09:00:00,163.34166
2012-03-23 10:00:00,183.78416
2012-03-23 11:00:00,217.06567
2012-03-23 12:00:00,257.03522
2012-03-23 13:00:00,334.18408
2012-03-23 14:00:00,355.9315
2012-03-23 15:00:00,355.061
2012-03-23 16:00:00,347.79788
2012-03-23 17:00:00,347.79788
2012-03-23 18:00:00,396.26846
2012-03-23 19:00:00,402.31033
2012-03-23 20:00:00,368.3812
2012-03-23 21:00:00,319.59167
2012-03-23 22:00:00,294.21213
2012-03-23 23:00:00,287.23807
2012-03-24 00:00:00,104.57905
2012-03-24 01:00:00,107.82746
2012-03-24 02:00:00,103.617516
2012-03-24 03:00:00,103.617516
2012-03-24 04:00:00,93.99928
2012-03-24 05:00:00,152.49774
2012-03-24 06:00:00,152.49774
2012-03-24 07:00:00,135.00658
2012-03-24 08:00:00,126.02604
2012-03-24 09:00:00,150.51578
2012-03-24 10:00:00,151.53877
2012-03-24 11:00:00,126.02604
2012-03-24 12:00:00,169.17209
2012-03-24 13:00:00,167.85889
2012-03-24 14:00:00,170.69302
2012-03-24 15:00:00,128.70897
2012-03-24 16:00:00,158.99178
2012-03-24 17:00:00,161.95865
2012-03-24 18:00:00,132.85884
2012-03-24 19:00:00,114.0537
2012-03-24 20:00:00,111.111824
2012-03-24 21:00:00,111.111824
2012-03-24 22:00:00,114.1943
2012-03-24 23:00:00,73.79649
2012-03-25 00:00:00,73.79649
2012-03-25 01:00:00,68.892235
2012-03-25 02:00:00,101.52129
2012-03-25 03:00:00,111.378975
2012-03-25 04:00:00,52.601627
2012-03-25 05:00:00,59.816822
2012-03-25 06:00:00,59.816822
2012-03-25 07:00:00,51.164955
2012-03-25 08:00:00,51.164955
2012-03-25 09:00:00,68.93727
2012-03-25 10:00:00,52.97673
2012-03-25 11:00:00,68.93727
2012-03-25 12:00:00,84.719734
2012-03-25 13:00:00,103.381134
2012-03-25 14:00:00,111.41491
2012-03-25 15:00:00,117.74104
2012-03-25 16:00:00,82.3722
2012-03-25 17:00:00,90.17873
2012-03-25 18:00:00,90.17873
2012-03-25 19:00:00,172.39569
2012-03-25 20:00:00,138.33609
2012-03-25 21:00:00,97.55761
2012-03-25 22:00:00,87.477776
2012-03-25 23:00:00,92.847786
2012-03-26 00:00:00,145.33878
2012-03-26 01:00:00,190.68724
2012-03-26 02:00:00,149.6577
2012-03-26 03:00:00,148.1561
2012-03-26 04:00:00,123.40984
2012-03-26 05:00:00,136.68192
2012-03-26 06:00:00,129.5095
2012-03-26 07:00:00,154.53336
2012-03-26 08:00:00,162.39551
2012-03-26 09:00:00,217.95734
2012-03-26 10:00:00,245.36465
2012-03-26 11:00:00,257.93292
2012-03-26 12:00:00,276.12897
2012-03-26 13:00:00,215.58978
2012-03-26 14:00:00,292.12448
2012-03-26 15:00:00,253.81917
2012-03-26 16:00:00,249.59631
2012-03-26 17:00:00,299.60474
2012-03-26 18:00:00,279.1453
2012-03-26 19:00:00,271.8173
2012-03-26 20:00:00,214.63943
2012-03-26 21:00:00,193.98038
2012-03-26 22:00:00,199.45216
2012-03-26 23:00:00,105.29913
2012-03-27 00:00:00,81.41845
2012-03-27 01:00:00,73.057976
2012-03-27 02:00:00,96.88622
2012-03-27 03:00:00,79.13156
2012-03-27 04:00:00,53.773735
2012-03-27 05:00:00,114.0329
2012-03-27 06:00:00,128.84444
2012-03-27 07:00:00,128.84444
2012-03-27 08:00:00,108.657135
2012-03-27 09:00:00,139.31201
2012-03-27 10:00:00,144.18655
2012-03-27 11:00:00,170.43721
2012-03-27 12:00:00,179.65579
2012-03-27 13:00:00,172.224
2012-03-27 14:00:00,251.39185
2012-03-27 15:00:00,170.4795
2012-03-27 16:00:00,170.4795
2012-03-27 17:00:00,182.05345
2012-03-27 18:00:00,248.1762
2012-03-27 19:00:00,170.61714
2012-03-27 20:00:00,248.1762
2012-03-27 21:00:00,188.15125
2012-03-27 22:00:00,191.99747
2012-03-27 23:00:00,185.42072
2012-03-28 00:00:00,189.26828
2012-03-28 01:00:00,174.72417
2012-03-28 02:00:00,156.94112
2012-03-28 03:00:00,175.98373
2012-03-28 04:00:00,185.02988
2012-03-28 05:00:00,185.02988
2012-03-28 06:00:00,177.73927
2012-03-28 07:00:00,183.48253
2012-03-28 08:00:00,195.5502
2012-03-28 09:00:00,182.09634
2012-03-28 10:00:00,223.8985
2012-03-28 11:00:00,249.70566
2012-03-28 12:00:00,281.55087
2012-03-28 13:00:00,296.55145
2012-03-28 14:00:00,407.76398
2012-03-28 15:00:00,298.4807
2012-03-28 16:00:00,290.79465
2012-03-28 17:00:00,323.51254
2012-03-28 18:00:00,323.51254
2012-03-28 19:00:00,336.42447
2012-03-28 20:00:00,305.84485
2012-03-28 21:00:00,265.68683
2012-03-28 22:00:00,225.04114
2012-03-28 23:00:00,192.06073
2012-03-29 00:00:00,216.45126
2012-03-29 01:00:00,246.4335
2012-03-29 02:00:00,461.8179
2012-03-29 03:00:00,425.42575
2012-03-29 04:00:00,306.5323
2012-03-29 05:00:00,239.93317
2012-03-29 06:00:00,186.3832
2012-03-29 07:00:00,227.66273
2012-03-29 08:00:00,218.2021
2012-03-29 09:00:00,230.17725
2012-03-29 10:00:00,213.11307
2012-03-29 11:00:00,238.72476
2012-03-29 12:00:00,235.01025
2012-03-29 13:00:00,233.02615
2012-03-29 14:00:00,257.8633
2012-03-29 15:00:00,297.3774
2012-03-29 16:00:00,319.9737
2012-03-29 17:00:00,299.12222
2012-03-29 18:00:00,277.4556
2012-03-29 19:00:00,260.45645
2012-03-29 20:00:00,255.66953
2012-03-29 21:00:00,212.36191
2012-03-29 22:00:00,202.55658
2012-03-29 23:00:00,201.60394
2012-03-30 00:00:00,191.48659
2012-03-30 01:00:00,169.49644
2012-03-30 02:00:00,152.60649
2012-03-30 03:00:00,101.42547
2012-03-30 04:00:00,127.0942
2012-03-30 05:00:00,101.61666
2012-03-30 06:00:00,103.20356
2012-03-30 07:00:00,98.526634
2012-03-30 08:00:00,95.72843
2012-03-30 09:00:00,105.25756
2012-03-30 10:00:00,120.96937
2012-03-30 11:00:00,152.96686
2012-03-30 12:00:00,153.88123
2012-03-30 13:00:00,142.97372
2012-03-30 14:00:00,143.52188
2012-03-30 15:00:00,149.09607
2012-03-30 16:00:00,158.27158
2012-03-30 17:00:00,121.67472
2012-03-30 18:00:00,163.07343
2012-03-30 19:00:00,137.19481
2012-03-30 20:00:00,134.31253
2012-03-30 21:00:00,121.00532
2012-03-30 22:00:00,115.26754
2012-03-30 23:00:00,82.451805
2012-03-31 00:00:00,81.301575
2012-03-31 01:00:00,110.878105
2012-03-31 02:00:00,122.546844
2012-03-31 03:00:00,104.26018
2012-03-31 04:00:00,71.447945
2012-03-31 05:00:00,92.55036
2012-03-31 06:00:00,83.028145
2012-03-31 07:00:00,83.028145
2012-03-31 08:00:00,81.951706
2012-03-31 09:00:00,110.878105
2012-03-31 10:00:00,111.85493
2012-03-31 11:00:00,86.13928
2012-03-31 12:00:00,80.58704
2012-03-31 13:00:00,175.7619
2012-03-31 14:00:00,205.53845
2012-03-31 15:00:00,250.15657
2012-03-31 16:00:00,217.61264
2012-03-31 17:00:00,143.4247
2012-03-31 18:00:00,133.4111
2012-03-31 19:00:00,75.86318
2012-03-31 20:00:00,121.01556
2012-03-31 21:00:00,121.01556
2012-03-31 22:00:00,106.74544
2012-03-31 23:00:00,75.66162
2012-04-20 00:00:00,148.62921
2012-04-20 01:00:00,148.1561
2012-04-20 02:00:00,127.13093
2012-04-20 03:00:00,111.56307
2012-04-20 04:00:00,110.23968
2012-04-20 05:00:00,97.04725
2012-04-20 06:00:00,97.723274
2012-04-20 07:00:00,97.04725
2012-04-20 08:00:00,100.401985
2012-04-20 09:00:00,112.6126
2012-04-20 10:00:00,177.77968
2012-04-20 11:00:00,212.30339
2012-04-20 12:00:00,303.9357
2012-04-20 13:00:00,362.27188
2012-04-20 14:00:00,367.08707
2012-04-20 15:00:00,368.04813
2012-04-20 16:00:00,380.35257
2012-04-20 17:00:00,360.19714
2012-04-20 18:00:00,336.2339
2012-04-20 19:00:00,342.7637
2012-04-20 20:00:00,292.51205
2012-04-20 21:00:00,200.69028
2012-04-20 22:00:00,225.99301
2012-04-20 23:00:00,165.53494
2012-04-21 00:00:00,149.40363
2012-04-21 01:00:00,149.40363
2012-04-21 02:00:00,104.942665
2012-04-21 03:00:00,125.70835
2012-04-21 04:00:00,135.72499
2012-04-21 05:00:00,135.72499
2012-04-21 06:00:00,125.70839
2012-04-21 07:00:00,136.28639
2012-04-21 08:00:00,143.81934
2012-04-21 09:00:00,119.6633
2012-04-21 10:00:00,355.53415
2012-04-21 11:00:00,434.26254
2012-04-21 12:00:00,356.94894
2012-04-21 13:00:00,382.5424
2012-04-21 14:00:00,522.02893
2012-04-21 15:00:00,560.4364
2012-04-21 16:00:00,607.527
2012-04-21 17:00:00,540.69525
2012-04-21 18:00:00,348.64703
2012-04-21 19:00:00,212.26555
2012-04-21 20:00:00,170.19363
2012-04-21 21:00:00,164.56052
2012-04-21 22:00:00,126.0471
2012-04-21 23:00:00,125.44375
2012-04-22 00:00:00,133.65228
2012-04-22 01:00:00,98.08444
2012-04-22 02:00:00,155.8772
2012-04-22 03:00:00,119.787926
2012-04-22 04:00:00,126.76545
2012-04-22 05:00:00,134.33427
2012-04-22 06:00:00,137.30977
2012-04-22 07:00:00,130.96095
2012-04-22 08:00:00,104.08342
2012-04-22 09:00:00,104.08342
2012-04-22 10:00:00,108.65273
2012-04-22 11:00:00,100.676384
2012-04-22 12:00:00,104.746574
2012-04-22 13:00:00,103.65708
2012-04-22 14:00:00,104.746574
2012-04-22 15:00:00,111.12309
2012-04-22 16:00:00,126.53158
2012-04-22 17:00:00,64.44812
2012-04-22 18:00:00,64.44812
2012-04-22 19:00:00,57.54822
2012-04-22 20:00:00,82.39497
2012-04-22 21:00:00,107.468605
2012-04-22 22:00:00,40.33464
2012-04-22 23:00:00,112.6254
2012-04-23 00:00:00,52.056816
2012-04-23 01:00:00,52.042034
2012-04-23 02:00:00,73.52629
2012-04-23 03:00:00,76.32677
2012-04-23 04:00:00,45.1008
2012-04-23 05:00:00,45.1008
2012-04-23 06:00:00,66.831535
2012-04-23 07:00:00,51.019104
2012-04-23 08:00:00,63.331734
2012-04-23 09:00:00,65.30153
2012-04-23 10:00:00,73.96615
2012-04-23 11:00:00,75.99554
2012-04-23 12:00:00,60.723946
2012-04-23 13:00:00,85.252556
2012-04-23 14:00:00,132.0489
2012-04-23 15:00:00,119.54745
2012-04-23 16:00:00,46.593334
2012-04-23 17:00:00,44.937004
2012-04-23 18:00:00,80.729095
2012-04-23 19:00:00,83.31412
2012-04-23 20:00:00,77.446266
2012-04-23 21:00:00,81.38358
2012-04-23 22:00:00,105.225655
2012-04-23 23:00:00,96.76055
2012-04-24 00:00:00,79.14455
2012-04-24 01:00:00,78.78583
2012-04-24 02:00:00,101.0483
2012-04-24 03:00:00,113.187675
2012-04-24 04:00:00,94.513145
2012-04-24 05:00:00,94.513145
2012-04-24 06:00:00,97.485664
2012-04-24 07:00:00,115.59506
2012-04-24 08:00:00,114.53145
2012-04-24 09:00:00,204.37686
2012-04-24 10:00:00,201.60394
2012-04-24 11:00:00,303.24405
2012-04-24 12:00:00,336.3561
2012-04-24 13:00:00,353.1108
2012-04-24 14:00:00,365.96716
2012-04-24 15:00:00,354.19687
2012-04-24 16:00:00,364.95047
2012-04-24 17:00:00,378.02383
2012-04-24 18:00:00,256.92502
2012-04-24 19:00:00,341.90347
2012-04-24 20:00:00,341.65298
2012-04-24 21:00:00,250.29709
2012-04-24 22:00:00,260.7533
2012-04-24 23:00:00,229.60973
2012-04-25 00:00:00,211.23161
2012-04-25 01:00:00,198.25394
2012-04-25 02:00:00,75.790565
2012-04-25 03:00:00,81.691
2012-04-25 04:00:00,93.80078
2012-04-25 05:00:00,78.132645
2012-04-25 06:00:00,78.132645
2012-04-25 07:00:00,79.12449
2012-04-25 08:00:00,91.01792
2012-04-25 09:00:00,129.32062
2012-04-25 10:00:00,282.3709
2012-04-25 11:00:00,340.2184
2012-04-25 12:00:00,397.3584
2012-04-25 13:00:00,430.24234
2012-04-25 14:00:00,413.73843
2012-04-25 15:00:00,400.3762
2012-04-25 16:00:00,390.61295
2012-04-25 17:00:00,392.31363
2012-04-25 18:00:00,392.5663
2012-04-25 19:00:00,417.67905
2012-04-25 20:00:00,393.2601
2012-04-25 21:00:00,237.9807
2012-04-25 22:00:00,188.34116
2012-04-25 23:00:00,198.55386
2012-04-26 00:00:00,153.61249
2012-04-26 01:00:00,199.5606
2012-04-26 02:00:00,177.9491
2012-04-26 03:00:00,177.93372
2012-04-26 04:00:00,168.28069
2012-04-26 05:00:00,159.08797
2012-04-26 06:00:00,161.0154
2012-04-26 07:00:00,87.76405
2012-04-26 08:00:00,105.981346
2012-04-26 09:00:00,107.37849
2012-04-26 10:00:00,139.99951
2012-04-26 11:00:00,144.80922
2012-04-26 12:00:00,166.16681
2012-04-26 13:00:00,156.09683
2012-04-26 14:00:00,176.49478
2012-04-26 15:00:00,160.8349
2012-04-26 16:00:00,169.87917
2012-04-26 17:00:00,176.59946
2012-04-26 18:00:00,176.49478
2012-04-26 19:00:00,177.63599
2012-04-26 20:00:00,193.53964
2012-04-26 21:00:00,187.17111
2012-04-26 22:00:00,152.1769
2012-04-26 23:00:00,134.14915
2012-04-27 00:00:00,230.55678
2012-04-27 01:00:00,223.88266
2012-04-27 02:00:00,218.11047
2012-04-27 03:00:00,193.06969
2012-04-27 04:00:00,192.94838
2012-04-27 05:00:00,214.44897
2012-04-27 06:00:00,187.82901
2012-04-27 07:00:00,169.49644
2012-04-27 08:00:00,148.04163
2012-04-27 09:00:00,181.37665
2012-04-27 10:00:00,228.04953
2012-04-27 11:00:00,242.2388
2012-04-27 12:00:00,268.8563
2012-04-27 13:00:00,286.8653
2012-04-27 14:00:00,299.7962
2012-04-27 15:00:00,347.3005
2012-04-27 16:00:00,372.99728
2012-04-27 17:00:00,409.52145
2012-04-27 18:00:00,394.52444
2012-04-27 19:00:00,367.9181
2012-04-27 20:00:00,318.712
2012-04-27 21:00:00,289.4084
2012-04-27 22:00:00,220.82715
2012-04-27 23:00:00,199.64291
2012-04-28 00:00:00,142.87878
2012-04-28 01:00:00,134.73949
2012-04-28 02:00:00,125.17184
2012-04-28 03:00:00,108.71357
2012-04-28 04:00:00,100.120674
2012-04-28 05:00:00,105.73406
2012-04-28 06:00:00,101.58965
2012-04-28 07:00:00,100.120674
2012-04-28 08:00:00,145.9448
2012-04-28 09:00:00,120.86855
2012-04-28 10:00:00,111.1843
2012-04-28 11:00:00,64.496994
2012-04-28 12:00:00,92.6567
2012-04-28 13:00:00,147.67851
2012-04-28 14:00:00,165.02835
2012-04-28 15:00:00,172.26721
2012-04-28 16:00:00,190.61212
2012-04-28 17:00:00,120.07816
2012-04-28 18:00:00,9.455794
2012-04-28 19:00:00,49.44769
2012-04-28 20:00:00,123.467415
2012-04-28 21:00:00,55.71016
2012-04-28 22:00:00,99.00422
2012-04-28 23:00:00,105.09157
2012-04-29 00:00:00,54.95327
2012-04-29 01:00:00,89.83617
2012-04-29 02:00:00,85.10715
2012-04-29 03:00:00,81.951706
2012-04-29 04:00:00,83.5596
2012-04-29 05:00:00,41.982662
2012-04-29 06:00:00,70.147156
2012-04-29 07:00:00,76.98322
2012-04-29 08:00:00,73.20826
2012-04-29 09:00:00,70.727356
2012-04-29 10:00:00,71.79154
2012-04-29 11:00:00,140.94608
2012-04-29 12:00:00,215.42389
2012-04-29 13:00:00,231.6527
2012-04-29 14:00:00,383.81805
2012-04-29 15:00:00,346.2084
2012-04-29 16:00:00,498.7526
2012-04-29 17:00:00,570.7995
2012-04-29 18:00:00,526.12286
2012-04-29 19:00:00,376.8298
2012-04-29 20:00:00,391.4844
2012-04-29 21:00:00,252.99039
2012-04-29 22:00:00,226.51294
2012-04-29 23:00:00,96.78525
2012-04-30 00:00:00,116.92397
2012-04-30 01:00:00,99.713425
2012-04-30 02:00:00,127.82682
2012-04-30 03:00:00,121.51202
2012-04-30 04:00:00,134.83241
2012-04-30 05:00:00,134.83241
2012-04-30 06:00:00,173.42778
2012-04-30 07:00:00,164.25766
2012-04-30 08:00:00,186.82034
2012-04-30 09:00:00,188.06381
2012-04-30 10:00:00,194.47015
2012-04-30 11:00:00,192.61972
2012-04-30 12:00:00,191.19156
2012-04-30 13:00:00,189.14984
2012-04-30 14:00:00,188.94698
2012-04-30 15:00:00,199.9014
2012-04-30 16:00:00,263.55643
2012-04-30 17:00:00,256.58344
2012-04-30 18:00:00,205.80069
2012-04-30 19:00:00,188.35468
2012-04-30 20:00:00,191.09494
2012-04-30 21:00:00,191.09494
2012-04-30 22:00:00,199.96301
2012-04-30 23:00:00,193.98819
2012-05-20 00:00:00,253.86935
2012-05-20 01:00:00,199.42308
2012-05-20 02:00:00,199.42308
2012-05-20 03:00:00,173.8409
2012-05-20 04:00:00,96.671936
2012-05-20 05:00:00,93.492065
2012-05-20 06:00:00,127.401215
2012-05-20 07:00:00,153.26976
2012-05-20 08:00:00,237.25183
2012-05-20 09:00:00,560.4178
2012-05-20 10:00:00,637.05286
2012-05-20 11:00:00,647.58374
2012-05-20 12:00:00,646.7929
2012-05-20 13:00:00,598.55273
2012-05-20 14:00:00,650.3858
2012-05-20 15:00:00,454.5845
2012-05-20 16:00:00,623.93646
2012-05-20 17:00:00,586.4399
2012-05-20 18:00:00,503.7773
2012-05-20 19:00:00,515.21643
2012-05-20 20:00:00,515.21655
2012-05-20 21:00:00,409.0535
2012-05-20 22:00:00,323.13223
2012-05-20 23:00:00,244.07465
2012-05-21 00:00:00,134.50787
2012-05-21 01:00:00,126.97921
2012-05-21 02:00:00,132.5677
2012-05-21 03:00:00,192.91316
2012-05-21 04:00:00,128.2993
2012-05-21 05:00:00,128.2993
2012-05-21 06:00:00,128.2993
2012-05-21 07:00:00,128.2993
2012-05-21 08:00:00,134.02003
2012-05-21 09:00:00,136.28018
2012-05-21 10:00:00,136.41054
2012-05-21 11:00:00,210.07092
2012-05-21 12:00:00,217.92365
2012-05-21 13:00:00,144.3803
2012-05-21 14:00:00,154.86717
2012-05-21 15:00:00,234.6976
2012-05-21 16:00:00,233.95958
2012-05-21 17:00:00,243.28378
2012-05-21 18:00:00,210.42972
2012-05-21 19:00:00,242.44652
2012-05-21 20:00:00,260.71353
2012-05-21 21:00:00,218.27325
2012-05-21 22:00:00,223.26064
2012-05-21 23:00:00,312.85147
2012-05-22 00:00:00,230.05371
2012-05-22 01:00:00,196.62393
2012-05-22 02:00:00,192.49872
2012-05-22 03:00:00,192.49872
2012-05-22 04:00:00,191.0841
2012-05-22 05:00:00,140.37572
2012-05-22 06:00:00,154.87067
2012-05-22 07:00:00,154.87067
2012-05-22 08:00:00,187.90936
2012-05-22 09:00:00,201.80675
2012-05-22 10:00:00,199.48117
2012-05-22 11:00:00,182.01973
2012-05-22 12:00:00,211.72586
2012-05-22 13:00:00,209.28165
2012-05-22 14:00:00,226.46165
2012-05-22 15:00:00,339.12415
2012-05-22 16:00:00,335.661
2012-05-22 17:00:00,296.9902
2012-05-22 18:00:00,360.17813
2012-05-22 19:00:00,324.6577
2012-05-22 20:00:00,310.07516
2012-05-22 21:00:00,190.59518
2012-05-22 22:00:00,186.20456
2012-05-22 23:00:00,196.36346
2012-05-23 00:00:00,190.59518
2012-05-23 01:00:00,183.80397
2012-05-23 02:00:00,210.07092
2012-05-23 03:00:00,165.9975
2012-05-23 04:00:00,145.45361
2012-05-23 05:00:00,134.02003
2012-05-23 06:00:00,142.65677
2012-05-23 07:00:00,128.93585
2012-05-23 08:00:00,128.93585
2012-05-23 09:00:00,190.0774
2012-05-23 10:00:00,165.87358
2012-05-23 11:00:00,148.12018
2012-05-23 12:00:00,254.00275
2012-05-23 13:00:00,259.35565
2012-05-23 14:00:00,321.93222
2012-05-23 15:00:00,277.98715
2012-05-23 16:00:00,288.15442
2012-05-23 17:00:00,232.5871
2012-05-23 18:00:00,232.5871
2012-05-23 19:00:00,219.32123
2012-05-23 20:00:00,209.05429
2012-05-23 21:00:00,174.5676
2012-05-23 22:00:00,219.32123
2012-05-23 23:00:00,166.85918
2012-05-24 00:00:00,149.0734
2012-05-24 01:00:00,151.44191
2012-05-24 02:00:00,133.51826
2012-05-24 03:00:00,202.07191
2012-05-24 04:00:00,210.33614
2012-05-24 05:00:00,210.33614
2012-05-24 06:00:00,210.33614
2012-05-24 07:00:00,153.21729
2012-05-24 08:00:00,215.91637
2012-05-24 09:00:00,235.94588
2012-05-24 10:00:00,289.05396
2012-05-24 11:00:00,305.4755
2012-05-24 12:00:00,378.82022
2012-05-24 13:00:00,443.483
2012-05-24 14:00:00,490.78864
2012-05-24 15:00:00,509.22147
2012-05-24 16:00:00,544.231
2012-05-24 17:00:00,548.04236
2012-05-24 18:00:00,519.56213
2012-05-24 19:00:00,499.4962
2012-05-24 20:00:00,244.7496
2012-05-24 21:00:00,182.0482
2012-05-24 22:00:00,219.42886
2012-05-24 23:00:00,223.57669
2012-05-25 00:00:00,174.90857
2012-05-25 01:00:00,154.97147
2012-05-25 02:00:00,174.5676
2012-05-25 03:00:00,211.3799
2012-05-25 04:00:00,159.04503
2012-05-25 05:00:00,208.33656
2012-05-25 06:00:00,211.3799
2012-05-25 07:00:00,219.6441
2012-05-25 08:00:00,220.80919
2012-05-25 09:00:00,224.93439
2012-05-25 10:00:00,246.25331
2012-05-25 11:00:00,228.00302
2012-05-25 12:00:00,332.25327
2012-05-25 13:00:00,410.0156
2012-05-25 14:00:00,438.88364
2012-05-25 15:00:00,469.71066
2012-05-25 16:00:00,482.27518
2012-05-25 17:00:00,542.6988
2012-05-25 18:00:00,469.71066
2012-05-25 19:00:00,480.53677
2012-05-25 20:00:00,365.59
2012-05-25 21:00:00,342.02786
2012-05-25 22:00:00,219.32814
2012-05-25 23:00:00,268.08456
2012-05-26 00:00:00,139.71367
2012-05-26 01:00:00,136.26038
2012-05-26 02:00:00,135.5701
2012-05-26 03:00:00,123.47886
2012-05-26 04:00:00,130.1962
2012-05-26 05:00:00,175.19696
2012-05-26 06:00:00,136.21199
2012-05-26 07:00:00,179.01811
2012-05-26 08:00:00,142.37726
2012-05-26 09:00:00,153.11923
2012-05-26 10:00:00,230.36446
2012-05-26 11:00:00,254.68227
2012-05-26 12:00:00,388.358
2012-05-26 13:00:00,371.32016
2012-05-26 14:00:00,373.953
2012-05-26 15:00:00,417.75693
2012-05-26 16:00:00,401.61252
2012-05-26 17:00:00,409.69476
2012-05-26 18:00:00,371.02817
2012-05-26 19:00:00,372.83914
2012-05-26 20:00:00,352.78543
2012-05-26 21:00:00,325.675
2012-05-26 22:00:00,330.98
2012-05-26 23:00:00,330.98
2012-05-27 00:00:00,298.35593
2012-05-27 01:00:00,253.73419
2012-05-27 02:00:00,248.44539
2012-05-27 03:00:00,194.39868
2012-05-27 04:00:00,142.83507
2012-05-27 05:00:00,142.83507
2012-05-27 06:00:00,134.26318
2012-05-27 07:00:00,136.34164
2012-05-27 08:00:00,153.11923
2012-05-27 09:00:00,187.14261
2012-05-27 10:00:00,307.59167
2012-05-27 11:00:00,391.50308
2012-05-27 12:00:00,409.05753
2012-05-27 13:00:00,366.46933
2012-05-27 14:00:00,395.33633
2012-05-27 15:00:00,451.5489
2012-05-27 16:00:00,451.5489
2012-05-27 17:00:00,519.5397
2012-05-27 18:00:00,434.78586
2012-05-27 19:00:00,366.46933
2012-05-27 20:00:00,371.66537
2012-05-27 21:00:00,304.39645
2012-05-27 22:00:00,167.8605
2012-05-27 23:00:00,203.05597
2012-05-28 00:00:00,131.18945
2012-05-28 01:00:00,180.21396
2012-05-28 02:00:00,127.850266
2012-05-28 03:00:00,119.86045
2012-05-28 04:00:00,106.7376
2012-05-28 05:00:00,106.7376
2012-05-28 06:00:00,119.86045
2012-05-28 07:00:00,106.44695
2012-05-28 08:00:00,100.24001
2012-05-28 09:00:00,160.25204
2012-05-28 10:00:00,160.25204
2012-05-28 11:00:00,204.71713
2012-05-28 12:00:00,293.59393
2012-05-28 13:00:00,477.88907
2012-05-28 14:00:00,477.88907
2012-05-28 15:00:00,489.8712
2012-05-28 16:00:00,495.3409
2012-05-28 17:00:00,489.8712
2012-05-28 18:00:00,487.38748
2012-05-28 19:00:00,483.5524
2012-05-28 20:00:00,465.79367
2012-05-28 21:00:00,397.99103
2012-05-28 22:00:00,213.33917
2012-05-28 23:00:00,181.60092
2012-05-29 00:00:00,284.49576
2012-05-29 01:00:00,284.49576
2012-05-29 02:00:00,207.43564
2012-05-29 03:00:00,345.39883
2012-05-29 04:00:00,268.08456
2012-05-29 05:00:00,268.08456
2012-05-29 06:00:00,268.08456
2012-05-29 07:00:00,268.08456
2012-05-29 08:00:00,319.92126
2012-05-29 09:00:00,405.01602
2012-05-29 10:00:00,486.77994
2012-05-29 11:00:00,563.22516
2012-05-29 12:00:00,540.8479
2012-05-29 13:00:00,461.26822
2012-05-29 14:00:00,457.51993
2012-05-29 15:00:00,425.9689
2012-05-29 16:00:00,398.17667
2012-05-29 17:00:00,400.1831
2012-05-29 18:00:00,411.24847
2012-05-29 19:00:00,515.1029
2012-05-29 20:00:00,307.1057
2012-05-29 21:00:00,142.57275
2012-05-29 22:00:00,208.33656
2012-05-29 23:00:00,177.40582
2012-05-30 00:00:00,198.14417
2012-05-30 01:00:00,178.89572
2012-05-30 02:00:00,188.72275
2012-05-30 03:00:00,188.07036
2012-05-30 04:00:00,215.50513
2012-05-30 05:00:00,215.87373
2012-05-30 06:00:00,201.54373
2012-05-30 07:00:00,156.00513
2012-05-30 08:00:00,213.63213
2012-05-30 09:00:00,230.32433
2012-05-30 10:00:00,226.09842
2012-05-30 11:00:00,258.39502
2012-05-30 12:00:00,279.2799
2012-05-30 13:00:00,297.17746
2012-05-30 14:00:00,409.32742
2012-05-30 15:00:00,434.4634
2012-05-30 16:00:00,443.77927
2012-05-30 17:00:00,415.87833
2012-05-30 18:00:00,442.93484
2012-05-30 19:00:00,443.483
2012-05-30 20:00:00,199.40277
2012-05-30 21:00:00,364.39438
2012-05-30 22:00:00,255.21024
2012-05-30 23:00:00,285.5129
2012-05-31 00:00:00,260.71353
2012-05-31 01:00:00,227.44081
2012-05-31 02:00:00,257.80627
2012-05-31 03:00:00,218.27325
2012-05-31 04:00:00,151.89789
2012-05-31 05:00:00,310.99506
2012-05-31 06:00:00,256.75143
2012-05-31 07:00:00,294.21213
2012-05-31 08:00:00,342.87228
2012-05-31 09:00:00,366.3825
2012-05-31 10:00:00,431.88425
2012-05-31 11:00:00,450.88364
2012-05-31 12:00:00,442.15176
2012-05-31 13:00:00,415.50827
2012-05-31 14:00:00,392.37448
2012-05-31 15:00:00,401.3795
2012-05-31 16:00:00,403.29263
2012-05-31 17:00:00,385.80508
2012-05-31 18:00:00,420.93716
2012-05-31 19:00:00,446.14752
2012-05-31 20:00:00,388.6719
2012-05-31 21:00:00,388.6719
2012-05-31 22:00:00,393.0255
2012-05-31 23:00:00,412.30685
2012-06-20 00:00:00,284.49576
2012-06-20 01:00:00,262.7328
2012-06-20 02:00:00,208.59006
2012-06-20 03:00:00,190.94751
2012-06-20 04:00:00,166.1635
2012-06-20 05:00:00,166.1635
2012-06-20 06:00:00,213.59924
2012-06-20 07:00:00,172.45749
2012-06-20 08:00:00,253.84839
2012-06-20 09:00:00,266.37762
2012-06-20 10:00:00,395.56174
2012-06-20 11:00:00,321.70398
2012-06-20 12:00:00,282.36484
2012-06-20 13:00:00,270.7131
2012-06-20 14:00:00,273.32043
2012-06-20 15:00:00,286.30194
2012-06-20 16:00:00,269.80515
2012-06-20 17:00:00,282.17874
2012-06-20 18:00:00,282.17883
2012-06-20 19:00:00,284.08188
2012-06-20 20:00:00,291.83856
2012-06-20 21:00:00,298.2232
2012-06-20 22:00:00,337.3536
2012-06-20 23:00:00,451.44125
2012-06-21 00:00:00,253.88094
2012-06-21 01:00:00,206.08493
2012-06-21 02:00:00,184.44643
2012-06-21 03:00:00,149.02327
2012-06-21 04:00:00,124.58571
2012-06-21 05:00:00,128.40813
2012-06-21 06:00:00,205.83423
2012-06-21 07:00:00,205.83423
2012-06-21 08:00:00,181.91327
2012-06-21 09:00:00,367.9682
2012-06-21 10:00:00,330.40335
2012-06-21 11:00:00,334.2912
2012-06-21 12:00:00,324.1261
2012-06-21 13:00:00,339.79425
2012-06-21 14:00:00,331.18207
2012-06-21 15:00:00,309.1409
2012-06-21 16:00:00,322.58868
2012-06-21 17:00:00,332.8444
2012-06-21 18:00:00,335.75934
2012-06-21 19:00:00,334.15378
2012-06-21 20:00:00,331.25073
2012-06-21 21:00:00,339.76428
2012-06-21 22:00:00,423.76672
2012-06-21 23:00:00,362.73874
2012-06-22 00:00:00,297.04544
2012-06-22 01:00:00,294.6809
2012-06-22 02:00:00,134.05772
2012-06-22 03:00:00,134.05772
2012-06-22 04:00:00,278.17737
2012-06-22 05:00:00,282.11407
2012-06-22 06:00:00,260.4085
2012-06-22 07:00:00,375.72702
2012-06-22 08:00:00,366.28915
2012-06-22 09:00:00,405.83167
2012-06-22 10:00:00,375.20248
2012-06-22 11:00:00,355.03003
2012-06-22 12:00:00,333.14505
2012-06-22 13:00:00,334.15378
2012-06-22 14:00:00,334.15378
2012-06-22 15:00:00,324.18286
2012-06-22 16:00:00,321.39084
2012-06-22 17:00:00,467.56308
2012-06-22 18:00:00,338.37546
2012-06-22 19:00:00,358.92163
2012-06-22 20:00:00,358.92163
2012-06-22 21:00:00,246.83536
2012-06-22 22:00:00,237.57977
2012-06-22 23:00:00,182.90437
2012-06-23 00:00:00,89.49721
2012-06-23 01:00:00,96.09536
2012-06-23 02:00:00,150.77548
2012-06-23 03:00:00,135.37451
2012-06-23 04:00:00,147.95416
2012-06-23 05:00:00,150.77548
2012-06-23 06:00:00,84.95951
2012-06-23 07:00:00,89.576515
2012-06-23 08:00:00,238.62581
2012-06-23 09:00:00,314.8545
2012-06-23 10:00:00,337.35593
2012-06-23 11:00:00,417.55222
2012-06-23 12:00:00,430.5258
2012-06-23 13:00:00,424.49002
2012-06-23 14:00:00,448.77548
2012-06-23 15:00:00,507.13394
2012-06-23 16:00:00,451.6145
2012-06-23 17:00:00,404.7827
2012-06-23 18:00:00,439.79056
2012-06-23 19:00:00,382.2504
2012-06-23 20:00:00,386.84174
2012-06-23 21:00:00,402.7964
2012-06-23 22:00:00,431.47214
2012-06-23 23:00:00,398.41544
2012-06-24 00:00:00,273.5393
2012-06-24 01:00:00,271.2969
2012-06-24 02:00:00,354.66306
2012-06-24 03:00:00,236.60297
2012-06-24 04:00:00,299.72952
2012-06-24 05:00:00,131.42896
2012-06-24 06:00:00,192.54796
2012-06-24 07:00:00,129.52312
2012-06-24 08:00:00,180.74734
2012-06-24 09:00:00,309.72202
2012-06-24 10:00:00,434.42062
2012-06-24 11:00:00,418.63712
2012-06-24 12:00:00,426.79126
2012-06-24 13:00:00,456.4952
2012-06-24 14:00:00,481.70886
2012-06-24 15:00:00,419.58426
2012-06-24 16:00:00,447.6132
2012-06-24 17:00:00,463.24045
2012-06-24 18:00:00,459.70776
2012-06-24 19:00:00,467.75613
2012-06-24 20:00:00,454.21536
2012-06-24 21:00:00,352.57254
2012-06-24 22:00:00,296.0939
2012-06-24 23:00:00,284.42023
2012-06-25 00:00:00,408.58755
2012-06-25 01:00:00,342.8402
2012-06-25 02:00:00,307.21722
2012-06-25 03:00:00,305.7313
2012-06-25 04:00:00,229.16263
2012-06-25 05:00:00,201.49844
2012-06-25 06:00:00,155.83965
2012-06-25 07:00:00,244.93883
2012-06-25 08:00:00,261.9906
2012-06-25 09:00:00,329.43387
2012-06-25 10:00:00,375.60507
2012-06-25 11:00:00,349.10828
2012-06-25 12:00:00,359.86288
2012-06-25 13:00:00,341.175
2012-06-25 14:00:00,369.81442
2012-06-25 15:00:00,396.6534
2012-06-25 16:00:00,362.60052
2012-06-25 17:00:00,341.6786
2012-06-25 18:00:00,376.20486
2012-06-25 19:00:00,384.95578
2012-06-25 20:00:00,405.12897
2012-06-25 21:00:00,411.1215
2012-06-25 22:00:00,438.26425
2012-06-25 23:00:00,441.91833
2012-06-26 00:00:00,449.86612
2012-06-26 01:00:00,446.47137
2012-06-26 02:00:00,290.19046
2012-06-26 03:00:00,256.08044
2012-06-26 04:00:00,255.6863
2012-06-26 05:00:00,250.40285
2012-06-26 06:00:00,213.85199
2012-06-26 07:00:00,225.27101
2012-06-26 08:00:00,237.31958
2012-06-26 09:00:00,308.31802
2012-06-26 10:00:00,381.34744
2012-06-26 11:00:00,451.699
2012-06-26 12:00:00,444.2689
2012-06-26 13:00:00,418.09268
2012-06-26 14:00:00,418.09268
2012-06-26 15:00:00,400.33255
2012-06-26 16:00:00,383.055
2012-06-26 17:00:00,404.5072
2012-06-26 18:00:00,386.67642
2012-06-26 19:00:00,378.44394
2012-06-26 20:00:00,400.89682
2012-06-26 21:00:00,416.01425
2012-06-26 22:00:00,432.90298
2012-06-26 23:00:00,333.6409
2012-06-27 00:00:00,361.6301
2012-06-27 01:00:00,323.2221
2012-06-27 02:00:00,211.89398
2012-06-27 03:00:00,234.4654
2012-06-27 04:00:00,387.0145
2012-06-27 05:00:00,354.0273
2012-06-27 06:00:00,269.90274
2012-06-27 07:00:00,356.72937
2012-06-27 08:00:00,357.56888
2012-06-27 09:00:00,393.46417
2012-06-27 10:00:00,410.21555
2012-06-27 11:00:00,364.76102
2012-06-27 12:00:00,362.70316
2012-06-27 13:00:00,355.17252
2012-06-27 14:00:00,358.73657
2012-06-27 15:00:00,349.6077
2012-06-27 16:00:00,335.451
2012-06-27 17:00:00,344.772
2012-06-27 18:00:00,355.17252
2012-06-27 19:00:00,356.85867
2012-06-27 20:00:00,351.3617
2012-06-27 21:00:00,353.99298
2012-06-27 22:00:00,369.66156
2012-06-27 23:00:00,308.27103
2012-06-28 00:00:00,270.49454
2012-06-28 01:00:00,204.65863
2012-06-28 02:00:00,266.68826
2012-06-28 03:00:00,266.68826
2012-06-28 04:00:00,213.88123
2012-06-28 05:00:00,207.41267
2012-06-28 06:00:00,207.41267
2012-06-28 07:00:00,213.88123
2012-06-28 08:00:00,278.1071
2012-06-28 09:00:00,323.4583
2012-06-28 10:00:00,362.80777
2012-06-28 11:00:00,353.21036
2012-06-28 12:00:00,346.08932
2012-06-28 13:00:00,343.3489
2012-06-28 14:00:00,330.84735
2012-06-28 15:00:00,330.84735
2012-06-28 16:00:00,324.2154
2012-06-28 17:00:00,324.7998
2012-06-28 18:00:00,339.38956
2012-06-28 19:00:00,344.75906
2012-06-28 20:00:00,347.89432
2012-06-28 21:00:00,384.88986
2012-06-28 22:00:00,361.19553
2012-06-28 23:00:00,352.51462
2012-06-29 00:00:00,352.51462
2012-06-29 01:00:00,345.8969
2012-06-29 02:00:00,369.78067
2012-06-29 03:00:00,369.78067
2012-06-29 04:00:00,306.42233
2012-06-29 05:00:00,298.4976
2012-06-29 06:00:00,262.1805
2012-06-29 07:00:00,298.4976
2012-06-29 08:00:00,278.52753
2012-06-29 09:00:00,375.60507
2012-06-29 10:00:00,330.29514
2012-06-29 11:00:00,548.7404
2012-06-29 12:00:00,597.1137
2012-06-29 13:00:00,303.24686
2012-06-29 14:00:00,304.42493
2012-06-29 15:00:00,342.23685
2012-06-29 16:00:00,342.23685
2012-06-29 17:00:00,304.18494
2012-06-29 18:00:00,338.397
2012-06-29 19:00:00,334.17557
2012-06-29 20:00:00,326.34897
2012-06-29 21:00:00,406.51672
2012-06-29 22:00:00,343.82315
2012-06-29 23:00:00,343.82315
2012-06-30 00:00:00,165.32547
2012-06-30 01:00:00,185.48462
2012-06-30 02:00:00,99.41591
2012-06-30 03:00:00,99.41591
2012-06-30 04:00:00,93.68018
2012-06-30 05:00:00,89.9867
2012-06-30 06:00:00,89.9867
2012-06-30 07:00:00,89.9867
2012-06-30 08:00:00,89.9867
2012-06-30 09:00:00,89.9867
2012-06-30 10:00:00,450.5726
2012-06-30 11:00:00,450.5726
2012-06-30 12:00:00,450.5726
2012-06-30 13:00:00,450.5726
2012-06-30 14:00:00,450.5726
2012-06-30 15:00:00,450.5726
2012-06-30 16:00:00,417.82593
2012-06-30 17:00:00,415.00763
2012-06-30 18:00:00,385.4415
2012-06-30 19:00:00,452.43558
2012-06-30 20:00:00,382.50055
2012-06-30 21:00:00,382.50055
2012-06-30 22:00:00,324.76108
2012-06-30 23:00:00,280.35727
2012-07-20 00:00:00,151.69775
2012-07-20 01:00:00,120.72332
2012-07-20 02:00:00,151.79645
2012-07-20 03:00:00,160.98378
2012-07-20 04:00:00,185.54898
2012-07-20 05:00:00,180.29013
2012-07-20 06:00:00,185.54898
2012-07-20 07:00:00,190.79028
2012-07-20 08:00:00,209.34827
2012-07-20 09:00:00,224.26918
2012-07-20 10:00:00,229.43466
2012-07-20 11:00:00,236.07993
2012-07-20 12:00:00,179.61946
2012-07-20 13:00:00,178.64857
2012-07-20 14:00:00,192.65314
2012-07-20 15:00:00,231.9242
2012-07-20 16:00:00,227.14731
2012-07-20 17:00:00,246.36429
2012-07-20 18:00:00,219.38899
2012-07-20 19:00:00,189.94272
2012-07-20 20:00:00,184.81438
2012-07-20 21:00:00,152.97644
2012-07-20 22:00:00,175.54356
2012-07-20 23:00:00,178.58142
2012-07-21 00:00:00,203.85162
2012-07-21 01:00:00,149.62456
2012-07-21 02:00:00,174.58917
2012-07-21 03:00:00,165.20288
2012-07-21 04:00:00,167.66284
2012-07-21 05:00:00,160.3865
2012-07-21 06:00:00,160.3865
2012-07-21 07:00:00,115.64546
2012-07-21 08:00:00,129.59566
2012-07-21 09:00:00,126.51128
2012-07-21 10:00:00,160.3865
2012-07-21 11:00:00,139.5995
2012-07-21 12:00:00,179.30524
2012-07-21 13:00:00,142.76244
2012-07-21 14:00:00,125.54191
2012-07-21 15:00:00,165.20288
2012-07-21 16:00:00,144.42691
2012-07-21 17:00:00,137.61545
2012-07-21 18:00:00,119.31132
2012-07-21 19:00:00,120.165825
2012-07-21 20:00:00,137.61545
2012-07-21 21:00:00,120.16582
2012-07-21 22:00:00,100.47027
2012-07-21 23:00:00,96.20646
2012-07-22 00:00:00,100.47027
2012-07-22 01:00:00,120.16582
2012-07-22 02:00:00,100.47027
2012-07-22 03:00:00,100.47027
2012-07-22 04:00:00,78.532814
2012-07-22 05:00:00,78.532814
2012-07-22 06:00:00,135.54405
2012-07-22 07:00:00,123.53355
2012-07-22 08:00:00,166.6714
2012-07-22 09:00:00,253.59799
2012-07-22 10:00:00,209.3486
2012-07-22 11:00:00,209.3486
2012-07-22 12:00:00,237.50967
2012-07-22 13:00:00,265.9114
2012-07-22 14:00:00,223.27574
2012-07-22 15:00:00,223.27574
2012-07-22 16:00:00,243.88272
2012-07-22 17:00:00,332.6342
2012-07-22 18:00:00,303.30096
2012-07-22 19:00:00,229.23036
2012-07-22 20:00:00,180.54242
2012-07-22 21:00:00,113.05735
2012-07-22 22:00:00,200.505
2012-07-22 23:00:00,124.55833
2012-07-23 00:00:00,114.922615
2012-07-23 01:00:00,134.61493
2012-07-23 02:00:00,138.79254
2012-07-23 03:00:00,138.79254
2012-07-23 04:00:00,161.40027
2012-07-23 05:00:00,161.40027
2012-07-23 06:00:00,167.31586
2012-07-23 07:00:00,144.09534
2012-07-23 08:00:00,184.44643
2012-07-23 09:00:00,280.4237
2012-07-23 10:00:00,300.39648
2012-07-23 11:00:00,345.39752
2012-07-23 12:00:00,345.39752
2012-07-23 13:00:00,344.32816
2012-07-23 14:00:00,328.1435
2012-07-23 15:00:00,367.9682
2012-07-23 16:00:00,344.29507
2012-07-23 17:00:00,344.29507
2012-07-23 18:00:00,340.02728
2012-07-23 19:00:00,361.80984
2012-07-23 20:00:00,408.1779
2012-07-23 21:00:00,421.88397
2012-07-23 22:00:00,407.05566
2012-07-23 23:00:00,324.17868
2012-07-24 00:00:00,221.17543
2012-07-24 01:00:00,180.23892
2012-07-24 02:00:00,139.52673
2012-07-24 03:00:00,139.52673
2012-07-24 04:00:00,113.59873
2012-07-24 05:00:00,115.74683
2012-07-24 06:00:00,120.903366
2012-07-24 07:00:00,242.35052
2012-07-24 08:00:00,327.88937
2012-07-24 09:00:00,295.4719
2012-07-24 10:00:00,378.63297
2012-07-24 11:00:00,386.5162
2012-07-24 12:00:00,352.4387
2012-07-24 13:00:00,385.48782
2012-07-24 14:00:00,386.68246
2012-07-24 15:00:00,361.96555
2012-07-24 16:00:00,392.45523
2012-07-24 17:00:00,377.9252
2012-07-24 18:00:00,447.51663
2012-07-24 19:00:00,408.1779
2012-07-24 20:00:00,344.74075
2012-07-24 21:00:00,384.4097
2012-07-24 22:00:00,397.77133
2012-07-24 23:00:00,387.57254
2012-07-25 00:00:00,378.59213
2012-07-25 01:00:00,354.57407
2012-07-25 02:00:00,360.06943
2012-07-25 03:00:00,299.51166
2012-07-25 04:00:00,281.79102
2012-07-25 05:00:00,255.4682
2012-07-25 06:00:00,271.67233
2012-07-25 07:00:00,297.214
2012-07-25 08:00:00,392.42886
2012-07-25 09:00:00,391.88135
2012-07-25 10:00:00,351.93906
2012-07-25 11:00:00,347.58243
2012-07-25 12:00:00,347.58243
2012-07-25 13:00:00,347.69034
2012-07-25 14:00:00,342.8437
2012-07-25 15:00:00,334.1907
2012-07-25 16:00:00,349.3763
2012-07-25 17:00:00,353.54343
2012-07-25 18:00:00,342.79935
2012-07-25 19:00:00,339.49295
2012-07-25 20:00:00,380.02017
2012-07-25 21:00:00,350.18887
2012-07-25 22:00:00,332.34912
2012-07-25 23:00:00,303.4762
2012-07-26 00:00:00,288.94073
2012-07-26 01:00:00,299.51166
2012-07-26 02:00:00,288.43442
2012-07-26 03:00:00,278.34946
2012-07-26 04:00:00,223.44644
2012-07-26 05:00:00,223.44644
2012-07-26 06:00:00,229.16263
2012-07-26 07:00:00,301.44446
2012-07-26 08:00:00,239.93576
2012-07-26 09:00:00,271.2059
2012-07-26 10:00:00,351.76193
2012-07-26 11:00:00,456.02213
2012-07-26 12:00:00,340.20535
2012-07-26 13:00:00,339.03848
2012-07-26 14:00:00,335.64383
2012-07-26 15:00:00,327.50262
2012-07-26 16:00:00,308.0717
2012-07-26 17:00:00,342.29517
2012-07-26 18:00:00,325.24112
2012-07-26 19:00:00,335.94745
2012-07-26 20:00:00,332.75003
2012-07-26 21:00:00,429.89774
2012-07-26 22:00:00,429.89774
2012-07-26 23:00:00,268.08777
2012-07-27 00:00:00,167.14757
2012-07-27 01:00:00,247.81589
2012-07-27 02:00:00,182.3064
2012-07-27 03:00:00,242.35056
2012-07-27 04:00:00,115.20909
2012-07-27 05:00:00,116.36057
2012-07-27 06:00:00,115.20909
2012-07-27 07:00:00,308.69965
2012-07-27 08:00:00,311.14963
2012-07-27 09:00:00,360.00674
2012-07-27 10:00:00,298.76407
2012-07-27 11:00:00,342.11752
2012-07-27 12:00:00,350.26215
2012-07-27 13:00:00,336.09875
2012-07-27 14:00:00,333.82132
2012-07-27 15:00:00,336.4946
2012-07-27 16:00:00,332.79404
2012-07-27 17:00:00,337.96283
2012-07-27 18:00:00,341.22385
2012-07-27 19:00:00,339.76428
2012-07-27 20:00:00,367.0334
2012-07-27 21:00:00,367.0334
2012-07-27 22:00:00,386.7493
2012-07-27 23:00:00,227.926
2012-07-28 00:00:00,292.01068
2012-07-28 01:00:00,175.42905
2012-07-28 02:00:00,166.27034
2012-07-28 03:00:00,166.27034
2012-07-28 04:00:00,165.07942
2012-07-28 05:00:00,124.55833
2012-07-28 06:00:00,163.17084
2012-07-28 07:00:00,205.74564
2012-07-28 08:00:00,303.30096
2012-07-28 09:00:00,303.5414
2012-07-28 10:00:00,416.26083
2012-07-28 11:00:00,455.09308
2012-07-28 12:00:00,450.929
2012-07-28 13:00:00,487.60526
2012-07-28 14:00:00,480.06485
2012-07-28 15:00:00,488.99655
2012-07-28 16:00:00,468.7337
2012-07-28 17:00:00,429.2347
2012-07-28 18:00:00,460.25006
2012-07-28 19:00:00,94.88714
2012-07-28 20:00:00,112.74383
2012-07-28 21:00:00,88.91047
2012-07-28 22:00:00,88.91047
2012-07-28 23:00:00,89.19994
2012-07-29 00:00:00,88.38929
2012-07-29 01:00:00,88.50691
2012-07-29 02:00:00,122.47509
2012-07-29 03:00:00,219.41034
2012-07-29 04:00:00,182.90659
2012-07-29 05:00:00,100.409935
2012-07-29 06:00:00,131.22653
2012-07-29 07:00:00,241.85652
2012-07-29 08:00:00,312.47318
2012-07-29 09:00:00,327.7067
2012-07-29 10:00:00,214.67133
2012-07-29 11:00:00,352.57254
2012-07-29 12:00:00,433.84677
2012-07-29 13:00:00,431.8923
2012-07-29 14:00:00,427.6965
2012-07-29 15:00:00,407.00272
2012-07-29 16:00:00,407.00272
2012-07-29 17:00:00,419.1321
2012-07-29 18:00:00,470.92313
2012-07-29 19:00:00,337.47992
2012-07-29 20:00:00,243.88272
2012-07-29 21:00:00,205.74564
2012-07-29 22:00:00,163.17084
2012-07-29 23:00:00,154.15274
2012-07-30 00:00:00,188.41786
2012-07-30 01:00:00,135.1811
2012-07-30 02:00:00,122.59283
2012-07-30 03:00:00,107.649414
2012-07-30 04:00:00,107.649414
2012-07-30 05:00:00,115.74683
2012-07-30 06:00:00,139.52673
2012-07-30 07:00:00,151.34637
2012-07-30 08:00:00,253.07037
2012-07-30 09:00:00,249.51755
2012-07-30 10:00:00,299.95044
2012-07-30 11:00:00,316.4622
2012-07-30 12:00:00,292.94855
2012-07-30 13:00:00,355.03003
2012-07-30 14:00:00,360.7366
2012-07-30 15:00:00,365.1158
2012-07-30 16:00:00,369.50974
2012-07-30 17:00:00,372.1732
2012-07-30 18:00:00,385.7474
2012-07-30 19:00:00,340.91556
2012-07-30 20:00:00,331.19983
2012-07-30 21:00:00,308.69965
2012-07-30 22:00:00,239.75562
2012-07-30 23:00:00,262.62244
2012-07-31 00:00:00,158.52777
2012-07-31 01:00:00,120.903366
2012-07-31 02:00:00,120.90339
2012-07-31 03:00:00,113.59876
2012-07-31 04:00:00,113.59873
2012-07-31 05:00:00,139.52673
2012-07-31 06:00:00,121.840294
2012-07-31 07:00:00,194.42068
2012-07-31 08:00:00,182.3064
2012-07-31 09:00:00,247.81589
2012-07-31 10:00:00,194.79776
2012-07-31 11:00:00,273.85895
2012-07-31 12:00:00,330.3367
2012-07-31 13:00:00,386.36575
2012-07-31 14:00:00,386.36575
2012-07-31 15:00:00,387.32413
2012-07-31 16:00:00,405.83167
2012-07-31 17:00:00,368.68762
2012-07-31 18:00:00,402.29794
2012-07-31 19:00:00,265.16357
2012-07-31 20:00:00,236.62146
2012-07-31 21:00:00,201.87755
2012-07-31 22:00:00,279.84372
2012-07-31 23:00:00,196.69922
2012-08-20 00:00:00,160.33206
2012-08-20 01:00:00,115.969536
2012-08-20 02:00:00,115.969536
2012-08-20 03:00:00,106.68516
2012-08-20 04:00:00,159.0662
2012-08-20 05:00:00,110.94775
2012-08-20 06:00:00,168.91803
2012-08-20 07:00:00,179.38095
2012-08-20 08:00:00,178.23083
2012-08-20 09:00:00,193.78294
2012-08-20 10:00:00,196.36952
2012-08-20 11:00:00,230.49287
2012-08-20 12:00:00,226.65219
2012-08-20 13:00:00,332.34912
2012-08-20 14:00:00,340.0579
2012-08-20 15:00:00,367.94336
2012-08-20 16:00:00,367.94336
2012-08-20 17:00:00,358.53546
2012-08-20 18:00:00,185.71014
2012-08-20 19:00:00,184.28021
2012-08-20 20:00:00,178.58142
2012-08-20 21:00:00,96.0912
2012-08-20 22:00:00,110.94775
2012-08-20 23:00:00,110.94775
2012-08-21 00:00:00,159.0662
2012-08-21 01:00:00,162.86383
2012-08-21 02:00:00,147.21341
2012-08-21 03:00:00,89.87836
2012-08-21 04:00:00,89.87836
2012-08-21 05:00:00,97.790016
2012-08-21 06:00:00,99.938126
2012-08-21 07:00:00,111.29699
2012-08-21 08:00:00,125.18437
2012-08-21 09:00:00,134.48889
2012-08-21 10:00:00,260.47095
2012-08-21 11:00:00,241.0346
2012-08-21 12:00:00,305.3102
2012-08-21 13:00:00,343.51526
2012-08-21 14:00:00,342.10165
2012-08-21 15:00:00,341.58658
2012-08-21 16:00:00,341.58658
2012-08-21 17:00:00,364.9437
2012-08-21 18:00:00,358.65857
2012-08-21 19:00:00,208.42847
2012-08-21 20:00:00,113.84849
2012-08-21 21:00:00,113.84849
2012-08-21 22:00:00,102.64432
2012-08-21 23:00:00,99.944786
2012-08-22 00:00:00,109.42352
2012-08-22 01:00:00,99.18014
2012-08-22 02:00:00,99.18014
2012-08-22 03:00:00,99.18014
2012-08-22 04:00:00,103.10018
2012-08-22 05:00:00,95.32911
2012-08-22 06:00:00,107.72199
2012-08-22 07:00:00,99.18014
2012-08-22 08:00:00,140.48734
2012-08-22 09:00:00,173.11008
2012-08-22 10:00:00,286.13962
2012-08-22 11:00:00,316.85986
2012-08-22 12:00:00,293.45517
2012-08-22 13:00:00,365.856
2012-08-22 14:00:00,372.34607
2012-08-22 15:00:00,365.50397
2012-08-22 16:00:00,328.9362
2012-08-22 17:00:00,328.9362
2012-08-22 18:00:00,276.31522
2012-08-22 19:00:00,182.90437
2012-08-22 20:00:00,213.73267
2012-08-22 21:00:00,113.84849
2012-08-22 22:00:00,113.84849
2012-08-22 23:00:00,103.40899
2012-08-23 00:00:00,102.64432
2012-08-23 01:00:00,99.944786
2012-08-23 02:00:00,99.944786
2012-08-23 03:00:00,107.27542
2012-08-23 04:00:00,99.944786
2012-08-23 05:00:00,99.944786
2012-08-23 06:00:00,138.47864
2012-08-23 07:00:00,167.02394
2012-08-23 08:00:00,201.02591
2012-08-23 09:00:00,221.10373
2012-08-23 10:00:00,330.95993
2012-08-23 11:00:00,362.71048
2012-08-23 12:00:00,335.5069
2012-08-23 13:00:00,339.31546
2012-08-23 14:00:00,374.21912
2012-08-23 15:00:00,364.91446
2012-08-23 16:00:00,363.05615
2012-08-23 17:00:00,387.5076
2012-08-23 18:00:00,367.35287
2012-08-23 19:00:00,316.1241
2012-08-23 20:00:00,298.4976
2012-08-23 21:00:00,323.19385
2012-08-23 22:00:00,235.88464
2012-08-23 23:00:00,199.11356
2012-08-24 00:00:00,199.11356
2012-08-24 01:00:00,177.27055
2012-08-24 02:00:00,141.93011
2012-08-24 03:00:00,113.84849
2012-08-24 04:00:00,177.27055
2012-08-24 05:00:00,102.64432
2012-08-24 06:00:00,117.28631
2012-08-24 07:00:00,149.93126
2012-08-24 08:00:00,182.90437
2012-08-24 09:00:00,246.873
2012-08-24 10:00:00,320.74347
2012-08-24 11:00:00,315.6909
2012-08-24 12:00:00,332.55878
2012-08-24 13:00:00,406.92944
2012-08-24 14:00:00,361.40018
2012-08-24 15:00:00,319.61765
2012-08-24 16:00:00,319.61765
2012-08-24 17:00:00,297.75473
2012-08-24 18:00:00,275.34378
2012-08-24 19:00:00,278.44208
2012-08-24 20:00:00,256.6042
2012-08-24 21:00:00,262.1805
2012-08-24 22:00:00,230.35635
2012-08-24 23:00:00,221.43956
2012-08-25 00:00:00,333.81955
2012-08-25 01:00:00,262.9257
2012-08-25 02:00:00,198.74576
2012-08-25 03:00:00,138.33774
2012-08-25 04:00:00,201.92407
2012-08-25 05:00:00,176.03317
2012-08-25 06:00:00,168.00682
2012-08-25 07:00:00,170.79283
2012-08-25 08:00:00,199.48389
2012-08-25 09:00:00,284.06058
2012-08-25 10:00:00,332.30112
2012-08-25 11:00:00,329.3936
2012-08-25 12:00:00,431.5132
2012-08-25 13:00:00,373.35565
2012-08-25 14:00:00,222.1568
2012-08-25 15:00:00,222.51428
2012-08-25 16:00:00,241.61034
2012-08-25 17:00:00,253.9816
2012-08-25 18:00:00,303.78506
2012-08-25 19:00:00,195.5691
2012-08-25 20:00:00,197.69781
2012-08-25 21:00:00,226.2597
2012-08-25 22:00:00,226.2597
2012-08-25 23:00:00,149.62456
2012-08-26 00:00:00,109.51574
2012-08-26 01:00:00,95.43823
2012-08-26 02:00:00,139.2351
2012-08-26 03:00:00,144.86572
2012-08-26 04:00:00,135.09607
2012-08-26 05:00:00,95.43823
2012-08-26 06:00:00,138.66124
2012-08-26 07:00:00,95.43823
2012-08-26 08:00:00,214.80482
2012-08-26 09:00:00,183.30862
2012-08-26 10:00:00,454.91153
2012-08-26 11:00:00,428.4586
2012-08-26 12:00:00,346.74844
2012-08-26 13:00:00,286.109
2012-08-26 14:00:00,85.64827
2012-08-26 15:00:00,195.92075
2012-08-26 16:00:00,195.92075
2012-08-26 17:00:00,102.88828
2012-08-26 18:00:00,103.94505
2012-08-26 19:00:00,127.81339
2012-08-26 20:00:00,89.9867
2012-08-26 21:00:00,85.03022
2012-08-26 22:00:00,82.25745
2012-08-26 23:00:00,81.49532
2012-08-27 00:00:00,99.944786
2012-08-27 01:00:00,107.69833
2012-08-27 02:00:00,114.14264
2012-08-27 03:00:00,107.69834
2012-08-27 04:00:00,99.944786
2012-08-27 05:00:00,100.7069
2012-08-27 06:00:00,100.7069
2012-08-27 07:00:00,107.649414
2012-08-27 08:00:00,113.59873
2012-08-27 09:00:00,115.74683
2012-08-27 10:00:00,243.83307
2012-08-27 11:00:00,368.53348
2012-08-27 12:00:00,255.04245
2012-08-27 13:00:00,382.1215
2012-08-27 14:00:00,353.9529
2012-08-27 15:00:00,392.45523
2012-08-27 16:00:00,380.22635
2012-08-27 17:00:00,358.0225
2012-08-27 18:00:00,373.92044
2012-08-27 19:00:00,351.76193
2012-08-27 20:00:00,327.88937
2012-08-27 21:00:00,284.44492
2012-08-27 22:00:00,187.08679
2012-08-27 23:00:00,165.44818
2012-08-28 00:00:00,230.43655
2012-08-28 01:00:00,146.27936
2012-08-28 02:00:00,215.33745
2012-08-28 03:00:00,120.72332
2012-08-28 04:00:00,120.903366
2012-08-28 05:00:00,183.57838
2012-08-28 06:00:00,160.98378
2012-08-28 07:00:00,186.19904
2012-08-28 08:00:00,184.81647
2012-08-28 09:00:00,229.43463
2012-08-28 10:00:00,424.94287
2012-08-28 11:00:00,391.80032
2012-08-28 12:00:00,369.50974
2012-08-28 13:00:00,343.8878
2012-08-28 14:00:00,337.6185
2012-08-28 15:00:00,348.41464
2012-08-28 16:00:00,343.55396
2012-08-28 17:00:00,358.12912
2012-08-28 18:00:00,359.04706
2012-08-28 19:00:00,379.76785
2012-08-28 20:00:00,333.51102
2012-08-28 21:00:00,331.0032
2012-08-28 22:00:00,241.0346
2012-08-28 23:00:00,208.61566
2012-08-29 00:00:00,141.93011
2012-08-29 01:00:00,202.19167
2012-08-29 02:00:00,156.94551
2012-08-29 03:00:00,138.39781
2012-08-29 04:00:00,215.3468
2012-08-29 05:00:00,194.0495
2012-08-29 06:00:00,194.0495
2012-08-29 07:00:00,201.69815
2012-08-29 08:00:00,302.93018
2012-08-29 09:00:00,321.9013
2012-08-29 10:00:00,343.5593
2012-08-29 11:00:00,305.3102
2012-08-29 12:00:00,349.78976
2012-08-29 13:00:00,348.15543
2012-08-29 14:00:00,357.10593
2012-08-29 15:00:00,374.1958
2012-08-29 16:00:00,351.6644
2012-08-29 17:00:00,353.25082
2012-08-29 18:00:00,391.2388
2012-08-29 19:00:00,334.13605
2012-08-29 20:00:00,208.61566
2012-08-29 21:00:00,249.25354
2012-08-29 22:00:00,204.65863
2012-08-29 23:00:00,196.2508
2012-08-30 00:00:00,134.48889
2012-08-30 01:00:00,158.47147
2012-08-30 02:00:00,107.72199
2012-08-30 03:00:00,107.72199
2012-08-30 04:00:00,107.72199
2012-08-30 05:00:00,107.72199
2012-08-30 06:00:00,115.969536
2012-08-30 07:00:00,113.84849
2012-08-30 08:00:00,165.91269
2012-08-30 09:00:00,224.89536
2012-08-30 10:00:00,262.77753
2012-08-30 11:00:00,357.10593
2012-08-30 12:00:00,376.7492
2012-08-30 13:00:00,365.856
2012-08-30 14:00:00,365.50397
2012-08-30 15:00:00,355.1171
2012-08-30 16:00:00,348.70346
2012-08-30 17:00:00,348.62964
2012-08-30 18:00:00,345.73138
2012-08-30 19:00:00,365.50397
2012-08-30 20:00:00,375.72702
2012-08-30 21:00:00,300.30624
2012-08-30 22:00:00,150.85684
2012-08-30 23:00:00,199.23718
2012-08-31 00:00:00,152.51697
2012-08-31 01:00:00,152.51697
2012-08-31 02:00:00,120.72332
2012-08-31 03:00:00,116.27742
2012-08-31 04:00:00,117.41233
2012-08-31 05:00:00,121.840294
2012-08-31 06:00:00,174.65921
2012-08-31 07:00:00,146.11093
2012-08-31 08:00:00,204.7656
2012-08-31 09:00:00,181.91327
2012-08-31 10:00:00,341.2173
2012-08-31 11:00:00,341.74094
2012-08-31 12:00:00,344.1162
2012-08-31 13:00:00,324.0814
2012-08-31 14:00:00,314.08652
2012-08-31 15:00:00,319.83386
2012-08-31 16:00:00,318.68015
2012-08-31 17:00:00,330.27084
2012-08-31 18:00:00,335.69345
2012-08-31 19:00:00,354.00824
2012-08-31 20:00:00,354.00824
2012-08-31 21:00:00,396.51572
2012-08-31 22:00:00,396.51572
2012-08-31 23:00:00,328.1413
2012-09-20 00:00:00,122.861855
2012-09-20 01:00:00,103.646095
2012-09-20 02:00:00,96.08692
2012-09-20 03:00:00,76.92396
2012-09-20 04:00:00,88.41121
2012-09-20 05:00:00,88.41121
2012-09-20 06:00:00,76.92396
2012-09-20 07:00:00,88.3409
2012-09-20 08:00:00,125.26911
2012-09-20 09:00:00,188.86807
2012-09-20 10:00:00,200.54303
2012-09-20 11:00:00,287.74362
2012-09-20 12:00:00,311.71713
2012-09-20 13:00:00,307.39096
2012-09-20 14:00:00,300.00473
2012-09-20 15:00:00,304.74704
2012-09-20 16:00:00,292.24896
2012-09-20 17:00:00,288.93866
2012-09-20 18:00:00,249.90137
2012-09-20 19:00:00,217.57765
2012-09-20 20:00:00,176.47357
2012-09-20 21:00:00,192.05807
2012-09-20 22:00:00,110.535416
2012-09-20 23:00:00,140.73624
2012-09-21 00:00:00,104.8859
2012-09-21 01:00:00,83.35985
2012-09-21 02:00:00,83.35985
2012-09-21 03:00:00,90.715294
2012-09-21 04:00:00,79.80822
2012-09-21 05:00:00,78.34814
2012-09-21 06:00:00,90.715294
2012-09-21 07:00:00,81.30723
2012-09-21 08:00:00,128.50323
2012-09-21 09:00:00,165.39035
2012-09-21 10:00:00,277.70282
2012-09-21 11:00:00,327.62662
2012-09-21 12:00:00,322.92303
2012-09-21 13:00:00,323.4583
2012-09-21 14:00:00,310.56924
2012-09-21 15:00:00,343.452
2012-09-21 16:00:00,334.1361
2012-09-21 17:00:00,316.99796
2012-09-21 18:00:00,337.35028
2012-09-21 19:00:00,282.2351
2012-09-21 20:00:00,234.3181
2012-09-21 21:00:00,219.5554
2012-09-21 22:00:00,194.0495
2012-09-21 23:00:00,226.38902
2012-09-22 00:00:00,189.4158
2012-09-22 01:00:00,145.91217
2012-09-22 02:00:00,91.16195
2012-09-22 03:00:00,120.4194
2012-09-22 04:00:00,120.4194
2012-09-22 05:00:00,161.12575
2012-09-22 06:00:00,137.18713
2012-09-22 07:00:00,120.82877
2012-09-22 08:00:00,203.83319
2012-09-22 09:00:00,223.51842
2012-09-22 10:00:00,360.81918
2012-09-22 11:00:00,330.5178
2012-09-22 12:00:00,375.2402
2012-09-22 13:00:00,505.19412
2012-09-22 14:00:00,445.7446
2012-09-22 15:00:00,565.6908
2012-09-22 16:00:00,461.99002
2012-09-22 17:00:00,461.99002
2012-09-22 18:00:00,354.39035
2012-09-22 19:00:00,313.90775
2012-09-22 20:00:00,332.2357
2012-09-22 21:00:00,276.3434
2012-09-22 22:00:00,231.578
2012-09-22 23:00:00,294.09445
2012-09-23 00:00:00,511.60144
2012-09-23 01:00:00,303.56122
2012-09-23 02:00:00,371.46906
2012-09-23 03:00:00,234.40707
2012-09-23 04:00:00,229.20302
2012-09-23 05:00:00,243.38683
2012-09-23 06:00:00,239.17436
2012-09-23 07:00:00,245.7031
2012-09-23 08:00:00,219.83817
2012-09-23 09:00:00,283.47986
2012-09-23 10:00:00,421.7268
2012-09-23 11:00:00,452.0071
2012-09-23 12:00:00,467.32596
2012-09-23 13:00:00,467.3561
2012-09-23 14:00:00,468.07275
2012-09-23 15:00:00,437.02902
2012-09-23 16:00:00,444.82007
2012-09-23 17:00:00,486.6877
2012-09-23 18:00:00,468.5842
2012-09-23 19:00:00,448.9572
2012-09-23 20:00:00,448.9572
2012-09-23 21:00:00,306.17776
2012-09-23 22:00:00,410.47363
2012-09-23 23:00:00,277.56503
2012-09-24 00:00:00,242.34222
2012-09-24 01:00:00,228.23074
2012-09-24 02:00:00,272.85834
2012-09-24 03:00:00,253.83566
2012-09-24 04:00:00,218.97209
2012-09-24 05:00:00,290.573
2012-09-24 06:00:00,333.8795
2012-09-24 07:00:00,228.23074
2012-09-24 08:00:00,245.80136
2012-09-24 09:00:00,240.90341
2012-09-24 10:00:00,260.41348
2012-09-24 11:00:00,378.2295
2012-09-24 12:00:00,402.35223
2012-09-24 13:00:00,393.11057
2012-09-24 14:00:00,329.1846
2012-09-24 15:00:00,344.6456
2012-09-24 16:00:00,372.92706
2012-09-24 17:00:00,329.1737
2012-09-24 18:00:00,358.43225
2012-09-24 19:00:00,314.08
2012-09-24 20:00:00,301.57382
2012-09-24 21:00:00,252.98575
2012-09-24 22:00:00,243.3533
2012-09-24 23:00:00,277.90262
2012-09-25 00:00:00,211.80151
2012-09-25 01:00:00,199.93065
2012-09-25 02:00:00,168.82394
2012-09-25 03:00:00,200.99396
2012-09-25 04:00:00,181.3045
2012-09-25 05:00:00,180.93102
2012-09-25 06:00:00,201.2633
2012-09-25 07:00:00,189.5433
2012-09-25 08:00:00,231.93143
2012-09-25 09:00:00,248.01541
2012-09-25 10:00:00,268.2529
2012-09-25 11:00:00,354.11157
2012-09-25 12:00:00,380.15134
2012-09-25 13:00:00,348.26553
2012-09-25 14:00:00,388.28122
2012-09-25 15:00:00,392.84866
2012-09-25 16:00:00,379.8298
2012-09-25 17:00:00,375.9714
2012-09-25 18:00:00,387.68912
2012-09-25 19:00:00,318.67676
2012-09-25 20:00:00,281.2677
2012-09-25 21:00:00,281.2677
2012-09-25 22:00:00,277.80038
2012-09-25 23:00:00,289.00787
2012-09-26 00:00:00,276.5494
2012-09-26 01:00:00,268.47217
2012-09-26 02:00:00,236.91953
2012-09-26 03:00:00,236.91953
2012-09-26 04:00:00,238.52426
2012-09-26 05:00:00,242.215
2012-09-26 06:00:00,245.7933
2012-09-26 07:00:00,207.55429
2012-09-26 08:00:00,243.19617
2012-09-26 09:00:00,454.40372
2012-09-26 10:00:00,245.75829
2012-09-26 11:00:00,375.05978
2012-09-26 12:00:00,432.15073
2012-09-26 13:00:00,408.87558
2012-09-26 14:00:00,403.50357
2012-09-26 15:00:00,401.31552
2012-09-26 16:00:00,389.68155
2012-09-26 17:00:00,401.31552
2012-09-26 18:00:00,426.68704
2012-09-26 19:00:00,382.4133
2012-09-26 20:00:00,371.12442
2012-09-26 21:00:00,419.54245
2012-09-26 22:00:00,267.42
2012-09-26 23:00:00,196.23827
2012-09-27 00:00:00,193.41528
2012-09-27 01:00:00,193.41528
2012-09-27 02:00:00,193.41528
2012-09-27 03:00:00,173.71791
2012-09-27 04:00:00,100.26311
2012-09-27 05:00:00,122.956375
2012-09-27 06:00:00,105.87719
2012-09-27 07:00:00,173.71793
2012-09-27 08:00:00,286.44696
2012-09-27 09:00:00,404.56735
2012-09-27 10:00:00,345.2591
2012-09-27 11:00:00,313.1936
2012-09-27 12:00:00,328.79993
2012-09-27 13:00:00,342.03595
2012-09-27 14:00:00,362.40692
2012-09-27 15:00:00,392.99924
2012-09-27 16:00:00,282.0272
2012-09-27 17:00:00,231.4479
2012-09-27 18:00:00,233.85141
2012-09-27 19:00:00,426.7471
2012-09-27 20:00:00,233.84549
2012-09-27 21:00:00,165.30688
2012-09-27 22:00:00,165.30688
2012-09-27 23:00:00,182.74695
2012-09-28 00:00:00,155.97629
2012-09-28 01:00:00,179.65628
2012-09-28 02:00:00,140.24599
2012-09-28 03:00:00,186.51651
2012-09-28 04:00:00,154.76132
2012-09-28 05:00:00,107.80286
2012-09-28 06:00:00,112.80576
2012-09-28 07:00:00,98.150475
2012-09-28 08:00:00,143.12611
2012-09-28 09:00:00,187.60303
2012-09-28 10:00:00,200.85226
2012-09-28 11:00:00,241.52502
2012-09-28 12:00:00,308.32193
2012-09-28 13:00:00,338.93466
2012-09-28 14:00:00,308.32193
2012-09-28 15:00:00,310.5785
2012-09-28 16:00:00,339.4769
2012-09-28 17:00:00,305.5453
2012-09-28 18:00:00,347.08948
2012-09-28 19:00:00,307.2422
2012-09-28 20:00:00,285.9517
2012-09-28 21:00:00,296.63693
2012-09-28 22:00:00,307.73892
2012-09-28 23:00:00,297.9006
2012-09-29 00:00:00,341.83237
2012-09-29 01:00:00,341.83237
2012-09-29 02:00:00,237.63295
2012-09-29 03:00:00,228.52783
2012-09-29 04:00:00,313.69507
2012-09-29 05:00:00,309.40353
2012-09-29 06:00:00,323.13324
2012-09-29 07:00:00,301.00226
2012-09-29 08:00:00,343.22354
2012-09-29 09:00:00,309.40353
2012-09-29 10:00:00,335.89642
2012-09-29 11:00:00,386.29977
2012-09-29 12:00:00,556.3677
2012-09-29 13:00:00,556.3677
2012-09-29 14:00:00,565.5214
2012-09-29 15:00:00,560.2436
2012-09-29 16:00:00,582.2718
2012-09-29 17:00:00,504.37863
2012-09-29 18:00:00,442.14005
2012-09-29 19:00:00,296.3298
2012-09-29 20:00:00,302.2261
2012-09-29 21:00:00,297.3762
2012-09-29 22:00:00,301.43466
2012-09-29 23:00:00,287.2346
2012-09-30 00:00:00,330.18826
2012-09-30 01:00:00,330.18826
2012-09-30 02:00:00,294.04602
2012-09-30 03:00:00,227.57515
2012-09-30 04:00:00,227.57515
2012-09-30 05:00:00,184.59756
2012-09-30 06:00:00,160.92902
2012-09-30 07:00:00,150.61592
2012-09-30 08:00:00,251.08592
2012-09-30 09:00:00,323.07037
2012-09-30 10:00:00,457.98288
2012-09-30 11:00:00,553.80096
2012-09-30 12:00:00,556.3677
2012-09-30 13:00:00,582.2718
2012-09-30 14:00:00,582.2718
2012-09-30 15:00:00,463.78317
2012-09-30 16:00:00,448.60184
2012-09-30 17:00:00,454.73013
2012-09-30 18:00:00,200.743
2012-09-30 19:00:00,61.930862
2012-09-30 20:00:00,61.930862
2012-09-30 21:00:00,220.69371
2012-09-30 22:00:00,185.50464
2012-09-30 23:00:00,169.0676
2012-10-20 00:00:00,112.97757
2012-10-20 01:00:00,162.5371
2012-10-20 02:00:00,127.81887
2012-10-20 03:00:00,119.11367
2012-10-20 04:00:00,184.59756
2012-10-20 05:00:00,112.43568
2012-10-20 06:00:00,189.26974
2012-10-20 07:00:00,112.43568
2012-10-20 08:00:00,228.91174
2012-10-20 09:00:00,277.61258
2012-10-20 10:00:00,317.10483
2012-10-20 11:00:00,367.67087
2012-10-20 12:00:00,442.18997
2012-10-20 13:00:00,465.5452
2012-10-20 14:00:00,493.9828
2012-10-20 15:00:00,468.75433
2012-10-20 16:00:00,438.8072
2012-10-20 17:00:00,481.8421
2012-10-20 18:00:00,479.15335
2012-10-20 19:00:00,405.8639
2012-10-20 20:00:00,463.80804
2012-10-20 21:00:00,318.01236
2012-10-20 22:00:00,281.10928
2012-10-20 23:00:00,324.9916
2012-10-21 00:00:00,215.99802
2012-10-21 01:00:00,227.82297
2012-10-21 02:00:00,202.39944
2012-10-21 03:00:00,215.65923
2012-10-21 04:00:00,127.26631
2012-10-21 05:00:00,215.65923
2012-10-21 06:00:00,284.84634
2012-10-21 07:00:00,284.84634
2012-10-21 08:00:00,215.46588
2012-10-21 09:00:00,221.5628
2012-10-21 10:00:00,327.61887
2012-10-21 11:00:00,374.02518
2012-10-21 12:00:00,447.48685
2012-10-21 13:00:00,500.5482
2012-10-21 14:00:00,455.27737
2012-10-21 15:00:00,485.01288
2012-10-21 16:00:00,481.8421
2012-10-21 17:00:00,468.21808
2012-10-21 18:00:00,468.57437
2012-10-21 19:00:00,437.18076
2012-10-21 20:00:00,386.88345
2012-10-21 21:00:00,213.12231
2012-10-21 22:00:00,352.84006
2012-10-21 23:00:00,357.28256
2012-10-22 00:00:00,239.45882
2012-10-22 01:00:00,174.04309
2012-10-22 02:00:00,160.3052
2012-10-22 03:00:00,239.45882
2012-10-22 04:00:00,190.32458
2012-10-22 05:00:00,149.68048
2012-10-22 06:00:00,131.88237
2012-10-22 07:00:00,173.30583
2012-10-22 08:00:00,214.43814
2012-10-22 09:00:00,331.00842
2012-10-22 10:00:00,336.40527
2012-10-22 11:00:00,370.03943
2012-10-22 12:00:00,382.31403
2012-10-22 13:00:00,355.3043
2012-10-22 14:00:00,354.25412
2012-10-22 15:00:00,354.78116
2012-10-22 16:00:00,384.71927
2012-10-22 17:00:00,364.3936
2012-10-22 18:00:00,407.68784
2012-10-22 19:00:00,301.57394
2012-10-22 20:00:00,416.36966
2012-10-22 21:00:00,279.68417
2012-10-22 22:00:00,149.45786
2012-10-22 23:00:00,141.75905
2012-10-23 00:00:00,121.85878
2012-10-23 01:00:00,184.23706
2012-10-23 02:00:00,117.305885
2012-10-23 03:00:00,187.11073
2012-10-23 04:00:00,186.28844
2012-10-23 05:00:00,183.51276
2012-10-23 06:00:00,136.62753
2012-10-23 07:00:00,198.08902
2012-10-23 08:00:00,226.84375
2012-10-23 09:00:00,227.22537
2012-10-23 10:00:00,434.85983
2012-10-23 11:00:00,323.6635
2012-10-23 12:00:00,306.0892
2012-10-23 13:00:00,301.46765
2012-10-23 14:00:00,380.77673
2012-10-23 15:00:00,378.61954
2012-10-23 16:00:00,382.18375
2012-10-23 17:00:00,400.1478
2012-10-23 18:00:00,341.88095
2012-10-23 19:00:00,409.8906
2012-10-23 20:00:00,447.396
2012-10-23 21:00:00,270.24814
2012-10-23 22:00:00,320.23795
2012-10-23 23:00:00,235.19641
2012-10-24 00:00:00,231.59207
2012-10-24 01:00:00,265.1975
2012-10-24 02:00:00,265.1975
2012-10-24 03:00:00,188.10724
2012-10-24 04:00:00,188.10724
2012-10-24 05:00:00,128.55571
2012-10-24 06:00:00,143.45192
2012-10-24 07:00:00,110.52119
2012-10-24 08:00:00,179.21518
2012-10-24 09:00:00,203.50945
2012-10-24 10:00:00,226.73798
2012-10-24 11:00:00,392.94067
2012-10-24 12:00:00,463.63327
2012-10-24 13:00:00,389.26443
2012-10-24 14:00:00,340.02194
2012-10-24 15:00:00,371.52847
2012-10-24 16:00:00,318.9024
2012-10-24 17:00:00,334.58206
2012-10-24 18:00:00,372.58493
2012-10-24 19:00:00,296.85257
2012-10-24 20:00:00,259.95914
2012-10-24 21:00:00,264.86975
2012-10-24 22:00:00,264.45752
2012-10-24 23:00:00,233.67715
2012-10-25 00:00:00,258.30322
2012-10-25 01:00:00,275.42966
2012-10-25 02:00:00,171.23376
2012-10-25 03:00:00,156.06668
2012-10-25 04:00:00,149.2308
2012-10-25 05:00:00,153.54343
2012-10-25 06:00:00,151.02863
2012-10-25 07:00:00,151.02863
2012-10-25 08:00:00,169.35973
2012-10-25 09:00:00,164.44032
2012-10-25 10:00:00,177.27483
2012-10-25 11:00:00,180.57413
2012-10-25 12:00:00,196.56108
2012-10-25 13:00:00,192.12735
2012-10-25 14:00:00,262.02353
2012-10-25 15:00:00,446.04178
2012-10-25 16:00:00,365.38004
2012-10-25 17:00:00,365.38004
2012-10-25 18:00:00,142.11539
2012-10-25 19:00:00,166.28677
2012-10-25 20:00:00,156.06668
2012-10-25 21:00:00,156.06668
2012-10-25 22:00:00,177.85995
2012-10-25 23:00:00,177.27478
2012-10-26 00:00:00,200.00867
2012-10-26 01:00:00,143.68256
2012-10-26 02:00:00,149.2308
2012-10-26 03:00:00,153.54343
2012-10-26 04:00:00,153.54343
2012-10-26 05:00:00,149.2308
2012-10-26 06:00:00,143.68256
2012-10-26 07:00:00,149.2308
2012-10-26 08:00:00,163.20483
2012-10-26 09:00:00,163.20483
2012-10-26 10:00:00,153.35892
2012-10-26 11:00:00,194.64157
2012-10-26 12:00:00,210.45999
2012-10-26 13:00:00,236.50847
2012-10-26 14:00:00,264.45752
2012-10-26 15:00:00,264.86975
2012-10-26 16:00:00,213.9378
2012-10-26 17:00:00,197.46072
2012-10-26 18:00:00,198.62057
2012-10-26 19:00:00,172.33882
2012-10-26 20:00:00,172.33882
2012-10-26 21:00:00,199.99963
2012-10-26 22:00:00,174.29575
2012-10-26 23:00:00,153.20619
2012-10-27 00:00:00,93.6887
2012-10-27 01:00:00,126.83775
2012-10-27 02:00:00,130.7795
2012-10-27 03:00:00,93.7629
2012-10-27 04:00:00,133.14766
2012-10-27 05:00:00,160.3096
2012-10-27 06:00:00,160.3096
2012-10-27 07:00:00,118.941246
2012-10-27 08:00:00,193.07147
2012-10-27 09:00:00,193.07147
2012-10-27 10:00:00,287.82004
2012-10-27 11:00:00,367.27518
2012-10-27 12:00:00,464.2535
2012-10-27 13:00:00,560.2436
2012-10-27 14:00:00,531.101
2012-10-27 15:00:00,247.99017
2012-10-27 16:00:00,241.32135
2012-10-27 17:00:00,241.32135
2012-10-27 18:00:00,241.32135
2012-10-27 19:00:00,219.50607
2012-10-27 20:00:00,219.50607
2012-10-27 21:00:00,219.50607
2012-10-27 22:00:00,214.73126
2012-10-27 23:00:00,221.5409
2012-10-28 00:00:00,122.82231
2012-10-28 01:00:00,211.0889
2012-10-28 02:00:00,233.14532
2012-10-28 03:00:00,249.07137
2012-10-28 04:00:00,243.09158
2012-10-28 05:00:00,246.82143
2012-10-28 06:00:00,257.41302
2012-10-28 07:00:00,251.61356
2012-10-28 08:00:00,295.89682
2012-10-28 09:00:00,299.38382
2012-10-28 10:00:00,318.29926
2012-10-28 11:00:00,321.27557
2012-10-28 12:00:00,279.23404
2012-10-28 13:00:00,262.66663
2012-10-28 14:00:00,276.79254
2012-10-28 15:00:00,254.89085
2012-10-28 16:00:00,234.54514
2012-10-28 17:00:00,226.01775
2012-10-28 18:00:00,135.7579
2012-10-28 19:00:00,121.92342
2012-10-28 20:00:00,141.54794
2012-10-28 21:00:00,165.93466
2012-10-28 22:00:00,141.59207
2012-10-28 23:00:00,121.92342
2012-10-29 00:00:00,103.68368
2012-10-30 13:00:00,62.175186
2012-10-30 14:00:00,62.175186
2012-10-30 15:00:00,71.08878
2012-10-30 16:00:00,71.08878
2012-10-30 17:00:00,73.078606
2012-10-30 18:00:00,80.78387
2012-10-30 19:00:00,232.11487
2012-10-30 20:00:00,127.61886
2012-10-30 21:00:00,139.77292
2012-10-30 22:00:00,135.91917
2012-10-30 23:00:00,135.91917
2012-10-31 00:00:00,149.7219
2012-10-31 01:00:00,152.24846
2012-10-31 02:00:00,141.19405
2012-10-31 03:00:00,149.7219
2012-10-31 04:00:00,117.66988
2012-10-31 05:00:00,141.19405
2012-10-31 06:00:00,134.9978
2012-10-31 07:00:00,131.24503
2012-10-31 08:00:00,127.5494
2012-10-31 09:00:00,138.03708
2012-10-31 10:00:00,179.83456
2012-10-31 11:00:00,215.71156
2012-10-31 12:00:00,221.7722
2012-10-31 13:00:00,262.57474
2012-10-31 14:00:00,287.2878
2012-10-31 15:00:00,233.63373
2012-10-31 16:00:00,274.28177
2012-10-31 17:00:00,273.5948
2012-10-31 18:00:00,273.5948
2012-10-31 19:00:00,287.70688
2012-10-31 20:00:00,287.70688
2012-10-31 21:00:00,287.70688
2012-10-31 22:00:00,222.76471
2012-10-31 23:00:00,238.20044
2012-11-20 00:00:00,153.11732
2012-11-20 01:00:00,175.64012
2012-11-20 02:00:00,170.77473
2012-11-20 03:00:00,199.98079
2012-11-20 04:00:00,212.20816
2012-11-20 05:00:00,218.1044
2012-11-20 06:00:00,187.5022
2012-11-20 07:00:00,129.2687
2012-11-20 08:00:00,154.67569
2012-11-20 09:00:00,238.40529
2012-11-20 10:00:00,260.87845
2012-11-20 11:00:00,255.98978
2012-11-20 12:00:00,269.17377
2012-11-20 13:00:00,290.80585
2012-11-20 14:00:00,296.66324
2012-11-20 15:00:00,300.49832
2012-11-20 16:00:00,285.5664
2012-11-20 17:00:00,212.61273
2012-11-20 18:00:00,260.87845
2012-11-20 19:00:00,248.55103
2012-11-20 20:00:00,212.0949
2012-11-20 21:00:00,153.57101
2012-11-20 22:00:00,153.57101
2012-11-20 23:00:00,128.80394
2012-11-21 00:00:00,116.44225
2012-11-21 01:00:00,128.80394
2012-11-21 02:00:00,145.06529
2012-11-21 03:00:00,145.06529
2012-11-21 04:00:00,145.06529
2012-11-21 05:00:00,145.06529
2012-11-21 06:00:00,139.513
2012-11-21 07:00:00,140.61887
2012-11-21 08:00:00,139.58443
2012-11-21 09:00:00,129.26869
2012-11-21 10:00:00,218.57135
2012-11-21 11:00:00,266.00055
2012-11-21 12:00:00,287.00082
2012-11-21 13:00:00,311.70087
2012-11-21 14:00:00,309.84708
2012-11-21 15:00:00,292.23657
2012-11-21 16:00:00,275.38297
2012-11-21 17:00:00,277.34753
2012-11-21 18:00:00,288.32846
2012-11-21 19:00:00,275.7211
2012-11-21 20:00:00,202.38394
2012-11-21 21:00:00,296.01584
2012-11-21 22:00:00,289.86328
2012-11-21 23:00:00,193.89487
2012-11-22 00:00:00,30.277046
2012-11-22 01:00:00,29.751282
2012-11-22 02:00:00,37.527176
2012-11-22 03:00:00,37.436817
2012-11-22 04:00:00,33.46504
2012-11-22 05:00:00,37.436817
2012-11-22 06:00:00,31.464367
2012-11-22 07:00:00,35.64959
2012-11-22 08:00:00,34.99401
2012-11-22 09:00:00,31.555283
2012-11-22 10:00:00,116.45762
2012-11-22 11:00:00,208.64906
2012-11-22 12:00:00,278.241
2012-11-22 13:00:00,343.17963
2012-11-22 14:00:00,366.22055
2012-11-22 15:00:00,366.22055
2012-11-22 16:00:00,318.2838
2012-11-22 17:00:00,278.241
2012-11-22 18:00:00,230.26286
2012-11-22 19:00:00,39.439236
2012-11-22 20:00:00,32.77324
2012-11-22 21:00:00,74.00114
2012-11-22 22:00:00,40.958736
2012-11-22 23:00:00,32.755527
2012-11-23 00:00:00,140.47379
2012-11-23 01:00:00,138.73373
2012-11-23 02:00:00,139.97363
2012-11-23 03:00:00,134.5536
2012-11-23 04:00:00,154.2781
2012-11-23 05:00:00,97.57281
2012-11-23 06:00:00,97.57281
2012-11-23 07:00:00,97.57281
2012-11-23 08:00:00,132.67775
2012-11-23 09:00:00,144.67531
2012-11-23 10:00:00,199.03082
2012-11-23 11:00:00,266.00055
2012-11-23 12:00:00,327.78998
2012-11-23 13:00:00,340.49966
2012-11-23 14:00:00,365.6788
2012-11-23 15:00:00,317.75858
2012-11-23 16:00:00,282.37344
2012-11-23 17:00:00,279.76282
2012-11-23 18:00:00,268.7183
2012-11-23 19:00:00,294.30234
2012-11-23 20:00:00,278.95804
2012-11-23 21:00:00,269.7346
2012-11-23 22:00:00,349.061
2012-11-23 23:00:00,335.9644
2012-11-24 00:00:00,281.33173
2012-11-24 01:00:00,229.92546
2012-11-24 02:00:00,158.77191
2012-11-24 03:00:00,208.96762
2012-11-24 04:00:00,185.03015
2012-11-24 05:00:00,183.9328
2012-11-24 06:00:00,117.14635
2012-11-24 07:00:00,201.95474
2012-11-24 08:00:00,219.09158
2012-11-24 09:00:00,223.4285
2012-11-24 10:00:00,154.04245
2012-11-24 11:00:00,223.00912
2012-11-24 12:00:00,161.72385
2012-11-24 13:00:00,245.83322
2012-11-24 14:00:00,255.71751
2012-11-24 15:00:00,244.10046
2012-11-24 16:00:00,229.80147
2012-11-24 17:00:00,180.70486
2012-11-24 18:00:00,214.67981
2012-11-24 19:00:00,200.55992
2012-11-24 20:00:00,117.1464
2012-11-24 21:00:00,94.075554
2012-11-24 22:00:00,113.108116
2012-11-24 23:00:00,94.075554
2012-11-25 00:00:00,63.44828
2012-11-25 01:00:00,82.84279
2012-11-25 02:00:00,123.80984
2012-11-25 03:00:00,135.29808
2012-11-25 04:00:00,135.29808
2012-11-25 05:00:00,133.95406
2012-11-25 06:00:00,151.14795
2012-11-25 07:00:00,125.2739
2012-11-25 08:00:00,109.83704
2012-11-25 09:00:00,97.7293
2012-11-25 10:00:00,69.67273
2012-11-25 11:00:00,186.66869
2012-11-25 12:00:00,186.66869
2012-11-25 13:00:00,118.638954
2012-11-25 14:00:00,229.68073
2012-11-25 15:00:00,263.58725
2012-11-25 16:00:00,287.30215
2012-11-25 17:00:00,204.21405
2012-11-25 18:00:00,119.87263
2012-11-25 19:00:00,227.8638
2012-11-25 20:00:00,85.51512
2012-11-25 21:00:00,215.11719
2012-11-25 22:00:00,85.51512
2012-11-25 23:00:00,59.408833
2012-11-26 00:00:00,88.20075
2012-11-26 01:00:00,66.74083
2012-11-26 02:00:00,66.74083
2012-11-26 03:00:00,66.74083
2012-11-26 04:00:00,88.20075
2012-11-26 05:00:00,193.07338
2012-11-26 06:00:00,88.20075
2012-11-26 07:00:00,125.47408
2012-11-26 08:00:00,125.47408
2012-11-26 09:00:00,207.10535
2012-11-26 10:00:00,286.9321
2012-11-26 11:00:00,312.03934
2012-11-26 12:00:00,280.81223
2012-11-26 13:00:00,280.81223
2012-11-26 14:00:00,298.3411
2012-11-26 15:00:00,283.91568
2012-11-26 16:00:00,305.7274
2012-11-26 17:00:00,298.92972
2012-11-26 18:00:00,261.99506
2012-11-26 19:00:00,299.27774
2012-11-26 20:00:00,289.86328
2012-11-26 21:00:00,289.86328
2012-11-26 22:00:00,193.89482
2012-11-26 23:00:00,201.81702
2012-11-27 00:00:00,203.49368
2012-11-27 01:00:00,184.41684
2012-11-27 02:00:00,174.22083
2012-11-27 03:00:00,128.1924
2012-11-27 04:00:00,77.727165
2012-11-27 05:00:00,122.54876
2012-11-27 06:00:00,136.12389
2012-11-27 07:00:00,88.66071
2012-11-27 08:00:00,87.520164
2012-11-27 09:00:00,152.11351
2012-11-27 10:00:00,84.16456
2012-11-27 11:00:00,67.25274
2012-11-27 12:00:00,56.517765
2012-11-27 13:00:00,65.28207
2012-11-27 14:00:00,58.710335
2012-11-27 15:00:00,117.070526
2012-11-27 16:00:00,117.070526
2012-11-27 17:00:00,107.47089
2012-11-27 18:00:00,141.15994
2012-11-27 19:00:00,145.00446
2012-11-27 20:00:00,146.00238
2012-11-27 21:00:00,152.71281
2012-11-27 22:00:00,162.19202
2012-11-27 23:00:00,119.94816
2012-11-28 00:00:00,113.47477
2012-11-28 01:00:00,111.01052
2012-11-28 02:00:00,111.01052
2012-11-28 03:00:00,125.08929
2012-11-28 04:00:00,122.68116
2012-11-28 05:00:00,122.461784
2012-11-28 06:00:00,135.30324
2012-11-28 07:00:00,135.75465
2012-11-28 08:00:00,139.96538
2012-11-28 09:00:00,214.07738
2012-11-28 10:00:00,274.26675
2012-11-28 11:00:00,270.44144
2012-11-28 12:00:00,245.98152
2012-11-28 13:00:00,261.31976
2012-11-28 14:00:00,282.86996
2012-11-28 15:00:00,291.48898
2012-11-28 16:00:00,267.8327
2012-11-28 17:00:00,238.54816
2012-11-28 18:00:00,233.17575
2012-11-28 19:00:00,242.87228
2012-11-28 20:00:00,250.36008
2012-11-28 21:00:00,248.96321
2012-11-28 22:00:00,241.15561
2012-11-28 23:00:00,224.62537
2012-11-29 00:00:00,147.87808
2012-11-29 01:00:00,131.37642
2012-11-29 02:00:00,99.79302
2012-11-29 04:00:00,131.54738
2012-11-29 05:00:00,66.74083
2012-11-29 06:00:00,88.20075
2012-11-29 07:00:00,73.16619
2012-11-29 08:00:00,144.65424
2012-11-29 09:00:00,133.89201
2012-11-29 10:00:00,145.07771
2012-11-29 11:00:00,257.18402
2012-11-29 12:00:00,266.52908
2012-11-29 13:00:00,256.35114
2012-11-29 14:00:00,259.1793
2012-11-29 15:00:00,264.27728
2012-11-29 16:00:00,263.05414
2012-11-29 17:00:00,252.68979
2012-11-29 18:00:00,263.7365
2012-11-29 19:00:00,236.72998
2012-11-29 20:00:00,254.33736
2012-11-29 21:00:00,161.22443
2012-11-29 22:00:00,134.92078
2012-11-29 23:00:00,147.57181
2012-11-30 00:00:00,157.69196
2012-11-30 01:00:00,137.2054
2012-11-30 02:00:00,108.2989
2012-11-30 03:00:00,108.2989
2012-11-30 04:00:00,75.46331
2012-11-30 05:00:00,52.604847
2012-11-30 06:00:00,47.711903
2012-11-30 07:00:00,64.84842
2012-11-30 08:00:00,116.54672
2012-11-30 09:00:00,143.41995
2012-11-30 10:00:00,173.74857
2012-11-30 11:00:00,275.99277
2012-11-30 12:00:00,255.88602
2012-11-30 13:00:00,283.8409
2012-11-30 14:00:00,277.1359
2012-11-30 15:00:00,280.5961
2012-11-30 16:00:00,289.78458
2012-11-30 17:00:00,256.10486
2012-11-30 18:00:00,243.87993
2012-11-30 19:00:00,156.56705
2012-11-30 20:00:00,156.56705
2012-11-30 21:00:00,136.85237
2012-11-30 22:00:00,122.95669
2012-11-30 23:00:00,162.19743
2012-12-20 00:00:00,206.32916
2012-12-20 01:00:00,156.56705
2012-12-20 02:00:00,156.56705
2012-12-20 03:00:00,165.5189
2012-12-20 04:00:00,165.5189
2012-12-20 05:00:00,162.89699
2012-12-20 06:00:00,173.74857
2012-12-20 07:00:00,178.26843
2012-12-20 08:00:00,178.26843
2012-12-20 09:00:00,178.26843
2012-12-20 10:00:00,202.86977
2012-12-20 11:00:00,249.1242
2012-12-20 12:00:00,272.69955
2012-12-20 13:00:00,259.1231
2012-12-20 14:00:00,270.01584
2012-12-20 15:00:00,256.0328
2012-12-20 16:00:00,186.49255
2012-12-20 17:00:00,212.20816
2012-12-20 18:00:00,184.53438
2012-12-20 19:00:00,127.48571
2012-12-20 20:00:00,104.00086
2012-12-20 21:00:00,104.00086
2012-12-20 22:00:00,87.52204
2012-12-20 23:00:00,119.611626
2012-12-21 00:00:00,93.886086
2012-12-21 01:00:00,79.93275
2012-12-21 02:00:00,73.81335
2012-12-21 03:00:00,73.81335
2012-12-21 04:00:00,98.26695
2012-12-21 05:00:00,86.81869
2012-12-21 06:00:00,169.30263
2012-12-21 07:00:00,101.72227
2012-12-21 08:00:00,88.89516
2012-12-21 09:00:00,206.10718
2012-12-21 10:00:00,154.607
2012-12-21 11:00:00,207.52524
2012-12-21 12:00:00,193.47481
2012-12-21 13:00:00,191.57664
2012-12-21 14:00:00,194.1573
2012-12-21 15:00:00,189.32292
2012-12-21 16:00:00,181.48354
2012-12-21 17:00:00,70.37516
2012-12-21 18:00:00,66.16266
2012-12-21 19:00:00,134.27246
2012-12-21 20:00:00,148.30124
2012-12-21 21:00:00,119.59517
2012-12-21 22:00:00,125.97141
2012-12-21 23:00:00,125.91662
2012-12-22 00:00:00,78.717766
2012-12-22 01:00:00,60.943207
2012-12-22 02:00:00,75.520966
2012-12-22 03:00:00,32.105095
2012-12-22 04:00:00,86.53373
2012-12-22 05:00:00,36.049248
2012-12-22 06:00:00,69.11717
2012-12-22 07:00:00,69.11717
2012-12-22 08:00:00,76.7967
2012-12-22 09:00:00,46.36128
2012-12-22 10:00:00,74.590164
2012-12-22 11:00:00,99.07838
2012-12-22 12:00:00,121.58377
2012-12-22 13:00:00,138.99727
2012-12-22 14:00:00,145.0375
2012-12-22 15:00:00,152.3131
2012-12-22 16:00:00,125.62662
2012-12-22 17:00:00,114.480995
2012-12-22 18:00:00,62.34329
2012-12-22 19:00:00,46.87838
2012-12-22 20:00:00,86.920906
2012-12-22 21:00:00,60.572037
2012-12-22 22:00:00,60.572037
2012-12-22 23:00:00,49.79753
2012-12-23 00:00:00,75.3
2012-12-23 01:00:00,68.006805
2012-12-23 02:00:00,54.81624
2012-12-23 03:00:00,68.40357
2012-12-23 04:00:00,72.91014
2012-12-23 05:00:00,62.103477
2012-12-23 06:00:00,47.492485
2012-12-23 07:00:00,47.492485
2012-12-23 08:00:00,33.283257
2012-12-23 09:00:00,60.7213
2012-12-23 10:00:00,29.640797
2012-12-23 11:00:00,49.877304
2012-12-23 12:00:00,133.15039
2012-12-23 13:00:00,158.00911
2012-12-23 14:00:00,145.69562
2012-12-23 15:00:00,161.61818
2012-12-23 16:00:00,175.1845
2012-12-23 17:00:00,119.23169
2012-12-23 18:00:00,130.25293
2012-12-23 19:00:00,123.81256
2012-12-23 20:00:00,48.71334
2012-12-23 21:00:00,48.541855
2012-12-23 22:00:00,70.99729
2012-12-23 23:00:00,55.498245
2012-12-24 00:00:00,90.72027
2012-12-24 01:00:00,90.72028
2012-12-24 02:00:00,89.416695
2012-12-24 03:00:00,89.416695
2012-12-24 05:00:00,92.763596
2012-12-24 06:00:00,89.416695
2012-12-24 07:00:00,87.32394
2012-12-24 08:00:00,90.72028
2012-12-24 09:00:00,75.27253
2012-12-24 10:00:00,84.30257
2012-12-24 11:00:00,80.514305
2012-12-24 12:00:00,101.912155
2012-12-24 13:00:00,64.16697
2012-12-24 14:00:00,52.598454
2012-12-24 15:00:00,52.403385
2012-12-24 16:00:00,52.403385
2012-12-24 17:00:00,56.2298
2012-12-24 18:00:00,54.453957
2012-12-24 19:00:00,90.4103
2012-12-24 20:00:00,55.02588
2012-12-24 21:00:00,57.645275
2012-12-24 22:00:00,91.35801
2012-12-24 23:00:00,82.5126
2012-12-25 00:00:00,46.68151
2012-12-25 01:00:00,64.21183
2012-12-25 02:00:00,64.21183
2012-12-25 04:00:00,64.48163
2012-12-25 05:00:00,42.611046
2012-12-25 06:00:00,42.611046
2012-12-25 07:00:00,45.518147
2012-12-25 08:00:00,47.693306
2012-12-25 09:00:00,44.95453
2012-12-25 10:00:00,34.75403
2012-12-25 11:00:00,53.696682
2012-12-25 12:00:00,57.636196
2012-12-25 13:00:00,112.37571
2012-12-25 14:00:00,115.118095
2012-12-25 15:00:00,105.45144
2012-12-25 16:00:00,124.83882
2012-12-25 17:00:00,116.46222
2012-12-25 18:00:00,108.00497
2012-12-25 19:00:00,108.05699
2012-12-25 20:00:00,123.6291
2012-12-25 21:00:00,106.1737
2012-12-25 22:00:00,96.82368
2012-12-25 23:00:00,107.29212
2012-12-26 00:00:00,72.46765
2012-12-26 01:00:00,60.821384
2012-12-26 02:00:00,60.821384
2012-12-26 03:00:00,63.041523
2012-12-26 04:00:00,77.58868
2012-12-26 05:00:00,57.554268
2012-12-26 06:00:00,58.98686
2012-12-26 07:00:00,40.618004
2012-12-26 08:00:00,40.618004
2012-12-26 09:00:00,40.618004
2012-12-26 10:00:00,45.01326
2012-12-26 11:00:00,25.923576
2012-12-26 12:00:00,42.33277
2012-12-26 13:00:00,42.33277
2012-12-26 14:00:00,50.20807
2012-12-26 15:00:00,42.094494
2012-12-26 16:00:00,42.094494
2012-12-26 17:00:00,43.44669
2012-12-26 18:00:00,53.53571
2012-12-26 19:00:00,61.83623
2012-12-26 20:00:00,53.796413
2012-12-26 21:00:00,58.353565
2012-12-26 22:00:00,28.414951
2012-12-26 23:00:00,50.34574
2012-12-27 00:00:00,50.34574
2012-12-27 01:00:00,28.414951
2012-12-27 02:00:00,37.411083
2012-12-27 03:00:00,67.32169
2012-12-27 04:00:00,42.504555
2012-12-27 05:00:00,99.808266
2012-12-27 06:00:00,63.181915
2012-12-27 07:00:00,85.674225
2012-12-27 08:00:00,92.111015
2012-12-27 09:00:00,119.73365
2012-12-27 10:00:00,114.94198
2012-12-27 11:00:00,113.07165
2012-12-27 12:00:00,140.21158
2012-12-27 13:00:00,140.21158
2012-12-27 14:00:00,113.32588
2012-12-27 15:00:00,101.90909
2012-12-27 16:00:00,78.92896
2012-12-27 17:00:00,78.92896
2012-12-27 18:00:00,62.006783
2012-12-27 19:00:00,85.924
2012-12-27 20:00:00,93.14786
2012-12-27 21:00:00,62.006783
2012-12-27 22:00:00,56.88904
2012-12-27 23:00:00,62.006783
2012-12-28 00:00:00,74.170265
2012-12-28 01:00:00,90.66093
2012-12-28 02:00:00,89.49149
2012-12-28 03:00:00,74.170265
2012-12-28 04:00:00,81.481895
2012-12-28 05:00:00,82.39652
2012-12-28 06:00:00,82.7772
2012-12-28 07:00:00,88.46141
2012-12-28 08:00:00,77.79821
2012-12-28 09:00:00,56.88904
2012-12-28 10:00:00,72.812874
2012-12-28 11:00:00,92.61849
2012-12-28 12:00:00,121.919556
2012-12-28 13:00:00,121.919556
2012-12-28 14:00:00,121.919556
2012-12-28 15:00:00,118.123924
2012-12-28 16:00:00,123.39965
2012-12-28 17:00:00,98.904915
2012-12-28 18:00:00,98.904915
2012-12-28 19:00:00,65.70115
2012-12-28 20:00:00,75.27253
2012-12-28 21:00:00,75.30222
2012-12-28 22:00:00,78.4042
2012-12-28 23:00:00,76.09939
2012-12-29 00:00:00,48.33033
2012-12-29 01:00:00,41.61405
2012-12-29 02:00:00,48.33033
2012-12-29 03:00:00,47.537243
2012-12-29 04:00:00,41.61405
2012-12-29 05:00:00,41.61405
2012-12-29 06:00:00,46.37309
2012-12-29 07:00:00,46.885933
2012-12-29 08:00:00,49.956497
2012-12-29 09:00:00,49.956486
2012-12-29 10:00:00,42.05907
2012-12-29 11:00:00,30.179558
2012-12-29 12:00:00,39.28241
2012-12-29 13:00:00,39.28241
2012-12-29 14:00:00,43.938587
2012-12-29 15:00:00,35.664738
2012-12-29 16:00:00,49.869816
2012-12-29 17:00:00,51.083652
2012-12-29 18:00:00,34.09267
2012-12-29 19:00:00,83.15013
2012-12-29 20:00:00,70.27311
2012-12-29 21:00:00,49.14831
2012-12-29 22:00:00,23.706549
2012-12-29 23:00:00,56.800278
2012-12-30 00:00:00,84.1807
2012-12-30 01:00:00,16.124922
2012-12-30 02:00:00,85.086075
2012-12-30 03:00:00,16.124922
2012-12-30 04:00:00,99.372635
2012-12-30 05:00:00,91.5321
2012-12-30 06:00:00,29.37259
2012-12-30 07:00:00,26.021976
2012-12-30 08:00:00,18.659258
2012-12-30 09:00:00,23.990711
2012-12-30 10:00:00,88.94507
2012-12-30 11:00:00,96.02801
2012-12-30 12:00:00,110.7346
2012-12-30 13:00:00,121.58377
2012-12-30 14:00:00,138.48865
2012-12-30 15:00:00,118.88171
2012-12-30 16:00:00,110.34169
2012-12-30 17:00:00,90.636215
2012-12-30 18:00:00,72.83486
2012-12-30 19:00:00,67.83314
2012-12-30 20:00:00,55.363667
2012-12-30 21:00:00,54.81624
2012-12-30 22:00:00,37.460068
2012-12-30 23:00:00,28.706615
2012-12-31 00:00:00,74.62619
2012-12-31 01:00:00,74.62619
2012-12-31 02:00:00,69.859146
2012-12-31 03:00:00,73.68209
2012-12-31 04:00:00,75.349266
2012-12-31 05:00:00,68.12995
2012-12-31 06:00:00,67.726585
2012-12-31 07:00:00,76.43964
2012-12-31 08:00:00,73.45888
2012-12-31 09:00:00,55.333717
2012-12-31 10:00:00,59.45354
2012-12-31 11:00:00,64.09308
2012-12-31 12:00:00,73.21328
2012-12-31 13:00:00,113.702736
2012-12-31 14:00:00,126.00981
2012-12-31 15:00:00,130.18451
2012-12-31 16:00:00,103.06447
2012-12-31 17:00:00,115.7192
2012-12-31 18:00:00,111.30604
2012-12-31 19:00:00,80.514305
2012-12-31 20:00:00,80.514305
2012-12-31 21:00:00,101.1016
2012-12-31 22:00:00,106.870995
2012-12-31 23:00:00,109.1952
