datetime,count
2011-01-20 00:00:00,81.78281
2011-01-20 01:00:00,69.850235
2011-01-20 02:00:00,69.850235
2011-01-20 03:00:00,77.1393
2011-01-20 04:00:00,77.1393
2011-01-20 05:00:00,74.82985
2011-01-20 06:00:00,73.04613
2011-01-20 07:00:00,74.38397
2011-01-20 08:00:00,71.41263
2011-01-20 09:00:00,78.24098
2011-01-20 10:00:00,80.26937
2011-01-20 11:00:00,88.54826
2011-01-20 12:00:00,77.79799
2011-01-20 13:00:00,83.02018
2011-01-20 14:00:00,89.71109
2011-01-20 15:00:00,91.83856
2011-01-20 16:00:00,92.147156
2011-01-20 17:00:00,89.61588
2011-01-20 18:00:00,88.40141
2011-01-20 19:00:00,80.306274
2011-01-20 20:00:00,72.945694
2011-01-20 21:00:00,73.43104
2011-01-20 22:00:00,63.16269
2011-01-20 23:00:00,59.56232
2011-01-21 00:00:00,63.428543
2011-01-21 01:00:00,63.428543
2011-01-21 02:00:00,58.883476
2011-01-21 03:00:00,51.88944
2011-01-21 04:00:00,59.195656
2011-01-21 05:00:00,70.097
2011-01-21 06:00:00,73.33285
2011-01-21 07:00:00,65.559296
2011-01-21 08:00:00,66.27642
2011-01-21 09:00:00,65.21313
2011-01-21 10:00:00,71.36294
2011-01-21 11:00:00,76.54677
2011-01-21 12:00:00,81.936745
2011-01-21 13:00:00,83.72905
2011-01-21 14:00:00,80.95812
2011-01-21 15:00:00,76.24672
2011-01-21 16:00:00,74.1191
2011-01-21 17:00:00,69.25857
2011-01-21 18:00:00,62.2644
2011-01-21 19:00:00,63.33338
2011-01-21 20:00:00,64.78773
2011-01-21 21:00:00,55.707085
2011-01-21 22:00:00,55.603725
2011-01-21 23:00:00,54.960796
2011-01-22 00:00:00,32.11797
2011-01-22 01:00:00,36.40565
2011-01-22 02:00:00,36.935055
2011-01-22 03:00:00,38.021805
2011-01-22 04:00:00,38.529858
2011-01-22 06:00:00,32.888138
2011-01-22 07:00:00,30.964798
2011-01-22 08:00:00,31.105946
2011-01-22 09:00:00,33.466602
2011-01-22 10:00:00,31.128984
2011-01-22 11:00:00,31.491013
2011-01-22 12:00:00,31.309183
2011-01-22 13:00:00,32.035366
2011-01-22 14:00:00,38.09698
2011-01-22 15:00:00,39.814434
2011-01-22 16:00:00,54.00314
2011-01-22 17:00:00,43.61136
2011-01-22 18:00:00,39.92564
2011-01-22 19:00:00,34.669296
2011-01-22 20:00:00,30.51582
2011-01-22 21:00:00,29.334003
2011-01-22 22:00:00,26.747662
2011-01-22 23:00:00,27.766817
2011-01-23 00:00:00,27.766817
2011-01-23 01:00:00,27.766817
2011-01-23 02:00:00,28.306267
2011-01-23 03:00:00,28.306267
2011-01-23 05:00:00,29.367943
2011-01-23 06:00:00,29.367943
2011-01-23 07:00:00,31.40893
2011-01-23 08:00:00,30.47956
2011-01-23 09:00:00,51.368713
2011-01-23 10:00:00,53.651783
2011-01-23 11:00:00,48.766968
2011-01-23 12:00:00,55.402523
2011-01-23 13:00:00,55.95381
2011-01-23 14:00:00,61.295303
2011-01-23 15:00:00,61.295303
2011-01-23 16:00:00,63.69386
2011-01-23 17:00:00,57.04586
2011-01-23 18:00:00,53.87627
2011-01-23 19:00:00,53.674168
2011-01-23 20:00:00,49.0068
2011-01-23 21:00:00,42.834946
2011-01-23 22:00:00,37.753536
2011-01-23 23:00:00,34.86479
2011-01-24 00:00:00,55.134583
2011-01-24 01:00:00,53.0262
2011-01-24 03:00:00,52.505474
2011-01-24 04:00:00,51.460773
2011-01-24 05:00:00,51.460773
2011-01-24 06:00:00,49.50945
2011-01-24 07:00:00,45.50971
2011-01-24 08:00:00,46.623375
2011-01-24 09:00:00,50.812103
2011-01-24 10:00:00,54.290768
2011-01-24 11:00:00,54.13291
2011-01-24 12:00:00,62.8819
2011-01-24 13:00:00,63.29951
2011-01-24 14:00:00,62.26865
2011-01-24 15:00:00,67.55769
2011-01-24 16:00:00,59.738995
2011-01-24 17:00:00,56.20238
2011-01-24 18:00:00,60.877827
2011-01-24 19:00:00,57.68032
2011-01-24 20:00:00,60.877827
2011-01-24 21:00:00,62.02436
2011-01-24 22:00:00,56.65897
2011-01-24 23:00:00,56.584984
2011-01-25 00:00:00,52.864635
2011-01-25 01:00:00,54.132362
2011-01-25 02:00:00,64.452354
2011-01-25 04:00:00,63.712234
2011-01-25 05:00:00,57.273785
2011-01-25 06:00:00,64.86236
2011-01-25 07:00:00,59.791298
2011-01-25 08:00:00,51.575245
2011-01-25 09:00:00,65.36162
2011-01-25 10:00:00,71.38675
2011-01-25 11:00:00,77.697586
2011-01-25 12:00:00,82.181404
2011-01-25 13:00:00,84.65447
2011-01-25 14:00:00,78.607895
2011-01-25 15:00:00,81.68854
2011-01-25 16:00:00,81.68854
2011-01-25 17:00:00,87.77274
2011-01-25 18:00:00,88.40558
2011-01-25 19:00:00,84.48518
2011-01-25 20:00:00,71.14528
2011-01-25 21:00:00,71.14528
2011-01-25 22:00:00,68.16933
2011-01-25 23:00:00,72.86647
2011-01-26 00:00:00,71.129814
2011-01-26 01:00:00,77.358894
2011-01-26 02:00:00,58.35349
2011-01-26 05:00:00,47.324375
2011-01-26 06:00:00,47.324375
2011-01-26 07:00:00,48.821957
2011-01-26 08:00:00,48.821957
2011-01-26 09:00:00,48.821957
2011-01-26 10:00:00,46.321617
2011-01-26 11:00:00,46.193466
2011-01-26 12:00:00,46.193466
2011-01-26 13:00:00,46.193466
2011-01-26 14:00:00,46.217777
2011-01-26 15:00:00,41.34989
2011-01-26 16:00:00,50.063828
2011-01-26 17:00:00,44.534946
2011-01-27 16:00:00,75.12717
2011-01-27 17:00:00,68.142624
2011-01-27 18:00:00,62.717278
2011-01-27 19:00:00,62.717278
2011-01-27 20:00:00,64.358696
2011-01-27 21:00:00,64.358696
2011-01-27 22:00:00,64.358696
2011-01-27 23:00:00,66.12646
2011-01-28 00:00:00,58.425293
2011-01-28 01:00:00,58.425293
2011-01-28 02:00:00,55.210056
2011-01-28 03:00:00,64.26259
2011-01-28 05:00:00,54.37125
2011-01-28 06:00:00,50.495358
2011-01-28 07:00:00,49.404377
2011-01-28 08:00:00,49.404377
2011-01-28 09:00:00,52.15001
2011-01-28 10:00:00,51.331177
2011-01-28 11:00:00,47.26629
2011-01-28 12:00:00,47.26629
2011-01-28 13:00:00,47.26629
2011-01-28 14:00:00,70.716446
2011-01-28 15:00:00,63.63763
2011-01-28 16:00:00,75.599075
2011-01-28 17:00:00,72.076096
2011-01-28 18:00:00,70.238464
2011-01-28 19:00:00,69.511795
2011-01-28 20:00:00,69.09365
2011-01-28 21:00:00,63.827793
2011-01-28 22:00:00,68.84103
2011-01-28 23:00:00,74.82985
2011-01-29 00:00:00,53.994762
2011-01-29 01:00:00,49.11917
2011-01-29 02:00:00,47.212925
2011-01-29 03:00:00,43.692127
2011-01-29 04:00:00,37.622684
2011-01-29 06:00:00,37.93538
2011-01-29 07:00:00,36.51955
2011-01-29 08:00:00,45.735615
2011-01-29 09:00:00,39.278603
2011-01-29 10:00:00,44.892033
2011-01-29 11:00:00,45.848595
2011-01-29 12:00:00,54.44114
2011-01-29 13:00:00,56.69449
2011-01-29 14:00:00,51.82793
2011-01-29 15:00:00,49.76269
2011-01-29 16:00:00,50.835228
2011-01-29 17:00:00,47.255405
2011-01-29 18:00:00,45.48031
2011-01-29 19:00:00,51.978218
2011-01-29 20:00:00,41.261074
2011-01-29 21:00:00,41.261074
2011-01-29 22:00:00,42.40174
2011-01-29 23:00:00,42.40174
2011-01-30 00:00:00,42.371166
2011-01-30 01:00:00,39.677723
2011-01-30 02:00:00,41.50611
2011-01-30 03:00:00,44.110226
2011-01-30 04:00:00,44.110226
2011-01-30 05:00:00,43.14246
2011-01-30 07:00:00,43.14246
2011-01-30 08:00:00,43.97412
2011-01-30 09:00:00,44.135403
2011-01-30 10:00:00,45.27509
2011-01-30 11:00:00,44.902046
2011-01-30 12:00:00,69.15207
2011-01-30 13:00:00,50.994667
2011-01-30 14:00:00,51.983986
2011-01-30 15:00:00,57.645424
2011-01-30 16:00:00,57.645424
2011-01-30 17:00:00,67.53068
2011-01-30 18:00:00,50.11284
2011-01-30 19:00:00,50.115894
2011-01-30 20:00:00,56.226357
2011-01-30 21:00:00,50.847507
2011-01-30 22:00:00,50.630527
2011-01-30 23:00:00,55.911743
2011-01-31 00:00:00,75.51785
2011-01-31 01:00:00,71.19832
2011-01-31 02:00:00,69.98372
2011-01-31 03:00:00,69.98372
2011-01-31 04:00:00,71.60853
2011-01-31 05:00:00,64.17818
2011-01-31 06:00:00,53.27226
2011-01-31 07:00:00,55.497726
2011-01-31 08:00:00,58.178986
2011-01-31 09:00:00,57.56257
2011-01-31 10:00:00,59.679714
2011-01-31 11:00:00,59.679714
2011-01-31 12:00:00,63.86074
2011-01-31 13:00:00,55.110996
2011-01-31 14:00:00,65.03084
2011-01-31 15:00:00,58.305088
2011-01-31 16:00:00,62.681915
2011-01-31 17:00:00,59.679714
2011-01-31 18:00:00,61.96812
2011-01-31 19:00:00,75.00747
2011-01-31 20:00:00,54.191402
2011-01-31 21:00:00,53.364758
2011-01-31 22:00:00,57.971905
2011-01-31 23:00:00,55.892586
2011-02-20 00:00:00,72.681564
2011-02-20 01:00:00,64.36567
2011-02-20 02:00:00,61.21777
2011-02-20 03:00:00,59.509045
2011-02-20 04:00:00,59.509045
2011-02-20 06:00:00,60.666645
2011-02-20 07:00:00,55.428524
2011-02-20 08:00:00,45.68287
2011-02-20 09:00:00,66.08596
2011-02-20 10:00:00,73.321175
2011-02-20 11:00:00,89.71649
2011-02-20 12:00:00,90.917984
2011-02-20 13:00:00,102.73285
2011-02-20 14:00:00,130.55592
2011-02-20 15:00:00,122.2943
2011-02-20 16:00:00,119.0794
2011-02-20 17:00:00,117.26794
2011-02-20 18:00:00,97.77784
2011-02-20 19:00:00,97.77784
2011-02-20 20:00:00,96.15117
2011-02-20 21:00:00,76.89097
2011-02-20 22:00:00,81.32762
2011-02-20 23:00:00,73.2173
2011-02-21 00:00:00,106.20335
2011-02-21 01:00:00,106.20335
2011-02-21 02:00:00,106.20335
2011-02-21 03:00:00,105.94094
2011-02-21 04:00:00,78.296165
2011-02-21 05:00:00,74.97175
2011-02-21 06:00:00,120.7865
2011-02-21 07:00:00,120.75787
2011-02-21 08:00:00,100.12842
2011-02-21 09:00:00,99.9174
2011-02-21 10:00:00,97.2634
2011-02-21 11:00:00,72.1274
2011-02-21 12:00:00,78.7538
2011-02-21 13:00:00,65.775955
2011-02-21 14:00:00,73.18615
2011-02-21 15:00:00,69.807945
2011-02-21 16:00:00,63.013416
2011-02-21 17:00:00,65.067444
2011-02-21 18:00:00,52.3061
2011-02-21 19:00:00,52.3061
2011-02-21 20:00:00,56.042328
2011-02-21 21:00:00,57.051693
2011-02-21 22:00:00,55.23688
2011-02-21 23:00:00,55.23688
2011-02-22 06:00:00,44.58621
2011-02-22 07:00:00,44.58621
2011-02-22 08:00:00,44.40701
2011-02-22 09:00:00,48.794548
2011-02-22 10:00:00,55.24656
2011-02-22 11:00:00,54.57867
2011-02-22 12:00:00,64.89708
2011-02-22 13:00:00,71.81594
2011-02-22 14:00:00,75.12717
2011-02-22 15:00:00,78.71611
2011-02-22 16:00:00,73.13826
2011-02-22 17:00:00,73.31543
2011-02-22 18:00:00,74.230576
2011-02-22 19:00:00,66.87776
2011-02-22 20:00:00,69.2569
2011-02-22 21:00:00,67.86174
2011-02-22 22:00:00,60.763493
2011-02-22 23:00:00,60.763493
2011-02-23 00:00:00,59.331264
2011-02-23 01:00:00,60.77441
2011-02-23 02:00:00,54.589268
2011-02-23 03:00:00,55.88889
2011-02-23 05:00:00,53.09057
2011-02-23 06:00:00,53.09057
2011-02-23 07:00:00,53.592968
2011-02-23 08:00:00,57.68032
2011-02-23 09:00:00,62.457855
2011-02-23 10:00:00,72.65498
2011-02-23 11:00:00,83.82273
2011-02-23 12:00:00,100.00096
2011-02-23 13:00:00,127.87021
2011-02-23 14:00:00,135.06131
2011-02-23 15:00:00,149.17862
2011-02-23 16:00:00,134.87706
2011-02-23 17:00:00,149.17862
2011-02-23 18:00:00,139.56828
2011-02-23 19:00:00,108.37242
2011-02-23 20:00:00,71.83244
2011-02-23 21:00:00,72.3255
2011-02-23 22:00:00,72.3255
2011-02-23 23:00:00,68.05877
2011-02-24 00:00:00,68.05877
2011-02-24 01:00:00,67.587135
2011-02-24 02:00:00,63.925205
2011-02-24 03:00:00,65.40004
2011-02-24 05:00:00,64.73875
2011-02-24 06:00:00,67.37694
2011-02-24 07:00:00,66.978745
2011-02-24 08:00:00,71.44522
2011-02-24 09:00:00,56.521362
2011-02-24 10:00:00,62.99688
2011-02-24 11:00:00,71.513405
2011-02-24 12:00:00,92.74437
2011-02-24 13:00:00,103.98806
2011-02-24 14:00:00,105.21289
2011-02-24 15:00:00,65.55938
2011-02-24 16:00:00,73.15538
2011-02-24 17:00:00,82.25491
2011-02-24 18:00:00,61.72218
2011-02-24 19:00:00,59.95495
2011-02-24 20:00:00,57.896545
2011-02-24 21:00:00,61.72218
2011-02-24 22:00:00,65.41598
2011-02-24 23:00:00,60.064476
2011-02-25 00:00:00,104.61798
2011-02-25 01:00:00,129.31331
2011-02-25 02:00:00,129.31331
2011-02-25 03:00:00,80.30171
2011-02-25 05:00:00,80.30171
2011-02-25 06:00:00,87.61032
2011-02-25 07:00:00,66.106285
2011-02-25 08:00:00,81.22425
2011-02-25 09:00:00,56.48628
2011-02-25 10:00:00,73.27532
2011-02-25 11:00:00,152.27278
2011-02-25 12:00:00,74.16675
2011-02-25 13:00:00,74.16675
2011-02-25 14:00:00,67.67931
2011-02-25 15:00:00,125.076096
2011-02-25 16:00:00,102.19966
2011-02-25 17:00:00,86.109085
2011-02-25 18:00:00,100.91626
2011-02-25 19:00:00,94.715965
2011-02-25 20:00:00,87.25539
2011-02-25 21:00:00,89.44763
2011-02-25 22:00:00,80.81694
2011-02-25 23:00:00,81.01909
2011-02-26 00:00:00,56.019196
2011-02-26 01:00:00,66.11426
2011-02-26 02:00:00,57.287174
2011-02-26 03:00:00,47.978382
2011-02-26 04:00:00,50.35168
2011-02-26 05:00:00,49.654354
2011-02-26 06:00:00,45.042
2011-02-26 07:00:00,45.659763
2011-02-26 08:00:00,49.676037
2011-02-26 09:00:00,63.428165
2011-02-26 10:00:00,78.44222
2011-02-26 11:00:00,71.87625
2011-02-26 12:00:00,87.6177
2011-02-26 13:00:00,100.84588
2011-02-26 14:00:00,94.05332
2011-02-26 15:00:00,104.75876
2011-02-26 16:00:00,115.21683
2011-02-26 17:00:00,119.89701
2011-02-26 18:00:00,100.96454
2011-02-26 19:00:00,92.89132
2011-02-26 20:00:00,65.48003
2011-02-26 21:00:00,55.967678
2011-02-26 22:00:00,47.249992
2011-02-26 23:00:00,48.160236
2011-02-27 00:00:00,42.50535
2011-02-27 01:00:00,44.44305
2011-02-27 02:00:00,46.7152
2011-02-27 03:00:00,45.948124
2011-02-27 04:00:00,46.005272
2011-02-27 06:00:00,47.437885
2011-02-27 07:00:00,46.005272
2011-02-27 08:00:00,51.67058
2011-02-27 09:00:00,45.84761
2011-02-27 10:00:00,45.751095
2011-02-27 11:00:00,75.56874
2011-02-27 12:00:00,108.302826
2011-02-27 13:00:00,114.709
2011-02-27 14:00:00,140.9506
2011-02-27 15:00:00,164.34906
2011-02-27 16:00:00,181.22627
2011-02-27 17:00:00,140.7421
2011-02-27 18:00:00,129.01196
2011-02-27 19:00:00,117.559074
2011-02-27 20:00:00,108.302826
2011-02-27 21:00:00,96.1912
2011-02-27 22:00:00,105.180626
2011-02-27 23:00:00,93.51953
2011-02-28 00:00:00,101.5303
2011-02-28 01:00:00,59.69095
2011-02-28 03:00:00,63.411915
2011-02-28 05:00:00,132.55782
2011-02-28 06:00:00,88.33154
2011-02-28 07:00:00,105.105644
2011-02-28 08:00:00,63.956387
2011-02-28 09:00:00,98.16737
2011-02-28 10:00:00,95.8835
2011-02-28 11:00:00,156.56578
2011-02-28 12:00:00,156.56578
2011-02-28 13:00:00,93.03221
2011-02-28 14:00:00,70.94147
2011-02-28 15:00:00,70.94147
2011-02-28 16:00:00,95.83168
2011-02-28 17:00:00,65.65982
2011-02-28 18:00:00,97.380424
2011-02-28 19:00:00,49.783436
2011-02-28 20:00:00,49.783436
2011-02-28 21:00:00,66.283
2011-02-28 22:00:00,52.09882
2011-02-28 23:00:00,56.617954
2011-03-20 00:00:00,85.20766
2011-03-20 01:00:00,82.35609
2011-03-20 02:00:00,86.20977
2011-03-20 03:00:00,69.65769
2011-03-20 04:00:00,59.9373
2011-03-20 05:00:00,52.329636
2011-03-20 06:00:00,55.698517
2011-03-20 07:00:00,52.511517
2011-03-20 08:00:00,57.431545
2011-03-20 09:00:00,68.781975
2011-03-20 10:00:00,85.162575
2011-03-20 11:00:00,101.096924
2011-03-20 12:00:00,109.360886
2011-03-20 13:00:00,114.57589
2011-03-20 14:00:00,131.98715
2011-03-20 15:00:00,140.72197
2011-03-20 16:00:00,136.3786
2011-03-20 17:00:00,147.35776
2011-03-20 18:00:00,122.86231
2011-03-20 19:00:00,116.103195
2011-03-20 20:00:00,115.21683
2011-03-20 21:00:00,95.02746
2011-03-20 22:00:00,88.77702
2011-03-20 23:00:00,81.272064
2011-03-21 00:00:00,56.184658
2011-03-21 01:00:00,61.254135
2011-03-21 02:00:00,64.9471
2011-03-21 03:00:00,64.9471
2011-03-21 05:00:00,58.212814
2011-03-21 06:00:00,55.73074
2011-03-21 07:00:00,48.055756
2011-03-21 08:00:00,47.651413
2011-03-21 09:00:00,54.936363
2011-03-21 10:00:00,59.455647
2011-03-21 11:00:00,83.50602
2011-03-21 12:00:00,90.364456
2011-03-21 13:00:00,123.66094
2011-03-21 14:00:00,139.32877
2011-03-21 15:00:00,147.69702
2011-03-21 16:00:00,129.00056
2011-03-21 17:00:00,135.5325
2011-03-21 18:00:00,130.85104
2011-03-21 19:00:00,184.34364
2011-03-21 20:00:00,182.22523
2011-03-21 21:00:00,58.11455
2011-03-21 22:00:00,65.30174
2011-03-21 23:00:00,63.956825
2011-03-22 00:00:00,62.98096
2011-03-22 01:00:00,52.263607
2011-03-22 02:00:00,56.95371
2011-03-22 03:00:00,77.44122
2011-03-22 04:00:00,84.992874
2011-03-22 05:00:00,70.89897
2011-03-22 06:00:00,58.6209
2011-03-22 07:00:00,90.86378
2011-03-22 08:00:00,94.42127
2011-03-22 09:00:00,77.28146
2011-03-22 10:00:00,101.26449
2011-03-22 11:00:00,139.57657
2011-03-22 12:00:00,149.29807
2011-03-22 13:00:00,174.84427
2011-03-22 14:00:00,191.3982
2011-03-22 15:00:00,182.98077
2011-03-22 16:00:00,162.8517
2011-03-22 17:00:00,162.8517
2011-03-22 18:00:00,142.66211
2011-03-22 19:00:00,102.66166
2011-03-22 20:00:00,100.98457
2011-03-22 21:00:00,96.682594
2011-03-22 22:00:00,95.04708
2011-03-22 23:00:00,95.04708
2011-03-23 00:00:00,64.61293
2011-03-23 01:00:00,58.446777
2011-03-23 02:00:00,58.446777
2011-03-23 03:00:00,64.18585
2011-03-23 05:00:00,50.04435
2011-03-23 06:00:00,49.62328
2011-03-23 07:00:00,44.324802
2011-03-23 08:00:00,45.891743
2011-03-23 09:00:00,51.906982
2011-03-23 10:00:00,57.738316
2011-03-23 11:00:00,48.177456
2011-03-23 12:00:00,48.540337
2011-03-23 13:00:00,57.505863
2011-03-23 14:00:00,62.11715
2011-03-23 15:00:00,63.426136
2011-03-23 16:00:00,82.97195
2011-03-23 17:00:00,82.97195
2011-03-23 18:00:00,57.947308
2011-03-23 19:00:00,57.947308
2011-03-23 20:00:00,48.931156
2011-03-23 21:00:00,47.76649
2011-03-23 22:00:00,44.74549
2011-03-23 23:00:00,70.3261
2011-03-24 00:00:00,44.324802
2011-03-24 01:00:00,41.509293
2011-03-24 02:00:00,42.227333
2011-03-24 03:00:00,41.20034
2011-03-24 04:00:00,41.20034
2011-03-24 05:00:00,41.50214
2011-03-24 06:00:00,41.50214
2011-03-24 07:00:00,45.634594
2011-03-24 08:00:00,45.213253
2011-03-24 09:00:00,41.4285
2011-03-24 10:00:00,45.48229
2011-03-24 11:00:00,53.118755
2011-03-24 12:00:00,60.688545
2011-03-24 13:00:00,70.2064
2011-03-24 14:00:00,65.43328
2011-03-24 15:00:00,66.94006
2011-03-24 16:00:00,77.60715
2011-03-24 17:00:00,64.88076
2011-03-24 18:00:00,76.74562
2011-03-24 19:00:00,116.01207
2011-03-24 20:00:00,90.241356
2011-03-24 21:00:00,75.257
2011-03-24 22:00:00,62.703377
2011-03-24 23:00:00,66.973076
2011-03-25 00:00:00,60.51945
2011-03-25 01:00:00,57.905354
2011-03-25 02:00:00,66.54001
2011-03-25 03:00:00,48.415085
2011-03-25 04:00:00,52.32339
2011-03-25 05:00:00,60.895294
2011-03-25 06:00:00,55.259323
2011-03-25 07:00:00,86.26925
2011-03-25 08:00:00,69.738625
2011-03-25 09:00:00,75.934685
2011-03-25 10:00:00,53.164524
2011-03-25 11:00:00,93.50912
2011-03-25 12:00:00,100.01268
2011-03-25 13:00:00,101.531586
2011-03-25 14:00:00,139.90671
2011-03-25 15:00:00,70.49012
2011-03-25 16:00:00,70.78288
2011-03-25 17:00:00,71.62419
2011-03-25 18:00:00,95.986496
2011-03-25 19:00:00,67.45419
2011-03-25 20:00:00,66.75534
2011-03-25 21:00:00,71.910706
2011-03-25 22:00:00,68.81989
2011-03-25 23:00:00,67.62525
2011-03-26 00:00:00,67.70101
2011-03-26 01:00:00,66.18918
2011-03-26 02:00:00,47.78726
2011-03-26 03:00:00,39.716934
2011-03-26 04:00:00,47.78726
2011-03-26 05:00:00,37.30281
2011-03-26 06:00:00,33.90544
2011-03-26 07:00:00,37.30281
2011-03-26 08:00:00,42.524418
2011-03-26 09:00:00,46.776722
2011-03-26 10:00:00,54.04278
2011-03-26 11:00:00,59.653267
2011-03-26 12:00:00,71.87243
2011-03-26 13:00:00,90.02487
2011-03-26 14:00:00,106.44575
2011-03-26 15:00:00,102.47101
2011-03-26 16:00:00,117.9978
2011-03-26 17:00:00,110.52005
2011-03-26 18:00:00,81.94073
2011-03-26 19:00:00,65.95916
2011-03-26 20:00:00,65.95916
2011-03-26 21:00:00,55.795204
2011-03-26 22:00:00,64.69961
2011-03-26 23:00:00,65.10347
2011-03-27 00:00:00,54.93733
2011-03-27 01:00:00,50.759846
2011-03-27 02:00:00,59.01064
2011-03-27 03:00:00,53.78707
2011-03-27 04:00:00,48.874996
2011-03-27 06:00:00,38.447746
2011-03-27 07:00:00,35.696957
2011-03-27 08:00:00,39.942013
2011-03-27 09:00:00,35.761524
2011-03-27 10:00:00,50.741413
2011-03-27 11:00:00,48.849113
2011-03-27 12:00:00,58.577755
2011-03-27 13:00:00,71.07034
2011-03-27 14:00:00,75.646835
2011-03-27 15:00:00,90.52562
2011-03-27 16:00:00,73.66348
2011-03-27 17:00:00,97.45343
2011-03-27 18:00:00,78.60984
2011-03-27 19:00:00,89.175
2011-03-27 20:00:00,62.96309
2011-03-27 21:00:00,54.04278
2011-03-27 22:00:00,54.04278
2011-03-27 23:00:00,53.76974
2011-03-28 00:00:00,57.32449
2011-03-28 01:00:00,66.65631
2011-03-28 02:00:00,64.560295
2011-03-28 03:00:00,64.560295
2011-03-28 05:00:00,59.841652
2011-03-28 06:00:00,70.667404
2011-03-28 07:00:00,80.53106
2011-03-28 08:00:00,71.98173
2011-03-28 09:00:00,62.831264
2011-03-28 10:00:00,85.812126
2011-03-28 11:00:00,63.590065
2011-03-28 12:00:00,58.806114
2011-03-28 13:00:00,64.351166
2011-03-28 14:00:00,125.414345
2011-03-28 15:00:00,128.25983
2011-03-28 16:00:00,133.9472
2011-03-28 17:00:00,137.80788
2011-03-28 18:00:00,131.1838
2011-03-28 19:00:00,114.87689
2011-03-28 20:00:00,128.90186
2011-03-28 21:00:00,129.4145
2011-03-28 22:00:00,116.67336
2011-03-28 23:00:00,113.89523
2011-03-29 00:00:00,102.745995
2011-03-29 01:00:00,88.30745
2011-03-29 02:00:00,88.30745
2011-03-29 03:00:00,88.30745
2011-03-29 04:00:00,60.92709
2011-03-29 05:00:00,75.650116
2011-03-29 06:00:00,75.77147
2011-03-29 07:00:00,81.89014
2011-03-29 08:00:00,90.18035
2011-03-29 09:00:00,115.75235
2011-03-29 10:00:00,121.78926
2011-03-29 11:00:00,72.508385
2011-03-29 12:00:00,130.02763
2011-03-29 13:00:00,135.42368
2011-03-29 14:00:00,143.4901
2011-03-29 15:00:00,162.1284
2011-03-29 16:00:00,166.63712
2011-03-29 17:00:00,182.14906
2011-03-29 18:00:00,154.02379
2011-03-29 19:00:00,134.34291
2011-03-29 20:00:00,154.02379
2011-03-29 21:00:00,78.83916
2011-03-29 22:00:00,68.635284
2011-03-29 23:00:00,62.64887
2011-03-30 00:00:00,58.952915
2011-03-30 01:00:00,79.32978
2011-03-30 02:00:00,58.952915
2011-03-30 03:00:00,56.211082
2011-03-30 04:00:00,58.952915
2011-03-30 05:00:00,75.78826
2011-03-30 06:00:00,63.94292
2011-03-30 07:00:00,62.01495
2011-03-30 08:00:00,71.557335
2011-03-30 09:00:00,76.54358
2011-03-30 10:00:00,78.67714
2011-03-30 11:00:00,78.707344
2011-03-30 12:00:00,74.902756
2011-03-30 13:00:00,79.59289
2011-03-30 14:00:00,80.767685
2011-03-30 15:00:00,49.61499
2011-03-30 16:00:00,49.132732
2011-03-30 17:00:00,50.630497
2011-03-30 18:00:00,41.4285
2011-03-30 19:00:00,41.4285
2011-03-30 20:00:00,46.69331
2011-03-30 21:00:00,41.149284
2011-03-30 22:00:00,47.019093
2011-03-30 23:00:00,46.68559
2011-03-31 00:00:00,47.019093
2011-03-31 01:00:00,47.225445
2011-03-31 02:00:00,47.225445
2011-03-31 03:00:00,47.019093
2011-03-31 04:00:00,46.888737
2011-03-31 05:00:00,47.019093
2011-03-31 06:00:00,46.69331
2011-03-31 07:00:00,46.888737
2011-03-31 08:00:00,41.441734
2011-03-31 09:00:00,47.285965
2011-03-31 10:00:00,47.285965
2011-03-31 11:00:00,48.617508
2011-03-31 12:00:00,48.617508
2011-03-31 13:00:00,53.42624
2011-03-31 14:00:00,53.42624
2011-03-31 15:00:00,49.324505
2011-03-31 16:00:00,45.651245
2011-03-31 17:00:00,45.651245
2011-03-31 18:00:00,45.65813
2011-03-31 19:00:00,45.65813
2011-03-31 20:00:00,48.030296
2011-03-31 21:00:00,41.48409
2011-03-31 22:00:00,48.1242
2011-03-31 23:00:00,46.645203
2011-04-20 00:00:00,59.003056
2011-04-20 01:00:00,53.77442
2011-04-20 02:00:00,53.77442
2011-04-20 03:00:00,58.433178
2011-04-20 04:00:00,50.89922
2011-04-20 05:00:00,51.114338
2011-04-20 06:00:00,53.77442
2011-04-20 07:00:00,60.067978
2011-04-20 08:00:00,176.35368
2011-04-20 09:00:00,241.35463
2011-04-20 10:00:00,160.28949
2011-04-20 11:00:00,160.28949
2011-04-20 12:00:00,244.5954
2011-04-20 13:00:00,244.5954
2011-04-20 14:00:00,232.5709
2011-04-20 15:00:00,239.44022
2011-04-20 16:00:00,239.44022
2011-04-20 17:00:00,223.88594
2011-04-20 18:00:00,260.38412
2011-04-20 19:00:00,299.09558
2011-04-20 20:00:00,317.89893
2011-04-20 21:00:00,273.72003
2011-04-20 22:00:00,259.40826
2011-04-20 23:00:00,241.43964
2011-04-21 00:00:00,223.68198
2011-04-21 01:00:00,189.29535
2011-04-21 02:00:00,197.30171
2011-04-21 03:00:00,99.72595
2011-04-21 04:00:00,91.77145
2011-04-21 05:00:00,81.22523
2011-04-21 06:00:00,76.84044
2011-04-21 07:00:00,91.215256
2011-04-21 08:00:00,81.07025
2011-04-21 09:00:00,90.86887
2011-04-21 10:00:00,151.37494
2011-04-21 11:00:00,164.372
2011-04-21 12:00:00,169.17772
2011-04-21 13:00:00,203.37697
2011-04-21 14:00:00,214.11835
2011-04-21 15:00:00,246.37206
2011-04-21 16:00:00,256.78876
2011-04-21 17:00:00,228.48172
2011-04-21 18:00:00,250.66501
2011-04-21 19:00:00,210.95108
2011-04-21 20:00:00,181.96384
2011-04-21 21:00:00,127.5906
2011-04-21 22:00:00,135.05742
2011-04-21 23:00:00,111.58344
2011-04-22 00:00:00,77.794365
2011-04-22 01:00:00,99.754776
2011-04-22 02:00:00,105.22431
2011-04-22 03:00:00,105.22431
2011-04-22 04:00:00,99.21594
2011-04-22 05:00:00,89.083954
2011-04-22 06:00:00,99.21594
2011-04-22 07:00:00,84.53936
2011-04-22 08:00:00,84.568565
2011-04-22 09:00:00,64.91023
2011-04-22 10:00:00,86.069145
2011-04-22 11:00:00,64.343155
2011-04-22 12:00:00,63.12493
2011-04-22 13:00:00,51.746872
2011-04-22 14:00:00,50.786324
2011-04-22 15:00:00,51.746872
2011-04-22 16:00:00,57.505863
2011-04-22 17:00:00,48.72579
2011-04-22 18:00:00,48.72579
2011-04-22 19:00:00,48.72579
2011-04-22 20:00:00,49.778904
2011-04-22 21:00:00,48.43102
2011-04-22 22:00:00,48.669437
2011-04-22 23:00:00,55.999706
2011-04-23 00:00:00,40.470676
2011-04-23 01:00:00,40.470676
2011-04-23 02:00:00,47.800953
2011-04-23 03:00:00,47.283554
2011-04-23 04:00:00,60.507442
2011-04-23 05:00:00,60.507442
2011-04-23 06:00:00,43.00822
2011-04-23 07:00:00,48.429493
2011-04-23 08:00:00,43.090916
2011-04-23 09:00:00,45.69201
2011-04-23 10:00:00,54.253883
2011-04-23 11:00:00,71.21302
2011-04-23 12:00:00,83.79985
2011-04-23 13:00:00,88.353615
2011-04-23 14:00:00,125.013275
2011-04-23 15:00:00,143.82816
2011-04-23 16:00:00,170.87839
2011-04-23 17:00:00,165.39935
2011-04-23 18:00:00,124.30397
2011-04-23 19:00:00,94.97359
2011-04-23 20:00:00,88.77669
2011-04-23 21:00:00,129.14305
2011-04-23 22:00:00,149.57048
2011-04-23 23:00:00,97.28266
2011-04-24 00:00:00,73.58258
2011-04-24 01:00:00,53.99201
2011-04-24 02:00:00,53.99201
2011-04-24 03:00:00,46.07178
2011-04-24 04:00:00,46.07178
2011-04-24 05:00:00,46.07178
2011-04-24 06:00:00,46.779827
2011-04-24 07:00:00,46.779827
2011-04-24 08:00:00,46.88443
2011-04-24 09:00:00,69.02848
2011-04-24 10:00:00,115.557106
2011-04-24 11:00:00,199.37306
2011-04-24 12:00:00,243.96094
2011-04-24 13:00:00,302.71988
2011-04-24 14:00:00,322.58658
2011-04-24 15:00:00,262.57278
2011-04-24 16:00:00,317.10892
2011-04-24 17:00:00,254.10228
2011-04-24 18:00:00,178.26695
2011-04-24 19:00:00,99.30661
2011-04-24 20:00:00,99.30661
2011-04-24 21:00:00,70.06898
2011-04-24 22:00:00,57.36588
2011-04-24 23:00:00,63.510395
2011-04-25 00:00:00,74.66525
2011-04-25 01:00:00,51.68742
2011-04-25 02:00:00,51.68742
2011-04-25 03:00:00,74.938034
2011-04-25 04:00:00,101.775375
2011-04-25 05:00:00,87.76157
2011-04-25 06:00:00,97.06029
2011-04-25 07:00:00,83.70207
2011-04-25 08:00:00,66.87732
2011-04-25 09:00:00,103.75501
2011-04-25 10:00:00,197.86252
2011-04-25 11:00:00,197.86252
2011-04-25 12:00:00,210.86192
2011-04-25 13:00:00,245.46419
2011-04-25 14:00:00,269.97336
2011-04-25 15:00:00,272.37714
2011-04-25 16:00:00,247.47325
2011-04-25 17:00:00,261.42673
2011-04-25 18:00:00,238.50554
2011-04-25 19:00:00,235.51396
2011-04-25 20:00:00,241.35463
2011-04-25 21:00:00,215.79126
2011-04-25 22:00:00,186.72473
2011-04-25 23:00:00,163.93958
2011-04-26 00:00:00,207.82022
2011-04-26 01:00:00,198.02737
2011-04-26 02:00:00,127.54809
2011-04-26 03:00:00,98.43518
2011-04-26 04:00:00,127.17594
2011-04-26 05:00:00,91.04302
2011-04-26 06:00:00,92.82314
2011-04-26 07:00:00,146.15372
2011-04-26 08:00:00,146.15372
2011-04-26 09:00:00,194.38098
2011-04-26 10:00:00,207.32376
2011-04-26 11:00:00,218.19177
2011-04-26 12:00:00,229.3805
2011-04-26 13:00:00,245.78548
2011-04-26 14:00:00,261.61917
2011-04-26 15:00:00,243.29964
2011-04-26 16:00:00,238.94287
2011-04-26 17:00:00,231.10495
2011-04-26 18:00:00,206.69809
2011-04-26 19:00:00,187.24408
2011-04-26 20:00:00,194.38098
2011-04-26 21:00:00,186.45781
2011-04-26 22:00:00,179.34953
2011-04-26 23:00:00,185.44174
2011-04-27 00:00:00,135.43307
2011-04-27 01:00:00,152.65735
2011-04-27 02:00:00,112.5484
2011-04-27 03:00:00,156.00716
2011-04-27 04:00:00,78.431335
2011-04-27 05:00:00,114.10898
2011-04-27 06:00:00,87.32329
2011-04-27 07:00:00,156.00716
2011-04-27 08:00:00,144.77913
2011-04-27 09:00:00,117.20852
2011-04-27 10:00:00,204.73515
2011-04-27 11:00:00,208.94444
2011-04-27 12:00:00,199.26227
2011-04-27 13:00:00,192.92004
2011-04-27 14:00:00,218.10481
2011-04-27 15:00:00,207.61487
2011-04-27 16:00:00,224.99373
2011-04-27 17:00:00,82.48942
2011-04-27 18:00:00,82.48942
2011-04-27 19:00:00,186.45781
2011-04-27 20:00:00,179.22058
2011-04-27 21:00:00,140.64194
2011-04-27 22:00:00,180.76665
2011-04-27 23:00:00,165.6821
2011-04-28 00:00:00,185.35243
2011-04-28 01:00:00,172.71059
2011-04-28 02:00:00,139.12537
2011-04-28 03:00:00,197.04181
2011-04-28 04:00:00,152.37234
2011-04-28 05:00:00,172.71059
2011-04-28 06:00:00,157.704
2011-04-28 07:00:00,166.76201
2011-04-28 08:00:00,194.95837
2011-04-28 09:00:00,82.92511
2011-04-28 10:00:00,196.3642
2011-04-28 11:00:00,204.73515
2011-04-28 12:00:00,196.3782
2011-04-28 13:00:00,205.52988
2011-04-28 14:00:00,174.30118
2011-04-28 15:00:00,214.61484
2011-04-28 16:00:00,178.22873
2011-04-28 17:00:00,233.97809
2011-04-28 18:00:00,233.97809
2011-04-28 19:00:00,243.85103
2011-04-28 20:00:00,250.44885
2011-04-28 21:00:00,215.94133
2011-04-28 22:00:00,205.44942
2011-04-28 23:00:00,213.1774
2011-04-29 00:00:00,209.8313
2011-04-29 01:00:00,149.95612
2011-04-29 02:00:00,93.61957
2011-04-29 03:00:00,90.93361
2011-04-29 04:00:00,113.338745
2011-04-29 05:00:00,129.59132
2011-04-29 06:00:00,181.17844
2011-04-29 07:00:00,198.62056
2011-04-29 08:00:00,225.09529
2011-04-29 09:00:00,222.21613
2011-04-29 10:00:00,238.97464
2011-04-29 11:00:00,269.1342
2011-04-29 12:00:00,249.92943
2011-04-29 13:00:00,247.87045
2011-04-29 14:00:00,254.90166
2011-04-29 15:00:00,150.52188
2011-04-29 16:00:00,141.95882
2011-04-29 17:00:00,140.56189
2011-04-29 18:00:00,190.42804
2011-04-29 19:00:00,139.05577
2011-04-29 20:00:00,152.95844
2011-04-29 21:00:00,130.01472
2011-04-29 22:00:00,87.629166
2011-04-29 23:00:00,88.47977
2011-04-30 00:00:00,122.89243
2011-04-30 01:00:00,108.96024
2011-04-30 02:00:00,116.35178
2011-04-30 03:00:00,103.25772
2011-04-30 04:00:00,108.13976
2011-04-30 05:00:00,111.86159
2011-04-30 06:00:00,103.83426
2011-04-30 07:00:00,103.40653
2011-04-30 08:00:00,114.12873
2011-04-30 09:00:00,126.10556
2011-04-30 10:00:00,150.61761
2011-04-30 11:00:00,168.15002
2011-04-30 12:00:00,177.48349
2011-04-30 13:00:00,202.8571
2011-04-30 14:00:00,196.48344
2011-04-30 15:00:00,245.19325
2011-04-30 16:00:00,278.42834
2011-04-30 17:00:00,200.48257
2011-04-30 18:00:00,171.0757
2011-04-30 19:00:00,171.0757
2011-04-30 20:00:00,74.34417
2011-04-30 21:00:00,74.34417
2011-04-30 22:00:00,62.338516
2011-04-30 23:00:00,62.338516
2011-05-20 00:00:00,57.905777
2011-05-20 01:00:00,54.6821
2011-05-20 02:00:00,55.634254
2011-05-20 03:00:00,56.26209
2011-05-20 04:00:00,56.95371
2011-05-20 05:00:00,56.452824
2011-05-20 06:00:00,62.816666
2011-05-20 07:00:00,116.50931
2011-05-20 08:00:00,145.08505
2011-05-20 09:00:00,167.37216
2011-05-20 10:00:00,182.22523
2011-05-20 11:00:00,153.45352
2011-05-20 12:00:00,168.7914
2011-05-20 13:00:00,159.78448
2011-05-20 14:00:00,246.42845
2011-05-20 15:00:00,156.9517
2011-05-20 16:00:00,151.67105
2011-05-20 17:00:00,192.90973
2011-05-20 18:00:00,233.04373
2011-05-20 19:00:00,172.88269
2011-05-20 20:00:00,176.81964
2011-05-20 21:00:00,166.81723
2011-05-20 22:00:00,137.01616
2011-05-20 23:00:00,140.09608
2011-05-21 00:00:00,89.952484
2011-05-21 01:00:00,64.65505
2011-05-21 02:00:00,89.772255
2011-05-21 03:00:00,65.722374
2011-05-21 04:00:00,49.712086
2011-05-21 05:00:00,50.954094
2011-05-21 06:00:00,71.115906
2011-05-21 07:00:00,116.24808
2011-05-21 08:00:00,175.59909
2011-05-21 09:00:00,221.11586
2011-05-21 10:00:00,205.4849
2011-05-21 11:00:00,285.62564
2011-05-21 12:00:00,273.13354
2011-05-21 13:00:00,308.36533
2011-05-21 14:00:00,329.82092
2011-05-21 15:00:00,390.28113
2011-05-21 16:00:00,362.54166
2011-05-21 17:00:00,324.29312
2011-05-21 18:00:00,309.70178
2011-05-21 19:00:00,344.4252
2011-05-21 20:00:00,175.10143
2011-05-21 21:00:00,205.4849
2011-05-21 22:00:00,156.33832
2011-05-21 23:00:00,86.63422
2011-05-22 00:00:00,58.91031
2011-05-22 01:00:00,47.22663
2011-05-22 02:00:00,45.96208
2011-05-22 03:00:00,44.083664
2011-05-22 04:00:00,43.32746
2011-05-22 05:00:00,44.083664
2011-05-22 06:00:00,45.96208
2011-05-22 07:00:00,56.028034
2011-05-22 08:00:00,113.50998
2011-05-22 09:00:00,149.39561
2011-05-22 10:00:00,191.34758
2011-05-22 11:00:00,309.85776
2011-05-22 12:00:00,294.5468
2011-05-22 13:00:00,268.39966
2011-05-22 14:00:00,134.14221
2011-05-22 15:00:00,219.92194
2011-05-22 16:00:00,235.35397
2011-05-22 17:00:00,293.6493
2011-05-22 18:00:00,251.99133
2011-05-22 19:00:00,243.54999
2011-05-22 20:00:00,203.51608
2011-05-22 21:00:00,161.26398
2011-05-22 22:00:00,73.95145
2011-05-22 23:00:00,109.625534
2011-05-23 00:00:00,154.5891
2011-05-23 01:00:00,66.87732
2011-05-23 02:00:00,71.39168
2011-05-23 03:00:00,64.54617
2011-05-23 04:00:00,145.14497
2011-05-23 05:00:00,145.14497
2011-05-23 06:00:00,106.24775
2011-05-23 07:00:00,131.69449
2011-05-23 08:00:00,89.58614
2011-05-23 09:00:00,102.715126
2011-05-23 10:00:00,212.55045
2011-05-23 11:00:00,213.95273
2011-05-23 12:00:00,213.95273
2011-05-23 13:00:00,208.30322
2011-05-23 14:00:00,186.32967
2011-05-23 15:00:00,202.7911
2011-05-23 16:00:00,206.08328
2011-05-23 17:00:00,133.47311
2011-05-23 18:00:00,223.85757
2011-05-23 19:00:00,212.06831
2011-05-23 20:00:00,141.62892
2011-05-23 21:00:00,106.34056
2011-05-23 22:00:00,85.20504
2011-05-23 23:00:00,185.4667
2011-05-24 00:00:00,144.40073
2011-05-24 01:00:00,147.41537
2011-05-24 02:00:00,144.40073
2011-05-24 03:00:00,140.30072
2011-05-24 04:00:00,69.5027
2011-05-24 05:00:00,121.76016
2011-05-24 06:00:00,129.30986
2011-05-24 07:00:00,107.15967
2011-05-24 08:00:00,89.082924
2011-05-24 09:00:00,192.71419
2011-05-24 10:00:00,250.88632
2011-05-24 11:00:00,272.37714
2011-05-24 12:00:00,261.25723
2011-05-24 13:00:00,268.4128
2011-05-24 14:00:00,266.276
2011-05-24 15:00:00,220.49313
2011-05-24 16:00:00,208.49773
2011-05-24 17:00:00,210.56183
2011-05-24 18:00:00,215.21185
2011-05-24 19:00:00,188.47418
2011-05-24 20:00:00,150.45949
2011-05-24 21:00:00,131.39014
2011-05-24 22:00:00,79.51667
2011-05-24 23:00:00,137.76323
2011-05-25 00:00:00,85.4577
2011-05-25 01:00:00,81.130844
2011-05-25 02:00:00,149.70918
2011-05-25 03:00:00,54.016697
2011-05-25 04:00:00,52.383945
2011-05-25 05:00:00,67.483864
2011-05-25 06:00:00,55.687984
2011-05-25 07:00:00,164.87741
2011-05-25 08:00:00,216.2216
2011-05-25 09:00:00,184.54008
2011-05-25 10:00:00,203.19637
2011-05-25 11:00:00,236.03998
2011-05-25 12:00:00,244.33588
2011-05-25 13:00:00,244.33588
2011-05-25 14:00:00,258.62106
2011-05-25 15:00:00,268.6941
2011-05-25 16:00:00,269.02432
2011-05-25 17:00:00,272.37714
2011-05-25 18:00:00,268.44968
2011-05-25 19:00:00,225.33002
2011-05-25 20:00:00,238.93259
2011-05-25 21:00:00,184.34367
2011-05-25 22:00:00,227.34966
2011-05-25 23:00:00,167.98347
2011-05-26 00:00:00,167.98347
2011-05-26 01:00:00,167.98347
2011-05-26 02:00:00,100.76179
2011-05-26 03:00:00,70.4508
2011-05-26 04:00:00,80.25177
2011-05-26 05:00:00,170.55379
2011-05-26 06:00:00,108.63224
2011-05-26 07:00:00,146.82251
2011-05-26 08:00:00,190.18861
2011-05-26 09:00:00,208.94127
2011-05-26 10:00:00,223.85757
2011-05-26 11:00:00,256.93365
2011-05-26 12:00:00,268.36966
2011-05-26 13:00:00,258.3346
2011-05-26 14:00:00,258.3346
2011-05-26 15:00:00,225.78816
2011-05-26 16:00:00,218.90549
2011-05-26 17:00:00,250.35132
2011-05-26 18:00:00,250.06424
2011-05-26 19:00:00,263.06354
2011-05-26 20:00:00,249.41533
2011-05-26 21:00:00,201.90533
2011-05-26 22:00:00,207.8801
2011-05-26 23:00:00,232.95282
2011-05-27 00:00:00,232.90164
2011-05-27 01:00:00,261.1663
2011-05-27 02:00:00,255.47507
2011-05-27 03:00:00,180.20618
2011-05-27 04:00:00,180.92975
2011-05-27 05:00:00,224.43999
2011-05-27 06:00:00,163.05612
2011-05-27 07:00:00,179.23506
2011-05-27 08:00:00,212.8264
2011-05-27 09:00:00,245.70488
2011-05-27 10:00:00,249.27814
2011-05-27 11:00:00,213.84782
2011-05-27 12:00:00,215.4713
2011-05-27 13:00:00,264.8633
2011-05-27 14:00:00,269.297
2011-05-27 15:00:00,267.44382
2011-05-27 16:00:00,213.3211
2011-05-27 17:00:00,261.51337
2011-05-27 18:00:00,206.08328
2011-05-27 19:00:00,98.00289
2011-05-27 20:00:00,191.28009
2011-05-27 21:00:00,100.42857
2011-05-27 22:00:00,135.36615
2011-05-27 23:00:00,68.343704
2011-05-28 00:00:00,57.031006
2011-05-28 01:00:00,61.38191
2011-05-28 02:00:00,48.968174
2011-05-28 03:00:00,65.19357
2011-05-28 04:00:00,69.02848
2011-05-28 05:00:00,65.19357
2011-05-28 06:00:00,97.2094
2011-05-28 07:00:00,103.05274
2011-05-28 08:00:00,124.81935
2011-05-28 09:00:00,180.31621
2011-05-28 10:00:00,238.17603
2011-05-28 11:00:00,238.17603
2011-05-28 12:00:00,293.8189
2011-05-28 13:00:00,258.6608
2011-05-28 14:00:00,282.93506
2011-05-28 15:00:00,302.25336
2011-05-28 16:00:00,318.84833
2011-05-28 17:00:00,329.2322
2011-05-28 18:00:00,269.4497
2011-05-28 19:00:00,227.74522
2011-05-28 20:00:00,238.17603
2011-05-28 21:00:00,186.68748
2011-05-28 22:00:00,134.436
2011-05-28 23:00:00,86.198746
2011-05-29 00:00:00,95.774055
2011-05-29 01:00:00,59.352264
2011-05-29 02:00:00,52.010387
2011-05-29 03:00:00,52.010387
2011-05-29 04:00:00,50.681896
2011-05-29 05:00:00,47.615284
2011-05-29 06:00:00,75.697525
2011-05-29 07:00:00,81.45616
2011-05-29 08:00:00,77.39183
2011-05-29 09:00:00,57.860596
2011-05-29 10:00:00,97.733925
2011-05-29 11:00:00,111.74446
2011-05-29 12:00:00,177.03716
2011-05-29 13:00:00,225.8087
2011-05-29 14:00:00,222.09784
2011-05-29 15:00:00,227.17892
2011-05-29 16:00:00,222.09784
2011-05-29 17:00:00,222.09784
2011-05-29 18:00:00,200.2065
2011-05-29 19:00:00,188.78946
2011-05-29 20:00:00,126.209465
2011-05-29 21:00:00,78.99219
2011-05-29 22:00:00,54.087242
2011-05-29 23:00:00,57.09209
2011-05-30 00:00:00,65.28572
2011-05-30 01:00:00,51.80273
2011-05-30 02:00:00,65.28572
2011-05-30 03:00:00,65.28572
2011-05-30 04:00:00,57.325512
2011-05-30 05:00:00,58.96901
2011-05-30 06:00:00,57.816917
2011-05-30 07:00:00,53.070595
2011-05-30 08:00:00,69.025085
2011-05-30 09:00:00,90.23488
2011-05-30 10:00:00,304.7775
2011-05-30 11:00:00,264.1951
2011-05-30 12:00:00,349.9
2011-05-30 13:00:00,351.5385
2011-05-30 14:00:00,305.37656
2011-05-30 15:00:00,424.3011
2011-05-30 16:00:00,422.23672
2011-05-30 17:00:00,427.87692
2011-05-30 18:00:00,399.5837
2011-05-30 19:00:00,124.35214
2011-05-30 20:00:00,150.39317
2011-05-30 21:00:00,122.485535
2011-05-30 22:00:00,121.36287
2011-05-30 23:00:00,68.08518
2011-05-31 00:00:00,141.19391
2011-05-31 01:00:00,75.36447
2011-05-31 02:00:00,178.10342
2011-05-31 03:00:00,168.23825
2011-05-31 04:00:00,104.59012
2011-05-31 05:00:00,104.59012
2011-05-31 06:00:00,133.00313
2011-05-31 07:00:00,203.58765
2011-05-31 08:00:00,241.01456
2011-05-31 09:00:00,247.22533
2011-05-31 10:00:00,243.60535
2011-05-31 11:00:00,162.88875
2011-05-31 12:00:00,224.8842
2011-05-31 13:00:00,223.34418
2011-05-31 14:00:00,188.68251
2011-05-31 15:00:00,222.7544
2011-05-31 16:00:00,218.99585
2011-05-31 17:00:00,259.40826
2011-05-31 18:00:00,264.2799
2011-05-31 19:00:00,219.9999
2011-05-31 20:00:00,219.9999
2011-05-31 21:00:00,208.55994
2011-05-31 22:00:00,215.64574
2011-05-31 23:00:00,150.24065
2011-06-20 00:00:00,124.034996
2011-06-20 01:00:00,70.37174
2011-06-20 02:00:00,70.37174
2011-06-20 03:00:00,105.81134
2011-06-20 04:00:00,80.37391
2011-06-20 05:00:00,91.994125
2011-06-20 06:00:00,100.06095
2011-06-20 07:00:00,70.51994
2011-06-20 08:00:00,77.993515
2011-06-20 09:00:00,184.98111
2011-06-20 10:00:00,184.98111
2011-06-20 11:00:00,162.86725
2011-06-20 12:00:00,166.47955
2011-06-20 13:00:00,182.33179
2011-06-20 14:00:00,201.77837
2011-06-20 15:00:00,214.9655
2011-06-20 16:00:00,246.96976
2011-06-20 17:00:00,193.40797
2011-06-20 18:00:00,257.51007
2011-06-20 19:00:00,237.12785
2011-06-20 20:00:00,220.34123
2011-06-20 21:00:00,179.23506
2011-06-20 22:00:00,198.11652
2011-06-20 23:00:00,178.22873
2011-06-21 00:00:00,85.75839
2011-06-21 01:00:00,112.11769
2011-06-21 02:00:00,87.86361
2011-06-21 03:00:00,87.86361
2011-06-21 04:00:00,78.6512
2011-06-21 05:00:00,83.805405
2011-06-21 06:00:00,83.805405
2011-06-21 07:00:00,61.694622
2011-06-21 08:00:00,83.430336
2011-06-21 09:00:00,113.18482
2011-06-21 10:00:00,128.48177
2011-06-21 11:00:00,74.38159
2011-06-21 12:00:00,150.29622
2011-06-21 13:00:00,205.983
2011-06-21 14:00:00,252.43546
2011-06-21 15:00:00,257.87613
2011-06-21 16:00:00,265.35498
2011-06-21 17:00:00,260.17044
2011-06-21 18:00:00,237.50676
2011-06-21 19:00:00,221.3768
2011-06-21 20:00:00,271.18604
2011-06-21 21:00:00,181.71806
2011-06-21 22:00:00,106.775604
2011-06-21 23:00:00,131.11655
2011-06-22 00:00:00,103.50661
2011-06-22 01:00:00,90.73082
2011-06-22 02:00:00,80.230545
2011-06-22 03:00:00,90.73082
2011-06-22 04:00:00,62.204605
2011-06-22 05:00:00,51.513454
2011-06-22 06:00:00,65.96397
2011-06-22 07:00:00,88.00903
2011-06-22 08:00:00,151.689
2011-06-22 09:00:00,136.30025
2011-06-22 10:00:00,246.19646
2011-06-22 11:00:00,199.4061
2011-06-22 12:00:00,259.58105
2011-06-22 13:00:00,258.24036
2011-06-22 14:00:00,249.27567
2011-06-22 15:00:00,252.59827
2011-06-22 16:00:00,241.44234
2011-06-22 17:00:00,207.96031
2011-06-22 18:00:00,254.3283
2011-06-22 19:00:00,251.06003
2011-06-22 20:00:00,176.78378
2011-06-22 21:00:00,151.20317
2011-06-22 22:00:00,200.2
2011-06-22 23:00:00,202.4533
2011-06-23 00:00:00,156.98781
2011-06-23 01:00:00,192.41795
2011-06-23 02:00:00,192.41795
2011-06-23 03:00:00,213.88513
2011-06-23 04:00:00,191.20424
2011-06-23 05:00:00,171.7042
2011-06-23 06:00:00,171.7042
2011-06-23 07:00:00,212.38452
2011-06-23 08:00:00,228.9015
2011-06-23 09:00:00,226.18344
2011-06-23 10:00:00,236.09209
2011-06-23 11:00:00,287.87744
2011-06-23 12:00:00,233.24147
2011-06-23 13:00:00,235.96492
2011-06-23 14:00:00,229.21109
2011-06-23 15:00:00,208.68628
2011-06-23 16:00:00,225.34862
2011-06-23 17:00:00,190.65681
2011-06-23 18:00:00,220.57095
2011-06-23 19:00:00,223.13138
2011-06-23 20:00:00,172.58148
2011-06-23 21:00:00,161.1589
2011-06-23 22:00:00,210.44531
2011-06-23 23:00:00,193.02449
2011-06-24 00:00:00,109.43848
2011-06-24 01:00:00,146.99445
2011-06-24 02:00:00,146.99445
2011-06-24 03:00:00,74.38159
2011-06-24 04:00:00,64.45745
2011-06-24 05:00:00,49.82285
2011-06-24 06:00:00,68.77344
2011-06-24 07:00:00,135.98058
2011-06-24 08:00:00,172.58148
2011-06-24 09:00:00,196.23177
2011-06-24 10:00:00,223.00824
2011-06-24 11:00:00,217.77284
2011-06-24 12:00:00,224.58804
2011-06-24 13:00:00,238.37463
2011-06-24 14:00:00,227.99501
2011-06-24 15:00:00,220.0763
2011-06-24 16:00:00,235.17194
2011-06-24 17:00:00,240.14232
2011-06-24 18:00:00,236.85646
2011-06-24 19:00:00,256.07446
2011-06-24 20:00:00,245.7366
2011-06-24 21:00:00,219.48578
2011-06-24 22:00:00,185.55762
2011-06-24 23:00:00,208.28105
2011-06-25 00:00:00,298.6417
2011-06-25 01:00:00,274.53067
2011-06-25 02:00:00,266.9266
2011-06-25 03:00:00,212.65341
2011-06-25 04:00:00,212.65341
2011-06-25 05:00:00,134.68524
2011-06-25 06:00:00,225.02643
2011-06-25 07:00:00,251.30852
2011-06-25 08:00:00,321.94934
2011-06-25 09:00:00,347.45236
2011-06-25 10:00:00,321.45285
2011-06-25 11:00:00,283.3997
2011-06-25 12:00:00,385.41458
2011-06-25 13:00:00,385.41458
2011-06-25 14:00:00,349.7313
2011-06-25 15:00:00,264.0052
2011-06-25 16:00:00,343.0589
2011-06-25 17:00:00,342.09167
2011-06-25 18:00:00,347.45236
2011-06-25 19:00:00,329.013
2011-06-25 20:00:00,296.89377
2011-06-25 21:00:00,261.9909
2011-06-25 22:00:00,310.89514
2011-06-25 23:00:00,310.1456
2011-06-26 00:00:00,221.11406
2011-06-26 01:00:00,223.26291
2011-06-26 02:00:00,176.62622
2011-06-26 03:00:00,105.49765
2011-06-26 04:00:00,108.03
2011-06-26 05:00:00,139.28857
2011-06-26 06:00:00,139.28857
2011-06-26 07:00:00,163.10744
2011-06-26 08:00:00,165.20993
2011-06-26 09:00:00,207.3512
2011-06-26 10:00:00,256.7561
2011-06-26 11:00:00,295.2701
2011-06-26 12:00:00,335.5916
2011-06-26 13:00:00,295.82925
2011-06-26 14:00:00,321.28918
2011-06-26 15:00:00,295.82925
2011-06-26 16:00:00,327.16345
2011-06-26 17:00:00,299.13882
2011-06-26 18:00:00,321.09894
2011-06-26 19:00:00,261.0752
2011-06-26 20:00:00,247.344
2011-06-26 21:00:00,220.61731
2011-06-26 22:00:00,239.7534
2011-06-26 23:00:00,196.59773
2011-06-27 00:00:00,157.94513
2011-06-27 01:00:00,171.03572
2011-06-27 02:00:00,113.799934
2011-06-27 03:00:00,113.799934
2011-06-27 04:00:00,113.72357
2011-06-27 05:00:00,120.90661
2011-06-27 06:00:00,169.82658
2011-06-27 07:00:00,197.13953
2011-06-27 08:00:00,132.56111
2011-06-27 09:00:00,232.49792
2011-06-27 10:00:00,230.29373
2011-06-27 11:00:00,216.3348
2011-06-27 12:00:00,232.49792
2011-06-27 13:00:00,239.834
2011-06-27 14:00:00,226.66885
2011-06-27 15:00:00,233.53842
2011-06-27 16:00:00,189.3356
2011-06-27 17:00:00,207.43164
2011-06-27 18:00:00,163.16983
2011-06-27 19:00:00,221.26881
2011-06-27 20:00:00,162.08742
2011-06-27 21:00:00,115.40308
2011-06-27 22:00:00,107.108505
2011-06-27 23:00:00,107.108505
2011-06-28 00:00:00,185.56638
2011-06-28 01:00:00,91.654175
2011-06-28 02:00:00,177.58246
2011-06-28 03:00:00,177.58246
2011-06-28 04:00:00,91.654175
2011-06-28 05:00:00,80.230545
2011-06-28 06:00:00,74.38159
2011-06-28 07:00:00,92.11392
2011-06-28 08:00:00,118.004
2011-06-28 09:00:00,111.53807
2011-06-28 10:00:00,228.76974
2011-06-28 11:00:00,182.6144
2011-06-28 12:00:00,231.9725
2011-06-28 13:00:00,191.76656
2011-06-28 14:00:00,230.37355
2011-06-28 15:00:00,204.84038
2011-06-28 16:00:00,225.34956
2011-06-28 17:00:00,288.78134
2011-06-28 18:00:00,273.19528
2011-06-28 19:00:00,171.71562
2011-06-28 20:00:00,123.18643
2011-06-28 21:00:00,248.1422
2011-06-28 22:00:00,213.30936
2011-06-28 23:00:00,215.79137
2011-06-29 00:00:00,189.82089
2011-06-29 01:00:00,154.13051
2011-06-29 02:00:00,96.01597
2011-06-29 03:00:00,131.09491
2011-06-29 04:00:00,65.29683
2011-06-29 05:00:00,76.82312
2011-06-29 06:00:00,197.32979
2011-06-29 07:00:00,236.8583
2011-06-29 08:00:00,233.96681
2011-06-29 09:00:00,221.92633
2011-06-29 10:00:00,236.5213
2011-06-29 11:00:00,250.1051
2011-06-29 12:00:00,243.3397
2011-06-29 13:00:00,237.91646
2011-06-29 14:00:00,251.76762
2011-06-29 15:00:00,255.7077
2011-06-29 16:00:00,238.0122
2011-06-29 17:00:00,247.03209
2011-06-29 18:00:00,243.60785
2011-06-29 19:00:00,237.08098
2011-06-29 20:00:00,248.38913
2011-06-29 21:00:00,254.3971
2011-06-29 22:00:00,258.84625
2011-06-29 23:00:00,245.33711
2011-06-30 00:00:00,222.42249
2011-06-30 01:00:00,198.25824
2011-06-30 02:00:00,182.96237
2011-06-30 03:00:00,184.45102
2011-06-30 04:00:00,157.47398
2011-06-30 05:00:00,183.51257
2011-06-30 06:00:00,203.14943
2011-06-30 07:00:00,213.29166
2011-06-30 08:00:00,244.83647
2011-06-30 09:00:00,251.68452
2011-06-30 10:00:00,259.00497
2011-06-30 11:00:00,263.22626
2011-06-30 12:00:00,270.77374
2011-06-30 13:00:00,264.15552
2011-06-30 14:00:00,259.38226
2011-06-30 15:00:00,277.0075
2011-06-30 16:00:00,286.90408
2011-06-30 17:00:00,254.09795
2011-06-30 18:00:00,266.2045
2011-06-30 19:00:00,275.9915
2011-06-30 20:00:00,275.9915
2011-06-30 21:00:00,251.62177
2011-06-30 22:00:00,255.41565
2011-06-30 23:00:00,182.4384
2011-07-20 00:00:00,81.75137
2011-07-20 01:00:00,77.38708
2011-07-20 02:00:00,77.38708
2011-07-20 03:00:00,81.75137
2011-07-20 04:00:00,71.81215
2011-07-20 05:00:00,74.46942
2011-07-20 06:00:00,100.069824
2011-07-20 07:00:00,150.58984
2011-07-20 08:00:00,113.92119
2011-07-20 09:00:00,160.85904
2011-07-20 10:00:00,118.539696
2011-07-20 11:00:00,178.24908
2011-07-20 12:00:00,157.54974
2011-07-20 13:00:00,243.7781
2011-07-20 14:00:00,244.78197
2011-07-20 15:00:00,221.51103
2011-07-20 16:00:00,168.04184
2011-07-20 17:00:00,257.5508
2011-07-20 18:00:00,276.14594
2011-07-20 19:00:00,260.18222
2011-07-20 20:00:00,266.89047
2011-07-20 21:00:00,244.27847
2011-07-20 22:00:00,258.1348
2011-07-20 23:00:00,235.34496
2011-07-21 00:00:00,226.49976
2011-07-21 01:00:00,191.38354
2011-07-21 02:00:00,191.38354
2011-07-21 03:00:00,204.57507
2011-07-21 04:00:00,170.07317
2011-07-21 05:00:00,170.07317
2011-07-21 06:00:00,170.07317
2011-07-21 07:00:00,185.94814
2011-07-21 08:00:00,225.08688
2011-07-21 09:00:00,254.79082
2011-07-21 10:00:00,269.9446
2011-07-21 11:00:00,273.78995
2011-07-21 12:00:00,253.58717
2011-07-21 13:00:00,260.1945
2011-07-21 14:00:00,229.45885
2011-07-21 15:00:00,263.05237
2011-07-21 16:00:00,242.70377
2011-07-21 17:00:00,229.88109
2011-07-21 18:00:00,240.497
2011-07-21 19:00:00,314.36502
2011-07-21 20:00:00,297.83752
2011-07-21 21:00:00,285.71793
2011-07-21 22:00:00,261.7592
2011-07-21 23:00:00,245.53595
2011-07-22 00:00:00,228.74643
2011-07-22 01:00:00,141.42073
2011-07-22 02:00:00,193.89133
2011-07-22 03:00:00,198.38004
2011-07-22 04:00:00,177.58435
2011-07-22 05:00:00,136.2987
2011-07-22 06:00:00,172.59824
2011-07-22 07:00:00,243.15422
2011-07-22 08:00:00,269.65045
2011-07-22 09:00:00,225.2403
2011-07-22 10:00:00,233.01036
2011-07-22 11:00:00,228.14676
2011-07-22 12:00:00,262.31314
2011-07-22 13:00:00,272.80304
2011-07-22 14:00:00,260.7497
2011-07-22 15:00:00,264.84293
2011-07-22 16:00:00,288.50034
2011-07-22 17:00:00,219.86237
2011-07-22 18:00:00,252.31586
2011-07-22 19:00:00,275.91135
2011-07-22 20:00:00,168.04184
2011-07-22 21:00:00,182.85915
2011-07-22 22:00:00,256.21454
2011-07-22 23:00:00,255.0559
2011-07-23 00:00:00,197.84822
2011-07-23 01:00:00,208.14566
2011-07-23 02:00:00,204.4585
2011-07-23 03:00:00,152.64268
2011-07-23 04:00:00,146.85446
2011-07-23 05:00:00,170.34023
2011-07-23 06:00:00,217.1164
2011-07-23 07:00:00,207.69962
2011-07-23 08:00:00,276.18427
2011-07-23 09:00:00,236.06805
2011-07-23 10:00:00,282.71768
2011-07-23 11:00:00,284.1839
2011-07-23 12:00:00,262.25412
2011-07-23 13:00:00,277.12738
2011-07-23 14:00:00,239.36728
2011-07-23 15:00:00,247.15703
2011-07-23 16:00:00,268.43036
2011-07-23 17:00:00,268.43036
2011-07-23 18:00:00,290.41135
2011-07-23 19:00:00,261.75864
2011-07-23 20:00:00,234.59442
2011-07-23 21:00:00,234.59442
2011-07-23 22:00:00,213.33415
2011-07-23 23:00:00,186.23582
2011-07-24 00:00:00,186.23582
2011-07-24 01:00:00,155.44402
2011-07-24 02:00:00,172.25151
2011-07-24 03:00:00,172.25151
2011-07-24 04:00:00,155.44402
2011-07-24 05:00:00,152.64268
2011-07-24 06:00:00,245.81126
2011-07-24 07:00:00,193.28445
2011-07-24 08:00:00,275.10077
2011-07-24 09:00:00,295.72437
2011-07-24 10:00:00,298.81818
2011-07-24 11:00:00,268.10165
2011-07-24 12:00:00,253.89201
2011-07-24 13:00:00,267.6167
2011-07-24 14:00:00,291.29813
2011-07-24 15:00:00,297.0359
2011-07-24 16:00:00,297.0359
2011-07-24 17:00:00,253.07806
2011-07-24 18:00:00,258.44568
2011-07-24 19:00:00,242.27063
2011-07-24 20:00:00,236.06805
2011-07-24 21:00:00,180.51105
2011-07-24 22:00:00,162.72253
2011-07-24 23:00:00,216.31354
2011-07-25 00:00:00,214.03291
2011-07-25 01:00:00,221.2529
2011-07-25 02:00:00,203.6427
2011-07-25 03:00:00,107.40745
2011-07-25 04:00:00,97.165184
2011-07-25 05:00:00,97.165184
2011-07-25 06:00:00,169.68184
2011-07-25 07:00:00,206.74414
2011-07-25 08:00:00,217.04185
2011-07-25 09:00:00,140.44595
2011-07-25 10:00:00,157.54974
2011-07-25 11:00:00,268.32022
2011-07-25 12:00:00,268.32022
2011-07-25 13:00:00,217.8366
2011-07-25 14:00:00,200.2
2011-07-25 15:00:00,172.09389
2011-07-25 16:00:00,111.43248
2011-07-25 17:00:00,108.86443
2011-07-25 18:00:00,160.18614
2011-07-25 19:00:00,160.85904
2011-07-25 20:00:00,161.6848
2011-07-25 21:00:00,77.38708
2011-07-25 22:00:00,77.38708
2011-07-25 23:00:00,80.49506
2011-07-26 00:00:00,106.775604
2011-07-26 01:00:00,106.775604
2011-07-26 02:00:00,60.4102
2011-07-26 03:00:00,63.6723
2011-07-26 04:00:00,70.12071
2011-07-26 05:00:00,53.874546
2011-07-26 06:00:00,104.52962
2011-07-26 07:00:00,242.61298
2011-07-26 08:00:00,235.81467
2011-07-26 09:00:00,245.21182
2011-07-26 10:00:00,245.29077
2011-07-26 11:00:00,251.2176
2011-07-26 12:00:00,257.84982
2011-07-26 13:00:00,223.8034
2011-07-26 14:00:00,226.64522
2011-07-26 15:00:00,221.4242
2011-07-26 16:00:00,222.32515
2011-07-26 17:00:00,210.34425
2011-07-26 18:00:00,212.27031
2011-07-26 19:00:00,218.53145
2011-07-26 20:00:00,230.67265
2011-07-26 21:00:00,245.1704
2011-07-26 22:00:00,205.17583
2011-07-26 23:00:00,179.65298
2011-07-27 00:00:00,246.6701
2011-07-27 01:00:00,249.97604
2011-07-27 02:00:00,238.8806
2011-07-27 03:00:00,210.58046
2011-07-27 04:00:00,240.03287
2011-07-27 05:00:00,231.68439
2011-07-27 06:00:00,236.8583
2011-07-27 07:00:00,241.15578
2011-07-27 08:00:00,242.60352
2011-07-27 09:00:00,243.3397
2011-07-27 10:00:00,246.34639
2011-07-27 11:00:00,250.81595
2011-07-27 12:00:00,234.08731
2011-07-27 13:00:00,227.4781
2011-07-27 14:00:00,242.82053
2011-07-27 15:00:00,237.65015
2011-07-27 16:00:00,265.12778
2011-07-27 17:00:00,249.7956
2011-07-27 18:00:00,272.28693
2011-07-27 19:00:00,269.73178
2011-07-27 20:00:00,248.57857
2011-07-27 21:00:00,209.93152
2011-07-27 22:00:00,176.57979
2011-07-27 23:00:00,210.3978
2011-07-28 00:00:00,210.83696
2011-07-28 01:00:00,162.86728
2011-07-28 02:00:00,193.48505
2011-07-28 03:00:00,152.14813
2011-07-28 04:00:00,172.10916
2011-07-28 05:00:00,162.08742
2011-07-28 06:00:00,143.94855
2011-07-28 07:00:00,191.17424
2011-07-28 08:00:00,205.983
2011-07-28 09:00:00,244.118
2011-07-28 10:00:00,256.28424
2011-07-28 11:00:00,253.90596
2011-07-28 12:00:00,244.54147
2011-07-28 13:00:00,228.35278
2011-07-28 14:00:00,262.0877
2011-07-28 15:00:00,236.39406
2011-07-28 16:00:00,227.56325
2011-07-28 17:00:00,237.148
2011-07-28 18:00:00,256.81573
2011-07-28 19:00:00,253.85155
2011-07-28 20:00:00,255.0559
2011-07-28 21:00:00,260.587
2011-07-28 22:00:00,255.39339
2011-07-28 23:00:00,211.07193
2011-07-29 00:00:00,151.20317
2011-07-29 01:00:00,141.80116
2011-07-29 02:00:00,107.40745
2011-07-29 03:00:00,107.40745
2011-07-29 04:00:00,102.48335
2011-07-29 05:00:00,88.97638
2011-07-29 06:00:00,170.36873
2011-07-29 07:00:00,203.6427
2011-07-29 08:00:00,221.27226
2011-07-29 09:00:00,228.35278
2011-07-29 10:00:00,220.91785
2011-07-29 11:00:00,220.44537
2011-07-29 12:00:00,227.5836
2011-07-29 13:00:00,250.09459
2011-07-29 14:00:00,243.87088
2011-07-29 15:00:00,234.81885
2011-07-29 16:00:00,215.36945
2011-07-29 17:00:00,225.54907
2011-07-29 18:00:00,214.41916
2011-07-29 19:00:00,231.61536
2011-07-29 20:00:00,213.84267
2011-07-29 21:00:00,231.271
2011-07-29 22:00:00,238.69403
2011-07-29 23:00:00,191.54724
2011-07-30 00:00:00,222.31183
2011-07-30 01:00:00,188.91504
2011-07-30 02:00:00,193.13052
2011-07-30 03:00:00,169.48961
2011-07-30 04:00:00,145.96475
2011-07-30 05:00:00,157.18614
2011-07-30 06:00:00,163.57643
2011-07-30 07:00:00,172.25784
2011-07-30 08:00:00,219.85274
2011-07-30 09:00:00,300.28378
2011-07-30 10:00:00,314.39514
2011-07-30 11:00:00,301.33823
2011-07-30 12:00:00,319.67596
2011-07-30 13:00:00,303.97708
2011-07-30 14:00:00,289.67535
2011-07-30 15:00:00,286.861
2011-07-30 16:00:00,339.90054
2011-07-30 17:00:00,295.3591
2011-07-30 18:00:00,335.30923
2011-07-30 19:00:00,403.89557
2011-07-30 20:00:00,246.44182
2011-07-30 21:00:00,238.11938
2011-07-30 22:00:00,209.50214
2011-07-30 23:00:00,188.91504
2011-07-31 00:00:00,188.91504
2011-07-31 01:00:00,150.93558
2011-07-31 02:00:00,136.60573
2011-07-31 03:00:00,146.4502
2011-07-31 04:00:00,125.971985
2011-07-31 05:00:00,129.36406
2011-07-31 06:00:00,132.84927
2011-07-31 07:00:00,184.90182
2011-07-31 08:00:00,233.15128
2011-07-31 09:00:00,215.02591
2011-07-31 10:00:00,290.4631
2011-07-31 11:00:00,336.54855
2011-07-31 12:00:00,345.92114
2011-07-31 13:00:00,336.988
2011-07-31 14:00:00,344.49698
2011-07-31 15:00:00,378.06973
2011-07-31 16:00:00,382.81573
2011-07-31 17:00:00,391.38672
2011-07-31 18:00:00,303.4241
2011-07-31 19:00:00,288.34113
2011-07-31 20:00:00,288.34113
2011-07-31 21:00:00,257.7215
2011-07-31 22:00:00,171.60283
2011-07-31 23:00:00,168.54869
2011-08-20 00:00:00,44.854134
2011-08-20 01:00:00,49.824997
2011-08-20 02:00:00,58.29424
2011-08-20 03:00:00,58.29424
2011-08-20 04:00:00,85.73243
2011-08-20 05:00:00,47.97668
2011-08-20 06:00:00,77.807175
2011-08-20 07:00:00,49.824997
2011-08-20 08:00:00,106.32881
2011-08-20 09:00:00,140.94905
2011-08-20 10:00:00,151.62038
2011-08-20 11:00:00,184.71588
2011-08-20 12:00:00,184.90182
2011-08-20 13:00:00,202.15536
2011-08-20 14:00:00,249.97139
2011-08-20 15:00:00,274.1024
2011-08-20 16:00:00,259.75397
2011-08-20 17:00:00,249.97139
2011-08-20 18:00:00,233.59096
2011-08-20 19:00:00,177.33066
2011-08-20 20:00:00,186.10526
2011-08-20 21:00:00,140.56111
2011-08-20 22:00:00,165.38518
2011-08-20 23:00:00,95.794044
2011-08-21 00:00:00,109.53732
2011-08-21 01:00:00,85.26314
2011-08-21 02:00:00,77.75247
2011-08-21 03:00:00,64.108986
2011-08-21 04:00:00,73.71808
2011-08-21 05:00:00,62.56511
2011-08-21 06:00:00,59.53463
2011-08-21 07:00:00,90.1277
2011-08-21 08:00:00,94.29543
2011-08-21 09:00:00,126.04699
2011-08-21 10:00:00,140.59346
2011-08-21 11:00:00,245.62491
2011-08-21 12:00:00,265.63318
2011-08-21 13:00:00,291.02493
2011-08-21 14:00:00,148.177
2011-08-21 15:00:00,94.6513
2011-08-21 16:00:00,100.378716
2011-08-21 17:00:00,97.64837
2011-08-21 18:00:00,110.75227
2011-08-21 19:00:00,148.12549
2011-08-21 20:00:00,100.01234
2011-08-21 21:00:00,100.01234
2011-08-21 22:00:00,137.00049
2011-08-21 23:00:00,102.27252
2011-08-22 00:00:00,102.41002
2011-08-22 01:00:00,92.44554
2011-08-22 02:00:00,214.03775
2011-08-22 03:00:00,259.18625
2011-08-22 04:00:00,202.39925
2011-08-22 05:00:00,214.86102
2011-08-22 06:00:00,227.55113
2011-08-22 07:00:00,226.53789
2011-08-22 08:00:00,226.53789
2011-08-22 09:00:00,232.98422
2011-08-22 10:00:00,233.96681
2011-08-22 11:00:00,250.90701
2011-08-22 12:00:00,238.64476
2011-08-22 13:00:00,233.87993
2011-08-22 14:00:00,245.85028
2011-08-22 15:00:00,268.3265
2011-08-22 16:00:00,245.85028
2011-08-22 17:00:00,267.15506
2011-08-22 18:00:00,274.50912
2011-08-22 19:00:00,276.17722
2011-08-22 20:00:00,284.6321
2011-08-22 21:00:00,269.21637
2011-08-22 22:00:00,244.19662
2011-08-22 23:00:00,243.7291
2011-08-23 00:00:00,247.35027
2011-08-23 01:00:00,230.86699
2011-08-23 02:00:00,215.95708
2011-08-23 03:00:00,213.10974
2011-08-23 04:00:00,190.16283
2011-08-23 05:00:00,196.2334
2011-08-23 06:00:00,175.7699
2011-08-23 07:00:00,233.7902
2011-08-23 08:00:00,214.08066
2011-08-23 09:00:00,237.372
2011-08-23 10:00:00,235.08102
2011-08-23 11:00:00,264.77716
2011-08-23 12:00:00,240.99876
2011-08-23 13:00:00,279.66064
2011-08-23 14:00:00,276.4832
2011-08-23 15:00:00,269.63376
2011-08-23 16:00:00,279.90048
2011-08-23 17:00:00,269.63376
2011-08-23 18:00:00,273.12036
2011-08-23 19:00:00,238.35863
2011-08-23 20:00:00,230.08781
2011-08-23 21:00:00,156.72281
2011-08-23 22:00:00,182.96237
2011-08-23 23:00:00,172.75786
2011-08-24 00:00:00,182.96237
2011-08-24 01:00:00,162.21678
2011-08-24 02:00:00,132.41171
2011-08-24 03:00:00,132.41171
2011-08-24 04:00:00,91.93834
2011-08-24 05:00:00,91.93834
2011-08-24 06:00:00,116.75442
2011-08-24 07:00:00,145.46242
2011-08-24 08:00:00,136.77481
2011-08-24 09:00:00,188.81503
2011-08-24 10:00:00,232.97697
2011-08-24 11:00:00,233.30634
2011-08-24 12:00:00,235.41193
2011-08-24 13:00:00,230.41145
2011-08-24 14:00:00,230.41145
2011-08-24 15:00:00,229.78485
2011-08-24 16:00:00,231.09424
2011-08-24 17:00:00,233.21117
2011-08-24 18:00:00,238.34349
2011-08-24 19:00:00,238.34349
2011-08-24 20:00:00,237.22055
2011-08-24 21:00:00,227.65202
2011-08-24 22:00:00,226.97246
2011-08-24 23:00:00,208.35384
2011-08-25 00:00:00,176.92087
2011-08-25 01:00:00,208.42305
2011-08-25 02:00:00,208.42305
2011-08-25 03:00:00,172.79982
2011-08-25 04:00:00,175.17825
2011-08-25 05:00:00,167.81247
2011-08-25 06:00:00,146.99445
2011-08-25 07:00:00,181.41881
2011-08-25 08:00:00,204.48402
2011-08-25 09:00:00,213.39142
2011-08-25 10:00:00,222.55841
2011-08-25 11:00:00,219.2288
2011-08-25 12:00:00,219.2288
2011-08-25 13:00:00,106.775604
2011-08-25 14:00:00,197.96823
2011-08-25 15:00:00,208.20541
2011-08-25 16:00:00,88.97638
2011-08-25 17:00:00,88.97638
2011-08-25 18:00:00,172.3992
2011-08-25 19:00:00,183.38
2011-08-25 20:00:00,162.91779
2011-08-25 21:00:00,140.7564
2011-08-25 22:00:00,60.03083
2011-08-25 23:00:00,54.777157
2011-08-26 00:00:00,58.897453
2011-08-26 01:00:00,60.03083
2011-08-26 02:00:00,49.70175
2011-08-26 03:00:00,46.385666
2011-08-26 04:00:00,49.4495
2011-08-26 05:00:00,78.26863
2011-08-26 06:00:00,49.4495
2011-08-26 07:00:00,62.204605
2011-08-26 08:00:00,65.29683
2011-08-26 09:00:00,101.313934
2011-08-26 10:00:00,157.89645
2011-08-26 11:00:00,222.24347
2011-08-26 12:00:00,230.72116
2011-08-26 13:00:00,242.77365
2011-08-26 14:00:00,147.16806
2011-08-26 15:00:00,254.57088
2011-08-26 16:00:00,178.49396
2011-08-26 17:00:00,221.11934
2011-08-26 18:00:00,217.8366
2011-08-26 19:00:00,123.58502
2011-08-26 20:00:00,122.21047
2011-08-26 21:00:00,136.30025
2011-08-26 22:00:00,123.58502
2011-08-26 23:00:00,80.49506
2011-08-27 00:00:00,66.64713
2011-08-27 01:00:00,71.703186
2011-08-27 02:00:00,77.16828
2011-08-27 03:00:00,103.49078
2011-08-27 04:00:00,103.49078
2011-08-27 05:00:00,111.99179
2011-08-27 06:00:00,111.99179
2011-08-27 07:00:00,125.06013
2011-08-27 08:00:00,106.17166
2011-08-27 09:00:00,140.05858
2011-08-27 10:00:00,159.06422
2011-08-27 11:00:00,94.4314
2011-08-27 12:00:00,106.75651
2011-08-27 13:00:00,113.28001
2011-08-27 14:00:00,88.72013
2011-08-27 15:00:00,88.72013
2011-08-27 16:00:00,87.86333
2011-08-27 17:00:00,81.80603
2011-08-28 07:00:00,100.399574
2011-08-28 08:00:00,108.06853
2011-08-28 09:00:00,160.0309
2011-08-28 10:00:00,197.27002
2011-08-28 11:00:00,255.91484
2011-08-28 12:00:00,300.00467
2011-08-28 13:00:00,337.1335
2011-08-28 14:00:00,342.6531
2011-08-28 15:00:00,333.89734
2011-08-28 16:00:00,348.60483
2011-08-28 17:00:00,358.66678
2011-08-28 18:00:00,342.09167
2011-08-28 19:00:00,256.7561
2011-08-28 20:00:00,284.69858
2011-08-28 21:00:00,139.35056
2011-08-28 22:00:00,84.11183
2011-08-28 23:00:00,63.94023
2011-08-29 00:00:00,101.509094
2011-08-29 01:00:00,128.5989
2011-08-29 02:00:00,145.72151
2011-08-29 03:00:00,128.5989
2011-08-29 04:00:00,130.14618
2011-08-29 05:00:00,93.94053
2011-08-29 06:00:00,93.94053
2011-08-29 07:00:00,212.70044
2011-08-29 08:00:00,220.91203
2011-08-29 09:00:00,223.76213
2011-08-29 10:00:00,243.80551
2011-08-29 11:00:00,234.4876
2011-08-29 12:00:00,238.88362
2011-08-29 13:00:00,256.4154
2011-08-29 14:00:00,213.62112
2011-08-29 15:00:00,255.41565
2011-08-29 16:00:00,255.65282
2011-08-29 17:00:00,228.24103
2011-08-29 18:00:00,239.43399
2011-08-29 19:00:00,239.43399
2011-08-29 20:00:00,209.75446
2011-08-29 21:00:00,223.69104
2011-08-29 22:00:00,182.96237
2011-08-29 23:00:00,158.17923
2011-08-30 00:00:00,93.94053
2011-08-30 01:00:00,130.96031
2011-08-30 02:00:00,90.64696
2011-08-30 03:00:00,91.92816
2011-08-30 04:00:00,68.893745
2011-08-30 05:00:00,65.6518
2011-08-30 06:00:00,90.64696
2011-08-30 07:00:00,130.14618
2011-08-30 08:00:00,182.96237
2011-08-30 09:00:00,238.35863
2011-08-30 10:00:00,256.982
2011-08-30 11:00:00,264.87634
2011-08-30 12:00:00,233.96959
2011-08-30 13:00:00,260.35718
2011-08-30 14:00:00,281.12662
2011-08-30 15:00:00,260.96555
2011-08-30 16:00:00,272.6034
2011-08-30 17:00:00,259.00497
2011-08-30 18:00:00,243.98236
2011-08-30 19:00:00,197.47174
2011-08-30 20:00:00,182.4384
2011-08-30 21:00:00,147.1081
2011-08-30 22:00:00,145.41019
2011-08-30 23:00:00,145.41019
2011-08-31 00:00:00,119.328896
2011-08-31 01:00:00,119.328896
2011-08-31 02:00:00,116.75442
2011-08-31 03:00:00,75.28145
2011-08-31 04:00:00,116.75442
2011-08-31 05:00:00,47.32555
2011-08-31 06:00:00,81.4032
2011-08-31 07:00:00,80.50011
2011-08-31 08:00:00,117.42961
2011-08-31 09:00:00,132.5953
2011-08-31 10:00:00,221.86513
2011-08-31 11:00:00,242.62125
2011-08-31 12:00:00,240.7385
2011-08-31 13:00:00,254.12587
2011-08-31 14:00:00,253.0396
2011-08-31 15:00:00,253.0396
2011-08-31 16:00:00,243.46198
2011-08-31 17:00:00,232.4086
2011-08-31 18:00:00,240.66217
2011-08-31 19:00:00,228.5854
2011-08-31 20:00:00,188.57333
2011-08-31 21:00:00,159.86618
2011-08-31 22:00:00,115.68213
2011-08-31 23:00:00,71.22798
2011-09-20 00:00:00,163.268
2011-09-20 01:00:00,79.52315
2011-09-20 02:00:00,79.52315
2011-09-20 03:00:00,107.60469
2011-09-20 04:00:00,54.1495
2011-09-20 05:00:00,85.83875
2011-09-20 06:00:00,85.83875
2011-09-20 07:00:00,79.52315
2011-09-20 08:00:00,57.481564
2011-09-20 09:00:00,55.841015
2011-09-20 10:00:00,61.58365
2011-09-20 11:00:00,61.58365
2011-09-20 12:00:00,64.55037
2011-09-20 13:00:00,59.9624
2011-09-20 14:00:00,88.51119
2011-09-20 15:00:00,170.15288
2011-09-20 16:00:00,113.72357
2011-09-20 17:00:00,52.873844
2011-09-20 18:00:00,52.873844
2011-09-20 19:00:00,46.419746
2011-09-20 20:00:00,42.630085
2011-09-20 21:00:00,42.630085
2011-09-20 22:00:00,42.630085
2011-09-20 23:00:00,42.630085
2011-09-21 00:00:00,44.33862
2011-09-21 01:00:00,42.777954
2011-09-21 02:00:00,42.777954
2011-09-21 03:00:00,52.33706
2011-09-21 04:00:00,48.108463
2011-09-21 05:00:00,52.455704
2011-09-21 06:00:00,56.8394
2011-09-21 07:00:00,56.8394
2011-09-21 08:00:00,45.882557
2011-09-21 09:00:00,45.878418
2011-09-21 10:00:00,73.193756
2011-09-21 11:00:00,120.90661
2011-09-21 12:00:00,174.90308
2011-09-21 13:00:00,196.1862
2011-09-21 14:00:00,198.2212
2011-09-21 15:00:00,192.53192
2011-09-21 16:00:00,192.53192
2011-09-21 17:00:00,190.01764
2011-09-21 18:00:00,94.13033
2011-09-21 19:00:00,66.00932
2011-09-21 20:00:00,66.00932
2011-09-21 21:00:00,49.62771
2011-09-21 22:00:00,65.04128
2011-09-21 23:00:00,45.071693
2011-09-22 00:00:00,45.071693
2011-09-22 01:00:00,62.52968
2011-09-22 02:00:00,64.10002
2011-09-22 03:00:00,62.52968
2011-09-22 04:00:00,62.52968
2011-09-22 05:00:00,64.10002
2011-09-22 06:00:00,54.066883
2011-09-22 07:00:00,50.71674
2011-09-22 08:00:00,59.125866
2011-09-22 09:00:00,83.17081
2011-09-22 10:00:00,100.7997
2011-09-22 11:00:00,94.541306
2011-09-22 12:00:00,134.38913
2011-09-22 13:00:00,134.4498
2011-09-22 14:00:00,135.98058
2011-09-22 15:00:00,186.6221
2011-09-22 16:00:00,199.91672
2011-09-22 17:00:00,180.78308
2011-09-22 18:00:00,120.01328
2011-09-22 19:00:00,83.19194
2011-09-22 20:00:00,73.91788
2011-09-22 21:00:00,83.19194
2011-09-22 22:00:00,53.868835
2011-09-22 23:00:00,65.04128
2011-09-23 00:00:00,121.988495
2011-09-23 01:00:00,85.212654
2011-09-23 02:00:00,106.9468
2011-09-23 03:00:00,85.212654
2011-09-23 04:00:00,81.0241
2011-09-23 05:00:00,104.50313
2011-09-23 06:00:00,121.988495
2011-09-23 07:00:00,115.88258
2011-09-23 08:00:00,115.88258
2011-09-23 09:00:00,92.393234
2011-09-23 10:00:00,92.45063
2011-09-23 11:00:00,92.45063
2011-09-23 12:00:00,117.10188
2011-09-23 13:00:00,85.15381
2011-09-23 14:00:00,85.15381
2011-09-23 15:00:00,117.10188
2011-09-23 16:00:00,113.594246
2011-09-23 17:00:00,85.212654
2011-09-23 18:00:00,90.725204
2011-09-23 19:00:00,113.80353
2011-09-23 20:00:00,108.26474
2011-09-23 21:00:00,106.73742
2011-09-23 22:00:00,114.01936
2011-09-23 23:00:00,110.02674
2011-09-24 00:00:00,65.646805
2011-09-24 01:00:00,125.49244
2011-09-24 02:00:00,125.49244
2011-09-24 03:00:00,82.586586
2011-09-24 04:00:00,73.06055
2011-09-24 05:00:00,121.243164
2011-09-24 06:00:00,121.243164
2011-09-24 07:00:00,182.18619
2011-09-24 08:00:00,164.84293
2011-09-24 09:00:00,195.6271
2011-09-24 10:00:00,195.6271
2011-09-24 11:00:00,263.9115
2011-09-24 12:00:00,263.9115
2011-09-24 13:00:00,245.65244
2011-09-24 14:00:00,281.8185
2011-09-24 15:00:00,281.8185
2011-09-24 16:00:00,282.70248
2011-09-24 17:00:00,257.18686
2011-09-24 18:00:00,233.49013
2011-09-24 19:00:00,129.83632
2011-09-24 20:00:00,201.8325
2011-09-24 21:00:00,188.59245
2011-09-24 22:00:00,226.5779
2011-09-24 23:00:00,195.6271
2011-09-25 00:00:00,208.63075
2011-09-25 01:00:00,191.29799
2011-09-25 02:00:00,131.30511
2011-09-25 03:00:00,131.30511
2011-09-25 04:00:00,121.102585
2011-09-25 05:00:00,112.407394
2011-09-25 06:00:00,191.29799
2011-09-25 07:00:00,130.62596
2011-09-25 08:00:00,226.5779
2011-09-25 09:00:00,296.56143
2011-09-25 10:00:00,296.56143
2011-09-25 11:00:00,277.81125
2011-09-25 12:00:00,310.7878
2011-09-25 13:00:00,316.4021
2011-09-25 14:00:00,310.7878
2011-09-25 15:00:00,310.7878
2011-09-25 16:00:00,298.02646
2011-09-25 17:00:00,277.8284
2011-09-25 18:00:00,277.8284
2011-09-25 19:00:00,179.37651
2011-09-25 20:00:00,195.41249
2011-09-25 21:00:00,86.90409
2011-09-25 22:00:00,127.8196
2011-09-25 23:00:00,136.03252
2011-09-26 00:00:00,104.50313
2011-09-26 01:00:00,142.37216
2011-09-26 02:00:00,142.37216
2011-09-26 03:00:00,104.50313
2011-09-26 04:00:00,121.988495
2011-09-26 05:00:00,117.41462
2011-09-26 06:00:00,121.988495
2011-09-26 07:00:00,104.50313
2011-09-26 08:00:00,104.50313
2011-09-26 09:00:00,175.85861
2011-09-26 10:00:00,175.85861
2011-09-26 11:00:00,230.07053
2011-09-26 12:00:00,237.97441
2011-09-26 13:00:00,277.55264
2011-09-26 14:00:00,282.06964
2011-09-26 15:00:00,311.46582
2011-09-26 16:00:00,292.59448
2011-09-26 17:00:00,287.1317
2011-09-26 18:00:00,182.3374
2011-09-26 19:00:00,190.62018
2011-09-26 20:00:00,140.77396
2011-09-26 21:00:00,140.77396
2011-09-26 22:00:00,113.80353
2011-09-26 23:00:00,113.80353
2011-09-27 00:00:00,113.80353
2011-09-27 01:00:00,118.581985
2011-09-27 02:00:00,110.72874
2011-09-27 03:00:00,104.50313
2011-09-27 04:00:00,117.81074
2011-09-27 05:00:00,117.81074
2011-09-27 06:00:00,125.19795
2011-09-27 07:00:00,125.19795
2011-09-27 08:00:00,150.12056
2011-09-27 09:00:00,149.03831
2011-09-27 10:00:00,124.48829
2011-09-27 11:00:00,162.74382
2011-09-27 12:00:00,173.09991
2011-09-27 13:00:00,283.32242
2011-09-27 14:00:00,219.68468
2011-09-27 15:00:00,199.91606
2011-09-27 16:00:00,213.39429
2011-09-27 17:00:00,188.54376
2011-09-27 18:00:00,181.90674
2011-09-27 19:00:00,159.79292
2011-09-27 20:00:00,195.31618
2011-09-27 21:00:00,155.15773
2011-09-27 22:00:00,128.50145
2011-09-27 23:00:00,128.50145
2011-09-28 00:00:00,131.37354
2011-09-28 01:00:00,131.37354
2011-09-28 02:00:00,173.9997
2011-09-28 03:00:00,112.55402
2011-09-28 04:00:00,131.37354
2011-09-28 05:00:00,95.730286
2011-09-28 06:00:00,103.47909
2011-09-28 07:00:00,103.47909
2011-09-28 08:00:00,114.38084
2011-09-28 09:00:00,114.38084
2011-09-28 10:00:00,104.50313
2011-09-28 11:00:00,189.7551
2011-09-28 12:00:00,200.65593
2011-09-28 13:00:00,279.38687
2011-09-28 14:00:00,327.40607
2011-09-28 15:00:00,287.1317
2011-09-28 16:00:00,282.88165
2011-09-28 17:00:00,285.81113
2011-09-28 18:00:00,214.64627
2011-09-28 19:00:00,214.64627
2011-09-28 20:00:00,170.456
2011-09-28 21:00:00,131.1396
2011-09-28 22:00:00,128.50145
2011-09-28 23:00:00,107.48842
2011-09-29 00:00:00,125.496895
2011-09-29 01:00:00,134.07939
2011-09-29 02:00:00,134.07939
2011-09-29 03:00:00,144.53288
2011-09-29 04:00:00,158.03874
2011-09-29 05:00:00,131.21472
2011-09-29 06:00:00,127.02684
2011-09-29 07:00:00,130.89992
2011-09-29 08:00:00,155.15773
2011-09-29 09:00:00,211.94284
2011-09-29 10:00:00,270.14978
2011-09-29 11:00:00,270.0832
2011-09-29 12:00:00,287.74417
2011-09-29 13:00:00,279.96625
2011-09-29 14:00:00,276.2752
2011-09-29 15:00:00,247.49353
2011-09-29 16:00:00,257.49426
2011-09-29 17:00:00,264.42392
2011-09-29 18:00:00,275.0977
2011-09-29 19:00:00,276.80698
2011-09-29 20:00:00,273.1116
2011-09-29 21:00:00,293.38434
2011-09-29 22:00:00,254.43933
2011-09-29 23:00:00,161.34938
2011-09-30 00:00:00,129.59547
2011-09-30 01:00:00,161.77972
2011-09-30 02:00:00,129.59547
2011-09-30 03:00:00,129.59547
2011-09-30 04:00:00,141.30658
2011-09-30 05:00:00,141.30658
2011-09-30 06:00:00,154.92436
2011-09-30 07:00:00,154.92436
2011-09-30 08:00:00,168.94986
2011-09-30 09:00:00,199.0203
2011-09-30 10:00:00,295.40765
2011-09-30 11:00:00,292.3302
2011-09-30 12:00:00,264.23715
2011-09-30 13:00:00,215.33887
2011-09-30 14:00:00,221.16017
2011-09-30 15:00:00,264.2728
2011-09-30 16:00:00,276.7551
2011-09-30 17:00:00,270.99954
2011-09-30 18:00:00,212.27808
2011-09-30 19:00:00,200.5357
2011-09-30 20:00:00,200.5357
2011-09-30 21:00:00,207.61755
2011-09-30 22:00:00,186.96413
2011-09-30 23:00:00,186.96413
2011-10-20 00:00:00,185.11194
2011-10-20 01:00:00,207.62738
2011-10-20 02:00:00,188.65039
2011-10-20 03:00:00,148.00763
2011-10-20 04:00:00,148.00763
2011-10-20 05:00:00,149.39407
2011-10-20 06:00:00,127.43567
2011-10-20 07:00:00,111.96466
2011-10-20 08:00:00,126.415344
2011-10-20 09:00:00,133.74548
2011-10-20 10:00:00,149.75525
2011-10-20 11:00:00,170.94595
2011-10-20 12:00:00,193.74742
2011-10-20 13:00:00,201.24072
2011-10-20 14:00:00,140.59691
2011-10-20 15:00:00,146.17966
2011-10-20 16:00:00,146.17966
2011-10-20 17:00:00,167.05194
2011-10-20 18:00:00,192.70473
2011-10-20 19:00:00,187.8915
2011-10-20 20:00:00,179.44711
2011-10-20 21:00:00,183.55511
2011-10-20 22:00:00,185.59956
2011-10-20 23:00:00,160.72011
2011-10-21 00:00:00,142.18582
2011-10-21 01:00:00,143.22096
2011-10-21 02:00:00,130.12926
2011-10-21 03:00:00,114.2091
2011-10-21 04:00:00,117.59107
2011-10-21 05:00:00,108.79476
2011-10-21 06:00:00,117.59107
2011-10-21 07:00:00,117.59107
2011-10-21 08:00:00,146.298
2011-10-21 09:00:00,234.549
2011-10-21 10:00:00,206.98843
2011-10-21 11:00:00,217.90518
2011-10-21 12:00:00,209.38515
2011-10-21 13:00:00,198.1024
2011-10-21 14:00:00,221.67955
2011-10-21 15:00:00,209.45378
2011-10-21 16:00:00,211.73007
2011-10-21 17:00:00,215.89264
2011-10-21 18:00:00,215.18178
2011-10-21 19:00:00,152.60652
2011-10-21 20:00:00,231.22281
2011-10-21 21:00:00,180.36322
2011-10-21 22:00:00,196.46245
2011-10-21 23:00:00,143.22096
2011-10-22 00:00:00,154.04187
2011-10-22 01:00:00,154.04187
2011-10-22 02:00:00,154.06447
2011-10-22 03:00:00,175.04953
2011-10-22 04:00:00,167.01079
2011-10-22 05:00:00,194.82527
2011-10-22 06:00:00,135.72516
2011-10-22 07:00:00,127.80836
2011-10-22 08:00:00,178.37521
2011-10-22 09:00:00,188.99402
2011-10-22 10:00:00,241.56653
2011-10-22 11:00:00,241.56653
2011-10-22 12:00:00,261.83182
2011-10-22 13:00:00,365.43478
2011-10-22 14:00:00,222.96683
2011-10-22 15:00:00,249.8711
2011-10-22 16:00:00,300.57202
2011-10-22 17:00:00,241.63672
2011-10-22 18:00:00,251.86925
2011-10-22 19:00:00,233.30792
2011-10-22 20:00:00,226.20575
2011-10-22 21:00:00,134.59674
2011-10-22 22:00:00,134.59674
2011-10-22 23:00:00,84.26037
2011-10-23 00:00:00,66.18076
2011-10-23 01:00:00,66.18076
2011-10-23 02:00:00,55.862698
2011-10-23 03:00:00,59.749485
2011-10-23 04:00:00,59.749485
2011-10-23 05:00:00,53.203182
2011-10-23 06:00:00,51.967136
2011-10-23 07:00:00,55.862698
2011-10-23 08:00:00,66.10162
2011-10-23 09:00:00,134.59674
2011-10-23 10:00:00,172.31021
2011-10-23 11:00:00,165.98837
2011-10-23 12:00:00,229.11104
2011-10-23 13:00:00,263.7797
2011-10-23 14:00:00,259.37582
2011-10-23 15:00:00,285.18234
2011-10-23 16:00:00,263.7797
2011-10-23 17:00:00,240.02519
2011-10-23 18:00:00,243.9957
2011-10-23 19:00:00,151.34048
2011-10-23 20:00:00,183.34612
2011-10-23 21:00:00,183.34612
2011-10-23 22:00:00,155.82736
2011-10-23 23:00:00,131.32745
2011-10-24 00:00:00,122.11697
2011-10-24 01:00:00,106.17187
2011-10-24 02:00:00,101.09524
2011-10-24 03:00:00,100.39797
2011-10-24 04:00:00,100.31525
2011-10-24 05:00:00,94.47642
2011-10-24 06:00:00,101.09524
2011-10-24 07:00:00,83.52276
2011-10-24 08:00:00,109.991035
2011-10-24 09:00:00,121.92491
2011-10-24 10:00:00,162.89243
2011-10-24 11:00:00,214.1272
2011-10-24 12:00:00,230.2516
2011-10-24 13:00:00,240.84398
2011-10-24 14:00:00,247.29802
2011-10-24 15:00:00,252.14835
2011-10-24 16:00:00,230.13167
2011-10-24 17:00:00,220.28172
2011-10-24 18:00:00,263.03268
2011-10-24 19:00:00,95.79994
2011-10-24 20:00:00,123.06286
2011-10-24 21:00:00,102.98855
2011-10-24 22:00:00,157.45358
2011-10-24 23:00:00,139.18576
2011-10-25 00:00:00,127.32523
2011-10-25 01:00:00,127.32523
2011-10-25 02:00:00,111.182205
2011-10-25 03:00:00,92.777565
2011-10-25 04:00:00,100.22425
2011-10-25 05:00:00,100.22425
2011-10-25 06:00:00,96.922195
2011-10-25 07:00:00,119.16667
2011-10-25 08:00:00,157.51059
2011-10-25 09:00:00,186.70758
2011-10-25 10:00:00,194.03578
2011-10-25 11:00:00,204.69464
2011-10-25 12:00:00,227.60068
2011-10-25 13:00:00,234.34271
2011-10-25 14:00:00,240.06274
2011-10-25 15:00:00,278.53583
2011-10-25 16:00:00,269.715
2011-10-25 17:00:00,278.53583
2011-10-25 18:00:00,251.39493
2011-10-25 19:00:00,171.76463
2011-10-25 20:00:00,192.93579
2011-10-25 21:00:00,144.77986
2011-10-25 22:00:00,157.35773
2011-10-25 23:00:00,144.77986
2011-10-26 00:00:00,139.7177
2011-10-26 01:00:00,143.25778
2011-10-26 02:00:00,153.49149
2011-10-26 03:00:00,141.70064
2011-10-26 04:00:00,131.78406
2011-10-26 05:00:00,129.66304
2011-10-26 06:00:00,129.66304
2011-10-26 07:00:00,136.84245
2011-10-26 08:00:00,214.92174
2011-10-26 09:00:00,236.25938
2011-10-26 10:00:00,240.53403
2011-10-26 11:00:00,176.85019
2011-10-26 12:00:00,295.40436
2011-10-26 13:00:00,280.92667
2011-10-26 14:00:00,140.10042
2011-10-26 15:00:00,140.10042
2011-10-26 16:00:00,157.03566
2011-10-26 17:00:00,160.22688
2011-10-26 18:00:00,163.87561
2011-10-26 19:00:00,122.31472
2011-10-26 20:00:00,102.06317
2011-10-26 21:00:00,140.10042
2011-10-26 22:00:00,89.869095
2011-10-26 23:00:00,89.869095
2011-10-27 00:00:00,82.06256
2011-10-27 01:00:00,82.06256
2011-10-27 02:00:00,57.72975
2011-10-27 03:00:00,57.72975
2011-10-27 04:00:00,72.74947
2011-10-27 05:00:00,77.359344
2011-10-27 06:00:00,104.7048
2011-10-27 07:00:00,76.4298
2011-10-27 08:00:00,82.232155
2011-10-27 09:00:00,136.85503
2011-10-27 10:00:00,89.12685
2011-10-27 11:00:00,85.711716
2011-10-27 12:00:00,85.711716
2011-10-27 13:00:00,113.39851
2011-10-27 14:00:00,107.11627
2011-10-27 15:00:00,122.120026
2011-10-27 16:00:00,222.60898
2011-10-27 17:00:00,126.64665
2011-10-27 18:00:00,122.25615
2011-10-27 19:00:00,117.83685
2011-10-27 20:00:00,121.8988
2011-10-27 21:00:00,132.93361
2011-10-27 22:00:00,119.98903
2011-10-27 23:00:00,128.15224
2011-10-28 00:00:00,133.42245
2011-10-28 01:00:00,135.27357
2011-10-28 02:00:00,131.83514
2011-10-28 03:00:00,126.221115
2011-10-28 04:00:00,135.22403
2011-10-28 05:00:00,190.25984
2011-10-28 06:00:00,141.75682
2011-10-28 07:00:00,141.75682
2011-10-28 08:00:00,139.53082
2011-10-28 09:00:00,165.35565
2011-10-28 10:00:00,168.5666
2011-10-28 11:00:00,192.7055
2011-10-28 12:00:00,236.05841
2011-10-28 13:00:00,220.12032
2011-10-28 14:00:00,227.7462
2011-10-28 15:00:00,208.70169
2011-10-28 16:00:00,226.73004
2011-10-28 17:00:00,218.9587
2011-10-28 18:00:00,218.14957
2011-10-28 19:00:00,218.9587
2011-10-28 20:00:00,136.86917
2011-10-28 21:00:00,103.108
2011-10-28 22:00:00,90.412254
2011-10-28 23:00:00,87.40399
2011-10-29 00:00:00,80.76759
2011-10-29 01:00:00,87.10651
2011-10-29 02:00:00,87.10651
2011-10-29 03:00:00,106.718544
2011-10-29 04:00:00,106.718544
2011-10-29 05:00:00,62.65096
2011-10-29 06:00:00,75.505585
2011-10-29 07:00:00,75.505585
2011-10-29 08:00:00,81.58742
2011-10-29 09:00:00,81.58742
2011-10-29 10:00:00,62.77073
2011-10-29 11:00:00,63.438416
2011-10-29 12:00:00,69.180534
2011-10-29 13:00:00,65.37976
2011-10-29 14:00:00,75.455246
2011-10-29 15:00:00,57.42441
2011-10-29 16:00:00,56.962467
2011-10-29 17:00:00,56.962467
2011-10-29 18:00:00,56.962467
2011-10-29 19:00:00,52.977707
2011-10-29 20:00:00,52.977707
2011-10-29 21:00:00,52.977707
2011-10-29 22:00:00,42.51774
2011-10-29 23:00:00,42.07453
2011-10-30 00:00:00,42.51774
2011-10-30 01:00:00,44.557858
2011-10-30 02:00:00,46.809406
2011-10-30 03:00:00,66.69501
2011-10-30 04:00:00,61.801785
2011-10-30 05:00:00,65.412384
2011-10-30 06:00:00,62.847397
2011-10-30 07:00:00,46.673843
2011-10-30 08:00:00,77.00421
2011-10-30 09:00:00,90.312126
2011-10-30 10:00:00,138.02242
2011-10-30 11:00:00,161.68039
2011-10-30 12:00:00,195.73666
2011-10-30 13:00:00,243.25528
2011-10-30 14:00:00,287.43744
2011-10-30 15:00:00,310.6962
2011-10-30 16:00:00,334.02005
2011-10-30 17:00:00,311.46964
2011-10-30 18:00:00,246.05467
2011-10-30 19:00:00,299.90912
2011-10-30 20:00:00,182.44418
2011-10-30 21:00:00,102.73204
2011-10-30 22:00:00,68.11695
2011-10-30 23:00:00,42.37525
2011-10-31 00:00:00,71.771255
2011-10-31 01:00:00,68.19186
2011-10-31 02:00:00,68.35874
2011-10-31 03:00:00,76.90862
2011-10-31 04:00:00,68.35874
2011-10-31 05:00:00,66.49895
2011-10-31 06:00:00,68.35874
2011-10-31 07:00:00,69.62106
2011-10-31 08:00:00,73.058365
2011-10-31 09:00:00,112.54892
2011-10-31 10:00:00,217.43454
2011-10-31 11:00:00,208.48685
2011-10-31 12:00:00,203.299
2011-10-31 13:00:00,229.50305
2011-10-31 14:00:00,229.26917
2011-10-31 15:00:00,213.62619
2011-10-31 16:00:00,196.46245
2011-10-31 17:00:00,201.45541
2011-10-31 18:00:00,161.88031
2011-10-31 19:00:00,161.88031
2011-10-31 20:00:00,161.88031
2011-10-31 21:00:00,126.462006
2011-10-31 22:00:00,126.462006
2011-10-31 23:00:00,126.462006
2011-11-20 00:00:00,136.94556
2011-11-20 01:00:00,154.06447
2011-11-20 02:00:00,156.7479
2011-11-20 03:00:00,186.56508
2011-11-20 04:00:00,182.02295
2011-11-20 05:00:00,198.82379
2011-11-20 06:00:00,204.32553
2011-11-20 07:00:00,149.19365
2011-11-20 08:00:00,191.39258
2011-11-20 09:00:00,157.70157
2011-11-20 10:00:00,244.62561
2011-11-20 11:00:00,255.87697
2011-11-20 12:00:00,253.3967
2011-11-20 13:00:00,260.8233
2011-11-20 14:00:00,227.51181
2011-11-20 15:00:00,257.2458
2011-11-20 16:00:00,255.76358
2011-11-20 17:00:00,257.38138
2011-11-20 18:00:00,260.21664
2011-11-20 19:00:00,252.70018
2011-11-20 20:00:00,254.48785
2011-11-20 21:00:00,242.25163
2011-11-20 22:00:00,114.76288
2011-11-20 23:00:00,114.76288
2011-11-21 00:00:00,64.57756
2011-11-21 01:00:00,70.59113
2011-11-21 02:00:00,67.80145
2011-11-21 03:00:00,61.54645
2011-11-21 04:00:00,61.54645
2011-11-21 05:00:00,56.734493
2011-11-21 06:00:00,57.049526
2011-11-21 07:00:00,102.837234
2011-11-21 08:00:00,64.57756
2011-11-21 09:00:00,82.99684
2011-11-21 10:00:00,107.11627
2011-11-21 11:00:00,122.120026
2011-11-21 12:00:00,162.20078
2011-11-21 13:00:00,162.20078
2011-11-21 14:00:00,141.32759
2011-11-21 15:00:00,71.79105
2011-11-21 16:00:00,71.79105
2011-11-21 17:00:00,86.577866
2011-11-21 18:00:00,72.279884
2011-11-21 19:00:00,68.036156
2011-11-21 20:00:00,74.945274
2011-11-21 21:00:00,69.77033
2011-11-21 22:00:00,67.55709
2011-11-21 23:00:00,69.77033
2011-11-22 00:00:00,60.52749
2011-11-22 01:00:00,63.25702
2011-11-22 02:00:00,58.172043
2011-11-22 03:00:00,58.172043
2011-11-22 04:00:00,65.069016
2011-11-22 05:00:00,65.069016
2011-11-22 06:00:00,83.52276
2011-11-22 07:00:00,72.38274
2011-11-22 08:00:00,72.38274
2011-11-22 09:00:00,53.820755
2011-11-22 10:00:00,53.820755
2011-11-22 11:00:00,63.25702
2011-11-22 12:00:00,57.26266
2011-11-22 13:00:00,57.52028
2011-11-22 14:00:00,57.52028
2011-11-22 15:00:00,55.38234
2011-11-22 16:00:00,55.38234
2011-11-22 17:00:00,57.990772
2011-11-22 18:00:00,54.63294
2011-11-22 19:00:00,64.297424
2011-11-22 20:00:00,121.30983
2011-11-22 21:00:00,137.07793
2011-11-22 22:00:00,118.31706
2011-11-22 23:00:00,148.7111
2011-11-23 00:00:00,148.7111
2011-11-23 01:00:00,169.8909
2011-11-23 02:00:00,101.48109
2011-11-23 03:00:00,101.48109
2011-11-23 04:00:00,108.364296
2011-11-23 05:00:00,115.45256
2011-11-23 06:00:00,56.734493
2011-11-23 07:00:00,70.74566
2011-11-23 08:00:00,82.99684
2011-11-23 09:00:00,120.59128
2011-11-23 10:00:00,120.59128
2011-11-23 11:00:00,134.13217
2011-11-23 12:00:00,171.6761
2011-11-23 13:00:00,128.44002
2011-11-23 14:00:00,159.62865
2011-11-23 15:00:00,135.12119
2011-11-23 16:00:00,119.2026
2011-11-23 17:00:00,83.619194
2011-11-23 18:00:00,116.95715
2011-11-23 19:00:00,134.53317
2011-11-23 20:00:00,123.91395
2011-11-23 21:00:00,142.63614
2011-11-23 22:00:00,128.89131
2011-11-23 23:00:00,130.30173
2011-11-24 00:00:00,73.62631
2011-11-24 01:00:00,106.63847
2011-11-24 02:00:00,81.62414
2011-11-24 03:00:00,44.815193
2011-11-24 04:00:00,44.075
2011-11-24 05:00:00,44.993458
2011-11-24 06:00:00,44.075
2011-11-24 07:00:00,45.39265
2011-11-24 08:00:00,44.09265
2011-11-24 09:00:00,45.009964
2011-11-24 10:00:00,53.65971
2011-11-24 11:00:00,216.22299
2011-11-24 12:00:00,278.7769
2011-11-24 13:00:00,318.60242
2011-11-24 14:00:00,337.31
2011-11-24 15:00:00,345.18527
2011-11-24 16:00:00,332.824
2011-11-24 17:00:00,269.52905
2011-11-24 18:00:00,109.45561
2011-11-24 19:00:00,89.20598
2011-11-24 20:00:00,60.80355
2011-11-24 21:00:00,60.407375
2011-11-24 22:00:00,60.407375
2011-11-24 23:00:00,47.444897
2011-11-25 00:00:00,108.50373
2011-11-25 01:00:00,84.81821
2011-11-25 02:00:00,84.044464
2011-11-25 03:00:00,93.19809
2011-11-25 04:00:00,90.38671
2011-11-25 05:00:00,66.48468
2011-11-25 06:00:00,83.30496
2011-11-25 07:00:00,68.19186
2011-11-25 08:00:00,90.7195
2011-11-25 09:00:00,77.54047
2011-11-25 10:00:00,117.59107
2011-11-25 11:00:00,157.44394
2011-11-25 12:00:00,222.18777
2011-11-25 13:00:00,217.90518
2011-11-25 14:00:00,242.31294
2011-11-25 15:00:00,265.07788
2011-11-25 16:00:00,254.33377
2011-11-25 17:00:00,274.71396
2011-11-25 18:00:00,238.9467
2011-11-25 19:00:00,200.57649
2011-11-25 20:00:00,195.61307
2011-11-25 21:00:00,103.63704
2011-11-25 22:00:00,90.17428
2011-11-25 23:00:00,94.28086
2011-11-26 00:00:00,111.65871
2011-11-26 01:00:00,92.17418
2011-11-26 02:00:00,59.97658
2011-11-26 03:00:00,56.74984
2011-11-26 04:00:00,56.74984
2011-11-26 05:00:00,86.40736
2011-11-26 06:00:00,146.14398
2011-11-26 07:00:00,41.640594
2011-11-26 08:00:00,92.17418
2011-11-26 09:00:00,107.73297
2011-11-26 10:00:00,79.306305
2011-11-26 11:00:00,191.062
2011-11-26 12:00:00,301.13776
2011-11-26 13:00:00,361.61887
2011-11-26 14:00:00,220.30858
2011-11-26 15:00:00,249.75046
2011-11-26 16:00:00,198.22984
2011-11-26 17:00:00,198.22984
2011-11-26 18:00:00,200.53601
2011-11-26 19:00:00,235.52222
2011-11-26 20:00:00,251.66757
2011-11-26 21:00:00,181.5163
2011-11-26 22:00:00,229.74814
2011-11-26 23:00:00,79.306305
2011-11-27 00:00:00,79.306305
2011-11-27 01:00:00,79.306305
2011-11-27 02:00:00,70.35438
2011-11-27 03:00:00,59.749485
2011-11-27 04:00:00,57.329315
2011-11-27 05:00:00,61.73081
2011-11-27 06:00:00,102.19184
2011-11-27 07:00:00,64.89213
2011-11-27 08:00:00,72.59001
2011-11-27 09:00:00,124.63712
2011-11-27 10:00:00,124.63712
2011-11-27 11:00:00,198.45645
2011-11-27 12:00:00,263.47256
2011-11-27 13:00:00,261.52814
2011-11-27 14:00:00,337.01932
2011-11-27 15:00:00,373.75958
2011-11-27 16:00:00,294.9212
2011-11-27 17:00:00,275.33344
2011-11-27 18:00:00,229.758
2011-11-27 19:00:00,183.06778
2011-11-27 20:00:00,213.40947
2011-11-27 21:00:00,173.14159
2011-11-27 22:00:00,141.309
2011-11-27 23:00:00,141.309
2011-11-28 00:00:00,151.92632
2011-11-28 01:00:00,151.24542
2011-11-28 03:00:00,123.64253
2011-11-28 04:00:00,112.76001
2011-11-28 05:00:00,92.777565
2011-11-28 06:00:00,106.837875
2011-11-28 07:00:00,90.36512
2011-11-28 08:00:00,63.540924
2011-11-28 09:00:00,140.62901
2011-11-28 10:00:00,157.76297
2011-11-28 11:00:00,230.2516
2011-11-28 12:00:00,266.2662
2011-11-28 13:00:00,259.1067
2011-11-28 14:00:00,299.86136
2011-11-28 15:00:00,258.65164
2011-11-28 16:00:00,246.63887
2011-11-28 17:00:00,248.27437
2011-11-28 18:00:00,237.50488
2011-11-28 19:00:00,191.7782
2011-11-28 20:00:00,213.5285
2011-11-28 21:00:00,195.39745
2011-11-28 22:00:00,122.120026
2011-11-28 23:00:00,129.59204
2011-11-29 00:00:00,125.90758
2011-11-29 01:00:00,127.179214
2011-11-29 02:00:00,83.83697
2011-11-29 03:00:00,83.83697
2011-11-29 04:00:00,192.95468
2011-11-29 05:00:00,170.73506
2011-11-29 06:00:00,181.61655
2011-11-29 07:00:00,177.57343
2011-11-29 08:00:00,194.84619
2011-11-29 09:00:00,174.47028
2011-11-29 10:00:00,174.47028
2011-11-29 11:00:00,99.32149
2011-11-29 12:00:00,76.98476
2011-11-29 13:00:00,107.5911
2011-11-29 14:00:00,68.036156
2011-11-29 15:00:00,84.17899
2011-11-29 16:00:00,74.945274
2011-11-29 17:00:00,153.3026
2011-11-29 18:00:00,148.10889
2011-11-29 19:00:00,150.70905
2011-11-29 20:00:00,134.94704
2011-11-29 21:00:00,134.94704
2011-11-29 22:00:00,129.21164
2011-11-29 23:00:00,109.12167
2011-11-30 00:00:00,124.01307
2011-11-30 01:00:00,126.529526
2011-11-30 02:00:00,117.81448
2011-11-30 03:00:00,117.81448
2011-11-30 04:00:00,110.392
2011-11-30 05:00:00,102.463455
2011-11-30 06:00:00,79.22684
2011-11-30 07:00:00,83.30496
2011-11-30 08:00:00,102.463455
2011-11-30 09:00:00,115.59175
2011-11-30 10:00:00,132.2418
2011-11-30 11:00:00,153.0066
2011-11-30 12:00:00,199.26134
2011-11-30 13:00:00,174.595
2011-11-30 14:00:00,174.595
2011-11-30 15:00:00,181.16757
2011-11-30 16:00:00,180.67285
2011-11-30 17:00:00,178.39296
2011-11-30 18:00:00,166.88628
2011-11-30 19:00:00,193.7109
2011-11-30 20:00:00,193.7109
2011-11-30 21:00:00,152.36798
2011-11-30 22:00:00,146.62886
2011-11-30 23:00:00,153.93967
2011-12-20 00:00:00,186.82933
2011-12-20 01:00:00,237.1133
2011-12-20 02:00:00,125.2087
2011-12-20 03:00:00,125.2087
2011-12-20 04:00:00,215.86314
2011-12-20 05:00:00,164.87587
2011-12-20 06:00:00,164.87587
2011-12-20 07:00:00,140.8934
2011-12-20 08:00:00,235.02829
2011-12-20 09:00:00,121.805466
2011-12-20 10:00:00,230.56342
2011-12-20 11:00:00,224.71135
2011-12-20 12:00:00,242.66238
2011-12-20 13:00:00,242.66238
2011-12-20 14:00:00,240.39813
2011-12-20 15:00:00,250.56519
2011-12-20 16:00:00,252.7941
2011-12-20 17:00:00,156.50008
2011-12-20 18:00:00,126.99574
2011-12-20 19:00:00,169.49072
2011-12-20 20:00:00,130.45865
2011-12-20 21:00:00,137.08507
2011-12-20 22:00:00,121.805466
2011-12-20 23:00:00,170.00926
2011-12-21 00:00:00,95.30483
2011-12-21 01:00:00,101.5303
2011-12-21 02:00:00,96.34227
2011-12-21 03:00:00,96.34227
2011-12-21 04:00:00,96.34227
2011-12-21 05:00:00,105.76009
2011-12-21 06:00:00,129.07242
2011-12-21 07:00:00,96.50673
2011-12-21 08:00:00,120.59831
2011-12-21 09:00:00,102.588844
2011-12-21 10:00:00,89.0772
2011-12-21 11:00:00,89.0772
2011-12-21 12:00:00,67.28067
2011-12-21 13:00:00,79.14356
2011-12-21 14:00:00,104.88359
2011-12-21 15:00:00,95.56008
2011-12-21 16:00:00,77.435356
2011-12-21 17:00:00,77.435356
2011-12-21 18:00:00,96.20393
2011-12-21 19:00:00,121.64495
2011-12-21 20:00:00,110.4651
2011-12-21 21:00:00,151.61877
2011-12-21 22:00:00,149.30284
2011-12-21 23:00:00,153.54314
2011-12-22 00:00:00,183.54109
2011-12-22 01:00:00,105.60838
2011-12-22 02:00:00,148.91293
2011-12-22 03:00:00,100.46015
2011-12-22 04:00:00,111.38173
2011-12-22 05:00:00,112.63546
2011-12-22 06:00:00,108.49183
2011-12-22 07:00:00,93.348335
2011-12-22 08:00:00,129.07242
2011-12-22 09:00:00,111.97842
2011-12-22 10:00:00,117.743546
2011-12-22 11:00:00,145.3804
2011-12-22 12:00:00,117.303635
2011-12-22 13:00:00,121.221596
2011-12-22 14:00:00,121.221596
2011-12-22 15:00:00,122.209946
2011-12-22 16:00:00,121.221596
2011-12-22 17:00:00,137.78523
2011-12-22 18:00:00,124.44001
2011-12-22 19:00:00,114.057045
2011-12-22 20:00:00,126.69966
2011-12-22 21:00:00,126.69966
2011-12-22 22:00:00,88.85174
2011-12-22 23:00:00,132.9843
2011-12-23 00:00:00,83.33937
2011-12-23 01:00:00,83.33937
2011-12-23 02:00:00,85.806465
2011-12-23 03:00:00,85.806465
2011-12-23 04:00:00,65.662025
2011-12-23 05:00:00,79.16141
2011-12-23 06:00:00,85.988144
2011-12-23 07:00:00,88.97649
2011-12-23 08:00:00,93.74063
2011-12-23 09:00:00,96.99856
2011-12-23 10:00:00,106.45176
2011-12-23 11:00:00,115.72879
2011-12-23 12:00:00,117.86762
2011-12-23 13:00:00,127.47544
2011-12-23 14:00:00,119.226
2011-12-23 15:00:00,107.87357
2011-12-23 16:00:00,106.87135
2011-12-23 17:00:00,95.595314
2011-12-23 18:00:00,99.35265
2011-12-23 19:00:00,94.86213
2011-12-23 20:00:00,88.856834
2011-12-23 21:00:00,83.224525
2011-12-23 22:00:00,78.75468
2011-12-23 23:00:00,74.13366
2011-12-24 00:00:00,73.02002
2011-12-24 01:00:00,70.51062
2011-12-24 02:00:00,74.19212
2011-12-24 03:00:00,72.01586
2011-12-24 04:00:00,76.20626
2011-12-24 05:00:00,76.20626
2011-12-24 06:00:00,61.008698
2011-12-24 07:00:00,61.426167
2011-12-24 08:00:00,48.40359
2011-12-24 09:00:00,77.84534
2011-12-24 10:00:00,74.47966
2011-12-24 11:00:00,94.170135
2011-12-24 12:00:00,109.32553
2011-12-24 13:00:00,105.40124
2011-12-24 14:00:00,105.40124
2011-12-24 15:00:00,102.25192
2011-12-24 16:00:00,96.86699
2011-12-24 17:00:00,69.39199
2011-12-24 18:00:00,78.99681
2011-12-24 19:00:00,67.62663
2011-12-24 20:00:00,52.725063
2011-12-24 21:00:00,53.58552
2011-12-24 22:00:00,49.135963
2011-12-24 23:00:00,46.069946
2011-12-25 00:00:00,52.28655
2011-12-25 01:00:00,45.48031
2011-12-25 02:00:00,45.595547
2011-12-25 03:00:00,44.623123
2011-12-25 05:00:00,44.354877
2011-12-25 06:00:00,44.354877
2011-12-25 07:00:00,46.257565
2011-12-25 08:00:00,44.346947
2011-12-25 09:00:00,43.885075
2011-12-25 10:00:00,47.03657
2011-12-25 11:00:00,51.637547
2011-12-25 12:00:00,51.185673
2011-12-25 13:00:00,58.81202
2011-12-25 14:00:00,79.68083
2011-12-25 15:00:00,76.7726
2011-12-25 16:00:00,83.05006
2011-12-25 17:00:00,70.16779
2011-12-25 18:00:00,56.994884
2011-12-25 19:00:00,72.46717
2011-12-25 20:00:00,79.75019
2011-12-25 21:00:00,63.48068
2011-12-25 22:00:00,52.217407
2011-12-25 23:00:00,49.52829
2011-12-26 00:00:00,46.998203
2011-12-26 01:00:00,63.941723
2011-12-26 02:00:00,98.940765
2011-12-26 04:00:00,105.036865
2011-12-26 05:00:00,107.88644
2011-12-26 06:00:00,100.19093
2011-12-26 07:00:00,86.869774
2011-12-26 08:00:00,71.64533
2011-12-26 09:00:00,105.036865
2011-12-26 10:00:00,99.360344
2011-12-26 11:00:00,94.974075
2011-12-26 12:00:00,107.648
2011-12-26 13:00:00,119.172356
2011-12-26 14:00:00,120.01051
2011-12-26 15:00:00,117.65309
2011-12-26 16:00:00,112.05156
2011-12-26 17:00:00,98.940765
2011-12-26 18:00:00,56.689075
2011-12-26 19:00:00,46.756683
2011-12-26 20:00:00,48.13905
2011-12-26 21:00:00,39.600197
2011-12-26 22:00:00,39.600197
2011-12-26 23:00:00,44.599464
2011-12-27 00:00:00,69.6621
2011-12-27 01:00:00,68.126724
2011-12-27 02:00:00,68.126724
2011-12-27 03:00:00,97.075195
2011-12-27 04:00:00,95.511444
2011-12-27 05:00:00,78.008835
2011-12-27 06:00:00,78.2159
2011-12-27 07:00:00,77.29759
2011-12-27 08:00:00,92.989365
2011-12-27 09:00:00,81.29992
2011-12-27 10:00:00,90.496124
2011-12-27 11:00:00,81.29992
2011-12-27 12:00:00,79.95254
2011-12-27 13:00:00,68.90572
2011-12-27 14:00:00,62.60431
2011-12-27 15:00:00,62.60431
2011-12-27 16:00:00,75.70779
2011-12-27 17:00:00,94.186455
2011-12-27 18:00:00,81.69289
2011-12-27 19:00:00,97.60407
2011-12-27 20:00:00,85.65327
2011-12-27 21:00:00,96.56135
2011-12-27 22:00:00,96.56135
2011-12-27 23:00:00,78.33523
2011-12-28 00:00:00,93.102615
2011-12-28 01:00:00,77.1215
2011-12-28 02:00:00,83.099434
2011-12-28 03:00:00,83.099434
2011-12-28 05:00:00,94.81027
2011-12-28 06:00:00,84.35219
2011-12-28 07:00:00,84.35219
2011-12-28 08:00:00,94.81027
2011-12-28 09:00:00,90.02525
2011-12-28 10:00:00,88.055435
2011-12-28 11:00:00,108.744705
2011-12-28 12:00:00,105.38692
2011-12-28 13:00:00,105.71504
2011-12-28 14:00:00,104.68918
2011-12-28 15:00:00,104.811714
2011-12-28 16:00:00,97.31469
2011-12-28 17:00:00,96.35139
2011-12-28 18:00:00,87.9031
2011-12-28 19:00:00,80.07541
2011-12-28 20:00:00,80.899445
2011-12-28 21:00:00,77.15651
2011-12-28 22:00:00,76.002785
2011-12-28 23:00:00,72.78386
2011-12-29 00:00:00,78.61384
2011-12-29 01:00:00,73.16205
2011-12-29 02:00:00,66.2911
2011-12-29 03:00:00,71.06006
2011-12-29 04:00:00,67.85028
2011-12-29 05:00:00,64.67973
2011-12-29 06:00:00,59.680508
2011-12-29 07:00:00,62.355717
2011-12-29 08:00:00,63.424896
2011-12-29 09:00:00,66.26791
2011-12-29 10:00:00,72.86647
2011-12-29 11:00:00,76.340645
2011-12-29 12:00:00,82.398766
2011-12-29 13:00:00,87.15492
2011-12-29 14:00:00,81.0724
2011-12-29 15:00:00,89.76388
2011-12-29 16:00:00,88.23917
2011-12-29 17:00:00,77.84501
2011-12-29 18:00:00,81.07987
2011-12-29 19:00:00,80.41578
2011-12-29 20:00:00,70.42723
2011-12-29 21:00:00,87.7482
2011-12-29 22:00:00,71.2532
2011-12-29 23:00:00,74.25885
2011-12-30 00:00:00,69.01176
2011-12-30 01:00:00,68.564064
2011-12-30 02:00:00,65.919304
2011-12-30 03:00:00,65.919304
2011-12-30 04:00:00,65.38932
2011-12-30 05:00:00,67.17296
2011-12-30 06:00:00,65.38932
2011-12-30 07:00:00,69.574356
2011-12-30 08:00:00,71.36565
2011-12-30 09:00:00,70.1571
2011-12-30 10:00:00,80.4874
2011-12-30 11:00:00,78.75468
2011-12-30 12:00:00,83.73681
2011-12-30 13:00:00,105.2362
2011-12-30 14:00:00,106.825615
2011-12-30 15:00:00,121.18671
2011-12-30 16:00:00,131.61494
2011-12-30 17:00:00,101.36578
2011-12-30 18:00:00,83.20059
2011-12-30 19:00:00,81.6513
2011-12-30 20:00:00,96.266266
2011-12-30 21:00:00,101.5303
2011-12-30 22:00:00,95.74861
2011-12-30 23:00:00,104.7604
2011-12-31 00:00:00,106.38391
2011-12-31 01:00:00,117.88592
2011-12-31 02:00:00,117.88592
2011-12-31 03:00:00,117.88592
2011-12-31 04:00:00,84.19608
2011-12-31 05:00:00,69.525566
2011-12-31 06:00:00,115.147064
2011-12-31 07:00:00,123.24452
2011-12-31 08:00:00,61.564373
2011-12-31 09:00:00,82.03487
2011-12-31 10:00:00,113.70349
2011-12-31 11:00:00,117.49335
2011-12-31 12:00:00,206.11346
2011-12-31 13:00:00,150.0296
2011-12-31 14:00:00,159.9102
2011-12-31 15:00:00,129.05206
2011-12-31 16:00:00,133.74635
2011-12-31 17:00:00,140.7421
2011-12-31 18:00:00,129.43991
2011-12-31 19:00:00,145.7777
2011-12-31 20:00:00,145.7777
2011-12-31 21:00:00,121.51893
2011-12-31 22:00:00,90.905235
2011-12-31 23:00:00,63.8401
2012-01-20 00:00:00,74.0495
2012-01-20 01:00:00,82.856895
2012-01-20 02:00:00,82.856895
2012-01-20 03:00:00,73.161026
2012-01-20 04:00:00,67.66731
2012-01-20 05:00:00,67.66731
2012-01-20 06:00:00,74.37959
2012-01-20 07:00:00,70.11784
2012-01-20 08:00:00,71.19832
2012-01-20 09:00:00,71.36306
2012-01-20 10:00:00,69.27714
2012-01-20 11:00:00,64.94832
2012-01-20 12:00:00,65.14805
2012-01-20 13:00:00,83.363235
2012-01-20 14:00:00,65.70325
2012-01-20 15:00:00,69.797935
2012-01-20 16:00:00,71.20578
2012-01-20 17:00:00,68.67701
2012-01-20 18:00:00,65.93804
2012-01-20 19:00:00,67.968956
2012-01-20 20:00:00,65.93804
2012-01-20 21:00:00,66.50972
2012-01-20 22:00:00,67.0753
2012-01-20 23:00:00,55.24188
2012-01-21 00:00:00,56.89947
2012-01-21 01:00:00,47.970123
2012-01-21 02:00:00,48.025936
2012-01-21 03:00:00,41.699715
2012-01-21 04:00:00,47.271675
2012-01-21 05:00:00,46.344
2012-01-21 06:00:00,36.768414
2012-01-21 07:00:00,36.768414
2012-01-21 08:00:00,32.323124
2012-01-21 09:00:00,32.323124
2012-01-21 10:00:00,31.089178
2012-01-21 11:00:00,42.32649
2012-01-21 12:00:00,46.12951
2012-01-21 13:00:00,45.442234
2012-01-21 14:00:00,50.545944
2012-01-21 15:00:00,50.545944
2012-01-21 16:00:00,45.05144
2012-01-21 17:00:00,46.7853
2012-01-21 18:00:00,50.80972
2012-01-21 19:00:00,42.029602
2012-01-21 20:00:00,41.377567
2012-01-21 21:00:00,48.365128
2012-01-21 22:00:00,49.331203
2012-01-21 23:00:00,39.38838
2012-01-22 00:00:00,35.76486
2012-01-22 01:00:00,49.331203
2012-01-22 02:00:00,48.62719
2012-01-22 03:00:00,51.3962
2012-01-22 04:00:00,39.958977
2012-01-22 05:00:00,50.064587
2012-01-22 06:00:00,44.767418
2012-01-22 07:00:00,44.767418
2012-01-22 08:00:00,44.767418
2012-01-22 09:00:00,44.767418
2012-01-22 10:00:00,44.736866
2012-01-22 11:00:00,41.283924
2012-01-22 12:00:00,39.09963
2012-01-22 13:00:00,40.55311
2012-01-22 14:00:00,39.178112
2012-01-22 15:00:00,38.776474
2012-01-22 16:00:00,38.776474
2012-01-22 17:00:00,41.865574
2012-01-22 18:00:00,46.344
2012-01-22 19:00:00,46.344
2012-01-22 20:00:00,40.53323
2012-01-22 21:00:00,46.344
2012-01-22 22:00:00,40.094456
2012-01-22 23:00:00,39.542103
2012-01-23 00:00:00,61.29061
2012-01-23 01:00:00,50.32713
2012-01-23 02:00:00,50.32713
2012-01-23 03:00:00,61.29061
2012-01-23 04:00:00,63.657627
2012-01-23 05:00:00,63.63763
2012-01-23 06:00:00,63.63763
2012-01-23 07:00:00,63.999798
2012-01-23 08:00:00,51.526287
2012-01-23 09:00:00,55.98395
2012-01-23 10:00:00,66.24841
2012-01-23 11:00:00,49.6122
2012-01-23 12:00:00,71.55709
2012-01-23 13:00:00,53.205612
2012-01-23 14:00:00,47.79865
2012-01-23 15:00:00,42.08721
2012-01-23 16:00:00,48.383427
2012-01-23 17:00:00,51.838043
2012-01-23 18:00:00,49.836014
2012-01-23 19:00:00,50.560608
2012-01-23 20:00:00,49.488785
2012-01-23 21:00:00,45.68049
2012-01-23 22:00:00,45.68049
2012-01-23 23:00:00,52.254677
2012-01-24 00:00:00,53.722755
2012-01-24 01:00:00,58.99948
2012-01-24 02:00:00,60.064476
2012-01-24 03:00:00,72.418884
2012-01-24 04:00:00,70.48835
2012-01-24 05:00:00,70.48835
2012-01-24 06:00:00,63.17405
2012-01-24 07:00:00,72.418884
2012-01-24 08:00:00,72.418884
2012-01-24 09:00:00,82.69333
2012-01-24 10:00:00,85.65327
2012-01-24 11:00:00,100.382576
2012-01-24 12:00:00,97.60407
2012-01-24 13:00:00,97.60407
2012-01-24 14:00:00,83.03038
2012-01-24 15:00:00,118.63189
2012-01-24 16:00:00,90.2692
2012-01-24 17:00:00,90.874725
2012-01-24 18:00:00,88.49753
2012-01-24 19:00:00,117.88782
2012-01-24 20:00:00,89.57296
2012-01-24 21:00:00,82.93464
2012-01-24 22:00:00,95.946175
2012-01-24 23:00:00,89.57296
2012-01-25 00:00:00,85.41634
2012-01-25 01:00:00,77.753235
2012-01-25 02:00:00,73.493614
2012-01-25 03:00:00,71.66812
2012-01-25 04:00:00,71.89084
2012-01-25 05:00:00,71.89084
2012-01-25 06:00:00,70.13759
2012-01-25 07:00:00,69.879944
2012-01-25 08:00:00,71.32231
2012-01-25 09:00:00,71.32231
2012-01-25 10:00:00,58.83317
2012-01-25 11:00:00,78.2159
2012-01-25 12:00:00,89.68331
2012-01-25 13:00:00,99.41022
2012-01-25 14:00:00,97.23431
2012-01-25 15:00:00,100.92526
2012-01-25 16:00:00,94.28533
2012-01-25 17:00:00,98.16358
2012-01-25 18:00:00,74.13366
2012-01-25 19:00:00,87.53166
2012-01-25 20:00:00,82.410736
2012-01-25 21:00:00,69.54812
2012-01-25 22:00:00,71.849174
2012-01-25 23:00:00,76.792816
2012-01-26 00:00:00,77.922195
2012-01-26 01:00:00,76.546
2012-01-26 02:00:00,76.87219
2012-01-26 03:00:00,78.36811
2012-01-26 04:00:00,74.83281
2012-01-26 05:00:00,82.90499
2012-01-26 06:00:00,77.804924
2012-01-26 07:00:00,74.42051
2012-01-26 08:00:00,74.42051
2012-01-26 09:00:00,82.360634
2012-01-26 10:00:00,76.0001
2012-01-26 11:00:00,75.17135
2012-01-26 12:00:00,86.04279
2012-01-26 13:00:00,103.39551
2012-01-26 14:00:00,117.74665
2012-01-26 15:00:00,125.818146
2012-01-26 16:00:00,116.71053
2012-01-26 17:00:00,119.11036
2012-01-26 18:00:00,119.11036
2012-01-26 19:00:00,115.67148
2012-01-26 20:00:00,112.84693
2012-01-26 21:00:00,115.67148
2012-01-26 22:00:00,112.593864
2012-01-26 23:00:00,142.10832
2012-01-27 00:00:00,100.06808
2012-01-27 01:00:00,102.588844
2012-01-27 02:00:00,97.77482
2012-01-27 03:00:00,95.68352
2012-01-27 04:00:00,83.984856
2012-01-27 05:00:00,90.95418
2012-01-27 06:00:00,90.13009
2012-01-27 07:00:00,89.88059
2012-01-27 08:00:00,102.214165
2012-01-27 09:00:00,102.214165
2012-01-27 10:00:00,97.33029
2012-01-27 11:00:00,182.23288
2012-01-27 12:00:00,172.2815
2012-01-27 13:00:00,147.84871
2012-01-27 14:00:00,158.16628
2012-01-27 15:00:00,143.306
2012-01-27 16:00:00,138.95885
2012-01-27 17:00:00,124.643074
2012-01-27 18:00:00,127.76978
2012-01-27 19:00:00,108.46761
2012-01-27 20:00:00,98.74665
2012-01-27 21:00:00,97.71219
2012-01-27 22:00:00,105.4234
2012-01-27 23:00:00,102.875015
2012-01-28 00:00:00,86.20977
2012-01-28 01:00:00,71.8899
2012-01-28 02:00:00,48.869556
2012-01-28 03:00:00,49.8346
2012-01-28 04:00:00,51.60275
2012-01-28 05:00:00,46.705498
2012-01-28 06:00:00,46.710796
2012-01-28 07:00:00,44.902046
2012-01-28 08:00:00,45.245277
2012-01-28 09:00:00,45.752605
2012-01-28 10:00:00,48.185883
2012-01-28 11:00:00,63.48068
2012-01-28 12:00:00,70.038895
2012-01-28 13:00:00,88.321434
2012-01-28 14:00:00,107.68843
2012-01-28 15:00:00,130.54802
2012-01-28 16:00:00,136.75725
2012-01-28 17:00:00,130.76169
2012-01-28 18:00:00,162.5829
2012-01-28 19:00:00,109.955
2012-01-28 20:00:00,130.43655
2012-01-28 21:00:00,113.45891
2012-01-28 22:00:00,117.762764
2012-01-28 23:00:00,112.34704
2012-01-29 00:00:00,102.563
2012-01-29 01:00:00,93.885704
2012-01-29 02:00:00,89.23261
2012-01-29 03:00:00,89.103935
2012-01-29 04:00:00,65.2217
2012-01-29 05:00:00,47.189087
2012-01-29 06:00:00,50.697014
2012-01-29 07:00:00,55.53138
2012-01-29 08:00:00,48.3278
2012-01-29 09:00:00,46.983093
2012-01-29 10:00:00,65.57798
2012-01-29 11:00:00,99.25792
2012-01-29 12:00:00,116.092316
2012-01-29 13:00:00,116.092316
2012-01-29 14:00:00,111.51907
2012-01-29 15:00:00,120.444565
2012-01-29 16:00:00,113.22506
2012-01-29 17:00:00,113.22506
2012-01-29 18:00:00,107.10075
2012-01-29 19:00:00,111.09499
2012-01-29 20:00:00,93.91332
2012-01-29 21:00:00,98.32979
2012-01-29 22:00:00,99.39237
2012-01-29 23:00:00,93.09828
2012-01-30 00:00:00,71.809525
2012-01-30 01:00:00,79.01373
2012-01-30 02:00:00,74.9445
2012-01-30 03:00:00,78.71611
2012-01-30 04:00:00,67.19101
2012-01-30 05:00:00,67.19101
2012-01-30 06:00:00,72.78386
2012-01-30 07:00:00,73.04694
2012-01-30 08:00:00,69.2569
2012-01-30 09:00:00,69.2569
2012-01-30 10:00:00,75.164276
2012-01-30 11:00:00,83.85568
2012-01-30 12:00:00,90.7402
2012-01-30 13:00:00,112.66452
2012-01-30 14:00:00,139.41008
2012-01-30 15:00:00,127.59351
2012-01-30 16:00:00,135.19382
2012-01-30 17:00:00,145.34079
2012-01-30 18:00:00,141.17918
2012-01-30 19:00:00,95.24445
2012-01-30 20:00:00,106.61941
2012-01-30 21:00:00,102.79016
2012-01-30 22:00:00,85.28087
2012-01-30 23:00:00,76.58989
2012-01-31 00:00:00,82.681946
2012-01-31 01:00:00,96.84922
2012-01-31 02:00:00,96.02783
2012-01-31 03:00:00,92.58013
2012-01-31 04:00:00,91.4278
2012-01-31 05:00:00,91.4278
2012-01-31 06:00:00,84.4014
2012-01-31 07:00:00,76.58989
2012-01-31 08:00:00,71.24192
2012-01-31 09:00:00,88.16201
2012-01-31 10:00:00,106.06733
2012-01-31 11:00:00,142.28267
2012-01-31 12:00:00,126.95226
2012-01-31 13:00:00,171.14893
2012-01-31 14:00:00,179.9498
2012-01-31 15:00:00,193.76718
2012-01-31 16:00:00,193.76718
2012-01-31 17:00:00,189.36488
2012-01-31 18:00:00,193.26277
2012-01-31 19:00:00,184.76355
2012-01-31 20:00:00,95.07783
2012-01-31 21:00:00,167.99455
2012-01-31 22:00:00,158.13834
2012-01-31 23:00:00,157.08646
2012-02-20 00:00:00,45.90361
2012-02-20 01:00:00,45.90361
2012-02-20 02:00:00,45.90361
2012-02-20 03:00:00,50.117207
2012-02-20 05:00:00,71.721375
2012-02-20 06:00:00,79.083275
2012-02-20 07:00:00,71.92043
2012-02-20 08:00:00,67.1511
2012-02-20 09:00:00,67.1511
2012-02-20 10:00:00,72.5923
2012-02-20 11:00:00,86.45926
2012-02-20 12:00:00,84.4058
2012-02-20 13:00:00,96.723724
2012-02-20 14:00:00,96.58885
2012-02-20 15:00:00,102.09977
2012-02-20 16:00:00,88.916435
2012-02-20 17:00:00,114.24327
2012-02-20 18:00:00,102.09977
2012-02-20 19:00:00,102.09977
2012-02-20 20:00:00,101.135315
2012-02-20 21:00:00,80.8023
2012-02-20 22:00:00,57.306103
2012-02-20 23:00:00,40.2225
2012-02-21 00:00:00,65.909615
2012-02-21 01:00:00,72.05029
2012-02-21 02:00:00,67.11967
2012-02-21 04:00:00,63.239838
2012-02-21 05:00:00,59.901436
2012-02-21 06:00:00,62.186344
2012-02-21 07:00:00,63.239838
2012-02-21 08:00:00,62.717278
2012-02-21 09:00:00,67.87965
2012-02-21 10:00:00,70.07206
2012-02-21 11:00:00,62.99688
2012-02-21 12:00:00,69.167305
2012-02-21 13:00:00,109.01127
2012-02-21 14:00:00,76.73927
2012-02-21 15:00:00,109.01127
2012-02-21 16:00:00,114.076164
2012-02-21 17:00:00,128.02888
2012-02-21 18:00:00,128.02888
2012-02-21 19:00:00,105.81303
2012-02-21 20:00:00,90.90216
2012-02-21 21:00:00,83.10376
2012-02-21 22:00:00,96.20143
2012-02-21 23:00:00,82.24102
2012-02-22 00:00:00,82.24102
2012-02-22 01:00:00,72.657234
2012-02-22 02:00:00,85.74583
2012-02-22 03:00:00,95.84832
2012-02-22 04:00:00,77.36535
2012-02-22 05:00:00,71.130684
2012-02-22 06:00:00,77.1215
2012-02-22 07:00:00,86.50176
2012-02-22 08:00:00,75.593124
2012-02-22 09:00:00,70.67501
2012-02-22 10:00:00,74.2495
2012-02-22 11:00:00,81.82231
2012-02-22 12:00:00,99.177666
2012-02-22 13:00:00,113.847565
2012-02-22 14:00:00,123.2524
2012-02-22 15:00:00,177.54907
2012-02-22 16:00:00,189.56354
2012-02-22 17:00:00,180.2844
2012-02-22 18:00:00,123.82176
2012-02-22 19:00:00,122.77197
2012-02-22 20:00:00,123.6615
2012-02-22 21:00:00,115.312386
2012-02-22 22:00:00,120.58571
2012-02-22 23:00:00,119.84754
2012-02-23 00:00:00,120.58571
2012-02-23 01:00:00,127.492455
2012-02-23 02:00:00,139.27524
2012-02-23 03:00:00,112.58298
2012-02-23 04:00:00,91.7863
2012-02-23 05:00:00,91.7863
2012-02-23 06:00:00,92.73803
2012-02-23 07:00:00,83.03038
2012-02-23 08:00:00,87.44478
2012-02-23 09:00:00,81.89331
2012-02-23 10:00:00,96.34219
2012-02-23 11:00:00,149.07101
2012-02-23 12:00:00,169.65344
2012-02-23 13:00:00,190.83833
2012-02-23 14:00:00,193.77214
2012-02-23 15:00:00,208.3132
2012-02-23 16:00:00,202.139
2012-02-23 17:00:00,206.84381
2012-02-23 18:00:00,204.55682
2012-02-23 19:00:00,179.64073
2012-02-23 20:00:00,154.2017
2012-02-23 21:00:00,127.33758
2012-02-23 22:00:00,120.41294
2012-02-23 23:00:00,102.12542
2012-02-24 00:00:00,119.16548
2012-02-24 01:00:00,106.43541
2012-02-24 02:00:00,84.521645
2012-02-24 03:00:00,124.27412
2012-02-24 04:00:00,118.71315
2012-02-24 05:00:00,108.83109
2012-02-24 06:00:00,111.699585
2012-02-24 07:00:00,110.46672
2012-02-24 08:00:00,81.74569
2012-02-24 09:00:00,71.79255
2012-02-24 10:00:00,81.7578
2012-02-24 11:00:00,94.75214
2012-02-24 12:00:00,114.32352
2012-02-24 13:00:00,125.818146
2012-02-24 14:00:00,139.25465
2012-02-24 15:00:00,83.33937
2012-02-24 16:00:00,83.33937
2012-02-24 17:00:00,106.68852
2012-02-24 18:00:00,179.3482
2012-02-24 19:00:00,155.4954
2012-02-24 20:00:00,119.252884
2012-02-24 21:00:00,122.22064
2012-02-24 22:00:00,132.63724
2012-02-24 23:00:00,117.54799
2012-02-25 00:00:00,100.97406
2012-02-25 01:00:00,97.80281
2012-02-25 02:00:00,98.4463
2012-02-25 03:00:00,89.906876
2012-02-25 04:00:00,88.80188
2012-02-25 05:00:00,83.98592
2012-02-25 06:00:00,83.98592
2012-02-25 07:00:00,71.30704
2012-02-25 08:00:00,74.00425
2012-02-25 09:00:00,53.188866
2012-02-25 10:00:00,64.13494
2012-02-25 11:00:00,70.423355
2012-02-25 12:00:00,81.97298
2012-02-25 13:00:00,86.87931
2012-02-25 14:00:00,85.1592
2012-02-25 15:00:00,96.14354
2012-02-25 16:00:00,87.063354
2012-02-25 17:00:00,91.76482
2012-02-25 18:00:00,81.072495
2012-02-25 19:00:00,73.63191
2012-02-25 20:00:00,70.9689
2012-02-25 21:00:00,74.8041
2012-02-25 22:00:00,66.0897
2012-02-25 23:00:00,66.987305
2012-02-26 00:00:00,71.10294
2012-02-26 01:00:00,71.13379
2012-02-26 02:00:00,71.13379
2012-02-26 03:00:00,65.52128
2012-02-26 04:00:00,65.52128
2012-02-26 05:00:00,62.273636
2012-02-26 06:00:00,66.77795
2012-02-26 07:00:00,58.87741
2012-02-26 08:00:00,57.24128
2012-02-26 09:00:00,59.486187
2012-02-26 10:00:00,68.57092
2012-02-26 11:00:00,86.18301
2012-02-26 12:00:00,85.19298
2012-02-26 13:00:00,86.980995
2012-02-26 14:00:00,102.581024
2012-02-26 15:00:00,111.18003
2012-02-26 16:00:00,125.482635
2012-02-26 17:00:00,135.51999
2012-02-26 18:00:00,110.47191
2012-02-26 19:00:00,112.876015
2012-02-26 20:00:00,93.36625
2012-02-26 21:00:00,77.408745
2012-02-26 22:00:00,89.65442
2012-02-26 23:00:00,53.58552
2012-02-27 00:00:00,76.12787
2012-02-27 01:00:00,75.826355
2012-02-27 02:00:00,71.11097
2012-02-27 03:00:00,70.51309
2012-02-27 04:00:00,74.20652
2012-02-27 05:00:00,74.20652
2012-02-27 06:00:00,71.32231
2012-02-27 07:00:00,74.82985
2012-02-27 08:00:00,64.448975
2012-02-27 09:00:00,76.58989
2012-02-27 10:00:00,98.29412
2012-02-27 11:00:00,112.17494
2012-02-27 12:00:00,141.4084
2012-02-27 13:00:00,127.55643
2012-02-27 14:00:00,164.48502
2012-02-27 15:00:00,185.31485
2012-02-27 16:00:00,193.76718
2012-02-27 17:00:00,194.44675
2012-02-27 18:00:00,183.71646
2012-02-27 19:00:00,176.21487
2012-02-27 20:00:00,166.48773
2012-02-27 21:00:00,164.48502
2012-02-27 22:00:00,141.9056
2012-02-27 23:00:00,124.15767
2012-02-28 00:00:00,108.51684
2012-02-28 01:00:00,89.56226
2012-02-28 02:00:00,101.697716
2012-02-28 03:00:00,147.7407
2012-02-28 04:00:00,104.98511
2012-02-28 05:00:00,104.98511
2012-02-28 06:00:00,95.62519
2012-02-28 07:00:00,89.09862
2012-02-28 08:00:00,81.00943
2012-02-28 09:00:00,89.42075
2012-02-28 10:00:00,96.84922
2012-02-28 11:00:00,117.45218
2012-02-28 12:00:00,142.69029
2012-02-28 13:00:00,146.17406
2012-02-28 14:00:00,171.84154
2012-02-28 15:00:00,178.91508
2012-02-28 16:00:00,176.20995
2012-02-28 17:00:00,178.91508
2012-02-28 18:00:00,173.13101
2012-02-28 19:00:00,163.93393
2012-02-28 20:00:00,170.78427
2012-02-28 21:00:00,103.89639
2012-02-28 22:00:00,103.89639
2012-02-28 23:00:00,88.26483
2012-02-29 00:00:00,88.22566
2012-02-29 01:00:00,94.00314
2012-02-29 02:00:00,83.83104
2012-02-29 03:00:00,67.646126
2012-02-29 05:00:00,69.54418
2012-02-29 06:00:00,78.36811
2012-02-29 07:00:00,66.262955
2012-02-29 08:00:00,77.922195
2012-02-29 09:00:00,66.140816
2012-02-29 10:00:00,66.140816
2012-02-29 11:00:00,61.28807
2012-02-29 12:00:00,57.206547
2012-02-29 13:00:00,62.49104
2012-02-29 14:00:00,62.49104
2012-02-29 15:00:00,96.08015
2012-02-29 16:00:00,84.4023
2012-02-29 17:00:00,111.699585
2012-02-29 18:00:00,132.9843
2012-02-29 19:00:00,121.419914
2012-02-29 20:00:00,93.35475
2012-02-29 21:00:00,93.35475
2012-02-29 22:00:00,76.19396
2012-02-29 23:00:00,76.19396
2012-03-20 00:00:00,202.75111
2012-03-20 01:00:00,157.8099
2012-03-20 02:00:00,171.24414
2012-03-20 03:00:00,199.71028
2012-03-20 04:00:00,192.93832
2012-03-20 05:00:00,189.59935
2012-03-20 06:00:00,190.13153
2012-03-20 07:00:00,105.67312
2012-03-20 08:00:00,197.19615
2012-03-20 09:00:00,191.72621
2012-03-20 10:00:00,173.82155
2012-03-20 11:00:00,199.34201
2012-03-20 12:00:00,234.30815
2012-03-20 13:00:00,227.19458
2012-03-20 14:00:00,195.27484
2012-03-20 15:00:00,182.06593
2012-03-20 16:00:00,264.90887
2012-03-20 17:00:00,242.03902
2012-03-20 18:00:00,242.6912
2012-03-20 19:00:00,218.4763
2012-03-20 20:00:00,213.05013
2012-03-20 21:00:00,181.23055
2012-03-20 22:00:00,172.28116
2012-03-20 23:00:00,163.5054
2012-03-21 00:00:00,75.02765
2012-03-21 01:00:00,95.71026
2012-03-21 02:00:00,66.262085
2012-03-21 03:00:00,123.67929
2012-03-21 04:00:00,127.398155
2012-03-21 05:00:00,127.398155
2012-03-21 06:00:00,85.05657
2012-03-21 07:00:00,62.508892
2012-03-21 08:00:00,65.62575
2012-03-21 09:00:00,124.75267
2012-03-21 10:00:00,143.45764
2012-03-21 11:00:00,143.45764
2012-03-21 12:00:00,135.692
2012-03-21 13:00:00,154.3164
2012-03-21 14:00:00,143.7494
2012-03-21 15:00:00,143.7494
2012-03-21 16:00:00,135.4831
2012-03-21 17:00:00,157.618
2012-03-21 18:00:00,141.16449
2012-03-21 19:00:00,155.01196
2012-03-21 20:00:00,126.34181
2012-03-21 21:00:00,94.730194
2012-03-21 22:00:00,86.929016
2012-03-21 23:00:00,128.75807
2012-03-22 00:00:00,95.71026
2012-03-22 01:00:00,95.71026
2012-03-22 02:00:00,95.71026
2012-03-22 03:00:00,95.71026
2012-03-22 04:00:00,74.015305
2012-03-22 05:00:00,74.015305
2012-03-22 06:00:00,74.015305
2012-03-22 07:00:00,74.015305
2012-03-22 08:00:00,116.25345
2012-03-22 09:00:00,116.25345
2012-03-22 10:00:00,78.49291
2012-03-22 11:00:00,140.69691
2012-03-22 12:00:00,145.1398
2012-03-22 13:00:00,127.804375
2012-03-22 14:00:00,150.7161
2012-03-22 15:00:00,200.9193
2012-03-22 16:00:00,220.06836
2012-03-22 17:00:00,211.7689
2012-03-22 18:00:00,211.7689
2012-03-22 19:00:00,173.81844
2012-03-22 20:00:00,198.02737
2012-03-22 21:00:00,141.8417
2012-03-22 22:00:00,112.31259
2012-03-22 23:00:00,97.457306
2012-03-23 00:00:00,105.5629
2012-03-23 01:00:00,74.92266
2012-03-23 02:00:00,67.58755
2012-03-23 03:00:00,67.97998
2012-03-23 04:00:00,109.55466
2012-03-23 05:00:00,136.44637
2012-03-23 06:00:00,146.26245
2012-03-23 07:00:00,102.54906
2012-03-23 08:00:00,96.335464
2012-03-23 09:00:00,139.8768
2012-03-23 10:00:00,154.50403
2012-03-23 11:00:00,174.861
2012-03-23 12:00:00,208.39987
2012-03-23 13:00:00,184.34044
2012-03-23 14:00:00,209.95253
2012-03-23 15:00:00,220.13431
2012-03-23 16:00:00,230.91508
2012-03-23 17:00:00,230.91508
2012-03-23 18:00:00,277.4128
2012-03-23 19:00:00,267.0433
2012-03-23 20:00:00,260.50333
2012-03-23 21:00:00,225.20563
2012-03-23 22:00:00,208.84813
2012-03-23 23:00:00,203.59714
2012-03-24 00:00:00,86.46816
2012-03-24 01:00:00,104.19879
2012-03-24 02:00:00,98.127266
2012-03-24 03:00:00,98.127266
2012-03-24 04:00:00,72.7569
2012-03-24 05:00:00,124.89233
2012-03-24 06:00:00,124.89233
2012-03-24 07:00:00,105.315636
2012-03-24 08:00:00,68.195724
2012-03-24 09:00:00,122.19951
2012-03-24 10:00:00,101.52336
2012-03-24 11:00:00,68.195724
2012-03-24 12:00:00,67.165436
2012-03-24 13:00:00,67.22301
2012-03-24 14:00:00,89.56681
2012-03-24 15:00:00,67.59616
2012-03-24 16:00:00,67.2144
2012-03-24 17:00:00,81.84893
2012-03-24 18:00:00,62.981213
2012-03-24 19:00:00,66.377686
2012-03-24 20:00:00,50.79901
2012-03-24 21:00:00,50.79901
2012-03-24 22:00:00,49.852
2012-03-24 23:00:00,46.561306
2012-03-25 00:00:00,46.561306
2012-03-25 01:00:00,45.06259
2012-03-25 02:00:00,48.545757
2012-03-25 03:00:00,53.198284
2012-03-25 04:00:00,45.050304
2012-03-25 05:00:00,46.130898
2012-03-25 06:00:00,46.130898
2012-03-25 07:00:00,44.826675
2012-03-25 08:00:00,44.826675
2012-03-25 09:00:00,44.211914
2012-03-25 10:00:00,50.945927
2012-03-25 11:00:00,44.211914
2012-03-25 12:00:00,44.759598
2012-03-25 13:00:00,92.92597
2012-03-25 14:00:00,106.04242
2012-03-25 15:00:00,81.11685
2012-03-25 16:00:00,56.733902
2012-03-25 17:00:00,75.01845
2012-03-25 18:00:00,75.01845
2012-03-25 19:00:00,123.71524
2012-03-25 20:00:00,82.79156
2012-03-25 21:00:00,76.29687
2012-03-25 22:00:00,57.060757
2012-03-25 23:00:00,62.408363
2012-03-26 00:00:00,116.03025
2012-03-26 01:00:00,94.516914
2012-03-26 02:00:00,65.30174
2012-03-26 03:00:00,79.69004
2012-03-26 04:00:00,75.218376
2012-03-26 05:00:00,97.46589
2012-03-26 06:00:00,70.35016
2012-03-26 07:00:00,103.640755
2012-03-26 08:00:00,96.416916
2012-03-26 09:00:00,151.73611
2012-03-26 10:00:00,220.4913
2012-03-26 11:00:00,218.57428
2012-03-26 12:00:00,221.13585
2012-03-26 13:00:00,207.81084
2012-03-26 14:00:00,213.51996
2012-03-26 15:00:00,217.4337
2012-03-26 16:00:00,219.09889
2012-03-26 17:00:00,225.98576
2012-03-26 18:00:00,210.16364
2012-03-26 19:00:00,193.1582
2012-03-26 20:00:00,163.28539
2012-03-26 21:00:00,157.68701
2012-03-26 22:00:00,148.62508
2012-03-26 23:00:00,129.96619
2012-03-27 00:00:00,122.72403
2012-03-27 01:00:00,121.839836
2012-03-27 02:00:00,96.80808
2012-03-27 03:00:00,100.04671
2012-03-27 04:00:00,94.4057
2012-03-27 05:00:00,78.10477
2012-03-27 06:00:00,73.17747
2012-03-27 07:00:00,73.17747
2012-03-27 08:00:00,79.36647
2012-03-27 09:00:00,75.84448
2012-03-27 10:00:00,87.601685
2012-03-27 11:00:00,105.01063
2012-03-27 12:00:00,113.79662
2012-03-27 13:00:00,113.4588
2012-03-27 14:00:00,172.59024
2012-03-27 15:00:00,176.2568
2012-03-27 16:00:00,176.2568
2012-03-27 17:00:00,202.5014
2012-03-27 18:00:00,206.92343
2012-03-27 19:00:00,186.91527
2012-03-27 20:00:00,206.92343
2012-03-27 21:00:00,122.30146
2012-03-27 22:00:00,116.14599
2012-03-27 23:00:00,123.78775
2012-03-28 00:00:00,124.21047
2012-03-28 01:00:00,115.982254
2012-03-28 02:00:00,104.294876
2012-03-28 03:00:00,116.03822
2012-03-28 04:00:00,120.99173
2012-03-28 05:00:00,120.99173
2012-03-28 06:00:00,121.708374
2012-03-28 07:00:00,118.1206
2012-03-28 08:00:00,134.7701
2012-03-28 09:00:00,145.69096
2012-03-28 10:00:00,181.51437
2012-03-28 11:00:00,197.30171
2012-03-28 12:00:00,146.60551
2012-03-28 13:00:00,223.06598
2012-03-28 14:00:00,245.17184
2012-03-28 15:00:00,203.29343
2012-03-28 16:00:00,173.34267
2012-03-28 17:00:00,227.80495
2012-03-28 18:00:00,227.80495
2012-03-28 19:00:00,238.6449
2012-03-28 20:00:00,224.3312
2012-03-28 21:00:00,202.31024
2012-03-28 22:00:00,170.83713
2012-03-28 23:00:00,153.3111
2012-03-29 00:00:00,162.67377
2012-03-29 01:00:00,174.71078
2012-03-29 02:00:00,278.18314
2012-03-29 03:00:00,282.98032
2012-03-29 04:00:00,224.17001
2012-03-29 05:00:00,174.84427
2012-03-29 06:00:00,112.16965
2012-03-29 07:00:00,150.01083
2012-03-29 08:00:00,167.38168
2012-03-29 09:00:00,178.54047
2012-03-29 10:00:00,176.10165
2012-03-29 11:00:00,195.81293
2012-03-29 12:00:00,215.62401
2012-03-29 13:00:00,165.72404
2012-03-29 14:00:00,194.01816
2012-03-29 15:00:00,210.01672
2012-03-29 16:00:00,219.52428
2012-03-29 17:00:00,215.59521
2012-03-29 18:00:00,196.04951
2012-03-29 19:00:00,186.76613
2012-03-29 20:00:00,182.58745
2012-03-29 21:00:00,153.87799
2012-03-29 22:00:00,146.75742
2012-03-29 23:00:00,139.00055
2012-03-30 00:00:00,133.48476
2012-03-30 01:00:00,117.994286
2012-03-30 02:00:00,105.22431
2012-03-30 03:00:00,69.24777
2012-03-30 04:00:00,69.3244
2012-03-30 05:00:00,61.401104
2012-03-30 06:00:00,66.38068
2012-03-30 07:00:00,69.2388
2012-03-30 08:00:00,68.86187
2012-03-30 09:00:00,72.82437
2012-03-30 10:00:00,70.46271
2012-03-30 11:00:00,64.49083
2012-03-30 12:00:00,69.31181
2012-03-30 13:00:00,77.47866
2012-03-30 14:00:00,77.45082
2012-03-30 15:00:00,85.0358
2012-03-30 16:00:00,70.582436
2012-03-30 17:00:00,97.32595
2012-03-30 18:00:00,103.44079
2012-03-30 19:00:00,88.66329
2012-03-30 20:00:00,78.230286
2012-03-30 21:00:00,72.97622
2012-03-30 22:00:00,80.20263
2012-03-30 23:00:00,77.80379
2012-03-31 00:00:00,45.899952
2012-03-31 01:00:00,84.82595
2012-03-31 02:00:00,76.30239
2012-03-31 03:00:00,48.130848
2012-03-31 04:00:00,67.88663
2012-03-31 05:00:00,47.403263
2012-03-31 06:00:00,46.72208
2012-03-31 07:00:00,46.72208
2012-03-31 08:00:00,45.079098
2012-03-31 09:00:00,84.82595
2012-03-31 10:00:00,123.886826
2012-03-31 11:00:00,66.84637
2012-03-31 12:00:00,63.85817
2012-03-31 13:00:00,127.74882
2012-03-31 14:00:00,150.99324
2012-03-31 15:00:00,165.41495
2012-03-31 16:00:00,160.17471
2012-03-31 17:00:00,106.55829
2012-03-31 18:00:00,78.86098
2012-03-31 19:00:00,71.136215
2012-03-31 20:00:00,84.31525
2012-03-31 21:00:00,84.31525
2012-03-31 22:00:00,74.650406
2012-03-31 23:00:00,54.421177
2012-04-20 00:00:00,110.253716
2012-04-20 01:00:00,79.69004
2012-04-20 02:00:00,60.254997
2012-04-20 03:00:00,59.585297
2012-04-20 04:00:00,53.905262
2012-04-20 05:00:00,58.433178
2012-04-20 06:00:00,69.61205
2012-04-20 07:00:00,58.433178
2012-04-20 08:00:00,60.067978
2012-04-20 09:00:00,63.956825
2012-04-20 10:00:00,116.5414
2012-04-20 11:00:00,158.31985
2012-04-20 12:00:00,219.24493
2012-04-20 13:00:00,268.32095
2012-04-20 14:00:00,261.99985
2012-04-20 15:00:00,262.59708
2012-04-20 16:00:00,273.63483
2012-04-20 17:00:00,244.04242
2012-04-20 18:00:00,237.9214
2012-04-20 19:00:00,243.13
2012-04-20 20:00:00,207.35942
2012-04-20 21:00:00,163.80415
2012-04-20 22:00:00,166.1963
2012-04-20 23:00:00,136.7969
2012-04-21 00:00:00,105.683945
2012-04-21 01:00:00,105.683945
2012-04-21 02:00:00,96.801765
2012-04-21 03:00:00,71.60495
2012-04-21 04:00:00,74.06691
2012-04-21 05:00:00,74.06691
2012-04-21 06:00:00,71.60495
2012-04-21 07:00:00,78.62116
2012-04-21 08:00:00,88.20773
2012-04-21 09:00:00,115.81059
2012-04-21 10:00:00,225.29178
2012-04-21 11:00:00,252.13597
2012-04-21 12:00:00,276.2964
2012-04-21 13:00:00,298.79474
2012-04-21 14:00:00,383.56912
2012-04-21 15:00:00,425.27914
2012-04-21 16:00:00,370.58902
2012-04-21 17:00:00,375.355
2012-04-21 18:00:00,291.077
2012-04-21 19:00:00,93.186356
2012-04-21 20:00:00,98.93958
2012-04-21 21:00:00,95.60186
2012-04-21 22:00:00,71.65625
2012-04-21 23:00:00,72.17135
2012-04-22 00:00:00,124.25435
2012-04-22 01:00:00,71.70511
2012-04-22 02:00:00,112.21305
2012-04-22 03:00:00,124.47476
2012-04-22 04:00:00,138.98573
2012-04-22 05:00:00,102.79956
2012-04-22 06:00:00,98.50882
2012-04-22 07:00:00,87.23339
2012-04-22 08:00:00,73.77494
2012-04-22 09:00:00,73.77494
2012-04-22 10:00:00,69.149796
2012-04-22 11:00:00,59.020916
2012-04-22 12:00:00,59.014
2012-04-22 13:00:00,69.39796
2012-04-22 14:00:00,59.014
2012-04-22 15:00:00,59.423862
2012-04-22 16:00:00,55.768944
2012-04-22 17:00:00,48.720013
2012-04-22 18:00:00,48.720013
2012-04-22 19:00:00,48.92015
2012-04-22 20:00:00,49.092133
2012-04-22 21:00:00,53.23297
2012-04-22 22:00:00,49.457745
2012-04-22 23:00:00,55.344677
2012-04-23 00:00:00,49.323044
2012-04-23 01:00:00,49.931896
2012-04-23 02:00:00,50.51346
2012-04-23 03:00:00,54.959938
2012-04-23 04:00:00,50.82912
2012-04-23 05:00:00,50.82912
2012-04-23 06:00:00,53.118755
2012-04-23 07:00:00,50.554047
2012-04-23 08:00:00,55.771725
2012-04-23 09:00:00,54.337147
2012-04-23 10:00:00,62.96071
2012-04-23 11:00:00,61.462242
2012-04-23 12:00:00,54.3526
2012-04-23 13:00:00,56.184658
2012-04-23 14:00:00,56.303555
2012-04-23 15:00:00,75.58411
2012-04-23 16:00:00,49.716587
2012-04-23 17:00:00,49.758656
2012-04-23 18:00:00,57.789185
2012-04-23 19:00:00,62.09953
2012-04-23 20:00:00,59.750576
2012-04-23 21:00:00,49.877052
2012-04-23 22:00:00,73.29246
2012-04-23 23:00:00,80.633514
2012-04-24 00:00:00,64.01662
2012-04-24 01:00:00,54.156826
2012-04-24 02:00:00,57.183548
2012-04-24 03:00:00,55.603424
2012-04-24 04:00:00,78.240074
2012-04-24 05:00:00,78.240074
2012-04-24 06:00:00,80.8103
2012-04-24 07:00:00,91.979576
2012-04-24 08:00:00,88.617035
2012-04-24 09:00:00,138.96521
2012-04-24 10:00:00,139.00055
2012-04-24 11:00:00,202.82999
2012-04-24 12:00:00,218.81822
2012-04-24 13:00:00,232.84634
2012-04-24 14:00:00,250.41171
2012-04-24 15:00:00,258.44263
2012-04-24 16:00:00,258.47464
2012-04-24 17:00:00,271.91278
2012-04-24 18:00:00,246.52072
2012-04-24 19:00:00,277.5731
2012-04-24 20:00:00,249.4633
2012-04-24 21:00:00,130.39935
2012-04-24 22:00:00,158.34692
2012-04-24 23:00:00,135.05742
2012-04-25 00:00:00,131.19188
2012-04-25 01:00:00,113.183945
2012-04-25 02:00:00,63.149734
2012-04-25 03:00:00,66.08747
2012-04-25 04:00:00,65.828705
2012-04-25 05:00:00,60.107933
2012-04-25 06:00:00,60.107933
2012-04-25 07:00:00,71.238174
2012-04-25 08:00:00,86.15669
2012-04-25 09:00:00,81.39312
2012-04-25 10:00:00,203.54742
2012-04-25 11:00:00,236.2217
2012-04-25 12:00:00,271.33475
2012-04-25 13:00:00,288.40256
2012-04-25 14:00:00,281.84732
2012-04-25 15:00:00,323.3309
2012-04-25 16:00:00,296.62518
2012-04-25 17:00:00,300.4699
2012-04-25 18:00:00,302.25577
2012-04-25 19:00:00,319.2723
2012-04-25 20:00:00,313.86307
2012-04-25 21:00:00,147.02817
2012-04-25 22:00:00,126.210396
2012-04-25 23:00:00,111.160194
2012-04-26 00:00:00,103.670876
2012-04-26 01:00:00,105.23689
2012-04-26 02:00:00,102.20518
2012-04-26 03:00:00,101.662186
2012-04-26 04:00:00,100.75
2012-04-26 05:00:00,107.887695
2012-04-26 06:00:00,114.54633
2012-04-26 07:00:00,58.89344
2012-04-26 08:00:00,70.992676
2012-04-26 09:00:00,67.410385
2012-04-26 10:00:00,75.079124
2012-04-26 11:00:00,74.89217
2012-04-26 12:00:00,141.41423
2012-04-26 13:00:00,132.60075
2012-04-26 14:00:00,151.08414
2012-04-26 15:00:00,103.19414
2012-04-26 16:00:00,141.03107
2012-04-26 17:00:00,131.33818
2012-04-26 18:00:00,151.08414
2012-04-26 19:00:00,149.38016
2012-04-26 20:00:00,132.42908
2012-04-26 21:00:00,96.752426
2012-04-26 22:00:00,86.929016
2012-04-26 23:00:00,66.64127
2012-04-27 00:00:00,143.73276
2012-04-27 01:00:00,174.82509
2012-04-27 02:00:00,162.19168
2012-04-27 03:00:00,172.13808
2012-04-27 04:00:00,142.41867
2012-04-27 05:00:00,151.37494
2012-04-27 06:00:00,137.84654
2012-04-27 07:00:00,117.994286
2012-04-27 08:00:00,80.32921
2012-04-27 09:00:00,155.4179
2012-04-27 10:00:00,180.6336
2012-04-27 11:00:00,177.54199
2012-04-27 12:00:00,190.05542
2012-04-27 13:00:00,198.71257
2012-04-27 14:00:00,194.3548
2012-04-27 15:00:00,242.14531
2012-04-27 16:00:00,252.13757
2012-04-27 17:00:00,269.2426
2012-04-27 18:00:00,265.0203
2012-04-27 19:00:00,241.97614
2012-04-27 20:00:00,200.41882
2012-04-27 21:00:00,185.86832
2012-04-27 22:00:00,161.18715
2012-04-27 23:00:00,144.20032
2012-04-28 00:00:00,89.66557
2012-04-28 01:00:00,93.23983
2012-04-28 02:00:00,76.717865
2012-04-28 03:00:00,71.09689
2012-04-28 04:00:00,62.186646
2012-04-28 05:00:00,61.499027
2012-04-28 06:00:00,67.4557
2012-04-28 07:00:00,62.186646
2012-04-28 08:00:00,89.698364
2012-04-28 09:00:00,82.97132
2012-04-28 10:00:00,88.62816
2012-04-28 11:00:00,84.51667
2012-04-28 12:00:00,80.9251
2012-04-28 13:00:00,92.116646
2012-04-28 14:00:00,103.857
2012-04-28 15:00:00,124.81881
2012-04-28 16:00:00,112.90592
2012-04-28 17:00:00,98.930046
2012-04-28 18:00:00,87.32306
2012-04-28 19:00:00,90.36051
2012-04-28 20:00:00,70.332306
2012-04-28 21:00:00,85.752914
2012-04-28 22:00:00,69.57161
2012-04-28 23:00:00,104.08848
2012-04-29 00:00:00,77.45321
2012-04-29 01:00:00,77.79638
2012-04-29 02:00:00,71.3951
2012-04-29 03:00:00,45.079098
2012-04-29 04:00:00,51.558327
2012-04-29 05:00:00,44.761806
2012-04-29 06:00:00,44.463665
2012-04-29 07:00:00,45.12939
2012-04-29 08:00:00,49.338917
2012-04-29 09:00:00,52.087708
2012-04-29 10:00:00,55.192093
2012-04-29 11:00:00,81.30309
2012-04-29 12:00:00,118.637314
2012-04-29 13:00:00,128.65298
2012-04-29 14:00:00,246.55643
2012-04-29 15:00:00,245.19325
2012-04-29 16:00:00,396.41907
2012-04-29 17:00:00,404.08102
2012-04-29 18:00:00,400.92883
2012-04-29 19:00:00,262.1908
2012-04-29 20:00:00,297.92926
2012-04-29 21:00:00,138.84091
2012-04-29 22:00:00,119.089874
2012-04-29 23:00:00,77.615776
2012-04-30 00:00:00,103.49466
2012-04-30 01:00:00,94.031425
2012-04-30 02:00:00,92.71407
2012-04-30 03:00:00,92.349815
2012-04-30 04:00:00,91.024055
2012-04-30 05:00:00,91.024055
2012-04-30 06:00:00,120.62246
2012-04-30 07:00:00,110.89256
2012-04-30 08:00:00,130.5193
2012-04-30 09:00:00,84.45501
2012-04-30 10:00:00,92.58945
2012-04-30 11:00:00,94.78082
2012-04-30 12:00:00,94.32207
2012-04-30 13:00:00,103.58867
2012-04-30 14:00:00,110.24599
2012-04-30 15:00:00,114.48888
2012-04-30 16:00:00,186.95575
2012-04-30 17:00:00,179.61864
2012-04-30 18:00:00,147.69702
2012-04-30 19:00:00,135.5325
2012-04-30 20:00:00,124.10116
2012-04-30 21:00:00,124.10116
2012-04-30 22:00:00,118.80633
2012-04-30 23:00:00,124.208916
2012-05-20 00:00:00,186.46425
2012-05-20 01:00:00,148.59329
2012-05-20 02:00:00,148.59329
2012-05-20 03:00:00,126.282295
2012-05-20 04:00:00,93.663414
2012-05-20 05:00:00,77.5522
2012-05-20 06:00:00,100.56621
2012-05-20 07:00:00,122.77193
2012-05-20 08:00:00,156.6656
2012-05-20 09:00:00,403.5519
2012-05-20 10:00:00,404.56586
2012-05-20 11:00:00,389.8827
2012-05-20 12:00:00,403.12613
2012-05-20 13:00:00,414.53973
2012-05-20 14:00:00,366.40558
2012-05-20 15:00:00,328.15082
2012-05-20 16:00:00,360.3676
2012-05-20 17:00:00,366.4742
2012-05-20 18:00:00,332.3474
2012-05-20 19:00:00,235.80307
2012-05-20 20:00:00,235.80307
2012-05-20 21:00:00,179.78612
2012-05-20 22:00:00,170.61508
2012-05-20 23:00:00,119.26704
2012-05-21 00:00:00,79.06528
2012-05-21 01:00:00,73.422104
2012-05-21 02:00:00,66.169876
2012-05-21 03:00:00,140.28828
2012-05-21 04:00:00,77.30679
2012-05-21 05:00:00,77.30679
2012-05-21 06:00:00,77.30679
2012-05-21 07:00:00,77.30679
2012-05-21 08:00:00,73.272804
2012-05-21 09:00:00,71.15473
2012-05-21 10:00:00,77.73015
2012-05-21 11:00:00,174.3965
2012-05-21 12:00:00,190.64691
2012-05-21 13:00:00,87.21618
2012-05-21 14:00:00,84.48634
2012-05-21 15:00:00,192.71419
2012-05-21 16:00:00,204.79285
2012-05-21 17:00:00,210.91667
2012-05-21 18:00:00,156.3349
2012-05-21 19:00:00,166.11798
2012-05-21 20:00:00,180.92975
2012-05-21 21:00:00,160.28949
2012-05-21 22:00:00,180.0909
2012-05-21 23:00:00,198.02737
2012-05-22 00:00:00,139.39233
2012-05-22 01:00:00,165.56004
2012-05-22 02:00:00,162.15366
2012-05-22 03:00:00,162.15366
2012-05-22 04:00:00,156.07637
2012-05-22 05:00:00,70.51994
2012-05-22 06:00:00,75.39382
2012-05-22 07:00:00,75.39382
2012-05-22 08:00:00,154.5891
2012-05-22 09:00:00,167.1762
2012-05-22 10:00:00,161.69026
2012-05-22 11:00:00,152.28761
2012-05-22 12:00:00,171.7166
2012-05-22 13:00:00,158.3011
2012-05-22 14:00:00,183.22345
2012-05-22 15:00:00,203.19637
2012-05-22 16:00:00,206.92108
2012-05-22 17:00:00,193.25546
2012-05-22 18:00:00,220.33191
2012-05-22 19:00:00,220.34123
2012-05-22 20:00:00,208.91624
2012-05-22 21:00:00,137.71428
2012-05-22 22:00:00,148.79425
2012-05-22 23:00:00,153.22284
2012-05-23 00:00:00,137.71428
2012-05-23 01:00:00,112.28758
2012-05-23 02:00:00,174.3965
2012-05-23 03:00:00,130.27441
2012-05-23 04:00:00,81.130844
2012-05-23 05:00:00,73.272804
2012-05-23 06:00:00,66.87732
2012-05-23 07:00:00,106.890205
2012-05-23 08:00:00,106.890205
2012-05-23 09:00:00,160.06686
2012-05-23 10:00:00,130.22359
2012-05-23 11:00:00,135.61969
2012-05-23 12:00:00,181.30287
2012-05-23 13:00:00,189.71263
2012-05-23 14:00:00,202.87459
2012-05-23 15:00:00,178.73578
2012-05-23 16:00:00,172.96059
2012-05-23 17:00:00,145.11342
2012-05-23 18:00:00,145.11342
2012-05-23 19:00:00,180.22952
2012-05-23 20:00:00,171.69737
2012-05-23 21:00:00,170.59978
2012-05-23 22:00:00,180.22952
2012-05-23 23:00:00,103.75501
2012-05-24 00:00:00,100.923096
2012-05-24 01:00:00,70.4508
2012-05-24 02:00:00,80.25177
2012-05-24 03:00:00,169.73401
2012-05-24 04:00:00,173.7406
2012-05-24 05:00:00,173.7406
2012-05-24 06:00:00,173.7406
2012-05-24 07:00:00,100.42857
2012-05-24 08:00:00,164.87741
2012-05-24 09:00:00,176.22685
2012-05-24 10:00:00,195.00192
2012-05-24 11:00:00,198.5281
2012-05-24 12:00:00,217.72844
2012-05-24 13:00:00,258.42804
2012-05-24 14:00:00,270.92062
2012-05-24 15:00:00,267.59668
2012-05-24 16:00:00,263.18423
2012-05-24 17:00:00,265.2409
2012-05-24 18:00:00,261.86676
2012-05-24 19:00:00,252.96326
2012-05-24 20:00:00,205.86299
2012-05-24 21:00:00,109.94686
2012-05-24 22:00:00,180.84123
2012-05-24 23:00:00,182.28989
2012-05-25 00:00:00,106.4283
2012-05-25 01:00:00,100.68416
2012-05-25 02:00:00,170.59978
2012-05-25 03:00:00,178.53381
2012-05-25 04:00:00,172.93843
2012-05-25 05:00:00,178.21198
2012-05-25 06:00:00,178.53381
2012-05-25 07:00:00,182.63657
2012-05-25 08:00:00,183.8482
2012-05-25 09:00:00,189.28537
2012-05-25 10:00:00,156.04897
2012-05-25 11:00:00,146.08815
2012-05-25 12:00:00,196.37404
2012-05-25 13:00:00,227.62708
2012-05-25 14:00:00,237.10284
2012-05-25 15:00:00,260.89685
2012-05-25 16:00:00,272.3523
2012-05-25 17:00:00,267.91977
2012-05-25 18:00:00,260.89685
2012-05-25 19:00:00,266.56204
2012-05-25 20:00:00,220.79637
2012-05-25 21:00:00,207.8801
2012-05-25 22:00:00,156.2308
2012-05-25 23:00:00,174.74115
2012-05-26 00:00:00,79.42061
2012-05-26 01:00:00,71.68323
2012-05-26 02:00:00,53.451885
2012-05-26 03:00:00,52.010387
2012-05-26 04:00:00,55.05097
2012-05-26 05:00:00,104.99288
2012-05-26 06:00:00,62.52512
2012-05-26 07:00:00,75.51167
2012-05-26 08:00:00,103.717766
2012-05-26 09:00:00,86.198746
2012-05-26 10:00:00,130.60698
2012-05-26 11:00:00,170.01448
2012-05-26 12:00:00,229.12863
2012-05-26 13:00:00,212.64034
2012-05-26 14:00:00,225.3777
2012-05-26 15:00:00,252.50601
2012-05-26 16:00:00,298.00024
2012-05-26 17:00:00,318.19116
2012-05-26 18:00:00,296.37656
2012-05-26 19:00:00,234.52876
2012-05-26 20:00:00,281.1064
2012-05-26 21:00:00,242.00018
2012-05-26 22:00:00,189.44597
2012-05-26 23:00:00,189.44597
2012-05-27 00:00:00,192.60551
2012-05-27 01:00:00,169.42325
2012-05-27 02:00:00,173.18332
2012-05-27 03:00:00,150.27737
2012-05-27 04:00:00,87.22614
2012-05-27 05:00:00,87.22614
2012-05-27 06:00:00,79.71539
2012-05-27 07:00:00,59.352264
2012-05-27 08:00:00,86.198746
2012-05-27 09:00:00,96.894196
2012-05-27 10:00:00,181.59827
2012-05-27 11:00:00,231.68951
2012-05-27 12:00:00,239.9704
2012-05-27 13:00:00,261.23633
2012-05-27 14:00:00,287.04715
2012-05-27 15:00:00,329.5859
2012-05-27 16:00:00,329.5859
2012-05-27 17:00:00,346.02817
2012-05-27 18:00:00,306.50284
2012-05-27 19:00:00,261.23633
2012-05-27 20:00:00,280.5387
2012-05-27 21:00:00,144.1523
2012-05-27 22:00:00,108.0454
2012-05-27 23:00:00,98.178116
2012-05-28 00:00:00,105.51523
2012-05-28 01:00:00,155.19601
2012-05-28 02:00:00,104.419624
2012-05-28 03:00:00,109.34239
2012-05-28 04:00:00,83.00804
2012-05-28 05:00:00,83.00804
2012-05-28 06:00:00,109.34239
2012-05-28 07:00:00,74.14803
2012-05-28 08:00:00,60.834743
2012-05-28 09:00:00,92.28174
2012-05-28 10:00:00,92.28174
2012-05-28 11:00:00,129.02983
2012-05-28 12:00:00,161.82228
2012-05-28 13:00:00,262.27826
2012-05-28 14:00:00,262.27826
2012-05-28 15:00:00,327.96454
2012-05-28 16:00:00,323.9904
2012-05-28 17:00:00,327.96454
2012-05-28 18:00:00,278.59802
2012-05-28 19:00:00,297.42923
2012-05-28 20:00:00,231.8747
2012-05-28 21:00:00,203.13081
2012-05-28 22:00:00,134.82686
2012-05-28 23:00:00,121.36287
2012-05-29 00:00:00,174.68477
2012-05-29 01:00:00,174.68477
2012-05-29 02:00:00,119.37269
2012-05-29 03:00:00,197.53992
2012-05-29 04:00:00,174.74115
2012-05-29 05:00:00,174.74115
2012-05-29 06:00:00,174.74115
2012-05-29 07:00:00,174.74115
2012-05-29 08:00:00,200.46205
2012-05-29 09:00:00,242.83257
2012-05-29 10:00:00,242.61533
2012-05-29 11:00:00,267.11484
2012-05-29 12:00:00,270.354
2012-05-29 13:00:00,257.64352
2012-05-29 14:00:00,256.4233
2012-05-29 15:00:00,248.16943
2012-05-29 16:00:00,245.13013
2012-05-29 17:00:00,242.30646
2012-05-29 18:00:00,245.77249
2012-05-29 19:00:00,267.86383
2012-05-29 20:00:00,126.342285
2012-05-29 21:00:00,66.78596
2012-05-29 22:00:00,178.21198
2012-05-29 23:00:00,91.50211
2012-05-30 00:00:00,87.31706
2012-05-30 01:00:00,80.465385
2012-05-30 02:00:00,77.36697
2012-05-30 03:00:00,83.07992
2012-05-30 04:00:00,181.16753
2012-05-30 05:00:00,173.44464
2012-05-30 06:00:00,162.86725
2012-05-30 07:00:00,95.05076
2012-05-30 08:00:00,172.07939
2012-05-30 09:00:00,187.4649
2012-05-30 10:00:00,193.67236
2012-05-30 11:00:00,199.78186
2012-05-30 12:00:00,193.40797
2012-05-30 13:00:00,202.7186
2012-05-30 14:00:00,276.97183
2012-05-30 15:00:00,249.89232
2012-05-30 16:00:00,262.92548
2012-05-30 17:00:00,244.53809
2012-05-30 18:00:00,270.14584
2012-05-30 19:00:00,258.42804
2012-05-30 20:00:00,124.000275
2012-05-30 21:00:00,217.79762
2012-05-30 22:00:00,172.30173
2012-05-30 23:00:00,186.24568
2012-05-31 00:00:00,180.92975
2012-05-31 01:00:00,163.05612
2012-05-31 02:00:00,176.22916
2012-05-31 03:00:00,160.28949
2012-05-31 04:00:00,141.01318
2012-05-31 05:00:00,215.79126
2012-05-31 06:00:00,191.39491
2012-05-31 07:00:00,208.84813
2012-05-31 08:00:00,237.14957
2012-05-31 09:00:00,255.37508
2012-05-31 10:00:00,254.98596
2012-05-31 11:00:00,278.1648
2012-05-31 12:00:00,297.67822
2012-05-31 13:00:00,304.50897
2012-05-31 14:00:00,308.10754
2012-05-31 15:00:00,272.75894
2012-05-31 16:00:00,279.13483
2012-05-31 17:00:00,314.35016
2012-05-31 18:00:00,326.28406
2012-05-31 19:00:00,312.6649
2012-05-31 20:00:00,278.67325
2012-05-31 21:00:00,278.67325
2012-05-31 22:00:00,261.41022
2012-05-31 23:00:00,264.1986
2012-06-20 00:00:00,174.68477
2012-06-20 01:00:00,165.80693
2012-06-20 02:00:00,124.034996
2012-06-20 03:00:00,113.120415
2012-06-20 04:00:00,104.59012
2012-06-20 05:00:00,104.59012
2012-06-20 06:00:00,181.54007
2012-06-20 07:00:00,173.53204
2012-06-20 08:00:00,180.74896
2012-06-20 09:00:00,173.47955
2012-06-20 10:00:00,237.92317
2012-06-20 11:00:00,251.32608
2012-06-20 12:00:00,238.80237
2012-06-20 13:00:00,210.9094
2012-06-20 14:00:00,224.30157
2012-06-20 15:00:00,195.02072
2012-06-20 16:00:00,217.43698
2012-06-20 17:00:00,188.68251
2012-06-20 18:00:00,188.68251
2012-06-20 19:00:00,223.28508
2012-06-20 20:00:00,226.40298
2012-06-20 21:00:00,211.68173
2012-06-20 22:00:00,216.22894
2012-06-20 23:00:00,225.31516
2012-06-21 00:00:00,160.85904
2012-06-21 01:00:00,128.58751
2012-06-21 02:00:00,123.58502
2012-06-21 03:00:00,108.86443
2012-06-21 04:00:00,80.49506
2012-06-21 05:00:00,81.75137
2012-06-21 06:00:00,153.13333
2012-06-21 07:00:00,153.13333
2012-06-21 08:00:00,111.53807
2012-06-21 09:00:00,246.06325
2012-06-21 10:00:00,205.47736
2012-06-21 11:00:00,236.28316
2012-06-21 12:00:00,243.39684
2012-06-21 13:00:00,230.62128
2012-06-21 14:00:00,250.41698
2012-06-21 15:00:00,257.14322
2012-06-21 16:00:00,255.14316
2012-06-21 17:00:00,220.73376
2012-06-21 18:00:00,238.15817
2012-06-21 19:00:00,231.62766
2012-06-21 20:00:00,236.93475
2012-06-21 21:00:00,237.74704
2012-06-21 22:00:00,240.91032
2012-06-21 23:00:00,172.5457
2012-06-22 00:00:00,226.09314
2012-06-22 01:00:00,200.12166
2012-06-22 02:00:00,107.40745
2012-06-22 03:00:00,107.40745
2012-06-22 04:00:00,217.45755
2012-06-22 05:00:00,222.87819
2012-06-22 06:00:00,212.16422
2012-06-22 07:00:00,215.83453
2012-06-22 08:00:00,205.17583
2012-06-22 09:00:00,252.71432
2012-06-22 10:00:00,235.94833
2012-06-22 11:00:00,228.76974
2012-06-22 12:00:00,214.84325
2012-06-22 13:00:00,231.62766
2012-06-22 14:00:00,231.62766
2012-06-22 15:00:00,209.10896
2012-06-22 16:00:00,237.40738
2012-06-22 17:00:00,281.09802
2012-06-22 18:00:00,256.07492
2012-06-22 19:00:00,172.18619
2012-06-22 20:00:00,172.18619
2012-06-22 21:00:00,250.24911
2012-06-22 22:00:00,157.73923
2012-06-22 23:00:00,177.58246
2012-06-23 00:00:00,51.188366
2012-06-23 01:00:00,62.188766
2012-06-23 02:00:00,79.007195
2012-06-23 03:00:00,98.633896
2012-06-23 04:00:00,80.0804
2012-06-23 05:00:00,79.007195
2012-06-23 06:00:00,46.852406
2012-06-23 07:00:00,48.869408
2012-06-23 08:00:00,123.0186
2012-06-23 09:00:00,174.72234
2012-06-23 10:00:00,220.49838
2012-06-23 11:00:00,282.5896
2012-06-23 12:00:00,274.1024
2012-06-23 13:00:00,323.7731
2012-06-23 14:00:00,393.4375
2012-06-23 15:00:00,358.41565
2012-06-23 16:00:00,387.54135
2012-06-23 17:00:00,398.85947
2012-06-23 18:00:00,394.6845
2012-06-23 19:00:00,392.7981
2012-06-23 20:00:00,381.6583
2012-06-23 21:00:00,354.3679
2012-06-23 22:00:00,327.3027
2012-06-23 23:00:00,275.7663
2012-06-24 00:00:00,239.7534
2012-06-24 01:00:00,214.23552
2012-06-24 02:00:00,215.96112
2012-06-24 03:00:00,177.2277
2012-06-24 04:00:00,190.97264
2012-06-24 05:00:00,86.95775
2012-06-24 06:00:00,115.06776
2012-06-24 07:00:00,84.11183
2012-06-24 08:00:00,186.6362
2012-06-24 09:00:00,236.95819
2012-06-24 10:00:00,288.56894
2012-06-24 11:00:00,298.92303
2012-06-24 12:00:00,364.71375
2012-06-24 13:00:00,373.75687
2012-06-24 14:00:00,360.61105
2012-06-24 15:00:00,357.2704
2012-06-24 16:00:00,364.29858
2012-06-24 17:00:00,354.1748
2012-06-24 18:00:00,351.35455
2012-06-24 19:00:00,340.84598
2012-06-24 20:00:00,298.03223
2012-06-24 21:00:00,233.15128
2012-06-24 22:00:00,193.13098
2012-06-24 23:00:00,174.32385
2012-06-25 00:00:00,244.45712
2012-06-25 01:00:00,228.80878
2012-06-25 02:00:00,203.88
2012-06-25 03:00:00,213.92937
2012-06-25 04:00:00,127.128716
2012-06-25 05:00:00,121.74906
2012-06-25 06:00:00,90.06466
2012-06-25 07:00:00,143.6682
2012-06-25 08:00:00,174.65918
2012-06-25 09:00:00,209.75722
2012-06-25 10:00:00,225.72156
2012-06-25 11:00:00,216.21088
2012-06-25 12:00:00,222.7099
2012-06-25 13:00:00,230.727
2012-06-25 14:00:00,234.0178
2012-06-25 15:00:00,225.80779
2012-06-25 16:00:00,241.60089
2012-06-25 17:00:00,245.84248
2012-06-25 18:00:00,241.14764
2012-06-25 19:00:00,239.13895
2012-06-25 20:00:00,234.43341
2012-06-25 21:00:00,267.06552
2012-06-25 22:00:00,256.02847
2012-06-25 23:00:00,252.91295
2012-06-26 00:00:00,250.94519
2012-06-26 01:00:00,227.82397
2012-06-26 02:00:00,245.44017
2012-06-26 03:00:00,239.91608
2012-06-26 04:00:00,237.99919
2012-06-26 05:00:00,208.38593
2012-06-26 06:00:00,207.23048
2012-06-26 07:00:00,196.7867
2012-06-26 08:00:00,214.50838
2012-06-26 09:00:00,202.36395
2012-06-26 10:00:00,217.01938
2012-06-26 11:00:00,223.0475
2012-06-26 12:00:00,227.05338
2012-06-26 13:00:00,234.23015
2012-06-26 14:00:00,234.23015
2012-06-26 15:00:00,235.67432
2012-06-26 16:00:00,238.48395
2012-06-26 17:00:00,244.62463
2012-06-26 18:00:00,257.26654
2012-06-26 19:00:00,292.60324
2012-06-26 20:00:00,276.17722
2012-06-26 21:00:00,280.58374
2012-06-26 22:00:00,268.34454
2012-06-26 23:00:00,244.3056
2012-06-27 00:00:00,256.64413
2012-06-27 01:00:00,245.6927
2012-06-27 02:00:00,208.94205
2012-06-27 03:00:00,218.84377
2012-06-27 04:00:00,244.8352
2012-06-27 05:00:00,228.64168
2012-06-27 06:00:00,234.27704
2012-06-27 07:00:00,207.51134
2012-06-27 08:00:00,218.13495
2012-06-27 09:00:00,223.23663
2012-06-27 10:00:00,263.24493
2012-06-27 11:00:00,258.52603
2012-06-27 12:00:00,263.44254
2012-06-27 13:00:00,250.52213
2012-06-27 14:00:00,262.1987
2012-06-27 15:00:00,240.32643
2012-06-27 16:00:00,248.00598
2012-06-27 17:00:00,256.85785
2012-06-27 18:00:00,250.52213
2012-06-27 19:00:00,252.1569
2012-06-27 20:00:00,268.73203
2012-06-27 21:00:00,269.08218
2012-06-27 22:00:00,240.29208
2012-06-27 23:00:00,221.78519
2012-06-28 00:00:00,201.936
2012-06-28 01:00:00,169.05612
2012-06-28 02:00:00,197.47174
2012-06-28 03:00:00,197.47174
2012-06-28 04:00:00,161.35434
2012-06-28 05:00:00,168.9218
2012-06-28 06:00:00,168.9218
2012-06-28 07:00:00,161.35434
2012-06-28 08:00:00,211.43707
2012-06-28 09:00:00,214.08228
2012-06-28 10:00:00,252.00107
2012-06-28 11:00:00,251.76762
2012-06-28 12:00:00,243.34215
2012-06-28 13:00:00,243.96355
2012-06-28 14:00:00,239.22144
2012-06-28 15:00:00,239.22144
2012-06-28 16:00:00,258.55472
2012-06-28 17:00:00,260.77878
2012-06-28 18:00:00,248.1265
2012-06-28 19:00:00,227.34186
2012-06-28 20:00:00,243.84657
2012-06-28 21:00:00,240.75163
2012-06-28 22:00:00,229.91525
2012-06-28 23:00:00,226.13692
2012-06-29 00:00:00,226.13692
2012-06-29 01:00:00,229.08966
2012-06-29 02:00:00,225.52371
2012-06-29 03:00:00,225.52371
2012-06-29 04:00:00,191.74316
2012-06-29 05:00:00,172.10916
2012-06-29 06:00:00,228.13515
2012-06-29 07:00:00,172.10916
2012-06-29 08:00:00,233.63647
2012-06-29 09:00:00,225.72156
2012-06-29 10:00:00,216.06186
2012-06-29 11:00:00,266.20627
2012-06-29 12:00:00,282.13177
2012-06-29 13:00:00,246.91069
2012-06-29 14:00:00,241.15002
2012-06-29 15:00:00,243.0465
2012-06-29 16:00:00,243.0465
2012-06-29 17:00:00,254.91745
2012-06-29 18:00:00,253.92268
2012-06-29 19:00:00,241.07512
2012-06-29 20:00:00,230.08304
2012-06-29 21:00:00,277.70938
2012-06-29 22:00:00,312.3744
2012-06-29 23:00:00,312.3744
2012-06-30 00:00:00,77.02284
2012-06-30 01:00:00,73.63733
2012-06-30 02:00:00,95.963554
2012-06-30 03:00:00,95.963554
2012-06-30 04:00:00,72.2096
2012-06-30 05:00:00,43.888016
2012-06-30 06:00:00,43.888016
2012-06-30 07:00:00,43.888016
2012-06-30 08:00:00,43.888016
2012-06-30 09:00:00,43.888016
2012-06-30 10:00:00,334.21457
2012-06-30 11:00:00,334.21457
2012-06-30 12:00:00,334.21457
2012-06-30 13:00:00,334.21457
2012-06-30 14:00:00,334.21457
2012-06-30 15:00:00,334.21457
2012-06-30 16:00:00,309.88687
2012-06-30 17:00:00,291.45148
2012-06-30 18:00:00,265.01334
2012-06-30 19:00:00,286.89557
2012-06-30 20:00:00,227.12238
2012-06-30 21:00:00,227.12238
2012-06-30 22:00:00,183.34392
2012-06-30 23:00:00,163.53362
2012-07-20 00:00:00,81.930016
2012-07-20 01:00:00,56.781063
2012-07-20 02:00:00,89.056915
2012-07-20 03:00:00,90.53493
2012-07-20 04:00:00,96.8363
2012-07-20 05:00:00,95.96442
2012-07-20 06:00:00,96.8363
2012-07-20 07:00:00,98.57899
2012-07-20 08:00:00,143.7258
2012-07-20 09:00:00,191.20424
2012-07-20 10:00:00,192.01254
2012-07-20 11:00:00,250.66664
2012-07-20 12:00:00,113.827705
2012-07-20 13:00:00,119.34098
2012-07-20 14:00:00,120.04448
2012-07-20 15:00:00,167.65005
2012-07-20 16:00:00,165.93333
2012-07-20 17:00:00,176.67273
2012-07-20 18:00:00,183.38
2012-07-20 19:00:00,160.43835
2012-07-20 20:00:00,85.360085
2012-07-20 21:00:00,88.787834
2012-07-20 22:00:00,123.40195
2012-07-20 23:00:00,156.16884
2012-07-21 00:00:00,90.05632
2012-07-21 01:00:00,77.46084
2012-07-21 02:00:00,74.25753
2012-07-21 03:00:00,71.951324
2012-07-21 04:00:00,72.810005
2012-07-21 05:00:00,70.170006
2012-07-21 06:00:00,70.170006
2012-07-21 07:00:00,58.563877
2012-07-21 08:00:00,72.068184
2012-07-21 09:00:00,67.95477
2012-07-21 10:00:00,70.170006
2012-07-21 11:00:00,73.59871
2012-07-21 12:00:00,84.414986
2012-07-21 13:00:00,86.671234
2012-07-21 14:00:00,59.08674
2012-07-21 15:00:00,71.951324
2012-07-21 16:00:00,71.46196
2012-07-21 17:00:00,72.25119
2012-07-21 18:00:00,57.266743
2012-07-21 19:00:00,59.43861
2012-07-21 20:00:00,72.25119
2012-07-21 21:00:00,59.43861
2012-07-21 22:00:00,68.154755
2012-07-21 23:00:00,85.73243
2012-07-22 00:00:00,68.154755
2012-07-22 01:00:00,59.43861
2012-07-22 02:00:00,68.154755
2012-07-22 03:00:00,68.154755
2012-07-22 04:00:00,44.854134
2012-07-22 05:00:00,44.854134
2012-07-22 06:00:00,95.0428
2012-07-22 07:00:00,120.06979
2012-07-22 08:00:00,153.31764
2012-07-22 09:00:00,193.50734
2012-07-22 10:00:00,190.98276
2012-07-22 11:00:00,190.98276
2012-07-22 12:00:00,187.2281
2012-07-22 13:00:00,190.41995
2012-07-22 14:00:00,130.13397
2012-07-22 15:00:00,130.13397
2012-07-22 16:00:00,139.18478
2012-07-22 17:00:00,168.54869
2012-07-22 18:00:00,154.0043
2012-07-22 19:00:00,126.44048
2012-07-22 20:00:00,102.27252
2012-07-22 21:00:00,80.454666
2012-07-22 22:00:00,109.53732
2012-07-22 23:00:00,72.357086
2012-07-23 00:00:00,53.874546
2012-07-23 01:00:00,70.96241
2012-07-23 02:00:00,77.84236
2012-07-23 03:00:00,77.84236
2012-07-23 04:00:00,83.3783
2012-07-23 05:00:00,83.3783
2012-07-23 06:00:00,98.79468
2012-07-23 07:00:00,85.4033
2012-07-23 08:00:00,123.58502
2012-07-23 09:00:00,217.8366
2012-07-23 10:00:00,226.84425
2012-07-23 11:00:00,253.0274
2012-07-23 12:00:00,253.0274
2012-07-23 13:00:00,247.56177
2012-07-23 14:00:00,247.52539
2012-07-23 15:00:00,246.06325
2012-07-23 16:00:00,204.36023
2012-07-23 17:00:00,204.36023
2012-07-23 18:00:00,210.49294
2012-07-23 19:00:00,247.09851
2012-07-23 20:00:00,218.40926
2012-07-23 21:00:00,234.68185
2012-07-23 22:00:00,226.96657
2012-07-23 23:00:00,198.4671
2012-07-24 00:00:00,140.67116
2012-07-24 01:00:00,102.41002
2012-07-24 02:00:00,74.38159
2012-07-24 03:00:00,74.38159
2012-07-24 04:00:00,64.45745
2012-07-24 05:00:00,65.29683
2012-07-24 06:00:00,68.77344
2012-07-24 07:00:00,150.29622
2012-07-24 08:00:00,215.01195
2012-07-24 09:00:00,170.79645
2012-07-24 10:00:00,255.73134
2012-07-24 11:00:00,241.90862
2012-07-24 12:00:00,264.9234
2012-07-24 13:00:00,251.21135
2012-07-24 14:00:00,269.56357
2012-07-24 15:00:00,227.63205
2012-07-24 16:00:00,253.28455
2012-07-24 17:00:00,237.84317
2012-07-24 18:00:00,246.16205
2012-07-24 19:00:00,218.40926
2012-07-24 20:00:00,205.983
2012-07-24 21:00:00,242.26381
2012-07-24 22:00:00,252.91206
2012-07-24 23:00:00,238.3674
2012-07-25 00:00:00,237.22055
2012-07-25 01:00:00,220.3954
2012-07-25 02:00:00,226.31184
2012-07-25 03:00:00,212.66437
2012-07-25 04:00:00,203.00523
2012-07-25 05:00:00,174.55234
2012-07-25 06:00:00,186.1716
2012-07-25 07:00:00,214.96646
2012-07-25 08:00:00,246.07509
2012-07-25 09:00:00,253.0646
2012-07-25 10:00:00,235.60764
2012-07-25 11:00:00,252.2486
2012-07-25 12:00:00,252.2486
2012-07-25 13:00:00,268.05826
2012-07-25 14:00:00,275.47702
2012-07-25 15:00:00,265.56387
2012-07-25 16:00:00,263.82047
2012-07-25 17:00:00,250.81595
2012-07-25 18:00:00,283.43942
2012-07-25 19:00:00,274.75616
2012-07-25 20:00:00,265.7505
2012-07-25 21:00:00,232.4086
2012-07-25 22:00:00,191.57799
2012-07-25 23:00:00,229.88191
2012-07-26 00:00:00,194.64336
2012-07-26 01:00:00,212.66437
2012-07-26 02:00:00,201.19725
2012-07-26 03:00:00,188.10626
2012-07-26 04:00:00,132.56111
2012-07-26 05:00:00,132.56111
2012-07-26 06:00:00,127.128716
2012-07-26 07:00:00,186.45468
2012-07-26 08:00:00,211.97601
2012-07-26 09:00:00,220.35635
2012-07-26 10:00:00,230.58498
2012-07-26 11:00:00,273.75262
2012-07-26 12:00:00,255.38057
2012-07-26 13:00:00,239.2356
2012-07-26 14:00:00,234.62546
2012-07-26 15:00:00,224.24094
2012-07-26 16:00:00,214.75287
2012-07-26 17:00:00,217.73746
2012-07-26 18:00:00,215.78532
2012-07-26 19:00:00,221.59349
2012-07-26 20:00:00,235.3873
2012-07-26 21:00:00,233.3044
2012-07-26 22:00:00,233.3044
2012-07-26 23:00:00,174.2141
2012-07-27 00:00:00,107.64375
2012-07-27 01:00:00,158.41206
2012-07-27 02:00:00,111.10995
2012-07-27 03:00:00,150.29622
2012-07-27 04:00:00,88.00903
2012-07-27 05:00:00,77.38708
2012-07-27 06:00:00,88.00903
2012-07-27 07:00:00,207.52107
2012-07-27 08:00:00,163.55441
2012-07-27 09:00:00,229.34984
2012-07-27 10:00:00,183.14667
2012-07-27 11:00:00,222.6596
2012-07-27 12:00:00,224.79596
2012-07-27 13:00:00,225.23468
2012-07-27 14:00:00,224.2371
2012-07-27 15:00:00,230.0959
2012-07-27 16:00:00,231.9725
2012-07-27 17:00:00,217.42802
2012-07-27 18:00:00,231.271
2012-07-27 19:00:00,237.74704
2012-07-27 20:00:00,177.41751
2012-07-27 21:00:00,177.41751
2012-07-27 22:00:00,200.51457
2012-07-27 23:00:00,120.35254
2012-07-28 00:00:00,163.61023
2012-07-28 01:00:00,110.42375
2012-07-28 02:00:00,125.971985
2012-07-28 03:00:00,125.971985
2012-07-28 04:00:00,89.200874
2012-07-28 05:00:00,72.357086
2012-07-28 06:00:00,99.51099
2012-07-28 07:00:00,117.85874
2012-07-28 08:00:00,154.0043
2012-07-28 09:00:00,181.41707
2012-07-28 10:00:00,253.41373
2012-07-28 11:00:00,295.86246
2012-07-28 12:00:00,283.44992
2012-07-28 13:00:00,303.4241
2012-07-28 14:00:00,302.4919
2012-07-28 15:00:00,327.91864
2012-07-28 16:00:00,288.7391
2012-07-28 17:00:00,257.0199
2012-07-28 18:00:00,307.17767
2012-07-28 19:00:00,65.646515
2012-07-28 20:00:00,64.108986
2012-07-28 21:00:00,57.994896
2012-07-28 22:00:00,57.994896
2012-07-28 23:00:00,52.182903
2012-07-29 00:00:00,44.653214
2012-07-29 01:00:00,52.002666
2012-07-29 02:00:00,76.61466
2012-07-29 03:00:00,116.50203
2012-07-29 04:00:00,101.59623
2012-07-29 05:00:00,64.40904
2012-07-29 06:00:00,78.79909
2012-07-29 07:00:00,128.75482
2012-07-29 08:00:00,151.55879
2012-07-29 09:00:00,195.10103
2012-07-29 10:00:00,160.39224
2012-07-29 11:00:00,233.15128
2012-07-29 12:00:00,280.5713
2012-07-29 13:00:00,261.80215
2012-07-29 14:00:00,259.75397
2012-07-29 15:00:00,251.58449
2012-07-29 16:00:00,251.58449
2012-07-29 17:00:00,265.69073
2012-07-29 18:00:00,326.03632
2012-07-29 19:00:00,212.07219
2012-07-29 20:00:00,139.18478
2012-07-29 21:00:00,117.85874
2012-07-29 22:00:00,99.51099
2012-07-29 23:00:00,113.17449
2012-07-30 00:00:00,127.861984
2012-07-30 01:00:00,101.313934
2012-07-30 02:00:00,94.83413
2012-07-30 03:00:00,65.96397
2012-07-30 04:00:00,65.96397
2012-07-30 05:00:00,65.29683
2012-07-30 06:00:00,74.38159
2012-07-30 07:00:00,105.52522
2012-07-30 08:00:00,209.85175
2012-07-30 09:00:00,208.20541
2012-07-30 10:00:00,240.00668
2012-07-30 11:00:00,244.47804
2012-07-30 12:00:00,238.12521
2012-07-30 13:00:00,228.76974
2012-07-30 14:00:00,238.69403
2012-07-30 15:00:00,234.46489
2012-07-30 16:00:00,230.77122
2012-07-30 17:00:00,239.36607
2012-07-30 18:00:00,230.00673
2012-07-30 19:00:00,220.17256
2012-07-30 20:00:00,221.19093
2012-07-30 21:00:00,207.52107
2012-07-30 22:00:00,210.44531
2012-07-30 23:00:00,161.1589
2012-07-31 00:00:00,96.423996
2012-07-31 01:00:00,68.77344
2012-07-31 02:00:00,68.77344
2012-07-31 03:00:00,64.45745
2012-07-31 04:00:00,64.45745
2012-07-31 05:00:00,74.38159
2012-07-31 06:00:00,57.465637
2012-07-31 07:00:00,104.52962
2012-07-31 08:00:00,111.10995
2012-07-31 09:00:00,158.41206
2012-07-31 10:00:00,110.22856
2012-07-31 11:00:00,137.5673
2012-07-31 12:00:00,179.4194
2012-07-31 13:00:00,256.28424
2012-07-31 14:00:00,256.28424
2012-07-31 15:00:00,201.87527
2012-07-31 16:00:00,252.71432
2012-07-31 17:00:00,252.30855
2012-07-31 18:00:00,245.01143
2012-07-31 19:00:00,231.09851
2012-07-31 20:00:00,252.7993
2012-07-31 21:00:00,109.43848
2012-07-31 22:00:00,168.80463
2012-07-31 23:00:00,134.38913
2012-08-20 00:00:00,99.32032
2012-08-20 01:00:00,60.512646
2012-08-20 02:00:00,60.512646
2012-08-20 03:00:00,46.385666
2012-08-20 04:00:00,96.49416
2012-08-20 05:00:00,94.60782
2012-08-20 06:00:00,161.94357
2012-08-20 07:00:00,171.03572
2012-08-20 08:00:00,184.59125
2012-08-20 09:00:00,176.99268
2012-08-20 10:00:00,191.46033
2012-08-20 11:00:00,153.80072
2012-08-20 12:00:00,207.06107
2012-08-20 13:00:00,191.57799
2012-08-20 14:00:00,217.70345
2012-08-20 15:00:00,236.05994
2012-08-20 16:00:00,236.05994
2012-08-20 17:00:00,232.97697
2012-08-20 18:00:00,178.57164
2012-08-20 19:00:00,170.82312
2012-08-20 20:00:00,156.16884
2012-08-20 21:00:00,57.24728
2012-08-20 22:00:00,94.60782
2012-08-20 23:00:00,94.60782
2012-08-21 00:00:00,96.49416
2012-08-21 01:00:00,108.423645
2012-08-21 02:00:00,118.02289
2012-08-21 03:00:00,45.53084
2012-08-21 04:00:00,45.53084
2012-08-21 05:00:00,48.34712
2012-08-21 06:00:00,48.745506
2012-08-21 07:00:00,71.22798
2012-08-21 08:00:00,75.05184
2012-08-21 09:00:00,115.68213
2012-08-21 10:00:00,165.25055
2012-08-21 11:00:00,157.73152
2012-08-21 12:00:00,199.50407
2012-08-21 13:00:00,222.59772
2012-08-21 14:00:00,245.6467
2012-08-21 15:00:00,231.60179
2012-08-21 16:00:00,231.60179
2012-08-21 17:00:00,237.12827
2012-08-21 18:00:00,240.58682
2012-08-21 19:00:00,155.64333
2012-08-21 20:00:00,98.168
2012-08-21 21:00:00,98.168
2012-08-21 22:00:00,79.785
2012-08-21 23:00:00,60.03083
2012-08-22 00:00:00,55.477947
2012-08-22 01:00:00,80.15105
2012-08-22 02:00:00,80.15105
2012-08-22 03:00:00,80.15105
2012-08-22 04:00:00,50.782528
2012-08-22 05:00:00,80.50011
2012-08-22 06:00:00,105.49569
2012-08-22 07:00:00,80.15105
2012-08-22 08:00:00,105.58619
2012-08-22 09:00:00,117.381195
2012-08-22 10:00:00,165.4072
2012-08-22 11:00:00,176.8911
2012-08-22 12:00:00,163.16983
2012-08-22 13:00:00,205.39087
2012-08-22 14:00:00,213.97667
2012-08-22 15:00:00,222.56015
2012-08-22 16:00:00,296.3601
2012-08-22 17:00:00,296.3601
2012-08-22 18:00:00,261.36438
2012-08-22 19:00:00,177.58246
2012-08-22 20:00:00,129.0103
2012-08-22 21:00:00,98.168
2012-08-22 22:00:00,98.168
2012-08-22 23:00:00,62.204605
2012-08-23 00:00:00,79.785
2012-08-23 01:00:00,60.03083
2012-08-23 02:00:00,60.03083
2012-08-23 03:00:00,54.777157
2012-08-23 04:00:00,60.03083
2012-08-23 05:00:00,60.03083
2012-08-23 06:00:00,76.63546
2012-08-23 07:00:00,108.45872
2012-08-23 08:00:00,191.1644
2012-08-23 09:00:00,194.55566
2012-08-23 10:00:00,174.4787
2012-08-23 11:00:00,197.9574
2012-08-23 12:00:00,217.91962
2012-08-23 13:00:00,230.58878
2012-08-23 14:00:00,243.80247
2012-08-23 15:00:00,224.01419
2012-08-23 16:00:00,240.43634
2012-08-23 17:00:00,248.57857
2012-08-23 18:00:00,249.32253
2012-08-23 19:00:00,194.49536
2012-08-23 20:00:00,172.10916
2012-08-23 21:00:00,186.75206
2012-08-23 22:00:00,213.01434
2012-08-23 23:00:00,182.88708
2012-08-24 00:00:00,182.88708
2012-08-24 01:00:00,172.39066
2012-08-24 02:00:00,111.25057
2012-08-24 03:00:00,98.168
2012-08-24 04:00:00,172.39066
2012-08-24 05:00:00,79.785
2012-08-24 06:00:00,106.416794
2012-08-24 07:00:00,167.3096
2012-08-24 08:00:00,177.58246
2012-08-24 09:00:00,222.00346
2012-08-24 10:00:00,245.68677
2012-08-24 11:00:00,242.72769
2012-08-24 12:00:00,248.16693
2012-08-24 13:00:00,263.0396
2012-08-24 14:00:00,217.92075
2012-08-24 15:00:00,241.85623
2012-08-24 16:00:00,241.85623
2012-08-24 17:00:00,239.61713
2012-08-24 18:00:00,237.76996
2012-08-24 19:00:00,233.89621
2012-08-24 20:00:00,230.29395
2012-08-24 21:00:00,228.13515
2012-08-24 22:00:00,208.16045
2012-08-24 23:00:00,202.21878
2012-08-25 00:00:00,204.01506
2012-08-25 01:00:00,200.4454
2012-08-25 02:00:00,167.24745
2012-08-25 03:00:00,87.6542
2012-08-25 04:00:00,172.0933
2012-08-25 05:00:00,143.36522
2012-08-25 06:00:00,110.75213
2012-08-25 07:00:00,108.531334
2012-08-25 08:00:00,142.48291
2012-08-25 09:00:00,188.50076
2012-08-25 10:00:00,231.62112
2012-08-25 11:00:00,248.62704
2012-08-25 12:00:00,287.11594
2012-08-25 13:00:00,313.13535
2012-08-25 14:00:00,211.80153
2012-08-25 15:00:00,171.31152
2012-08-25 16:00:00,152.3655
2012-08-25 17:00:00,163.78342
2012-08-25 18:00:00,209.84258
2012-08-25 19:00:00,119.03312
2012-08-25 20:00:00,88.79055
2012-08-25 21:00:00,94.21263
2012-08-25 22:00:00,94.21263
2012-08-25 23:00:00,77.46084
2012-08-26 00:00:00,51.231
2012-08-26 01:00:00,45.212772
2012-08-26 02:00:00,59.72637
2012-08-26 03:00:00,61.257435
2012-08-26 04:00:00,59.214115
2012-08-26 05:00:00,45.212772
2012-08-26 06:00:00,60.245075
2012-08-26 07:00:00,45.212772
2012-08-26 08:00:00,98.18025
2012-08-26 09:00:00,91.14636
2012-08-26 10:00:00,225.55992
2012-08-26 11:00:00,224.92719
2012-08-26 12:00:00,197.05757
2012-08-26 13:00:00,130.51865
2012-08-26 14:00:00,43.348183
2012-08-26 15:00:00,75.65898
2012-08-26 16:00:00,75.65898
2012-08-26 17:00:00,47.664062
2012-08-26 18:00:00,73.70613
2012-08-26 19:00:00,61.50408
2012-08-26 20:00:00,43.888016
2012-08-26 21:00:00,47.357273
2012-08-26 22:00:00,43.135654
2012-08-26 23:00:00,45.68128
2012-08-27 00:00:00,60.03083
2012-08-27 01:00:00,48.12561
2012-08-27 02:00:00,49.70175
2012-08-27 03:00:00,48.12561
2012-08-27 04:00:00,60.03083
2012-08-27 05:00:00,49.4495
2012-08-27 06:00:00,49.4495
2012-08-27 07:00:00,65.96397
2012-08-27 08:00:00,64.45745
2012-08-27 09:00:00,65.29683
2012-08-27 10:00:00,161.6848
2012-08-27 11:00:00,223.73206
2012-08-27 12:00:00,123.76359
2012-08-27 13:00:00,222.86757
2012-08-27 14:00:00,193.98828
2012-08-27 15:00:00,253.28455
2012-08-27 16:00:00,258.64224
2012-08-27 17:00:00,237.31348
2012-08-27 18:00:00,248.77597
2012-08-27 19:00:00,230.58498
2012-08-27 20:00:00,215.01195
2012-08-27 21:00:00,181.71806
2012-08-27 22:00:00,99.68315
2012-08-27 23:00:00,91.631226
2012-08-28 00:00:00,128.41667
2012-08-28 01:00:00,77.61258
2012-08-28 02:00:00,120.634605
2012-08-28 03:00:00,56.781063
2012-08-28 04:00:00,68.77344
2012-08-28 05:00:00,129.352
2012-08-28 06:00:00,90.53493
2012-08-28 07:00:00,131.09491
2012-08-28 08:00:00,111.85953
2012-08-28 09:00:00,192.01254
2012-08-28 10:00:00,249.62756
2012-08-28 11:00:00,252.75082
2012-08-28 12:00:00,230.77122
2012-08-28 13:00:00,218.53145
2012-08-28 14:00:00,215.24242
2012-08-28 15:00:00,221.5532
2012-08-28 16:00:00,224.2987
2012-08-28 17:00:00,230.03741
2012-08-28 18:00:00,232.80174
2012-08-28 19:00:00,248.04059
2012-08-28 20:00:00,210.99457
2012-08-28 21:00:00,202.69818
2012-08-28 22:00:00,157.73152
2012-08-28 23:00:00,151.84683
2012-08-29 00:00:00,111.25057
2012-08-29 01:00:00,141.54655
2012-08-29 02:00:00,104.56384
2012-08-29 03:00:00,101.509094
2012-08-29 04:00:00,124.24704
2012-08-29 05:00:00,113.43911
2012-08-29 06:00:00,113.43911
2012-08-29 07:00:00,147.1081
2012-08-29 08:00:00,191.24788
2012-08-29 09:00:00,237.50911
2012-08-29 10:00:00,234.86374
2012-08-29 11:00:00,199.50407
2012-08-29 12:00:00,208.72296
2012-08-29 13:00:00,206.78934
2012-08-29 14:00:00,224.95282
2012-08-29 15:00:00,255.85248
2012-08-29 16:00:00,259.32
2012-08-29 17:00:00,245.1619
2012-08-29 18:00:00,257.60425
2012-08-29 19:00:00,228.61569
2012-08-29 20:00:00,151.84683
2012-08-29 21:00:00,186.9777
2012-08-29 22:00:00,169.05612
2012-08-29 23:00:00,157.70226
2012-08-30 00:00:00,115.68213
2012-08-30 01:00:00,133.55226
2012-08-30 02:00:00,105.49569
2012-08-30 03:00:00,105.49569
2012-08-30 04:00:00,105.49569
2012-08-30 05:00:00,105.49569
2012-08-30 06:00:00,60.512646
2012-08-30 07:00:00,98.168
2012-08-30 08:00:00,123.61869
2012-08-30 09:00:00,140.62819
2012-08-30 10:00:00,152.14813
2012-08-30 11:00:00,224.95282
2012-08-30 12:00:00,230.76912
2012-08-30 13:00:00,205.39087
2012-08-30 14:00:00,222.56015
2012-08-30 15:00:00,236.20248
2012-08-30 16:00:00,241.45975
2012-08-30 17:00:00,236.9837
2012-08-30 18:00:00,244.65796
2012-08-30 19:00:00,222.56015
2012-08-30 20:00:00,215.83453
2012-08-30 21:00:00,180.70728
2012-08-30 22:00:00,105.10985
2012-08-30 23:00:00,131.11655
2012-08-31 00:00:00,83.42099
2012-08-31 01:00:00,83.42099
2012-08-31 02:00:00,56.781063
2012-08-31 03:00:00,54.430794
2012-08-31 04:00:00,52.460808
2012-08-31 05:00:00,57.465637
2012-08-31 06:00:00,92.26149
2012-08-31 07:00:00,83.19194
2012-08-31 08:00:00,190.85992
2012-08-31 09:00:00,111.53807
2012-08-31 10:00:00,165.07574
2012-08-31 11:00:00,227.7087
2012-08-31 12:00:00,237.65015
2012-08-31 13:00:00,223.95006
2012-08-31 14:00:00,243.29774
2012-08-31 15:00:00,224.49202
2012-08-31 16:00:00,234.18494
2012-08-31 17:00:00,254.46606
2012-08-31 18:00:00,228.35612
2012-08-31 19:00:00,212.01814
2012-08-31 20:00:00,212.01814
2012-08-31 21:00:00,237.27176
2012-08-31 22:00:00,237.27176
2012-08-31 23:00:00,178.33087
2012-09-20 00:00:00,156.62286
2012-09-20 01:00:00,81.85403
2012-09-20 02:00:00,84.65272
2012-09-20 03:00:00,65.0159
2012-09-20 04:00:00,54.803078
2012-09-20 05:00:00,54.803078
2012-09-20 06:00:00,65.0159
2012-09-20 07:00:00,48.277603
2012-09-20 08:00:00,121.24626
2012-09-20 09:00:00,169.2426
2012-09-20 10:00:00,195.06752
2012-09-20 11:00:00,206.31686
2012-09-20 12:00:00,235.02628
2012-09-20 13:00:00,232.72089
2012-09-20 14:00:00,243.33322
2012-09-20 15:00:00,245.0751
2012-09-20 16:00:00,232.84967
2012-09-20 17:00:00,234.71814
2012-09-20 18:00:00,214.28166
2012-09-20 19:00:00,201.1471
2012-09-20 20:00:00,156.64424
2012-09-20 21:00:00,164.71355
2012-09-20 22:00:00,90.64696
2012-09-20 23:00:00,129.25084
2012-09-21 00:00:00,134.66571
2012-09-21 01:00:00,122.10757
2012-09-21 02:00:00,122.10757
2012-09-21 03:00:00,64.90506
2012-09-21 04:00:00,74.01173
2012-09-21 05:00:00,53.617966
2012-09-21 06:00:00,64.90506
2012-09-21 07:00:00,80.32701
2012-09-21 08:00:00,91.604355
2012-09-21 09:00:00,132.41171
2012-09-21 10:00:00,213.29166
2012-09-21 11:00:00,228.0593
2012-09-21 12:00:00,203.58484
2012-09-21 13:00:00,214.08228
2012-09-21 14:00:00,230.25421
2012-09-21 15:00:00,236.8583
2012-09-21 16:00:00,228.61569
2012-09-21 17:00:00,229.7781
2012-09-21 18:00:00,225.4594
2012-09-21 19:00:00,213.71631
2012-09-21 20:00:00,155.27087
2012-09-21 21:00:00,137.65567
2012-09-21 22:00:00,113.43911
2012-09-21 23:00:00,158.8153
2012-09-22 00:00:00,113.308426
2012-09-22 01:00:00,71.655754
2012-09-22 02:00:00,47.812103
2012-09-22 03:00:00,64.878044
2012-09-22 04:00:00,64.878044
2012-09-22 05:00:00,72.46056
2012-09-22 06:00:00,67.764244
2012-09-22 07:00:00,74.10698
2012-09-22 08:00:00,119.83333
2012-09-22 09:00:00,124.017944
2012-09-22 10:00:00,193.77838
2012-09-22 11:00:00,230.14279
2012-09-22 12:00:00,276.67987
2012-09-22 13:00:00,301.2889
2012-09-22 14:00:00,312.36417
2012-09-22 15:00:00,321.3377
2012-09-22 16:00:00,302.6377
2012-09-22 17:00:00,302.6377
2012-09-22 18:00:00,268.32272
2012-09-22 19:00:00,190.62587
2012-09-22 20:00:00,256.1414
2012-09-22 21:00:00,238.71649
2012-09-22 22:00:00,216.70041
2012-09-22 23:00:00,284.70654
2012-09-23 00:00:00,387.416
2012-09-23 01:00:00,263.84982
2012-09-23 02:00:00,283.94632
2012-09-23 03:00:00,232.13411
2012-09-23 04:00:00,219.7044
2012-09-23 05:00:00,206.84865
2012-09-23 06:00:00,181.92639
2012-09-23 07:00:00,205.99547
2012-09-23 08:00:00,221.29736
2012-09-23 09:00:00,251.98953
2012-09-23 10:00:00,308.55386
2012-09-23 11:00:00,317.71103
2012-09-23 12:00:00,374.32
2012-09-23 13:00:00,391.56235
2012-09-23 14:00:00,389.2388
2012-09-23 15:00:00,402.47366
2012-09-23 16:00:00,359.6945
2012-09-23 17:00:00,336.60925
2012-09-23 18:00:00,363.97125
2012-09-23 19:00:00,338.4108
2012-09-23 20:00:00,338.4108
2012-09-23 21:00:00,259.5616
2012-09-23 22:00:00,352.76614
2012-09-23 23:00:00,258.46082
2012-09-24 00:00:00,168.31537
2012-09-24 01:00:00,178.00856
2012-09-24 02:00:00,242.41649
2012-09-24 03:00:00,180.67107
2012-09-24 04:00:00,175.1873
2012-09-24 05:00:00,259.20294
2012-09-24 06:00:00,270.24573
2012-09-24 07:00:00,178.00856
2012-09-24 08:00:00,196.20746
2012-09-24 09:00:00,202.75928
2012-09-24 10:00:00,213.50806
2012-09-24 11:00:00,269.715
2012-09-24 12:00:00,249.09514
2012-09-24 13:00:00,264.33878
2012-09-24 14:00:00,314.42093
2012-09-24 15:00:00,297.81058
2012-09-24 16:00:00,279.22247
2012-09-24 17:00:00,314.61328
2012-09-24 18:00:00,274.1222
2012-09-24 19:00:00,260.60513
2012-09-24 20:00:00,239.14424
2012-09-24 21:00:00,220.43257
2012-09-24 22:00:00,197.07285
2012-09-24 23:00:00,194.30444
2012-09-25 00:00:00,165.80077
2012-09-25 01:00:00,144.77986
2012-09-25 02:00:00,117.40834
2012-09-25 03:00:00,141.48521
2012-09-25 04:00:00,136.13634
2012-09-25 05:00:00,118.36035
2012-09-25 06:00:00,134.35413
2012-09-25 07:00:00,131.1499
2012-09-25 08:00:00,171.76463
2012-09-25 09:00:00,210.4866
2012-09-25 10:00:00,206.50621
2012-09-25 11:00:00,235.41248
2012-09-25 12:00:00,250.70004
2012-09-25 13:00:00,271.38925
2012-09-25 14:00:00,257.4792
2012-09-25 15:00:00,264.50214
2012-09-25 16:00:00,267.05026
2012-09-25 17:00:00,272.0174
2012-09-25 18:00:00,275.0977
2012-09-25 19:00:00,266.24066
2012-09-25 20:00:00,249.78867
2012-09-25 21:00:00,249.78867
2012-09-25 22:00:00,256.1958
2012-09-25 23:00:00,237.7201
2012-09-26 00:00:00,223.68997
2012-09-26 01:00:00,211.08475
2012-09-26 02:00:00,224.1678
2012-09-26 03:00:00,224.1678
2012-09-26 04:00:00,204.58212
2012-09-26 05:00:00,200.1102
2012-09-26 06:00:00,190.68297
2012-09-26 07:00:00,168.94986
2012-09-26 08:00:00,203.46347
2012-09-26 09:00:00,257.64023
2012-09-26 10:00:00,227.13696
2012-09-26 11:00:00,286.45966
2012-09-26 12:00:00,303.6459
2012-09-26 13:00:00,315.37952
2012-09-26 14:00:00,299.56677
2012-09-26 15:00:00,293.55173
2012-09-26 16:00:00,295.68936
2012-09-26 17:00:00,293.55173
2012-09-26 18:00:00,322.05182
2012-09-26 19:00:00,304.28186
2012-09-26 20:00:00,271.90344
2012-09-26 21:00:00,278.43967
2012-09-26 22:00:00,278.75952
2012-09-26 23:00:00,216.14095
2012-09-27 00:00:00,188.35643
2012-09-27 01:00:00,188.35643
2012-09-27 02:00:00,188.35643
2012-09-27 03:00:00,183.40794
2012-09-27 04:00:00,98.95654
2012-09-27 05:00:00,147.13399
2012-09-27 06:00:00,115.08952
2012-09-27 07:00:00,183.40794
2012-09-27 08:00:00,257.11737
2012-09-27 09:00:00,320.4494
2012-09-27 10:00:00,239.64854
2012-09-27 11:00:00,290.12985
2012-09-27 12:00:00,299.99472
2012-09-27 13:00:00,319.9106
2012-09-27 14:00:00,313.50946
2012-09-27 15:00:00,327.38443
2012-09-27 16:00:00,241.9002
2012-09-27 17:00:00,244.86107
2012-09-27 18:00:00,264.06613
2012-09-27 19:00:00,288.09006
2012-09-27 20:00:00,255.55963
2012-09-27 21:00:00,187.49579
2012-09-27 22:00:00,187.49579
2012-09-27 23:00:00,184.5567
2012-09-28 00:00:00,131.72763
2012-09-28 01:00:00,129.17001
2012-09-28 02:00:00,133.05666
2012-09-28 03:00:00,162.39641
2012-09-28 04:00:00,115.21072
2012-09-28 05:00:00,119.31191
2012-09-28 06:00:00,99.18349
2012-09-28 07:00:00,84.65542
2012-09-28 08:00:00,156.58319
2012-09-28 09:00:00,166.22491
2012-09-28 10:00:00,205.63983
2012-09-28 11:00:00,255.59734
2012-09-28 12:00:00,260.38776
2012-09-28 13:00:00,254.30164
2012-09-28 14:00:00,260.38776
2012-09-28 15:00:00,238.59496
2012-09-28 16:00:00,260.4106
2012-09-28 17:00:00,225.29556
2012-09-28 18:00:00,256.10373
2012-09-28 19:00:00,282.2066
2012-09-28 20:00:00,292.8941
2012-09-28 21:00:00,289.98782
2012-09-28 22:00:00,255.82445
2012-09-28 23:00:00,253.21198
2012-09-29 00:00:00,255.76257
2012-09-29 01:00:00,255.76257
2012-09-29 02:00:00,266.61765
2012-09-29 03:00:00,255.86618
2012-09-29 04:00:00,242.25043
2012-09-29 05:00:00,219.64764
2012-09-29 06:00:00,213.40947
2012-09-29 07:00:00,173.14159
2012-09-29 08:00:00,179.37976
2012-09-29 09:00:00,219.64764
2012-09-29 10:00:00,266.91177
2012-09-29 11:00:00,290.8581
2012-09-29 12:00:00,369.9215
2012-09-29 13:00:00,369.9215
2012-09-29 14:00:00,377.03796
2012-09-29 15:00:00,371.76575
2012-09-29 16:00:00,379.19482
2012-09-29 17:00:00,347.02567
2012-09-29 18:00:00,334.373
2012-09-29 19:00:00,270.84525
2012-09-29 20:00:00,263.7797
2012-09-29 21:00:00,283.99713
2012-09-29 22:00:00,243.9957
2012-09-29 23:00:00,269.29333
2012-09-30 00:00:00,284.10226
2012-09-30 01:00:00,284.10226
2012-09-30 02:00:00,259.3651
2012-09-30 03:00:00,219.17384
2012-09-30 04:00:00,219.17384
2012-09-30 05:00:00,194.03477
2012-09-30 06:00:00,183.34612
2012-09-30 07:00:00,141.36443
2012-09-30 08:00:00,222.55998
2012-09-30 09:00:00,247.9674
2012-09-30 10:00:00,351.9736
2012-09-30 11:00:00,370.2099
2012-09-30 12:00:00,369.9215
2012-09-30 13:00:00,379.19482
2012-09-30 14:00:00,379.19482
2012-09-30 15:00:00,396.27756
2012-09-30 16:00:00,397.2327
2012-09-30 17:00:00,382.858
2012-09-30 18:00:00,188.4877
2012-09-30 19:00:00,209.05406
2012-09-30 20:00:00,209.05406
2012-09-30 21:00:00,234.7462
2012-09-30 22:00:00,211.14868
2012-09-30 23:00:00,196.13365
2012-10-20 00:00:00,118.574356
2012-10-20 01:00:00,178.65671
2012-10-20 02:00:00,159.69519
2012-10-20 03:00:00,147.2791
2012-10-20 04:00:00,194.03477
2012-10-20 05:00:00,88.044815
2012-10-20 06:00:00,191.8861
2012-10-20 07:00:00,88.044815
2012-10-20 08:00:00,200.89703
2012-10-20 09:00:00,253.53375
2012-10-20 10:00:00,297.14417
2012-10-20 11:00:00,285.53363
2012-10-20 12:00:00,355.92343
2012-10-20 13:00:00,359.69363
2012-10-20 14:00:00,400.73056
2012-10-20 15:00:00,389.307
2012-10-20 16:00:00,314.43237
2012-10-20 17:00:00,355.5287
2012-10-20 18:00:00,337.07547
2012-10-20 19:00:00,316.21225
2012-10-20 20:00:00,323.85916
2012-10-20 21:00:00,255.96188
2012-10-20 22:00:00,258.56326
2012-10-20 23:00:00,260.33072
2012-10-21 00:00:00,220.55107
2012-10-21 01:00:00,183.30305
2012-10-21 02:00:00,158.89645
2012-10-21 03:00:00,167.01079
2012-10-21 04:00:00,117.16949
2012-10-21 05:00:00,167.01079
2012-10-21 06:00:00,234.72377
2012-10-21 07:00:00,234.72377
2012-10-21 08:00:00,226.20575
2012-10-21 09:00:00,229.81374
2012-10-21 10:00:00,268.0356
2012-10-21 11:00:00,279.2146
2012-10-21 12:00:00,302.82065
2012-10-21 13:00:00,355.718
2012-10-21 14:00:00,379.82462
2012-10-21 15:00:00,321.348
2012-10-21 16:00:00,355.5287
2012-10-21 17:00:00,327.66364
2012-10-21 18:00:00,345.56497
2012-10-21 19:00:00,323.18637
2012-10-21 20:00:00,291.5332
2012-10-21 21:00:00,207.01756
2012-10-21 22:00:00,275.7654
2012-10-21 23:00:00,288.289
2012-10-22 00:00:00,220.03665
2012-10-22 01:00:00,149.16296
2012-10-22 02:00:00,125.08035
2012-10-22 03:00:00,220.03665
2012-10-22 04:00:00,169.49072
2012-10-22 05:00:00,101.17734
2012-10-22 06:00:00,95.77274
2012-10-22 07:00:00,149.78122
2012-10-22 08:00:00,211.39635
2012-10-22 09:00:00,220.4332
2012-10-22 10:00:00,272.4432
2012-10-22 11:00:00,278.28064
2012-10-22 12:00:00,296.68048
2012-10-22 13:00:00,319.9382
2012-10-22 14:00:00,316.4224
2012-10-22 15:00:00,321.20563
2012-10-22 16:00:00,302.81757
2012-10-22 17:00:00,293.7871
2012-10-22 18:00:00,260.83994
2012-10-22 19:00:00,239.14424
2012-10-22 20:00:00,240.16177
2012-10-22 21:00:00,217.86742
2012-10-22 22:00:00,122.93551
2012-10-22 23:00:00,118.71442
2012-10-23 00:00:00,117.21729
2012-10-23 01:00:00,137.83096
2012-10-23 02:00:00,111.03709
2012-10-23 03:00:00,127.32523
2012-10-23 04:00:00,118.456825
2012-10-23 05:00:00,131.2384
2012-10-23 06:00:00,100.39797
2012-10-23 07:00:00,142.7299
2012-10-23 08:00:00,178.98022
2012-10-23 09:00:00,194.14319
2012-10-23 10:00:00,282.45193
2012-10-23 11:00:00,296.40607
2012-10-23 12:00:00,268.85458
2012-10-23 13:00:00,283.30573
2012-10-23 14:00:00,300.498
2012-10-23 15:00:00,291.37228
2012-10-23 16:00:00,299.61252
2012-10-23 17:00:00,308.60114
2012-10-23 18:00:00,280.3227
2012-10-23 19:00:00,285.465
2012-10-23 20:00:00,265.04053
2012-10-23 21:00:00,254.43933
2012-10-23 22:00:00,247.65254
2012-10-23 23:00:00,197.41522
2012-10-24 00:00:00,194.88676
2012-10-24 01:00:00,242.60754
2012-10-24 02:00:00,242.60754
2012-10-24 03:00:00,153.81319
2012-10-24 04:00:00,153.81319
2012-10-24 05:00:00,122.31472
2012-10-24 06:00:00,123.06286
2012-10-24 07:00:00,102.21081
2012-10-24 08:00:00,122.120026
2012-10-24 09:00:00,157.03566
2012-10-24 10:00:00,171.34601
2012-10-24 11:00:00,289.11957
2012-10-24 12:00:00,291.34982
2012-10-24 13:00:00,317.97195
2012-10-24 14:00:00,303.13556
2012-10-24 15:00:00,308.33667
2012-10-24 16:00:00,329.07343
2012-10-24 17:00:00,309.128
2012-10-24 18:00:00,305.13712
2012-10-24 19:00:00,275.27277
2012-10-24 20:00:00,275.01926
2012-10-24 21:00:00,275.09332
2012-10-24 22:00:00,266.58142
2012-10-24 23:00:00,243.99124
2012-10-25 00:00:00,266.50323
2012-10-25 01:00:00,265.57562
2012-10-25 02:00:00,157.98296
2012-10-25 03:00:00,109.09678
2012-10-25 04:00:00,101.80319
2012-10-25 05:00:00,118.81724
2012-10-25 06:00:00,131.15613
2012-10-25 07:00:00,131.15613
2012-10-25 08:00:00,138.41232
2012-10-25 09:00:00,148.08195
2012-10-25 10:00:00,136.08266
2012-10-25 11:00:00,127.46785
2012-10-25 12:00:00,164.2904
2012-10-25 13:00:00,149.7429
2012-10-25 14:00:00,235.08807
2012-10-25 15:00:00,276.99973
2012-10-25 16:00:00,253.95815
2012-10-25 17:00:00,253.95815
2012-10-25 18:00:00,141.93318
2012-10-25 19:00:00,145.89969
2012-10-25 20:00:00,109.09678
2012-10-25 21:00:00,109.09678
2012-10-25 22:00:00,123.52698
2012-10-25 23:00:00,136.08266
2012-10-26 00:00:00,147.31433
2012-10-26 01:00:00,98.77414
2012-10-26 02:00:00,101.80319
2012-10-26 03:00:00,118.81724
2012-10-26 04:00:00,118.81724
2012-10-26 05:00:00,101.80319
2012-10-26 06:00:00,98.77414
2012-10-26 07:00:00,101.80319
2012-10-26 08:00:00,115.131775
2012-10-26 09:00:00,115.131775
2012-10-26 10:00:00,107.82298
2012-10-26 11:00:00,182.3812
2012-10-26 12:00:00,225.82352
2012-10-26 13:00:00,250.07559
2012-10-26 14:00:00,266.58142
2012-10-26 15:00:00,275.09332
2012-10-26 16:00:00,226.94759
2012-10-26 17:00:00,204.50665
2012-10-26 18:00:00,171.19598
2012-10-26 19:00:00,145.63765
2012-10-26 20:00:00,145.63765
2012-10-26 21:00:00,172.12039
2012-10-26 22:00:00,129.59204
2012-10-26 23:00:00,135.62935
2012-10-27 00:00:00,83.47749
2012-10-27 01:00:00,171.3496
2012-10-27 02:00:00,172.999
2012-10-27 03:00:00,83.677185
2012-10-27 04:00:00,171.74046
2012-10-27 05:00:00,205.31018
2012-10-27 06:00:00,205.31018
2012-10-27 07:00:00,105.34253
2012-10-27 08:00:00,125.41421
2012-10-27 09:00:00,125.41421
2012-10-27 10:00:00,180.56683
2012-10-27 11:00:00,254.27931
2012-10-27 12:00:00,337.0579
2012-10-27 13:00:00,371.76575
2012-10-27 14:00:00,362.9913
2012-10-27 15:00:00,283.18646
2012-10-27 16:00:00,272.496
2012-10-27 17:00:00,272.496
2012-10-27 18:00:00,272.496
2012-10-27 19:00:00,251.35922
2012-10-27 20:00:00,251.35922
2012-10-27 21:00:00,251.35922
2012-10-27 22:00:00,247.8705
2012-10-27 23:00:00,237.88197
2012-10-28 00:00:00,214.70277
2012-10-28 01:00:00,229.85347
2012-10-28 02:00:00,240.42831
2012-10-28 03:00:00,246.2872
2012-10-28 04:00:00,247.81514
2012-10-28 05:00:00,246.01636
2012-10-28 06:00:00,253.74084
2012-10-28 07:00:00,251.72797
2012-10-28 08:00:00,188.63779
2012-10-28 09:00:00,237.64648
2012-10-28 10:00:00,237.08224
2012-10-28 11:00:00,248.81258
2012-10-28 12:00:00,195.66158
2012-10-28 13:00:00,222.45647
2012-10-28 14:00:00,222.94688
2012-10-28 15:00:00,198.38838
2012-10-28 16:00:00,148.46057
2012-10-28 17:00:00,122.32307
2012-10-28 18:00:00,118.43125
2012-10-28 19:00:00,120.54817
2012-10-28 20:00:00,124.49049
2012-10-28 21:00:00,136.21619
2012-10-28 22:00:00,133.77249
2012-10-28 23:00:00,120.54817
2012-10-29 00:00:00,89.849556
2012-10-30 13:00:00,82.46502
2012-10-30 14:00:00,82.46502
2012-10-30 15:00:00,75.72969
2012-10-30 16:00:00,75.72969
2012-10-30 17:00:00,72.69019
2012-10-30 18:00:00,66.44287
2012-10-30 19:00:00,227.73462
2012-10-30 20:00:00,111.71224
2012-10-30 21:00:00,79.370895
2012-10-30 22:00:00,93.04916
2012-10-30 23:00:00,93.04916
2012-10-31 00:00:00,86.208626
2012-10-31 01:00:00,84.27348
2012-10-31 02:00:00,92.86215
2012-10-31 03:00:00,86.208626
2012-10-31 04:00:00,97.85748
2012-10-31 05:00:00,92.86215
2012-10-31 06:00:00,98.534744
2012-10-31 07:00:00,84.429886
2012-10-31 08:00:00,93.03872
2012-10-31 09:00:00,104.12248
2012-10-31 10:00:00,123.85387
2012-10-31 11:00:00,182.89822
2012-10-31 12:00:00,172.0523
2012-10-31 13:00:00,192.39862
2012-10-31 14:00:00,227.22122
2012-10-31 15:00:00,196.46245
2012-10-31 16:00:00,226.46048
2012-10-31 17:00:00,227.43492
2012-10-31 18:00:00,227.43492
2012-10-31 19:00:00,228.38184
2012-10-31 20:00:00,228.38184
2012-10-31 21:00:00,228.38184
2012-10-31 22:00:00,181.7406
2012-10-31 23:00:00,190.60178
2012-11-20 00:00:00,111.2792
2012-11-20 01:00:00,124.51795
2012-11-20 02:00:00,91.9755
2012-11-20 03:00:00,110.63615
2012-11-20 04:00:00,175.21321
2012-11-20 05:00:00,141.46297
2012-11-20 06:00:00,133.54134
2012-11-20 07:00:00,88.29104
2012-11-20 08:00:00,113.582695
2012-11-20 09:00:00,105.78473
2012-11-20 10:00:00,201.7602
2012-11-20 11:00:00,205.01012
2012-11-20 12:00:00,178.94173
2012-11-20 13:00:00,240.05154
2012-11-20 14:00:00,240.39813
2012-11-20 15:00:00,250.25699
2012-11-20 16:00:00,226.05383
2012-11-20 17:00:00,173.1012
2012-11-20 18:00:00,201.7602
2012-11-20 19:00:00,119.710594
2012-11-20 20:00:00,98.91154
2012-11-20 21:00:00,103.63704
2012-11-20 22:00:00,103.63704
2012-11-20 23:00:00,87.38098
2012-11-21 00:00:00,86.168945
2012-11-21 01:00:00,87.38098
2012-11-21 02:00:00,81.41161
2012-11-21 03:00:00,81.41161
2012-11-21 04:00:00,81.41161
2012-11-21 05:00:00,81.41161
2012-11-21 06:00:00,79.73378
2012-11-21 07:00:00,77.30854
2012-11-21 08:00:00,80.803696
2012-11-21 09:00:00,88.29104
2012-11-21 10:00:00,169.75368
2012-11-21 11:00:00,198.98073
2012-11-21 12:00:00,226.60397
2012-11-21 13:00:00,232.06793
2012-11-21 14:00:00,254.73663
2012-11-21 15:00:00,257.78018
2012-11-21 16:00:00,259.08456
2012-11-21 17:00:00,226.59024
2012-11-21 18:00:00,243.89162
2012-11-21 19:00:00,213.75452
2012-11-21 20:00:00,167.54797
2012-11-21 21:00:00,241.72728
2012-11-21 22:00:00,228.51686
2012-11-21 23:00:00,112.491745
2012-11-22 00:00:00,44.24959
2012-11-22 01:00:00,43.327778
2012-11-22 02:00:00,44.509518
2012-11-22 03:00:00,45.070847
2012-11-22 04:00:00,46.7049
2012-11-22 05:00:00,45.070847
2012-11-22 06:00:00,44.378418
2012-11-22 07:00:00,46.26926
2012-11-22 08:00:00,46.188446
2012-11-22 09:00:00,41.923183
2012-11-22 10:00:00,63.253265
2012-11-22 11:00:00,142.34691
2012-11-22 12:00:00,161.35211
2012-11-22 13:00:00,219.54147
2012-11-22 14:00:00,255.99812
2012-11-22 15:00:00,255.99812
2012-11-22 16:00:00,207.56177
2012-11-22 17:00:00,161.35211
2012-11-22 18:00:00,91.67561
2012-11-22 19:00:00,44.808178
2012-11-22 20:00:00,43.788654
2012-11-22 21:00:00,50.70601
2012-11-22 22:00:00,44.308456
2012-11-22 23:00:00,41.056812
2012-11-23 00:00:00,79.77935
2012-11-23 01:00:00,81.10785
2012-11-23 02:00:00,82.29636
2012-11-23 03:00:00,62.406006
2012-11-23 04:00:00,93.06039
2012-11-23 05:00:00,64.59187
2012-11-23 06:00:00,64.59187
2012-11-23 07:00:00,64.59187
2012-11-23 08:00:00,75.843445
2012-11-23 09:00:00,93.19809
2012-11-23 10:00:00,153.93437
2012-11-23 11:00:00,198.98073
2012-11-23 12:00:00,214.94736
2012-11-23 13:00:00,219.68394
2012-11-23 14:00:00,240.60782
2012-11-23 15:00:00,219.4314
2012-11-23 16:00:00,266.4618
2012-11-23 17:00:00,271.0159
2012-11-23 18:00:00,272.26633
2012-11-23 19:00:00,247.02518
2012-11-23 20:00:00,245.67616
2012-11-23 21:00:00,197.42328
2012-11-23 22:00:00,220.48125
2012-11-23 23:00:00,207.1305
2012-11-24 00:00:00,219.02002
2012-11-24 01:00:00,133.83624
2012-11-24 02:00:00,124.66071
2012-11-24 03:00:00,121.96257
2012-11-24 04:00:00,96.46657
2012-11-24 05:00:00,109.73605
2012-11-24 06:00:00,95.23451
2012-11-24 07:00:00,98.17394
2012-11-24 08:00:00,102.22684
2012-11-24 09:00:00,101.37987
2012-11-24 10:00:00,96.258896
2012-11-24 11:00:00,107.89073
2012-11-24 12:00:00,126.8167
2012-11-24 13:00:00,219.65628
2012-11-24 14:00:00,176.49806
2012-11-24 15:00:00,137.22824
2012-11-24 16:00:00,112.25389
2012-11-24 17:00:00,101.01101
2012-11-24 18:00:00,105.63006
2012-11-24 19:00:00,112.41794
2012-11-24 20:00:00,95.23451
2012-11-24 21:00:00,87.55292
2012-11-24 22:00:00,92.90558
2012-11-24 23:00:00,87.55292
2012-11-25 00:00:00,77.184326
2012-11-25 01:00:00,81.29367
2012-11-25 02:00:00,85.10863
2012-11-25 03:00:00,101.42619
2012-11-25 04:00:00,101.42619
2012-11-25 05:00:00,72.81703
2012-11-25 06:00:00,77.07713
2012-11-25 07:00:00,74.6501
2012-11-25 08:00:00,68.89852
2012-11-25 09:00:00,77.67267
2012-11-25 10:00:00,82.605606
2012-11-25 11:00:00,86.841
2012-11-25 12:00:00,86.841
2012-11-25 13:00:00,84.841125
2012-11-25 14:00:00,107.94031
2012-11-25 15:00:00,148.92484
2012-11-25 16:00:00,157.03987
2012-11-25 17:00:00,120.72184
2012-11-25 18:00:00,100.045456
2012-11-25 19:00:00,133.03757
2012-11-25 20:00:00,62.234417
2012-11-25 21:00:00,109.46375
2012-11-25 22:00:00,62.234417
2012-11-25 23:00:00,45.47159
2012-11-26 00:00:00,58.92488
2012-11-26 01:00:00,57.80814
2012-11-26 02:00:00,57.80814
2012-11-26 03:00:00,57.80814
2012-11-26 04:00:00,58.92488
2012-11-26 05:00:00,134.23218
2012-11-26 06:00:00,58.92488
2012-11-26 07:00:00,66.96819
2012-11-26 08:00:00,66.96819
2012-11-26 09:00:00,110.49974
2012-11-26 10:00:00,202.93756
2012-11-26 11:00:00,205.26491
2012-11-26 12:00:00,251.82553
2012-11-26 13:00:00,251.82553
2012-11-26 14:00:00,278.41696
2012-11-26 15:00:00,255.1666
2012-11-26 16:00:00,291.70505
2012-11-26 17:00:00,284.08023
2012-11-26 18:00:00,205.72003
2012-11-26 19:00:00,216.41106
2012-11-26 20:00:00,228.51686
2012-11-26 21:00:00,228.51686
2012-11-26 22:00:00,112.491745
2012-11-26 23:00:00,115.35618
2012-11-27 00:00:00,109.98819
2012-11-27 01:00:00,119.2306
2012-11-27 02:00:00,131.95126
2012-11-27 03:00:00,103.070724
2012-11-27 04:00:00,76.399864
2012-11-27 05:00:00,119.76239
2012-11-27 06:00:00,101.11007
2012-11-27 07:00:00,73.706665
2012-11-27 08:00:00,75.60032
2012-11-27 09:00:00,94.518555
2012-11-27 10:00:00,76.63429
2012-11-27 11:00:00,82.83759
2012-11-27 12:00:00,82.38607
2012-11-27 13:00:00,75.35266
2012-11-27 14:00:00,86.377495
2012-11-27 15:00:00,156.89325
2012-11-27 16:00:00,156.89325
2012-11-27 17:00:00,129.1388
2012-11-27 18:00:00,104.41595
2012-11-27 19:00:00,118.89378
2012-11-27 20:00:00,115.85077
2012-11-27 21:00:00,106.53281
2012-11-27 22:00:00,102.03237
2012-11-27 23:00:00,127.11934
2012-11-28 00:00:00,143.72168
2012-11-28 01:00:00,130.72195
2012-11-28 02:00:00,130.72195
2012-11-28 03:00:00,140.67247
2012-11-28 04:00:00,125.04179
2012-11-28 05:00:00,100.41612
2012-11-28 06:00:00,149.32268
2012-11-28 07:00:00,125.80128
2012-11-28 08:00:00,147.66284
2012-11-28 09:00:00,154.79823
2012-11-28 10:00:00,190.14505
2012-11-28 11:00:00,219.48949
2012-11-28 12:00:00,194.6376
2012-11-28 13:00:00,220.75807
2012-11-28 14:00:00,196.12338
2012-11-28 15:00:00,212.70674
2012-11-28 16:00:00,228.43987
2012-11-28 17:00:00,251.90167
2012-11-28 18:00:00,204.1559
2012-11-28 19:00:00,235.99936
2012-11-28 20:00:00,237.86066
2012-11-28 21:00:00,228.31885
2012-11-28 22:00:00,177.19534
2012-11-28 23:00:00,128.6952
2012-11-29 00:00:00,92.101776
2012-11-29 01:00:00,72.58862
2012-11-29 02:00:00,64.626564
2012-11-29 04:00:00,81.966736
2012-11-29 05:00:00,57.80814
2012-11-29 06:00:00,58.92488
2012-11-29 07:00:00,61.9158
2012-11-29 08:00:00,80.01157
2012-11-29 09:00:00,81.78104
2012-11-29 10:00:00,77.79015
2012-11-29 11:00:00,214.1005
2012-11-29 12:00:00,230.46753
2012-11-29 13:00:00,250.48883
2012-11-29 14:00:00,204.1016
2012-11-29 15:00:00,189.81544
2012-11-29 16:00:00,207.7756
2012-11-29 17:00:00,222.39735
2012-11-29 18:00:00,203.85687
2012-11-29 19:00:00,178.24089
2012-11-29 20:00:00,177.91017
2012-11-29 21:00:00,106.09556
2012-11-29 22:00:00,74.617195
2012-11-29 23:00:00,91.317154
2012-11-30 00:00:00,127.84935
2012-11-30 01:00:00,75.850586
2012-11-30 02:00:00,59.54324
2012-11-30 03:00:00,59.54324
2012-11-30 04:00:00,57.582645
2012-11-30 05:00:00,58.298965
2012-11-30 06:00:00,62.195194
2012-11-30 07:00:00,59.925583
2012-11-30 08:00:00,71.32207
2012-11-30 09:00:00,83.647224
2012-11-30 10:00:00,97.62543
2012-11-30 11:00:00,177.91734
2012-11-30 12:00:00,223.08073
2012-11-30 13:00:00,242.14856
2012-11-30 14:00:00,240.39012
2012-11-30 15:00:00,250.51424
2012-11-30 16:00:00,224.63023
2012-11-30 17:00:00,200.4278
2012-11-30 18:00:00,125.2087
2012-11-30 19:00:00,92.79298
2012-11-30 20:00:00,92.79298
2012-11-30 21:00:00,85.390976
2012-11-30 22:00:00,71.7032
2012-11-30 23:00:00,91.191505
2012-12-20 00:00:00,157.49387
2012-12-20 01:00:00,92.79298
2012-12-20 02:00:00,92.79298
2012-12-20 03:00:00,97.06182
2012-12-20 04:00:00,97.06182
2012-12-20 05:00:00,101.1772
2012-12-20 06:00:00,97.62543
2012-12-20 07:00:00,92.64696
2012-12-20 08:00:00,92.64696
2012-12-20 09:00:00,92.64696
2012-12-20 10:00:00,103.32307
2012-12-20 11:00:00,213.8169
2012-12-20 12:00:00,218.14957
2012-12-20 13:00:00,216.11745
2012-12-20 14:00:00,220.64157
2012-12-20 15:00:00,209.3974
2012-12-20 16:00:00,178.52196
2012-12-20 17:00:00,175.21321
2012-12-20 18:00:00,144.06216
2012-12-20 19:00:00,104.30669
2012-12-20 20:00:00,88.913376
2012-12-20 21:00:00,88.913376
2012-12-20 22:00:00,70.9105
2012-12-20 23:00:00,85.90686
2012-12-21 00:00:00,78.02928
2012-12-21 01:00:00,64.96688
2012-12-21 02:00:00,69.873764
2012-12-21 03:00:00,69.873764
2012-12-21 04:00:00,61.756077
2012-12-21 05:00:00,59.60842
2012-12-21 06:00:00,67.11606
2012-12-21 07:00:00,106.06733
2012-12-21 08:00:00,90.35516
2012-12-21 09:00:00,76.169945
2012-12-21 10:00:00,100.75947
2012-12-21 11:00:00,76.104904
2012-12-21 12:00:00,76.82638
2012-12-21 13:00:00,75.120094
2012-12-21 14:00:00,74.983116
2012-12-21 15:00:00,73.651306
2012-12-21 16:00:00,75.185715
2012-12-21 17:00:00,69.72565
2012-12-21 18:00:00,72.20642
2012-12-21 19:00:00,89.09862
2012-12-21 20:00:00,92.31195
2012-12-21 21:00:00,85.136086
2012-12-21 22:00:00,82.62833
2012-12-21 23:00:00,82.84035
2012-12-22 00:00:00,61.59025
2012-12-22 01:00:00,67.26628
2012-12-22 02:00:00,63.134003
2012-12-22 03:00:00,64.88525
2012-12-22 04:00:00,65.10336
2012-12-22 05:00:00,67.38736
2012-12-22 06:00:00,69.81917
2012-12-22 07:00:00,69.81917
2012-12-22 08:00:00,60.972496
2012-12-22 09:00:00,69.08809
2012-12-22 10:00:00,73.07597
2012-12-22 11:00:00,81.13786
2012-12-22 12:00:00,71.65475
2012-12-22 13:00:00,86.71734
2012-12-22 14:00:00,85.29667
2012-12-22 15:00:00,80.4816
2012-12-22 16:00:00,79.91297
2012-12-22 17:00:00,85.99295
2012-12-22 18:00:00,66.45203
2012-12-22 19:00:00,67.0785
2012-12-22 20:00:00,57.493744
2012-12-22 21:00:00,63.580517
2012-12-22 22:00:00,63.580517
2012-12-22 23:00:00,56.28709
2012-12-23 00:00:00,66.08596
2012-12-23 01:00:00,58.25856
2012-12-23 02:00:00,50.373234
2012-12-23 03:00:00,47.189087
2012-12-23 04:00:00,49.179356
2012-12-23 05:00:00,43.821877
2012-12-23 06:00:00,36.71509
2012-12-23 07:00:00,36.71509
2012-12-23 08:00:00,36.250084
2012-12-23 09:00:00,43.804703
2012-12-23 10:00:00,49.11917
2012-12-23 11:00:00,56.019196
2012-12-23 12:00:00,85.29997
2012-12-23 13:00:00,102.25192
2012-12-23 14:00:00,108.26373
2012-12-23 15:00:00,107.76238
2012-12-23 16:00:00,117.762764
2012-12-23 17:00:00,87.41697
2012-12-23 18:00:00,80.601234
2012-12-23 19:00:00,74.69919
2012-12-23 20:00:00,47.951782
2012-12-23 21:00:00,46.710796
2012-12-23 22:00:00,47.520744
2012-12-23 23:00:00,47.255405
2012-12-24 00:00:00,61.63458
2012-12-24 01:00:00,61.63458
2012-12-24 02:00:00,62.186344
2012-12-24 03:00:00,62.186344
2012-12-24 05:00:00,69.25452
2012-12-24 06:00:00,62.186344
2012-12-24 07:00:00,59.901436
2012-12-24 08:00:00,61.63458
2012-12-24 09:00:00,75.42436
2012-12-24 10:00:00,73.70366
2012-12-24 11:00:00,85.21763
2012-12-24 12:00:00,87.20632
2012-12-24 13:00:00,63.201683
2012-12-24 14:00:00,60.554794
2012-12-24 15:00:00,49.466583
2012-12-24 16:00:00,49.466583
2012-12-24 17:00:00,49.595158
2012-12-24 18:00:00,55.423824
2012-12-24 19:00:00,49.836014
2012-12-24 20:00:00,52.124874
2012-12-24 21:00:00,56.18747
2012-12-24 22:00:00,76.85363
2012-12-24 23:00:00,70.694664
2012-12-25 00:00:00,46.45445
2012-12-25 01:00:00,48.056362
2012-12-25 02:00:00,48.056362
2012-12-25 04:00:00,45.90361
2012-12-25 05:00:00,44.728977
2012-12-25 06:00:00,44.728977
2012-12-25 07:00:00,45.107685
2012-12-25 08:00:00,44.558502
2012-12-25 09:00:00,44.266632
2012-12-25 10:00:00,43.261017
2012-12-25 11:00:00,46.484295
2012-12-25 12:00:00,47.55328
2012-12-25 13:00:00,122.79564
2012-12-25 14:00:00,118.18424
2012-12-25 15:00:00,105.26083
2012-12-25 16:00:00,111.93552
2012-12-25 17:00:00,97.2634
2012-12-25 18:00:00,89.90933
2012-12-25 19:00:00,84.02633
2012-12-25 20:00:00,93.00668
2012-12-25 21:00:00,73.95691
2012-12-25 22:00:00,67.65662
2012-12-25 23:00:00,81.56455
2012-12-26 00:00:00,79.90034
2012-12-26 01:00:00,64.21072
2012-12-26 02:00:00,64.21072
2012-12-26 03:00:00,55.764957
2012-12-26 04:00:00,61.14443
2012-12-26 05:00:00,58.557007
2012-12-26 06:00:00,63.10412
2012-12-26 07:00:00,47.522938
2012-12-26 08:00:00,47.522938
2012-12-26 09:00:00,47.522938
2012-12-26 10:00:00,47.653873
2012-12-26 11:00:00,43.059433
2012-12-26 12:00:00,47.659832
2012-12-26 13:00:00,47.659832
2012-12-26 14:00:00,46.252617
2012-12-26 15:00:00,50.085587
2012-12-26 16:00:00,50.085587
2012-12-26 17:00:00,48.30364
2012-12-26 18:00:00,51.01183
2012-12-26 19:00:00,61.28807
2012-12-26 20:00:00,56.31946
2012-12-26 21:00:00,58.795506
2012-12-26 22:00:00,43.48906
2012-12-26 23:00:00,51.41862
2012-12-27 00:00:00,51.41862
2012-12-27 01:00:00,43.48906
2012-12-27 02:00:00,44.762894
2012-12-27 03:00:00,49.300327
2012-12-27 04:00:00,49.972607
2012-12-27 05:00:00,70.51309
2012-12-27 06:00:00,59.09067
2012-12-27 07:00:00,71.44522
2012-12-27 08:00:00,73.97281
2012-12-27 09:00:00,70.16155
2012-12-27 10:00:00,76.05299
2012-12-27 11:00:00,63.427845
2012-12-27 12:00:00,95.496445
2012-12-27 13:00:00,95.496445
2012-12-27 14:00:00,59.80839
2012-12-27 15:00:00,61.33212
2012-12-27 16:00:00,74.94242
2012-12-27 17:00:00,74.94242
2012-12-27 18:00:00,73.43104
2012-12-27 19:00:00,74.37959
2012-12-27 20:00:00,71.83244
2012-12-27 21:00:00,73.43104
2012-12-27 22:00:00,68.87588
2012-12-27 23:00:00,73.43104
2012-12-28 00:00:00,79.76815
2012-12-28 01:00:00,73.75513
2012-12-28 02:00:00,74.32182
2012-12-28 03:00:00,79.76815
2012-12-28 04:00:00,77.036804
2012-12-28 05:00:00,76.340645
2012-12-28 06:00:00,69.82762
2012-12-28 07:00:00,68.16933
2012-12-28 08:00:00,77.697586
2012-12-28 09:00:00,68.87588
2012-12-28 10:00:00,79.00992
2012-12-28 11:00:00,89.34778
2012-12-28 12:00:00,92.147156
2012-12-28 13:00:00,92.147156
2012-12-28 14:00:00,92.147156
2012-12-28 15:00:00,80.310196
2012-12-28 16:00:00,91.15812
2012-12-28 17:00:00,70.37891
2012-12-28 18:00:00,70.37891
2012-12-28 19:00:00,76.79948
2012-12-28 20:00:00,75.42436
2012-12-28 21:00:00,75.76264
2012-12-28 22:00:00,72.61807
2012-12-28 23:00:00,74.08139
2012-12-29 00:00:00,47.022106
2012-12-29 01:00:00,47.92046
2012-12-29 02:00:00,47.022106
2012-12-29 03:00:00,46.93498
2012-12-29 04:00:00,47.92046
2012-12-29 05:00:00,47.92046
2012-12-29 06:00:00,50.371243
2012-12-29 07:00:00,51.655113
2012-12-29 08:00:00,47.21913
2012-12-29 09:00:00,47.21913
2012-12-29 10:00:00,53.288937
2012-12-29 11:00:00,48.713444
2012-12-29 12:00:00,46.280415
2012-12-29 13:00:00,46.280415
2012-12-29 14:00:00,47.065914
2012-12-29 15:00:00,44.26685
2012-12-29 16:00:00,45.876934
2012-12-29 17:00:00,45.757904
2012-12-29 18:00:00,49.56998
2012-12-29 19:00:00,67.71474
2012-12-29 20:00:00,60.87292
2012-12-29 21:00:00,60.712944
2012-12-29 22:00:00,58.773254
2012-12-29 23:00:00,48.613934
2012-12-30 00:00:00,60.517128
2012-12-30 01:00:00,61.763935
2012-12-30 02:00:00,68.780334
2012-12-30 03:00:00,61.763935
2012-12-30 04:00:00,66.53731
2012-12-30 05:00:00,72.852264
2012-12-30 06:00:00,60.732727
2012-12-30 07:00:00,62.86732
2012-12-30 08:00:00,59.693287
2012-12-30 09:00:00,63.046352
2012-12-30 10:00:00,62.904095
2012-12-30 11:00:00,71.60676
2012-12-30 12:00:00,69.13777
2012-12-30 13:00:00,71.65475
2012-12-30 14:00:00,81.074844
2012-12-30 15:00:00,85.07956
2012-12-30 16:00:00,77.574844
2012-12-30 17:00:00,77.08327
2012-12-30 18:00:00,69.32523
2012-12-30 19:00:00,62.303913
2012-12-30 20:00:00,64.8183
2012-12-30 21:00:00,50.373234
2012-12-30 22:00:00,49.978516
2012-12-30 23:00:00,56.576805
2012-12-31 00:00:00,67.5915
2012-12-31 01:00:00,67.5915
2012-12-31 02:00:00,62.15851
2012-12-31 03:00:00,58.22853
2012-12-31 04:00:00,60.058266
2012-12-31 05:00:00,66.781364
2012-12-31 06:00:00,64.4051
2012-12-31 07:00:00,62.3922
2012-12-31 08:00:00,61.63132
2012-12-31 09:00:00,60.94488
2012-12-31 10:00:00,64.79634
2012-12-31 11:00:00,75.8444
2012-12-31 12:00:00,81.329285
2012-12-31 13:00:00,84.7301
2012-12-31 14:00:00,81.76546
2012-12-31 15:00:00,85.50757
2012-12-31 16:00:00,86.43195
2012-12-31 17:00:00,79.224594
2012-12-31 18:00:00,83.29558
2012-12-31 19:00:00,85.21763
2012-12-31 20:00:00,85.21763
2012-12-31 21:00:00,73.97445
2012-12-31 22:00:00,75.24727
2012-12-31 23:00:00,69.95601
