datetime,count
2011-01-20 00:00:00,79.327965
2011-01-20 01:00:00,97.89281
2011-01-20 02:00:00,97.89281
2011-01-20 03:00:00,97.971596
2011-01-20 04:00:00,97.971596
2011-01-20 05:00:00,101.86858
2011-01-20 06:00:00,92.98588
2011-01-20 07:00:00,98.643295
2011-01-20 08:00:00,88.37465
2011-01-20 09:00:00,79.2583
2011-01-20 10:00:00,100.32966
2011-01-20 11:00:00,98.110214
2011-01-20 12:00:00,129.61646
2011-01-20 13:00:00,112.03531
2011-01-20 14:00:00,121.69777
2011-01-20 15:00:00,121.63342
2011-01-20 16:00:00,111.1185
2011-01-20 17:00:00,116.72321
2011-01-20 18:00:00,87.21803
2011-01-20 19:00:00,89.88566
2011-01-20 20:00:00,66.807556
2011-01-20 21:00:00,64.74741
2011-01-20 22:00:00,56.450653
2011-01-20 23:00:00,52.739346
2011-01-21 00:00:00,60.34471
2011-01-21 01:00:00,60.34471
2011-01-21 02:00:00,43.852283
2011-01-21 03:00:00,45.54465
2011-01-21 04:00:00,69.04936
2011-01-21 05:00:00,65.22636
2011-01-21 06:00:00,94.40588
2011-01-21 07:00:00,80.22386
2011-01-21 08:00:00,76.79371
2011-01-21 09:00:00,68.61823
2011-01-21 10:00:00,64.407394
2011-01-21 11:00:00,80.54848
2011-01-21 12:00:00,106.81501
2011-01-21 13:00:00,125.0224
2011-01-21 14:00:00,97.26944
2011-01-21 15:00:00,75.107155
2011-01-21 16:00:00,81.72247
2011-01-21 17:00:00,72.18251
2011-01-21 18:00:00,77.01833
2011-01-21 19:00:00,66.833595
2011-01-21 20:00:00,52.68073
2011-01-21 21:00:00,53.87042
2011-01-21 22:00:00,36.18222
2011-01-21 23:00:00,46.80154
2011-01-22 00:00:00,16.199347
2011-01-22 01:00:00,45.387127
2011-01-22 02:00:00,23.860146
2011-01-22 03:00:00,31.250471
2011-01-22 04:00:00,15.463692
2011-01-22 06:00:00,13.231797
2011-01-22 07:00:00,13.686192
2011-01-22 08:00:00,16.002613
2011-01-22 09:00:00,12.739313
2011-01-22 10:00:00,14.417813
2011-01-22 11:00:00,23.735065
2011-01-22 12:00:00,34.36792
2011-01-22 13:00:00,67.252716
2011-01-22 14:00:00,49.320316
2011-01-22 15:00:00,86.881096
2011-01-22 16:00:00,63.216286
2011-01-22 17:00:00,87.20397
2011-01-22 18:00:00,43.38907
2011-01-22 19:00:00,40.277336
2011-01-22 20:00:00,36.736797
2011-01-22 21:00:00,38.1213
2011-01-22 22:00:00,44.194607
2011-01-22 23:00:00,29.875948
2011-01-23 00:00:00,29.875948
2011-01-23 01:00:00,29.875948
2011-01-23 02:00:00,20.754086
2011-01-23 03:00:00,20.754086
2011-01-23 05:00:00,22.480616
2011-01-23 06:00:00,22.480616
2011-01-23 07:00:00,37.566315
2011-01-23 08:00:00,28.972937
2011-01-23 09:00:00,14.734859
2011-01-23 10:00:00,40.17376
2011-01-23 11:00:00,44.04955
2011-01-23 12:00:00,75.93009
2011-01-23 13:00:00,77.21681
2011-01-23 14:00:00,94.17385
2011-01-23 15:00:00,94.17385
2011-01-23 16:00:00,93.89669
2011-01-23 17:00:00,100.83697
2011-01-23 18:00:00,59.049744
2011-01-23 19:00:00,65.852455
2011-01-23 20:00:00,48.818783
2011-01-23 21:00:00,41.997704
2011-01-23 22:00:00,41.01634
2011-01-23 23:00:00,23.133183
2011-01-24 00:00:00,58.581734
2011-01-24 01:00:00,58.440945
2011-01-24 03:00:00,54.430447
2011-01-24 04:00:00,66.42229
2011-01-24 05:00:00,66.42229
2011-01-24 06:00:00,80.50219
2011-01-24 07:00:00,82.18773
2011-01-24 08:00:00,82.25836
2011-01-24 09:00:00,82.67172
2011-01-24 10:00:00,81.89175
2011-01-24 11:00:00,75.24765
2011-01-24 12:00:00,50.07538
2011-01-24 13:00:00,48.104275
2011-01-24 14:00:00,45.866135
2011-01-24 15:00:00,81.10738
2011-01-24 16:00:00,74.451515
2011-01-24 17:00:00,59.781654
2011-01-24 18:00:00,68.68489
2011-01-24 19:00:00,75.29795
2011-01-24 20:00:00,68.68489
2011-01-24 21:00:00,72.57264
2011-01-24 22:00:00,48.09739
2011-01-24 23:00:00,47.462414
2011-01-25 00:00:00,46.20513
2011-01-25 01:00:00,56.32017
2011-01-25 02:00:00,70.99271
2011-01-25 04:00:00,73.58009
2011-01-25 05:00:00,69.843864
2011-01-25 06:00:00,75.347305
2011-01-25 07:00:00,70.90618
2011-01-25 08:00:00,60.50484
2011-01-25 09:00:00,79.39986
2011-01-25 10:00:00,84.24632
2011-01-25 11:00:00,88.46838
2011-01-25 12:00:00,97.552025
2011-01-25 13:00:00,97.69924
2011-01-25 14:00:00,116.625694
2011-01-25 15:00:00,142.24385
2011-01-25 16:00:00,142.24385
2011-01-25 17:00:00,136.26447
2011-01-25 18:00:00,114.28402
2011-01-25 19:00:00,91.07034
2011-01-25 20:00:00,98.45
2011-01-25 21:00:00,98.45
2011-01-25 22:00:00,98.89212
2011-01-25 23:00:00,71.92818
2011-01-26 00:00:00,62.282856
2011-01-26 01:00:00,82.29231
2011-01-26 02:00:00,43.10493
2011-01-26 05:00:00,44.921925
2011-01-26 06:00:00,44.921925
2011-01-26 07:00:00,46.33499
2011-01-26 08:00:00,46.33499
2011-01-26 09:00:00,46.33499
2011-01-26 10:00:00,45.193333
2011-01-26 11:00:00,46.372818
2011-01-26 12:00:00,46.372818
2011-01-26 13:00:00,46.372818
2011-01-26 14:00:00,46.109062
2011-01-26 15:00:00,39.99656
2011-01-26 16:00:00,38.278397
2011-01-26 17:00:00,43.60512
2011-01-27 16:00:00,100.53713
2011-01-27 17:00:00,101.58579
2011-01-27 18:00:00,84.03563
2011-01-27 19:00:00,84.03563
2011-01-27 20:00:00,81.55399
2011-01-27 21:00:00,81.55399
2011-01-27 22:00:00,81.55399
2011-01-27 23:00:00,73.86466
2011-01-28 00:00:00,62.643085
2011-01-28 01:00:00,62.643085
2011-01-28 02:00:00,61.471706
2011-01-28 03:00:00,65.556435
2011-01-28 05:00:00,66.22493
2011-01-28 06:00:00,63.055134
2011-01-28 07:00:00,65.86934
2011-01-28 08:00:00,65.86934
2011-01-28 09:00:00,49.734913
2011-01-28 10:00:00,48.693016
2011-01-28 11:00:00,50.741333
2011-01-28 12:00:00,50.741333
2011-01-28 13:00:00,50.741333
2011-01-28 14:00:00,92.616325
2011-01-28 15:00:00,105.10772
2011-01-28 16:00:00,99.88942
2011-01-28 17:00:00,83.67324
2011-01-28 18:00:00,77.45318
2011-01-28 19:00:00,64.99261
2011-01-28 20:00:00,65.59229
2011-01-28 21:00:00,63.821407
2011-01-28 22:00:00,71.68309
2011-01-28 23:00:00,101.86858
2011-01-29 00:00:00,51.96715
2011-01-29 01:00:00,40.338184
2011-01-29 02:00:00,40.4521
2011-01-29 03:00:00,39.455166
2011-01-29 04:00:00,39.698063
2011-01-29 06:00:00,39.558277
2011-01-29 07:00:00,38.22184
2011-01-29 08:00:00,42.817757
2011-01-29 09:00:00,38.918987
2011-01-29 10:00:00,39.647545
2011-01-29 11:00:00,38.676785
2011-01-29 12:00:00,48.634335
2011-01-29 13:00:00,44.812145
2011-01-29 14:00:00,41.728413
2011-01-29 15:00:00,43.504883
2011-01-29 16:00:00,49.05844
2011-01-29 17:00:00,71.417465
2011-01-29 18:00:00,40.69454
2011-01-29 19:00:00,46.644012
2011-01-29 20:00:00,39.173904
2011-01-29 21:00:00,39.173904
2011-01-29 22:00:00,37.85908
2011-01-29 23:00:00,37.85908
2011-01-30 00:00:00,35.115334
2011-01-30 01:00:00,30.552883
2011-01-30 02:00:00,35.560417
2011-01-30 03:00:00,24.66243
2011-01-30 04:00:00,24.66243
2011-01-30 05:00:00,29.949306
2011-01-30 07:00:00,29.949306
2011-01-30 08:00:00,38.67154
2011-01-30 09:00:00,29.813696
2011-01-30 10:00:00,32.285717
2011-01-30 11:00:00,36.815155
2011-01-30 12:00:00,86.58001
2011-01-30 13:00:00,82.588684
2011-01-30 14:00:00,85.08863
2011-01-30 15:00:00,74.18337
2011-01-30 16:00:00,74.18337
2011-01-30 17:00:00,99.607346
2011-01-30 18:00:00,47.47244
2011-01-30 19:00:00,47.07901
2011-01-30 20:00:00,56.835865
2011-01-30 21:00:00,47.283855
2011-01-30 22:00:00,50.539486
2011-01-30 23:00:00,53.79278
2011-01-31 00:00:00,65.9522
2011-01-31 01:00:00,81.05889
2011-01-31 02:00:00,98.15169
2011-01-31 03:00:00,98.15169
2011-01-31 04:00:00,84.98782
2011-01-31 05:00:00,66.415184
2011-01-31 06:00:00,62.92929
2011-01-31 07:00:00,44.25016
2011-01-31 08:00:00,42.44188
2011-01-31 09:00:00,41.45536
2011-01-31 10:00:00,49.84493
2011-01-31 11:00:00,49.84493
2011-01-31 12:00:00,70.96391
2011-01-31 13:00:00,89.65633
2011-01-31 14:00:00,72.857796
2011-01-31 15:00:00,57.47669
2011-01-31 16:00:00,53.654896
2011-01-31 17:00:00,49.84493
2011-01-31 18:00:00,46.108566
2011-01-31 19:00:00,107.08623
2011-01-31 20:00:00,40.101707
2011-01-31 21:00:00,45.52266
2011-01-31 22:00:00,65.2345
2011-01-31 23:00:00,67.4762
2011-02-20 00:00:00,108.07566
2011-02-20 01:00:00,95.83281
2011-02-20 02:00:00,110.821495
2011-02-20 03:00:00,92.997826
2011-02-20 04:00:00,92.997826
2011-02-20 06:00:00,52.435932
2011-02-20 07:00:00,46.26253
2011-02-20 08:00:00,63.203022
2011-02-20 09:00:00,54.26084
2011-02-20 10:00:00,76.465294
2011-02-20 11:00:00,116.23321
2011-02-20 12:00:00,154.87634
2011-02-20 13:00:00,181.82706
2011-02-20 14:00:00,232.61957
2011-02-20 15:00:00,219.9019
2011-02-20 16:00:00,201.64752
2011-02-20 17:00:00,183.79146
2011-02-20 18:00:00,138.57982
2011-02-20 19:00:00,138.57982
2011-02-20 20:00:00,148.44122
2011-02-20 21:00:00,88.717834
2011-02-20 22:00:00,81.82126
2011-02-20 23:00:00,81.86918
2011-02-21 00:00:00,139.15938
2011-02-21 01:00:00,139.15938
2011-02-21 02:00:00,139.15938
2011-02-21 03:00:00,138.88487
2011-02-21 04:00:00,126.77391
2011-02-21 05:00:00,139.67206
2011-02-21 06:00:00,183.65959
2011-02-21 07:00:00,188.99481
2011-02-21 08:00:00,75.15961
2011-02-21 09:00:00,76.39831
2011-02-21 10:00:00,78.884026
2011-02-21 11:00:00,111.93205
2011-02-21 12:00:00,75.17275
2011-02-21 13:00:00,76.55529
2011-02-21 14:00:00,59.809742
2011-02-21 15:00:00,64.48092
2011-02-21 16:00:00,38.99408
2011-02-21 17:00:00,88.284645
2011-02-21 18:00:00,50.882412
2011-02-21 19:00:00,50.882412
2011-02-21 20:00:00,35.456844
2011-02-21 21:00:00,10.389122
2011-02-21 22:00:00,12.286901
2011-02-21 23:00:00,12.286901
2011-02-22 06:00:00,49.238895
2011-02-22 07:00:00,49.238895
2011-02-22 08:00:00,51.423115
2011-02-22 09:00:00,49.186455
2011-02-22 10:00:00,76.15783
2011-02-22 11:00:00,77.86674
2011-02-22 12:00:00,87.21881
2011-02-22 13:00:00,105.26714
2011-02-22 14:00:00,100.53713
2011-02-22 15:00:00,103.31896
2011-02-22 16:00:00,103.59237
2011-02-22 17:00:00,95.99295
2011-02-22 18:00:00,96.001114
2011-02-22 19:00:00,85.728226
2011-02-22 20:00:00,90.68169
2011-02-22 21:00:00,90.407455
2011-02-22 22:00:00,80.41384
2011-02-22 23:00:00,80.41384
2011-02-23 00:00:00,70.59757
2011-02-23 01:00:00,81.28273
2011-02-23 02:00:00,79.133835
2011-02-23 03:00:00,73.86482
2011-02-23 05:00:00,78.34903
2011-02-23 06:00:00,78.34903
2011-02-23 07:00:00,81.177444
2011-02-23 08:00:00,75.29795
2011-02-23 09:00:00,94.36933
2011-02-23 10:00:00,92.01773
2011-02-23 11:00:00,108.49959
2011-02-23 12:00:00,150.35762
2011-02-23 13:00:00,169.16776
2011-02-23 14:00:00,175.40797
2011-02-23 15:00:00,185.2997
2011-02-23 16:00:00,161.42693
2011-02-23 17:00:00,185.2997
2011-02-23 18:00:00,175.97209
2011-02-23 19:00:00,153.6445
2011-02-23 20:00:00,109.66949
2011-02-23 21:00:00,111.741135
2011-02-23 22:00:00,111.741135
2011-02-23 23:00:00,101.28512
2011-02-24 00:00:00,101.28512
2011-02-24 01:00:00,96.607956
2011-02-24 02:00:00,83.649475
2011-02-24 03:00:00,87.746124
2011-02-24 05:00:00,82.94675
2011-02-24 06:00:00,74.98836
2011-02-24 07:00:00,74.93644
2011-02-24 08:00:00,81.61874
2011-02-24 09:00:00,54.489285
2011-02-24 10:00:00,63.017097
2011-02-24 11:00:00,159.60428
2011-02-24 12:00:00,179.09767
2011-02-24 13:00:00,150.07526
2011-02-24 14:00:00,148.48979
2011-02-24 15:00:00,234.19473
2011-02-24 16:00:00,105.77041
2011-02-24 17:00:00,97.37091
2011-02-24 18:00:00,72.79895
2011-02-24 19:00:00,53.58974
2011-02-24 20:00:00,70.32882
2011-02-24 21:00:00,72.79895
2011-02-24 22:00:00,57.890106
2011-02-24 23:00:00,75.37677
2011-02-25 00:00:00,158.39723
2011-02-25 01:00:00,83.41997
2011-02-25 02:00:00,83.41997
2011-02-25 03:00:00,113.667725
2011-02-25 05:00:00,113.667725
2011-02-25 06:00:00,118.82824
2011-02-25 07:00:00,70.00402
2011-02-25 08:00:00,82.43343
2011-02-25 09:00:00,53.262394
2011-02-25 10:00:00,86.332504
2011-02-25 11:00:00,171.47327
2011-02-25 12:00:00,211.62755
2011-02-25 13:00:00,211.62755
2011-02-25 14:00:00,261.83627
2011-02-25 15:00:00,200.24304
2011-02-25 16:00:00,156.3294
2011-02-25 17:00:00,101.759865
2011-02-25 18:00:00,142.69218
2011-02-25 19:00:00,137.98792
2011-02-25 20:00:00,94.09827
2011-02-25 21:00:00,146.26985
2011-02-25 22:00:00,98.43844
2011-02-25 23:00:00,110.16095
2011-02-26 00:00:00,62.19396
2011-02-26 01:00:00,53.75536
2011-02-26 02:00:00,52.940685
2011-02-26 03:00:00,52.29046
2011-02-26 04:00:00,51.86744
2011-02-26 05:00:00,40.32716
2011-02-26 06:00:00,62.895733
2011-02-26 07:00:00,70.36986
2011-02-26 08:00:00,74.975784
2011-02-26 09:00:00,57.49707
2011-02-26 10:00:00,88.83627
2011-02-26 11:00:00,74.00696
2011-02-26 12:00:00,96.5005
2011-02-26 13:00:00,134.8564
2011-02-26 14:00:00,142.4277
2011-02-26 15:00:00,141.84619
2011-02-26 16:00:00,150.54585
2011-02-26 17:00:00,159.01843
2011-02-26 18:00:00,130.7778
2011-02-26 19:00:00,118.37638
2011-02-26 20:00:00,97.61401
2011-02-26 21:00:00,55.67186
2011-02-26 22:00:00,43.03886
2011-02-26 23:00:00,45.771168
2011-02-27 00:00:00,46.474136
2011-02-27 01:00:00,44.90628
2011-02-27 02:00:00,42.233253
2011-02-27 03:00:00,33.421215
2011-02-27 04:00:00,44.214386
2011-02-27 06:00:00,51.45682
2011-02-27 07:00:00,44.214386
2011-02-27 08:00:00,46.84485
2011-02-27 09:00:00,35.309654
2011-02-27 10:00:00,50.810707
2011-02-27 11:00:00,85.910866
2011-02-27 12:00:00,95.33736
2011-02-27 13:00:00,123.39802
2011-02-27 14:00:00,173.33235
2011-02-27 15:00:00,226.45709
2011-02-27 16:00:00,234.74817
2011-02-27 17:00:00,151.5554
2011-02-27 18:00:00,144.81763
2011-02-27 19:00:00,117.23527
2011-02-27 20:00:00,95.33736
2011-02-27 21:00:00,105.75959
2011-02-27 22:00:00,104.957275
2011-02-27 23:00:00,102.20588
2011-02-28 00:00:00,120.92997
2011-02-28 01:00:00,55.402035
2011-02-28 03:00:00,54.812717
2011-02-28 05:00:00,120.446556
2011-02-28 06:00:00,119.690315
2011-02-28 07:00:00,139.73894
2011-02-28 08:00:00,74.730774
2011-02-28 09:00:00,103.94961
2011-02-28 10:00:00,212.45421
2011-02-28 11:00:00,201.48073
2011-02-28 12:00:00,201.48076
2011-02-28 13:00:00,135.23158
2011-02-28 14:00:00,85.81662
2011-02-28 15:00:00,85.81662
2011-02-28 16:00:00,145.38197
2011-02-28 17:00:00,78.12194
2011-02-28 18:00:00,132.71655
2011-02-28 19:00:00,135.59189
2011-02-28 20:00:00,135.59189
2011-02-28 21:00:00,89.536766
2011-02-28 22:00:00,57.369312
2011-02-28 23:00:00,64.92891
2011-03-20 00:00:00,133.52351
2011-03-20 01:00:00,82.034
2011-03-20 02:00:00,86.224075
2011-03-20 03:00:00,69.08818
2011-03-20 04:00:00,65.206696
2011-03-20 05:00:00,58.37119
2011-03-20 06:00:00,58.82323
2011-03-20 07:00:00,48.146843
2011-03-20 08:00:00,90.34784
2011-03-20 09:00:00,97.13571
2011-03-20 10:00:00,123.87302
2011-03-20 11:00:00,162.0569
2011-03-20 12:00:00,171.59282
2011-03-20 13:00:00,179.61703
2011-03-20 14:00:00,274.46497
2011-03-20 15:00:00,216.9092
2011-03-20 16:00:00,268.59546
2011-03-20 17:00:00,206.87662
2011-03-20 18:00:00,172.55702
2011-03-20 19:00:00,156.13757
2011-03-20 20:00:00,150.54585
2011-03-20 21:00:00,93.49618
2011-03-20 22:00:00,96.02831
2011-03-20 23:00:00,93.50742
2011-03-21 00:00:00,113.84467
2011-03-21 01:00:00,62.049255
2011-03-21 02:00:00,68.45706
2011-03-21 03:00:00,68.45706
2011-03-21 05:00:00,71.50474
2011-03-21 06:00:00,52.460407
2011-03-21 07:00:00,48.053665
2011-03-21 08:00:00,46.840687
2011-03-21 09:00:00,61.19385
2011-03-21 10:00:00,94.02012
2011-03-21 11:00:00,110.56974
2011-03-21 12:00:00,120.91214
2011-03-21 13:00:00,170.93315
2011-03-21 14:00:00,185.67802
2011-03-21 15:00:00,197.81888
2011-03-21 16:00:00,175.02324
2011-03-21 17:00:00,181.48381
2011-03-21 18:00:00,155.06302
2011-03-21 19:00:00,219.62318
2011-03-21 20:00:00,197.97327
2011-03-21 21:00:00,87.39527
2011-03-21 22:00:00,95.55715
2011-03-21 23:00:00,89.16821
2011-03-22 00:00:00,91.457924
2011-03-22 01:00:00,98.728355
2011-03-22 02:00:00,91.080246
2011-03-22 03:00:00,104.32681
2011-03-22 04:00:00,114.999
2011-03-22 05:00:00,110.02676
2011-03-22 06:00:00,90.793465
2011-03-22 07:00:00,108.83331
2011-03-22 08:00:00,138.95497
2011-03-22 09:00:00,227.71136
2011-03-22 10:00:00,141.71518
2011-03-22 11:00:00,158.40187
2011-03-22 12:00:00,181.11264
2011-03-22 13:00:00,205.439
2011-03-22 14:00:00,227.50961
2011-03-22 15:00:00,213.908
2011-03-22 16:00:00,215.93765
2011-03-22 17:00:00,215.93765
2011-03-22 18:00:00,209.74477
2011-03-22 19:00:00,143.65215
2011-03-22 20:00:00,151.08849
2011-03-22 21:00:00,138.15924
2011-03-22 22:00:00,133.74443
2011-03-22 23:00:00,133.74443
2011-03-23 00:00:00,72.60576
2011-03-23 01:00:00,70.726006
2011-03-23 02:00:00,70.726006
2011-03-23 03:00:00,82.16689
2011-03-23 05:00:00,45.39485
2011-03-23 06:00:00,67.41398
2011-03-23 07:00:00,59.1819
2011-03-23 08:00:00,65.05306
2011-03-23 09:00:00,64.555405
2011-03-23 10:00:00,66.31837
2011-03-23 11:00:00,77.74701
2011-03-23 12:00:00,70.14391
2011-03-23 13:00:00,68.22506
2011-03-23 14:00:00,113.72149
2011-03-23 15:00:00,109.59736
2011-03-23 16:00:00,112.47935
2011-03-23 17:00:00,112.47935
2011-03-23 18:00:00,82.96839
2011-03-23 19:00:00,82.96839
2011-03-23 20:00:00,69.301674
2011-03-23 21:00:00,47.192505
2011-03-23 22:00:00,59.834404
2011-03-23 23:00:00,91.77673
2011-03-24 00:00:00,59.1819
2011-03-24 01:00:00,57.243237
2011-03-24 02:00:00,57.489655
2011-03-24 03:00:00,55.894062
2011-03-24 04:00:00,55.894062
2011-03-24 05:00:00,56.98562
2011-03-24 06:00:00,56.98562
2011-03-24 07:00:00,45.20994
2011-03-24 08:00:00,44.791447
2011-03-24 09:00:00,55.891243
2011-03-24 10:00:00,48.372078
2011-03-24 11:00:00,53.27183
2011-03-24 12:00:00,57.948177
2011-03-24 13:00:00,81.61165
2011-03-24 14:00:00,81.87021
2011-03-24 15:00:00,70.73866
2011-03-24 16:00:00,76.946045
2011-03-24 17:00:00,79.01605
2011-03-24 18:00:00,75.30961
2011-03-24 19:00:00,135.45224
2011-03-24 20:00:00,91.968124
2011-03-24 21:00:00,88.77104
2011-03-24 22:00:00,75.89388
2011-03-24 23:00:00,80.42981
2011-03-25 00:00:00,89.4038
2011-03-25 01:00:00,77.14554
2011-03-25 02:00:00,63.0454
2011-03-25 03:00:00,72.97263
2011-03-25 04:00:00,77.60708
2011-03-25 05:00:00,67.20833
2011-03-25 06:00:00,60.46833
2011-03-25 07:00:00,68.1067
2011-03-25 08:00:00,94.23916
2011-03-25 09:00:00,97.49068
2011-03-25 10:00:00,89.646996
2011-03-25 11:00:00,135.7783
2011-03-25 12:00:00,134.52786
2011-03-25 13:00:00,153.72807
2011-03-25 14:00:00,208.40504
2011-03-25 15:00:00,139.27078
2011-03-25 16:00:00,153.85812
2011-03-25 17:00:00,157.74542
2011-03-25 18:00:00,136.83014
2011-03-25 19:00:00,137.55492
2011-03-25 20:00:00,142.81705
2011-03-25 21:00:00,135.03755
2011-03-25 22:00:00,144.9847
2011-03-25 23:00:00,136.93909
2011-03-26 00:00:00,126.48955
2011-03-26 01:00:00,139.71162
2011-03-26 02:00:00,99.86728
2011-03-26 03:00:00,84.219696
2011-03-26 04:00:00,99.86727
2011-03-26 05:00:00,72.89589
2011-03-26 06:00:00,56.248745
2011-03-26 07:00:00,72.89588
2011-03-26 08:00:00,116.78542
2011-03-26 09:00:00,124.14028
2011-03-26 10:00:00,121.95862
2011-03-26 11:00:00,152.90887
2011-03-26 12:00:00,177.34608
2011-03-26 13:00:00,207.1048
2011-03-26 14:00:00,228.48763
2011-03-26 15:00:00,227.43822
2011-03-26 16:00:00,282.92752
2011-03-26 17:00:00,248.27727
2011-03-26 18:00:00,234.57248
2011-03-26 19:00:00,98.75023
2011-03-26 20:00:00,98.75023
2011-03-26 21:00:00,91.2524
2011-03-26 22:00:00,116.71764
2011-03-26 23:00:00,94.44292
2011-03-27 00:00:00,108.89336
2011-03-27 01:00:00,60.37873
2011-03-27 02:00:00,48.578156
2011-03-27 03:00:00,38.24257
2011-03-27 04:00:00,28.452543
2011-03-27 06:00:00,27.232315
2011-03-27 07:00:00,23.364357
2011-03-27 08:00:00,40.643925
2011-03-27 09:00:00,78.59331
2011-03-27 10:00:00,48.46571
2011-03-27 11:00:00,80.194405
2011-03-27 12:00:00,90.16318
2011-03-27 13:00:00,158.3703
2011-03-27 14:00:00,182.10245
2011-03-27 15:00:00,194.86916
2011-03-27 16:00:00,237.50969
2011-03-27 17:00:00,227.10382
2011-03-27 18:00:00,192.73302
2011-03-27 19:00:00,213.22043
2011-03-27 20:00:00,165.62814
2011-03-27 21:00:00,121.95862
2011-03-27 22:00:00,121.95862
2011-03-27 23:00:00,114.737144
2011-03-28 00:00:00,91.68592
2011-03-28 01:00:00,109.193344
2011-03-28 02:00:00,113.86166
2011-03-28 03:00:00,113.86166
2011-03-28 05:00:00,103.16407
2011-03-28 06:00:00,116.098755
2011-03-28 07:00:00,135.10748
2011-03-28 08:00:00,122.54773
2011-03-28 09:00:00,132.78014
2011-03-28 10:00:00,159.57407
2011-03-28 11:00:00,149.01736
2011-03-28 12:00:00,126.43921
2011-03-28 13:00:00,210.71843
2011-03-28 14:00:00,217.76408
2011-03-28 15:00:00,220.33435
2011-03-28 16:00:00,223.30103
2011-03-28 17:00:00,233.34105
2011-03-28 18:00:00,234.43811
2011-03-28 19:00:00,204.44542
2011-03-28 20:00:00,207.70273
2011-03-28 21:00:00,221.68414
2011-03-28 22:00:00,208.43654
2011-03-28 23:00:00,215.8264
2011-03-29 00:00:00,186.28404
2011-03-29 01:00:00,146.86307
2011-03-29 02:00:00,146.86307
2011-03-29 03:00:00,146.86307
2011-03-29 04:00:00,111.54713
2011-03-29 05:00:00,121.71924
2011-03-29 06:00:00,121.698944
2011-03-29 07:00:00,107.22578
2011-03-29 08:00:00,141.27742
2011-03-29 09:00:00,193.9594
2011-03-29 10:00:00,219.28423
2011-03-29 11:00:00,218.198
2011-03-29 12:00:00,224.2217
2011-03-29 13:00:00,226.74294
2011-03-29 14:00:00,224.9218
2011-03-29 15:00:00,245.81989
2011-03-29 16:00:00,266.64243
2011-03-29 17:00:00,280.31418
2011-03-29 18:00:00,226.05516
2011-03-29 19:00:00,229.99701
2011-03-29 20:00:00,226.05516
2011-03-29 21:00:00,165.61092
2011-03-29 22:00:00,96.6927
2011-03-29 23:00:00,91.13674
2011-03-30 00:00:00,92.59514
2011-03-30 01:00:00,168.06699
2011-03-30 02:00:00,92.59514
2011-03-30 03:00:00,118.47634
2011-03-30 04:00:00,92.59514
2011-03-30 05:00:00,78.331535
2011-03-30 06:00:00,102.297676
2011-03-30 07:00:00,138.31721
2011-03-30 08:00:00,111.18172
2011-03-30 09:00:00,122.540344
2011-03-30 10:00:00,123.00633
2011-03-30 11:00:00,127.625946
2011-03-30 12:00:00,128.67445
2011-03-30 13:00:00,124.813736
2011-03-30 14:00:00,135.13945
2011-03-30 15:00:00,46.44804
2011-03-30 16:00:00,44.44091
2011-03-30 17:00:00,43.42487
2011-03-30 18:00:00,55.891243
2011-03-30 19:00:00,55.891243
2011-03-30 20:00:00,43.28945
2011-03-30 21:00:00,52.369286
2011-03-30 22:00:00,43.682434
2011-03-30 23:00:00,43.401794
2011-03-31 00:00:00,43.682434
2011-03-31 01:00:00,43.32929
2011-03-31 02:00:00,43.32929
2011-03-31 03:00:00,43.682434
2011-03-31 04:00:00,44.114056
2011-03-31 05:00:00,43.682434
2011-03-31 06:00:00,43.28945
2011-03-31 07:00:00,44.114056
2011-03-31 08:00:00,53.052814
2011-03-31 09:00:00,44.502186
2011-03-31 10:00:00,44.502186
2011-03-31 11:00:00,44.244686
2011-03-31 12:00:00,44.244686
2011-03-31 13:00:00,45.569992
2011-03-31 14:00:00,45.569992
2011-03-31 15:00:00,46.969273
2011-03-31 16:00:00,56.957264
2011-03-31 17:00:00,56.957264
2011-03-31 18:00:00,71.88706
2011-03-31 19:00:00,71.88706
2011-03-31 20:00:00,45.59
2011-03-31 21:00:00,56.491936
2011-03-31 22:00:00,45.069916
2011-03-31 23:00:00,44.49571
2011-04-20 00:00:00,85.70609
2011-04-20 01:00:00,86.25323
2011-04-20 02:00:00,86.25323
2011-04-20 03:00:00,57.962914
2011-04-20 04:00:00,74.87769
2011-04-20 05:00:00,82.554344
2011-04-20 06:00:00,86.25323
2011-04-20 07:00:00,65.53827
2011-04-20 08:00:00,223.6028
2011-04-20 09:00:00,260.94614
2011-04-20 10:00:00,160.30743
2011-04-20 11:00:00,160.30743
2011-04-20 12:00:00,339.95294
2011-04-20 13:00:00,339.95294
2011-04-20 14:00:00,376.57208
2011-04-20 15:00:00,385.61777
2011-04-20 16:00:00,385.61777
2011-04-20 17:00:00,370.81396
2011-04-20 18:00:00,393.9097
2011-04-20 19:00:00,392.89
2011-04-20 20:00:00,366.4887
2011-04-20 21:00:00,362.55093
2011-04-20 22:00:00,314.33612
2011-04-20 23:00:00,324.10565
2011-04-21 00:00:00,267.36105
2011-04-21 01:00:00,217.51607
2011-04-21 02:00:00,234.78223
2011-04-21 03:00:00,186.65466
2011-04-21 04:00:00,185.15927
2011-04-21 05:00:00,264.48663
2011-04-21 06:00:00,275.48416
2011-04-21 07:00:00,189.75163
2011-04-21 08:00:00,236.67603
2011-04-21 09:00:00,138.52164
2011-04-21 10:00:00,165.71178
2011-04-21 11:00:00,187.77823
2011-04-21 12:00:00,207.37828
2011-04-21 13:00:00,271.11066
2011-04-21 14:00:00,280.87997
2011-04-21 15:00:00,307.6169
2011-04-21 16:00:00,309.01578
2011-04-21 17:00:00,297.28955
2011-04-21 18:00:00,305.5497
2011-04-21 19:00:00,273.78787
2011-04-21 20:00:00,254.77008
2011-04-21 21:00:00,165.51001
2011-04-21 22:00:00,200.11725
2011-04-21 23:00:00,185.21933
2011-04-22 00:00:00,112.430725
2011-04-22 01:00:00,133.22507
2011-04-22 02:00:00,144.47153
2011-04-22 03:00:00,144.47153
2011-04-22 04:00:00,141.0005
2011-04-22 05:00:00,113.95748
2011-04-22 06:00:00,141.00052
2011-04-22 07:00:00,141.02638
2011-04-22 08:00:00,119.35429
2011-04-22 09:00:00,103.41512
2011-04-22 10:00:00,96.08346
2011-04-22 11:00:00,69.09961
2011-04-22 12:00:00,67.24656
2011-04-22 13:00:00,53.917904
2011-04-22 14:00:00,48.814907
2011-04-22 15:00:00,53.917904
2011-04-22 16:00:00,68.22508
2011-04-22 17:00:00,45.000626
2011-04-22 18:00:00,45.000626
2011-04-22 19:00:00,45.000626
2011-04-22 20:00:00,45.99927
2011-04-22 21:00:00,43.40647
2011-04-22 22:00:00,44.99219
2011-04-22 23:00:00,75.472984
2011-04-23 00:00:00,43.98851
2011-04-23 01:00:00,43.98851
2011-04-23 02:00:00,37.33245
2011-04-23 03:00:00,34.059658
2011-04-23 04:00:00,55.313793
2011-04-23 05:00:00,55.313793
2011-04-23 06:00:00,37.911545
2011-04-23 07:00:00,44.434387
2011-04-23 08:00:00,45.973236
2011-04-23 09:00:00,53.999252
2011-04-23 10:00:00,93.430565
2011-04-23 11:00:00,107.67601
2011-04-23 12:00:00,138.83028
2011-04-23 13:00:00,129.4469
2011-04-23 14:00:00,161.08028
2011-04-23 15:00:00,214.90285
2011-04-23 16:00:00,158.04553
2011-04-23 17:00:00,182.57701
2011-04-23 18:00:00,85.556885
2011-04-23 19:00:00,103.42586
2011-04-23 20:00:00,128.35756
2011-04-23 21:00:00,144.34085
2011-04-23 22:00:00,150.27655
2011-04-23 23:00:00,91.84863
2011-04-24 00:00:00,82.093925
2011-04-24 01:00:00,72.91484
2011-04-24 02:00:00,72.91484
2011-04-24 03:00:00,53.315
2011-04-24 04:00:00,53.315
2011-04-24 05:00:00,53.315
2011-04-24 06:00:00,77.57463
2011-04-24 07:00:00,77.57463
2011-04-24 08:00:00,74.7951
2011-04-24 09:00:00,86.1506
2011-04-24 10:00:00,82.42311
2011-04-24 11:00:00,193.86401
2011-04-24 12:00:00,247.20467
2011-04-24 13:00:00,307.2892
2011-04-24 14:00:00,362.62802
2011-04-24 15:00:00,259.2891
2011-04-24 16:00:00,476.17343
2011-04-24 17:00:00,260.49646
2011-04-24 18:00:00,158.62486
2011-04-24 19:00:00,137.58168
2011-04-24 20:00:00,137.58168
2011-04-24 21:00:00,123.38536
2011-04-24 22:00:00,131.1928
2011-04-24 23:00:00,132.32138
2011-04-25 00:00:00,128.21529
2011-04-25 01:00:00,96.42841
2011-04-25 02:00:00,96.42841
2011-04-25 03:00:00,126.04162
2011-04-25 04:00:00,146.27794
2011-04-25 05:00:00,86.68774
2011-04-25 06:00:00,122.11515
2011-04-25 07:00:00,126.54543
2011-04-25 08:00:00,84.99479
2011-04-25 09:00:00,97.161804
2011-04-25 10:00:00,200.989
2011-04-25 11:00:00,200.989
2011-04-25 12:00:00,208.51866
2011-04-25 13:00:00,266.83456
2011-04-25 14:00:00,316.87268
2011-04-25 15:00:00,329.33255
2011-04-25 16:00:00,313.886
2011-04-25 17:00:00,306.39032
2011-04-25 18:00:00,293.52042
2011-04-25 19:00:00,277.88565
2011-04-25 20:00:00,260.94614
2011-04-25 21:00:00,219.27765
2011-04-25 22:00:00,198.75664
2011-04-25 23:00:00,155.83228
2011-04-26 00:00:00,223.67108
2011-04-26 01:00:00,199.21002
2011-04-26 02:00:00,152.20242
2011-04-26 03:00:00,126.98527
2011-04-26 04:00:00,129.75687
2011-04-26 05:00:00,118.91449
2011-04-26 06:00:00,112.63015
2011-04-26 07:00:00,148.849
2011-04-26 08:00:00,148.849
2011-04-26 09:00:00,218.27663
2011-04-26 10:00:00,246.21431
2011-04-26 11:00:00,273.73035
2011-04-26 12:00:00,301.2046
2011-04-26 13:00:00,354.7339
2011-04-26 14:00:00,309.17215
2011-04-26 15:00:00,292.97388
2011-04-26 16:00:00,306.14972
2011-04-26 17:00:00,281.57068
2011-04-26 18:00:00,276.7941
2011-04-26 19:00:00,215.24638
2011-04-26 20:00:00,218.27663
2011-04-26 21:00:00,169.09886
2011-04-26 22:00:00,166.57085
2011-04-26 23:00:00,166.71251
2011-04-27 00:00:00,128.6809
2011-04-27 01:00:00,138.21364
2011-04-27 02:00:00,124.05118
2011-04-27 03:00:00,159.48874
2011-04-27 04:00:00,101.82992
2011-04-27 05:00:00,153.1165
2011-04-27 06:00:00,112.35614
2011-04-27 07:00:00,159.48874
2011-04-27 08:00:00,158.7141
2011-04-27 09:00:00,153.88004
2011-04-27 10:00:00,172.14223
2011-04-27 11:00:00,203.58084
2011-04-27 12:00:00,196.2251
2011-04-27 13:00:00,178.915
2011-04-27 14:00:00,222.29822
2011-04-27 15:00:00,289.62567
2011-04-27 16:00:00,269.44714
2011-04-27 17:00:00,170.58
2011-04-27 18:00:00,170.58
2011-04-27 19:00:00,169.09886
2011-04-27 20:00:00,167.3882
2011-04-27 21:00:00,136.50702
2011-04-27 22:00:00,167.29884
2011-04-27 23:00:00,166.78043
2011-04-28 00:00:00,192.6827
2011-04-28 01:00:00,169.68863
2011-04-28 02:00:00,184.34467
2011-04-28 03:00:00,182.05579
2011-04-28 04:00:00,166.68109
2011-04-28 05:00:00,169.68863
2011-04-28 06:00:00,185.08322
2011-04-28 07:00:00,180.57289
2011-04-28 08:00:00,186.15465
2011-04-28 09:00:00,144.29242
2011-04-28 10:00:00,168.07825
2011-04-28 11:00:00,172.14223
2011-04-28 12:00:00,198.28882
2011-04-28 13:00:00,171.72058
2011-04-28 14:00:00,156.56653
2011-04-28 15:00:00,242.03629
2011-04-28 16:00:00,159.75497
2011-04-28 17:00:00,308.05917
2011-04-28 18:00:00,308.05917
2011-04-28 19:00:00,308.9519
2011-04-28 20:00:00,261.10355
2011-04-28 21:00:00,236.28586
2011-04-28 22:00:00,232.3243
2011-04-28 23:00:00,234.52977
2011-04-29 00:00:00,247.20627
2011-04-29 01:00:00,216.09396
2011-04-29 02:00:00,107.5724
2011-04-29 03:00:00,134.38379
2011-04-29 04:00:00,195.24484
2011-04-29 05:00:00,198.54938
2011-04-29 06:00:00,211.1785
2011-04-29 07:00:00,227.46194
2011-04-29 08:00:00,262.62704
2011-04-29 09:00:00,269.05942
2011-04-29 10:00:00,266.58344
2011-04-29 11:00:00,324.87018
2011-04-29 12:00:00,281.62753
2011-04-29 13:00:00,284.83298
2011-04-29 14:00:00,351.71783
2011-04-29 15:00:00,241.87035
2011-04-29 16:00:00,222.29367
2011-04-29 17:00:00,192.83182
2011-04-29 18:00:00,219.9503
2011-04-29 19:00:00,158.90936
2011-04-29 20:00:00,187.89583
2011-04-29 21:00:00,179.91653
2011-04-29 22:00:00,147.41771
2011-04-29 23:00:00,174.431
2011-04-30 00:00:00,151.65685
2011-04-30 01:00:00,153.95547
2011-04-30 02:00:00,154.78375
2011-04-30 03:00:00,141.90839
2011-04-30 04:00:00,142.3202
2011-04-30 05:00:00,171.79562
2011-04-30 06:00:00,139.68008
2011-04-30 07:00:00,163.94722
2011-04-30 08:00:00,150.32637
2011-04-30 09:00:00,184.44226
2011-04-30 10:00:00,236.6413
2011-04-30 11:00:00,270.47653
2011-04-30 12:00:00,283.55576
2011-04-30 13:00:00,339.6349
2011-04-30 14:00:00,309.76993
2011-04-30 15:00:00,322.8953
2011-04-30 16:00:00,364.96997
2011-04-30 17:00:00,256.41885
2011-04-30 18:00:00,245.83748
2011-04-30 19:00:00,245.83748
2011-04-30 20:00:00,84.740616
2011-04-30 21:00:00,84.740616
2011-04-30 22:00:00,67.53884
2011-04-30 23:00:00,67.53884
2011-05-20 00:00:00,93.36106
2011-05-20 01:00:00,57.82411
2011-05-20 02:00:00,71.8717
2011-05-20 03:00:00,49.952717
2011-05-20 04:00:00,91.080246
2011-05-20 05:00:00,94.10477
2011-05-20 06:00:00,87.71282
2011-05-20 07:00:00,102.97675
2011-05-20 08:00:00,131.24016
2011-05-20 09:00:00,166.95306
2011-05-20 10:00:00,197.97327
2011-05-20 11:00:00,214.36537
2011-05-20 12:00:00,236.1117
2011-05-20 13:00:00,206.63565
2011-05-20 14:00:00,272.5025
2011-05-20 15:00:00,243.42696
2011-05-20 16:00:00,248.00557
2011-05-20 17:00:00,200.4209
2011-05-20 18:00:00,258.58682
2011-05-20 19:00:00,164.03654
2011-05-20 20:00:00,177.26012
2011-05-20 21:00:00,166.19173
2011-05-20 22:00:00,153.85608
2011-05-20 23:00:00,122.115776
2011-05-21 00:00:00,65.7136
2011-05-21 01:00:00,65.79573
2011-05-21 02:00:00,69.96225
2011-05-21 03:00:00,67.15605
2011-05-21 04:00:00,70.31003
2011-05-21 05:00:00,62.53491
2011-05-21 06:00:00,65.4596
2011-05-21 07:00:00,74.91625
2011-05-21 08:00:00,160.98878
2011-05-21 09:00:00,207.19116
2011-05-21 10:00:00,174.18161
2011-05-21 11:00:00,242.85538
2011-05-21 12:00:00,310.96487
2011-05-21 13:00:00,411.32855
2011-05-21 14:00:00,477.41827
2011-05-21 15:00:00,423.0868
2011-05-21 16:00:00,452.39838
2011-05-21 17:00:00,396.68582
2011-05-21 18:00:00,343.45062
2011-05-21 19:00:00,334.27927
2011-05-21 20:00:00,170.08438
2011-05-21 21:00:00,174.18161
2011-05-21 22:00:00,114.27706
2011-05-21 23:00:00,77.10915
2011-05-22 00:00:00,69.85807
2011-05-22 01:00:00,72.47099
2011-05-22 02:00:00,68.4681
2011-05-22 03:00:00,53.466522
2011-05-22 04:00:00,43.98257
2011-05-22 05:00:00,53.466522
2011-05-22 06:00:00,68.4681
2011-05-22 07:00:00,69.87235
2011-05-22 08:00:00,78.59349
2011-05-22 09:00:00,100.48146
2011-05-22 10:00:00,185.84143
2011-05-22 11:00:00,294.61438
2011-05-22 12:00:00,315.9998
2011-05-22 13:00:00,270.57367
2011-05-22 14:00:00,205.9498
2011-05-22 15:00:00,248.28984
2011-05-22 16:00:00,222.71341
2011-05-22 17:00:00,294.92548
2011-05-22 18:00:00,243.75389
2011-05-22 19:00:00,240.77318
2011-05-22 20:00:00,207.06186
2011-05-22 21:00:00,115.46581
2011-05-22 22:00:00,73.324646
2011-05-22 23:00:00,98.183556
2011-05-23 00:00:00,119.52422
2011-05-23 01:00:00,84.99479
2011-05-23 02:00:00,130.65352
2011-05-23 03:00:00,123.72353
2011-05-23 04:00:00,189.56639
2011-05-23 05:00:00,189.56639
2011-05-23 06:00:00,170.71904
2011-05-23 07:00:00,112.46789
2011-05-23 08:00:00,104.78568
2011-05-23 09:00:00,115.83129
2011-05-23 10:00:00,215.83453
2011-05-23 11:00:00,260.65707
2011-05-23 12:00:00,260.65707
2011-05-23 13:00:00,301.46603
2011-05-23 14:00:00,272.81552
2011-05-23 15:00:00,284.27887
2011-05-23 16:00:00,274.73737
2011-05-23 17:00:00,229.74918
2011-05-23 18:00:00,239.95349
2011-05-23 19:00:00,229.91599
2011-05-23 20:00:00,133.41422
2011-05-23 21:00:00,119.957466
2011-05-23 22:00:00,105.51341
2011-05-23 23:00:00,158.37373
2011-05-24 00:00:00,130.29257
2011-05-24 01:00:00,117.088585
2011-05-24 02:00:00,130.29257
2011-05-24 03:00:00,110.845505
2011-05-24 04:00:00,87.619194
2011-05-24 05:00:00,157.42503
2011-05-24 06:00:00,134.76373
2011-05-24 07:00:00,198.46431
2011-05-24 08:00:00,168.85309
2011-05-24 09:00:00,234.42108
2011-05-24 10:00:00,288.77444
2011-05-24 11:00:00,329.33255
2011-05-24 12:00:00,374.01126
2011-05-24 13:00:00,355.00726
2011-05-24 14:00:00,359.1461
2011-05-24 15:00:00,264.50534
2011-05-24 16:00:00,225.13396
2011-05-24 17:00:00,233.5423
2011-05-24 18:00:00,237.79388
2011-05-24 19:00:00,203.46443
2011-05-24 20:00:00,135.13158
2011-05-24 21:00:00,109.52763
2011-05-24 22:00:00,154.44388
2011-05-24 23:00:00,238.8108
2011-05-25 00:00:00,157.07684
2011-05-25 01:00:00,150.57516
2011-05-25 02:00:00,186.65236
2011-05-25 03:00:00,92.06227
2011-05-25 04:00:00,94.973
2011-05-25 05:00:00,82.82534
2011-05-25 06:00:00,88.03736
2011-05-25 07:00:00,156.70595
2011-05-25 08:00:00,219.86726
2011-05-25 09:00:00,198.27032
2011-05-25 10:00:00,222.58965
2011-05-25 11:00:00,287.13797
2011-05-25 12:00:00,294.92142
2011-05-25 13:00:00,294.92142
2011-05-25 14:00:00,311.10208
2011-05-25 15:00:00,345.62692
2011-05-25 16:00:00,334.8542
2011-05-25 17:00:00,329.33255
2011-05-25 18:00:00,307.6818
2011-05-25 19:00:00,249.96898
2011-05-25 20:00:00,262.5493
2011-05-25 21:00:00,206.77995
2011-05-25 22:00:00,232.30664
2011-05-25 23:00:00,170.29337
2011-05-26 00:00:00,170.29338
2011-05-26 01:00:00,170.29338
2011-05-26 02:00:00,102.06655
2011-05-26 03:00:00,94.886635
2011-05-26 04:00:00,198.49867
2011-05-26 05:00:00,106.51682
2011-05-26 06:00:00,122.00263
2011-05-26 07:00:00,161.13507
2011-05-26 08:00:00,188.2253
2011-05-26 09:00:00,240.4025
2011-05-26 10:00:00,239.95349
2011-05-26 11:00:00,288.9321
2011-05-26 12:00:00,351.39807
2011-05-26 13:00:00,367.4598
2011-05-26 14:00:00,367.4598
2011-05-26 15:00:00,384.65125
2011-05-26 16:00:00,355.3485
2011-05-26 17:00:00,364.25247
2011-05-26 18:00:00,372.46082
2011-05-26 19:00:00,363.93372
2011-05-26 20:00:00,285.40326
2011-05-26 21:00:00,228.79611
2011-05-26 22:00:00,237.11206
2011-05-26 23:00:00,258.2178
2011-05-27 00:00:00,242.81192
2011-05-27 01:00:00,294.46347
2011-05-27 02:00:00,275.49744
2011-05-27 03:00:00,191.92865
2011-05-27 04:00:00,200.4672
2011-05-27 05:00:00,238.06519
2011-05-27 06:00:00,164.35893
2011-05-27 07:00:00,190.21516
2011-05-27 08:00:00,211.4999
2011-05-27 09:00:00,274.09012
2011-05-27 10:00:00,329.53482
2011-05-27 11:00:00,302.2403
2011-05-27 12:00:00,314.6269
2011-05-27 13:00:00,311.1192
2011-05-27 14:00:00,340.42865
2011-05-27 15:00:00,359.55234
2011-05-27 16:00:00,317.6954
2011-05-27 17:00:00,328.98822
2011-05-27 18:00:00,274.73737
2011-05-27 19:00:00,176.63747
2011-05-27 20:00:00,217.87459
2011-05-27 21:00:00,93.08927
2011-05-27 22:00:00,109.14615
2011-05-27 23:00:00,91.455605
2011-05-28 00:00:00,68.46629
2011-05-28 01:00:00,77.295044
2011-05-28 02:00:00,73.773056
2011-05-28 03:00:00,81.33542
2011-05-28 04:00:00,86.1506
2011-05-28 05:00:00,81.33542
2011-05-28 06:00:00,95.324715
2011-05-28 07:00:00,97.171936
2011-05-28 08:00:00,96.6249
2011-05-28 09:00:00,162.00948
2011-05-28 10:00:00,239.61674
2011-05-28 11:00:00,239.61674
2011-05-28 12:00:00,307.1382
2011-05-28 13:00:00,274.8515
2011-05-28 14:00:00,306.03394
2011-05-28 15:00:00,336.0419
2011-05-28 16:00:00,391.6067
2011-05-28 17:00:00,378.76233
2011-05-28 18:00:00,280.1459
2011-05-28 19:00:00,241.49982
2011-05-28 20:00:00,239.61674
2011-05-28 21:00:00,194.89598
2011-05-28 22:00:00,115.537346
2011-05-28 23:00:00,83.79602
2011-05-29 00:00:00,90.53994
2011-05-29 01:00:00,74.36613
2011-05-29 02:00:00,67.80762
2011-05-29 03:00:00,67.80762
2011-05-29 04:00:00,68.29459
2011-05-29 05:00:00,68.43713
2011-05-29 06:00:00,116.50648
2011-05-29 07:00:00,142.96016
2011-05-29 08:00:00,132.06274
2011-05-29 09:00:00,124.835014
2011-05-29 10:00:00,156.53566
2011-05-29 11:00:00,166.16747
2011-05-29 12:00:00,241.79987
2011-05-29 13:00:00,257.53683
2011-05-29 14:00:00,265.4075
2011-05-29 15:00:00,272.7011
2011-05-29 16:00:00,265.4075
2011-05-29 17:00:00,265.4075
2011-05-29 18:00:00,237.7055
2011-05-29 19:00:00,223.98122
2011-05-29 20:00:00,127.79072
2011-05-29 21:00:00,87.65128
2011-05-29 22:00:00,74.197624
2011-05-29 23:00:00,77.50677
2011-05-30 00:00:00,82.95411
2011-05-30 01:00:00,73.53829
2011-05-30 02:00:00,82.95411
2011-05-30 03:00:00,82.95411
2011-05-30 04:00:00,76.5936
2011-05-30 05:00:00,92.3163
2011-05-30 06:00:00,92.42727
2011-05-30 07:00:00,117.012665
2011-05-30 08:00:00,89.70826
2011-05-30 09:00:00,128.14502
2011-05-30 10:00:00,353.02017
2011-05-30 11:00:00,334.08627
2011-05-30 12:00:00,385.66306
2011-05-30 13:00:00,406.92715
2011-05-30 14:00:00,550.10736
2011-05-30 15:00:00,537.06335
2011-05-30 16:00:00,542.9618
2011-05-30 17:00:00,506.97397
2011-05-30 18:00:00,497.08743
2011-05-30 19:00:00,220.40593
2011-05-30 20:00:00,229.75516
2011-05-30 21:00:00,216.7071
2011-05-30 22:00:00,200.42525
2011-05-30 23:00:00,83.65159
2011-05-31 00:00:00,126.1204
2011-05-31 01:00:00,133.26195
2011-05-31 02:00:00,121.160286
2011-05-31 03:00:00,168.93382
2011-05-31 04:00:00,120.26047
2011-05-31 05:00:00,120.26047
2011-05-31 06:00:00,115.53388
2011-05-31 07:00:00,228.0838
2011-05-31 08:00:00,302.83398
2011-05-31 09:00:00,332.56232
2011-05-31 10:00:00,335.56177
2011-05-31 11:00:00,343.48428
2011-05-31 12:00:00,370.38513
2011-05-31 13:00:00,384.07065
2011-05-31 14:00:00,403.11484
2011-05-31 15:00:00,387.84677
2011-05-31 16:00:00,380.47745
2011-05-31 17:00:00,364.62344
2011-05-31 18:00:00,362.5166
2011-05-31 19:00:00,266.28253
2011-05-31 20:00:00,266.28253
2011-05-31 21:00:00,238.7919
2011-05-31 22:00:00,246.34175
2011-05-31 23:00:00,143.4883
2011-06-20 00:00:00,117.36639
2011-06-20 01:00:00,128.26318
2011-06-20 02:00:00,128.26318
2011-06-20 03:00:00,135.09659
2011-06-20 04:00:00,144.80061
2011-06-20 05:00:00,150.7493
2011-06-20 06:00:00,166.25314
2011-06-20 07:00:00,135.00336
2011-06-20 08:00:00,142.82196
2011-06-20 09:00:00,186.25159
2011-06-20 10:00:00,186.25159
2011-06-20 11:00:00,160.33195
2011-06-20 12:00:00,228.69833
2011-06-20 13:00:00,196.56851
2011-06-20 14:00:00,220.88786
2011-06-20 15:00:00,238.1164
2011-06-20 16:00:00,276.20914
2011-06-20 17:00:00,215.69383
2011-06-20 18:00:00,287.0177
2011-06-20 19:00:00,245.85979
2011-06-20 20:00:00,228.1308
2011-06-20 21:00:00,190.2152
2011-06-20 22:00:00,226.74403
2011-06-20 23:00:00,159.75497
2011-06-21 00:00:00,106.42686
2011-06-21 01:00:00,186.28543
2011-06-21 02:00:00,154.69037
2011-06-21 03:00:00,154.69037
2011-06-21 04:00:00,90.191086
2011-06-21 05:00:00,103.2041
2011-06-21 06:00:00,103.2041
2011-06-21 07:00:00,81.79363
2011-06-21 08:00:00,93.243126
2011-06-21 09:00:00,152.68071
2011-06-21 10:00:00,165.07037
2011-06-21 11:00:00,93.652985
2011-06-21 12:00:00,192.47769
2011-06-21 13:00:00,225.70105
2011-06-21 14:00:00,279.31088
2011-06-21 15:00:00,313.98343
2011-06-21 16:00:00,318.38184
2011-06-21 17:00:00,277.63403
2011-06-21 18:00:00,261.8619
2011-06-21 19:00:00,253.3102
2011-06-21 20:00:00,249.66733
2011-06-21 21:00:00,206.80885
2011-06-21 22:00:00,116.127144
2011-06-21 23:00:00,148.68204
2011-06-22 00:00:00,137.13342
2011-06-22 01:00:00,110.158615
2011-06-22 02:00:00,83.43953
2011-06-22 03:00:00,110.158615
2011-06-22 04:00:00,76.38336
2011-06-22 05:00:00,78.48587
2011-06-22 06:00:00,78.79986
2011-06-22 07:00:00,101.61502
2011-06-22 08:00:00,159.39015
2011-06-22 09:00:00,182.1326
2011-06-22 10:00:00,237.52141
2011-06-22 11:00:00,212.84415
2011-06-22 12:00:00,303.0898
2011-06-22 13:00:00,326.06635
2011-06-22 14:00:00,349.95743
2011-06-22 15:00:00,332.88934
2011-06-22 16:00:00,331.85526
2011-06-22 17:00:00,340.61026
2011-06-22 18:00:00,308.94135
2011-06-22 19:00:00,324.61584
2011-06-22 20:00:00,187.60815
2011-06-22 21:00:00,187.07867
2011-06-22 22:00:00,246.44048
2011-06-22 23:00:00,239.6813
2011-06-23 00:00:00,188.7821
2011-06-23 01:00:00,209.8057
2011-06-23 02:00:00,209.8057
2011-06-23 03:00:00,253.28206
2011-06-23 04:00:00,220.86906
2011-06-23 05:00:00,197.99185
2011-06-23 06:00:00,197.99182
2011-06-23 07:00:00,247.38597
2011-06-23 08:00:00,258.03036
2011-06-23 09:00:00,256.1008
2011-06-23 10:00:00,268.59427
2011-06-23 11:00:00,260.87314
2011-06-23 12:00:00,269.82062
2011-06-23 13:00:00,275.5658
2011-06-23 14:00:00,268.85544
2011-06-23 15:00:00,315.77344
2011-06-23 16:00:00,260.28946
2011-06-23 17:00:00,238.98738
2011-06-23 18:00:00,263.7127
2011-06-23 19:00:00,252.94955
2011-06-23 20:00:00,196.82404
2011-06-23 21:00:00,193.82718
2011-06-23 22:00:00,233.96968
2011-06-23 23:00:00,203.30305
2011-06-24 00:00:00,151.76888
2011-06-24 01:00:00,147.17445
2011-06-24 02:00:00,147.17445
2011-06-24 03:00:00,93.652985
2011-06-24 04:00:00,80.34016
2011-06-24 05:00:00,91.70909
2011-06-24 06:00:00,85.60779
2011-06-24 07:00:00,183.47992
2011-06-24 08:00:00,196.82404
2011-06-24 09:00:00,225.10973
2011-06-24 10:00:00,376.44128
2011-06-24 11:00:00,406.1197
2011-06-24 12:00:00,391.4494
2011-06-24 13:00:00,410.21048
2011-06-24 14:00:00,376.75134
2011-06-24 15:00:00,413.32532
2011-06-24 16:00:00,426.24255
2011-06-24 17:00:00,404.5937
2011-06-24 18:00:00,402.25864
2011-06-24 19:00:00,389.143
2011-06-24 20:00:00,328.1525
2011-06-24 21:00:00,293.47202
2011-06-24 22:00:00,261.89056
2011-06-24 23:00:00,270.53415
2011-06-25 00:00:00,355.9576
2011-06-25 01:00:00,304.27505
2011-06-25 02:00:00,290.24377
2011-06-25 03:00:00,251.03996
2011-06-25 04:00:00,251.03996
2011-06-25 05:00:00,194.53075
2011-06-25 06:00:00,251.7959
2011-06-25 07:00:00,279.03168
2011-06-25 08:00:00,405.62292
2011-06-25 09:00:00,463.1337
2011-06-25 10:00:00,439.26874
2011-06-25 11:00:00,533.11273
2011-06-25 12:00:00,549.05145
2011-06-25 13:00:00,549.05145
2011-06-25 14:00:00,479.5057
2011-06-25 15:00:00,486.93088
2011-06-25 16:00:00,531.9377
2011-06-25 17:00:00,509.0678
2011-06-25 18:00:00,463.1337
2011-06-25 19:00:00,421.1713
2011-06-25 20:00:00,373.04065
2011-06-25 21:00:00,299.11597
2011-06-25 22:00:00,379.65634
2011-06-25 23:00:00,316.69455
2011-06-26 00:00:00,288.8165
2011-06-26 01:00:00,238.1349
2011-06-26 02:00:00,202.83496
2011-06-26 03:00:00,152.56493
2011-06-26 04:00:00,142.32097
2011-06-26 05:00:00,176.16515
2011-06-26 06:00:00,176.16515
2011-06-26 07:00:00,196.07097
2011-06-26 08:00:00,218.34703
2011-06-26 09:00:00,224.3083
2011-06-26 10:00:00,312.81247
2011-06-26 11:00:00,392.11398
2011-06-26 12:00:00,492.82855
2011-06-26 13:00:00,562.0621
2011-06-26 14:00:00,474.13712
2011-06-26 15:00:00,562.0621
2011-06-26 16:00:00,490.2244
2011-06-26 17:00:00,419.64438
2011-06-26 18:00:00,428.29993
2011-06-26 19:00:00,324.6122
2011-06-26 20:00:00,293.17807
2011-06-26 21:00:00,259.91953
2011-06-26 22:00:00,356.44815
2011-06-26 23:00:00,230.31934
2011-06-27 00:00:00,191.00409
2011-06-27 01:00:00,176.3854
2011-06-27 02:00:00,175.61476
2011-06-27 03:00:00,175.61476
2011-06-27 04:00:00,139.71146
2011-06-27 05:00:00,145.17351
2011-06-27 06:00:00,188.53676
2011-06-27 07:00:00,207.78659
2011-06-27 08:00:00,169.82796
2011-06-27 09:00:00,253.55598
2011-06-27 10:00:00,256.97202
2011-06-27 11:00:00,249.76
2011-06-27 12:00:00,253.55598
2011-06-27 13:00:00,263.50912
2011-06-27 14:00:00,248.65108
2011-06-27 15:00:00,258.80356
2011-06-27 16:00:00,240.98747
2011-06-27 17:00:00,254.86922
2011-06-27 18:00:00,235.9528
2011-06-27 19:00:00,247.31966
2011-06-27 20:00:00,184.80151
2011-06-27 21:00:00,148.4433
2011-06-27 22:00:00,133.96623
2011-06-27 23:00:00,133.96623
2011-06-28 00:00:00,194.4695
2011-06-28 01:00:00,106.4794
2011-06-28 02:00:00,171.58429
2011-06-28 03:00:00,171.58429
2011-06-28 04:00:00,106.4794
2011-06-28 05:00:00,83.43953
2011-06-28 06:00:00,93.652985
2011-06-28 07:00:00,118.144356
2011-06-28 08:00:00,168.97803
2011-06-28 09:00:00,140.30336
2011-06-28 10:00:00,318.2059
2011-06-28 11:00:00,305.61505
2011-06-28 12:00:00,349.14215
2011-06-28 13:00:00,329.78143
2011-06-28 14:00:00,368.69818
2011-06-28 15:00:00,362.29596
2011-06-28 16:00:00,360.5138
2011-06-28 17:00:00,323.5087
2011-06-28 18:00:00,311.75995
2011-06-28 19:00:00,294.1389
2011-06-28 20:00:00,172.20555
2011-06-28 21:00:00,267.9483
2011-06-28 22:00:00,226.17677
2011-06-28 23:00:00,220.8612
2011-06-29 00:00:00,206.96812
2011-06-29 01:00:00,170.91682
2011-06-29 02:00:00,115.49416
2011-06-29 03:00:00,128.25093
2011-06-29 04:00:00,81.76173
2011-06-29 05:00:00,99.742615
2011-06-29 06:00:00,214.37794
2011-06-29 07:00:00,286.62543
2011-06-29 08:00:00,327.59283
2011-06-29 09:00:00,371.96344
2011-06-29 10:00:00,381.3466
2011-06-29 11:00:00,406.1415
2011-06-29 12:00:00,404.9269
2011-06-29 13:00:00,412.64334
2011-06-29 14:00:00,402.99823
2011-06-29 15:00:00,397.6335
2011-06-29 16:00:00,421.82565
2011-06-29 17:00:00,424.72742
2011-06-29 18:00:00,411.4705
2011-06-29 19:00:00,400.80444
2011-06-29 20:00:00,399.27267
2011-06-29 21:00:00,392.98926
2011-06-29 22:00:00,356.15906
2011-06-29 23:00:00,313.76755
2011-06-30 00:00:00,283.57593
2011-06-30 01:00:00,249.17558
2011-06-30 02:00:00,224.21964
2011-06-30 03:00:00,216.1764
2011-06-30 04:00:00,205.54295
2011-06-30 05:00:00,205.9557
2011-06-30 06:00:00,207.34097
2011-06-30 07:00:00,225.2555
2011-06-30 08:00:00,323.31262
2011-06-30 09:00:00,363.96017
2011-06-30 10:00:00,361.87723
2011-06-30 11:00:00,394.9292
2011-06-30 12:00:00,410.53784
2011-06-30 13:00:00,407.69025
2011-06-30 14:00:00,405.25586
2011-06-30 15:00:00,408.10632
2011-06-30 16:00:00,396.03067
2011-06-30 17:00:00,415.48853
2011-06-30 18:00:00,408.2709
2011-06-30 19:00:00,405.36078
2011-06-30 20:00:00,405.36078
2011-06-30 21:00:00,380.5384
2011-06-30 22:00:00,348.38007
2011-06-30 23:00:00,244.88614
2011-07-20 00:00:00,90.51794
2011-07-20 01:00:00,82.887924
2011-07-20 02:00:00,82.887924
2011-07-20 03:00:00,90.51794
2011-07-20 04:00:00,81.21636
2011-07-20 05:00:00,85.498726
2011-07-20 06:00:00,106.81479
2011-07-20 07:00:00,154.61473
2011-07-20 08:00:00,132.67883
2011-07-20 09:00:00,168.3904
2011-07-20 10:00:00,148.70538
2011-07-20 11:00:00,225.76248
2011-07-20 12:00:00,223.48122
2011-07-20 13:00:00,324.20764
2011-07-20 14:00:00,331.59955
2011-07-20 15:00:00,339.82095
2011-07-20 16:00:00,245.5395
2011-07-20 17:00:00,316.84006
2011-07-20 18:00:00,332.41342
2011-07-20 19:00:00,268.88467
2011-07-20 20:00:00,261.5178
2011-07-20 21:00:00,261.31573
2011-07-20 22:00:00,263.1696
2011-07-20 23:00:00,232.64403
2011-07-21 00:00:00,268.4256
2011-07-21 01:00:00,247.7172
2011-07-21 02:00:00,247.7172
2011-07-21 03:00:00,240.06488
2011-07-21 04:00:00,179.62444
2011-07-21 05:00:00,179.62444
2011-07-21 06:00:00,179.62444
2011-07-21 07:00:00,217.13997
2011-07-21 08:00:00,272.49112
2011-07-21 09:00:00,289.7188
2011-07-21 10:00:00,312.17065
2011-07-21 11:00:00,357.5904
2011-07-21 12:00:00,349.1665
2011-07-21 13:00:00,343.61426
2011-07-21 14:00:00,370.9058
2011-07-21 15:00:00,350.78503
2011-07-21 16:00:00,361.23987
2011-07-21 17:00:00,370.40073
2011-07-21 18:00:00,360.5874
2011-07-21 19:00:00,350.44516
2011-07-21 20:00:00,296.856
2011-07-21 21:00:00,275.30637
2011-07-21 22:00:00,256.39676
2011-07-21 23:00:00,245.38474
2011-07-22 00:00:00,267.45062
2011-07-22 01:00:00,200.7365
2011-07-22 02:00:00,195.27785
2011-07-22 03:00:00,187.01276
2011-07-22 04:00:00,171.90932
2011-07-22 05:00:00,142.48706
2011-07-22 06:00:00,160.9567
2011-07-22 07:00:00,286.87866
2011-07-22 08:00:00,317.89853
2011-07-22 09:00:00,253.89908
2011-07-22 10:00:00,297.6501
2011-07-22 11:00:00,318.11728
2011-07-22 12:00:00,343.7774
2011-07-22 13:00:00,337.56818
2011-07-22 14:00:00,367.31165
2011-07-22 15:00:00,359.30026
2011-07-22 16:00:00,466.49042
2011-07-22 17:00:00,340.31833
2011-07-22 18:00:00,371.33398
2011-07-22 19:00:00,403.22797
2011-07-22 20:00:00,245.5395
2011-07-22 21:00:00,251.18443
2011-07-22 22:00:00,338.33542
2011-07-22 23:00:00,286.92303
2011-07-23 00:00:00,366.4667
2011-07-23 01:00:00,280.81448
2011-07-23 02:00:00,410.88522
2011-07-23 03:00:00,208.78452
2011-07-23 04:00:00,205.0246
2011-07-23 05:00:00,240.58551
2011-07-23 06:00:00,307.13068
2011-07-23 07:00:00,278.55017
2011-07-23 08:00:00,442.11865
2011-07-23 09:00:00,370.8156
2011-07-23 10:00:00,471.44385
2011-07-23 11:00:00,446.1424
2011-07-23 12:00:00,382.46536
2011-07-23 13:00:00,416.2478
2011-07-23 14:00:00,466.5099
2011-07-23 15:00:00,478.58694
2011-07-23 16:00:00,403.2314
2011-07-23 17:00:00,403.2314
2011-07-23 18:00:00,445.5566
2011-07-23 19:00:00,322.47794
2011-07-23 20:00:00,317.14963
2011-07-23 21:00:00,317.14963
2011-07-23 22:00:00,301.9735
2011-07-23 23:00:00,247.55434
2011-07-24 00:00:00,247.55434
2011-07-24 01:00:00,217.57979
2011-07-24 02:00:00,233.31795
2011-07-24 03:00:00,233.31795
2011-07-24 04:00:00,217.57979
2011-07-24 05:00:00,208.78452
2011-07-24 06:00:00,280.56738
2011-07-24 07:00:00,265.45102
2011-07-24 08:00:00,400.7514
2011-07-24 09:00:00,457.26105
2011-07-24 10:00:00,472.4198
2011-07-24 11:00:00,407.4761
2011-07-24 12:00:00,419.48865
2011-07-24 13:00:00,443.134
2011-07-24 14:00:00,452.251
2011-07-24 15:00:00,474.66748
2011-07-24 16:00:00,474.66748
2011-07-24 17:00:00,390.314
2011-07-24 18:00:00,450.34848
2011-07-24 19:00:00,388.9072
2011-07-24 20:00:00,370.8156
2011-07-24 21:00:00,254.61497
2011-07-24 22:00:00,211.10338
2011-07-24 23:00:00,215.13403
2011-07-25 00:00:00,247.66742
2011-07-25 01:00:00,235.92168
2011-07-25 02:00:00,207.207
2011-07-25 03:00:00,116.91807
2011-07-25 04:00:00,104.32682
2011-07-25 05:00:00,104.32682
2011-07-25 06:00:00,166.40082
2011-07-25 07:00:00,182.37212
2011-07-25 08:00:00,227.05725
2011-07-25 09:00:00,189.99072
2011-07-25 10:00:00,223.48122
2011-07-25 11:00:00,323.50452
2011-07-25 12:00:00,323.50452
2011-07-25 13:00:00,254.27678
2011-07-25 14:00:00,246.44043
2011-07-25 15:00:00,183.05466
2011-07-25 16:00:00,139.55928
2011-07-25 17:00:00,129.71077
2011-07-25 18:00:00,154.75026
2011-07-25 19:00:00,168.3904
2011-07-25 20:00:00,181.2954
2011-07-25 21:00:00,82.887924
2011-07-25 22:00:00,82.887924
2011-07-25 23:00:00,87.14996
2011-07-26 00:00:00,116.12713
2011-07-26 01:00:00,116.12713
2011-07-26 02:00:00,84.498
2011-07-26 03:00:00,84.426384
2011-07-26 04:00:00,89.44376
2011-07-26 05:00:00,95.36793
2011-07-26 06:00:00,127.65977
2011-07-26 07:00:00,256.28717
2011-07-26 08:00:00,285.45688
2011-07-26 09:00:00,390.07416
2011-07-26 10:00:00,403.43988
2011-07-26 11:00:00,426.4351
2011-07-26 12:00:00,419.51526
2011-07-26 13:00:00,408.53207
2011-07-26 14:00:00,404.1301
2011-07-26 15:00:00,400.19037
2011-07-26 16:00:00,404.55997
2011-07-26 17:00:00,407.37973
2011-07-26 18:00:00,408.98367
2011-07-26 19:00:00,379.03668
2011-07-26 20:00:00,353.06186
2011-07-26 21:00:00,321.87912
2011-07-26 22:00:00,263.33878
2011-07-26 23:00:00,240.11021
2011-07-27 00:00:00,292.76535
2011-07-27 01:00:00,316.2357
2011-07-27 02:00:00,324.8613
2011-07-27 03:00:00,247.01839
2011-07-27 04:00:00,299.07098
2011-07-27 05:00:00,290.8195
2011-07-27 06:00:00,286.62543
2011-07-27 07:00:00,333.59073
2011-07-27 08:00:00,377.44064
2011-07-27 09:00:00,404.9269
2011-07-27 10:00:00,403.19684
2011-07-27 11:00:00,422.21994
2011-07-27 12:00:00,409.1235
2011-07-27 13:00:00,411.60086
2011-07-27 14:00:00,399.70535
2011-07-27 15:00:00,395.7406
2011-07-27 16:00:00,391.6583
2011-07-27 17:00:00,399.80457
2011-07-27 18:00:00,393.16476
2011-07-27 19:00:00,396.09958
2011-07-27 20:00:00,350.66138
2011-07-27 21:00:00,291.07895
2011-07-27 22:00:00,262.852
2011-07-27 23:00:00,311.82053
2011-07-28 00:00:00,273.88007
2011-07-28 01:00:00,234.00291
2011-07-28 02:00:00,241.93477
2011-07-28 03:00:00,211.79448
2011-07-28 04:00:00,202.80809
2011-07-28 05:00:00,184.80151
2011-07-28 06:00:00,151.34067
2011-07-28 07:00:00,206.90486
2011-07-28 08:00:00,225.70105
2011-07-28 09:00:00,291.7684
2011-07-28 10:00:00,330.37772
2011-07-28 11:00:00,338.93823
2011-07-28 12:00:00,332.2975
2011-07-28 13:00:00,358.18576
2011-07-28 14:00:00,376.23874
2011-07-28 15:00:00,341.7868
2011-07-28 16:00:00,352.28156
2011-07-28 17:00:00,324.63004
2011-07-28 18:00:00,330.78006
2011-07-28 19:00:00,312.10245
2011-07-28 20:00:00,286.92307
2011-07-28 21:00:00,302.81924
2011-07-28 22:00:00,253.4286
2011-07-28 23:00:00,220.0207
2011-07-29 00:00:00,187.07867
2011-07-29 01:00:00,165.09991
2011-07-29 02:00:00,116.91807
2011-07-29 03:00:00,116.91807
2011-07-29 04:00:00,123.64945
2011-07-29 05:00:00,94.03586
2011-07-29 06:00:00,140.13306
2011-07-29 07:00:00,207.207
2011-07-29 08:00:00,227.5079
2011-07-29 09:00:00,358.18576
2011-07-29 10:00:00,374.62314
2011-07-29 11:00:00,381.06766
2011-07-29 12:00:00,382.44836
2011-07-29 13:00:00,409.92944
2011-07-29 14:00:00,376.8866
2011-07-29 15:00:00,378.90405
2011-07-29 16:00:00,386.62677
2011-07-29 17:00:00,381.3224
2011-07-29 18:00:00,392.29346
2011-07-29 19:00:00,367.44888
2011-07-29 20:00:00,391.5782
2011-07-29 21:00:00,340.9702
2011-07-29 22:00:00,325.10413
2011-07-29 23:00:00,268.02707
2011-07-30 00:00:00,309.16147
2011-07-30 01:00:00,246.71072
2011-07-30 02:00:00,253.04303
2011-07-30 03:00:00,242.66939
2011-07-30 04:00:00,226.40521
2011-07-30 05:00:00,240.72821
2011-07-30 06:00:00,248.37775
2011-07-30 07:00:00,255.4006
2011-07-30 08:00:00,316.64444
2011-07-30 09:00:00,485.3158
2011-07-30 10:00:00,509.23358
2011-07-30 11:00:00,478.093
2011-07-30 12:00:00,472.01746
2011-07-30 13:00:00,529.3165
2011-07-30 14:00:00,517.9145
2011-07-30 15:00:00,420.4147
2011-07-30 16:00:00,461.61676
2011-07-30 17:00:00,413.9115
2011-07-30 18:00:00,466.2716
2011-07-30 19:00:00,501.7211
2011-07-30 20:00:00,401.7023
2011-07-30 21:00:00,366.12402
2011-07-30 22:00:00,280.61063
2011-07-30 23:00:00,246.71075
2011-07-31 00:00:00,246.71072
2011-07-31 01:00:00,199.02873
2011-07-31 02:00:00,177.92545
2011-07-31 03:00:00,192.03392
2011-07-31 04:00:00,171.459
2011-07-31 05:00:00,177.86324
2011-07-31 06:00:00,177.8479
2011-07-31 07:00:00,243.7239
2011-07-31 08:00:00,334.34677
2011-07-31 09:00:00,435.87817
2011-07-31 10:00:00,466.8581
2011-07-31 11:00:00,459.28293
2011-07-31 12:00:00,455.87894
2011-07-31 13:00:00,428.2433
2011-07-31 14:00:00,441.68878
2011-07-31 15:00:00,503.13583
2011-07-31 16:00:00,496.6049
2011-07-31 17:00:00,442.40665
2011-07-31 18:00:00,491.74905
2011-07-31 19:00:00,433.17465
2011-07-31 20:00:00,433.17465
2011-07-31 21:00:00,372.84967
2011-07-31 22:00:00,257.23514
2011-07-31 23:00:00,257.48447
2011-08-20 00:00:00,71.40483
2011-08-20 01:00:00,80.15816
2011-08-20 02:00:00,87.71172
2011-08-20 03:00:00,87.71172
2011-08-20 04:00:00,98.67586
2011-08-20 05:00:00,78.598785
2011-08-20 06:00:00,97.68275
2011-08-20 07:00:00,80.15814
2011-08-20 08:00:00,154.3778
2011-08-20 09:00:00,189.13379
2011-08-20 10:00:00,206.17413
2011-08-20 11:00:00,232.58258
2011-08-20 12:00:00,243.7239
2011-08-20 13:00:00,271.5251
2011-08-20 14:00:00,394.38098
2011-08-20 15:00:00,454.98666
2011-08-20 16:00:00,430.91364
2011-08-20 17:00:00,394.38098
2011-08-20 18:00:00,328.0857
2011-08-20 19:00:00,254.87955
2011-08-20 20:00:00,267.13068
2011-08-20 21:00:00,211.66072
2011-08-20 22:00:00,238.02415
2011-08-20 23:00:00,152.43047
2011-08-21 00:00:00,173.37677
2011-08-21 01:00:00,113.82678
2011-08-21 02:00:00,100.99377
2011-08-21 03:00:00,90.354965
2011-08-21 04:00:00,96.32656
2011-08-21 05:00:00,95.09131
2011-08-21 06:00:00,89.790474
2011-08-21 07:00:00,128.1601
2011-08-21 08:00:00,132.22087
2011-08-21 09:00:00,189.8177
2011-08-21 10:00:00,215.4309
2011-08-21 11:00:00,333.87723
2011-08-21 12:00:00,372.7825
2011-08-21 13:00:00,443.6807
2011-08-21 14:00:00,208.80609
2011-08-21 15:00:00,125.88472
2011-08-21 16:00:00,152.21196
2011-08-21 17:00:00,130.0742
2011-08-21 18:00:00,167.27878
2011-08-21 19:00:00,225.37775
2011-08-21 20:00:00,148.25797
2011-08-21 21:00:00,148.25797
2011-08-21 22:00:00,207.52898
2011-08-21 23:00:00,183.38911
2011-08-22 00:00:00,141.84746
2011-08-22 01:00:00,96.30043
2011-08-22 02:00:00,236.74829
2011-08-22 03:00:00,242.22432
2011-08-22 04:00:00,216.74678
2011-08-22 05:00:00,233.2464
2011-08-22 06:00:00,238.8574
2011-08-22 07:00:00,244.63547
2011-08-22 08:00:00,244.63547
2011-08-22 09:00:00,282.2858
2011-08-22 10:00:00,327.59283
2011-08-22 11:00:00,398.46234
2011-08-22 12:00:00,395.778
2011-08-22 13:00:00,430.96796
2011-08-22 14:00:00,420.1604
2011-08-22 15:00:00,411.35992
2011-08-22 16:00:00,420.1604
2011-08-22 17:00:00,418.01062
2011-08-22 18:00:00,412.46927
2011-08-22 19:00:00,406.67792
2011-08-22 20:00:00,390.2363
2011-08-22 21:00:00,371.31006
2011-08-22 22:00:00,375.28894
2011-08-22 23:00:00,348.80402
2011-08-23 00:00:00,317.1074
2011-08-23 01:00:00,279.04434
2011-08-23 02:00:00,254.01387
2011-08-23 03:00:00,249.1484
2011-08-23 04:00:00,235.94417
2011-08-23 05:00:00,236.6901
2011-08-23 06:00:00,215.17123
2011-08-23 07:00:00,276.87653
2011-08-23 08:00:00,231.19162
2011-08-23 09:00:00,243.78401
2011-08-23 10:00:00,286.1507
2011-08-23 11:00:00,393.63376
2011-08-23 12:00:00,353.93802
2011-08-23 13:00:00,407.327
2011-08-23 14:00:00,407.06833
2011-08-23 15:00:00,402.0105
2011-08-23 16:00:00,406.76514
2011-08-23 17:00:00,402.0105
2011-08-23 18:00:00,404.2123
2011-08-23 19:00:00,300.63745
2011-08-23 20:00:00,271.82498
2011-08-23 21:00:00,188.07698
2011-08-23 22:00:00,224.21964
2011-08-23 23:00:00,208.25716
2011-08-24 00:00:00,224.21964
2011-08-24 01:00:00,197.38908
2011-08-24 02:00:00,161.5095
2011-08-24 03:00:00,161.5095
2011-08-24 04:00:00,80.654434
2011-08-24 05:00:00,80.654434
2011-08-24 06:00:00,79.71248
2011-08-24 07:00:00,159.65099
2011-08-24 08:00:00,179.4884
2011-08-24 09:00:00,193.75153
2011-08-24 10:00:00,268.9416
2011-08-24 11:00:00,298.95416
2011-08-24 12:00:00,304.6367
2011-08-24 13:00:00,373.404
2011-08-24 14:00:00,373.404
2011-08-24 15:00:00,381.52344
2011-08-24 16:00:00,352.77527
2011-08-24 17:00:00,336.80804
2011-08-24 18:00:00,301.2289
2011-08-24 19:00:00,301.2289
2011-08-24 20:00:00,278.20422
2011-08-24 21:00:00,267.5482
2011-08-24 22:00:00,254.49413
2011-08-24 23:00:00,222.92545
2011-08-25 00:00:00,194.76819
2011-08-25 01:00:00,236.22054
2011-08-25 02:00:00,236.22054
2011-08-25 03:00:00,196.36331
2011-08-25 04:00:00,186.37657
2011-08-25 05:00:00,177.78574
2011-08-25 06:00:00,147.17445
2011-08-25 07:00:00,203.39717
2011-08-25 08:00:00,218.80737
2011-08-25 09:00:00,234.46063
2011-08-25 10:00:00,254.54425
2011-08-25 11:00:00,217.25542
2011-08-25 12:00:00,217.25542
2011-08-25 13:00:00,116.12713
2011-08-25 14:00:00,211.18141
2011-08-25 15:00:00,234.40344
2011-08-25 16:00:00,94.03586
2011-08-25 17:00:00,94.03586
2011-08-25 18:00:00,206.07156
2011-08-25 19:00:00,192.7626
2011-08-25 20:00:00,169.57932
2011-08-25 21:00:00,152.67851
2011-08-25 22:00:00,76.1866
2011-08-25 23:00:00,80.967995
2011-08-26 00:00:00,80.83741
2011-08-26 01:00:00,76.1866
2011-08-26 02:00:00,75.4332
2011-08-26 03:00:00,70.890724
2011-08-26 04:00:00,71.348335
2011-08-26 05:00:00,89.363976
2011-08-26 06:00:00,71.348335
2011-08-26 07:00:00,76.38336
2011-08-26 08:00:00,81.76173
2011-08-26 09:00:00,121.84635
2011-08-26 10:00:00,186.397
2011-08-26 11:00:00,266.14148
2011-08-26 12:00:00,261.3628
2011-08-26 13:00:00,277.24615
2011-08-26 14:00:00,214.74612
2011-08-26 15:00:00,298.51913
2011-08-26 16:00:00,231.84975
2011-08-26 17:00:00,221.9742
2011-08-26 18:00:00,254.27678
2011-08-26 19:00:00,133.94385
2011-08-26 20:00:00,123.26436
2011-08-26 21:00:00,182.1326
2011-08-26 22:00:00,133.94386
2011-08-26 23:00:00,87.14997
2011-08-27 00:00:00,87.69289
2011-08-27 01:00:00,83.56406
2011-08-27 02:00:00,89.969444
2011-08-27 03:00:00,177.68428
2011-08-27 04:00:00,177.68428
2011-08-27 05:00:00,200.47769
2011-08-27 06:00:00,200.47769
2011-08-27 07:00:00,211.4911
2011-08-27 08:00:00,188.34106
2011-08-27 09:00:00,211.92593
2011-08-27 10:00:00,230.7112
2011-08-27 11:00:00,137.16585
2011-08-27 12:00:00,189.08817
2011-08-27 13:00:00,161.524
2011-08-27 14:00:00,191.74493
2011-08-27 15:00:00,191.74493
2011-08-27 16:00:00,169.82155
2011-08-27 17:00:00,257.32913
2011-08-28 07:00:00,134.4637
2011-08-28 08:00:00,140.60439
2011-08-28 09:00:00,234.11687
2011-08-28 10:00:00,301.61728
2011-08-28 11:00:00,329.62546
2011-08-28 12:00:00,449.3153
2011-08-28 13:00:00,525.122
2011-08-28 14:00:00,545.33093
2011-08-28 15:00:00,537.7387
2011-08-28 16:00:00,545.28955
2011-08-28 17:00:00,537.4022
2011-08-28 18:00:00,509.0678
2011-08-28 19:00:00,312.81244
2011-08-28 20:00:00,364.62485
2011-08-28 21:00:00,206.57565
2011-08-28 22:00:00,126.2542
2011-08-28 23:00:00,89.567215
2011-08-29 00:00:00,113.51138
2011-08-29 01:00:00,149.09155
2011-08-29 02:00:00,172.97342
2011-08-29 03:00:00,149.09155
2011-08-29 04:00:00,144.33835
2011-08-29 05:00:00,90.24479
2011-08-29 06:00:00,90.24479
2011-08-29 07:00:00,224.92133
2011-08-29 08:00:00,243.49663
2011-08-29 09:00:00,263.63605
2011-08-29 10:00:00,319.5345
2011-08-29 11:00:00,301.7543
2011-08-29 12:00:00,313.18396
2011-08-29 13:00:00,259.25272
2011-08-29 14:00:00,269.7146
2011-08-29 15:00:00,348.38007
2011-08-29 16:00:00,353.8373
2011-08-29 17:00:00,304.68082
2011-08-29 18:00:00,315.09695
2011-08-29 19:00:00,315.09695
2011-08-29 20:00:00,263.63788
2011-08-29 21:00:00,268.6656
2011-08-29 22:00:00,224.21964
2011-08-29 23:00:00,184.31595
2011-08-30 00:00:00,90.24479
2011-08-30 01:00:00,145.57779
2011-08-30 02:00:00,81.21155
2011-08-30 03:00:00,114.29062
2011-08-30 04:00:00,84.99804
2011-08-30 05:00:00,74.67324
2011-08-30 06:00:00,81.21155
2011-08-30 07:00:00,144.33835
2011-08-30 08:00:00,224.21964
2011-08-30 09:00:00,300.63745
2011-08-30 10:00:00,389.94073
2011-08-30 11:00:00,403.40057
2011-08-30 12:00:00,303.02258
2011-08-30 13:00:00,404.01245
2011-08-30 14:00:00,407.5553
2011-08-30 15:00:00,403.80563
2011-08-30 16:00:00,402.09415
2011-08-30 17:00:00,361.87723
2011-08-30 18:00:00,322.22318
2011-08-30 19:00:00,259.47403
2011-08-30 20:00:00,244.88614
2011-08-30 21:00:00,158.99844
2011-08-30 22:00:00,163.0133
2011-08-30 23:00:00,163.0133
2011-08-31 00:00:00,115.06595
2011-08-31 01:00:00,115.06595
2011-08-31 02:00:00,79.71248
2011-08-31 03:00:00,75.98775
2011-08-31 04:00:00,79.71248
2011-08-31 05:00:00,71.66362
2011-08-31 06:00:00,75.42972
2011-08-31 07:00:00,79.71455
2011-08-31 08:00:00,121.22928
2011-08-31 09:00:00,141.39774
2011-08-31 10:00:00,308.6807
2011-08-31 11:00:00,345.77042
2011-08-31 12:00:00,342.6601
2011-08-31 13:00:00,386.88925
2011-08-31 14:00:00,369.24442
2011-08-31 15:00:00,369.24442
2011-08-31 16:00:00,351.22168
2011-08-31 17:00:00,321.18713
2011-08-31 18:00:00,300.9819
2011-08-31 19:00:00,351.65884
2011-08-31 20:00:00,231.85374
2011-08-31 21:00:00,181.49881
2011-08-31 22:00:00,124.17959
2011-08-31 23:00:00,80.22197
2011-09-20 00:00:00,170.07164
2011-09-20 01:00:00,108.50233
2011-09-20 02:00:00,108.50233
2011-09-20 03:00:00,136.71004
2011-09-20 04:00:00,77.297676
2011-09-20 05:00:00,122.73934
2011-09-20 06:00:00,122.73934
2011-09-20 07:00:00,108.50233
2011-09-20 08:00:00,114.00324
2011-09-20 09:00:00,116.90797
2011-09-20 10:00:00,120.4368
2011-09-20 11:00:00,120.4368
2011-09-20 12:00:00,94.601715
2011-09-20 13:00:00,87.27794
2011-09-20 14:00:00,132.81052
2011-09-20 15:00:00,153.22433
2011-09-20 16:00:00,139.71146
2011-09-20 17:00:00,75.280594
2011-09-20 18:00:00,75.280594
2011-09-20 19:00:00,69.84859
2011-09-20 20:00:00,65.42843
2011-09-20 21:00:00,65.42843
2011-09-20 22:00:00,65.42843
2011-09-20 23:00:00,65.42843
2011-09-21 00:00:00,61.667454
2011-09-21 01:00:00,64.58797
2011-09-21 02:00:00,64.58797
2011-09-21 03:00:00,82.36972
2011-09-21 04:00:00,91.65814
2011-09-21 05:00:00,88.95696
2011-09-21 06:00:00,90.845505
2011-09-21 07:00:00,90.845505
2011-09-21 08:00:00,90.557274
2011-09-21 09:00:00,90.71608
2011-09-21 10:00:00,88.061005
2011-09-21 11:00:00,145.17351
2011-09-21 12:00:00,143.6037
2011-09-21 13:00:00,227.307
2011-09-21 14:00:00,220.96744
2011-09-21 15:00:00,206.61661
2011-09-21 16:00:00,206.61661
2011-09-21 17:00:00,222.53319
2011-09-21 18:00:00,159.87013
2011-09-21 19:00:00,104.73857
2011-09-21 20:00:00,104.73857
2011-09-21 21:00:00,91.95314
2011-09-21 22:00:00,84.00807
2011-09-21 23:00:00,65.36807
2011-09-22 00:00:00,65.36807
2011-09-22 01:00:00,86.767265
2011-09-22 02:00:00,86.98814
2011-09-22 03:00:00,86.767265
2011-09-22 04:00:00,86.767265
2011-09-22 05:00:00,86.98814
2011-09-22 06:00:00,89.69908
2011-09-22 07:00:00,93.44653
2011-09-22 08:00:00,86.28644
2011-09-22 09:00:00,113.19722
2011-09-22 10:00:00,152.02205
2011-09-22 11:00:00,139.73438
2011-09-22 12:00:00,169.20107
2011-09-22 13:00:00,183.46248
2011-09-22 14:00:00,183.47992
2011-09-22 15:00:00,221.93146
2011-09-22 16:00:00,227.67896
2011-09-22 17:00:00,153.49265
2011-09-22 18:00:00,111.711334
2011-09-22 19:00:00,90.744514
2011-09-22 20:00:00,89.94712
2011-09-22 21:00:00,90.744514
2011-09-22 22:00:00,94.29577
2011-09-22 23:00:00,84.00807
2011-09-23 00:00:00,107.83035
2011-09-23 01:00:00,99.3466
2011-09-23 02:00:00,102.48306
2011-09-23 03:00:00,99.3466
2011-09-23 04:00:00,120.46165
2011-09-23 05:00:00,106.29474
2011-09-23 06:00:00,107.83035
2011-09-23 07:00:00,152.03078
2011-09-23 08:00:00,152.03078
2011-09-23 09:00:00,137.27751
2011-09-23 10:00:00,133.73189
2011-09-23 11:00:00,133.73189
2011-09-23 12:00:00,148.84622
2011-09-23 13:00:00,129.62726
2011-09-23 14:00:00,129.62726
2011-09-23 15:00:00,148.84625
2011-09-23 16:00:00,153.28404
2011-09-23 17:00:00,99.3466
2011-09-23 18:00:00,79.747154
2011-09-23 19:00:00,92.2611
2011-09-23 20:00:00,118.61163
2011-09-23 21:00:00,88.12137
2011-09-23 22:00:00,96.927574
2011-09-23 23:00:00,100.48633
2011-09-24 00:00:00,70.64255
2011-09-24 01:00:00,95.7515
2011-09-24 02:00:00,95.7515
2011-09-24 03:00:00,98.83841
2011-09-24 04:00:00,80.294075
2011-09-24 05:00:00,97.76968
2011-09-24 06:00:00,97.76968
2011-09-24 07:00:00,108.7609
2011-09-24 08:00:00,102.32135
2011-09-24 09:00:00,106.283005
2011-09-24 10:00:00,106.283005
2011-09-24 11:00:00,150.15056
2011-09-24 12:00:00,150.15056
2011-09-24 13:00:00,201.0936
2011-09-24 14:00:00,293.64783
2011-09-24 15:00:00,293.64783
2011-09-24 16:00:00,224.28725
2011-09-24 17:00:00,249.93434
2011-09-24 18:00:00,181.57397
2011-09-24 19:00:00,133.36653
2011-09-24 20:00:00,156.90651
2011-09-24 21:00:00,149.26701
2011-09-24 22:00:00,164.59679
2011-09-24 23:00:00,106.283005
2011-09-25 00:00:00,165.02443
2011-09-25 01:00:00,109.52603
2011-09-25 02:00:00,224.5446
2011-09-25 03:00:00,224.5446
2011-09-25 04:00:00,145.00204
2011-09-25 05:00:00,122.907394
2011-09-25 06:00:00,109.52603
2011-09-25 07:00:00,101.75301
2011-09-25 08:00:00,164.59679
2011-09-25 09:00:00,231.88116
2011-09-25 10:00:00,231.88116
2011-09-25 11:00:00,249.26363
2011-09-25 12:00:00,327.68967
2011-09-25 13:00:00,383.15536
2011-09-25 14:00:00,327.68967
2011-09-25 15:00:00,327.68967
2011-09-25 16:00:00,337.95682
2011-09-25 17:00:00,263.98102
2011-09-25 18:00:00,263.98102
2011-09-25 19:00:00,134.8119
2011-09-25 20:00:00,150.45435
2011-09-25 21:00:00,85.49381
2011-09-25 22:00:00,128.09985
2011-09-25 23:00:00,97.44815
2011-09-26 00:00:00,106.29474
2011-09-26 01:00:00,141.46245
2011-09-26 02:00:00,141.46245
2011-09-26 03:00:00,106.29475
2011-09-26 04:00:00,107.83037
2011-09-26 05:00:00,140.2415
2011-09-26 06:00:00,107.83035
2011-09-26 07:00:00,106.29474
2011-09-26 08:00:00,106.29474
2011-09-26 09:00:00,167.94225
2011-09-26 10:00:00,167.94225
2011-09-26 11:00:00,199.75731
2011-09-26 12:00:00,281.56232
2011-09-26 13:00:00,309.13464
2011-09-26 14:00:00,326.93387
2011-09-26 15:00:00,362.21713
2011-09-26 16:00:00,353.22583
2011-09-26 17:00:00,333.915
2011-09-26 18:00:00,180.70123
2011-09-26 19:00:00,187.05109
2011-09-26 20:00:00,102.07215
2011-09-26 21:00:00,102.07215
2011-09-26 22:00:00,92.2611
2011-09-26 23:00:00,92.2611
2011-09-27 00:00:00,92.2611
2011-09-27 01:00:00,94.6775
2011-09-27 02:00:00,90.207825
2011-09-27 03:00:00,106.29474
2011-09-27 04:00:00,147.25992
2011-09-27 05:00:00,147.25992
2011-09-27 06:00:00,110.57273
2011-09-27 07:00:00,110.57273
2011-09-27 08:00:00,135.13582
2011-09-27 09:00:00,181.7147
2011-09-27 10:00:00,156.18134
2011-09-27 11:00:00,135.86172
2011-09-27 12:00:00,147.0714
2011-09-27 13:00:00,280.07364
2011-09-27 14:00:00,275.36575
2011-09-27 15:00:00,215.69917
2011-09-27 16:00:00,239.82077
2011-09-27 17:00:00,171.06203
2011-09-27 18:00:00,173.74335
2011-09-27 19:00:00,146.05252
2011-09-27 20:00:00,212.22197
2011-09-27 21:00:00,164.5864
2011-09-27 22:00:00,133.01819
2011-09-27 23:00:00,133.01819
2011-09-28 00:00:00,145.69257
2011-09-28 01:00:00,145.69257
2011-09-28 02:00:00,130.8984
2011-09-28 03:00:00,110.01986
2011-09-28 04:00:00,145.69257
2011-09-28 05:00:00,108.05626
2011-09-28 06:00:00,152.96034
2011-09-28 07:00:00,152.96034
2011-09-28 08:00:00,154.92592
2011-09-28 09:00:00,154.92592
2011-09-28 10:00:00,106.29474
2011-09-28 11:00:00,224.95094
2011-09-28 12:00:00,288.2135
2011-09-28 13:00:00,246.60596
2011-09-28 14:00:00,340.47412
2011-09-28 15:00:00,333.915
2011-09-28 16:00:00,310.787
2011-09-28 17:00:00,272.2796
2011-09-28 18:00:00,219.56511
2011-09-28 19:00:00,219.56505
2011-09-28 20:00:00,190.9234
2011-09-28 21:00:00,163.24753
2011-09-28 22:00:00,133.01819
2011-09-28 23:00:00,94.76234
2011-09-29 00:00:00,99.01085
2011-09-29 01:00:00,115.29004
2011-09-29 02:00:00,115.29004
2011-09-29 03:00:00,143.31474
2011-09-29 04:00:00,173.90456
2011-09-29 05:00:00,140.73625
2011-09-29 06:00:00,135.29619
2011-09-29 07:00:00,102.42146
2011-09-29 08:00:00,164.5864
2011-09-29 09:00:00,196.79121
2011-09-29 10:00:00,337.17065
2011-09-29 11:00:00,345.69724
2011-09-29 12:00:00,369.22
2011-09-29 13:00:00,354.09558
2011-09-29 14:00:00,378.77863
2011-09-29 15:00:00,377.64853
2011-09-29 16:00:00,394.11887
2011-09-29 17:00:00,376.56458
2011-09-29 18:00:00,409.8789
2011-09-29 19:00:00,362.56775
2011-09-29 20:00:00,373.73215
2011-09-29 21:00:00,395.99664
2011-09-29 22:00:00,362.9741
2011-09-29 23:00:00,200.31424
2011-09-30 00:00:00,122.71199
2011-09-30 01:00:00,208.5336
2011-09-30 02:00:00,122.71199
2011-09-30 03:00:00,122.711945
2011-09-30 04:00:00,143.34326
2011-09-30 05:00:00,143.34326
2011-09-30 06:00:00,147.46
2011-09-30 07:00:00,147.46
2011-09-30 08:00:00,198.18486
2011-09-30 09:00:00,238.27887
2011-09-30 10:00:00,408.01337
2011-09-30 11:00:00,384.96942
2011-09-30 12:00:00,344.08704
2011-09-30 13:00:00,355.76868
2011-09-30 14:00:00,353.54263
2011-09-30 15:00:00,364.3187
2011-09-30 16:00:00,371.14743
2011-09-30 17:00:00,370.13992
2011-09-30 18:00:00,314.90012
2011-09-30 19:00:00,302.03998
2011-09-30 20:00:00,302.03998
2011-09-30 21:00:00,283.61395
2011-09-30 22:00:00,268.7135
2011-09-30 23:00:00,268.7135
2011-10-20 00:00:00,108.82796
2011-10-20 01:00:00,150.19937
2011-10-20 02:00:00,176.58788
2011-10-20 03:00:00,182.60144
2011-10-20 04:00:00,182.60144
2011-10-20 05:00:00,165.91658
2011-10-20 06:00:00,172.46861
2011-10-20 07:00:00,177.03108
2011-10-20 08:00:00,206.56834
2011-10-20 09:00:00,214.54247
2011-10-20 10:00:00,238.76625
2011-10-20 11:00:00,283.64053
2011-10-20 12:00:00,334.67694
2011-10-20 13:00:00,360.67722
2011-10-20 14:00:00,309.0316
2011-10-20 15:00:00,271.30423
2011-10-20 16:00:00,271.30423
2011-10-20 17:00:00,287.58447
2011-10-20 18:00:00,253.66553
2011-10-20 19:00:00,256.23505
2011-10-20 20:00:00,257.89978
2011-10-20 21:00:00,261.67526
2011-10-20 22:00:00,253.65309
2011-10-20 23:00:00,252.59196
2011-10-21 00:00:00,231.04005
2011-10-21 01:00:00,240.4829
2011-10-21 02:00:00,193.89032
2011-10-21 03:00:00,134.81589
2011-10-21 04:00:00,140.1899
2011-10-21 05:00:00,125.35888
2011-10-21 06:00:00,140.1899
2011-10-21 07:00:00,140.1899
2011-10-21 08:00:00,243.34103
2011-10-21 09:00:00,248.4645
2011-10-21 10:00:00,269.65384
2011-10-21 11:00:00,288.74692
2011-10-21 12:00:00,307.55573
2011-10-21 13:00:00,277.1796
2011-10-21 14:00:00,329.7694
2011-10-21 15:00:00,306.22043
2011-10-21 16:00:00,290.19415
2011-10-21 17:00:00,269.6697
2011-10-21 18:00:00,256.7757
2011-10-21 19:00:00,231.69557
2011-10-21 20:00:00,264.23825
2011-10-21 21:00:00,262.7841
2011-10-21 22:00:00,259.05966
2011-10-21 23:00:00,240.4829
2011-10-22 00:00:00,196.37682
2011-10-22 01:00:00,196.37682
2011-10-22 02:00:00,199.08282
2011-10-22 03:00:00,216.18027
2011-10-22 04:00:00,190.90674
2011-10-22 05:00:00,245.37735
2011-10-22 06:00:00,186.48682
2011-10-22 07:00:00,90.71718
2011-10-22 08:00:00,208.19464
2011-10-22 09:00:00,229.56334
2011-10-22 10:00:00,238.82938
2011-10-22 11:00:00,238.82938
2011-10-22 12:00:00,356.87656
2011-10-22 13:00:00,520.44055
2011-10-22 14:00:00,295.47635
2011-10-22 15:00:00,305.39047
2011-10-22 16:00:00,377.20728
2011-10-22 17:00:00,320.47012
2011-10-22 18:00:00,344.71616
2011-10-22 19:00:00,274.45377
2011-10-22 20:00:00,264.8554
2011-10-22 21:00:00,161.80717
2011-10-22 22:00:00,161.80717
2011-10-22 23:00:00,102.352104
2011-10-23 00:00:00,83.30286
2011-10-23 01:00:00,83.30286
2011-10-23 02:00:00,88.871414
2011-10-23 03:00:00,79.797325
2011-10-23 04:00:00,79.797325
2011-10-23 05:00:00,79.38899
2011-10-23 06:00:00,89.20548
2011-10-23 07:00:00,88.871414
2011-10-23 08:00:00,101.06888
2011-10-23 09:00:00,161.80717
2011-10-23 10:00:00,186.83658
2011-10-23 11:00:00,147.81519
2011-10-23 12:00:00,263.2604
2011-10-23 13:00:00,312.27466
2011-10-23 14:00:00,297.03574
2011-10-23 15:00:00,340.57944
2011-10-23 16:00:00,312.27466
2011-10-23 17:00:00,325.98428
2011-10-23 18:00:00,377.11346
2011-10-23 19:00:00,168.80211
2011-10-23 20:00:00,191.7619
2011-10-23 21:00:00,191.7619
2011-10-23 22:00:00,112.07793
2011-10-23 23:00:00,119.70781
2011-10-24 00:00:00,194.24065
2011-10-24 01:00:00,123.54887
2011-10-24 02:00:00,110.57973
2011-10-24 03:00:00,116.92642
2011-10-24 04:00:00,133.28763
2011-10-24 05:00:00,103.05354
2011-10-24 06:00:00,110.57973
2011-10-24 07:00:00,117.01423
2011-10-24 08:00:00,153.16795
2011-10-24 09:00:00,185.58311
2011-10-24 10:00:00,178.28554
2011-10-24 11:00:00,264.75104
2011-10-24 12:00:00,286.0261
2011-10-24 13:00:00,286.39804
2011-10-24 14:00:00,275.5843
2011-10-24 15:00:00,334.56604
2011-10-24 16:00:00,285.91202
2011-10-24 17:00:00,320.5102
2011-10-24 18:00:00,362.48798
2011-10-24 19:00:00,167.92838
2011-10-24 20:00:00,114.57813
2011-10-24 21:00:00,106.9884
2011-10-24 22:00:00,174.40158
2011-10-24 23:00:00,170.58841
2011-10-25 00:00:00,151.20486
2011-10-25 01:00:00,151.20486
2011-10-25 02:00:00,124.55695
2011-10-25 03:00:00,102.48035
2011-10-25 04:00:00,113.330826
2011-10-25 05:00:00,113.330826
2011-10-25 06:00:00,119.39002
2011-10-25 07:00:00,139.2864
2011-10-25 08:00:00,225.35144
2011-10-25 09:00:00,266.4418
2011-10-25 10:00:00,273.26678
2011-10-25 11:00:00,301.86127
2011-10-25 12:00:00,349.45148
2011-10-25 13:00:00,370.5921
2011-10-25 14:00:00,357.41202
2011-10-25 15:00:00,295.5275
2011-10-25 16:00:00,348.72253
2011-10-25 17:00:00,295.5275
2011-10-25 18:00:00,297.10416
2011-10-25 19:00:00,239.84464
2011-10-25 20:00:00,302.70532
2011-10-25 21:00:00,175.61118
2011-10-25 22:00:00,228.95306
2011-10-25 23:00:00,175.61118
2011-10-26 00:00:00,172.41646
2011-10-26 01:00:00,215.41405
2011-10-26 02:00:00,219.21243
2011-10-26 03:00:00,217.0145
2011-10-26 04:00:00,173.6849
2011-10-26 05:00:00,168.05624
2011-10-26 06:00:00,168.05624
2011-10-26 07:00:00,170.59485
2011-10-26 08:00:00,244.42839
2011-10-26 09:00:00,264.12955
2011-10-26 10:00:00,268.73816
2011-10-26 11:00:00,256.6921
2011-10-26 12:00:00,295.3364
2011-10-26 13:00:00,295.51736
2011-10-26 14:00:00,268.75745
2011-10-26 15:00:00,268.75745
2011-10-26 16:00:00,242.3351
2011-10-26 17:00:00,237.6196
2011-10-26 18:00:00,181.06107
2011-10-26 19:00:00,173.97905
2011-10-26 20:00:00,133.20586
2011-10-26 21:00:00,268.75745
2011-10-26 22:00:00,130.95105
2011-10-26 23:00:00,130.95105
2011-10-27 00:00:00,89.14129
2011-10-27 01:00:00,89.14129
2011-10-27 02:00:00,135.35272
2011-10-27 03:00:00,135.3527
2011-10-27 04:00:00,158.95134
2011-10-27 05:00:00,153.95331
2011-10-27 06:00:00,181.54002
2011-10-27 07:00:00,113.52417
2011-10-27 08:00:00,158.00224
2011-10-27 09:00:00,190.55946
2011-10-27 10:00:00,160.19371
2011-10-27 11:00:00,157.7761
2011-10-27 12:00:00,157.7761
2011-10-27 13:00:00,157.63145
2011-10-27 14:00:00,183.99052
2011-10-27 15:00:00,170.475
2011-10-27 16:00:00,291.62433
2011-10-27 17:00:00,184.98715
2011-10-27 18:00:00,185.95277
2011-10-27 19:00:00,180.96538
2011-10-27 20:00:00,198.15382
2011-10-27 21:00:00,213.37811
2011-10-27 22:00:00,176.66565
2011-10-27 23:00:00,205.00122
2011-10-28 00:00:00,170.85869
2011-10-28 01:00:00,167.23427
2011-10-28 02:00:00,174.26564
2011-10-28 03:00:00,160.60689
2011-10-28 04:00:00,174.48677
2011-10-28 05:00:00,189.3334
2011-10-28 06:00:00,168.9362
2011-10-28 07:00:00,168.9362
2011-10-28 08:00:00,181.60852
2011-10-28 09:00:00,209.75908
2011-10-28 10:00:00,230.4898
2011-10-28 11:00:00,257.02924
2011-10-28 12:00:00,252.69524
2011-10-28 13:00:00,260.18094
2011-10-28 14:00:00,248.49358
2011-10-28 15:00:00,261.14838
2011-10-28 16:00:00,242.57831
2011-10-28 17:00:00,235.51392
2011-10-28 18:00:00,242.29034
2011-10-28 19:00:00,235.51392
2011-10-28 20:00:00,204.97505
2011-10-28 21:00:00,190.37509
2011-10-28 22:00:00,146.2318
2011-10-28 23:00:00,105.152954
2011-10-29 00:00:00,81.70036
2011-10-29 01:00:00,84.806305
2011-10-29 02:00:00,84.806305
2011-10-29 03:00:00,17.463396
2011-10-29 04:00:00,17.463396
2011-10-29 05:00:00,66.552605
2011-10-29 06:00:00,37.791725
2011-10-29 07:00:00,37.791725
2011-10-29 08:00:00,60.54947
2011-10-29 09:00:00,60.54947
2011-10-29 10:00:00,64.16744
2011-10-29 11:00:00,69.88144
2011-10-29 12:00:00,28.302664
2011-10-29 13:00:00,30.706436
2011-10-29 14:00:00,23.656445
2011-10-29 15:00:00,74.79182
2011-10-29 16:00:00,53.61689
2011-10-29 17:00:00,53.61689
2011-10-29 18:00:00,53.61689
2011-10-29 19:00:00,48.395607
2011-10-29 20:00:00,48.395607
2011-10-29 21:00:00,48.395615
2011-10-29 22:00:00,49.21439
2011-10-29 23:00:00,55.57708
2011-10-30 00:00:00,49.21439
2011-10-30 01:00:00,47.379765
2011-10-30 02:00:00,46.054756
2011-10-30 03:00:00,71.898796
2011-10-30 04:00:00,58.787327
2011-10-30 05:00:00,75.39636
2011-10-30 06:00:00,69.76248
2011-10-30 07:00:00,65.15755
2011-10-30 08:00:00,87.11813
2011-10-30 09:00:00,138.0361
2011-10-30 10:00:00,150.5691
2011-10-30 11:00:00,249.03389
2011-10-30 12:00:00,274.9086
2011-10-30 13:00:00,335.94333
2011-10-30 14:00:00,391.52826
2011-10-30 15:00:00,418.4708
2011-10-30 16:00:00,445.67477
2011-10-30 17:00:00,415.83453
2011-10-30 18:00:00,301.78375
2011-10-30 19:00:00,350.0401
2011-10-30 20:00:00,265.58453
2011-10-30 21:00:00,156.53749
2011-10-30 22:00:00,103.32149
2011-10-30 23:00:00,64.90753
2011-10-31 00:00:00,100.03405
2011-10-31 01:00:00,85.73274
2011-10-31 02:00:00,87.19569
2011-10-31 03:00:00,128.86882
2011-10-31 04:00:00,87.195694
2011-10-31 05:00:00,101.53315
2011-10-31 06:00:00,87.19569
2011-10-31 07:00:00,100.19118
2011-10-31 08:00:00,132.45409
2011-10-31 09:00:00,162.65927
2011-10-31 10:00:00,243.85838
2011-10-31 11:00:00,256.20804
2011-10-31 12:00:00,263.46103
2011-10-31 13:00:00,263.91495
2011-10-31 14:00:00,263.85132
2011-10-31 15:00:00,265.5454
2011-10-31 16:00:00,259.05966
2011-10-31 17:00:00,268.43298
2011-10-31 18:00:00,266.21033
2011-10-31 19:00:00,266.21033
2011-10-31 20:00:00,266.21033
2011-10-31 21:00:00,168.6639
2011-10-31 22:00:00,168.6639
2011-10-31 23:00:00,168.6639
2011-11-20 00:00:00,149.48004
2011-11-20 01:00:00,199.08282
2011-11-20 02:00:00,205.98798
2011-11-20 03:00:00,208.74437
2011-11-20 04:00:00,185.42938
2011-11-20 05:00:00,207.1729
2011-11-20 06:00:00,211.38464
2011-11-20 07:00:00,159.22566
2011-11-20 08:00:00,187.12029
2011-11-20 09:00:00,141.66568
2011-11-20 10:00:00,206.61989
2011-11-20 11:00:00,256.02728
2011-11-20 12:00:00,244.79073
2011-11-20 13:00:00,248.52751
2011-11-20 14:00:00,240.00252
2011-11-20 15:00:00,255.8922
2011-11-20 16:00:00,253.70955
2011-11-20 17:00:00,243.94456
2011-11-20 18:00:00,247.8406
2011-11-20 19:00:00,243.5682
2011-11-20 20:00:00,286.55502
2011-11-20 21:00:00,168.51665
2011-11-20 22:00:00,148.12253
2011-11-20 23:00:00,148.12253
2011-11-21 00:00:00,110.2017
2011-11-21 01:00:00,138.78886
2011-11-21 02:00:00,127.315025
2011-11-21 03:00:00,128.8045
2011-11-21 04:00:00,128.8045
2011-11-21 05:00:00,102.62315
2011-11-21 06:00:00,103.77819
2011-11-21 07:00:00,126.97363
2011-11-21 08:00:00,110.2017
2011-11-21 09:00:00,113.08507
2011-11-21 10:00:00,183.99052
2011-11-21 11:00:00,170.475
2011-11-21 12:00:00,243.01135
2011-11-21 13:00:00,243.01135
2011-11-21 14:00:00,192.11288
2011-11-21 15:00:00,135.14798
2011-11-21 16:00:00,135.14798
2011-11-21 17:00:00,117.46281
2011-11-21 18:00:00,150.56221
2011-11-21 19:00:00,134.55458
2011-11-21 20:00:00,144.52168
2011-11-21 21:00:00,152.2999
2011-11-21 22:00:00,153.68105
2011-11-21 23:00:00,152.2999
2011-11-22 00:00:00,136.54436
2011-11-22 01:00:00,138.54353
2011-11-22 02:00:00,124.71681
2011-11-22 03:00:00,124.71681
2011-11-22 04:00:00,135.2272
2011-11-22 05:00:00,135.2272
2011-11-22 06:00:00,117.01423
2011-11-22 07:00:00,132.67343
2011-11-22 08:00:00,132.67343
2011-11-22 09:00:00,135.59901
2011-11-22 10:00:00,135.59901
2011-11-22 11:00:00,138.54353
2011-11-22 12:00:00,123.47539
2011-11-22 13:00:00,124.54012
2011-11-22 14:00:00,124.54012
2011-11-22 15:00:00,134.84697
2011-11-22 16:00:00,134.84697
2011-11-22 17:00:00,125.59895
2011-11-22 18:00:00,124.58325
2011-11-22 19:00:00,139.39815
2011-11-22 20:00:00,123.084076
2011-11-22 21:00:00,129.27638
2011-11-22 22:00:00,134.5526
2011-11-22 23:00:00,147.36568
2011-11-23 00:00:00,147.36568
2011-11-23 01:00:00,147.57005
2011-11-23 02:00:00,117.24711
2011-11-23 03:00:00,117.247086
2011-11-23 04:00:00,132.33989
2011-11-23 05:00:00,134.90015
2011-11-23 06:00:00,102.62315
2011-11-23 07:00:00,104.41071
2011-11-23 08:00:00,113.08507
2011-11-23 09:00:00,136.13089
2011-11-23 10:00:00,136.13089
2011-11-23 11:00:00,184.60767
2011-11-23 12:00:00,259.27966
2011-11-23 13:00:00,244.43619
2011-11-23 14:00:00,256.0223
2011-11-23 15:00:00,231.15013
2011-11-23 16:00:00,186.85042
2011-11-23 17:00:00,139.21786
2011-11-23 18:00:00,208.79623
2011-11-23 19:00:00,219.91061
2011-11-23 20:00:00,198.02287
2011-11-23 21:00:00,211.05536
2011-11-23 22:00:00,194.48102
2011-11-23 23:00:00,190.45479
2011-11-24 00:00:00,125.709045
2011-11-24 01:00:00,110.39666
2011-11-24 02:00:00,80.71202
2011-11-24 03:00:00,21.117825
2011-11-24 04:00:00,105.22382
2011-11-24 05:00:00,99.3038
2011-11-24 06:00:00,105.22382
2011-11-24 07:00:00,18.928219
2011-11-24 08:00:00,57.22397
2011-11-24 09:00:00,169.85208
2011-11-24 10:00:00,246.32971
2011-11-24 11:00:00,335.4795
2011-11-24 12:00:00,400.07367
2011-11-24 13:00:00,390.28156
2011-11-24 14:00:00,303.77847
2011-11-24 15:00:00,345.63278
2011-11-24 16:00:00,319.8579
2011-11-24 17:00:00,344.58453
2011-11-24 18:00:00,368.44684
2011-11-24 19:00:00,358.89478
2011-11-24 20:00:00,89.94127
2011-11-24 21:00:00,117.16681
2011-11-24 22:00:00,117.16681
2011-11-24 23:00:00,86.466125
2011-11-25 00:00:00,121.1536
2011-11-25 01:00:00,148.2167
2011-11-25 02:00:00,99.58922
2011-11-25 03:00:00,102.536026
2011-11-25 04:00:00,106.428925
2011-11-25 05:00:00,76.840935
2011-11-25 06:00:00,104.273834
2011-11-25 07:00:00,85.73274
2011-11-25 08:00:00,105.590355
2011-11-25 09:00:00,128.83267
2011-11-25 10:00:00,140.1899
2011-11-25 11:00:00,247.47157
2011-11-25 12:00:00,291.7653
2011-11-25 13:00:00,288.74692
2011-11-25 14:00:00,335.0488
2011-11-25 15:00:00,335.56155
2011-11-25 16:00:00,300.0076
2011-11-25 17:00:00,281.72824
2011-11-25 18:00:00,289.72733
2011-11-25 19:00:00,298.6367
2011-11-25 20:00:00,306.24066
2011-11-25 21:00:00,222.31747
2011-11-25 22:00:00,122.800766
2011-11-25 23:00:00,113.49788
2011-11-26 00:00:00,86.13865
2011-11-26 01:00:00,84.17275
2011-11-26 02:00:00,86.48743
2011-11-26 03:00:00,88.49605
2011-11-26 04:00:00,88.49605
2011-11-26 05:00:00,76.30861
2011-11-26 06:00:00,158.5255
2011-11-26 07:00:00,74.766945
2011-11-26 08:00:00,84.17275
2011-11-26 09:00:00,87.547966
2011-11-26 10:00:00,104.406425
2011-11-26 11:00:00,257.8777
2011-11-26 12:00:00,470.52322
2011-11-26 13:00:00,513.83813
2011-11-26 14:00:00,293.82538
2011-11-26 15:00:00,358.2117
2011-11-26 16:00:00,291.30838
2011-11-26 17:00:00,291.30838
2011-11-26 18:00:00,233.89577
2011-11-26 19:00:00,191.41454
2011-11-26 20:00:00,433.89716
2011-11-26 21:00:00,210.95195
2011-11-26 22:00:00,300.8093
2011-11-26 23:00:00,104.406425
2011-11-27 00:00:00,104.406425
2011-11-27 01:00:00,104.406425
2011-11-27 02:00:00,103.239655
2011-11-27 03:00:00,79.797325
2011-11-27 04:00:00,91.098114
2011-11-27 05:00:00,100.43758
2011-11-27 06:00:00,109.71111
2011-11-27 07:00:00,103.71895
2011-11-27 08:00:00,133.8738
2011-11-27 09:00:00,168.8931
2011-11-27 10:00:00,168.8931
2011-11-27 11:00:00,248.03204
2011-11-27 12:00:00,307.86105
2011-11-27 13:00:00,293.79904
2011-11-27 14:00:00,448.47958
2011-11-27 15:00:00,462.33783
2011-11-27 16:00:00,345.75748
2011-11-27 17:00:00,324.47076
2011-11-27 18:00:00,279.37616
2011-11-27 19:00:00,186.40292
2011-11-27 20:00:00,231.32257
2011-11-27 21:00:00,191.58041
2011-11-27 22:00:00,162.63284
2011-11-27 23:00:00,162.63284
2011-11-28 00:00:00,176.44873
2011-11-28 01:00:00,178.18956
2011-11-28 03:00:00,122.686874
2011-11-28 04:00:00,115.06718
2011-11-28 05:00:00,102.48035
2011-11-28 06:00:00,116.000946
2011-11-28 07:00:00,100.38368
2011-11-28 08:00:00,112.86825
2011-11-28 09:00:00,168.84277
2011-11-28 10:00:00,236.08456
2011-11-28 11:00:00,286.0261
2011-11-28 12:00:00,362.89142
2011-11-28 13:00:00,327.92804
2011-11-28 14:00:00,387.6585
2011-11-28 15:00:00,351.3217
2011-11-28 16:00:00,301.43878
2011-11-28 17:00:00,318.12766
2011-11-28 18:00:00,290.9271
2011-11-28 19:00:00,225.58005
2011-11-28 20:00:00,240.3205
2011-11-28 21:00:00,229.15572
2011-11-28 22:00:00,170.475
2011-11-28 23:00:00,180.6637
2011-11-29 00:00:00,168.81189
2011-11-29 01:00:00,137.1445
2011-11-29 02:00:00,118.57913
2011-11-29 03:00:00,118.57913
2011-11-29 04:00:00,170.61464
2011-11-29 05:00:00,129.77931
2011-11-29 06:00:00,152.24294
2011-11-29 07:00:00,181.44608
2011-11-29 08:00:00,182.52272
2011-11-29 09:00:00,181.29034
2011-11-29 10:00:00,181.29034
2011-11-29 11:00:00,134.04646
2011-11-29 12:00:00,120.08403
2011-11-29 13:00:00,150.09727
2011-11-29 14:00:00,134.55458
2011-11-29 15:00:00,118.26211
2011-11-29 16:00:00,144.5217
2011-11-29 17:00:00,153.95213
2011-11-29 18:00:00,162.11618
2011-11-29 19:00:00,154.73853
2011-11-29 20:00:00,163.75195
2011-11-29 21:00:00,163.75195
2011-11-29 22:00:00,143.72725
2011-11-29 23:00:00,180.86578
2011-11-30 00:00:00,202.09628
2011-11-30 01:00:00,179.10263
2011-11-30 02:00:00,137.26118
2011-11-30 03:00:00,137.26118
2011-11-30 04:00:00,126.615776
2011-11-30 05:00:00,115.99846
2011-11-30 06:00:00,125.67003
2011-11-30 07:00:00,104.273834
2011-11-30 08:00:00,115.99846
2011-11-30 09:00:00,158.79584
2011-11-30 10:00:00,165.67897
2011-11-30 11:00:00,233.6909
2011-11-30 12:00:00,248.90186
2011-11-30 13:00:00,280.56238
2011-11-30 14:00:00,280.56238
2011-11-30 15:00:00,254.61781
2011-11-30 16:00:00,259.97235
2011-11-30 17:00:00,223.0158
2011-11-30 18:00:00,240.21347
2011-11-30 19:00:00,211.03761
2011-11-30 20:00:00,211.03761
2011-11-30 21:00:00,209.60072
2011-11-30 22:00:00,192.68968
2011-11-30 23:00:00,184.0969
2011-12-20 00:00:00,275.94833
2011-12-20 01:00:00,297.33728
2011-12-20 02:00:00,238.95148
2011-12-20 03:00:00,238.95148
2011-12-20 04:00:00,237.30559
2011-12-20 05:00:00,275.26883
2011-12-20 06:00:00,275.26877
2011-12-20 07:00:00,248.94435
2011-12-20 08:00:00,261.61166
2011-12-20 09:00:00,253.49406
2011-12-20 10:00:00,256.6456
2011-12-20 11:00:00,250.63089
2011-12-20 12:00:00,256.57874
2011-12-20 13:00:00,256.57874
2011-12-20 14:00:00,258.03134
2011-12-20 15:00:00,301.5168
2011-12-20 16:00:00,331.36575
2011-12-20 17:00:00,244.94147
2011-12-20 18:00:00,190.39311
2011-12-20 19:00:00,278.6443
2011-12-20 20:00:00,253.1991
2011-12-20 21:00:00,184.88425
2011-12-20 22:00:00,253.49406
2011-12-20 23:00:00,249.38881
2011-12-21 00:00:00,117.67407
2011-12-21 01:00:00,120.92997
2011-12-21 02:00:00,162.38979
2011-12-21 03:00:00,162.38979
2011-12-21 04:00:00,162.38979
2011-12-21 05:00:00,145.45285
2011-12-21 06:00:00,144.0047
2011-12-21 07:00:00,141.50516
2011-12-21 08:00:00,161.84427
2011-12-21 09:00:00,139.84572
2011-12-21 10:00:00,142.61913
2011-12-21 11:00:00,142.61913
2011-12-21 12:00:00,108.352554
2011-12-21 13:00:00,104.264084
2011-12-21 14:00:00,152.34666
2011-12-21 15:00:00,148.02473
2011-12-21 16:00:00,89.270294
2011-12-21 17:00:00,89.270294
2011-12-21 18:00:00,121.58099
2011-12-21 19:00:00,164.35829
2011-12-21 20:00:00,160.05084
2011-12-21 21:00:00,109.31791
2011-12-21 22:00:00,105.08946
2011-12-21 23:00:00,115.2406
2011-12-22 00:00:00,143.29721
2011-12-22 01:00:00,121.09731
2011-12-22 02:00:00,104.94599
2011-12-22 03:00:00,140.44283
2011-12-22 04:00:00,106.48012
2011-12-22 05:00:00,129.69753
2011-12-22 06:00:00,81.860405
2011-12-22 07:00:00,62.72628
2011-12-22 08:00:00,144.0047
2011-12-22 09:00:00,147.20944
2011-12-22 10:00:00,143.04874
2011-12-22 11:00:00,204.07239
2011-12-22 12:00:00,177.8084
2011-12-22 13:00:00,157.23228
2011-12-22 14:00:00,157.23228
2011-12-22 15:00:00,159.85246
2011-12-22 16:00:00,157.23228
2011-12-22 17:00:00,151.52797
2011-12-22 18:00:00,145.9734
2011-12-22 19:00:00,155.14618
2011-12-22 20:00:00,115.21116
2011-12-22 21:00:00,115.21116
2011-12-22 22:00:00,122.465485
2011-12-22 23:00:00,142.4372
2011-12-23 00:00:00,117.68134
2011-12-23 01:00:00,117.68134
2011-12-23 02:00:00,117.523865
2011-12-23 03:00:00,117.523865
2011-12-23 04:00:00,77.67436
2011-12-23 05:00:00,82.74706
2011-12-23 06:00:00,89.61455
2011-12-23 07:00:00,85.01891
2011-12-23 08:00:00,109.57318
2011-12-23 09:00:00,127.649925
2011-12-23 10:00:00,153.76305
2011-12-23 11:00:00,195.9428
2011-12-23 12:00:00,204.98422
2011-12-23 13:00:00,193.4021
2011-12-23 14:00:00,185.19533
2011-12-23 15:00:00,168.09612
2011-12-23 16:00:00,149.87369
2011-12-23 17:00:00,130.61693
2011-12-23 18:00:00,132.00493
2011-12-23 19:00:00,124.80541
2011-12-23 20:00:00,118.474594
2011-12-23 21:00:00,108.81403
2011-12-23 22:00:00,100.79968
2011-12-23 23:00:00,104.46549
2011-12-24 00:00:00,72.71873
2011-12-24 01:00:00,82.40554
2011-12-24 02:00:00,110.91103
2011-12-24 03:00:00,117.23278
2011-12-24 04:00:00,84.48416
2011-12-24 05:00:00,84.48416
2011-12-24 06:00:00,53.243088
2011-12-24 07:00:00,54.896996
2011-12-24 08:00:00,46.02854
2011-12-24 09:00:00,122.342445
2011-12-24 10:00:00,117.4744
2011-12-24 11:00:00,131.43352
2011-12-24 12:00:00,154.7816
2011-12-24 13:00:00,150.64128
2011-12-24 14:00:00,150.64128
2011-12-24 15:00:00,140.41124
2011-12-24 16:00:00,131.33772
2011-12-24 17:00:00,104.336334
2011-12-24 18:00:00,112.318245
2011-12-24 19:00:00,79.52232
2011-12-24 20:00:00,81.746086
2011-12-24 21:00:00,74.64536
2011-12-24 22:00:00,62.88399
2011-12-24 23:00:00,69.16649
2011-12-25 00:00:00,46.11206
2011-12-25 01:00:00,40.69454
2011-12-25 02:00:00,32.8561
2011-12-25 03:00:00,35.8737
2011-12-25 05:00:00,40.826756
2011-12-25 06:00:00,40.826756
2011-12-25 07:00:00,36.60771
2011-12-25 08:00:00,42.565258
2011-12-25 09:00:00,44.176727
2011-12-25 10:00:00,45.213383
2011-12-25 11:00:00,56.259254
2011-12-25 12:00:00,48.187992
2011-12-25 13:00:00,58.974983
2011-12-25 14:00:00,103.7361
2011-12-25 15:00:00,103.767235
2011-12-25 16:00:00,84.47512
2011-12-25 17:00:00,85.227135
2011-12-25 18:00:00,63.07703
2011-12-25 19:00:00,93.11393
2011-12-25 20:00:00,90.48073
2011-12-25 21:00:00,89.398605
2011-12-25 22:00:00,68.604546
2011-12-25 23:00:00,54.49644
2011-12-26 00:00:00,46.476418
2011-12-26 01:00:00,85.5461
2011-12-26 02:00:00,134.3469
2011-12-26 04:00:00,124.00317
2011-12-26 05:00:00,105.474335
2011-12-26 06:00:00,121.26348
2011-12-26 07:00:00,129.81851
2011-12-26 08:00:00,127.21124
2011-12-26 09:00:00,124.00317
2011-12-26 10:00:00,106.06122
2011-12-26 11:00:00,152.24055
2011-12-26 12:00:00,91.34338
2011-12-26 13:00:00,155.89612
2011-12-26 14:00:00,153.16519
2011-12-26 15:00:00,156.79298
2011-12-26 16:00:00,135.70917
2011-12-26 17:00:00,134.3469
2011-12-26 18:00:00,103.52973
2011-12-26 19:00:00,67.17784
2011-12-26 20:00:00,96.472046
2011-12-26 21:00:00,30.71798
2011-12-26 22:00:00,30.717976
2011-12-26 23:00:00,44.748047
2011-12-27 00:00:00,92.68901
2011-12-27 01:00:00,90.679665
2011-12-27 02:00:00,90.679665
2011-12-27 03:00:00,96.90567
2011-12-27 04:00:00,98.32607
2011-12-27 05:00:00,76.77154
2011-12-27 06:00:00,78.665825
2011-12-27 07:00:00,80.99971
2011-12-27 08:00:00,109.45966
2011-12-27 09:00:00,87.94074
2011-12-27 10:00:00,120.20211
2011-12-27 11:00:00,87.94074
2011-12-27 12:00:00,102.09701
2011-12-27 13:00:00,55.032475
2011-12-27 14:00:00,94.86124
2011-12-27 15:00:00,94.86124
2011-12-27 16:00:00,109.66845
2011-12-27 17:00:00,123.50686
2011-12-27 18:00:00,81.22074
2011-12-27 19:00:00,86.66371
2011-12-27 20:00:00,109.65397
2011-12-27 21:00:00,117.65555
2011-12-27 22:00:00,117.65555
2011-12-27 23:00:00,75.39994
2011-12-28 00:00:00,83.70776
2011-12-28 01:00:00,79.348564
2011-12-28 02:00:00,118.20646
2011-12-28 03:00:00,118.20646
2011-12-28 05:00:00,118.6913
2011-12-28 06:00:00,121.406494
2011-12-28 07:00:00,121.406494
2011-12-28 08:00:00,118.69134
2011-12-28 09:00:00,116.65489
2011-12-28 10:00:00,116.28675
2011-12-28 11:00:00,163.13298
2011-12-28 12:00:00,147.19736
2011-12-28 13:00:00,173.02344
2011-12-28 14:00:00,169.43
2011-12-28 15:00:00,172.96425
2011-12-28 16:00:00,171.92737
2011-12-28 17:00:00,127.972694
2011-12-28 18:00:00,156.13528
2011-12-28 19:00:00,128.77022
2011-12-28 20:00:00,115.80542
2011-12-28 21:00:00,98.16918
2011-12-28 22:00:00,99.47875
2011-12-28 23:00:00,92.1356
2011-12-29 00:00:00,76.03097
2011-12-29 01:00:00,93.94544
2011-12-29 02:00:00,97.62939
2011-12-29 03:00:00,95.63817
2011-12-29 04:00:00,98.17539
2011-12-29 05:00:00,99.50134
2011-12-29 06:00:00,91.293236
2011-12-29 07:00:00,82.91072
2011-12-29 08:00:00,110.56048
2011-12-29 09:00:00,62.064312
2011-12-29 10:00:00,71.92818
2011-12-29 11:00:00,90.75941
2011-12-29 12:00:00,95.30354
2011-12-29 13:00:00,102.509544
2011-12-29 14:00:00,102.741615
2011-12-29 15:00:00,109.274956
2011-12-29 16:00:00,113.73219
2011-12-29 17:00:00,104.28119
2011-12-29 18:00:00,110.57362
2011-12-29 19:00:00,117.50347
2011-12-29 20:00:00,99.3166
2011-12-29 21:00:00,102.468956
2011-12-29 22:00:00,94.4553
2011-12-29 23:00:00,93.468
2011-12-30 00:00:00,88.90298
2011-12-30 01:00:00,103.09464
2011-12-30 02:00:00,86.43855
2011-12-30 03:00:00,86.43855
2011-12-30 04:00:00,93.13738
2011-12-30 05:00:00,85.76612
2011-12-30 06:00:00,93.13738
2011-12-30 07:00:00,90.05691
2011-12-30 08:00:00,90.08227
2011-12-30 09:00:00,102.64548
2011-12-30 10:00:00,120.651825
2011-12-30 11:00:00,100.79968
2011-12-30 12:00:00,117.81007
2011-12-30 13:00:00,132.25148
2011-12-30 14:00:00,193.03955
2011-12-30 15:00:00,185.15826
2011-12-30 16:00:00,192.41362
2011-12-30 17:00:00,154.6489
2011-12-30 18:00:00,121.80786
2011-12-30 19:00:00,236.32776
2011-12-30 20:00:00,118.928185
2011-12-30 21:00:00,120.92997
2011-12-30 22:00:00,120.01923
2011-12-30 23:00:00,113.35424
2011-12-31 00:00:00,107.79816
2011-12-31 01:00:00,113.85927
2011-12-31 02:00:00,113.85927
2011-12-31 03:00:00,113.85927
2011-12-31 04:00:00,107.23189
2011-12-31 05:00:00,74.10889
2011-12-31 06:00:00,118.3391
2011-12-31 07:00:00,93.67079
2011-12-31 08:00:00,66.67783
2011-12-31 09:00:00,85.94299
2011-12-31 10:00:00,87.76825
2011-12-31 11:00:00,94.47033
2011-12-31 12:00:00,287.81808
2011-12-31 13:00:00,208.68462
2011-12-31 14:00:00,205.08345
2011-12-31 15:00:00,185.4531
2011-12-31 16:00:00,191.95409
2011-12-31 17:00:00,151.5554
2011-12-31 18:00:00,123.7227
2011-12-31 19:00:00,161.89369
2011-12-31 20:00:00,161.89369
2011-12-31 21:00:00,130.39326
2011-12-31 22:00:00,93.39243
2011-12-31 23:00:00,98.236664
2012-01-20 00:00:00,141.94691
2012-01-20 01:00:00,106.960106
2012-01-20 02:00:00,106.960106
2012-01-20 03:00:00,107.047035
2012-01-20 04:00:00,89.8596
2012-01-20 05:00:00,89.8596
2012-01-20 06:00:00,84.57888
2012-01-20 07:00:00,77.79249
2012-01-20 08:00:00,81.05891
2012-01-20 09:00:00,77.79771
2012-01-20 10:00:00,150.94867
2012-01-20 11:00:00,195.38199
2012-01-20 12:00:00,195.71057
2012-01-20 13:00:00,152.19742
2012-01-20 14:00:00,215.26067
2012-01-20 15:00:00,129.16704
2012-01-20 16:00:00,101.858665
2012-01-20 17:00:00,110.92449
2012-01-20 18:00:00,91.56293
2012-01-20 19:00:00,83.60957
2012-01-20 20:00:00,91.56293
2012-01-20 21:00:00,84.81088
2012-01-20 22:00:00,162.73819
2012-01-20 23:00:00,41.903473
2012-01-21 00:00:00,26.201967
2012-01-21 01:00:00,10.248533
2012-01-21 02:00:00,34.861954
2012-01-21 03:00:00,24.648418
2012-01-21 04:00:00,29.179056
2012-01-21 05:00:00,27.07602
2012-01-21 06:00:00,22.796717
2012-01-21 07:00:00,22.796717
2012-01-21 08:00:00,27.706995
2012-01-21 09:00:00,27.706995
2012-01-21 10:00:00,19.148577
2012-01-21 11:00:00,39.404675
2012-01-21 12:00:00,40.19862
2012-01-21 13:00:00,35.89538
2012-01-21 14:00:00,28.75795
2012-01-21 15:00:00,28.75795
2012-01-21 16:00:00,33.617462
2012-01-21 17:00:00,25.77475
2012-01-21 18:00:00,25.79739
2012-01-21 19:00:00,17.874271
2012-01-21 20:00:00,31.204044
2012-01-21 21:00:00,41.56576
2012-01-21 22:00:00,32.4083
2012-01-21 23:00:00,29.522274
2012-01-22 00:00:00,29.585943
2012-01-22 01:00:00,32.4083
2012-01-22 02:00:00,32.655
2012-01-22 03:00:00,33.658543
2012-01-22 04:00:00,14.08111
2012-01-22 05:00:00,23.275982
2012-01-22 06:00:00,31.219923
2012-01-22 07:00:00,31.219923
2012-01-22 08:00:00,31.219923
2012-01-22 09:00:00,31.219923
2012-01-22 10:00:00,27.578009
2012-01-22 11:00:00,21.53374
2012-01-22 12:00:00,30.023657
2012-01-22 13:00:00,35.23887
2012-01-22 14:00:00,33.16878
2012-01-22 15:00:00,30.695507
2012-01-22 16:00:00,30.695507
2012-01-22 17:00:00,35.997215
2012-01-22 18:00:00,27.07602
2012-01-22 19:00:00,27.07602
2012-01-22 20:00:00,23.864223
2012-01-22 21:00:00,27.07602
2012-01-22 22:00:00,35.32933
2012-01-22 23:00:00,32.67847
2012-01-23 00:00:00,89.96163
2012-01-23 01:00:00,66.24496
2012-01-23 02:00:00,66.24496
2012-01-23 03:00:00,89.96162
2012-01-23 04:00:00,118.13885
2012-01-23 05:00:00,105.10772
2012-01-23 06:00:00,105.10772
2012-01-23 07:00:00,69.94931
2012-01-23 08:00:00,46.310627
2012-01-23 09:00:00,67.2981
2012-01-23 10:00:00,89.91645
2012-01-23 11:00:00,66.488304
2012-01-23 12:00:00,102.00815
2012-01-23 13:00:00,54.45842
2012-01-23 14:00:00,46.691986
2012-01-23 15:00:00,64.35435
2012-01-23 16:00:00,66.94552
2012-01-23 17:00:00,67.2362
2012-01-23 18:00:00,66.69828
2012-01-23 19:00:00,68.04745
2012-01-23 20:00:00,67.203156
2012-01-23 21:00:00,66.122185
2012-01-23 22:00:00,66.122185
2012-01-23 23:00:00,61.288044
2012-01-24 00:00:00,70.33875
2012-01-24 01:00:00,76.60262
2012-01-24 02:00:00,75.37677
2012-01-24 03:00:00,91.16358
2012-01-24 04:00:00,92.0008
2012-01-24 05:00:00,92.0008
2012-01-24 06:00:00,73.328926
2012-01-24 07:00:00,91.16357
2012-01-24 08:00:00,91.16357
2012-01-24 09:00:00,136.66553
2012-01-24 10:00:00,109.65397
2012-01-24 11:00:00,103.57012
2012-01-24 12:00:00,86.66371
2012-01-24 13:00:00,86.66371
2012-01-24 14:00:00,78.74471
2012-01-24 15:00:00,139.95
2012-01-24 16:00:00,116.64478
2012-01-24 17:00:00,107.562836
2012-01-24 18:00:00,115.51203
2012-01-24 19:00:00,199.84378
2012-01-24 20:00:00,110.101585
2012-01-24 21:00:00,188.85437
2012-01-24 22:00:00,93.32501
2012-01-24 23:00:00,110.101585
2012-01-25 00:00:00,84.14238
2012-01-25 01:00:00,112.68559
2012-01-25 02:00:00,106.355316
2012-01-25 03:00:00,81.97702
2012-01-25 04:00:00,85.492485
2012-01-25 05:00:00,85.492485
2012-01-25 06:00:00,76.30202
2012-01-25 07:00:00,76.26272
2012-01-25 08:00:00,81.8152
2012-01-25 09:00:00,81.8152
2012-01-25 10:00:00,56.26821
2012-01-25 11:00:00,78.665825
2012-01-25 12:00:00,125.47733
2012-01-25 13:00:00,140.9758
2012-01-25 14:00:00,147.76521
2012-01-25 15:00:00,165.1378
2012-01-25 16:00:00,125.73482
2012-01-25 17:00:00,135.00822
2012-01-25 18:00:00,104.46549
2012-01-25 19:00:00,118.45618
2012-01-25 20:00:00,110.55454
2012-01-25 21:00:00,131.19937
2012-01-25 22:00:00,101.76453
2012-01-25 23:00:00,114.38638
2012-01-26 00:00:00,115.73916
2012-01-26 01:00:00,137.46191
2012-01-26 02:00:00,79.359856
2012-01-26 03:00:00,126.78096
2012-01-26 04:00:00,105.80293
2012-01-26 05:00:00,125.97469
2012-01-26 06:00:00,138.41458
2012-01-26 07:00:00,125.43959
2012-01-26 08:00:00,125.43959
2012-01-26 09:00:00,140.60254
2012-01-26 10:00:00,96.53672
2012-01-26 11:00:00,115.418045
2012-01-26 12:00:00,131.5005
2012-01-26 13:00:00,180.91838
2012-01-26 14:00:00,129.97551
2012-01-26 15:00:00,131.20267
2012-01-26 16:00:00,131.4095
2012-01-26 17:00:00,180.59256
2012-01-26 18:00:00,180.59256
2012-01-26 19:00:00,138.99432
2012-01-26 20:00:00,144.49545
2012-01-26 21:00:00,138.99432
2012-01-26 22:00:00,111.57581
2012-01-26 23:00:00,189.93198
2012-01-27 00:00:00,139.88376
2012-01-27 01:00:00,139.84572
2012-01-27 02:00:00,115.04348
2012-01-27 03:00:00,126.05085
2012-01-27 04:00:00,99.15859
2012-01-27 05:00:00,108.17513
2012-01-27 06:00:00,100.74097
2012-01-27 07:00:00,108.61936
2012-01-27 08:00:00,140.95247
2012-01-27 09:00:00,140.95247
2012-01-27 10:00:00,153.55728
2012-01-27 11:00:00,141.86537
2012-01-27 12:00:00,152.50621
2012-01-27 13:00:00,211.0942
2012-01-27 14:00:00,226.17503
2012-01-27 15:00:00,196.97809
2012-01-27 16:00:00,201.57541
2012-01-27 17:00:00,197.36058
2012-01-27 18:00:00,202.67618
2012-01-27 19:00:00,174.70677
2012-01-27 20:00:00,156.82042
2012-01-27 21:00:00,133.75858
2012-01-27 22:00:00,174.2064
2012-01-27 23:00:00,175.6523
2012-01-28 00:00:00,86.224075
2012-01-28 01:00:00,104.320435
2012-01-28 02:00:00,71.935394
2012-01-28 03:00:00,84.88193
2012-01-28 04:00:00,58.31052
2012-01-28 05:00:00,32.18909
2012-01-28 06:00:00,39.677124
2012-01-28 07:00:00,36.815155
2012-01-28 08:00:00,32.075417
2012-01-28 09:00:00,43.31878
2012-01-28 10:00:00,52.428314
2012-01-28 11:00:00,89.398605
2012-01-28 12:00:00,67.471214
2012-01-28 13:00:00,112.46469
2012-01-28 14:00:00,159.55843
2012-01-28 15:00:00,182.53409
2012-01-28 16:00:00,190.04819
2012-01-28 17:00:00,182.05365
2012-01-28 18:00:00,216.5862
2012-01-28 19:00:00,157.23831
2012-01-28 20:00:00,187.24057
2012-01-28 21:00:00,172.844
2012-01-28 22:00:00,180.03645
2012-01-28 23:00:00,176.50998
2012-01-29 00:00:00,147.4139
2012-01-29 01:00:00,144.99132
2012-01-29 02:00:00,142.17255
2012-01-29 03:00:00,138.44855
2012-01-29 04:00:00,122.670456
2012-01-29 05:00:00,57.116676
2012-01-29 06:00:00,84.472824
2012-01-29 07:00:00,81.150444
2012-01-29 08:00:00,75.084656
2012-01-29 09:00:00,67.28776
2012-01-29 10:00:00,98.95189
2012-01-29 11:00:00,149.46265
2012-01-29 12:00:00,179.91504
2012-01-29 13:00:00,179.91504
2012-01-29 14:00:00,176.76486
2012-01-29 15:00:00,194.67963
2012-01-29 16:00:00,178.1909
2012-01-29 17:00:00,178.1909
2012-01-29 18:00:00,175.99348
2012-01-29 19:00:00,165.73444
2012-01-29 20:00:00,129.28148
2012-01-29 21:00:00,142.22285
2012-01-29 22:00:00,158.3823
2012-01-29 23:00:00,131.36003
2012-01-30 00:00:00,175.60739
2012-01-30 01:00:00,80.35272
2012-01-30 02:00:00,92.37654
2012-01-30 03:00:00,103.31896
2012-01-30 04:00:00,102.11867
2012-01-30 05:00:00,102.11867
2012-01-30 06:00:00,92.1356
2012-01-30 07:00:00,97.00897
2012-01-30 08:00:00,90.68169
2012-01-30 09:00:00,90.68169
2012-01-30 10:00:00,118.82692
2012-01-30 11:00:00,115.33336
2012-01-30 12:00:00,173.75237
2012-01-30 13:00:00,144.29109
2012-01-30 14:00:00,191.82364
2012-01-30 15:00:00,176.43602
2012-01-30 16:00:00,184.69373
2012-01-30 17:00:00,206.15536
2012-01-30 18:00:00,193.94513
2012-01-30 19:00:00,143.20753
2012-01-30 20:00:00,144.4311
2012-01-30 21:00:00,140.3124
2012-01-30 22:00:00,115.50258
2012-01-30 23:00:00,110.05033
2012-01-31 00:00:00,112.09681
2012-01-31 01:00:00,142.729
2012-01-31 02:00:00,123.58488
2012-01-31 03:00:00,125.48418
2012-01-31 04:00:00,114.77924
2012-01-31 05:00:00,114.77924
2012-01-31 06:00:00,106.40566
2012-01-31 07:00:00,110.050316
2012-01-31 08:00:00,100.53853
2012-01-31 09:00:00,110.72994
2012-01-31 10:00:00,109.105064
2012-01-31 11:00:00,200.68463
2012-01-31 12:00:00,179.97858
2012-01-31 13:00:00,239.1172
2012-01-31 14:00:00,266.81436
2012-01-31 15:00:00,286.72812
2012-01-31 16:00:00,286.72812
2012-01-31 17:00:00,289.15945
2012-01-31 18:00:00,299.4154
2012-01-31 19:00:00,269.4527
2012-01-31 20:00:00,134.3215
2012-01-31 21:00:00,241.09225
2012-01-31 22:00:00,225.24133
2012-01-31 23:00:00,222.14497
2012-02-20 00:00:00,34.822887
2012-02-20 01:00:00,34.822887
2012-02-20 02:00:00,34.822887
2012-02-20 03:00:00,56.787407
2012-02-20 05:00:00,34.723408
2012-02-20 06:00:00,114.44804
2012-02-20 07:00:00,30.37757
2012-02-20 08:00:00,79.12592
2012-02-20 09:00:00,79.12592
2012-02-20 10:00:00,104.26715
2012-02-20 11:00:00,90.54899
2012-02-20 12:00:00,104.08479
2012-02-20 13:00:00,120.89222
2012-02-20 14:00:00,135.71605
2012-02-20 15:00:00,140.04312
2012-02-20 16:00:00,175.1498
2012-02-20 17:00:00,183.70033
2012-02-20 18:00:00,140.04312
2012-02-20 19:00:00,140.04312
2012-02-20 20:00:00,142.08336
2012-02-20 21:00:00,126.51659
2012-02-20 22:00:00,111.59889
2012-02-20 23:00:00,108.1156
2012-02-21 00:00:00,102.57497
2012-02-21 01:00:00,109.42698
2012-02-21 02:00:00,95.75201
2012-02-21 04:00:00,98.7024
2012-02-21 05:00:00,95.16446
2012-02-21 06:00:00,90.63013
2012-02-21 07:00:00,98.7024
2012-02-21 08:00:00,84.035645
2012-02-21 09:00:00,80.258316
2012-02-21 10:00:00,80.83707
2012-02-21 11:00:00,63.017097
2012-02-21 12:00:00,145.62929
2012-02-21 13:00:00,185.25594
2012-02-21 14:00:00,220.6877
2012-02-21 15:00:00,185.25594
2012-02-21 16:00:00,181.7123
2012-02-21 17:00:00,188.6078
2012-02-21 18:00:00,188.6078
2012-02-21 19:00:00,143.84628
2012-02-21 20:00:00,125.637314
2012-02-21 21:00:00,113.36733
2012-02-21 22:00:00,119.732925
2012-02-21 23:00:00,104.81399
2012-02-22 00:00:00,104.81399
2012-02-22 01:00:00,98.01163
2012-02-22 02:00:00,123.76858
2012-02-22 03:00:00,112.218155
2012-02-22 04:00:00,92.809494
2012-02-22 05:00:00,103.55368
2012-02-22 06:00:00,79.348564
2012-02-22 07:00:00,110.668076
2012-02-22 08:00:00,110.23551
2012-02-22 09:00:00,106.1883
2012-02-22 10:00:00,106.38132
2012-02-22 11:00:00,106.0547
2012-02-22 12:00:00,133.90817
2012-02-22 13:00:00,153.16031
2012-02-22 14:00:00,161.90282
2012-02-22 15:00:00,260.1441
2012-02-22 16:00:00,273.11417
2012-02-22 17:00:00,263.28336
2012-02-22 18:00:00,192.33232
2012-02-22 19:00:00,180.13332
2012-02-22 20:00:00,183.19151
2012-02-22 21:00:00,235.96199
2012-02-22 22:00:00,168.84415
2012-02-22 23:00:00,185.95029
2012-02-23 00:00:00,168.84415
2012-02-23 01:00:00,148.30281
2012-02-23 02:00:00,155.38539
2012-02-23 03:00:00,131.2865
2012-02-23 04:00:00,104.89965
2012-02-23 05:00:00,104.89965
2012-02-23 06:00:00,74.048584
2012-02-23 07:00:00,78.74471
2012-02-23 08:00:00,85.14499
2012-02-23 09:00:00,85.94434
2012-02-23 10:00:00,132.12549
2012-02-23 11:00:00,214.93658
2012-02-23 12:00:00,246.93878
2012-02-23 13:00:00,271.0188
2012-02-23 14:00:00,279.67853
2012-02-23 15:00:00,290.80057
2012-02-23 16:00:00,223.51123
2012-02-23 17:00:00,296.20786
2012-02-23 18:00:00,278.1895
2012-02-23 19:00:00,220.5895
2012-02-23 20:00:00,209.16896
2012-02-23 21:00:00,189.16989
2012-02-23 22:00:00,170.7366
2012-02-23 23:00:00,164.99368
2012-02-24 00:00:00,167.82059
2012-02-24 01:00:00,158.91592
2012-02-24 02:00:00,112.72988
2012-02-24 03:00:00,104.59432
2012-02-24 04:00:00,110.12942
2012-02-24 05:00:00,141.13506
2012-02-24 06:00:00,144.2778
2012-02-24 07:00:00,141.08757
2012-02-24 08:00:00,122.17257
2012-02-24 09:00:00,72.54339
2012-02-24 10:00:00,99.13706
2012-02-24 11:00:00,142.107
2012-02-24 12:00:00,135.29144
2012-02-24 13:00:00,131.20267
2012-02-24 14:00:00,143.57097
2012-02-24 15:00:00,117.68134
2012-02-24 16:00:00,117.68134
2012-02-24 17:00:00,156.3927
2012-02-24 18:00:00,145.15468
2012-02-24 19:00:00,143.14832
2012-02-24 20:00:00,189.24971
2012-02-24 21:00:00,172.93689
2012-02-24 22:00:00,194.30606
2012-02-24 23:00:00,178.86107
2012-02-25 00:00:00,144.67302
2012-02-25 01:00:00,136.02477
2012-02-25 02:00:00,129.55356
2012-02-25 03:00:00,106.316345
2012-02-25 04:00:00,124.619415
2012-02-25 05:00:00,165.47974
2012-02-25 06:00:00,165.47974
2012-02-25 07:00:00,107.7527
2012-02-25 08:00:00,62.732327
2012-02-25 09:00:00,31.876688
2012-02-25 10:00:00,55.946297
2012-02-25 11:00:00,138.65732
2012-02-25 12:00:00,118.972885
2012-02-25 13:00:00,122.85232
2012-02-25 14:00:00,102.73478
2012-02-25 15:00:00,148.44687
2012-02-25 16:00:00,93.37116
2012-02-25 17:00:00,129.84871
2012-02-25 18:00:00,100.677216
2012-02-25 19:00:00,103.388145
2012-02-25 20:00:00,117.400986
2012-02-25 21:00:00,108.81597
2012-02-25 22:00:00,100.88448
2012-02-25 23:00:00,91.54464
2012-02-26 00:00:00,90.15097
2012-02-26 01:00:00,61.16848
2012-02-26 02:00:00,61.16848
2012-02-26 03:00:00,88.90535
2012-02-26 04:00:00,88.90535
2012-02-26 05:00:00,61.540833
2012-02-26 06:00:00,59.255386
2012-02-26 07:00:00,50.198334
2012-02-26 08:00:00,48.544807
2012-02-26 09:00:00,57.1623
2012-02-26 10:00:00,99.18139
2012-02-26 11:00:00,118.55047
2012-02-26 12:00:00,127.79381
2012-02-26 13:00:00,146.87929
2012-02-26 14:00:00,162.00404
2012-02-26 15:00:00,213.44257
2012-02-26 16:00:00,181.47366
2012-02-26 17:00:00,191.68825
2012-02-26 18:00:00,158.57138
2012-02-26 19:00:00,176.24911
2012-02-26 20:00:00,128.37126
2012-02-26 21:00:00,109.72709
2012-02-26 22:00:00,122.65118
2012-02-26 23:00:00,74.64536
2012-02-27 00:00:00,104.60076
2012-02-27 01:00:00,108.53316
2012-02-27 02:00:00,80.05262
2012-02-27 03:00:00,81.35982
2012-02-27 04:00:00,77.194725
2012-02-27 05:00:00,77.194725
2012-02-27 06:00:00,81.8152
2012-02-27 07:00:00,101.86858
2012-02-27 08:00:00,97.64849
2012-02-27 09:00:00,110.050316
2012-02-27 10:00:00,133.01057
2012-02-27 11:00:00,144.29729
2012-02-27 12:00:00,200.1512
2012-02-27 13:00:00,182.43674
2012-02-27 14:00:00,236.30965
2012-02-27 15:00:00,282.94385
2012-02-27 16:00:00,286.72812
2012-02-27 17:00:00,272.8882
2012-02-27 18:00:00,277.06604
2012-02-27 19:00:00,261.882
2012-02-27 20:00:00,247.3812
2012-02-27 21:00:00,236.30965
2012-02-27 22:00:00,205.90698
2012-02-27 23:00:00,197.58653
2012-02-28 00:00:00,193.12546
2012-02-28 01:00:00,131.31548
2012-02-28 02:00:00,168.78952
2012-02-28 03:00:00,218.9417
2012-02-28 04:00:00,163.52005
2012-02-28 05:00:00,163.52005
2012-02-28 06:00:00,152.45592
2012-02-28 07:00:00,141.34511
2012-02-28 08:00:00,105.617676
2012-02-28 09:00:00,158.41847
2012-02-28 10:00:00,142.729
2012-02-28 11:00:00,149.42664
2012-02-28 12:00:00,183.47134
2012-02-28 13:00:00,182.68108
2012-02-28 14:00:00,222.76024
2012-02-28 15:00:00,231.93921
2012-02-28 16:00:00,225.12344
2012-02-28 17:00:00,231.93921
2012-02-28 18:00:00,242.83824
2012-02-28 19:00:00,177.06374
2012-02-28 20:00:00,226.94841
2012-02-28 21:00:00,167.79929
2012-02-28 22:00:00,167.79929
2012-02-28 23:00:00,114.84235
2012-02-29 00:00:00,129.16176
2012-02-29 01:00:00,135.96199
2012-02-29 02:00:00,112.67147
2012-02-29 03:00:00,107.14842
2012-02-29 05:00:00,102.56056
2012-02-29 06:00:00,126.78096
2012-02-29 07:00:00,70.41727
2012-02-29 08:00:00,115.73916
2012-02-29 09:00:00,58.015057
2012-02-29 10:00:00,58.015057
2012-02-29 11:00:00,51.317993
2012-02-29 12:00:00,50.226814
2012-02-29 13:00:00,76.39452
2012-02-29 14:00:00,76.39452
2012-02-29 15:00:00,135.56186
2012-02-29 16:00:00,116.416565
2012-02-29 17:00:00,144.2778
2012-02-29 18:00:00,142.43721
2012-02-29 19:00:00,144.58203
2012-02-29 20:00:00,120.17754
2012-02-29 21:00:00,120.17754
2012-02-29 22:00:00,106.71211
2012-02-29 23:00:00,106.71211
2012-03-20 00:00:00,157.22473
2012-03-20 01:00:00,234.8703
2012-03-20 02:00:00,110.145065
2012-03-20 03:00:00,231.39134
2012-03-20 04:00:00,144.92262
2012-03-20 05:00:00,250.7309
2012-03-20 06:00:00,146.53094
2012-03-20 07:00:00,151.78282
2012-03-20 08:00:00,140.92209
2012-03-20 09:00:00,157.99846
2012-03-20 10:00:00,129.03827
2012-03-20 11:00:00,115.85006
2012-03-20 12:00:00,176.83513
2012-03-20 13:00:00,162.47534
2012-03-20 14:00:00,233.93936
2012-03-20 15:00:00,243.54674
2012-03-20 16:00:00,262.02054
2012-03-20 17:00:00,199.90483
2012-03-20 18:00:00,239.60153
2012-03-20 19:00:00,141.42964
2012-03-20 20:00:00,163.4089
2012-03-20 21:00:00,198.60504
2012-03-20 22:00:00,222.25201
2012-03-20 23:00:00,241.96844
2012-03-21 00:00:00,154.0678
2012-03-21 01:00:00,82.31588
2012-03-21 02:00:00,85.76629
2012-03-21 03:00:00,134.619
2012-03-21 04:00:00,111.353035
2012-03-21 05:00:00,111.353035
2012-03-21 06:00:00,129.7306
2012-03-21 07:00:00,110.70944
2012-03-21 08:00:00,133.0727
2012-03-21 09:00:00,122.5034
2012-03-21 10:00:00,135.77405
2012-03-21 11:00:00,135.77405
2012-03-21 12:00:00,119.640205
2012-03-21 13:00:00,136.67216
2012-03-21 14:00:00,119.43377
2012-03-21 15:00:00,119.43377
2012-03-21 16:00:00,142.8243
2012-03-21 17:00:00,149.23904
2012-03-21 18:00:00,130.89969
2012-03-21 19:00:00,132.93048
2012-03-21 20:00:00,98.842476
2012-03-21 21:00:00,86.486305
2012-03-21 22:00:00,94.136894
2012-03-21 23:00:00,175.56795
2012-03-22 00:00:00,82.31588
2012-03-22 01:00:00,82.31588
2012-03-22 02:00:00,82.31588
2012-03-22 03:00:00,82.31588
2012-03-22 04:00:00,127.907196
2012-03-22 05:00:00,127.907196
2012-03-22 06:00:00,127.907196
2012-03-22 07:00:00,127.907196
2012-03-22 08:00:00,120.73198
2012-03-22 09:00:00,120.73198
2012-03-22 10:00:00,127.49702
2012-03-22 11:00:00,190.94388
2012-03-22 12:00:00,141.87053
2012-03-22 13:00:00,113.368706
2012-03-22 14:00:00,126.59056
2012-03-22 15:00:00,213.29398
2012-03-22 16:00:00,232.46324
2012-03-22 17:00:00,234.76381
2012-03-22 18:00:00,234.76381
2012-03-22 19:00:00,162.13666
2012-03-22 20:00:00,199.21002
2012-03-22 21:00:00,115.72844
2012-03-22 22:00:00,112.16848
2012-03-22 23:00:00,86.47945
2012-03-23 00:00:00,197.36307
2012-03-23 01:00:00,167.36469
2012-03-23 02:00:00,81.537674
2012-03-23 03:00:00,82.15424
2012-03-23 04:00:00,118.930756
2012-03-23 05:00:00,172.31573
2012-03-23 06:00:00,173.52016
2012-03-23 07:00:00,113.542816
2012-03-23 08:00:00,115.12781
2012-03-23 09:00:00,112.99385
2012-03-23 10:00:00,107.935234
2012-03-23 11:00:00,202.59935
2012-03-23 12:00:00,246.88118
2012-03-23 13:00:00,230.71844
2012-03-23 14:00:00,312.55316
2012-03-23 15:00:00,317.66312
2012-03-23 16:00:00,323.67407
2012-03-23 17:00:00,323.67407
2012-03-23 18:00:00,311.75845
2012-03-23 19:00:00,289.9936
2012-03-23 20:00:00,285.8916
2012-03-23 21:00:00,250.36678
2012-03-23 22:00:00,229.12482
2012-03-23 23:00:00,209.3305
2012-03-24 00:00:00,90.84763
2012-03-24 01:00:00,71.35966
2012-03-24 02:00:00,67.88565
2012-03-24 03:00:00,67.88565
2012-03-24 04:00:00,67.07796
2012-03-24 05:00:00,102.06422
2012-03-24 06:00:00,102.06422
2012-03-24 07:00:00,97.81006
2012-03-24 08:00:00,93.740685
2012-03-24 09:00:00,89.47033
2012-03-24 10:00:00,104.70413
2012-03-24 11:00:00,93.740685
2012-03-24 12:00:00,111.120125
2012-03-24 13:00:00,111.95677
2012-03-24 14:00:00,104.48076
2012-03-24 15:00:00,70.87281
2012-03-24 16:00:00,96.37466
2012-03-24 17:00:00,108.30199
2012-03-24 18:00:00,89.86518
2012-03-24 19:00:00,119.77839
2012-03-24 20:00:00,63.138096
2012-03-24 21:00:00,63.138096
2012-03-24 22:00:00,61.530445
2012-03-24 23:00:00,75.45954
2012-03-25 00:00:00,75.45954
2012-03-25 01:00:00,51.381683
2012-03-25 02:00:00,54.224453
2012-03-25 03:00:00,56.91189
2012-03-25 04:00:00,68.310814
2012-03-25 05:00:00,46.600983
2012-03-25 06:00:00,46.600983
2012-03-25 07:00:00,61.149895
2012-03-25 08:00:00,61.149895
2012-03-25 09:00:00,57.525417
2012-03-25 10:00:00,68.11305
2012-03-25 11:00:00,57.525417
2012-03-25 12:00:00,54.090244
2012-03-25 13:00:00,96.65881
2012-03-25 14:00:00,96.89343
2012-03-25 15:00:00,93.07217
2012-03-25 16:00:00,68.89857
2012-03-25 17:00:00,66.32625
2012-03-25 18:00:00,66.32625
2012-03-25 19:00:00,110.88677
2012-03-25 20:00:00,86.8013
2012-03-25 21:00:00,72.627
2012-03-25 22:00:00,65.974655
2012-03-25 23:00:00,64.53048
2012-03-26 00:00:00,128.25179
2012-03-26 01:00:00,118.758224
2012-03-26 02:00:00,95.55715
2012-03-26 03:00:00,99.19536
2012-03-26 04:00:00,88.68679
2012-03-26 05:00:00,93.804115
2012-03-26 06:00:00,90.82828
2012-03-26 07:00:00,113.532326
2012-03-26 08:00:00,145.12822
2012-03-26 09:00:00,181.2341
2012-03-26 10:00:00,250.98683
2012-03-26 11:00:00,265.12842
2012-03-26 12:00:00,265.98334
2012-03-26 13:00:00,275.48254
2012-03-26 14:00:00,275.81
2012-03-26 15:00:00,274.39008
2012-03-26 16:00:00,289.634
2012-03-26 17:00:00,310.6337
2012-03-26 18:00:00,301.44205
2012-03-26 19:00:00,275.33304
2012-03-26 20:00:00,263.1161
2012-03-26 21:00:00,260.9558
2012-03-26 22:00:00,254.15096
2012-03-26 23:00:00,230.77469
2012-03-27 00:00:00,216.07928
2012-03-27 01:00:00,210.32408
2012-03-27 02:00:00,167.47267
2012-03-27 03:00:00,170.75635
2012-03-27 04:00:00,152.57109
2012-03-27 05:00:00,126.62461
2012-03-27 06:00:00,127.47248
2012-03-27 07:00:00,127.47248
2012-03-27 08:00:00,129.06912
2012-03-27 09:00:00,131.42934
2012-03-27 10:00:00,142.96092
2012-03-27 11:00:00,185.41867
2012-03-27 12:00:00,194.47795
2012-03-27 13:00:00,175.67233
2012-03-27 14:00:00,266.8999
2012-03-27 15:00:00,205.791
2012-03-27 16:00:00,205.791
2012-03-27 17:00:00,232.80731
2012-03-27 18:00:00,284.6924
2012-03-27 19:00:00,214.75815
2012-03-27 20:00:00,284.6924
2012-03-27 21:00:00,180.5554
2012-03-27 22:00:00,187.75842
2012-03-27 23:00:00,171.38994
2012-03-28 00:00:00,155.73814
2012-03-28 01:00:00,136.17282
2012-03-28 02:00:00,141.51816
2012-03-28 03:00:00,142.17528
2012-03-28 04:00:00,141.04619
2012-03-28 05:00:00,141.04619
2012-03-28 06:00:00,153.26305
2012-03-28 07:00:00,143.99382
2012-03-28 08:00:00,150.35207
2012-03-28 09:00:00,170.9836
2012-03-28 10:00:00,210.60764
2012-03-28 11:00:00,234.78223
2012-03-28 12:00:00,236.88399
2012-03-28 13:00:00,261.17712
2012-03-28 14:00:00,344.9351
2012-03-28 15:00:00,293.72595
2012-03-28 16:00:00,256.22467
2012-03-28 17:00:00,243.15076
2012-03-28 18:00:00,243.15076
2012-03-28 19:00:00,259.9944
2012-03-28 20:00:00,257.02054
2012-03-28 21:00:00,214.00667
2012-03-28 22:00:00,190.27098
2012-03-28 23:00:00,136.16595
2012-03-29 00:00:00,157.50844
2012-03-29 01:00:00,207.7682
2012-03-29 02:00:00,361.39725
2012-03-29 03:00:00,345.72305
2012-03-29 04:00:00,255.81798
2012-03-29 05:00:00,205.439
2012-03-29 06:00:00,160.51399
2012-03-29 07:00:00,169.38924
2012-03-29 08:00:00,180.26071
2012-03-29 09:00:00,189.77371
2012-03-29 10:00:00,180.40189
2012-03-29 11:00:00,218.60486
2012-03-29 12:00:00,233.49759
2012-03-29 13:00:00,192.01779
2012-03-29 14:00:00,231.03
2012-03-29 15:00:00,260.35855
2012-03-29 16:00:00,271.8882
2012-03-29 17:00:00,268.89398
2012-03-29 18:00:00,238.19637
2012-03-29 19:00:00,222.81438
2012-03-29 20:00:00,220.68997
2012-03-29 21:00:00,177.02176
2012-03-29 22:00:00,165.06265
2012-03-29 23:00:00,157.71535
2012-03-30 00:00:00,146.23763
2012-03-30 01:00:00,135.61188
2012-03-30 02:00:00,144.47153
2012-03-30 03:00:00,95.0731
2012-03-30 04:00:00,103.59887
2012-03-30 05:00:00,77.89997
2012-03-30 06:00:00,103.96285
2012-03-30 07:00:00,106.23048
2012-03-30 08:00:00,89.67355
2012-03-30 09:00:00,112.28567
2012-03-30 10:00:00,106.6857
2012-03-30 11:00:00,123.1399
2012-03-30 12:00:00,129.42873
2012-03-30 13:00:00,159.7695
2012-03-30 14:00:00,141.75319
2012-03-30 15:00:00,153.42404
2012-03-30 16:00:00,133.21378
2012-03-30 17:00:00,115.39626
2012-03-30 18:00:00,159.37057
2012-03-30 19:00:00,133.27715
2012-03-30 20:00:00,122.00903
2012-03-30 21:00:00,95.569305
2012-03-30 22:00:00,87.559845
2012-03-30 23:00:00,69.82222
2012-03-31 00:00:00,69.87937
2012-03-31 01:00:00,105.83136
2012-03-31 02:00:00,107.07059
2012-03-31 03:00:00,76.433075
2012-03-31 04:00:00,93.988556
2012-03-31 05:00:00,73.40536
2012-03-31 06:00:00,53.41115
2012-03-31 07:00:00,53.41115
2012-03-31 08:00:00,48.149857
2012-03-31 09:00:00,105.83136
2012-03-31 10:00:00,97.74376
2012-03-31 11:00:00,69.25517
2012-03-31 12:00:00,69.15998
2012-03-31 13:00:00,143.32297
2012-03-31 14:00:00,158.9523
2012-03-31 15:00:00,185.0365
2012-03-31 16:00:00,158.23244
2012-03-31 17:00:00,176.88951
2012-03-31 18:00:00,114.70263
2012-03-31 19:00:00,108.063446
2012-03-31 20:00:00,96.33922
2012-03-31 21:00:00,96.33922
2012-03-31 22:00:00,96.876495
2012-03-31 23:00:00,59.50107
2012-04-20 00:00:00,99.50933
2012-04-20 01:00:00,99.19536
2012-04-20 02:00:00,88.89597
2012-04-20 03:00:00,88.662674
2012-04-20 04:00:00,92.42002
2012-04-20 05:00:00,57.962914
2012-04-20 06:00:00,84.12175
2012-04-20 07:00:00,57.962914
2012-04-20 08:00:00,65.53827
2012-04-20 09:00:00,89.16821
2012-04-20 10:00:00,113.92308
2012-04-20 11:00:00,150.44366
2012-04-20 12:00:00,235.65833
2012-04-20 13:00:00,294.94434
2012-04-20 14:00:00,303.7201
2012-04-20 15:00:00,291.3201
2012-04-20 16:00:00,303.77997
2012-04-20 17:00:00,295.54242
2012-04-20 18:00:00,279.4496
2012-04-20 19:00:00,266.49
2012-04-20 20:00:00,235.02055
2012-04-20 21:00:00,151.35683
2012-04-20 22:00:00,176.43665
2012-04-20 23:00:00,106.541756
2012-04-21 00:00:00,90.48679
2012-04-21 01:00:00,90.48679
2012-04-21 02:00:00,69.56309
2012-04-21 03:00:00,81.80967
2012-04-21 04:00:00,89.26801
2012-04-21 05:00:00,89.26801
2012-04-21 06:00:00,81.809654
2012-04-21 07:00:00,97.278206
2012-04-21 08:00:00,93.32846
2012-04-21 09:00:00,75.5461
2012-04-21 10:00:00,236.94417
2012-04-21 11:00:00,272.5525
2012-04-21 12:00:00,260.01517
2012-04-21 13:00:00,288.10934
2012-04-21 14:00:00,423.39703
2012-04-21 15:00:00,500.66473
2012-04-21 16:00:00,475.873
2012-04-21 17:00:00,513.14606
2012-04-21 18:00:00,307.25616
2012-04-21 19:00:00,215.77043
2012-04-21 20:00:00,103.733574
2012-04-21 21:00:00,99.10758
2012-04-21 22:00:00,97.59713
2012-04-21 23:00:00,115.3366
2012-04-22 00:00:00,109.88202
2012-04-22 01:00:00,112.62453
2012-04-22 02:00:00,111.07654
2012-04-22 03:00:00,96.52306
2012-04-22 04:00:00,106.10938
2012-04-22 05:00:00,113.62525
2012-04-22 06:00:00,109.00359
2012-04-22 07:00:00,65.15162
2012-04-22 08:00:00,68.4963
2012-04-22 09:00:00,68.4963
2012-04-22 10:00:00,53.966045
2012-04-22 11:00:00,52.889023
2012-04-22 12:00:00,54.818836
2012-04-22 13:00:00,55.888737
2012-04-22 14:00:00,54.818836
2012-04-22 15:00:00,60.023613
2012-04-22 16:00:00,69.2055
2012-04-22 17:00:00,63.86161
2012-04-22 18:00:00,63.86161
2012-04-22 19:00:00,75.065384
2012-04-22 20:00:00,65.334465
2012-04-22 21:00:00,65.14261
2012-04-22 22:00:00,65.82468
2012-04-22 23:00:00,78.79281
2012-04-23 00:00:00,59.521946
2012-04-23 01:00:00,52.503685
2012-04-23 02:00:00,55.572525
2012-04-23 03:00:00,62.205284
2012-04-23 04:00:00,47.901432
2012-04-23 05:00:00,47.901432
2012-04-23 06:00:00,53.27183
2012-04-23 07:00:00,46.69732
2012-04-23 08:00:00,55.780956
2012-04-23 09:00:00,51.90215
2012-04-23 10:00:00,65.21508
2012-04-23 11:00:00,60.225254
2012-04-23 12:00:00,53.877266
2012-04-23 13:00:00,113.84467
2012-04-23 14:00:00,257.8761
2012-04-23 15:00:00,175.27007
2012-04-23 16:00:00,50.572105
2012-04-23 17:00:00,49.202255
2012-04-23 18:00:00,67.11532
2012-04-23 19:00:00,87.65012
2012-04-23 20:00:00,88.031525
2012-04-23 21:00:00,67.29464
2012-04-23 22:00:00,77.10875
2012-04-23 23:00:00,74.28611
2012-04-24 00:00:00,92.116905
2012-04-24 01:00:00,98.27562
2012-04-24 02:00:00,79.05301
2012-04-24 03:00:00,80.42216
2012-04-24 04:00:00,81.62776
2012-04-24 05:00:00,81.62776
2012-04-24 06:00:00,88.21087
2012-04-24 07:00:00,97.02918
2012-04-24 08:00:00,104.85266
2012-04-24 09:00:00,151.28831
2012-04-24 10:00:00,157.71535
2012-04-24 11:00:00,279.95187
2012-04-24 12:00:00,287.56744
2012-04-24 13:00:00,296.45163
2012-04-24 14:00:00,307.7813
2012-04-24 15:00:00,320.60007
2012-04-24 16:00:00,319.75958
2012-04-24 17:00:00,329.5484
2012-04-24 18:00:00,268.52112
2012-04-24 19:00:00,341.3181
2012-04-24 20:00:00,312.86728
2012-04-24 21:00:00,270.18427
2012-04-24 22:00:00,210.63853
2012-04-24 23:00:00,200.11725
2012-04-25 00:00:00,198.83691
2012-04-25 01:00:00,181.92479
2012-04-25 02:00:00,75.685295
2012-04-25 03:00:00,74.37162
2012-04-25 04:00:00,76.04196
2012-04-25 05:00:00,72.08007
2012-04-25 06:00:00,72.08007
2012-04-25 07:00:00,68.86233
2012-04-25 08:00:00,83.1191
2012-04-25 09:00:00,97.803535
2012-04-25 10:00:00,211.43613
2012-04-25 11:00:00,272.60828
2012-04-25 12:00:00,317.71094
2012-04-25 13:00:00,340.3392
2012-04-25 14:00:00,344.78955
2012-04-25 15:00:00,365.9786
2012-04-25 16:00:00,369.22034
2012-04-25 17:00:00,372.12097
2012-04-25 18:00:00,374.16553
2012-04-25 19:00:00,378.9689
2012-04-25 20:00:00,333.20566
2012-04-25 21:00:00,219.86476
2012-04-25 22:00:00,147.51727
2012-04-25 23:00:00,200.22357
2012-04-26 00:00:00,140.23805
2012-04-26 01:00:00,197.62152
2012-04-26 02:00:00,193.22101
2012-04-26 03:00:00,187.61452
2012-04-26 04:00:00,175.27368
2012-04-26 05:00:00,167.44498
2012-04-26 06:00:00,155.70833
2012-04-26 07:00:00,95.334175
2012-04-26 08:00:00,108.29751
2012-04-26 09:00:00,104.9309
2012-04-26 10:00:00,110.86036
2012-04-26 11:00:00,126.177
2012-04-26 12:00:00,124.53814
2012-04-26 13:00:00,131.68608
2012-04-26 14:00:00,153.51855
2012-04-26 15:00:00,139.81699
2012-04-26 16:00:00,144.5124
2012-04-26 17:00:00,109.90658
2012-04-26 18:00:00,153.51855
2012-04-26 19:00:00,153.36876
2012-04-26 20:00:00,122.14287
2012-04-26 21:00:00,115.07684
2012-04-26 22:00:00,94.136894
2012-04-26 23:00:00,90.62613
2012-04-27 00:00:00,214.702
2012-04-27 01:00:00,177.54828
2012-04-27 02:00:00,173.6452
2012-04-27 03:00:00,179.1094
2012-04-27 04:00:00,166.12483
2012-04-27 05:00:00,165.71178
2012-04-27 06:00:00,160.70644
2012-04-27 07:00:00,135.61188
2012-04-27 08:00:00,117.87031
2012-04-27 09:00:00,182.39609
2012-04-27 10:00:00,219.41547
2012-04-27 11:00:00,215.3435
2012-04-27 12:00:00,244.69162
2012-04-27 13:00:00,266.662
2012-04-27 14:00:00,261.26785
2012-04-27 15:00:00,322.6361
2012-04-27 16:00:00,307.7519
2012-04-27 17:00:00,330.39127
2012-04-27 18:00:00,315.01074
2012-04-27 19:00:00,302.03186
2012-04-27 20:00:00,267.20844
2012-04-27 21:00:00,246.34001
2012-04-27 22:00:00,193.55226
2012-04-27 23:00:00,172.86896
2012-04-28 00:00:00,168.68808
2012-04-28 01:00:00,143.97112
2012-04-28 02:00:00,161.12895
2012-04-28 03:00:00,122.93167
2012-04-28 04:00:00,115.05753
2012-04-28 05:00:00,124.45731
2012-04-28 06:00:00,118.52794
2012-04-28 07:00:00,115.05753
2012-04-28 08:00:00,182.24629
2012-04-28 09:00:00,235.31122
2012-04-28 10:00:00,161.20776
2012-04-28 11:00:00,164.14082
2012-04-28 12:00:00,208.86528
2012-04-28 13:00:00,238.84557
2012-04-28 14:00:00,202.2382
2012-04-28 15:00:00,205.18047
2012-04-28 16:00:00,197.57037
2012-04-28 17:00:00,178.49922
2012-04-28 18:00:00,226.71762
2012-04-28 19:00:00,68.94854
2012-04-28 20:00:00,82.725006
2012-04-28 21:00:00,71.999054
2012-04-28 22:00:00,93.94038
2012-04-28 23:00:00,103.7415
2012-04-29 00:00:00,58.6784
2012-04-29 01:00:00,91.27467
2012-04-29 02:00:00,64.73721
2012-04-29 03:00:00,48.149857
2012-04-29 04:00:00,63.61737
2012-04-29 05:00:00,49.872723
2012-04-29 06:00:00,42.434017
2012-04-29 07:00:00,47.691467
2012-04-29 08:00:00,68.45416
2012-04-29 09:00:00,67.164734
2012-04-29 10:00:00,63.89453
2012-04-29 11:00:00,140.08969
2012-04-29 12:00:00,198.08794
2012-04-29 13:00:00,202.56387
2012-04-29 14:00:00,421.94577
2012-04-29 15:00:00,322.8953
2012-04-29 16:00:00,449.33072
2012-04-29 17:00:00,481.4459
2012-04-29 18:00:00,472.80746
2012-04-29 19:00:00,349.3384
2012-04-29 20:00:00,363.39215
2012-04-29 21:00:00,211.62943
2012-04-29 22:00:00,221.9847
2012-04-29 23:00:00,91.23381
2012-04-30 00:00:00,84.11159
2012-04-30 01:00:00,78.60463
2012-04-30 02:00:00,90.688705
2012-04-30 03:00:00,89.43712
2012-04-30 04:00:00,126.43685
2012-04-30 05:00:00,126.43685
2012-04-30 06:00:00,157.14153
2012-04-30 07:00:00,155.6647
2012-04-30 08:00:00,163.65837
2012-04-30 09:00:00,148.27428
2012-04-30 10:00:00,167.6008
2012-04-30 11:00:00,185.76929
2012-04-30 12:00:00,178.43082
2012-04-30 13:00:00,193.3328
2012-04-30 14:00:00,198.37434
2012-04-30 15:00:00,207.05544
2012-04-30 16:00:00,214.11995
2012-04-30 17:00:00,211.13312
2012-04-30 18:00:00,197.81888
2012-04-30 19:00:00,181.48381
2012-04-30 20:00:00,188.61098
2012-04-30 21:00:00,188.61098
2012-04-30 22:00:00,199.56682
2012-04-30 23:00:00,184.23851
2012-05-20 00:00:00,199.23726
2012-05-20 01:00:00,186.01599
2012-05-20 02:00:00,186.01599
2012-05-20 03:00:00,145.34393
2012-05-20 04:00:00,71.5628
2012-05-20 05:00:00,68.20963
2012-05-20 06:00:00,92.83895
2012-05-20 07:00:00,103.42312
2012-05-20 08:00:00,195.89857
2012-05-20 09:00:00,466.4668
2012-05-20 10:00:00,495.4738
2012-05-20 11:00:00,498.6506
2012-05-20 12:00:00,511.5413
2012-05-20 13:00:00,519.889
2012-05-20 14:00:00,537.3412
2012-05-20 15:00:00,464.80347
2012-05-20 16:00:00,508.79407
2012-05-20 17:00:00,462.44388
2012-05-20 18:00:00,391.0871
2012-05-20 19:00:00,293.37543
2012-05-20 20:00:00,293.37546
2012-05-20 21:00:00,251.47865
2012-05-20 22:00:00,189.72745
2012-05-20 23:00:00,143.40201
2012-05-21 00:00:00,136.70268
2012-05-21 01:00:00,130.29477
2012-05-21 02:00:00,133.86275
2012-05-21 03:00:00,153.34372
2012-05-21 04:00:00,129.37874
2012-05-21 05:00:00,129.37874
2012-05-21 06:00:00,129.37874
2012-05-21 07:00:00,129.37874
2012-05-21 08:00:00,134.26756
2012-05-21 09:00:00,137.30817
2012-05-21 10:00:00,138.30197
2012-05-21 11:00:00,159.38574
2012-05-21 12:00:00,166.70895
2012-05-21 13:00:00,154.2327
2012-05-21 14:00:00,158.57106
2012-05-21 15:00:00,234.42108
2012-05-21 16:00:00,219.09274
2012-05-21 17:00:00,231.23886
2012-05-21 18:00:00,144.31013
2012-05-21 19:00:00,173.92206
2012-05-21 20:00:00,200.4672
2012-05-21 21:00:00,160.30743
2012-05-21 22:00:00,225.15254
2012-05-21 23:00:00,199.21002
2012-05-22 00:00:00,134.07327
2012-05-22 01:00:00,139.12277
2012-05-22 02:00:00,124.67397
2012-05-22 03:00:00,124.67397
2012-05-22 04:00:00,131.69261
2012-05-22 05:00:00,135.00336
2012-05-22 06:00:00,127.11612
2012-05-22 07:00:00,127.11612
2012-05-22 08:00:00,119.52422
2012-05-22 09:00:00,128.36124
2012-05-22 10:00:00,149.48083
2012-05-22 11:00:00,115.54634
2012-05-22 12:00:00,172.22208
2012-05-22 13:00:00,167.80516
2012-05-22 14:00:00,214.24261
2012-05-22 15:00:00,222.58965
2012-05-22 16:00:00,227.22954
2012-05-22 17:00:00,223.54594
2012-05-22 18:00:00,244.05565
2012-05-22 19:00:00,228.1308
2012-05-22 20:00:00,203.51189
2012-05-22 21:00:00,112.833405
2012-05-22 22:00:00,119.47958
2012-05-22 23:00:00,131.42189
2012-05-23 00:00:00,112.833405
2012-05-23 01:00:00,106.14709
2012-05-23 02:00:00,159.38574
2012-05-23 03:00:00,104.165596
2012-05-23 04:00:00,150.57516
2012-05-23 05:00:00,134.26756
2012-05-23 06:00:00,84.99479
2012-05-23 07:00:00,193.61865
2012-05-23 08:00:00,193.61865
2012-05-23 09:00:00,123.940704
2012-05-23 10:00:00,110.673584
2012-05-23 11:00:00,136.73915
2012-05-23 12:00:00,233.64076
2012-05-23 13:00:00,248.01382
2012-05-23 14:00:00,231.12822
2012-05-23 15:00:00,228.11407
2012-05-23 16:00:00,248.62408
2012-05-23 17:00:00,222.12294
2012-05-23 18:00:00,222.12294
2012-05-23 19:00:00,164.40353
2012-05-23 20:00:00,139.26796
2012-05-23 21:00:00,125.928055
2012-05-23 22:00:00,164.40353
2012-05-23 23:00:00,97.161804
2012-05-24 00:00:00,117.46952
2012-05-24 01:00:00,94.886635
2012-05-24 02:00:00,198.49867
2012-05-24 03:00:00,112.83694
2012-05-24 04:00:00,137.43321
2012-05-24 05:00:00,137.43321
2012-05-24 06:00:00,137.43321
2012-05-24 07:00:00,93.08927
2012-05-24 08:00:00,156.70595
2012-05-24 09:00:00,175.36859
2012-05-24 10:00:00,218.47375
2012-05-24 11:00:00,224.7865
2012-05-24 12:00:00,247.04721
2012-05-24 13:00:00,305.8775
2012-05-24 14:00:00,324.7424
2012-05-24 15:00:00,329.97882
2012-05-24 16:00:00,333.73712
2012-05-24 17:00:00,328.9781
2012-05-24 18:00:00,321.12192
2012-05-24 19:00:00,285.5183
2012-05-24 20:00:00,223.56186
2012-05-24 21:00:00,196.2409
2012-05-24 22:00:00,176.27364
2012-05-24 23:00:00,195.64082
2012-05-25 00:00:00,99.50073
2012-05-25 01:00:00,122.821465
2012-05-25 02:00:00,125.928055
2012-05-25 03:00:00,116.85635
2012-05-25 04:00:00,145.6557
2012-05-25 05:00:00,113.480995
2012-05-25 06:00:00,116.85635
2012-05-25 07:00:00,143.04054
2012-05-25 08:00:00,118.26271
2012-05-25 09:00:00,130.21225
2012-05-25 10:00:00,163.02307
2012-05-25 11:00:00,141.20183
2012-05-25 12:00:00,221.74216
2012-05-25 13:00:00,260.33682
2012-05-25 14:00:00,278.81204
2012-05-25 15:00:00,304.33585
2012-05-25 16:00:00,349.62366
2012-05-25 17:00:00,326.0291
2012-05-25 18:00:00,304.33585
2012-05-25 19:00:00,309.1068
2012-05-25 20:00:00,246.61641
2012-05-25 21:00:00,237.11206
2012-05-25 22:00:00,148.01239
2012-05-25 23:00:00,168.161
2012-05-26 00:00:00,79.74816
2012-05-26 01:00:00,76.339615
2012-05-26 02:00:00,72.02608
2012-05-26 03:00:00,67.80761
2012-05-26 04:00:00,70.5745
2012-05-26 05:00:00,99.77898
2012-05-26 06:00:00,78.72493
2012-05-26 07:00:00,101.363945
2012-05-26 08:00:00,81.52585
2012-05-26 09:00:00,83.79602
2012-05-26 10:00:00,122.93723
2012-05-26 11:00:00,176.57225
2012-05-26 12:00:00,262.56955
2012-05-26 13:00:00,256.52597
2012-05-26 14:00:00,271.2449
2012-05-26 15:00:00,296.31232
2012-05-26 16:00:00,399.63913
2012-05-26 17:00:00,388.57993
2012-05-26 18:00:00,343.5103
2012-05-26 19:00:00,287.05692
2012-05-26 20:00:00,305.80692
2012-05-26 21:00:00,282.20343
2012-05-26 22:00:00,205.02815
2012-05-26 23:00:00,205.02815
2012-05-27 00:00:00,241.80342
2012-05-27 01:00:00,150.01144
2012-05-27 02:00:00,143.60481
2012-05-27 03:00:00,112.761406
2012-05-27 04:00:00,83.01701
2012-05-27 05:00:00,83.01701
2012-05-27 06:00:00,78.97475
2012-05-27 07:00:00,74.36613
2012-05-27 08:00:00,83.79602
2012-05-27 09:00:00,97.66172
2012-05-27 10:00:00,183.60017
2012-05-27 11:00:00,248.90088
2012-05-27 12:00:00,269.18942
2012-05-27 13:00:00,297.67358
2012-05-27 14:00:00,345.40564
2012-05-27 15:00:00,432.2903
2012-05-27 16:00:00,432.2903
2012-05-27 17:00:00,463.0413
2012-05-27 18:00:00,373.34042
2012-05-27 19:00:00,297.67358
2012-05-27 20:00:00,290.2599
2012-05-27 21:00:00,199.7062
2012-05-27 22:00:00,167.11588
2012-05-27 23:00:00,130.73773
2012-05-28 00:00:00,104.3705
2012-05-28 01:00:00,176.84369
2012-05-28 02:00:00,103.253456
2012-05-28 03:00:00,121.423996
2012-05-28 04:00:00,83.27012
2012-05-28 05:00:00,83.27012
2012-05-28 06:00:00,121.423996
2012-05-28 07:00:00,80.05604
2012-05-28 08:00:00,113.79935
2012-05-28 09:00:00,172.61392
2012-05-28 10:00:00,172.61392
2012-05-28 11:00:00,231.8002
2012-05-28 12:00:00,258.501
2012-05-28 13:00:00,326.69913
2012-05-28 14:00:00,326.69913
2012-05-28 15:00:00,357.60764
2012-05-28 16:00:00,351.01187
2012-05-28 17:00:00,357.60764
2012-05-28 18:00:00,335.73645
2012-05-28 19:00:00,342.88696
2012-05-28 20:00:00,317.7531
2012-05-28 21:00:00,291.29617
2012-05-28 22:00:00,230.04005
2012-05-28 23:00:00,200.42525
2012-05-29 00:00:00,198.87842
2012-05-29 01:00:00,198.87842
2012-05-29 02:00:00,111.56462
2012-05-29 03:00:00,197.43732
2012-05-29 04:00:00,168.161
2012-05-29 05:00:00,168.161
2012-05-29 06:00:00,168.161
2012-05-29 07:00:00,168.161
2012-05-29 08:00:00,226.91916
2012-05-29 09:00:00,263.9513
2012-05-29 10:00:00,288.85123
2012-05-29 11:00:00,325.53052
2012-05-29 12:00:00,369.5258
2012-05-29 13:00:00,380.54233
2012-05-29 14:00:00,388.48895
2012-05-29 15:00:00,383.58908
2012-05-29 16:00:00,401.28787
2012-05-29 17:00:00,394.45337
2012-05-29 18:00:00,400.7608
2012-05-29 19:00:00,358.9514
2012-05-29 20:00:00,211.22502
2012-05-29 21:00:00,124.17421
2012-05-29 22:00:00,113.480995
2012-05-29 23:00:00,116.19196
2012-05-30 00:00:00,135.97905
2012-05-30 01:00:00,156.56192
2012-05-30 02:00:00,139.56102
2012-05-30 03:00:00,137.92859
2012-05-30 04:00:00,128.78847
2012-05-30 05:00:00,188.95807
2012-05-30 06:00:00,160.33195
2012-05-30 07:00:00,179.55518
2012-05-30 08:00:00,218.4207
2012-05-30 09:00:00,233.09894
2012-05-30 10:00:00,211.86185
2012-05-30 11:00:00,249.87169
2012-05-30 12:00:00,215.69383
2012-05-30 13:00:00,231.30705
2012-05-30 14:00:00,332.0555
2012-05-30 15:00:00,306.81125
2012-05-30 16:00:00,312.7707
2012-05-30 17:00:00,303.24734
2012-05-30 18:00:00,325.23053
2012-05-30 19:00:00,305.8775
2012-05-30 20:00:00,211.98262
2012-05-30 21:00:00,245.2361
2012-05-30 22:00:00,184.8747
2012-05-30 23:00:00,202.88127
2012-05-31 00:00:00,200.4672
2012-05-31 01:00:00,164.35898
2012-05-31 02:00:00,185.61589
2012-05-31 03:00:00,160.30743
2012-05-31 04:00:00,130.58818
2012-05-31 05:00:00,219.27765
2012-05-31 06:00:00,183.05429
2012-05-31 07:00:00,229.12482
2012-05-31 08:00:00,259.57828
2012-05-31 09:00:00,303.6909
2012-05-31 10:00:00,367.11948
2012-05-31 11:00:00,383.0149
2012-05-31 12:00:00,374.33313
2012-05-31 13:00:00,381.55377
2012-05-31 14:00:00,397.65472
2012-05-31 15:00:00,399.85373
2012-05-31 16:00:00,397.62122
2012-05-31 17:00:00,398.1167
2012-05-31 18:00:00,396.46722
2012-05-31 19:00:00,388.59482
2012-05-31 20:00:00,308.48947
2012-05-31 21:00:00,308.48947
2012-05-31 22:00:00,284.50522
2012-05-31 23:00:00,283.81625
2012-06-20 00:00:00,198.87842
2012-06-20 01:00:00,175.70795
2012-06-20 02:00:00,117.36639
2012-06-20 03:00:00,105.208015
2012-06-20 04:00:00,120.26047
2012-06-20 05:00:00,120.26047
2012-06-20 06:00:00,128.2045
2012-06-20 07:00:00,141.66121
2012-06-20 08:00:00,215.45865
2012-06-20 09:00:00,225.43533
2012-06-20 10:00:00,345.89902
2012-06-20 11:00:00,360.3041
2012-06-20 12:00:00,369.7236
2012-06-20 13:00:00,375.8135
2012-06-20 14:00:00,390.2326
2012-06-20 15:00:00,415.20206
2012-06-20 16:00:00,384.2494
2012-06-20 17:00:00,403.11484
2012-06-20 18:00:00,403.1148
2012-06-20 19:00:00,396.6201
2012-06-20 20:00:00,396.40662
2012-06-20 21:00:00,372.84784
2012-06-20 22:00:00,362.94333
2012-06-20 23:00:00,284.83188
2012-06-21 00:00:00,168.3904
2012-06-21 01:00:00,158.64955
2012-06-21 02:00:00,133.94385
2012-06-21 03:00:00,129.71077
2012-06-21 04:00:00,87.14996
2012-06-21 05:00:00,90.51794
2012-06-21 06:00:00,143.3061
2012-06-21 07:00:00,143.3061
2012-06-21 08:00:00,140.30336
2012-06-21 09:00:00,315.9447
2012-06-21 10:00:00,316.06082
2012-06-21 11:00:00,368.02023
2012-06-21 12:00:00,381.3586
2012-06-21 13:00:00,400.08612
2012-06-21 14:00:00,378.65924
2012-06-21 15:00:00,379.61212
2012-06-21 16:00:00,373.9901
2012-06-21 17:00:00,393.66336
2012-06-21 18:00:00,373.51007
2012-06-21 19:00:00,377.13315
2012-06-21 20:00:00,366.72574
2012-06-21 21:00:00,319.75015
2012-06-21 22:00:00,270.53162
2012-06-21 23:00:00,242.07973
2012-06-22 00:00:00,255.6445
2012-06-22 01:00:00,210.54811
2012-06-22 02:00:00,116.91807
2012-06-22 03:00:00,116.91807
2012-06-22 04:00:00,267.50406
2012-06-22 05:00:00,244.91841
2012-06-22 06:00:00,255.22104
2012-06-22 07:00:00,255.13766
2012-06-22 08:00:00,263.33875
2012-06-22 09:00:00,297.6305
2012-06-22 10:00:00,345.71097
2012-06-22 11:00:00,318.2059
2012-06-22 12:00:00,329.121
2012-06-22 13:00:00,377.13315
2012-06-22 14:00:00,377.13315
2012-06-22 15:00:00,402.4916
2012-06-22 16:00:00,389.91974
2012-06-22 17:00:00,421.80664
2012-06-22 18:00:00,302.32486
2012-06-22 19:00:00,329.06033
2012-06-22 20:00:00,329.06033
2012-06-22 21:00:00,215.32309
2012-06-22 22:00:00,188.85756
2012-06-22 23:00:00,171.58429
2012-06-23 00:00:00,80.772644
2012-06-23 01:00:00,93.17808
2012-06-23 02:00:00,136.16727
2012-06-23 03:00:00,86.48574
2012-06-23 04:00:00,119.60276
2012-06-23 05:00:00,136.16727
2012-06-23 06:00:00,70.71868
2012-06-23 07:00:00,74.80853
2012-06-23 08:00:00,190.21394
2012-06-23 09:00:00,251.8344
2012-06-23 10:00:00,297.535
2012-06-23 11:00:00,428.10126
2012-06-23 12:00:00,454.98666
2012-06-23 13:00:00,483.40817
2012-06-23 14:00:00,510.51538
2012-06-23 15:00:00,538.0043
2012-06-23 16:00:00,528.803
2012-06-23 17:00:00,504.82947
2012-06-23 18:00:00,523.9348
2012-06-23 19:00:00,486.89813
2012-06-23 20:00:00,494.81787
2012-06-23 21:00:00,467.21948
2012-06-23 22:00:00,450.9624
2012-06-23 23:00:00,504.33817
2012-06-24 00:00:00,356.44815
2012-06-24 01:00:00,247.60822
2012-06-24 02:00:00,347.07788
2012-06-24 03:00:00,204.84167
2012-06-24 04:00:00,313.40994
2012-06-24 05:00:00,145.32849
2012-06-24 06:00:00,194.42493
2012-06-24 07:00:00,126.2542
2012-06-24 08:00:00,224.18488
2012-06-24 09:00:00,365.13727
2012-06-24 10:00:00,550.5521
2012-06-24 11:00:00,457.94284
2012-06-24 12:00:00,500.76785
2012-06-24 13:00:00,521.9796
2012-06-24 14:00:00,525.33624
2012-06-24 15:00:00,484.57663
2012-06-24 16:00:00,506.35538
2012-06-24 17:00:00,509.9369
2012-06-24 18:00:00,504.61993
2012-06-24 19:00:00,511.91556
2012-06-24 20:00:00,474.84482
2012-06-24 21:00:00,334.34677
2012-06-24 22:00:00,242.34291
2012-06-24 23:00:00,230.05672
2012-06-25 00:00:00,269.1333
2012-06-25 01:00:00,231.14622
2012-06-25 02:00:00,207.6987
2012-06-25 03:00:00,208.53079
2012-06-25 04:00:00,153.1616
2012-06-25 05:00:00,167.30504
2012-06-25 06:00:00,112.3995
2012-06-25 07:00:00,172.60686
2012-06-25 08:00:00,192.51672
2012-06-25 09:00:00,222.5914
2012-06-25 10:00:00,279.5194
2012-06-25 11:00:00,380.6626
2012-06-25 12:00:00,364.85626
2012-06-25 13:00:00,315.36258
2012-06-25 14:00:00,373.76117
2012-06-25 15:00:00,405.7436
2012-06-25 16:00:00,419.14008
2012-06-25 17:00:00,448.9228
2012-06-25 18:00:00,436.71475
2012-06-25 19:00:00,438.08893
2012-06-25 20:00:00,421.19675
2012-06-25 21:00:00,403.37354
2012-06-25 22:00:00,402.66635
2012-06-25 23:00:00,384.35654
2012-06-26 00:00:00,380.58105
2012-06-26 01:00:00,363.626
2012-06-26 02:00:00,304.77066
2012-06-26 03:00:00,281.41058
2012-06-26 04:00:00,282.87515
2012-06-26 05:00:00,264.38022
2012-06-26 06:00:00,234.26746
2012-06-26 07:00:00,236.88739
2012-06-26 08:00:00,267.7139
2012-06-26 09:00:00,312.76566
2012-06-26 10:00:00,351.12033
2012-06-26 11:00:00,370.52856
2012-06-26 12:00:00,388.15524
2012-06-26 13:00:00,418.17236
2012-06-26 14:00:00,418.17236
2012-06-26 15:00:00,429.2225
2012-06-26 16:00:00,441.6544
2012-06-26 17:00:00,424.43622
2012-06-26 18:00:00,418.7522
2012-06-26 19:00:00,405.17438
2012-06-26 20:00:00,406.67792
2012-06-26 21:00:00,396.92764
2012-06-26 22:00:00,393.67813
2012-06-26 23:00:00,320.49536
2012-06-27 00:00:00,336.0715
2012-06-27 01:00:00,305.35577
2012-06-27 02:00:00,283.44943
2012-06-27 03:00:00,291.1052
2012-06-27 04:00:00,350.162
2012-06-27 05:00:00,323.85187
2012-06-27 06:00:00,290.96762
2012-06-27 07:00:00,337.90427
2012-06-27 08:00:00,337.102
2012-06-27 09:00:00,362.3524
2012-06-27 10:00:00,398.45584
2012-06-27 11:00:00,414.27448
2012-06-27 12:00:00,412.58932
2012-06-27 13:00:00,410.16956
2012-06-27 14:00:00,424.5405
2012-06-27 15:00:00,438.66428
2012-06-27 16:00:00,443.2911
2012-06-27 17:00:00,432.06085
2012-06-27 18:00:00,410.16956
2012-06-27 19:00:00,415.14838
2012-06-27 20:00:00,406.19034
2012-06-27 21:00:00,407.0506
2012-06-27 22:00:00,359.39526
2012-06-27 23:00:00,296.08438
2012-06-28 00:00:00,263.56277
2012-06-28 01:00:00,214.69733
2012-06-28 02:00:00,259.47403
2012-06-28 03:00:00,259.47403
2012-06-28 04:00:00,193.8419
2012-06-28 05:00:00,205.35284
2012-06-28 06:00:00,205.35284
2012-06-28 07:00:00,193.8419
2012-06-28 08:00:00,275.77692
2012-06-28 09:00:00,268.47534
2012-06-28 10:00:00,320.95935
2012-06-28 11:00:00,402.99823
2012-06-28 12:00:00,403.48798
2012-06-28 13:00:00,393.81784
2012-06-28 14:00:00,402.81094
2012-06-28 15:00:00,402.81094
2012-06-28 16:00:00,384.91394
2012-06-28 17:00:00,381.7042
2012-06-28 18:00:00,395.48834
2012-06-28 19:00:00,407.74884
2012-06-28 20:00:00,405.40317
2012-06-28 21:00:00,294.76266
2012-06-28 22:00:00,295.9289
2012-06-28 23:00:00,306.08966
2012-06-29 00:00:00,306.08966
2012-06-29 01:00:00,298.4064
2012-06-29 02:00:00,262.09946
2012-06-29 03:00:00,262.09946
2012-06-29 04:00:00,213.28052
2012-06-29 05:00:00,202.80809
2012-06-29 06:00:00,248.05829
2012-06-29 07:00:00,202.80809
2012-06-29 08:00:00,261.69705
2012-06-29 09:00:00,279.5194
2012-06-29 10:00:00,382.71466
2012-06-29 11:00:00,475.95197
2012-06-29 12:00:00,505.49084
2012-06-29 13:00:00,371.536
2012-06-29 14:00:00,375.96988
2012-06-29 15:00:00,386.35455
2012-06-29 16:00:00,386.35455
2012-06-29 17:00:00,373.15775
2012-06-29 18:00:00,405.56952
2012-06-29 19:00:00,354.9463
2012-06-29 20:00:00,368.8889
2012-06-29 21:00:00,357.04953
2012-06-29 22:00:00,299.28165
2012-06-29 23:00:00,299.28165
2012-06-30 00:00:00,134.90228
2012-06-30 01:00:00,147.25986
2012-06-30 02:00:00,100.62795
2012-06-30 03:00:00,100.62795
2012-06-30 04:00:00,79.84118
2012-06-30 05:00:00,69.36773
2012-06-30 06:00:00,69.36773
2012-06-30 07:00:00,69.36773
2012-06-30 08:00:00,69.36773
2012-06-30 09:00:00,69.36773
2012-06-30 10:00:00,485.25177
2012-06-30 11:00:00,485.25177
2012-06-30 12:00:00,485.25177
2012-06-30 13:00:00,485.25177
2012-06-30 14:00:00,485.25177
2012-06-30 15:00:00,485.25177
2012-06-30 16:00:00,439.90454
2012-06-30 17:00:00,437.26218
2012-06-30 18:00:00,506.82303
2012-06-30 19:00:00,477.71942
2012-06-30 20:00:00,337.22714
2012-06-30 21:00:00,337.22714
2012-06-30 22:00:00,263.37698
2012-06-30 23:00:00,225.94746
2012-07-20 00:00:00,122.65482
2012-07-20 01:00:00,79.11168
2012-07-20 02:00:00,96.68129
2012-07-20 03:00:00,97.69814
2012-07-20 04:00:00,127.02716
2012-07-20 05:00:00,110.55168
2012-07-20 06:00:00,127.02716
2012-07-20 07:00:00,143.65916
2012-07-20 08:00:00,190.50832
2012-07-20 09:00:00,220.86906
2012-07-20 10:00:00,239.12822
2012-07-20 11:00:00,246.94237
2012-07-20 12:00:00,196.15207
2012-07-20 13:00:00,170.20735
2012-07-20 14:00:00,209.83757
2012-07-20 15:00:00,211.12407
2012-07-20 16:00:00,198.25685
2012-07-20 17:00:00,160.08551
2012-07-20 18:00:00,192.7626
2012-07-20 19:00:00,166.29288
2012-07-20 20:00:00,170.04408
2012-07-20 21:00:00,152.05362
2012-07-20 22:00:00,159.09647
2012-07-20 23:00:00,159.4329
2012-07-21 00:00:00,143.78348
2012-07-21 01:00:00,153.66852
2012-07-21 02:00:00,129.28378
2012-07-21 03:00:00,133.09659
2012-07-21 04:00:00,125.138824
2012-07-21 05:00:00,128.95943
2012-07-21 06:00:00,128.95943
2012-07-21 07:00:00,128.25497
2012-07-21 08:00:00,144.75912
2012-07-21 09:00:00,126.986694
2012-07-21 10:00:00,128.95943
2012-07-21 11:00:00,149.56909
2012-07-21 12:00:00,142.68074
2012-07-21 13:00:00,135.6923
2012-07-21 14:00:00,130.76207
2012-07-21 15:00:00,133.09659
2012-07-21 16:00:00,133.41864
2012-07-21 17:00:00,126.83343
2012-07-21 18:00:00,109.55035
2012-07-21 19:00:00,94.66735
2012-07-21 20:00:00,126.83343
2012-07-21 21:00:00,94.66734
2012-07-21 22:00:00,83.05166
2012-07-21 23:00:00,98.67586
2012-07-22 00:00:00,83.05166
2012-07-22 01:00:00,94.66734
2012-07-22 02:00:00,83.05166
2012-07-22 03:00:00,83.05166
2012-07-22 04:00:00,71.40483
2012-07-22 05:00:00,71.40483
2012-07-22 06:00:00,85.75985
2012-07-22 07:00:00,112.33905
2012-07-22 08:00:00,151.61494
2012-07-22 09:00:00,286.00333
2012-07-22 10:00:00,211.35
2012-07-22 11:00:00,211.35
2012-07-22 12:00:00,203.2742
2012-07-22 13:00:00,215.71729
2012-07-22 14:00:00,182.67143
2012-07-22 15:00:00,182.67143
2012-07-22 16:00:00,192.06131
2012-07-22 17:00:00,257.48447
2012-07-22 18:00:00,233.02315
2012-07-22 19:00:00,210.77914
2012-07-22 20:00:00,183.38911
2012-07-22 21:00:00,101.51743
2012-07-22 22:00:00,173.37677
2012-07-22 23:00:00,92.63054
2012-07-23 00:00:00,95.36793
2012-07-23 01:00:00,87.485794
2012-07-23 02:00:00,89.32072
2012-07-23 03:00:00,89.32072
2012-07-23 04:00:00,97.33426
2012-07-23 05:00:00,97.33426
2012-07-23 06:00:00,100.99696
2012-07-23 07:00:00,97.87814
2012-07-23 08:00:00,133.94385
2012-07-23 09:00:00,254.27678
2012-07-23 10:00:00,271.65485
2012-07-23 11:00:00,307.14523
2012-07-23 12:00:00,307.14523
2012-07-23 13:00:00,301.30423
2012-07-23 14:00:00,282.77707
2012-07-23 15:00:00,315.9447
2012-07-23 16:00:00,302.52383
2012-07-23 17:00:00,302.52383
2012-07-23 18:00:00,328.1161
2012-07-23 19:00:00,324.5771
2012-07-23 20:00:00,249.70712
2012-07-23 21:00:00,263.5889
2012-07-23 22:00:00,250.80626
2012-07-23 23:00:00,219.7618
2012-07-24 00:00:00,172.47826
2012-07-24 01:00:00,141.84746
2012-07-24 02:00:00,93.652985
2012-07-24 03:00:00,93.652985
2012-07-24 04:00:00,80.34016
2012-07-24 05:00:00,81.76173
2012-07-24 06:00:00,85.60779
2012-07-24 07:00:00,192.47769
2012-07-24 08:00:00,222.3167
2012-07-24 09:00:00,265.0518
2012-07-24 10:00:00,336.5928
2012-07-24 11:00:00,369.1392
2012-07-24 12:00:00,319.26624
2012-07-24 13:00:00,364.42886
2012-07-24 14:00:00,346.14774
2012-07-24 15:00:00,343.5188
2012-07-24 16:00:00,332.23157
2012-07-24 17:00:00,337.95782
2012-07-24 18:00:00,294.93274
2012-07-24 19:00:00,249.70712
2012-07-24 20:00:00,225.70105
2012-07-24 21:00:00,251.07458
2012-07-24 22:00:00,258.4706
2012-07-24 23:00:00,293.21387
2012-07-25 00:00:00,278.20422
2012-07-25 01:00:00,255.97697
2012-07-25 02:00:00,243.74734
2012-07-25 03:00:00,213.65727
2012-07-25 04:00:00,206.28046
2012-07-25 05:00:00,201.68106
2012-07-25 06:00:00,201.96744
2012-07-25 07:00:00,301.93185
2012-07-25 08:00:00,373.29492
2012-07-25 09:00:00,397.22375
2012-07-25 10:00:00,313.67798
2012-07-25 11:00:00,381.7374
2012-07-25 12:00:00,381.7374
2012-07-25 13:00:00,404.81985
2012-07-25 14:00:00,396.7598
2012-07-25 15:00:00,407.053
2012-07-25 16:00:00,398.65247
2012-07-25 17:00:00,422.21994
2012-07-25 18:00:00,397.28354
2012-07-25 19:00:00,412.0734
2012-07-25 20:00:00,377.31134
2012-07-25 21:00:00,321.18713
2012-07-25 22:00:00,226.30313
2012-07-25 23:00:00,267.06012
2012-07-26 00:00:00,209.34425
2012-07-26 01:00:00,213.65727
2012-07-26 02:00:00,201.1283
2012-07-26 03:00:00,196.82974
2012-07-26 04:00:00,169.82796
2012-07-26 05:00:00,169.82796
2012-07-26 06:00:00,153.1616
2012-07-26 07:00:00,199.81082
2012-07-26 08:00:00,227.63016
2012-07-26 09:00:00,249.74808
2012-07-26 10:00:00,230.12543
2012-07-26 11:00:00,292.89392
2012-07-26 12:00:00,334.93005
2012-07-26 13:00:00,341.10553
2012-07-26 14:00:00,362.1205
2012-07-26 15:00:00,376.84534
2012-07-26 16:00:00,400.74475
2012-07-26 17:00:00,398.8604
2012-07-26 18:00:00,393.2947
2012-07-26 19:00:00,375.80765
2012-07-26 20:00:00,345.7251
2012-07-26 21:00:00,416.5081
2012-07-26 22:00:00,416.5081
2012-07-26 23:00:00,194.90662
2012-07-27 00:00:00,136.87128
2012-07-27 01:00:00,173.00137
2012-07-27 02:00:00,140.51271
2012-07-27 03:00:00,192.47769
2012-07-27 04:00:00,101.61502
2012-07-27 05:00:00,82.887924
2012-07-27 06:00:00,101.61502
2012-07-27 07:00:00,216.37744
2012-07-27 08:00:00,197.10512
2012-07-27 09:00:00,342.20114
2012-07-27 10:00:00,307.2491
2012-07-27 11:00:00,358.63138
2012-07-27 12:00:00,356.52713
2012-07-27 13:00:00,354.30298
2012-07-27 14:00:00,362.37848
2012-07-27 15:00:00,376.55515
2012-07-27 16:00:00,349.14215
2012-07-27 17:00:00,384.80255
2012-07-27 18:00:00,340.9702
2012-07-27 19:00:00,319.75015
2012-07-27 20:00:00,245.37689
2012-07-27 21:00:00,245.37689
2012-07-27 22:00:00,259.52356
2012-07-27 23:00:00,165.5287
2012-07-28 00:00:00,230.41826
2012-07-28 01:00:00,152.10432
2012-07-28 02:00:00,171.459
2012-07-28 03:00:00,171.459
2012-07-28 04:00:00,116.13717
2012-07-28 05:00:00,92.63054
2012-07-28 06:00:00,152.34232
2012-07-28 07:00:00,190.30098
2012-07-28 08:00:00,233.02315
2012-07-28 09:00:00,247.29175
2012-07-28 10:00:00,386.9903
2012-07-28 11:00:00,483.80048
2012-07-28 12:00:00,480.37375
2012-07-28 13:00:00,491.74905
2012-07-28 14:00:00,487.07715
2012-07-28 15:00:00,501.50134
2012-07-28 16:00:00,475.84222
2012-07-28 17:00:00,425.21204
2012-07-28 18:00:00,509.0172
2012-07-28 19:00:00,86.03355
2012-07-28 20:00:00,90.354965
2012-07-28 21:00:00,82.721176
2012-07-28 22:00:00,82.721176
2012-07-28 23:00:00,72.633484
2012-07-29 00:00:00,67.72337
2012-07-29 01:00:00,76.20097
2012-07-29 02:00:00,117.82178
2012-07-29 03:00:00,178.35214
2012-07-29 04:00:00,155.48032
2012-07-29 05:00:00,90.295456
2012-07-29 06:00:00,113.226974
2012-07-29 07:00:00,193.20372
2012-07-29 08:00:00,225.29726
2012-07-29 09:00:00,265.27496
2012-07-29 10:00:00,204.96817
2012-07-29 11:00:00,334.34677
2012-07-29 12:00:00,397.51767
2012-07-29 13:00:00,418.3613
2012-07-29 14:00:00,430.91364
2012-07-29 15:00:00,403.2889
2012-07-29 16:00:00,403.2889
2012-07-29 17:00:00,457.46494
2012-07-29 18:00:00,527.4943
2012-07-29 19:00:00,289.87427
2012-07-29 20:00:00,192.06131
2012-07-29 21:00:00,190.30098
2012-07-29 22:00:00,152.34232
2012-07-29 23:00:00,160.66086
2012-07-30 00:00:00,138.30336
2012-07-30 01:00:00,121.84635
2012-07-30 02:00:00,112.62281
2012-07-30 03:00:00,78.79986
2012-07-30 04:00:00,78.79986
2012-07-30 05:00:00,81.76173
2012-07-30 06:00:00,93.652985
2012-07-30 07:00:00,111.136475
2012-07-30 08:00:00,234.35507
2012-07-30 09:00:00,234.40349
2012-07-30 10:00:00,259.37668
2012-07-30 11:00:00,282.01215
2012-07-30 12:00:00,268.60577
2012-07-30 13:00:00,318.2059
2012-07-30 14:00:00,325.10413
2012-07-30 15:00:00,330.29813
2012-07-30 16:00:00,337.27734
2012-07-30 17:00:00,313.6419
2012-07-30 18:00:00,324.1225
2012-07-30 19:00:00,315.62784
2012-07-30 20:00:00,220.68037
2012-07-30 21:00:00,216.37744
2012-07-30 22:00:00,233.96968
2012-07-30 23:00:00,193.82718
2012-07-31 00:00:00,119.61578
2012-07-31 01:00:00,85.60779
2012-07-31 02:00:00,85.60778
2012-07-31 03:00:00,80.34015
2012-07-31 04:00:00,80.34016
2012-07-31 05:00:00,93.652985
2012-07-31 06:00:00,80.60709
2012-07-31 07:00:00,127.65977
2012-07-31 08:00:00,140.5127
2012-07-31 09:00:00,173.00137
2012-07-31 10:00:00,150.87553
2012-07-31 11:00:00,201.6686
2012-07-31 12:00:00,289.95673
2012-07-31 13:00:00,330.37772
2012-07-31 14:00:00,330.37772
2012-07-31 15:00:00,235.77876
2012-07-31 16:00:00,297.6305
2012-07-31 17:00:00,314.86298
2012-07-31 18:00:00,311.2102
2012-07-31 19:00:00,250.82782
2012-07-31 20:00:00,236.6651
2012-07-31 21:00:00,151.76888
2012-07-31 22:00:00,185.6693
2012-07-31 23:00:00,169.20107
2012-08-20 00:00:00,106.423805
2012-08-20 01:00:00,82.59286
2012-08-20 02:00:00,82.59286
2012-08-20 03:00:00,70.890724
2012-08-20 04:00:00,99.37274
2012-08-20 05:00:00,93.04704
2012-08-20 06:00:00,163.8997
2012-08-20 07:00:00,176.3854
2012-08-20 08:00:00,191.33334
2012-08-20 09:00:00,208.6157
2012-08-20 10:00:00,205.4733
2012-08-20 11:00:00,176.0614
2012-08-20 12:00:00,231.67273
2012-08-20 13:00:00,226.30313
2012-08-20 14:00:00,272.25864
2012-08-20 15:00:00,297.7714
2012-08-20 16:00:00,297.7714
2012-08-20 17:00:00,268.9416
2012-08-20 18:00:00,189.40605
2012-08-20 19:00:00,189.38599
2012-08-20 20:00:00,159.4329
2012-08-20 21:00:00,74.8763
2012-08-20 22:00:00,93.04704
2012-08-20 23:00:00,93.04704
2012-08-21 00:00:00,99.37274
2012-08-21 01:00:00,123.02365
2012-08-21 02:00:00,142.19438
2012-08-21 03:00:00,68.67225
2012-08-21 04:00:00,68.67225
2012-08-21 05:00:00,72.759125
2012-08-21 06:00:00,72.89116
2012-08-21 07:00:00,80.22197
2012-08-21 08:00:00,84.9004
2012-08-21 09:00:00,124.17959
2012-08-21 10:00:00,195.18513
2012-08-21 11:00:00,211.67554
2012-08-21 12:00:00,269.66922
2012-08-21 13:00:00,293.2244
2012-08-21 14:00:00,388.32062
2012-08-21 15:00:00,330.92487
2012-08-21 16:00:00,330.92487
2012-08-21 17:00:00,323.15814
2012-08-21 18:00:00,292.01144
2012-08-21 19:00:00,189.97188
2012-08-21 20:00:00,104.35617
2012-08-21 21:00:00,104.35617
2012-08-21 22:00:00,81.214294
2012-08-21 23:00:00,76.1866
2012-08-22 00:00:00,77.46136
2012-08-22 01:00:00,81.017525
2012-08-22 02:00:00,81.017525
2012-08-22 03:00:00,81.017525
2012-08-22 04:00:00,74.0526
2012-08-22 05:00:00,79.71455
2012-08-22 06:00:00,97.17867
2012-08-22 07:00:00,81.017525
2012-08-22 08:00:00,110.81072
2012-08-22 09:00:00,146.10574
2012-08-22 10:00:00,191.85548
2012-08-22 11:00:00,211.70206
2012-08-22 12:00:00,235.9528
2012-08-22 13:00:00,295.8295
2012-08-22 14:00:00,324.2185
2012-08-22 15:00:00,310.79776
2012-08-22 16:00:00,266.69495
2012-08-22 17:00:00,266.69495
2012-08-22 18:00:00,224.5853
2012-08-22 19:00:00,171.58429
2012-08-22 20:00:00,164.94795
2012-08-22 21:00:00,104.35617
2012-08-22 22:00:00,104.35617
2012-08-22 23:00:00,76.38336
2012-08-23 00:00:00,81.214294
2012-08-23 01:00:00,76.1866
2012-08-23 02:00:00,76.186584
2012-08-23 03:00:00,80.968
2012-08-23 04:00:00,76.1866
2012-08-23 05:00:00,76.1866
2012-08-23 06:00:00,87.39611
2012-08-23 07:00:00,102.405716
2012-08-23 08:00:00,192.73714
2012-08-23 09:00:00,218.47998
2012-08-23 10:00:00,218.01482
2012-08-23 11:00:00,288.21747
2012-08-23 12:00:00,338.35355
2012-08-23 13:00:00,387.97693
2012-08-23 14:00:00,345.63254
2012-08-23 15:00:00,328.68906
2012-08-23 16:00:00,316.7152
2012-08-23 17:00:00,350.66138
2012-08-23 18:00:00,330.18936
2012-08-23 19:00:00,254.95486
2012-08-23 20:00:00,202.80809
2012-08-23 21:00:00,216.47136
2012-08-23 22:00:00,237.69724
2012-08-23 23:00:00,217.89
2012-08-24 00:00:00,217.89
2012-08-24 01:00:00,171.50887
2012-08-24 02:00:00,129.96674
2012-08-24 03:00:00,104.35617
2012-08-24 04:00:00,171.50887
2012-08-24 05:00:00,81.214294
2012-08-24 06:00:00,94.390274
2012-08-24 07:00:00,125.27046
2012-08-24 08:00:00,171.58429
2012-08-24 09:00:00,254.99544
2012-08-24 10:00:00,255.03207
2012-08-24 11:00:00,297.58417
2012-08-24 12:00:00,316.7623
2012-08-24 13:00:00,370.0046
2012-08-24 14:00:00,345.5288
2012-08-24 15:00:00,300.97208
2012-08-24 16:00:00,300.97208
2012-08-24 17:00:00,287.12097
2012-08-24 18:00:00,256.01486
2012-08-24 19:00:00,255.03285
2012-08-24 20:00:00,240.75212
2012-08-24 21:00:00,248.05829
2012-08-24 22:00:00,250.43689
2012-08-24 23:00:00,217.50185
2012-08-25 00:00:00,337.63837
2012-08-25 01:00:00,297.69946
2012-08-25 02:00:00,143.43265
2012-08-25 03:00:00,130.46889
2012-08-25 04:00:00,195.97096
2012-08-25 05:00:00,201.85922
2012-08-25 06:00:00,150.69136
2012-08-25 07:00:00,165.38237
2012-08-25 08:00:00,212.17268
2012-08-25 09:00:00,236.28345
2012-08-25 10:00:00,260.99213
2012-08-25 11:00:00,281.59885
2012-08-25 12:00:00,278.4714
2012-08-25 13:00:00,376.6475
2012-08-25 14:00:00,222.39973
2012-08-25 15:00:00,210.69662
2012-08-25 16:00:00,216.69028
2012-08-25 17:00:00,218.83257
2012-08-25 18:00:00,234.9779
2012-08-25 19:00:00,179.98036
2012-08-25 20:00:00,147.50807
2012-08-25 21:00:00,135.78029
2012-08-25 22:00:00,135.78029
2012-08-25 23:00:00,153.66852
2012-08-26 00:00:00,80.94843
2012-08-26 01:00:00,73.43628
2012-08-26 02:00:00,128.23375
2012-08-26 03:00:00,137.63878
2012-08-26 04:00:00,114.370804
2012-08-26 05:00:00,73.43628
2012-08-26 06:00:00,91.91742
2012-08-26 07:00:00,73.43628
2012-08-26 08:00:00,144.84688
2012-08-26 09:00:00,129.30775
2012-08-26 10:00:00,313.8045
2012-08-26 11:00:00,307.668
2012-08-26 12:00:00,242.50005
2012-08-26 13:00:00,180.48116
2012-08-26 14:00:00,63.013313
2012-08-26 15:00:00,143.31404
2012-08-26 16:00:00,143.31404
2012-08-26 17:00:00,77.37218
2012-08-26 18:00:00,85.57743
2012-08-26 19:00:00,98.032524
2012-08-26 20:00:00,69.36773
2012-08-26 21:00:00,70.91989
2012-08-26 22:00:00,67.55267
2012-08-26 23:00:00,71.94198
2012-08-27 00:00:00,76.1866
2012-08-27 01:00:00,73.52472
2012-08-27 02:00:00,75.433205
2012-08-27 03:00:00,73.524765
2012-08-27 04:00:00,76.1866
2012-08-27 05:00:00,71.348335
2012-08-27 06:00:00,71.348335
2012-08-27 07:00:00,78.79986
2012-08-27 08:00:00,80.34016
2012-08-27 09:00:00,81.76173
2012-08-27 10:00:00,181.2954
2012-08-27 11:00:00,237.25641
2012-08-27 12:00:00,181.21858
2012-08-27 13:00:00,273.85272
2012-08-27 14:00:00,293.1696
2012-08-27 15:00:00,332.23157
2012-08-27 16:00:00,325.47403
2012-08-27 17:00:00,347.4985
2012-08-27 18:00:00,321.40796
2012-08-27 19:00:00,230.12543
2012-08-27 20:00:00,222.3167
2012-08-27 21:00:00,206.80885
2012-08-27 22:00:00,132.26431
2012-08-27 23:00:00,116.75669
2012-08-28 00:00:00,149.04291
2012-08-28 01:00:00,96.70794
2012-08-28 02:00:00,137.14337
2012-08-28 03:00:00,79.11168
2012-08-28 04:00:00,85.60779
2012-08-28 05:00:00,117.761665
2012-08-28 06:00:00,97.69814
2012-08-28 07:00:00,128.25093
2012-08-28 08:00:00,119.50182
2012-08-28 09:00:00,239.12822
2012-08-28 10:00:00,276.2009
2012-08-28 11:00:00,318.47656
2012-08-28 12:00:00,337.27734
2012-08-28 13:00:00,379.03668
2012-08-28 14:00:00,407.00116
2012-08-28 15:00:00,404.60968
2012-08-28 16:00:00,410.02777
2012-08-28 17:00:00,411.35876
2012-08-28 18:00:00,394.1504
2012-08-28 19:00:00,333.60382
2012-08-28 20:00:00,285.56174
2012-08-28 21:00:00,277.8786
2012-08-28 22:00:00,211.67554
2012-08-28 23:00:00,190.02081
2012-08-29 00:00:00,129.96674
2012-08-29 01:00:00,181.3622
2012-08-29 02:00:00,145.05031
2012-08-29 03:00:00,113.51138
2012-08-29 04:00:00,155.60445
2012-08-29 05:00:00,151.43785
2012-08-29 06:00:00,151.43785
2012-08-29 07:00:00,158.99844
2012-08-29 08:00:00,217.68768
2012-08-29 09:00:00,293.685
2012-08-29 10:00:00,306.15494
2012-08-29 11:00:00,269.66922
2012-08-29 12:00:00,311.63144
2012-08-29 13:00:00,286.8524
2012-08-29 14:00:00,361.74225
2012-08-29 15:00:00,385.37082
2012-08-29 16:00:00,399.49673
2012-08-29 17:00:00,408.4717
2012-08-29 18:00:00,359.28864
2012-08-29 19:00:00,279.32852
2012-08-29 20:00:00,190.02081
2012-08-29 21:00:00,241.4594
2012-08-29 22:00:00,214.69733
2012-08-29 23:00:00,192.05573
2012-08-30 00:00:00,124.17959
2012-08-30 01:00:00,142.2927
2012-08-30 02:00:00,97.17867
2012-08-30 03:00:00,97.17867
2012-08-30 04:00:00,97.17867
2012-08-30 05:00:00,97.17867
2012-08-30 06:00:00,82.59286
2012-08-30 07:00:00,104.35617
2012-08-30 08:00:00,144.19707
2012-08-30 09:00:00,184.15057
2012-08-30 10:00:00,211.79448
2012-08-30 11:00:00,361.74225
2012-08-30 12:00:00,330.9942
2012-08-30 13:00:00,295.8295
2012-08-30 14:00:00,310.79776
2012-08-30 15:00:00,336.24106
2012-08-30 16:00:00,360.44965
2012-08-30 17:00:00,405.05463
2012-08-30 18:00:00,395.89557
2012-08-30 19:00:00,310.79776
2012-08-30 20:00:00,255.13766
2012-08-30 21:00:00,210.2574
2012-08-30 22:00:00,132.93555
2012-08-30 23:00:00,148.68204
2012-08-31 00:00:00,103.65429
2012-08-31 01:00:00,103.65429
2012-08-31 02:00:00,79.11168
2012-08-31 03:00:00,76.3708
2012-08-31 04:00:00,76.940125
2012-08-31 05:00:00,80.60709
2012-08-31 06:00:00,123.11185
2012-08-31 07:00:00,90.744514
2012-08-31 08:00:00,195.63069
2012-08-31 09:00:00,140.30336
2012-08-31 10:00:00,210.71635
2012-08-31 11:00:00,401.86133
2012-08-31 12:00:00,395.7406
2012-08-31 13:00:00,396.9806
2012-08-31 14:00:00,384.8747
2012-08-31 15:00:00,389.29437
2012-08-31 16:00:00,388.37457
2012-08-31 17:00:00,393.87424
2012-08-31 18:00:00,403.52863
2012-08-31 19:00:00,314.0202
2012-08-31 20:00:00,314.0202
2012-08-31 21:00:00,284.60944
2012-08-31 22:00:00,284.60944
2012-08-31 23:00:00,210.96089
2012-09-20 00:00:00,168.02875
2012-09-20 01:00:00,86.26587
2012-09-20 02:00:00,85.087685
2012-09-20 03:00:00,73.28275
2012-09-20 04:00:00,78.61332
2012-09-20 05:00:00,78.61332
2012-09-20 06:00:00,73.28275
2012-09-20 07:00:00,69.64449
2012-09-20 08:00:00,115.89779
2012-09-20 09:00:00,217.50069
2012-09-20 10:00:00,261.42258
2012-09-20 11:00:00,260.9353
2012-09-20 12:00:00,301.7486
2012-09-20 13:00:00,301.0203
2012-09-20 14:00:00,303.3084
2012-09-20 15:00:00,310.5811
2012-09-20 16:00:00,294.48163
2012-09-20 17:00:00,287.87936
2012-09-20 18:00:00,240.99052
2012-09-20 19:00:00,225.67345
2012-09-20 20:00:00,195.20076
2012-09-20 21:00:00,192.0192
2012-09-20 22:00:00,81.21155
2012-09-20 23:00:00,139.30559
2012-09-21 00:00:00,108.28141
2012-09-21 01:00:00,86.085884
2012-09-21 02:00:00,86.085884
2012-09-21 03:00:00,74.612175
2012-09-21 04:00:00,73.036354
2012-09-21 05:00:00,69.28041
2012-09-21 06:00:00,74.612175
2012-09-21 07:00:00,74.11942
2012-09-21 08:00:00,89.508194
2012-09-21 09:00:00,161.5095
2012-09-21 10:00:00,225.2555
2012-09-21 11:00:00,259.27267
2012-09-21 12:00:00,244.0062
2012-09-21 13:00:00,268.47534
2012-09-21 14:00:00,291.21286
2012-09-21 15:00:00,286.62543
2012-09-21 16:00:00,279.32852
2012-09-21 17:00:00,266.66675
2012-09-21 18:00:00,239.20276
2012-09-21 19:00:00,211.07527
2012-09-21 20:00:00,181.64359
2012-09-21 21:00:00,162.70816
2012-09-21 22:00:00,151.43785
2012-09-21 23:00:00,180.51512
2012-09-22 00:00:00,149.89842
2012-09-22 01:00:00,100.55461
2012-09-22 02:00:00,78.63681
2012-09-22 03:00:00,91.86666
2012-09-22 04:00:00,91.86666
2012-09-22 05:00:00,104.90369
2012-09-22 06:00:00,96.08136
2012-09-22 07:00:00,99.49043
2012-09-22 08:00:00,157.3133
2012-09-22 09:00:00,181.37881
2012-09-22 10:00:00,259.49414
2012-09-22 11:00:00,293.76517
2012-09-22 12:00:00,361.76352
2012-09-22 13:00:00,436.88394
2012-09-22 14:00:00,452.37805
2012-09-22 15:00:00,484.83057
2012-09-22 16:00:00,424.6548
2012-09-22 17:00:00,424.6548
2012-09-22 18:00:00,355.6489
2012-09-22 19:00:00,254.88615
2012-09-22 20:00:00,328.1219
2012-09-22 21:00:00,265.76572
2012-09-22 22:00:00,243.10794
2012-09-22 23:00:00,302.0894
2012-09-23 00:00:00,520.4496
2012-09-23 01:00:00,320.82742
2012-09-23 02:00:00,361.52722
2012-09-23 03:00:00,276.32953
2012-09-23 04:00:00,273.2215
2012-09-23 05:00:00,246.66597
2012-09-23 06:00:00,215.25255
2012-09-23 07:00:00,247.59851
2012-09-23 08:00:00,280.09998
2012-09-23 09:00:00,304.59512
2012-09-23 10:00:00,398.0978
2012-09-23 11:00:00,401.2947
2012-09-23 12:00:00,449.96872
2012-09-23 13:00:00,534.7499
2012-09-23 14:00:00,545.6164
2012-09-23 15:00:00,515.65137
2012-09-23 16:00:00,468.88345
2012-09-23 17:00:00,459.21725
2012-09-23 18:00:00,507.23862
2012-09-23 19:00:00,428.00134
2012-09-23 20:00:00,428.00134
2012-09-23 21:00:00,308.70404
2012-09-23 22:00:00,527.62445
2012-09-23 23:00:00,272.70578
2012-09-24 00:00:00,258.76517
2012-09-24 01:00:00,265.22775
2012-09-24 02:00:00,255.8934
2012-09-24 03:00:00,269.22214
2012-09-24 04:00:00,279.85892
2012-09-24 05:00:00,402.1241
2012-09-24 06:00:00,379.02872
2012-09-24 07:00:00,265.22775
2012-09-24 08:00:00,275.64865
2012-09-24 09:00:00,286.49008
2012-09-24 10:00:00,296.73172
2012-09-24 11:00:00,348.72256
2012-09-24 12:00:00,384.67178
2012-09-24 13:00:00,427.2475
2012-09-24 14:00:00,267.4725
2012-09-24 15:00:00,251.93594
2012-09-24 16:00:00,430.30023
2012-09-24 17:00:00,257.71808
2012-09-24 18:00:00,321.93848
2012-09-24 19:00:00,290.4877
2012-09-24 20:00:00,304.70377
2012-09-24 21:00:00,294.4152
2012-09-24 22:00:00,271.84573
2012-09-24 23:00:00,297.65717
2012-09-25 00:00:00,229.7534
2012-09-25 01:00:00,175.61118
2012-09-25 02:00:00,139.43922
2012-09-25 03:00:00,221.1472
2012-09-25 04:00:00,170.47934
2012-09-25 05:00:00,138.57437
2012-09-25 06:00:00,155.16591
2012-09-25 07:00:00,146.36714
2012-09-25 08:00:00,239.84464
2012-09-25 09:00:00,283.68414
2012-09-25 10:00:00,304.53244
2012-09-25 11:00:00,358.33917
2012-09-25 12:00:00,383.19574
2012-09-25 13:00:00,412.7281
2012-09-25 14:00:00,399.19568
2012-09-25 15:00:00,413.5286
2012-09-25 16:00:00,401.06662
2012-09-25 17:00:00,408.9166
2012-09-25 18:00:00,409.8789
2012-09-25 19:00:00,375.50635
2012-09-25 20:00:00,326.79538
2012-09-25 21:00:00,326.79538
2012-09-25 22:00:00,327.52438
2012-09-25 23:00:00,324.31564
2012-09-26 00:00:00,285.21484
2012-09-26 01:00:00,276.01358
2012-09-26 02:00:00,268.89413
2012-09-26 03:00:00,268.89413
2012-09-26 04:00:00,231.62065
2012-09-26 05:00:00,236.57973
2012-09-26 06:00:00,226.56711
2012-09-26 07:00:00,198.18486
2012-09-26 08:00:00,217.32623
2012-09-26 09:00:00,327.22342
2012-09-26 10:00:00,232.43541
2012-09-26 11:00:00,320.0405
2012-09-26 12:00:00,344.2585
2012-09-26 13:00:00,386.1986
2012-09-26 14:00:00,435.3686
2012-09-26 15:00:00,417.67743
2012-09-26 16:00:00,434.086
2012-09-26 17:00:00,417.67743
2012-09-26 18:00:00,442.76483
2012-09-26 19:00:00,386.22745
2012-09-26 20:00:00,306.72717
2012-09-26 21:00:00,343.85086
2012-09-26 22:00:00,278.1556
2012-09-26 23:00:00,236.90715
2012-09-27 00:00:00,235.28189
2012-09-27 01:00:00,235.28189
2012-09-27 02:00:00,235.28189
2012-09-27 03:00:00,203.98547
2012-09-27 04:00:00,92.76712
2012-09-27 05:00:00,165.40404
2012-09-27 06:00:00,113.76874
2012-09-27 07:00:00,203.98547
2012-09-27 08:00:00,328.70105
2012-09-27 09:00:00,408.0152
2012-09-27 10:00:00,379.25858
2012-09-27 11:00:00,360.31335
2012-09-27 12:00:00,354.3178
2012-09-27 13:00:00,309.61447
2012-09-27 14:00:00,329.90427
2012-09-27 15:00:00,306.8064
2012-09-27 16:00:00,337.9914
2012-09-27 17:00:00,275.43997
2012-09-27 18:00:00,290.12766
2012-09-27 19:00:00,375.2224
2012-09-27 20:00:00,286.0594
2012-09-27 21:00:00,200.56209
2012-09-27 22:00:00,200.56209
2012-09-27 23:00:00,223.25346
2012-09-28 00:00:00,174.0374
2012-09-28 01:00:00,178.41837
2012-09-28 02:00:00,160.22559
2012-09-28 03:00:00,202.35338
2012-09-28 04:00:00,161.3791
2012-09-28 05:00:00,144.69809
2012-09-28 06:00:00,108.12909
2012-09-28 07:00:00,106.23043
2012-09-28 08:00:00,171.34952
2012-09-28 09:00:00,207.88652
2012-09-28 10:00:00,291.84497
2012-09-28 11:00:00,296.12234
2012-09-28 12:00:00,375.65472
2012-09-28 13:00:00,406.35275
2012-09-28 14:00:00,375.65472
2012-09-28 15:00:00,349.01227
2012-09-28 16:00:00,385.93854
2012-09-28 17:00:00,342.3306
2012-09-28 18:00:00,373.25394
2012-09-28 19:00:00,317.90848
2012-09-28 20:00:00,325.38525
2012-09-28 21:00:00,325.89597
2012-09-28 22:00:00,292.53186
2012-09-28 23:00:00,295.2852
2012-09-29 00:00:00,273.15002
2012-09-29 01:00:00,273.15002
2012-09-29 02:00:00,269.87372
2012-09-29 03:00:00,244.20465
2012-09-29 04:00:00,271.8228
2012-09-29 05:00:00,237.5709
2012-09-29 06:00:00,231.32257
2012-09-29 07:00:00,191.58041
2012-09-29 08:00:00,192.48409
2012-09-29 09:00:00,237.5709
2012-09-29 10:00:00,311.58774
2012-09-29 11:00:00,331.7948
2012-09-29 12:00:00,474.4345
2012-09-29 13:00:00,474.4345
2012-09-29 14:00:00,494.64255
2012-09-29 15:00:00,463.5408
2012-09-29 16:00:00,507.7159
2012-09-29 17:00:00,480.27148
2012-09-29 18:00:00,440.57547
2012-09-29 19:00:00,326.89304
2012-09-29 20:00:00,312.27466
2012-09-29 21:00:00,336.05984
2012-09-29 22:00:00,377.11346
2012-09-29 23:00:00,385.97922
2012-09-30 00:00:00,447.01575
2012-09-30 01:00:00,447.01575
2012-09-30 02:00:00,394.25656
2012-09-30 03:00:00,276.81445
2012-09-30 04:00:00,276.81445
2012-09-30 05:00:00,206.26974
2012-09-30 06:00:00,191.7619
2012-09-30 07:00:00,164.02914
2012-09-30 08:00:00,287.6406
2012-09-30 09:00:00,388.98047
2012-09-30 10:00:00,454.05978
2012-09-30 11:00:00,505.0375
2012-09-30 12:00:00,474.4345
2012-09-30 13:00:00,507.7159
2012-09-30 14:00:00,507.7159
2012-09-30 15:00:00,533.4826
2012-09-30 16:00:00,528.01825
2012-09-30 17:00:00,513.358
2012-09-30 18:00:00,311.99472
2012-09-30 19:00:00,240.29565
2012-09-30 20:00:00,240.29565
2012-09-30 21:00:00,300.3535
2012-09-30 22:00:00,219.99437
2012-09-30 23:00:00,208.10417
2012-10-20 00:00:00,105.87488
2012-10-20 01:00:00,164.58107
2012-10-20 02:00:00,114.24932
2012-10-20 03:00:00,120.59171
2012-10-20 04:00:00,206.26974
2012-10-20 05:00:00,109.09647
2012-10-20 06:00:00,210.7446
2012-10-20 07:00:00,109.09647
2012-10-20 08:00:00,216.12692
2012-10-20 09:00:00,336.52536
2012-10-20 10:00:00,340.66248
2012-10-20 11:00:00,344.2158
2012-10-20 12:00:00,409.2065
2012-10-20 13:00:00,456.973
2012-10-20 14:00:00,522.93494
2012-10-20 15:00:00,531.20917
2012-10-20 16:00:00,398.7163
2012-10-20 17:00:00,521.41724
2012-10-20 18:00:00,478.7042
2012-10-20 19:00:00,370.73328
2012-10-20 20:00:00,457.65027
2012-10-20 21:00:00,326.01108
2012-10-20 22:00:00,325.51276
2012-10-20 23:00:00,389.48367
2012-10-21 00:00:00,286.3589
2012-10-21 01:00:00,243.74142
2012-10-21 02:00:00,196.5152
2012-10-21 03:00:00,190.90674
2012-10-21 04:00:00,108.31966
2012-10-21 05:00:00,190.90674
2012-10-21 06:00:00,322.08243
2012-10-21 07:00:00,322.08243
2012-10-21 08:00:00,264.8554
2012-10-21 09:00:00,289.8466
2012-10-21 10:00:00,330.19852
2012-10-21 11:00:00,357.57846
2012-10-21 12:00:00,405.81253
2012-10-21 13:00:00,497.7023
2012-10-21 14:00:00,524.55804
2012-10-21 15:00:00,448.7564
2012-10-21 16:00:00,521.41724
2012-10-21 17:00:00,452.49374
2012-10-21 18:00:00,469.82275
2012-10-21 19:00:00,412.48907
2012-10-21 20:00:00,369.19022
2012-10-21 21:00:00,280.2363
2012-10-21 22:00:00,428.78552
2012-10-21 23:00:00,444.5333
2012-10-22 00:00:00,364.3397
2012-10-22 01:00:00,229.7211
2012-10-22 02:00:00,225.79616
2012-10-22 03:00:00,364.3397
2012-10-22 04:00:00,278.6443
2012-10-22 05:00:00,129.82074
2012-10-22 06:00:00,116.070564
2012-10-22 07:00:00,242.15784
2012-10-22 08:00:00,311.56308
2012-10-22 09:00:00,359.13556
2012-10-22 10:00:00,358.44327
2012-10-22 11:00:00,329.45023
2012-10-22 12:00:00,282.99124
2012-10-22 13:00:00,394.2615
2012-10-22 14:00:00,417.6593
2012-10-22 15:00:00,398.7997
2012-10-22 16:00:00,382.7065
2012-10-22 17:00:00,333.50842
2012-10-22 18:00:00,376.28894
2012-10-22 19:00:00,304.70383
2012-10-22 20:00:00,324.77063
2012-10-22 21:00:00,343.50214
2012-10-22 22:00:00,126.21411
2012-10-22 23:00:00,115.183334
2012-10-23 00:00:00,109.40429
2012-10-23 01:00:00,155.91579
2012-10-23 02:00:00,108.35819
2012-10-23 03:00:00,151.20486
2012-10-23 04:00:00,144.102
2012-10-23 05:00:00,147.99068
2012-10-23 06:00:00,116.92642
2012-10-23 07:00:00,203.628
2012-10-23 08:00:00,280.5078
2012-10-23 09:00:00,295.03693
2012-10-23 10:00:00,405.99347
2012-10-23 11:00:00,378.2132
2012-10-23 12:00:00,299.13904
2012-10-23 13:00:00,285.9991
2012-10-23 14:00:00,386.948
2012-10-23 15:00:00,415.13538
2012-10-23 16:00:00,329.98935
2012-10-23 17:00:00,296.8205
2012-10-23 18:00:00,379.04117
2012-10-23 19:00:00,383.59866
2012-10-23 20:00:00,375.02496
2012-10-23 21:00:00,362.9741
2012-10-23 22:00:00,384.24655
2012-10-23 23:00:00,288.9272
2012-10-24 00:00:00,296.6276
2012-10-24 01:00:00,352.99927
2012-10-24 02:00:00,352.99924
2012-10-24 03:00:00,198.51967
2012-10-24 04:00:00,198.51964
2012-10-24 05:00:00,173.97905
2012-10-24 06:00:00,114.57813
2012-10-24 07:00:00,102.44853
2012-10-24 08:00:00,170.475
2012-10-24 09:00:00,242.3351
2012-10-24 10:00:00,283.0478
2012-10-24 11:00:00,419.03793
2012-10-24 12:00:00,381.11707
2012-10-24 13:00:00,393.83875
2012-10-24 14:00:00,431.01324
2012-10-24 15:00:00,348.8726
2012-10-24 16:00:00,398.49066
2012-10-24 17:00:00,339.0674
2012-10-24 18:00:00,318.18253
2012-10-24 19:00:00,337.49268
2012-10-24 20:00:00,324.03815
2012-10-24 21:00:00,331.7635
2012-10-24 22:00:00,334.70428
2012-10-24 23:00:00,303.54266
2012-10-25 00:00:00,325.2659
2012-10-25 01:00:00,372.96762
2012-10-25 02:00:00,197.23907
2012-10-25 03:00:00,148.45775
2012-10-25 04:00:00,136.92609
2012-10-25 05:00:00,159.21126
2012-10-25 06:00:00,168.79588
2012-10-25 07:00:00,168.79588
2012-10-25 08:00:00,189.83257
2012-10-25 09:00:00,193.46945
2012-10-25 10:00:00,184.53131
2012-10-25 11:00:00,172.88387
2012-10-25 12:00:00,247.64386
2012-10-25 13:00:00,268.59775
2012-10-25 14:00:00,323.1739
2012-10-25 15:00:00,375.2391
2012-10-25 16:00:00,328.19113
2012-10-25 17:00:00,328.19113
2012-10-25 18:00:00,145.81886
2012-10-25 19:00:00,145.94058
2012-10-25 20:00:00,148.45775
2012-10-25 21:00:00,148.45775
2012-10-25 22:00:00,167.20302
2012-10-25 23:00:00,184.5313
2012-10-26 00:00:00,272.57654
2012-10-26 01:00:00,131.16026
2012-10-26 02:00:00,136.92609
2012-10-26 03:00:00,159.21126
2012-10-26 04:00:00,159.21126
2012-10-26 05:00:00,136.92609
2012-10-26 06:00:00,131.16026
2012-10-26 07:00:00,136.92609
2012-10-26 08:00:00,148.91684
2012-10-26 09:00:00,148.91684
2012-10-26 10:00:00,137.38518
2012-10-26 11:00:00,258.37537
2012-10-26 12:00:00,289.84177
2012-10-26 13:00:00,319.7171
2012-10-26 14:00:00,334.70428
2012-10-26 15:00:00,331.7635
2012-10-26 16:00:00,291.68103
2012-10-26 17:00:00,264.72302
2012-10-26 18:00:00,250.57999
2012-10-26 19:00:00,196.21785
2012-10-26 20:00:00,196.21785
2012-10-26 21:00:00,256.25882
2012-10-26 22:00:00,180.6637
2012-10-26 23:00:00,135.16496
2012-10-27 00:00:00,94.18171
2012-10-27 01:00:00,119.95937
2012-10-27 02:00:00,139.12862
2012-10-27 03:00:00,96.27198
2012-10-27 04:00:00,129.58173
2012-10-27 05:00:00,170.78812
2012-10-27 06:00:00,170.78812
2012-10-27 07:00:00,115.50604
2012-10-27 08:00:00,149.72018
2012-10-27 09:00:00,149.72018
2012-10-27 10:00:00,172.49316
2012-10-27 11:00:00,249.55208
2012-10-27 12:00:00,356.7915
2012-10-27 13:00:00,463.5408
2012-10-27 14:00:00,426.4252
2012-10-27 15:00:00,274.22095
2012-10-27 16:00:00,263.07034
2012-10-27 17:00:00,263.07034
2012-10-27 18:00:00,263.07034
2012-10-27 19:00:00,228.26956
2012-10-27 20:00:00,228.26956
2012-10-27 21:00:00,228.26956
2012-10-27 22:00:00,217.80899
2012-10-27 23:00:00,221.52583
2012-10-28 00:00:00,204.50047
2012-10-28 01:00:00,200.53065
2012-10-28 02:00:00,219.81201
2012-10-28 03:00:00,242.5716
2012-10-28 04:00:00,242.88736
2012-10-28 05:00:00,244.81477
2012-10-28 06:00:00,265.4275
2012-10-28 07:00:00,263.677
2012-10-28 08:00:00,267.13647
2012-10-28 09:00:00,291.41046
2012-10-28 10:00:00,306.67966
2012-10-28 11:00:00,316.45123
2012-10-28 12:00:00,263.24127
2012-10-28 13:00:00,262.97406
2012-10-28 14:00:00,272.8167
2012-10-28 15:00:00,255.21791
2012-10-28 16:00:00,197.80986
2012-10-28 17:00:00,148.7118
2012-10-28 18:00:00,66.79544
2012-10-28 19:00:00,75.712814
2012-10-28 20:00:00,64.71563
2012-10-28 21:00:00,90.75357
2012-10-28 22:00:00,104.737465
2012-10-28 23:00:00,75.712814
2012-10-29 00:00:00,116.97648
2012-10-30 13:00:00,93.81403
2012-10-30 14:00:00,93.81403
2012-10-30 15:00:00,112.03377
2012-10-30 16:00:00,112.03377
2012-10-30 17:00:00,124.6813
2012-10-30 18:00:00,142.74153
2012-10-30 19:00:00,271.26553
2012-10-30 20:00:00,169.06943
2012-10-30 21:00:00,138.42842
2012-10-30 22:00:00,101.346054
2012-10-30 23:00:00,101.346054
2012-10-31 00:00:00,153.1551
2012-10-31 01:00:00,151.84627
2012-10-31 02:00:00,155.32506
2012-10-31 03:00:00,153.1551
2012-10-31 04:00:00,166.90233
2012-10-31 05:00:00,155.32506
2012-10-31 06:00:00,103.88132
2012-10-31 07:00:00,151.96155
2012-10-31 08:00:00,108.68204
2012-10-31 09:00:00,117.57522
2012-10-31 10:00:00,160.03801
2012-10-31 11:00:00,182.88461
2012-10-31 12:00:00,259.65518
2012-10-31 13:00:00,259.23486
2012-10-31 14:00:00,261.91748
2012-10-31 15:00:00,259.05966
2012-10-31 16:00:00,262.19736
2012-10-31 17:00:00,248.79953
2012-10-31 18:00:00,248.79953
2012-10-31 19:00:00,254.05188
2012-10-31 20:00:00,254.05188
2012-10-31 21:00:00,254.05188
2012-10-31 22:00:00,251.26808
2012-10-31 23:00:00,288.08243
2012-11-20 00:00:00,133.06976
2012-11-20 01:00:00,157.51439
2012-11-20 02:00:00,159.124
2012-11-20 03:00:00,169.64357
2012-11-20 04:00:00,178.46436
2012-11-20 05:00:00,181.6352
2012-11-20 06:00:00,170.40605
2012-11-20 07:00:00,105.03539
2012-11-20 08:00:00,131.31055
2012-11-20 09:00:00,232.37851
2012-11-20 10:00:00,244.19113
2012-11-20 11:00:00,251.1472
2012-11-20 12:00:00,257.4095
2012-11-20 13:00:00,283.26144
2012-11-20 14:00:00,258.03134
2012-11-20 15:00:00,269.64215
2012-11-20 16:00:00,244.60811
2012-11-20 17:00:00,191.0731
2012-11-20 18:00:00,244.19113
2012-11-20 19:00:00,279.83218
2012-11-20 20:00:00,179.57402
2012-11-20 21:00:00,222.31747
2012-11-20 22:00:00,222.31747
2012-11-20 23:00:00,111.58944
2012-11-21 00:00:00,113.95448
2012-11-21 01:00:00,111.58944
2012-11-21 02:00:00,122.45693
2012-11-21 03:00:00,122.45693
2012-11-21 04:00:00,122.45693
2012-11-21 05:00:00,122.45693
2012-11-21 06:00:00,118.404
2012-11-21 07:00:00,122.261566
2012-11-21 08:00:00,146.81587
2012-11-21 09:00:00,105.03542
2012-11-21 10:00:00,322.52258
2012-11-21 11:00:00,251.3693
2012-11-21 12:00:00,272.99957
2012-11-21 13:00:00,306.4523
2012-11-21 14:00:00,316.59735
2012-11-21 15:00:00,282.9339
2012-11-21 16:00:00,283.46777
2012-11-21 17:00:00,271.8147
2012-11-21 18:00:00,286.78085
2012-11-21 19:00:00,251.50296
2012-11-21 20:00:00,230.9264
2012-11-21 21:00:00,300.5157
2012-11-21 22:00:00,282.59055
2012-11-21 23:00:00,226.57672
2012-11-22 00:00:00,82.91056
2012-11-22 01:00:00,27.891338
2012-11-22 02:00:00,22.132097
2012-11-22 03:00:00,18.684837
2012-11-22 04:00:00,16.79087
2012-11-22 05:00:00,18.684837
2012-11-22 06:00:00,20.802805
2012-11-22 07:00:00,19.537039
2012-11-22 08:00:00,18.397268
2012-11-22 09:00:00,108.645584
2012-11-22 10:00:00,281.5975
2012-11-22 11:00:00,365.35492
2012-11-22 12:00:00,273.8385
2012-11-22 13:00:00,257.20303
2012-11-22 14:00:00,288.23483
2012-11-22 15:00:00,288.23483
2012-11-22 16:00:00,263.21353
2012-11-22 17:00:00,273.8385
2012-11-22 18:00:00,342.0131
2012-11-22 19:00:00,104.91142
2012-11-22 20:00:00,106.95313
2012-11-22 21:00:00,216.52602
2012-11-22 22:00:00,149.76184
2012-11-22 23:00:00,92.73469
2012-11-23 00:00:00,86.3533
2012-11-23 01:00:00,104.578064
2012-11-23 02:00:00,97.175186
2012-11-23 03:00:00,57.77509
2012-11-23 04:00:00,99.855286
2012-11-23 05:00:00,72.159836
2012-11-23 06:00:00,72.159836
2012-11-23 07:00:00,72.159836
2012-11-23 08:00:00,127.63499
2012-11-23 09:00:00,102.536026
2012-11-23 10:00:00,202.00337
2012-11-23 11:00:00,251.3693
2012-11-23 12:00:00,300.89825
2012-11-23 13:00:00,323.60425
2012-11-23 14:00:00,340.82602
2012-11-23 15:00:00,299.87476
2012-11-23 16:00:00,270.48776
2012-11-23 17:00:00,265.18524
2012-11-23 18:00:00,318.46582
2012-11-23 19:00:00,265.2696
2012-11-23 20:00:00,291.1825
2012-11-23 21:00:00,269.69833
2012-11-23 22:00:00,375.53088
2012-11-23 23:00:00,332.95987
2012-11-24 00:00:00,328.2407
2012-11-24 01:00:00,299.30093
2012-11-24 02:00:00,293.45065
2012-11-24 03:00:00,259.72925
2012-11-24 04:00:00,244.24046
2012-11-24 05:00:00,164.21269
2012-11-24 06:00:00,114.11691
2012-11-24 07:00:00,149.75835
2012-11-24 08:00:00,134.23787
2012-11-24 09:00:00,166.00221
2012-11-24 10:00:00,114.247665
2012-11-24 11:00:00,154.84802
2012-11-24 12:00:00,320.60675
2012-11-24 13:00:00,320.11218
2012-11-24 14:00:00,274.1677
2012-11-24 15:00:00,289.1759
2012-11-24 16:00:00,289.35663
2012-11-24 17:00:00,212.24881
2012-11-24 18:00:00,265.38766
2012-11-24 19:00:00,143.24055
2012-11-24 20:00:00,114.116905
2012-11-24 21:00:00,125.44073
2012-11-24 22:00:00,122.17226
2012-11-24 23:00:00,125.44073
2012-11-25 00:00:00,88.34531
2012-11-25 01:00:00,116.91029
2012-11-25 02:00:00,96.319595
2012-11-25 03:00:00,237.39182
2012-11-25 04:00:00,237.39182
2012-11-25 05:00:00,99.428566
2012-11-25 06:00:00,115.57683
2012-11-25 07:00:00,80.93305
2012-11-25 08:00:00,76.80406
2012-11-25 09:00:00,106.37233
2012-11-25 10:00:00,94.10983
2012-11-25 11:00:00,154.14116
2012-11-25 12:00:00,154.14116
2012-11-25 13:00:00,149.2716
2012-11-25 14:00:00,158.28775
2012-11-25 15:00:00,229.54517
2012-11-25 16:00:00,266.59814
2012-11-25 17:00:00,181.0493
2012-11-25 18:00:00,161.19316
2012-11-25 19:00:00,312.02515
2012-11-25 20:00:00,98.0215
2012-11-25 21:00:00,237.67072
2012-11-25 22:00:00,98.0215
2012-11-25 23:00:00,37.59218
2012-11-26 00:00:00,28.652218
2012-11-26 01:00:00,31.59519
2012-11-26 02:00:00,31.59519
2012-11-26 03:00:00,31.59519
2012-11-26 04:00:00,28.652218
2012-11-26 05:00:00,132.39774
2012-11-26 06:00:00,28.652218
2012-11-26 07:00:00,57.77219
2012-11-26 08:00:00,57.77219
2012-11-26 09:00:00,206.37166
2012-11-26 10:00:00,257.2659
2012-11-26 11:00:00,316.52948
2012-11-26 12:00:00,283.2306
2012-11-26 13:00:00,283.2306
2012-11-26 14:00:00,307.45444
2012-11-26 15:00:00,281.89328
2012-11-26 16:00:00,278.82516
2012-11-26 17:00:00,294.35605
2012-11-26 18:00:00,244.44572
2012-11-26 19:00:00,274.9367
2012-11-26 20:00:00,282.59055
2012-11-26 21:00:00,282.59055
2012-11-26 22:00:00,226.57666
2012-11-26 23:00:00,172.60138
2012-11-27 00:00:00,173.10016
2012-11-27 01:00:00,168.09901
2012-11-27 02:00:00,168.74684
2012-11-27 03:00:00,176.60698
2012-11-27 04:00:00,160.95374
2012-11-27 05:00:00,179.29262
2012-11-27 06:00:00,166.91087
2012-11-27 07:00:00,154.10815
2012-11-27 08:00:00,159.16838
2012-11-27 09:00:00,165.52731
2012-11-27 10:00:00,158.46494
2012-11-27 11:00:00,98.58076
2012-11-27 12:00:00,73.82457
2012-11-27 13:00:00,109.02803
2012-11-27 14:00:00,78.766945
2012-11-27 15:00:00,167.75563
2012-11-27 16:00:00,167.75563
2012-11-27 17:00:00,128.87341
2012-11-27 18:00:00,139.38118
2012-11-27 19:00:00,194.6183
2012-11-27 20:00:00,177.16057
2012-11-27 21:00:00,155.3926
2012-11-27 22:00:00,127.124214
2012-11-27 23:00:00,157.35129
2012-11-28 00:00:00,176.80049
2012-11-28 01:00:00,188.54326
2012-11-28 02:00:00,188.54326
2012-11-28 03:00:00,177.63292
2012-11-28 04:00:00,168.95952
2012-11-28 05:00:00,152.89713
2012-11-28 06:00:00,179.5415
2012-11-28 07:00:00,160.75906
2012-11-28 08:00:00,187.69684
2012-11-28 09:00:00,235.05083
2012-11-28 10:00:00,252.83157
2012-11-28 11:00:00,243.34334
2012-11-28 12:00:00,278.22272
2012-11-28 13:00:00,251.49625
2012-11-28 14:00:00,284.25107
2012-11-28 15:00:00,321.80215
2012-11-28 16:00:00,316.37387
2012-11-28 17:00:00,272.6581
2012-11-28 18:00:00,310.29053
2012-11-28 19:00:00,261.45944
2012-11-28 20:00:00,269.35675
2012-11-28 21:00:00,249.84221
2012-11-28 22:00:00,226.71677
2012-11-28 23:00:00,198.50526
2012-11-29 00:00:00,104.98391
2012-11-29 01:00:00,75.66418
2012-11-29 02:00:00,30.87896
2012-11-29 04:00:00,109.52612
2012-11-29 05:00:00,31.59519
2012-11-29 06:00:00,28.652218
2012-11-29 07:00:00,31.825893
2012-11-29 08:00:00,92.673004
2012-11-29 09:00:00,66.80135
2012-11-29 10:00:00,127.150314
2012-11-29 11:00:00,265.242
2012-11-29 12:00:00,256.90323
2012-11-29 13:00:00,281.37766
2012-11-29 14:00:00,257.22464
2012-11-29 15:00:00,275.2499
2012-11-29 16:00:00,261.04596
2012-11-29 17:00:00,257.41312
2012-11-29 18:00:00,242.79541
2012-11-29 19:00:00,254.20049
2012-11-29 20:00:00,246.44156
2012-11-29 21:00:00,134.82146
2012-11-29 22:00:00,107.11603
2012-11-29 23:00:00,105.99233
2012-11-30 00:00:00,125.78042
2012-11-30 01:00:00,93.82023
2012-11-30 02:00:00,59.77322
2012-11-30 03:00:00,59.77322
2012-11-30 04:00:00,50.549217
2012-11-30 05:00:00,63.981358
2012-11-30 06:00:00,79.27136
2012-11-30 07:00:00,65.439095
2012-11-30 08:00:00,137.24693
2012-11-30 09:00:00,95.90331
2012-11-30 10:00:00,183.2554
2012-11-30 11:00:00,234.30844
2012-11-30 12:00:00,328.63705
2012-11-30 13:00:00,254.19746
2012-11-30 14:00:00,263.88028
2012-11-30 15:00:00,260.01138
2012-11-30 16:00:00,270.15543
2012-11-30 17:00:00,250.72691
2012-11-30 18:00:00,238.95148
2012-11-30 19:00:00,160.49712
2012-11-30 20:00:00,160.49712
2012-11-30 21:00:00,103.260056
2012-11-30 22:00:00,92.7868
2012-11-30 23:00:00,153.42805
2012-12-20 00:00:00,194.14941
2012-12-20 01:00:00,160.49712
2012-12-20 02:00:00,160.49712
2012-12-20 03:00:00,158.32188
2012-12-20 04:00:00,158.32188
2012-12-20 05:00:00,159.66597
2012-12-20 06:00:00,183.2554
2012-12-20 07:00:00,135.02412
2012-12-20 08:00:00,135.02412
2012-12-20 09:00:00,135.02412
2012-12-20 10:00:00,194.9009
2012-12-20 11:00:00,233.60614
2012-12-20 12:00:00,242.29034
2012-12-20 13:00:00,250.05325
2012-12-20 14:00:00,248.10239
2012-12-20 15:00:00,245.18108
2012-12-20 16:00:00,218.93515
2012-12-20 17:00:00,178.46436
2012-12-20 18:00:00,171.21107
2012-12-20 19:00:00,172.25024
2012-12-20 20:00:00,177.52896
2012-12-20 21:00:00,177.52896
2012-12-20 22:00:00,146.55827
2012-12-20 23:00:00,133.85829
2012-12-21 00:00:00,104.31611
2012-12-21 01:00:00,93.1574
2012-12-21 02:00:00,93.37444
2012-12-21 03:00:00,93.37444
2012-12-21 04:00:00,73.2911
2012-12-21 05:00:00,69.31231
2012-12-21 06:00:00,180.33736
2012-12-21 07:00:00,109.105064
2012-12-21 08:00:00,97.32322
2012-12-21 09:00:00,216.88518
2012-12-21 10:00:00,176.99585
2012-12-21 11:00:00,250.84389
2012-12-21 12:00:00,203.80977
2012-12-21 13:00:00,247.89891
2012-12-21 14:00:00,254.49239
2012-12-21 15:00:00,239.6366
2012-12-21 16:00:00,196.956
2012-12-21 17:00:00,61.228664
2012-12-21 18:00:00,64.38976
2012-12-21 19:00:00,141.34511
2012-12-21 20:00:00,130.39072
2012-12-21 21:00:00,129.87183
2012-12-21 22:00:00,133.55669
2012-12-21 23:00:00,135.9056
2012-12-22 00:00:00,115.10612
2012-12-22 01:00:00,95.68319
2012-12-22 02:00:00,104.85052
2012-12-22 03:00:00,80.55915
2012-12-22 04:00:00,91.38666
2012-12-22 05:00:00,74.68576
2012-12-22 06:00:00,101.21683
2012-12-22 07:00:00,101.21683
2012-12-22 08:00:00,117.15195
2012-12-22 09:00:00,67.63153
2012-12-22 10:00:00,61.53948
2012-12-22 11:00:00,120.67964
2012-12-22 12:00:00,142.09776
2012-12-22 13:00:00,129.65157
2012-12-22 14:00:00,128.66953
2012-12-22 15:00:00,99.9348
2012-12-22 16:00:00,121.55459
2012-12-22 17:00:00,120.17244
2012-12-22 18:00:00,95.991394
2012-12-22 19:00:00,61.14271
2012-12-22 20:00:00,88.44005
2012-12-22 21:00:00,52.10396
2012-12-22 22:00:00,52.10396
2012-12-22 23:00:00,59.60851
2012-12-23 00:00:00,54.26084
2012-12-23 01:00:00,65.50209
2012-12-23 02:00:00,56.136696
2012-12-23 03:00:00,57.116676
2012-12-23 04:00:00,71.67298
2012-12-23 05:00:00,67.36998
2012-12-23 06:00:00,38.98573
2012-12-23 07:00:00,38.98573
2012-12-23 08:00:00,39.32675
2012-12-23 09:00:00,48.74275
2012-12-23 10:00:00,40.338184
2012-12-23 11:00:00,62.19396
2012-12-23 12:00:00,117.76824
2012-12-23 13:00:00,140.41124
2012-12-23 14:00:00,155.1775
2012-12-23 15:00:00,171.70154
2012-12-23 16:00:00,180.03645
2012-12-23 17:00:00,117.84296
2012-12-23 18:00:00,112.29316
2012-12-23 19:00:00,89.771164
2012-12-23 20:00:00,60.780968
2012-12-23 21:00:00,39.677124
2012-12-23 22:00:00,68.402916
2012-12-23 23:00:00,71.417465
2012-12-24 00:00:00,102.33485
2012-12-24 01:00:00,102.33488
2012-12-24 02:00:00,90.63013
2012-12-24 03:00:00,90.63013
2012-12-24 05:00:00,73.617424
2012-12-24 06:00:00,90.63013
2012-12-24 07:00:00,95.16446
2012-12-24 08:00:00,102.33488
2012-12-24 09:00:00,90.88401
2012-12-24 10:00:00,115.13502
2012-12-24 11:00:00,92.84877
2012-12-24 12:00:00,102.07265
2012-12-24 13:00:00,49.60654
2012-12-24 14:00:00,51.362232
2012-12-24 15:00:00,43.88981
2012-12-24 16:00:00,43.88981
2012-12-24 17:00:00,49.030666
2012-12-24 18:00:00,53.117924
2012-12-24 19:00:00,66.69828
2012-12-24 20:00:00,50.202038
2012-12-24 21:00:00,54.159832
2012-12-24 22:00:00,103.22084
2012-12-24 23:00:00,99.19188
2012-12-25 00:00:00,33.452427
2012-12-25 01:00:00,45.454834
2012-12-25 02:00:00,45.454834
2012-12-25 04:00:00,34.822887
2012-12-25 05:00:00,42.819214
2012-12-25 06:00:00,42.819214
2012-12-25 07:00:00,42.637566
2012-12-25 08:00:00,43.31174
2012-12-25 09:00:00,46.252098
2012-12-25 10:00:00,36.59553
2012-12-25 11:00:00,57.1928
2012-12-25 12:00:00,63.665062
2012-12-25 13:00:00,152.04752
2012-12-25 14:00:00,150.55827
2012-12-25 15:00:00,137.50824
2012-12-25 16:00:00,125.401665
2012-12-25 17:00:00,78.884026
2012-12-25 18:00:00,66.99013
2012-12-25 19:00:00,69.17959
2012-12-25 20:00:00,64.793335
2012-12-25 21:00:00,66.37149
2012-12-25 22:00:00,66.42088
2012-12-25 23:00:00,63.434513
2012-12-26 00:00:00,77.93755
2012-12-26 01:00:00,61.217144
2012-12-26 02:00:00,61.217144
2012-12-26 03:00:00,50.3147
2012-12-26 04:00:00,67.760284
2012-12-26 05:00:00,54.429306
2012-12-26 06:00:00,58.83125
2012-12-26 07:00:00,43.74136
2012-12-26 08:00:00,43.74136
2012-12-26 09:00:00,43.74136
2012-12-26 10:00:00,44.61252
2012-12-26 11:00:00,35.98927
2012-12-26 12:00:00,45.287537
2012-12-26 13:00:00,45.287537
2012-12-26 14:00:00,43.260273
2012-12-26 15:00:00,47.02469
2012-12-26 16:00:00,47.02469
2012-12-26 17:00:00,47.97894
2012-12-26 18:00:00,45.98995
2012-12-26 19:00:00,51.317993
2012-12-26 20:00:00,55.461586
2012-12-26 21:00:00,67.50646
2012-12-26 22:00:00,43.029457
2012-12-26 23:00:00,46.93863
2012-12-27 00:00:00,46.93863
2012-12-27 01:00:00,43.029457
2012-12-27 02:00:00,45.868103
2012-12-27 03:00:00,63.85876
2012-12-27 04:00:00,55.598366
2012-12-27 05:00:00,81.35982
2012-12-27 06:00:00,60.479733
2012-12-27 07:00:00,81.61874
2012-12-27 08:00:00,77.77721
2012-12-27 09:00:00,66.58049
2012-12-27 10:00:00,79.569214
2012-12-27 11:00:00,115.09227
2012-12-27 12:00:00,139.80905
2012-12-27 13:00:00,139.80905
2012-12-27 14:00:00,96.721375
2012-12-27 15:00:00,68.417625
2012-12-27 16:00:00,85.80873
2012-12-27 17:00:00,85.80873
2012-12-27 18:00:00,64.74741
2012-12-27 19:00:00,84.57888
2012-12-27 20:00:00,109.66949
2012-12-27 21:00:00,64.74741
2012-12-27 22:00:00,59.311344
2012-12-27 23:00:00,64.74741
2012-12-28 00:00:00,87.245766
2012-12-28 01:00:00,104.973526
2012-12-28 02:00:00,95.85754
2012-12-28 03:00:00,87.245766
2012-12-28 04:00:00,89.83007
2012-12-28 05:00:00,90.75941
2012-12-28 06:00:00,76.73111
2012-12-28 07:00:00,98.89212
2012-12-28 08:00:00,88.46838
2012-12-28 09:00:00,59.311344
2012-12-28 10:00:00,76.274895
2012-12-28 11:00:00,88.67107
2012-12-28 12:00:00,111.1185
2012-12-28 13:00:00,111.1185
2012-12-28 14:00:00,111.1185
2012-12-28 15:00:00,100.162155
2012-12-28 16:00:00,118.92185
2012-12-28 17:00:00,100.75629
2012-12-28 18:00:00,100.75629
2012-12-28 19:00:00,69.35101
2012-12-28 20:00:00,90.88401
2012-12-28 21:00:00,68.699326
2012-12-28 22:00:00,100.838844
2012-12-28 23:00:00,95.49583
2012-12-29 00:00:00,55.087204
2012-12-29 01:00:00,30.59119
2012-12-29 02:00:00,55.087204
2012-12-29 03:00:00,36.373486
2012-12-29 04:00:00,30.59119
2012-12-29 05:00:00,30.59119
2012-12-29 06:00:00,45.67378
2012-12-29 07:00:00,42.541866
2012-12-29 08:00:00,34.738113
2012-12-29 09:00:00,34.73811
2012-12-29 10:00:00,37.86378
2012-12-29 11:00:00,35.85338
2012-12-29 12:00:00,32.801342
2012-12-29 13:00:00,32.801342
2012-12-29 14:00:00,30.949677
2012-12-29 15:00:00,40.61018
2012-12-29 16:00:00,35.765354
2012-12-29 17:00:00,32.126255
2012-12-29 18:00:00,42.734295
2012-12-29 19:00:00,50.710594
2012-12-29 20:00:00,160.0017
2012-12-29 21:00:00,127.733284
2012-12-29 22:00:00,83.35457
2012-12-29 23:00:00,67.56582
2012-12-30 00:00:00,52.98235
2012-12-30 01:00:00,81.46854
2012-12-30 02:00:00,52.982723
2012-12-30 03:00:00,81.46854
2012-12-30 04:00:00,50.395805
2012-12-30 05:00:00,62.459976
2012-12-30 06:00:00,87.3896
2012-12-30 07:00:00,56.340633
2012-12-30 08:00:00,81.32835
2012-12-30 09:00:00,62.714405
2012-12-30 10:00:00,125.43075
2012-12-30 11:00:00,102.773285
2012-12-30 12:00:00,138.29933
2012-12-30 13:00:00,142.09776
2012-12-30 14:00:00,119.043755
2012-12-30 15:00:00,121.471214
2012-12-30 16:00:00,115.45679
2012-12-30 17:00:00,102.88057
2012-12-30 18:00:00,82.04692
2012-12-30 19:00:00,83.94246
2012-12-30 20:00:00,56.831093
2012-12-30 21:00:00,56.136696
2012-12-30 22:00:00,46.536755
2012-12-30 23:00:00,48.607212
2012-12-31 00:00:00,88.531
2012-12-31 01:00:00,88.531
2012-12-31 02:00:00,76.24048
2012-12-31 03:00:00,83.82871
2012-12-31 04:00:00,75.96554
2012-12-31 05:00:00,71.779015
2012-12-31 06:00:00,74.17234
2012-12-31 07:00:00,78.06025
2012-12-31 08:00:00,71.7683
2012-12-31 09:00:00,67.257454
2012-12-31 10:00:00,60.916958
2012-12-31 11:00:00,71.72465
2012-12-31 12:00:00,80.069435
2012-12-31 13:00:00,90.92077
2012-12-31 14:00:00,117.33315
2012-12-31 15:00:00,106.74422
2012-12-31 16:00:00,86.465126
2012-12-31 17:00:00,101.231735
2012-12-31 18:00:00,95.87952
2012-12-31 19:00:00,92.84877
2012-12-31 20:00:00,92.84877
2012-12-31 21:00:00,95.29735
2012-12-31 22:00:00,101.586876
2012-12-31 23:00:00,91.138695
