datetime,count
2011-01-20 00:00:00,89.954796
2011-01-20 01:00:00,78.153564
2011-01-20 02:00:00,78.153564
2011-01-20 03:00:00,81.82785
2011-01-20 04:00:00,81.82785
2011-01-20 05:00:00,86.04721
2011-01-20 06:00:00,83.73386
2011-01-20 07:00:00,76.951324
2011-01-20 08:00:00,73.938705
2011-01-20 09:00:00,93.93318
2011-01-20 10:00:00,86.06733
2011-01-20 11:00:00,94.494286
2011-01-20 12:00:00,42.29271
2011-01-20 13:00:00,90.97926
2011-01-20 14:00:00,98.76469
2011-01-20 15:00:00,113.7153
2011-01-20 16:00:00,103.558
2011-01-20 17:00:00,101.60124
2011-01-20 18:00:00,100.94844
2011-01-20 19:00:00,86.748146
2011-01-20 20:00:00,125.106575
2011-01-20 21:00:00,105.28952
2011-01-20 22:00:00,114.17905
2011-01-20 23:00:00,113.56837
2011-01-21 00:00:00,93.63509
2011-01-21 01:00:00,93.63509
2011-01-21 02:00:00,87.570526
2011-01-21 03:00:00,50.439346
2011-01-21 04:00:00,52.76233
2011-01-21 05:00:00,89.433975
2011-01-21 06:00:00,74.31495
2011-01-21 07:00:00,69.690674
2011-01-21 08:00:00,71.82793
2011-01-21 09:00:00,68.32823
2011-01-21 10:00:00,74.039085
2011-01-21 11:00:00,84.921875
2011-01-21 12:00:00,126.70845
2011-01-21 13:00:00,131.5458
2011-01-21 14:00:00,115.69119
2011-01-21 15:00:00,90.3069
2011-01-21 16:00:00,83.555984
2011-01-21 17:00:00,75.087845
2011-01-21 18:00:00,66.532196
2011-01-21 19:00:00,66.8579
2011-01-21 20:00:00,64.961235
2011-01-21 21:00:00,53.66842
2011-01-21 22:00:00,51.562378
2011-01-21 23:00:00,51.250095
2011-01-22 00:00:00,32.152863
2011-01-22 01:00:00,45.330112
2011-01-22 02:00:00,40.454044
2011-01-22 03:00:00,47.09312
2011-01-22 04:00:00,35.276062
2011-01-22 06:00:00,29.484947
2011-01-22 07:00:00,32.351097
2011-01-22 08:00:00,34.077682
2011-01-22 09:00:00,36.60704
2011-01-22 10:00:00,25.027203
2011-01-22 11:00:00,24.1903
2011-01-22 12:00:00,20.850285
2011-01-22 13:00:00,24.923546
2011-01-22 14:00:00,30.98473
2011-01-22 15:00:00,32.390827
2011-01-22 16:00:00,49.888374
2011-01-22 17:00:00,33.052307
2011-01-22 18:00:00,37.960106
2011-01-22 19:00:00,30.889147
2011-01-22 20:00:00,28.921103
2011-01-22 21:00:00,23.8728
2011-01-22 22:00:00,16.787407
2011-01-22 23:00:00,19.873968
2011-01-23 00:00:00,19.873968
2011-01-23 01:00:00,19.873968
2011-01-23 02:00:00,20.33811
2011-01-23 03:00:00,20.33811
2011-01-23 05:00:00,14.146156
2011-01-23 06:00:00,14.146156
2011-01-23 07:00:00,25.571545
2011-01-23 08:00:00,21.657684
2011-01-23 09:00:00,32.77764
2011-01-23 10:00:00,45.32012
2011-01-23 11:00:00,44.53602
2011-01-23 12:00:00,73.748604
2011-01-23 13:00:00,69.29032
2011-01-23 14:00:00,81.79892
2011-01-23 15:00:00,81.79892
2011-01-23 16:00:00,85.385925
2011-01-23 17:00:00,84.25262
2011-01-23 18:00:00,60.781982
2011-01-23 19:00:00,65.64095
2011-01-23 20:00:00,49.153347
2011-01-23 21:00:00,39.410744
2011-01-23 22:00:00,35.92764
2011-01-23 23:00:00,38.272945
2011-01-24 00:00:00,54.643925
2011-01-24 01:00:00,49.745422
2011-01-24 03:00:00,46.03331
2011-01-24 04:00:00,50.738354
2011-01-24 05:00:00,50.738354
2011-01-24 06:00:00,57.52614
2011-01-24 07:00:00,64.58916
2011-01-24 08:00:00,65.04827
2011-01-24 09:00:00,64.684654
2011-01-24 10:00:00,73.780876
2011-01-24 11:00:00,67.77608
2011-01-24 12:00:00,68.709595
2011-01-24 13:00:00,69.11303
2011-01-24 14:00:00,70.961
2011-01-24 15:00:00,79.46802
2011-01-24 16:00:00,63.78391
2011-01-24 17:00:00,58.64987
2011-01-24 18:00:00,61.39818
2011-01-24 19:00:00,68.37552
2011-01-24 20:00:00,61.39818
2011-01-24 21:00:00,68.34605
2011-01-24 22:00:00,69.54304
2011-01-24 23:00:00,76.2345
2011-01-25 00:00:00,75.50276
2011-01-25 01:00:00,68.74366
2011-01-25 02:00:00,73.243744
2011-01-25 04:00:00,67.22912
2011-01-25 05:00:00,64.81234
2011-01-25 06:00:00,70.17736
2011-01-25 07:00:00,67.515366
2011-01-25 08:00:00,65.993385
2011-01-25 09:00:00,72.40735
2011-01-25 10:00:00,80.57997
2011-01-25 11:00:00,90.999
2011-01-25 12:00:00,92.766815
2011-01-25 13:00:00,94.81904
2011-01-25 14:00:00,47.095684
2011-01-25 15:00:00,46.241318
2011-01-25 16:00:00,46.241318
2011-01-25 17:00:00,100.05723
2011-01-25 18:00:00,100.92508
2011-01-25 19:00:00,103.04529
2011-01-25 20:00:00,84.124725
2011-01-25 21:00:00,84.124725
2011-01-25 22:00:00,79.13991
2011-01-25 23:00:00,83.775055
2011-01-26 00:00:00,80.823395
2011-01-26 01:00:00,91.82745
2011-01-26 02:00:00,97.47783
2011-01-26 05:00:00,42.617542
2011-01-26 06:00:00,42.617542
2011-01-26 07:00:00,38.942387
2011-01-26 08:00:00,38.942387
2011-01-26 09:00:00,38.942387
2011-01-26 10:00:00,28.977848
2011-01-26 11:00:00,28.183048
2011-01-26 12:00:00,28.183048
2011-01-26 13:00:00,28.183048
2011-01-26 14:00:00,27.546204
2011-01-26 15:00:00,28.532219
2011-01-26 16:00:00,27.42644
2011-01-26 17:00:00,27.085663
2011-01-27 16:00:00,80.28941
2011-01-27 17:00:00,75.69115
2011-01-27 18:00:00,72.81518
2011-01-27 19:00:00,72.81518
2011-01-27 20:00:00,72.1638
2011-01-27 21:00:00,72.1638
2011-01-27 22:00:00,72.1638
2011-01-27 23:00:00,67.75522
2011-01-28 00:00:00,73.09485
2011-01-28 01:00:00,73.09485
2011-01-28 02:00:00,71.92415
2011-01-28 03:00:00,73.53107
2011-01-28 05:00:00,64.93122
2011-01-28 06:00:00,63.08712
2011-01-28 07:00:00,53.641518
2011-01-28 08:00:00,53.641518
2011-01-28 09:00:00,56.517403
2011-01-28 10:00:00,54.74282
2011-01-28 11:00:00,44.648956
2011-01-28 12:00:00,44.648956
2011-01-28 13:00:00,44.648956
2011-01-28 14:00:00,91.74368
2011-01-28 15:00:00,63.215164
2011-01-28 16:00:00,80.74908
2011-01-28 17:00:00,81.79112
2011-01-28 18:00:00,77.30075
2011-01-28 19:00:00,77.42235
2011-01-28 20:00:00,94.41238
2011-01-28 21:00:00,74.69874
2011-01-28 22:00:00,90.94684
2011-01-28 23:00:00,86.04721
2011-01-29 00:00:00,36.333282
2011-01-29 01:00:00,39.29164
2011-01-29 02:00:00,39.990738
2011-01-29 03:00:00,37.89242
2011-01-29 04:00:00,27.949337
2011-01-29 06:00:00,30.311882
2011-01-29 07:00:00,27.627003
2011-01-29 08:00:00,37.978615
2011-01-29 09:00:00,28.811504
2011-01-29 10:00:00,24.5547
2011-01-29 11:00:00,31.825733
2011-01-29 12:00:00,56.06288
2011-01-29 13:00:00,47.43871
2011-01-29 14:00:00,39.700874
2011-01-29 15:00:00,33.429222
2011-01-29 16:00:00,50.004395
2011-01-29 17:00:00,38.03597
2011-01-29 18:00:00,36.688385
2011-01-29 19:00:00,65.213036
2011-01-29 20:00:00,28.448082
2011-01-29 21:00:00,28.448082
2011-01-29 22:00:00,21.88577
2011-01-29 23:00:00,21.88577
2011-01-30 00:00:00,20.81662
2011-01-30 01:00:00,16.931044
2011-01-30 02:00:00,18.44706
2011-01-30 03:00:00,21.089382
2011-01-30 04:00:00,21.089382
2011-01-30 05:00:00,19.404707
2011-01-30 07:00:00,19.404707
2011-01-30 08:00:00,15.616306
2011-01-30 09:00:00,15.283394
2011-01-30 10:00:00,17.19886
2011-01-30 11:00:00,25.830788
2011-01-30 12:00:00,77.1163
2011-01-30 13:00:00,56.747303
2011-01-30 14:00:00,55.961216
2011-01-30 15:00:00,60.869774
2011-01-30 16:00:00,60.869774
2011-01-30 17:00:00,78.94519
2011-01-30 18:00:00,50.254333
2011-01-30 19:00:00,49.775627
2011-01-30 20:00:00,54.835907
2011-01-30 21:00:00,70.27984
2011-01-30 22:00:00,69.94554
2011-01-30 23:00:00,71.87108
2011-01-31 00:00:00,101.35597
2011-01-31 01:00:00,83.619705
2011-01-31 02:00:00,81.08699
2011-01-31 03:00:00,81.08699
2011-01-31 04:00:00,76.964355
2011-01-31 05:00:00,70.520836
2011-01-31 06:00:00,62.53756
2011-01-31 07:00:00,80.79933
2011-01-31 08:00:00,82.87494
2011-01-31 09:00:00,84.134674
2011-01-31 10:00:00,72.335266
2011-01-31 11:00:00,72.335266
2011-01-31 12:00:00,72.39574
2011-01-31 13:00:00,58.807434
2011-01-31 14:00:00,74.04769
2011-01-31 15:00:00,69.52751
2011-01-31 16:00:00,71.77676
2011-01-31 17:00:00,72.335266
2011-01-31 18:00:00,75.02142
2011-01-31 19:00:00,86.27313
2011-01-31 20:00:00,94.77601
2011-01-31 21:00:00,80.17941
2011-01-31 22:00:00,68.79843
2011-01-31 23:00:00,66.194626
2011-02-20 00:00:00,103.05296
2011-02-20 01:00:00,88.42337
2011-02-20 02:00:00,90.11838
2011-02-20 03:00:00,82.89149
2011-02-20 04:00:00,82.89149
2011-02-20 06:00:00,51.7511
2011-02-20 07:00:00,41.28773
2011-02-20 08:00:00,34.814034
2011-02-20 09:00:00,58.21725
2011-02-20 10:00:00,48.361626
2011-02-20 11:00:00,54.844738
2011-02-20 12:00:00,95.84609
2011-02-20 13:00:00,116.87164
2011-02-20 14:00:00,145.0501
2011-02-20 15:00:00,141.4332
2011-02-20 16:00:00,141.08098
2011-02-20 17:00:00,132.47797
2011-02-20 18:00:00,63.574173
2011-02-20 19:00:00,63.574173
2011-02-20 20:00:00,54.405746
2011-02-20 21:00:00,45.591145
2011-02-20 22:00:00,113.93997
2011-02-20 23:00:00,102.29731
2011-02-21 00:00:00,116.61854
2011-02-21 01:00:00,116.61854
2011-02-21 02:00:00,116.61854
2011-02-21 03:00:00,113.95528
2011-02-21 04:00:00,74.202545
2011-02-21 05:00:00,92.305
2011-02-21 06:00:00,142.78886
2011-02-21 07:00:00,143.06615
2011-02-21 08:00:00,93.79196
2011-02-21 09:00:00,92.500496
2011-02-21 10:00:00,90.95827
2011-02-21 11:00:00,85.76144
2011-02-21 12:00:00,79.726204
2011-02-21 13:00:00,46.63525
2011-02-21 14:00:00,63.358746
2011-02-21 15:00:00,95.782425
2011-02-21 16:00:00,62.597656
2011-02-21 17:00:00,77.3655
2011-02-21 18:00:00,44.703938
2011-02-21 19:00:00,44.703938
2011-02-21 20:00:00,48.68422
2011-02-21 21:00:00,66.73259
2011-02-21 22:00:00,70.692795
2011-02-21 23:00:00,70.692795
2011-02-22 06:00:00,50.697063
2011-02-22 07:00:00,50.697063
2011-02-22 08:00:00,52.666206
2011-02-22 09:00:00,64.3627
2011-02-22 10:00:00,64.65739
2011-02-22 11:00:00,62.3171
2011-02-22 12:00:00,71.43742
2011-02-22 13:00:00,78.657166
2011-02-22 14:00:00,80.28941
2011-02-22 15:00:00,90.003006
2011-02-22 16:00:00,82.42094
2011-02-22 17:00:00,78.3208
2011-02-22 18:00:00,85.30465
2011-02-22 19:00:00,71.405556
2011-02-22 20:00:00,75.62583
2011-02-22 21:00:00,71.87714
2011-02-22 22:00:00,65.98182
2011-02-22 23:00:00,65.98182
2011-02-23 00:00:00,65.58722
2011-02-23 01:00:00,71.7178
2011-02-23 02:00:00,69.9962
2011-02-23 03:00:00,65.577446
2011-02-23 05:00:00,73.92778
2011-02-23 06:00:00,73.92778
2011-02-23 07:00:00,68.41647
2011-02-23 08:00:00,68.37552
2011-02-23 09:00:00,75.45237
2011-02-23 10:00:00,77.80733
2011-02-23 11:00:00,92.487625
2011-02-23 12:00:00,108.07803
2011-02-23 13:00:00,148.77724
2011-02-23 14:00:00,157.59288
2011-02-23 15:00:00,189.48059
2011-02-23 16:00:00,151.60413
2011-02-23 17:00:00,189.48059
2011-02-23 18:00:00,170.86406
2011-02-23 19:00:00,112.926796
2011-02-23 20:00:00,81.07713
2011-02-23 21:00:00,83.62837
2011-02-23 22:00:00,83.62837
2011-02-23 23:00:00,74.46476
2011-02-24 00:00:00,74.46476
2011-02-24 01:00:00,72.42059
2011-02-24 02:00:00,70.80986
2011-02-24 03:00:00,73.80812
2011-02-24 05:00:00,75.2889
2011-02-24 06:00:00,77.9887
2011-02-24 07:00:00,75.884735
2011-02-24 08:00:00,82.8731
2011-02-24 09:00:00,68.42622
2011-02-24 10:00:00,93.511765
2011-02-24 11:00:00,156.29839
2011-02-24 12:00:00,152.56459
2011-02-24 13:00:00,142.63733
2011-02-24 14:00:00,144.66594
2011-02-24 15:00:00,109.21972
2011-02-24 16:00:00,108.217155
2011-02-24 17:00:00,117.49202
2011-02-24 18:00:00,41.15974
2011-02-24 19:00:00,34.34105
2011-02-24 20:00:00,40.46488
2011-02-24 21:00:00,41.15974
2011-02-24 22:00:00,42.823185
2011-02-24 23:00:00,47.10955
2011-02-25 00:00:00,122.60988
2011-02-25 01:00:00,127.589905
2011-02-25 02:00:00,127.589905
2011-02-25 03:00:00,86.32123
2011-02-25 05:00:00,86.32123
2011-02-25 06:00:00,100.22957
2011-02-25 07:00:00,73.750626
2011-02-25 08:00:00,87.00716
2011-02-25 09:00:00,29.609444
2011-02-25 10:00:00,43.091522
2011-02-25 11:00:00,169.04562
2011-02-25 12:00:00,146.84514
2011-02-25 13:00:00,146.84514
2011-02-25 14:00:00,180.8106
2011-02-25 15:00:00,273.65985
2011-02-25 16:00:00,126.53868
2011-02-25 17:00:00,197.8983
2011-02-25 18:00:00,135.32808
2011-02-25 19:00:00,114.60048
2011-02-25 20:00:00,148.48776
2011-02-25 21:00:00,91.40225
2011-02-25 22:00:00,90.26191
2011-02-25 23:00:00,84.81589
2011-02-26 00:00:00,58.731377
2011-02-26 01:00:00,53.911766
2011-02-26 02:00:00,40.436836
2011-02-26 03:00:00,42.056984
2011-02-26 04:00:00,30.160553
2011-02-26 05:00:00,36.752075
2011-02-26 06:00:00,33.468742
2011-02-26 07:00:00,37.845802
2011-02-26 08:00:00,20.412218
2011-02-26 09:00:00,61.66076
2011-02-26 10:00:00,53.720856
2011-02-26 11:00:00,79.608116
2011-02-26 12:00:00,61.925407
2011-02-26 13:00:00,82.78363
2011-02-26 14:00:00,93.98332
2011-02-26 15:00:00,95.21282
2011-02-26 16:00:00,127.25871
2011-02-26 17:00:00,148.0702
2011-02-26 18:00:00,124.78836
2011-02-26 19:00:00,97.949486
2011-02-26 20:00:00,82.220764
2011-02-26 21:00:00,54.985672
2011-02-26 22:00:00,46.764202
2011-02-26 23:00:00,47.567318
2011-02-27 00:00:00,37.984524
2011-02-27 01:00:00,36.615257
2011-02-27 02:00:00,38.899155
2011-02-27 03:00:00,42.415546
2011-02-27 04:00:00,31.621666
2011-02-27 06:00:00,43.57057
2011-02-27 07:00:00,31.621666
2011-02-27 08:00:00,51.321335
2011-02-27 09:00:00,48.83764
2011-02-27 10:00:00,49.74829
2011-02-27 11:00:00,91.10142
2011-02-27 12:00:00,136.00926
2011-02-27 13:00:00,157.42494
2011-02-27 14:00:00,196.64316
2011-02-27 15:00:00,255.69356
2011-02-27 16:00:00,298.39313
2011-02-27 17:00:00,190.25935
2011-02-27 18:00:00,160.69592
2011-02-27 19:00:00,152.07684
2011-02-27 20:00:00,136.00926
2011-02-27 21:00:00,112.001236
2011-02-27 22:00:00,123.50763
2011-02-27 23:00:00,132.2942
2011-02-28 00:00:00,122.77759
2011-02-28 01:00:00,38.525696
2011-02-28 03:00:00,55.173176
2011-02-28 05:00:00,133.92412
2011-02-28 06:00:00,101.64537
2011-02-28 07:00:00,113.668396
2011-02-28 08:00:00,41.037655
2011-02-28 09:00:00,83.96955
2011-02-28 10:00:00,145.40195
2011-02-28 11:00:00,187.50816
2011-02-28 12:00:00,187.50813
2011-02-28 13:00:00,77.12531
2011-02-28 14:00:00,45.015907
2011-02-28 15:00:00,45.015907
2011-02-28 16:00:00,102.92088
2011-02-28 17:00:00,40.60239
2011-02-28 18:00:00,87.772606
2011-02-28 19:00:00,53.603336
2011-02-28 20:00:00,53.603336
2011-02-28 21:00:00,56.30146
2011-02-28 22:00:00,29.203957
2011-02-28 23:00:00,54.121384
2011-03-20 00:00:00,102.82437
2011-03-20 01:00:00,84.22358
2011-03-20 02:00:00,82.146255
2011-03-20 03:00:00,67.84337
2011-03-20 04:00:00,60.983376
2011-03-20 05:00:00,55.918015
2011-03-20 06:00:00,54.831467
2011-03-20 07:00:00,47.029305
2011-03-20 08:00:00,71.873886
2011-03-20 09:00:00,79.41815
2011-03-20 10:00:00,47.03472
2011-03-20 11:00:00,124.057465
2011-03-20 12:00:00,137.31577
2011-03-20 13:00:00,142.23457
2011-03-20 14:00:00,156.68486
2011-03-20 15:00:00,170.73398
2011-03-20 16:00:00,168.33604
2011-03-20 17:00:00,209.7375
2011-03-20 18:00:00,158.28941
2011-03-20 19:00:00,134.57736
2011-03-20 20:00:00,127.25871
2011-03-20 21:00:00,106.65283
2011-03-20 22:00:00,91.47812
2011-03-20 23:00:00,87.82333
2011-03-21 00:00:00,78.65814
2011-03-21 01:00:00,86.02991
2011-03-21 02:00:00,73.139175
2011-03-21 03:00:00,73.139175
2011-03-21 05:00:00,60.573154
2011-03-21 06:00:00,55.21736
2011-03-21 07:00:00,28.689611
2011-03-21 08:00:00,37.589176
2011-03-21 09:00:00,37.167435
2011-03-21 10:00:00,63.037693
2011-03-21 11:00:00,83.81689
2011-03-21 12:00:00,80.597855
2011-03-21 13:00:00,152.1115
2011-03-21 14:00:00,182.92424
2011-03-21 15:00:00,209.49365
2011-03-21 16:00:00,175.6514
2011-03-21 17:00:00,179.1729
2011-03-21 18:00:00,161.6385
2011-03-21 19:00:00,258.01385
2011-03-21 20:00:00,220.95065
2011-03-21 21:00:00,57.19944
2011-03-21 22:00:00,78.048386
2011-03-21 23:00:00,69.30546
2011-03-22 00:00:00,68.15879
2011-03-22 01:00:00,39.153107
2011-03-22 02:00:00,50.574604
2011-03-22 03:00:00,75.49305
2011-03-22 04:00:00,93.7274
2011-03-22 05:00:00,91.93291
2011-03-22 06:00:00,60.247482
2011-03-22 07:00:00,105.239624
2011-03-22 08:00:00,133.55888
2011-03-22 09:00:00,144.15536
2011-03-22 10:00:00,136.73161
2011-03-22 11:00:00,197.45422
2011-03-22 12:00:00,197.87114
2011-03-22 13:00:00,213.78386
2011-03-22 14:00:00,254.9803
2011-03-22 15:00:00,227.7195
2011-03-22 16:00:00,222.71758
2011-03-22 17:00:00,222.71758
2011-03-22 18:00:00,199.9687
2011-03-22 19:00:00,135.13336
2011-03-22 20:00:00,140.93642
2011-03-22 21:00:00,134.30505
2011-03-22 22:00:00,131.58833
2011-03-22 23:00:00,131.58833
2011-03-23 00:00:00,82.800964
2011-03-23 01:00:00,63.797836
2011-03-23 02:00:00,63.797836
2011-03-23 03:00:00,41.85276
2011-03-23 05:00:00,38.41526
2011-03-23 06:00:00,28.93687
2011-03-23 07:00:00,29.95592
2011-03-23 08:00:00,31.278885
2011-03-23 09:00:00,28.203712
2011-03-23 10:00:00,31.691917
2011-03-23 11:00:00,37.31826
2011-03-23 12:00:00,31.207207
2011-03-23 13:00:00,60.694088
2011-03-23 14:00:00,92.599106
2011-03-23 15:00:00,46.24887
2011-03-23 16:00:00,55.67805
2011-03-23 17:00:00,55.67805
2011-03-23 18:00:00,48.50881
2011-03-23 19:00:00,48.50881
2011-03-23 20:00:00,49.272186
2011-03-23 21:00:00,21.112091
2011-03-23 22:00:00,46.138523
2011-03-23 23:00:00,69.91885
2011-03-24 00:00:00,29.95592
2011-03-24 01:00:00,29.2806
2011-03-24 02:00:00,26.34489
2011-03-24 03:00:00,31.801237
2011-03-24 04:00:00,31.801237
2011-03-24 05:00:00,18.118366
2011-03-24 06:00:00,18.118366
2011-03-24 07:00:00,20.985067
2011-03-24 08:00:00,14.253606
2011-03-24 09:00:00,13.875403
2011-03-24 10:00:00,13.908991
2011-03-24 11:00:00,31.754894
2011-03-24 12:00:00,80.20351
2011-03-24 13:00:00,68.236755
2011-03-24 14:00:00,73.8042
2011-03-24 15:00:00,64.2387
2011-03-24 16:00:00,101.525345
2011-03-24 17:00:00,65.06639
2011-03-24 18:00:00,125.879486
2011-03-24 19:00:00,112.925415
2011-03-24 20:00:00,101.20232
2011-03-24 21:00:00,78.20536
2011-03-24 22:00:00,69.535416
2011-03-24 23:00:00,69.99979
2011-03-25 00:00:00,72.5468
2011-03-25 01:00:00,59.29134
2011-03-25 02:00:00,65.763985
2011-03-25 03:00:00,55.6302
2011-03-25 04:00:00,52.498184
2011-03-25 05:00:00,55.08194
2011-03-25 06:00:00,61.290108
2011-03-25 07:00:00,66.01811
2011-03-25 08:00:00,69.571884
2011-03-25 09:00:00,76.30901
2011-03-25 10:00:00,46.391422
2011-03-25 11:00:00,106.50604
2011-03-25 12:00:00,124.14173
2011-03-25 13:00:00,130.26411
2011-03-25 14:00:00,199.17833
2011-03-25 15:00:00,112.509125
2011-03-25 16:00:00,123.60326
2011-03-25 17:00:00,120.86894
2011-03-25 18:00:00,115.88243
2011-03-25 19:00:00,107.19475
2011-03-25 20:00:00,49.005024
2011-03-25 21:00:00,68.86289
2011-03-25 22:00:00,98.68244
2011-03-25 23:00:00,94.36425
2011-03-26 00:00:00,44.45102
2011-03-26 01:00:00,83.76783
2011-03-26 02:00:00,45.73919
2011-03-26 03:00:00,33.620506
2011-03-26 04:00:00,45.739204
2011-03-26 05:00:00,30.386478
2011-03-26 06:00:00,26.530857
2011-03-26 07:00:00,30.386486
2011-03-26 08:00:00,33.77382
2011-03-26 09:00:00,40.85754
2011-03-26 10:00:00,50.381645
2011-03-26 11:00:00,59.11061
2011-03-26 12:00:00,75.447174
2011-03-26 13:00:00,95.20621
2011-03-26 14:00:00,111.2092
2011-03-26 15:00:00,100.84613
2011-03-26 16:00:00,107.054306
2011-03-26 17:00:00,104.51744
2011-03-26 18:00:00,53.462097
2011-03-26 19:00:00,41.838287
2011-03-26 20:00:00,41.838287
2011-03-26 21:00:00,32.45058
2011-03-26 22:00:00,40.57598
2011-03-26 23:00:00,42.52617
2011-03-27 00:00:00,30.817532
2011-03-27 01:00:00,25.817263
2011-03-27 02:00:00,32.046528
2011-03-27 03:00:00,44.893257
2011-03-27 04:00:00,29.185894
2011-03-27 06:00:00,26.514862
2011-03-27 07:00:00,33.78341
2011-03-27 08:00:00,19.700468
2011-03-27 09:00:00,23.149551
2011-03-27 10:00:00,26.004871
2011-03-27 11:00:00,24.573444
2011-03-27 12:00:00,35.857956
2011-03-27 13:00:00,76.803314
2011-03-27 14:00:00,73.58895
2011-03-27 15:00:00,109.334
2011-03-27 16:00:00,62.75029
2011-03-27 17:00:00,105.81045
2011-03-27 18:00:00,79.67949
2011-03-27 19:00:00,88.83312
2011-03-27 20:00:00,62.268257
2011-03-27 21:00:00,50.381645
2011-03-27 22:00:00,50.381645
2011-03-27 23:00:00,50.918148
2011-03-28 00:00:00,67.58468
2011-03-28 01:00:00,71.807205
2011-03-28 02:00:00,74.575714
2011-03-28 03:00:00,74.575714
2011-03-28 05:00:00,62.337627
2011-03-28 06:00:00,70.314
2011-03-28 07:00:00,81.12558
2011-03-28 08:00:00,76.90323
2011-03-28 09:00:00,80.12168
2011-03-28 10:00:00,98.99388
2011-03-28 11:00:00,84.43814
2011-03-28 12:00:00,21.968079
2011-03-28 13:00:00,79.8329
2011-03-28 14:00:00,195.25903
2011-03-28 15:00:00,177.05202
2011-03-28 16:00:00,208.04747
2011-03-28 17:00:00,200.13834
2011-03-28 18:00:00,186.60321
2011-03-28 19:00:00,137.76836
2011-03-28 20:00:00,133.0577
2011-03-28 21:00:00,153.27884
2011-03-28 22:00:00,169.8516
2011-03-28 23:00:00,139.47672
2011-03-29 00:00:00,113.35971
2011-03-29 01:00:00,94.28061
2011-03-29 02:00:00,94.28061
2011-03-29 03:00:00,94.28061
2011-03-29 04:00:00,68.765785
2011-03-29 05:00:00,78.43812
2011-03-29 06:00:00,74.31575
2011-03-29 07:00:00,78.10396
2011-03-29 08:00:00,93.035706
2011-03-29 09:00:00,133.44081
2011-03-29 10:00:00,155.31972
2011-03-29 11:00:00,123.51285
2011-03-29 12:00:00,183.80223
2011-03-29 13:00:00,193.60014
2011-03-29 14:00:00,225.30138
2011-03-29 15:00:00,228.68822
2011-03-29 16:00:00,236.62169
2011-03-29 17:00:00,253.44583
2011-03-29 18:00:00,168.35526
2011-03-29 19:00:00,198.97362
2011-03-29 20:00:00,168.35526
2011-03-29 21:00:00,63.69583
2011-03-29 22:00:00,60.515244
2011-03-29 23:00:00,79.75519
2011-03-30 00:00:00,31.326199
2011-03-30 01:00:00,58.64783
2011-03-30 02:00:00,31.326199
2011-03-30 03:00:00,21.92657
2011-03-30 04:00:00,31.326199
2011-03-30 05:00:00,106.2613
2011-03-30 06:00:00,72.332504
2011-03-30 07:00:00,46.582542
2011-03-30 08:00:00,100.328995
2011-03-30 09:00:00,116.84689
2011-03-30 10:00:00,125.039375
2011-03-30 11:00:00,126.043365
2011-03-30 12:00:00,99.39543
2011-03-30 13:00:00,127.4593
2011-03-30 14:00:00,140.6656
2011-03-30 15:00:00,36.238922
2011-03-30 16:00:00,29.866318
2011-03-30 17:00:00,41.146637
2011-03-30 18:00:00,13.875403
2011-03-30 19:00:00,13.875403
2011-03-30 20:00:00,19.948751
2011-03-30 21:00:00,8.983216
2011-03-30 22:00:00,22.088816
2011-03-30 23:00:00,20.460924
2011-03-31 00:00:00,22.088816
2011-03-31 01:00:00,24.772812
2011-03-31 02:00:00,24.772812
2011-03-31 03:00:00,22.088816
2011-03-31 04:00:00,20.93726
2011-03-31 05:00:00,22.088816
2011-03-31 06:00:00,19.948751
2011-03-31 07:00:00,20.93726
2011-03-31 08:00:00,11.656933
2011-03-31 09:00:00,23.131975
2011-03-31 10:00:00,23.131975
2011-03-31 11:00:00,28.566216
2011-03-31 12:00:00,28.566216
2011-03-31 13:00:00,49.595688
2011-03-31 14:00:00,49.59568
2011-03-31 15:00:00,29.664104
2011-03-31 16:00:00,16.765566
2011-03-31 17:00:00,16.765566
2011-03-31 18:00:00,42.253128
2011-03-31 19:00:00,42.253128
2011-03-31 20:00:00,21.669739
2011-03-31 21:00:00,33.04339
2011-03-31 22:00:00,23.590397
2011-03-31 23:00:00,31.661774
2011-04-20 00:00:00,60.21508
2011-04-20 01:00:00,50.28365
2011-04-20 02:00:00,50.28365
2011-04-20 03:00:00,59.21906
2011-04-20 04:00:00,41.6911
2011-04-20 05:00:00,49.575947
2011-04-20 06:00:00,50.28365
2011-04-20 07:00:00,59.229885
2011-04-20 08:00:00,278.10883
2011-04-20 09:00:00,334.08466
2011-04-20 10:00:00,220.13052
2011-04-20 11:00:00,220.13052
2011-04-20 12:00:00,336.02954
2011-04-20 13:00:00,336.02954
2011-04-20 14:00:00,327.39716
2011-04-20 15:00:00,298.1516
2011-04-20 16:00:00,298.1516
2011-04-20 17:00:00,276.8543
2011-04-20 18:00:00,363.78302
2011-04-20 19:00:00,392.67316
2011-04-20 20:00:00,404.48273
2011-04-20 21:00:00,361.18332
2011-04-20 22:00:00,339.25418
2011-04-20 23:00:00,318.48016
2011-04-21 00:00:00,306.74426
2011-04-21 01:00:00,222.17041
2011-04-21 02:00:00,281.23032
2011-04-21 03:00:00,173.41643
2011-04-21 04:00:00,161.05043
2011-04-21 05:00:00,167.08733
2011-04-21 06:00:00,149.39832
2011-04-21 07:00:00,160.61916
2011-04-21 08:00:00,162.81587
2011-04-21 09:00:00,135.87263
2011-04-21 10:00:00,228.95224
2011-04-21 11:00:00,225.43193
2011-04-21 12:00:00,220.16551
2011-04-21 13:00:00,290.1985
2011-04-21 14:00:00,301.9729
2011-04-21 15:00:00,334.38922
2011-04-21 16:00:00,345.35373
2011-04-21 17:00:00,316.88193
2011-04-21 18:00:00,344.59647
2011-04-21 19:00:00,298.02686
2011-04-21 20:00:00,246.03047
2011-04-21 21:00:00,162.49457
2011-04-21 22:00:00,178.85721
2011-04-21 23:00:00,153.81737
2011-04-22 00:00:00,118.011955
2011-04-22 01:00:00,144.47774
2011-04-22 02:00:00,163.18459
2011-04-22 03:00:00,163.18459
2011-04-22 04:00:00,144.08398
2011-04-22 05:00:00,121.539825
2011-04-22 06:00:00,144.084
2011-04-22 07:00:00,142.55064
2011-04-22 08:00:00,131.33058
2011-04-22 09:00:00,101.65002
2011-04-22 10:00:00,114.76738
2011-04-22 11:00:00,96.48633
2011-04-22 12:00:00,73.55771
2011-04-22 13:00:00,40.462276
2011-04-22 14:00:00,35.378178
2011-04-22 15:00:00,40.462276
2011-04-22 16:00:00,60.694077
2011-04-22 17:00:00,32.282665
2011-04-22 18:00:00,32.282665
2011-04-22 19:00:00,32.282665
2011-04-22 20:00:00,36.28768
2011-04-22 21:00:00,38.25541
2011-04-22 22:00:00,47.258278
2011-04-22 23:00:00,66.315956
2011-04-23 00:00:00,12.587842
2011-04-23 01:00:00,12.587842
2011-04-23 02:00:00,29.206453
2011-04-23 03:00:00,45.28943
2011-04-23 04:00:00,60.069603
2011-04-23 05:00:00,60.069603
2011-04-23 06:00:00,14.938852
2011-04-23 07:00:00,26.594265
2011-04-23 08:00:00,12.675407
2011-04-23 09:00:00,28.810959
2011-04-23 10:00:00,65.628586
2011-04-23 11:00:00,71.43266
2011-04-23 12:00:00,131.7631
2011-04-23 13:00:00,119.7315
2011-04-23 14:00:00,219.7444
2011-04-23 15:00:00,275.88202
2011-04-23 16:00:00,272.63776
2011-04-23 17:00:00,276.36145
2011-04-23 18:00:00,142.53395
2011-04-23 19:00:00,126.23291
2011-04-23 20:00:00,93.66057
2011-04-23 21:00:00,131.0016
2011-04-23 22:00:00,173.10983
2011-04-23 23:00:00,96.03991
2011-04-24 00:00:00,94.754265
2011-04-24 01:00:00,63.99465
2011-04-24 02:00:00,63.99465
2011-04-24 03:00:00,40.65193
2011-04-24 04:00:00,40.65193
2011-04-24 05:00:00,40.65193
2011-04-24 06:00:00,40.619087
2011-04-24 07:00:00,40.619087
2011-04-24 08:00:00,38.065758
2011-04-24 09:00:00,69.22061
2011-04-24 10:00:00,132.36218
2011-04-24 11:00:00,215.47911
2011-04-24 12:00:00,312.03387
2011-04-24 13:00:00,387.4746
2011-04-24 14:00:00,450.64145
2011-04-24 15:00:00,337.0511
2011-04-24 16:00:00,513.0512
2011-04-24 17:00:00,358.50897
2011-04-24 18:00:00,195.80736
2011-04-24 19:00:00,100.244484
2011-04-24 20:00:00,100.244484
2011-04-24 21:00:00,89.0256
2011-04-24 22:00:00,81.742065
2011-04-24 23:00:00,86.61258
2011-04-25 00:00:00,95.054924
2011-04-25 01:00:00,39.50321
2011-04-25 02:00:00,39.50321
2011-04-25 03:00:00,95.66278
2011-04-25 04:00:00,101.13101
2011-04-25 05:00:00,98.407486
2011-04-25 06:00:00,100.01709
2011-04-25 07:00:00,104.27543
2011-04-25 08:00:00,77.33302
2011-04-25 09:00:00,114.87834
2011-04-25 10:00:00,301.3572
2011-04-25 11:00:00,301.3572
2011-04-25 12:00:00,304.20114
2011-04-25 13:00:00,354.73438
2011-04-25 14:00:00,384.18274
2011-04-25 15:00:00,392.04645
2011-04-25 16:00:00,357.7054
2011-04-25 17:00:00,367.27664
2011-04-25 18:00:00,348.7193
2011-04-25 19:00:00,332.8508
2011-04-25 20:00:00,334.08466
2011-04-25 21:00:00,282.53326
2011-04-25 22:00:00,253.8487
2011-04-25 23:00:00,246.76143
2011-04-26 00:00:00,280.1117
2011-04-26 01:00:00,266.68884
2011-04-26 02:00:00,221.30446
2011-04-26 03:00:00,158.29364
2011-04-26 04:00:00,186.37563
2011-04-26 05:00:00,126.009094
2011-04-26 06:00:00,105.93787
2011-04-26 07:00:00,252.72224
2011-04-26 08:00:00,252.72221
2011-04-26 09:00:00,281.6729
2011-04-26 10:00:00,322.98996
2011-04-26 11:00:00,350.97223
2011-04-26 12:00:00,359.6017
2011-04-26 13:00:00,346.68146
2011-04-26 14:00:00,382.2612
2011-04-26 15:00:00,364.6334
2011-04-26 16:00:00,356.71017
2011-04-26 17:00:00,349.0915
2011-04-26 18:00:00,343.06085
2011-04-26 19:00:00,279.18967
2011-04-26 20:00:00,281.6729
2011-04-26 21:00:00,270.78763
2011-04-26 22:00:00,227.88011
2011-04-26 23:00:00,243.64717
2011-04-27 00:00:00,180.40479
2011-04-27 01:00:00,213.8997
2011-04-27 02:00:00,135.01485
2011-04-27 03:00:00,235.37581
2011-04-27 04:00:00,70.88194
2011-04-27 05:00:00,178.74268
2011-04-27 06:00:00,83.046936
2011-04-27 07:00:00,235.37581
2011-04-27 08:00:00,222.08296
2011-04-27 09:00:00,229.01534
2011-04-27 10:00:00,264.76642
2011-04-27 11:00:00,269.51324
2011-04-27 12:00:00,306.93118
2011-04-27 13:00:00,289.1789
2011-04-27 14:00:00,309.0404
2011-04-27 15:00:00,342.10547
2011-04-27 16:00:00,363.55536
2011-04-27 17:00:00,158.87636
2011-04-27 18:00:00,158.87636
2011-04-27 19:00:00,270.78763
2011-04-27 20:00:00,282.70587
2011-04-27 21:00:00,183.32843
2011-04-27 22:00:00,260.7181
2011-04-27 23:00:00,248.70079
2011-04-28 00:00:00,292.02805
2011-04-28 01:00:00,248.3432
2011-04-28 02:00:00,250.70778
2011-04-28 03:00:00,249.34209
2011-04-28 04:00:00,249.36987
2011-04-28 05:00:00,248.3432
2011-04-28 06:00:00,252.00621
2011-04-28 07:00:00,251.43793
2011-04-28 08:00:00,260.68225
2011-04-28 09:00:00,122.180565
2011-04-28 10:00:00,268.64975
2011-04-28 11:00:00,264.76642
2011-04-28 12:00:00,256.98267
2011-04-28 13:00:00,264.30026
2011-04-28 14:00:00,262.64587
2011-04-28 15:00:00,322.4761
2011-04-28 16:00:00,266.19833
2011-04-28 17:00:00,314.85992
2011-04-28 18:00:00,314.85992
2011-04-28 19:00:00,321.39902
2011-04-28 20:00:00,306.3017
2011-04-28 21:00:00,256.45343
2011-04-28 22:00:00,234.13838
2011-04-28 23:00:00,268.01782
2011-04-29 00:00:00,264.19415
2011-04-29 01:00:00,201.89632
2011-04-29 02:00:00,123.636505
2011-04-29 03:00:00,131.9269
2011-04-29 04:00:00,168.068
2011-04-29 05:00:00,183.64659
2011-04-29 06:00:00,225.3633
2011-04-29 07:00:00,235.25298
2011-04-29 08:00:00,285.59326
2011-04-29 09:00:00,294.63934
2011-04-29 10:00:00,302.72177
2011-04-29 11:00:00,351.7039
2011-04-29 12:00:00,320.37314
2011-04-29 13:00:00,322.14386
2011-04-29 14:00:00,342.18
2011-04-29 15:00:00,235.71886
2011-04-29 16:00:00,208.02736
2011-04-29 17:00:00,195.03099
2011-04-29 18:00:00,261.72806
2011-04-29 19:00:00,191.69902
2011-04-29 20:00:00,191.81169
2011-04-29 21:00:00,168.57133
2011-04-29 22:00:00,133.58672
2011-04-29 23:00:00,91.99054
2011-04-30 00:00:00,172.01573
2011-04-30 01:00:00,138.78947
2011-04-30 02:00:00,163.00589
2011-04-30 03:00:00,138.75627
2011-04-30 04:00:00,145.52402
2011-04-30 05:00:00,118.88753
2011-04-30 06:00:00,75.07417
2011-04-30 07:00:00,110.7554
2011-04-30 08:00:00,92.13841
2011-04-30 09:00:00,133.74539
2011-04-30 10:00:00,182.36493
2011-04-30 11:00:00,204.72029
2011-04-30 12:00:00,221.7369
2011-04-30 13:00:00,255.84804
2011-04-30 14:00:00,231.63072
2011-04-30 15:00:00,256.45932
2011-04-30 16:00:00,295.69003
2011-04-30 17:00:00,213.04619
2011-04-30 18:00:00,187.91582
2011-04-30 19:00:00,187.91582
2011-04-30 20:00:00,54.01947
2011-04-30 21:00:00,54.01947
2011-04-30 22:00:00,39.614925
2011-04-30 23:00:00,39.614925
2011-05-20 00:00:00,49.697723
2011-05-20 01:00:00,45.62711
2011-05-20 02:00:00,37.841553
2011-05-20 03:00:00,45.149483
2011-05-20 04:00:00,50.574604
2011-05-20 05:00:00,50.179916
2011-05-20 06:00:00,68.19754
2011-05-20 07:00:00,106.50435
2011-05-20 08:00:00,217.61266
2011-05-20 09:00:00,205.9627
2011-05-20 10:00:00,220.95065
2011-05-20 11:00:00,229.66658
2011-05-20 12:00:00,226.66077
2011-05-20 13:00:00,272.92444
2011-05-20 14:00:00,304.30258
2011-05-20 15:00:00,216.81146
2011-05-20 16:00:00,200.42046
2011-05-20 17:00:00,186.48442
2011-05-20 18:00:00,283.70532
2011-05-20 19:00:00,214.9728
2011-05-20 20:00:00,220.60954
2011-05-20 21:00:00,202.4686
2011-05-20 22:00:00,227.04054
2011-05-20 23:00:00,163.34674
2011-05-21 00:00:00,96.27216
2011-05-21 01:00:00,67.32912
2011-05-21 02:00:00,79.314964
2011-05-21 03:00:00,83.29581
2011-05-21 04:00:00,62.364105
2011-05-21 05:00:00,65.00992
2011-05-21 06:00:00,88.759224
2011-05-21 07:00:00,115.78809
2011-05-21 08:00:00,182.4671
2011-05-21 09:00:00,276.19193
2011-05-21 10:00:00,214.91441
2011-05-21 11:00:00,359.49017
2011-05-21 12:00:00,390.68262
2011-05-21 13:00:00,459.3452
2011-05-21 14:00:00,485.2599
2011-05-21 15:00:00,485.39914
2011-05-21 16:00:00,465.6279
2011-05-21 17:00:00,365.43692
2011-05-21 18:00:00,339.10278
2011-05-21 19:00:00,452.35577
2011-05-21 20:00:00,207.37517
2011-05-21 21:00:00,214.91441
2011-05-21 22:00:00,166.20088
2011-05-21 23:00:00,98.51804
2011-05-22 00:00:00,56.167553
2011-05-22 01:00:00,35.2526
2011-05-22 02:00:00,39.736687
2011-05-22 03:00:00,29.234476
2011-05-22 04:00:00,47.017723
2011-05-22 05:00:00,29.234476
2011-05-22 06:00:00,39.736687
2011-05-22 07:00:00,57.37288
2011-05-22 08:00:00,116.041794
2011-05-22 09:00:00,146.76903
2011-05-22 10:00:00,205.19327
2011-05-22 11:00:00,343.4492
2011-05-22 12:00:00,283.39383
2011-05-22 13:00:00,316.87616
2011-05-22 14:00:00,146.62834
2011-05-22 15:00:00,192.13857
2011-05-22 16:00:00,266.1974
2011-05-22 17:00:00,351.93948
2011-05-22 18:00:00,306.542
2011-05-22 19:00:00,281.03973
2011-05-22 20:00:00,230.4026
2011-05-22 21:00:00,188.7888
2011-05-22 22:00:00,82.39758
2011-05-22 23:00:00,93.76487
2011-05-23 00:00:00,171.15578
2011-05-23 01:00:00,77.33302
2011-05-23 02:00:00,74.877815
2011-05-23 03:00:00,75.773
2011-05-23 04:00:00,151.11801
2011-05-23 05:00:00,151.11801
2011-05-23 06:00:00,102.370285
2011-05-23 07:00:00,161.92006
2011-05-23 08:00:00,94.884735
2011-05-23 09:00:00,109.68082
2011-05-23 10:00:00,296.46414
2011-05-23 11:00:00,344.65967
2011-05-23 12:00:00,344.65967
2011-05-23 13:00:00,253.78981
2011-05-23 14:00:00,239.59593
2011-05-23 15:00:00,252.0171
2011-05-23 16:00:00,262.19727
2011-05-23 17:00:00,239.50899
2011-05-23 18:00:00,322.936
2011-05-23 19:00:00,303.9942
2011-05-23 20:00:00,182.88536
2011-05-23 21:00:00,110.996124
2011-05-23 22:00:00,76.67742
2011-05-23 23:00:00,239.89621
2011-05-24 00:00:00,182.17366
2011-05-24 01:00:00,178.70853
2011-05-24 02:00:00,182.17366
2011-05-24 03:00:00,163.70793
2011-05-24 04:00:00,82.58159
2011-05-24 05:00:00,199.59593
2011-05-24 06:00:00,173.48506
2011-05-24 07:00:00,122.250595
2011-05-24 08:00:00,97.57357
2011-05-24 09:00:00,237.23979
2011-05-24 10:00:00,364.9699
2011-05-24 11:00:00,392.04645
2011-05-24 12:00:00,354.17197
2011-05-24 13:00:00,371.69836
2011-05-24 14:00:00,371.1536
2011-05-24 15:00:00,294.8616
2011-05-24 16:00:00,308.4356
2011-05-24 17:00:00,250.59453
2011-05-24 18:00:00,297.0006
2011-05-24 19:00:00,274.87024
2011-05-24 20:00:00,190.12045
2011-05-24 21:00:00,162.34474
2011-05-24 22:00:00,95.568886
2011-05-24 23:00:00,167.75333
2011-05-25 00:00:00,95.84577
2011-05-25 01:00:00,84.964325
2011-05-25 02:00:00,158.68736
2011-05-25 03:00:00,36.383366
2011-05-25 04:00:00,37.75236
2011-05-25 05:00:00,81.30013
2011-05-25 06:00:00,56.72257
2011-05-25 07:00:00,239.37344
2011-05-25 08:00:00,301.12585
2011-05-25 09:00:00,205.81337
2011-05-25 10:00:00,227.73105
2011-05-25 11:00:00,279.86896
2011-05-25 12:00:00,322.3916
2011-05-25 13:00:00,322.3916
2011-05-25 14:00:00,356.26398
2011-05-25 15:00:00,386.85745
2011-05-25 16:00:00,392.08472
2011-05-25 17:00:00,392.04645
2011-05-25 18:00:00,377.4259
2011-05-25 19:00:00,296.431
2011-05-25 20:00:00,334.14914
2011-05-25 21:00:00,247.40208
2011-05-25 22:00:00,319.91467
2011-05-25 23:00:00,236.13876
2011-05-26 00:00:00,236.13878
2011-05-26 01:00:00,236.13878
2011-05-26 02:00:00,122.46802
2011-05-26 03:00:00,87.11966
2011-05-26 04:00:00,125.33339
2011-05-26 05:00:00,196.4529
2011-05-26 06:00:00,125.22298
2011-05-26 07:00:00,234.90349
2011-05-26 08:00:00,242.5927
2011-05-26 09:00:00,272.28293
2011-05-26 10:00:00,322.936
2011-05-26 11:00:00,358.0243
2011-05-26 12:00:00,397.49
2011-05-26 13:00:00,364.91092
2011-05-26 14:00:00,364.91092
2011-05-26 15:00:00,279.6823
2011-05-26 16:00:00,279.3731
2011-05-26 17:00:00,354.57193
2011-05-26 18:00:00,361.25418
2011-05-26 19:00:00,373.2497
2011-05-26 20:00:00,355.07364
2011-05-26 21:00:00,215.90294
2011-05-26 22:00:00,261.75845
2011-05-26 23:00:00,338.19104
2011-05-27 00:00:00,336.82965
2011-05-27 01:00:00,365.83484
2011-05-27 02:00:00,345.91534
2011-05-27 03:00:00,217.99004
2011-05-27 04:00:00,259.64816
2011-05-27 05:00:00,311.11102
2011-05-27 06:00:00,213.85008
2011-05-27 07:00:00,263.89948
2011-05-27 08:00:00,296.57382
2011-05-27 09:00:00,359.5991
2011-05-27 10:00:00,360.68063
2011-05-27 11:00:00,266.82642
2011-05-27 12:00:00,275.72623
2011-05-27 13:00:00,365.7472
2011-05-27 14:00:00,389.7119
2011-05-27 15:00:00,369.1759
2011-05-27 16:00:00,259.65018
2011-05-27 17:00:00,380.6581
2011-05-27 18:00:00,262.19727
2011-05-27 19:00:00,118.2145
2011-05-27 20:00:00,251.35544
2011-05-27 21:00:00,113.79191
2011-05-27 22:00:00,173.9123
2011-05-27 23:00:00,77.64954
2011-05-28 00:00:00,56.3903
2011-05-28 01:00:00,57.099594
2011-05-28 02:00:00,31.358385
2011-05-28 03:00:00,62.54167
2011-05-28 04:00:00,69.22061
2011-05-28 05:00:00,62.54167
2011-05-28 06:00:00,113.32167
2011-05-28 07:00:00,113.271194
2011-05-28 08:00:00,142.45444
2011-05-28 09:00:00,271.47083
2011-05-28 10:00:00,256.0812
2011-05-28 11:00:00,256.0812
2011-05-28 12:00:00,330.49338
2011-05-28 13:00:00,265.07852
2011-05-28 14:00:00,286.21277
2011-05-28 15:00:00,314.07175
2011-05-28 16:00:00,352.26416
2011-05-28 17:00:00,396.2448
2011-05-28 18:00:00,289.88058
2011-05-28 19:00:00,232.35966
2011-05-28 20:00:00,256.0812
2011-05-28 21:00:00,293.9451
2011-05-28 22:00:00,150.4634
2011-05-28 23:00:00,95.1411
2011-05-29 00:00:00,101.47894
2011-05-29 01:00:00,56.11718
2011-05-29 02:00:00,51.827057
2011-05-29 03:00:00,51.827057
2011-05-29 04:00:00,53.734848
2011-05-29 05:00:00,34.632164
2011-05-29 06:00:00,85.184166
2011-05-29 07:00:00,101.83574
2011-05-29 08:00:00,92.170525
2011-05-29 09:00:00,86.74434
2011-05-29 10:00:00,88.46294
2011-05-29 11:00:00,139.7511
2011-05-29 12:00:00,120.406265
2011-05-29 13:00:00,266.7223
2011-05-29 14:00:00,257.74545
2011-05-29 15:00:00,280.46225
2011-05-29 16:00:00,257.74545
2011-05-29 17:00:00,257.74545
2011-05-29 18:00:00,235.93242
2011-05-29 19:00:00,207.78795
2011-05-29 20:00:00,126.68854
2011-05-29 21:00:00,86.6257
2011-05-29 22:00:00,46.338566
2011-05-29 23:00:00,48.28969
2011-05-30 00:00:00,23.571182
2011-05-30 01:00:00,8.6735325
2011-05-30 02:00:00,23.571182
2011-05-30 03:00:00,23.571182
2011-05-30 04:00:00,11.754313
2011-05-30 05:00:00,27.73899
2011-05-30 06:00:00,28.457748
2011-05-30 07:00:00,16.977465
2011-05-30 08:00:00,48.15391
2011-05-30 09:00:00,80.50327
2011-05-30 10:00:00,323.4139
2011-05-30 11:00:00,260.844
2011-05-30 12:00:00,398.36304
2011-05-30 13:00:00,406.27386
2011-05-30 14:00:00,411.56268
2011-05-30 15:00:00,456.71265
2011-05-30 16:00:00,462.68958
2011-05-30 17:00:00,439.19073
2011-05-30 18:00:00,442.78345
2011-05-30 19:00:00,160.16373
2011-05-30 20:00:00,121.490814
2011-05-30 21:00:00,111.719604
2011-05-30 22:00:00,102.30525
2011-05-30 23:00:00,45.673985
2011-05-31 00:00:00,158.2763
2011-05-31 01:00:00,106.87701
2011-05-31 02:00:00,194.31409
2011-05-31 03:00:00,179.51399
2011-05-31 04:00:00,127.990555
2011-05-31 05:00:00,127.990555
2011-05-31 06:00:00,154.02385
2011-05-31 07:00:00,220.43134
2011-05-31 08:00:00,301.6775
2011-05-31 09:00:00,307.44147
2011-05-31 10:00:00,308.86316
2011-05-31 11:00:00,184.30309
2011-05-31 12:00:00,282.45093
2011-05-31 13:00:00,248.12202
2011-05-31 14:00:00,187.2004
2011-05-31 15:00:00,249.22543
2011-05-31 16:00:00,242.5613
2011-05-31 17:00:00,343.94348
2011-05-31 18:00:00,332.32257
2011-05-31 19:00:00,256.1046
2011-05-31 20:00:00,256.1046
2011-05-31 21:00:00,234.62346
2011-05-31 22:00:00,284.91315
2011-05-31 23:00:00,163.46132
2011-06-20 00:00:00,146.29222
2011-06-20 01:00:00,87.89954
2011-06-20 02:00:00,87.89954
2011-06-20 03:00:00,74.78401
2011-06-20 04:00:00,72.82238
2011-06-20 05:00:00,79.46962
2011-06-20 06:00:00,98.081696
2011-06-20 07:00:00,82.99455
2011-06-20 08:00:00,85.50138
2011-06-20 09:00:00,244.93654
2011-06-20 10:00:00,244.93654
2011-06-20 11:00:00,177.89081
2011-06-20 12:00:00,170.50208
2011-06-20 13:00:00,246.88396
2011-06-20 14:00:00,262.24045
2011-06-20 15:00:00,295.38937
2011-06-20 16:00:00,352.30606
2011-06-20 17:00:00,162.65935
2011-06-20 18:00:00,364.10306
2011-06-20 19:00:00,323.26538
2011-06-20 20:00:00,318.4398
2011-06-20 21:00:00,263.8994
2011-06-20 22:00:00,261.84583
2011-06-20 23:00:00,266.19833
2011-06-21 00:00:00,93.101166
2011-06-21 01:00:00,146.73932
2011-06-21 02:00:00,109.12815
2011-06-21 03:00:00,109.12815
2011-06-21 04:00:00,109.28904
2011-06-21 05:00:00,124.85976
2011-06-21 06:00:00,124.85976
2011-06-21 07:00:00,52.434155
2011-06-21 08:00:00,118.665344
2011-06-21 09:00:00,164.51537
2011-06-21 10:00:00,190.07327
2011-06-21 11:00:00,93.15727
2011-06-21 12:00:00,167.10564
2011-06-21 13:00:00,269.06012
2011-06-21 14:00:00,349.78964
2011-06-21 15:00:00,377.3723
2011-06-21 16:00:00,387.88684
2011-06-21 17:00:00,376.67233
2011-06-21 18:00:00,293.65057
2011-06-21 19:00:00,261.95978
2011-06-21 20:00:00,337.2339
2011-06-21 21:00:00,213.56584
2011-06-21 22:00:00,112.10162
2011-06-21 23:00:00,144.13661
2011-06-22 00:00:00,111.1838
2011-06-22 01:00:00,95.685745
2011-06-22 02:00:00,80.077385
2011-06-22 03:00:00,95.685745
2011-06-22 04:00:00,73.682144
2011-06-22 05:00:00,57.84809
2011-06-22 06:00:00,75.32066
2011-06-22 07:00:00,82.792984
2011-06-22 08:00:00,170.16356
2011-06-22 09:00:00,145.6214
2011-06-22 10:00:00,317.1257
2011-06-22 11:00:00,257.43442
2011-06-22 12:00:00,318.58102
2011-06-22 13:00:00,323.34622
2011-06-22 14:00:00,316.13098
2011-06-22 15:00:00,315.81885
2011-06-22 16:00:00,292.28998
2011-06-22 17:00:00,267.7751
2011-06-22 18:00:00,317.3669
2011-06-22 19:00:00,310.6682
2011-06-22 20:00:00,212.37578
2011-06-22 21:00:00,168.54524
2011-06-22 22:00:00,216.7729
2011-06-22 23:00:00,210.90941
2011-06-23 00:00:00,170.20784
2011-06-23 01:00:00,229.6921
2011-06-23 02:00:00,229.6921
2011-06-23 03:00:00,253.67946
2011-06-23 04:00:00,232.36479
2011-06-23 05:00:00,201.67015
2011-06-23 06:00:00,201.67014
2011-06-23 07:00:00,248.56865
2011-06-23 08:00:00,284.3852
2011-06-23 09:00:00,269.92773
2011-06-23 10:00:00,299.7343
2011-06-23 11:00:00,365.9031
2011-06-23 12:00:00,296.0916
2011-06-23 13:00:00,297.50864
2011-06-23 14:00:00,288.65567
2011-06-23 15:00:00,273.73956
2011-06-23 16:00:00,287.32892
2011-06-23 17:00:00,232.49184
2011-06-23 18:00:00,308.38684
2011-06-23 19:00:00,313.46536
2011-06-23 20:00:00,195.6248
2011-06-23 21:00:00,179.43079
2011-06-23 22:00:00,254.7115
2011-06-23 23:00:00,236.55785
2011-06-24 00:00:00,112.819855
2011-06-24 01:00:00,165.79588
2011-06-24 02:00:00,165.79588
2011-06-24 03:00:00,93.15727
2011-06-24 04:00:00,80.34407
2011-06-24 05:00:00,57.807423
2011-06-24 06:00:00,84.23209
2011-06-24 07:00:00,176.72958
2011-06-24 08:00:00,195.6248
2011-06-24 09:00:00,234.85223
2011-06-24 10:00:00,294.57217
2011-06-24 11:00:00,278.05795
2011-06-24 12:00:00,297.79822
2011-06-24 13:00:00,328.57718
2011-06-24 14:00:00,305.8258
2011-06-24 15:00:00,250.78557
2011-06-24 16:00:00,271.19562
2011-06-24 17:00:00,331.04715
2011-06-24 18:00:00,310.71973
2011-06-24 19:00:00,351.8141
2011-06-24 20:00:00,322.37616
2011-06-24 21:00:00,266.5274
2011-06-24 22:00:00,178.1657
2011-06-24 23:00:00,234.17584
2011-06-25 00:00:00,333.5771
2011-06-25 01:00:00,272.8499
2011-06-25 02:00:00,335.93036
2011-06-25 03:00:00,195.27765
2011-06-25 04:00:00,195.27765
2011-06-25 05:00:00,146.19698
2011-06-25 06:00:00,212.96526
2011-06-25 07:00:00,266.7931
2011-06-25 08:00:00,350.6024
2011-06-25 09:00:00,400.51608
2011-06-25 10:00:00,378.32208
2011-06-25 11:00:00,389.84314
2011-06-25 12:00:00,516.78674
2011-06-25 13:00:00,516.78674
2011-06-25 14:00:00,436.5821
2011-06-25 15:00:00,363.9485
2011-06-25 16:00:00,442.24655
2011-06-25 17:00:00,439.18146
2011-06-25 18:00:00,400.51608
2011-06-25 19:00:00,379.2376
2011-06-25 20:00:00,320.62466
2011-06-25 21:00:00,258.4657
2011-06-25 22:00:00,347.9299
2011-06-25 23:00:00,395.40216
2011-06-26 00:00:00,243.50032
2011-06-26 01:00:00,211.93355
2011-06-26 02:00:00,178.86903
2011-06-26 03:00:00,118.82904
2011-06-26 04:00:00,117.595436
2011-06-26 05:00:00,127.95364
2011-06-26 06:00:00,127.95364
2011-06-26 07:00:00,149.32072
2011-06-26 08:00:00,170.69633
2011-06-26 09:00:00,203.62543
2011-06-26 10:00:00,292.87903
2011-06-26 11:00:00,361.4153
2011-06-26 12:00:00,449.57288
2011-06-26 13:00:00,424.56296
2011-06-26 14:00:00,433.71503
2011-06-26 15:00:00,424.56296
2011-06-26 16:00:00,426.08868
2011-06-26 17:00:00,407.9608
2011-06-26 18:00:00,386.3665
2011-06-26 19:00:00,324.49445
2011-06-26 20:00:00,324.5512
2011-06-26 21:00:00,264.05548
2011-06-26 22:00:00,301.08752
2011-06-26 23:00:00,219.49565
2011-06-27 00:00:00,239.54051
2011-06-27 01:00:00,209.99217
2011-06-27 02:00:00,136.22815
2011-06-27 03:00:00,136.22815
2011-06-27 04:00:00,173.0962
2011-06-27 05:00:00,180.80045
2011-06-27 06:00:00,214.11073
2011-06-27 07:00:00,235.33447
2011-06-27 08:00:00,126.90611
2011-06-27 09:00:00,289.03345
2011-06-27 10:00:00,284.6268
2011-06-27 11:00:00,264.46362
2011-06-27 12:00:00,289.03345
2011-06-27 13:00:00,283.51065
2011-06-27 14:00:00,274.27435
2011-06-27 15:00:00,302.08276
2011-06-27 16:00:00,231.1821
2011-06-27 17:00:00,257.70847
2011-06-27 18:00:00,174.8934
2011-06-27 19:00:00,283.34854
2011-06-27 20:00:00,164.51309
2011-06-27 21:00:00,105.151474
2011-06-27 22:00:00,90.93559
2011-06-27 23:00:00,90.93559
2011-06-28 00:00:00,226.34517
2011-06-28 01:00:00,82.1409
2011-06-28 02:00:00,218.68169
2011-06-28 03:00:00,218.68169
2011-06-28 04:00:00,82.1409
2011-06-28 05:00:00,80.077385
2011-06-28 06:00:00,93.15727
2011-06-28 07:00:00,104.40634
2011-06-28 08:00:00,121.85419
2011-06-28 09:00:00,119.3058
2011-06-28 10:00:00,352.14035
2011-06-28 11:00:00,282.05273
2011-06-28 12:00:00,344.0073
2011-06-28 13:00:00,305.89148
2011-06-28 14:00:00,337.55548
2011-06-28 15:00:00,343.526
2011-06-28 16:00:00,317.11743
2011-06-28 17:00:00,384.53366
2011-06-28 18:00:00,377.5364
2011-06-28 19:00:00,244.79054
2011-06-28 20:00:00,132.97237
2011-06-28 21:00:00,350.40854
2011-06-28 22:00:00,286.86172
2011-06-28 23:00:00,277.9749
2011-06-29 00:00:00,191.7276
2011-06-29 01:00:00,177.45819
2011-06-29 02:00:00,108.340614
2011-06-29 03:00:00,200.63249
2011-06-29 04:00:00,81.162964
2011-06-29 05:00:00,94.8305
2011-06-29 06:00:00,242.02573
2011-06-29 07:00:00,307.85715
2011-06-29 08:00:00,330.71463
2011-06-29 09:00:00,306.7508
2011-06-29 10:00:00,317.0531
2011-06-29 11:00:00,344.88647
2011-06-29 12:00:00,333.19366
2011-06-29 13:00:00,289.52875
2011-06-29 14:00:00,346.4617
2011-06-29 15:00:00,352.14734
2011-06-29 16:00:00,261.153
2011-06-29 17:00:00,265.12238
2011-06-29 18:00:00,305.482
2011-06-29 19:00:00,292.61053
2011-06-29 20:00:00,318.75897
2011-06-29 21:00:00,348.37408
2011-06-29 22:00:00,349.88312
2011-06-29 23:00:00,315.5066
2011-06-30 00:00:00,256.32388
2011-06-30 01:00:00,203.4651
2011-06-30 02:00:00,181.58292
2011-06-30 03:00:00,175.88393
2011-06-30 04:00:00,169.85121
2011-06-30 05:00:00,232.5691
2011-06-30 06:00:00,215.10304
2011-06-30 07:00:00,220.31621
2011-06-30 08:00:00,329.66498
2011-06-30 09:00:00,350.56207
2011-06-30 10:00:00,355.65417
2011-06-30 11:00:00,363.4345
2011-06-30 12:00:00,361.63702
2011-06-30 13:00:00,354.68045
2011-06-30 14:00:00,350.93646
2011-06-30 15:00:00,359.037
2011-06-30 16:00:00,369.96512
2011-06-30 17:00:00,292.54956
2011-06-30 18:00:00,341.96243
2011-06-30 19:00:00,360.85834
2011-06-30 20:00:00,360.85834
2011-06-30 21:00:00,333.2638
2011-06-30 22:00:00,333.29544
2011-06-30 23:00:00,152.51042
2011-07-20 00:00:00,91.54698
2011-07-20 01:00:00,76.07959
2011-07-20 02:00:00,76.07959
2011-07-20 03:00:00,91.54698
2011-07-20 04:00:00,75.3364
2011-07-20 05:00:00,85.459946
2011-07-20 06:00:00,129.29839
2011-07-20 07:00:00,208.5482
2011-07-20 08:00:00,120.86008
2011-07-20 09:00:00,179.97533
2011-07-20 10:00:00,135.03946
2011-07-20 11:00:00,266.575
2011-07-20 12:00:00,237.2581
2011-07-20 13:00:00,374.36963
2011-07-20 14:00:00,355.87662
2011-07-20 15:00:00,356.7436
2011-07-20 16:00:00,274.437
2011-07-20 17:00:00,386.06714
2011-07-20 18:00:00,381.93903
2011-07-20 19:00:00,387.3196
2011-07-20 20:00:00,368.00424
2011-07-20 21:00:00,357.77023
2011-07-20 22:00:00,362.34534
2011-07-20 23:00:00,295.87335
2011-07-21 00:00:00,260.25632
2011-07-21 01:00:00,170.19864
2011-07-21 02:00:00,170.19864
2011-07-21 03:00:00,226.5606
2011-07-21 04:00:00,200.34981
2011-07-21 05:00:00,200.34981
2011-07-21 06:00:00,200.34981
2011-07-21 07:00:00,192.34619
2011-07-21 08:00:00,227.65141
2011-07-21 09:00:00,273.21112
2011-07-21 10:00:00,320.77692
2011-07-21 11:00:00,311.5976
2011-07-21 12:00:00,326.384
2011-07-21 13:00:00,338.31796
2011-07-21 14:00:00,299.03433
2011-07-21 15:00:00,348.59454
2011-07-21 16:00:00,327.7464
2011-07-21 17:00:00,310.84354
2011-07-21 18:00:00,327.77185
2011-07-21 19:00:00,381.2865
2011-07-21 20:00:00,422.6831
2011-07-21 21:00:00,403.85065
2011-07-21 22:00:00,390.7791
2011-07-21 23:00:00,356.1213
2011-07-22 00:00:00,349.7685
2011-07-22 01:00:00,200.45335
2011-07-22 02:00:00,238.86853
2011-07-22 03:00:00,249.22826
2011-07-22 04:00:00,210.2603
2011-07-22 05:00:00,148.46547
2011-07-22 06:00:00,198.85417
2011-07-22 07:00:00,342.7821
2011-07-22 08:00:00,335.1562
2011-07-22 09:00:00,354.76413
2011-07-22 10:00:00,374.03458
2011-07-22 11:00:00,363.88083
2011-07-22 12:00:00,371.49185
2011-07-22 13:00:00,377.7553
2011-07-22 14:00:00,335.2322
2011-07-22 15:00:00,338.82993
2011-07-22 16:00:00,426.29242
2011-07-22 17:00:00,349.54547
2011-07-22 18:00:00,355.2415
2011-07-22 19:00:00,381.3693
2011-07-22 20:00:00,274.437
2011-07-22 21:00:00,300.34857
2011-07-22 22:00:00,364.1579
2011-07-22 23:00:00,382.86053
2011-07-23 00:00:00,259.1204
2011-07-23 01:00:00,260.99078
2011-07-23 02:00:00,280.39856
2011-07-23 03:00:00,192.51057
2011-07-23 04:00:00,188.96693
2011-07-23 05:00:00,211.83138
2011-07-23 06:00:00,270.79642
2011-07-23 07:00:00,258.33978
2011-07-23 08:00:00,341.18768
2011-07-23 09:00:00,308.164
2011-07-23 10:00:00,349.964
2011-07-23 11:00:00,323.44153
2011-07-23 12:00:00,274.9712
2011-07-23 13:00:00,303.06488
2011-07-23 14:00:00,269.2691
2011-07-23 15:00:00,267.77307
2011-07-23 16:00:00,285.0229
2011-07-23 17:00:00,285.0229
2011-07-23 18:00:00,336.61707
2011-07-23 19:00:00,313.4782
2011-07-23 20:00:00,270.6931
2011-07-23 21:00:00,270.6931
2011-07-23 22:00:00,255.56296
2011-07-23 23:00:00,223.95714
2011-07-24 00:00:00,223.95714
2011-07-24 01:00:00,191.18962
2011-07-24 02:00:00,207.32323
2011-07-24 03:00:00,207.32323
2011-07-24 04:00:00,191.18962
2011-07-24 05:00:00,192.51057
2011-07-24 06:00:00,291.28186
2011-07-24 07:00:00,231.06384
2011-07-24 08:00:00,315.0926
2011-07-24 09:00:00,377.73172
2011-07-24 10:00:00,360.33026
2011-07-24 11:00:00,317.52606
2011-07-24 12:00:00,309.1299
2011-07-24 13:00:00,336.00626
2011-07-24 14:00:00,343.30606
2011-07-24 15:00:00,351.58215
2011-07-24 16:00:00,351.58215
2011-07-24 17:00:00,273.56793
2011-07-24 18:00:00,307.311
2011-07-24 19:00:00,313.9726
2011-07-24 20:00:00,308.164
2011-07-24 21:00:00,210.3713
2011-07-24 22:00:00,218.03111
2011-07-24 23:00:00,231.72527
2011-07-25 00:00:00,322.45053
2011-07-25 01:00:00,286.31342
2011-07-25 02:00:00,245.52855
2011-07-25 03:00:00,104.58743
2011-07-25 04:00:00,103.32245
2011-07-25 05:00:00,103.32245
2011-07-25 06:00:00,207.60738
2011-07-25 07:00:00,300.06555
2011-07-25 08:00:00,331.0642
2011-07-25 09:00:00,195.73123
2011-07-25 10:00:00,237.2581
2011-07-25 11:00:00,334.4456
2011-07-25 12:00:00,334.4456
2011-07-25 13:00:00,259.76163
2011-07-25 14:00:00,216.7729
2011-07-25 15:00:00,239.39046
2011-07-25 16:00:00,118.05559
2011-07-25 17:00:00,112.23657
2011-07-25 18:00:00,179.5908
2011-07-25 19:00:00,179.97533
2011-07-25 20:00:00,190.25629
2011-07-25 21:00:00,76.07959
2011-07-25 22:00:00,76.07959
2011-07-25 23:00:00,89.517044
2011-07-26 00:00:00,112.10161
2011-07-26 01:00:00,112.10161
2011-07-26 02:00:00,71.268906
2011-07-26 03:00:00,75.04214
2011-07-26 04:00:00,85.86037
2011-07-26 05:00:00,63.307716
2011-07-26 06:00:00,114.96527
2011-07-26 07:00:00,331.45392
2011-07-26 08:00:00,317.32092
2011-07-26 09:00:00,339.39426
2011-07-26 10:00:00,337.05057
2011-07-26 11:00:00,354.60266
2011-07-26 12:00:00,361.70773
2011-07-26 13:00:00,287.5254
2011-07-26 14:00:00,295.85562
2011-07-26 15:00:00,265.04388
2011-07-26 16:00:00,289.28375
2011-07-26 17:00:00,251.88852
2011-07-26 18:00:00,251.85814
2011-07-26 19:00:00,288.7247
2011-07-26 20:00:00,325.04657
2011-07-26 21:00:00,349.3239
2011-07-26 22:00:00,273.12192
2011-07-26 23:00:00,237.9109
2011-07-27 00:00:00,315.5753
2011-07-27 01:00:00,351.3821
2011-07-27 02:00:00,325.5162
2011-07-27 03:00:00,261.48145
2011-07-27 04:00:00,316.83026
2011-07-27 05:00:00,327.5004
2011-07-27 06:00:00,307.85715
2011-07-27 07:00:00,336.72986
2011-07-27 08:00:00,330.00757
2011-07-27 09:00:00,333.19366
2011-07-27 10:00:00,319.2295
2011-07-27 11:00:00,342.52356
2011-07-27 12:00:00,306.71002
2011-07-27 13:00:00,264.4308
2011-07-27 14:00:00,329.19644
2011-07-27 15:00:00,315.20782
2011-07-27 16:00:00,355.14462
2011-07-27 17:00:00,338.02756
2011-07-27 18:00:00,364.76028
2011-07-27 19:00:00,363.43094
2011-07-27 20:00:00,343.72906
2011-07-27 21:00:00,270.79544
2011-07-27 22:00:00,189.21802
2011-07-27 23:00:00,277.77686
2011-07-28 00:00:00,249.23738
2011-07-28 01:00:00,168.71468
2011-07-28 02:00:00,224.98042
2011-07-28 03:00:00,149.74666
2011-07-28 04:00:00,176.2701
2011-07-28 05:00:00,164.51309
2011-07-28 06:00:00,145.53947
2011-07-28 07:00:00,235.48091
2011-07-28 08:00:00,269.06012
2011-07-28 09:00:00,357.82147
2011-07-28 10:00:00,347.75256
2011-07-28 11:00:00,348.4691
2011-07-28 12:00:00,353.31644
2011-07-28 13:00:00,330.7189
2011-07-28 14:00:00,332.2484
2011-07-28 15:00:00,354.6571
2011-07-28 16:00:00,359.00244
2011-07-28 17:00:00,363.4277
2011-07-28 18:00:00,370.06067
2011-07-28 19:00:00,389.46368
2011-07-28 20:00:00,382.86053
2011-07-28 21:00:00,386.59128
2011-07-28 22:00:00,347.02298
2011-07-28 23:00:00,263.22772
2011-07-29 00:00:00,168.54524
2011-07-29 01:00:00,159.81898
2011-07-29 02:00:00,104.58743
2011-07-29 03:00:00,104.58743
2011-07-29 04:00:00,109.5699
2011-07-29 05:00:00,80.16458
2011-07-29 06:00:00,258.15677
2011-07-29 07:00:00,245.52855
2011-07-29 08:00:00,342.90894
2011-07-29 09:00:00,330.7189
2011-07-29 10:00:00,303.7213
2011-07-29 11:00:00,296.6902
2011-07-29 12:00:00,307.49176
2011-07-29 13:00:00,368.5716
2011-07-29 14:00:00,342.05725
2011-07-29 15:00:00,326.121
2011-07-29 16:00:00,240.4327
2011-07-29 17:00:00,296.4233
2011-07-29 18:00:00,264.837
2011-07-29 19:00:00,333.96933
2011-07-29 20:00:00,265.62173
2011-07-29 21:00:00,357.6468
2011-07-29 22:00:00,347.05658
2011-07-29 23:00:00,285.14014
2011-07-30 00:00:00,278.93466
2011-07-30 01:00:00,240.05371
2011-07-30 02:00:00,240.006
2011-07-30 03:00:00,218.9677
2011-07-30 04:00:00,198.51436
2011-07-30 05:00:00,207.38924
2011-07-30 06:00:00,213.28899
2011-07-30 07:00:00,209.2122
2011-07-30 08:00:00,268.51392
2011-07-30 09:00:00,380.35565
2011-07-30 10:00:00,404.0639
2011-07-30 11:00:00,361.84964
2011-07-30 12:00:00,365.6557
2011-07-30 13:00:00,342.77283
2011-07-30 14:00:00,316.1678
2011-07-30 15:00:00,304.79337
2011-07-30 16:00:00,366.6496
2011-07-30 17:00:00,304.307
2011-07-30 18:00:00,362.90454
2011-07-30 19:00:00,565.2433
2011-07-30 20:00:00,320.535
2011-07-30 21:00:00,306.14795
2011-07-30 22:00:00,256.51694
2011-07-30 23:00:00,240.05362
2011-07-31 00:00:00,240.05371
2011-07-31 01:00:00,210.71065
2011-07-31 02:00:00,193.3188
2011-07-31 03:00:00,197.0463
2011-07-31 04:00:00,161.89655
2011-07-31 05:00:00,168.31778
2011-07-31 06:00:00,172.78467
2011-07-31 07:00:00,233.65755
2011-07-31 08:00:00,295.9491
2011-07-31 09:00:00,301.04462
2011-07-31 10:00:00,345.3744
2011-07-31 11:00:00,368.86044
2011-07-31 12:00:00,357.76923
2011-07-31 13:00:00,337.26352
2011-07-31 14:00:00,345.68213
2011-07-31 15:00:00,426.0393
2011-07-31 16:00:00,429.2367
2011-07-31 17:00:00,403.2995
2011-07-31 18:00:00,382.52176
2011-07-31 19:00:00,342.17468
2011-07-31 20:00:00,342.17468
2011-07-31 21:00:00,303.6273
2011-07-31 22:00:00,213.11775
2011-07-31 23:00:00,221.25325
2011-08-20 00:00:00,50.182224
2011-08-20 01:00:00,66.59018
2011-08-20 02:00:00,82.63396
2011-08-20 03:00:00,82.63396
2011-08-20 04:00:00,77.324425
2011-08-20 05:00:00,60.993736
2011-08-20 06:00:00,65.957054
2011-08-20 07:00:00,66.590164
2011-08-20 08:00:00,125.99385
2011-08-20 09:00:00,181.23138
2011-08-20 10:00:00,209.28015
2011-08-20 11:00:00,242.83308
2011-08-20 12:00:00,233.65755
2011-08-20 13:00:00,250.4033
2011-08-20 14:00:00,322.31018
2011-08-20 15:00:00,365.59818
2011-08-20 16:00:00,345.6684
2011-08-20 17:00:00,322.31018
2011-08-20 18:00:00,291.03616
2011-08-20 19:00:00,232.67735
2011-08-20 20:00:00,246.61446
2011-08-20 21:00:00,192.3871
2011-08-20 22:00:00,172.51765
2011-08-20 23:00:00,135.39381
2011-08-21 00:00:00,151.94566
2011-08-21 01:00:00,112.06405
2011-08-21 02:00:00,101.823265
2011-08-21 03:00:00,71.9336
2011-08-21 04:00:00,85.066734
2011-08-21 05:00:00,58.170303
2011-08-21 06:00:00,54.316994
2011-08-21 07:00:00,109.63023
2011-08-21 08:00:00,126.67407
2011-08-21 09:00:00,166.08281
2011-08-21 10:00:00,178.43723
2011-08-21 11:00:00,271.7952
2011-08-21 12:00:00,298.62787
2011-08-21 13:00:00,413.4318
2011-08-21 14:00:00,173.12715
2011-08-21 15:00:00,113.43439
2011-08-21 16:00:00,123.98984
2011-08-21 17:00:00,116.92301
2011-08-21 18:00:00,142.05638
2011-08-21 19:00:00,199.73738
2011-08-21 20:00:00,131.80858
2011-08-21 21:00:00,131.80858
2011-08-21 22:00:00,130.43683
2011-08-21 23:00:00,143.62077
2011-08-22 00:00:00,104.792435
2011-08-22 01:00:00,93.01854
2011-08-22 02:00:00,245.41975
2011-08-22 03:00:00,280.83264
2011-08-22 04:00:00,223.00671
2011-08-22 05:00:00,274.51636
2011-08-22 06:00:00,287.87482
2011-08-22 07:00:00,290.04456
2011-08-22 08:00:00,290.04456
2011-08-22 09:00:00,312.0596
2011-08-22 10:00:00,330.71463
2011-08-22 11:00:00,313.4486
2011-08-22 12:00:00,308.90335
2011-08-22 13:00:00,326.16812
2011-08-22 14:00:00,329.96414
2011-08-22 15:00:00,337.29984
2011-08-22 16:00:00,329.96414
2011-08-22 17:00:00,339.94632
2011-08-22 18:00:00,355.85052
2011-08-22 19:00:00,378.12604
2011-08-22 20:00:00,403.31207
2011-08-22 21:00:00,384.38376
2011-08-22 22:00:00,366.9652
2011-08-22 23:00:00,369.42007
2011-08-23 00:00:00,343.53894
2011-08-23 01:00:00,308.95703
2011-08-23 02:00:00,286.65308
2011-08-23 03:00:00,282.13342
2011-08-23 04:00:00,235.39252
2011-08-23 05:00:00,255.16139
2011-08-23 06:00:00,230.9127
2011-08-23 07:00:00,292.53122
2011-08-23 08:00:00,252.38411
2011-08-23 09:00:00,287.82877
2011-08-23 10:00:00,271.4049
2011-08-23 11:00:00,373.18375
2011-08-23 12:00:00,302.42487
2011-08-23 13:00:00,391.94604
2011-08-23 14:00:00,392.94537
2011-08-23 15:00:00,353.14575
2011-08-23 16:00:00,373.54465
2011-08-23 17:00:00,353.14575
2011-08-23 18:00:00,356.5213
2011-08-23 19:00:00,307.77533
2011-08-23 20:00:00,295.546
2011-08-23 21:00:00,118.87953
2011-08-23 22:00:00,181.58292
2011-08-23 23:00:00,164.33029
2011-08-24 00:00:00,181.58292
2011-08-24 01:00:00,152.24551
2011-08-24 02:00:00,132.25928
2011-08-24 03:00:00,132.25928
2011-08-24 04:00:00,112.8835
2011-08-24 05:00:00,112.8835
2011-08-24 06:00:00,118.70588
2011-08-24 07:00:00,132.79277
2011-08-24 08:00:00,131.9842
2011-08-24 09:00:00,187.7097
2011-08-24 10:00:00,321.3305
2011-08-24 11:00:00,331.41296
2011-08-24 12:00:00,327.71704
2011-08-24 13:00:00,292.14554
2011-08-24 14:00:00,292.14554
2011-08-24 15:00:00,302.30243
2011-08-24 16:00:00,295.18835
2011-08-24 17:00:00,303.48404
2011-08-24 18:00:00,339.63373
2011-08-24 19:00:00,339.63373
2011-08-24 20:00:00,340.5158
2011-08-24 21:00:00,319.27988
2011-08-24 22:00:00,314.08383
2011-08-24 23:00:00,270.3117
2011-08-25 00:00:00,215.89583
2011-08-25 01:00:00,272.63513
2011-08-25 02:00:00,272.63513
2011-08-25 03:00:00,215.4351
2011-08-25 04:00:00,232.22539
2011-08-25 05:00:00,234.75749
2011-08-25 06:00:00,165.79588
2011-08-25 07:00:00,187.47926
2011-08-25 08:00:00,225.10202
2011-08-25 09:00:00,261.0535
2011-08-25 10:00:00,289.00482
2011-08-25 11:00:00,194.00049
2011-08-25 12:00:00,194.00049
2011-08-25 13:00:00,112.10161
2011-08-25 14:00:00,290.41132
2011-08-25 15:00:00,299.4855
2011-08-25 16:00:00,80.16458
2011-08-25 17:00:00,80.16458
2011-08-25 18:00:00,191.74022
2011-08-25 19:00:00,200.36217
2011-08-25 20:00:00,199.80817
2011-08-25 21:00:00,146.22652
2011-08-25 22:00:00,70.54863
2011-08-25 23:00:00,68.83208
2011-08-26 00:00:00,73.741585
2011-08-26 01:00:00,70.54863
2011-08-26 02:00:00,58.607033
2011-08-26 03:00:00,50.670403
2011-08-26 04:00:00,57.566685
2011-08-26 05:00:00,83.028984
2011-08-26 06:00:00,57.566685
2011-08-26 07:00:00,73.682144
2011-08-26 08:00:00,81.162964
2011-08-26 09:00:00,99.296585
2011-08-26 10:00:00,184.49983
2011-08-26 11:00:00,308.80383
2011-08-26 12:00:00,303.20874
2011-08-26 13:00:00,320.88788
2011-08-26 14:00:00,210.72844
2011-08-26 15:00:00,321.32758
2011-08-26 16:00:00,248.30386
2011-08-26 17:00:00,274.3313
2011-08-26 18:00:00,259.76163
2011-08-26 19:00:00,131.79697
2011-08-26 20:00:00,124.32335
2011-08-26 21:00:00,145.6214
2011-08-26 22:00:00,131.79694
2011-08-26 23:00:00,89.51704
2011-08-27 00:00:00,78.07524
2011-08-27 01:00:00,78.24397
2011-08-27 02:00:00,85.94766
2011-08-27 03:00:00,100.65342
2011-08-27 04:00:00,100.65342
2011-08-27 05:00:00,121.86797
2011-08-27 06:00:00,121.86797
2011-08-27 07:00:00,165.7815
2011-08-27 08:00:00,106.646416
2011-08-27 09:00:00,197.42122
2011-08-27 10:00:00,254.1527
2011-08-27 11:00:00,76.9972
2011-08-27 12:00:00,111.57248
2011-08-27 13:00:00,110.43945
2011-08-27 14:00:00,94.35481
2011-08-27 15:00:00,94.35481
2011-08-27 16:00:00,88.93247
2011-08-27 17:00:00,117.35719
2011-08-28 07:00:00,103.76044
2011-08-28 08:00:00,100.803894
2011-08-28 09:00:00,252.65918
2011-08-28 10:00:00,451.60004
2011-08-28 11:00:00,389.10782
2011-08-28 12:00:00,454.98795
2011-08-28 13:00:00,471.2031
2011-08-28 14:00:00,519.3962
2011-08-28 15:00:00,470.5628
2011-08-28 16:00:00,519.04553
2011-08-28 17:00:00,471.5213
2011-08-28 18:00:00,439.18146
2011-08-28 19:00:00,292.87906
2011-08-28 20:00:00,346.8644
2011-08-28 21:00:00,161.0345
2011-08-28 22:00:00,101.839165
2011-08-28 23:00:00,79.06709
2011-08-29 00:00:00,96.34523
2011-08-29 01:00:00,122.24741
2011-08-29 02:00:00,130.58481
2011-08-29 03:00:00,122.24741
2011-08-29 04:00:00,143.29991
2011-08-29 05:00:00,112.604645
2011-08-29 06:00:00,112.604645
2011-08-29 07:00:00,217.16537
2011-08-29 08:00:00,271.3932
2011-08-29 09:00:00,285.49237
2011-08-29 10:00:00,322.06717
2011-08-29 11:00:00,281.36087
2011-08-29 12:00:00,288.73386
2011-08-29 13:00:00,317.96808
2011-08-29 14:00:00,216.82133
2011-08-29 15:00:00,333.29544
2011-08-29 16:00:00,345.32025
2011-08-29 17:00:00,291.54837
2011-08-29 18:00:00,328.76904
2011-08-29 19:00:00,328.76904
2011-08-29 20:00:00,226.69011
2011-08-29 21:00:00,252.0021
2011-08-29 22:00:00,181.58292
2011-08-29 23:00:00,141.921
2011-08-30 00:00:00,112.604645
2011-08-30 01:00:00,143.19478
2011-08-30 02:00:00,118.002594
2011-08-30 03:00:00,120.37187
2011-08-30 04:00:00,95.50131
2011-08-30 05:00:00,97.40238
2011-08-30 06:00:00,118.002594
2011-08-30 07:00:00,143.29991
2011-08-30 08:00:00,181.58292
2011-08-30 09:00:00,307.77533
2011-08-30 10:00:00,355.57803
2011-08-30 11:00:00,351.8759
2011-08-30 12:00:00,260.71182
2011-08-30 13:00:00,358.27454
2011-08-30 14:00:00,364.39438
2011-08-30 15:00:00,350.98563
2011-08-30 16:00:00,360.91766
2011-08-30 17:00:00,355.65417
2011-08-30 18:00:00,310.21576
2011-08-30 19:00:00,190.49986
2011-08-30 20:00:00,152.51042
2011-08-30 21:00:00,132.517
2011-08-30 22:00:00,101.433975
2011-08-30 23:00:00,101.433975
2011-08-31 00:00:00,87.39604
2011-08-31 01:00:00,87.39604
2011-08-31 02:00:00,118.70596
2011-08-31 03:00:00,89.43161
2011-08-31 04:00:00,118.70596
2011-08-31 05:00:00,52.76864
2011-08-31 06:00:00,106.311905
2011-08-31 07:00:00,78.75051
2011-08-31 08:00:00,85.4059
2011-08-31 09:00:00,122.478714
2011-08-31 10:00:00,258.2514
2011-08-31 11:00:00,319.96085
2011-08-31 12:00:00,328.68204
2011-08-31 13:00:00,343.0159
2011-08-31 14:00:00,346.997
2011-08-31 15:00:00,346.997
2011-08-31 16:00:00,335.72534
2011-08-31 17:00:00,298.187
2011-08-31 18:00:00,324.63922
2011-08-31 19:00:00,332.55676
2011-08-31 20:00:00,199.17616
2011-08-31 21:00:00,145.92752
2011-08-31 22:00:00,85.07656
2011-08-31 23:00:00,80.0088
2011-09-20 00:00:00,215.18227
2011-09-20 01:00:00,117.82631
2011-09-20 02:00:00,117.82631
2011-09-20 03:00:00,162.81311
2011-09-20 04:00:00,46.006157
2011-09-20 05:00:00,124.486145
2011-09-20 06:00:00,124.486145
2011-09-20 07:00:00,117.82631
2011-09-20 08:00:00,59.284233
2011-09-20 09:00:00,52.567413
2011-09-20 10:00:00,62.02796
2011-09-20 11:00:00,62.02796
2011-09-20 12:00:00,78.378296
2011-09-20 13:00:00,65.70237
2011-09-20 14:00:00,145.5301
2011-09-20 15:00:00,201.00362
2011-09-20 16:00:00,173.0962
2011-09-20 17:00:00,64.35967
2011-09-20 18:00:00,64.35967
2011-09-20 19:00:00,53.07276
2011-09-20 20:00:00,38.504673
2011-09-20 21:00:00,38.504665
2011-09-20 22:00:00,38.504665
2011-09-20 23:00:00,38.504665
2011-09-21 00:00:00,27.659473
2011-09-21 01:00:00,36.97277
2011-09-21 02:00:00,36.97277
2011-09-21 03:00:00,48.00447
2011-09-21 04:00:00,35.14248
2011-09-21 05:00:00,44.34631
2011-09-21 06:00:00,51.79322
2011-09-21 07:00:00,51.79322
2011-09-21 08:00:00,27.787783
2011-09-21 09:00:00,26.455833
2011-09-21 10:00:00,81.81919
2011-09-21 11:00:00,180.80045
2011-09-21 12:00:00,209.50853
2011-09-21 13:00:00,236.3717
2011-09-21 14:00:00,241.05624
2011-09-21 15:00:00,228.85794
2011-09-21 16:00:00,228.85794
2011-09-21 17:00:00,211.95198
2011-09-21 18:00:00,116.059555
2011-09-21 19:00:00,47.158398
2011-09-21 20:00:00,47.158398
2011-09-21 21:00:00,29.06485
2011-09-21 22:00:00,55.53302
2011-09-21 23:00:00,34.398067
2011-09-22 00:00:00,34.398067
2011-09-22 01:00:00,55.41317
2011-09-22 02:00:00,60.261604
2011-09-22 03:00:00,55.413147
2011-09-22 04:00:00,55.413147
2011-09-22 05:00:00,60.261604
2011-09-22 06:00:00,40.30357
2011-09-22 07:00:00,32.37603
2011-09-22 08:00:00,55.811085
2011-09-22 09:00:00,106.353195
2011-09-22 10:00:00,160.6425
2011-09-22 11:00:00,151.74527
2011-09-22 12:00:00,204.1095
2011-09-22 13:00:00,190.64476
2011-09-22 14:00:00,176.72958
2011-09-22 15:00:00,231.32843
2011-09-22 16:00:00,236.96016
2011-09-22 17:00:00,221.49306
2011-09-22 18:00:00,180.11562
2011-09-22 19:00:00,105.29683
2011-09-22 20:00:00,76.54073
2011-09-22 21:00:00,105.29683
2011-09-22 22:00:00,31.642982
2011-09-22 23:00:00,55.53302
2011-09-23 00:00:00,126.72033
2011-09-23 01:00:00,58.90446
2011-09-23 02:00:00,104.27397
2011-09-23 03:00:00,58.90446
2011-09-23 04:00:00,91.132866
2011-09-23 05:00:00,77.19459
2011-09-23 06:00:00,126.72033
2011-09-23 07:00:00,140.39406
2011-09-23 08:00:00,140.39406
2011-09-23 09:00:00,107.49008
2011-09-23 10:00:00,105.91736
2011-09-23 11:00:00,105.91734
2011-09-23 12:00:00,138.91669
2011-09-23 13:00:00,98.63571
2011-09-23 14:00:00,98.63571
2011-09-23 15:00:00,138.91667
2011-09-23 16:00:00,126.024864
2011-09-23 17:00:00,58.90446
2011-09-23 18:00:00,84.41215
2011-09-23 19:00:00,108.175934
2011-09-23 20:00:00,117.57973
2011-09-23 21:00:00,75.36298
2011-09-23 22:00:00,111.32257
2011-09-23 23:00:00,97.49048
2011-09-24 00:00:00,68.74059
2011-09-24 01:00:00,128.2611
2011-09-24 02:00:00,128.2611
2011-09-24 03:00:00,105.13641
2011-09-24 04:00:00,83.80051
2011-09-24 05:00:00,122.72931
2011-09-24 06:00:00,122.72931
2011-09-24 07:00:00,189.97816
2011-09-24 08:00:00,168.71997
2011-09-24 09:00:00,197.52083
2011-09-24 10:00:00,197.52083
2011-09-24 11:00:00,263.09793
2011-09-24 12:00:00,263.09793
2011-09-24 13:00:00,238.54308
2011-09-24 14:00:00,393.72992
2011-09-24 15:00:00,393.72992
2011-09-24 16:00:00,330.16098
2011-09-24 17:00:00,277.98352
2011-09-24 18:00:00,219.75774
2011-09-24 19:00:00,144.83083
2011-09-24 20:00:00,183.55072
2011-09-24 21:00:00,167.14699
2011-09-24 22:00:00,249.1499
2011-09-24 23:00:00,197.52083
2011-09-25 00:00:00,247.59065
2011-09-25 01:00:00,191.12619
2011-09-25 02:00:00,138.6772
2011-09-25 03:00:00,138.6772
2011-09-25 04:00:00,118.66202
2011-09-25 05:00:00,121.593
2011-09-25 06:00:00,191.12619
2011-09-25 07:00:00,122.21849
2011-09-25 08:00:00,249.1499
2011-09-25 09:00:00,308.61334
2011-09-25 10:00:00,308.61334
2011-09-25 11:00:00,339.19424
2011-09-25 12:00:00,368.01587
2011-09-25 13:00:00,415.5327
2011-09-25 14:00:00,368.01587
2011-09-25 15:00:00,368.01587
2011-09-25 16:00:00,378.31244
2011-09-25 17:00:00,317.6311
2011-09-25 18:00:00,317.6311
2011-09-25 19:00:00,176.35802
2011-09-25 20:00:00,175.61897
2011-09-25 21:00:00,91.50908
2011-09-25 22:00:00,129.03545
2011-09-25 23:00:00,127.63631
2011-09-26 00:00:00,77.19459
2011-09-26 01:00:00,200.06842
2011-09-26 02:00:00,200.06842
2011-09-26 03:00:00,77.19459
2011-09-26 04:00:00,126.72036
2011-09-26 05:00:00,114.21846
2011-09-26 06:00:00,126.72033
2011-09-26 07:00:00,77.19459
2011-09-26 08:00:00,77.19459
2011-09-26 09:00:00,231.78789
2011-09-26 10:00:00,231.78789
2011-09-26 11:00:00,254.29951
2011-09-26 12:00:00,299.54544
2011-09-26 13:00:00,311.4699
2011-09-26 14:00:00,438.06976
2011-09-26 15:00:00,516.25696
2011-09-26 16:00:00,485.34625
2011-09-26 17:00:00,446.85065
2011-09-26 18:00:00,206.52989
2011-09-26 19:00:00,227.57855
2011-09-26 20:00:00,149.15698
2011-09-26 21:00:00,149.15698
2011-09-26 22:00:00,108.175934
2011-09-26 23:00:00,108.175934
2011-09-27 00:00:00,108.175934
2011-09-27 01:00:00,108.692116
2011-09-27 02:00:00,108.07235
2011-09-27 03:00:00,77.19459
2011-09-27 04:00:00,137.78125
2011-09-27 05:00:00,137.78125
2011-09-27 06:00:00,131.91576
2011-09-27 07:00:00,131.91576
2011-09-27 08:00:00,212.58476
2011-09-27 09:00:00,163.76476
2011-09-27 10:00:00,140.3379
2011-09-27 11:00:00,237.39394
2011-09-27 12:00:00,246.15425
2011-09-27 13:00:00,283.69928
2011-09-27 14:00:00,309.17657
2011-09-27 15:00:00,299.13492
2011-09-27 16:00:00,271.78265
2011-09-27 17:00:00,244.54951
2011-09-27 18:00:00,222.39784
2011-09-27 19:00:00,223.83722
2011-09-27 20:00:00,278.77866
2011-09-27 21:00:00,177.99521
2011-09-27 22:00:00,154.61528
2011-09-27 23:00:00,154.61528
2011-09-28 00:00:00,143.38239
2011-09-28 01:00:00,143.38239
2011-09-28 02:00:00,173.14995
2011-09-28 03:00:00,120.87668
2011-09-28 04:00:00,143.38239
2011-09-28 05:00:00,70.5535
2011-09-28 06:00:00,126.52341
2011-09-28 07:00:00,126.52341
2011-09-28 08:00:00,118.568306
2011-09-28 09:00:00,118.568306
2011-09-28 10:00:00,77.19459
2011-09-28 11:00:00,274.5937
2011-09-28 12:00:00,321.5737
2011-09-28 13:00:00,324.84393
2011-09-28 14:00:00,452.99603
2011-09-28 15:00:00,446.85065
2011-09-28 16:00:00,418.35922
2011-09-28 17:00:00,396.3818
2011-09-28 18:00:00,211.20009
2011-09-28 19:00:00,211.20012
2011-09-28 20:00:00,159.02364
2011-09-28 21:00:00,136.2132
2011-09-28 22:00:00,154.61528
2011-09-28 23:00:00,111.15731
2011-09-29 00:00:00,113.30885
2011-09-29 01:00:00,132.19022
2011-09-29 02:00:00,132.19022
2011-09-29 03:00:00,196.46523
2011-09-29 04:00:00,197.6809
2011-09-29 05:00:00,180.35234
2011-09-29 06:00:00,169.84305
2011-09-29 07:00:00,160.08583
2011-09-29 08:00:00,177.99521
2011-09-29 09:00:00,258.0269
2011-09-29 10:00:00,411.11
2011-09-29 11:00:00,394.17548
2011-09-29 12:00:00,448.53784
2011-09-29 13:00:00,415.63766
2011-09-29 14:00:00,413.9635
2011-09-29 15:00:00,364.3845
2011-09-29 16:00:00,376.326
2011-09-29 17:00:00,390.86166
2011-09-29 18:00:00,393.65024
2011-09-29 19:00:00,416.0285
2011-09-29 20:00:00,403.9662
2011-09-29 21:00:00,387.82736
2011-09-29 22:00:00,327.31372
2011-09-29 23:00:00,240.36592
2011-09-30 00:00:00,207.17351
2011-09-30 01:00:00,233.70932
2011-09-30 02:00:00,207.17351
2011-09-30 03:00:00,207.17354
2011-09-30 04:00:00,214.04579
2011-09-30 05:00:00,214.04576
2011-09-30 06:00:00,217.88756
2011-09-30 07:00:00,217.88756
2011-09-30 08:00:00,271.4517
2011-09-30 09:00:00,299.203
2011-09-30 10:00:00,396.08447
2011-09-30 11:00:00,446.15186
2011-09-30 12:00:00,301.64847
2011-09-30 13:00:00,305.8112
2011-09-30 14:00:00,305.63165
2011-09-30 15:00:00,387.0579
2011-09-30 16:00:00,387.40387
2011-09-30 17:00:00,394.35138
2011-09-30 18:00:00,299.92453
2011-09-30 19:00:00,265.5075
2011-09-30 20:00:00,265.5075
2011-09-30 21:00:00,272.06622
2011-09-30 22:00:00,223.51588
2011-09-30 23:00:00,223.51588
2011-10-20 00:00:00,138.44826
2011-10-20 01:00:00,217.78374
2011-10-20 02:00:00,237.09645
2011-10-20 03:00:00,217.14279
2011-10-20 04:00:00,217.14279
2011-10-20 05:00:00,237.38315
2011-10-20 06:00:00,186.92743
2011-10-20 07:00:00,145.74622
2011-10-20 08:00:00,150.62888
2011-10-20 09:00:00,163.05943
2011-10-20 10:00:00,189.61497
2011-10-20 11:00:00,235.67891
2011-10-20 12:00:00,272.58698
2011-10-20 13:00:00,284.59976
2011-10-20 14:00:00,225.81013
2011-10-20 15:00:00,231.53255
2011-10-20 16:00:00,231.53255
2011-10-20 17:00:00,241.0212
2011-10-20 18:00:00,257.67938
2011-10-20 19:00:00,238.91243
2011-10-20 20:00:00,248.73297
2011-10-20 21:00:00,228.52466
2011-10-20 22:00:00,233.76207
2011-10-20 23:00:00,194.31914
2011-10-21 00:00:00,172.11229
2011-10-21 01:00:00,181.10951
2011-10-21 02:00:00,171.65567
2011-10-21 03:00:00,152.68877
2011-10-21 04:00:00,156.91888
2011-10-21 05:00:00,164.54369
2011-10-21 06:00:00,156.91888
2011-10-21 07:00:00,156.91888
2011-10-21 08:00:00,193.55974
2011-10-21 09:00:00,306.8863
2011-10-21 10:00:00,276.14764
2011-10-21 11:00:00,298.09872
2011-10-21 12:00:00,284.91837
2011-10-21 13:00:00,252.24248
2011-10-21 14:00:00,310.95605
2011-10-21 15:00:00,287.84448
2011-10-21 16:00:00,293.7108
2011-10-21 17:00:00,273.80176
2011-10-21 18:00:00,269.56818
2011-10-21 19:00:00,218.62337
2011-10-21 20:00:00,284.30768
2011-10-21 21:00:00,230.45638
2011-10-21 22:00:00,254.2075
2011-10-21 23:00:00,181.10951
2011-10-22 00:00:00,189.98607
2011-10-22 01:00:00,189.98607
2011-10-22 02:00:00,184.2311
2011-10-22 03:00:00,196.3161
2011-10-22 04:00:00,176.889
2011-10-22 05:00:00,180.27055
2011-10-22 06:00:00,134.05473
2011-10-22 07:00:00,114.55235
2011-10-22 08:00:00,168.6515
2011-10-22 09:00:00,183.58177
2011-10-22 10:00:00,274.3673
2011-10-22 11:00:00,274.3673
2011-10-22 12:00:00,267.52075
2011-10-22 13:00:00,428.50647
2011-10-22 14:00:00,277.18826
2011-10-22 15:00:00,286.37396
2011-10-22 16:00:00,355.1247
2011-10-22 17:00:00,257.31412
2011-10-22 18:00:00,268.75677
2011-10-22 19:00:00,212.94823
2011-10-22 20:00:00,206.3058
2011-10-22 21:00:00,140.0535
2011-10-22 22:00:00,140.0535
2011-10-22 23:00:00,99.51329
2011-10-23 00:00:00,77.87798
2011-10-23 01:00:00,77.87798
2011-10-23 02:00:00,77.183586
2011-10-23 03:00:00,71.69513
2011-10-23 04:00:00,71.69513
2011-10-23 05:00:00,65.18579
2011-10-23 06:00:00,71.30048
2011-10-23 07:00:00,77.183586
2011-10-23 08:00:00,90.799446
2011-10-23 09:00:00,140.0535
2011-10-23 10:00:00,161.83992
2011-10-23 11:00:00,160.7249
2011-10-23 12:00:00,248.35744
2011-10-23 13:00:00,289.27078
2011-10-23 14:00:00,281.5217
2011-10-23 15:00:00,315.32455
2011-10-23 16:00:00,289.27078
2011-10-23 17:00:00,221.42467
2011-10-23 18:00:00,226.26067
2011-10-23 19:00:00,161.10399
2011-10-23 20:00:00,161.88084
2011-10-23 21:00:00,161.88084
2011-10-23 22:00:00,130.3106
2011-10-23 23:00:00,127.18208
2011-10-24 00:00:00,160.15291
2011-10-24 01:00:00,139.17479
2011-10-24 02:00:00,128.34897
2011-10-24 03:00:00,132.75468
2011-10-24 04:00:00,145.7967
2011-10-24 05:00:00,133.36528
2011-10-24 06:00:00,128.34897
2011-10-24 07:00:00,120.5158
2011-10-24 08:00:00,177.47427
2011-10-24 09:00:00,182.18367
2011-10-24 10:00:00,219.82915
2011-10-24 11:00:00,254.2605
2011-10-24 12:00:00,268.19693
2011-10-24 13:00:00,262.50055
2011-10-24 14:00:00,275.80414
2011-10-24 15:00:00,329.9522
2011-10-24 16:00:00,292.60425
2011-10-24 17:00:00,292.60638
2011-10-24 18:00:00,339.02295
2011-10-24 19:00:00,133.50354
2011-10-24 20:00:00,182.43431
2011-10-24 21:00:00,151.10008
2011-10-24 22:00:00,227.61935
2011-10-24 23:00:00,176.98485
2011-10-25 00:00:00,172.96666
2011-10-25 01:00:00,172.96666
2011-10-25 02:00:00,146.09712
2011-10-25 03:00:00,137.52617
2011-10-25 04:00:00,132.49475
2011-10-25 05:00:00,132.49475
2011-10-25 06:00:00,130.37195
2011-10-25 07:00:00,186.73125
2011-10-25 08:00:00,174.4522
2011-10-25 09:00:00,233.16556
2011-10-25 10:00:00,257.1129
2011-10-25 11:00:00,275.03595
2011-10-25 12:00:00,328.48853
2011-10-25 13:00:00,336.89777
2011-10-25 14:00:00,336.2961
2011-10-25 15:00:00,351.087
2011-10-25 16:00:00,355.14438
2011-10-25 17:00:00,351.087
2011-10-25 18:00:00,322.31345
2011-10-25 19:00:00,217.78111
2011-10-25 20:00:00,235.1837
2011-10-25 21:00:00,191.90054
2011-10-25 22:00:00,197.92195
2011-10-25 23:00:00,191.90054
2011-10-26 00:00:00,200.7751
2011-10-26 01:00:00,161.20251
2011-10-26 02:00:00,189.07306
2011-10-26 03:00:00,170.85991
2011-10-26 04:00:00,183.11787
2011-10-26 05:00:00,189.48901
2011-10-26 06:00:00,189.48901
2011-10-26 07:00:00,186.96394
2011-10-26 08:00:00,251.17395
2011-10-26 09:00:00,263.20132
2011-10-26 10:00:00,253.48009
2011-10-26 11:00:00,205.75807
2011-10-26 12:00:00,346.8237
2011-10-26 13:00:00,330.17285
2011-10-26 14:00:00,151.1141
2011-10-26 15:00:00,151.1141
2011-10-26 16:00:00,201.46571
2011-10-26 17:00:00,205.43217
2011-10-26 18:00:00,259.3686
2011-10-26 19:00:00,168.71645
2011-10-26 20:00:00,149.44579
2011-10-26 21:00:00,151.1141
2011-10-26 22:00:00,121.81349
2011-10-26 23:00:00,121.81349
2011-10-27 00:00:00,113.47525
2011-10-27 01:00:00,113.47525
2011-10-27 02:00:00,66.16852
2011-10-27 03:00:00,66.16854
2011-10-27 04:00:00,102.986404
2011-10-27 05:00:00,114.305695
2011-10-27 06:00:00,143.63785
2011-10-27 07:00:00,95.83546
2011-10-27 08:00:00,106.52609
2011-10-27 09:00:00,182.03563
2011-10-27 10:00:00,112.528275
2011-10-27 11:00:00,123.85303
2011-10-27 12:00:00,123.85303
2011-10-27 13:00:00,178.67007
2011-10-27 14:00:00,113.43796
2011-10-27 15:00:00,164.60167
2011-10-27 16:00:00,266.8542
2011-10-27 17:00:00,157.4365
2011-10-27 18:00:00,165.59877
2011-10-27 19:00:00,153.62906
2011-10-27 20:00:00,143.2036
2011-10-27 21:00:00,174.22968
2011-10-27 22:00:00,169.08205
2011-10-27 23:00:00,195.29608
2011-10-28 00:00:00,172.44815
2011-10-28 01:00:00,173.14944
2011-10-28 02:00:00,173.5334
2011-10-28 03:00:00,164.32457
2011-10-28 04:00:00,178.28575
2011-10-28 05:00:00,184.18088
2011-10-28 06:00:00,180.1047
2011-10-28 07:00:00,180.1047
2011-10-28 08:00:00,188.53767
2011-10-28 09:00:00,211.14696
2011-10-28 10:00:00,213.48637
2011-10-28 11:00:00,238.28044
2011-10-28 12:00:00,273.08585
2011-10-28 13:00:00,244.04631
2011-10-28 14:00:00,265.11188
2011-10-28 15:00:00,239.0986
2011-10-28 16:00:00,273.18268
2011-10-28 17:00:00,269.74664
2011-10-28 18:00:00,278.54785
2011-10-28 19:00:00,269.74664
2011-10-28 20:00:00,169.16127
2011-10-28 21:00:00,115.17549
2011-10-28 22:00:00,96.01784
2011-10-28 23:00:00,77.85606
2011-10-29 00:00:00,127.95729
2011-10-29 01:00:00,125.52789
2011-10-29 02:00:00,125.52789
2011-10-29 03:00:00,142.7962
2011-10-29 04:00:00,142.7962
2011-10-29 05:00:00,106.29837
2011-10-29 06:00:00,128.91975
2011-10-29 07:00:00,128.91975
2011-10-29 08:00:00,124.666214
2011-10-29 09:00:00,124.666214
2011-10-29 10:00:00,108.76898
2011-10-29 11:00:00,103.83659
2011-10-29 12:00:00,132.37372
2011-10-29 13:00:00,131.08151
2011-10-29 14:00:00,133.08101
2011-10-29 15:00:00,106.15346
2011-10-29 16:00:00,113.56911
2011-10-29 17:00:00,113.56911
2011-10-29 18:00:00,113.56911
2011-10-29 19:00:00,67.331566
2011-10-29 20:00:00,67.331566
2011-10-29 21:00:00,67.33153
2011-10-29 22:00:00,60.21163
2011-10-29 23:00:00,56.605675
2011-10-30 00:00:00,60.21163
2011-10-30 01:00:00,60.44136
2011-10-30 02:00:00,59.472816
2011-10-30 03:00:00,87.03085
2011-10-30 04:00:00,68.39276
2011-10-30 05:00:00,81.54133
2011-10-30 06:00:00,74.75853
2011-10-30 07:00:00,41.34889
2011-10-30 08:00:00,80.127335
2011-10-30 09:00:00,123.79404
2011-10-30 10:00:00,135.94734
2011-10-30 11:00:00,216.05464
2011-10-30 12:00:00,260.09714
2011-10-30 13:00:00,318.716
2011-10-30 14:00:00,381.30646
2011-10-30 15:00:00,428.6116
2011-10-30 16:00:00,469.75793
2011-10-30 17:00:00,432.11078
2011-10-30 18:00:00,319.46283
2011-10-30 19:00:00,326.0364
2011-10-30 20:00:00,184.68715
2011-10-30 21:00:00,113.039536
2011-10-30 22:00:00,69.480515
2011-10-30 23:00:00,45.044563
2011-10-31 00:00:00,113.04282
2011-10-31 01:00:00,98.53772
2011-10-31 02:00:00,109.03348
2011-10-31 03:00:00,129.68709
2011-10-31 04:00:00,109.0335
2011-10-31 05:00:00,116.70909
2011-10-31 06:00:00,109.03348
2011-10-31 07:00:00,118.29102
2011-10-31 08:00:00,80.91822
2011-10-31 09:00:00,135.81699
2011-10-31 10:00:00,267.56406
2011-10-31 11:00:00,264.83206
2011-10-31 12:00:00,264.46173
2011-10-31 13:00:00,272.95834
2011-10-31 14:00:00,285.2347
2011-10-31 15:00:00,286.09308
2011-10-31 16:00:00,254.2075
2011-10-31 17:00:00,258.22705
2011-10-31 18:00:00,188.48993
2011-10-31 19:00:00,188.48993
2011-10-31 20:00:00,188.48993
2011-10-31 21:00:00,138.05472
2011-10-31 22:00:00,138.05472
2011-10-31 23:00:00,138.05472
2011-11-20 00:00:00,166.85359
2011-11-20 01:00:00,184.2311
2011-11-20 02:00:00,181.92798
2011-11-20 03:00:00,174.0798
2011-11-20 04:00:00,178.33157
2011-11-20 05:00:00,185.21777
2011-11-20 06:00:00,194.79738
2011-11-20 07:00:00,172.44029
2011-11-20 08:00:00,191.74596
2011-11-20 09:00:00,154.97124
2011-11-20 10:00:00,284.88818
2011-11-20 11:00:00,327.0597
2011-11-20 12:00:00,309.1723
2011-11-20 13:00:00,360.482
2011-11-20 14:00:00,243.3892
2011-11-20 15:00:00,346.01166
2011-11-20 16:00:00,333.51233
2011-11-20 17:00:00,331.83698
2011-11-20 18:00:00,368.52783
2011-11-20 19:00:00,314.92737
2011-11-20 20:00:00,337.04492
2011-11-20 21:00:00,272.76724
2011-11-20 22:00:00,137.97116
2011-11-20 23:00:00,137.97116
2011-11-21 00:00:00,52.04323
2011-11-21 01:00:00,86.76626
2011-11-21 02:00:00,75.73247
2011-11-21 03:00:00,66.21232
2011-11-21 04:00:00,66.21232
2011-11-21 05:00:00,42.434097
2011-11-21 06:00:00,44.43276
2011-11-21 07:00:00,154.36223
2011-11-21 08:00:00,52.04323
2011-11-21 09:00:00,106.22266
2011-11-21 10:00:00,113.43796
2011-11-21 11:00:00,164.60167
2011-11-21 12:00:00,206.73143
2011-11-21 13:00:00,206.73143
2011-11-21 14:00:00,198.02296
2011-11-21 15:00:00,80.00581
2011-11-21 16:00:00,80.00581
2011-11-21 17:00:00,64.90038
2011-11-21 18:00:00,94.46447
2011-11-21 19:00:00,79.21915
2011-11-21 20:00:00,85.95232
2011-11-21 21:00:00,88.57894
2011-11-21 22:00:00,82.24751
2011-11-21 23:00:00,88.57894
2011-11-22 00:00:00,59.95546
2011-11-22 01:00:00,69.05754
2011-11-22 02:00:00,54.786037
2011-11-22 03:00:00,54.786037
2011-11-22 04:00:00,75.802704
2011-11-22 05:00:00,75.802704
2011-11-22 06:00:00,120.5158
2011-11-22 07:00:00,74.7627
2011-11-22 08:00:00,74.7627
2011-11-22 09:00:00,49.90798
2011-11-22 10:00:00,49.90798
2011-11-22 11:00:00,69.05754
2011-11-22 12:00:00,50.16441
2011-11-22 13:00:00,50.9244
2011-11-22 14:00:00,50.9244
2011-11-22 15:00:00,61.315693
2011-11-22 16:00:00,61.315693
2011-11-22 17:00:00,53.999985
2011-11-22 18:00:00,42.125725
2011-11-22 19:00:00,77.91371
2011-11-22 20:00:00,145.83281
2011-11-22 21:00:00,159.27052
2011-11-22 22:00:00,183.64258
2011-11-22 23:00:00,219.51146
2011-11-23 00:00:00,219.51146
2011-11-23 01:00:00,220.41856
2011-11-23 02:00:00,64.701195
2011-11-23 03:00:00,64.70119
2011-11-23 04:00:00,76.704025
2011-11-23 05:00:00,187.46898
2011-11-23 06:00:00,42.434097
2011-11-23 07:00:00,80.497375
2011-11-23 08:00:00,106.22266
2011-11-23 09:00:00,183.52383
2011-11-23 10:00:00,183.52383
2011-11-23 11:00:00,166.67722
2011-11-23 12:00:00,219.54149
2011-11-23 13:00:00,197.68575
2011-11-23 14:00:00,229.78511
2011-11-23 15:00:00,201.0994
2011-11-23 16:00:00,160.99527
2011-11-23 17:00:00,86.30006
2011-11-23 18:00:00,165.91438
2011-11-23 19:00:00,191.13663
2011-11-23 20:00:00,179.33034
2011-11-23 21:00:00,211.62755
2011-11-23 22:00:00,193.21092
2011-11-23 23:00:00,188.7526
2011-11-24 00:00:00,68.77937
2011-11-24 01:00:00,130.92505
2011-11-24 02:00:00,84.61485
2011-11-24 03:00:00,36.061974
2011-11-24 04:00:00,29.825253
2011-11-24 05:00:00,32.72881
2011-11-24 06:00:00,29.825253
2011-11-24 07:00:00,26.59135
2011-11-24 08:00:00,31.440662
2011-11-24 09:00:00,26.639833
2011-11-24 10:00:00,34.771248
2011-11-24 11:00:00,228.82797
2011-11-24 12:00:00,254.46715
2011-11-24 13:00:00,295.38007
2011-11-24 14:00:00,377.56372
2011-11-24 15:00:00,350.2682
2011-11-24 16:00:00,348.8377
2011-11-24 17:00:00,231.35292
2011-11-24 18:00:00,96.95556
2011-11-24 19:00:00,79.50463
2011-11-24 20:00:00,74.43068
2011-11-24 21:00:00,73.016396
2011-11-24 22:00:00,73.016396
2011-11-24 23:00:00,48.843647
2011-11-25 00:00:00,155.13893
2011-11-25 01:00:00,126.36142
2011-11-25 02:00:00,128.70854
2011-11-25 03:00:00,124.205536
2011-11-25 04:00:00,128.04395
2011-11-25 05:00:00,84.20104
2011-11-25 06:00:00,128.55147
2011-11-25 07:00:00,98.53772
2011-11-25 08:00:00,132.53844
2011-11-25 09:00:00,115.666084
2011-11-25 10:00:00,156.91888
2011-11-25 11:00:00,186.55316
2011-11-25 12:00:00,286.35797
2011-11-25 13:00:00,298.09872
2011-11-25 14:00:00,335.9459
2011-11-25 15:00:00,355.7657
2011-11-25 16:00:00,336.34497
2011-11-25 17:00:00,355.54752
2011-11-25 18:00:00,309.88998
2011-11-25 19:00:00,206.34097
2011-11-25 20:00:00,239.89226
2011-11-25 21:00:00,141.63599
2011-11-25 22:00:00,133.83286
2011-11-25 23:00:00,132.03564
2011-11-26 00:00:00,104.99613
2011-11-26 01:00:00,91.884186
2011-11-26 02:00:00,74.96871
2011-11-26 03:00:00,64.64235
2011-11-26 04:00:00,64.64235
2011-11-26 05:00:00,83.70461
2011-11-26 06:00:00,122.117386
2011-11-26 07:00:00,54.893017
2011-11-26 08:00:00,91.884186
2011-11-26 09:00:00,102.02341
2011-11-26 10:00:00,93.54306
2011-11-26 11:00:00,203.2548
2011-11-26 12:00:00,331.2739
2011-11-26 13:00:00,432.713
2011-11-26 14:00:00,336.1583
2011-11-26 15:00:00,419.49713
2011-11-26 16:00:00,326.612
2011-11-26 17:00:00,326.612
2011-11-26 18:00:00,225.50162
2011-11-26 19:00:00,250.35289
2011-11-26 20:00:00,310.8263
2011-11-26 21:00:00,163.91753
2011-11-26 22:00:00,230.81726
2011-11-26 23:00:00,93.54306
2011-11-27 00:00:00,93.54306
2011-11-27 01:00:00,93.54306
2011-11-27 02:00:00,84.53811
2011-11-27 03:00:00,71.69513
2011-11-27 04:00:00,80.21585
2011-11-27 05:00:00,89.184395
2011-11-27 06:00:00,104.25963
2011-11-27 07:00:00,93.64498
2011-11-27 08:00:00,107.23564
2011-11-27 09:00:00,164.40004
2011-11-27 10:00:00,164.40004
2011-11-27 11:00:00,211.03322
2011-11-27 12:00:00,279.9871
2011-11-27 13:00:00,275.51773
2011-11-27 14:00:00,524.00757
2011-11-27 15:00:00,530.14075
2011-11-27 16:00:00,324.9078
2011-11-27 17:00:00,298.86255
2011-11-27 18:00:00,220.05196
2011-11-27 19:00:00,195.32085
2011-11-27 20:00:00,230.16664
2011-11-27 21:00:00,197.29004
2011-11-27 22:00:00,176.00426
2011-11-27 23:00:00,176.00426
2011-11-28 00:00:00,231.50693
2011-11-28 01:00:00,223.17989
2011-11-28 03:00:00,159.95366
2011-11-28 04:00:00,150.55336
2011-11-28 05:00:00,137.52617
2011-11-28 06:00:00,140.49661
2011-11-28 07:00:00,139.07204
2011-11-28 08:00:00,56.60833
2011-11-28 09:00:00,211.26411
2011-11-28 10:00:00,199.92415
2011-11-28 11:00:00,268.19693
2011-11-28 12:00:00,354.97696
2011-11-28 13:00:00,340.46497
2011-11-28 14:00:00,413.555
2011-11-28 15:00:00,351.7166
2011-11-28 16:00:00,317.46878
2011-11-28 17:00:00,337.69
2011-11-28 18:00:00,300.28442
2011-11-28 19:00:00,258.9131
2011-11-28 20:00:00,244.18787
2011-11-28 21:00:00,245.31361
2011-11-28 22:00:00,164.60167
2011-11-28 23:00:00,173.47865
2011-11-29 00:00:00,171.38228
2011-11-29 01:00:00,201.17603
2011-11-29 02:00:00,72.744316
2011-11-29 03:00:00,72.744316
2011-11-29 04:00:00,232.24171
2011-11-29 05:00:00,192.73746
2011-11-29 06:00:00,237.37996
2011-11-29 07:00:00,265.416
2011-11-29 08:00:00,250.26047
2011-11-29 09:00:00,184.19849
2011-11-29 10:00:00,184.19849
2011-11-29 11:00:00,87.29198
2011-11-29 12:00:00,63.15879
2011-11-29 13:00:00,97.353424
2011-11-29 14:00:00,79.21915
2011-11-29 15:00:00,64.348946
2011-11-29 16:00:00,85.95232
2011-11-29 17:00:00,184.52016
2011-11-29 18:00:00,168.66327
2011-11-29 19:00:00,161.11768
2011-11-29 20:00:00,181.7159
2011-11-29 21:00:00,181.7159
2011-11-29 22:00:00,192.17444
2011-11-29 23:00:00,140.37813
2011-11-30 00:00:00,180.5187
2011-11-30 01:00:00,173.27466
2011-11-30 02:00:00,148.00182
2011-11-30 03:00:00,148.00182
2011-11-30 04:00:00,142.71182
2011-11-30 05:00:00,141.34904
2011-11-30 06:00:00,130.78294
2011-11-30 07:00:00,128.55147
2011-11-30 08:00:00,141.34904
2011-11-30 09:00:00,135.79834
2011-11-30 10:00:00,169.42426
2011-11-30 11:00:00,209.96669
2011-11-30 12:00:00,227.37096
2011-11-30 13:00:00,207.40474
2011-11-30 14:00:00,207.40474
2011-11-30 15:00:00,233.69014
2011-11-30 16:00:00,237.84575
2011-11-30 17:00:00,211.43768
2011-11-30 18:00:00,211.73772
2011-11-30 19:00:00,204.136
2011-11-30 20:00:00,204.136
2011-11-30 21:00:00,191.15994
2011-11-30 22:00:00,182.57013
2011-11-30 23:00:00,177.46245
2011-12-20 00:00:00,234.1418
2011-12-20 01:00:00,247.50359
2011-12-20 02:00:00,149.11098
2011-12-20 03:00:00,149.11098
2011-12-20 04:00:00,258.14713
2011-12-20 05:00:00,181.9416
2011-12-20 06:00:00,181.9416
2011-12-20 07:00:00,167.51755
2011-12-20 08:00:00,312.95123
2011-12-20 09:00:00,152.83557
2011-12-20 10:00:00,284.90686
2011-12-20 11:00:00,267.1006
2011-12-20 12:00:00,319.68317
2011-12-20 13:00:00,319.68317
2011-12-20 14:00:00,308.41858
2011-12-20 15:00:00,269.19482
2011-12-20 16:00:00,288.7616
2011-12-20 17:00:00,206.50537
2011-12-20 18:00:00,168.19458
2011-12-20 19:00:00,192.0435
2011-12-20 20:00:00,176.87816
2011-12-20 21:00:00,166.16197
2011-12-20 22:00:00,152.83557
2011-12-20 23:00:00,190.31882
2011-12-21 00:00:00,108.51383
2011-12-21 01:00:00,122.77759
2011-12-21 02:00:00,113.18016
2011-12-21 03:00:00,113.18016
2011-12-21 04:00:00,113.18016
2011-12-21 05:00:00,124.378746
2011-12-21 06:00:00,140.43202
2011-12-21 07:00:00,111.07207
2011-12-21 08:00:00,144.22801
2011-12-21 09:00:00,84.938705
2011-12-21 10:00:00,118.98465
2011-12-21 11:00:00,118.98465
2011-12-21 12:00:00,52.036827
2011-12-21 13:00:00,51.971523
2011-12-21 14:00:00,125.334785
2011-12-21 15:00:00,123.2501
2011-12-21 16:00:00,45.704544
2011-12-21 17:00:00,45.704544
2011-12-21 18:00:00,82.28873
2011-12-21 19:00:00,133.71022
2011-12-21 20:00:00,132.55223
2011-12-21 21:00:00,161.55011
2011-12-21 22:00:00,168.24062
2011-12-21 23:00:00,188.82526
2011-12-22 00:00:00,195.38332
2011-12-22 01:00:00,160.02304
2011-12-22 02:00:00,233.0552
2011-12-22 03:00:00,127.3153
2011-12-22 04:00:00,112.47136
2011-12-22 05:00:00,181.53145
2011-12-22 06:00:00,163.71022
2011-12-22 07:00:00,139.91345
2011-12-22 08:00:00,140.43202
2011-12-22 09:00:00,132.94371
2011-12-22 10:00:00,143.27043
2011-12-22 11:00:00,169.72809
2011-12-22 12:00:00,126.924706
2011-12-22 13:00:00,144.51761
2011-12-22 14:00:00,144.51761
2011-12-22 15:00:00,137.52742
2011-12-22 16:00:00,144.51761
2011-12-22 17:00:00,134.25127
2011-12-22 18:00:00,149.45
2011-12-22 19:00:00,136.48811
2011-12-22 20:00:00,87.90114
2011-12-22 21:00:00,87.90114
2011-12-22 22:00:00,104.81401
2011-12-22 23:00:00,159.87102
2011-12-23 00:00:00,72.73263
2011-12-23 01:00:00,72.73263
2011-12-23 02:00:00,93.2634
2011-12-23 03:00:00,93.2634
2011-12-23 04:00:00,40.679317
2011-12-23 05:00:00,85.1518
2011-12-23 06:00:00,67.44089
2011-12-23 07:00:00,71.52557
2011-12-23 08:00:00,85.543785
2011-12-23 09:00:00,103.49953
2011-12-23 10:00:00,133.23184
2011-12-23 11:00:00,185.319
2011-12-23 12:00:00,221.86397
2011-12-23 13:00:00,207.31514
2011-12-23 14:00:00,177.23988
2011-12-23 15:00:00,145.21281
2011-12-23 16:00:00,132.48228
2011-12-23 17:00:00,113.84195
2011-12-23 18:00:00,119.01094
2011-12-23 19:00:00,103.22098
2011-12-23 20:00:00,124.026764
2011-12-23 21:00:00,103.0355
2011-12-23 22:00:00,97.53874
2011-12-23 23:00:00,97.69957
2011-12-24 00:00:00,130.45712
2011-12-24 01:00:00,47.22991
2011-12-24 02:00:00,83.91788
2011-12-24 03:00:00,86.83438
2011-12-24 04:00:00,131.63316
2011-12-24 05:00:00,131.63316
2011-12-24 06:00:00,102.804276
2011-12-24 07:00:00,52.771336
2011-12-24 08:00:00,49.691734
2011-12-24 09:00:00,96.43254
2011-12-24 10:00:00,100.727036
2011-12-24 11:00:00,114.93996
2011-12-24 12:00:00,131.35835
2011-12-24 13:00:00,127.36098
2011-12-24 14:00:00,127.36098
2011-12-24 15:00:00,119.84744
2011-12-24 16:00:00,112.83505
2011-12-24 17:00:00,72.912224
2011-12-24 18:00:00,89.17611
2011-12-24 19:00:00,75.14261
2011-12-24 20:00:00,56.61521
2011-12-24 21:00:00,63.64946
2011-12-24 22:00:00,45.93635
2011-12-24 23:00:00,39.975212
2011-12-25 00:00:00,47.801064
2011-12-25 01:00:00,36.688385
2011-12-25 02:00:00,34.966705
2011-12-25 03:00:00,27.157259
2011-12-25 05:00:00,29.205927
2011-12-25 06:00:00,29.205927
2011-12-25 07:00:00,29.98906
2011-12-25 08:00:00,24.816696
2011-12-25 09:00:00,31.326805
2011-12-25 10:00:00,39.616463
2011-12-25 11:00:00,53.798855
2011-12-25 12:00:00,53.690792
2011-12-25 13:00:00,61.241066
2011-12-25 14:00:00,83.79739
2011-12-25 15:00:00,84.082726
2011-12-25 16:00:00,101.48781
2011-12-25 17:00:00,84.93182
2011-12-25 18:00:00,60.676712
2011-12-25 19:00:00,85.27466
2011-12-25 20:00:00,89.947914
2011-12-25 21:00:00,76.018326
2011-12-25 22:00:00,62.343353
2011-12-25 23:00:00,52.33554
2011-12-26 00:00:00,33.85078
2011-12-26 01:00:00,65.83292
2011-12-26 02:00:00,90.76853
2011-12-26 04:00:00,104.04097
2011-12-26 05:00:00,117.802635
2011-12-26 06:00:00,97.28602
2011-12-26 07:00:00,80.59104
2011-12-26 08:00:00,68.5695
2011-12-26 09:00:00,104.04097
2011-12-26 10:00:00,137.19577
2011-12-26 11:00:00,139.24744
2011-12-26 12:00:00,129.94138
2011-12-26 13:00:00,116.101906
2011-12-26 14:00:00,120.14198
2011-12-26 15:00:00,108.53981
2011-12-26 16:00:00,107.2453
2011-12-26 17:00:00,90.76853
2011-12-26 18:00:00,56.60366
2011-12-26 19:00:00,41.718002
2011-12-26 20:00:00,49.55581
2011-12-26 21:00:00,16.079334
2011-12-26 22:00:00,16.079338
2011-12-26 23:00:00,33.2445
2011-12-27 00:00:00,84.78805
2011-12-27 01:00:00,83.633896
2011-12-27 02:00:00,83.633896
2011-12-27 03:00:00,127.506195
2011-12-27 04:00:00,118.859634
2011-12-27 05:00:00,125.10099
2011-12-27 06:00:00,135.44072
2011-12-27 07:00:00,119.18271
2011-12-27 08:00:00,114.28646
2011-12-27 09:00:00,128.61794
2011-12-27 10:00:00,116.909225
2011-12-27 11:00:00,128.61794
2011-12-27 12:00:00,102.02363
2011-12-27 13:00:00,67.72843
2011-12-27 14:00:00,48.69676
2011-12-27 15:00:00,48.69676
2011-12-27 16:00:00,50.17045
2011-12-27 17:00:00,110.11716
2011-12-27 18:00:00,66.75185
2011-12-27 19:00:00,78.66424
2011-12-27 20:00:00,102.57657
2011-12-27 21:00:00,102.4986
2011-12-27 22:00:00,102.4986
2011-12-27 23:00:00,80.99259
2011-12-28 00:00:00,71.84506
2011-12-28 01:00:00,80.21079
2011-12-28 02:00:00,106.57921
2011-12-28 03:00:00,106.57921
2011-12-28 05:00:00,125.145645
2011-12-28 06:00:00,105.01697
2011-12-28 07:00:00,105.016975
2011-12-28 08:00:00,125.14562
2011-12-28 09:00:00,125.38339
2011-12-28 10:00:00,106.94027
2011-12-28 11:00:00,142.9512
2011-12-28 12:00:00,157.48769
2011-12-28 13:00:00,144.57541
2011-12-28 14:00:00,120.832184
2011-12-28 15:00:00,130.72038
2011-12-28 16:00:00,117.60635
2011-12-28 17:00:00,105.80328
2011-12-28 18:00:00,98.41427
2011-12-28 19:00:00,88.0298
2011-12-28 20:00:00,91.80361
2011-12-28 21:00:00,88.42335
2011-12-28 22:00:00,86.560394
2011-12-28 23:00:00,79.102936
2011-12-29 00:00:00,79.14549
2011-12-29 01:00:00,80.86529
2011-12-29 02:00:00,77.47187
2011-12-29 03:00:00,76.803474
2011-12-29 04:00:00,77.113464
2011-12-29 05:00:00,74.08635
2011-12-29 06:00:00,67.72479
2011-12-29 07:00:00,68.39661
2011-12-29 08:00:00,70.83607
2011-12-29 09:00:00,74.28728
2011-12-29 10:00:00,83.775055
2011-12-29 11:00:00,89.80377
2011-12-29 12:00:00,93.63852
2011-12-29 13:00:00,96.86525
2011-12-29 14:00:00,65.53939
2011-12-29 15:00:00,105.03124
2011-12-29 16:00:00,87.960754
2011-12-29 17:00:00,92.14781
2011-12-29 18:00:00,84.73916
2011-12-29 19:00:00,83.55048
2011-12-29 20:00:00,84.280014
2011-12-29 21:00:00,110.9526
2011-12-29 22:00:00,87.11241
2011-12-29 23:00:00,93.449425
2011-12-30 00:00:00,87.678635
2011-12-30 01:00:00,79.9936
2011-12-30 02:00:00,79.809906
2011-12-30 03:00:00,79.809906
2011-12-30 04:00:00,79.16761
2011-12-30 05:00:00,78.78784
2011-12-30 06:00:00,79.16761
2011-12-30 07:00:00,82.731094
2011-12-30 08:00:00,78.6785
2011-12-30 09:00:00,82.78036
2011-12-30 10:00:00,99.36142
2011-12-30 11:00:00,97.53874
2011-12-30 12:00:00,92.5592
2011-12-30 13:00:00,136.46336
2011-12-30 14:00:00,143.12064
2011-12-30 15:00:00,172.30522
2011-12-30 16:00:00,149.94998
2011-12-30 17:00:00,118.56846
2011-12-30 18:00:00,110.45926
2011-12-30 19:00:00,162.0915
2011-12-30 20:00:00,119.29054
2011-12-30 21:00:00,122.77759
2011-12-30 22:00:00,108.88025
2011-12-30 23:00:00,125.66997
2011-12-31 00:00:00,143.8237
2011-12-31 01:00:00,163.41565
2011-12-31 02:00:00,163.41565
2011-12-31 03:00:00,163.41565
2011-12-31 04:00:00,88.90495
2011-12-31 05:00:00,125.29363
2011-12-31 06:00:00,172.19928
2011-12-31 07:00:00,62.27228
2011-12-31 08:00:00,67.72669
2011-12-31 09:00:00,102.19005
2011-12-31 10:00:00,108.44969
2011-12-31 11:00:00,136.64345
2011-12-31 12:00:00,352.71143
2011-12-31 13:00:00,206.1895
2011-12-31 14:00:00,232.62093
2011-12-31 15:00:00,161.46022
2011-12-31 16:00:00,180.51265
2011-12-31 17:00:00,190.25935
2011-12-31 18:00:00,181.01447
2011-12-31 19:00:00,189.13777
2011-12-31 20:00:00,189.13777
2011-12-31 21:00:00,145.08138
2011-12-31 22:00:00,114.168396
2011-12-31 23:00:00,77.22999
2012-01-20 00:00:00,121.31354
2012-01-20 01:00:00,86.93827
2012-01-20 02:00:00,86.93827
2012-01-20 03:00:00,80.03607
2012-01-20 04:00:00,73.86221
2012-01-20 05:00:00,73.86221
2012-01-20 06:00:00,84.58008
2012-01-20 07:00:00,80.888275
2012-01-20 08:00:00,83.619705
2012-01-20 09:00:00,75.33089
2012-01-20 10:00:00,100.31737
2012-01-20 11:00:00,76.16887
2012-01-20 12:00:00,78.139046
2012-01-20 13:00:00,92.05777
2012-01-20 14:00:00,88.84759
2012-01-20 15:00:00,84.56918
2012-01-20 16:00:00,79.58277
2012-01-20 17:00:00,54.08185
2012-01-20 18:00:00,56.730915
2012-01-20 19:00:00,66.60491
2012-01-20 20:00:00,56.730915
2012-01-20 21:00:00,60.77544
2012-01-20 22:00:00,83.59129
2012-01-20 23:00:00,103.55268
2012-01-21 00:00:00,67.49673
2012-01-21 01:00:00,53.310394
2012-01-21 02:00:00,27.277773
2012-01-21 03:00:00,47.77278
2012-01-21 04:00:00,50.65428
2012-01-21 05:00:00,54.493988
2012-01-21 06:00:00,42.65706
2012-01-21 07:00:00,42.65706
2012-01-21 08:00:00,32.03354
2012-01-21 09:00:00,32.03354
2012-01-21 10:00:00,33.22381
2012-01-21 11:00:00,43.40686
2012-01-21 12:00:00,54.05517
2012-01-21 13:00:00,50.917233
2012-01-21 14:00:00,58.790623
2012-01-21 15:00:00,58.790604
2012-01-21 16:00:00,47.51765
2012-01-21 17:00:00,45.12793
2012-01-21 18:00:00,51.23306
2012-01-21 19:00:00,40.262733
2012-01-21 20:00:00,41.43074
2012-01-21 21:00:00,24.839622
2012-01-21 22:00:00,47.93814
2012-01-21 23:00:00,37.320442
2012-01-22 00:00:00,22.212906
2012-01-22 01:00:00,47.93814
2012-01-22 02:00:00,47.460854
2012-01-22 03:00:00,48.45082
2012-01-22 04:00:00,51.2248
2012-01-22 05:00:00,60.36075
2012-01-22 06:00:00,39.174477
2012-01-22 07:00:00,39.174477
2012-01-22 08:00:00,39.174477
2012-01-22 09:00:00,39.174477
2012-01-22 10:00:00,39.583538
2012-01-22 11:00:00,51.70627
2012-01-22 12:00:00,38.647583
2012-01-22 13:00:00,42.1893
2012-01-22 14:00:00,39.997704
2012-01-22 15:00:00,38.732494
2012-01-22 16:00:00,38.732494
2012-01-22 17:00:00,42.49876
2012-01-22 18:00:00,54.493988
2012-01-22 19:00:00,54.493988
2012-01-22 20:00:00,52.0521
2012-01-22 21:00:00,54.493988
2012-01-22 22:00:00,30.559834
2012-01-22 23:00:00,30.803772
2012-01-23 00:00:00,62.375065
2012-01-23 01:00:00,52.791733
2012-01-23 02:00:00,52.791733
2012-01-23 03:00:00,62.37507
2012-01-23 04:00:00,69.92564
2012-01-23 05:00:00,63.215164
2012-01-23 06:00:00,63.215164
2012-01-23 07:00:00,75.02032
2012-01-23 08:00:00,53.410698
2012-01-23 09:00:00,55.270508
2012-01-23 10:00:00,69.778175
2012-01-23 11:00:00,43.62757
2012-01-23 12:00:00,79.550674
2012-01-23 13:00:00,48.642387
2012-01-23 14:00:00,38.255295
2012-01-23 15:00:00,20.41232
2012-01-23 16:00:00,35.124866
2012-01-23 17:00:00,55.11686
2012-01-23 18:00:00,43.255314
2012-01-23 19:00:00,42.18631
2012-01-23 20:00:00,49.933502
2012-01-23 21:00:00,18.36613
2012-01-23 22:00:00,18.36613
2012-01-23 23:00:00,23.95268
2012-01-24 00:00:00,31.19818
2012-01-24 01:00:00,40.495556
2012-01-24 02:00:00,47.10955
2012-01-24 03:00:00,73.88031
2012-01-24 04:00:00,87.96228
2012-01-24 05:00:00,87.96228
2012-01-24 06:00:00,55.124954
2012-01-24 07:00:00,73.88031
2012-01-24 08:00:00,73.88031
2012-01-24 09:00:00,88.95057
2012-01-24 10:00:00,102.57657
2012-01-24 11:00:00,92.24205
2012-01-24 12:00:00,78.66424
2012-01-24 13:00:00,78.66424
2012-01-24 14:00:00,69.227196
2012-01-24 15:00:00,112.34577
2012-01-24 16:00:00,113.91724
2012-01-24 17:00:00,130.9574
2012-01-24 18:00:00,120.44179
2012-01-24 19:00:00,146.91524
2012-01-24 20:00:00,99.85838
2012-01-24 21:00:00,115.87408
2012-01-24 22:00:00,125.89316
2012-01-24 23:00:00,99.85838
2012-01-25 00:00:00,95.85664
2012-01-25 01:00:00,88.66008
2012-01-25 02:00:00,88.240204
2012-01-25 03:00:00,76.74549
2012-01-25 04:00:00,84.168236
2012-01-25 05:00:00,84.168236
2012-01-25 06:00:00,79.238556
2012-01-25 07:00:00,74.75491
2012-01-25 08:00:00,81.93372
2012-01-25 09:00:00,81.93372
2012-01-25 10:00:00,89.29344
2012-01-25 11:00:00,135.44072
2012-01-25 12:00:00,90.86379
2012-01-25 13:00:00,105.55092
2012-01-25 14:00:00,105.45139
2012-01-25 15:00:00,132.85681
2012-01-25 16:00:00,100.03851
2012-01-25 17:00:00,110.29312
2012-01-25 18:00:00,97.69957
2012-01-25 19:00:00,85.652016
2012-01-25 20:00:00,99.99881
2012-01-25 21:00:00,83.298294
2012-01-25 22:00:00,88.593575
2012-01-25 23:00:00,106.36551
2012-01-26 00:00:00,84.98969
2012-01-26 01:00:00,90.13259
2012-01-26 02:00:00,86.03549
2012-01-26 03:00:00,83.57634
2012-01-26 04:00:00,87.07794
2012-01-26 05:00:00,87.65358
2012-01-26 06:00:00,86.58859
2012-01-26 07:00:00,68.482834
2012-01-26 08:00:00,68.482834
2012-01-26 09:00:00,99.81999
2012-01-26 10:00:00,66.32769
2012-01-26 11:00:00,68.03205
2012-01-26 12:00:00,77.52941
2012-01-26 13:00:00,120.02329
2012-01-26 14:00:00,117.10474
2012-01-26 15:00:00,130.0302
2012-01-26 16:00:00,117.355865
2012-01-26 17:00:00,145.8789
2012-01-26 18:00:00,145.8789
2012-01-26 19:00:00,127.6599
2012-01-26 20:00:00,127.93063
2012-01-26 21:00:00,127.6599
2012-01-26 22:00:00,131.15755
2012-01-26 23:00:00,155.11267
2012-01-27 00:00:00,74.48602
2012-01-27 01:00:00,84.938705
2012-01-27 02:00:00,147.61427
2012-01-27 03:00:00,79.00249
2012-01-27 04:00:00,65.346954
2012-01-27 05:00:00,76.42627
2012-01-27 06:00:00,73.84199
2012-01-27 07:00:00,73.791916
2012-01-27 08:00:00,83.10736
2012-01-27 09:00:00,83.10736
2012-01-27 10:00:00,107.2705
2012-01-27 11:00:00,163.61777
2012-01-27 12:00:00,185.0723
2012-01-27 13:00:00,213.7152
2012-01-27 14:00:00,256.1059
2012-01-27 15:00:00,165.28362
2012-01-27 16:00:00,242.05576
2012-01-27 17:00:00,241.3257
2012-01-27 18:00:00,214.60475
2012-01-27 19:00:00,159.56981
2012-01-27 20:00:00,131.644
2012-01-27 21:00:00,161.84952
2012-01-27 22:00:00,126.54723
2012-01-27 23:00:00,115.45167
2012-01-28 00:00:00,82.146255
2012-01-28 01:00:00,85.89615
2012-01-28 02:00:00,42.812984
2012-01-28 03:00:00,50.11347
2012-01-28 04:00:00,56.709927
2012-01-28 05:00:00,38.714615
2012-01-28 06:00:00,32.37369
2012-01-28 07:00:00,25.830788
2012-01-28 08:00:00,27.67011
2012-01-28 09:00:00,28.650106
2012-01-28 10:00:00,44.759705
2012-01-28 11:00:00,76.018326
2012-01-28 12:00:00,66.82716
2012-01-28 13:00:00,91.97959
2012-01-28 14:00:00,132.51248
2012-01-28 15:00:00,171.01854
2012-01-28 16:00:00,185.29639
2012-01-28 17:00:00,171.90701
2012-01-28 18:00:00,249.24619
2012-01-28 19:00:00,106.93875
2012-01-28 20:00:00,171.41318
2012-01-28 21:00:00,148.90282
2012-01-28 22:00:00,134.89917
2012-01-28 23:00:00,119.50922
2012-01-29 00:00:00,112.58341
2012-01-29 01:00:00,126.70238
2012-01-29 02:00:00,124.98221
2012-01-29 03:00:00,86.11712
2012-01-29 04:00:00,61.51258
2012-01-29 05:00:00,37.663082
2012-01-29 06:00:00,42.02991
2012-01-29 07:00:00,47.944504
2012-01-29 08:00:00,39.79538
2012-01-29 09:00:00,37.612354
2012-01-29 10:00:00,62.36202
2012-01-29 11:00:00,103.859566
2012-01-29 12:00:00,127.69504
2012-01-29 13:00:00,127.69504
2012-01-29 14:00:00,136.81618
2012-01-29 15:00:00,160.73824
2012-01-29 16:00:00,149.09312
2012-01-29 17:00:00,149.09311
2012-01-29 18:00:00,143.34473
2012-01-29 19:00:00,135.37723
2012-01-29 20:00:00,106.006256
2012-01-29 21:00:00,125.49246
2012-01-29 22:00:00,133.68758
2012-01-29 23:00:00,122.02958
2012-01-30 00:00:00,117.912224
2012-01-30 01:00:00,92.747826
2012-01-30 02:00:00,79.14192
2012-01-30 03:00:00,90.003006
2012-01-30 04:00:00,79.52088
2012-01-30 05:00:00,79.52088
2012-01-30 06:00:00,79.102936
2012-01-30 07:00:00,78.70314
2012-01-30 08:00:00,75.62585
2012-01-30 09:00:00,75.62585
2012-01-30 10:00:00,81.19819
2012-01-30 11:00:00,91.80322
2012-01-30 12:00:00,104.00009
2012-01-30 13:00:00,137.39421
2012-01-30 14:00:00,175.0111
2012-01-30 15:00:00,176.48201
2012-01-30 16:00:00,187.28917
2012-01-30 17:00:00,216.88121
2012-01-30 18:00:00,191.87785
2012-01-30 19:00:00,97.203545
2012-01-30 20:00:00,112.09719
2012-01-30 21:00:00,105.39312
2012-01-30 22:00:00,95.54199
2012-01-30 23:00:00,86.11128
2012-01-31 00:00:00,90.643166
2012-01-31 01:00:00,108.78081
2012-01-31 02:00:00,111.60494
2012-01-31 03:00:00,105.128876
2012-01-31 04:00:00,94.76583
2012-01-31 05:00:00,94.76583
2012-01-31 06:00:00,86.628494
2012-01-31 07:00:00,86.11128
2012-01-31 08:00:00,78.62033
2012-01-31 09:00:00,90.92294
2012-01-31 10:00:00,131.33171
2012-01-31 11:00:00,195.45222
2012-01-31 12:00:00,163.9294
2012-01-31 13:00:00,212.33221
2012-01-31 14:00:00,239.95476
2012-01-31 15:00:00,261.95813
2012-01-31 16:00:00,261.95813
2012-01-31 17:00:00,257.33466
2012-01-31 18:00:00,257.97888
2012-01-31 19:00:00,238.69649
2012-01-31 20:00:00,121.798416
2012-01-31 21:00:00,216.50056
2012-01-31 22:00:00,206.30971
2012-01-31 23:00:00,197.37654
2012-02-20 00:00:00,23.721352
2012-02-20 01:00:00,23.721352
2012-02-20 02:00:00,23.721352
2012-02-20 03:00:00,46.886135
2012-02-20 05:00:00,93.57734
2012-02-20 06:00:00,92.56401
2012-02-20 07:00:00,93.5156
2012-02-20 08:00:00,69.513054
2012-02-20 09:00:00,69.513054
2012-02-20 10:00:00,92.10199
2012-02-20 11:00:00,90.72497
2012-02-20 12:00:00,75.90713
2012-02-20 13:00:00,92.67399
2012-02-20 14:00:00,85.08922
2012-02-20 15:00:00,95.47036
2012-02-20 16:00:00,88.48055
2012-02-20 17:00:00,119.76922
2012-02-20 18:00:00,95.47036
2012-02-20 19:00:00,95.47036
2012-02-20 20:00:00,90.217354
2012-02-20 21:00:00,71.52882
2012-02-20 22:00:00,55.119995
2012-02-20 23:00:00,44.61744
2012-02-21 00:00:00,76.39329
2012-02-21 01:00:00,77.16457
2012-02-21 02:00:00,71.958664
2012-02-21 04:00:00,69.596794
2012-02-21 05:00:00,68.25196
2012-02-21 06:00:00,71.650986
2012-02-21 07:00:00,69.596794
2012-02-21 08:00:00,72.81519
2012-02-21 09:00:00,76.31676
2012-02-21 10:00:00,82.88652
2012-02-21 11:00:00,93.511765
2012-02-21 12:00:00,158.9637
2012-02-21 13:00:00,135.31888
2012-02-21 14:00:00,158.90282
2012-02-21 15:00:00,135.31888
2012-02-21 16:00:00,156.74736
2012-02-21 17:00:00,194.3358
2012-02-21 18:00:00,194.3358
2012-02-21 19:00:00,137.26688
2012-02-21 20:00:00,110.23867
2012-02-21 21:00:00,105.08432
2012-02-21 22:00:00,106.175186
2012-02-21 23:00:00,98.88675
2012-02-22 00:00:00,98.88675
2012-02-22 01:00:00,90.259
2012-02-22 02:00:00,102.31821
2012-02-22 03:00:00,106.28143
2012-02-22 04:00:00,89.513245
2012-02-22 05:00:00,92.15347
2012-02-22 06:00:00,80.21079
2012-02-22 07:00:00,90.27978
2012-02-22 08:00:00,86.52425
2012-02-22 09:00:00,93.8612
2012-02-22 10:00:00,96.75827
2012-02-22 11:00:00,100.64731
2012-02-22 12:00:00,107.058105
2012-02-22 13:00:00,130.12169
2012-02-22 14:00:00,144.8459
2012-02-22 15:00:00,246.54161
2012-02-22 16:00:00,255.83795
2012-02-22 17:00:00,237.60658
2012-02-22 18:00:00,158.2197
2012-02-22 19:00:00,155.51903
2012-02-22 20:00:00,160.41994
2012-02-22 21:00:00,162.26758
2012-02-22 22:00:00,154.3322
2012-02-22 23:00:00,156.12523
2012-02-23 00:00:00,154.3322
2012-02-23 01:00:00,145.12479
2012-02-23 02:00:00,146.40202
2012-02-23 03:00:00,134.00801
2012-02-23 04:00:00,88.78264
2012-02-23 05:00:00,88.78264
2012-02-23 06:00:00,75.677925
2012-02-23 07:00:00,69.227196
2012-02-23 08:00:00,68.841675
2012-02-23 09:00:00,66.09191
2012-02-23 10:00:00,110.83971
2012-02-23 11:00:00,162.05363
2012-02-23 12:00:00,181.32948
2012-02-23 13:00:00,210.18013
2012-02-23 14:00:00,208.38005
2012-02-23 15:00:00,256.69177
2012-02-23 16:00:00,267.7577
2012-02-23 17:00:00,254.79442
2012-02-23 18:00:00,239.20107
2012-02-23 19:00:00,224.0019
2012-02-23 20:00:00,178.64014
2012-02-23 21:00:00,139.81335
2012-02-23 22:00:00,133.56813
2012-02-23 23:00:00,153.10532
2012-02-24 00:00:00,155.92244
2012-02-24 01:00:00,118.34993
2012-02-24 02:00:00,72.44013
2012-02-24 03:00:00,152.40157
2012-02-24 04:00:00,138.4132
2012-02-24 05:00:00,100.77662
2012-02-24 06:00:00,114.56305
2012-02-24 07:00:00,90.415634
2012-02-24 08:00:00,71.9704
2012-02-24 09:00:00,60.4563
2012-02-24 10:00:00,89.774345
2012-02-24 11:00:00,106.20529
2012-02-24 12:00:00,115.72797
2012-02-24 13:00:00,130.0302
2012-02-24 14:00:00,155.75319
2012-02-24 15:00:00,72.73263
2012-02-24 16:00:00,72.73263
2012-02-24 17:00:00,128.37157
2012-02-24 18:00:00,172.89125
2012-02-24 19:00:00,160.44441
2012-02-24 20:00:00,172.46178
2012-02-24 21:00:00,228.39708
2012-02-24 22:00:00,208.06895
2012-02-24 23:00:00,191.42352
2012-02-25 00:00:00,127.65756
2012-02-25 01:00:00,116.66578
2012-02-25 02:00:00,106.42218
2012-02-25 03:00:00,92.62047
2012-02-25 04:00:00,98.97774
2012-02-25 05:00:00,78.57533
2012-02-25 06:00:00,78.57533
2012-02-25 07:00:00,90.32553
2012-02-25 08:00:00,68.269936
2012-02-25 09:00:00,57.248383
2012-02-25 10:00:00,48.319176
2012-02-25 11:00:00,103.73691
2012-02-25 12:00:00,122.33838
2012-02-25 13:00:00,127.24785
2012-02-25 14:00:00,126.183624
2012-02-25 15:00:00,131.1246
2012-02-25 16:00:00,129.67636
2012-02-25 17:00:00,120.98883
2012-02-25 18:00:00,121.98599
2012-02-25 19:00:00,105.712105
2012-02-25 20:00:00,113.953125
2012-02-25 21:00:00,89.89748
2012-02-25 22:00:00,94.12884
2012-02-25 23:00:00,80.64602
2012-02-26 00:00:00,76.79752
2012-02-26 01:00:00,69.76533
2012-02-26 02:00:00,69.76533
2012-02-26 03:00:00,67.435326
2012-02-26 04:00:00,67.435326
2012-02-26 05:00:00,65.109146
2012-02-26 06:00:00,63.099464
2012-02-26 07:00:00,45.118492
2012-02-26 08:00:00,45.862793
2012-02-26 09:00:00,58.730698
2012-02-26 10:00:00,68.82138
2012-02-26 11:00:00,93.250275
2012-02-26 12:00:00,90.0887
2012-02-26 13:00:00,104.065575
2012-02-26 14:00:00,117.80592
2012-02-26 15:00:00,129.34901
2012-02-26 16:00:00,162.3433
2012-02-26 17:00:00,158.85988
2012-02-26 18:00:00,138.84552
2012-02-26 19:00:00,128.98457
2012-02-26 20:00:00,107.48603
2012-02-26 21:00:00,84.67793
2012-02-26 22:00:00,103.83779
2012-02-26 23:00:00,63.64946
2012-02-27 00:00:00,90.55832
2012-02-27 01:00:00,87.35183
2012-02-27 02:00:00,86.78261
2012-02-27 03:00:00,78.56167
2012-02-27 04:00:00,71.790405
2012-02-27 05:00:00,71.790405
2012-02-27 06:00:00,81.93372
2012-02-27 07:00:00,86.04721
2012-02-27 08:00:00,73.42637
2012-02-27 09:00:00,86.11128
2012-02-27 10:00:00,118.76418
2012-02-27 11:00:00,144.0464
2012-02-27 12:00:00,195.85243
2012-02-27 13:00:00,163.8026
2012-02-27 14:00:00,202.59114
2012-02-27 15:00:00,261.94702
2012-02-27 16:00:00,261.95813
2012-02-27 17:00:00,267.47845
2012-02-27 18:00:00,255.77336
2012-02-27 19:00:00,249.28761
2012-02-27 20:00:00,228.27646
2012-02-27 21:00:00,202.59114
2012-02-27 22:00:00,165.57841
2012-02-27 23:00:00,136.8069
2012-02-28 00:00:00,129.68184
2012-02-28 01:00:00,105.01903
2012-02-28 02:00:00,126.006905
2012-02-28 03:00:00,229.94148
2012-02-28 04:00:00,115.83776
2012-02-28 05:00:00,115.83776
2012-02-28 06:00:00,100.56343
2012-02-28 07:00:00,95.43839
2012-02-28 08:00:00,86.472626
2012-02-28 09:00:00,94.10574
2012-02-28 10:00:00,108.78081
2012-02-28 11:00:00,154.86006
2012-02-28 12:00:00,164.37627
2012-02-28 13:00:00,175.01006
2012-02-28 14:00:00,226.41159
2012-02-28 15:00:00,251.23726
2012-02-28 16:00:00,242.84956
2012-02-28 17:00:00,251.23726
2012-02-28 18:00:00,235.75105
2012-02-28 19:00:00,207.67241
2012-02-28 20:00:00,215.0644
2012-02-28 21:00:00,112.409836
2012-02-28 22:00:00,112.409836
2012-02-28 23:00:00,99.1901
2012-02-29 00:00:00,90.65338
2012-02-29 01:00:00,96.81648
2012-02-29 02:00:00,93.98327
2012-02-29 03:00:00,85.26513
2012-02-29 05:00:00,82.73981
2012-02-29 06:00:00,83.57634
2012-02-29 07:00:00,63.6511
2012-02-29 08:00:00,84.98969
2012-02-29 09:00:00,77.63959
2012-02-29 10:00:00,77.63959
2012-02-29 11:00:00,56.832283
2012-02-29 12:00:00,28.825035
2012-02-29 13:00:00,48.435204
2012-02-29 14:00:00,48.435204
2012-02-29 15:00:00,69.04096
2012-02-29 16:00:00,67.5656
2012-02-29 17:00:00,114.56305
2012-02-29 18:00:00,159.871
2012-02-29 19:00:00,142.02399
2012-02-29 20:00:00,96.531494
2012-02-29 21:00:00,96.531494
2012-02-29 22:00:00,54.758152
2012-02-29 23:00:00,54.758152
2012-03-20 00:00:00,237.95561
2012-03-20 01:00:00,299.02478
2012-03-20 02:00:00,265.63998
2012-03-20 03:00:00,239.72734
2012-03-20 04:00:00,200.74825
2012-03-20 05:00:00,234.06409
2012-03-20 06:00:00,184.42754
2012-03-20 07:00:00,108.98241
2012-03-20 08:00:00,203.28345
2012-03-20 09:00:00,212.17982
2012-03-20 10:00:00,225.10493
2012-03-20 11:00:00,291.2835
2012-03-20 12:00:00,306.41995
2012-03-20 13:00:00,302.32343
2012-03-20 14:00:00,281.76605
2012-03-20 15:00:00,272.7995
2012-03-20 16:00:00,298.12778
2012-03-20 17:00:00,306.78473
2012-03-20 18:00:00,282.19925
2012-03-20 19:00:00,301.31403
2012-03-20 20:00:00,322.5915
2012-03-20 21:00:00,365.94135
2012-03-20 22:00:00,346.0802
2012-03-20 23:00:00,309.37573
2012-03-21 00:00:00,103.89338
2012-03-21 01:00:00,104.10248
2012-03-21 02:00:00,66.131004
2012-03-21 03:00:00,122.4606
2012-03-21 04:00:00,124.75725
2012-03-21 05:00:00,124.75725
2012-03-21 06:00:00,103.023315
2012-03-21 07:00:00,70.32249
2012-03-21 08:00:00,79.531204
2012-03-21 09:00:00,123.570984
2012-03-21 10:00:00,152.78027
2012-03-21 11:00:00,152.78027
2012-03-21 12:00:00,148.67345
2012-03-21 13:00:00,178.21228
2012-03-21 14:00:00,154.85194
2012-03-21 15:00:00,154.85194
2012-03-21 16:00:00,209.00038
2012-03-21 17:00:00,228.7462
2012-03-21 18:00:00,176.87186
2012-03-21 19:00:00,176.7681
2012-03-21 20:00:00,163.82152
2012-03-21 21:00:00,103.47916
2012-03-21 22:00:00,101.214294
2012-03-21 23:00:00,199.04005
2012-03-22 00:00:00,104.10248
2012-03-22 01:00:00,104.10248
2012-03-22 02:00:00,104.10248
2012-03-22 03:00:00,104.10248
2012-03-22 04:00:00,91.80114
2012-03-22 05:00:00,91.80114
2012-03-22 06:00:00,91.80114
2012-03-22 07:00:00,91.80114
2012-03-22 08:00:00,135.58604
2012-03-22 09:00:00,135.58604
2012-03-22 10:00:00,97.78617
2012-03-22 11:00:00,143.97893
2012-03-22 12:00:00,155.58601
2012-03-22 13:00:00,165.18051
2012-03-22 14:00:00,212.701
2012-03-22 15:00:00,288.69547
2012-03-22 16:00:00,304.70447
2012-03-22 17:00:00,302.95026
2012-03-22 18:00:00,302.95026
2012-03-22 19:00:00,144.23418
2012-03-22 20:00:00,266.68884
2012-03-22 21:00:00,189.18185
2012-03-22 22:00:00,137.08656
2012-03-22 23:00:00,109.45156
2012-03-23 00:00:00,153.88571
2012-03-23 01:00:00,107.90799
2012-03-23 02:00:00,78.36728
2012-03-23 03:00:00,70.8372
2012-03-23 04:00:00,127.83801
2012-03-23 05:00:00,139.74008
2012-03-23 06:00:00,172.90613
2012-03-23 07:00:00,115.97635
2012-03-23 08:00:00,114.70856
2012-03-23 09:00:00,157.00282
2012-03-23 10:00:00,174.80943
2012-03-23 11:00:00,173.43355
2012-03-23 12:00:00,250.42766
2012-03-23 13:00:00,192.0194
2012-03-23 14:00:00,236.92863
2012-03-23 15:00:00,245.55772
2012-03-23 16:00:00,250.83481
2012-03-23 17:00:00,250.83481
2012-03-23 18:00:00,370.71826
2012-03-23 19:00:00,339.5354
2012-03-23 20:00:00,342.86334
2012-03-23 21:00:00,294.3059
2012-03-23 22:00:00,278.64328
2012-03-23 23:00:00,259.4287
2012-03-24 00:00:00,103.807465
2012-03-24 01:00:00,100.61836
2012-03-24 02:00:00,104.05821
2012-03-24 03:00:00,104.05821
2012-03-24 04:00:00,88.71777
2012-03-24 05:00:00,115.53984
2012-03-24 06:00:00,115.53984
2012-03-24 07:00:00,88.0204
2012-03-24 08:00:00,74.05092
2012-03-24 09:00:00,95.57736
2012-03-24 10:00:00,94.630615
2012-03-24 11:00:00,74.05092
2012-03-24 12:00:00,69.48119
2012-03-24 13:00:00,56.023674
2012-03-24 14:00:00,42.688786
2012-03-24 15:00:00,32.74297
2012-03-24 16:00:00,37.935837
2012-03-24 17:00:00,64.27609
2012-03-24 18:00:00,49.71496
2012-03-24 19:00:00,74.28679
2012-03-24 20:00:00,53.128082
2012-03-24 21:00:00,53.128082
2012-03-24 22:00:00,30.277699
2012-03-24 23:00:00,35.882256
2012-03-25 00:00:00,35.882256
2012-03-25 01:00:00,30.05613
2012-03-25 02:00:00,19.880255
2012-03-25 03:00:00,19.972008
2012-03-25 04:00:00,30.885262
2012-03-25 05:00:00,23.041737
2012-03-25 06:00:00,23.041737
2012-03-25 07:00:00,28.673279
2012-03-25 08:00:00,28.673279
2012-03-25 09:00:00,30.064295
2012-03-25 10:00:00,49.479134
2012-03-25 11:00:00,30.064295
2012-03-25 12:00:00,30.626726
2012-03-25 13:00:00,79.97415
2012-03-25 14:00:00,86.30175
2012-03-25 15:00:00,78.49751
2012-03-25 16:00:00,56.17917
2012-03-25 17:00:00,60.98489
2012-03-25 18:00:00,60.98489
2012-03-25 19:00:00,106.93749
2012-03-25 20:00:00,87.57547
2012-03-25 21:00:00,81.17377
2012-03-25 22:00:00,68.9976
2012-03-25 23:00:00,80.925415
2012-03-26 00:00:00,125.366005
2012-03-26 01:00:00,111.62321
2012-03-26 02:00:00,78.048386
2012-03-26 03:00:00,79.49715
2012-03-26 04:00:00,63.292053
2012-03-26 05:00:00,72.73091
2012-03-26 06:00:00,61.735115
2012-03-26 07:00:00,85.53746
2012-03-26 08:00:00,138.15567
2012-03-26 09:00:00,205.00786
2012-03-26 10:00:00,329.0205
2012-03-26 11:00:00,311.58722
2012-03-26 12:00:00,310.9547
2012-03-26 13:00:00,305.85248
2012-03-26 14:00:00,299.9948
2012-03-26 15:00:00,311.05927
2012-03-26 16:00:00,311.11978
2012-03-26 17:00:00,330.53604
2012-03-26 18:00:00,303.06116
2012-03-26 19:00:00,309.9185
2012-03-26 20:00:00,248.13637
2012-03-26 21:00:00,234.73183
2012-03-26 22:00:00,222.17152
2012-03-26 23:00:00,199.45787
2012-03-27 00:00:00,184.5436
2012-03-27 01:00:00,169.10367
2012-03-27 02:00:00,107.97676
2012-03-27 03:00:00,109.92883
2012-03-27 04:00:00,98.106804
2012-03-27 05:00:00,78.31533
2012-03-27 06:00:00,80.57254
2012-03-27 07:00:00,80.57254
2012-03-27 08:00:00,79.08797
2012-03-27 09:00:00,86.84154
2012-03-27 10:00:00,99.121765
2012-03-27 11:00:00,139.7726
2012-03-27 12:00:00,150.01213
2012-03-27 13:00:00,109.298065
2012-03-27 14:00:00,236.93214
2012-03-27 15:00:00,227.23232
2012-03-27 16:00:00,227.23232
2012-03-27 17:00:00,282.17554
2012-03-27 18:00:00,273.0604
2012-03-27 19:00:00,246.63164
2012-03-27 20:00:00,273.06046
2012-03-27 21:00:00,152.47217
2012-03-27 22:00:00,146.34987
2012-03-27 23:00:00,161.76823
2012-03-28 00:00:00,173.54317
2012-03-28 01:00:00,166.24944
2012-03-28 02:00:00,140.57661
2012-03-28 03:00:00,143.46172
2012-03-28 04:00:00,168.47935
2012-03-28 05:00:00,168.47935
2012-03-28 06:00:00,162.0124
2012-03-28 07:00:00,164.50725
2012-03-28 08:00:00,197.11656
2012-03-28 09:00:00,218.06361
2012-03-28 10:00:00,267.5841
2012-03-28 11:00:00,281.23032
2012-03-28 12:00:00,216.0493
2012-03-28 13:00:00,298.46692
2012-03-28 14:00:00,325.40384
2012-03-28 15:00:00,249.08281
2012-03-28 16:00:00,249.64326
2012-03-28 17:00:00,280.0606
2012-03-28 18:00:00,280.0606
2012-03-28 19:00:00,283.5844
2012-03-28 20:00:00,291.71014
2012-03-28 21:00:00,248.8691
2012-03-28 22:00:00,210.65938
2012-03-28 23:00:00,191.46823
2012-03-29 00:00:00,211.42491
2012-03-29 01:00:00,211.38045
2012-03-29 02:00:00,393.50873
2012-03-29 03:00:00,399.69586
2012-03-29 04:00:00,281.7529
2012-03-29 05:00:00,213.78386
2012-03-29 06:00:00,157.349
2012-03-29 07:00:00,212.26375
2012-03-29 08:00:00,242.75801
2012-03-29 09:00:00,255.49193
2012-03-29 10:00:00,259.3363
2012-03-29 11:00:00,280.90137
2012-03-29 12:00:00,305.73474
2012-03-29 13:00:00,231.2234
2012-03-29 14:00:00,269.59955
2012-03-29 15:00:00,290.93637
2012-03-29 16:00:00,293.18512
2012-03-29 17:00:00,303.78848
2012-03-29 18:00:00,257.89096
2012-03-29 19:00:00,246.71336
2012-03-29 20:00:00,249.79082
2012-03-29 21:00:00,212.4977
2012-03-29 22:00:00,205.70375
2012-03-29 23:00:00,200.09894
2012-03-30 00:00:00,190.54222
2012-03-30 01:00:00,166.70003
2012-03-30 02:00:00,163.18459
2012-03-30 03:00:00,89.67432
2012-03-30 04:00:00,84.358116
2012-03-30 05:00:00,74.17624
2012-03-30 06:00:00,78.48582
2012-03-30 07:00:00,87.23319
2012-03-30 08:00:00,81.55856
2012-03-30 09:00:00,93.52092
2012-03-30 10:00:00,92.41601
2012-03-30 11:00:00,36.07724
2012-03-30 12:00:00,42.120796
2012-03-30 13:00:00,22.395855
2012-03-30 14:00:00,27.90203
2012-03-30 15:00:00,31.855766
2012-03-30 16:00:00,113.2892
2012-03-30 17:00:00,120.65654
2012-03-30 18:00:00,147.0041
2012-03-30 19:00:00,125.421585
2012-03-30 20:00:00,118.00581
2012-03-30 21:00:00,99.050674
2012-03-30 22:00:00,69.278625
2012-03-30 23:00:00,79.830826
2012-03-31 00:00:00,42.62326
2012-03-31 01:00:00,166.61893
2012-03-31 02:00:00,134.95856
2012-03-31 03:00:00,48.40232
2012-03-31 04:00:00,80.25742
2012-03-31 05:00:00,48.1025
2012-03-31 06:00:00,69.77316
2012-03-31 07:00:00,69.77316
2012-03-31 08:00:00,66.915405
2012-03-31 09:00:00,166.61893
2012-03-31 10:00:00,147.54039
2012-03-31 11:00:00,55.090412
2012-03-31 12:00:00,48.66542
2012-03-31 13:00:00,106.21475
2012-03-31 14:00:00,221.058
2012-03-31 15:00:00,255.48183
2012-03-31 16:00:00,230.76051
2012-03-31 17:00:00,127.136894
2012-03-31 18:00:00,91.333755
2012-03-31 19:00:00,97.94094
2012-03-31 20:00:00,124.45249
2012-03-31 21:00:00,124.45249
2012-03-31 22:00:00,160.75905
2012-03-31 23:00:00,100.43448
2012-04-20 00:00:00,120.20886
2012-04-20 01:00:00,79.49715
2012-04-20 02:00:00,61.633183
2012-04-20 03:00:00,65.7589
2012-04-20 04:00:00,52.197205
2012-04-20 05:00:00,59.21906
2012-04-20 06:00:00,87.889145
2012-04-20 07:00:00,59.21906
2012-04-20 08:00:00,59.229885
2012-04-20 09:00:00,69.30546
2012-04-20 10:00:00,120.90396
2012-04-20 11:00:00,202.2556
2012-04-20 12:00:00,266.65326
2012-04-20 13:00:00,334.28497
2012-04-20 14:00:00,334.77863
2012-04-20 15:00:00,329.10968
2012-04-20 16:00:00,347.22452
2012-04-20 17:00:00,325.66214
2012-04-20 18:00:00,309.63852
2012-04-20 19:00:00,288.4466
2012-04-20 20:00:00,259.6792
2012-04-20 21:00:00,211.46571
2012-04-20 22:00:00,202.19693
2012-04-20 23:00:00,155.71684
2012-04-21 00:00:00,113.184326
2012-04-21 01:00:00,113.184326
2012-04-21 02:00:00,106.62805
2012-04-21 03:00:00,89.873955
2012-04-21 04:00:00,88.02286
2012-04-21 05:00:00,88.02286
2012-04-21 06:00:00,89.87397
2012-04-21 07:00:00,85.76756
2012-04-21 08:00:00,102.31408
2012-04-21 09:00:00,123.27295
2012-04-21 10:00:00,289.9889
2012-04-21 11:00:00,309.18677
2012-04-21 12:00:00,347.89075
2012-04-21 13:00:00,383.18918
2012-04-21 14:00:00,515.17194
2012-04-21 15:00:00,527.0339
2012-04-21 16:00:00,551.7285
2012-04-21 17:00:00,507.87827
2012-04-21 18:00:00,367.52078
2012-04-21 19:00:00,76.623215
2012-04-21 20:00:00,59.76464
2012-04-21 21:00:00,47.333378
2012-04-21 22:00:00,73.236534
2012-04-21 23:00:00,85.52049
2012-04-22 00:00:00,120.90227
2012-04-22 01:00:00,87.08079
2012-04-22 02:00:00,74.85841
2012-04-22 03:00:00,127.012054
2012-04-22 04:00:00,158.40816
2012-04-22 05:00:00,148.58797
2012-04-22 06:00:00,140.22713
2012-04-22 07:00:00,50.687004
2012-04-22 08:00:00,48.740643
2012-04-22 09:00:00,48.740643
2012-04-22 10:00:00,35.387383
2012-04-22 11:00:00,26.919964
2012-04-22 12:00:00,26.360315
2012-04-22 13:00:00,35.29978
2012-04-22 14:00:00,26.360315
2012-04-22 15:00:00,25.450703
2012-04-22 16:00:00,25.037996
2012-04-22 17:00:00,16.868404
2012-04-22 18:00:00,16.868404
2012-04-22 19:00:00,29.542944
2012-04-22 20:00:00,16.196001
2012-04-22 21:00:00,26.104378
2012-04-22 22:00:00,30.370436
2012-04-22 23:00:00,38.461353
2012-04-23 00:00:00,40.5111
2012-04-23 01:00:00,30.097656
2012-04-23 02:00:00,25.7425
2012-04-23 03:00:00,29.922163
2012-04-23 04:00:00,38.09128
2012-04-23 05:00:00,38.09128
2012-04-23 06:00:00,31.754894
2012-04-23 07:00:00,40.09114
2012-04-23 08:00:00,51.386032
2012-04-23 09:00:00,61.87603
2012-04-23 10:00:00,75.90182
2012-04-23 11:00:00,85.81581
2012-04-23 12:00:00,63.82189
2012-04-23 13:00:00,78.65814
2012-04-23 14:00:00,100.428055
2012-04-23 15:00:00,137.58128
2012-04-23 16:00:00,35.85895
2012-04-23 17:00:00,35.641407
2012-04-23 18:00:00,65.45375
2012-04-23 19:00:00,42.463013
2012-04-23 20:00:00,45.242943
2012-04-23 21:00:00,29.161682
2012-04-23 22:00:00,55.955746
2012-04-23 23:00:00,55.136856
2012-04-24 00:00:00,49.668327
2012-04-24 01:00:00,42.503674
2012-04-24 02:00:00,41.928497
2012-04-24 03:00:00,47.51073
2012-04-24 04:00:00,74.37756
2012-04-24 05:00:00,74.37756
2012-04-24 06:00:00,77.08304
2012-04-24 07:00:00,114.79865
2012-04-24 08:00:00,132.92137
2012-04-24 09:00:00,215.52562
2012-04-24 10:00:00,200.09894
2012-04-24 11:00:00,304.06818
2012-04-24 12:00:00,315.47418
2012-04-24 13:00:00,321.73438
2012-04-24 14:00:00,340.93475
2012-04-24 15:00:00,349.9903
2012-04-24 16:00:00,353.27716
2012-04-24 17:00:00,369.55548
2012-04-24 18:00:00,360.31302
2012-04-24 19:00:00,382.2753
2012-04-24 20:00:00,352.2751
2012-04-24 21:00:00,102.726685
2012-04-24 22:00:00,218.47923
2012-04-24 23:00:00,178.85721
2012-04-25 00:00:00,144.63994
2012-04-25 01:00:00,114.702194
2012-04-25 02:00:00,77.2567
2012-04-25 03:00:00,74.98888
2012-04-25 04:00:00,88.96566
2012-04-25 05:00:00,79.089165
2012-04-25 06:00:00,79.089165
2012-04-25 07:00:00,75.4575
2012-04-25 08:00:00,59.996265
2012-04-25 09:00:00,93.96378
2012-04-25 10:00:00,266.41858
2012-04-25 11:00:00,311.37396
2012-04-25 12:00:00,358.21307
2012-04-25 13:00:00,381.9449
2012-04-25 14:00:00,402.9021
2012-04-25 15:00:00,449.93195
2012-04-25 16:00:00,443.69342
2012-04-25 17:00:00,451.47272
2012-04-25 18:00:00,454.70657
2012-04-25 19:00:00,457.31134
2012-04-25 20:00:00,407.42642
2012-04-25 21:00:00,193.2264
2012-04-25 22:00:00,135.0899
2012-04-25 23:00:00,110.20064
2012-04-26 00:00:00,80.437065
2012-04-26 01:00:00,100.96681
2012-04-26 02:00:00,111.203995
2012-04-26 03:00:00,103.50877
2012-04-26 04:00:00,106.247635
2012-04-26 05:00:00,147.26775
2012-04-26 06:00:00,138.21362
2012-04-26 07:00:00,50.68203
2012-04-26 08:00:00,76.183655
2012-04-26 09:00:00,79.66718
2012-04-26 10:00:00,91.47535
2012-04-26 11:00:00,87.89723
2012-04-26 12:00:00,152.80571
2012-04-26 13:00:00,141.28645
2012-04-26 14:00:00,179.91895
2012-04-26 15:00:00,167.59187
2012-04-26 16:00:00,163.48964
2012-04-26 17:00:00,151.45154
2012-04-26 18:00:00,179.91895
2012-04-26 19:00:00,186.9381
2012-04-26 20:00:00,164.95204
2012-04-26 21:00:00,123.42862
2012-04-26 22:00:00,101.214294
2012-04-26 23:00:00,73.27773
2012-04-27 00:00:00,214.91788
2012-04-27 01:00:00,223.18864
2012-04-27 02:00:00,209.64526
2012-04-27 03:00:00,260.61185
2012-04-27 04:00:00,194.00563
2012-04-27 05:00:00,228.95224
2012-04-27 06:00:00,183.39854
2012-04-27 07:00:00,166.70003
2012-04-27 08:00:00,85.80031
2012-04-27 09:00:00,240.27686
2012-04-27 10:00:00,275.50766
2012-04-27 11:00:00,252.51482
2012-04-27 12:00:00,275.73264
2012-04-27 13:00:00,294.51855
2012-04-27 14:00:00,285.28812
2012-04-27 15:00:00,345.5931
2012-04-27 16:00:00,329.23663
2012-04-27 17:00:00,373.4875
2012-04-27 18:00:00,355.175
2012-04-27 19:00:00,330.7701
2012-04-27 20:00:00,283.09924
2012-04-27 21:00:00,264.0001
2012-04-27 22:00:00,211.69005
2012-04-27 23:00:00,191.90941
2012-04-28 00:00:00,80.27827
2012-04-28 01:00:00,83.761375
2012-04-28 02:00:00,71.95915
2012-04-28 03:00:00,70.00919
2012-04-28 04:00:00,53.415157
2012-04-28 05:00:00,53.11074
2012-04-28 06:00:00,60.897915
2012-04-28 07:00:00,53.415157
2012-04-28 08:00:00,80.214966
2012-04-28 09:00:00,92.42789
2012-04-28 10:00:00,75.59893
2012-04-28 11:00:00,74.62401
2012-04-28 12:00:00,78.69562
2012-04-28 13:00:00,101.1873
2012-04-28 14:00:00,100.46807
2012-04-28 15:00:00,127.98799
2012-04-28 16:00:00,116.436134
2012-04-28 17:00:00,98.27144
2012-04-28 18:00:00,30.622463
2012-04-28 19:00:00,58.742546
2012-04-28 20:00:00,58.992416
2012-04-28 21:00:00,73.32663
2012-04-28 22:00:00,116.99008
2012-04-28 23:00:00,104.4993
2012-04-29 00:00:00,58.6474
2012-04-29 01:00:00,103.006775
2012-04-29 02:00:00,65.72366
2012-04-29 03:00:00,66.915405
2012-04-29 04:00:00,72.85673
2012-04-29 05:00:00,23.954767
2012-04-29 06:00:00,32.581573
2012-04-29 07:00:00,67.90837
2012-04-29 08:00:00,36.044334
2012-04-29 09:00:00,38.25274
2012-04-29 10:00:00,32.336693
2012-04-29 11:00:00,72.65519
2012-04-29 12:00:00,115.03374
2012-04-29 13:00:00,128.08725
2012-04-29 14:00:00,278.53217
2012-04-29 15:00:00,256.45932
2012-04-29 16:00:00,425.46527
2012-04-29 17:00:00,472.3654
2012-04-29 18:00:00,436.64883
2012-04-29 19:00:00,269.64825
2012-04-29 20:00:00,298.6463
2012-04-29 21:00:00,135.95642
2012-04-29 22:00:00,132.86919
2012-04-29 23:00:00,62.604885
2012-04-30 00:00:00,86.849655
2012-04-30 01:00:00,76.44701
2012-04-30 02:00:00,73.12642
2012-04-30 03:00:00,56.91976
2012-04-30 04:00:00,129.37737
2012-04-30 05:00:00,129.37737
2012-04-30 06:00:00,149.82489
2012-04-30 07:00:00,143.75793
2012-04-30 08:00:00,160.89482
2012-04-30 09:00:00,115.58279
2012-04-30 10:00:00,94.11133
2012-04-30 11:00:00,91.561485
2012-04-30 12:00:00,105.55151
2012-04-30 13:00:00,104.45508
2012-04-30 14:00:00,134.43398
2012-04-30 15:00:00,125.72104
2012-04-30 16:00:00,228.896
2012-04-30 17:00:00,229.84923
2012-04-30 18:00:00,209.49365
2012-04-30 19:00:00,179.1729
2012-04-30 20:00:00,176.25508
2012-04-30 21:00:00,176.25508
2012-04-30 22:00:00,157.67108
2012-04-30 23:00:00,174.57008
2012-05-20 00:00:00,159.55714
2012-05-20 01:00:00,154.45842
2012-05-20 02:00:00,154.45842
2012-05-20 03:00:00,100.21483
2012-05-20 04:00:00,64.113655
2012-05-20 05:00:00,66.62755
2012-05-20 06:00:00,75.72589
2012-05-20 07:00:00,109.98108
2012-05-20 08:00:00,151.93451
2012-05-20 09:00:00,482.8211
2012-05-20 10:00:00,567.8239
2012-05-20 11:00:00,550.4978
2012-05-20 12:00:00,582.4632
2012-05-20 13:00:00,562.94977
2012-05-20 14:00:00,574.2724
2012-05-20 15:00:00,457.89972
2012-05-20 16:00:00,558.5753
2012-05-20 17:00:00,528.59076
2012-05-20 18:00:00,470.69775
2012-05-20 19:00:00,365.46313
2012-05-20 20:00:00,365.4631
2012-05-20 21:00:00,325.76688
2012-05-20 22:00:00,296.77554
2012-05-20 23:00:00,104.06773
2012-05-21 00:00:00,98.89195
2012-05-21 01:00:00,92.82628
2012-05-21 02:00:00,85.76132
2012-05-21 03:00:00,208.2075
2012-05-21 04:00:00,88.25406
2012-05-21 05:00:00,88.25406
2012-05-21 06:00:00,88.25406
2012-05-21 07:00:00,88.25406
2012-05-21 08:00:00,93.80757
2012-05-21 09:00:00,92.84733
2012-05-21 10:00:00,100.63219
2012-05-21 11:00:00,216.4916
2012-05-21 12:00:00,250.98422
2012-05-21 13:00:00,111.48213
2012-05-21 14:00:00,84.85806
2012-05-21 15:00:00,237.23979
2012-05-21 16:00:00,263.49683
2012-05-21 17:00:00,263.89606
2012-05-21 18:00:00,207.98831
2012-05-21 19:00:00,202.62784
2012-05-21 20:00:00,259.64816
2012-05-21 21:00:00,220.13052
2012-05-21 22:00:00,219.68065
2012-05-21 23:00:00,266.68884
2012-05-22 00:00:00,207.09059
2012-05-22 01:00:00,189.37273
2012-05-22 02:00:00,177.35051
2012-05-22 03:00:00,177.35051
2012-05-22 04:00:00,169.14934
2012-05-22 05:00:00,82.99455
2012-05-22 06:00:00,65.24731
2012-05-22 07:00:00,65.24731
2012-05-22 08:00:00,171.15578
2012-05-22 09:00:00,182.85097
2012-05-22 10:00:00,167.36615
2012-05-22 11:00:00,168.22717
2012-05-22 12:00:00,184.71037
2012-05-22 13:00:00,144.58733
2012-05-22 14:00:00,167.64716
2012-05-22 15:00:00,227.73105
2012-05-22 16:00:00,256.9712
2012-05-22 17:00:00,156.83171
2012-05-22 18:00:00,297.67603
2012-05-22 19:00:00,318.4398
2012-05-22 20:00:00,287.09875
2012-05-22 21:00:00,175.78609
2012-05-22 22:00:00,199.10019
2012-05-22 23:00:00,210.70671
2012-05-23 00:00:00,175.78609
2012-05-23 01:00:00,126.70477
2012-05-23 02:00:00,216.4916
2012-05-23 03:00:00,161.15358
2012-05-23 04:00:00,84.964325
2012-05-23 05:00:00,93.80757
2012-05-23 06:00:00,77.33302
2012-05-23 07:00:00,158.7169
2012-05-23 08:00:00,158.7169
2012-05-23 09:00:00,172.03726
2012-05-23 10:00:00,161.1693
2012-05-23 11:00:00,152.69547
2012-05-23 12:00:00,166.12207
2012-05-23 13:00:00,212.90831
2012-05-23 14:00:00,264.1662
2012-05-23 15:00:00,172.51886
2012-05-23 16:00:00,223.76553
2012-05-23 17:00:00,149.07405
2012-05-23 18:00:00,149.07405
2012-05-23 19:00:00,226.90205
2012-05-23 20:00:00,188.76465
2012-05-23 21:00:00,204.70256
2012-05-23 22:00:00,226.90205
2012-05-23 23:00:00,114.87834
2012-05-24 00:00:00,119.55685
2012-05-24 01:00:00,87.11966
2012-05-24 02:00:00,125.33339
2012-05-24 03:00:00,191.48909
2012-05-24 04:00:00,205.64297
2012-05-24 05:00:00,205.64297
2012-05-24 06:00:00,205.64297
2012-05-24 07:00:00,113.79191
2012-05-24 08:00:00,239.37344
2012-05-24 09:00:00,263.71268
2012-05-24 10:00:00,270.62418
2012-05-24 11:00:00,267.10748
2012-05-24 12:00:00,270.36557
2012-05-24 13:00:00,362.88147
2012-05-24 14:00:00,380.96323
2012-05-24 15:00:00,391.0114
2012-05-24 16:00:00,382.47272
2012-05-24 17:00:00,396.87427
2012-05-24 18:00:00,377.86197
2012-05-24 19:00:00,363.05515
2012-05-24 20:00:00,267.19537
2012-05-24 21:00:00,121.56851
2012-05-24 22:00:00,190.8853
2012-05-24 23:00:00,214.67403
2012-05-25 00:00:00,122.75632
2012-05-25 01:00:00,125.60421
2012-05-25 02:00:00,204.70256
2012-05-25 03:00:00,202.70335
2012-05-25 04:00:00,216.48967
2012-05-25 05:00:00,202.11604
2012-05-25 06:00:00,202.70335
2012-05-25 07:00:00,226.02136
2012-05-25 08:00:00,205.62349
2012-05-25 09:00:00,219.55678
2012-05-25 10:00:00,197.26161
2012-05-25 11:00:00,174.01823
2012-05-25 12:00:00,214.94463
2012-05-25 13:00:00,276.62177
2012-05-25 14:00:00,305.1904
2012-05-25 15:00:00,355.59064
2012-05-25 16:00:00,379.12347
2012-05-25 17:00:00,397.56433
2012-05-25 18:00:00,355.59064
2012-05-25 19:00:00,380.94357
2012-05-25 20:00:00,299.8617
2012-05-25 21:00:00,261.75845
2012-05-25 22:00:00,199.4209
2012-05-25 23:00:00,250.93819
2012-05-26 00:00:00,87.534294
2012-05-26 01:00:00,79.432556
2012-05-26 02:00:00,47.302708
2012-05-26 03:00:00,51.82707
2012-05-26 04:00:00,53.3948
2012-05-26 05:00:00,114.3831
2012-05-26 06:00:00,57.602634
2012-05-26 07:00:00,78.23677
2012-05-26 08:00:00,115.14871
2012-05-26 09:00:00,95.1411
2012-05-26 10:00:00,140.32236
2012-05-26 11:00:00,163.74867
2012-05-26 12:00:00,219.26837
2012-05-26 13:00:00,193.69994
2012-05-26 14:00:00,218.77725
2012-05-26 15:00:00,280.78192
2012-05-26 16:00:00,301.61417
2012-05-26 17:00:00,317.59116
2012-05-26 18:00:00,286.15332
2012-05-26 19:00:00,190.38118
2012-05-26 20:00:00,257.75143
2012-05-26 21:00:00,209.09865
2012-05-26 22:00:00,210.30528
2012-05-26 23:00:00,210.30528
2012-05-27 00:00:00,148.191
2012-05-27 01:00:00,198.72017
2012-05-27 02:00:00,218.42943
2012-05-27 03:00:00,166.59464
2012-05-27 04:00:00,97.09298
2012-05-27 05:00:00,97.09298
2012-05-27 06:00:00,88.82724
2012-05-27 07:00:00,56.11718
2012-05-27 08:00:00,95.1411
2012-05-27 09:00:00,103.276794
2012-05-27 10:00:00,222.56294
2012-05-27 11:00:00,231.6927
2012-05-27 12:00:00,249.53732
2012-05-27 13:00:00,248.12437
2012-05-27 14:00:00,294.5641
2012-05-27 15:00:00,353.81055
2012-05-27 16:00:00,353.81055
2012-05-27 17:00:00,397.8333
2012-05-27 18:00:00,344.3871
2012-05-27 19:00:00,248.12437
2012-05-27 20:00:00,275.1264
2012-05-27 21:00:00,184.27408
2012-05-27 22:00:00,104.36419
2012-05-27 23:00:00,95.094406
2012-05-28 00:00:00,60.885197
2012-05-28 01:00:00,122.16794
2012-05-28 02:00:00,57.64315
2012-05-28 03:00:00,67.17345
2012-05-28 04:00:00,42.032104
2012-05-28 05:00:00,42.032104
2012-05-28 06:00:00,67.17345
2012-05-28 07:00:00,39.389584
2012-05-28 08:00:00,40.13253
2012-05-28 09:00:00,73.90362
2012-05-28 10:00:00,73.90362
2012-05-28 11:00:00,121.421555
2012-05-28 12:00:00,168.36385
2012-05-28 13:00:00,298.53052
2012-05-28 14:00:00,298.53052
2012-05-28 15:00:00,359.16724
2012-05-28 16:00:00,363.74445
2012-05-28 17:00:00,359.16724
2012-05-28 18:00:00,319.77646
2012-05-28 19:00:00,336.66357
2012-05-28 20:00:00,271.4484
2012-05-28 21:00:00,222.29851
2012-05-28 22:00:00,124.24923
2012-05-28 23:00:00,102.30525
2012-05-29 00:00:00,232.59547
2012-05-29 01:00:00,232.59547
2012-05-29 02:00:00,139.8557
2012-05-29 03:00:00,277.34637
2012-05-29 04:00:00,250.93819
2012-05-29 05:00:00,250.93819
2012-05-29 06:00:00,250.93819
2012-05-29 07:00:00,250.93819
2012-05-29 08:00:00,275.14136
2012-05-29 09:00:00,354.0472
2012-05-29 10:00:00,384.0112
2012-05-29 11:00:00,403.7406
2012-05-29 12:00:00,382.19382
2012-05-29 13:00:00,375.19263
2012-05-29 14:00:00,375.71304
2012-05-29 15:00:00,364.15045
2012-05-29 16:00:00,362.81854
2012-05-29 17:00:00,365.04285
2012-05-29 18:00:00,352.3088
2012-05-29 19:00:00,386.21478
2012-05-29 20:00:00,230.78763
2012-05-29 21:00:00,95.69585
2012-05-29 22:00:00,202.11604
2012-05-29 23:00:00,82.18391
2012-05-30 00:00:00,62.36281
2012-05-30 01:00:00,84.5441
2012-05-30 02:00:00,68.55624
2012-05-30 03:00:00,67.81218
2012-05-30 04:00:00,210.35854
2012-05-30 05:00:00,208.36388
2012-05-30 06:00:00,177.89081
2012-05-30 07:00:00,103.82814
2012-05-30 08:00:00,214.6014
2012-05-30 09:00:00,221.57286
2012-05-30 10:00:00,245.51859
2012-05-30 11:00:00,225.05583
2012-05-30 12:00:00,162.65935
2012-05-30 13:00:00,176.56805
2012-05-30 14:00:00,361.66873
2012-05-30 15:00:00,344.01776
2012-05-30 16:00:00,365.13004
2012-05-30 17:00:00,289.0667
2012-05-30 18:00:00,367.3901
2012-05-30 19:00:00,362.88147
2012-05-30 20:00:00,162.24522
2012-05-30 21:00:00,279.90173
2012-05-30 22:00:00,218.24454
2012-05-30 23:00:00,232.28224
2012-05-31 00:00:00,259.64816
2012-05-31 01:00:00,213.85011
2012-05-31 02:00:00,231.12627
2012-05-31 03:00:00,220.13052
2012-05-31 04:00:00,159.39697
2012-05-31 05:00:00,282.53326
2012-05-31 06:00:00,260.51147
2012-05-31 07:00:00,278.64328
2012-05-31 08:00:00,302.40253
2012-05-31 09:00:00,338.54968
2012-05-31 10:00:00,338.8843
2012-05-31 11:00:00,372.11072
2012-05-31 12:00:00,397.51892
2012-05-31 13:00:00,381.31012
2012-05-31 14:00:00,393.85248
2012-05-31 15:00:00,377.33356
2012-05-31 16:00:00,382.15704
2012-05-31 17:00:00,387.7489
2012-05-31 18:00:00,423.97302
2012-05-31 19:00:00,404.28827
2012-05-31 20:00:00,362.1869
2012-05-31 21:00:00,362.1869
2012-05-31 22:00:00,339.9566
2012-05-31 23:00:00,335.24893
2012-06-20 00:00:00,232.59547
2012-06-20 01:00:00,220.97289
2012-06-20 02:00:00,146.29222
2012-06-20 03:00:00,130.71333
2012-06-20 04:00:00,127.990555
2012-06-20 05:00:00,127.990555
2012-06-20 06:00:00,200.73465
2012-06-20 07:00:00,202.93605
2012-06-20 08:00:00,167.60252
2012-06-20 09:00:00,187.22896
2012-06-20 10:00:00,306.66672
2012-06-20 11:00:00,321.5495
2012-06-20 12:00:00,293.45175
2012-06-20 13:00:00,259.47067
2012-06-20 14:00:00,275.21228
2012-06-20 15:00:00,184.8567
2012-06-20 16:00:00,236.65552
2012-06-20 17:00:00,187.2004
2012-06-20 18:00:00,187.20041
2012-06-20 19:00:00,300.3171
2012-06-20 20:00:00,300.94357
2012-06-20 21:00:00,255.68738
2012-06-20 22:00:00,272.74628
2012-06-20 23:00:00,261.5094
2012-06-21 00:00:00,179.97533
2012-06-21 01:00:00,139.84825
2012-06-21 02:00:00,131.79697
2012-06-21 03:00:00,112.23657
2012-06-21 04:00:00,89.517044
2012-06-21 05:00:00,91.54698
2012-06-21 06:00:00,208.8109
2012-06-21 07:00:00,208.8109
2012-06-21 08:00:00,119.3058
2012-06-21 09:00:00,368.2761
2012-06-21 10:00:00,344.36154
2012-06-21 11:00:00,360.4948
2012-06-21 12:00:00,341.4732
2012-06-21 13:00:00,359.6133
2012-06-21 14:00:00,352.78888
2012-06-21 15:00:00,357.5434
2012-06-21 16:00:00,362.15225
2012-06-21 17:00:00,352.30066
2012-06-21 18:00:00,342.57037
2012-06-21 19:00:00,328.11008
2012-06-21 20:00:00,349.6167
2012-06-21 21:00:00,361.2464
2012-06-21 22:00:00,354.30194
2012-06-21 23:00:00,272.04602
2012-06-22 00:00:00,294.53552
2012-06-22 01:00:00,250.90492
2012-06-22 02:00:00,104.58741
2012-06-22 03:00:00,104.58741
2012-06-22 04:00:00,317.71362
2012-06-22 05:00:00,282.5011
2012-06-22 06:00:00,295.06042
2012-06-22 07:00:00,278.66873
2012-06-22 08:00:00,273.1219
2012-06-22 09:00:00,362.72842
2012-06-22 10:00:00,305.7737
2012-06-22 11:00:00,352.14035
2012-06-22 12:00:00,348.60336
2012-06-22 13:00:00,328.11008
2012-06-22 14:00:00,328.11008
2012-06-22 15:00:00,237.49297
2012-06-22 16:00:00,322.2915
2012-06-22 17:00:00,362.82462
2012-06-22 18:00:00,316.18192
2012-06-22 19:00:00,238.85521
2012-06-22 20:00:00,238.85521
2012-06-22 21:00:00,320.62244
2012-06-22 22:00:00,171.89453
2012-06-22 23:00:00,218.68169
2012-06-23 00:00:00,68.608574
2012-06-23 01:00:00,77.089
2012-06-23 02:00:00,62.67283
2012-06-23 03:00:00,83.13618
2012-06-23 04:00:00,65.56691
2012-06-23 05:00:00,62.67283
2012-06-23 06:00:00,59.32228
2012-06-23 07:00:00,51.788647
2012-06-23 08:00:00,166.05952
2012-06-23 09:00:00,231.43771
2012-06-23 10:00:00,280.4455
2012-06-23 11:00:00,354.20212
2012-06-23 12:00:00,365.59818
2012-06-23 13:00:00,384.83215
2012-06-23 14:00:00,485.3013
2012-06-23 15:00:00,457.20868
2012-06-23 16:00:00,473.21942
2012-06-23 17:00:00,479.4391
2012-06-23 18:00:00,500.46725
2012-06-23 19:00:00,484.0271
2012-06-23 20:00:00,484.82214
2012-06-23 21:00:00,482.35693
2012-06-23 22:00:00,451.02246
2012-06-23 23:00:00,392.96704
2012-06-24 00:00:00,301.08752
2012-06-24 01:00:00,270.0597
2012-06-24 02:00:00,367.01117
2012-06-24 03:00:00,205.66148
2012-06-24 04:00:00,273.14438
2012-06-24 05:00:00,96.70354
2012-06-24 06:00:00,133.45566
2012-06-24 07:00:00,101.839165
2012-06-24 08:00:00,219.64235
2012-06-24 09:00:00,301.0965
2012-06-24 10:00:00,390.76465
2012-06-24 11:00:00,388.84262
2012-06-24 12:00:00,442.79797
2012-06-24 13:00:00,459.3124
2012-06-24 14:00:00,432.91617
2012-06-24 15:00:00,395.41742
2012-06-24 16:00:00,418.66843
2012-06-24 17:00:00,409.71643
2012-06-24 18:00:00,412.81116
2012-06-24 19:00:00,430.3236
2012-06-24 20:00:00,381.2121
2012-06-24 21:00:00,295.9491
2012-06-24 22:00:00,241.01913
2012-06-24 23:00:00,226.02483
2012-06-25 00:00:00,335.6762
2012-06-25 01:00:00,271.04492
2012-06-25 02:00:00,236.25423
2012-06-25 03:00:00,241.91371
2012-06-25 04:00:00,137.24416
2012-06-25 05:00:00,120.08952
2012-06-25 06:00:00,98.9435
2012-06-25 07:00:00,139.53882
2012-06-25 08:00:00,180.19327
2012-06-25 09:00:00,243.59116
2012-06-25 10:00:00,306.00458
2012-06-25 11:00:00,274.70206
2012-06-25 12:00:00,303.6588
2012-06-25 13:00:00,325.12506
2012-06-25 14:00:00,321.40555
2012-06-25 15:00:00,296.02786
2012-06-25 16:00:00,268.84055
2012-06-25 17:00:00,322.61646
2012-06-25 18:00:00,334.88498
2012-06-25 19:00:00,334.50055
2012-06-25 20:00:00,327.56653
2012-06-25 21:00:00,388.5329
2012-06-25 22:00:00,370.31165
2012-06-25 23:00:00,374.1836
2012-06-26 00:00:00,372.97058
2012-06-26 01:00:00,337.18326
2012-06-26 02:00:00,339.45886
2012-06-26 03:00:00,320.7195
2012-06-26 04:00:00,318.53424
2012-06-26 05:00:00,279.36694
2012-06-26 06:00:00,255.47484
2012-06-26 07:00:00,252.79808
2012-06-26 08:00:00,293.13025
2012-06-26 09:00:00,307.04938
2012-06-26 10:00:00,327.4647
2012-06-26 11:00:00,324.62103
2012-06-26 12:00:00,324.7021
2012-06-26 13:00:00,327.361
2012-06-26 14:00:00,327.361
2012-06-26 15:00:00,329.49545
2012-06-26 16:00:00,336.92044
2012-06-26 17:00:00,344.05597
2012-06-26 18:00:00,348.47952
2012-06-26 19:00:00,390.69836
2012-06-26 20:00:00,378.12604
2012-06-26 21:00:00,387.3038
2012-06-26 22:00:00,395.23627
2012-06-26 23:00:00,343.8219
2012-06-27 00:00:00,359.45547
2012-06-27 01:00:00,336.41498
2012-06-27 02:00:00,271.63104
2012-06-27 03:00:00,279.74567
2012-06-27 04:00:00,367.00403
2012-06-27 05:00:00,348.7423
2012-06-27 06:00:00,324.76236
2012-06-27 07:00:00,316.3928
2012-06-27 08:00:00,336.24658
2012-06-27 09:00:00,337.1441
2012-06-27 10:00:00,347.80023
2012-06-27 11:00:00,323.56567
2012-06-27 12:00:00,323.29324
2012-06-27 13:00:00,294.0232
2012-06-27 14:00:00,301.0449
2012-06-27 15:00:00,301.5766
2012-06-27 16:00:00,295.1068
2012-06-27 17:00:00,281.69482
2012-06-27 18:00:00,294.0232
2012-06-27 19:00:00,297.7015
2012-06-27 20:00:00,355.3581
2012-06-27 21:00:00,363.24786
2012-06-27 22:00:00,301.7895
2012-06-27 23:00:00,258.09915
2012-06-28 00:00:00,202.17973
2012-06-28 01:00:00,131.91367
2012-06-28 02:00:00,190.49986
2012-06-28 03:00:00,190.49986
2012-06-28 04:00:00,149.8696
2012-06-28 05:00:00,147.95833
2012-06-28 06:00:00,147.95833
2012-06-28 07:00:00,149.8696
2012-06-28 08:00:00,225.24664
2012-06-28 09:00:00,261.65466
2012-06-28 10:00:00,340.67487
2012-06-28 11:00:00,346.4617
2012-06-28 12:00:00,317.6851
2012-06-28 13:00:00,326.77472
2012-06-28 14:00:00,285.73383
2012-06-28 15:00:00,285.73383
2012-06-28 16:00:00,345.38992
2012-06-28 17:00:00,348.34546
2012-06-28 18:00:00,334.14374
2012-06-28 19:00:00,291.01007
2012-06-28 20:00:00,337.05304
2012-06-28 21:00:00,337.30566
2012-06-28 22:00:00,315.3847
2012-06-28 23:00:00,294.4226
2012-06-29 00:00:00,294.4226
2012-06-29 01:00:00,298.38782
2012-06-29 02:00:00,287.65314
2012-06-29 03:00:00,287.65314
2012-06-29 04:00:00,223.34523
2012-06-29 05:00:00,176.2701
2012-06-29 06:00:00,268.74902
2012-06-29 07:00:00,176.2701
2012-06-29 08:00:00,293.6494
2012-06-29 09:00:00,306.00458
2012-06-29 10:00:00,284.53485
2012-06-29 11:00:00,348.6081
2012-06-29 12:00:00,362.75186
2012-06-29 13:00:00,354.13293
2012-06-29 14:00:00,345.73627
2012-06-29 15:00:00,377.1334
2012-06-29 16:00:00,377.1334
2012-06-29 17:00:00,360.59955
2012-06-29 18:00:00,374.56613
2012-06-29 19:00:00,351.14545
2012-06-29 20:00:00,323.10107
2012-06-29 21:00:00,343.37564
2012-06-29 22:00:00,383.86963
2012-06-29 23:00:00,383.86963
2012-06-30 00:00:00,82.58698
2012-06-30 01:00:00,82.42324
2012-06-30 02:00:00,81.39241
2012-06-30 03:00:00,81.39241
2012-06-30 04:00:00,63.926796
2012-06-30 05:00:00,33.604034
2012-06-30 06:00:00,33.604034
2012-06-30 07:00:00,33.604034
2012-06-30 08:00:00,33.604034
2012-06-30 09:00:00,33.604034
2012-06-30 10:00:00,384.3958
2012-06-30 11:00:00,384.3958
2012-06-30 12:00:00,384.3958
2012-06-30 13:00:00,384.3958
2012-06-30 14:00:00,384.3958
2012-06-30 15:00:00,384.3958
2012-06-30 16:00:00,329.00034
2012-06-30 17:00:00,314.78073
2012-06-30 18:00:00,309.8082
2012-06-30 19:00:00,373.25116
2012-06-30 20:00:00,288.26227
2012-06-30 21:00:00,288.26227
2012-06-30 22:00:00,220.97365
2012-06-30 23:00:00,206.64862
2012-07-20 00:00:00,90.340546
2012-07-20 01:00:00,67.630295
2012-07-20 02:00:00,110.74199
2012-07-20 03:00:00,120.45616
2012-07-20 04:00:00,147.1974
2012-07-20 05:00:00,134.09651
2012-07-20 06:00:00,147.1974
2012-07-20 07:00:00,151.44405
2012-07-20 08:00:00,202.69743
2012-07-20 09:00:00,232.36479
2012-07-20 10:00:00,228.57118
2012-07-20 11:00:00,292.31207
2012-07-20 12:00:00,148.81529
2012-07-20 13:00:00,145.02959
2012-07-20 14:00:00,159.92625
2012-07-20 15:00:00,164.38258
2012-07-20 16:00:00,179.63127
2012-07-20 17:00:00,230.65154
2012-07-20 18:00:00,200.36217
2012-07-20 19:00:00,196.48473
2012-07-20 20:00:00,122.20211
2012-07-20 21:00:00,121.27713
2012-07-20 22:00:00,183.40901
2012-07-20 23:00:00,188.35469
2012-07-21 00:00:00,108.73459
2012-07-21 01:00:00,75.46587
2012-07-21 02:00:00,83.431366
2012-07-21 03:00:00,83.75
2012-07-21 04:00:00,82.14304
2012-07-21 05:00:00,83.67376
2012-07-21 06:00:00,83.67376
2012-07-21 07:00:00,57.832825
2012-07-21 08:00:00,75.28771
2012-07-21 09:00:00,55.4558
2012-07-21 10:00:00,83.67376
2012-07-21 11:00:00,75.73042
2012-07-21 12:00:00,104.62335
2012-07-21 13:00:00,99.18618
2012-07-21 14:00:00,58.45647
2012-07-21 15:00:00,83.75
2012-07-21 16:00:00,74.77313
2012-07-21 17:00:00,77.676155
2012-07-21 18:00:00,47.487648
2012-07-21 19:00:00,51.534157
2012-07-21 20:00:00,77.676155
2012-07-21 21:00:00,51.534164
2012-07-21 22:00:00,56.37979
2012-07-21 23:00:00,77.324425
2012-07-22 00:00:00,56.37979
2012-07-22 01:00:00,51.534164
2012-07-22 02:00:00,56.37979
2012-07-22 03:00:00,56.37979
2012-07-22 04:00:00,50.182224
2012-07-22 05:00:00,50.182224
2012-07-22 06:00:00,80.59585
2012-07-22 07:00:00,106.986275
2012-07-22 08:00:00,158.63322
2012-07-22 09:00:00,255.73647
2012-07-22 10:00:00,223.27538
2012-07-22 11:00:00,223.27538
2012-07-22 12:00:00,192.60248
2012-07-22 13:00:00,222.74272
2012-07-22 14:00:00,192.24559
2012-07-22 15:00:00,192.24559
2012-07-22 16:00:00,190.239
2012-07-22 17:00:00,221.25325
2012-07-22 18:00:00,198.54498
2012-07-22 19:00:00,178.02197
2012-07-22 20:00:00,143.62077
2012-07-22 21:00:00,104.468544
2012-07-22 22:00:00,151.94566
2012-07-22 23:00:00,92.44858
2012-07-23 00:00:00,63.307716
2012-07-23 01:00:00,77.779144
2012-07-23 02:00:00,72.425064
2012-07-23 03:00:00,72.425064
2012-07-23 04:00:00,87.650894
2012-07-23 05:00:00,87.650894
2012-07-23 06:00:00,121.773
2012-07-23 07:00:00,94.65648
2012-07-23 08:00:00,131.79697
2012-07-23 09:00:00,259.76163
2012-07-23 10:00:00,331.4931
2012-07-23 11:00:00,323.06702
2012-07-23 12:00:00,323.06702
2012-07-23 13:00:00,335.20065
2012-07-23 14:00:00,310.7271
2012-07-23 15:00:00,368.2761
2012-07-23 16:00:00,342.97125
2012-07-23 17:00:00,342.97125
2012-07-23 18:00:00,346.63116
2012-07-23 19:00:00,348.9309
2012-07-23 20:00:00,293.4927
2012-07-23 21:00:00,324.21704
2012-07-23 22:00:00,294.5547
2012-07-23 23:00:00,250.49289
2012-07-24 00:00:00,158.86548
2012-07-24 01:00:00,104.792435
2012-07-24 02:00:00,93.15727
2012-07-24 03:00:00,93.15727
2012-07-24 04:00:00,80.34407
2012-07-24 05:00:00,81.162964
2012-07-24 06:00:00,84.23209
2012-07-24 07:00:00,167.10564
2012-07-24 08:00:00,272.6021
2012-07-24 09:00:00,278.78644
2012-07-24 10:00:00,346.28925
2012-07-24 11:00:00,302.95093
2012-07-24 12:00:00,327.16614
2012-07-24 13:00:00,315.3046
2012-07-24 14:00:00,334.9933
2012-07-24 15:00:00,310.48108
2012-07-24 16:00:00,342.03998
2012-07-24 17:00:00,315.94482
2012-07-24 18:00:00,366.52527
2012-07-24 19:00:00,293.4927
2012-07-24 20:00:00,269.06012
2012-07-24 21:00:00,317.74628
2012-07-24 22:00:00,342.9216
2012-07-24 23:00:00,345.7316
2012-07-25 00:00:00,340.5158
2012-07-25 01:00:00,268.6361
2012-07-25 02:00:00,260.83554
2012-07-25 03:00:00,224.54962
2012-07-25 04:00:00,207.28343
2012-07-25 05:00:00,174.06651
2012-07-25 06:00:00,189.65953
2012-07-25 07:00:00,319.11594
2012-07-25 08:00:00,341.9363
2012-07-25 09:00:00,316.97
2012-07-25 10:00:00,263.40448
2012-07-25 11:00:00,305.10162
2012-07-25 12:00:00,305.10162
2012-07-25 13:00:00,360.3161
2012-07-25 14:00:00,364.63025
2012-07-25 15:00:00,362.88492
2012-07-25 16:00:00,356.51898
2012-07-25 17:00:00,342.52356
2012-07-25 18:00:00,366.9993
2012-07-25 19:00:00,363.8955
2012-07-25 20:00:00,361.33807
2012-07-25 21:00:00,298.187
2012-07-25 22:00:00,220.81104
2012-07-25 23:00:00,311.81854
2012-07-26 00:00:00,204.63356
2012-07-26 01:00:00,224.54962
2012-07-26 02:00:00,212.8177
2012-07-26 03:00:00,194.64406
2012-07-26 04:00:00,126.90611
2012-07-26 05:00:00,126.90611
2012-07-26 06:00:00,137.24416
2012-07-26 07:00:00,214.40385
2012-07-26 08:00:00,241.96916
2012-07-26 09:00:00,256.6287
2012-07-26 10:00:00,292.73566
2012-07-26 11:00:00,402.20078
2012-07-26 12:00:00,363.3098
2012-07-26 13:00:00,330.3695
2012-07-26 14:00:00,327.34186
2012-07-26 15:00:00,302.74597
2012-07-26 16:00:00,247.82831
2012-07-26 17:00:00,262.39243
2012-07-26 18:00:00,255.83928
2012-07-26 19:00:00,285.71283
2012-07-26 20:00:00,339.71765
2012-07-26 21:00:00,328.4342
2012-07-26 22:00:00,328.4342
2012-07-26 23:00:00,212.67935
2012-07-27 00:00:00,110.862885
2012-07-27 01:00:00,179.48592
2012-07-27 02:00:00,117.26306
2012-07-27 03:00:00,167.10564
2012-07-27 04:00:00,82.792984
2012-07-27 05:00:00,76.07959
2012-07-27 06:00:00,82.792984
2012-07-27 07:00:00,250.49918
2012-07-27 08:00:00,208.18738
2012-07-27 09:00:00,317.5865
2012-07-27 10:00:00,296.78088
2012-07-27 11:00:00,293.67636
2012-07-27 12:00:00,290.55402
2012-07-27 13:00:00,315.4017
2012-07-27 14:00:00,307.6087
2012-07-27 15:00:00,329.27933
2012-07-27 16:00:00,344.0073
2012-07-27 17:00:00,294.78418
2012-07-27 18:00:00,357.6468
2012-07-27 19:00:00,361.2464
2012-07-27 20:00:00,257.49478
2012-07-27 21:00:00,257.49478
2012-07-27 22:00:00,289.00305
2012-07-27 23:00:00,145.84929
2012-07-28 00:00:00,210.57503
2012-07-28 01:00:00,168.11066
2012-07-28 02:00:00,161.89655
2012-07-28 03:00:00,161.89655
2012-07-28 04:00:00,116.589355
2012-07-28 05:00:00,92.44858
2012-07-28 06:00:00,152.87532
2012-07-28 07:00:00,172.0915
2012-07-28 08:00:00,198.54498
2012-07-28 09:00:00,222.03119
2012-07-28 10:00:00,316.05298
2012-07-28 11:00:00,371.22852
2012-07-28 12:00:00,364.58783
2012-07-28 13:00:00,382.52176
2012-07-28 14:00:00,376.20462
2012-07-28 15:00:00,393.86902
2012-07-28 16:00:00,357.875
2012-07-28 17:00:00,339.0279
2012-07-28 18:00:00,395.8683
2012-07-28 19:00:00,81.81323
2012-07-28 20:00:00,71.9336
2012-07-28 21:00:00,83.04237
2012-07-28 22:00:00,83.04237
2012-07-28 23:00:00,66.22567
2012-07-29 00:00:00,40.441277
2012-07-29 01:00:00,64.90214
2012-07-29 02:00:00,99.3777
2012-07-29 03:00:00,146.43155
2012-07-29 04:00:00,117.112274
2012-07-29 05:00:00,62.26484
2012-07-29 06:00:00,86.7794
2012-07-29 07:00:00,158.66646
2012-07-29 08:00:00,206.41557
2012-07-29 09:00:00,264.01056
2012-07-29 10:00:00,221.04826
2012-07-29 11:00:00,295.9491
2012-07-29 12:00:00,359.63892
2012-07-29 13:00:00,339.83328
2012-07-29 14:00:00,345.6684
2012-07-29 15:00:00,327.33258
2012-07-29 16:00:00,327.33258
2012-07-29 17:00:00,342.03326
2012-07-29 18:00:00,417.50427
2012-07-29 19:00:00,263.46848
2012-07-29 20:00:00,190.239
2012-07-29 21:00:00,172.0915
2012-07-29 22:00:00,152.87532
2012-07-29 23:00:00,149.6905
2012-07-30 00:00:00,135.31006
2012-07-30 01:00:00,99.296585
2012-07-30 02:00:00,87.49431
2012-07-30 03:00:00,75.32066
2012-07-30 04:00:00,75.32066
2012-07-30 05:00:00,81.162964
2012-07-30 06:00:00,93.15727
2012-07-30 07:00:00,106.73057
2012-07-30 08:00:00,250.05301
2012-07-30 09:00:00,299.4855
2012-07-30 10:00:00,296.74347
2012-07-30 11:00:00,316.77118
2012-07-30 12:00:00,305.0042
2012-07-30 13:00:00,352.14035
2012-07-30 14:00:00,347.05658
2012-07-30 15:00:00,334.79712
2012-07-30 16:00:00,318.028
2012-07-30 17:00:00,331.1728
2012-07-30 18:00:00,310.1256
2012-07-30 19:00:00,352.50116
2012-07-30 20:00:00,270.39154
2012-07-30 21:00:00,250.49918
2012-07-30 22:00:00,254.7115
2012-07-30 23:00:00,179.43079
2012-07-31 00:00:00,98.96839
2012-07-31 01:00:00,84.23209
2012-07-31 02:00:00,84.23209
2012-07-31 03:00:00,80.344086
2012-07-31 04:00:00,80.34407
2012-07-31 05:00:00,93.15727
2012-07-31 06:00:00,65.710846
2012-07-31 07:00:00,114.96527
2012-07-31 08:00:00,117.26309
2012-07-31 09:00:00,179.48592
2012-07-31 10:00:00,115.98825
2012-07-31 11:00:00,164.39995
2012-07-31 12:00:00,254.51292
2012-07-31 13:00:00,347.75256
2012-07-31 14:00:00,347.75256
2012-07-31 15:00:00,258.09372
2012-07-31 16:00:00,362.72842
2012-07-31 17:00:00,363.53204
2012-07-31 18:00:00,349.05243
2012-07-31 19:00:00,340.328
2012-07-31 20:00:00,298.66095
2012-07-31 21:00:00,112.819855
2012-07-31 22:00:00,181.22475
2012-07-31 23:00:00,204.1095
2012-08-20 00:00:00,151.22449
2012-08-20 01:00:00,72.055916
2012-08-20 02:00:00,72.055916
2012-08-20 03:00:00,50.670403
2012-08-20 04:00:00,142.45265
2012-08-20 05:00:00,102.92939
2012-08-20 06:00:00,200.30751
2012-08-20 07:00:00,209.99217
2012-08-20 08:00:00,214.15703
2012-08-20 09:00:00,212.03978
2012-08-20 10:00:00,219.24455
2012-08-20 11:00:00,143.38762
2012-08-20 12:00:00,233.25554
2012-08-20 13:00:00,220.81104
2012-08-20 14:00:00,275.0534
2012-08-20 15:00:00,336.6153
2012-08-20 16:00:00,336.6153
2012-08-20 17:00:00,321.3305
2012-08-20 18:00:00,195.15443
2012-08-20 19:00:00,213.0436
2012-08-20 20:00:00,188.35469
2012-08-20 21:00:00,69.03552
2012-08-20 22:00:00,102.92939
2012-08-20 23:00:00,102.92939
2012-08-21 00:00:00,142.45265
2012-08-21 01:00:00,162.19531
2012-08-21 02:00:00,157.97939
2012-08-21 03:00:00,50.878937
2012-08-21 04:00:00,50.878937
2012-08-21 05:00:00,55.196106
2012-08-21 06:00:00,55.921196
2012-08-21 07:00:00,80.0088
2012-08-21 08:00:00,83.21958
2012-08-21 09:00:00,85.07656
2012-08-21 10:00:00,158.88118
2012-08-21 11:00:00,141.73482
2012-08-21 12:00:00,204.34172
2012-08-21 13:00:00,243.70381
2012-08-21 14:00:00,341.65973
2012-08-21 15:00:00,277.70654
2012-08-21 16:00:00,277.70654
2012-08-21 17:00:00,333.60358
2012-08-21 18:00:00,323.81702
2012-08-21 19:00:00,166.89767
2012-08-21 20:00:00,79.87528
2012-08-21 21:00:00,79.87528
2012-08-21 22:00:00,79.45383
2012-08-21 23:00:00,70.54863
2012-08-22 00:00:00,70.07537
2012-08-22 01:00:00,77.7628
2012-08-22 02:00:00,77.7628
2012-08-22 03:00:00,77.7628
2012-08-22 04:00:00,58.777237
2012-08-22 05:00:00,78.75051
2012-08-22 06:00:00,82.331085
2012-08-22 07:00:00,77.7628
2012-08-22 08:00:00,101.59448
2012-08-22 09:00:00,96.411156
2012-08-22 10:00:00,160.87389
2012-08-22 11:00:00,185.36693
2012-08-22 12:00:00,174.8934
2012-08-22 13:00:00,286.9231
2012-08-22 14:00:00,304.5866
2012-08-22 15:00:00,310.66678
2012-08-22 16:00:00,364.77423
2012-08-22 17:00:00,364.77423
2012-08-22 18:00:00,322.1977
2012-08-22 19:00:00,218.68169
2012-08-22 20:00:00,119.90712
2012-08-22 21:00:00,79.87528
2012-08-22 22:00:00,79.87528
2012-08-22 23:00:00,73.682144
2012-08-23 00:00:00,79.45383
2012-08-23 01:00:00,70.54863
2012-08-23 02:00:00,70.548645
2012-08-23 03:00:00,68.83208
2012-08-23 04:00:00,70.54863
2012-08-23 05:00:00,70.54863
2012-08-23 06:00:00,102.34201
2012-08-23 07:00:00,161.14966
2012-08-23 08:00:00,226.96066
2012-08-23 09:00:00,261.50305
2012-08-23 10:00:00,202.73488
2012-08-23 11:00:00,276.30356
2012-08-23 12:00:00,285.84235
2012-08-23 13:00:00,353.13284
2012-08-23 14:00:00,342.2969
2012-08-23 15:00:00,340.91684
2012-08-23 16:00:00,330.52917
2012-08-23 17:00:00,343.72906
2012-08-23 18:00:00,353.7964
2012-08-23 19:00:00,231.10219
2012-08-23 20:00:00,176.2701
2012-08-23 21:00:00,208.50603
2012-08-23 22:00:00,241.8805
2012-08-23 23:00:00,227.05608
2012-08-24 00:00:00,227.05608
2012-08-24 01:00:00,204.46191
2012-08-24 02:00:00,85.79173
2012-08-24 03:00:00,79.87528
2012-08-24 04:00:00,204.46191
2012-08-24 05:00:00,79.45383
2012-08-24 06:00:00,119.479256
2012-08-24 07:00:00,193.2014
2012-08-24 08:00:00,218.68169
2012-08-24 09:00:00,279.7071
2012-08-24 10:00:00,327.22253
2012-08-24 11:00:00,317.3763
2012-08-24 12:00:00,325.21957
2012-08-24 13:00:00,355.95642
2012-08-24 14:00:00,333.94727
2012-08-24 15:00:00,317.4714
2012-08-24 16:00:00,317.4714
2012-08-24 17:00:00,297.99536
2012-08-24 18:00:00,281.6621
2012-08-24 19:00:00,279.42896
2012-08-24 20:00:00,282.8076
2012-08-24 21:00:00,268.74902
2012-08-24 22:00:00,258.95782
2012-08-24 23:00:00,232.65099
2012-08-25 00:00:00,308.45242
2012-08-25 01:00:00,263.84503
2012-08-25 02:00:00,157.36613
2012-08-25 03:00:00,119.296165
2012-08-25 04:00:00,175.13036
2012-08-25 05:00:00,119.54231
2012-08-25 06:00:00,85.01149
2012-08-25 07:00:00,88.342255
2012-08-25 08:00:00,159.49675
2012-08-25 09:00:00,231.1259
2012-08-25 10:00:00,272.5136
2012-08-25 11:00:00,278.42737
2012-08-25 12:00:00,360.21585
2012-08-25 13:00:00,389.08704
2012-08-25 14:00:00,259.55704
2012-08-25 15:00:00,227.0001
2012-08-25 16:00:00,203.0753
2012-08-25 17:00:00,226.92546
2012-08-25 18:00:00,318.70776
2012-08-25 19:00:00,143.03033
2012-08-25 20:00:00,106.95119
2012-08-25 21:00:00,119.49907
2012-08-25 22:00:00,119.49907
2012-08-25 23:00:00,75.46587
2012-08-26 00:00:00,41.759525
2012-08-26 01:00:00,32.502636
2012-08-26 02:00:00,53.538982
2012-08-26 03:00:00,59.478363
2012-08-26 04:00:00,49.70523
2012-08-26 05:00:00,32.502636
2012-08-26 06:00:00,52.40353
2012-08-26 07:00:00,32.502636
2012-08-26 08:00:00,131.97841
2012-08-26 09:00:00,122.84172
2012-08-26 10:00:00,339.39044
2012-08-26 11:00:00,306.68292
2012-08-26 12:00:00,254.18245
2012-08-26 13:00:00,138.76038
2012-08-26 14:00:00,40.533684
2012-08-26 15:00:00,84.176605
2012-08-26 16:00:00,84.176605
2012-08-26 17:00:00,36.517826
2012-08-26 18:00:00,62.282898
2012-08-26 19:00:00,50.384968
2012-08-26 20:00:00,33.604034
2012-08-26 21:00:00,53.401985
2012-08-26 22:00:00,40.092648
2012-08-26 23:00:00,54.20062
2012-08-27 00:00:00,70.54863
2012-08-27 01:00:00,54.940834
2012-08-27 02:00:00,58.607033
2012-08-27 03:00:00,54.940823
2012-08-27 04:00:00,70.54863
2012-08-27 05:00:00,57.566685
2012-08-27 06:00:00,57.566685
2012-08-27 07:00:00,75.32066
2012-08-27 08:00:00,80.34407
2012-08-27 09:00:00,81.162964
2012-08-27 10:00:00,190.25629
2012-08-27 11:00:00,291.5079
2012-08-27 12:00:00,150.76357
2012-08-27 13:00:00,304.44476
2012-08-27 14:00:00,317.1772
2012-08-27 15:00:00,342.03998
2012-08-27 16:00:00,360.77316
2012-08-27 17:00:00,338.78397
2012-08-27 18:00:00,348.4016
2012-08-27 19:00:00,292.73566
2012-08-27 20:00:00,272.6021
2012-08-27 21:00:00,213.56584
2012-08-27 22:00:00,107.224396
2012-08-27 23:00:00,100.14218
2012-08-28 00:00:00,131.53734
2012-08-28 01:00:00,90.94428
2012-08-28 02:00:00,126.10744
2012-08-28 03:00:00,67.630295
2012-08-28 04:00:00,84.23209
2012-08-28 05:00:00,196.10513
2012-08-28 06:00:00,120.45616
2012-08-28 07:00:00,200.63249
2012-08-28 08:00:00,179.70734
2012-08-28 09:00:00,228.57118
2012-08-28 10:00:00,350.30695
2012-08-28 11:00:00,360.4491
2012-08-28 12:00:00,318.028
2012-08-28 13:00:00,288.7247
2012-08-28 14:00:00,266.7013
2012-08-28 15:00:00,283.00473
2012-08-28 16:00:00,280.98785
2012-08-28 17:00:00,267.60147
2012-08-28 18:00:00,320.8877
2012-08-28 19:00:00,337.411
2012-08-28 20:00:00,259.25122
2012-08-28 21:00:00,248.63171
2012-08-28 22:00:00,141.73482
2012-08-28 23:00:00,123.75507
2012-08-29 00:00:00,85.79173
2012-08-29 01:00:00,140.02977
2012-08-29 02:00:00,98.75705
2012-08-29 03:00:00,96.34523
2012-08-29 04:00:00,111.79258
2012-08-29 05:00:00,104.10591
2012-08-29 06:00:00,104.10591
2012-08-29 07:00:00,132.517
2012-08-29 08:00:00,203.00784
2012-08-29 09:00:00,302.3132
2012-08-29 10:00:00,305.5688
2012-08-29 11:00:00,204.34172
2012-08-29 12:00:00,262.72266
2012-08-29 13:00:00,235.53987
2012-08-29 14:00:00,325.27414
2012-08-29 15:00:00,348.0442
2012-08-29 16:00:00,364.1214
2012-08-29 17:00:00,339.89117
2012-08-29 18:00:00,356.63367
2012-08-29 19:00:00,287.62628
2012-08-29 20:00:00,123.75507
2012-08-29 21:00:00,180.41873
2012-08-29 22:00:00,131.91367
2012-08-29 23:00:00,119.371796
2012-08-30 00:00:00,85.07656
2012-08-30 01:00:00,91.278046
2012-08-30 02:00:00,82.331085
2012-08-30 03:00:00,82.331085
2012-08-30 04:00:00,82.331085
2012-08-30 05:00:00,82.331085
2012-08-30 06:00:00,72.055916
2012-08-30 07:00:00,79.87528
2012-08-30 08:00:00,91.43596
2012-08-30 09:00:00,125.41675
2012-08-30 10:00:00,149.74666
2012-08-30 11:00:00,325.27414
2012-08-30 12:00:00,330.83282
2012-08-30 13:00:00,286.9231
2012-08-30 14:00:00,310.66678
2012-08-30 15:00:00,352.91684
2012-08-30 16:00:00,352.34174
2012-08-30 17:00:00,324.50266
2012-08-30 18:00:00,361.99658
2012-08-30 19:00:00,310.66678
2012-08-30 20:00:00,278.66873
2012-08-30 21:00:00,218.21434
2012-08-30 22:00:00,98.98128
2012-08-30 23:00:00,144.13663
2012-08-31 00:00:00,97.067825
2012-08-31 01:00:00,97.067825
2012-08-31 02:00:00,67.63027
2012-08-31 03:00:00,64.09833
2012-08-31 04:00:00,61.804665
2012-08-31 05:00:00,65.710846
2012-08-31 06:00:00,144.09929
2012-08-31 07:00:00,105.29683
2012-08-31 08:00:00,264.16986
2012-08-31 09:00:00,119.3058
2012-08-31 10:00:00,208.25294
2012-08-31 11:00:00,289.5201
2012-08-31 12:00:00,315.20782
2012-08-31 13:00:00,266.50195
2012-08-31 14:00:00,322.60605
2012-08-31 15:00:00,277.8263
2012-08-31 16:00:00,302.7209
2012-08-31 17:00:00,346.5243
2012-08-31 18:00:00,310.5564
2012-08-31 19:00:00,344.85776
2012-08-31 20:00:00,344.85776
2012-08-31 21:00:00,334.4937
2012-08-31 22:00:00,334.4937
2012-08-31 23:00:00,202.22792
2012-09-20 00:00:00,153.46048
2012-09-20 01:00:00,108.01867
2012-09-20 02:00:00,106.68727
2012-09-20 03:00:00,125.78735
2012-09-20 04:00:00,90.253
2012-09-20 05:00:00,90.253
2012-09-20 06:00:00,125.78735
2012-09-20 07:00:00,73.58546
2012-09-20 08:00:00,132.34761
2012-09-20 09:00:00,186.06514
2012-09-20 10:00:00,225.11272
2012-09-20 11:00:00,247.5931
2012-09-20 12:00:00,311.60046
2012-09-20 13:00:00,294.24762
2012-09-20 14:00:00,309.88898
2012-09-20 15:00:00,308.5852
2012-09-20 16:00:00,284.0281
2012-09-20 17:00:00,299.5919
2012-09-20 18:00:00,264.31992
2012-09-20 19:00:00,261.89493
2012-09-20 20:00:00,184.94437
2012-09-20 21:00:00,211.84378
2012-09-20 22:00:00,118.002594
2012-09-20 23:00:00,158.42487
2012-09-21 00:00:00,160.81535
2012-09-21 01:00:00,154.85754
2012-09-21 02:00:00,154.85754
2012-09-21 03:00:00,98.90698
2012-09-21 04:00:00,127.112144
2012-09-21 05:00:00,93.8223
2012-09-21 06:00:00,98.90698
2012-09-21 07:00:00,117.05377
2012-09-21 08:00:00,121.14531
2012-09-21 09:00:00,132.25928
2012-09-21 10:00:00,220.31621
2012-09-21 11:00:00,263.78726
2012-09-21 12:00:00,235.05574
2012-09-21 13:00:00,261.65466
2012-09-21 14:00:00,328.67215
2012-09-21 15:00:00,307.85715
2012-09-21 16:00:00,287.62628
2012-09-21 17:00:00,308.3971
2012-09-21 18:00:00,270.6795
2012-09-21 19:00:00,228.78192
2012-09-21 20:00:00,144.79312
2012-09-21 21:00:00,124.70032
2012-09-21 22:00:00,104.10591
2012-09-21 23:00:00,168.52338
2012-09-22 00:00:00,112.79874
2012-09-22 01:00:00,64.39757
2012-09-22 02:00:00,29.168653
2012-09-22 03:00:00,54.46892
2012-09-22 04:00:00,54.46892
2012-09-22 05:00:00,77.12533
2012-09-22 06:00:00,61.21115
2012-09-22 07:00:00,63.94155
2012-09-22 08:00:00,119.80165
2012-09-22 09:00:00,141.1782
2012-09-22 10:00:00,249.5009
2012-09-22 11:00:00,281.83478
2012-09-22 12:00:00,337.94717
2012-09-22 13:00:00,431.65784
2012-09-22 14:00:00,378.33044
2012-09-22 15:00:00,472.47833
2012-09-22 16:00:00,399.10657
2012-09-22 17:00:00,399.10657
2012-09-22 18:00:00,323.09354
2012-09-22 19:00:00,224.66985
2012-09-22 20:00:00,284.6745
2012-09-22 21:00:00,238.82741
2012-09-22 22:00:00,191.69456
2012-09-22 23:00:00,280.7326
2012-09-23 00:00:00,570.64813
2012-09-23 01:00:00,278.35065
2012-09-23 02:00:00,308.9448
2012-09-23 03:00:00,239.50894
2012-09-23 04:00:00,252.95985
2012-09-23 05:00:00,228.50235
2012-09-23 06:00:00,202.6615
2012-09-23 07:00:00,231.15115
2012-09-23 08:00:00,225.43848
2012-09-23 09:00:00,259.0386
2012-09-23 10:00:00,343.52118
2012-09-23 11:00:00,355.1161
2012-09-23 12:00:00,424.86432
2012-09-23 13:00:00,526.68317
2012-09-23 14:00:00,532.8295
2012-09-23 15:00:00,595.21454
2012-09-23 16:00:00,553.9069
2012-09-23 17:00:00,423.30966
2012-09-23 18:00:00,460.10913
2012-09-23 19:00:00,411.21942
2012-09-23 20:00:00,411.21942
2012-09-23 21:00:00,391.78137
2012-09-23 22:00:00,395.25012
2012-09-23 23:00:00,329.4192
2012-09-24 00:00:00,206.26454
2012-09-24 01:00:00,222.37196
2012-09-24 02:00:00,284.61737
2012-09-24 03:00:00,224.44826
2012-09-24 04:00:00,210.14522
2012-09-24 05:00:00,272.5338
2012-09-24 06:00:00,290.75305
2012-09-24 07:00:00,222.37196
2012-09-24 08:00:00,255.05263
2012-09-24 09:00:00,271.1823
2012-09-24 10:00:00,282.2506
2012-09-24 11:00:00,355.14438
2012-09-24 12:00:00,355.8764
2012-09-24 13:00:00,373.10815
2012-09-24 14:00:00,416.6324
2012-09-24 15:00:00,397.6668
2012-09-24 16:00:00,391.10132
2012-09-24 17:00:00,407.7807
2012-09-24 18:00:00,351.2732
2012-09-24 19:00:00,336.72327
2012-09-24 20:00:00,302.56033
2012-09-24 21:00:00,283.8694
2012-09-24 22:00:00,261.5191
2012-09-24 23:00:00,243.34233
2012-09-25 00:00:00,209.48433
2012-09-25 01:00:00,191.90054
2012-09-25 02:00:00,158.67459
2012-09-25 03:00:00,172.21172
2012-09-25 04:00:00,185.53926
2012-09-25 05:00:00,152.315
2012-09-25 06:00:00,221.06224
2012-09-25 07:00:00,200.98442
2012-09-25 08:00:00,217.78114
2012-09-25 09:00:00,270.25037
2012-09-25 10:00:00,280.27908
2012-09-25 11:00:00,343.01117
2012-09-25 12:00:00,361.5366
2012-09-25 13:00:00,395.727
2012-09-25 14:00:00,373.39978
2012-09-25 15:00:00,379.1835
2012-09-25 16:00:00,383.67975
2012-09-25 17:00:00,388.39996
2012-09-25 18:00:00,393.65027
2012-09-25 19:00:00,379.0902
2012-09-25 20:00:00,340.1302
2012-09-25 21:00:00,340.1302
2012-09-25 22:00:00,345.75406
2012-09-25 23:00:00,332.21017
2012-09-26 00:00:00,285.71683
2012-09-26 01:00:00,275.25085
2012-09-26 02:00:00,249.14113
2012-09-26 03:00:00,249.14113
2012-09-26 04:00:00,259.3265
2012-09-26 05:00:00,279.40344
2012-09-26 06:00:00,277.55804
2012-09-26 07:00:00,271.4517
2012-09-26 08:00:00,238.32788
2012-09-26 09:00:00,374.7463
2012-09-26 10:00:00,273.05545
2012-09-26 11:00:00,390.01654
2012-09-26 12:00:00,441.41147
2012-09-26 13:00:00,464.42673
2012-09-26 14:00:00,465.19016
2012-09-26 15:00:00,458.4095
2012-09-26 16:00:00,461.9601
2012-09-26 17:00:00,458.4095
2012-09-26 18:00:00,495.3492
2012-09-26 19:00:00,481.21872
2012-09-26 20:00:00,416.84174
2012-09-26 21:00:00,434.40527
2012-09-26 22:00:00,296.52924
2012-09-26 23:00:00,235.78026
2012-09-27 00:00:00,286.4635
2012-09-27 01:00:00,286.4635
2012-09-27 02:00:00,286.46347
2012-09-27 03:00:00,263.1023
2012-09-27 04:00:00,96.92282
2012-09-27 05:00:00,178.61456
2012-09-27 06:00:00,148.90553
2012-09-27 07:00:00,263.1023
2012-09-27 08:00:00,395.27393
2012-09-27 09:00:00,421.44125
2012-09-27 10:00:00,316.7321
2012-09-27 11:00:00,335.21643
2012-09-27 12:00:00,353.10107
2012-09-27 13:00:00,386.7408
2012-09-27 14:00:00,376.35342
2012-09-27 15:00:00,396.86218
2012-09-27 16:00:00,302.99344
2012-09-27 17:00:00,258.43442
2012-09-27 18:00:00,278.8894
2012-09-27 19:00:00,463.72098
2012-09-27 20:00:00,273.2138
2012-09-27 21:00:00,171.65814
2012-09-27 22:00:00,171.65814
2012-09-27 23:00:00,203.25691
2012-09-28 00:00:00,158.16785
2012-09-28 01:00:00,149.01318
2012-09-28 02:00:00,122.66111
2012-09-28 03:00:00,211.97337
2012-09-28 04:00:00,149.1943
2012-09-28 05:00:00,141.92876
2012-09-28 06:00:00,110.904366
2012-09-28 07:00:00,61.857338
2012-09-28 08:00:00,204.51424
2012-09-28 09:00:00,228.73813
2012-09-28 10:00:00,277.75238
2012-09-28 11:00:00,349.56293
2012-09-28 12:00:00,319.76056
2012-09-28 13:00:00,324.008
2012-09-28 14:00:00,319.76056
2012-09-28 15:00:00,306.43454
2012-09-28 16:00:00,313.33063
2012-09-28 17:00:00,295.9975
2012-09-28 18:00:00,308.22546
2012-09-28 19:00:00,358.30365
2012-09-28 20:00:00,344.55896
2012-09-28 21:00:00,343.55118
2012-09-28 22:00:00,290.9348
2012-09-28 23:00:00,289.87512
2012-09-29 00:00:00,276.44037
2012-09-29 01:00:00,276.44037
2012-09-29 02:00:00,337.36224
2012-09-29 03:00:00,318.5138
2012-09-29 04:00:00,260.22467
2012-09-29 05:00:00,222.94997
2012-09-29 06:00:00,230.16664
2012-09-29 07:00:00,197.29004
2012-09-29 08:00:00,208.09892
2012-09-29 09:00:00,222.94997
2012-09-29 10:00:00,287.4972
2012-09-29 11:00:00,318.60864
2012-09-29 12:00:00,546.9288
2012-09-29 13:00:00,546.9288
2012-09-29 14:00:00,523.1398
2012-09-29 15:00:00,497.28418
2012-09-29 16:00:00,537.54407
2012-09-29 17:00:00,510.58368
2012-09-29 18:00:00,375.70032
2012-09-29 19:00:00,291.44775
2012-09-29 20:00:00,289.27078
2012-09-29 21:00:00,291.0588
2012-09-29 22:00:00,226.26067
2012-09-29 23:00:00,257.9435
2012-09-30 00:00:00,282.26468
2012-09-30 01:00:00,282.26468
2012-09-30 02:00:00,245.83263
2012-09-30 03:00:00,194.63878
2012-09-30 04:00:00,194.63878
2012-09-30 05:00:00,186.17087
2012-09-30 06:00:00,161.88084
2012-09-30 07:00:00,155.72289
2012-09-30 08:00:00,197.86867
2012-09-30 09:00:00,237.71187
2012-09-30 10:00:00,392.4597
2012-09-30 11:00:00,488.4801
2012-09-30 12:00:00,546.9288
2012-09-30 13:00:00,537.54407
2012-09-30 14:00:00,537.54407
2012-09-30 15:00:00,620.06757
2012-09-30 16:00:00,611.3461
2012-09-30 17:00:00,600.4821
2012-09-30 18:00:00,226.11568
2012-09-30 19:00:00,210.73532
2012-09-30 20:00:00,210.73532
2012-09-30 21:00:00,220.0952
2012-09-30 22:00:00,193.5972
2012-09-30 23:00:00,173.70558
2012-10-20 00:00:00,121.929855
2012-10-20 01:00:00,162.16484
2012-10-20 02:00:00,134.83943
2012-10-20 03:00:00,129.10585
2012-10-20 04:00:00,186.17087
2012-10-20 05:00:00,109.164
2012-10-20 06:00:00,184.05128
2012-10-20 07:00:00,109.164
2012-10-20 08:00:00,187.7785
2012-10-20 09:00:00,249.18149
2012-10-20 10:00:00,314.50372
2012-10-20 11:00:00,307.2406
2012-10-20 12:00:00,392.19077
2012-10-20 13:00:00,417.0429
2012-10-20 14:00:00,510.28378
2012-10-20 15:00:00,471.18243
2012-10-20 16:00:00,360.1554
2012-10-20 17:00:00,445.2943
2012-10-20 18:00:00,411.72003
2012-10-20 19:00:00,384.72296
2012-10-20 20:00:00,399.24973
2012-10-20 21:00:00,307.72427
2012-10-20 22:00:00,294.52588
2012-10-20 23:00:00,261.6518
2012-10-21 00:00:00,250.4468
2012-10-21 01:00:00,215.34258
2012-10-21 02:00:00,191.29967
2012-10-21 03:00:00,176.889
2012-10-21 04:00:00,139.09431
2012-10-21 05:00:00,176.889
2012-10-21 06:00:00,221.97096
2012-10-21 07:00:00,221.97096
2012-10-21 08:00:00,206.3058
2012-10-21 09:00:00,252.3278
2012-10-21 10:00:00,286.96698
2012-10-21 11:00:00,304.74243
2012-10-21 12:00:00,352.59338
2012-10-21 13:00:00,442.97656
2012-10-21 14:00:00,493.09998
2012-10-21 15:00:00,404.31818
2012-10-21 16:00:00,445.2943
2012-10-21 17:00:00,388.74243
2012-10-21 18:00:00,428.44928
2012-10-21 19:00:00,401.27203
2012-10-21 20:00:00,357.63327
2012-10-21 21:00:00,243.84969
2012-10-21 22:00:00,292.2971
2012-10-21 23:00:00,298.43744
2012-10-22 00:00:00,233.30434
2012-10-22 01:00:00,167.20851
2012-10-22 02:00:00,157.74667
2012-10-22 03:00:00,233.30434
2012-10-22 04:00:00,192.0435
2012-10-22 05:00:00,140.73363
2012-10-22 06:00:00,134.90028
2012-10-22 07:00:00,178.95732
2012-10-22 08:00:00,213.39568
2012-10-22 09:00:00,257.3339
2012-10-22 10:00:00,327.27194
2012-10-22 11:00:00,353.4859
2012-10-22 12:00:00,382.02277
2012-10-22 13:00:00,404.5139
2012-10-22 14:00:00,408.46185
2012-10-22 15:00:00,411.4109
2012-10-22 16:00:00,398.26407
2012-10-22 17:00:00,404.19717
2012-10-22 18:00:00,334.7967
2012-10-22 19:00:00,302.56036
2012-10-22 20:00:00,293.18927
2012-10-22 21:00:00,262.25635
2012-10-22 22:00:00,172.8473
2012-10-22 23:00:00,166.2575
2012-10-23 00:00:00,141.8449
2012-10-23 01:00:00,202.6619
2012-10-23 02:00:00,138.84186
2012-10-23 03:00:00,172.96666
2012-10-23 04:00:00,153.3744
2012-10-23 05:00:00,162.18993
2012-10-23 06:00:00,132.75468
2012-10-23 07:00:00,176.22585
2012-10-23 08:00:00,214.70137
2012-10-23 09:00:00,234.37776
2012-10-23 10:00:00,357.04584
2012-10-23 11:00:00,406.3454
2012-10-23 12:00:00,329.50314
2012-10-23 13:00:00,364.35593
2012-10-23 14:00:00,449.87946
2012-10-23 15:00:00,427.85065
2012-10-23 16:00:00,451.57996
2012-10-23 17:00:00,440.32437
2012-10-23 18:00:00,421.84338
2012-10-23 19:00:00,429.45374
2012-10-23 20:00:00,367.74976
2012-10-23 21:00:00,327.31372
2012-10-23 22:00:00,351.5112
2012-10-23 23:00:00,280.97913
2012-10-24 00:00:00,276.4689
2012-10-24 01:00:00,299.0942
2012-10-24 02:00:00,299.0942
2012-10-24 03:00:00,216.31566
2012-10-24 04:00:00,216.31569
2012-10-24 05:00:00,168.71645
2012-10-24 06:00:00,182.43431
2012-10-24 07:00:00,143.53377
2012-10-24 08:00:00,164.60167
2012-10-24 09:00:00,201.46571
2012-10-24 10:00:00,188.94568
2012-10-24 11:00:00,376.2607
2012-10-24 12:00:00,434.49225
2012-10-24 13:00:00,451.70135
2012-10-24 14:00:00,451.23868
2012-10-24 15:00:00,460.06653
2012-10-24 16:00:00,475.6682
2012-10-24 17:00:00,436.0079
2012-10-24 18:00:00,429.39603
2012-10-24 19:00:00,322.3594
2012-10-24 20:00:00,306.33398
2012-10-24 21:00:00,302.55185
2012-10-24 22:00:00,287.74924
2012-10-24 23:00:00,281.78882
2012-10-25 00:00:00,291.85815
2012-10-25 01:00:00,352.39612
2012-10-25 02:00:00,199.48701
2012-10-25 03:00:00,157.0214
2012-10-25 04:00:00,130.54948
2012-10-25 05:00:00,177.77385
2012-10-25 06:00:00,192.99814
2012-10-25 07:00:00,192.99814
2012-10-25 08:00:00,182.42976
2012-10-25 09:00:00,193.5218
2012-10-25 10:00:00,180.52235
2012-10-25 11:00:00,171.60117
2012-10-25 12:00:00,213.44185
2012-10-25 13:00:00,159.24538
2012-10-25 14:00:00,360.00488
2012-10-25 15:00:00,424.12686
2012-10-25 16:00:00,377.35037
2012-10-25 17:00:00,377.35037
2012-10-25 18:00:00,208.74088
2012-10-25 19:00:00,222.77678
2012-10-25 20:00:00,157.0214
2012-10-25 21:00:00,157.0214
2012-10-25 22:00:00,167.45288
2012-10-25 23:00:00,180.52235
2012-10-26 00:00:00,157.95732
2012-10-26 01:00:00,120.13246
2012-10-26 02:00:00,130.54948
2012-10-26 03:00:00,177.77385
2012-10-26 04:00:00,177.77385
2012-10-26 05:00:00,130.54948
2012-10-26 06:00:00,120.13246
2012-10-26 07:00:00,130.54948
2012-10-26 08:00:00,156.0835
2012-10-26 09:00:00,156.0835
2012-10-26 10:00:00,135.75899
2012-10-26 11:00:00,234.83441
2012-10-26 12:00:00,262.30908
2012-10-26 13:00:00,283.0502
2012-10-26 14:00:00,287.74924
2012-10-26 15:00:00,302.55185
2012-10-26 16:00:00,268.6424
2012-10-26 17:00:00,252.81969
2012-10-26 18:00:00,223.64415
2012-10-26 19:00:00,189.91667
2012-10-26 20:00:00,189.91666
2012-10-26 21:00:00,222.90463
2012-10-26 22:00:00,173.47865
2012-10-26 23:00:00,212.67456
2012-10-27 00:00:00,99.98761
2012-10-27 01:00:00,175.82341
2012-10-27 02:00:00,179.62483
2012-10-27 03:00:00,101.4212
2012-10-27 04:00:00,175.432
2012-10-27 05:00:00,256.55212
2012-10-27 06:00:00,256.55212
2012-10-27 07:00:00,123.465805
2012-10-27 08:00:00,170.75981
2012-10-27 09:00:00,170.75981
2012-10-27 10:00:00,248.56429
2012-10-27 11:00:00,301.24084
2012-10-27 12:00:00,459.0987
2012-10-27 13:00:00,497.28418
2012-10-27 14:00:00,475.52734
2012-10-27 15:00:00,383.72235
2012-10-27 16:00:00,403.1403
2012-10-27 17:00:00,403.1403
2012-10-27 18:00:00,403.1403
2012-10-27 19:00:00,365.31094
2012-10-27 20:00:00,365.31094
2012-10-27 21:00:00,365.31094
2012-10-27 22:00:00,367.33694
2012-10-27 23:00:00,316.48914
2012-10-28 00:00:00,221.71655
2012-10-28 01:00:00,324.62454
2012-10-28 02:00:00,297.53583
2012-10-28 03:00:00,265.56628
2012-10-28 04:00:00,259.269
2012-10-28 05:00:00,270.004
2012-10-28 06:00:00,242.82826
2012-10-28 07:00:00,249.69826
2012-10-28 08:00:00,224.43253
2012-10-28 09:00:00,216.15683
2012-10-28 10:00:00,202.59251
2012-10-28 11:00:00,222.63673
2012-10-28 12:00:00,200.39775
2012-10-28 13:00:00,205.42043
2012-10-28 14:00:00,226.64665
2012-10-28 15:00:00,241.24226
2012-10-28 16:00:00,223.2936
2012-10-28 17:00:00,163.10258
2012-10-28 18:00:00,101.98573
2012-10-28 19:00:00,104.33501
2012-10-28 20:00:00,100.29881
2012-10-28 21:00:00,118.8459
2012-10-28 22:00:00,116.6929
2012-10-28 23:00:00,104.33501
2012-10-29 00:00:00,62.19261
2012-10-30 13:00:00,72.068634
2012-10-30 14:00:00,72.068634
2012-10-30 15:00:00,80.97817
2012-10-30 16:00:00,80.97817
2012-10-30 17:00:00,84.85477
2012-10-30 18:00:00,89.178085
2012-10-30 19:00:00,266.0868
2012-10-30 20:00:00,120.79154
2012-10-30 21:00:00,136.44096
2012-10-30 22:00:00,136.4445
2012-10-30 23:00:00,136.4445
2012-10-31 00:00:00,118.0163
2012-10-31 01:00:00,106.61552
2012-10-31 02:00:00,131.68895
2012-10-31 03:00:00,118.0163
2012-10-31 04:00:00,138.92542
2012-10-31 05:00:00,131.68895
2012-10-31 06:00:00,143.61763
2012-10-31 07:00:00,141.91478
2012-10-31 08:00:00,136.67244
2012-10-31 09:00:00,143.03557
2012-10-31 10:00:00,145.5898
2012-10-31 11:00:00,200.85802
2012-10-31 12:00:00,219.71114
2012-10-31 13:00:00,249.09747
2012-10-31 14:00:00,285.11658
2012-10-31 15:00:00,254.2075
2012-10-31 16:00:00,284.03403
2012-10-31 17:00:00,296.49567
2012-10-31 18:00:00,296.49567
2012-10-31 19:00:00,283.0977
2012-10-31 20:00:00,283.0977
2012-10-31 21:00:00,283.0977
2012-10-31 22:00:00,237.43318
2012-10-31 23:00:00,231.1789
2012-11-20 00:00:00,142.20393
2012-11-20 01:00:00,160.0026
2012-11-20 02:00:00,112.69472
2012-11-20 03:00:00,149.66734
2012-11-20 04:00:00,194.39995
2012-11-20 05:00:00,192.41606
2012-11-20 06:00:00,166.82243
2012-11-20 07:00:00,126.43599
2012-11-20 08:00:00,147.28127
2012-11-20 09:00:00,129.42915
2012-11-20 10:00:00,220.2991
2012-11-20 11:00:00,224.03644
2012-11-20 12:00:00,184.20583
2012-11-20 13:00:00,250.33635
2012-11-20 14:00:00,308.41858
2012-11-20 15:00:00,317.3274
2012-11-20 16:00:00,263.81015
2012-11-20 17:00:00,196.8345
2012-11-20 18:00:00,220.2991
2012-11-20 19:00:00,154.9005
2012-11-20 20:00:00,119.49107
2012-11-20 21:00:00,141.63599
2012-11-20 22:00:00,141.63599
2012-11-20 23:00:00,128.22128
2012-11-21 00:00:00,128.38805
2012-11-21 01:00:00,128.22128
2012-11-21 02:00:00,130.31712
2012-11-21 03:00:00,130.31712
2012-11-21 04:00:00,130.31712
2012-11-21 05:00:00,130.31712
2012-11-21 06:00:00,127.265976
2012-11-21 07:00:00,128.20618
2012-11-21 08:00:00,97.788795
2012-11-21 09:00:00,126.436005
2012-11-21 10:00:00,198.57979
2012-11-21 11:00:00,250.49014
2012-11-21 12:00:00,298.56146
2012-11-21 13:00:00,312.8709
2012-11-21 14:00:00,340.84863
2012-11-21 15:00:00,331.8316
2012-11-21 16:00:00,337.17755
2012-11-21 17:00:00,288.41025
2012-11-21 18:00:00,315.34616
2012-11-21 19:00:00,263.71136
2012-11-21 20:00:00,193.58847
2012-11-21 21:00:00,264.56836
2012-11-21 22:00:00,243.19704
2012-11-21 23:00:00,150.75333
2012-11-22 00:00:00,37.944386
2012-11-22 01:00:00,26.32594
2012-11-22 02:00:00,20.439976
2012-11-22 03:00:00,23.55494
2012-11-22 04:00:00,26.626
2012-11-22 05:00:00,23.55494
2012-11-22 06:00:00,27.042973
2012-11-22 07:00:00,26.178938
2012-11-22 08:00:00,30.183807
2012-11-22 09:00:00,17.943813
2012-11-22 10:00:00,54.53416
2012-11-22 11:00:00,139.6137
2012-11-22 12:00:00,133.03987
2012-11-22 13:00:00,160.28178
2012-11-22 14:00:00,181.35751
2012-11-22 15:00:00,181.35751
2012-11-22 16:00:00,152.62526
2012-11-22 17:00:00,133.03987
2012-11-22 18:00:00,78.26776
2012-11-22 19:00:00,33.50876
2012-11-22 20:00:00,27.189705
2012-11-22 21:00:00,42.931297
2012-11-22 22:00:00,23.112665
2012-11-22 23:00:00,19.024782
2012-11-23 00:00:00,96.082664
2012-11-23 01:00:00,126.494095
2012-11-23 02:00:00,112.88736
2012-11-23 03:00:00,76.0636
2012-11-23 04:00:00,125.74555
2012-11-23 05:00:00,83.924355
2012-11-23 06:00:00,83.924355
2012-11-23 07:00:00,83.924355
2012-11-23 08:00:00,129.01453
2012-11-23 09:00:00,124.205536
2012-11-23 10:00:00,199.94933
2012-11-23 11:00:00,250.49014
2012-11-23 12:00:00,293.10242
2012-11-23 13:00:00,308.84503
2012-11-23 14:00:00,348.02783
2012-11-23 15:00:00,312.96164
2012-11-23 16:00:00,317.12845
2012-11-23 17:00:00,319.59723
2012-11-23 18:00:00,316.12878
2012-11-23 19:00:00,314.6986
2012-11-23 20:00:00,316.811
2012-11-23 21:00:00,267.63126
2012-11-23 22:00:00,340.20447
2012-11-23 23:00:00,333.19568
2012-11-24 00:00:00,240.6938
2012-11-24 01:00:00,183.8
2012-11-24 02:00:00,177.12941
2012-11-24 03:00:00,200.0517
2012-11-24 04:00:00,178.80696
2012-11-24 05:00:00,175.03195
2012-11-24 06:00:00,126.589005
2012-11-24 07:00:00,114.29266
2012-11-24 08:00:00,142.08461
2012-11-24 09:00:00,147.64389
2012-11-24 10:00:00,97.84371
2012-11-24 11:00:00,124.9749
2012-11-24 12:00:00,169.06883
2012-11-24 13:00:00,251.05344
2012-11-24 14:00:00,230.72534
2012-11-24 15:00:00,211.55147
2012-11-24 16:00:00,197.80383
2012-11-24 17:00:00,187.77412
2012-11-24 18:00:00,199.21387
2012-11-24 19:00:00,158.37967
2012-11-24 20:00:00,126.589005
2012-11-24 21:00:00,122.29899
2012-11-24 22:00:00,125.82269
2012-11-24 23:00:00,122.29899
2012-11-25 00:00:00,97.1283
2012-11-25 01:00:00,109.16102
2012-11-25 02:00:00,144.69931
2012-11-25 03:00:00,142.55705
2012-11-25 04:00:00,142.55705
2012-11-25 05:00:00,66.29238
2012-11-25 06:00:00,80.543396
2012-11-25 07:00:00,70.48381
2012-11-25 08:00:00,56.768837
2012-11-25 09:00:00,68.38414
2012-11-25 10:00:00,108.54631
2012-11-25 11:00:00,101.084465
2012-11-25 12:00:00,101.084465
2012-11-25 13:00:00,106.77632
2012-11-25 14:00:00,134.01863
2012-11-25 15:00:00,207.64635
2012-11-25 16:00:00,222.61333
2012-11-25 17:00:00,190.90097
2012-11-25 18:00:00,152.05594
2012-11-25 19:00:00,202.34619
2012-11-25 20:00:00,70.79307
2012-11-25 21:00:00,159.43779
2012-11-25 22:00:00,70.79307
2012-11-25 23:00:00,46.27772
2012-11-26 00:00:00,63.31078
2012-11-26 01:00:00,58.377884
2012-11-26 02:00:00,58.377884
2012-11-26 03:00:00,58.377884
2012-11-26 04:00:00,63.31078
2012-11-26 05:00:00,154.97472
2012-11-26 06:00:00,63.31078
2012-11-26 07:00:00,73.49704
2012-11-26 08:00:00,73.49704
2012-11-26 09:00:00,174.56685
2012-11-26 10:00:00,214.79597
2012-11-26 11:00:00,274.38235
2012-11-26 12:00:00,329.2542
2012-11-26 13:00:00,329.2542
2012-11-26 14:00:00,352.59332
2012-11-26 15:00:00,332.22614
2012-11-26 16:00:00,385.7556
2012-11-26 17:00:00,373.24683
2012-11-26 18:00:00,257.52866
2012-11-26 19:00:00,222.11143
2012-11-26 20:00:00,243.19704
2012-11-26 21:00:00,243.19704
2012-11-26 22:00:00,150.75331
2012-11-26 23:00:00,148.877
2012-11-27 00:00:00,139.84036
2012-11-27 01:00:00,153.12279
2012-11-27 02:00:00,167.55525
2012-11-27 03:00:00,117.74689
2012-11-27 04:00:00,101.63757
2012-11-27 05:00:00,115.47827
2012-11-27 06:00:00,126.49865
2012-11-27 07:00:00,95.909195
2012-11-27 08:00:00,98.40341
2012-11-27 09:00:00,137.03539
2012-11-27 10:00:00,98.56343
2012-11-27 11:00:00,77.83757
2012-11-27 12:00:00,62.130844
2012-11-27 13:00:00,80.88905
2012-11-27 14:00:00,66.97795
2012-11-27 15:00:00,123.910645
2012-11-27 16:00:00,123.910645
2012-11-27 17:00:00,119.52518
2012-11-27 18:00:00,121.35042
2012-11-27 19:00:00,159.1539
2012-11-27 20:00:00,155.64738
2012-11-27 21:00:00,129.2619
2012-11-27 22:00:00,128.91309
2012-11-27 23:00:00,104.49349
2012-11-28 00:00:00,125.8152
2012-11-28 01:00:00,127.46425
2012-11-28 02:00:00,127.46425
2012-11-28 03:00:00,141.7686
2012-11-28 04:00:00,139.97731
2012-11-28 05:00:00,112.33203
2012-11-28 06:00:00,153.57988
2012-11-28 07:00:00,157.40927
2012-11-28 08:00:00,171.01753
2012-11-28 09:00:00,221.93327
2012-11-28 10:00:00,237.01099
2012-11-28 11:00:00,260.3062
2012-11-28 12:00:00,222.12251
2012-11-28 13:00:00,265.15613
2012-11-28 14:00:00,238.95963
2012-11-28 15:00:00,271.67923
2012-11-28 16:00:00,309.78522
2012-11-28 17:00:00,319.59103
2012-11-28 18:00:00,245.06726
2012-11-28 19:00:00,286.40973
2012-11-28 20:00:00,287.8512
2012-11-28 21:00:00,263.91785
2012-11-28 22:00:00,226.02303
2012-11-28 23:00:00,202.94029
2012-11-29 00:00:00,133.4273
2012-11-29 01:00:00,114.123634
2012-11-29 02:00:00,68.69485
2012-11-29 04:00:00,109.882484
2012-11-29 05:00:00,58.377884
2012-11-29 06:00:00,63.31078
2012-11-29 07:00:00,63.754837
2012-11-29 08:00:00,120.190506
2012-11-29 09:00:00,89.98076
2012-11-29 10:00:00,130.34859
2012-11-29 11:00:00,278.8648
2012-11-29 12:00:00,283.58817
2012-11-29 13:00:00,329.9503
2012-11-29 14:00:00,256.4
2012-11-29 15:00:00,239.53279
2012-11-29 16:00:00,265.6687
2012-11-29 17:00:00,275.35962
2012-11-29 18:00:00,249.39964
2012-11-29 19:00:00,232.14122
2012-11-29 20:00:00,233.6237
2012-11-29 21:00:00,160.99547
2012-11-29 22:00:00,120.53615
2012-11-29 23:00:00,113.42334
2012-11-30 00:00:00,151.06454
2012-11-30 01:00:00,118.81134
2012-11-30 02:00:00,62.681557
2012-11-30 03:00:00,62.681557
2012-11-30 04:00:00,58.05877
2012-11-30 05:00:00,56.532326
2012-11-30 06:00:00,87.58203
2012-11-30 07:00:00,65.22425
2012-11-30 08:00:00,86.240295
2012-11-30 09:00:00,115.981705
2012-11-30 10:00:00,91.362595
2012-11-30 11:00:00,218.74281
2012-11-30 12:00:00,226.39705
2012-11-30 13:00:00,273.9983
2012-11-30 14:00:00,288.1046
2012-11-30 15:00:00,299.57056
2012-11-30 16:00:00,286.71063
2012-11-30 17:00:00,247.9305
2012-11-30 18:00:00,149.11098
2012-11-30 19:00:00,131.44609
2012-11-30 20:00:00,131.44609
2012-11-30 21:00:00,122.871216
2012-11-30 22:00:00,98.88295
2012-11-30 23:00:00,106.89745
2012-12-20 00:00:00,192.37526
2012-12-20 01:00:00,131.44609
2012-12-20 02:00:00,131.44609
2012-12-20 03:00:00,108.160324
2012-12-20 04:00:00,108.160324
2012-12-20 05:00:00,118.12718
2012-12-20 06:00:00,91.362595
2012-12-20 07:00:00,77.80804
2012-12-20 08:00:00,77.80804
2012-12-20 09:00:00,77.80804
2012-12-20 10:00:00,104.821625
2012-12-20 11:00:00,236.48128
2012-12-20 12:00:00,278.54785
2012-12-20 13:00:00,262.44537
2012-12-20 14:00:00,271.4524
2012-12-20 15:00:00,242.6056
2012-12-20 16:00:00,203.10707
2012-12-20 17:00:00,194.39995
2012-12-20 18:00:00,159.99242
2012-12-20 19:00:00,115.681435
2012-12-20 20:00:00,105.75577
2012-12-20 21:00:00,105.75577
2012-12-20 22:00:00,85.96002
2012-12-20 23:00:00,77.3409
2012-12-21 00:00:00,49.819927
2012-12-21 01:00:00,47.688488
2012-12-21 02:00:00,49.93403
2012-12-21 03:00:00,49.93403
2012-12-21 04:00:00,101.49011
2012-12-21 05:00:00,70.28848
2012-12-21 06:00:00,165.57556
2012-12-21 07:00:00,131.33171
2012-12-21 08:00:00,145.88078
2012-12-21 09:00:00,149.7458
2012-12-21 10:00:00,122.45071
2012-12-21 11:00:00,160.3054
2012-12-21 12:00:00,135.43492
2012-12-21 13:00:00,158.59953
2012-12-21 14:00:00,154.36629
2012-12-21 15:00:00,151.2718
2012-12-21 16:00:00,124.11047
2012-12-21 17:00:00,138.48286
2012-12-21 18:00:00,128.65773
2012-12-21 19:00:00,95.43839
2012-12-21 20:00:00,101.634636
2012-12-21 21:00:00,94.252846
2012-12-21 22:00:00,90.90234
2012-12-21 23:00:00,90.657
2012-12-22 00:00:00,87.7214
2012-12-22 01:00:00,85.49722
2012-12-22 02:00:00,89.852684
2012-12-22 03:00:00,76.1432
2012-12-22 04:00:00,74.19893
2012-12-22 05:00:00,73.56391
2012-12-22 06:00:00,82.91706
2012-12-22 07:00:00,82.91706
2012-12-22 08:00:00,88.076355
2012-12-22 09:00:00,71.139336
2012-12-22 10:00:00,68.34556
2012-12-22 11:00:00,93.47113
2012-12-22 12:00:00,108.098366
2012-12-22 13:00:00,119.87312
2012-12-22 14:00:00,118.77432
2012-12-22 15:00:00,117.291626
2012-12-22 16:00:00,109.38541
2012-12-22 17:00:00,93.25125
2012-12-22 18:00:00,87.05692
2012-12-22 19:00:00,62.22702
2012-12-22 20:00:00,55.7696
2012-12-22 21:00:00,50.759575
2012-12-22 22:00:00,50.759575
2012-12-22 23:00:00,54.541958
2012-12-23 00:00:00,58.21725
2012-12-23 01:00:00,57.130478
2012-12-23 02:00:00,42.16564
2012-12-23 03:00:00,37.663082
2012-12-23 04:00:00,38.80561
2012-12-23 05:00:00,34.89236
2012-12-23 06:00:00,26.283718
2012-12-23 07:00:00,26.283718
2012-12-23 08:00:00,25.513857
2012-12-23 09:00:00,33.637665
2012-12-23 10:00:00,39.29164
2012-12-23 11:00:00,58.731377
2012-12-23 12:00:00,96.8964
2012-12-23 13:00:00,119.84744
2012-12-23 14:00:00,147.77025
2012-12-23 15:00:00,123.71794
2012-12-23 16:00:00,134.89917
2012-12-23 17:00:00,105.01118
2012-12-23 18:00:00,90.05731
2012-12-23 19:00:00,85.51731
2012-12-23 20:00:00,39.54839
2012-12-23 21:00:00,32.37369
2012-12-23 22:00:00,43.84452
2012-12-23 23:00:00,38.035965
2012-12-24 00:00:00,70.88694
2012-12-24 01:00:00,70.88694
2012-12-24 02:00:00,71.650986
2012-12-24 03:00:00,71.650986
2012-12-24 05:00:00,71.13846
2012-12-24 06:00:00,71.650986
2012-12-24 07:00:00,68.25196
2012-12-24 08:00:00,70.88694
2012-12-24 09:00:00,89.80658
2012-12-24 10:00:00,95.623024
2012-12-24 11:00:00,101.91836
2012-12-24 12:00:00,101.78146
2012-12-24 13:00:00,78.14033
2012-12-24 14:00:00,62.210876
2012-12-24 15:00:00,47.417606
2012-12-24 16:00:00,47.417606
2012-12-24 17:00:00,43.14109
2012-12-24 18:00:00,49.200512
2012-12-24 19:00:00,43.255314
2012-12-24 20:00:00,46.381836
2012-12-24 21:00:00,51.12405
2012-12-24 22:00:00,89.51788
2012-12-24 23:00:00,79.37811
2012-12-25 00:00:00,11.510333
2012-12-25 01:00:00,29.840252
2012-12-25 02:00:00,29.840252
2012-12-25 04:00:00,23.721352
2012-12-25 05:00:00,12.94326
2012-12-25 06:00:00,12.94326
2012-12-25 07:00:00,14.392349
2012-12-25 08:00:00,18.019207
2012-12-25 09:00:00,19.053436
2012-12-25 10:00:00,8.313612
2012-12-25 11:00:00,23.385698
2012-12-25 12:00:00,21.070831
2012-12-25 13:00:00,114.13011
2012-12-25 14:00:00,112.20451
2012-12-25 15:00:00,100.65871
2012-12-25 16:00:00,105.2601
2012-12-25 17:00:00,90.95827
2012-12-25 18:00:00,82.88844
2012-12-25 19:00:00,81.473785
2012-12-25 20:00:00,86.189354
2012-12-25 21:00:00,79.5229
2012-12-25 22:00:00,70.606995
2012-12-25 23:00:00,80.45576
2012-12-26 00:00:00,114.83011
2012-12-26 01:00:00,118.06172
2012-12-26 02:00:00,118.06172
2012-12-26 03:00:00,85.312126
2012-12-26 04:00:00,85.20862
2012-12-26 05:00:00,91.488205
2012-12-26 06:00:00,91.54966
2012-12-26 07:00:00,39.418907
2012-12-26 08:00:00,39.418907
2012-12-26 09:00:00,39.418907
2012-12-26 10:00:00,41.43267
2012-12-26 11:00:00,38.91333
2012-12-26 12:00:00,38.065674
2012-12-26 13:00:00,38.065674
2012-12-26 14:00:00,31.909702
2012-12-26 15:00:00,36.58583
2012-12-26 16:00:00,36.58583
2012-12-26 17:00:00,27.856411
2012-12-26 18:00:00,30.810513
2012-12-26 19:00:00,56.832283
2012-12-26 20:00:00,34.81354
2012-12-26 21:00:00,37.701218
2012-12-26 22:00:00,28.48912
2012-12-26 23:00:00,40.675747
2012-12-27 00:00:00,40.675747
2012-12-27 01:00:00,28.48912
2012-12-27 02:00:00,44.9838
2012-12-27 03:00:00,40.79669
2012-12-27 04:00:00,34.508026
2012-12-27 05:00:00,78.56167
2012-12-27 06:00:00,97.22398
2012-12-27 07:00:00,82.8731
2012-12-27 08:00:00,99.61293
2012-12-27 09:00:00,111.261475
2012-12-27 10:00:00,122.285515
2012-12-27 11:00:00,168.2064
2012-12-27 12:00:00,111.55672
2012-12-27 13:00:00,111.55672
2012-12-27 14:00:00,141.57436
2012-12-27 15:00:00,167.64262
2012-12-27 16:00:00,118.49538
2012-12-27 17:00:00,118.49538
2012-12-27 18:00:00,105.28952
2012-12-27 19:00:00,84.58008
2012-12-27 20:00:00,81.07713
2012-12-27 21:00:00,105.28952
2012-12-27 22:00:00,114.04762
2012-12-27 23:00:00,105.28952
2012-12-28 00:00:00,91.771095
2012-12-28 01:00:00,84.13553
2012-12-28 02:00:00,85.52499
2012-12-28 03:00:00,91.771095
2012-12-28 04:00:00,89.99225
2012-12-28 05:00:00,89.80377
2012-12-28 06:00:00,82.296684
2012-12-28 07:00:00,79.13991
2012-12-28 08:00:00,90.999016
2012-12-28 09:00:00,114.04762
2012-12-28 10:00:00,113.42135
2012-12-28 11:00:00,109.73361
2012-12-28 12:00:00,103.558
2012-12-28 13:00:00,103.558
2012-12-28 14:00:00,103.558
2012-12-28 15:00:00,57.849136
2012-12-28 16:00:00,90.6617
2012-12-28 17:00:00,78.72209
2012-12-28 18:00:00,78.72209
2012-12-28 19:00:00,96.62619
2012-12-28 20:00:00,89.80658
2012-12-28 21:00:00,90.84677
2012-12-28 22:00:00,87.87761
2012-12-28 23:00:00,88.79169
2012-12-29 00:00:00,21.6188
2012-12-29 01:00:00,51.287834
2012-12-29 02:00:00,21.6188
2012-12-29 03:00:00,24.310438
2012-12-29 04:00:00,51.287834
2012-12-29 05:00:00,51.287834
2012-12-29 06:00:00,58.532375
2012-12-29 07:00:00,71.56105
2012-12-29 08:00:00,36.435642
2012-12-29 09:00:00,36.43564
2012-12-29 10:00:00,76.25256
2012-12-29 11:00:00,47.563946
2012-12-29 12:00:00,29.996117
2012-12-29 13:00:00,29.996117
2012-12-29 14:00:00,54.061733
2012-12-29 15:00:00,39.212982
2012-12-29 16:00:00,47.857044
2012-12-29 17:00:00,37.757534
2012-12-29 18:00:00,50.881588
2012-12-29 19:00:00,91.3463
2012-12-29 20:00:00,67.568985
2012-12-29 21:00:00,64.46135
2012-12-29 22:00:00,62.04369
2012-12-29 23:00:00,22.552254
2012-12-30 00:00:00,71.822624
2012-12-30 01:00:00,61.6096
2012-12-30 02:00:00,74.06382
2012-12-30 03:00:00,61.6096
2012-12-30 04:00:00,79.15044
2012-12-30 05:00:00,69.69684
2012-12-30 06:00:00,56.344177
2012-12-30 07:00:00,48.453316
2012-12-30 08:00:00,62.803738
2012-12-30 09:00:00,57.381447
2012-12-30 10:00:00,92.581024
2012-12-30 11:00:00,89.40864
2012-12-30 12:00:00,104.60196
2012-12-30 13:00:00,108.098366
2012-12-30 14:00:00,113.80496
2012-12-30 15:00:00,100.438614
2012-12-30 16:00:00,104.4458
2012-12-30 17:00:00,83.54039
2012-12-30 18:00:00,66.26707
2012-12-30 19:00:00,71.28251
2012-12-30 20:00:00,57.06315
2012-12-30 21:00:00,42.16564
2012-12-30 22:00:00,41.987736
2012-12-30 23:00:00,45.939335
2012-12-31 00:00:00,72.37384
2012-12-31 01:00:00,72.37384
2012-12-31 02:00:00,71.16097
2012-12-31 03:00:00,68.718216
2012-12-31 04:00:00,65.71898
2012-12-31 05:00:00,72.887146
2012-12-31 06:00:00,70.82118
2012-12-31 07:00:00,68.416435
2012-12-31 08:00:00,67.322014
2012-12-31 09:00:00,69.31176
2012-12-31 10:00:00,73.873505
2012-12-31 11:00:00,84.55346
2012-12-31 12:00:00,92.642715
2012-12-31 13:00:00,87.45201
2012-12-31 14:00:00,102.69006
2012-12-31 15:00:00,91.92241
2012-12-31 16:00:00,92.069405
2012-12-31 17:00:00,84.08988
2012-12-31 18:00:00,86.63807
2012-12-31 19:00:00,101.91836
2012-12-31 20:00:00,101.91836
2012-12-31 21:00:00,83.569244
2012-12-31 22:00:00,79.62168
2012-12-31 23:00:00,83.16163
