datetime,count
2011-01-20 00:00:00,131.07072
2011-01-20 01:00:00,96.868034
2011-01-20 02:00:00,96.868034
2011-01-20 03:00:00,81.293846
2011-01-20 04:00:00,81.293846
2011-01-20 05:00:00,55.095055
2011-01-20 06:00:00,61.136284
2011-01-20 07:00:00,58.926834
2011-01-20 08:00:00,40.743263
2011-01-20 09:00:00,70.873
2011-01-20 10:00:00,125.41453
2011-01-20 11:00:00,110.10406
2011-01-20 12:00:00,87.104576
2011-01-20 13:00:00,174.6531
2011-01-20 14:00:00,135.00456
2011-01-20 15:00:00,104.9941
2011-01-20 16:00:00,128.34908
2011-01-20 17:00:00,142.74817
2011-01-20 18:00:00,135.68425
2011-01-20 19:00:00,129.88805
2011-01-20 20:00:00,80.84237
2011-01-20 21:00:00,84.578575
2011-01-20 22:00:00,41.434967
2011-01-20 23:00:00,30.553694
2011-01-21 00:00:00,60.361927
2011-01-21 01:00:00,60.361927
2011-01-21 02:00:00,46.6977
2011-01-21 03:00:00,65.81942
2011-01-21 04:00:00,36.758213
2011-01-21 05:00:00,97.08471
2011-01-21 06:00:00,56.947067
2011-01-21 07:00:00,41.319725
2011-01-21 08:00:00,96.72306
2011-01-21 09:00:00,98.10878
2011-01-21 10:00:00,72.44901
2011-01-21 11:00:00,82.36973
2011-01-21 12:00:00,229.71246
2011-01-21 13:00:00,380.12915
2011-01-21 14:00:00,264.83603
2011-01-21 15:00:00,232.9214
2011-01-21 16:00:00,49.62013
2011-01-21 17:00:00,58.469536
2011-01-21 18:00:00,34.11685
2011-01-21 19:00:00,49.396404
2011-01-21 20:00:00,109.55964
2011-01-21 21:00:00,36.92909
2011-01-21 22:00:00,31.235834
2011-01-21 23:00:00,43.98857
2011-01-22 00:00:00,28.349464
2011-01-22 01:00:00,7.606854
2011-01-22 02:00:00,5.933747
2011-01-22 03:00:00,6.4571137
2011-01-22 04:00:00,6.3986235
2011-01-22 06:00:00,5.067031
2011-01-22 07:00:00,15.869829
2011-01-22 08:00:00,2.8085036
2011-01-22 09:00:00,21.41388
2011-01-22 10:00:00,22.773882
2011-01-22 11:00:00,12.143602
2011-01-22 12:00:00,20.355537
2011-01-22 13:00:00,50.941494
2011-01-22 14:00:00,49.660263
2011-01-22 15:00:00,91.398285
2011-01-22 16:00:00,36.297523
2011-01-22 17:00:00,132.40529
2011-01-22 18:00:00,13.471296
2011-01-22 19:00:00,25.744661
2011-01-22 20:00:00,16.462448
2011-01-22 21:00:00,34.33366
2011-01-22 22:00:00,9.153561
2011-01-22 23:00:00,19.53023
2011-01-23 00:00:00,19.53023
2011-01-23 01:00:00,19.53023
2011-01-23 02:00:00,52.522247
2011-01-23 03:00:00,52.522247
2011-01-23 05:00:00,9.813935
2011-01-23 06:00:00,9.813935
2011-01-23 07:00:00,31.986193
2011-01-23 08:00:00,46.444202
2011-01-23 09:00:00,16.37395
2011-01-23 10:00:00,32.096466
2011-01-23 11:00:00,19.03327
2011-01-23 12:00:00,85.548874
2011-01-23 13:00:00,89.982765
2011-01-23 14:00:00,131.53355
2011-01-23 15:00:00,131.53355
2011-01-23 16:00:00,193.10994
2011-01-23 17:00:00,100.42254
2011-01-23 18:00:00,47.07019
2011-01-23 19:00:00,64.20817
2011-01-23 20:00:00,26.322683
2011-01-23 21:00:00,11.23088
2011-01-23 22:00:00,13.2561035
2011-01-23 23:00:00,22.039133
2011-01-24 00:00:00,61.05802
2011-01-24 01:00:00,55.644226
2011-01-24 03:00:00,10.357822
2011-01-24 04:00:00,96.41166
2011-01-24 05:00:00,96.41166
2011-01-24 06:00:00,56.63787
2011-01-24 07:00:00,56.103195
2011-01-24 08:00:00,77.329834
2011-01-24 09:00:00,143.89754
2011-01-24 10:00:00,150.2982
2011-01-24 11:00:00,79.440094
2011-01-24 12:00:00,33.090775
2011-01-24 13:00:00,35.164642
2011-01-24 14:00:00,39.32009
2011-01-24 15:00:00,82.0977
2011-01-24 16:00:00,43.31223
2011-01-24 17:00:00,48.430378
2011-01-24 18:00:00,81.079506
2011-01-24 19:00:00,68.84767
2011-01-24 20:00:00,81.079506
2011-01-24 21:00:00,75.24139
2011-01-24 22:00:00,43.49276
2011-01-24 23:00:00,43.668026
2011-01-25 00:00:00,44.186905
2011-01-25 01:00:00,33.789642
2011-01-25 02:00:00,70.88051
2011-01-25 04:00:00,89.121956
2011-01-25 05:00:00,35.31546
2011-01-25 06:00:00,99.75721
2011-01-25 07:00:00,47.75403
2011-01-25 08:00:00,14.907898
2011-01-25 09:00:00,110.857475
2011-01-25 10:00:00,124.931496
2011-01-25 11:00:00,128.42496
2011-01-25 12:00:00,150.79053
2011-01-25 13:00:00,150.77148
2011-01-25 14:00:00,75.77109
2011-01-25 15:00:00,89.37774
2011-01-25 16:00:00,89.37774
2011-01-25 17:00:00,132.27597
2011-01-25 18:00:00,151.85078
2011-01-25 19:00:00,108.29307
2011-01-25 20:00:00,109.69456
2011-01-25 21:00:00,109.69456
2011-01-25 22:00:00,108.34409
2011-01-25 23:00:00,100.63284
2011-01-26 00:00:00,65.947655
2011-01-26 01:00:00,89.03033
2011-01-26 02:00:00,61.81404
2011-01-26 05:00:00,72.91288
2011-01-26 06:00:00,72.91288
2011-01-26 07:00:00,64.97468
2011-01-26 08:00:00,64.97468
2011-01-26 09:00:00,64.97468
2011-01-26 10:00:00,62.5444
2011-01-26 11:00:00,41.410255
2011-01-26 12:00:00,41.410255
2011-01-26 13:00:00,41.410255
2011-01-26 14:00:00,32.879547
2011-01-26 15:00:00,24.850443
2011-01-26 16:00:00,91.57099
2011-01-26 17:00:00,19.236673
2011-01-27 16:00:00,66.74054
2011-01-27 17:00:00,78.33895
2011-01-27 18:00:00,68.4278
2011-01-27 19:00:00,68.4278
2011-01-27 20:00:00,85.1359
2011-01-27 21:00:00,85.1359
2011-01-27 22:00:00,85.1359
2011-01-27 23:00:00,82.93284
2011-01-28 00:00:00,53.723938
2011-01-28 01:00:00,53.723938
2011-01-28 02:00:00,41.709236
2011-01-28 03:00:00,65.39723
2011-01-28 05:00:00,43.573273
2011-01-28 06:00:00,67.01517
2011-01-28 07:00:00,8.089478
2011-01-28 08:00:00,8.089478
2011-01-28 09:00:00,22.48667
2011-01-28 10:00:00,23.659395
2011-01-28 11:00:00,23.584398
2011-01-28 12:00:00,23.584398
2011-01-28 13:00:00,23.584398
2011-01-28 14:00:00,94.42605
2011-01-28 15:00:00,81.93023
2011-01-28 16:00:00,102.24064
2011-01-28 17:00:00,151.27173
2011-01-28 18:00:00,91.37025
2011-01-28 19:00:00,74.14698
2011-01-28 20:00:00,114.67507
2011-01-28 21:00:00,69.11296
2011-01-28 22:00:00,72.475395
2011-01-28 23:00:00,55.095055
2011-01-29 00:00:00,16.315516
2011-01-29 01:00:00,23.460026
2011-01-29 02:00:00,25.371391
2011-01-29 03:00:00,30.129782
2011-01-29 04:00:00,34.765163
2011-01-29 06:00:00,34.052723
2011-01-29 07:00:00,81.80196
2011-01-29 08:00:00,45.68024
2011-01-29 09:00:00,137.30612
2011-01-29 10:00:00,35.552956
2011-01-29 11:00:00,28.297983
2011-01-29 12:00:00,54.61431
2011-01-29 13:00:00,43.27472
2011-01-29 14:00:00,19.368658
2011-01-29 15:00:00,21.413815
2011-01-29 16:00:00,29.58967
2011-01-29 17:00:00,44.40606
2011-01-29 18:00:00,39.81092
2011-01-29 19:00:00,49.759777
2011-01-29 20:00:00,37.562164
2011-01-29 21:00:00,37.562164
2011-01-29 22:00:00,48.12029
2011-01-29 23:00:00,48.12029
2011-01-30 00:00:00,40.501953
2011-01-30 01:00:00,29.234146
2011-01-30 02:00:00,36.12864
2011-01-30 03:00:00,24.958715
2011-01-30 04:00:00,24.958715
2011-01-30 05:00:00,26.525635
2011-01-30 07:00:00,26.525635
2011-01-30 08:00:00,14.25152
2011-01-30 09:00:00,14.205605
2011-01-30 10:00:00,13.809334
2011-01-30 11:00:00,34.212387
2011-01-30 12:00:00,107.12208
2011-01-30 13:00:00,121.445
2011-01-30 14:00:00,90.29153
2011-01-30 15:00:00,48.136417
2011-01-30 16:00:00,48.136417
2011-01-30 17:00:00,100.301285
2011-01-30 18:00:00,19.568468
2011-01-30 19:00:00,27.05494
2011-01-30 20:00:00,30.701923
2011-01-30 21:00:00,28.143545
2011-01-30 22:00:00,34.65786
2011-01-30 23:00:00,96.62173
2011-01-31 00:00:00,124.34356
2011-01-31 01:00:00,45.600056
2011-01-31 02:00:00,110.84725
2011-01-31 03:00:00,110.84725
2011-01-31 04:00:00,44.548428
2011-01-31 05:00:00,37.86452
2011-01-31 06:00:00,60.18425
2011-01-31 07:00:00,51.961697
2011-01-31 08:00:00,53.94223
2011-01-31 09:00:00,47.71547
2011-01-31 10:00:00,27.328022
2011-01-31 11:00:00,27.328022
2011-01-31 12:00:00,56.31128
2011-01-31 13:00:00,86.788925
2011-01-31 14:00:00,63.083008
2011-01-31 15:00:00,30.507841
2011-01-31 16:00:00,19.3943
2011-01-31 17:00:00,27.328022
2011-01-31 18:00:00,29.787031
2011-01-31 19:00:00,124.109344
2011-01-31 20:00:00,35.806335
2011-01-31 21:00:00,101.703926
2011-01-31 22:00:00,23.664103
2011-01-31 23:00:00,11.976465
2011-02-20 00:00:00,105.01985
2011-02-20 01:00:00,61.42964
2011-02-20 02:00:00,90.517784
2011-02-20 03:00:00,54.157906
2011-02-20 04:00:00,54.157906
2011-02-20 06:00:00,42.783863
2011-02-20 07:00:00,37.1651
2011-02-20 08:00:00,140.29385
2011-02-20 09:00:00,48.83925
2011-02-20 10:00:00,66.47543
2011-02-20 11:00:00,27.847538
2011-02-20 12:00:00,127.90922
2011-02-20 13:00:00,65.88951
2011-02-20 14:00:00,150.4144
2011-02-20 15:00:00,193.45947
2011-02-20 16:00:00,163.54532
2011-02-20 17:00:00,122.00819
2011-02-20 18:00:00,69.48097
2011-02-20 19:00:00,69.48097
2011-02-20 20:00:00,42.321754
2011-02-20 21:00:00,35.958458
2011-02-20 22:00:00,155.95685
2011-02-20 23:00:00,83.82905
2011-02-21 00:00:00,94.79206
2011-02-21 01:00:00,94.79206
2011-02-21 02:00:00,94.79206
2011-02-21 03:00:00,79.99072
2011-02-21 04:00:00,88.5368
2011-02-21 05:00:00,250.9956
2011-02-21 06:00:00,76.80251
2011-02-21 07:00:00,84.702126
2011-02-21 08:00:00,18.027403
2011-02-21 09:00:00,12.47327
2011-02-21 10:00:00,47.35438
2011-02-21 11:00:00,16.65943
2011-02-21 12:00:00,33.34588
2011-02-21 13:00:00,193.03252
2011-02-21 14:00:00,107.96448
2011-02-21 15:00:00,202.82826
2011-02-21 16:00:00,195.67265
2011-02-21 17:00:00,163.48387
2011-02-21 18:00:00,87.75045
2011-02-21 19:00:00,87.75045
2011-02-21 20:00:00,90.67005
2011-02-21 21:00:00,65.83171
2011-02-21 22:00:00,23.95946
2011-02-21 23:00:00,23.95946
2011-02-22 06:00:00,44.381947
2011-02-22 07:00:00,44.381947
2011-02-22 08:00:00,40.228584
2011-02-22 09:00:00,34.748703
2011-02-22 10:00:00,70.24882
2011-02-22 11:00:00,64.87167
2011-02-22 12:00:00,69.54525
2011-02-22 13:00:00,88.88628
2011-02-22 14:00:00,66.74054
2011-02-22 15:00:00,90.442566
2011-02-22 16:00:00,84.39637
2011-02-22 17:00:00,69.30682
2011-02-22 18:00:00,94.86847
2011-02-22 19:00:00,42.765083
2011-02-22 20:00:00,67.038414
2011-02-22 21:00:00,46.400055
2011-02-22 22:00:00,40.44255
2011-02-22 23:00:00,40.44255
2011-02-23 00:00:00,52.604603
2011-02-23 01:00:00,60.720352
2011-02-23 02:00:00,70.34199
2011-02-23 03:00:00,69.27544
2011-02-23 05:00:00,61.987812
2011-02-23 06:00:00,61.987812
2011-02-23 07:00:00,79.39556
2011-02-23 08:00:00,68.84767
2011-02-23 09:00:00,80.67313
2011-02-23 10:00:00,80.98972
2011-02-23 11:00:00,108.255486
2011-02-23 12:00:00,178.79616
2011-02-23 13:00:00,136.12843
2011-02-23 14:00:00,177.13051
2011-02-23 15:00:00,155.93108
2011-02-23 16:00:00,99.718285
2011-02-23 17:00:00,155.93108
2011-02-23 18:00:00,140.67494
2011-02-23 19:00:00,119.41358
2011-02-23 20:00:00,126.99131
2011-02-23 21:00:00,118.26446
2011-02-23 22:00:00,118.26446
2011-02-23 23:00:00,80.21259
2011-02-24 00:00:00,80.21259
2011-02-24 01:00:00,71.19315
2011-02-24 02:00:00,66.674934
2011-02-24 03:00:00,64.90031
2011-02-24 05:00:00,77.36393
2011-02-24 06:00:00,47.82791
2011-02-24 07:00:00,46.708126
2011-02-24 08:00:00,94.28072
2011-02-24 09:00:00,38.621822
2011-02-24 10:00:00,59.479336
2011-02-24 11:00:00,133.0696
2011-02-24 12:00:00,150.39503
2011-02-24 13:00:00,100.963844
2011-02-24 14:00:00,137.25517
2011-02-24 15:00:00,132.96974
2011-02-24 16:00:00,96.7266
2011-02-24 17:00:00,204.98729
2011-02-24 18:00:00,73.22691
2011-02-24 19:00:00,35.341587
2011-02-24 20:00:00,62.113163
2011-02-24 21:00:00,73.22691
2011-02-24 22:00:00,28.86472
2011-02-24 23:00:00,36.357323
2011-02-25 00:00:00,106.37321
2011-02-25 01:00:00,216.70155
2011-02-25 02:00:00,216.70155
2011-02-25 03:00:00,85.61299
2011-02-25 05:00:00,85.61299
2011-02-25 06:00:00,62.809677
2011-02-25 07:00:00,44.53762
2011-02-25 08:00:00,56.893967
2011-02-25 09:00:00,32.23943
2011-02-25 10:00:00,23.195322
2011-02-25 11:00:00,290.84122
2011-02-25 12:00:00,89.65214
2011-02-25 13:00:00,89.65214
2011-02-25 14:00:00,221.27156
2011-02-25 15:00:00,110.57378
2011-02-25 16:00:00,138.78403
2011-02-25 17:00:00,70.44309
2011-02-25 18:00:00,130.71861
2011-02-25 19:00:00,127.3748
2011-02-25 20:00:00,103.12556
2011-02-25 21:00:00,128.90143
2011-02-25 22:00:00,76.22393
2011-02-25 23:00:00,130.22672
2011-02-26 00:00:00,83.41138
2011-02-26 01:00:00,32.649757
2011-02-26 02:00:00,14.872576
2011-02-26 03:00:00,49.616108
2011-02-26 04:00:00,25.416452
2011-02-26 05:00:00,37.955616
2011-02-26 06:00:00,35.064262
2011-02-26 07:00:00,64.49685
2011-02-26 08:00:00,29.430525
2011-02-26 09:00:00,60.758408
2011-02-26 10:00:00,229.10176
2011-02-26 11:00:00,84.19991
2011-02-26 12:00:00,212.81404
2011-02-26 13:00:00,52.332184
2011-02-26 14:00:00,156.05937
2011-02-26 15:00:00,87.41984
2011-02-26 16:00:00,89.85171
2011-02-26 17:00:00,107.00283
2011-02-26 18:00:00,89.88032
2011-02-26 19:00:00,85.09146
2011-02-26 20:00:00,177.63943
2011-02-26 21:00:00,30.929121
2011-02-26 22:00:00,44.09214
2011-02-26 23:00:00,33.78583
2011-02-27 00:00:00,53.954044
2011-02-27 01:00:00,23.34891
2011-02-27 02:00:00,38.270355
2011-02-27 03:00:00,59.617565
2011-02-27 04:00:00,35.623608
2011-02-27 06:00:00,47.72613
2011-02-27 07:00:00,35.623608
2011-02-27 08:00:00,49.64202
2011-02-27 09:00:00,59.530735
2011-02-27 10:00:00,30.218555
2011-02-27 11:00:00,168.3755
2011-02-27 12:00:00,121.771835
2011-02-27 13:00:00,30.117605
2011-02-27 14:00:00,125.74975
2011-02-27 15:00:00,187.81476
2011-02-27 16:00:00,310.0218
2011-02-27 17:00:00,170.73184
2011-02-27 18:00:00,142.22398
2011-02-27 19:00:00,176.97734
2011-02-27 20:00:00,121.771835
2011-02-27 21:00:00,183.87502
2011-02-27 22:00:00,177.39937
2011-02-27 23:00:00,146.63763
2011-02-28 00:00:00,188.87727
2011-02-28 01:00:00,32.5491
2011-02-28 03:00:00,34.805332
2011-02-28 05:00:00,156.16249
2011-02-28 06:00:00,126.65582
2011-02-28 07:00:00,147.89656
2011-02-28 08:00:00,55.06481
2011-02-28 09:00:00,174.57841
2011-02-28 10:00:00,230.47008
2011-02-28 11:00:00,157.4882
2011-02-28 12:00:00,157.4882
2011-02-28 13:00:00,89.64796
2011-02-28 14:00:00,30.723604
2011-02-28 15:00:00,30.723604
2011-02-28 16:00:00,60.306793
2011-02-28 17:00:00,31.344942
2011-02-28 18:00:00,86.80923
2011-02-28 19:00:00,44.623333
2011-02-28 20:00:00,44.623333
2011-02-28 21:00:00,45.842464
2011-02-28 22:00:00,64.96085
2011-02-28 23:00:00,53.68802
2011-03-20 00:00:00,123.53695
2011-03-20 01:00:00,49.100548
2011-03-20 02:00:00,119.75068
2011-03-20 03:00:00,51.69409
2011-03-20 04:00:00,50.8738
2011-03-20 05:00:00,29.125916
2011-03-20 06:00:00,42.367676
2011-03-20 07:00:00,35.18488
2011-03-20 08:00:00,92.37769
2011-03-20 09:00:00,184.50058
2011-03-20 10:00:00,47.368607
2011-03-20 11:00:00,146.98956
2011-03-20 12:00:00,126.11962
2011-03-20 13:00:00,71.652534
2011-03-20 14:00:00,158.93073
2011-03-20 15:00:00,183.68315
2011-03-20 16:00:00,138.47261
2011-03-20 17:00:00,268.8501
2011-03-20 18:00:00,93.78727
2011-03-20 19:00:00,102.812386
2011-03-20 20:00:00,89.85171
2011-03-20 21:00:00,140.71938
2011-03-20 22:00:00,48.915802
2011-03-20 23:00:00,41.565567
2011-03-21 00:00:00,42.992165
2011-03-21 01:00:00,67.00805
2011-03-21 02:00:00,49.981247
2011-03-21 03:00:00,49.981247
2011-03-21 05:00:00,70.22419
2011-03-21 06:00:00,53.87472
2011-03-21 07:00:00,24.237574
2011-03-21 08:00:00,25.043295
2011-03-21 09:00:00,46.036938
2011-03-21 10:00:00,47.355465
2011-03-21 11:00:00,63.44092
2011-03-21 12:00:00,85.2795
2011-03-21 13:00:00,129.12343
2011-03-21 14:00:00,142.9908
2011-03-21 15:00:00,215.23643
2011-03-21 16:00:00,130.09596
2011-03-21 17:00:00,133.36751
2011-03-21 18:00:00,145.46928
2011-03-21 19:00:00,179.33047
2011-03-21 20:00:00,312.1823
2011-03-21 21:00:00,51.34406
2011-03-21 22:00:00,77.10421
2011-03-21 23:00:00,59.603268
2011-03-22 00:00:00,59.188488
2011-03-22 01:00:00,101.66958
2011-03-22 02:00:00,60.287956
2011-03-22 03:00:00,74.20249
2011-03-22 04:00:00,116.32405
2011-03-22 05:00:00,82.15866
2011-03-22 06:00:00,51.85453
2011-03-22 07:00:00,98.93045
2011-03-22 08:00:00,86.82131
2011-03-22 09:00:00,194.56462
2011-03-22 10:00:00,123.07792
2011-03-22 11:00:00,109.505394
2011-03-22 12:00:00,159.50935
2011-03-22 13:00:00,168.67197
2011-03-22 14:00:00,246.05179
2011-03-22 15:00:00,170.99646
2011-03-22 16:00:00,204.782
2011-03-22 17:00:00,204.782
2011-03-22 18:00:00,185.57878
2011-03-22 19:00:00,116.010414
2011-03-22 20:00:00,133.76245
2011-03-22 21:00:00,101.85442
2011-03-22 22:00:00,96.68638
2011-03-22 23:00:00,96.68638
2011-03-23 00:00:00,100.1058
2011-03-23 01:00:00,62.904114
2011-03-23 02:00:00,62.904114
2011-03-23 03:00:00,57.497368
2011-03-23 05:00:00,59.48979
2011-03-23 06:00:00,64.998085
2011-03-23 07:00:00,75.232086
2011-03-23 08:00:00,86.13606
2011-03-23 09:00:00,60.426804
2011-03-23 10:00:00,56.447124
2011-03-23 11:00:00,93.31809
2011-03-23 12:00:00,65.25693
2011-03-23 13:00:00,92.09625
2011-03-23 14:00:00,49.653595
2011-03-23 15:00:00,128.84457
2011-03-23 16:00:00,88.46937
2011-03-23 17:00:00,88.46937
2011-03-23 18:00:00,65.907936
2011-03-23 19:00:00,65.907936
2011-03-23 20:00:00,82.68139
2011-03-23 21:00:00,18.652262
2011-03-23 22:00:00,125.69038
2011-03-23 23:00:00,120.77924
2011-03-24 00:00:00,75.232086
2011-03-24 01:00:00,61.140312
2011-03-24 02:00:00,28.723925
2011-03-24 03:00:00,92.274284
2011-03-24 04:00:00,92.274284
2011-03-24 05:00:00,39.992126
2011-03-24 06:00:00,39.992126
2011-03-24 07:00:00,19.327875
2011-03-24 08:00:00,23.311346
2011-03-24 09:00:00,25.389557
2011-03-24 10:00:00,15.968892
2011-03-24 11:00:00,37.24463
2011-03-24 12:00:00,52.528378
2011-03-24 13:00:00,76.21995
2011-03-24 14:00:00,55.19422
2011-03-24 15:00:00,111.54408
2011-03-24 16:00:00,59.33078
2011-03-24 17:00:00,97.48097
2011-03-24 18:00:00,122.43466
2011-03-24 19:00:00,99.64171
2011-03-24 20:00:00,180.09181
2011-03-24 21:00:00,181.5399
2011-03-24 22:00:00,97.85393
2011-03-24 23:00:00,134.19922
2011-03-25 00:00:00,117.4372
2011-03-25 01:00:00,109.15949
2011-03-25 02:00:00,95.0832
2011-03-25 03:00:00,141.1911
2011-03-25 04:00:00,141.24055
2011-03-25 05:00:00,145.97044
2011-03-25 06:00:00,73.629944
2011-03-25 07:00:00,57.31612
2011-03-25 08:00:00,135.14531
2011-03-25 09:00:00,145.49208
2011-03-25 10:00:00,99.29736
2011-03-25 11:00:00,94.30239
2011-03-25 12:00:00,91.2064
2011-03-25 13:00:00,105.20983
2011-03-25 14:00:00,205.40819
2011-03-25 15:00:00,185.72255
2011-03-25 16:00:00,180.69135
2011-03-25 17:00:00,128.67227
2011-03-25 18:00:00,88.87491
2011-03-25 19:00:00,139.34752
2011-03-25 20:00:00,147.37146
2011-03-25 21:00:00,151.42964
2011-03-25 22:00:00,97.253204
2011-03-25 23:00:00,99.695
2011-03-26 00:00:00,27.576956
2011-03-26 01:00:00,123.79552
2011-03-26 02:00:00,52.799187
2011-03-26 03:00:00,39.402676
2011-03-26 04:00:00,52.79916
2011-03-26 05:00:00,35.92526
2011-03-26 06:00:00,27.329588
2011-03-26 07:00:00,35.925262
2011-03-26 08:00:00,176.7902
2011-03-26 09:00:00,100.5263
2011-03-26 10:00:00,98.78947
2011-03-26 11:00:00,116.07491
2011-03-26 12:00:00,129.64005
2011-03-26 13:00:00,106.38947
2011-03-26 14:00:00,132.37956
2011-03-26 15:00:00,92.36968
2011-03-26 16:00:00,129.57407
2011-03-26 17:00:00,133.30498
2011-03-26 18:00:00,59.356617
2011-03-26 19:00:00,71.18144
2011-03-26 20:00:00,71.18144
2011-03-26 21:00:00,82.754074
2011-03-26 22:00:00,36.443466
2011-03-26 23:00:00,59.702316
2011-03-27 00:00:00,43.86183
2011-03-27 01:00:00,39.813076
2011-03-27 02:00:00,35.87229
2011-03-27 03:00:00,37.381798
2011-03-27 04:00:00,15.157843
2011-03-27 06:00:00,10.796986
2011-03-27 07:00:00,11.129824
2011-03-27 08:00:00,21.928705
2011-03-27 09:00:00,90.90701
2011-03-27 10:00:00,10.964536
2011-03-27 11:00:00,49.59778
2011-03-27 12:00:00,68.8585
2011-03-27 13:00:00,63.219795
2011-03-27 14:00:00,70.06452
2011-03-27 15:00:00,74.84679
2011-03-27 16:00:00,175.36992
2011-03-27 17:00:00,102.008934
2011-03-27 18:00:00,86.24772
2011-03-27 19:00:00,124.54084
2011-03-27 20:00:00,136.24443
2011-03-27 21:00:00,98.78947
2011-03-27 22:00:00,98.78947
2011-03-27 23:00:00,110.1852
2011-03-28 00:00:00,107.25109
2011-03-28 01:00:00,92.51481
2011-03-28 02:00:00,103.74334
2011-03-28 03:00:00,103.74334
2011-03-28 05:00:00,77.669136
2011-03-28 06:00:00,95.91666
2011-03-28 07:00:00,79.42152
2011-03-28 08:00:00,157.52701
2011-03-28 09:00:00,114.20895
2011-03-28 10:00:00,185.98376
2011-03-28 11:00:00,145.75804
2011-03-28 12:00:00,82.94307
2011-03-28 13:00:00,47.331623
2011-03-28 14:00:00,120.583595
2011-03-28 15:00:00,197.45601
2011-03-28 16:00:00,133.95734
2011-03-28 17:00:00,224.06696
2011-03-28 18:00:00,220.93097
2011-03-28 19:00:00,164.42995
2011-03-28 20:00:00,213.72981
2011-03-28 21:00:00,96.31246
2011-03-28 22:00:00,129.81932
2011-03-28 23:00:00,170.86662
2011-03-29 00:00:00,126.277
2011-03-29 01:00:00,92.50306
2011-03-29 02:00:00,92.50306
2011-03-29 03:00:00,92.50306
2011-03-29 04:00:00,92.47524
2011-03-29 05:00:00,109.736534
2011-03-29 06:00:00,141.68312
2011-03-29 07:00:00,49.22986
2011-03-29 08:00:00,95.32888
2011-03-29 09:00:00,159.05374
2011-03-29 10:00:00,186.62173
2011-03-29 11:00:00,262.05405
2011-03-29 12:00:00,128.0244
2011-03-29 13:00:00,213.05333
2011-03-29 14:00:00,205.4618
2011-03-29 15:00:00,108.94142
2011-03-29 16:00:00,30.45387
2011-03-29 17:00:00,125.59845
2011-03-29 18:00:00,204.78215
2011-03-29 19:00:00,73.9184
2011-03-29 20:00:00,204.78215
2011-03-29 21:00:00,104.351845
2011-03-29 22:00:00,72.769966
2011-03-29 23:00:00,95.59951
2011-03-30 00:00:00,75.26104
2011-03-30 01:00:00,181.28072
2011-03-30 02:00:00,75.26104
2011-03-30 03:00:00,132.79552
2011-03-30 04:00:00,75.26104
2011-03-30 05:00:00,73.159805
2011-03-30 06:00:00,109.65942
2011-03-30 07:00:00,168.56645
2011-03-30 08:00:00,85.21528
2011-03-30 09:00:00,102.70399
2011-03-30 10:00:00,91.08101
2011-03-30 11:00:00,151.24928
2011-03-30 12:00:00,127.18014
2011-03-30 13:00:00,124.538826
2011-03-30 14:00:00,188.43059
2011-03-30 15:00:00,57.344902
2011-03-30 16:00:00,49.920776
2011-03-30 17:00:00,12.089131
2011-03-30 18:00:00,25.389557
2011-03-30 19:00:00,25.389557
2011-03-30 20:00:00,34.318024
2011-03-30 21:00:00,15.89976
2011-03-30 22:00:00,48.623528
2011-03-30 23:00:00,41.87629
2011-03-31 00:00:00,48.623528
2011-03-31 01:00:00,22.071062
2011-03-31 02:00:00,22.071062
2011-03-31 03:00:00,48.623528
2011-03-31 04:00:00,56.751682
2011-03-31 05:00:00,48.623528
2011-03-31 06:00:00,34.318024
2011-03-31 07:00:00,56.751682
2011-03-31 08:00:00,19.705631
2011-03-31 09:00:00,52.17141
2011-03-31 10:00:00,52.17141
2011-03-31 11:00:00,37.934418
2011-03-31 12:00:00,37.934418
2011-03-31 13:00:00,84.940926
2011-03-31 14:00:00,84.940895
2011-03-31 15:00:00,49.922462
2011-03-31 16:00:00,55.794636
2011-03-31 17:00:00,55.794636
2011-03-31 18:00:00,58.387062
2011-03-31 19:00:00,58.387062
2011-03-31 20:00:00,51.28299
2011-03-31 21:00:00,109.87979
2011-03-31 22:00:00,46.84272
2011-03-31 23:00:00,27.019075
2011-04-20 00:00:00,40.607555
2011-04-20 01:00:00,76.840294
2011-04-20 02:00:00,76.840294
2011-04-20 03:00:00,23.864073
2011-04-20 04:00:00,81.85166
2011-04-20 05:00:00,51.23726
2011-04-20 06:00:00,76.840294
2011-04-20 07:00:00,25.683632
2011-04-20 08:00:00,145.53172
2011-04-20 09:00:00,231.1805
2011-04-20 10:00:00,207.15842
2011-04-20 11:00:00,207.15842
2011-04-20 12:00:00,365.2623
2011-04-20 13:00:00,365.2623
2011-04-20 14:00:00,414.30414
2011-04-20 15:00:00,241.81078
2011-04-20 16:00:00,241.81078
2011-04-20 17:00:00,264.89618
2011-04-20 18:00:00,324.18127
2011-04-20 19:00:00,465.3446
2011-04-20 20:00:00,317.31207
2011-04-20 21:00:00,384.19525
2011-04-20 22:00:00,233.95544
2011-04-20 23:00:00,242.62006
2011-04-21 00:00:00,282.23956
2011-04-21 01:00:00,172.55307
2011-04-21 02:00:00,300.92413
2011-04-21 03:00:00,192.60161
2011-04-21 04:00:00,194.30727
2011-04-21 05:00:00,252.95866
2011-04-21 06:00:00,249.95166
2011-04-21 07:00:00,176.47565
2011-04-21 08:00:00,203.01808
2011-04-21 09:00:00,117.95972
2011-04-21 10:00:00,170.30006
2011-04-21 11:00:00,158.05846
2011-04-21 12:00:00,183.75595
2011-04-21 13:00:00,339.01968
2011-04-21 14:00:00,318.3139
2011-04-21 15:00:00,295.52478
2011-04-21 16:00:00,329.3759
2011-04-21 17:00:00,335.07025
2011-04-21 18:00:00,330.98138
2011-04-21 19:00:00,334.71347
2011-04-21 20:00:00,258.08325
2011-04-21 21:00:00,122.64732
2011-04-21 22:00:00,176.61911
2011-04-21 23:00:00,169.18214
2011-04-22 00:00:00,91.467896
2011-04-22 01:00:00,105.14721
2011-04-22 02:00:00,118.00368
2011-04-22 03:00:00,118.00368
2011-04-22 04:00:00,94.24464
2011-04-22 05:00:00,106.423515
2011-04-22 06:00:00,94.24467
2011-04-22 07:00:00,71.88892
2011-04-22 08:00:00,71.50849
2011-04-22 09:00:00,54.094673
2011-04-22 10:00:00,85.11381
2011-04-22 11:00:00,129.68918
2011-04-22 12:00:00,123.15106
2011-04-22 13:00:00,60.0711
2011-04-22 14:00:00,31.74216
2011-04-22 15:00:00,60.0711
2011-04-22 16:00:00,92.09625
2011-04-22 17:00:00,39.019447
2011-04-22 18:00:00,39.019447
2011-04-22 19:00:00,39.019447
2011-04-22 20:00:00,44.48487
2011-04-22 21:00:00,64.964386
2011-04-22 22:00:00,32.904205
2011-04-22 23:00:00,87.2472
2011-04-23 00:00:00,22.547132
2011-04-23 01:00:00,22.547132
2011-04-23 02:00:00,64.11467
2011-04-23 03:00:00,20.851725
2011-04-23 04:00:00,23.132524
2011-04-23 05:00:00,23.132524
2011-04-23 06:00:00,32.753796
2011-04-23 07:00:00,58.15121
2011-04-23 08:00:00,26.197458
2011-04-23 09:00:00,20.598333
2011-04-23 10:00:00,42.29912
2011-04-23 11:00:00,94.429054
2011-04-23 12:00:00,50.866604
2011-04-23 13:00:00,60.01683
2011-04-23 14:00:00,94.81692
2011-04-23 15:00:00,188.25652
2011-04-23 16:00:00,201.67978
2011-04-23 17:00:00,251.57352
2011-04-23 18:00:00,108.700356
2011-04-23 19:00:00,97.63174
2011-04-23 20:00:00,249.08089
2011-04-23 21:00:00,249.92375
2011-04-23 22:00:00,130.85225
2011-04-23 23:00:00,138.02907
2011-04-24 00:00:00,62.247208
2011-04-24 01:00:00,58.743965
2011-04-24 02:00:00,58.743965
2011-04-24 03:00:00,32.327644
2011-04-24 04:00:00,32.327644
2011-04-24 05:00:00,32.327644
2011-04-24 06:00:00,52.53174
2011-04-24 07:00:00,52.53174
2011-04-24 08:00:00,57.278393
2011-04-24 09:00:00,96.52934
2011-04-24 10:00:00,118.85839
2011-04-24 11:00:00,191.39061
2011-04-24 12:00:00,401.8183
2011-04-24 13:00:00,428.55432
2011-04-24 14:00:00,543.1279
2011-04-24 15:00:00,394.35828
2011-04-24 16:00:00,609.53735
2011-04-24 17:00:00,395.01285
2011-04-24 18:00:00,134.7884
2011-04-24 19:00:00,365.02805
2011-04-24 20:00:00,365.02805
2011-04-24 21:00:00,71.76602
2011-04-24 22:00:00,212.41469
2011-04-24 23:00:00,254.2914
2011-04-25 00:00:00,104.02303
2011-04-25 01:00:00,70.58785
2011-04-25 02:00:00,70.58785
2011-04-25 03:00:00,95.68108
2011-04-25 04:00:00,165.78284
2011-04-25 05:00:00,136.78227
2011-04-25 06:00:00,155.52995
2011-04-25 07:00:00,91.384964
2011-04-25 08:00:00,53.865845
2011-04-25 09:00:00,85.22303
2011-04-25 10:00:00,220.26889
2011-04-25 11:00:00,220.26889
2011-04-25 12:00:00,209.82187
2011-04-25 13:00:00,238.51411
2011-04-25 14:00:00,303.68137
2011-04-25 15:00:00,449.47144
2011-04-25 16:00:00,382.07068
2011-04-25 17:00:00,509.82135
2011-04-25 18:00:00,381.26334
2011-04-25 19:00:00,323.65967
2011-04-25 20:00:00,231.1805
2011-04-25 21:00:00,198.42244
2011-04-25 22:00:00,193.13162
2011-04-25 23:00:00,284.67688
2011-04-26 00:00:00,212.65736
2011-04-26 01:00:00,221.0794
2011-04-26 02:00:00,280.5769
2011-04-26 03:00:00,260.8376
2011-04-26 04:00:00,355.0293
2011-04-26 05:00:00,235.56125
2011-04-26 06:00:00,127.953636
2011-04-26 07:00:00,346.24457
2011-04-26 08:00:00,346.2446
2011-04-26 09:00:00,219.31898
2011-04-26 10:00:00,275.01288
2011-04-26 11:00:00,314.34
2011-04-26 12:00:00,403.59546
2011-04-26 13:00:00,405.4342
2011-04-26 14:00:00,543.0725
2011-04-26 15:00:00,323.65308
2011-04-26 16:00:00,377.69128
2011-04-26 17:00:00,299.5225
2011-04-26 18:00:00,442.70605
2011-04-26 19:00:00,169.06384
2011-04-26 20:00:00,219.31898
2011-04-26 21:00:00,236.90315
2011-04-26 22:00:00,235.16237
2011-04-26 23:00:00,242.37334
2011-04-27 00:00:00,218.73067
2011-04-27 01:00:00,308.12543
2011-04-27 02:00:00,280.69525
2011-04-27 03:00:00,248.86385
2011-04-27 04:00:00,73.51827
2011-04-27 05:00:00,269.7298
2011-04-27 06:00:00,113.38337
2011-04-27 07:00:00,248.86385
2011-04-27 08:00:00,154.83986
2011-04-27 09:00:00,188.97739
2011-04-27 10:00:00,212.42342
2011-04-27 11:00:00,193.75822
2011-04-27 12:00:00,274.07086
2011-04-27 13:00:00,258.1975
2011-04-27 14:00:00,216.9037
2011-04-27 15:00:00,497.99823
2011-04-27 16:00:00,302.78882
2011-04-27 17:00:00,72.39645
2011-04-27 18:00:00,72.39645
2011-04-27 19:00:00,236.90315
2011-04-27 20:00:00,453.6148
2011-04-27 21:00:00,433.9372
2011-04-27 22:00:00,167.3032
2011-04-27 23:00:00,135.95006
2011-04-28 00:00:00,209.16896
2011-04-28 01:00:00,111.9349
2011-04-28 02:00:00,122.03532
2011-04-28 03:00:00,151.46602
2011-04-28 04:00:00,87.194084
2011-04-28 05:00:00,111.9349
2011-04-28 06:00:00,128.96794
2011-04-28 07:00:00,127.75872
2011-04-28 08:00:00,136.26518
2011-04-28 09:00:00,94.565254
2011-04-28 10:00:00,267.02264
2011-04-28 11:00:00,212.42342
2011-04-28 12:00:00,195.09087
2011-04-28 13:00:00,198.20808
2011-04-28 14:00:00,334.081
2011-04-28 15:00:00,244.35915
2011-04-28 16:00:00,264.89807
2011-04-28 17:00:00,308.3039
2011-04-28 18:00:00,308.3039
2011-04-28 19:00:00,264.72827
2011-04-28 20:00:00,212.74287
2011-04-28 21:00:00,229.35677
2011-04-28 22:00:00,188.8842
2011-04-28 23:00:00,229.89116
2011-04-29 00:00:00,215.67677
2011-04-29 01:00:00,196.7471
2011-04-29 02:00:00,121.25311
2011-04-29 03:00:00,125.78262
2011-04-29 04:00:00,174.29344
2011-04-29 05:00:00,169.92531
2011-04-29 06:00:00,208.80162
2011-04-29 07:00:00,183.1027
2011-04-29 08:00:00,231.649
2011-04-29 09:00:00,258.39618
2011-04-29 10:00:00,221.36768
2011-04-29 11:00:00,285.10956
2011-04-29 12:00:00,227.84416
2011-04-29 13:00:00,237.80383
2011-04-29 14:00:00,295.62906
2011-04-29 15:00:00,236.63785
2011-04-29 16:00:00,281.0407
2011-04-29 17:00:00,223.49316
2011-04-29 18:00:00,183.44182
2011-04-29 19:00:00,100.55162
2011-04-29 20:00:00,165.83421
2011-04-29 21:00:00,134.02803
2011-04-29 22:00:00,113.37391
2011-04-29 23:00:00,81.692154
2011-04-30 00:00:00,196.85823
2011-04-30 01:00:00,185.53111
2011-04-30 02:00:00,219.00136
2011-04-30 03:00:00,201.75636
2011-04-30 04:00:00,178.72661
2011-04-30 05:00:00,102.68067
2011-04-30 06:00:00,58.16868
2011-04-30 07:00:00,148.62631
2011-04-30 08:00:00,64.81112
2011-04-30 09:00:00,85.92831
2011-04-30 10:00:00,117.967735
2011-04-30 11:00:00,329.10425
2011-04-30 12:00:00,376.5941
2011-04-30 13:00:00,311.5578
2011-04-30 14:00:00,326.43085
2011-04-30 15:00:00,317.4057
2011-04-30 16:00:00,374.63513
2011-04-30 17:00:00,263.6651
2011-04-30 18:00:00,220.59871
2011-04-30 19:00:00,220.59871
2011-04-30 20:00:00,101.044
2011-04-30 21:00:00,101.044
2011-04-30 22:00:00,60.48787
2011-04-30 23:00:00,60.48787
2011-05-20 00:00:00,66.773705
2011-05-20 01:00:00,30.770725
2011-05-20 02:00:00,36.72424
2011-05-20 03:00:00,28.966347
2011-05-20 04:00:00,60.287956
2011-05-20 05:00:00,69.730156
2011-05-20 06:00:00,50.17578
2011-05-20 07:00:00,108.06156
2011-05-20 08:00:00,165.03183
2011-05-20 09:00:00,198.42598
2011-05-20 10:00:00,312.1823
2011-05-20 11:00:00,212.72757
2011-05-20 12:00:00,213.20876
2011-05-20 13:00:00,267.29605
2011-05-20 14:00:00,225.9132
2011-05-20 15:00:00,228.87367
2011-05-20 16:00:00,246.45134
2011-05-20 17:00:00,97.446724
2011-05-20 18:00:00,216.52388
2011-05-20 19:00:00,294.30334
2011-05-20 20:00:00,272.0816
2011-05-20 21:00:00,295.57495
2011-05-20 22:00:00,181.97533
2011-05-20 23:00:00,157.4822
2011-05-21 00:00:00,97.49942
2011-05-21 01:00:00,37.78535
2011-05-21 02:00:00,61.330864
2011-05-21 03:00:00,88.14542
2011-05-21 04:00:00,50.10036
2011-05-21 05:00:00,32.337616
2011-05-21 06:00:00,98.493706
2011-05-21 07:00:00,79.39242
2011-05-21 08:00:00,181.36134
2011-05-21 09:00:00,243.52203
2011-05-21 10:00:00,228.83983
2011-05-21 11:00:00,296.52576
2011-05-21 12:00:00,385.49335
2011-05-21 13:00:00,455.71777
2011-05-21 14:00:00,500.409
2011-05-21 15:00:00,438.19244
2011-05-21 16:00:00,506.94055
2011-05-21 17:00:00,413.86954
2011-05-21 18:00:00,331.2407
2011-05-21 19:00:00,359.794
2011-05-21 20:00:00,147.02277
2011-05-21 21:00:00,228.83983
2011-05-21 22:00:00,113.98077
2011-05-21 23:00:00,64.02758
2011-05-22 00:00:00,78.64075
2011-05-22 01:00:00,91.94828
2011-05-22 02:00:00,34.44413
2011-05-22 03:00:00,28.060198
2011-05-22 04:00:00,48.611717
2011-05-22 05:00:00,28.060198
2011-05-22 06:00:00,34.44413
2011-05-22 07:00:00,51.144066
2011-05-22 08:00:00,77.93824
2011-05-22 09:00:00,137.34305
2011-05-22 10:00:00,187.41737
2011-05-22 11:00:00,294.20956
2011-05-22 12:00:00,311.67065
2011-05-22 13:00:00,257.5292
2011-05-22 14:00:00,242.17438
2011-05-22 15:00:00,202.99973
2011-05-22 16:00:00,206.06169
2011-05-22 17:00:00,377.14368
2011-05-22 18:00:00,327.63336
2011-05-22 19:00:00,263.7718
2011-05-22 20:00:00,142.6294
2011-05-22 21:00:00,128.05899
2011-05-22 22:00:00,111.06869
2011-05-22 23:00:00,138.65932
2011-05-23 00:00:00,198.72063
2011-05-23 01:00:00,53.865845
2011-05-23 02:00:00,182.16042
2011-05-23 03:00:00,191.69803
2011-05-23 04:00:00,189.13647
2011-05-23 05:00:00,189.13647
2011-05-23 06:00:00,179.9357
2011-05-23 07:00:00,159.99472
2011-05-23 08:00:00,96.92895
2011-05-23 09:00:00,135.30373
2011-05-23 10:00:00,252.13684
2011-05-23 11:00:00,319.96027
2011-05-23 12:00:00,319.96027
2011-05-23 13:00:00,304.6913
2011-05-23 14:00:00,263.0651
2011-05-23 15:00:00,362.15692
2011-05-23 16:00:00,242.92397
2011-05-23 17:00:00,243.34796
2011-05-23 18:00:00,217.98257
2011-05-23 19:00:00,214.37029
2011-05-23 20:00:00,232.23476
2011-05-23 21:00:00,147.82924
2011-05-23 22:00:00,79.7541
2011-05-23 23:00:00,278.59787
2011-05-24 00:00:00,271.42435
2011-05-24 01:00:00,164.18117
2011-05-24 02:00:00,271.42435
2011-05-24 03:00:00,181.39726
2011-05-24 04:00:00,62.94404
2011-05-24 05:00:00,298.11163
2011-05-24 06:00:00,312.59528
2011-05-24 07:00:00,168.63312
2011-05-24 08:00:00,142.86382
2011-05-24 09:00:00,288.29144
2011-05-24 10:00:00,365.82275
2011-05-24 11:00:00,449.47144
2011-05-24 12:00:00,377.64322
2011-05-24 13:00:00,433.90253
2011-05-24 14:00:00,468.74216
2011-05-24 15:00:00,259.03235
2011-05-24 16:00:00,217.59773
2011-05-24 17:00:00,316.13403
2011-05-24 18:00:00,226.40738
2011-05-24 19:00:00,222.89792
2011-05-24 20:00:00,189.63359
2011-05-24 21:00:00,129.09004
2011-05-24 22:00:00,162.27954
2011-05-24 23:00:00,160.11049
2011-05-25 00:00:00,137.48805
2011-05-25 01:00:00,143.0409
2011-05-25 02:00:00,205.65843
2011-05-25 03:00:00,94.01423
2011-05-25 04:00:00,89.71697
2011-05-25 05:00:00,55.520546
2011-05-25 06:00:00,67.94346
2011-05-25 07:00:00,235.67372
2011-05-25 08:00:00,212.65736
2011-05-25 09:00:00,244.36012
2011-05-25 10:00:00,336.26907
2011-05-25 11:00:00,486.87582
2011-05-25 12:00:00,405.00354
2011-05-25 13:00:00,405.00354
2011-05-25 14:00:00,319.66132
2011-05-25 15:00:00,567.63025
2011-05-25 16:00:00,563.0474
2011-05-25 17:00:00,449.47144
2011-05-25 18:00:00,259.0209
2011-05-25 19:00:00,286.30917
2011-05-25 20:00:00,239.92436
2011-05-25 21:00:00,215.5277
2011-05-25 22:00:00,206.7165
2011-05-25 23:00:00,239.8628
2011-05-26 00:00:00,239.86267
2011-05-26 01:00:00,239.86267
2011-05-26 02:00:00,84.87193
2011-05-26 03:00:00,61.788612
2011-05-26 04:00:00,260.89294
2011-05-26 05:00:00,203.76921
2011-05-26 06:00:00,96.95254
2011-05-26 07:00:00,310.6767
2011-05-26 08:00:00,227.42943
2011-05-26 09:00:00,231.731
2011-05-26 10:00:00,217.98257
2011-05-26 11:00:00,252.90462
2011-05-26 12:00:00,549.84973
2011-05-26 13:00:00,401.69104
2011-05-26 14:00:00,401.69104
2011-05-26 15:00:00,275.64658
2011-05-26 16:00:00,321.94757
2011-05-26 17:00:00,365.90985
2011-05-26 18:00:00,337.93378
2011-05-26 19:00:00,374.88544
2011-05-26 20:00:00,257.75058
2011-05-26 21:00:00,297.9278
2011-05-26 22:00:00,236.20366
2011-05-26 23:00:00,238.26909
2011-05-27 00:00:00,219.24199
2011-05-27 01:00:00,382.3004
2011-05-27 02:00:00,234.94817
2011-05-27 03:00:00,232.39531
2011-05-27 04:00:00,215.9912
2011-05-27 05:00:00,215.24828
2011-05-27 06:00:00,265.56845
2011-05-27 07:00:00,245.44717
2011-05-27 08:00:00,236.07755
2011-05-27 09:00:00,247.45393
2011-05-27 10:00:00,365.6745
2011-05-27 11:00:00,267.97696
2011-05-27 12:00:00,280.50446
2011-05-27 13:00:00,266.74918
2011-05-27 14:00:00,469.77496
2011-05-27 15:00:00,517.1646
2011-05-27 16:00:00,306.73788
2011-05-27 17:00:00,421.46945
2011-05-27 18:00:00,242.92397
2011-05-27 19:00:00,109.886604
2011-05-27 20:00:00,300.18124
2011-05-27 21:00:00,72.936966
2011-05-27 22:00:00,99.0156
2011-05-27 23:00:00,65.14193
2011-05-28 00:00:00,97.257545
2011-05-28 01:00:00,85.05819
2011-05-28 02:00:00,64.07982
2011-05-28 03:00:00,76.8612
2011-05-28 04:00:00,96.52934
2011-05-28 05:00:00,76.8612
2011-05-28 06:00:00,85.99566
2011-05-28 07:00:00,98.27593
2011-05-28 08:00:00,135.76854
2011-05-28 09:00:00,171.28313
2011-05-28 10:00:00,298.43082
2011-05-28 11:00:00,298.43082
2011-05-28 12:00:00,361.44336
2011-05-28 13:00:00,314.07578
2011-05-28 14:00:00,287.66394
2011-05-28 15:00:00,295.9431
2011-05-28 16:00:00,369.66223
2011-05-28 17:00:00,409.24823
2011-05-28 18:00:00,368.16675
2011-05-28 19:00:00,231.62611
2011-05-28 20:00:00,298.43082
2011-05-28 21:00:00,216.54839
2011-05-28 22:00:00,139.45091
2011-05-28 23:00:00,112.87015
2011-05-29 00:00:00,127.68631
2011-05-29 01:00:00,100.778984
2011-05-29 02:00:00,40.722294
2011-05-29 03:00:00,40.722294
2011-05-29 04:00:00,14.049692
2011-05-29 05:00:00,61.130096
2011-05-29 06:00:00,122.6439
2011-05-29 07:00:00,121.818474
2011-05-29 08:00:00,115.99286
2011-05-29 09:00:00,130.07494
2011-05-29 10:00:00,149.99654
2011-05-29 11:00:00,173.05641
2011-05-29 12:00:00,184.26521
2011-05-29 13:00:00,484.38416
2011-05-29 14:00:00,464.50018
2011-05-29 15:00:00,519.26965
2011-05-29 16:00:00,464.50018
2011-05-29 17:00:00,464.50018
2011-05-29 18:00:00,434.18298
2011-05-29 19:00:00,381.8841
2011-05-29 20:00:00,192.0938
2011-05-29 21:00:00,122.28261
2011-05-29 22:00:00,97.43994
2011-05-29 23:00:00,116.038
2011-05-30 00:00:00,74.423645
2011-05-30 01:00:00,51.71559
2011-05-30 02:00:00,74.423645
2011-05-30 03:00:00,74.423645
2011-05-30 04:00:00,61.00927
2011-05-30 05:00:00,59.30454
2011-05-30 06:00:00,57.926956
2011-05-30 07:00:00,46.274254
2011-05-30 08:00:00,86.30318
2011-05-30 09:00:00,115.95153
2011-05-30 10:00:00,343.25153
2011-05-30 11:00:00,405.3062
2011-05-30 12:00:00,461.3338
2011-05-30 13:00:00,436.0824
2011-05-30 14:00:00,446.19177
2011-05-30 15:00:00,553.18
2011-05-30 16:00:00,524.8139
2011-05-30 17:00:00,483.73724
2011-05-30 18:00:00,536.8116
2011-05-30 19:00:00,239.01851
2011-05-30 20:00:00,303.33447
2011-05-30 21:00:00,196.66316
2011-05-30 22:00:00,193.6476
2011-05-30 23:00:00,126.623146
2011-05-31 00:00:00,195.29666
2011-05-31 01:00:00,99.68083
2011-05-31 02:00:00,154.83855
2011-05-31 03:00:00,281.97894
2011-05-31 04:00:00,131.40887
2011-05-31 05:00:00,131.40887
2011-05-31 06:00:00,176.23463
2011-05-31 07:00:00,254.89818
2011-05-31 08:00:00,340.71643
2011-05-31 09:00:00,499.3589
2011-05-31 10:00:00,549.6127
2011-05-31 11:00:00,156.85207
2011-05-31 12:00:00,199.6171
2011-05-31 13:00:00,239.26926
2011-05-31 14:00:00,165.84637
2011-05-31 15:00:00,260.05655
2011-05-31 16:00:00,204.61813
2011-05-31 17:00:00,332.86517
2011-05-31 18:00:00,340.84143
2011-05-31 19:00:00,319.58368
2011-05-31 20:00:00,319.58368
2011-05-31 21:00:00,257.36102
2011-05-31 22:00:00,239.73927
2011-05-31 23:00:00,214.37737
2011-06-20 00:00:00,143.53699
2011-06-20 01:00:00,63.02246
2011-06-20 02:00:00,63.02246
2011-06-20 03:00:00,105.999596
2011-06-20 04:00:00,155.78154
2011-06-20 05:00:00,119.11157
2011-06-20 06:00:00,110.25143
2011-06-20 07:00:00,178.06827
2011-06-20 08:00:00,157.0612
2011-06-20 09:00:00,171.94646
2011-06-20 10:00:00,171.94646
2011-06-20 11:00:00,173.76039
2011-06-20 12:00:00,163.8068
2011-06-20 13:00:00,209.46338
2011-06-20 14:00:00,286.12567
2011-06-20 15:00:00,241.90846
2011-06-20 16:00:00,252.82326
2011-06-20 17:00:00,138.3998
2011-06-20 18:00:00,244.37212
2011-06-20 19:00:00,225.32527
2011-06-20 20:00:00,213.346
2011-06-20 21:00:00,245.44716
2011-06-20 22:00:00,301.37656
2011-06-20 23:00:00,264.89807
2011-06-21 00:00:00,120.15705
2011-06-21 01:00:00,192.44398
2011-06-21 02:00:00,143.62775
2011-06-21 03:00:00,143.62775
2011-06-21 04:00:00,123.34031
2011-06-21 05:00:00,120.66039
2011-06-21 06:00:00,120.66039
2011-06-21 07:00:00,123.20443
2011-06-21 08:00:00,141.66649
2011-06-21 09:00:00,132.38565
2011-06-21 10:00:00,149.94275
2011-06-21 11:00:00,134.4949
2011-06-21 12:00:00,208.60466
2011-06-21 13:00:00,275.80444
2011-06-21 14:00:00,348.32098
2011-06-21 15:00:00,485.0401
2011-06-21 16:00:00,420.71848
2011-06-21 17:00:00,398.70197
2011-06-21 18:00:00,267.1067
2011-06-21 19:00:00,255.5457
2011-06-21 20:00:00,320.71594
2011-06-21 21:00:00,257.42828
2011-06-21 22:00:00,96.40717
2011-06-21 23:00:00,166.72878
2011-06-22 00:00:00,131.64468
2011-06-22 01:00:00,110.551125
2011-06-22 02:00:00,72.767
2011-06-22 03:00:00,110.551125
2011-06-22 04:00:00,84.06217
2011-06-22 05:00:00,46.509945
2011-06-22 06:00:00,76.126884
2011-06-22 07:00:00,101.05206
2011-06-22 08:00:00,252.44844
2011-06-22 09:00:00,220.01903
2011-06-22 10:00:00,338.90555
2011-06-22 11:00:00,274.76715
2011-06-22 12:00:00,280.54343
2011-06-22 13:00:00,268.3117
2011-06-22 14:00:00,272.43683
2011-06-22 15:00:00,287.09503
2011-06-22 16:00:00,336.7574
2011-06-22 17:00:00,268.554
2011-06-22 18:00:00,266.23993
2011-06-22 19:00:00,224.68532
2011-06-22 20:00:00,255.89397
2011-06-22 21:00:00,246.704
2011-06-22 22:00:00,259.41898
2011-06-22 23:00:00,256.831
2011-06-23 00:00:00,196.13643
2011-06-23 01:00:00,261.6765
2011-06-23 02:00:00,261.6765
2011-06-23 03:00:00,242.58315
2011-06-23 04:00:00,259.80838
2011-06-23 05:00:00,244.0981
2011-06-23 06:00:00,244.09807
2011-06-23 07:00:00,247.06996
2011-06-23 08:00:00,245.0508
2011-06-23 09:00:00,255.70956
2011-06-23 10:00:00,284.01752
2011-06-23 11:00:00,371.49365
2011-06-23 12:00:00,249.13063
2011-06-23 13:00:00,218.88246
2011-06-23 14:00:00,242.94633
2011-06-23 15:00:00,201.56328
2011-06-23 16:00:00,187.61783
2011-06-23 17:00:00,235.51431
2011-06-23 18:00:00,301.6409
2011-06-23 19:00:00,368.75067
2011-06-23 20:00:00,223.76622
2011-06-23 21:00:00,217.39748
2011-06-23 22:00:00,229.74297
2011-06-23 23:00:00,256.07315
2011-06-24 00:00:00,127.39032
2011-06-24 01:00:00,267.88214
2011-06-24 02:00:00,267.88214
2011-06-24 03:00:00,134.4949
2011-06-24 04:00:00,88.4891
2011-06-24 05:00:00,57.221878
2011-06-24 06:00:00,96.9718
2011-06-24 07:00:00,144.19115
2011-06-24 08:00:00,223.76622
2011-06-24 09:00:00,275.29352
2011-06-24 10:00:00,339.38113
2011-06-24 11:00:00,284.33978
2011-06-24 12:00:00,355.90594
2011-06-24 13:00:00,340.51297
2011-06-24 14:00:00,330.12796
2011-06-24 15:00:00,221.82762
2011-06-24 16:00:00,375.13763
2011-06-24 17:00:00,312.682
2011-06-24 18:00:00,337.6158
2011-06-24 19:00:00,376.53595
2011-06-24 20:00:00,338.7537
2011-06-24 21:00:00,187.29576
2011-06-24 22:00:00,194.45354
2011-06-24 23:00:00,139.49593
2011-06-25 00:00:00,465.92822
2011-06-25 01:00:00,375.1316
2011-06-25 02:00:00,357.04175
2011-06-25 03:00:00,290.83398
2011-06-25 04:00:00,290.83398
2011-06-25 05:00:00,277.22797
2011-06-25 06:00:00,292.8553
2011-06-25 07:00:00,328.75577
2011-06-25 08:00:00,385.04907
2011-06-25 09:00:00,440.59265
2011-06-25 10:00:00,559.3536
2011-06-25 11:00:00,523.2432
2011-06-25 12:00:00,551.97797
2011-06-25 13:00:00,551.97797
2011-06-25 14:00:00,385.1103
2011-06-25 15:00:00,444.84174
2011-06-25 16:00:00,503.7566
2011-06-25 17:00:00,667.9121
2011-06-25 18:00:00,440.59265
2011-06-25 19:00:00,367.89777
2011-06-25 20:00:00,423.21094
2011-06-25 21:00:00,369.28644
2011-06-25 22:00:00,422.5598
2011-06-25 23:00:00,372.10254
2011-06-26 00:00:00,135.17693
2011-06-26 01:00:00,264.44223
2011-06-26 02:00:00,280.67752
2011-06-26 03:00:00,211.632
2011-06-26 04:00:00,128.94467
2011-06-26 05:00:00,101.20959
2011-06-26 06:00:00,101.20959
2011-06-26 07:00:00,96.459206
2011-06-26 08:00:00,261.54373
2011-06-26 09:00:00,295.61237
2011-06-26 10:00:00,274.23288
2011-06-26 11:00:00,464.58545
2011-06-26 12:00:00,624.0414
2011-06-26 13:00:00,546.94507
2011-06-26 14:00:00,557.89307
2011-06-26 15:00:00,546.94507
2011-06-26 16:00:00,656.1892
2011-06-26 17:00:00,444.9896
2011-06-26 18:00:00,576.78296
2011-06-26 19:00:00,270.39853
2011-06-26 20:00:00,267.55914
2011-06-26 21:00:00,220.89922
2011-06-26 22:00:00,604.18884
2011-06-26 23:00:00,262.33844
2011-06-27 00:00:00,294.2923
2011-06-27 01:00:00,239.05745
2011-06-27 02:00:00,109.778755
2011-06-27 03:00:00,109.778755
2011-06-27 04:00:00,146.86717
2011-06-27 05:00:00,166.4911
2011-06-27 06:00:00,281.88287
2011-06-27 07:00:00,255.0796
2011-06-27 08:00:00,155.72202
2011-06-27 09:00:00,359.45493
2011-06-27 10:00:00,187.46706
2011-06-27 11:00:00,287.24878
2011-06-27 12:00:00,359.45493
2011-06-27 13:00:00,193.35088
2011-06-27 14:00:00,123.08727
2011-06-27 15:00:00,368.49854
2011-06-27 16:00:00,198.8185
2011-06-27 17:00:00,216.40303
2011-06-27 18:00:00,186.3724
2011-06-27 19:00:00,259.9533
2011-06-27 20:00:00,197.95702
2011-06-27 21:00:00,129.35289
2011-06-27 22:00:00,107.79711
2011-06-27 23:00:00,107.79711
2011-06-28 00:00:00,212.86797
2011-06-28 01:00:00,109.03054
2011-06-28 02:00:00,228.28874
2011-06-28 03:00:00,228.28874
2011-06-28 04:00:00,109.03054
2011-06-28 05:00:00,72.767
2011-06-28 06:00:00,134.4949
2011-06-28 07:00:00,135.36073
2011-06-28 08:00:00,152.54332
2011-06-28 09:00:00,129.05272
2011-06-28 10:00:00,315.95325
2011-06-28 11:00:00,314.70294
2011-06-28 12:00:00,285.5106
2011-06-28 13:00:00,334.04703
2011-06-28 14:00:00,327.40634
2011-06-28 15:00:00,422.40695
2011-06-28 16:00:00,316.43616
2011-06-28 17:00:00,306.0205
2011-06-28 18:00:00,278.5755
2011-06-28 19:00:00,285.91415
2011-06-28 20:00:00,151.39282
2011-06-28 21:00:00,364.35193
2011-06-28 22:00:00,297.1192
2011-06-28 23:00:00,278.80096
2011-06-29 00:00:00,140.76994
2011-06-29 01:00:00,123.273415
2011-06-29 02:00:00,129.7824
2011-06-29 03:00:00,146.5731
2011-06-29 04:00:00,83.98322
2011-06-29 05:00:00,132.93068
2011-06-29 06:00:00,248.47307
2011-06-29 07:00:00,255.76277
2011-06-29 08:00:00,302.71643
2011-06-29 09:00:00,283.70032
2011-06-29 10:00:00,337.56656
2011-06-29 11:00:00,296.49304
2011-06-29 12:00:00,315.20267
2011-06-29 13:00:00,288.16736
2011-06-29 14:00:00,281.69403
2011-06-29 15:00:00,274.05872
2011-06-29 16:00:00,398.84412
2011-06-29 17:00:00,464.61902
2011-06-29 18:00:00,349.19397
2011-06-29 19:00:00,426.79816
2011-06-29 20:00:00,301.4065
2011-06-29 21:00:00,367.63834
2011-06-29 22:00:00,488.06888
2011-06-29 23:00:00,286.04724
2011-06-30 00:00:00,147.12634
2011-06-30 01:00:00,183.5505
2011-06-30 02:00:00,185.90526
2011-06-30 03:00:00,190.7187
2011-06-30 04:00:00,226.0627
2011-06-30 05:00:00,209.63177
2011-06-30 06:00:00,228.34358
2011-06-30 07:00:00,193.69386
2011-06-30 08:00:00,362.1291
2011-06-30 09:00:00,498.1856
2011-06-30 10:00:00,518.0673
2011-06-30 11:00:00,335.66086
2011-06-30 12:00:00,283.93604
2011-06-30 13:00:00,275.22006
2011-06-30 14:00:00,297.0602
2011-06-30 15:00:00,433.52127
2011-06-30 16:00:00,359.2576
2011-06-30 17:00:00,487.1387
2011-06-30 18:00:00,454.18756
2011-06-30 19:00:00,275.95392
2011-06-30 20:00:00,275.95392
2011-06-30 21:00:00,292.04904
2011-06-30 22:00:00,403.98242
2011-06-30 23:00:00,158.67805
2011-07-20 00:00:00,79.97901
2011-07-20 01:00:00,78.10948
2011-07-20 02:00:00,78.10948
2011-07-20 03:00:00,79.97901
2011-07-20 04:00:00,73.67249
2011-07-20 05:00:00,82.34598
2011-07-20 06:00:00,133.368
2011-07-20 07:00:00,157.17351
2011-07-20 08:00:00,121.864265
2011-07-20 09:00:00,251.25624
2011-07-20 10:00:00,122.44439
2011-07-20 11:00:00,319.8448
2011-07-20 12:00:00,252.90723
2011-07-20 13:00:00,284.97263
2011-07-20 14:00:00,221.61491
2011-07-20 15:00:00,239.15172
2011-07-20 16:00:00,461.0003
2011-07-20 17:00:00,287.18182
2011-07-20 18:00:00,287.52823
2011-07-20 19:00:00,365.26752
2011-07-20 20:00:00,311.083
2011-07-20 21:00:00,377.31085
2011-07-20 22:00:00,395.1741
2011-07-20 23:00:00,313.23572
2011-07-21 00:00:00,273.8576
2011-07-21 01:00:00,255.91063
2011-07-21 02:00:00,255.91063
2011-07-21 03:00:00,265.2594
2011-07-21 04:00:00,232.31346
2011-07-21 05:00:00,232.31346
2011-07-21 06:00:00,232.31346
2011-07-21 07:00:00,315.29938
2011-07-21 08:00:00,292.67526
2011-07-21 09:00:00,307.77228
2011-07-21 10:00:00,328.56302
2011-07-21 11:00:00,397.7578
2011-07-21 12:00:00,257.76205
2011-07-21 13:00:00,236.80919
2011-07-21 14:00:00,256.83585
2011-07-21 15:00:00,236.69756
2011-07-21 16:00:00,300.2504
2011-07-21 17:00:00,321.6436
2011-07-21 18:00:00,286.5559
2011-07-21 19:00:00,262.42023
2011-07-21 20:00:00,353.69232
2011-07-21 21:00:00,242.42038
2011-07-21 22:00:00,348.87372
2011-07-21 23:00:00,377.07227
2011-07-22 00:00:00,343.6102
2011-07-22 01:00:00,166.2822
2011-07-22 02:00:00,328.47284
2011-07-22 03:00:00,336.8994
2011-07-22 04:00:00,295.3065
2011-07-22 05:00:00,138.41406
2011-07-22 06:00:00,299.4235
2011-07-22 07:00:00,325.1479
2011-07-22 08:00:00,305.49417
2011-07-22 09:00:00,236.99406
2011-07-22 10:00:00,183.42754
2011-07-22 11:00:00,221.96762
2011-07-22 12:00:00,263.3279
2011-07-22 13:00:00,236.22758
2011-07-22 14:00:00,316.44708
2011-07-22 15:00:00,287.04922
2011-07-22 16:00:00,383.72443
2011-07-22 17:00:00,259.22482
2011-07-22 18:00:00,361.54645
2011-07-22 19:00:00,302.26343
2011-07-22 20:00:00,461.0003
2011-07-22 21:00:00,222.35988
2011-07-22 22:00:00,169.37787
2011-07-22 23:00:00,421.2417
2011-07-23 00:00:00,497.01868
2011-07-23 01:00:00,272.0849
2011-07-23 02:00:00,472.9698
2011-07-23 03:00:00,250.85063
2011-07-23 04:00:00,230.74593
2011-07-23 05:00:00,238.07469
2011-07-23 06:00:00,297.7617
2011-07-23 07:00:00,273.12262
2011-07-23 08:00:00,419.98483
2011-07-23 09:00:00,316.5249
2011-07-23 10:00:00,450.8863
2011-07-23 11:00:00,438.80634
2011-07-23 12:00:00,331.40112
2011-07-23 13:00:00,380.45132
2011-07-23 14:00:00,378.6176
2011-07-23 15:00:00,330.12634
2011-07-23 16:00:00,351.32245
2011-07-23 17:00:00,351.32245
2011-07-23 18:00:00,408.90143
2011-07-23 19:00:00,304.63226
2011-07-23 20:00:00,317.77527
2011-07-23 21:00:00,317.77527
2011-07-23 22:00:00,317.48004
2011-07-23 23:00:00,266.04697
2011-07-24 00:00:00,266.04697
2011-07-24 01:00:00,264.0104
2011-07-24 02:00:00,279.69214
2011-07-24 03:00:00,279.69214
2011-07-24 04:00:00,264.0104
2011-07-24 05:00:00,250.85063
2011-07-24 06:00:00,343.79236
2011-07-24 07:00:00,258.11185
2011-07-24 08:00:00,358.96378
2011-07-24 09:00:00,418.1543
2011-07-24 10:00:00,470.14914
2011-07-24 11:00:00,377.54715
2011-07-24 12:00:00,361.33105
2011-07-24 13:00:00,400.81586
2011-07-24 14:00:00,426.26776
2011-07-24 15:00:00,417.91776
2011-07-24 16:00:00,417.91776
2011-07-24 17:00:00,377.37973
2011-07-24 18:00:00,397.25238
2011-07-24 19:00:00,342.25336
2011-07-24 20:00:00,316.5249
2011-07-24 21:00:00,254.27837
2011-07-24 22:00:00,121.00639
2011-07-24 23:00:00,383.1905
2011-07-25 00:00:00,350.87445
2011-07-25 01:00:00,290.0507
2011-07-25 02:00:00,312.96548
2011-07-25 03:00:00,107.72776
2011-07-25 04:00:00,94.780396
2011-07-25 05:00:00,94.780396
2011-07-25 06:00:00,216.78276
2011-07-25 07:00:00,284.49292
2011-07-25 08:00:00,351.34515
2011-07-25 09:00:00,149.57732
2011-07-25 10:00:00,252.90723
2011-07-25 11:00:00,272.89056
2011-07-25 12:00:00,272.89056
2011-07-25 13:00:00,262.6599
2011-07-25 14:00:00,259.41895
2011-07-25 15:00:00,276.57434
2011-07-25 16:00:00,125.77647
2011-07-25 17:00:00,118.66346
2011-07-25 18:00:00,283.4046
2011-07-25 19:00:00,251.25624
2011-07-25 20:00:00,220.1537
2011-07-25 21:00:00,78.10948
2011-07-25 22:00:00,78.10948
2011-07-25 23:00:00,83.73473
2011-07-26 00:00:00,96.4072
2011-07-26 01:00:00,96.4072
2011-07-26 02:00:00,79.787994
2011-07-26 03:00:00,90.8264
2011-07-26 04:00:00,115.8541
2011-07-26 05:00:00,73.50808
2011-07-26 06:00:00,127.30851
2011-07-26 07:00:00,324.78064
2011-07-26 08:00:00,281.51102
2011-07-26 09:00:00,324.69455
2011-07-26 10:00:00,316.49564
2011-07-26 11:00:00,267.3211
2011-07-26 12:00:00,275.50418
2011-07-26 13:00:00,231.52489
2011-07-26 14:00:00,204.59367
2011-07-26 15:00:00,278.63165
2011-07-26 16:00:00,286.6916
2011-07-26 17:00:00,207.78177
2011-07-26 18:00:00,248.53448
2011-07-26 19:00:00,326.74747
2011-07-26 20:00:00,300.65836
2011-07-26 21:00:00,352.73227
2011-07-26 22:00:00,223.87709
2011-07-26 23:00:00,265.20465
2011-07-27 00:00:00,168.50525
2011-07-27 01:00:00,354.3518
2011-07-27 02:00:00,342.42206
2011-07-27 03:00:00,247.57768
2011-07-27 04:00:00,252.42429
2011-07-27 05:00:00,314.97272
2011-07-27 06:00:00,255.76277
2011-07-27 07:00:00,417.36926
2011-07-27 08:00:00,360.20746
2011-07-27 09:00:00,315.20267
2011-07-27 10:00:00,348.59296
2011-07-27 11:00:00,240.95425
2011-07-27 12:00:00,260.86102
2011-07-27 13:00:00,332.487
2011-07-27 14:00:00,317.51996
2011-07-27 15:00:00,324.44827
2011-07-27 16:00:00,320.31876
2011-07-27 17:00:00,352.11926
2011-07-27 18:00:00,241.87361
2011-07-27 19:00:00,244.20833
2011-07-27 20:00:00,425.8579
2011-07-27 21:00:00,193.79529
2011-07-27 22:00:00,232.13644
2011-07-27 23:00:00,213.53249
2011-07-28 00:00:00,157.54906
2011-07-28 01:00:00,179.63156
2011-07-28 02:00:00,187.0677
2011-07-28 03:00:00,161.85681
2011-07-28 04:00:00,210.8347
2011-07-28 05:00:00,197.95702
2011-07-28 06:00:00,193.84929
2011-07-28 07:00:00,242.89156
2011-07-28 08:00:00,275.80444
2011-07-28 09:00:00,366.49335
2011-07-28 10:00:00,349.1958
2011-07-28 11:00:00,212.53041
2011-07-28 12:00:00,226.3811
2011-07-28 13:00:00,302.56378
2011-07-28 14:00:00,299.73474
2011-07-28 15:00:00,233.04814
2011-07-28 16:00:00,276.37872
2011-07-28 17:00:00,274.30493
2011-07-28 18:00:00,256.63623
2011-07-28 19:00:00,319.32748
2011-07-28 20:00:00,421.24158
2011-07-28 21:00:00,461.6631
2011-07-28 22:00:00,369.1985
2011-07-28 23:00:00,324.66132
2011-07-29 00:00:00,246.704
2011-07-29 01:00:00,227.55739
2011-07-29 02:00:00,107.72776
2011-07-29 03:00:00,107.72776
2011-07-29 04:00:00,123.35518
2011-07-29 05:00:00,85.71936
2011-07-29 06:00:00,214.38206
2011-07-29 07:00:00,312.96548
2011-07-29 08:00:00,306.39316
2011-07-29 09:00:00,302.56378
2011-07-29 10:00:00,340.27777
2011-07-29 11:00:00,311.7895
2011-07-29 12:00:00,252.28133
2011-07-29 13:00:00,380.45288
2011-07-29 14:00:00,292.04947
2011-07-29 15:00:00,301.3757
2011-07-29 16:00:00,256.0876
2011-07-29 17:00:00,207.66454
2011-07-29 18:00:00,272.8593
2011-07-29 19:00:00,350.0722
2011-07-29 20:00:00,242.54247
2011-07-29 21:00:00,293.36475
2011-07-29 22:00:00,306.0601
2011-07-29 23:00:00,201.46922
2011-07-30 00:00:00,327.6103
2011-07-30 01:00:00,233.06313
2011-07-30 02:00:00,249.93388
2011-07-30 03:00:00,248.07582
2011-07-30 04:00:00,237.22725
2011-07-30 05:00:00,220.73793
2011-07-30 06:00:00,224.00237
2011-07-30 07:00:00,241.55113
2011-07-30 08:00:00,338.9969
2011-07-30 09:00:00,473.77814
2011-07-30 10:00:00,511.7362
2011-07-30 11:00:00,478.2431
2011-07-30 12:00:00,475.63446
2011-07-30 13:00:00,424.6076
2011-07-30 14:00:00,375.48596
2011-07-30 15:00:00,362.6847
2011-07-30 16:00:00,420.23236
2011-07-30 17:00:00,327.53674
2011-07-30 18:00:00,424.7595
2011-07-30 19:00:00,723.6185
2011-07-30 20:00:00,370.42963
2011-07-30 21:00:00,363.04837
2011-07-30 22:00:00,264.7564
2011-07-30 23:00:00,233.06313
2011-07-31 00:00:00,233.06313
2011-07-31 01:00:00,314.50964
2011-07-31 02:00:00,201.82251
2011-07-31 03:00:00,145.99727
2011-07-31 04:00:00,180.91415
2011-07-31 05:00:00,173.0978
2011-07-31 06:00:00,178.52055
2011-07-31 07:00:00,239.88457
2011-07-31 08:00:00,363.07666
2011-07-31 09:00:00,456.17264
2011-07-31 10:00:00,460.50995
2011-07-31 11:00:00,401.4879
2011-07-31 12:00:00,374.45813
2011-07-31 13:00:00,315.5729
2011-07-31 14:00:00,331.54535
2011-07-31 15:00:00,467.8329
2011-07-31 16:00:00,462.59686
2011-07-31 17:00:00,376.77487
2011-07-31 18:00:00,478.49948
2011-07-31 19:00:00,398.41595
2011-07-31 20:00:00,398.41595
2011-07-31 21:00:00,322.8047
2011-07-31 22:00:00,218.66368
2011-07-31 23:00:00,232.29506
2011-08-20 00:00:00,61.476322
2011-08-20 01:00:00,68.946976
2011-08-20 02:00:00,119.297775
2011-08-20 03:00:00,119.297775
2011-08-20 04:00:00,77.278755
2011-08-20 05:00:00,61.357704
2011-08-20 06:00:00,119.43612
2011-08-20 07:00:00,68.946976
2011-08-20 08:00:00,163.36446
2011-08-20 09:00:00,155.33861
2011-08-20 10:00:00,247.43752
2011-08-20 11:00:00,113.52286
2011-08-20 12:00:00,239.88457
2011-08-20 13:00:00,269.36084
2011-08-20 14:00:00,395.59686
2011-08-20 15:00:00,523.2596
2011-08-20 16:00:00,469.933
2011-08-20 17:00:00,395.59686
2011-08-20 18:00:00,352.84875
2011-08-20 19:00:00,251.48293
2011-08-20 20:00:00,261.1999
2011-08-20 21:00:00,225.10226
2011-08-20 22:00:00,200.12663
2011-08-20 23:00:00,129.01349
2011-08-21 00:00:00,138.93636
2011-08-21 01:00:00,107.378296
2011-08-21 02:00:00,108.7244
2011-08-21 03:00:00,88.700745
2011-08-21 04:00:00,108.096375
2011-08-21 05:00:00,109.672264
2011-08-21 06:00:00,75.99082
2011-08-21 07:00:00,104.56132
2011-08-21 08:00:00,107.1944
2011-08-21 09:00:00,171.75719
2011-08-21 10:00:00,204.13869
2011-08-21 11:00:00,286.0292
2011-08-21 12:00:00,328.42993
2011-08-21 13:00:00,432.11
2011-08-21 14:00:00,266.72556
2011-08-21 15:00:00,117.99481
2011-08-21 16:00:00,145.0192
2011-08-21 17:00:00,140.80489
2011-08-21 18:00:00,120.84634
2011-08-21 19:00:00,218.49263
2011-08-21 20:00:00,109.447525
2011-08-21 21:00:00,109.447525
2011-08-21 22:00:00,136.42966
2011-08-21 23:00:00,148.94035
2011-08-22 00:00:00,138.4211
2011-08-22 01:00:00,85.38923
2011-08-22 02:00:00,197.25908
2011-08-22 03:00:00,153.02007
2011-08-22 04:00:00,191.48947
2011-08-22 05:00:00,211.64128
2011-08-22 06:00:00,247.15688
2011-08-22 07:00:00,244.95467
2011-08-22 08:00:00,244.95467
2011-08-22 09:00:00,264.51755
2011-08-22 10:00:00,302.71643
2011-08-22 11:00:00,446.6493
2011-08-22 12:00:00,502.3628
2011-08-22 13:00:00,585.24896
2011-08-22 14:00:00,582.0687
2011-08-22 15:00:00,500.02142
2011-08-22 16:00:00,582.0687
2011-08-22 17:00:00,633.85547
2011-08-22 18:00:00,541.3517
2011-08-22 19:00:00,446.77325
2011-08-22 20:00:00,390.75
2011-08-22 21:00:00,474.14545
2011-08-22 22:00:00,487.95795
2011-08-22 23:00:00,482.4744
2011-08-23 00:00:00,361.74557
2011-08-23 01:00:00,181.91432
2011-08-23 02:00:00,235.14229
2011-08-23 03:00:00,172.51254
2011-08-23 04:00:00,289.93146
2011-08-23 05:00:00,315.72076
2011-08-23 06:00:00,334.07645
2011-08-23 07:00:00,177.9692
2011-08-23 08:00:00,281.0306
2011-08-23 09:00:00,226.89966
2011-08-23 10:00:00,211.4038
2011-08-23 11:00:00,198.3083
2011-08-23 12:00:00,244.54045
2011-08-23 13:00:00,354.74927
2011-08-23 14:00:00,337.09412
2011-08-23 15:00:00,262.79437
2011-08-23 16:00:00,286.97
2011-08-23 17:00:00,262.79437
2011-08-23 18:00:00,285.62894
2011-08-23 19:00:00,221.06548
2011-08-23 20:00:00,222.93889
2011-08-23 21:00:00,203.12651
2011-08-23 22:00:00,185.90526
2011-08-23 23:00:00,180.90894
2011-08-24 00:00:00,185.90526
2011-08-24 01:00:00,184.52753
2011-08-24 02:00:00,240.48042
2011-08-24 03:00:00,240.48042
2011-08-24 04:00:00,104.82665
2011-08-24 05:00:00,104.82665
2011-08-24 06:00:00,127.21734
2011-08-24 07:00:00,175.68774
2011-08-24 08:00:00,193.20863
2011-08-24 09:00:00,165.34778
2011-08-24 10:00:00,293.61792
2011-08-24 11:00:00,344.51758
2011-08-24 12:00:00,316.94147
2011-08-24 13:00:00,298.62384
2011-08-24 14:00:00,298.62384
2011-08-24 15:00:00,343.9231
2011-08-24 16:00:00,318.40457
2011-08-24 17:00:00,195.0536
2011-08-24 18:00:00,369.70428
2011-08-24 19:00:00,369.70428
2011-08-24 20:00:00,344.47485
2011-08-24 21:00:00,248.94667
2011-08-24 22:00:00,303.5774
2011-08-24 23:00:00,270.5736
2011-08-25 00:00:00,144.92133
2011-08-25 01:00:00,213.09349
2011-08-25 02:00:00,213.09349
2011-08-25 03:00:00,139.73906
2011-08-25 04:00:00,291.11786
2011-08-25 05:00:00,307.33484
2011-08-25 06:00:00,267.88214
2011-08-25 07:00:00,146.26573
2011-08-25 08:00:00,241.25053
2011-08-25 09:00:00,237.60106
2011-08-25 10:00:00,219.3658
2011-08-25 11:00:00,451.93
2011-08-25 12:00:00,451.93
2011-08-25 13:00:00,96.4072
2011-08-25 14:00:00,318.7503
2011-08-25 15:00:00,347.37567
2011-08-25 16:00:00,85.71936
2011-08-25 17:00:00,85.71936
2011-08-25 18:00:00,300.20734
2011-08-25 19:00:00,168.50987
2011-08-25 20:00:00,330.54437
2011-08-25 21:00:00,122.498726
2011-08-25 22:00:00,90.887886
2011-08-25 23:00:00,81.783875
2011-08-26 00:00:00,113.87846
2011-08-26 01:00:00,90.887886
2011-08-26 02:00:00,100.710014
2011-08-26 03:00:00,63.338783
2011-08-26 04:00:00,56.01357
2011-08-26 05:00:00,121.200325
2011-08-26 06:00:00,56.01357
2011-08-26 07:00:00,84.06217
2011-08-26 08:00:00,83.98322
2011-08-26 09:00:00,117.91599
2011-08-26 10:00:00,251.82802
2011-08-26 11:00:00,317.01752
2011-08-26 12:00:00,286.74426
2011-08-26 13:00:00,261.73535
2011-08-26 14:00:00,202.37962
2011-08-26 15:00:00,266.08554
2011-08-26 16:00:00,333.1244
2011-08-26 17:00:00,301.7649
2011-08-26 18:00:00,262.6599
2011-08-26 19:00:00,124.16505
2011-08-26 20:00:00,106.01989
2011-08-26 21:00:00,220.01903
2011-08-26 22:00:00,124.16505
2011-08-26 23:00:00,83.73473
2011-08-27 00:00:00,116.10368
2011-08-27 01:00:00,100.543045
2011-08-27 02:00:00,107.67646
2011-08-27 03:00:00,115.34652
2011-08-27 04:00:00,115.34652
2011-08-27 05:00:00,175.13673
2011-08-27 06:00:00,175.13673
2011-08-27 07:00:00,203.43216
2011-08-27 08:00:00,130.31622
2011-08-27 09:00:00,108.75147
2011-08-27 10:00:00,81.12679
2011-08-27 11:00:00,129.22449
2011-08-27 12:00:00,33.117935
2011-08-27 13:00:00,271.02722
2011-08-27 14:00:00,62.508457
2011-08-27 15:00:00,62.508457
2011-08-27 16:00:00,62.523327
2011-08-27 17:00:00,362.7413
2011-08-28 07:00:00,281.8921
2011-08-28 08:00:00,89.9794
2011-08-28 09:00:00,58.413002
2011-08-28 10:00:00,341.7821
2011-08-28 11:00:00,340.5005
2011-08-28 12:00:00,348.15225
2011-08-28 13:00:00,484.67917
2011-08-28 14:00:00,767.8674
2011-08-28 15:00:00,570.50323
2011-08-28 16:00:00,556.1093
2011-08-28 17:00:00,642.8191
2011-08-28 18:00:00,667.9121
2011-08-28 19:00:00,274.2329
2011-08-28 20:00:00,330.09128
2011-08-28 21:00:00,262.2821
2011-08-28 22:00:00,115.2956
2011-08-28 23:00:00,109.62231
2011-08-29 00:00:00,119.498116
2011-08-29 01:00:00,221.25117
2011-08-29 02:00:00,166.2238
2011-08-29 03:00:00,221.25117
2011-08-29 04:00:00,260.61316
2011-08-29 05:00:00,126.093025
2011-08-29 06:00:00,126.093025
2011-08-29 07:00:00,203.47084
2011-08-29 08:00:00,215.58699
2011-08-29 09:00:00,208.04951
2011-08-29 10:00:00,310.5122
2011-08-29 11:00:00,193.24834
2011-08-29 12:00:00,339.439
2011-08-29 13:00:00,222.83812
2011-08-29 14:00:00,181.93936
2011-08-29 15:00:00,403.98242
2011-08-29 16:00:00,441.38824
2011-08-29 17:00:00,269.06836
2011-08-29 18:00:00,309.94882
2011-08-29 19:00:00,309.94882
2011-08-29 20:00:00,181.08815
2011-08-29 21:00:00,179.4684
2011-08-29 22:00:00,185.90526
2011-08-29 23:00:00,176.73059
2011-08-30 00:00:00,126.093025
2011-08-30 01:00:00,221.0608
2011-08-30 02:00:00,111.391815
2011-08-30 03:00:00,193.98302
2011-08-30 04:00:00,106.421776
2011-08-30 05:00:00,98.22976
2011-08-30 06:00:00,111.391815
2011-08-30 07:00:00,260.61316
2011-08-30 08:00:00,185.90526
2011-08-30 09:00:00,221.06548
2011-08-30 10:00:00,405.60263
2011-08-30 11:00:00,378.20282
2011-08-30 12:00:00,239.61159
2011-08-30 13:00:00,218.4795
2011-08-30 14:00:00,258.14426
2011-08-30 15:00:00,281.3969
2011-08-30 16:00:00,365.2475
2011-08-30 17:00:00,518.0673
2011-08-30 18:00:00,296.45355
2011-08-30 19:00:00,120.92216
2011-08-30 20:00:00,158.67805
2011-08-30 21:00:00,178.11067
2011-08-30 22:00:00,178.95564
2011-08-30 23:00:00,178.95564
2011-08-31 00:00:00,91.39292
2011-08-31 01:00:00,91.39292
2011-08-31 02:00:00,127.21731
2011-08-31 03:00:00,146.97896
2011-08-31 04:00:00,127.21731
2011-08-31 05:00:00,77.86184
2011-08-31 06:00:00,151.67288
2011-08-31 07:00:00,115.96371
2011-08-31 08:00:00,94.06519
2011-08-31 09:00:00,158.42622
2011-08-31 10:00:00,193.27396
2011-08-31 11:00:00,359.14078
2011-08-31 12:00:00,362.97684
2011-08-31 13:00:00,293.61362
2011-08-31 14:00:00,416.9557
2011-08-31 15:00:00,416.9557
2011-08-31 16:00:00,390.7274
2011-08-31 17:00:00,261.66232
2011-08-31 18:00:00,266.624
2011-08-31 19:00:00,303.2434
2011-08-31 20:00:00,184.35188
2011-08-31 21:00:00,186.32214
2011-08-31 22:00:00,104.84343
2011-08-31 23:00:00,93.24446
2011-09-20 00:00:00,238.47075
2011-09-20 01:00:00,124.15078
2011-09-20 02:00:00,124.15078
2011-09-20 03:00:00,125.49858
2011-09-20 04:00:00,78.8096
2011-09-20 05:00:00,122.212654
2011-09-20 06:00:00,122.212654
2011-09-20 07:00:00,124.15078
2011-09-20 08:00:00,124.67149
2011-09-20 09:00:00,107.21717
2011-09-20 10:00:00,93.652336
2011-09-20 11:00:00,93.652336
2011-09-20 12:00:00,106.02681
2011-09-20 13:00:00,101.9596
2011-09-20 14:00:00,131.3828
2011-09-20 15:00:00,155.63213
2011-09-20 16:00:00,146.86717
2011-09-20 17:00:00,88.68891
2011-09-20 18:00:00,88.68891
2011-09-20 19:00:00,70.72059
2011-09-20 20:00:00,62.098038
2011-09-20 21:00:00,62.098038
2011-09-20 22:00:00,62.098038
2011-09-20 23:00:00,62.098038
2011-09-21 00:00:00,60.563717
2011-09-21 01:00:00,71.67283
2011-09-21 02:00:00,71.67283
2011-09-21 03:00:00,79.57836
2011-09-21 04:00:00,78.95798
2011-09-21 05:00:00,81.99033
2011-09-21 06:00:00,76.83398
2011-09-21 07:00:00,76.83398
2011-09-21 08:00:00,70.21218
2011-09-21 09:00:00,63.48299
2011-09-21 10:00:00,111.104164
2011-09-21 11:00:00,166.4911
2011-09-21 12:00:00,157.70181
2011-09-21 13:00:00,232.72008
2011-09-21 14:00:00,240.60039
2011-09-21 15:00:00,257.27695
2011-09-21 16:00:00,257.27695
2011-09-21 17:00:00,181.6473
2011-09-21 18:00:00,147.05748
2011-09-21 19:00:00,100.59777
2011-09-21 20:00:00,100.59777
2011-09-21 21:00:00,62.02974
2011-09-21 22:00:00,119.74602
2011-09-21 23:00:00,69.23773
2011-09-22 00:00:00,69.23773
2011-09-22 01:00:00,89.50731
2011-09-22 02:00:00,89.48029
2011-09-22 03:00:00,89.50733
2011-09-22 04:00:00,89.50733
2011-09-22 05:00:00,89.48029
2011-09-22 06:00:00,76.47366
2011-09-22 07:00:00,62.867287
2011-09-22 08:00:00,100.650475
2011-09-22 09:00:00,138.86165
2011-09-22 10:00:00,139.10861
2011-09-22 11:00:00,145.43202
2011-09-22 12:00:00,170.30238
2011-09-22 13:00:00,152.3609
2011-09-22 14:00:00,144.19115
2011-09-22 15:00:00,264.88937
2011-09-22 16:00:00,232.12079
2011-09-22 17:00:00,172.10017
2011-09-22 18:00:00,151.23538
2011-09-22 19:00:00,142.45613
2011-09-22 20:00:00,113.20025
2011-09-22 21:00:00,142.45613
2011-09-22 22:00:00,87.8126
2011-09-22 23:00:00,119.74602
2011-09-23 00:00:00,241.4397
2011-09-23 01:00:00,79.92126
2011-09-23 02:00:00,103.994835
2011-09-23 03:00:00,79.92126
2011-09-23 04:00:00,67.373146
2011-09-23 05:00:00,42.61148
2011-09-23 06:00:00,241.4397
2011-09-23 07:00:00,162.83841
2011-09-23 08:00:00,162.83841
2011-09-23 09:00:00,151.74425
2011-09-23 10:00:00,229.37776
2011-09-23 11:00:00,229.37775
2011-09-23 12:00:00,323.3429
2011-09-23 13:00:00,187.91173
2011-09-23 14:00:00,187.91173
2011-09-23 15:00:00,323.34296
2011-09-23 16:00:00,116.56133
2011-09-23 17:00:00,79.92126
2011-09-23 18:00:00,73.04146
2011-09-23 19:00:00,147.43224
2011-09-23 20:00:00,170.97348
2011-09-23 21:00:00,80.036385
2011-09-23 22:00:00,90.56165
2011-09-23 23:00:00,109.72534
2011-09-24 00:00:00,62.432938
2011-09-24 01:00:00,155.85602
2011-09-24 02:00:00,155.85602
2011-09-24 03:00:00,69.860115
2011-09-24 04:00:00,98.78886
2011-09-24 05:00:00,158.728
2011-09-24 06:00:00,158.728
2011-09-24 07:00:00,196.54912
2011-09-24 08:00:00,192.85776
2011-09-24 09:00:00,217.46503
2011-09-24 10:00:00,217.46503
2011-09-24 11:00:00,271.68365
2011-09-24 12:00:00,271.68365
2011-09-24 13:00:00,165.87532
2011-09-24 14:00:00,492.7278
2011-09-24 15:00:00,492.7278
2011-09-24 16:00:00,359.7373
2011-09-24 17:00:00,243.38033
2011-09-24 18:00:00,223.1859
2011-09-24 19:00:00,85.62826
2011-09-24 20:00:00,115.548515
2011-09-24 21:00:00,188.25645
2011-09-24 22:00:00,94.82845
2011-09-24 23:00:00,217.46503
2011-09-25 00:00:00,86.52399
2011-09-25 01:00:00,214.02582
2011-09-25 02:00:00,46.288567
2011-09-25 03:00:00,46.288567
2011-09-25 04:00:00,297.4198
2011-09-25 05:00:00,157.24562
2011-09-25 06:00:00,214.02582
2011-09-25 07:00:00,133.25594
2011-09-25 08:00:00,94.82845
2011-09-25 09:00:00,170.5297
2011-09-25 10:00:00,170.5297
2011-09-25 11:00:00,467.33887
2011-09-25 12:00:00,381.9792
2011-09-25 13:00:00,476.66327
2011-09-25 14:00:00,381.9792
2011-09-25 15:00:00,381.9792
2011-09-25 16:00:00,188.13103
2011-09-25 17:00:00,176.95467
2011-09-25 18:00:00,176.95467
2011-09-25 19:00:00,218.92845
2011-09-25 20:00:00,185.83711
2011-09-25 21:00:00,111.67118
2011-09-25 22:00:00,158.98795
2011-09-25 23:00:00,168.51302
2011-09-26 00:00:00,42.61148
2011-09-26 01:00:00,352.08075
2011-09-26 02:00:00,352.08075
2011-09-26 03:00:00,42.611443
2011-09-26 04:00:00,241.43973
2011-09-26 05:00:00,27.851088
2011-09-26 06:00:00,241.4397
2011-09-26 07:00:00,42.61148
2011-09-26 08:00:00,42.61148
2011-09-26 09:00:00,201.09488
2011-09-26 10:00:00,201.09488
2011-09-26 11:00:00,277.50873
2011-09-26 12:00:00,378.48004
2011-09-26 13:00:00,376.7024
2011-09-26 14:00:00,496.50262
2011-09-26 15:00:00,526.6533
2011-09-26 16:00:00,559.19495
2011-09-26 17:00:00,524.214
2011-09-26 18:00:00,232.54953
2011-09-26 19:00:00,246.42317
2011-09-26 20:00:00,165.97652
2011-09-26 21:00:00,165.97652
2011-09-26 22:00:00,147.43224
2011-09-26 23:00:00,147.43224
2011-09-27 00:00:00,147.43224
2011-09-27 01:00:00,91.26783
2011-09-27 02:00:00,152.14859
2011-09-27 03:00:00,42.61148
2011-09-27 04:00:00,399.88187
2011-09-27 05:00:00,399.88187
2011-09-27 06:00:00,247.02675
2011-09-27 07:00:00,247.02675
2011-09-27 08:00:00,409.90814
2011-09-27 09:00:00,249.74663
2011-09-27 10:00:00,213.47774
2011-09-27 11:00:00,416.1101
2011-09-27 12:00:00,313.6416
2011-09-27 13:00:00,375.5912
2011-09-27 14:00:00,435.87646
2011-09-27 15:00:00,399.41788
2011-09-27 16:00:00,308.13495
2011-09-27 17:00:00,193.62967
2011-09-27 18:00:00,238.02754
2011-09-27 19:00:00,286.5178
2011-09-27 20:00:00,137.59004
2011-09-27 21:00:00,153.31549
2011-09-27 22:00:00,206.03587
2011-09-27 23:00:00,206.03587
2011-09-28 00:00:00,233.3293
2011-09-28 01:00:00,233.3293
2011-09-28 02:00:00,217.66301
2011-09-28 03:00:00,214.43593
2011-09-28 04:00:00,233.3293
2011-09-28 05:00:00,50.70697
2011-09-28 06:00:00,154.0487
2011-09-28 07:00:00,154.0487
2011-09-28 08:00:00,134.6953
2011-09-28 09:00:00,134.6953
2011-09-28 10:00:00,42.61148
2011-09-28 11:00:00,357.50073
2011-09-28 12:00:00,108.75799
2011-09-28 13:00:00,357.28333
2011-09-28 14:00:00,391.71753
2011-09-28 15:00:00,524.214
2011-09-28 16:00:00,477.84888
2011-09-28 17:00:00,460.7035
2011-09-28 18:00:00,243.72394
2011-09-28 19:00:00,243.72388
2011-09-28 20:00:00,106.73629
2011-09-28 21:00:00,114.3883
2011-09-28 22:00:00,206.03587
2011-09-28 23:00:00,137.64748
2011-09-29 00:00:00,76.60577
2011-09-29 01:00:00,119.768745
2011-09-29 02:00:00,119.768745
2011-09-29 03:00:00,206.65779
2011-09-29 04:00:00,222.94876
2011-09-29 05:00:00,297.75708
2011-09-29 06:00:00,331.17065
2011-09-29 07:00:00,157.5611
2011-09-29 08:00:00,153.31549
2011-09-29 09:00:00,216.53912
2011-09-29 10:00:00,623.86084
2011-09-29 11:00:00,529.1858
2011-09-29 12:00:00,649.2317
2011-09-29 13:00:00,602.1745
2011-09-29 14:00:00,441.81583
2011-09-29 15:00:00,263.26785
2011-09-29 16:00:00,304.5837
2011-09-29 17:00:00,379.84747
2011-09-29 18:00:00,396.85303
2011-09-29 19:00:00,224.12315
2011-09-29 20:00:00,270.70786
2011-09-29 21:00:00,320.6115
2011-09-29 22:00:00,342.85214
2011-09-29 23:00:00,226.97755
2011-09-30 00:00:00,176.15544
2011-09-30 01:00:00,251.39877
2011-09-30 02:00:00,176.15544
2011-09-30 03:00:00,176.15536
2011-09-30 04:00:00,139.90254
2011-09-30 05:00:00,139.9026
2011-09-30 06:00:00,212.09752
2011-09-30 07:00:00,212.09752
2011-09-30 08:00:00,195.77733
2011-09-30 09:00:00,237.42757
2011-09-30 10:00:00,378.28656
2011-09-30 11:00:00,498.6787
2011-09-30 12:00:00,224.53166
2011-09-30 13:00:00,309.20596
2011-09-30 14:00:00,280.42258
2011-09-30 15:00:00,418.12372
2011-09-30 16:00:00,360.03717
2011-09-30 17:00:00,329.2247
2011-09-30 18:00:00,189.48653
2011-09-30 19:00:00,142.19054
2011-09-30 20:00:00,142.19054
2011-09-30 21:00:00,221.27919
2011-09-30 22:00:00,131.48901
2011-09-30 23:00:00,131.48901
2011-10-20 00:00:00,179.09706
2011-10-20 01:00:00,159.18965
2011-10-20 02:00:00,171.94444
2011-10-20 03:00:00,193.59146
2011-10-20 04:00:00,193.59146
2011-10-20 05:00:00,215.55122
2011-10-20 06:00:00,233.06752
2011-10-20 07:00:00,238.44029
2011-10-20 08:00:00,296.8503
2011-10-20 09:00:00,217.1244
2011-10-20 10:00:00,102.95618
2011-10-20 11:00:00,256.3667
2011-10-20 12:00:00,261.40738
2011-10-20 13:00:00,295.96484
2011-10-20 14:00:00,305.39554
2011-10-20 15:00:00,224.05121
2011-10-20 16:00:00,224.05121
2011-10-20 17:00:00,228.03203
2011-10-20 18:00:00,109.67712
2011-10-20 19:00:00,254.05284
2011-10-20 20:00:00,177.21886
2011-10-20 21:00:00,127.1896
2011-10-20 22:00:00,210.29901
2011-10-20 23:00:00,197.245
2011-10-21 00:00:00,106.17184
2011-10-21 01:00:00,135.10274
2011-10-21 02:00:00,162.23438
2011-10-21 03:00:00,90.44778
2011-10-21 04:00:00,118.25283
2011-10-21 05:00:00,102.01038
2011-10-21 06:00:00,118.25283
2011-10-21 07:00:00,118.25283
2011-10-21 08:00:00,206.16487
2011-10-21 09:00:00,211.33635
2011-10-21 10:00:00,190.57596
2011-10-21 11:00:00,222.01506
2011-10-21 12:00:00,171.40414
2011-10-21 13:00:00,141.69179
2011-10-21 14:00:00,273.40994
2011-10-21 15:00:00,177.53888
2011-10-21 16:00:00,199.74231
2011-10-21 17:00:00,173.378
2011-10-21 18:00:00,198.1006
2011-10-21 19:00:00,262.2042
2011-10-21 20:00:00,179.51482
2011-10-21 21:00:00,253.73997
2011-10-21 22:00:00,207.34074
2011-10-21 23:00:00,135.10274
2011-10-22 00:00:00,204.63417
2011-10-22 01:00:00,204.63417
2011-10-22 02:00:00,287.89633
2011-10-22 03:00:00,198.3247
2011-10-22 04:00:00,198.31168
2011-10-22 05:00:00,184.39827
2011-10-22 06:00:00,146.33525
2011-10-22 07:00:00,115.39968
2011-10-22 08:00:00,163.84491
2011-10-22 09:00:00,247.38037
2011-10-22 10:00:00,305.5299
2011-10-22 11:00:00,305.5299
2011-10-22 12:00:00,343.5523
2011-10-22 13:00:00,758.8078
2011-10-22 14:00:00,251.90123
2011-10-22 15:00:00,238.43979
2011-10-22 16:00:00,382.00073
2011-10-22 17:00:00,239.7116
2011-10-22 18:00:00,319.3902
2011-10-22 19:00:00,234.957
2011-10-22 20:00:00,221.06206
2011-10-22 21:00:00,143.51817
2011-10-22 22:00:00,143.51817
2011-10-22 23:00:00,130.14186
2011-10-23 00:00:00,81.17095
2011-10-23 01:00:00,81.17095
2011-10-23 02:00:00,88.67943
2011-10-23 03:00:00,77.03921
2011-10-23 04:00:00,77.03921
2011-10-23 05:00:00,72.92224
2011-10-23 06:00:00,61.61805
2011-10-23 07:00:00,88.67943
2011-10-23 08:00:00,78.61136
2011-10-23 09:00:00,143.51817
2011-10-23 10:00:00,216.00243
2011-10-23 11:00:00,151.08496
2011-10-23 12:00:00,199.70479
2011-10-23 13:00:00,209.87914
2011-10-23 14:00:00,228.35316
2011-10-23 15:00:00,271.61166
2011-10-23 16:00:00,209.87914
2011-10-23 17:00:00,305.253
2011-10-23 18:00:00,245.69785
2011-10-23 19:00:00,130.43169
2011-10-23 20:00:00,216.68996
2011-10-23 21:00:00,216.68996
2011-10-23 22:00:00,162.81744
2011-10-23 23:00:00,118.00508
2011-10-24 00:00:00,149.9473
2011-10-24 01:00:00,79.10015
2011-10-24 02:00:00,71.86122
2011-10-24 03:00:00,80.387215
2011-10-24 04:00:00,82.298454
2011-10-24 05:00:00,81.17908
2011-10-24 06:00:00,71.86122
2011-10-24 07:00:00,143.61778
2011-10-24 08:00:00,178.95406
2011-10-24 09:00:00,131.03624
2011-10-24 10:00:00,167.69662
2011-10-24 11:00:00,331.44684
2011-10-24 12:00:00,334.18
2011-10-24 13:00:00,218.985
2011-10-24 14:00:00,216.35191
2011-10-24 15:00:00,387.12555
2011-10-24 16:00:00,340.5606
2011-10-24 17:00:00,248.1279
2011-10-24 18:00:00,438.37845
2011-10-24 19:00:00,294.13138
2011-10-24 20:00:00,183.11095
2011-10-24 21:00:00,91.61261
2011-10-24 22:00:00,162.48201
2011-10-24 23:00:00,216.61797
2011-10-25 00:00:00,185.31763
2011-10-25 01:00:00,185.31763
2011-10-25 02:00:00,75.73818
2011-10-25 03:00:00,76.68423
2011-10-25 04:00:00,62.947933
2011-10-25 05:00:00,62.947933
2011-10-25 06:00:00,61.14789
2011-10-25 07:00:00,153.86674
2011-10-25 08:00:00,133.84586
2011-10-25 09:00:00,176.73738
2011-10-25 10:00:00,170.42638
2011-10-25 11:00:00,155.82089
2011-10-25 12:00:00,272.93472
2011-10-25 13:00:00,337.32156
2011-10-25 14:00:00,405.30746
2011-10-25 15:00:00,235.92493
2011-10-25 16:00:00,423.3682
2011-10-25 17:00:00,235.92493
2011-10-25 18:00:00,220.72017
2011-10-25 19:00:00,167.98088
2011-10-25 20:00:00,246.85387
2011-10-25 21:00:00,172.55135
2011-10-25 22:00:00,139.10934
2011-10-25 23:00:00,172.55135
2011-10-26 00:00:00,154.5802
2011-10-26 01:00:00,85.92574
2011-10-26 02:00:00,162.54774
2011-10-26 03:00:00,100.53498
2011-10-26 04:00:00,119.389336
2011-10-26 05:00:00,118.16681
2011-10-26 06:00:00,118.16681
2011-10-26 07:00:00,157.52199
2011-10-26 08:00:00,241.95338
2011-10-26 09:00:00,189.21461
2011-10-26 10:00:00,178.26773
2011-10-26 11:00:00,161.23862
2011-10-26 12:00:00,399.4161
2011-10-26 13:00:00,304.58884
2011-10-26 14:00:00,273.26132
2011-10-26 15:00:00,273.26132
2011-10-26 16:00:00,230.25716
2011-10-26 17:00:00,217.43663
2011-10-26 18:00:00,169.69385
2011-10-26 19:00:00,147.56497
2011-10-26 20:00:00,117.693214
2011-10-26 21:00:00,273.26132
2011-10-26 22:00:00,180.27562
2011-10-26 23:00:00,180.27562
2011-10-27 00:00:00,94.594345
2011-10-27 01:00:00,94.594345
2011-10-27 02:00:00,115.206375
2011-10-27 03:00:00,115.20637
2011-10-27 04:00:00,261.8301
2011-10-27 05:00:00,59.240578
2011-10-27 06:00:00,244.75726
2011-10-27 07:00:00,96.13416
2011-10-27 08:00:00,87.02964
2011-10-27 09:00:00,139.68816
2011-10-27 10:00:00,132.4468
2011-10-27 11:00:00,75.542984
2011-10-27 12:00:00,75.542984
2011-10-27 13:00:00,185.82317
2011-10-27 14:00:00,79.48757
2011-10-27 15:00:00,199.34969
2011-10-27 16:00:00,334.11285
2011-10-27 17:00:00,110.97921
2011-10-27 18:00:00,119.924995
2011-10-27 19:00:00,130.98969
2011-10-27 20:00:00,248.67642
2011-10-27 21:00:00,264.76886
2011-10-27 22:00:00,174.99422
2011-10-27 23:00:00,242.39937
2011-10-28 00:00:00,158.75386
2011-10-28 01:00:00,135.42555
2011-10-28 02:00:00,119.06917
2011-10-28 03:00:00,109.2745
2011-10-28 04:00:00,101.183975
2011-10-28 05:00:00,207.72658
2011-10-28 06:00:00,115.883934
2011-10-28 07:00:00,115.883934
2011-10-28 08:00:00,127.72416
2011-10-28 09:00:00,157.68011
2011-10-28 10:00:00,184.49913
2011-10-28 11:00:00,267.2321
2011-10-28 12:00:00,203.44325
2011-10-28 13:00:00,245.49937
2011-10-28 14:00:00,197.97794
2011-10-28 15:00:00,129.54465
2011-10-28 16:00:00,195.02434
2011-10-28 17:00:00,188.61914
2011-10-28 18:00:00,186.38124
2011-10-28 19:00:00,188.61914
2011-10-28 20:00:00,77.6034
2011-10-28 21:00:00,20.801935
2011-10-28 22:00:00,47.674988
2011-10-28 23:00:00,15.849365
2011-10-29 00:00:00,16.966406
2011-10-29 01:00:00,15.024385
2011-10-29 02:00:00,15.024385
2011-10-29 03:00:00,18.018358
2011-10-29 04:00:00,18.018358
2011-10-29 05:00:00,25.542725
2011-10-29 06:00:00,21.005846
2011-10-29 07:00:00,21.005846
2011-10-29 08:00:00,17.823748
2011-10-29 09:00:00,17.823748
2011-10-29 10:00:00,23.665695
2011-10-29 11:00:00,24.361591
2011-10-29 12:00:00,27.250195
2011-10-29 13:00:00,25.152273
2011-10-29 14:00:00,33.28317
2011-10-29 15:00:00,24.774515
2011-10-29 16:00:00,28.72219
2011-10-29 17:00:00,28.72219
2011-10-29 18:00:00,28.72219
2011-10-29 19:00:00,37.055267
2011-10-29 20:00:00,37.055267
2011-10-29 21:00:00,37.0553
2011-10-29 22:00:00,51.869793
2011-10-29 23:00:00,44.702286
2011-10-30 00:00:00,51.869793
2011-10-30 01:00:00,81.74038
2011-10-30 02:00:00,63.313915
2011-10-30 03:00:00,31.675867
2011-10-30 04:00:00,32.07767
2011-10-30 05:00:00,33.00114
2011-10-30 06:00:00,47.789406
2011-10-30 07:00:00,52.631092
2011-10-30 08:00:00,77.03814
2011-10-30 09:00:00,85.58282
2011-10-30 10:00:00,99.848175
2011-10-30 11:00:00,165.94719
2011-10-30 12:00:00,220.24254
2011-10-30 13:00:00,379.9878
2011-10-30 14:00:00,517.63586
2011-10-30 15:00:00,541.56433
2011-10-30 16:00:00,440.01776
2011-10-30 17:00:00,448.03937
2011-10-30 18:00:00,284.1267
2011-10-30 19:00:00,234.41014
2011-10-30 20:00:00,197.26402
2011-10-30 21:00:00,85.18564
2011-10-30 22:00:00,58.39376
2011-10-30 23:00:00,11.6366825
2011-10-31 00:00:00,136.38676
2011-10-31 01:00:00,86.44297
2011-10-31 02:00:00,145.41508
2011-10-31 03:00:00,395.5498
2011-10-31 04:00:00,145.41513
2011-10-31 05:00:00,84.111176
2011-10-31 06:00:00,145.41508
2011-10-31 07:00:00,127.06134
2011-10-31 08:00:00,125.76358
2011-10-31 09:00:00,122.10897
2011-10-31 10:00:00,199.87486
2011-10-31 11:00:00,212.94121
2011-10-31 12:00:00,207.5018
2011-10-31 13:00:00,232.25179
2011-10-31 14:00:00,207.31575
2011-10-31 15:00:00,205.89311
2011-10-31 16:00:00,207.34074
2011-10-31 17:00:00,226.53625
2011-10-31 18:00:00,249.47838
2011-10-31 19:00:00,249.47838
2011-10-31 20:00:00,249.47838
2011-10-31 21:00:00,110.04853
2011-10-31 22:00:00,110.04853
2011-10-31 23:00:00,110.04853
2011-11-20 00:00:00,155.60327
2011-11-20 01:00:00,287.89633
2011-11-20 02:00:00,393.54276
2011-11-20 03:00:00,343.55215
2011-11-20 04:00:00,189.75969
2011-11-20 05:00:00,349.51544
2011-11-20 06:00:00,263.60007
2011-11-20 07:00:00,268.26108
2011-11-20 08:00:00,285.98978
2011-11-20 09:00:00,159.3078
2011-11-20 10:00:00,265.78528
2011-11-20 11:00:00,346.27786
2011-11-20 12:00:00,304.49243
2011-11-20 13:00:00,161.99632
2011-11-20 14:00:00,251.22871
2011-11-20 15:00:00,112.652
2011-11-20 16:00:00,299.82855
2011-11-20 17:00:00,118.65908
2011-11-20 18:00:00,162.88991
2011-11-20 19:00:00,287.7732
2011-11-20 20:00:00,348.69403
2011-11-20 21:00:00,243.99355
2011-11-20 22:00:00,80.44808
2011-11-20 23:00:00,80.44808
2011-11-21 00:00:00,36.26131
2011-11-21 01:00:00,57.68138
2011-11-21 02:00:00,42.395386
2011-11-21 03:00:00,38.508118
2011-11-21 04:00:00,38.508118
2011-11-21 05:00:00,81.39668
2011-11-21 06:00:00,98.05929
2011-11-21 07:00:00,188.313
2011-11-21 08:00:00,36.26131
2011-11-21 09:00:00,81.91326
2011-11-21 10:00:00,79.48757
2011-11-21 11:00:00,199.34969
2011-11-21 12:00:00,197.46114
2011-11-21 13:00:00,197.46114
2011-11-21 14:00:00,176.03323
2011-11-21 15:00:00,69.18876
2011-11-21 16:00:00,69.18876
2011-11-21 17:00:00,72.75837
2011-11-21 18:00:00,61.784805
2011-11-21 19:00:00,43.650085
2011-11-21 20:00:00,55.335175
2011-11-21 21:00:00,80.26336
2011-11-21 22:00:00,53.78663
2011-11-21 23:00:00,80.26336
2011-11-22 00:00:00,74.865585
2011-11-22 01:00:00,52.31806
2011-11-22 02:00:00,85.684
2011-11-22 03:00:00,85.684
2011-11-22 04:00:00,70.27203
2011-11-22 05:00:00,70.27203
2011-11-22 06:00:00,143.61778
2011-11-22 07:00:00,41.05731
2011-11-22 08:00:00,41.05731
2011-11-22 09:00:00,117.91174
2011-11-22 10:00:00,117.91174
2011-11-22 11:00:00,52.31806
2011-11-22 12:00:00,74.18365
2011-11-22 13:00:00,63.78492
2011-11-22 14:00:00,63.78492
2011-11-22 15:00:00,113.305565
2011-11-22 16:00:00,113.305565
2011-11-22 17:00:00,62.546257
2011-11-22 18:00:00,89.10906
2011-11-22 19:00:00,43.82834
2011-11-22 20:00:00,193.30907
2011-11-22 21:00:00,282.32925
2011-11-22 22:00:00,174.0569
2011-11-22 23:00:00,240.64644
2011-11-23 00:00:00,240.64644
2011-11-23 01:00:00,306.65366
2011-11-23 02:00:00,56.43918
2011-11-23 03:00:00,56.43915
2011-11-23 04:00:00,37.07237
2011-11-23 05:00:00,189.75952
2011-11-23 06:00:00,81.39668
2011-11-23 07:00:00,102.19327
2011-11-23 08:00:00,81.91326
2011-11-23 09:00:00,166.3283
2011-11-23 10:00:00,166.3283
2011-11-23 11:00:00,114.88244
2011-11-23 12:00:00,190.5153
2011-11-23 13:00:00,190.96083
2011-11-23 14:00:00,183.35222
2011-11-23 15:00:00,228.78532
2011-11-23 16:00:00,177.87294
2011-11-23 17:00:00,131.93117
2011-11-23 18:00:00,179.46623
2011-11-23 19:00:00,111.26035
2011-11-23 20:00:00,177.61018
2011-11-23 21:00:00,275.39676
2011-11-23 22:00:00,247.05716
2011-11-23 23:00:00,190.18019
2011-11-24 00:00:00,26.794199
2011-11-24 01:00:00,28.674038
2011-11-24 02:00:00,11.866963
2011-11-24 03:00:00,26.03744
2011-11-24 04:00:00,21.061853
2011-11-24 05:00:00,21.508146
2011-11-24 06:00:00,21.061853
2011-11-24 07:00:00,16.793169
2011-11-24 08:00:00,16.656748
2011-11-24 09:00:00,54.171944
2011-11-24 10:00:00,59.707905
2011-11-24 11:00:00,443.401
2011-11-24 12:00:00,392.24368
2011-11-24 13:00:00,360.7323
2011-11-24 14:00:00,282.16983
2011-11-24 15:00:00,317.5091
2011-11-24 16:00:00,309.87708
2011-11-24 17:00:00,449.803
2011-11-24 18:00:00,266.97546
2011-11-24 19:00:00,229.62254
2011-11-24 20:00:00,26.919191
2011-11-24 21:00:00,26.498295
2011-11-24 22:00:00,26.498295
2011-11-24 23:00:00,13.368589
2011-11-25 00:00:00,98.54099
2011-11-25 01:00:00,84.14434
2011-11-25 02:00:00,118.48603
2011-11-25 03:00:00,81.9341
2011-11-25 04:00:00,99.429375
2011-11-25 05:00:00,60.15464
2011-11-25 06:00:00,136.16173
2011-11-25 07:00:00,86.44297
2011-11-25 08:00:00,132.22841
2011-11-25 09:00:00,80.32444
2011-11-25 10:00:00,118.25283
2011-11-25 11:00:00,229.69109
2011-11-25 12:00:00,249.38353
2011-11-25 13:00:00,222.01506
2011-11-25 14:00:00,374.49414
2011-11-25 15:00:00,389.9854
2011-11-25 16:00:00,277.59286
2011-11-25 17:00:00,246.00565
2011-11-25 18:00:00,241.1491
2011-11-25 19:00:00,237.69576
2011-11-25 20:00:00,316.6206
2011-11-25 21:00:00,71.86893
2011-11-25 22:00:00,106.37083
2011-11-25 23:00:00,94.7365
2011-11-26 00:00:00,80.59995
2011-11-26 01:00:00,67.051544
2011-11-26 02:00:00,60.582493
2011-11-26 03:00:00,59.1652
2011-11-26 04:00:00,59.1652
2011-11-26 05:00:00,56.89122
2011-11-26 06:00:00,176.66423
2011-11-26 07:00:00,57.976048
2011-11-26 08:00:00,67.051544
2011-11-26 09:00:00,84.698395
2011-11-26 10:00:00,130.1773
2011-11-26 11:00:00,285.0614
2011-11-26 12:00:00,387.78094
2011-11-26 13:00:00,678.41016
2011-11-26 14:00:00,286.92426
2011-11-26 15:00:00,325.00348
2011-11-26 16:00:00,247.47621
2011-11-26 17:00:00,247.47621
2011-11-26 18:00:00,118.01016
2011-11-26 19:00:00,356.7686
2011-11-26 20:00:00,414.74603
2011-11-26 21:00:00,189.36885
2011-11-26 22:00:00,385.4655
2011-11-26 23:00:00,130.1773
2011-11-27 00:00:00,130.1773
2011-11-27 01:00:00,130.1773
2011-11-27 02:00:00,114.4496
2011-11-27 03:00:00,77.03921
2011-11-27 04:00:00,65.60594
2011-11-27 05:00:00,102.8197
2011-11-27 06:00:00,205.69377
2011-11-27 07:00:00,118.826164
2011-11-27 08:00:00,122.417336
2011-11-27 09:00:00,166.9441
2011-11-27 10:00:00,166.9441
2011-11-27 11:00:00,217.12234
2011-11-27 12:00:00,283.37323
2011-11-27 13:00:00,276.49863
2011-11-27 14:00:00,610.2158
2011-11-27 15:00:00,445.99567
2011-11-27 16:00:00,263.61963
2011-11-27 17:00:00,239.64168
2011-11-27 18:00:00,252.21472
2011-11-27 19:00:00,175.95085
2011-11-27 20:00:00,213.42973
2011-11-27 21:00:00,314.8049
2011-11-27 22:00:00,250.91759
2011-11-27 23:00:00,250.91759
2011-11-28 00:00:00,193.33965
2011-11-28 01:00:00,186.57497
2011-11-28 03:00:00,164.66197
2011-11-28 04:00:00,148.2322
2011-11-28 05:00:00,76.68423
2011-11-28 06:00:00,102.65257
2011-11-28 07:00:00,72.804924
2011-11-28 08:00:00,58.049103
2011-11-28 09:00:00,163.86841
2011-11-28 10:00:00,196.0591
2011-11-28 11:00:00,334.18005
2011-11-28 12:00:00,453.3322
2011-11-28 13:00:00,203.03796
2011-11-28 14:00:00,322.98672
2011-11-28 15:00:00,473.42365
2011-11-28 16:00:00,355.66217
2011-11-28 17:00:00,357.63345
2011-11-28 18:00:00,432.93695
2011-11-28 19:00:00,229.37907
2011-11-28 20:00:00,183.55965
2011-11-28 21:00:00,181.8697
2011-11-28 22:00:00,199.34969
2011-11-28 23:00:00,157.26758
2011-11-29 00:00:00,145.3033
2011-11-29 01:00:00,189.30342
2011-11-29 02:00:00,40.543346
2011-11-29 03:00:00,40.543346
2011-11-29 04:00:00,177.46727
2011-11-29 05:00:00,262.66055
2011-11-29 06:00:00,187.0991
2011-11-29 07:00:00,240.05653
2011-11-29 08:00:00,154.10938
2011-11-29 09:00:00,144.97258
2011-11-29 10:00:00,144.97258
2011-11-29 11:00:00,61.475864
2011-11-29 12:00:00,66.65067
2011-11-29 13:00:00,96.26214
2011-11-29 14:00:00,43.65012
2011-11-29 15:00:00,71.62577
2011-11-29 16:00:00,55.33517
2011-11-29 17:00:00,283.4271
2011-11-29 18:00:00,273.2059
2011-11-29 19:00:00,220.70512
2011-11-29 20:00:00,191.96443
2011-11-29 21:00:00,191.96443
2011-11-29 22:00:00,344.74216
2011-11-29 23:00:00,254.79071
2011-11-30 00:00:00,194.57436
2011-11-30 01:00:00,158.96654
2011-11-30 02:00:00,120.09625
2011-11-30 03:00:00,120.09625
2011-11-30 04:00:00,135.28029
2011-11-30 05:00:00,197.84868
2011-11-30 06:00:00,356.82404
2011-11-30 07:00:00,136.16173
2011-11-30 08:00:00,197.84868
2011-11-30 09:00:00,144.98457
2011-11-30 10:00:00,154.89958
2011-11-30 11:00:00,283.6873
2011-11-30 12:00:00,139.0861
2011-11-30 13:00:00,336.72998
2011-11-30 14:00:00,336.72998
2011-11-30 15:00:00,175.46811
2011-11-30 16:00:00,182.0767
2011-11-30 17:00:00,126.06141
2011-11-30 18:00:00,143.1467
2011-11-30 19:00:00,194.59984
2011-11-30 20:00:00,194.59984
2011-11-30 21:00:00,235.98174
2011-11-30 22:00:00,234.60669
2011-11-30 23:00:00,119.6173
2011-12-20 00:00:00,330.95947
2011-12-20 01:00:00,270.91037
2011-12-20 02:00:00,218.02779
2011-12-20 03:00:00,218.02779
2011-12-20 04:00:00,213.47044
2011-12-20 05:00:00,220.79036
2011-12-20 06:00:00,220.79036
2011-12-20 07:00:00,230.88463
2011-12-20 08:00:00,182.472
2011-12-20 09:00:00,232.30864
2011-12-20 10:00:00,183.14046
2011-12-20 11:00:00,238.68056
2011-12-20 12:00:00,195.44102
2011-12-20 13:00:00,195.44102
2011-12-20 14:00:00,212.41835
2011-12-20 15:00:00,274.62366
2011-12-20 16:00:00,434.73904
2011-12-20 17:00:00,286.62656
2011-12-20 18:00:00,142.60088
2011-12-20 19:00:00,214.92311
2011-12-20 20:00:00,162.09674
2011-12-20 21:00:00,240.85625
2011-12-20 22:00:00,232.30864
2011-12-20 23:00:00,271.0441
2011-12-21 00:00:00,220.98747
2011-12-21 01:00:00,188.87727
2011-12-21 02:00:00,98.93351
2011-12-21 03:00:00,98.93351
2011-12-21 04:00:00,98.93351
2011-12-21 05:00:00,176.28345
2011-12-21 06:00:00,108.84598
2011-12-21 07:00:00,126.85607
2011-12-21 08:00:00,157.3195
2011-12-21 09:00:00,158.00255
2011-12-21 10:00:00,75.5268
2011-12-21 11:00:00,75.5268
2011-12-21 12:00:00,44.010254
2011-12-21 13:00:00,36.84541
2011-12-21 14:00:00,50.075554
2011-12-21 15:00:00,45.22732
2011-12-21 16:00:00,20.799334
2011-12-21 17:00:00,20.799334
2011-12-21 18:00:00,36.373104
2011-12-21 19:00:00,57.586803
2011-12-21 20:00:00,46.078476
2011-12-21 21:00:00,164.55936
2011-12-21 22:00:00,168.84601
2011-12-21 23:00:00,158.4326
2011-12-22 00:00:00,316.97583
2011-12-22 01:00:00,255.75223
2011-12-22 02:00:00,153.30846
2011-12-22 03:00:00,163.22362
2011-12-22 04:00:00,252.55974
2011-12-22 05:00:00,172.14972
2011-12-22 06:00:00,100.40804
2011-12-22 07:00:00,57.564507
2011-12-22 08:00:00,108.84598
2011-12-22 09:00:00,203.79932
2011-12-22 10:00:00,209.46388
2011-12-22 11:00:00,118.80648
2011-12-22 12:00:00,273.03482
2011-12-22 13:00:00,180.93825
2011-12-22 14:00:00,180.93825
2011-12-22 15:00:00,287.0562
2011-12-22 16:00:00,180.93825
2011-12-22 17:00:00,169.11424
2011-12-22 18:00:00,143.55171
2011-12-22 19:00:00,196.69069
2011-12-22 20:00:00,156.97186
2011-12-22 21:00:00,156.97186
2011-12-22 22:00:00,63.445694
2011-12-22 23:00:00,251.20161
2011-12-23 00:00:00,86.472664
2011-12-23 01:00:00,86.472664
2011-12-23 02:00:00,61.31388
2011-12-23 03:00:00,61.31388
2011-12-23 04:00:00,33.271328
2011-12-23 05:00:00,75.80183
2011-12-23 06:00:00,91.31576
2011-12-23 07:00:00,120.30021
2011-12-23 08:00:00,194.61522
2011-12-23 09:00:00,75.408104
2011-12-23 10:00:00,129.50371
2011-12-23 11:00:00,182.9098
2011-12-23 12:00:00,142.81601
2011-12-23 13:00:00,258.3374
2011-12-23 14:00:00,257.8017
2011-12-23 15:00:00,117.079475
2011-12-23 16:00:00,132.9424
2011-12-23 17:00:00,111.50095
2011-12-23 18:00:00,110.47101
2011-12-23 19:00:00,114.05319
2011-12-23 20:00:00,116.02012
2011-12-23 21:00:00,75.905174
2011-12-23 22:00:00,153.41507
2011-12-23 23:00:00,126.310265
2011-12-24 00:00:00,27.398607
2011-12-24 01:00:00,77.9571
2011-12-24 02:00:00,145.59029
2011-12-24 03:00:00,150.48047
2011-12-24 04:00:00,51.37471
2011-12-24 05:00:00,51.37471
2011-12-24 06:00:00,37.90142
2011-12-24 07:00:00,21.970474
2011-12-24 08:00:00,38.751484
2011-12-24 09:00:00,109.69617
2011-12-24 10:00:00,99.6171
2011-12-24 11:00:00,127.00419
2011-12-24 12:00:00,90.29223
2011-12-24 13:00:00,93.642296
2011-12-24 14:00:00,93.642296
2011-12-24 15:00:00,90.937645
2011-12-24 16:00:00,91.80979
2011-12-24 17:00:00,122.69085
2011-12-24 18:00:00,118.47271
2011-12-24 19:00:00,93.43159
2011-12-24 20:00:00,145.82716
2011-12-24 21:00:00,60.52337
2011-12-24 22:00:00,78.59864
2011-12-24 23:00:00,61.892784
2011-12-25 00:00:00,30.53502
2011-12-25 01:00:00,39.81092
2011-12-25 02:00:00,41.572052
2011-12-25 03:00:00,30.810461
2011-12-25 05:00:00,27.248402
2011-12-25 06:00:00,27.248402
2011-12-25 07:00:00,44.06831
2011-12-25 08:00:00,27.858889
2011-12-25 09:00:00,36.77699
2011-12-25 10:00:00,49.242477
2011-12-25 11:00:00,19.610174
2011-12-25 12:00:00,26.915907
2011-12-25 13:00:00,24.995308
2011-12-25 14:00:00,81.96885
2011-12-25 15:00:00,122.26502
2011-12-25 16:00:00,129.57649
2011-12-25 17:00:00,133.91975
2011-12-25 18:00:00,30.243721
2011-12-25 19:00:00,124.25282
2011-12-25 20:00:00,92.626274
2011-12-25 21:00:00,152.77385
2011-12-25 22:00:00,35.487125
2011-12-25 23:00:00,55.703495
2011-12-26 00:00:00,8.25891
2011-12-26 01:00:00,68.85738
2011-12-26 02:00:00,158.43216
2011-12-26 04:00:00,191.06668
2011-12-26 05:00:00,24.332438
2011-12-26 06:00:00,178.2291
2011-12-26 07:00:00,96.10078
2011-12-26 08:00:00,83.74373
2011-12-26 09:00:00,191.06668
2011-12-26 10:00:00,74.54553
2011-12-26 11:00:00,135.29257
2011-12-26 12:00:00,42.20743
2011-12-26 13:00:00,141.13539
2011-12-26 14:00:00,137.64879
2011-12-26 15:00:00,101.02439
2011-12-26 16:00:00,210.11494
2011-12-26 17:00:00,158.43216
2011-12-26 18:00:00,139.924
2011-12-26 19:00:00,59.382008
2011-12-26 20:00:00,125.73531
2011-12-26 21:00:00,14.928131
2011-12-26 22:00:00,14.928131
2011-12-26 23:00:00,8.089478
2011-12-27 00:00:00,157.18272
2011-12-27 01:00:00,164.48729
2011-12-27 02:00:00,164.48729
2011-12-27 03:00:00,138.5887
2011-12-27 04:00:00,134.1243
2011-12-27 05:00:00,138.36836
2011-12-27 06:00:00,110.61143
2011-12-27 07:00:00,142.86691
2011-12-27 08:00:00,179.74762
2011-12-27 09:00:00,191.05846
2011-12-27 10:00:00,177.06995
2011-12-27 11:00:00,191.05846
2011-12-27 12:00:00,75.332115
2011-12-27 13:00:00,50.438694
2011-12-27 14:00:00,47.07949
2011-12-27 15:00:00,47.07949
2011-12-27 16:00:00,45.988117
2011-12-27 17:00:00,96.25921
2011-12-27 18:00:00,55.405773
2011-12-27 19:00:00,175.29051
2011-12-27 20:00:00,181.77269
2011-12-27 21:00:00,162.50688
2011-12-27 22:00:00,162.50688
2011-12-27 23:00:00,150.08606
2011-12-28 00:00:00,120.25855
2011-12-28 01:00:00,220.77095
2011-12-28 02:00:00,60.71146
2011-12-28 03:00:00,60.71146
2011-12-28 05:00:00,122.811226
2011-12-28 06:00:00,68.94252
2011-12-28 07:00:00,68.9425
2011-12-28 08:00:00,122.81119
2011-12-28 09:00:00,109.029236
2011-12-28 10:00:00,78.260254
2011-12-28 11:00:00,220.63475
2011-12-28 12:00:00,104.48849
2011-12-28 13:00:00,145.78668
2011-12-28 14:00:00,160.13454
2011-12-28 15:00:00,172.10097
2011-12-28 16:00:00,166.14943
2011-12-28 17:00:00,105.08338
2011-12-28 18:00:00,104.98142
2011-12-28 19:00:00,71.19957
2011-12-28 20:00:00,84.09554
2011-12-28 21:00:00,99.044914
2011-12-28 22:00:00,102.96197
2011-12-28 23:00:00,48.225906
2011-12-29 00:00:00,50.39698
2011-12-29 01:00:00,75.18889
2011-12-29 02:00:00,95.21122
2011-12-29 03:00:00,67.727715
2011-12-29 04:00:00,83.93658
2011-12-29 05:00:00,73.60324
2011-12-29 06:00:00,83.835365
2011-12-29 07:00:00,75.538185
2011-12-29 08:00:00,129.7161
2011-12-29 09:00:00,70.7875
2011-12-29 10:00:00,100.63284
2011-12-29 11:00:00,151.6993
2011-12-29 12:00:00,150.70717
2011-12-29 13:00:00,147.37566
2011-12-29 14:00:00,107.97323
2011-12-29 15:00:00,150.75694
2011-12-29 16:00:00,110.1074
2011-12-29 17:00:00,93.09278
2011-12-29 18:00:00,110.362236
2011-12-29 19:00:00,124.43988
2011-12-29 20:00:00,111.344696
2011-12-29 21:00:00,155.34738
2011-12-29 22:00:00,102.48431
2011-12-29 23:00:00,99.469246
2011-12-30 00:00:00,161.95143
2011-12-30 01:00:00,84.14681
2011-12-30 02:00:00,104.373245
2011-12-30 03:00:00,104.373245
2011-12-30 04:00:00,75.525185
2011-12-30 05:00:00,92.39646
2011-12-30 06:00:00,75.525185
2011-12-30 07:00:00,95.579475
2011-12-30 08:00:00,99.902596
2011-12-30 09:00:00,92.09382
2011-12-30 10:00:00,91.145226
2011-12-30 11:00:00,153.41507
2011-12-30 12:00:00,121.3718
2011-12-30 13:00:00,144.99548
2011-12-30 14:00:00,125.061455
2011-12-30 15:00:00,164.48174
2011-12-30 16:00:00,166.62016
2011-12-30 17:00:00,123.18434
2011-12-30 18:00:00,120.61387
2011-12-30 19:00:00,184.69246
2011-12-30 20:00:00,204.97762
2011-12-30 21:00:00,188.87727
2011-12-30 22:00:00,174.01207
2011-12-30 23:00:00,138.6464
2011-12-31 00:00:00,63.54091
2011-12-31 01:00:00,86.29499
2011-12-31 02:00:00,86.29499
2011-12-31 03:00:00,86.29499
2011-12-31 04:00:00,55.789406
2011-12-31 05:00:00,44.03904
2011-12-31 06:00:00,416.18494
2011-12-31 07:00:00,48.632057
2011-12-31 08:00:00,71.11188
2011-12-31 09:00:00,43.34292
2011-12-31 10:00:00,105.46769
2011-12-31 11:00:00,250.82068
2011-12-31 12:00:00,301.9055
2011-12-31 13:00:00,250.76341
2011-12-31 14:00:00,261.25607
2011-12-31 15:00:00,198.01799
2011-12-31 16:00:00,106.84928
2011-12-31 17:00:00,170.73184
2011-12-31 18:00:00,155.0079
2011-12-31 19:00:00,174.6302
2011-12-31 20:00:00,174.6302
2011-12-31 21:00:00,190.07518
2011-12-31 22:00:00,165.49211
2011-12-31 23:00:00,44.017395
2012-01-20 00:00:00,111.613
2012-01-20 01:00:00,110.95681
2012-01-20 02:00:00,110.95681
2012-01-20 03:00:00,98.24384
2012-01-20 04:00:00,83.32931
2012-01-20 05:00:00,83.32931
2012-01-20 06:00:00,52.614826
2012-01-20 07:00:00,65.73415
2012-01-20 08:00:00,45.60005
2012-01-20 09:00:00,105.88916
2012-01-20 10:00:00,94.71323
2012-01-20 11:00:00,73.77105
2012-01-20 12:00:00,83.06691
2012-01-20 13:00:00,117.80259
2012-01-20 14:00:00,156.45543
2012-01-20 15:00:00,155.47314
2012-01-20 16:00:00,125.52314
2012-01-20 17:00:00,138.25441
2012-01-20 18:00:00,143.55414
2012-01-20 19:00:00,152.77817
2012-01-20 20:00:00,143.55414
2012-01-20 21:00:00,157.77641
2012-01-20 22:00:00,99.3335
2012-01-20 23:00:00,48.238426
2012-01-21 00:00:00,67.30947
2012-01-21 01:00:00,33.11277
2012-01-21 02:00:00,9.266563
2012-01-21 03:00:00,12.4448185
2012-01-21 04:00:00,13.984203
2012-01-21 05:00:00,15.320593
2012-01-21 06:00:00,46.899406
2012-01-21 07:00:00,46.899406
2012-01-21 08:00:00,21.582193
2012-01-21 09:00:00,21.582193
2012-01-21 10:00:00,13.546032
2012-01-21 11:00:00,49.285164
2012-01-21 12:00:00,44.234116
2012-01-21 13:00:00,17.165888
2012-01-21 14:00:00,16.326872
2012-01-21 15:00:00,16.326876
2012-01-21 16:00:00,12.398882
2012-01-21 17:00:00,19.569864
2012-01-21 18:00:00,30.470118
2012-01-21 19:00:00,44.133553
2012-01-21 20:00:00,11.671881
2012-01-21 21:00:00,39.525936
2012-01-21 22:00:00,12.90201
2012-01-21 23:00:00,12.308136
2012-01-22 00:00:00,56.776154
2012-01-22 01:00:00,12.90201
2012-01-22 02:00:00,11.186127
2012-01-22 03:00:00,12.674252
2012-01-22 04:00:00,17.854933
2012-01-22 05:00:00,26.087301
2012-01-22 06:00:00,12.574297
2012-01-22 07:00:00,12.574297
2012-01-22 08:00:00,12.574297
2012-01-22 09:00:00,12.574297
2012-01-22 10:00:00,11.877253
2012-01-22 11:00:00,14.754572
2012-01-22 12:00:00,17.10235
2012-01-22 13:00:00,46.909645
2012-01-22 14:00:00,35.000114
2012-01-22 15:00:00,21.852938
2012-01-22 16:00:00,21.852938
2012-01-22 17:00:00,48.946526
2012-01-22 18:00:00,15.320593
2012-01-22 19:00:00,15.320593
2012-01-22 20:00:00,37.935673
2012-01-22 21:00:00,15.320593
2012-01-22 22:00:00,20.636217
2012-01-22 23:00:00,18.853006
2012-01-23 00:00:00,50.651936
2012-01-23 01:00:00,28.818502
2012-01-23 02:00:00,28.818502
2012-01-23 03:00:00,50.65188
2012-01-23 04:00:00,98.320656
2012-01-23 05:00:00,81.93023
2012-01-23 06:00:00,81.93023
2012-01-23 07:00:00,93.0689
2012-01-23 08:00:00,22.800295
2012-01-23 09:00:00,17.14056
2012-01-23 10:00:00,103.7768
2012-01-23 11:00:00,20.890657
2012-01-23 12:00:00,141.57999
2012-01-23 13:00:00,49.899338
2012-01-23 14:00:00,44.904854
2012-01-23 15:00:00,50.61407
2012-01-23 16:00:00,87.507225
2012-01-23 17:00:00,68.78467
2012-01-23 18:00:00,69.747894
2012-01-23 19:00:00,69.74627
2012-01-23 20:00:00,61.607933
2012-01-23 21:00:00,43.20102
2012-01-23 22:00:00,43.20102
2012-01-23 23:00:00,55.42558
2012-01-24 00:00:00,44.309555
2012-01-24 01:00:00,44.435116
2012-01-24 02:00:00,36.357323
2012-01-24 03:00:00,55.741196
2012-01-24 04:00:00,159.84184
2012-01-24 05:00:00,159.84184
2012-01-24 06:00:00,45.587536
2012-01-24 07:00:00,55.741196
2012-01-24 08:00:00,55.741196
2012-01-24 09:00:00,89.85961
2012-01-24 10:00:00,181.77269
2012-01-24 11:00:00,226.73552
2012-01-24 12:00:00,175.29051
2012-01-24 13:00:00,175.29051
2012-01-24 14:00:00,88.44883
2012-01-24 15:00:00,138.676
2012-01-24 16:00:00,198.47137
2012-01-24 17:00:00,124.76087
2012-01-24 18:00:00,141.26518
2012-01-24 19:00:00,203.22675
2012-01-24 20:00:00,125.55749
2012-01-24 21:00:00,197.55675
2012-01-24 22:00:00,154.03325
2012-01-24 23:00:00,125.55749
2012-01-25 00:00:00,65.76049
2012-01-25 01:00:00,154.42387
2012-01-25 02:00:00,149.6506
2012-01-25 03:00:00,147.04161
2012-01-25 04:00:00,69.80514
2012-01-25 05:00:00,69.80514
2012-01-25 06:00:00,76.75205
2012-01-25 07:00:00,66.90841
2012-01-25 08:00:00,71.86211
2012-01-25 09:00:00,71.86211
2012-01-25 10:00:00,31.002699
2012-01-25 11:00:00,110.61143
2012-01-25 12:00:00,120.94308
2012-01-25 13:00:00,120.5979
2012-01-25 14:00:00,121.43955
2012-01-25 15:00:00,153.23839
2012-01-25 16:00:00,116.525566
2012-01-25 17:00:00,119.798225
2012-01-25 18:00:00,126.310265
2012-01-25 19:00:00,161.88359
2012-01-25 20:00:00,91.1827
2012-01-25 21:00:00,86.38314
2012-01-25 22:00:00,106.6916
2012-01-25 23:00:00,115.10667
2012-01-26 00:00:00,103.77763
2012-01-26 01:00:00,117.7252
2012-01-26 02:00:00,70.492004
2012-01-26 03:00:00,89.36826
2012-01-26 04:00:00,103.49165
2012-01-26 05:00:00,139.22198
2012-01-26 06:00:00,97.55134
2012-01-26 07:00:00,86.209564
2012-01-26 08:00:00,86.209564
2012-01-26 09:00:00,81.86848
2012-01-26 10:00:00,80.11526
2012-01-26 11:00:00,74.30781
2012-01-26 12:00:00,103.12966
2012-01-26 13:00:00,91.76388
2012-01-26 14:00:00,177.01375
2012-01-26 15:00:00,177.92519
2012-01-26 16:00:00,175.30547
2012-01-26 17:00:00,91.919464
2012-01-26 18:00:00,91.919464
2012-01-26 19:00:00,183.30788
2012-01-26 20:00:00,241.91634
2012-01-26 21:00:00,183.30788
2012-01-26 22:00:00,212.3102
2012-01-26 23:00:00,137.91777
2012-01-27 00:00:00,170.35724
2012-01-27 01:00:00,158.00255
2012-01-27 02:00:00,335.45642
2012-01-27 03:00:00,43.914623
2012-01-27 04:00:00,39.025665
2012-01-27 05:00:00,46.47851
2012-01-27 06:00:00,28.843512
2012-01-27 07:00:00,36.956173
2012-01-27 08:00:00,107.68757
2012-01-27 09:00:00,107.68757
2012-01-27 10:00:00,76.48913
2012-01-27 11:00:00,375.43665
2012-01-27 12:00:00,451.84106
2012-01-27 13:00:00,201.8879
2012-01-27 14:00:00,299.6806
2012-01-27 15:00:00,142.37881
2012-01-27 16:00:00,247.99217
2012-01-27 17:00:00,186.16559
2012-01-27 18:00:00,229.37076
2012-01-27 19:00:00,144.27777
2012-01-27 20:00:00,126.134285
2012-01-27 21:00:00,115.415596
2012-01-27 22:00:00,116.82238
2012-01-27 23:00:00,124.56155
2012-01-28 00:00:00,119.75068
2012-01-28 01:00:00,183.5407
2012-01-28 02:00:00,52.926617
2012-01-28 03:00:00,86.93692
2012-01-28 04:00:00,34.811287
2012-01-28 05:00:00,44.125587
2012-01-28 06:00:00,32.065907
2012-01-28 07:00:00,34.21238
2012-01-28 08:00:00,53.905262
2012-01-28 09:00:00,39.684574
2012-01-28 10:00:00,48.640297
2012-01-28 11:00:00,152.77385
2012-01-28 12:00:00,34.78354
2012-01-28 13:00:00,130.38945
2012-01-28 14:00:00,101.64113
2012-01-28 15:00:00,131.05179
2012-01-28 16:00:00,126.427574
2012-01-28 17:00:00,93.85896
2012-01-28 18:00:00,181.5452
2012-01-28 19:00:00,101.01719
2012-01-28 20:00:00,188.09663
2012-01-28 21:00:00,190.43073
2012-01-28 22:00:00,159.29448
2012-01-28 23:00:00,163.77809
2012-01-29 00:00:00,89.43795
2012-01-29 01:00:00,147.54094
2012-01-29 02:00:00,140.80046
2012-01-29 03:00:00,86.05064
2012-01-29 04:00:00,42.100838
2012-01-29 05:00:00,73.12989
2012-01-29 06:00:00,92.2759
2012-01-29 07:00:00,65.96162
2012-01-29 08:00:00,58.38964
2012-01-29 09:00:00,92.84031
2012-01-29 10:00:00,106.407845
2012-01-29 11:00:00,86.0683
2012-01-29 12:00:00,135.54764
2012-01-29 13:00:00,135.54764
2012-01-29 14:00:00,111.20431
2012-01-29 15:00:00,177.1757
2012-01-29 16:00:00,171.30182
2012-01-29 17:00:00,171.3018
2012-01-29 18:00:00,158.50554
2012-01-29 19:00:00,94.69419
2012-01-29 20:00:00,87.49192
2012-01-29 21:00:00,138.91824
2012-01-29 22:00:00,156.52005
2012-01-29 23:00:00,132.56277
2012-01-30 00:00:00,94.19695
2012-01-30 01:00:00,136.37798
2012-01-30 02:00:00,120.189224
2012-01-30 03:00:00,90.442566
2012-01-30 04:00:00,86.4015
2012-01-30 05:00:00,86.4015
2012-01-30 06:00:00,48.225906
2012-01-30 07:00:00,78.30594
2012-01-30 08:00:00,67.03843
2012-01-30 09:00:00,67.03843
2012-01-30 10:00:00,103.27036
2012-01-30 11:00:00,75.12097
2012-01-30 12:00:00,119.42675
2012-01-30 13:00:00,174.13997
2012-01-30 14:00:00,187.63524
2012-01-30 15:00:00,177.49236
2012-01-30 16:00:00,181.90276
2012-01-30 17:00:00,168.44385
2012-01-30 18:00:00,146.96742
2012-01-30 19:00:00,119.06472
2012-01-30 20:00:00,113.555534
2012-01-30 21:00:00,116.46749
2012-01-30 22:00:00,98.98241
2012-01-30 23:00:00,84.514366
2012-01-31 00:00:00,78.80035
2012-01-31 01:00:00,157.0957
2012-01-31 02:00:00,125.1008
2012-01-31 03:00:00,117.839905
2012-01-31 04:00:00,109.76771
2012-01-31 05:00:00,109.76771
2012-01-31 06:00:00,96.489296
2012-01-31 07:00:00,84.5144
2012-01-31 08:00:00,98.98611
2012-01-31 09:00:00,92.71812
2012-01-31 10:00:00,120.18218
2012-01-31 11:00:00,153.45447
2012-01-31 12:00:00,148.9531
2012-01-31 13:00:00,231.54189
2012-01-31 14:00:00,263.68567
2012-01-31 15:00:00,292.58734
2012-01-31 16:00:00,292.58734
2012-01-31 17:00:00,250.106
2012-01-31 18:00:00,223.04317
2012-01-31 19:00:00,251.549
2012-01-31 20:00:00,137.41096
2012-01-31 21:00:00,280.1412
2012-01-31 22:00:00,266.97565
2012-01-31 23:00:00,243.43272
2012-02-20 00:00:00,11.260094
2012-02-20 01:00:00,11.260094
2012-02-20 02:00:00,11.260094
2012-02-20 03:00:00,25.73357
2012-02-20 05:00:00,247.46765
2012-02-20 06:00:00,224.93576
2012-02-20 07:00:00,206.14577
2012-02-20 08:00:00,283.2715
2012-02-20 09:00:00,283.2715
2012-02-20 10:00:00,191.98775
2012-02-20 11:00:00,247.82045
2012-02-20 12:00:00,216.24892
2012-02-20 13:00:00,170.88713
2012-02-20 14:00:00,80.24953
2012-02-20 15:00:00,90.975426
2012-02-20 16:00:00,218.68224
2012-02-20 17:00:00,103.200066
2012-02-20 18:00:00,90.975426
2012-02-20 19:00:00,90.975426
2012-02-20 20:00:00,72.17309
2012-02-20 21:00:00,74.55138
2012-02-20 22:00:00,112.82636
2012-02-20 23:00:00,55.729156
2012-02-21 00:00:00,78.528725
2012-02-21 01:00:00,97.92411
2012-02-21 02:00:00,84.64559
2012-02-21 04:00:00,82.281166
2012-02-21 05:00:00,63.31405
2012-02-21 06:00:00,59.22492
2012-02-21 07:00:00,82.281166
2012-02-21 08:00:00,68.4278
2012-02-21 09:00:00,110.79162
2012-02-21 10:00:00,114.84341
2012-02-21 11:00:00,59.479336
2012-02-21 12:00:00,129.54129
2012-02-21 13:00:00,120.65763
2012-02-21 14:00:00,131.03267
2012-02-21 15:00:00,120.65763
2012-02-21 16:00:00,155.41841
2012-02-21 17:00:00,224.5835
2012-02-21 18:00:00,224.5835
2012-02-21 19:00:00,117.55649
2012-02-21 20:00:00,90.647964
2012-02-21 21:00:00,99.53589
2012-02-21 22:00:00,175.1166
2012-02-21 23:00:00,139.2509
2012-02-22 00:00:00,139.2509
2012-02-22 01:00:00,164.84908
2012-02-22 02:00:00,71.812386
2012-02-22 03:00:00,152.33717
2012-02-22 04:00:00,120.764595
2012-02-22 05:00:00,152.1956
2012-02-22 06:00:00,220.77095
2012-02-22 07:00:00,137.48189
2012-02-22 08:00:00,120.41897
2012-02-22 09:00:00,130.5007
2012-02-22 10:00:00,145.6089
2012-02-22 11:00:00,90.45066
2012-02-22 12:00:00,86.601746
2012-02-22 13:00:00,123.72117
2012-02-22 14:00:00,120.50854
2012-02-22 15:00:00,284.40442
2012-02-22 16:00:00,275.23676
2012-02-22 17:00:00,233.42804
2012-02-22 18:00:00,175.34312
2012-02-22 19:00:00,162.55946
2012-02-22 20:00:00,251.02293
2012-02-22 21:00:00,282.08255
2012-02-22 22:00:00,157.85677
2012-02-22 23:00:00,177.6314
2012-02-23 00:00:00,157.85677
2012-02-23 01:00:00,135.01305
2012-02-23 02:00:00,148.16293
2012-02-23 03:00:00,121.10111
2012-02-23 04:00:00,138.8947
2012-02-23 05:00:00,138.8947
2012-02-23 06:00:00,170.57437
2012-02-23 07:00:00,88.44883
2012-02-23 08:00:00,153.43254
2012-02-23 09:00:00,60.55234
2012-02-23 10:00:00,132.00499
2012-02-23 11:00:00,232.4244
2012-02-23 12:00:00,236.9996
2012-02-23 13:00:00,234.39903
2012-02-23 14:00:00,262.45682
2012-02-23 15:00:00,230.63104
2012-02-23 16:00:00,185.18977
2012-02-23 17:00:00,218.08612
2012-02-23 18:00:00,223.77263
2012-02-23 19:00:00,217.94028
2012-02-23 20:00:00,214.87546
2012-02-23 21:00:00,136.29407
2012-02-23 22:00:00,125.38062
2012-02-23 23:00:00,58.975845
2012-02-24 00:00:00,138.82155
2012-02-24 01:00:00,123.61192
2012-02-24 02:00:00,87.07018
2012-02-24 03:00:00,236.54677
2012-02-24 04:00:00,279.30365
2012-02-24 05:00:00,211.97098
2012-02-24 06:00:00,220.37009
2012-02-24 07:00:00,131.2144
2012-02-24 08:00:00,65.73504
2012-02-24 09:00:00,47.837585
2012-02-24 10:00:00,78.56308
2012-02-24 11:00:00,150.00375
2012-02-24 12:00:00,210.76634
2012-02-24 13:00:00,177.92519
2012-02-24 14:00:00,144.03609
2012-02-24 15:00:00,86.472664
2012-02-24 16:00:00,86.472664
2012-02-24 17:00:00,107.252335
2012-02-24 18:00:00,202.38701
2012-02-24 19:00:00,287.6959
2012-02-24 20:00:00,257.7614
2012-02-24 21:00:00,75.35903
2012-02-24 22:00:00,226.70845
2012-02-24 23:00:00,91.436485
2012-02-25 00:00:00,145.26776
2012-02-25 01:00:00,137.51816
2012-02-25 02:00:00,76.91482
2012-02-25 03:00:00,126.489586
2012-02-25 04:00:00,114.67742
2012-02-25 05:00:00,80.28832
2012-02-25 06:00:00,80.28832
2012-02-25 07:00:00,97.97463
2012-02-25 08:00:00,47.014668
2012-02-25 09:00:00,39.02984
2012-02-25 10:00:00,27.828943
2012-02-25 11:00:00,130.36876
2012-02-25 12:00:00,207.86624
2012-02-25 13:00:00,152.99448
2012-02-25 14:00:00,129.61606
2012-02-25 15:00:00,154.29527
2012-02-25 16:00:00,104.36158
2012-02-25 17:00:00,126.46653
2012-02-25 18:00:00,177.7383
2012-02-25 19:00:00,136.25499
2012-02-25 20:00:00,161.54323
2012-02-25 21:00:00,104.619194
2012-02-25 22:00:00,73.022514
2012-02-25 23:00:00,69.93956
2012-02-26 00:00:00,101.2374
2012-02-26 01:00:00,56.624092
2012-02-26 02:00:00,56.624092
2012-02-26 03:00:00,130.77278
2012-02-26 04:00:00,130.77278
2012-02-26 05:00:00,105.27851
2012-02-26 06:00:00,53.91408
2012-02-26 07:00:00,37.586952
2012-02-26 08:00:00,52.709927
2012-02-26 09:00:00,85.432
2012-02-26 10:00:00,107.13987
2012-02-26 11:00:00,119.427635
2012-02-26 12:00:00,112.965744
2012-02-26 13:00:00,78.157486
2012-02-26 14:00:00,60.95227
2012-02-26 15:00:00,88.61463
2012-02-26 16:00:00,180.06711
2012-02-26 17:00:00,208.11047
2012-02-26 18:00:00,89.95126
2012-02-26 19:00:00,132.27002
2012-02-26 20:00:00,108.32299
2012-02-26 21:00:00,119.53219
2012-02-26 22:00:00,80.24326
2012-02-26 23:00:00,60.52337
2012-02-27 00:00:00,72.59963
2012-02-27 01:00:00,102.20918
2012-02-27 02:00:00,48.989914
2012-02-27 03:00:00,141.02467
2012-02-27 04:00:00,137.59889
2012-02-27 05:00:00,137.59889
2012-02-27 06:00:00,71.86211
2012-02-27 07:00:00,55.095055
2012-02-27 08:00:00,82.324036
2012-02-27 09:00:00,84.5144
2012-02-27 10:00:00,121.34255
2012-02-27 11:00:00,135.42407
2012-02-27 12:00:00,149.38335
2012-02-27 13:00:00,148.03194
2012-02-27 14:00:00,266.38797
2012-02-27 15:00:00,283.4068
2012-02-27 16:00:00,292.58734
2012-02-27 17:00:00,260.8221
2012-02-27 18:00:00,276.36493
2012-02-27 19:00:00,219.79073
2012-02-27 20:00:00,274.88495
2012-02-27 21:00:00,266.38797
2012-02-27 22:00:00,206.05739
2012-02-27 23:00:00,154.04175
2012-02-28 00:00:00,141.11665
2012-02-28 01:00:00,127.2877
2012-02-28 02:00:00,135.24556
2012-02-28 03:00:00,240.6267
2012-02-28 04:00:00,138.29478
2012-02-28 05:00:00,138.29478
2012-02-28 06:00:00,114.52169
2012-02-28 07:00:00,101.10521
2012-02-28 08:00:00,79.38516
2012-02-28 09:00:00,119.08897
2012-02-28 10:00:00,157.09572
2012-02-28 11:00:00,119.22184
2012-02-28 12:00:00,226.01073
2012-02-28 13:00:00,232.03273
2012-02-28 14:00:00,222.30229
2012-02-28 15:00:00,229.6793
2012-02-28 16:00:00,232.00107
2012-02-28 17:00:00,229.6793
2012-02-28 18:00:00,204.9262
2012-02-28 19:00:00,125.15482
2012-02-28 20:00:00,225.72112
2012-02-28 21:00:00,125.48602
2012-02-28 22:00:00,125.48602
2012-02-28 23:00:00,86.51519
2012-02-29 00:00:00,128.25734
2012-02-29 01:00:00,123.18214
2012-02-29 02:00:00,71.824196
2012-02-29 03:00:00,102.987625
2012-02-29 05:00:00,97.86266
2012-02-29 06:00:00,89.36826
2012-02-29 07:00:00,72.74421
2012-02-29 08:00:00,103.77763
2012-02-29 09:00:00,57.227234
2012-02-29 10:00:00,57.227234
2012-02-29 11:00:00,32.950645
2012-02-29 12:00:00,36.709892
2012-02-29 13:00:00,64.474655
2012-02-29 14:00:00,64.474655
2012-02-29 15:00:00,80.056244
2012-02-29 16:00:00,97.50786
2012-02-29 17:00:00,220.37009
2012-02-29 18:00:00,251.20163
2012-02-29 19:00:00,232.06941
2012-02-29 20:00:00,93.23232
2012-02-29 21:00:00,93.23232
2012-02-29 22:00:00,54.53083
2012-02-29 23:00:00,54.53083
2012-03-20 00:00:00,165.55148
2012-03-20 01:00:00,418.54175
2012-03-20 02:00:00,315.9915
2012-03-20 03:00:00,278.78305
2012-03-20 04:00:00,369.78186
2012-03-20 05:00:00,377.2113
2012-03-20 06:00:00,429.26514
2012-03-20 07:00:00,124.406075
2012-03-20 08:00:00,336.9768
2012-03-20 09:00:00,449.31567
2012-03-20 10:00:00,152.85258
2012-03-20 11:00:00,118.47957
2012-03-20 12:00:00,206.79446
2012-03-20 13:00:00,174.66234
2012-03-20 14:00:00,179.74004
2012-03-20 15:00:00,129.18713
2012-03-20 16:00:00,214.50014
2012-03-20 17:00:00,193.98645
2012-03-20 18:00:00,219.06892
2012-03-20 19:00:00,138.99583
2012-03-20 20:00:00,175.92319
2012-03-20 21:00:00,238.46419
2012-03-20 22:00:00,317.14517
2012-03-20 23:00:00,405.94363
2012-03-21 00:00:00,150.89787
2012-03-21 01:00:00,50.455902
2012-03-21 02:00:00,46.0791
2012-03-21 03:00:00,210.36748
2012-03-21 04:00:00,138.79967
2012-03-21 05:00:00,138.79967
2012-03-21 06:00:00,191.94774
2012-03-21 07:00:00,112.25907
2012-03-21 08:00:00,96.76711
2012-03-21 09:00:00,145.15727
2012-03-21 10:00:00,195.23418
2012-03-21 11:00:00,195.23418
2012-03-21 12:00:00,119.527115
2012-03-21 13:00:00,160.03932
2012-03-21 14:00:00,137.43425
2012-03-21 15:00:00,137.43425
2012-03-21 16:00:00,163.25728
2012-03-21 17:00:00,159.15381
2012-03-21 18:00:00,91.13488
2012-03-21 19:00:00,99.21007
2012-03-21 20:00:00,61.573303
2012-03-21 21:00:00,50.6848
2012-03-21 22:00:00,82.56432
2012-03-21 23:00:00,209.00496
2012-03-22 00:00:00,50.455902
2012-03-22 01:00:00,50.455902
2012-03-22 02:00:00,50.455902
2012-03-22 03:00:00,50.455902
2012-03-22 04:00:00,84.66426
2012-03-22 05:00:00,84.66426
2012-03-22 06:00:00,84.66426
2012-03-22 07:00:00,84.66426
2012-03-22 08:00:00,110.09763
2012-03-22 09:00:00,110.09763
2012-03-22 10:00:00,85.94616
2012-03-22 11:00:00,168.57103
2012-03-22 12:00:00,253.12535
2012-03-22 13:00:00,68.86016
2012-03-22 14:00:00,117.43107
2012-03-22 15:00:00,216.49821
2012-03-22 16:00:00,222.161
2012-03-22 17:00:00,225.93558
2012-03-22 18:00:00,225.93558
2012-03-22 19:00:00,84.59914
2012-03-22 20:00:00,221.0794
2012-03-22 21:00:00,147.43414
2012-03-22 22:00:00,133.15746
2012-03-22 23:00:00,55.896587
2012-03-23 00:00:00,222.99431
2012-03-23 01:00:00,187.5238
2012-03-23 02:00:00,53.148468
2012-03-23 03:00:00,49.834282
2012-03-23 04:00:00,117.81526
2012-03-23 05:00:00,136.60799
2012-03-23 06:00:00,137.14247
2012-03-23 07:00:00,133.36024
2012-03-23 08:00:00,134.67397
2012-03-23 09:00:00,144.35463
2012-03-23 10:00:00,198.00917
2012-03-23 11:00:00,167.77739
2012-03-23 12:00:00,220.3864
2012-03-23 13:00:00,168.4146
2012-03-23 14:00:00,292.2454
2012-03-23 15:00:00,309.81808
2012-03-23 16:00:00,288.8579
2012-03-23 17:00:00,288.8579
2012-03-23 18:00:00,402.63013
2012-03-23 19:00:00,292.05737
2012-03-23 20:00:00,365.844
2012-03-23 21:00:00,280.63577
2012-03-23 22:00:00,221.8012
2012-03-23 23:00:00,224.35966
2012-03-24 00:00:00,60.123306
2012-03-24 01:00:00,78.84893
2012-03-24 02:00:00,98.97654
2012-03-24 03:00:00,98.97654
2012-03-24 04:00:00,51.89192
2012-03-24 05:00:00,128.85101
2012-03-24 06:00:00,128.85101
2012-03-24 07:00:00,87.10282
2012-03-24 08:00:00,103.02924
2012-03-24 09:00:00,141.21915
2012-03-24 10:00:00,132.2832
2012-03-24 11:00:00,103.02924
2012-03-24 12:00:00,68.44513
2012-03-24 13:00:00,119.89266
2012-03-24 14:00:00,166.91692
2012-03-24 15:00:00,61.32242
2012-03-24 16:00:00,106.44287
2012-03-24 17:00:00,151.11563
2012-03-24 18:00:00,34.427673
2012-03-24 19:00:00,175.18663
2012-03-24 20:00:00,46.96099
2012-03-24 21:00:00,46.96099
2012-03-24 22:00:00,38.34253
2012-03-24 23:00:00,11.185871
2012-03-25 00:00:00,11.185871
2012-03-25 01:00:00,40.389988
2012-03-25 02:00:00,44.545166
2012-03-25 03:00:00,71.28992
2012-03-25 04:00:00,10.016935
2012-03-25 05:00:00,39.941143
2012-03-25 06:00:00,39.941143
2012-03-25 07:00:00,13.324835
2012-03-25 08:00:00,13.324835
2012-03-25 09:00:00,27.353043
2012-03-25 10:00:00,16.39179
2012-03-25 11:00:00,27.353043
2012-03-25 12:00:00,34.865807
2012-03-25 13:00:00,69.26047
2012-03-25 14:00:00,107.101524
2012-03-25 15:00:00,62.174095
2012-03-25 16:00:00,41.046356
2012-03-25 17:00:00,85.18937
2012-03-25 18:00:00,85.18937
2012-03-25 19:00:00,158.74191
2012-03-25 20:00:00,58.95652
2012-03-25 21:00:00,61.36815
2012-03-25 22:00:00,105.19754
2012-03-25 23:00:00,97.93249
2012-03-26 00:00:00,154.60341
2012-03-26 01:00:00,203.69075
2012-03-26 02:00:00,77.10421
2012-03-26 03:00:00,76.40592
2012-03-26 04:00:00,60.604546
2012-03-26 05:00:00,81.278725
2012-03-26 06:00:00,61.98603
2012-03-26 07:00:00,123.32471
2012-03-26 08:00:00,111.28542
2012-03-26 09:00:00,126.432655
2012-03-26 10:00:00,261.83627
2012-03-26 11:00:00,247.20222
2012-03-26 12:00:00,246.8381
2012-03-26 13:00:00,258.57993
2012-03-26 14:00:00,255.4987
2012-03-26 15:00:00,250.63156
2012-03-26 16:00:00,241.12349
2012-03-26 17:00:00,179.21034
2012-03-26 18:00:00,200.70929
2012-03-26 19:00:00,322.35873
2012-03-26 20:00:00,191.06342
2012-03-26 21:00:00,186.93929
2012-03-26 22:00:00,257.22855
2012-03-26 23:00:00,75.25129
2012-03-27 00:00:00,70.37063
2012-03-27 01:00:00,113.42394
2012-03-27 02:00:00,102.07838
2012-03-27 03:00:00,106.17187
2012-03-27 04:00:00,103.87148
2012-03-27 05:00:00,127.615074
2012-03-27 06:00:00,119.596695
2012-03-27 07:00:00,119.596695
2012-03-27 08:00:00,113.896675
2012-03-27 09:00:00,113.51681
2012-03-27 10:00:00,119.51612
2012-03-27 11:00:00,184.68024
2012-03-27 12:00:00,192.16377
2012-03-27 13:00:00,255.54381
2012-03-27 14:00:00,124.42849
2012-03-27 15:00:00,236.74205
2012-03-27 16:00:00,236.74205
2012-03-27 17:00:00,209.5627
2012-03-27 18:00:00,291.22614
2012-03-27 19:00:00,212.752
2012-03-27 20:00:00,291.22617
2012-03-27 21:00:00,181.94447
2012-03-27 22:00:00,198.41573
2012-03-27 23:00:00,150.11281
2012-03-28 00:00:00,140.99434
2012-03-28 01:00:00,99.947334
2012-03-28 02:00:00,121.90415
2012-03-28 03:00:00,184.31833
2012-03-28 04:00:00,117.57464
2012-03-28 05:00:00,117.57464
2012-03-28 06:00:00,207.76888
2012-03-28 07:00:00,196.26488
2012-03-28 08:00:00,151.39284
2012-03-28 09:00:00,207.98622
2012-03-28 10:00:00,278.6097
2012-03-28 11:00:00,300.92413
2012-03-28 12:00:00,307.75156
2012-03-28 13:00:00,251.27937
2012-03-28 14:00:00,269.6945
2012-03-28 15:00:00,256.63748
2012-03-28 16:00:00,136.78075
2012-03-28 17:00:00,219.94826
2012-03-28 18:00:00,219.94826
2012-03-28 19:00:00,211.78018
2012-03-28 20:00:00,252.27641
2012-03-28 21:00:00,246.99278
2012-03-28 22:00:00,313.53998
2012-03-28 23:00:00,231.65784
2012-03-29 00:00:00,238.69456
2012-03-29 01:00:00,258.7859
2012-03-29 02:00:00,387.62018
2012-03-29 03:00:00,342.372
2012-03-29 04:00:00,200.79121
2012-03-29 05:00:00,168.67197
2012-03-29 06:00:00,112.608604
2012-03-29 07:00:00,110.94555
2012-03-29 08:00:00,261.93536
2012-03-29 09:00:00,274.30432
2012-03-29 10:00:00,260.69208
2012-03-29 11:00:00,284.80652
2012-03-29 12:00:00,287.1283
2012-03-29 13:00:00,140.76546
2012-03-29 14:00:00,253.66412
2012-03-29 15:00:00,309.28995
2012-03-29 16:00:00,300.26465
2012-03-29 17:00:00,322.06635
2012-03-29 18:00:00,226.91284
2012-03-29 19:00:00,212.17995
2012-03-29 20:00:00,227.07932
2012-03-29 21:00:00,118.16625
2012-03-29 22:00:00,111.16959
2012-03-29 23:00:00,110.745636
2012-03-30 00:00:00,108.16206
2012-03-30 01:00:00,105.40066
2012-03-30 02:00:00,118.00368
2012-03-30 03:00:00,90.990746
2012-03-30 04:00:00,112.15825
2012-03-30 05:00:00,91.42457
2012-03-30 06:00:00,97.68536
2012-03-30 07:00:00,91.72634
2012-03-30 08:00:00,78.11167
2012-03-30 09:00:00,97.56866
2012-03-30 10:00:00,98.94831
2012-03-30 11:00:00,73.047264
2012-03-30 12:00:00,70.44724
2012-03-30 13:00:00,102.044846
2012-03-30 14:00:00,67.92353
2012-03-30 15:00:00,75.19654
2012-03-30 16:00:00,115.07996
2012-03-30 17:00:00,102.3979
2012-03-30 18:00:00,105.5519
2012-03-30 19:00:00,104.46232
2012-03-30 20:00:00,105.92869
2012-03-30 21:00:00,92.824394
2012-03-30 22:00:00,63.027367
2012-03-30 23:00:00,90.678635
2012-03-31 00:00:00,53.474533
2012-03-31 01:00:00,177.8272
2012-03-31 02:00:00,91.74184
2012-03-31 03:00:00,25.134636
2012-03-31 04:00:00,27.339409
2012-03-31 05:00:00,33.431087
2012-03-31 06:00:00,43.957108
2012-03-31 07:00:00,43.957108
2012-03-31 08:00:00,29.299982
2012-03-31 09:00:00,177.8272
2012-03-31 10:00:00,142.27084
2012-03-31 11:00:00,66.99499
2012-03-31 12:00:00,36.16663
2012-03-31 13:00:00,112.69651
2012-03-31 14:00:00,260.12903
2012-03-31 15:00:00,268.25104
2012-03-31 16:00:00,279.99908
2012-03-31 17:00:00,99.8774
2012-03-31 18:00:00,33.882545
2012-03-31 19:00:00,50.063488
2012-03-31 20:00:00,61.04838
2012-03-31 21:00:00,61.04838
2012-03-31 22:00:00,127.849556
2012-03-31 23:00:00,63.135056
2012-04-20 00:00:00,115.85868
2012-04-20 01:00:00,76.40592
2012-04-20 02:00:00,62.45623
2012-04-20 03:00:00,53.209812
2012-04-20 04:00:00,70.70513
2012-04-20 05:00:00,23.864073
2012-04-20 06:00:00,36.818676
2012-04-20 07:00:00,23.864073
2012-04-20 08:00:00,25.683632
2012-04-20 09:00:00,59.603268
2012-04-20 10:00:00,139.91678
2012-04-20 11:00:00,254.69984
2012-04-20 12:00:00,258.12863
2012-04-20 13:00:00,255.15462
2012-04-20 14:00:00,273.28845
2012-04-20 15:00:00,306.7774
2012-04-20 16:00:00,335.0951
2012-04-20 17:00:00,315.45944
2012-04-20 18:00:00,289.43744
2012-04-20 19:00:00,215.90569
2012-04-20 20:00:00,255.73225
2012-04-20 21:00:00,292.43777
2012-04-20 22:00:00,183.50912
2012-04-20 23:00:00,118.45246
2012-04-21 00:00:00,87.64831
2012-04-21 01:00:00,87.64831
2012-04-21 02:00:00,98.02068
2012-04-21 03:00:00,63.25335
2012-04-21 04:00:00,38.364883
2012-04-21 05:00:00,38.364883
2012-04-21 06:00:00,63.253326
2012-04-21 07:00:00,35.124493
2012-04-21 08:00:00,52.783432
2012-04-21 09:00:00,69.37967
2012-04-21 10:00:00,321.99524
2012-04-21 11:00:00,445.32553
2012-04-21 12:00:00,352.73996
2012-04-21 13:00:00,344.5805
2012-04-21 14:00:00,471.74542
2012-04-21 15:00:00,530.5492
2012-04-21 16:00:00,635.1179
2012-04-21 17:00:00,554.751
2012-04-21 18:00:00,453.02814
2012-04-21 19:00:00,60.121017
2012-04-21 20:00:00,353.23093
2012-04-21 21:00:00,169.19801
2012-04-21 22:00:00,36.73393
2012-04-21 23:00:00,78.37806
2012-04-22 00:00:00,304.68893
2012-04-22 01:00:00,56.169506
2012-04-22 02:00:00,75.64995
2012-04-22 03:00:00,183.9441
2012-04-22 04:00:00,202.36143
2012-04-22 05:00:00,231.28365
2012-04-22 06:00:00,70.1411
2012-04-22 07:00:00,166.46437
2012-04-22 08:00:00,72.63572
2012-04-22 09:00:00,72.63572
2012-04-22 10:00:00,182.40945
2012-04-22 11:00:00,76.09709
2012-04-22 12:00:00,86.77877
2012-04-22 13:00:00,167.97002
2012-04-22 14:00:00,86.77877
2012-04-22 15:00:00,81.71259
2012-04-22 16:00:00,52.638905
2012-04-22 17:00:00,72.86827
2012-04-22 18:00:00,72.86827
2012-04-22 19:00:00,59.31597
2012-04-22 20:00:00,105.76669
2012-04-22 21:00:00,158.72726
2012-04-22 22:00:00,38.159554
2012-04-22 23:00:00,60.26776
2012-04-23 00:00:00,19.70363
2012-04-23 01:00:00,55.82554
2012-04-23 02:00:00,46.393246
2012-04-23 03:00:00,59.12409
2012-04-23 04:00:00,51.77798
2012-04-23 05:00:00,51.77798
2012-04-23 06:00:00,37.24463
2012-04-23 07:00:00,49.217438
2012-04-23 08:00:00,40.993095
2012-04-23 09:00:00,29.462397
2012-04-23 10:00:00,57.0963
2012-04-23 11:00:00,56.59784
2012-04-23 12:00:00,33.2189
2012-04-23 13:00:00,42.992165
2012-04-23 14:00:00,203.04118
2012-04-23 15:00:00,123.15883
2012-04-23 16:00:00,58.68046
2012-04-23 17:00:00,58.670414
2012-04-23 18:00:00,90.95608
2012-04-23 19:00:00,98.0677
2012-04-23 20:00:00,45.982758
2012-04-23 21:00:00,67.95476
2012-04-23 22:00:00,117.82002
2012-04-23 23:00:00,83.61963
2012-04-24 00:00:00,48.295593
2012-04-24 01:00:00,48.28693
2012-04-24 02:00:00,136.8909
2012-04-24 03:00:00,112.213455
2012-04-24 04:00:00,103.04133
2012-04-24 05:00:00,103.04133
2012-04-24 06:00:00,163.98347
2012-04-24 07:00:00,150.2944
2012-04-24 08:00:00,72.18552
2012-04-24 09:00:00,128.59676
2012-04-24 10:00:00,110.745636
2012-04-24 11:00:00,318.8787
2012-04-24 12:00:00,327.83698
2012-04-24 13:00:00,313.8029
2012-04-24 14:00:00,243.12709
2012-04-24 15:00:00,260.7145
2012-04-24 16:00:00,127.08343
2012-04-24 17:00:00,366.14908
2012-04-24 18:00:00,296.29297
2012-04-24 19:00:00,216.47783
2012-04-24 20:00:00,234.58824
2012-04-24 21:00:00,178.16484
2012-04-24 22:00:00,227.02583
2012-04-24 23:00:00,176.61911
2012-04-25 00:00:00,198.35228
2012-04-25 01:00:00,127.81905
2012-04-25 02:00:00,96.7505
2012-04-25 03:00:00,67.70063
2012-04-25 04:00:00,79.66202
2012-04-25 05:00:00,97.99929
2012-04-25 06:00:00,97.99929
2012-04-25 07:00:00,80.125984
2012-04-25 08:00:00,57.930218
2012-04-25 09:00:00,88.7244
2012-04-25 10:00:00,249.8288
2012-04-25 11:00:00,341.24634
2012-04-25 12:00:00,422.2516
2012-04-25 13:00:00,356.29767
2012-04-25 14:00:00,472.3173
2012-04-25 15:00:00,437.14398
2012-04-25 16:00:00,484.4569
2012-04-25 17:00:00,387.3533
2012-04-25 18:00:00,352.9867
2012-04-25 19:00:00,285.29242
2012-04-25 20:00:00,496.7641
2012-04-25 21:00:00,224.20851
2012-04-25 22:00:00,133.88095
2012-04-25 23:00:00,115.846
2012-04-26 00:00:00,206.51851
2012-04-26 01:00:00,120.72988
2012-04-26 02:00:00,131.99657
2012-04-26 03:00:00,82.757256
2012-04-26 04:00:00,85.11719
2012-04-26 05:00:00,140.811
2012-04-26 06:00:00,123.65746
2012-04-26 07:00:00,117.101166
2012-04-26 08:00:00,255.51216
2012-04-26 09:00:00,187.14531
2012-04-26 10:00:00,127.593544
2012-04-26 11:00:00,184.43253
2012-04-26 12:00:00,153.5302
2012-04-26 13:00:00,174.76009
2012-04-26 14:00:00,172.74702
2012-04-26 15:00:00,231.36421
2012-04-26 16:00:00,221.8365
2012-04-26 17:00:00,137.44225
2012-04-26 18:00:00,172.74702
2012-04-26 19:00:00,162.58803
2012-04-26 20:00:00,205.94414
2012-04-26 21:00:00,199.65173
2012-04-26 22:00:00,82.56432
2012-04-26 23:00:00,59.60441
2012-04-27 00:00:00,286.78918
2012-04-27 01:00:00,291.8487
2012-04-27 02:00:00,227.26953
2012-04-27 03:00:00,228.33928
2012-04-27 04:00:00,127.41636
2012-04-27 05:00:00,170.30006
2012-04-27 06:00:00,113.88242
2012-04-27 07:00:00,105.40066
2012-04-27 08:00:00,82.30819
2012-04-27 09:00:00,211.45615
2012-04-27 10:00:00,279.97595
2012-04-27 11:00:00,266.7775
2012-04-27 12:00:00,316.64798
2012-04-27 13:00:00,314.9674
2012-04-27 14:00:00,328.1662
2012-04-27 15:00:00,228.68584
2012-04-27 16:00:00,366.1153
2012-04-27 17:00:00,372.06555
2012-04-27 18:00:00,354.5105
2012-04-27 19:00:00,296.30853
2012-04-27 20:00:00,311.4608
2012-04-27 21:00:00,291.5088
2012-04-27 22:00:00,178.85046
2012-04-27 23:00:00,124.11934
2012-04-28 00:00:00,217.8402
2012-04-28 01:00:00,71.63221
2012-04-28 02:00:00,247.19687
2012-04-28 03:00:00,68.60117
2012-04-28 04:00:00,128.44511
2012-04-28 05:00:00,190.6855
2012-04-28 06:00:00,97.58518
2012-04-28 07:00:00,128.44511
2012-04-28 08:00:00,176.37283
2012-04-28 09:00:00,212.37093
2012-04-28 10:00:00,135.81934
2012-04-28 11:00:00,135.85411
2012-04-28 12:00:00,82.872215
2012-04-28 13:00:00,205.72177
2012-04-28 14:00:00,132.36447
2012-04-28 15:00:00,90.39763
2012-04-28 16:00:00,213.27164
2012-04-28 17:00:00,175.50764
2012-04-28 18:00:00,54.155785
2012-04-28 19:00:00,80.18708
2012-04-28 20:00:00,94.562874
2012-04-28 21:00:00,61.52838
2012-04-28 22:00:00,109.23052
2012-04-28 23:00:00,129.47829
2012-04-29 00:00:00,42.700787
2012-04-29 01:00:00,73.09698
2012-04-29 02:00:00,47.028248
2012-04-29 03:00:00,29.299963
2012-04-29 04:00:00,55.855583
2012-04-29 05:00:00,39.250195
2012-04-29 06:00:00,54.94967
2012-04-29 07:00:00,56.777798
2012-04-29 08:00:00,65.50946
2012-04-29 09:00:00,92.84182
2012-04-29 10:00:00,65.86682
2012-04-29 11:00:00,121.42734
2012-04-29 12:00:00,151.91267
2012-04-29 13:00:00,158.9069
2012-04-29 14:00:00,368.12234
2012-04-29 15:00:00,317.4057
2012-04-29 16:00:00,516.9245
2012-04-29 17:00:00,451.52167
2012-04-29 18:00:00,422.6073
2012-04-29 19:00:00,388.22003
2012-04-29 20:00:00,374.85608
2012-04-29 21:00:00,191.30202
2012-04-29 22:00:00,234.809
2012-04-29 23:00:00,61.534157
2012-04-30 00:00:00,87.975395
2012-04-30 01:00:00,61.23517
2012-04-30 02:00:00,87.24066
2012-04-30 03:00:00,63.221252
2012-04-30 04:00:00,91.68813
2012-04-30 05:00:00,91.68813
2012-04-30 06:00:00,112.82276
2012-04-30 07:00:00,105.17765
2012-04-30 08:00:00,154.51314
2012-04-30 09:00:00,232.5399
2012-04-30 10:00:00,210.1104
2012-04-30 11:00:00,128.28343
2012-04-30 12:00:00,157.7947
2012-04-30 13:00:00,115.51684
2012-04-30 14:00:00,166.5848
2012-04-30 15:00:00,130.90407
2012-04-30 16:00:00,272.55972
2012-04-30 17:00:00,268.2608
2012-04-30 18:00:00,215.23643
2012-04-30 19:00:00,133.36751
2012-04-30 20:00:00,223.67221
2012-04-30 21:00:00,223.67221
2012-04-30 22:00:00,196.66322
2012-04-30 23:00:00,220.02501
2012-05-20 00:00:00,251.543
2012-05-20 01:00:00,142.7436
2012-05-20 02:00:00,142.7436
2012-05-20 03:00:00,145.50291
2012-05-20 04:00:00,63.85535
2012-05-20 05:00:00,71.46083
2012-05-20 06:00:00,108.78711
2012-05-20 07:00:00,103.76117
2012-05-20 08:00:00,184.09135
2012-05-20 09:00:00,543.1198
2012-05-20 10:00:00,592.7801
2012-05-20 11:00:00,598.01715
2012-05-20 12:00:00,608.8595
2012-05-20 13:00:00,604.0719
2012-05-20 14:00:00,607.21375
2012-05-20 15:00:00,481.06226
2012-05-20 16:00:00,605.24835
2012-05-20 17:00:00,557.9458
2012-05-20 18:00:00,550.21796
2012-05-20 19:00:00,502.2279
2012-05-20 20:00:00,502.2279
2012-05-20 21:00:00,398.64783
2012-05-20 22:00:00,206.93529
2012-05-20 23:00:00,360.86426
2012-05-21 00:00:00,117.87024
2012-05-21 01:00:00,85.68094
2012-05-21 02:00:00,139.60165
2012-05-21 03:00:00,200.91414
2012-05-21 04:00:00,118.76417
2012-05-21 05:00:00,118.76417
2012-05-21 06:00:00,118.76417
2012-05-21 07:00:00,118.76417
2012-05-21 08:00:00,166.27197
2012-05-21 09:00:00,174.38588
2012-05-21 10:00:00,132.32545
2012-05-21 11:00:00,219.80667
2012-05-21 12:00:00,237.53868
2012-05-21 13:00:00,125.86492
2012-05-21 14:00:00,146.61748
2012-05-21 15:00:00,288.29144
2012-05-21 16:00:00,299.14285
2012-05-21 17:00:00,264.4513
2012-05-21 18:00:00,162.08357
2012-05-21 19:00:00,253.20815
2012-05-21 20:00:00,215.9912
2012-05-21 21:00:00,207.15842
2012-05-21 22:00:00,278.7152
2012-05-21 23:00:00,221.0794
2012-05-22 00:00:00,376.89594
2012-05-22 01:00:00,179.13826
2012-05-22 02:00:00,182.89941
2012-05-22 03:00:00,182.89941
2012-05-22 04:00:00,223.49422
2012-05-22 05:00:00,178.06827
2012-05-22 06:00:00,86.63733
2012-05-22 07:00:00,86.63733
2012-05-22 08:00:00,198.72063
2012-05-22 09:00:00,195.14137
2012-05-22 10:00:00,148.90523
2012-05-22 11:00:00,101.993706
2012-05-22 12:00:00,173.4016
2012-05-22 13:00:00,167.50693
2012-05-22 14:00:00,238.62834
2012-05-22 15:00:00,336.26907
2012-05-22 16:00:00,303.51016
2012-05-22 17:00:00,153.62831
2012-05-22 18:00:00,264.1387
2012-05-22 19:00:00,213.346
2012-05-22 20:00:00,228.9294
2012-05-22 21:00:00,109.6238
2012-05-22 22:00:00,150.62941
2012-05-22 23:00:00,137.09756
2012-05-23 00:00:00,109.6238
2012-05-23 01:00:00,106.51604
2012-05-23 02:00:00,219.80667
2012-05-23 03:00:00,86.80704
2012-05-23 04:00:00,143.0409
2012-05-23 05:00:00,166.27197
2012-05-23 06:00:00,53.865845
2012-05-23 07:00:00,237.7014
2012-05-23 08:00:00,237.7014
2012-05-23 09:00:00,92.977104
2012-05-23 10:00:00,108.97863
2012-05-23 11:00:00,84.23623
2012-05-23 12:00:00,193.89551
2012-05-23 13:00:00,284.40662
2012-05-23 14:00:00,231.15575
2012-05-23 15:00:00,212.6679
2012-05-23 16:00:00,98.23858
2012-05-23 17:00:00,85.893166
2012-05-23 18:00:00,85.893166
2012-05-23 19:00:00,221.46062
2012-05-23 20:00:00,195.49867
2012-05-23 21:00:00,134.94011
2012-05-23 22:00:00,221.46062
2012-05-23 23:00:00,85.22303
2012-05-24 00:00:00,66.98749
2012-05-24 01:00:00,61.788612
2012-05-24 02:00:00,260.89294
2012-05-24 03:00:00,201.25719
2012-05-24 04:00:00,232.77113
2012-05-24 05:00:00,232.77113
2012-05-24 06:00:00,232.77113
2012-05-24 07:00:00,72.936966
2012-05-24 08:00:00,235.67372
2012-05-24 09:00:00,270.1954
2012-05-24 10:00:00,231.57182
2012-05-24 11:00:00,229.38646
2012-05-24 12:00:00,377.0427
2012-05-24 13:00:00,313.39005
2012-05-24 14:00:00,325.73425
2012-05-24 15:00:00,407.4087
2012-05-24 16:00:00,469.34265
2012-05-24 17:00:00,556.94116
2012-05-24 18:00:00,507.41483
2012-05-24 19:00:00,304.0733
2012-05-24 20:00:00,266.44318
2012-05-24 21:00:00,154.26369
2012-05-24 22:00:00,155.91298
2012-05-24 23:00:00,189.2903
2012-05-25 00:00:00,93.927925
2012-05-25 01:00:00,87.64182
2012-05-25 02:00:00,134.94011
2012-05-25 03:00:00,183.03514
2012-05-25 04:00:00,223.8803
2012-05-25 05:00:00,193.89934
2012-05-25 06:00:00,183.03514
2012-05-25 07:00:00,231.13773
2012-05-25 08:00:00,167.74033
2012-05-25 09:00:00,168.52568
2012-05-25 10:00:00,206.08893
2012-05-25 11:00:00,179.04222
2012-05-25 12:00:00,239.46947
2012-05-25 13:00:00,295.86005
2012-05-25 14:00:00,345.9167
2012-05-25 15:00:00,263.52246
2012-05-25 16:00:00,598.8371
2012-05-25 17:00:00,373.64728
2012-05-25 18:00:00,263.52246
2012-05-25 19:00:00,282.51428
2012-05-25 20:00:00,236.63638
2012-05-25 21:00:00,236.20366
2012-05-25 22:00:00,176.94676
2012-05-25 23:00:00,226.39781
2012-05-26 00:00:00,112.59811
2012-05-26 01:00:00,92.83008
2012-05-26 02:00:00,110.89342
2012-05-26 03:00:00,40.722275
2012-05-26 04:00:00,103.10685
2012-05-26 05:00:00,110.259575
2012-05-26 06:00:00,91.96727
2012-05-26 07:00:00,125.78675
2012-05-26 08:00:00,101.169945
2012-05-26 09:00:00,112.87015
2012-05-26 10:00:00,170.94359
2012-05-26 11:00:00,201.66528
2012-05-26 12:00:00,285.7195
2012-05-26 13:00:00,265.256
2012-05-26 14:00:00,298.63507
2012-05-26 15:00:00,397.67484
2012-05-26 16:00:00,352.211
2012-05-26 17:00:00,454.82574
2012-05-26 18:00:00,364.3499
2012-05-26 19:00:00,256.06244
2012-05-26 20:00:00,336.71307
2012-05-26 21:00:00,225.68336
2012-05-26 22:00:00,299.93002
2012-05-26 23:00:00,299.93002
2012-05-27 00:00:00,162.22273
2012-05-27 01:00:00,176.4101
2012-05-27 02:00:00,162.44698
2012-05-27 03:00:00,130.63112
2012-05-27 04:00:00,111.63394
2012-05-27 05:00:00,111.63394
2012-05-27 06:00:00,113.02024
2012-05-27 07:00:00,100.778984
2012-05-27 08:00:00,112.87015
2012-05-27 09:00:00,129.54416
2012-05-27 10:00:00,210.8078
2012-05-27 11:00:00,302.18365
2012-05-27 12:00:00,341.8371
2012-05-27 13:00:00,287.29517
2012-05-27 14:00:00,341.3022
2012-05-27 15:00:00,402.05185
2012-05-27 16:00:00,402.05185
2012-05-27 17:00:00,465.53186
2012-05-27 18:00:00,412.841
2012-05-27 19:00:00,287.29517
2012-05-27 20:00:00,326.38168
2012-05-27 21:00:00,142.91896
2012-05-27 22:00:00,59.38276
2012-05-27 23:00:00,349.79877
2012-05-28 00:00:00,125.8989
2012-05-28 01:00:00,132.69746
2012-05-28 02:00:00,121.28963
2012-05-28 03:00:00,112.30372
2012-05-28 04:00:00,65.33412
2012-05-28 05:00:00,65.33412
2012-05-28 06:00:00,112.30372
2012-05-28 07:00:00,80.19475
2012-05-28 08:00:00,33.97468
2012-05-28 09:00:00,67.75138
2012-05-28 10:00:00,67.75138
2012-05-28 11:00:00,354.54428
2012-05-28 12:00:00,458.39508
2012-05-28 13:00:00,298.36914
2012-05-28 14:00:00,298.36914
2012-05-28 15:00:00,328.31052
2012-05-28 16:00:00,336.52002
2012-05-28 17:00:00,328.31052
2012-05-28 18:00:00,281.45486
2012-05-28 19:00:00,299.02377
2012-05-28 20:00:00,271.38864
2012-05-28 21:00:00,335.30057
2012-05-28 22:00:00,309.58148
2012-05-28 23:00:00,193.6476
2012-05-29 00:00:00,210.42621
2012-05-29 01:00:00,210.42621
2012-05-29 02:00:00,145.37633
2012-05-29 03:00:00,235.72707
2012-05-29 04:00:00,226.39781
2012-05-29 05:00:00,226.39781
2012-05-29 06:00:00,226.39781
2012-05-29 07:00:00,226.39781
2012-05-29 08:00:00,211.85811
2012-05-29 09:00:00,240.0691
2012-05-29 10:00:00,278.07068
2012-05-29 11:00:00,434.46753
2012-05-29 12:00:00,532.5582
2012-05-29 13:00:00,345.61664
2012-05-29 14:00:00,351.7833
2012-05-29 15:00:00,319.98685
2012-05-29 16:00:00,378.98004
2012-05-29 17:00:00,328.04468
2012-05-29 18:00:00,406.62103
2012-05-29 19:00:00,479.14655
2012-05-29 20:00:00,207.36893
2012-05-29 21:00:00,76.477234
2012-05-29 22:00:00,193.89934
2012-05-29 23:00:00,112.06547
2012-05-30 00:00:00,107.28285
2012-05-30 01:00:00,179.26167
2012-05-30 02:00:00,149.83765
2012-05-30 03:00:00,155.77292
2012-05-30 04:00:00,176.67757
2012-05-30 05:00:00,196.73247
2012-05-30 06:00:00,173.76039
2012-05-30 07:00:00,146.65134
2012-05-30 08:00:00,273.28247
2012-05-30 09:00:00,247.40593
2012-05-30 10:00:00,284.89038
2012-05-30 11:00:00,238.3692
2012-05-30 12:00:00,138.3998
2012-05-30 13:00:00,173.05272
2012-05-30 14:00:00,344.89218
2012-05-30 15:00:00,435.2168
2012-05-30 16:00:00,350.0906
2012-05-30 17:00:00,414.47162
2012-05-30 18:00:00,490.81598
2012-05-30 19:00:00,313.39005
2012-05-30 20:00:00,179.74615
2012-05-30 21:00:00,385.17615
2012-05-30 22:00:00,210.91328
2012-05-30 23:00:00,220.40456
2012-05-31 00:00:00,215.9912
2012-05-31 01:00:00,265.5683
2012-05-31 02:00:00,227.97261
2012-05-31 03:00:00,207.15842
2012-05-31 04:00:00,67.71686
2012-05-31 05:00:00,198.42244
2012-05-31 06:00:00,282.14142
2012-05-31 07:00:00,221.8012
2012-05-31 08:00:00,215.06844
2012-05-31 09:00:00,385.1001
2012-05-31 10:00:00,395.41956
2012-05-31 11:00:00,485.31146
2012-05-31 12:00:00,360.43878
2012-05-31 13:00:00,260.17484
2012-05-31 14:00:00,509.12387
2012-05-31 15:00:00,395.49066
2012-05-31 16:00:00,441.5904
2012-05-31 17:00:00,449.2757
2012-05-31 18:00:00,532.8973
2012-05-31 19:00:00,396.22458
2012-05-31 20:00:00,362.79755
2012-05-31 21:00:00,362.79755
2012-05-31 22:00:00,339.0017
2012-05-31 23:00:00,245.27528
2012-06-20 00:00:00,210.42621
2012-06-20 01:00:00,211.31102
2012-06-20 02:00:00,143.53699
2012-06-20 03:00:00,119.81489
2012-06-20 04:00:00,131.40887
2012-06-20 05:00:00,131.40887
2012-06-20 06:00:00,178.90045
2012-06-20 07:00:00,180.17207
2012-06-20 08:00:00,166.29422
2012-06-20 09:00:00,186.145
2012-06-20 10:00:00,500.62048
2012-06-20 11:00:00,256.06964
2012-06-20 12:00:00,204.8579
2012-06-20 13:00:00,194.6921
2012-06-20 14:00:00,271.89468
2012-06-20 15:00:00,176.55449
2012-06-20 16:00:00,187.77179
2012-06-20 17:00:00,165.84637
2012-06-20 18:00:00,165.84636
2012-06-20 19:00:00,353.77826
2012-06-20 20:00:00,314.3203
2012-06-20 21:00:00,219.94838
2012-06-20 22:00:00,281.45807
2012-06-20 23:00:00,381.52158
2012-06-21 00:00:00,251.25624
2012-06-21 01:00:00,161.01338
2012-06-21 02:00:00,124.16505
2012-06-21 03:00:00,118.66346
2012-06-21 04:00:00,83.73473
2012-06-21 05:00:00,79.97901
2012-06-21 06:00:00,151.73257
2012-06-21 07:00:00,151.73257
2012-06-21 08:00:00,129.05272
2012-06-21 09:00:00,291.88422
2012-06-21 10:00:00,261.08392
2012-06-21 11:00:00,341.31415
2012-06-21 12:00:00,375.4236
2012-06-21 13:00:00,341.2293
2012-06-21 14:00:00,360.06964
2012-06-21 15:00:00,343.61157
2012-06-21 16:00:00,351.07486
2012-06-21 17:00:00,316.02655
2012-06-21 18:00:00,342.71838
2012-06-21 19:00:00,372.79468
2012-06-21 20:00:00,316.2085
2012-06-21 21:00:00,302.8864
2012-06-21 22:00:00,374.15448
2012-06-21 23:00:00,233.29445
2012-06-22 00:00:00,281.2894
2012-06-22 01:00:00,318.61487
2012-06-22 02:00:00,107.727806
2012-06-22 03:00:00,107.727806
2012-06-22 04:00:00,335.99524
2012-06-22 05:00:00,236.66432
2012-06-22 06:00:00,333.09692
2012-06-22 07:00:00,278.1301
2012-06-22 08:00:00,223.87715
2012-06-22 09:00:00,377.26535
2012-06-22 10:00:00,247.43971
2012-06-22 11:00:00,315.95325
2012-06-22 12:00:00,286.12704
2012-06-22 13:00:00,372.79468
2012-06-22 14:00:00,372.79468
2012-06-22 15:00:00,233.14635
2012-06-22 16:00:00,320.66156
2012-06-22 17:00:00,418.01422
2012-06-22 18:00:00,203.06067
2012-06-22 19:00:00,354.37296
2012-06-22 20:00:00,354.37296
2012-06-22 21:00:00,300.562
2012-06-22 22:00:00,182.91252
2012-06-22 23:00:00,228.28874
2012-06-23 00:00:00,78.81962
2012-06-23 01:00:00,95.99012
2012-06-23 02:00:00,106.20161
2012-06-23 03:00:00,94.44617
2012-06-23 04:00:00,100.27744
2012-06-23 05:00:00,106.20161
2012-06-23 06:00:00,99.65325
2012-06-23 07:00:00,82.80276
2012-06-23 08:00:00,181.42346
2012-06-23 09:00:00,238.92545
2012-06-23 10:00:00,312.57092
2012-06-23 11:00:00,465.63013
2012-06-23 12:00:00,523.2596
2012-06-23 13:00:00,515.9271
2012-06-23 14:00:00,685.4773
2012-06-23 15:00:00,554.7247
2012-06-23 16:00:00,526.14716
2012-06-23 17:00:00,515.2549
2012-06-23 18:00:00,517.0328
2012-06-23 19:00:00,461.34625
2012-06-23 20:00:00,657.1659
2012-06-23 21:00:00,670.8373
2012-06-23 22:00:00,465.99387
2012-06-23 23:00:00,462.56522
2012-06-24 00:00:00,604.18884
2012-06-24 01:00:00,241.03958
2012-06-24 02:00:00,479.10907
2012-06-24 03:00:00,256.2197
2012-06-24 04:00:00,445.09625
2012-06-24 05:00:00,141.29922
2012-06-24 06:00:00,211.7014
2012-06-24 07:00:00,115.2956
2012-06-24 08:00:00,116.09229
2012-06-24 09:00:00,550.541
2012-06-24 10:00:00,580.4944
2012-06-24 11:00:00,551.2474
2012-06-24 12:00:00,633.6439
2012-06-24 13:00:00,615.6123
2012-06-24 14:00:00,553.3992
2012-06-24 15:00:00,470.98346
2012-06-24 16:00:00,540.34204
2012-06-24 17:00:00,543.12506
2012-06-24 18:00:00,546.23114
2012-06-24 19:00:00,611.89764
2012-06-24 20:00:00,505.45667
2012-06-24 21:00:00,363.07666
2012-06-24 22:00:00,259.42743
2012-06-24 23:00:00,258.52237
2012-06-25 00:00:00,299.828
2012-06-25 01:00:00,240.74739
2012-06-25 02:00:00,238.551
2012-06-25 03:00:00,234.5667
2012-06-25 04:00:00,124.05015
2012-06-25 05:00:00,155.96678
2012-06-25 06:00:00,139.48352
2012-06-25 07:00:00,155.26924
2012-06-25 08:00:00,167.8236
2012-06-25 09:00:00,221.12099
2012-06-25 10:00:00,264.36136
2012-06-25 11:00:00,341.22897
2012-06-25 12:00:00,325.47507
2012-06-25 13:00:00,306.8282
2012-06-25 14:00:00,317.59198
2012-06-25 15:00:00,522.25085
2012-06-25 16:00:00,399.45996
2012-06-25 17:00:00,537.8755
2012-06-25 18:00:00,596.67664
2012-06-25 19:00:00,629.5785
2012-06-25 20:00:00,588.1278
2012-06-25 21:00:00,481.56458
2012-06-25 22:00:00,505.2853
2012-06-25 23:00:00,467.02142
2012-06-26 00:00:00,491.29745
2012-06-26 01:00:00,436.55267
2012-06-26 02:00:00,264.09595
2012-06-26 03:00:00,187.92934
2012-06-26 04:00:00,203.85146
2012-06-26 05:00:00,280.6015
2012-06-26 06:00:00,169.84557
2012-06-26 07:00:00,140.03607
2012-06-26 08:00:00,196.00212
2012-06-26 09:00:00,339.7202
2012-06-26 10:00:00,335.48203
2012-06-26 11:00:00,445.3196
2012-06-26 12:00:00,439.65805
2012-06-26 13:00:00,563.1384
2012-06-26 14:00:00,563.1384
2012-06-26 15:00:00,592.2842
2012-06-26 16:00:00,707.4585
2012-06-26 17:00:00,617.02014
2012-06-26 18:00:00,606.1859
2012-06-26 19:00:00,470.99713
2012-06-26 20:00:00,446.77325
2012-06-26 21:00:00,347.03445
2012-06-26 22:00:00,391.16443
2012-06-26 23:00:00,244.18494
2012-06-27 00:00:00,438.39517
2012-06-27 01:00:00,282.05884
2012-06-27 02:00:00,236.6746
2012-06-27 03:00:00,199.70816
2012-06-27 04:00:00,493.49158
2012-06-27 05:00:00,386.3349
2012-06-27 06:00:00,217.47292
2012-06-27 07:00:00,323.13
2012-06-27 08:00:00,290.93372
2012-06-27 09:00:00,330.75397
2012-06-27 10:00:00,290.0411
2012-06-27 11:00:00,548.4871
2012-06-27 12:00:00,511.78796
2012-06-27 13:00:00,407.6183
2012-06-27 14:00:00,499.4667
2012-06-27 15:00:00,506.69812
2012-06-27 16:00:00,539.33905
2012-06-27 17:00:00,487.38965
2012-06-27 18:00:00,407.6183
2012-06-27 19:00:00,469.34772
2012-06-27 20:00:00,321.0017
2012-06-27 21:00:00,254.20474
2012-06-27 22:00:00,274.0891
2012-06-27 23:00:00,177.8206
2012-06-28 00:00:00,123.80917
2012-06-28 01:00:00,131.59358
2012-06-28 02:00:00,120.92216
2012-06-28 03:00:00,120.92216
2012-06-28 04:00:00,173.90648
2012-06-28 05:00:00,173.3427
2012-06-28 06:00:00,173.3427
2012-06-28 07:00:00,173.90648
2012-06-28 08:00:00,129.19386
2012-06-28 09:00:00,194.95772
2012-06-28 10:00:00,345.878
2012-06-28 11:00:00,281.69403
2012-06-28 12:00:00,322.97083
2012-06-28 13:00:00,324.04272
2012-06-28 14:00:00,347.1278
2012-06-28 15:00:00,347.1278
2012-06-28 16:00:00,342.05823
2012-06-28 17:00:00,358.17664
2012-06-28 18:00:00,348.57697
2012-06-28 19:00:00,242.44362
2012-06-28 20:00:00,339.3646
2012-06-28 21:00:00,305.5396
2012-06-28 22:00:00,250.67032
2012-06-28 23:00:00,229.08208
2012-06-29 00:00:00,229.08208
2012-06-29 01:00:00,229.76833
2012-06-29 02:00:00,254.70042
2012-06-29 03:00:00,254.70042
2012-06-29 04:00:00,204.82489
2012-06-29 05:00:00,210.8347
2012-06-29 06:00:00,216.36647
2012-06-29 07:00:00,210.8347
2012-06-29 08:00:00,160.60838
2012-06-29 09:00:00,264.36136
2012-06-29 10:00:00,288.69135
2012-06-29 11:00:00,411.10376
2012-06-29 12:00:00,430.48254
2012-06-29 13:00:00,372.4718
2012-06-29 14:00:00,390.9633
2012-06-29 15:00:00,352.41953
2012-06-29 16:00:00,352.41953
2012-06-29 17:00:00,356.90295
2012-06-29 18:00:00,387.88348
2012-06-29 19:00:00,284.38358
2012-06-29 20:00:00,354.44263
2012-06-29 21:00:00,219.8571
2012-06-29 22:00:00,374.90176
2012-06-29 23:00:00,374.90176
2012-06-30 00:00:00,108.457726
2012-06-30 01:00:00,55.40589
2012-06-30 02:00:00,58.118446
2012-06-30 03:00:00,58.118446
2012-06-30 04:00:00,58.30342
2012-06-30 05:00:00,54.500374
2012-06-30 06:00:00,54.500374
2012-06-30 07:00:00,54.500374
2012-06-30 08:00:00,54.500374
2012-06-30 09:00:00,54.500374
2012-06-30 10:00:00,511.3996
2012-06-30 11:00:00,511.3996
2012-06-30 12:00:00,511.3996
2012-06-30 13:00:00,511.3996
2012-06-30 14:00:00,511.3996
2012-06-30 15:00:00,511.3996
2012-06-30 16:00:00,382.20514
2012-06-30 17:00:00,408.31616
2012-06-30 18:00:00,405.9062
2012-06-30 19:00:00,464.8714
2012-06-30 20:00:00,324.0152
2012-06-30 21:00:00,324.0152
2012-06-30 22:00:00,256.37106
2012-06-30 23:00:00,325.8495
2012-07-20 00:00:00,63.325962
2012-07-20 01:00:00,89.290184
2012-07-20 02:00:00,146.566
2012-07-20 03:00:00,143.12753
2012-07-20 04:00:00,136.80473
2012-07-20 05:00:00,137.3395
2012-07-20 06:00:00,136.80473
2012-07-20 07:00:00,146.08195
2012-07-20 08:00:00,212.1795
2012-07-20 09:00:00,259.80838
2012-07-20 10:00:00,247.25514
2012-07-20 11:00:00,258.81506
2012-07-20 12:00:00,205.70045
2012-07-20 13:00:00,66.063866
2012-07-20 14:00:00,208.20302
2012-07-20 15:00:00,137.46791
2012-07-20 16:00:00,139.07373
2012-07-20 17:00:00,248.40532
2012-07-20 18:00:00,168.50987
2012-07-20 19:00:00,126.24599
2012-07-20 20:00:00,96.85089
2012-07-20 21:00:00,96.76058
2012-07-20 22:00:00,157.89703
2012-07-20 23:00:00,130.37822
2012-07-21 00:00:00,223.73717
2012-07-21 01:00:00,109.77212
2012-07-21 02:00:00,393.83215
2012-07-21 03:00:00,181.31966
2012-07-21 04:00:00,388.5302
2012-07-21 05:00:00,359.5219
2012-07-21 06:00:00,359.5219
2012-07-21 07:00:00,96.67513
2012-07-21 08:00:00,134.32196
2012-07-21 09:00:00,97.303406
2012-07-21 10:00:00,359.5219
2012-07-21 11:00:00,123.677956
2012-07-21 12:00:00,100.87803
2012-07-21 13:00:00,78.187996
2012-07-21 14:00:00,83.25291
2012-07-21 15:00:00,181.31966
2012-07-21 16:00:00,81.709145
2012-07-21 17:00:00,84.49458
2012-07-21 18:00:00,70.72638
2012-07-21 19:00:00,116.69529
2012-07-21 20:00:00,84.49458
2012-07-21 21:00:00,116.69533
2012-07-21 22:00:00,64.069565
2012-07-21 23:00:00,77.278755
2012-07-22 00:00:00,64.069565
2012-07-22 01:00:00,116.69533
2012-07-22 02:00:00,64.069565
2012-07-22 03:00:00,64.069565
2012-07-22 04:00:00,61.476322
2012-07-22 05:00:00,61.476322
2012-07-22 06:00:00,84.87565
2012-07-22 07:00:00,91.12409
2012-07-22 08:00:00,151.72737
2012-07-22 09:00:00,382.95682
2012-07-22 10:00:00,266.68005
2012-07-22 11:00:00,266.68005
2012-07-22 12:00:00,266.86227
2012-07-22 13:00:00,272.2116
2012-07-22 14:00:00,210.76855
2012-07-22 15:00:00,210.76855
2012-07-22 16:00:00,216.00854
2012-07-22 17:00:00,232.29506
2012-07-22 18:00:00,244.4937
2012-07-22 19:00:00,201.03777
2012-07-22 20:00:00,148.94035
2012-07-22 21:00:00,126.6238
2012-07-22 22:00:00,138.93636
2012-07-22 23:00:00,96.40217
2012-07-23 00:00:00,73.50808
2012-07-23 01:00:00,120.088356
2012-07-23 02:00:00,100.77256
2012-07-23 03:00:00,100.77256
2012-07-23 04:00:00,117.198814
2012-07-23 05:00:00,117.198814
2012-07-23 06:00:00,137.46696
2012-07-23 07:00:00,92.88044
2012-07-23 08:00:00,124.16505
2012-07-23 09:00:00,262.6599
2012-07-23 10:00:00,349.31042
2012-07-23 11:00:00,167.20573
2012-07-23 12:00:00,167.20573
2012-07-23 13:00:00,177.91933
2012-07-23 14:00:00,263.46344
2012-07-23 15:00:00,291.88422
2012-07-23 16:00:00,267.8488
2012-07-23 17:00:00,267.8488
2012-07-23 18:00:00,284.20862
2012-07-23 19:00:00,295.96396
2012-07-23 20:00:00,310.74414
2012-07-23 21:00:00,324.56454
2012-07-23 22:00:00,284.90643
2012-07-23 23:00:00,242.82616
2012-07-24 00:00:00,190.42729
2012-07-24 01:00:00,138.4211
2012-07-24 02:00:00,134.4949
2012-07-24 03:00:00,134.4949
2012-07-24 04:00:00,88.4891
2012-07-24 05:00:00,83.98322
2012-07-24 06:00:00,96.9718
2012-07-24 07:00:00,208.60466
2012-07-24 08:00:00,291.06323
2012-07-24 09:00:00,446.71356
2012-07-24 10:00:00,286.8473
2012-07-24 11:00:00,360.64453
2012-07-24 12:00:00,254.13928
2012-07-24 13:00:00,309.72864
2012-07-24 14:00:00,245.91974
2012-07-24 15:00:00,294.80383
2012-07-24 16:00:00,337.13315
2012-07-24 17:00:00,260.46866
2012-07-24 18:00:00,453.30472
2012-07-24 19:00:00,310.74414
2012-07-24 20:00:00,275.80444
2012-07-24 21:00:00,307.35556
2012-07-24 22:00:00,333.0453
2012-07-24 23:00:00,392.2279
2012-07-25 00:00:00,344.47485
2012-07-25 01:00:00,224.92007
2012-07-25 02:00:00,213.99211
2012-07-25 03:00:00,196.64992
2012-07-25 04:00:00,179.83376
2012-07-25 05:00:00,180.37991
2012-07-25 06:00:00,178.24466
2012-07-25 07:00:00,221.9423
2012-07-25 08:00:00,454.7669
2012-07-25 09:00:00,275.31708
2012-07-25 10:00:00,236.03957
2012-07-25 11:00:00,380.80908
2012-07-25 12:00:00,380.80908
2012-07-25 13:00:00,295.26053
2012-07-25 14:00:00,271.4712
2012-07-25 15:00:00,240.64517
2012-07-25 16:00:00,284.68384
2012-07-25 17:00:00,240.95425
2012-07-25 18:00:00,341.7868
2012-07-25 19:00:00,236.03516
2012-07-25 20:00:00,478.41928
2012-07-25 21:00:00,261.66232
2012-07-25 22:00:00,226.5478
2012-07-25 23:00:00,282.32587
2012-07-26 00:00:00,181.58037
2012-07-26 01:00:00,196.64992
2012-07-26 02:00:00,187.37123
2012-07-26 03:00:00,167.6746
2012-07-26 04:00:00,155.72202
2012-07-26 05:00:00,155.72202
2012-07-26 06:00:00,124.05015
2012-07-26 07:00:00,236.12196
2012-07-26 08:00:00,239.90085
2012-07-26 09:00:00,240.25696
2012-07-26 10:00:00,309.24207
2012-07-26 11:00:00,433.0382
2012-07-26 12:00:00,210.37305
2012-07-26 13:00:00,263.38654
2012-07-26 14:00:00,302.93408
2012-07-26 15:00:00,315.85913
2012-07-26 16:00:00,264.00278
2012-07-26 17:00:00,243.95293
2012-07-26 18:00:00,253.37509
2012-07-26 19:00:00,245.7188
2012-07-26 20:00:00,268.34113
2012-07-26 21:00:00,424.03253
2012-07-26 22:00:00,424.03253
2012-07-26 23:00:00,222.95406
2012-07-27 00:00:00,128.03906
2012-07-27 01:00:00,220.17848
2012-07-27 02:00:00,131.926
2012-07-27 03:00:00,208.60466
2012-07-27 04:00:00,101.05206
2012-07-27 05:00:00,78.10948
2012-07-27 06:00:00,101.05206
2012-07-27 07:00:00,259.18768
2012-07-27 08:00:00,287.50055
2012-07-27 09:00:00,285.41754
2012-07-27 10:00:00,345.75116
2012-07-27 11:00:00,323.67694
2012-07-27 12:00:00,304.32486
2012-07-27 13:00:00,316.16647
2012-07-27 14:00:00,322.88275
2012-07-27 15:00:00,354.2234
2012-07-27 16:00:00,285.5106
2012-07-27 17:00:00,292.43283
2012-07-27 18:00:00,293.36475
2012-07-27 19:00:00,302.8864
2012-07-27 20:00:00,267.4816
2012-07-27 21:00:00,267.4816
2012-07-27 22:00:00,291.87967
2012-07-27 23:00:00,136.99422
2012-07-28 00:00:00,228.28639
2012-07-28 01:00:00,127.827614
2012-07-28 02:00:00,180.91415
2012-07-28 03:00:00,180.91415
2012-07-28 04:00:00,121.53492
2012-07-28 05:00:00,96.40217
2012-07-28 06:00:00,141.10912
2012-07-28 07:00:00,172.77536
2012-07-28 08:00:00,244.4937
2012-07-28 09:00:00,273.75513
2012-07-28 10:00:00,344.72327
2012-07-28 11:00:00,475.35794
2012-07-28 12:00:00,459.01343
2012-07-28 13:00:00,478.49948
2012-07-28 14:00:00,481.8828
2012-07-28 15:00:00,563.4941
2012-07-28 16:00:00,466.92172
2012-07-28 17:00:00,384.9608
2012-07-28 18:00:00,484.70483
2012-07-28 19:00:00,114.27274
2012-07-28 20:00:00,88.700745
2012-07-28 21:00:00,116.06388
2012-07-28 22:00:00,116.06388
2012-07-28 23:00:00,108.929985
2012-07-29 00:00:00,78.158295
2012-07-29 01:00:00,102.60501
2012-07-29 02:00:00,102.99921
2012-07-29 03:00:00,149.52249
2012-07-29 04:00:00,139.60869
2012-07-29 05:00:00,109.931595
2012-07-29 06:00:00,103.72271
2012-07-29 07:00:00,168.82469
2012-07-29 08:00:00,233.39885
2012-07-29 09:00:00,257.30206
2012-07-29 10:00:00,135.32477
2012-07-29 11:00:00,363.07666
2012-07-29 12:00:00,311.91513
2012-07-29 13:00:00,430.85962
2012-07-29 14:00:00,469.933
2012-07-29 15:00:00,453.0807
2012-07-29 16:00:00,453.0807
2012-07-29 17:00:00,444.13037
2012-07-29 18:00:00,572.13293
2012-07-29 19:00:00,291.4636
2012-07-29 20:00:00,216.00854
2012-07-29 21:00:00,172.77536
2012-07-29 22:00:00,141.10912
2012-07-29 23:00:00,167.74367
2012-07-30 00:00:00,158.0879
2012-07-30 01:00:00,117.91599
2012-07-30 02:00:00,110.62536
2012-07-30 03:00:00,76.126884
2012-07-30 04:00:00,76.126884
2012-07-30 05:00:00,83.98322
2012-07-30 06:00:00,134.4949
2012-07-30 07:00:00,91.99901
2012-07-30 08:00:00,240.88106
2012-07-30 09:00:00,347.37567
2012-07-30 10:00:00,239.37987
2012-07-30 11:00:00,209.44171
2012-07-30 12:00:00,223.1108
2012-07-30 13:00:00,315.95325
2012-07-30 14:00:00,306.0601
2012-07-30 15:00:00,285.1164
2012-07-30 16:00:00,274.48404
2012-07-30 17:00:00,355.3386
2012-07-30 18:00:00,310.2226
2012-07-30 19:00:00,299.3531
2012-07-30 20:00:00,279.30362
2012-07-30 21:00:00,259.18768
2012-07-30 22:00:00,229.74297
2012-07-30 23:00:00,217.39748
2012-07-31 00:00:00,105.69961
2012-07-31 01:00:00,96.9718
2012-07-31 02:00:00,96.97183
2012-07-31 03:00:00,88.48913
2012-07-31 04:00:00,88.4891
2012-07-31 05:00:00,134.4949
2012-07-31 06:00:00,103.9198
2012-07-31 07:00:00,127.30851
2012-07-31 08:00:00,131.92598
2012-07-31 09:00:00,220.17848
2012-07-31 10:00:00,125.12585
2012-07-31 11:00:00,165.80472
2012-07-31 12:00:00,293.9925
2012-07-31 13:00:00,349.1958
2012-07-31 14:00:00,349.1958
2012-07-31 15:00:00,321.79575
2012-07-31 16:00:00,377.26535
2012-07-31 17:00:00,319.32355
2012-07-31 18:00:00,405.44724
2012-07-31 19:00:00,200.60979
2012-07-31 20:00:00,229.67867
2012-07-31 21:00:00,127.39032
2012-07-31 22:00:00,167.39322
2012-07-31 23:00:00,170.30238
2012-08-20 00:00:00,149.66621
2012-08-20 01:00:00,122.519325
2012-08-20 02:00:00,122.519325
2012-08-20 03:00:00,63.338783
2012-08-20 04:00:00,138.04938
2012-08-20 05:00:00,99.12182
2012-08-20 06:00:00,206.46455
2012-08-20 07:00:00,239.05745
2012-08-20 08:00:00,254.49582
2012-08-20 09:00:00,233.7798
2012-08-20 10:00:00,188.96834
2012-08-20 11:00:00,176.70285
2012-08-20 12:00:00,164.1245
2012-08-20 13:00:00,226.5478
2012-08-20 14:00:00,213.66972
2012-08-20 15:00:00,326.64465
2012-08-20 16:00:00,326.64465
2012-08-20 17:00:00,293.61792
2012-08-20 18:00:00,135.29176
2012-08-20 19:00:00,203.48036
2012-08-20 20:00:00,130.37822
2012-08-20 21:00:00,97.69232
2012-08-20 22:00:00,99.12182
2012-08-20 23:00:00,99.12182
2012-08-21 00:00:00,138.04938
2012-08-21 01:00:00,135.34077
2012-08-21 02:00:00,128.34283
2012-08-21 03:00:00,79.28015
2012-08-21 04:00:00,79.28015
2012-08-21 05:00:00,81.95224
2012-08-21 06:00:00,71.09249
2012-08-21 07:00:00,93.24446
2012-08-21 08:00:00,131.08125
2012-08-21 09:00:00,104.84343
2012-08-21 10:00:00,184.8745
2012-08-21 11:00:00,148.67009
2012-08-21 12:00:00,225.79666
2012-08-21 13:00:00,201.1931
2012-08-21 14:00:00,259.29672
2012-08-21 15:00:00,271.5275
2012-08-21 16:00:00,271.5275
2012-08-21 17:00:00,321.8199
2012-08-21 18:00:00,287.53088
2012-08-21 19:00:00,71.73578
2012-08-21 20:00:00,106.49786
2012-08-21 21:00:00,106.49786
2012-08-21 22:00:00,84.71827
2012-08-21 23:00:00,90.887886
2012-08-22 00:00:00,94.58618
2012-08-22 01:00:00,100.89187
2012-08-22 02:00:00,100.89187
2012-08-22 03:00:00,100.89187
2012-08-22 04:00:00,73.885925
2012-08-22 05:00:00,115.96371
2012-08-22 06:00:00,96.43554
2012-08-22 07:00:00,100.89187
2012-08-22 08:00:00,112.29598
2012-08-22 09:00:00,121.10723
2012-08-22 10:00:00,211.68304
2012-08-22 11:00:00,256.57257
2012-08-22 12:00:00,186.3724
2012-08-22 13:00:00,216.5986
2012-08-22 14:00:00,252.7068
2012-08-22 15:00:00,252.59093
2012-08-22 16:00:00,353.64655
2012-08-22 17:00:00,353.64655
2012-08-22 18:00:00,303.79822
2012-08-22 19:00:00,228.28874
2012-08-22 20:00:00,150.93117
2012-08-22 21:00:00,106.49786
2012-08-22 22:00:00,106.49786
2012-08-22 23:00:00,84.06217
2012-08-23 00:00:00,84.71827
2012-08-23 01:00:00,90.887886
2012-08-23 02:00:00,90.88793
2012-08-23 03:00:00,81.783875
2012-08-23 04:00:00,90.887886
2012-08-23 05:00:00,90.887886
2012-08-23 06:00:00,138.14848
2012-08-23 07:00:00,139.07889
2012-08-23 08:00:00,241.03775
2012-08-23 09:00:00,318.66476
2012-08-23 10:00:00,272.20325
2012-08-23 11:00:00,198.52782
2012-08-23 12:00:00,295.90668
2012-08-23 13:00:00,320.11517
2012-08-23 14:00:00,368.52124
2012-08-23 15:00:00,309.35916
2012-08-23 16:00:00,306.38843
2012-08-23 17:00:00,425.8579
2012-08-23 18:00:00,427.6947
2012-08-23 19:00:00,126.24128
2012-08-23 20:00:00,210.8347
2012-08-23 21:00:00,212.19078
2012-08-23 22:00:00,166.59883
2012-08-23 23:00:00,272.51025
2012-08-24 00:00:00,272.51025
2012-08-24 01:00:00,199.36443
2012-08-24 02:00:00,102.163605
2012-08-24 03:00:00,106.49786
2012-08-24 04:00:00,199.36443
2012-08-24 05:00:00,84.71827
2012-08-24 06:00:00,108.02242
2012-08-24 07:00:00,148.67924
2012-08-24 08:00:00,228.28874
2012-08-24 09:00:00,327.4057
2012-08-24 10:00:00,227.23256
2012-08-24 11:00:00,129.55412
2012-08-24 12:00:00,133.3977
2012-08-24 13:00:00,209.42561
2012-08-24 14:00:00,304.86258
2012-08-24 15:00:00,152.6163
2012-08-24 16:00:00,152.6163
2012-08-24 17:00:00,202.46584
2012-08-24 18:00:00,241.2683
2012-08-24 19:00:00,205.61911
2012-08-24 20:00:00,214.63602
2012-08-24 21:00:00,216.36647
2012-08-24 22:00:00,235.51291
2012-08-24 23:00:00,171.99706
2012-08-25 00:00:00,489.33826
2012-08-25 01:00:00,417.1304
2012-08-25 02:00:00,143.38454
2012-08-25 03:00:00,122.87549
2012-08-25 04:00:00,194.62517
2012-08-25 05:00:00,178.77327
2012-08-25 06:00:00,106.07852
2012-08-25 07:00:00,116.380165
2012-08-25 08:00:00,141.88498
2012-08-25 09:00:00,272.48627
2012-08-25 10:00:00,293.23383
2012-08-25 11:00:00,297.76407
2012-08-25 12:00:00,455.67767
2012-08-25 13:00:00,340.74274
2012-08-25 14:00:00,163.90828
2012-08-25 15:00:00,243.59145
2012-08-25 16:00:00,189.37067
2012-08-25 17:00:00,287.7604
2012-08-25 18:00:00,76.5794
2012-08-25 19:00:00,156.12888
2012-08-25 20:00:00,113.630905
2012-08-25 21:00:00,72.0424
2012-08-25 22:00:00,72.0424
2012-08-25 23:00:00,109.77212
2012-08-26 00:00:00,61.217117
2012-08-26 01:00:00,61.882317
2012-08-26 02:00:00,59.346233
2012-08-26 03:00:00,57.10134
2012-08-26 04:00:00,78.329475
2012-08-26 05:00:00,61.882317
2012-08-26 06:00:00,100.64933
2012-08-26 07:00:00,61.882317
2012-08-26 08:00:00,151.43535
2012-08-26 09:00:00,111.1183
2012-08-26 10:00:00,537.33295
2012-08-26 11:00:00,466.68307
2012-08-26 12:00:00,407.53564
2012-08-26 13:00:00,132.15958
2012-08-26 14:00:00,76.12439
2012-08-26 15:00:00,155.02515
2012-08-26 16:00:00,155.02515
2012-08-26 17:00:00,64.3805
2012-08-26 18:00:00,60.601967
2012-08-26 19:00:00,117.31924
2012-08-26 20:00:00,54.500374
2012-08-26 21:00:00,92.0799
2012-08-26 22:00:00,48.967392
2012-08-26 23:00:00,93.76978
2012-08-27 00:00:00,90.887886
2012-08-27 01:00:00,73.84189
2012-08-27 02:00:00,100.710014
2012-08-27 03:00:00,73.84191
2012-08-27 04:00:00,90.887886
2012-08-27 05:00:00,56.01357
2012-08-27 06:00:00,56.01357
2012-08-27 07:00:00,76.126884
2012-08-27 08:00:00,88.4891
2012-08-27 09:00:00,83.98322
2012-08-27 10:00:00,220.1537
2012-08-27 11:00:00,290.52585
2012-08-27 12:00:00,150.93889
2012-08-27 13:00:00,286.13852
2012-08-27 14:00:00,226.83571
2012-08-27 15:00:00,337.13315
2012-08-27 16:00:00,333.18988
2012-08-27 17:00:00,300.1842
2012-08-27 18:00:00,331.56015
2012-08-27 19:00:00,309.24207
2012-08-27 20:00:00,291.06323
2012-08-27 21:00:00,257.42828
2012-08-27 22:00:00,128.68005
2012-08-27 23:00:00,143.49855
2012-08-28 00:00:00,125.36601
2012-08-28 01:00:00,132.2487
2012-08-28 02:00:00,126.94062
2012-08-28 03:00:00,89.290184
2012-08-28 04:00:00,96.9718
2012-08-28 05:00:00,148.36339
2012-08-28 06:00:00,143.12753
2012-08-28 07:00:00,146.5731
2012-08-28 08:00:00,138.51414
2012-08-28 09:00:00,247.25516
2012-08-28 10:00:00,328.39722
2012-08-28 11:00:00,409.26752
2012-08-28 12:00:00,274.48404
2012-08-28 13:00:00,326.74747
2012-08-28 14:00:00,232.68779
2012-08-28 15:00:00,246.20374
2012-08-28 16:00:00,193.7393
2012-08-28 17:00:00,267.3733
2012-08-28 18:00:00,338.0559
2012-08-28 19:00:00,377.8303
2012-08-28 20:00:00,176.88725
2012-08-28 21:00:00,163.75858
2012-08-28 22:00:00,148.67009
2012-08-28 23:00:00,135.12064
2012-08-29 00:00:00,102.163605
2012-08-29 01:00:00,184.93483
2012-08-29 02:00:00,149.21127
2012-08-29 03:00:00,119.498116
2012-08-29 04:00:00,116.535774
2012-08-29 05:00:00,126.21411
2012-08-29 06:00:00,126.21411
2012-08-29 07:00:00,178.11067
2012-08-29 08:00:00,182.35619
2012-08-29 09:00:00,225.46904
2012-08-29 10:00:00,252.5316
2012-08-29 11:00:00,225.79666
2012-08-29 12:00:00,232.1894
2012-08-29 13:00:00,210.79622
2012-08-29 14:00:00,308.09363
2012-08-29 15:00:00,363.14532
2012-08-29 16:00:00,313.08682
2012-08-29 17:00:00,325.60074
2012-08-29 18:00:00,477.00583
2012-08-29 19:00:00,213.78612
2012-08-29 20:00:00,135.12064
2012-08-29 21:00:00,180.634
2012-08-29 22:00:00,131.59358
2012-08-29 23:00:00,132.28285
2012-08-30 00:00:00,104.84343
2012-08-30 01:00:00,114.43247
2012-08-30 02:00:00,96.43554
2012-08-30 03:00:00,96.43554
2012-08-30 04:00:00,96.43554
2012-08-30 05:00:00,96.43554
2012-08-30 06:00:00,122.519325
2012-08-30 07:00:00,106.49786
2012-08-30 08:00:00,115.862206
2012-08-30 09:00:00,141.19014
2012-08-30 10:00:00,161.85681
2012-08-30 11:00:00,308.09363
2012-08-30 12:00:00,327.02173
2012-08-30 13:00:00,216.5986
2012-08-30 14:00:00,252.59093
2012-08-30 15:00:00,358.46497
2012-08-30 16:00:00,323.42532
2012-08-30 17:00:00,346.69824
2012-08-30 18:00:00,342.17996
2012-08-30 19:00:00,252.59093
2012-08-30 20:00:00,278.1301
2012-08-30 21:00:00,227.88087
2012-08-30 22:00:00,117.921936
2012-08-30 23:00:00,166.72874
2012-08-31 00:00:00,140.31479
2012-08-31 01:00:00,140.31479
2012-08-31 02:00:00,89.29019
2012-08-31 03:00:00,80.86149
2012-08-31 04:00:00,91.154076
2012-08-31 05:00:00,103.9198
2012-08-31 06:00:00,136.3897
2012-08-31 07:00:00,142.45613
2012-08-31 08:00:00,305.21274
2012-08-31 09:00:00,129.05272
2012-08-31 10:00:00,303.46564
2012-08-31 11:00:00,274.40405
2012-08-31 12:00:00,324.44827
2012-08-31 13:00:00,282.2702
2012-08-31 14:00:00,302.53833
2012-08-31 15:00:00,216.39937
2012-08-31 16:00:00,279.6938
2012-08-31 17:00:00,328.85474
2012-08-31 18:00:00,382.38635
2012-08-31 19:00:00,283.08008
2012-08-31 20:00:00,283.08008
2012-08-31 21:00:00,337.5088
2012-08-31 22:00:00,337.5088
2012-08-31 23:00:00,268.85037
2012-09-20 00:00:00,27.415905
2012-09-20 01:00:00,97.09261
2012-09-20 02:00:00,92.28734
2012-09-20 03:00:00,102.52781
2012-09-20 04:00:00,79.53404
2012-09-20 05:00:00,79.53404
2012-09-20 06:00:00,102.52781
2012-09-20 07:00:00,70.107864
2012-09-20 08:00:00,187.43077
2012-09-20 09:00:00,274.35193
2012-09-20 10:00:00,219.51859
2012-09-20 11:00:00,343.8786
2012-09-20 12:00:00,175.29391
2012-09-20 13:00:00,182.99663
2012-09-20 14:00:00,220.41194
2012-09-20 15:00:00,247.54214
2012-09-20 16:00:00,178.02861
2012-09-20 17:00:00,202.82915
2012-09-20 18:00:00,219.18178
2012-09-20 19:00:00,241.4911
2012-09-20 20:00:00,276.50842
2012-09-20 21:00:00,275.72543
2012-09-20 22:00:00,111.391815
2012-09-20 23:00:00,225.20952
2012-09-21 00:00:00,86.792725
2012-09-21 01:00:00,126.11631
2012-09-21 02:00:00,126.11631
2012-09-21 03:00:00,89.99487
2012-09-21 04:00:00,137.1858
2012-09-21 05:00:00,119.7539
2012-09-21 06:00:00,89.99487
2012-09-21 07:00:00,149.38634
2012-09-21 08:00:00,115.55899
2012-09-21 09:00:00,240.48042
2012-09-21 10:00:00,193.69386
2012-09-21 11:00:00,205.34885
2012-09-21 12:00:00,194.51079
2012-09-21 13:00:00,194.95772
2012-09-21 14:00:00,327.68008
2012-09-21 15:00:00,255.76277
2012-09-21 16:00:00,213.78603
2012-09-21 17:00:00,270.87167
2012-09-21 18:00:00,219.44936
2012-09-21 19:00:00,202.09775
2012-09-21 20:00:00,171.9782
2012-09-21 21:00:00,117.211235
2012-09-21 22:00:00,126.21411
2012-09-21 23:00:00,169.56528
2012-09-22 00:00:00,113.157906
2012-09-22 01:00:00,75.10543
2012-09-22 02:00:00,59.7375
2012-09-22 03:00:00,37.77405
2012-09-22 04:00:00,37.77405
2012-09-22 05:00:00,49.992348
2012-09-22 06:00:00,59.290955
2012-09-22 07:00:00,91.68984
2012-09-22 08:00:00,95.7253
2012-09-22 09:00:00,152.11478
2012-09-22 10:00:00,391.44754
2012-09-22 11:00:00,302.57104
2012-09-22 12:00:00,323.4349
2012-09-22 13:00:00,316.59314
2012-09-22 14:00:00,386.43848
2012-09-22 15:00:00,373.42627
2012-09-22 16:00:00,309.77356
2012-09-22 17:00:00,309.77356
2012-09-22 18:00:00,352.2741
2012-09-22 19:00:00,265.2917
2012-09-22 20:00:00,378.09592
2012-09-22 21:00:00,302.2011
2012-09-22 22:00:00,264.36273
2012-09-22 23:00:00,349.83173
2012-09-23 00:00:00,670.0211
2012-09-23 01:00:00,182.16817
2012-09-23 02:00:00,311.61472
2012-09-23 03:00:00,204.11409
2012-09-23 04:00:00,169.43858
2012-09-23 05:00:00,206.06602
2012-09-23 06:00:00,241.13869
2012-09-23 07:00:00,188.17644
2012-09-23 08:00:00,124.206535
2012-09-23 09:00:00,212.08928
2012-09-23 10:00:00,367.1727
2012-09-23 11:00:00,349.98642
2012-09-23 12:00:00,550.48535
2012-09-23 13:00:00,713.0224
2012-09-23 14:00:00,752.46094
2012-09-23 15:00:00,701.6992
2012-09-23 16:00:00,511.98312
2012-09-23 17:00:00,397.4497
2012-09-23 18:00:00,610.6918
2012-09-23 19:00:00,417.9319
2012-09-23 20:00:00,417.9319
2012-09-23 21:00:00,364.03424
2012-09-23 22:00:00,632.91254
2012-09-23 23:00:00,327.99475
2012-09-24 00:00:00,267.06897
2012-09-24 01:00:00,208.33957
2012-09-24 02:00:00,260.12653
2012-09-24 03:00:00,301.426
2012-09-24 04:00:00,228.1581
2012-09-24 05:00:00,482.65305
2012-09-24 06:00:00,446.32208
2012-09-24 07:00:00,208.33957
2012-09-24 08:00:00,210.39314
2012-09-24 09:00:00,204.52238
2012-09-24 10:00:00,208.59703
2012-09-24 11:00:00,423.36823
2012-09-24 12:00:00,314.54285
2012-09-24 13:00:00,349.4652
2012-09-24 14:00:00,362.85745
2012-09-24 15:00:00,305.2296
2012-09-24 16:00:00,393.63275
2012-09-24 17:00:00,289.85
2012-09-24 18:00:00,360.091
2012-09-24 19:00:00,237.77026
2012-09-24 20:00:00,320.65048
2012-09-24 21:00:00,219.64333
2012-09-24 22:00:00,191.07863
2012-09-24 23:00:00,311.81335
2012-09-25 00:00:00,176.17278
2012-09-25 01:00:00,172.55135
2012-09-25 02:00:00,149.55354
2012-09-25 03:00:00,223.23357
2012-09-25 04:00:00,176.20192
2012-09-25 05:00:00,222.01918
2012-09-25 06:00:00,200.83817
2012-09-25 07:00:00,179.6767
2012-09-25 08:00:00,167.98083
2012-09-25 09:00:00,250.75325
2012-09-25 10:00:00,152.89363
2012-09-25 11:00:00,245.2447
2012-09-25 12:00:00,292.63885
2012-09-25 13:00:00,482.3023
2012-09-25 14:00:00,281.66644
2012-09-25 15:00:00,282.84222
2012-09-25 16:00:00,283.95837
2012-09-25 17:00:00,295.1439
2012-09-25 18:00:00,396.85312
2012-09-25 19:00:00,450.33978
2012-09-25 20:00:00,245.14217
2012-09-25 21:00:00,245.14217
2012-09-25 22:00:00,288.0153
2012-09-25 23:00:00,169.68097
2012-09-26 00:00:00,356.35223
2012-09-26 01:00:00,225.82005
2012-09-26 02:00:00,238.24303
2012-09-26 03:00:00,238.24303
2012-09-26 04:00:00,214.54968
2012-09-26 05:00:00,228.4387
2012-09-26 06:00:00,212.46011
2012-09-26 07:00:00,195.77733
2012-09-26 08:00:00,139.56248
2012-09-26 09:00:00,390.64157
2012-09-26 10:00:00,319.14395
2012-09-26 11:00:00,481.0494
2012-09-26 12:00:00,545.87427
2012-09-26 13:00:00,485.28668
2012-09-26 14:00:00,536.69617
2012-09-26 15:00:00,511.38147
2012-09-26 16:00:00,490.34564
2012-09-26 17:00:00,511.38147
2012-09-26 18:00:00,627.2648
2012-09-26 19:00:00,457.79565
2012-09-26 20:00:00,606.09436
2012-09-26 21:00:00,659.64166
2012-09-26 22:00:00,278.68472
2012-09-26 23:00:00,247.24648
2012-09-27 00:00:00,268.34686
2012-09-27 01:00:00,268.34686
2012-09-27 02:00:00,268.34686
2012-09-27 03:00:00,103.43429
2012-09-27 04:00:00,104.73049
2012-09-27 05:00:00,146.64076
2012-09-27 06:00:00,169.20918
2012-09-27 07:00:00,103.43432
2012-09-27 08:00:00,516.01465
2012-09-27 09:00:00,614.68774
2012-09-27 10:00:00,334.68054
2012-09-27 11:00:00,291.9582
2012-09-27 12:00:00,255.54799
2012-09-27 13:00:00,232.66875
2012-09-27 14:00:00,257.5977
2012-09-27 15:00:00,238.64113
2012-09-27 16:00:00,265.005
2012-09-27 17:00:00,413.6524
2012-09-27 18:00:00,425.5137
2012-09-27 19:00:00,625.7973
2012-09-27 20:00:00,383.75446
2012-09-27 21:00:00,128.89166
2012-09-27 22:00:00,128.89166
2012-09-27 23:00:00,281.7757
2012-09-28 00:00:00,208.48616
2012-09-28 01:00:00,101.94624
2012-09-28 02:00:00,92.13627
2012-09-28 03:00:00,179.55876
2012-09-28 04:00:00,215.85922
2012-09-28 05:00:00,149.6867
2012-09-28 06:00:00,185.95384
2012-09-28 07:00:00,45.28298
2012-09-28 08:00:00,240.96193
2012-09-28 09:00:00,283.87796
2012-09-28 10:00:00,378.49823
2012-09-28 11:00:00,220.52214
2012-09-28 12:00:00,300.51404
2012-09-28 13:00:00,354.48917
2012-09-28 14:00:00,300.51404
2012-09-28 15:00:00,262.60095
2012-09-28 16:00:00,271.1278
2012-09-28 17:00:00,229.34874
2012-09-28 18:00:00,243.72568
2012-09-28 19:00:00,369.38232
2012-09-28 20:00:00,368.5389
2012-09-28 21:00:00,383.4271
2012-09-28 22:00:00,206.07509
2012-09-28 23:00:00,182.12096
2012-09-29 00:00:00,275.69815
2012-09-29 01:00:00,275.69815
2012-09-29 02:00:00,189.41768
2012-09-29 03:00:00,131.31235
2012-09-29 04:00:00,230.24672
2012-09-29 05:00:00,218.87083
2012-09-29 06:00:00,213.42973
2012-09-29 07:00:00,314.8049
2012-09-29 08:00:00,277.61096
2012-09-29 09:00:00,218.87083
2012-09-29 10:00:00,292.54315
2012-09-29 11:00:00,215.34868
2012-09-29 12:00:00,476.17163
2012-09-29 13:00:00,476.17163
2012-09-29 14:00:00,578.7522
2012-09-29 15:00:00,483.9353
2012-09-29 16:00:00,548.3368
2012-09-29 17:00:00,491.62244
2012-09-29 18:00:00,432.0288
2012-09-29 19:00:00,247.84007
2012-09-29 20:00:00,209.87914
2012-09-29 21:00:00,310.71408
2012-09-29 22:00:00,245.69785
2012-09-29 23:00:00,304.8629
2012-09-30 00:00:00,313.33417
2012-09-30 01:00:00,313.33417
2012-09-30 02:00:00,264.292
2012-09-30 03:00:00,249.84044
2012-09-30 04:00:00,249.84044
2012-09-30 05:00:00,167.42323
2012-09-30 06:00:00,216.68996
2012-09-30 07:00:00,134.0369
2012-09-30 08:00:00,245.70923
2012-09-30 09:00:00,245.58781
2012-09-30 10:00:00,421.06116
2012-09-30 11:00:00,556.4963
2012-09-30 12:00:00,476.17163
2012-09-30 13:00:00,548.3368
2012-09-30 14:00:00,548.3368
2012-09-30 15:00:00,750.5969
2012-09-30 16:00:00,761.4678
2012-09-30 17:00:00,657.5141
2012-09-30 18:00:00,74.98054
2012-09-30 19:00:00,87.107124
2012-09-30 20:00:00,87.107124
2012-09-30 21:00:00,227.65987
2012-09-30 22:00:00,195.06685
2012-09-30 23:00:00,251.18312
2012-10-20 00:00:00,131.16293
2012-10-20 01:00:00,192.16257
2012-10-20 02:00:00,175.06859
2012-10-20 03:00:00,204.37889
2012-10-20 04:00:00,167.42323
2012-10-20 05:00:00,132.8979
2012-10-20 06:00:00,168.6518
2012-10-20 07:00:00,132.8979
2012-10-20 08:00:00,199.8072
2012-10-20 09:00:00,317.6135
2012-10-20 10:00:00,308.02405
2012-10-20 11:00:00,271.9121
2012-10-20 12:00:00,522.7578
2012-10-20 13:00:00,452.1455
2012-10-20 14:00:00,701.1967
2012-10-20 15:00:00,724.6738
2012-10-20 16:00:00,364.95752
2012-10-20 17:00:00,582.1561
2012-10-20 18:00:00,533.5585
2012-10-20 19:00:00,355.7068
2012-10-20 20:00:00,529.4634
2012-10-20 21:00:00,312.10913
2012-10-20 22:00:00,281.91388
2012-10-20 23:00:00,318.4274
2012-10-21 00:00:00,183.88503
2012-10-21 01:00:00,211.2953
2012-10-21 02:00:00,202.9452
2012-10-21 03:00:00,198.31168
2012-10-21 04:00:00,49.18718
2012-10-21 05:00:00,198.31168
2012-10-21 06:00:00,280.9331
2012-10-21 07:00:00,280.9331
2012-10-21 08:00:00,221.06206
2012-10-21 09:00:00,187.70323
2012-10-21 10:00:00,277.84216
2012-10-21 11:00:00,289.93027
2012-10-21 12:00:00,357.80017
2012-10-21 13:00:00,532.38354
2012-10-21 14:00:00,673.3485
2012-10-21 15:00:00,341.87393
2012-10-21 16:00:00,582.1561
2012-10-21 17:00:00,478.86853
2012-10-21 18:00:00,539.3297
2012-10-21 19:00:00,404.7385
2012-10-21 20:00:00,383.175
2012-10-21 21:00:00,193.2635
2012-10-21 22:00:00,342.1548
2012-10-21 23:00:00,345.71155
2012-10-22 00:00:00,321.66318
2012-10-22 01:00:00,133.64929
2012-10-22 02:00:00,129.13522
2012-10-22 03:00:00,321.66318
2012-10-22 04:00:00,214.92311
2012-10-22 05:00:00,130.1928
2012-10-22 06:00:00,87.23785
2012-10-22 07:00:00,254.94707
2012-10-22 08:00:00,245.85739
2012-10-22 09:00:00,384.24915
2012-10-22 10:00:00,373.66785
2012-10-22 11:00:00,370.2249
2012-10-22 12:00:00,242.55394
2012-10-22 13:00:00,454.26117
2012-10-22 14:00:00,506.02795
2012-10-22 15:00:00,482.29105
2012-10-22 16:00:00,387.14307
2012-10-22 17:00:00,321.1107
2012-10-22 18:00:00,451.78894
2012-10-22 19:00:00,320.65048
2012-10-22 20:00:00,366.69785
2012-10-22 21:00:00,295.22552
2012-10-22 22:00:00,140.29729
2012-10-22 23:00:00,192.31126
2012-10-23 00:00:00,52.52591
2012-10-23 01:00:00,160.6765
2012-10-23 02:00:00,61.512512
2012-10-23 03:00:00,185.31763
2012-10-23 04:00:00,198.63696
2012-10-23 05:00:00,231.10771
2012-10-23 06:00:00,80.387215
2012-10-23 07:00:00,222.9565
2012-10-23 08:00:00,274.9038
2012-10-23 09:00:00,314.82138
2012-10-23 10:00:00,350.8548
2012-10-23 11:00:00,298.8839
2012-10-23 12:00:00,221.64455
2012-10-23 13:00:00,226.65816
2012-10-23 14:00:00,448.05994
2012-10-23 15:00:00,470.92093
2012-10-23 16:00:00,229.97054
2012-10-23 17:00:00,265.4306
2012-10-23 18:00:00,331.23608
2012-10-23 19:00:00,441.7973
2012-10-23 20:00:00,469.26025
2012-10-23 21:00:00,342.85214
2012-10-23 22:00:00,426.1038
2012-10-23 23:00:00,242.24095
2012-10-24 00:00:00,258.60794
2012-10-24 01:00:00,284.35242
2012-10-24 02:00:00,284.35254
2012-10-24 03:00:00,231.88815
2012-10-24 04:00:00,231.88814
2012-10-24 05:00:00,147.56497
2012-10-24 06:00:00,183.11095
2012-10-24 07:00:00,138.6643
2012-10-24 08:00:00,199.34969
2012-10-24 09:00:00,230.25716
2012-10-24 10:00:00,203.2741
2012-10-24 11:00:00,479.0761
2012-10-24 12:00:00,491.04736
2012-10-24 13:00:00,315.44864
2012-10-24 14:00:00,388.24902
2012-10-24 15:00:00,284.29883
2012-10-24 16:00:00,398.79108
2012-10-24 17:00:00,258.00165
2012-10-24 18:00:00,247.8109
2012-10-24 19:00:00,214.09398
2012-10-24 20:00:00,195.15892
2012-10-24 21:00:00,186.77089
2012-10-24 22:00:00,184.4091
2012-10-24 23:00:00,330.15317
2012-10-25 00:00:00,195.5338
2012-10-25 01:00:00,419.78156
2012-10-25 02:00:00,90.88347
2012-10-25 03:00:00,172.66774
2012-10-25 04:00:00,198.62762
2012-10-25 05:00:00,170.64114
2012-10-25 06:00:00,237.82274
2012-10-25 07:00:00,237.82274
2012-10-25 08:00:00,142.10167
2012-10-25 09:00:00,189.02657
2012-10-25 10:00:00,161.73174
2012-10-25 11:00:00,202.47072
2012-10-25 12:00:00,209.69005
2012-10-25 13:00:00,132.84808
2012-10-25 14:00:00,305.83484
2012-10-25 15:00:00,493.15256
2012-10-25 16:00:00,414.29706
2012-10-25 17:00:00,414.29706
2012-10-25 18:00:00,214.45064
2012-10-25 19:00:00,153.29701
2012-10-25 20:00:00,172.66774
2012-10-25 21:00:00,172.66774
2012-10-25 22:00:00,223.70044
2012-10-25 23:00:00,161.73175
2012-10-26 00:00:00,218.44936
2012-10-26 01:00:00,218.7719
2012-10-26 02:00:00,198.62762
2012-10-26 03:00:00,170.64114
2012-10-26 04:00:00,170.64114
2012-10-26 05:00:00,198.62762
2012-10-26 06:00:00,218.7719
2012-10-26 07:00:00,198.62762
2012-10-26 08:00:00,172.57423
2012-10-26 09:00:00,172.57423
2012-10-26 10:00:00,199.52487
2012-10-26 11:00:00,230.19778
2012-10-26 12:00:00,309.38058
2012-10-26 13:00:00,301.7128
2012-10-26 14:00:00,184.4091
2012-10-26 15:00:00,186.77089
2012-10-26 16:00:00,320.20154
2012-10-26 17:00:00,256.5843
2012-10-26 18:00:00,219.84041
2012-10-26 19:00:00,142.80907
2012-10-26 20:00:00,142.8091
2012-10-26 21:00:00,230.26653
2012-10-26 22:00:00,157.26758
2012-10-26 23:00:00,140.77711
2012-10-27 00:00:00,108.74842
2012-10-27 01:00:00,139.94875
2012-10-27 02:00:00,104.55981
2012-10-27 03:00:00,92.46975
2012-10-27 04:00:00,127.573204
2012-10-27 05:00:00,111.3208
2012-10-27 06:00:00,111.3208
2012-10-27 07:00:00,68.115395
2012-10-27 08:00:00,120.35509
2012-10-27 09:00:00,120.35509
2012-10-27 10:00:00,164.51105
2012-10-27 11:00:00,381.34695
2012-10-27 12:00:00,319.31082
2012-10-27 13:00:00,483.9353
2012-10-27 14:00:00,426.16754
2012-10-27 15:00:00,247.38145
2012-10-27 16:00:00,238.5051
2012-10-27 17:00:00,238.5051
2012-10-27 18:00:00,238.5051
2012-10-27 19:00:00,138.89551
2012-10-27 20:00:00,138.89551
2012-10-27 21:00:00,138.89551
2012-10-27 22:00:00,208.67534
2012-10-27 23:00:00,118.02128
2012-10-28 00:00:00,284.10654
2012-10-28 01:00:00,305.27454
2012-10-28 02:00:00,319.32343
2012-10-28 03:00:00,272.33017
2012-10-28 04:00:00,235.03542
2012-10-28 05:00:00,247.83214
2012-10-28 06:00:00,259.22284
2012-10-28 07:00:00,222.06322
2012-10-28 08:00:00,200.50471
2012-10-28 09:00:00,329.00378
2012-10-28 10:00:00,428.9593
2012-10-28 11:00:00,445.31207
2012-10-28 12:00:00,149.53325
2012-10-28 13:00:00,144.94028
2012-10-28 14:00:00,95.530624
2012-10-28 15:00:00,88.42553
2012-10-28 16:00:00,181.45363
2012-10-28 17:00:00,39.609947
2012-10-28 18:00:00,25.28794
2012-10-28 19:00:00,21.206022
2012-10-28 20:00:00,14.6224785
2012-10-28 21:00:00,21.27035
2012-10-28 22:00:00,56.543365
2012-10-28 23:00:00,21.206022
2012-10-29 00:00:00,77.69923
2012-10-30 13:00:00,12.431011
2012-10-30 14:00:00,12.431011
2012-10-30 15:00:00,42.108826
2012-10-30 16:00:00,42.108826
2012-10-30 17:00:00,54.945652
2012-10-30 18:00:00,130.4625
2012-10-30 19:00:00,299.30377
2012-10-30 20:00:00,119.23608
2012-10-30 21:00:00,204.87943
2012-10-30 22:00:00,94.94776
2012-10-30 23:00:00,94.94776
2012-10-31 00:00:00,192.88678
2012-10-31 01:00:00,225.17035
2012-10-31 02:00:00,157.25058
2012-10-31 03:00:00,192.88678
2012-10-31 04:00:00,166.62488
2012-10-31 05:00:00,157.25058
2012-10-31 06:00:00,91.15826
2012-10-31 07:00:00,170.693
2012-10-31 08:00:00,92.76609
2012-10-31 09:00:00,94.0828
2012-10-31 10:00:00,214.55327
2012-10-31 11:00:00,111.09911
2012-10-31 12:00:00,216.68051
2012-10-31 13:00:00,199.77013
2012-10-31 14:00:00,211.31737
2012-10-31 15:00:00,207.34074
2012-10-31 16:00:00,197.39699
2012-10-31 17:00:00,208.86815
2012-10-31 18:00:00,208.86815
2012-10-31 19:00:00,214.95033
2012-10-31 20:00:00,214.95033
2012-10-31 21:00:00,214.95033
2012-10-31 22:00:00,352.43585
2012-10-31 23:00:00,318.8502
2012-11-20 00:00:00,105.38775
2012-11-20 01:00:00,153.6418
2012-11-20 02:00:00,190.93211
2012-11-20 03:00:00,84.849915
2012-11-20 04:00:00,113.68531
2012-11-20 05:00:00,103.88778
2012-11-20 06:00:00,162.33528
2012-11-20 07:00:00,106.946785
2012-11-20 08:00:00,96.82711
2012-11-20 09:00:00,203.7337
2012-11-20 10:00:00,341.86774
2012-11-20 11:00:00,377.85226
2012-11-20 12:00:00,286.69232
2012-11-20 13:00:00,269.29626
2012-11-20 14:00:00,212.41835
2012-11-20 15:00:00,204.08528
2012-11-20 16:00:00,256.64914
2012-11-20 17:00:00,174.07983
2012-11-20 18:00:00,341.86774
2012-11-20 19:00:00,318.48013
2012-11-20 20:00:00,347.11975
2012-11-20 21:00:00,71.86893
2012-11-20 22:00:00,71.86893
2012-11-20 23:00:00,111.749596
2012-11-21 00:00:00,86.402985
2012-11-21 01:00:00,111.749596
2012-11-21 02:00:00,275.13776
2012-11-21 03:00:00,275.13776
2012-11-21 04:00:00,275.13776
2012-11-21 05:00:00,275.13776
2012-11-21 06:00:00,194.04478
2012-11-21 07:00:00,278.38977
2012-11-21 08:00:00,237.1349
2012-11-21 09:00:00,106.946785
2012-11-21 10:00:00,204.87901
2012-11-21 11:00:00,214.60268
2012-11-21 12:00:00,232.55116
2012-11-21 13:00:00,280.89627
2012-11-21 14:00:00,322.4264
2012-11-21 15:00:00,216.223
2012-11-21 16:00:00,246.98802
2012-11-21 17:00:00,255.2075
2012-11-21 18:00:00,240.11406
2012-11-21 19:00:00,258.84918
2012-11-21 20:00:00,277.4237
2012-11-21 21:00:00,272.23047
2012-11-21 22:00:00,253.84895
2012-11-21 23:00:00,140.6942
2012-11-22 00:00:00,13.246233
2012-11-22 01:00:00,29.096155
2012-11-22 02:00:00,24.923761
2012-11-22 03:00:00,17.31096
2012-11-22 04:00:00,18.39614
2012-11-22 05:00:00,17.31096
2012-11-22 06:00:00,34.939896
2012-11-22 07:00:00,15.290583
2012-11-22 08:00:00,15.786249
2012-11-22 09:00:00,32.244064
2012-11-22 10:00:00,128.49931
2012-11-22 11:00:00,244.13701
2012-11-22 12:00:00,236.99593
2012-11-22 13:00:00,184.88799
2012-11-22 14:00:00,282.24203
2012-11-22 15:00:00,282.24203
2012-11-22 16:00:00,224.91162
2012-11-22 17:00:00,236.99593
2012-11-22 18:00:00,217.5738
2012-11-22 19:00:00,43.542824
2012-11-22 20:00:00,56.39619
2012-11-22 21:00:00,24.51716
2012-11-22 22:00:00,58.121323
2012-11-22 23:00:00,15.733927
2012-11-23 00:00:00,34.83451
2012-11-23 01:00:00,138.01556
2012-11-23 02:00:00,101.34495
2012-11-23 03:00:00,40.2862
2012-11-23 04:00:00,94.305626
2012-11-23 05:00:00,64.58986
2012-11-23 06:00:00,64.58986
2012-11-23 07:00:00,64.58986
2012-11-23 08:00:00,347.70288
2012-11-23 09:00:00,81.9341
2012-11-23 10:00:00,146.03374
2012-11-23 11:00:00,214.60268
2012-11-23 12:00:00,224.37263
2012-11-23 13:00:00,281.97864
2012-11-23 14:00:00,375.30798
2012-11-23 15:00:00,241.37355
2012-11-23 16:00:00,179.24196
2012-11-23 17:00:00,176.57657
2012-11-23 18:00:00,314.68768
2012-11-23 19:00:00,202.65718
2012-11-23 20:00:00,235.15561
2012-11-23 21:00:00,149.21794
2012-11-23 22:00:00,298.07812
2012-11-23 23:00:00,343.40204
2012-11-24 00:00:00,252.55086
2012-11-24 01:00:00,228.41472
2012-11-24 02:00:00,141.36166
2012-11-24 03:00:00,308.5746
2012-11-24 04:00:00,75.8611
2012-11-24 05:00:00,119.10143
2012-11-24 06:00:00,64.04121
2012-11-24 07:00:00,76.26851
2012-11-24 08:00:00,24.144308
2012-11-24 09:00:00,35.890015
2012-11-24 10:00:00,54.01316
2012-11-24 11:00:00,111.91261
2012-11-24 12:00:00,259.4228
2012-11-24 13:00:00,360.42133
2012-11-24 14:00:00,246.28812
2012-11-24 15:00:00,280.59766
2012-11-24 16:00:00,338.9582
2012-11-24 17:00:00,197.02625
2012-11-24 18:00:00,343.28455
2012-11-24 19:00:00,95.6787
2012-11-24 20:00:00,64.04122
2012-11-24 21:00:00,88.45574
2012-11-24 22:00:00,78.30607
2012-11-24 23:00:00,88.45574
2012-11-25 00:00:00,76.116905
2012-11-25 01:00:00,79.2696
2012-11-25 02:00:00,63.07713
2012-11-25 03:00:00,193.62105
2012-11-25 04:00:00,193.62105
2012-11-25 05:00:00,65.52984
2012-11-25 06:00:00,84.22556
2012-11-25 07:00:00,55.113167
2012-11-25 08:00:00,85.92925
2012-11-25 09:00:00,94.83846
2012-11-25 10:00:00,53.23094
2012-11-25 11:00:00,116.47869
2012-11-25 12:00:00,116.47869
2012-11-25 13:00:00,111.15063
2012-11-25 14:00:00,117.37033
2012-11-25 15:00:00,155.86737
2012-11-25 16:00:00,150.40056
2012-11-25 17:00:00,115.46253
2012-11-25 18:00:00,105.35601
2012-11-25 19:00:00,216.00465
2012-11-25 20:00:00,80.17722
2012-11-25 21:00:00,198.86275
2012-11-25 22:00:00,80.17722
2012-11-25 23:00:00,64.263794
2012-11-26 00:00:00,39.840523
2012-11-26 01:00:00,37.89701
2012-11-26 02:00:00,37.89701
2012-11-26 03:00:00,37.89701
2012-11-26 04:00:00,39.840523
2012-11-26 05:00:00,302.58508
2012-11-26 06:00:00,39.840523
2012-11-26 07:00:00,40.30774
2012-11-26 08:00:00,40.30774
2012-11-26 09:00:00,139.44072
2012-11-26 10:00:00,233.1645
2012-11-26 11:00:00,270.4753
2012-11-26 12:00:00,209.01057
2012-11-26 13:00:00,209.01057
2012-11-26 14:00:00,323.9245
2012-11-26 15:00:00,221.66649
2012-11-26 16:00:00,239.82307
2012-11-26 17:00:00,273.13324
2012-11-26 18:00:00,272.4763
2012-11-26 19:00:00,251.92473
2012-11-26 20:00:00,253.84895
2012-11-26 21:00:00,253.84895
2012-11-26 22:00:00,140.69409
2012-11-26 23:00:00,82.94431
2012-11-27 00:00:00,86.08626
2012-11-27 01:00:00,104.67004
2012-11-27 02:00:00,228.06516
2012-11-27 03:00:00,22.354776
2012-11-27 04:00:00,44.099873
2012-11-27 05:00:00,83.86171
2012-11-27 06:00:00,118.557335
2012-11-27 07:00:00,87.403145
2012-11-27 08:00:00,71.586205
2012-11-27 09:00:00,131.97163
2012-11-27 10:00:00,36.25438
2012-11-27 11:00:00,15.588202
2012-11-27 12:00:00,17.713917
2012-11-27 13:00:00,38.356342
2012-11-27 14:00:00,15.33795
2012-11-27 15:00:00,88.62946
2012-11-27 16:00:00,88.62946
2012-11-27 17:00:00,74.80217
2012-11-27 18:00:00,75.288
2012-11-27 19:00:00,202.06372
2012-11-27 20:00:00,121.71905
2012-11-27 21:00:00,111.781845
2012-11-27 22:00:00,283.73672
2012-11-27 23:00:00,81.53242
2012-11-28 00:00:00,103.629005
2012-11-28 01:00:00,94.07245
2012-11-28 02:00:00,94.07245
2012-11-28 03:00:00,83.71033
2012-11-28 04:00:00,112.835815
2012-11-28 05:00:00,242.98608
2012-11-28 06:00:00,107.3027
2012-11-28 07:00:00,118.18882
2012-11-28 08:00:00,190.72514
2012-11-28 09:00:00,106.24285
2012-11-28 10:00:00,277.00644
2012-11-28 11:00:00,272.092
2012-11-28 12:00:00,300.22073
2012-11-28 13:00:00,272.9999
2012-11-28 14:00:00,311.7115
2012-11-28 15:00:00,236.08539
2012-11-28 16:00:00,238.72702
2012-11-28 17:00:00,252.34166
2012-11-28 18:00:00,397.79395
2012-11-28 19:00:00,284.8927
2012-11-28 20:00:00,281.99023
2012-11-28 21:00:00,268.39334
2012-11-28 22:00:00,260.10486
2012-11-28 23:00:00,163.6597
2012-11-29 00:00:00,57.28354
2012-11-29 01:00:00,94.0067
2012-11-29 02:00:00,41.185356
2012-11-29 04:00:00,136.33873
2012-11-29 05:00:00,37.89701
2012-11-29 06:00:00,39.840523
2012-11-29 07:00:00,41.28926
2012-11-29 08:00:00,124.596466
2012-11-29 09:00:00,32.37101
2012-11-29 10:00:00,76.93139
2012-11-29 11:00:00,259.87067
2012-11-29 12:00:00,278.8158
2012-11-29 13:00:00,233.1707
2012-11-29 14:00:00,232.71898
2012-11-29 15:00:00,199.34137
2012-11-29 16:00:00,235.88487
2012-11-29 17:00:00,264.5783
2012-11-29 18:00:00,273.03024
2012-11-29 19:00:00,174.12163
2012-11-29 20:00:00,264.7835
2012-11-29 21:00:00,140.22263
2012-11-29 22:00:00,84.09016
2012-11-29 23:00:00,70.844154
2012-11-30 00:00:00,157.89967
2012-11-30 01:00:00,100.40148
2012-11-30 02:00:00,42.871284
2012-11-30 03:00:00,42.871284
2012-11-30 04:00:00,32.34348
2012-11-30 05:00:00,23.062708
2012-11-30 06:00:00,17.776535
2012-11-30 07:00:00,57.721367
2012-11-30 08:00:00,294.39374
2012-11-30 09:00:00,114.10035
2012-11-30 10:00:00,152.34995
2012-11-30 11:00:00,223.14368
2012-11-30 12:00:00,207.63295
2012-11-30 13:00:00,213.4375
2012-11-30 14:00:00,176.37889
2012-11-30 15:00:00,179.39124
2012-11-30 16:00:00,233.71333
2012-11-30 17:00:00,269.82135
2012-11-30 18:00:00,218.02779
2012-11-30 19:00:00,49.810886
2012-11-30 20:00:00,49.810886
2012-11-30 21:00:00,98.34884
2012-11-30 22:00:00,66.89418
2012-11-30 23:00:00,202.66805
2012-12-20 00:00:00,154.46849
2012-12-20 01:00:00,49.810886
2012-12-20 02:00:00,49.810886
2012-12-20 03:00:00,73.358086
2012-12-20 04:00:00,73.358086
2012-12-20 05:00:00,86.276886
2012-12-20 06:00:00,152.34995
2012-12-20 07:00:00,110.53726
2012-12-20 08:00:00,110.53726
2012-12-20 09:00:00,110.53726
2012-12-20 10:00:00,142.08679
2012-12-20 11:00:00,213.13356
2012-12-20 12:00:00,186.38124
2012-12-20 13:00:00,250.12138
2012-12-20 14:00:00,201.89195
2012-12-20 15:00:00,244.97414
2012-12-20 16:00:00,109.14167
2012-12-20 17:00:00,113.68531
2012-12-20 18:00:00,146.07726
2012-12-20 19:00:00,50.39715
2012-12-20 20:00:00,77.62506
2012-12-20 21:00:00,77.62506
2012-12-20 22:00:00,43.785473
2012-12-20 23:00:00,78.053276
2012-12-21 00:00:00,50.35369
2012-12-21 01:00:00,31.88822
2012-12-21 02:00:00,17.792906
2012-12-21 03:00:00,17.792906
2012-12-21 04:00:00,93.09558
2012-12-21 05:00:00,72.66175
2012-12-21 06:00:00,153.76352
2012-12-21 07:00:00,120.18221
2012-12-21 08:00:00,74.59444
2012-12-21 09:00:00,318.1553
2012-12-21 10:00:00,120.95985
2012-12-21 11:00:00,237.78696
2012-12-21 12:00:00,185.54333
2012-12-21 13:00:00,273.33417
2012-12-21 14:00:00,323.35416
2012-12-21 15:00:00,211.83366
2012-12-21 16:00:00,176.29968
2012-12-21 17:00:00,111.40022
2012-12-21 18:00:00,107.5791
2012-12-21 19:00:00,101.10521
2012-12-21 20:00:00,103.97292
2012-12-21 21:00:00,92.592545
2012-12-21 22:00:00,118.8872
2012-12-21 23:00:00,85.28396
2012-12-22 00:00:00,92.78455
2012-12-22 01:00:00,63.760452
2012-12-22 02:00:00,70.016014
2012-12-22 03:00:00,66.52139
2012-12-22 04:00:00,155.53319
2012-12-22 05:00:00,82.303444
2012-12-22 06:00:00,107.60358
2012-12-22 07:00:00,107.60358
2012-12-22 08:00:00,97.52984
2012-12-22 09:00:00,57.63855
2012-12-22 10:00:00,41.835224
2012-12-22 11:00:00,104.89249
2012-12-22 12:00:00,169.48232
2012-12-22 13:00:00,143.2878
2012-12-22 14:00:00,140.9181
2012-12-22 15:00:00,174.83803
2012-12-22 16:00:00,122.333015
2012-12-22 17:00:00,109.909424
2012-12-22 18:00:00,61.670418
2012-12-22 19:00:00,42.755474
2012-12-22 20:00:00,115.42977
2012-12-22 21:00:00,40.61352
2012-12-22 22:00:00,40.61352
2012-12-22 23:00:00,106.32259
2012-12-23 00:00:00,48.83925
2012-12-23 01:00:00,125.894066
2012-12-23 02:00:00,63.268112
2012-12-23 03:00:00,73.12989
2012-12-23 04:00:00,92.46891
2012-12-23 05:00:00,85.06571
2012-12-23 06:00:00,41.404163
2012-12-23 07:00:00,41.404163
2012-12-23 08:00:00,32.29914
2012-12-23 09:00:00,103.69155
2012-12-23 10:00:00,23.460026
2012-12-23 11:00:00,83.41138
2012-12-23 12:00:00,91.87803
2012-12-23 13:00:00,90.937645
2012-12-23 14:00:00,174.55473
2012-12-23 15:00:00,125.464226
2012-12-23 16:00:00,159.29448
2012-12-23 17:00:00,95.13688
2012-12-23 18:00:00,104.89772
2012-12-23 19:00:00,82.33918
2012-12-23 20:00:00,39.080627
2012-12-23 21:00:00,32.065907
2012-12-23 22:00:00,70.052185
2012-12-23 23:00:00,44.406048
2012-12-24 00:00:00,64.678925
2012-12-24 01:00:00,64.67891
2012-12-24 02:00:00,59.22492
2012-12-24 03:00:00,59.22492
2012-12-24 05:00:00,147.89723
2012-12-24 06:00:00,59.22492
2012-12-24 07:00:00,63.31405
2012-12-24 08:00:00,64.67891
2012-12-24 09:00:00,99.178505
2012-12-24 10:00:00,120.283005
2012-12-24 11:00:00,137.72647
2012-12-24 12:00:00,159.3449
2012-12-24 13:00:00,77.14105
2012-12-24 14:00:00,78.66586
2012-12-24 15:00:00,53.77824
2012-12-24 16:00:00,53.77824
2012-12-24 17:00:00,38.713634
2012-12-24 18:00:00,67.858055
2012-12-24 19:00:00,69.747894
2012-12-24 20:00:00,49.904118
2012-12-24 21:00:00,61.078255
2012-12-24 22:00:00,150.15657
2012-12-24 23:00:00,79.62446
2012-12-25 00:00:00,10.707003
2012-12-25 01:00:00,15.213562
2012-12-25 02:00:00,15.213562
2012-12-25 04:00:00,11.260094
2012-12-25 05:00:00,11.951233
2012-12-25 06:00:00,11.951233
2012-12-25 07:00:00,17.880638
2012-12-25 08:00:00,15.342395
2012-12-25 09:00:00,17.202744
2012-12-25 10:00:00,18.573954
2012-12-25 11:00:00,7.984429
2012-12-25 12:00:00,8.229732
2012-12-25 13:00:00,139.40567
2012-12-25 14:00:00,102.343376
2012-12-25 15:00:00,216.25049
2012-12-25 16:00:00,116.21526
2012-12-25 17:00:00,47.35438
2012-12-25 18:00:00,75.78776
2012-12-25 19:00:00,52.6741
2012-12-25 20:00:00,64.55273
2012-12-25 21:00:00,46.64146
2012-12-25 22:00:00,38.136246
2012-12-25 23:00:00,76.62287
2012-12-26 00:00:00,144.99702
2012-12-26 01:00:00,57.55246
2012-12-26 02:00:00,57.55246
2012-12-26 03:00:00,30.779764
2012-12-26 04:00:00,59.65284
2012-12-26 05:00:00,30.421434
2012-12-26 06:00:00,46.37452
2012-12-26 07:00:00,58.46706
2012-12-26 08:00:00,58.46706
2012-12-26 09:00:00,58.46706
2012-12-26 10:00:00,73.14553
2012-12-26 11:00:00,16.514383
2012-12-26 12:00:00,69.565125
2012-12-26 13:00:00,69.565125
2012-12-26 14:00:00,59.714172
2012-12-26 15:00:00,56.07499
2012-12-26 16:00:00,56.07499
2012-12-26 17:00:00,59.618004
2012-12-26 18:00:00,42.45584
2012-12-26 19:00:00,32.950645
2012-12-26 20:00:00,36.10363
2012-12-26 21:00:00,42.204105
2012-12-26 22:00:00,6.628244
2012-12-26 23:00:00,59.198456
2012-12-27 00:00:00,59.198456
2012-12-27 01:00:00,6.628244
2012-12-27 02:00:00,22.095575
2012-12-27 03:00:00,60.466267
2012-12-27 04:00:00,33.135323
2012-12-27 05:00:00,141.02467
2012-12-27 06:00:00,65.70497
2012-12-27 07:00:00,94.28072
2012-12-27 08:00:00,102.67045
2012-12-27 09:00:00,76.22338
2012-12-27 10:00:00,84.23931
2012-12-27 11:00:00,100.96252
2012-12-27 12:00:00,118.787056
2012-12-27 13:00:00,118.787056
2012-12-27 14:00:00,94.31907
2012-12-27 15:00:00,46.332573
2012-12-27 16:00:00,75.9623
2012-12-27 17:00:00,75.9623
2012-12-27 18:00:00,84.578575
2012-12-27 19:00:00,52.614826
2012-12-27 20:00:00,126.99131
2012-12-27 21:00:00,84.578575
2012-12-27 22:00:00,25.572884
2012-12-27 23:00:00,84.578575
2012-12-28 00:00:00,111.723015
2012-12-28 01:00:00,87.52633
2012-12-28 02:00:00,50.625305
2012-12-28 03:00:00,111.723015
2012-12-28 04:00:00,140.5967
2012-12-28 05:00:00,151.6993
2012-12-28 06:00:00,32.971653
2012-12-28 07:00:00,108.34409
2012-12-28 08:00:00,128.42505
2012-12-28 09:00:00,25.572884
2012-12-28 10:00:00,108.97614
2012-12-28 11:00:00,103.65446
2012-12-28 12:00:00,128.34908
2012-12-28 13:00:00,128.34908
2012-12-28 14:00:00,128.34908
2012-12-28 15:00:00,102.03022
2012-12-28 16:00:00,118.21029
2012-12-28 17:00:00,83.91848
2012-12-28 18:00:00,83.91848
2012-12-28 19:00:00,129.6871
2012-12-28 20:00:00,99.178505
2012-12-28 21:00:00,72.693474
2012-12-28 22:00:00,106.83465
2012-12-28 23:00:00,110.56022
2012-12-29 00:00:00,52.439465
2012-12-29 01:00:00,57.655792
2012-12-29 02:00:00,52.439465
2012-12-29 03:00:00,27.201546
2012-12-29 04:00:00,57.655792
2012-12-29 05:00:00,57.655792
2012-12-29 06:00:00,48.572372
2012-12-29 07:00:00,41.027935
2012-12-29 08:00:00,43.671303
2012-12-29 09:00:00,43.671307
2012-12-29 10:00:00,42.62446
2012-12-29 11:00:00,21.919039
2012-12-29 12:00:00,13.906298
2012-12-29 13:00:00,13.906298
2012-12-29 14:00:00,44.089268
2012-12-29 15:00:00,50.966045
2012-12-29 16:00:00,33.590576
2012-12-29 17:00:00,43.91594
2012-12-29 18:00:00,37.111786
2012-12-29 19:00:00,132.42294
2012-12-29 20:00:00,245.74858
2012-12-29 21:00:00,149.13615
2012-12-29 22:00:00,68.30155
2012-12-29 23:00:00,41.225876
2012-12-30 00:00:00,56.075092
2012-12-30 01:00:00,71.78322
2012-12-30 02:00:00,95.20826
2012-12-30 03:00:00,71.78322
2012-12-30 04:00:00,158.55775
2012-12-30 05:00:00,63.72267
2012-12-30 06:00:00,80.30967
2012-12-30 07:00:00,35.961044
2012-12-30 08:00:00,37.271477
2012-12-30 09:00:00,35.41369
2012-12-30 10:00:00,97.46801
2012-12-30 11:00:00,93.28856
2012-12-30 12:00:00,127.626175
2012-12-30 13:00:00,169.48232
2012-12-30 14:00:00,141.14449
2012-12-30 15:00:00,107.64973
2012-12-30 16:00:00,111.45672
2012-12-30 17:00:00,100.09979
2012-12-30 18:00:00,48.09927
2012-12-30 19:00:00,47.648212
2012-12-30 20:00:00,42.093906
2012-12-30 21:00:00,63.268112
2012-12-30 22:00:00,49.392967
2012-12-30 23:00:00,61.45587
2012-12-31 00:00:00,54.832542
2012-12-31 01:00:00,54.832542
2012-12-31 02:00:00,65.96215
2012-12-31 03:00:00,67.73988
2012-12-31 04:00:00,77.94514
2012-12-31 05:00:00,75.95226
2012-12-31 06:00:00,67.21663
2012-12-31 07:00:00,68.34791
2012-12-31 08:00:00,97.12019
2012-12-31 09:00:00,68.1714
2012-12-31 10:00:00,53.32187
2012-12-31 11:00:00,103.067894
2012-12-31 12:00:00,108.103615
2012-12-31 13:00:00,114.968285
2012-12-31 14:00:00,104.437965
2012-12-31 15:00:00,119.50012
2012-12-31 16:00:00,89.61859
2012-12-31 17:00:00,106.97402
2012-12-31 18:00:00,124.93228
2012-12-31 19:00:00,137.72647
2012-12-31 20:00:00,137.72647
2012-12-31 21:00:00,110.25982
2012-12-31 22:00:00,93.09827
2012-12-31 23:00:00,95.62295
