datetime,count
2011-01-20 00:00:00,106.51632
2011-01-20 01:00:00,18.93683
2011-01-20 02:00:00,18.93683
2011-01-20 03:00:00,99.143295
2011-01-20 04:00:00,99.143295
2011-01-20 05:00:00,90.0313
2011-01-20 06:00:00,96.88392
2011-01-20 07:00:00,79.4161
2011-01-20 08:00:00,69.31252
2011-01-20 09:00:00,62.297894
2011-01-20 10:00:00,140.94623
2011-01-20 11:00:00,132.20071
2011-01-20 12:00:00,60.559498
2011-01-20 13:00:00,154.47105
2011-01-20 14:00:00,161.8401
2011-01-20 15:00:00,156.78893
2011-01-20 16:00:00,152.59822
2011-01-20 17:00:00,148.85959
2011-01-20 18:00:00,75.716194
2011-01-20 19:00:00,102.46056
2011-01-20 20:00:00,66.44779
2011-01-20 21:00:00,65.097725
2011-01-20 22:00:00,59.74989
2011-01-20 23:00:00,56.85479
2011-01-21 00:00:00,64.872734
2011-01-21 01:00:00,64.872734
2011-01-21 02:00:00,70.948166
2011-01-21 03:00:00,70.37733
2011-01-21 04:00:00,47.21888
2011-01-21 05:00:00,123.549835
2011-01-21 06:00:00,78.78598
2011-01-21 07:00:00,61.747475
2011-01-21 08:00:00,99.97932
2011-01-21 09:00:00,110.5454
2011-01-21 10:00:00,60.129944
2011-01-21 11:00:00,61.08725
2011-01-21 12:00:00,106.361855
2011-01-21 13:00:00,176.22348
2011-01-21 14:00:00,142.45622
2011-01-21 15:00:00,145.28519
2011-01-21 16:00:00,65.2774
2011-01-21 17:00:00,86.30761
2011-01-21 18:00:00,56.614975
2011-01-21 19:00:00,53.820576
2011-01-21 20:00:00,52.086773
2011-01-21 21:00:00,39.401558
2011-01-21 22:00:00,26.244009
2011-01-21 23:00:00,23.590525
2011-01-22 00:00:00,27.706232
2011-01-22 01:00:00,20.260342
2011-01-22 02:00:00,37.75976
2011-01-22 03:00:00,28.162197
2011-01-22 04:00:00,23.708761
2011-01-22 06:00:00,42.805893
2011-01-22 07:00:00,23.39155
2011-01-22 08:00:00,15.71675
2011-01-22 09:00:00,26.613129
2011-01-22 10:00:00,45.686687
2011-01-22 11:00:00,51.65452
2011-01-22 12:00:00,51.701912
2011-01-22 13:00:00,126.619095
2011-01-22 14:00:00,61.53409
2011-01-22 15:00:00,74.119934
2011-01-22 16:00:00,36.34704
2011-01-22 17:00:00,111.434105
2011-01-22 18:00:00,40.984673
2011-01-22 19:00:00,61.251297
2011-01-22 20:00:00,49.604935
2011-01-22 21:00:00,46.62522
2011-01-22 22:00:00,38.391674
2011-01-22 23:00:00,29.114424
2011-01-23 00:00:00,29.114424
2011-01-23 01:00:00,29.114424
2011-01-23 02:00:00,28.231817
2011-01-23 03:00:00,28.231817
2011-01-23 05:00:00,36.19153
2011-01-23 06:00:00,36.19153
2011-01-23 07:00:00,26.704199
2011-01-23 08:00:00,29.912611
2011-01-23 09:00:00,20.700277
2011-01-23 10:00:00,10.891128
2011-01-23 11:00:00,51.80495
2011-01-23 12:00:00,51.040695
2011-01-23 13:00:00,48.09134
2011-01-23 14:00:00,75.64613
2011-01-23 15:00:00,75.64613
2011-01-23 16:00:00,86.00814
2011-01-23 17:00:00,72.11104
2011-01-23 18:00:00,33.48162
2011-01-23 19:00:00,36.926147
2011-01-23 20:00:00,35.039116
2011-01-23 21:00:00,40.82937
2011-01-23 22:00:00,41.56231
2011-01-23 23:00:00,33.6539
2011-01-24 00:00:00,38.3395
2011-01-24 01:00:00,41.254486
2011-01-24 03:00:00,41.597008
2011-01-24 04:00:00,75.19666
2011-01-24 05:00:00,75.19666
2011-01-24 06:00:00,109.7017
2011-01-24 07:00:00,86.0123
2011-01-24 08:00:00,92.41593
2011-01-24 09:00:00,95.123245
2011-01-24 10:00:00,86.46825
2011-01-24 11:00:00,52.597
2011-01-24 12:00:00,46.597
2011-01-24 13:00:00,41.92077
2011-01-24 14:00:00,46.79408
2011-01-24 15:00:00,54.83005
2011-01-24 16:00:00,48.424164
2011-01-24 17:00:00,51.10715
2011-01-24 18:00:00,47.33386
2011-01-24 19:00:00,55.73815
2011-01-24 20:00:00,47.33386
2011-01-24 21:00:00,53.771843
2011-01-24 22:00:00,55.035645
2011-01-24 23:00:00,57.59851
2011-01-25 00:00:00,53.257946
2011-01-25 01:00:00,45.676407
2011-01-25 02:00:00,38.59913
2011-01-25 04:00:00,30.67143
2011-01-25 05:00:00,33.592834
2011-01-25 06:00:00,34.611282
2011-01-25 07:00:00,35.574314
2011-01-25 08:00:00,51.06121
2011-01-25 09:00:00,73.258064
2011-01-25 10:00:00,114.249794
2011-01-25 11:00:00,96.67859
2011-01-25 12:00:00,100.253815
2011-01-25 13:00:00,126.470726
2011-01-25 14:00:00,42.11196
2011-01-25 15:00:00,68.50022
2011-01-25 16:00:00,68.50022
2011-01-25 17:00:00,132.08348
2011-01-25 18:00:00,128.84862
2011-01-25 19:00:00,96.14237
2011-01-25 20:00:00,130.19453
2011-01-25 21:00:00,130.19453
2011-01-25 22:00:00,152.32324
2011-01-25 23:00:00,56.143677
2011-01-26 00:00:00,63.94425
2011-01-26 01:00:00,89.34797
2011-01-26 02:00:00,65.449196
2011-01-26 05:00:00,51.256348
2011-01-26 06:00:00,51.256348
2011-01-26 07:00:00,67.6294
2011-01-26 08:00:00,67.6294
2011-01-26 09:00:00,67.6294
2011-01-26 10:00:00,49.37314
2011-01-26 11:00:00,49.927567
2011-01-26 12:00:00,49.927567
2011-01-26 13:00:00,49.927567
2011-01-26 14:00:00,54.444214
2011-01-26 15:00:00,67.011284
2011-01-26 16:00:00,75.078735
2011-01-26 17:00:00,52.9357
2011-01-27 16:00:00,87.28534
2011-01-27 17:00:00,72.89319
2011-01-27 18:00:00,54.238503
2011-01-27 19:00:00,54.238503
2011-01-27 20:00:00,39.065563
2011-01-27 21:00:00,39.065563
2011-01-27 22:00:00,39.065563
2011-01-27 23:00:00,72.25291
2011-01-28 00:00:00,57.471672
2011-01-28 01:00:00,57.471672
2011-01-28 02:00:00,47.462852
2011-01-28 03:00:00,56.8028
2011-01-28 05:00:00,48.786533
2011-01-28 06:00:00,50.123802
2011-01-28 07:00:00,42.440285
2011-01-28 08:00:00,42.440285
2011-01-28 09:00:00,47.131306
2011-01-28 10:00:00,48.691456
2011-01-28 11:00:00,47.130116
2011-01-28 12:00:00,47.130116
2011-01-28 13:00:00,47.130116
2011-01-28 14:00:00,77.404274
2011-01-28 15:00:00,47.783314
2011-01-28 16:00:00,37.247826
2011-01-28 17:00:00,87.2358
2011-01-28 18:00:00,76.610146
2011-01-28 19:00:00,63.531334
2011-01-28 20:00:00,64.55479
2011-01-28 21:00:00,58.495815
2011-01-28 22:00:00,71.748375
2011-01-28 23:00:00,90.0313
2011-01-29 00:00:00,32.87576
2011-01-29 01:00:00,31.046247
2011-01-29 02:00:00,27.888563
2011-01-29 03:00:00,25.730417
2011-01-29 04:00:00,28.672213
2011-01-29 06:00:00,23.77193
2011-01-29 07:00:00,25.728157
2011-01-29 08:00:00,29.511019
2011-01-29 09:00:00,28.733063
2011-01-29 10:00:00,36.76907
2011-01-29 11:00:00,37.251266
2011-01-29 12:00:00,51.804962
2011-01-29 13:00:00,68.69349
2011-01-29 14:00:00,47.64412
2011-01-29 15:00:00,33.313774
2011-01-29 16:00:00,29.212431
2011-01-29 17:00:00,58.257847
2011-01-29 18:00:00,25.711948
2011-01-29 19:00:00,36.146763
2011-01-29 20:00:00,35.8221
2011-01-29 21:00:00,35.8221
2011-01-29 22:00:00,45.364906
2011-01-29 23:00:00,45.364906
2011-01-30 00:00:00,45.761463
2011-01-30 01:00:00,38.86904
2011-01-30 02:00:00,39.89782
2011-01-30 03:00:00,52.496857
2011-01-30 04:00:00,52.496857
2011-01-30 05:00:00,45.284206
2011-01-30 07:00:00,45.284206
2011-01-30 08:00:00,36.985703
2011-01-30 09:00:00,36.46078
2011-01-30 10:00:00,33.379993
2011-01-30 11:00:00,41.679848
2011-01-30 12:00:00,120.55974
2011-01-30 13:00:00,72.67939
2011-01-30 14:00:00,73.34201
2011-01-30 15:00:00,74.97443
2011-01-30 16:00:00,74.97443
2011-01-30 17:00:00,67.236946
2011-01-30 18:00:00,29.434858
2011-01-30 19:00:00,29.101543
2011-01-30 20:00:00,52.66014
2011-01-30 21:00:00,33.1358
2011-01-30 22:00:00,29.901838
2011-01-30 23:00:00,55.22889
2011-01-31 00:00:00,62.98682
2011-01-31 01:00:00,83.567764
2011-01-31 02:00:00,158.47694
2011-01-31 03:00:00,158.47694
2011-01-31 04:00:00,75.150856
2011-01-31 05:00:00,63.40318
2011-01-31 06:00:00,54.4311
2011-01-31 07:00:00,55.84237
2011-01-31 08:00:00,45.31527
2011-01-31 09:00:00,45.985023
2011-01-31 10:00:00,49.34175
2011-01-31 11:00:00,49.34175
2011-01-31 12:00:00,63.429607
2011-01-31 13:00:00,85.40807
2011-01-31 14:00:00,53.97806
2011-01-31 15:00:00,55.02964
2011-01-31 16:00:00,49.29591
2011-01-31 17:00:00,49.34175
2011-01-31 18:00:00,52.426407
2011-01-31 19:00:00,98.52952
2011-01-31 20:00:00,56.07189
2011-01-31 21:00:00,77.82243
2011-01-31 22:00:00,62.745033
2011-01-31 23:00:00,72.305504
2011-02-20 00:00:00,95.72541
2011-02-20 01:00:00,71.30608
2011-02-20 02:00:00,76.67936
2011-02-20 03:00:00,65.266846
2011-02-20 04:00:00,65.266846
2011-02-20 06:00:00,46.99759
2011-02-20 07:00:00,58.17327
2011-02-20 08:00:00,71.09742
2011-02-20 09:00:00,66.326004
2011-02-20 10:00:00,56.970413
2011-02-20 11:00:00,46.303947
2011-02-20 12:00:00,170.8056
2011-02-20 13:00:00,212.94397
2011-02-20 14:00:00,159.6036
2011-02-20 15:00:00,174.8562
2011-02-20 16:00:00,150.00926
2011-02-20 17:00:00,168.16644
2011-02-20 18:00:00,40.964317
2011-02-20 19:00:00,40.964317
2011-02-20 20:00:00,73.44326
2011-02-20 21:00:00,59.870167
2011-02-20 22:00:00,126.63956
2011-02-20 23:00:00,123.20101
2011-02-21 00:00:00,92.117935
2011-02-21 01:00:00,92.117935
2011-02-21 02:00:00,92.117935
2011-02-21 03:00:00,173.23846
2011-02-21 04:00:00,61.240814
2011-02-21 05:00:00,74.94495
2011-02-21 06:00:00,79.52399
2011-02-21 07:00:00,80.681244
2011-02-21 08:00:00,21.016108
2011-02-21 09:00:00,31.87391
2011-02-21 10:00:00,40.11891
2011-02-21 11:00:00,133.17905
2011-02-21 12:00:00,100.68177
2011-02-21 13:00:00,94.955666
2011-02-21 14:00:00,111.850365
2011-02-21 15:00:00,26.626253
2011-02-21 16:00:00,32.64822
2011-02-21 17:00:00,69.13633
2011-02-21 18:00:00,74.80555
2011-02-21 19:00:00,74.80555
2011-02-21 20:00:00,91.498375
2011-02-21 21:00:00,26.131626
2011-02-21 22:00:00,60.444725
2011-02-21 23:00:00,60.444725
2011-02-22 06:00:00,41.687157
2011-02-22 07:00:00,41.687157
2011-02-22 08:00:00,35.47267
2011-02-22 09:00:00,39.092537
2011-02-22 10:00:00,61.89748
2011-02-22 11:00:00,81.80855
2011-02-22 12:00:00,76.86575
2011-02-22 13:00:00,124.59996
2011-02-22 14:00:00,87.28534
2011-02-22 15:00:00,60.138264
2011-02-22 16:00:00,102.86424
2011-02-22 17:00:00,70.43124
2011-02-22 18:00:00,81.98406
2011-02-22 19:00:00,73.09847
2011-02-22 20:00:00,60.95058
2011-02-22 21:00:00,59.93458
2011-02-22 22:00:00,43.64814
2011-02-22 23:00:00,43.64814
2011-02-23 00:00:00,52.521355
2011-02-23 01:00:00,47.76052
2011-02-23 02:00:00,62.02241
2011-02-23 03:00:00,48.904263
2011-02-23 05:00:00,69.15295
2011-02-23 06:00:00,69.15295
2011-02-23 07:00:00,65.16947
2011-02-23 08:00:00,55.73815
2011-02-23 09:00:00,62.98221
2011-02-23 10:00:00,140.3608
2011-02-23 11:00:00,102.97938
2011-02-23 12:00:00,164.18536
2011-02-23 13:00:00,235.71626
2011-02-23 14:00:00,251.44095
2011-02-23 15:00:00,200.39412
2011-02-23 16:00:00,222.00723
2011-02-23 17:00:00,200.39412
2011-02-23 18:00:00,247.90756
2011-02-23 19:00:00,144.37375
2011-02-23 20:00:00,128.51828
2011-02-23 21:00:00,166.526
2011-02-23 22:00:00,166.526
2011-02-23 23:00:00,50.968483
2011-02-24 00:00:00,50.968483
2011-02-24 01:00:00,54.849174
2011-02-24 02:00:00,100.735825
2011-02-24 03:00:00,136.33789
2011-02-24 05:00:00,67.918365
2011-02-24 06:00:00,62.75027
2011-02-24 07:00:00,96.11436
2011-02-24 08:00:00,70.28068
2011-02-24 09:00:00,64.02475
2011-02-24 10:00:00,65.72957
2011-02-24 11:00:00,135.65495
2011-02-24 12:00:00,159.49565
2011-02-24 13:00:00,80.28351
2011-02-24 14:00:00,164.96387
2011-02-24 15:00:00,76.84835
2011-02-24 16:00:00,93.92504
2011-02-24 17:00:00,281.86728
2011-02-24 18:00:00,67.79471
2011-02-24 19:00:00,75.275246
2011-02-24 20:00:00,60.11371
2011-02-24 21:00:00,67.79471
2011-02-24 22:00:00,77.97148
2011-02-24 23:00:00,35.950233
2011-02-25 00:00:00,95.71679
2011-02-25 01:00:00,235.40567
2011-02-25 02:00:00,235.40567
2011-02-25 03:00:00,61.529545
2011-02-25 05:00:00,61.529545
2011-02-25 06:00:00,79.17597
2011-02-25 07:00:00,55.649406
2011-02-25 08:00:00,80.11246
2011-02-25 09:00:00,76.35321
2011-02-25 10:00:00,124.5692
2011-02-25 11:00:00,231.33698
2011-02-25 12:00:00,106.81699
2011-02-25 13:00:00,106.81699
2011-02-25 14:00:00,207.15337
2011-02-25 15:00:00,110.03704
2011-02-25 16:00:00,94.31481
2011-02-25 17:00:00,85.472496
2011-02-25 18:00:00,88.61729
2011-02-25 19:00:00,94.81953
2011-02-25 20:00:00,78.54847
2011-02-25 21:00:00,104.788475
2011-02-25 22:00:00,75.722755
2011-02-25 23:00:00,111.35198
2011-02-26 00:00:00,74.77334
2011-02-26 01:00:00,73.64586
2011-02-26 02:00:00,35.89347
2011-02-26 03:00:00,37.65149
2011-02-26 04:00:00,51.696983
2011-02-26 05:00:00,43.10483
2011-02-26 06:00:00,55.796173
2011-02-26 07:00:00,40.009228
2011-02-26 08:00:00,99.201324
2011-02-26 09:00:00,121.94932
2011-02-26 10:00:00,160.66815
2011-02-26 11:00:00,40.595196
2011-02-26 12:00:00,130.5322
2011-02-26 13:00:00,84.11974
2011-02-26 14:00:00,166.46918
2011-02-26 15:00:00,109.92497
2011-02-26 16:00:00,172.28915
2011-02-26 17:00:00,126.42803
2011-02-26 18:00:00,125.62418
2011-02-26 19:00:00,104.2705
2011-02-26 20:00:00,83.25859
2011-02-26 21:00:00,39.977654
2011-02-26 22:00:00,39.25529
2011-02-26 23:00:00,38.1574
2011-02-27 00:00:00,54.55394
2011-02-27 01:00:00,51.808723
2011-02-27 02:00:00,42.655
2011-02-27 03:00:00,42.919777
2011-02-27 04:00:00,48.537457
2011-02-27 06:00:00,50.245575
2011-02-27 07:00:00,48.537457
2011-02-27 08:00:00,50.95115
2011-02-27 09:00:00,46.807976
2011-02-27 10:00:00,37.416027
2011-02-27 11:00:00,106.00303
2011-02-27 12:00:00,253.07399
2011-02-27 13:00:00,57.528095
2011-02-27 14:00:00,227.98886
2011-02-27 15:00:00,236.64937
2011-02-27 16:00:00,269.3776
2011-02-27 17:00:00,155.49876
2011-02-27 18:00:00,143.73062
2011-02-27 19:00:00,199.05002
2011-02-27 20:00:00,253.07399
2011-02-27 21:00:00,195.28339
2011-02-27 22:00:00,159.11981
2011-02-27 23:00:00,132.63217
2011-02-28 00:00:00,128.05527
2011-02-28 01:00:00,75.03443
2011-02-28 03:00:00,78.282646
2011-02-28 05:00:00,65.339005
2011-02-28 06:00:00,54.852505
2011-02-28 07:00:00,43.364147
2011-02-28 08:00:00,38.93561
2011-02-28 09:00:00,165.45035
2011-02-28 10:00:00,125.28237
2011-02-28 11:00:00,150.24892
2011-02-28 12:00:00,150.2489
2011-02-28 13:00:00,80.13564
2011-02-28 14:00:00,120.004425
2011-02-28 15:00:00,120.004425
2011-02-28 16:00:00,137.04677
2011-02-28 17:00:00,88.4715
2011-02-28 18:00:00,81.936226
2011-02-28 19:00:00,9.555749
2011-02-28 20:00:00,9.555749
2011-02-28 21:00:00,102.4383
2011-02-28 22:00:00,69.31426
2011-02-28 23:00:00,69.46708
2011-03-20 00:00:00,101.934135
2011-03-20 01:00:00,84.73769
2011-03-20 02:00:00,71.34177
2011-03-20 03:00:00,96.612526
2011-03-20 04:00:00,80.09442
2011-03-20 05:00:00,31.611929
2011-03-20 06:00:00,60.53258
2011-03-20 07:00:00,36.54873
2011-03-20 08:00:00,56.116184
2011-03-20 09:00:00,149.11276
2011-03-20 10:00:00,72.06446
2011-03-20 11:00:00,127.48795
2011-03-20 12:00:00,133.18817
2011-03-20 13:00:00,210.15903
2011-03-20 14:00:00,229.85208
2011-03-20 15:00:00,157.41656
2011-03-20 16:00:00,233.31317
2011-03-20 17:00:00,239.35406
2011-03-20 18:00:00,92.95838
2011-03-20 19:00:00,110.827194
2011-03-20 20:00:00,172.28915
2011-03-20 21:00:00,114.19006
2011-03-20 22:00:00,125.353325
2011-03-20 23:00:00,40.16354
2011-03-21 00:00:00,28.866137
2011-03-21 01:00:00,80.37388
2011-03-21 02:00:00,98.881805
2011-03-21 03:00:00,98.881805
2011-03-21 05:00:00,68.77961
2011-03-21 06:00:00,68.60748
2011-03-21 07:00:00,71.69228
2011-03-21 08:00:00,66.129456
2011-03-21 09:00:00,62.345978
2011-03-21 10:00:00,93.725685
2011-03-21 11:00:00,70.6079
2011-03-21 12:00:00,55.16705
2011-03-21 13:00:00,138.08044
2011-03-21 14:00:00,197.42534
2011-03-21 15:00:00,236.65952
2011-03-21 16:00:00,137.16736
2011-03-21 17:00:00,145.20535
2011-03-21 18:00:00,132.62222
2011-03-21 19:00:00,174.92934
2011-03-21 20:00:00,212.70993
2011-03-21 21:00:00,46.461964
2011-03-21 22:00:00,50.739723
2011-03-21 23:00:00,46.08493
2011-03-22 00:00:00,54.802525
2011-03-22 01:00:00,79.135506
2011-03-22 02:00:00,72.06249
2011-03-22 03:00:00,48.95554
2011-03-22 04:00:00,65.81143
2011-03-22 05:00:00,76.400795
2011-03-22 06:00:00,33.443947
2011-03-22 07:00:00,47.397987
2011-03-22 08:00:00,114.30004
2011-03-22 09:00:00,213.54892
2011-03-22 10:00:00,136.25758
2011-03-22 11:00:00,137.9837
2011-03-22 12:00:00,173.82161
2011-03-22 13:00:00,172.15997
2011-03-22 14:00:00,247.81161
2011-03-22 15:00:00,190.57626
2011-03-22 16:00:00,154.2937
2011-03-22 17:00:00,154.2937
2011-03-22 18:00:00,155.49947
2011-03-22 19:00:00,125.52392
2011-03-22 20:00:00,151.35342
2011-03-22 21:00:00,130.01752
2011-03-22 22:00:00,105.196655
2011-03-22 23:00:00,105.196655
2011-03-23 00:00:00,106.833336
2011-03-23 01:00:00,63.94061
2011-03-23 02:00:00,63.94061
2011-03-23 03:00:00,75.68401
2011-03-23 05:00:00,55.091408
2011-03-23 06:00:00,45.657013
2011-03-23 07:00:00,42.120632
2011-03-23 08:00:00,55.00659
2011-03-23 09:00:00,44.675514
2011-03-23 10:00:00,53.39473
2011-03-23 11:00:00,73.7193
2011-03-23 12:00:00,62.285946
2011-03-23 13:00:00,79.20716
2011-03-23 14:00:00,81.47967
2011-03-23 15:00:00,49.412735
2011-03-23 16:00:00,58.707832
2011-03-23 17:00:00,58.707832
2011-03-23 18:00:00,101.80411
2011-03-23 19:00:00,101.80411
2011-03-23 20:00:00,40.189545
2011-03-23 21:00:00,51.229958
2011-03-23 22:00:00,49.874413
2011-03-23 23:00:00,100.584816
2011-03-24 00:00:00,42.120632
2011-03-24 01:00:00,40.765896
2011-03-24 02:00:00,33.689995
2011-03-24 03:00:00,57.835136
2011-03-24 04:00:00,57.835136
2011-03-24 05:00:00,45.420166
2011-03-24 06:00:00,45.420166
2011-03-24 07:00:00,41.45649
2011-03-24 08:00:00,21.66775
2011-03-24 09:00:00,47.38476
2011-03-24 10:00:00,31.003122
2011-03-24 11:00:00,41.812798
2011-03-24 12:00:00,77.015755
2011-03-24 13:00:00,66.88361
2011-03-24 14:00:00,57.751114
2011-03-24 15:00:00,60.723083
2011-03-24 16:00:00,68.62794
2011-03-24 17:00:00,62.743637
2011-03-24 18:00:00,69.78944
2011-03-24 19:00:00,128.07036
2011-03-24 20:00:00,200.49812
2011-03-24 21:00:00,83.34592
2011-03-24 22:00:00,86.94936
2011-03-24 23:00:00,128.64825
2011-03-25 00:00:00,114.800804
2011-03-25 01:00:00,85.05043
2011-03-25 02:00:00,51.960777
2011-03-25 03:00:00,92.577644
2011-03-25 04:00:00,54.628197
2011-03-25 05:00:00,56.58641
2011-03-25 06:00:00,50.423244
2011-03-25 07:00:00,93.47851
2011-03-25 08:00:00,105.16346
2011-03-25 09:00:00,106.85682
2011-03-25 10:00:00,190.19684
2011-03-25 11:00:00,184.05133
2011-03-25 12:00:00,148.82683
2011-03-25 13:00:00,139.91829
2011-03-25 14:00:00,141.68956
2011-03-25 15:00:00,167.34467
2011-03-25 16:00:00,141.15656
2011-03-25 17:00:00,82.07316
2011-03-25 18:00:00,115.746666
2011-03-25 19:00:00,179.40463
2011-03-25 20:00:00,237.9032
2011-03-25 21:00:00,202.59875
2011-03-25 22:00:00,81.42835
2011-03-25 23:00:00,128.3435
2011-03-26 00:00:00,100.42397
2011-03-26 01:00:00,114.65684
2011-03-26 02:00:00,113.49529
2011-03-26 03:00:00,123.45991
2011-03-26 04:00:00,113.49528
2011-03-26 05:00:00,122.280205
2011-03-26 06:00:00,89.74607
2011-03-26 07:00:00,122.280205
2011-03-26 08:00:00,195.63531
2011-03-26 09:00:00,106.28579
2011-03-26 10:00:00,149.7173
2011-03-26 11:00:00,98.48644
2011-03-26 12:00:00,182.66058
2011-03-26 13:00:00,240.07082
2011-03-26 14:00:00,359.9442
2011-03-26 15:00:00,234.64435
2011-03-26 16:00:00,180.55588
2011-03-26 17:00:00,246.88223
2011-03-26 18:00:00,204.99707
2011-03-26 19:00:00,98.25819
2011-03-26 20:00:00,98.25819
2011-03-26 21:00:00,75.00321
2011-03-26 22:00:00,98.280525
2011-03-26 23:00:00,58.811295
2011-03-27 00:00:00,125.02936
2011-03-27 01:00:00,67.2304
2011-03-27 02:00:00,62.292984
2011-03-27 03:00:00,74.780624
2011-03-27 04:00:00,73.8596
2011-03-27 06:00:00,45.266426
2011-03-27 07:00:00,42.84005
2011-03-27 08:00:00,27.2774
2011-03-27 09:00:00,88.36228
2011-03-27 10:00:00,69.87144
2011-03-27 11:00:00,66.04881
2011-03-27 12:00:00,67.95624
2011-03-27 13:00:00,112.3002
2011-03-27 14:00:00,226.64368
2011-03-27 15:00:00,172.98643
2011-03-27 16:00:00,92.45272
2011-03-27 17:00:00,267.29135
2011-03-27 18:00:00,256.6576
2011-03-27 19:00:00,226.49847
2011-03-27 20:00:00,164.432
2011-03-27 21:00:00,149.7173
2011-03-27 22:00:00,149.7173
2011-03-27 23:00:00,118.14744
2011-03-28 00:00:00,81.755424
2011-03-28 01:00:00,147.95045
2011-03-28 02:00:00,152.59692
2011-03-28 03:00:00,152.59692
2011-03-28 05:00:00,143.0578
2011-03-28 06:00:00,63.44272
2011-03-28 07:00:00,53.56284
2011-03-28 08:00:00,55.619976
2011-03-28 09:00:00,172.98613
2011-03-28 10:00:00,126.749825
2011-03-28 11:00:00,87.66927
2011-03-28 12:00:00,209.68588
2011-03-28 13:00:00,177.91304
2011-03-28 14:00:00,146.55502
2011-03-28 15:00:00,171.08078
2011-03-28 16:00:00,206.02704
2011-03-28 17:00:00,184.43094
2011-03-28 18:00:00,181.66925
2011-03-28 19:00:00,127.145134
2011-03-28 20:00:00,146.49829
2011-03-28 21:00:00,123.35154
2011-03-28 22:00:00,113.80768
2011-03-28 23:00:00,101.711296
2011-03-29 00:00:00,80.839676
2011-03-29 01:00:00,66.4491
2011-03-29 02:00:00,66.4491
2011-03-29 03:00:00,66.4491
2011-03-29 04:00:00,143.81291
2011-03-29 05:00:00,45.881645
2011-03-29 06:00:00,103.52578
2011-03-29 07:00:00,107.41944
2011-03-29 08:00:00,64.04018
2011-03-29 09:00:00,82.84378
2011-03-29 10:00:00,121.61166
2011-03-29 11:00:00,95.829704
2011-03-29 12:00:00,165.28076
2011-03-29 13:00:00,167.77394
2011-03-29 14:00:00,239.59076
2011-03-29 15:00:00,232.26326
2011-03-29 16:00:00,103.55497
2011-03-29 17:00:00,131.1903
2011-03-29 18:00:00,203.20734
2011-03-29 19:00:00,204.83441
2011-03-29 20:00:00,203.20734
2011-03-29 21:00:00,138.57224
2011-03-29 22:00:00,115.89224
2011-03-29 23:00:00,46.21135
2011-03-30 00:00:00,151.06883
2011-03-30 01:00:00,158.74062
2011-03-30 02:00:00,151.06883
2011-03-30 03:00:00,172.57135
2011-03-30 04:00:00,151.06883
2011-03-30 05:00:00,61.109203
2011-03-30 06:00:00,129.65758
2011-03-30 07:00:00,133.65489
2011-03-30 08:00:00,125.432014
2011-03-30 09:00:00,161.27191
2011-03-30 10:00:00,119.54077
2011-03-30 11:00:00,136.32672
2011-03-30 12:00:00,132.87079
2011-03-30 13:00:00,121.290306
2011-03-30 14:00:00,211.61716
2011-03-30 15:00:00,60.64599
2011-03-30 16:00:00,45.586754
2011-03-30 17:00:00,55.38534
2011-03-30 18:00:00,47.38476
2011-03-30 19:00:00,47.38476
2011-03-30 20:00:00,35.499084
2011-03-30 21:00:00,48.515263
2011-03-30 22:00:00,38.411747
2011-03-30 23:00:00,35.49656
2011-03-31 00:00:00,38.411747
2011-03-31 01:00:00,43.891834
2011-03-31 02:00:00,43.891834
2011-03-31 03:00:00,38.411747
2011-03-31 04:00:00,37.545563
2011-03-31 05:00:00,38.411747
2011-03-31 06:00:00,35.499084
2011-03-31 07:00:00,37.545563
2011-03-31 08:00:00,43.37504
2011-03-31 09:00:00,38.492
2011-03-31 10:00:00,38.492
2011-03-31 11:00:00,51.8117
2011-03-31 12:00:00,51.8117
2011-03-31 13:00:00,57.57233
2011-03-31 14:00:00,57.572323
2011-03-31 15:00:00,46.99816
2011-03-31 16:00:00,41.28096
2011-03-31 17:00:00,41.28096
2011-03-31 18:00:00,67.38622
2011-03-31 19:00:00,67.38622
2011-03-31 20:00:00,38.818176
2011-03-31 21:00:00,50.51203
2011-03-31 22:00:00,39.915413
2011-03-31 23:00:00,51.204163
2011-04-20 00:00:00,59.338688
2011-04-20 01:00:00,57.517456
2011-04-20 02:00:00,57.517456
2011-04-20 03:00:00,5.229707
2011-04-20 04:00:00,62.610138
2011-04-20 05:00:00,58.943176
2011-04-20 06:00:00,57.517456
2011-04-20 07:00:00,5.6195383
2011-04-20 08:00:00,170.76999
2011-04-20 09:00:00,344.85794
2011-04-20 10:00:00,210.86041
2011-04-20 11:00:00,210.86041
2011-04-20 12:00:00,342.97266
2011-04-20 13:00:00,342.97266
2011-04-20 14:00:00,346.40802
2011-04-20 15:00:00,287.76425
2011-04-20 16:00:00,287.76425
2011-04-20 17:00:00,303.1891
2011-04-20 18:00:00,389.7426
2011-04-20 19:00:00,465.97034
2011-04-20 20:00:00,455.21564
2011-04-20 21:00:00,427.66254
2011-04-20 22:00:00,283.1503
2011-04-20 23:00:00,319.9446
2011-04-21 00:00:00,294.41632
2011-04-21 01:00:00,170.21109
2011-04-21 02:00:00,278.66132
2011-04-21 03:00:00,199.16154
2011-04-21 04:00:00,204.02386
2011-04-21 05:00:00,197.6742
2011-04-21 06:00:00,189.31299
2011-04-21 07:00:00,161.42465
2011-04-21 08:00:00,201.72766
2011-04-21 09:00:00,150.5619
2011-04-21 10:00:00,209.31721
2011-04-21 11:00:00,171.36115
2011-04-21 12:00:00,250.33002
2011-04-21 13:00:00,370.1844
2011-04-21 14:00:00,309.52594
2011-04-21 15:00:00,330.9788
2011-04-21 16:00:00,347.51645
2011-04-21 17:00:00,413.7666
2011-04-21 18:00:00,336.93893
2011-04-21 19:00:00,391.1762
2011-04-21 20:00:00,327.96692
2011-04-21 21:00:00,180.34811
2011-04-21 22:00:00,166.90019
2011-04-21 23:00:00,164.32176
2011-04-22 00:00:00,99.66966
2011-04-22 01:00:00,137.89217
2011-04-22 02:00:00,235.18091
2011-04-22 03:00:00,235.18091
2011-04-22 04:00:00,183.89813
2011-04-22 05:00:00,120.7548
2011-04-22 06:00:00,183.898
2011-04-22 07:00:00,158.05429
2011-04-22 08:00:00,75.276886
2011-04-22 09:00:00,81.13044
2011-04-22 10:00:00,77.453896
2011-04-22 11:00:00,107.942604
2011-04-22 12:00:00,86.29899
2011-04-22 13:00:00,55.154705
2011-04-22 14:00:00,49.098167
2011-04-22 15:00:00,55.154705
2011-04-22 16:00:00,79.20716
2011-04-22 17:00:00,49.52867
2011-04-22 18:00:00,49.52867
2011-04-22 19:00:00,49.52867
2011-04-22 20:00:00,50.51835
2011-04-22 21:00:00,55.761086
2011-04-22 22:00:00,52.456097
2011-04-22 23:00:00,64.52902
2011-04-23 00:00:00,37.899563
2011-04-23 01:00:00,37.899563
2011-04-23 02:00:00,49.737957
2011-04-23 03:00:00,46.91904
2011-04-23 04:00:00,55.261467
2011-04-23 05:00:00,55.261467
2011-04-23 06:00:00,34.34443
2011-04-23 07:00:00,50.010277
2011-04-23 08:00:00,41.177395
2011-04-23 09:00:00,38.589962
2011-04-23 10:00:00,40.230873
2011-04-23 11:00:00,55.489655
2011-04-23 12:00:00,37.618797
2011-04-23 13:00:00,40.513947
2011-04-23 14:00:00,55.559708
2011-04-23 15:00:00,239.77258
2011-04-23 16:00:00,231.26454
2011-04-23 17:00:00,225.71194
2011-04-23 18:00:00,123.20332
2011-04-23 19:00:00,84.60591
2011-04-23 20:00:00,55.84138
2011-04-23 21:00:00,143.0402
2011-04-23 22:00:00,153.58417
2011-04-23 23:00:00,111.25521
2011-04-24 00:00:00,72.98885
2011-04-24 01:00:00,70.87251
2011-04-24 02:00:00,70.87251
2011-04-24 03:00:00,85.04612
2011-04-24 04:00:00,85.04612
2011-04-24 05:00:00,85.04612
2011-04-24 06:00:00,66.87532
2011-04-24 07:00:00,66.87532
2011-04-24 08:00:00,65.08844
2011-04-24 09:00:00,83.731575
2011-04-24 10:00:00,124.45432
2011-04-24 11:00:00,232.31064
2011-04-24 12:00:00,280.65106
2011-04-24 13:00:00,445.15442
2011-04-24 14:00:00,517.09174
2011-04-24 15:00:00,313.71494
2011-04-24 16:00:00,517.1618
2011-04-24 17:00:00,358.6496
2011-04-24 18:00:00,156.45813
2011-04-24 19:00:00,169.94864
2011-04-24 20:00:00,169.94864
2011-04-24 21:00:00,93.55459
2011-04-24 22:00:00,90.1555
2011-04-24 23:00:00,173.96628
2011-04-25 00:00:00,81.31512
2011-04-25 01:00:00,57.813995
2011-04-25 02:00:00,57.813995
2011-04-25 03:00:00,88.63771
2011-04-25 04:00:00,126.85408
2011-04-25 05:00:00,88.45184
2011-04-25 06:00:00,87.61423
2011-04-25 07:00:00,79.24564
2011-04-25 08:00:00,77.76071
2011-04-25 09:00:00,127.61894
2011-04-25 10:00:00,237.15942
2011-04-25 11:00:00,237.15942
2011-04-25 12:00:00,231.43816
2011-04-25 13:00:00,319.51898
2011-04-25 14:00:00,412.78668
2011-04-25 15:00:00,469.306
2011-04-25 16:00:00,293.57312
2011-04-25 17:00:00,376.2176
2011-04-25 18:00:00,271.14075
2011-04-25 19:00:00,268.73538
2011-04-25 20:00:00,344.85794
2011-04-25 21:00:00,261.22424
2011-04-25 22:00:00,147.55452
2011-04-25 23:00:00,244.88074
2011-04-26 00:00:00,294.04318
2011-04-26 01:00:00,184.25276
2011-04-26 02:00:00,199.79395
2011-04-26 03:00:00,171.5383
2011-04-26 04:00:00,196.78381
2011-04-26 05:00:00,125.562744
2011-04-26 06:00:00,134.64418
2011-04-26 07:00:00,229.35661
2011-04-26 08:00:00,229.35667
2011-04-26 09:00:00,167.31226
2011-04-26 10:00:00,345.64874
2011-04-26 11:00:00,336.17737
2011-04-26 12:00:00,317.30786
2011-04-26 13:00:00,387.16684
2011-04-26 14:00:00,410.53467
2011-04-26 15:00:00,339.75034
2011-04-26 16:00:00,304.38525
2011-04-26 17:00:00,315.73053
2011-04-26 18:00:00,248.9438
2011-04-26 19:00:00,144.23866
2011-04-26 20:00:00,167.31226
2011-04-26 21:00:00,281.81003
2011-04-26 22:00:00,221.43562
2011-04-26 23:00:00,200.35666
2011-04-27 00:00:00,168.48094
2011-04-27 01:00:00,198.8391
2011-04-27 02:00:00,159.76376
2011-04-27 03:00:00,175.62149
2011-04-27 04:00:00,114.9855
2011-04-27 05:00:00,206.98645
2011-04-27 06:00:00,108.19473
2011-04-27 07:00:00,175.62149
2011-04-27 08:00:00,181.02069
2011-04-27 09:00:00,202.96024
2011-04-27 10:00:00,166.06183
2011-04-27 11:00:00,173.82834
2011-04-27 12:00:00,242.89447
2011-04-27 13:00:00,282.8627
2011-04-27 14:00:00,285.81573
2011-04-27 15:00:00,252.71184
2011-04-27 16:00:00,412.61047
2011-04-27 17:00:00,146.39722
2011-04-27 18:00:00,146.39722
2011-04-27 19:00:00,281.81003
2011-04-27 20:00:00,263.29242
2011-04-27 21:00:00,195.99841
2011-04-27 22:00:00,201.65411
2011-04-27 23:00:00,206.2398
2011-04-28 00:00:00,187.67282
2011-04-28 01:00:00,167.07913
2011-04-28 02:00:00,243.26884
2011-04-28 03:00:00,141.10498
2011-04-28 04:00:00,196.26039
2011-04-28 05:00:00,167.07913
2011-04-28 06:00:00,170.13193
2011-04-28 07:00:00,163.33789
2011-04-28 08:00:00,163.6431
2011-04-28 09:00:00,121.37191
2011-04-28 10:00:00,228.18619
2011-04-28 11:00:00,166.06183
2011-04-28 12:00:00,164.11212
2011-04-28 13:00:00,182.79022
2011-04-28 14:00:00,275.87976
2011-04-28 15:00:00,370.0504
2011-04-28 16:00:00,298.20557
2011-04-28 17:00:00,307.0523
2011-04-28 18:00:00,307.0523
2011-04-28 19:00:00,273.79
2011-04-28 20:00:00,208.47917
2011-04-28 21:00:00,197.35503
2011-04-28 22:00:00,170.98064
2011-04-28 23:00:00,179.34818
2011-04-29 00:00:00,256.1324
2011-04-29 01:00:00,175.48004
2011-04-29 02:00:00,114.420815
2011-04-29 03:00:00,109.3581
2011-04-29 04:00:00,170.21597
2011-04-29 05:00:00,164.30472
2011-04-29 06:00:00,210.77481
2011-04-29 07:00:00,231.64822
2011-04-29 08:00:00,276.07236
2011-04-29 09:00:00,299.14087
2011-04-29 10:00:00,256.67102
2011-04-29 11:00:00,289.35156
2011-04-29 12:00:00,291.59827
2011-04-29 13:00:00,311.6427
2011-04-29 14:00:00,339.78323
2011-04-29 15:00:00,295.7
2011-04-29 16:00:00,244.58923
2011-04-29 17:00:00,227.65092
2011-04-29 18:00:00,193.39401
2011-04-29 19:00:00,127.652756
2011-04-29 20:00:00,166.20639
2011-04-29 21:00:00,204.26169
2011-04-29 22:00:00,114.748024
2011-04-29 23:00:00,139.99223
2011-04-30 00:00:00,91.375305
2011-04-30 01:00:00,192.34396
2011-04-30 02:00:00,108.47592
2011-04-30 03:00:00,111.18043
2011-04-30 04:00:00,91.75236
2011-04-30 05:00:00,212.99043
2011-04-30 06:00:00,134.17578
2011-04-30 07:00:00,214.73888
2011-04-30 08:00:00,186.08644
2011-04-30 09:00:00,64.549194
2011-04-30 10:00:00,108.9304
2011-04-30 11:00:00,175.75467
2011-04-30 12:00:00,196.37448
2011-04-30 13:00:00,306.49557
2011-04-30 14:00:00,260.7603
2011-04-30 15:00:00,307.9057
2011-04-30 16:00:00,377.25287
2011-04-30 17:00:00,241.0395
2011-04-30 18:00:00,211.62697
2011-04-30 19:00:00,211.62697
2011-04-30 20:00:00,81.863075
2011-04-30 21:00:00,81.863075
2011-04-30 22:00:00,86.36278
2011-04-30 23:00:00,86.36278
2011-05-20 00:00:00,59.819363
2011-05-20 01:00:00,27.169832
2011-05-20 02:00:00,79.13754
2011-05-20 03:00:00,24.095133
2011-05-20 04:00:00,72.06249
2011-05-20 05:00:00,64.28756
2011-05-20 06:00:00,44.3792
2011-05-20 07:00:00,108.20736
2011-05-20 08:00:00,132.09454
2011-05-20 09:00:00,167.89651
2011-05-20 10:00:00,212.70993
2011-05-20 11:00:00,267.17545
2011-05-20 12:00:00,214.03546
2011-05-20 13:00:00,258.18762
2011-05-20 14:00:00,249.022
2011-05-20 15:00:00,234.5008
2011-05-20 16:00:00,220.44945
2011-05-20 17:00:00,222.51886
2011-05-20 18:00:00,233.84161
2011-05-20 19:00:00,194.67862
2011-05-20 20:00:00,224.95663
2011-05-20 21:00:00,196.21725
2011-05-20 22:00:00,127.53556
2011-05-20 23:00:00,130.72612
2011-05-21 00:00:00,90.58326
2011-05-21 01:00:00,49.827435
2011-05-21 02:00:00,91.48987
2011-05-21 03:00:00,71.92307
2011-05-21 04:00:00,80.59484
2011-05-21 05:00:00,79.2507
2011-05-21 06:00:00,93.427025
2011-05-21 07:00:00,96.56816
2011-05-21 08:00:00,165.61221
2011-05-21 09:00:00,266.57782
2011-05-21 10:00:00,218.68921
2011-05-21 11:00:00,313.57727
2011-05-21 12:00:00,364.91162
2011-05-21 13:00:00,502.404
2011-05-21 14:00:00,526.76227
2011-05-21 15:00:00,488.19824
2011-05-21 16:00:00,467.00012
2011-05-21 17:00:00,409.18472
2011-05-21 18:00:00,295.85837
2011-05-21 19:00:00,396.3932
2011-05-21 20:00:00,131.72906
2011-05-21 21:00:00,218.68921
2011-05-21 22:00:00,105.36785
2011-05-21 23:00:00,72.53043
2011-05-22 00:00:00,92.27917
2011-05-22 01:00:00,85.73001
2011-05-22 02:00:00,77.48042
2011-05-22 03:00:00,102.86567
2011-05-22 04:00:00,96.25179
2011-05-22 05:00:00,102.86567
2011-05-22 06:00:00,77.48042
2011-05-22 07:00:00,71.772285
2011-05-22 08:00:00,85.51523
2011-05-22 09:00:00,105.19067
2011-05-22 10:00:00,203.01869
2011-05-22 11:00:00,373.78387
2011-05-22 12:00:00,262.80698
2011-05-22 13:00:00,263.3459
2011-05-22 14:00:00,270.6888
2011-05-22 15:00:00,216.66638
2011-05-22 16:00:00,254.40561
2011-05-22 17:00:00,382.1681
2011-05-22 18:00:00,278.68326
2011-05-22 19:00:00,259.86734
2011-05-22 20:00:00,212.4972
2011-05-22 21:00:00,150.38539
2011-05-22 22:00:00,83.86111
2011-05-22 23:00:00,117.05225
2011-05-23 00:00:00,99.14806
2011-05-23 01:00:00,77.76071
2011-05-23 02:00:00,113.25365
2011-05-23 03:00:00,152.33508
2011-05-23 04:00:00,252.9706
2011-05-23 05:00:00,252.9706
2011-05-23 06:00:00,236.96301
2011-05-23 07:00:00,84.659096
2011-05-23 08:00:00,139.1838
2011-05-23 09:00:00,145.14633
2011-05-23 10:00:00,243.54578
2011-05-23 11:00:00,366.77002
2011-05-23 12:00:00,366.77002
2011-05-23 13:00:00,304.8478
2011-05-23 14:00:00,267.2968
2011-05-23 15:00:00,296.42746
2011-05-23 16:00:00,225.81088
2011-05-23 17:00:00,206.74808
2011-05-23 18:00:00,277.227
2011-05-23 19:00:00,270.36688
2011-05-23 20:00:00,170.60815
2011-05-23 21:00:00,160.69241
2011-05-23 22:00:00,142.00378
2011-05-23 23:00:00,260.84668
2011-05-24 00:00:00,113.49976
2011-05-24 01:00:00,124.23735
2011-05-24 02:00:00,113.49976
2011-05-24 03:00:00,87.3677
2011-05-24 04:00:00,108.88406
2011-05-24 05:00:00,202.0555
2011-05-24 06:00:00,140.21384
2011-05-24 07:00:00,175.70024
2011-05-24 08:00:00,157.05276
2011-05-24 09:00:00,260.35303
2011-05-24 10:00:00,409.9469
2011-05-24 11:00:00,469.306
2011-05-24 12:00:00,344.26843
2011-05-24 13:00:00,493.0291
2011-05-24 14:00:00,482.37897
2011-05-24 15:00:00,340.1366
2011-05-24 16:00:00,310.59778
2011-05-24 17:00:00,343.2743
2011-05-24 18:00:00,293.24957
2011-05-24 19:00:00,291.7713
2011-05-24 20:00:00,169.48637
2011-05-24 21:00:00,107.25613
2011-05-24 22:00:00,135.53462
2011-05-24 23:00:00,185.45757
2011-05-25 00:00:00,149.4849
2011-05-25 01:00:00,125.28295
2011-05-25 02:00:00,248.49246
2011-05-25 03:00:00,56.144123
2011-05-25 04:00:00,54.706787
2011-05-25 05:00:00,54.02168
2011-05-25 06:00:00,62.282063
2011-05-25 07:00:00,199.60776
2011-05-25 08:00:00,284.86865
2011-05-25 09:00:00,262.08408
2011-05-25 10:00:00,334.0341
2011-05-25 11:00:00,377.09235
2011-05-25 12:00:00,407.4937
2011-05-25 13:00:00,407.4937
2011-05-25 14:00:00,426.7671
2011-05-25 15:00:00,512.83246
2011-05-25 16:00:00,484.33932
2011-05-25 17:00:00,469.306
2011-05-25 18:00:00,371.55994
2011-05-25 19:00:00,344.81647
2011-05-25 20:00:00,340.37012
2011-05-25 21:00:00,273.34906
2011-05-25 22:00:00,296.43024
2011-05-25 23:00:00,245.73044
2011-05-26 00:00:00,245.73042
2011-05-26 01:00:00,245.73042
2011-05-26 02:00:00,133.0644
2011-05-26 03:00:00,72.66985
2011-05-26 04:00:00,102.28916
2011-05-26 05:00:00,132.14825
2011-05-26 06:00:00,77.48584
2011-05-26 07:00:00,235.46214
2011-05-26 08:00:00,154.857
2011-05-26 09:00:00,305.72183
2011-05-26 10:00:00,277.227
2011-05-26 11:00:00,307.1411
2011-05-26 12:00:00,533.4918
2011-05-26 13:00:00,424.00208
2011-05-26 14:00:00,424.00208
2011-05-26 15:00:00,251.5202
2011-05-26 16:00:00,326.55676
2011-05-26 17:00:00,452.47778
2011-05-26 18:00:00,433.96103
2011-05-26 19:00:00,439.95636
2011-05-26 20:00:00,354.01685
2011-05-26 21:00:00,342.7798
2011-05-26 22:00:00,331.03693
2011-05-26 23:00:00,329.2199
2011-05-27 00:00:00,294.75238
2011-05-27 01:00:00,417.83328
2011-05-27 02:00:00,306.62823
2011-05-27 03:00:00,250.83057
2011-05-27 04:00:00,262.36636
2011-05-27 05:00:00,335.22513
2011-05-27 06:00:00,211.71976
2011-05-27 07:00:00,256.74734
2011-05-27 08:00:00,235.02286
2011-05-27 09:00:00,375.28156
2011-05-27 10:00:00,329.53693
2011-05-27 11:00:00,267.6626
2011-05-27 12:00:00,249.5647
2011-05-27 13:00:00,403.01404
2011-05-27 14:00:00,499.72604
2011-05-27 15:00:00,522.4593
2011-05-27 16:00:00,311.2951
2011-05-27 17:00:00,349.55487
2011-05-27 18:00:00,225.81088
2011-05-27 19:00:00,162.84198
2011-05-27 20:00:00,220.79376
2011-05-27 21:00:00,125.3447
2011-05-27 22:00:00,131.9739
2011-05-27 23:00:00,106.42744
2011-05-28 00:00:00,90.22747
2011-05-28 01:00:00,88.91787
2011-05-28 02:00:00,71.98907
2011-05-28 03:00:00,75.82544
2011-05-28 04:00:00,83.731575
2011-05-28 05:00:00,75.82544
2011-05-28 06:00:00,80.84453
2011-05-28 07:00:00,99.20344
2011-05-28 08:00:00,144.91997
2011-05-28 09:00:00,199.47026
2011-05-28 10:00:00,271.17255
2011-05-28 11:00:00,271.17255
2011-05-28 12:00:00,394.34967
2011-05-28 13:00:00,331.78455
2011-05-28 14:00:00,378.6695
2011-05-28 15:00:00,408.99274
2011-05-28 16:00:00,437.38892
2011-05-28 17:00:00,502.28864
2011-05-28 18:00:00,350.32794
2011-05-28 19:00:00,264.2198
2011-05-28 20:00:00,271.17255
2011-05-28 21:00:00,276.07263
2011-05-28 22:00:00,166.8589
2011-05-28 23:00:00,125.46523
2011-05-29 00:00:00,140.8829
2011-05-29 01:00:00,84.07415
2011-05-29 02:00:00,78.74264
2011-05-29 03:00:00,78.74264
2011-05-29 04:00:00,70.1794
2011-05-29 05:00:00,51.707916
2011-05-29 06:00:00,105.852554
2011-05-29 07:00:00,70.914825
2011-05-29 08:00:00,89.75272
2011-05-29 09:00:00,96.457
2011-05-29 10:00:00,109.05391
2011-05-29 11:00:00,200.16919
2011-05-29 12:00:00,322.6894
2011-05-29 13:00:00,314.6488
2011-05-29 14:00:00,311.1792
2011-05-29 15:00:00,336.37128
2011-05-29 16:00:00,311.1792
2011-05-29 17:00:00,311.1792
2011-05-29 18:00:00,384.62744
2011-05-29 19:00:00,355.97308
2011-05-29 20:00:00,170.71951
2011-05-29 21:00:00,122.34574
2011-05-29 22:00:00,83.21789
2011-05-29 23:00:00,88.7853
2011-05-30 00:00:00,45.99897
2011-05-30 01:00:00,51.45035
2011-05-30 02:00:00,45.99897
2011-05-30 03:00:00,45.99897
2011-05-30 04:00:00,47.7934
2011-05-30 05:00:00,51.43329
2011-05-30 06:00:00,56.077015
2011-05-30 07:00:00,55.108818
2011-05-30 08:00:00,75.7279
2011-05-30 09:00:00,85.97846
2011-05-30 10:00:00,417.22202
2011-05-30 11:00:00,631.3872
2011-05-30 12:00:00,619.3348
2011-05-30 13:00:00,566.95105
2011-05-30 14:00:00,978.179
2011-05-30 15:00:00,587.979
2011-05-30 16:00:00,592.4293
2011-05-30 17:00:00,566.94696
2011-05-30 18:00:00,592.269
2011-05-30 19:00:00,176.21289
2011-05-30 20:00:00,389.9399
2011-05-30 21:00:00,270.94122
2011-05-30 22:00:00,269.61853
2011-05-30 23:00:00,46.693394
2011-05-31 00:00:00,153.84196
2011-05-31 01:00:00,85.91488
2011-05-31 02:00:00,138.56429
2011-05-31 03:00:00,192.33557
2011-05-31 04:00:00,100.642914
2011-05-31 05:00:00,100.642914
2011-05-31 06:00:00,113.91209
2011-05-31 07:00:00,315.5901
2011-05-31 08:00:00,409.16803
2011-05-31 09:00:00,497.37518
2011-05-31 10:00:00,454.07935
2011-05-31 11:00:00,277.9674
2011-05-31 12:00:00,183.3858
2011-05-31 13:00:00,246.10327
2011-05-31 14:00:00,187.65819
2011-05-31 15:00:00,269.4122
2011-05-31 16:00:00,225.95715
2011-05-31 17:00:00,295.42648
2011-05-31 18:00:00,310.33835
2011-05-31 19:00:00,347.02655
2011-05-31 20:00:00,347.02655
2011-05-31 21:00:00,324.6761
2011-05-31 22:00:00,305.91827
2011-05-31 23:00:00,150.05368
2011-06-20 00:00:00,157.73251
2011-06-20 01:00:00,78.764595
2011-06-20 02:00:00,78.764595
2011-06-20 03:00:00,41.447315
2011-06-20 04:00:00,124.16837
2011-06-20 05:00:00,92.24192
2011-06-20 06:00:00,141.9786
2011-06-20 07:00:00,118.02125
2011-06-20 08:00:00,119.40838
2011-06-20 09:00:00,155.5658
2011-06-20 10:00:00,155.5658
2011-06-20 11:00:00,108.59136
2011-06-20 12:00:00,194.02675
2011-06-20 13:00:00,250.11354
2011-06-20 14:00:00,317.49188
2011-06-20 15:00:00,321.67957
2011-06-20 16:00:00,326.95038
2011-06-20 17:00:00,202.79388
2011-06-20 18:00:00,346.2307
2011-06-20 19:00:00,302.12738
2011-06-20 20:00:00,297.02838
2011-06-20 21:00:00,256.74734
2011-06-20 22:00:00,253.01314
2011-06-20 23:00:00,298.20557
2011-06-21 00:00:00,116.26122
2011-06-21 01:00:00,150.06995
2011-06-21 02:00:00,118.3184
2011-06-21 03:00:00,118.3184
2011-06-21 04:00:00,159.017
2011-06-21 05:00:00,137.24294
2011-06-21 06:00:00,137.24294
2011-06-21 07:00:00,95.67822
2011-06-21 08:00:00,170.90945
2011-06-21 09:00:00,172.35915
2011-06-21 10:00:00,134.56981
2011-06-21 11:00:00,119.15061
2011-06-21 12:00:00,180.17822
2011-06-21 13:00:00,240.25381
2011-06-21 14:00:00,322.2789
2011-06-21 15:00:00,415.86884
2011-06-21 16:00:00,391.84302
2011-06-21 17:00:00,349.22607
2011-06-21 18:00:00,272.6424
2011-06-21 19:00:00,255.4375
2011-06-21 20:00:00,337.92725
2011-06-21 21:00:00,232.63885
2011-06-21 22:00:00,117.04995
2011-06-21 23:00:00,143.60588
2011-06-22 00:00:00,108.94497
2011-06-22 01:00:00,117.48992
2011-06-22 02:00:00,69.85731
2011-06-22 03:00:00,117.48992
2011-06-22 04:00:00,56.033123
2011-06-22 05:00:00,63.03921
2011-06-22 06:00:00,60.791286
2011-06-22 07:00:00,113.50875
2011-06-22 08:00:00,172.02658
2011-06-22 09:00:00,162.59805
2011-06-22 10:00:00,282.79193
2011-06-22 11:00:00,235.50912
2011-06-22 12:00:00,263.51526
2011-06-22 13:00:00,291.75284
2011-06-22 14:00:00,369.7428
2011-06-22 15:00:00,341.83844
2011-06-22 16:00:00,241.39545
2011-06-22 17:00:00,304.89557
2011-06-22 18:00:00,277.78513
2011-06-22 19:00:00,309.71997
2011-06-22 20:00:00,212.1933
2011-06-22 21:00:00,175.97025
2011-06-22 22:00:00,241.4357
2011-06-22 23:00:00,245.83505
2011-06-23 00:00:00,164.18002
2011-06-23 01:00:00,241.68085
2011-06-23 02:00:00,241.68085
2011-06-23 03:00:00,229.2135
2011-06-23 04:00:00,230.75378
2011-06-23 05:00:00,233.01846
2011-06-23 06:00:00,233.01851
2011-06-23 07:00:00,230.79887
2011-06-23 08:00:00,265.69708
2011-06-23 09:00:00,236.74426
2011-06-23 10:00:00,274.68484
2011-06-23 11:00:00,350.40717
2011-06-23 12:00:00,288.06775
2011-06-23 13:00:00,302.7407
2011-06-23 14:00:00,284.61713
2011-06-23 15:00:00,278.04105
2011-06-23 16:00:00,274.45248
2011-06-23 17:00:00,207.36801
2011-06-23 18:00:00,201.42346
2011-06-23 19:00:00,361.83496
2011-06-23 20:00:00,222.9802
2011-06-23 21:00:00,204.19135
2011-06-23 22:00:00,269.10483
2011-06-23 23:00:00,263.27383
2011-06-24 00:00:00,122.533165
2011-06-24 01:00:00,155.74747
2011-06-24 02:00:00,155.74747
2011-06-24 03:00:00,119.15061
2011-06-24 04:00:00,72.33194
2011-06-24 05:00:00,83.00616
2011-06-24 06:00:00,93.08708
2011-06-24 07:00:00,139.47507
2011-06-24 08:00:00,222.9802
2011-06-24 09:00:00,232.3447
2011-06-24 10:00:00,310.15332
2011-06-24 11:00:00,266.63153
2011-06-24 12:00:00,314.15494
2011-06-24 13:00:00,354.4014
2011-06-24 14:00:00,313.79895
2011-06-24 15:00:00,269.8947
2011-06-24 16:00:00,265.21417
2011-06-24 17:00:00,365.85767
2011-06-24 18:00:00,298.46866
2011-06-24 19:00:00,362.8609
2011-06-24 20:00:00,334.458
2011-06-24 21:00:00,272.40152
2011-06-24 22:00:00,225.69397
2011-06-24 23:00:00,222.33133
2011-06-25 00:00:00,355.57617
2011-06-25 01:00:00,272.29324
2011-06-25 02:00:00,269.99887
2011-06-25 03:00:00,232.00626
2011-06-25 04:00:00,232.00626
2011-06-25 05:00:00,198.79752
2011-06-25 06:00:00,253.5054
2011-06-25 07:00:00,328.28452
2011-06-25 08:00:00,439.54315
2011-06-25 09:00:00,488.8289
2011-06-25 10:00:00,440.82007
2011-06-25 11:00:00,464.0194
2011-06-25 12:00:00,553.45874
2011-06-25 13:00:00,553.45874
2011-06-25 14:00:00,470.8647
2011-06-25 15:00:00,439.39716
2011-06-25 16:00:00,457.61224
2011-06-25 17:00:00,494.7527
2011-06-25 18:00:00,488.8289
2011-06-25 19:00:00,480.04022
2011-06-25 20:00:00,360.20636
2011-06-25 21:00:00,274.74777
2011-06-25 22:00:00,382.27786
2011-06-25 23:00:00,254.19669
2011-06-26 00:00:00,172.06819
2011-06-26 01:00:00,211.34906
2011-06-26 02:00:00,194.19028
2011-06-26 03:00:00,150.73474
2011-06-26 04:00:00,129.04927
2011-06-26 05:00:00,146.86386
2011-06-26 06:00:00,146.86386
2011-06-26 07:00:00,149.55327
2011-06-26 08:00:00,228.68884
2011-06-26 09:00:00,208.26724
2011-06-26 10:00:00,280.49103
2011-06-26 11:00:00,363.48755
2011-06-26 12:00:00,519.3029
2011-06-26 13:00:00,487.88477
2011-06-26 14:00:00,483.97223
2011-06-26 15:00:00,487.88477
2011-06-26 16:00:00,496.7519
2011-06-26 17:00:00,470.97937
2011-06-26 18:00:00,426.63574
2011-06-26 19:00:00,271.17126
2011-06-26 20:00:00,210.68481
2011-06-26 21:00:00,185.41125
2011-06-26 22:00:00,374.8106
2011-06-26 23:00:00,212.70862
2011-06-27 00:00:00,128.72484
2011-06-27 01:00:00,172.43755
2011-06-27 02:00:00,82.93582
2011-06-27 03:00:00,82.93582
2011-06-27 04:00:00,144.95074
2011-06-27 05:00:00,146.59212
2011-06-27 06:00:00,175.86703
2011-06-27 07:00:00,276.50684
2011-06-27 08:00:00,100.31194
2011-06-27 09:00:00,415.9148
2011-06-27 10:00:00,248.04257
2011-06-27 11:00:00,247.94281
2011-06-27 12:00:00,415.9148
2011-06-27 13:00:00,287.88406
2011-06-27 14:00:00,196.15692
2011-06-27 15:00:00,427.0461
2011-06-27 16:00:00,230.96426
2011-06-27 17:00:00,239.15227
2011-06-27 18:00:00,152.80768
2011-06-27 19:00:00,243.00716
2011-06-27 20:00:00,179.64102
2011-06-27 21:00:00,129.3353
2011-06-27 22:00:00,112.35073
2011-06-27 23:00:00,112.35073
2011-06-28 00:00:00,204.48586
2011-06-28 01:00:00,78.88221
2011-06-28 02:00:00,317.2819
2011-06-28 03:00:00,317.2819
2011-06-28 04:00:00,78.88221
2011-06-28 05:00:00,69.85731
2011-06-28 06:00:00,119.15061
2011-06-28 07:00:00,118.81968
2011-06-28 08:00:00,131.31573
2011-06-28 09:00:00,148.54214
2011-06-28 10:00:00,335.49304
2011-06-28 11:00:00,357.30963
2011-06-28 12:00:00,314.6009
2011-06-28 13:00:00,384.6447
2011-06-28 14:00:00,321.66113
2011-06-28 15:00:00,404.49954
2011-06-28 16:00:00,307.56653
2011-06-28 17:00:00,277.80798
2011-06-28 18:00:00,256.36523
2011-06-28 19:00:00,291.03238
2011-06-28 20:00:00,140.56067
2011-06-28 21:00:00,334.22125
2011-06-28 22:00:00,280.16016
2011-06-28 23:00:00,270.58054
2011-06-29 00:00:00,241.18744
2011-06-29 01:00:00,89.48346
2011-06-29 02:00:00,132.67297
2011-06-29 03:00:00,168.41306
2011-06-29 04:00:00,71.55784
2011-06-29 05:00:00,129.29974
2011-06-29 06:00:00,249.03925
2011-06-29 07:00:00,287.6387
2011-06-29 08:00:00,269.26605
2011-06-29 09:00:00,305.2022
2011-06-29 10:00:00,305.6176
2011-06-29 11:00:00,360.9942
2011-06-29 12:00:00,367.26193
2011-06-29 13:00:00,283.31848
2011-06-29 14:00:00,318.44092
2011-06-29 15:00:00,312.37994
2011-06-29 16:00:00,287.97986
2011-06-29 17:00:00,449.22043
2011-06-29 18:00:00,303.14764
2011-06-29 19:00:00,389.56052
2011-06-29 20:00:00,297.3165
2011-06-29 21:00:00,368.86407
2011-06-29 22:00:00,330.8947
2011-06-29 23:00:00,294.36526
2011-06-30 00:00:00,220.82404
2011-06-30 01:00:00,179.79128
2011-06-30 02:00:00,169.18414
2011-06-30 03:00:00,161.20537
2011-06-30 04:00:00,179.147
2011-06-30 05:00:00,187.31908
2011-06-30 06:00:00,210.70856
2011-06-30 07:00:00,191.08942
2011-06-30 08:00:00,308.83575
2011-06-30 09:00:00,349.0545
2011-06-30 10:00:00,347.81842
2011-06-30 11:00:00,325.49927
2011-06-30 12:00:00,335.77887
2011-06-30 13:00:00,337.84576
2011-06-30 14:00:00,318.88904
2011-06-30 15:00:00,357.19064
2011-06-30 16:00:00,211.60701
2011-06-30 17:00:00,411.56085
2011-06-30 18:00:00,333.2625
2011-06-30 19:00:00,344.5506
2011-06-30 20:00:00,344.5506
2011-06-30 21:00:00,303.95642
2011-06-30 22:00:00,323.403
2011-06-30 23:00:00,111.82627
2011-07-20 00:00:00,79.092964
2011-07-20 01:00:00,88.00696
2011-07-20 02:00:00,88.00696
2011-07-20 03:00:00,79.092964
2011-07-20 04:00:00,70.17837
2011-07-20 05:00:00,73.94129
2011-07-20 06:00:00,152.03214
2011-07-20 07:00:00,154.26442
2011-07-20 08:00:00,163.28268
2011-07-20 09:00:00,167.15204
2011-07-20 10:00:00,142.88106
2011-07-20 11:00:00,243.27051
2011-07-20 12:00:00,197.44426
2011-07-20 13:00:00,290.8891
2011-07-20 14:00:00,261.66965
2011-07-20 15:00:00,261.43646
2011-07-20 16:00:00,322.39307
2011-07-20 17:00:00,320.91986
2011-07-20 18:00:00,314.39307
2011-07-20 19:00:00,341.67273
2011-07-20 20:00:00,359.89667
2011-07-20 21:00:00,340.13223
2011-07-20 22:00:00,333.99234
2011-07-20 23:00:00,298.73572
2011-07-21 00:00:00,272.18405
2011-07-21 01:00:00,272.99734
2011-07-21 02:00:00,272.99734
2011-07-21 03:00:00,224.80139
2011-07-21 04:00:00,212.95605
2011-07-21 05:00:00,212.95605
2011-07-21 06:00:00,212.95605
2011-07-21 07:00:00,241.89719
2011-07-21 08:00:00,266.51816
2011-07-21 09:00:00,263.5506
2011-07-21 10:00:00,260.90012
2011-07-21 11:00:00,345.6473
2011-07-21 12:00:00,290.64044
2011-07-21 13:00:00,281.35577
2011-07-21 14:00:00,270.38754
2011-07-21 15:00:00,225.90894
2011-07-21 16:00:00,289.5193
2011-07-21 17:00:00,317.07944
2011-07-21 18:00:00,289.61862
2011-07-21 19:00:00,311.44583
2011-07-21 20:00:00,381.76843
2011-07-21 21:00:00,374.19067
2011-07-21 22:00:00,331.67596
2011-07-21 23:00:00,321.25717
2011-07-22 00:00:00,301.79166
2011-07-22 01:00:00,197.4123
2011-07-22 02:00:00,260.8201
2011-07-22 03:00:00,232.92432
2011-07-22 04:00:00,203.59872
2011-07-22 05:00:00,142.73068
2011-07-22 06:00:00,208.3764
2011-07-22 07:00:00,297.0137
2011-07-22 08:00:00,289.04465
2011-07-22 09:00:00,245.04283
2011-07-22 10:00:00,182.58258
2011-07-22 11:00:00,203.35178
2011-07-22 12:00:00,209.26898
2011-07-22 13:00:00,171.30975
2011-07-22 14:00:00,281.93283
2011-07-22 15:00:00,254.3327
2011-07-22 16:00:00,320.31723
2011-07-22 17:00:00,245.45929
2011-07-22 18:00:00,372.20877
2011-07-22 19:00:00,378.89798
2011-07-22 20:00:00,322.39307
2011-07-22 21:00:00,241.2108
2011-07-22 22:00:00,195.52968
2011-07-22 23:00:00,375.8203
2011-07-23 00:00:00,369.8662
2011-07-23 01:00:00,276.0092
2011-07-23 02:00:00,443.33176
2011-07-23 03:00:00,269.32806
2011-07-23 04:00:00,236.78442
2011-07-23 05:00:00,248.29541
2011-07-23 06:00:00,301.51556
2011-07-23 07:00:00,269.76212
2011-07-23 08:00:00,375.9037
2011-07-23 09:00:00,331.95633
2011-07-23 10:00:00,403.3562
2011-07-23 11:00:00,403.3262
2011-07-23 12:00:00,341.04523
2011-07-23 13:00:00,372.91974
2011-07-23 14:00:00,426.95367
2011-07-23 15:00:00,477.17603
2011-07-23 16:00:00,337.0619
2011-07-23 17:00:00,337.0619
2011-07-23 18:00:00,393.96796
2011-07-23 19:00:00,338.73212
2011-07-23 20:00:00,301.25146
2011-07-23 21:00:00,301.25146
2011-07-23 22:00:00,299.82086
2011-07-23 23:00:00,250.37926
2011-07-24 00:00:00,250.37926
2011-07-24 01:00:00,238.8179
2011-07-24 02:00:00,271.91168
2011-07-24 03:00:00,271.91168
2011-07-24 04:00:00,238.8179
2011-07-24 05:00:00,269.32806
2011-07-24 06:00:00,363.64655
2011-07-24 07:00:00,274.49503
2011-07-24 08:00:00,341.82495
2011-07-24 09:00:00,472.40747
2011-07-24 10:00:00,410.70105
2011-07-24 11:00:00,349.70752
2011-07-24 12:00:00,332.3983
2011-07-24 13:00:00,374.24524
2011-07-24 14:00:00,381.25073
2011-07-24 15:00:00,414.7897
2011-07-24 16:00:00,414.7897
2011-07-24 17:00:00,325.42422
2011-07-24 18:00:00,354.92316
2011-07-24 19:00:00,342.14978
2011-07-24 20:00:00,331.95633
2011-07-24 21:00:00,254.0503
2011-07-24 22:00:00,223.02295
2011-07-24 23:00:00,300.12988
2011-07-25 00:00:00,368.85565
2011-07-25 01:00:00,322.8197
2011-07-25 02:00:00,245.11017
2011-07-25 03:00:00,191.0409
2011-07-25 04:00:00,103.28494
2011-07-25 05:00:00,103.28494
2011-07-25 06:00:00,186.2549
2011-07-25 07:00:00,365.67978
2011-07-25 08:00:00,389.07526
2011-07-25 09:00:00,202.72368
2011-07-25 10:00:00,197.44426
2011-07-25 11:00:00,288.01477
2011-07-25 12:00:00,288.01477
2011-07-25 13:00:00,234.12463
2011-07-25 14:00:00,241.43568
2011-07-25 15:00:00,196.35023
2011-07-25 16:00:00,127.03082
2011-07-25 17:00:00,152.92067
2011-07-25 18:00:00,171.75528
2011-07-25 19:00:00,167.15204
2011-07-25 20:00:00,199.0575
2011-07-25 21:00:00,88.00696
2011-07-25 22:00:00,88.00696
2011-07-25 23:00:00,85.72698
2011-07-26 00:00:00,117.04996
2011-07-26 01:00:00,117.04996
2011-07-26 02:00:00,85.172134
2011-07-26 03:00:00,90.93224
2011-07-26 04:00:00,120.78236
2011-07-26 05:00:00,84.711525
2011-07-26 06:00:00,125.4981
2011-07-26 07:00:00,310.68243
2011-07-26 08:00:00,292.5643
2011-07-26 09:00:00,359.94614
2011-07-26 10:00:00,337.10437
2011-07-26 11:00:00,320.62143
2011-07-26 12:00:00,342.36456
2011-07-26 13:00:00,249.64125
2011-07-26 14:00:00,259.2338
2011-07-26 15:00:00,273.70587
2011-07-26 16:00:00,313.72394
2011-07-26 17:00:00,233.73865
2011-07-26 18:00:00,251.83524
2011-07-26 19:00:00,280.20026
2011-07-26 20:00:00,327.8662
2011-07-26 21:00:00,349.72968
2011-07-26 22:00:00,261.8302
2011-07-26 23:00:00,227.54291
2011-07-27 00:00:00,271.2121
2011-07-27 01:00:00,353.19003
2011-07-27 02:00:00,314.38672
2011-07-27 03:00:00,220.8217
2011-07-27 04:00:00,305.12384
2011-07-27 05:00:00,331.13904
2011-07-27 06:00:00,287.6387
2011-07-27 07:00:00,337.57495
2011-07-27 08:00:00,358.0599
2011-07-27 09:00:00,367.26193
2011-07-27 10:00:00,370.38812
2011-07-27 11:00:00,305.89642
2011-07-27 12:00:00,276.7235
2011-07-27 13:00:00,294.59613
2011-07-27 14:00:00,323.91638
2011-07-27 15:00:00,312.34454
2011-07-27 16:00:00,344.1902
2011-07-27 17:00:00,312.41296
2011-07-27 18:00:00,234.64192
2011-07-27 19:00:00,224.38919
2011-07-27 20:00:00,356.39258
2011-07-27 21:00:00,272.16608
2011-07-27 22:00:00,264.06924
2011-07-27 23:00:00,265.44287
2011-07-28 00:00:00,243.26495
2011-07-28 01:00:00,142.13678
2011-07-28 02:00:00,222.60628
2011-07-28 03:00:00,127.08242
2011-07-28 04:00:00,203.85564
2011-07-28 05:00:00,179.64102
2011-07-28 06:00:00,133.39746
2011-07-28 07:00:00,219.48889
2011-07-28 08:00:00,240.25381
2011-07-28 09:00:00,341.85608
2011-07-28 10:00:00,345.9937
2011-07-28 11:00:00,293.80908
2011-07-28 12:00:00,296.63928
2011-07-28 13:00:00,308.17426
2011-07-28 14:00:00,419.57156
2011-07-28 15:00:00,270.6341
2011-07-28 16:00:00,288.63824
2011-07-28 17:00:00,283.368
2011-07-28 18:00:00,295.61865
2011-07-28 19:00:00,365.5619
2011-07-28 20:00:00,375.82037
2011-07-28 21:00:00,448.44452
2011-07-28 22:00:00,314.12622
2011-07-28 23:00:00,267.41412
2011-07-29 00:00:00,175.97025
2011-07-29 01:00:00,161.37639
2011-07-29 02:00:00,191.0409
2011-07-29 03:00:00,191.0409
2011-07-29 04:00:00,133.67879
2011-07-29 05:00:00,135.85065
2011-07-29 06:00:00,285.84988
2011-07-29 07:00:00,245.11017
2011-07-29 08:00:00,368.1858
2011-07-29 09:00:00,308.17426
2011-07-29 10:00:00,322.8361
2011-07-29 11:00:00,321.33917
2011-07-29 12:00:00,255.97516
2011-07-29 13:00:00,411.3913
2011-07-29 14:00:00,320.47507
2011-07-29 15:00:00,302.88174
2011-07-29 16:00:00,322.35913
2011-07-29 17:00:00,236.90796
2011-07-29 18:00:00,213.78317
2011-07-29 19:00:00,323.13635
2011-07-29 20:00:00,249.80649
2011-07-29 21:00:00,325.25098
2011-07-29 22:00:00,330.60522
2011-07-29 23:00:00,286.68112
2011-07-30 00:00:00,321.41827
2011-07-30 01:00:00,229.98941
2011-07-30 02:00:00,234.5364
2011-07-30 03:00:00,263.40192
2011-07-30 04:00:00,241.5904
2011-07-30 05:00:00,254.9632
2011-07-30 06:00:00,258.79587
2011-07-30 07:00:00,250.02591
2011-07-30 08:00:00,301.25485
2011-07-30 09:00:00,417.87775
2011-07-30 10:00:00,427.52185
2011-07-30 11:00:00,408.2102
2011-07-30 12:00:00,380.67316
2011-07-30 13:00:00,404.53247
2011-07-30 14:00:00,360.9606
2011-07-30 15:00:00,343.40533
2011-07-30 16:00:00,373.24307
2011-07-30 17:00:00,299.50238
2011-07-30 18:00:00,330.3731
2011-07-30 19:00:00,643.4435
2011-07-30 20:00:00,366.485
2011-07-30 21:00:00,336.97977
2011-07-30 22:00:00,255.95438
2011-07-30 23:00:00,229.98935
2011-07-31 00:00:00,229.98941
2011-07-31 01:00:00,244.42914
2011-07-31 02:00:00,255.93292
2011-07-31 03:00:00,220.67462
2011-07-31 04:00:00,237.7152
2011-07-31 05:00:00,231.46243
2011-07-31 06:00:00,238.573
2011-07-31 07:00:00,242.81418
2011-07-31 08:00:00,327.46625
2011-07-31 09:00:00,484.78403
2011-07-31 10:00:00,384.56924
2011-07-31 11:00:00,306.94998
2011-07-31 12:00:00,335.7365
2011-07-31 13:00:00,295.7888
2011-07-31 14:00:00,305.2421
2011-07-31 15:00:00,454.33878
2011-07-31 16:00:00,451.78256
2011-07-31 17:00:00,367.19778
2011-07-31 18:00:00,426.02917
2011-07-31 19:00:00,389.54303
2011-07-31 20:00:00,389.54303
2011-07-31 21:00:00,322.64282
2011-07-31 22:00:00,256.8455
2011-07-31 23:00:00,251.11398
2011-08-20 00:00:00,63.1004
2011-08-20 01:00:00,65.50406
2011-08-20 02:00:00,70.0568
2011-08-20 03:00:00,70.0568
2011-08-20 04:00:00,48.00831
2011-08-20 05:00:00,62.841484
2011-08-20 06:00:00,84.56182
2011-08-20 07:00:00,65.50407
2011-08-20 08:00:00,146.3411
2011-08-20 09:00:00,190.89474
2011-08-20 10:00:00,192.75049
2011-08-20 11:00:00,178.63133
2011-08-20 12:00:00,242.81418
2011-08-20 13:00:00,271.43372
2011-08-20 14:00:00,356.24173
2011-08-20 15:00:00,386.08783
2011-08-20 16:00:00,378.18207
2011-08-20 17:00:00,356.24173
2011-08-20 18:00:00,310.79337
2011-08-20 19:00:00,263.57468
2011-08-20 20:00:00,273.4038
2011-08-20 21:00:00,237.99706
2011-08-20 22:00:00,194.5817
2011-08-20 23:00:00,113.63625
2011-08-21 00:00:00,136.97452
2011-08-21 01:00:00,112.181816
2011-08-21 02:00:00,105.31762
2011-08-21 03:00:00,91.134926
2011-08-21 04:00:00,103.61851
2011-08-21 05:00:00,64.176186
2011-08-21 06:00:00,66.059166
2011-08-21 07:00:00,132.29172
2011-08-21 08:00:00,133.484
2011-08-21 09:00:00,142.038
2011-08-21 10:00:00,197.01157
2011-08-21 11:00:00,295.45062
2011-08-21 12:00:00,326.01337
2011-08-21 13:00:00,435.82205
2011-08-21 14:00:00,107.29813
2011-08-21 15:00:00,132.43367
2011-08-21 16:00:00,141.96164
2011-08-21 17:00:00,131.94716
2011-08-21 18:00:00,169.90492
2011-08-21 19:00:00,245.73834
2011-08-21 20:00:00,143.43527
2011-08-21 21:00:00,143.43527
2011-08-21 22:00:00,72.56133
2011-08-21 23:00:00,131.46945
2011-08-22 00:00:00,125.120766
2011-08-22 01:00:00,94.94444
2011-08-22 02:00:00,189.36932
2011-08-22 03:00:00,222.46964
2011-08-22 04:00:00,191.7417
2011-08-22 05:00:00,152.4743
2011-08-22 06:00:00,267.36273
2011-08-22 07:00:00,175.50891
2011-08-22 08:00:00,175.50891
2011-08-22 09:00:00,296.40353
2011-08-22 10:00:00,269.26605
2011-08-22 11:00:00,379.27982
2011-08-22 12:00:00,460.2307
2011-08-22 13:00:00,420.56714
2011-08-22 14:00:00,298.49857
2011-08-22 15:00:00,284.87302
2011-08-22 16:00:00,298.49857
2011-08-22 17:00:00,372.35614
2011-08-22 18:00:00,336.90512
2011-08-22 19:00:00,286.9033
2011-08-22 20:00:00,400.46286
2011-08-22 21:00:00,424.68207
2011-08-22 22:00:00,515.82996
2011-08-22 23:00:00,494.96588
2011-08-23 00:00:00,407.3133
2011-08-23 01:00:00,205.43314
2011-08-23 02:00:00,195.56955
2011-08-23 03:00:00,140.11197
2011-08-23 04:00:00,171.02557
2011-08-23 05:00:00,185.38577
2011-08-23 06:00:00,177.1458
2011-08-23 07:00:00,270.4794
2011-08-23 08:00:00,361.99774
2011-08-23 09:00:00,313.4599
2011-08-23 10:00:00,302.7814
2011-08-23 11:00:00,298.86438
2011-08-23 12:00:00,267.45773
2011-08-23 13:00:00,278.79358
2011-08-23 14:00:00,273.23407
2011-08-23 15:00:00,376.89368
2011-08-23 16:00:00,306.8754
2011-08-23 17:00:00,376.89368
2011-08-23 18:00:00,358.15765
2011-08-23 19:00:00,266.77774
2011-08-23 20:00:00,268.3277
2011-08-23 21:00:00,110.220764
2011-08-23 22:00:00,169.18414
2011-08-23 23:00:00,176.81958
2011-08-24 00:00:00,169.18414
2011-08-24 01:00:00,172.133
2011-08-24 02:00:00,113.29127
2011-08-24 03:00:00,113.29127
2011-08-24 04:00:00,96.8861
2011-08-24 05:00:00,96.8861
2011-08-24 06:00:00,56.649624
2011-08-24 07:00:00,134.96234
2011-08-24 08:00:00,184.50693
2011-08-24 09:00:00,215.49612
2011-08-24 10:00:00,332.51886
2011-08-24 11:00:00,318.25882
2011-08-24 12:00:00,271.14294
2011-08-24 13:00:00,274.0069
2011-08-24 14:00:00,274.0069
2011-08-24 15:00:00,310.59607
2011-08-24 16:00:00,251.43263
2011-08-24 17:00:00,253.41602
2011-08-24 18:00:00,397.80328
2011-08-24 19:00:00,397.80328
2011-08-24 20:00:00,371.8349
2011-08-24 21:00:00,176.90897
2011-08-24 22:00:00,257.16687
2011-08-24 23:00:00,265.71765
2011-08-25 00:00:00,202.85968
2011-08-25 01:00:00,140.30995
2011-08-25 02:00:00,140.30995
2011-08-25 03:00:00,163.32019
2011-08-25 04:00:00,71.30457
2011-08-25 05:00:00,156.9628
2011-08-25 06:00:00,155.74747
2011-08-25 07:00:00,222.91443
2011-08-25 08:00:00,309.13806
2011-08-25 09:00:00,297.6882
2011-08-25 10:00:00,286.93564
2011-08-25 11:00:00,431.2326
2011-08-25 12:00:00,431.2326
2011-08-25 13:00:00,117.04996
2011-08-25 14:00:00,378.96207
2011-08-25 15:00:00,344.72595
2011-08-25 16:00:00,135.85065
2011-08-25 17:00:00,135.85065
2011-08-25 18:00:00,240.43834
2011-08-25 19:00:00,140.35014
2011-08-25 20:00:00,131.30054
2011-08-25 21:00:00,116.06575
2011-08-25 22:00:00,54.00706
2011-08-25 23:00:00,81.53337
2011-08-26 00:00:00,102.56132
2011-08-26 01:00:00,54.00706
2011-08-26 02:00:00,83.85847
2011-08-26 03:00:00,78.57151
2011-08-26 04:00:00,63.667534
2011-08-26 05:00:00,162.8866
2011-08-26 06:00:00,63.667534
2011-08-26 07:00:00,56.033123
2011-08-26 08:00:00,71.55784
2011-08-26 09:00:00,122.97172
2011-08-26 10:00:00,194.99106
2011-08-26 11:00:00,300.8144
2011-08-26 12:00:00,257.80072
2011-08-26 13:00:00,241.75714
2011-08-26 14:00:00,177.9432
2011-08-26 15:00:00,260.4394
2011-08-26 16:00:00,244.90201
2011-08-26 17:00:00,287.08575
2011-08-26 18:00:00,234.12463
2011-08-26 19:00:00,117.66758
2011-08-26 20:00:00,103.959076
2011-08-26 21:00:00,162.59805
2011-08-26 22:00:00,117.66759
2011-08-26 23:00:00,85.727005
2011-08-27 00:00:00,104.10908
2011-08-27 01:00:00,88.298775
2011-08-27 02:00:00,99.82696
2011-08-27 03:00:00,105.66966
2011-08-27 04:00:00,105.66966
2011-08-27 05:00:00,132.67111
2011-08-27 06:00:00,132.67111
2011-08-27 07:00:00,152.02612
2011-08-27 08:00:00,105.69785
2011-08-27 09:00:00,144.71268
2011-08-27 10:00:00,67.36929
2011-08-27 11:00:00,119.197845
2011-08-27 12:00:00,122.155556
2011-08-27 13:00:00,144.3432
2011-08-27 14:00:00,119.91347
2011-08-27 15:00:00,119.91347
2011-08-27 16:00:00,61.09874
2011-08-27 17:00:00,182.99797
2011-08-28 07:00:00,258.8989
2011-08-28 08:00:00,115.715416
2011-08-28 09:00:00,183.14076
2011-08-28 10:00:00,221.19035
2011-08-28 11:00:00,282.56232
2011-08-28 12:00:00,430.91687
2011-08-28 13:00:00,454.33368
2011-08-28 14:00:00,522.05994
2011-08-28 15:00:00,438.54626
2011-08-28 16:00:00,614.4881
2011-08-28 17:00:00,509.26813
2011-08-28 18:00:00,494.7527
2011-08-28 19:00:00,280.4911
2011-08-28 20:00:00,318.33148
2011-08-28 21:00:00,202.54422
2011-08-28 22:00:00,101.68116
2011-08-28 23:00:00,93.63937
2011-08-29 00:00:00,112.09983
2011-08-29 01:00:00,141.87584
2011-08-29 02:00:00,176.35828
2011-08-29 03:00:00,141.87584
2011-08-29 04:00:00,106.68834
2011-08-29 05:00:00,112.83166
2011-08-29 06:00:00,112.83166
2011-08-29 07:00:00,180.77206
2011-08-29 08:00:00,222.12592
2011-08-29 09:00:00,237.19704
2011-08-29 10:00:00,290.01517
2011-08-29 11:00:00,251.79233
2011-08-29 12:00:00,312.87128
2011-08-29 13:00:00,253.83386
2011-08-29 14:00:00,283.6884
2011-08-29 15:00:00,323.403
2011-08-29 16:00:00,338.9461
2011-08-29 17:00:00,313.42413
2011-08-29 18:00:00,292.94208
2011-08-29 19:00:00,292.94208
2011-08-29 20:00:00,179.05562
2011-08-29 21:00:00,191.48247
2011-08-29 22:00:00,169.18414
2011-08-29 23:00:00,155.43134
2011-08-30 00:00:00,112.83166
2011-08-30 01:00:00,119.176094
2011-08-30 02:00:00,106.01469
2011-08-30 03:00:00,107.945816
2011-08-30 04:00:00,101.35169
2011-08-30 05:00:00,127.99317
2011-08-30 06:00:00,106.01469
2011-08-30 07:00:00,106.68834
2011-08-30 08:00:00,169.18414
2011-08-30 09:00:00,266.77774
2011-08-30 10:00:00,367.7167
2011-08-30 11:00:00,352.94183
2011-08-30 12:00:00,324.32156
2011-08-30 13:00:00,301.47607
2011-08-30 14:00:00,323.51483
2011-08-30 15:00:00,367.40973
2011-08-30 16:00:00,336.9242
2011-08-30 17:00:00,347.81842
2011-08-30 18:00:00,314.31042
2011-08-30 19:00:00,192.62894
2011-08-30 20:00:00,111.82627
2011-08-30 21:00:00,136.83717
2011-08-30 22:00:00,84.041176
2011-08-30 23:00:00,84.041176
2011-08-31 00:00:00,50.511032
2011-08-31 01:00:00,50.511032
2011-08-31 02:00:00,56.649647
2011-08-31 03:00:00,75.98186
2011-08-31 04:00:00,56.649647
2011-08-31 05:00:00,87.776054
2011-08-31 06:00:00,114.390465
2011-08-31 07:00:00,49.191795
2011-08-31 08:00:00,60.637325
2011-08-31 09:00:00,138.60275
2011-08-31 10:00:00,238.3386
2011-08-31 11:00:00,323.14578
2011-08-31 12:00:00,336.39407
2011-08-31 13:00:00,312.28387
2011-08-31 14:00:00,332.86603
2011-08-31 15:00:00,332.86603
2011-08-31 16:00:00,335.59406
2011-08-31 17:00:00,303.9252
2011-08-31 18:00:00,314.56195
2011-08-31 19:00:00,312.90366
2011-08-31 20:00:00,187.6298
2011-08-31 21:00:00,169.08026
2011-08-31 22:00:00,78.510124
2011-08-31 23:00:00,82.34322
2011-09-20 00:00:00,190.88135
2011-09-20 01:00:00,84.356346
2011-09-20 02:00:00,84.356346
2011-09-20 03:00:00,113.731766
2011-09-20 04:00:00,93.68763
2011-09-20 05:00:00,85.433556
2011-09-20 06:00:00,85.433556
2011-09-20 07:00:00,84.356346
2011-09-20 08:00:00,62.417713
2011-09-20 09:00:00,82.94602
2011-09-20 10:00:00,78.09523
2011-09-20 11:00:00,78.09523
2011-09-20 12:00:00,72.50761
2011-09-20 13:00:00,72.5427
2011-09-20 14:00:00,112.129845
2011-09-20 15:00:00,158.91505
2011-09-20 16:00:00,144.95074
2011-09-20 17:00:00,82.28878
2011-09-20 18:00:00,82.28878
2011-09-20 19:00:00,61.536022
2011-09-20 20:00:00,78.79453
2011-09-20 21:00:00,78.79455
2011-09-20 22:00:00,78.79455
2011-09-20 23:00:00,78.79455
2011-09-21 00:00:00,61.430996
2011-09-21 01:00:00,76.18432
2011-09-21 02:00:00,76.18432
2011-09-21 03:00:00,50.340763
2011-09-21 04:00:00,82.23408
2011-09-21 05:00:00,66.58961
2011-09-21 06:00:00,65.26408
2011-09-21 07:00:00,65.26408
2011-09-21 08:00:00,47.785854
2011-09-21 09:00:00,54.556187
2011-09-21 10:00:00,147.75609
2011-09-21 11:00:00,146.59212
2011-09-21 12:00:00,161.92769
2011-09-21 13:00:00,232.8301
2011-09-21 14:00:00,244.75105
2011-09-21 15:00:00,200.37918
2011-09-21 16:00:00,200.37918
2011-09-21 17:00:00,172.50754
2011-09-21 18:00:00,132.0439
2011-09-21 19:00:00,51.994286
2011-09-21 20:00:00,51.994286
2011-09-21 21:00:00,47.03807
2011-09-21 22:00:00,73.592155
2011-09-21 23:00:00,71.67497
2011-09-22 00:00:00,71.67497
2011-09-22 01:00:00,55.19175
2011-09-22 02:00:00,94.09319
2011-09-22 03:00:00,55.191765
2011-09-22 04:00:00,55.191765
2011-09-22 05:00:00,94.09319
2011-09-22 06:00:00,75.68817
2011-09-22 07:00:00,49.038128
2011-09-22 08:00:00,63.163036
2011-09-22 09:00:00,100.29901
2011-09-22 10:00:00,134.20035
2011-09-22 11:00:00,137.2398
2011-09-22 12:00:00,151.60817
2011-09-22 13:00:00,134.54858
2011-09-22 14:00:00,139.47507
2011-09-22 15:00:00,239.54779
2011-09-22 16:00:00,225.13626
2011-09-22 17:00:00,166.5748
2011-09-22 18:00:00,174.14691
2011-09-22 19:00:00,172.62506
2011-09-22 20:00:00,91.36819
2011-09-22 21:00:00,172.62506
2011-09-22 22:00:00,43.200996
2011-09-22 23:00:00,73.592155
2011-09-23 00:00:00,217.80092
2011-09-23 01:00:00,21.481585
2011-09-23 02:00:00,181.85208
2011-09-23 03:00:00,21.481585
2011-09-23 04:00:00,111.67541
2011-09-23 05:00:00,45.658897
2011-09-23 06:00:00,217.80092
2011-09-23 07:00:00,246.0521
2011-09-23 08:00:00,246.0521
2011-09-23 09:00:00,254.9383
2011-09-23 10:00:00,241.3325
2011-09-23 11:00:00,241.33244
2011-09-23 12:00:00,273.623
2011-09-23 13:00:00,189.09732
2011-09-23 14:00:00,189.09732
2011-09-23 15:00:00,273.623
2011-09-23 16:00:00,183.75906
2011-09-23 17:00:00,21.481585
2011-09-23 18:00:00,49.8062
2011-09-23 19:00:00,128.7102
2011-09-23 20:00:00,184.36687
2011-09-23 21:00:00,52.078266
2011-09-23 22:00:00,91.04567
2011-09-23 23:00:00,74.426735
2011-09-24 00:00:00,63.33183
2011-09-24 01:00:00,138.75726
2011-09-24 02:00:00,138.75726
2011-09-24 03:00:00,53.072433
2011-09-24 04:00:00,73.176994
2011-09-24 05:00:00,151.66252
2011-09-24 06:00:00,151.66252
2011-09-24 07:00:00,163.49556
2011-09-24 08:00:00,151.08618
2011-09-24 09:00:00,167.80801
2011-09-24 10:00:00,167.80801
2011-09-24 11:00:00,229.18793
2011-09-24 12:00:00,229.18793
2011-09-24 13:00:00,181.07823
2011-09-24 14:00:00,423.2381
2011-09-24 15:00:00,423.2381
2011-09-24 16:00:00,315.84802
2011-09-24 17:00:00,224.69772
2011-09-24 18:00:00,174.08826
2011-09-24 19:00:00,87.948044
2011-09-24 20:00:00,142.72748
2011-09-24 21:00:00,145.86644
2011-09-24 22:00:00,109.524506
2011-09-24 23:00:00,167.80801
2011-09-25 00:00:00,93.46306
2011-09-25 01:00:00,167.72699
2011-09-25 02:00:00,97.614296
2011-09-25 03:00:00,97.614296
2011-09-25 04:00:00,82.17191
2011-09-25 05:00:00,83.63302
2011-09-25 06:00:00,167.72699
2011-09-25 07:00:00,135.14081
2011-09-25 08:00:00,109.524506
2011-09-25 09:00:00,178.98885
2011-09-25 10:00:00,178.98885
2011-09-25 11:00:00,194.55179
2011-09-25 12:00:00,234.65045
2011-09-25 13:00:00,296.42966
2011-09-25 14:00:00,234.65045
2011-09-25 15:00:00,234.65045
2011-09-25 16:00:00,254.84265
2011-09-25 17:00:00,224.44899
2011-09-25 18:00:00,224.44899
2011-09-25 19:00:00,131.29631
2011-09-25 20:00:00,160.0648
2011-09-25 21:00:00,73.46576
2011-09-25 22:00:00,92.26616
2011-09-25 23:00:00,138.86517
2011-09-26 00:00:00,45.658897
2011-09-26 01:00:00,302.10062
2011-09-26 02:00:00,302.10062
2011-09-26 03:00:00,45.65897
2011-09-26 04:00:00,217.80096
2011-09-26 05:00:00,75.708176
2011-09-26 06:00:00,217.80092
2011-09-26 07:00:00,45.658897
2011-09-26 08:00:00,45.658897
2011-09-26 09:00:00,211.89713
2011-09-26 10:00:00,211.89713
2011-09-26 11:00:00,129.08994
2011-09-26 12:00:00,296.4295
2011-09-26 13:00:00,237.6189
2011-09-26 14:00:00,270.84888
2011-09-26 15:00:00,339.83752
2011-09-26 16:00:00,327.78693
2011-09-26 17:00:00,261.92703
2011-09-26 18:00:00,157.71017
2011-09-26 19:00:00,164.62
2011-09-26 20:00:00,153.39938
2011-09-26 21:00:00,153.39938
2011-09-26 22:00:00,128.7102
2011-09-26 23:00:00,128.7102
2011-09-27 00:00:00,128.7102
2011-09-27 01:00:00,125.223045
2011-09-27 02:00:00,99.90523
2011-09-27 03:00:00,45.658897
2011-09-27 04:00:00,272.06378
2011-09-27 05:00:00,272.06378
2011-09-27 06:00:00,235.71967
2011-09-27 07:00:00,235.71967
2011-09-27 08:00:00,305.1577
2011-09-27 09:00:00,240.44427
2011-09-27 10:00:00,241.48514
2011-09-27 11:00:00,251.5845
2011-09-27 12:00:00,262.8402
2011-09-27 13:00:00,280.624
2011-09-27 14:00:00,334.09195
2011-09-27 15:00:00,306.12045
2011-09-27 16:00:00,216.59161
2011-09-27 17:00:00,205.27838
2011-09-27 18:00:00,200.1778
2011-09-27 19:00:00,253.39853
2011-09-27 20:00:00,147.42622
2011-09-27 21:00:00,223.17595
2011-09-27 22:00:00,125.24206
2011-09-27 23:00:00,125.24206
2011-09-28 00:00:00,283.0096
2011-09-28 01:00:00,283.0096
2011-09-28 02:00:00,164.85979
2011-09-28 03:00:00,191.37143
2011-09-28 04:00:00,283.0096
2011-09-28 05:00:00,31.192656
2011-09-28 06:00:00,213.43668
2011-09-28 07:00:00,213.43668
2011-09-28 08:00:00,188.75577
2011-09-28 09:00:00,188.75577
2011-09-28 10:00:00,45.658897
2011-09-28 11:00:00,276.8262
2011-09-28 12:00:00,387.58838
2011-09-28 13:00:00,239.31651
2011-09-28 14:00:00,387.0928
2011-09-28 15:00:00,261.92703
2011-09-28 16:00:00,266.54486
2011-09-28 17:00:00,264.29932
2011-09-28 18:00:00,285.49307
2011-09-28 19:00:00,285.49304
2011-09-28 20:00:00,134.41374
2011-09-28 21:00:00,161.37097
2011-09-28 22:00:00,125.24206
2011-09-28 23:00:00,84.98153
2011-09-29 00:00:00,100.222206
2011-09-29 01:00:00,106.48852
2011-09-29 02:00:00,106.48852
2011-09-29 03:00:00,179.69543
2011-09-29 04:00:00,216.94693
2011-09-29 05:00:00,276.82697
2011-09-29 06:00:00,243.36554
2011-09-29 07:00:00,163.50002
2011-09-29 08:00:00,223.17595
2011-09-29 09:00:00,128.24138
2011-09-29 10:00:00,568.5622
2011-09-29 11:00:00,566.84424
2011-09-29 12:00:00,599.6946
2011-09-29 13:00:00,571.5488
2011-09-29 14:00:00,428.12448
2011-09-29 15:00:00,393.90094
2011-09-29 16:00:00,323.55475
2011-09-29 17:00:00,324.83777
2011-09-29 18:00:00,464.87927
2011-09-29 19:00:00,345.2525
2011-09-29 20:00:00,345.90515
2011-09-29 21:00:00,347.74768
2011-09-29 22:00:00,303.63638
2011-09-29 23:00:00,274.62912
2011-09-30 00:00:00,152.31839
2011-09-30 01:00:00,261.492
2011-09-30 02:00:00,152.31839
2011-09-30 03:00:00,152.31837
2011-09-30 04:00:00,191.11862
2011-09-30 05:00:00,191.11859
2011-09-30 06:00:00,189.48904
2011-09-30 07:00:00,189.48904
2011-09-30 08:00:00,290.7964
2011-09-30 09:00:00,216.02112
2011-09-30 10:00:00,551.78613
2011-09-30 11:00:00,520.0922
2011-09-30 12:00:00,421.42102
2011-09-30 13:00:00,353.5656
2011-09-30 14:00:00,329.8242
2011-09-30 15:00:00,374.93744
2011-09-30 16:00:00,527.6545
2011-09-30 17:00:00,545.3075
2011-09-30 18:00:00,215.41617
2011-09-30 19:00:00,172.82275
2011-09-30 20:00:00,172.82275
2011-09-30 21:00:00,312.2555
2011-09-30 22:00:00,151.1552
2011-09-30 23:00:00,151.1552
2011-10-20 00:00:00,90.90392
2011-10-20 01:00:00,95.41203
2011-10-20 02:00:00,160.11281
2011-10-20 03:00:00,141.97415
2011-10-20 04:00:00,141.97415
2011-10-20 05:00:00,215.83447
2011-10-20 06:00:00,146.4388
2011-10-20 07:00:00,79.367485
2011-10-20 08:00:00,285.8261
2011-10-20 09:00:00,315.55856
2011-10-20 10:00:00,100.09505
2011-10-20 11:00:00,254.73677
2011-10-20 12:00:00,381.60687
2011-10-20 13:00:00,333.7584
2011-10-20 14:00:00,199.04475
2011-10-20 15:00:00,208.1286
2011-10-20 16:00:00,208.1286
2011-10-20 17:00:00,330.54663
2011-10-20 18:00:00,418.7918
2011-10-20 19:00:00,273.7732
2011-10-20 20:00:00,359.2896
2011-10-20 21:00:00,184.86829
2011-10-20 22:00:00,253.62094
2011-10-20 23:00:00,292.4194
2011-10-21 00:00:00,145.92584
2011-10-21 01:00:00,166.34766
2011-10-21 02:00:00,195.2464
2011-10-21 03:00:00,166.37527
2011-10-21 04:00:00,194.99188
2011-10-21 05:00:00,122.69199
2011-10-21 06:00:00,194.99188
2011-10-21 07:00:00,194.99188
2011-10-21 08:00:00,209.41032
2011-10-21 09:00:00,249.97952
2011-10-21 10:00:00,253.89142
2011-10-21 11:00:00,297.5891
2011-10-21 12:00:00,223.93547
2011-10-21 13:00:00,192.02206
2011-10-21 14:00:00,276.5003
2011-10-21 15:00:00,220.54808
2011-10-21 16:00:00,239.20888
2011-10-21 17:00:00,279.13013
2011-10-21 18:00:00,373.22913
2011-10-21 19:00:00,185.90625
2011-10-21 20:00:00,294.84323
2011-10-21 21:00:00,335.56705
2011-10-21 22:00:00,300.26093
2011-10-21 23:00:00,166.34766
2011-10-22 00:00:00,129.55452
2011-10-22 01:00:00,129.55452
2011-10-22 02:00:00,345.81836
2011-10-22 03:00:00,196.1341
2011-10-22 04:00:00,250.35257
2011-10-22 05:00:00,286.54147
2011-10-22 06:00:00,193.09447
2011-10-22 07:00:00,163.92056
2011-10-22 08:00:00,189.19437
2011-10-22 09:00:00,253.98734
2011-10-22 10:00:00,119.60906
2011-10-22 11:00:00,119.60906
2011-10-22 12:00:00,260.81985
2011-10-22 13:00:00,590.16925
2011-10-22 14:00:00,335.7753
2011-10-22 15:00:00,334.49347
2011-10-22 16:00:00,397.17877
2011-10-22 17:00:00,264.70822
2011-10-22 18:00:00,284.5786
2011-10-22 19:00:00,258.84363
2011-10-22 20:00:00,280.10834
2011-10-22 21:00:00,141.29913
2011-10-22 22:00:00,141.29913
2011-10-22 23:00:00,180.57582
2011-10-23 00:00:00,108.39933
2011-10-23 01:00:00,108.39933
2011-10-23 02:00:00,75.41563
2011-10-23 03:00:00,95.50795
2011-10-23 04:00:00,95.50795
2011-10-23 05:00:00,69.120155
2011-10-23 06:00:00,57.843456
2011-10-23 07:00:00,75.41563
2011-10-23 08:00:00,187.02086
2011-10-23 09:00:00,141.29913
2011-10-23 10:00:00,250.05148
2011-10-23 11:00:00,196.01482
2011-10-23 12:00:00,249.30385
2011-10-23 13:00:00,292.8515
2011-10-23 14:00:00,326.47018
2011-10-23 15:00:00,294.9505
2011-10-23 16:00:00,292.8515
2011-10-23 17:00:00,361.8756
2011-10-23 18:00:00,393.43768
2011-10-23 19:00:00,142.09055
2011-10-23 20:00:00,251.80515
2011-10-23 21:00:00,251.80515
2011-10-23 22:00:00,164.6388
2011-10-23 23:00:00,139.70248
2011-10-24 00:00:00,293.53577
2011-10-24 01:00:00,57.77119
2011-10-24 02:00:00,74.51697
2011-10-24 03:00:00,68.45695
2011-10-24 04:00:00,51.74429
2011-10-24 05:00:00,82.4329
2011-10-24 06:00:00,74.51697
2011-10-24 07:00:00,173.71793
2011-10-24 08:00:00,181.36478
2011-10-24 09:00:00,221.86798
2011-10-24 10:00:00,174.73163
2011-10-24 11:00:00,318.85654
2011-10-24 12:00:00,310.72983
2011-10-24 13:00:00,357.53152
2011-10-24 14:00:00,348.94464
2011-10-24 15:00:00,499.7082
2011-10-24 16:00:00,461.46255
2011-10-24 17:00:00,401.04138
2011-10-24 18:00:00,447.6738
2011-10-24 19:00:00,259.21973
2011-10-24 20:00:00,221.3573
2011-10-24 21:00:00,149.08865
2011-10-24 22:00:00,264.06323
2011-10-24 23:00:00,239.57251
2011-10-25 00:00:00,206.49739
2011-10-25 01:00:00,206.49739
2011-10-25 02:00:00,58.10371
2011-10-25 03:00:00,62.72109
2011-10-25 04:00:00,61.542717
2011-10-25 05:00:00,61.542717
2011-10-25 06:00:00,69.96284
2011-10-25 07:00:00,205.83923
2011-10-25 08:00:00,238.16364
2011-10-25 09:00:00,237.1314
2011-10-25 10:00:00,207.14783
2011-10-25 11:00:00,179.28784
2011-10-25 12:00:00,351.44855
2011-10-25 13:00:00,410.02097
2011-10-25 14:00:00,293.85645
2011-10-25 15:00:00,303.12662
2011-10-25 16:00:00,435.8627
2011-10-25 17:00:00,303.12662
2011-10-25 18:00:00,242.2344
2011-10-25 19:00:00,250.14569
2011-10-25 20:00:00,276.60107
2011-10-25 21:00:00,257.08224
2011-10-25 22:00:00,221.36899
2011-10-25 23:00:00,257.08224
2011-10-26 00:00:00,216.77896
2011-10-26 01:00:00,74.07644
2011-10-26 02:00:00,199.20401
2011-10-26 03:00:00,147.80678
2011-10-26 04:00:00,99.06285
2011-10-26 05:00:00,146.17596
2011-10-26 06:00:00,146.17596
2011-10-26 07:00:00,211.43973
2011-10-26 08:00:00,337.03345
2011-10-26 09:00:00,293.08194
2011-10-26 10:00:00,302.27216
2011-10-26 11:00:00,206.32257
2011-10-26 12:00:00,357.9328
2011-10-26 13:00:00,465.37628
2011-10-26 14:00:00,227.86975
2011-10-26 15:00:00,227.86975
2011-10-26 16:00:00,267.76233
2011-10-26 17:00:00,232.86165
2011-10-26 18:00:00,274.96875
2011-10-26 19:00:00,214.2057
2011-10-26 20:00:00,219.21487
2011-10-26 21:00:00,227.86975
2011-10-26 22:00:00,106.715996
2011-10-26 23:00:00,106.715996
2011-10-27 00:00:00,67.985535
2011-10-27 01:00:00,67.985535
2011-10-27 02:00:00,111.19405
2011-10-27 03:00:00,111.19405
2011-10-27 04:00:00,234.89886
2011-10-27 05:00:00,182.30186
2011-10-27 06:00:00,245.00659
2011-10-27 07:00:00,70.21726
2011-10-27 08:00:00,133.54527
2011-10-27 09:00:00,194.8906
2011-10-27 10:00:00,175.60272
2011-10-27 11:00:00,195.46759
2011-10-27 12:00:00,195.46759
2011-10-27 13:00:00,173.9126
2011-10-27 14:00:00,73.888374
2011-10-27 15:00:00,192.76752
2011-10-27 16:00:00,338.8063
2011-10-27 17:00:00,216.12589
2011-10-27 18:00:00,103.233475
2011-10-27 19:00:00,172.98549
2011-10-27 20:00:00,239.70374
2011-10-27 21:00:00,336.7885
2011-10-27 22:00:00,195.42705
2011-10-27 23:00:00,210.4509
2011-10-28 00:00:00,202.62222
2011-10-28 01:00:00,164.72765
2011-10-28 02:00:00,188.72653
2011-10-28 03:00:00,157.92885
2011-10-28 04:00:00,146.67653
2011-10-28 05:00:00,367.95178
2011-10-28 06:00:00,144.81645
2011-10-28 07:00:00,144.81645
2011-10-28 08:00:00,188.90593
2011-10-28 09:00:00,126.35611
2011-10-28 10:00:00,249.9061
2011-10-28 11:00:00,301.47635
2011-10-28 12:00:00,361.92798
2011-10-28 13:00:00,314.9974
2011-10-28 14:00:00,410.7343
2011-10-28 15:00:00,339.5538
2011-10-28 16:00:00,354.79352
2011-10-28 17:00:00,276.26465
2011-10-28 18:00:00,271.0401
2011-10-28 19:00:00,276.26465
2011-10-28 20:00:00,127.71599
2011-10-28 21:00:00,22.614634
2011-10-28 22:00:00,60.48632
2011-10-28 23:00:00,54.596012
2011-10-29 00:00:00,71.196495
2011-10-29 01:00:00,72.97611
2011-10-29 02:00:00,72.97611
2011-10-29 03:00:00,41.123352
2011-10-29 04:00:00,41.123352
2011-10-29 05:00:00,75.421165
2011-10-29 06:00:00,68.67357
2011-10-29 07:00:00,68.67357
2011-10-29 08:00:00,73.675064
2011-10-29 09:00:00,73.675064
2011-10-29 10:00:00,78.595604
2011-10-29 11:00:00,67.7976
2011-10-29 12:00:00,9.944384
2011-10-29 13:00:00,9.944384
2011-10-29 14:00:00,24.187008
2011-10-29 15:00:00,61.60936
2011-10-29 16:00:00,73.50063
2011-10-29 17:00:00,73.50063
2011-10-29 18:00:00,73.50063
2011-10-29 19:00:00,50.48149
2011-10-29 20:00:00,50.48149
2011-10-29 21:00:00,50.481544
2011-10-29 22:00:00,57.646633
2011-10-29 23:00:00,43.286438
2011-10-30 00:00:00,57.646633
2011-10-30 01:00:00,60.764946
2011-10-30 02:00:00,69.61455
2011-10-30 03:00:00,49.56855
2011-10-30 04:00:00,54.03207
2011-10-30 05:00:00,59.628357
2011-10-30 06:00:00,61.74333
2011-10-30 07:00:00,38.49432
2011-10-30 08:00:00,57.146706
2011-10-30 09:00:00,122.7023
2011-10-30 10:00:00,165.09247
2011-10-30 11:00:00,325.20044
2011-10-30 12:00:00,326.33966
2011-10-30 13:00:00,400.17462
2011-10-30 14:00:00,557.03394
2011-10-30 15:00:00,512.7481
2011-10-30 16:00:00,469.40204
2011-10-30 17:00:00,330.96246
2011-10-30 18:00:00,332.48404
2011-10-30 19:00:00,263.1941
2011-10-30 20:00:00,243.53458
2011-10-30 21:00:00,103.73585
2011-10-30 22:00:00,97.82255
2011-10-30 23:00:00,32.732426
2011-10-31 00:00:00,133.19028
2011-10-31 01:00:00,84.58862
2011-10-31 02:00:00,117.58634
2011-10-31 03:00:00,294.56097
2011-10-31 04:00:00,117.58636
2011-10-31 05:00:00,64.932816
2011-10-31 06:00:00,117.58634
2011-10-31 07:00:00,104.02518
2011-10-31 08:00:00,75.88666
2011-10-31 09:00:00,181.45372
2011-10-31 10:00:00,338.4541
2011-10-31 11:00:00,268.19498
2011-10-31 12:00:00,256.9309
2011-10-31 13:00:00,348.90442
2011-10-31 14:00:00,338.5346
2011-10-31 15:00:00,303.1032
2011-10-31 16:00:00,300.26093
2011-10-31 17:00:00,247.63222
2011-10-31 18:00:00,230.92633
2011-10-31 19:00:00,230.92633
2011-10-31 20:00:00,230.92633
2011-10-31 21:00:00,134.3315
2011-10-31 22:00:00,134.3315
2011-10-31 23:00:00,134.3315
2011-11-20 00:00:00,157.9587
2011-11-20 01:00:00,345.81836
2011-11-20 02:00:00,397.57263
2011-11-20 03:00:00,360.02905
2011-11-20 04:00:00,128.0815
2011-11-20 05:00:00,307.973
2011-11-20 06:00:00,220.13075
2011-11-20 07:00:00,243.0179
2011-11-20 08:00:00,135.79634
2011-11-20 09:00:00,184.20274
2011-11-20 10:00:00,323.78647
2011-11-20 11:00:00,136.02226
2011-11-20 12:00:00,125.426796
2011-11-20 13:00:00,234.00214
2011-11-20 14:00:00,299.4324
2011-11-20 15:00:00,278.45438
2011-11-20 16:00:00,131.74646
2011-11-20 17:00:00,223.20032
2011-11-20 18:00:00,236.83383
2011-11-20 19:00:00,321.88855
2011-11-20 20:00:00,296.01022
2011-11-20 21:00:00,248.3131
2011-11-20 22:00:00,141.4232
2011-11-20 23:00:00,141.4232
2011-11-21 00:00:00,31.80129
2011-11-21 01:00:00,42.81675
2011-11-21 02:00:00,57.755108
2011-11-21 03:00:00,62.74978
2011-11-21 04:00:00,62.74978
2011-11-21 05:00:00,98.83139
2011-11-21 06:00:00,105.405014
2011-11-21 07:00:00,98.89709
2011-11-21 08:00:00,31.80129
2011-11-21 09:00:00,69.85793
2011-11-21 10:00:00,73.888374
2011-11-21 11:00:00,192.76752
2011-11-21 12:00:00,227.96762
2011-11-21 13:00:00,227.96762
2011-11-21 14:00:00,201.17044
2011-11-21 15:00:00,56.212257
2011-11-21 16:00:00,56.212257
2011-11-21 17:00:00,117.09757
2011-11-21 18:00:00,52.54075
2011-11-21 19:00:00,78.17731
2011-11-21 20:00:00,83.16045
2011-11-21 21:00:00,57.700943
2011-11-21 22:00:00,44.282486
2011-11-21 23:00:00,57.700943
2011-11-22 00:00:00,167.33325
2011-11-22 01:00:00,73.67338
2011-11-22 02:00:00,129.8981
2011-11-22 03:00:00,129.8981
2011-11-22 04:00:00,88.50072
2011-11-22 05:00:00,88.50072
2011-11-22 06:00:00,173.71793
2011-11-22 07:00:00,87.47628
2011-11-22 08:00:00,87.47628
2011-11-22 09:00:00,146.87718
2011-11-22 10:00:00,146.87718
2011-11-22 11:00:00,73.67338
2011-11-22 12:00:00,110.93761
2011-11-22 13:00:00,85.71705
2011-11-22 14:00:00,85.71705
2011-11-22 15:00:00,102.99948
2011-11-22 16:00:00,102.99948
2011-11-22 17:00:00,68.61456
2011-11-22 18:00:00,96.20446
2011-11-22 19:00:00,68.51426
2011-11-22 20:00:00,207.05533
2011-11-22 21:00:00,176.81454
2011-11-22 22:00:00,142.34206
2011-11-22 23:00:00,157.9628
2011-11-23 00:00:00,157.9628
2011-11-23 01:00:00,214.18677
2011-11-23 02:00:00,76.583496
2011-11-23 03:00:00,76.58356
2011-11-23 04:00:00,53.42909
2011-11-23 05:00:00,139.61185
2011-11-23 06:00:00,98.83139
2011-11-23 07:00:00,103.6361
2011-11-23 08:00:00,69.85793
2011-11-23 09:00:00,180.26222
2011-11-23 10:00:00,180.26222
2011-11-23 11:00:00,153.58853
2011-11-23 12:00:00,186.1117
2011-11-23 13:00:00,144.53676
2011-11-23 14:00:00,247.13443
2011-11-23 15:00:00,137.29755
2011-11-23 16:00:00,125.65069
2011-11-23 17:00:00,126.503
2011-11-23 18:00:00,124.10984
2011-11-23 19:00:00,130.45142
2011-11-23 20:00:00,228.3277
2011-11-23 21:00:00,306.47437
2011-11-23 22:00:00,204.93631
2011-11-23 23:00:00,239.22592
2011-11-24 00:00:00,19.051983
2011-11-24 01:00:00,26.27378
2011-11-24 02:00:00,19.551058
2011-11-24 03:00:00,16.267288
2011-11-24 04:00:00,29.471474
2011-11-24 05:00:00,31.25813
2011-11-24 06:00:00,29.471474
2011-11-24 07:00:00,22.989
2011-11-24 08:00:00,23.485514
2011-11-24 09:00:00,54.518227
2011-11-24 10:00:00,172.04282
2011-11-24 11:00:00,234.35414
2011-11-24 12:00:00,469.33704
2011-11-24 13:00:00,463.37424
2011-11-24 14:00:00,345.75116
2011-11-24 15:00:00,390.32355
2011-11-24 16:00:00,377.53326
2011-11-24 17:00:00,420.54138
2011-11-24 18:00:00,297.23944
2011-11-24 19:00:00,185.26083
2011-11-24 20:00:00,16.332813
2011-11-24 21:00:00,12.910609
2011-11-24 22:00:00,12.910609
2011-11-24 23:00:00,25.595528
2011-11-25 00:00:00,147.69792
2011-11-25 01:00:00,145.10457
2011-11-25 02:00:00,213.55621
2011-11-25 03:00:00,102.66698
2011-11-25 04:00:00,117.68421
2011-11-25 05:00:00,46.405777
2011-11-25 06:00:00,209.42632
2011-11-25 07:00:00,84.58862
2011-11-25 08:00:00,232.91443
2011-11-25 09:00:00,123.30238
2011-11-25 10:00:00,194.99188
2011-11-25 11:00:00,210.2653
2011-11-25 12:00:00,182.87689
2011-11-25 13:00:00,297.5891
2011-11-25 14:00:00,384.96118
2011-11-25 15:00:00,443.96463
2011-11-25 16:00:00,404.39294
2011-11-25 17:00:00,334.41107
2011-11-25 18:00:00,192.55959
2011-11-25 19:00:00,398.0655
2011-11-25 20:00:00,291.7845
2011-11-25 21:00:00,179.89177
2011-11-25 22:00:00,223.07043
2011-11-25 23:00:00,93.21189
2011-11-26 00:00:00,127.515396
2011-11-26 01:00:00,117.90732
2011-11-26 02:00:00,81.73916
2011-11-26 03:00:00,81.146454
2011-11-26 04:00:00,81.146454
2011-11-26 05:00:00,81.14321
2011-11-26 06:00:00,278.78384
2011-11-26 07:00:00,44.098724
2011-11-26 08:00:00,117.90732
2011-11-26 09:00:00,148.70808
2011-11-26 10:00:00,156.53592
2011-11-26 11:00:00,242.40668
2011-11-26 12:00:00,525.6914
2011-11-26 13:00:00,597.0666
2011-11-26 14:00:00,229.75153
2011-11-26 15:00:00,243.65611
2011-11-26 16:00:00,242.6174
2011-11-26 17:00:00,242.6174
2011-11-26 18:00:00,115.11654
2011-11-26 19:00:00,370.54468
2011-11-26 20:00:00,364.0547
2011-11-26 21:00:00,165.73404
2011-11-26 22:00:00,317.70923
2011-11-26 23:00:00,156.53592
2011-11-27 00:00:00,156.53592
2011-11-27 01:00:00,156.53592
2011-11-27 02:00:00,119.07594
2011-11-27 03:00:00,95.50795
2011-11-27 04:00:00,72.311775
2011-11-27 05:00:00,86.917336
2011-11-27 06:00:00,192.69159
2011-11-27 07:00:00,80.48631
2011-11-27 08:00:00,54.277897
2011-11-27 09:00:00,237.07776
2011-11-27 10:00:00,237.07776
2011-11-27 11:00:00,202.7471
2011-11-27 12:00:00,206.53264
2011-11-27 13:00:00,341.30606
2011-11-27 14:00:00,560.7128
2011-11-27 15:00:00,522.3771
2011-11-27 16:00:00,392.0921
2011-11-27 17:00:00,312.13803
2011-11-27 18:00:00,346.9994
2011-11-27 19:00:00,176.81343
2011-11-27 20:00:00,256.50113
2011-11-27 21:00:00,324.50067
2011-11-27 22:00:00,314.16998
2011-11-27 23:00:00,314.16998
2011-11-28 00:00:00,241.10626
2011-11-28 01:00:00,228.65143
2011-11-28 03:00:00,80.527275
2011-11-28 04:00:00,162.74725
2011-11-28 05:00:00,62.72109
2011-11-28 06:00:00,106.35541
2011-11-28 07:00:00,59.866184
2011-11-28 08:00:00,41.762634
2011-11-28 09:00:00,140.60893
2011-11-28 10:00:00,251.12024
2011-11-28 11:00:00,310.7298
2011-11-28 12:00:00,470.5699
2011-11-28 13:00:00,284.91327
2011-11-28 14:00:00,337.86957
2011-11-28 15:00:00,523.0496
2011-11-28 16:00:00,514.8665
2011-11-28 17:00:00,502.2359
2011-11-28 18:00:00,486.61438
2011-11-28 19:00:00,222.44225
2011-11-28 20:00:00,282.04288
2011-11-28 21:00:00,221.8706
2011-11-28 22:00:00,192.76752
2011-11-28 23:00:00,191.49019
2011-11-29 00:00:00,201.26022
2011-11-29 01:00:00,284.6892
2011-11-29 02:00:00,40.05632
2011-11-29 03:00:00,40.05632
2011-11-29 04:00:00,208.32626
2011-11-29 05:00:00,181.75063
2011-11-29 06:00:00,237.70984
2011-11-29 07:00:00,253.43439
2011-11-29 08:00:00,256.69266
2011-11-29 09:00:00,200.16162
2011-11-29 10:00:00,200.16162
2011-11-29 11:00:00,91.06693
2011-11-29 12:00:00,61.770782
2011-11-29 13:00:00,207.4772
2011-11-29 14:00:00,78.17736
2011-11-29 15:00:00,84.40635
2011-11-29 16:00:00,83.1605
2011-11-29 17:00:00,358.81287
2011-11-29 18:00:00,260.7436
2011-11-29 19:00:00,244.2127
2011-11-29 20:00:00,295.57782
2011-11-29 21:00:00,295.57782
2011-11-29 22:00:00,334.7312
2011-11-29 23:00:00,140.72098
2011-11-30 00:00:00,192.57791
2011-11-30 01:00:00,149.15482
2011-11-30 02:00:00,158.78818
2011-11-30 03:00:00,158.78818
2011-11-30 04:00:00,126.66869
2011-11-30 05:00:00,202.9102
2011-11-30 06:00:00,302.9179
2011-11-30 07:00:00,209.42632
2011-11-30 08:00:00,202.9102
2011-11-30 09:00:00,164.96095
2011-11-30 10:00:00,186.20386
2011-11-30 11:00:00,253.77179
2011-11-30 12:00:00,414.08887
2011-11-30 13:00:00,231.70752
2011-11-30 14:00:00,231.70752
2011-11-30 15:00:00,251.50266
2011-11-30 16:00:00,264.71503
2011-11-30 17:00:00,125.28753
2011-11-30 18:00:00,303.7817
2011-11-30 19:00:00,204.37157
2011-11-30 20:00:00,204.37157
2011-11-30 21:00:00,225.75407
2011-11-30 22:00:00,267.2661
2011-11-30 23:00:00,113.30158
2011-12-20 00:00:00,407.96793
2011-12-20 01:00:00,291.943
2011-12-20 02:00:00,244.40707
2011-12-20 03:00:00,244.40707
2011-12-20 04:00:00,279.60092
2011-12-20 05:00:00,267.56744
2011-12-20 06:00:00,267.56744
2011-12-20 07:00:00,297.37048
2011-12-20 08:00:00,210.79855
2011-12-20 09:00:00,364.66745
2011-12-20 10:00:00,284.3213
2011-12-20 11:00:00,287.93494
2011-12-20 12:00:00,280.28732
2011-12-20 13:00:00,280.28732
2011-12-20 14:00:00,214.65579
2011-12-20 15:00:00,364.73822
2011-12-20 16:00:00,352.31873
2011-12-20 17:00:00,264.84753
2011-12-20 18:00:00,160.30771
2011-12-20 19:00:00,309.8504
2011-12-20 20:00:00,277.66034
2011-12-20 21:00:00,282.18576
2011-12-20 22:00:00,364.66745
2011-12-20 23:00:00,332.1338
2011-12-21 00:00:00,135.61292
2011-12-21 01:00:00,128.05527
2011-12-21 02:00:00,186.06981
2011-12-21 03:00:00,186.06981
2011-12-21 04:00:00,186.06981
2011-12-21 05:00:00,157.45587
2011-12-21 06:00:00,66.60841
2011-12-21 07:00:00,111.69334
2011-12-21 08:00:00,110.71213
2011-12-21 09:00:00,128.18436
2011-12-21 10:00:00,70.0765
2011-12-21 11:00:00,70.0765
2011-12-21 12:00:00,123.31425
2011-12-21 13:00:00,130.18222
2011-12-21 14:00:00,106.51397
2011-12-21 15:00:00,97.250755
2011-12-21 16:00:00,130.555
2011-12-21 17:00:00,130.555
2011-12-21 18:00:00,71.867165
2011-12-21 19:00:00,176.52249
2011-12-21 20:00:00,143.8754
2011-12-21 21:00:00,170.06758
2011-12-21 22:00:00,221.16336
2011-12-21 23:00:00,132.30046
2011-12-22 00:00:00,224.0986
2011-12-22 01:00:00,249.59695
2011-12-22 02:00:00,110.52592
2011-12-22 03:00:00,132.557
2011-12-22 04:00:00,206.24908
2011-12-22 05:00:00,146.21445
2011-12-22 06:00:00,121.58548
2011-12-22 07:00:00,55.030186
2011-12-22 08:00:00,66.60841
2011-12-22 09:00:00,66.53318
2011-12-22 10:00:00,184.98648
2011-12-22 11:00:00,208.03873
2011-12-22 12:00:00,40.480804
2011-12-22 13:00:00,38.346153
2011-12-22 14:00:00,38.346153
2011-12-22 15:00:00,40.332256
2011-12-22 16:00:00,38.346153
2011-12-22 17:00:00,117.79498
2011-12-22 18:00:00,90.64817
2011-12-22 19:00:00,39.028465
2011-12-22 20:00:00,37.615894
2011-12-22 21:00:00,37.615894
2011-12-22 22:00:00,85.146416
2011-12-22 23:00:00,199.51639
2011-12-23 00:00:00,99.99122
2011-12-23 01:00:00,99.99122
2011-12-23 02:00:00,109.6267
2011-12-23 03:00:00,109.6267
2011-12-23 04:00:00,84.89479
2011-12-23 05:00:00,66.54735
2011-12-23 06:00:00,188.80573
2011-12-23 07:00:00,127.23827
2011-12-23 08:00:00,144.25543
2011-12-23 09:00:00,82.04605
2011-12-23 10:00:00,89.966515
2011-12-23 11:00:00,189.82889
2011-12-23 12:00:00,122.39869
2011-12-23 13:00:00,261.6237
2011-12-23 14:00:00,241.41232
2011-12-23 15:00:00,141.98697
2011-12-23 16:00:00,125.98406
2011-12-23 17:00:00,96.746254
2011-12-23 18:00:00,113.2373
2011-12-23 19:00:00,87.27436
2011-12-23 20:00:00,143.18034
2011-12-23 21:00:00,56.725513
2011-12-23 22:00:00,107.22468
2011-12-23 23:00:00,126.01939
2011-12-24 00:00:00,74.99874
2011-12-24 01:00:00,77.68285
2011-12-24 02:00:00,136.90135
2011-12-24 03:00:00,175.34866
2011-12-24 04:00:00,87.9793
2011-12-24 05:00:00,87.9793
2011-12-24 06:00:00,41.759865
2011-12-24 07:00:00,43.48665
2011-12-24 08:00:00,32.308105
2011-12-24 09:00:00,89.54777
2011-12-24 10:00:00,94.03396
2011-12-24 11:00:00,101.74428
2011-12-24 12:00:00,102.27218
2011-12-24 13:00:00,128.24706
2011-12-24 14:00:00,128.24706
2011-12-24 15:00:00,94.738106
2011-12-24 16:00:00,112.16125
2011-12-24 17:00:00,133.19537
2011-12-24 18:00:00,85.12078
2011-12-24 19:00:00,92.84405
2011-12-24 20:00:00,67.72756
2011-12-24 21:00:00,50.874146
2011-12-24 22:00:00,86.2467
2011-12-24 23:00:00,56.8121
2011-12-25 00:00:00,31.057806
2011-12-25 01:00:00,25.711948
2011-12-25 02:00:00,35.176292
2011-12-25 03:00:00,37.41844
2011-12-25 05:00:00,35.331837
2011-12-25 06:00:00,35.331837
2011-12-25 07:00:00,41.022232
2011-12-25 08:00:00,44.735558
2011-12-25 09:00:00,50.076134
2011-12-25 10:00:00,46.85842
2011-12-25 11:00:00,35.617676
2011-12-25 12:00:00,39.363167
2011-12-25 13:00:00,30.338377
2011-12-25 14:00:00,68.27725
2011-12-25 15:00:00,58.06611
2011-12-25 16:00:00,98.86278
2011-12-25 17:00:00,101.6553
2011-12-25 18:00:00,32.999264
2011-12-25 19:00:00,126.91436
2011-12-25 20:00:00,187.90694
2011-12-25 21:00:00,109.0847
2011-12-25 22:00:00,28.780468
2011-12-25 23:00:00,36.00034
2011-12-26 00:00:00,42.34547
2011-12-26 01:00:00,133.25882
2011-12-26 02:00:00,162.42007
2011-12-26 04:00:00,188.17776
2011-12-26 05:00:00,25.55966
2011-12-26 06:00:00,173.9141
2011-12-26 07:00:00,95.24554
2011-12-26 08:00:00,74.75752
2011-12-26 09:00:00,188.17776
2011-12-26 10:00:00,119.1189
2011-12-26 11:00:00,159.5129
2011-12-26 12:00:00,79.41831
2011-12-26 13:00:00,168.66745
2011-12-26 14:00:00,232.32663
2011-12-26 15:00:00,185.59015
2011-12-26 16:00:00,197.14612
2011-12-26 17:00:00,162.42007
2011-12-26 18:00:00,213.60825
2011-12-26 19:00:00,93.16511
2011-12-26 20:00:00,246.81415
2011-12-26 21:00:00,24.728907
2011-12-26 22:00:00,24.728914
2011-12-26 23:00:00,48.33853
2011-12-27 00:00:00,130.97409
2011-12-27 01:00:00,98.18842
2011-12-27 02:00:00,98.18842
2011-12-27 03:00:00,90.74645
2011-12-27 04:00:00,95.68865
2011-12-27 05:00:00,76.5265
2011-12-27 06:00:00,77.868645
2011-12-27 07:00:00,75.898674
2011-12-27 08:00:00,131.44952
2011-12-27 09:00:00,275.82053
2011-12-27 10:00:00,142.2472
2011-12-27 11:00:00,275.82053
2011-12-27 12:00:00,75.14826
2011-12-27 13:00:00,75.50277
2011-12-27 14:00:00,90.050865
2011-12-27 15:00:00,90.050865
2011-12-27 16:00:00,121.436005
2011-12-27 17:00:00,154.73299
2011-12-27 18:00:00,79.50822
2011-12-27 19:00:00,138.64021
2011-12-27 20:00:00,27.826101
2011-12-27 21:00:00,43.424877
2011-12-27 22:00:00,43.424877
2011-12-27 23:00:00,46.3424
2011-12-28 00:00:00,110.37588
2011-12-28 01:00:00,133.0528
2011-12-28 02:00:00,57.089474
2011-12-28 03:00:00,57.089474
2011-12-28 05:00:00,155.41605
2011-12-28 06:00:00,70.447014
2011-12-28 07:00:00,70.447044
2011-12-28 08:00:00,155.41599
2011-12-28 09:00:00,119.21252
2011-12-28 10:00:00,63.479218
2011-12-28 11:00:00,199.01686
2011-12-28 12:00:00,99.08453
2011-12-28 13:00:00,121.59571
2011-12-28 14:00:00,147.0102
2011-12-28 15:00:00,135.3479
2011-12-28 16:00:00,169.92363
2011-12-28 17:00:00,152.9212
2011-12-28 18:00:00,109.024315
2011-12-28 19:00:00,127.388145
2011-12-28 20:00:00,140.24068
2011-12-28 21:00:00,64.42098
2011-12-28 22:00:00,45.68219
2011-12-28 23:00:00,93.54841
2011-12-29 00:00:00,54.190758
2011-12-29 01:00:00,70.06084
2011-12-29 02:00:00,65.482414
2011-12-29 03:00:00,78.34715
2011-12-29 04:00:00,142.33083
2011-12-29 05:00:00,70.08302
2011-12-29 06:00:00,36.99558
2011-12-29 07:00:00,79.289185
2011-12-29 08:00:00,145.16083
2011-12-29 09:00:00,58.80242
2011-12-29 10:00:00,56.143677
2011-12-29 11:00:00,164.02484
2011-12-29 12:00:00,131.89835
2011-12-29 13:00:00,115.7165
2011-12-29 14:00:00,59.58145
2011-12-29 15:00:00,109.11472
2011-12-29 16:00:00,79.589516
2011-12-29 17:00:00,86.29514
2011-12-29 18:00:00,79.57655
2011-12-29 19:00:00,131.1337
2011-12-29 20:00:00,52.76449
2011-12-29 21:00:00,142.738
2011-12-29 22:00:00,55.525566
2011-12-29 23:00:00,75.374214
2011-12-30 00:00:00,66.80996
2011-12-30 01:00:00,41.124382
2011-12-30 02:00:00,90.60973
2011-12-30 03:00:00,90.60973
2011-12-30 04:00:00,80.923744
2011-12-30 05:00:00,31.038765
2011-12-30 06:00:00,80.923744
2011-12-30 07:00:00,39.20258
2011-12-30 08:00:00,75.3543
2011-12-30 09:00:00,70.20925
2011-12-30 10:00:00,92.368195
2011-12-30 11:00:00,107.22468
2011-12-30 12:00:00,92.66566
2011-12-30 13:00:00,142.98567
2011-12-30 14:00:00,177.78958
2011-12-30 15:00:00,77.84808
2011-12-30 16:00:00,208.18724
2011-12-30 17:00:00,107.66133
2011-12-30 18:00:00,145.92123
2011-12-30 19:00:00,184.03516
2011-12-30 20:00:00,138.54652
2011-12-30 21:00:00,128.05527
2011-12-30 22:00:00,106.00882
2011-12-30 23:00:00,75.71058
2011-12-31 00:00:00,84.985435
2011-12-31 01:00:00,124.43314
2011-12-31 02:00:00,124.43314
2011-12-31 03:00:00,124.43314
2011-12-31 04:00:00,26.669413
2011-12-31 05:00:00,55.104805
2011-12-31 06:00:00,117.72281
2011-12-31 07:00:00,52.770138
2011-12-31 08:00:00,44.0666
2011-12-31 09:00:00,55.36826
2011-12-31 10:00:00,99.292854
2011-12-31 11:00:00,117.58283
2011-12-31 12:00:00,322.4909
2011-12-31 13:00:00,205.15387
2011-12-31 14:00:00,117.066124
2011-12-31 15:00:00,110.38087
2011-12-31 16:00:00,99.73474
2011-12-31 17:00:00,155.49876
2011-12-31 18:00:00,204.38391
2011-12-31 19:00:00,137.14795
2011-12-31 20:00:00,137.14795
2011-12-31 21:00:00,176.6515
2011-12-31 22:00:00,136.58488
2011-12-31 23:00:00,44.27525
2012-01-20 00:00:00,178.3108
2012-01-20 01:00:00,75.06038
2012-01-20 02:00:00,75.06038
2012-01-20 03:00:00,73.595146
2012-01-20 04:00:00,75.31509
2012-01-20 05:00:00,75.31509
2012-01-20 06:00:00,97.55546
2012-01-20 07:00:00,51.587097
2012-01-20 08:00:00,83.567764
2012-01-20 09:00:00,81.706375
2012-01-20 10:00:00,129.63966
2012-01-20 11:00:00,-0.69472396
2012-01-20 12:00:00,20.178652
2012-01-20 13:00:00,66.7588
2012-01-20 14:00:00,173.71042
2012-01-20 15:00:00,204.01941
2012-01-20 16:00:00,143.16217
2012-01-20 17:00:00,158.6419
2012-01-20 18:00:00,179.94693
2012-01-20 19:00:00,161.82657
2012-01-20 20:00:00,179.94693
2012-01-20 21:00:00,159.69907
2012-01-20 22:00:00,197.15866
2012-01-20 23:00:00,56.341766
2012-01-21 00:00:00,63.815956
2012-01-21 01:00:00,45.83979
2012-01-21 02:00:00,60.815678
2012-01-21 03:00:00,65.24185
2012-01-21 04:00:00,60.62036
2012-01-21 05:00:00,53.584785
2012-01-21 06:00:00,28.365099
2012-01-21 07:00:00,28.365099
2012-01-21 08:00:00,39.313286
2012-01-21 09:00:00,39.313286
2012-01-21 10:00:00,25.6928
2012-01-21 11:00:00,41.765533
2012-01-21 12:00:00,29.909046
2012-01-21 13:00:00,30.682486
2012-01-21 14:00:00,38.947254
2012-01-21 15:00:00,38.947273
2012-01-21 16:00:00,30.190332
2012-01-21 17:00:00,31.693014
2012-01-21 18:00:00,44.909477
2012-01-21 19:00:00,29.6109
2012-01-21 20:00:00,30.820198
2012-01-21 21:00:00,40.929276
2012-01-21 22:00:00,35.48324
2012-01-21 23:00:00,31.94789
2012-01-22 00:00:00,47.188145
2012-01-22 01:00:00,35.48324
2012-01-22 02:00:00,32.66274
2012-01-22 03:00:00,45.359364
2012-01-22 04:00:00,39.722366
2012-01-22 05:00:00,43.00172
2012-01-22 06:00:00,26.489185
2012-01-22 07:00:00,26.489185
2012-01-22 08:00:00,26.489185
2012-01-22 09:00:00,26.489185
2012-01-22 10:00:00,31.19724
2012-01-22 11:00:00,37.02053
2012-01-22 12:00:00,29.215885
2012-01-22 13:00:00,32.871723
2012-01-22 14:00:00,27.58993
2012-01-22 15:00:00,27.414427
2012-01-22 16:00:00,27.414427
2012-01-22 17:00:00,45.35798
2012-01-22 18:00:00,53.584785
2012-01-22 19:00:00,53.584785
2012-01-22 20:00:00,29.32488
2012-01-22 21:00:00,53.584785
2012-01-22 22:00:00,43.3106
2012-01-22 23:00:00,46.74525
2012-01-23 00:00:00,39.67865
2012-01-23 01:00:00,38.07873
2012-01-23 02:00:00,38.07873
2012-01-23 03:00:00,39.678654
2012-01-23 04:00:00,62.728592
2012-01-23 05:00:00,47.783314
2012-01-23 06:00:00,47.783314
2012-01-23 07:00:00,61.496918
2012-01-23 08:00:00,52.41426
2012-01-23 09:00:00,41.38425
2012-01-23 10:00:00,64.3775
2012-01-23 11:00:00,32.351902
2012-01-23 12:00:00,100.701
2012-01-23 13:00:00,46.1367
2012-01-23 14:00:00,41.691177
2012-01-23 15:00:00,38.986755
2012-01-23 16:00:00,113.4558
2012-01-23 17:00:00,50.740982
2012-01-23 18:00:00,138.34637
2012-01-23 19:00:00,58.257214
2012-01-23 20:00:00,181.86858
2012-01-23 21:00:00,33.71479
2012-01-23 22:00:00,33.71479
2012-01-23 23:00:00,41.166107
2012-01-24 00:00:00,28.689508
2012-01-24 01:00:00,33.435436
2012-01-24 02:00:00,35.950233
2012-01-24 03:00:00,66.804146
2012-01-24 04:00:00,179.21909
2012-01-24 05:00:00,179.21909
2012-01-24 06:00:00,51.505936
2012-01-24 07:00:00,66.80415
2012-01-24 08:00:00,66.80415
2012-01-24 09:00:00,75.16667
2012-01-24 10:00:00,27.826101
2012-01-24 11:00:00,156.01761
2012-01-24 12:00:00,138.64021
2012-01-24 13:00:00,138.64021
2012-01-24 14:00:00,130.15091
2012-01-24 15:00:00,112.528725
2012-01-24 16:00:00,156.48618
2012-01-24 17:00:00,149.17651
2012-01-24 18:00:00,135.20438
2012-01-24 19:00:00,146.56512
2012-01-24 20:00:00,153.67961
2012-01-24 21:00:00,188.86333
2012-01-24 22:00:00,160.3898
2012-01-24 23:00:00,153.67961
2012-01-25 00:00:00,27.718988
2012-01-25 01:00:00,182.80682
2012-01-25 02:00:00,145.67982
2012-01-25 03:00:00,102.2311
2012-01-25 04:00:00,114.05635
2012-01-25 05:00:00,114.05635
2012-01-25 06:00:00,50.09953
2012-01-25 07:00:00,50.03408
2012-01-25 08:00:00,52.117073
2012-01-25 09:00:00,52.117073
2012-01-25 10:00:00,60.537254
2012-01-25 11:00:00,77.868645
2012-01-25 12:00:00,72.53124
2012-01-25 13:00:00,105.6072
2012-01-25 14:00:00,100.58071
2012-01-25 15:00:00,123.177635
2012-01-25 16:00:00,94.404755
2012-01-25 17:00:00,100.85781
2012-01-25 18:00:00,126.01939
2012-01-25 19:00:00,39.60092
2012-01-25 20:00:00,110.91147
2012-01-25 21:00:00,63.129448
2012-01-25 22:00:00,59.66095
2012-01-25 23:00:00,84.367195
2012-01-26 00:00:00,118.76409
2012-01-26 01:00:00,107.35259
2012-01-26 02:00:00,97.791214
2012-01-26 03:00:00,156.22993
2012-01-26 04:00:00,109.733055
2012-01-26 05:00:00,143.92407
2012-01-26 06:00:00,91.58075
2012-01-26 07:00:00,108.71357
2012-01-26 08:00:00,108.71357
2012-01-26 09:00:00,87.80322
2012-01-26 10:00:00,153.36101
2012-01-26 11:00:00,73.68541
2012-01-26 12:00:00,151.85303
2012-01-26 13:00:00,173.04506
2012-01-26 14:00:00,170.57976
2012-01-26 15:00:00,164.63458
2012-01-26 16:00:00,175.5246
2012-01-26 17:00:00,127.059296
2012-01-26 18:00:00,127.059296
2012-01-26 19:00:00,189.42343
2012-01-26 20:00:00,188.4201
2012-01-26 21:00:00,189.42343
2012-01-26 22:00:00,284.42996
2012-01-26 23:00:00,136.76614
2012-01-27 00:00:00,135.41225
2012-01-27 01:00:00,128.18436
2012-01-27 02:00:00,364.17923
2012-01-27 03:00:00,71.67648
2012-01-27 04:00:00,82.40338
2012-01-27 05:00:00,90.74282
2012-01-27 06:00:00,87.83785
2012-01-27 07:00:00,75.52986
2012-01-27 08:00:00,110.73574
2012-01-27 09:00:00,110.73574
2012-01-27 10:00:00,146.1273
2012-01-27 11:00:00,177.51163
2012-01-27 12:00:00,225.90918
2012-01-27 13:00:00,217.38544
2012-01-27 14:00:00,239.27783
2012-01-27 15:00:00,175.2074
2012-01-27 16:00:00,190.62317
2012-01-27 17:00:00,127.97436
2012-01-27 18:00:00,222.40018
2012-01-27 19:00:00,275.50854
2012-01-27 20:00:00,192.86668
2012-01-27 21:00:00,90.545006
2012-01-27 22:00:00,188.11574
2012-01-27 23:00:00,104.763115
2012-01-28 00:00:00,71.34177
2012-01-28 01:00:00,151.84912
2012-01-28 02:00:00,54.37206
2012-01-28 03:00:00,92.269615
2012-01-28 04:00:00,29.335838
2012-01-28 05:00:00,36.02735
2012-01-28 06:00:00,49.640175
2012-01-28 07:00:00,41.679848
2012-01-28 08:00:00,43.220467
2012-01-28 09:00:00,46.152557
2012-01-28 10:00:00,29.326334
2012-01-28 11:00:00,109.0847
2012-01-28 12:00:00,87.96747
2012-01-28 13:00:00,137.96507
2012-01-28 14:00:00,95.40064
2012-01-28 15:00:00,105.248276
2012-01-28 16:00:00,149.71478
2012-01-28 17:00:00,105.88331
2012-01-28 18:00:00,260.79282
2012-01-28 19:00:00,121.26613
2012-01-28 20:00:00,149.86153
2012-01-28 21:00:00,186.62521
2012-01-28 22:00:00,167.96716
2012-01-28 23:00:00,152.71617
2012-01-29 00:00:00,117.591835
2012-01-29 01:00:00,133.35413
2012-01-29 02:00:00,138.5228
2012-01-29 03:00:00,109.58133
2012-01-29 04:00:00,52.7125
2012-01-29 05:00:00,45.68991
2012-01-29 06:00:00,146.23883
2012-01-29 07:00:00,81.07162
2012-01-29 08:00:00,126.2627
2012-01-29 09:00:00,95.9343
2012-01-29 10:00:00,91.96122
2012-01-29 11:00:00,139.183
2012-01-29 12:00:00,155.9692
2012-01-29 13:00:00,155.9692
2012-01-29 14:00:00,118.95324
2012-01-29 15:00:00,104.8995
2012-01-29 16:00:00,134.31476
2012-01-29 17:00:00,134.31465
2012-01-29 18:00:00,188.13565
2012-01-29 19:00:00,135.56032
2012-01-29 20:00:00,86.04132
2012-01-29 21:00:00,136.7396
2012-01-29 22:00:00,139.5039
2012-01-29 23:00:00,124.53385
2012-01-30 00:00:00,41.697937
2012-01-30 01:00:00,99.58701
2012-01-30 02:00:00,106.96344
2012-01-30 03:00:00,60.138264
2012-01-30 04:00:00,114.197235
2012-01-30 05:00:00,114.197235
2012-01-30 06:00:00,93.54841
2012-01-30 07:00:00,96.461365
2012-01-30 08:00:00,60.950577
2012-01-30 09:00:00,60.950577
2012-01-30 10:00:00,103.483154
2012-01-30 11:00:00,118.87101
2012-01-30 12:00:00,273.60278
2012-01-30 13:00:00,151.7775
2012-01-30 14:00:00,149.54007
2012-01-30 15:00:00,184.88245
2012-01-30 16:00:00,205.7088
2012-01-30 17:00:00,165.30779
2012-01-30 18:00:00,175.23454
2012-01-30 19:00:00,96.68861
2012-01-30 20:00:00,148.25182
2012-01-30 21:00:00,138.51659
2012-01-30 22:00:00,90.44175
2012-01-30 23:00:00,104.842415
2012-01-31 00:00:00,70.37898
2012-01-31 01:00:00,185.4525
2012-01-31 02:00:00,126.0757
2012-01-31 03:00:00,102.65739
2012-01-31 04:00:00,82.21248
2012-01-31 05:00:00,82.21248
2012-01-31 06:00:00,64.11935
2012-01-31 07:00:00,104.84248
2012-01-31 08:00:00,55.66501
2012-01-31 09:00:00,66.444786
2012-01-31 10:00:00,83.853165
2012-01-31 11:00:00,205.18594
2012-01-31 12:00:00,169.04382
2012-01-31 13:00:00,244.16907
2012-01-31 14:00:00,248.05667
2012-01-31 15:00:00,331.8192
2012-01-31 16:00:00,331.8192
2012-01-31 17:00:00,281.0013
2012-01-31 18:00:00,264.20068
2012-01-31 19:00:00,224.6856
2012-01-31 20:00:00,87.36707
2012-01-31 21:00:00,234.18558
2012-01-31 22:00:00,227.19548
2012-01-31 23:00:00,231.26553
2012-02-20 00:00:00,27.963375
2012-02-20 01:00:00,27.963375
2012-02-20 02:00:00,27.963375
2012-02-20 03:00:00,49.010414
2012-02-20 05:00:00,28.668047
2012-02-20 06:00:00,107.95646
2012-02-20 07:00:00,27.763445
2012-02-20 08:00:00,54.582344
2012-02-20 09:00:00,54.582344
2012-02-20 10:00:00,49.228294
2012-02-20 11:00:00,157.18164
2012-02-20 12:00:00,109.59528
2012-02-20 13:00:00,143.42303
2012-02-20 14:00:00,191.45728
2012-02-20 15:00:00,185.59277
2012-02-20 16:00:00,111.07085
2012-02-20 17:00:00,75.39395
2012-02-20 18:00:00,185.59277
2012-02-20 19:00:00,185.59277
2012-02-20 20:00:00,140.43462
2012-02-20 21:00:00,127.331856
2012-02-20 22:00:00,103.92693
2012-02-20 23:00:00,34.269638
2012-02-21 00:00:00,50.26616
2012-02-21 01:00:00,27.31256
2012-02-21 02:00:00,32.291645
2012-02-21 04:00:00,39.080997
2012-02-21 05:00:00,62.077366
2012-02-21 06:00:00,74.45353
2012-02-21 07:00:00,39.080997
2012-02-21 08:00:00,54.238495
2012-02-21 09:00:00,62.06423
2012-02-21 10:00:00,76.14268
2012-02-21 11:00:00,65.72957
2012-02-21 12:00:00,114.76809
2012-02-21 13:00:00,121.79545
2012-02-21 14:00:00,171.94759
2012-02-21 15:00:00,121.79545
2012-02-21 16:00:00,240.0163
2012-02-21 17:00:00,230.87247
2012-02-21 18:00:00,230.87247
2012-02-21 19:00:00,146.66171
2012-02-21 20:00:00,80.75913
2012-02-21 21:00:00,76.05189
2012-02-21 22:00:00,95.55627
2012-02-21 23:00:00,115.43905
2012-02-22 00:00:00,115.43905
2012-02-22 01:00:00,100.49331
2012-02-22 02:00:00,83.24923
2012-02-22 03:00:00,85.64736
2012-02-22 04:00:00,73.50046
2012-02-22 05:00:00,96.33958
2012-02-22 06:00:00,133.0528
2012-02-22 07:00:00,147.79353
2012-02-22 08:00:00,130.7394
2012-02-22 09:00:00,105.09197
2012-02-22 10:00:00,128.41847
2012-02-22 11:00:00,105.13715
2012-02-22 12:00:00,52.848972
2012-02-22 13:00:00,116.941986
2012-02-22 14:00:00,142.05219
2012-02-22 15:00:00,263.92892
2012-02-22 16:00:00,315.5694
2012-02-22 17:00:00,250.74225
2012-02-22 18:00:00,233.5495
2012-02-22 19:00:00,231.13919
2012-02-22 20:00:00,190.73332
2012-02-22 21:00:00,272.136
2012-02-22 22:00:00,196.38022
2012-02-22 23:00:00,248.23677
2012-02-23 00:00:00,196.38022
2012-02-23 01:00:00,132.8179
2012-02-23 02:00:00,103.71645
2012-02-23 03:00:00,170.12164
2012-02-23 04:00:00,106.1381
2012-02-23 05:00:00,106.1381
2012-02-23 06:00:00,87.86304
2012-02-23 07:00:00,130.15091
2012-02-23 08:00:00,87.61792
2012-02-23 09:00:00,65.231964
2012-02-23 10:00:00,94.81176
2012-02-23 11:00:00,220.1818
2012-02-23 12:00:00,238.82185
2012-02-23 13:00:00,234.01933
2012-02-23 14:00:00,238.37512
2012-02-23 15:00:00,310.6343
2012-02-23 16:00:00,390.4557
2012-02-23 17:00:00,259.64728
2012-02-23 18:00:00,286.14386
2012-02-23 19:00:00,187.42047
2012-02-23 20:00:00,219.95605
2012-02-23 21:00:00,188.16351
2012-02-23 22:00:00,127.90911
2012-02-23 23:00:00,55.06301
2012-02-24 00:00:00,121.79215
2012-02-24 01:00:00,111.42267
2012-02-24 02:00:00,135.39201
2012-02-24 03:00:00,94.37617
2012-02-24 04:00:00,281.65866
2012-02-24 05:00:00,140.13509
2012-02-24 06:00:00,171.05301
2012-02-24 07:00:00,160.23178
2012-02-24 08:00:00,93.327736
2012-02-24 09:00:00,86.547325
2012-02-24 10:00:00,126.454094
2012-02-24 11:00:00,141.87085
2012-02-24 12:00:00,170.97076
2012-02-24 13:00:00,164.63458
2012-02-24 14:00:00,60.986618
2012-02-24 15:00:00,99.99122
2012-02-24 16:00:00,99.99122
2012-02-24 17:00:00,146.87515
2012-02-24 18:00:00,119.5223
2012-02-24 19:00:00,187.79515
2012-02-24 20:00:00,196.22275
2012-02-24 21:00:00,89.4085
2012-02-24 22:00:00,135.76935
2012-02-24 23:00:00,99.94187
2012-02-25 00:00:00,98.96668
2012-02-25 01:00:00,116.25988
2012-02-25 02:00:00,116.425026
2012-02-25 03:00:00,105.34362
2012-02-25 04:00:00,110.00518
2012-02-25 05:00:00,67.936386
2012-02-25 06:00:00,67.936386
2012-02-25 07:00:00,75.19787
2012-02-25 08:00:00,91.000595
2012-02-25 09:00:00,57.090034
2012-02-25 10:00:00,46.420624
2012-02-25 11:00:00,107.24128
2012-02-25 12:00:00,23.938486
2012-02-25 13:00:00,118.06825
2012-02-25 14:00:00,73.75916
2012-02-25 15:00:00,150.47528
2012-02-25 16:00:00,37.077385
2012-02-25 17:00:00,143.47414
2012-02-25 18:00:00,55.64454
2012-02-25 19:00:00,107.3189
2012-02-25 20:00:00,71.36515
2012-02-25 21:00:00,91.6128
2012-02-25 22:00:00,78.5669
2012-02-25 23:00:00,67.905754
2012-02-26 00:00:00,74.43891
2012-02-26 01:00:00,74.485985
2012-02-26 02:00:00,74.485985
2012-02-26 03:00:00,94.215385
2012-02-26 04:00:00,94.215385
2012-02-26 05:00:00,164.11418
2012-02-26 06:00:00,65.5785
2012-02-26 07:00:00,51.756012
2012-02-26 08:00:00,61.195442
2012-02-26 09:00:00,136.97025
2012-02-26 10:00:00,104.66363
2012-02-26 11:00:00,106.21534
2012-02-26 12:00:00,138.89392
2012-02-26 13:00:00,76.20618
2012-02-26 14:00:00,215.22382
2012-02-26 15:00:00,220.36792
2012-02-26 16:00:00,165.55801
2012-02-26 17:00:00,198.50839
2012-02-26 18:00:00,124.52806
2012-02-26 19:00:00,162.7909
2012-02-26 20:00:00,118.93412
2012-02-26 21:00:00,115.94106
2012-02-26 22:00:00,125.88216
2012-02-26 23:00:00,50.874146
2012-02-27 00:00:00,104.41743
2012-02-27 01:00:00,151.21487
2012-02-27 02:00:00,102.11506
2012-02-27 03:00:00,78.965706
2012-02-27 04:00:00,140.41202
2012-02-27 05:00:00,140.41202
2012-02-27 06:00:00,52.117073
2012-02-27 07:00:00,90.0313
2012-02-27 08:00:00,31.429869
2012-02-27 09:00:00,104.84248
2012-02-27 10:00:00,107.45652
2012-02-27 11:00:00,153.89673
2012-02-27 12:00:00,201.5203
2012-02-27 13:00:00,168.61005
2012-02-27 14:00:00,246.92621
2012-02-27 15:00:00,303.5305
2012-02-27 16:00:00,331.8192
2012-02-27 17:00:00,288.8391
2012-02-27 18:00:00,283.49527
2012-02-27 19:00:00,271.85165
2012-02-27 20:00:00,232.64423
2012-02-27 21:00:00,246.92621
2012-02-27 22:00:00,203.27492
2012-02-27 23:00:00,217.6387
2012-02-28 00:00:00,150.56708
2012-02-28 01:00:00,75.10381
2012-02-28 02:00:00,94.41474
2012-02-28 03:00:00,191.13501
2012-02-28 04:00:00,249.65723
2012-02-28 05:00:00,249.65723
2012-02-28 06:00:00,227.30516
2012-02-28 07:00:00,151.03404
2012-02-28 08:00:00,107.93052
2012-02-28 09:00:00,115.211586
2012-02-28 10:00:00,185.45251
2012-02-28 11:00:00,170.89774
2012-02-28 12:00:00,241.15549
2012-02-28 13:00:00,265.4217
2012-02-28 14:00:00,278.27344
2012-02-28 15:00:00,254.23338
2012-02-28 16:00:00,274.78287
2012-02-28 17:00:00,254.23338
2012-02-28 18:00:00,204.46123
2012-02-28 19:00:00,237.96487
2012-02-28 20:00:00,242.08063
2012-02-28 21:00:00,129.452
2012-02-28 22:00:00,129.452
2012-02-28 23:00:00,76.351326
2012-02-29 00:00:00,116.283646
2012-02-29 01:00:00,84.07664
2012-02-29 02:00:00,71.547035
2012-02-29 03:00:00,86.94871
2012-02-29 05:00:00,78.21201
2012-02-29 06:00:00,156.22993
2012-02-29 07:00:00,66.263054
2012-02-29 08:00:00,118.76409
2012-02-29 09:00:00,79.2982
2012-02-29 10:00:00,79.2982
2012-02-29 11:00:00,80.30911
2012-02-29 12:00:00,77.966606
2012-02-29 13:00:00,75.21129
2012-02-29 14:00:00,75.21129
2012-02-29 15:00:00,84.66375
2012-02-29 16:00:00,114.0256
2012-02-29 17:00:00,171.05301
2012-02-29 18:00:00,199.51636
2012-02-29 19:00:00,163.31
2012-02-29 20:00:00,105.37414
2012-02-29 21:00:00,105.37414
2012-02-29 22:00:00,126.55304
2012-02-29 23:00:00,126.55304
2012-03-20 00:00:00,135.97221
2012-03-20 01:00:00,371.23145
2012-03-20 02:00:00,111.16209
2012-03-20 03:00:00,291.41525
2012-03-20 04:00:00,233.97345
2012-03-20 05:00:00,354.10794
2012-03-20 06:00:00,205.32816
2012-03-20 07:00:00,89.34654
2012-03-20 08:00:00,187.99246
2012-03-20 09:00:00,245.01312
2012-03-20 10:00:00,153.13742
2012-03-20 11:00:00,118.81843
2012-03-20 12:00:00,263.50974
2012-03-20 13:00:00,276.32007
2012-03-20 14:00:00,153.28409
2012-03-20 15:00:00,113.65779
2012-03-20 16:00:00,358.70383
2012-03-20 17:00:00,239.59496
2012-03-20 18:00:00,286.67926
2012-03-20 19:00:00,194.87897
2012-03-20 20:00:00,52.19198
2012-03-20 21:00:00,263.12003
2012-03-20 22:00:00,360.85223
2012-03-20 23:00:00,418.4605
2012-03-21 00:00:00,86.451485
2012-03-21 01:00:00,60.87323
2012-03-21 02:00:00,75.6579
2012-03-21 03:00:00,151.40591
2012-03-21 04:00:00,100.23019
2012-03-21 05:00:00,100.23019
2012-03-21 06:00:00,57.101433
2012-03-21 07:00:00,109.938255
2012-03-21 08:00:00,82.505
2012-03-21 09:00:00,103.90424
2012-03-21 10:00:00,184.55067
2012-03-21 11:00:00,184.55067
2012-03-21 12:00:00,98.38332
2012-03-21 13:00:00,152.66174
2012-03-21 14:00:00,82.633644
2012-03-21 15:00:00,82.633644
2012-03-21 16:00:00,59.212807
2012-03-21 17:00:00,184.90411
2012-03-21 18:00:00,148.01419
2012-03-21 19:00:00,190.06323
2012-03-21 20:00:00,111.43972
2012-03-21 21:00:00,105.06755
2012-03-21 22:00:00,108.90791
2012-03-21 23:00:00,148.54361
2012-03-22 00:00:00,60.87323
2012-03-22 01:00:00,60.87323
2012-03-22 02:00:00,60.87323
2012-03-22 03:00:00,60.87323
2012-03-22 04:00:00,118.895706
2012-03-22 05:00:00,118.895706
2012-03-22 06:00:00,118.895706
2012-03-22 07:00:00,118.895706
2012-03-22 08:00:00,75.70412
2012-03-22 09:00:00,75.70412
2012-03-22 10:00:00,95.61257
2012-03-22 11:00:00,257.4612
2012-03-22 12:00:00,203.4366
2012-03-22 13:00:00,123.780945
2012-03-22 14:00:00,139.89517
2012-03-22 15:00:00,291.05133
2012-03-22 16:00:00,306.8261
2012-03-22 17:00:00,330.55627
2012-03-22 18:00:00,330.55627
2012-03-22 19:00:00,162.82729
2012-03-22 20:00:00,184.25276
2012-03-22 21:00:00,140.69946
2012-03-22 22:00:00,131.89871
2012-03-22 23:00:00,83.78181
2012-03-23 00:00:00,143.8418
2012-03-23 01:00:00,139.28226
2012-03-23 02:00:00,53.731735
2012-03-23 03:00:00,61.975967
2012-03-23 04:00:00,72.68302
2012-03-23 05:00:00,230.25923
2012-03-23 06:00:00,207.4144
2012-03-23 07:00:00,95.28697
2012-03-23 08:00:00,94.06926
2012-03-23 09:00:00,98.001274
2012-03-23 10:00:00,106.949
2012-03-23 11:00:00,183.96454
2012-03-23 12:00:00,269.03558
2012-03-23 13:00:00,341.068
2012-03-23 14:00:00,185.88046
2012-03-23 15:00:00,279.56464
2012-03-23 16:00:00,321.0015
2012-03-23 17:00:00,321.0015
2012-03-23 18:00:00,421.35583
2012-03-23 19:00:00,315.5044
2012-03-23 20:00:00,329.73007
2012-03-23 21:00:00,267.02325
2012-03-23 22:00:00,274.25494
2012-03-23 23:00:00,220.45135
2012-03-24 00:00:00,53.680523
2012-03-24 01:00:00,82.55517
2012-03-24 02:00:00,89.432045
2012-03-24 03:00:00,89.432045
2012-03-24 04:00:00,71.44597
2012-03-24 05:00:00,104.25535
2012-03-24 06:00:00,104.25535
2012-03-24 07:00:00,120.42138
2012-03-24 08:00:00,83.70571
2012-03-24 09:00:00,114.41494
2012-03-24 10:00:00,113.28879
2012-03-24 11:00:00,83.70571
2012-03-24 12:00:00,77.74737
2012-03-24 13:00:00,84.83153
2012-03-24 14:00:00,153.6661
2012-03-24 15:00:00,127.71273
2012-03-24 16:00:00,93.78289
2012-03-24 17:00:00,93.22912
2012-03-24 18:00:00,77.745804
2012-03-24 19:00:00,137.91502
2012-03-24 20:00:00,61.092537
2012-03-24 21:00:00,61.092537
2012-03-24 22:00:00,47.232887
2012-03-24 23:00:00,35.610855
2012-03-25 00:00:00,35.610855
2012-03-25 01:00:00,37.0648
2012-03-25 02:00:00,35.677036
2012-03-25 03:00:00,44.304825
2012-03-25 04:00:00,40.212193
2012-03-25 05:00:00,38.94201
2012-03-25 06:00:00,38.94201
2012-03-25 07:00:00,39.41925
2012-03-25 08:00:00,39.41925
2012-03-25 09:00:00,42.05082
2012-03-25 10:00:00,52.137848
2012-03-25 11:00:00,42.05082
2012-03-25 12:00:00,38.41035
2012-03-25 13:00:00,85.85697
2012-03-25 14:00:00,77.087
2012-03-25 15:00:00,65.88114
2012-03-25 16:00:00,61.20424
2012-03-25 17:00:00,72.66297
2012-03-25 18:00:00,72.66297
2012-03-25 19:00:00,75.260826
2012-03-25 20:00:00,58.02954
2012-03-25 21:00:00,87.899376
2012-03-25 22:00:00,81.73727
2012-03-25 23:00:00,89.78711
2012-03-26 00:00:00,163.89383
2012-03-26 01:00:00,158.48529
2012-03-26 02:00:00,50.739723
2012-03-26 03:00:00,69.68444
2012-03-26 04:00:00,52.946533
2012-03-26 05:00:00,77.048874
2012-03-26 06:00:00,49.23878
2012-03-26 07:00:00,125.802666
2012-03-26 08:00:00,77.40792
2012-03-26 09:00:00,153.08527
2012-03-26 10:00:00,154.8424
2012-03-26 11:00:00,131.74225
2012-03-26 12:00:00,181.25975
2012-03-26 13:00:00,163.68596
2012-03-26 14:00:00,243.11572
2012-03-26 15:00:00,169.44156
2012-03-26 16:00:00,231.67424
2012-03-26 17:00:00,136.69598
2012-03-26 18:00:00,129.99487
2012-03-26 19:00:00,257.08682
2012-03-26 20:00:00,113.43212
2012-03-26 21:00:00,102.14795
2012-03-26 22:00:00,147.3493
2012-03-26 23:00:00,97.1602
2012-03-27 00:00:00,92.53141
2012-03-27 01:00:00,97.03405
2012-03-27 02:00:00,80.61143
2012-03-27 03:00:00,77.08419
2012-03-27 04:00:00,75.597244
2012-03-27 05:00:00,64.02376
2012-03-27 06:00:00,129.10846
2012-03-27 07:00:00,129.10846
2012-03-27 08:00:00,70.079056
2012-03-27 09:00:00,134.65616
2012-03-27 10:00:00,99.6228
2012-03-27 11:00:00,113.44102
2012-03-27 12:00:00,128.71854
2012-03-27 13:00:00,203.18146
2012-03-27 14:00:00,156.031
2012-03-27 15:00:00,357.01654
2012-03-27 16:00:00,357.01654
2012-03-27 17:00:00,678.1712
2012-03-27 18:00:00,241.08395
2012-03-27 19:00:00,560.10126
2012-03-27 20:00:00,241.0838
2012-03-27 21:00:00,164.45573
2012-03-27 22:00:00,197.98418
2012-03-27 23:00:00,140.26285
2012-03-28 00:00:00,154.47073
2012-03-28 01:00:00,153.84903
2012-03-28 02:00:00,248.56001
2012-03-28 03:00:00,139.72476
2012-03-28 04:00:00,163.95999
2012-03-28 05:00:00,163.95999
2012-03-28 06:00:00,178.27466
2012-03-28 07:00:00,171.93423
2012-03-28 08:00:00,187.15167
2012-03-28 09:00:00,122.15779
2012-03-28 10:00:00,243.26093
2012-03-28 11:00:00,278.66132
2012-03-28 12:00:00,249.30283
2012-03-28 13:00:00,274.31277
2012-03-28 14:00:00,376.073
2012-03-28 15:00:00,306.02344
2012-03-28 16:00:00,220.63272
2012-03-28 17:00:00,230.7149
2012-03-28 18:00:00,230.7149
2012-03-28 19:00:00,218.80261
2012-03-28 20:00:00,200.4467
2012-03-28 21:00:00,263.48392
2012-03-28 22:00:00,225.92569
2012-03-28 23:00:00,138.51141
2012-03-29 00:00:00,172.03403
2012-03-29 01:00:00,265.12003
2012-03-29 02:00:00,429.2364
2012-03-29 03:00:00,319.4131
2012-03-29 04:00:00,253.71219
2012-03-29 05:00:00,172.15997
2012-03-29 06:00:00,70.97995
2012-03-29 07:00:00,148.85645
2012-03-29 08:00:00,248.83382
2012-03-29 09:00:00,254.65826
2012-03-29 10:00:00,215.52238
2012-03-29 11:00:00,270.23495
2012-03-29 12:00:00,225.27682
2012-03-29 13:00:00,176.95807
2012-03-29 14:00:00,232.88243
2012-03-29 15:00:00,312.5143
2012-03-29 16:00:00,337.739
2012-03-29 17:00:00,294.99323
2012-03-29 18:00:00,258.8764
2012-03-29 19:00:00,235.50961
2012-03-29 20:00:00,225.12927
2012-03-29 21:00:00,156.32034
2012-03-29 22:00:00,148.69395
2012-03-29 23:00:00,143.56488
2012-03-30 00:00:00,138.17554
2012-03-30 01:00:00,115.609795
2012-03-30 02:00:00,235.18091
2012-03-30 03:00:00,70.9293
2012-03-30 04:00:00,87.41682
2012-03-30 05:00:00,69.01279
2012-03-30 06:00:00,80.4725
2012-03-30 07:00:00,104.81928
2012-03-30 08:00:00,32.06011
2012-03-30 09:00:00,90.97723
2012-03-30 10:00:00,72.40879
2012-03-30 11:00:00,68.7228
2012-03-30 12:00:00,65.8016
2012-03-30 13:00:00,215.65157
2012-03-30 14:00:00,195.16617
2012-03-30 15:00:00,176.13306
2012-03-30 16:00:00,88.82748
2012-03-30 17:00:00,78.82281
2012-03-30 18:00:00,128.58948
2012-03-30 19:00:00,78.33784
2012-03-30 20:00:00,142.12521
2012-03-30 21:00:00,61.10653
2012-03-30 22:00:00,27.867105
2012-03-30 23:00:00,61.606045
2012-03-31 00:00:00,41.041
2012-03-31 01:00:00,75.81155
2012-03-31 02:00:00,84.562546
2012-03-31 03:00:00,50.453304
2012-03-31 04:00:00,34.51853
2012-03-31 05:00:00,50.064682
2012-03-31 06:00:00,43.736366
2012-03-31 07:00:00,43.736366
2012-03-31 08:00:00,37.0948
2012-03-31 09:00:00,75.81155
2012-03-31 10:00:00,87.73743
2012-03-31 11:00:00,81.25533
2012-03-31 12:00:00,39.716244
2012-03-31 13:00:00,98.18682
2012-03-31 14:00:00,155.45636
2012-03-31 15:00:00,153.08432
2012-03-31 16:00:00,118.17797
2012-03-31 17:00:00,142.58063
2012-03-31 18:00:00,125.49006
2012-03-31 19:00:00,121.25744
2012-03-31 20:00:00,67.82326
2012-03-31 21:00:00,67.82326
2012-03-31 22:00:00,110.87661
2012-03-31 23:00:00,53.671036
2012-04-20 00:00:00,121.65751
2012-04-20 01:00:00,69.68444
2012-04-20 02:00:00,48.408028
2012-04-20 03:00:00,46.83715
2012-04-20 04:00:00,76.818596
2012-04-20 05:00:00,5.229707
2012-04-20 06:00:00,13.323159
2012-04-20 07:00:00,5.229707
2012-04-20 08:00:00,5.6195383
2012-04-20 09:00:00,46.08493
2012-04-20 10:00:00,118.65877
2012-04-20 11:00:00,154.55908
2012-04-20 12:00:00,228.74219
2012-04-20 13:00:00,326.33038
2012-04-20 14:00:00,337.2166
2012-04-20 15:00:00,307.6192
2012-04-20 16:00:00,358.7907
2012-04-20 17:00:00,225.80287
2012-04-20 18:00:00,213.07788
2012-04-20 19:00:00,203.82932
2012-04-20 20:00:00,251.36273
2012-04-20 21:00:00,165.99127
2012-04-20 22:00:00,122.80486
2012-04-20 23:00:00,120.571304
2012-04-21 00:00:00,78.58929
2012-04-21 01:00:00,78.58929
2012-04-21 02:00:00,80.536835
2012-04-21 03:00:00,72.64132
2012-04-21 04:00:00,64.99552
2012-04-21 05:00:00,64.99552
2012-04-21 06:00:00,72.64132
2012-04-21 07:00:00,53.30188
2012-04-21 08:00:00,80.9545
2012-04-21 09:00:00,106.049065
2012-04-21 10:00:00,340.1502
2012-04-21 11:00:00,410.1975
2012-04-21 12:00:00,323.46606
2012-04-21 13:00:00,357.6698
2012-04-21 14:00:00,602.1074
2012-04-21 15:00:00,624.6241
2012-04-21 16:00:00,630.3412
2012-04-21 17:00:00,522.2923
2012-04-21 18:00:00,135.4797
2012-04-21 19:00:00,52.843353
2012-04-21 20:00:00,217.97165
2012-04-21 21:00:00,131.01004
2012-04-21 22:00:00,47.244125
2012-04-21 23:00:00,74.686195
2012-04-22 00:00:00,96.07116
2012-04-22 01:00:00,83.319145
2012-04-22 02:00:00,27.520498
2012-04-22 03:00:00,95.44966
2012-04-22 04:00:00,107.886734
2012-04-22 05:00:00,131.14078
2012-04-22 06:00:00,59.40233
2012-04-22 07:00:00,77.85718
2012-04-22 08:00:00,130.79538
2012-04-22 09:00:00,130.79538
2012-04-22 10:00:00,107.34031
2012-04-22 11:00:00,62.76398
2012-04-22 12:00:00,71.26444
2012-04-22 13:00:00,113.722824
2012-04-22 14:00:00,71.26444
2012-04-22 15:00:00,65.66677
2012-04-22 16:00:00,36.945427
2012-04-22 17:00:00,45.95921
2012-04-22 18:00:00,45.95921
2012-04-22 19:00:00,41.78514
2012-04-22 20:00:00,43.200134
2012-04-22 21:00:00,61.37683
2012-04-22 22:00:00,34.8017
2012-04-22 23:00:00,61.983345
2012-04-23 00:00:00,47.300102
2012-04-23 01:00:00,70.174065
2012-04-23 02:00:00,40.769135
2012-04-23 03:00:00,46.875504
2012-04-23 04:00:00,60.597473
2012-04-23 05:00:00,60.597473
2012-04-23 06:00:00,41.812798
2012-04-23 07:00:00,56.14969
2012-04-23 08:00:00,72.527565
2012-04-23 09:00:00,73.70884
2012-04-23 10:00:00,85.057396
2012-04-23 11:00:00,82.42753
2012-04-23 12:00:00,58.08989
2012-04-23 13:00:00,28.866137
2012-04-23 14:00:00,215.4543
2012-04-23 15:00:00,209.32559
2012-04-23 16:00:00,69.0949
2012-04-23 17:00:00,70.03574
2012-04-23 18:00:00,82.175575
2012-04-23 19:00:00,64.16291
2012-04-23 20:00:00,55.030678
2012-04-23 21:00:00,57.421234
2012-04-23 22:00:00,39.65163
2012-04-23 23:00:00,43.975082
2012-04-24 00:00:00,50.052353
2012-04-24 01:00:00,55.895126
2012-04-24 02:00:00,44.869442
2012-04-24 03:00:00,38.66042
2012-04-24 04:00:00,41.449223
2012-04-24 05:00:00,41.449223
2012-04-24 06:00:00,81.37502
2012-04-24 07:00:00,90.13977
2012-04-24 08:00:00,92.38651
2012-04-24 09:00:00,188.99847
2012-04-24 10:00:00,143.56488
2012-04-24 11:00:00,273.16592
2012-04-24 12:00:00,298.98615
2012-04-24 13:00:00,330.018
2012-04-24 14:00:00,257.3141
2012-04-24 15:00:00,190.52222
2012-04-24 16:00:00,236.55511
2012-04-24 17:00:00,288.8924
2012-04-24 18:00:00,722.5729
2012-04-24 19:00:00,262.99408
2012-04-24 20:00:00,314.04443
2012-04-24 21:00:00,144.62161
2012-04-24 22:00:00,181.96738
2012-04-24 23:00:00,166.90019
2012-04-25 00:00:00,165.5615
2012-04-25 01:00:00,144.59853
2012-04-25 02:00:00,253.67645
2012-04-25 03:00:00,59.560146
2012-04-25 04:00:00,43.55115
2012-04-25 05:00:00,101.48876
2012-04-25 06:00:00,101.48876
2012-04-25 07:00:00,54.545868
2012-04-25 08:00:00,57.257168
2012-04-25 09:00:00,62.194176
2012-04-25 10:00:00,256.7329
2012-04-25 11:00:00,377.2397
2012-04-25 12:00:00,359.77698
2012-04-25 13:00:00,335.23297
2012-04-25 14:00:00,398.90607
2012-04-25 15:00:00,435.63947
2012-04-25 16:00:00,514.3287
2012-04-25 17:00:00,407.82205
2012-04-25 18:00:00,388.13373
2012-04-25 19:00:00,404.22845
2012-04-25 20:00:00,522.94183
2012-04-25 21:00:00,208.12903
2012-04-25 22:00:00,98.30181
2012-04-25 23:00:00,181.85968
2012-04-26 00:00:00,171.09375
2012-04-26 01:00:00,194.66522
2012-04-26 02:00:00,175.30548
2012-04-26 03:00:00,161.69594
2012-04-26 04:00:00,169.87306
2012-04-26 05:00:00,155.82867
2012-04-26 06:00:00,115.73493
2012-04-26 07:00:00,89.6356
2012-04-26 08:00:00,137.28821
2012-04-26 09:00:00,111.054756
2012-04-26 10:00:00,88.79101
2012-04-26 11:00:00,54.64991
2012-04-26 12:00:00,113.340614
2012-04-26 13:00:00,176.4634
2012-04-26 14:00:00,134.14752
2012-04-26 15:00:00,87.111115
2012-04-26 16:00:00,175.21173
2012-04-26 17:00:00,124.98876
2012-04-26 18:00:00,134.14752
2012-04-26 19:00:00,129.06947
2012-04-26 20:00:00,141.51628
2012-04-26 21:00:00,128.13805
2012-04-26 22:00:00,108.90791
2012-04-26 23:00:00,80.310905
2012-04-27 00:00:00,371.15356
2012-04-27 01:00:00,222.93428
2012-04-27 02:00:00,196.12279
2012-04-27 03:00:00,130.65063
2012-04-27 04:00:00,143.92102
2012-04-27 05:00:00,209.31721
2012-04-27 06:00:00,138.5455
2012-04-27 07:00:00,115.609795
2012-04-27 08:00:00,57.134506
2012-04-27 09:00:00,118.713524
2012-04-27 10:00:00,217.76498
2012-04-27 11:00:00,210.7644
2012-04-27 12:00:00,273.25943
2012-04-27 13:00:00,273.50677
2012-04-27 14:00:00,348.15973
2012-04-27 15:00:00,182.56978
2012-04-27 16:00:00,321.35556
2012-04-27 17:00:00,338.75812
2012-04-27 18:00:00,355.95392
2012-04-27 19:00:00,321.4079
2012-04-27 20:00:00,355.19858
2012-04-27 21:00:00,314.063
2012-04-27 22:00:00,174.64215
2012-04-27 23:00:00,148.74481
2012-04-28 00:00:00,172.24924
2012-04-28 01:00:00,147.7587
2012-04-28 02:00:00,143.8607
2012-04-28 03:00:00,183.57912
2012-04-28 04:00:00,92.12438
2012-04-28 05:00:00,107.46877
2012-04-28 06:00:00,118.738686
2012-04-28 07:00:00,92.12438
2012-04-28 08:00:00,166.29486
2012-04-28 09:00:00,214.14879
2012-04-28 10:00:00,182.70462
2012-04-28 11:00:00,146.44638
2012-04-28 12:00:00,61.595127
2012-04-28 13:00:00,214.9735
2012-04-28 14:00:00,192.27829
2012-04-28 15:00:00,148.55313
2012-04-28 16:00:00,194.16296
2012-04-28 17:00:00,215.55118
2012-04-28 18:00:00,107.65826
2012-04-28 19:00:00,126.15746
2012-04-28 20:00:00,39.60572
2012-04-28 21:00:00,136.85345
2012-04-28 22:00:00,67.60026
2012-04-28 23:00:00,93.43817
2012-04-29 00:00:00,92.04281
2012-04-29 01:00:00,83.23821
2012-04-29 02:00:00,64.712814
2012-04-29 03:00:00,37.094795
2012-04-29 04:00:00,49.848003
2012-04-29 05:00:00,58.25312
2012-04-29 06:00:00,47.065174
2012-04-29 07:00:00,36.43753
2012-04-29 08:00:00,72.92605
2012-04-29 09:00:00,77.14396
2012-04-29 10:00:00,68.0825
2012-04-29 11:00:00,115.62484
2012-04-29 12:00:00,160.7719
2012-04-29 13:00:00,172.70471
2012-04-29 14:00:00,427.82138
2012-04-29 15:00:00,307.9057
2012-04-29 16:00:00,491.9223
2012-04-29 17:00:00,434.15686
2012-04-29 18:00:00,410.2635
2012-04-29 19:00:00,356.0531
2012-04-29 20:00:00,401.41742
2012-04-29 21:00:00,178.62274
2012-04-29 22:00:00,187.26683
2012-04-29 23:00:00,36.062702
2012-04-30 00:00:00,71.46633
2012-04-30 01:00:00,42.266922
2012-04-30 02:00:00,77.64235
2012-04-30 03:00:00,42.720703
2012-04-30 04:00:00,103.386604
2012-04-30 05:00:00,103.386604
2012-04-30 06:00:00,145.33488
2012-04-30 07:00:00,135.69296
2012-04-30 08:00:00,153.75246
2012-04-30 09:00:00,143.33725
2012-04-30 10:00:00,186.69075
2012-04-30 11:00:00,186.79785
2012-04-30 12:00:00,162.11397
2012-04-30 13:00:00,166.745
2012-04-30 14:00:00,193.6145
2012-04-30 15:00:00,197.93137
2012-04-30 16:00:00,247.8071
2012-04-30 17:00:00,261.402
2012-04-30 18:00:00,236.65952
2012-04-30 19:00:00,145.20535
2012-04-30 20:00:00,206.99716
2012-04-30 21:00:00,206.99716
2012-04-30 22:00:00,233.73352
2012-04-30 23:00:00,184.81227
2012-05-20 00:00:00,207.20328
2012-05-20 01:00:00,149.57578
2012-05-20 02:00:00,149.57578
2012-05-20 03:00:00,145.78864
2012-05-20 04:00:00,90.03736
2012-05-20 05:00:00,93.63306
2012-05-20 06:00:00,101.84446
2012-05-20 07:00:00,114.31484
2012-05-20 08:00:00,198.13316
2012-05-20 09:00:00,510.4983
2012-05-20 10:00:00,586.2196
2012-05-20 11:00:00,565.21967
2012-05-20 12:00:00,607.50275
2012-05-20 13:00:00,672.4941
2012-05-20 14:00:00,674.1356
2012-05-20 15:00:00,460.24573
2012-05-20 16:00:00,639.24774
2012-05-20 17:00:00,633.0609
2012-05-20 18:00:00,498.43918
2012-05-20 19:00:00,296.53247
2012-05-20 20:00:00,296.5324
2012-05-20 21:00:00,125.85018
2012-05-20 22:00:00,226.61212
2012-05-20 23:00:00,185.80252
2012-05-21 00:00:00,126.64562
2012-05-21 01:00:00,126.6412
2012-05-21 02:00:00,139.68028
2012-05-21 03:00:00,160.6547
2012-05-21 04:00:00,121.53992
2012-05-21 05:00:00,121.53992
2012-05-21 06:00:00,121.53992
2012-05-21 07:00:00,121.53992
2012-05-21 08:00:00,137.40614
2012-05-21 09:00:00,130.23676
2012-05-21 10:00:00,134.30478
2012-05-21 11:00:00,205.8479
2012-05-21 12:00:00,179.84169
2012-05-21 13:00:00,170.4893
2012-05-21 14:00:00,145.61578
2012-05-21 15:00:00,260.35303
2012-05-21 16:00:00,268.138
2012-05-21 17:00:00,280.57745
2012-05-21 18:00:00,197.75743
2012-05-21 19:00:00,226.95251
2012-05-21 20:00:00,262.36636
2012-05-21 21:00:00,210.86041
2012-05-21 22:00:00,249.84818
2012-05-21 23:00:00,184.25276
2012-05-22 00:00:00,197.03143
2012-05-22 01:00:00,133.32025
2012-05-22 02:00:00,93.326935
2012-05-22 03:00:00,93.326935
2012-05-22 04:00:00,131.09113
2012-05-22 05:00:00,118.02125
2012-05-22 06:00:00,84.90527
2012-05-22 07:00:00,84.90527
2012-05-22 08:00:00,99.14806
2012-05-22 09:00:00,76.95443
2012-05-22 10:00:00,71.97367
2012-05-22 11:00:00,65.75535
2012-05-22 12:00:00,110.86904
2012-05-22 13:00:00,119.2259
2012-05-22 14:00:00,185.22992
2012-05-22 15:00:00,334.0341
2012-05-22 16:00:00,331.7108
2012-05-22 17:00:00,200.31786
2012-05-22 18:00:00,333.2223
2012-05-22 19:00:00,297.02838
2012-05-22 20:00:00,211.06259
2012-05-22 21:00:00,129.11238
2012-05-22 22:00:00,143.16815
2012-05-22 23:00:00,152.05933
2012-05-23 00:00:00,129.11238
2012-05-23 01:00:00,139.08333
2012-05-23 02:00:00,205.8479
2012-05-23 03:00:00,118.179115
2012-05-23 04:00:00,125.28295
2012-05-23 05:00:00,137.40614
2012-05-23 06:00:00,77.76071
2012-05-23 07:00:00,120.5165
2012-05-23 08:00:00,120.5165
2012-05-23 09:00:00,72.96331
2012-05-23 10:00:00,103.70825
2012-05-23 11:00:00,48.80074
2012-05-23 12:00:00,207.64049
2012-05-23 13:00:00,255.82567
2012-05-23 14:00:00,327.20782
2012-05-23 15:00:00,343.32532
2012-05-23 16:00:00,212.78326
2012-05-23 17:00:00,154.49168
2012-05-23 18:00:00,154.49168
2012-05-23 19:00:00,180.31348
2012-05-23 20:00:00,69.43011
2012-05-23 21:00:00,86.52159
2012-05-23 22:00:00,180.31348
2012-05-23 23:00:00,127.61894
2012-05-24 00:00:00,100.28202
2012-05-24 01:00:00,72.66985
2012-05-24 02:00:00,102.28916
2012-05-24 03:00:00,86.39668
2012-05-24 04:00:00,138.707
2012-05-24 05:00:00,138.707
2012-05-24 06:00:00,138.707
2012-05-24 07:00:00,125.3447
2012-05-24 08:00:00,199.60776
2012-05-24 09:00:00,221.3417
2012-05-24 10:00:00,301.38107
2012-05-24 11:00:00,321.89746
2012-05-24 12:00:00,336.70276
2012-05-24 13:00:00,394.80902
2012-05-24 14:00:00,445.59
2012-05-24 15:00:00,461.24536
2012-05-24 16:00:00,370.4909
2012-05-24 17:00:00,471.8225
2012-05-24 18:00:00,355.36945
2012-05-24 19:00:00,415.46918
2012-05-24 20:00:00,297.65778
2012-05-24 21:00:00,158.96426
2012-05-24 22:00:00,115.02632
2012-05-24 23:00:00,135.19685
2012-05-25 00:00:00,135.85207
2012-05-25 01:00:00,105.61632
2012-05-25 02:00:00,86.52159
2012-05-25 03:00:00,81.69678
2012-05-25 04:00:00,187.5975
2012-05-25 05:00:00,130.95819
2012-05-25 06:00:00,81.69678
2012-05-25 07:00:00,154.302
2012-05-25 08:00:00,79.65416
2012-05-25 09:00:00,149.9166
2012-05-25 10:00:00,197.25731
2012-05-25 11:00:00,162.49155
2012-05-25 12:00:00,302.27527
2012-05-25 13:00:00,358.14395
2012-05-25 14:00:00,379.79236
2012-05-25 15:00:00,360.9395
2012-05-25 16:00:00,531.99664
2012-05-25 17:00:00,452.32764
2012-05-25 18:00:00,360.9395
2012-05-25 19:00:00,400.9508
2012-05-25 20:00:00,338.1908
2012-05-25 21:00:00,331.03693
2012-05-25 22:00:00,209.36731
2012-05-25 23:00:00,210.37415
2012-05-26 00:00:00,102.24275
2012-05-26 01:00:00,83.49865
2012-05-26 02:00:00,79.601456
2012-05-26 03:00:00,78.74264
2012-05-26 04:00:00,77.01989
2012-05-26 05:00:00,121.99969
2012-05-26 06:00:00,99.62629
2012-05-26 07:00:00,122.37942
2012-05-26 08:00:00,93.072845
2012-05-26 09:00:00,125.46523
2012-05-26 10:00:00,181.05176
2012-05-26 11:00:00,223.65773
2012-05-26 12:00:00,306.34106
2012-05-26 13:00:00,290.81906
2012-05-26 14:00:00,309.73254
2012-05-26 15:00:00,349.66028
2012-05-26 16:00:00,391.38867
2012-05-26 17:00:00,321.22205
2012-05-26 18:00:00,299.40463
2012-05-26 19:00:00,266.39554
2012-05-26 20:00:00,278.03705
2012-05-26 21:00:00,244.97452
2012-05-26 22:00:00,314.26135
2012-05-26 23:00:00,314.26135
2012-05-27 00:00:00,252.64307
2012-05-27 01:00:00,170.6956
2012-05-27 02:00:00,166.38092
2012-05-27 03:00:00,125.850334
2012-05-27 04:00:00,131.3628
2012-05-27 05:00:00,131.3628
2012-05-27 06:00:00,107.680244
2012-05-27 07:00:00,84.07415
2012-05-27 08:00:00,125.46523
2012-05-27 09:00:00,155.13461
2012-05-27 10:00:00,232.15239
2012-05-27 11:00:00,294.44623
2012-05-27 12:00:00,314.12457
2012-05-27 13:00:00,375.14633
2012-05-27 14:00:00,394.23175
2012-05-27 15:00:00,416.5122
2012-05-27 16:00:00,416.5122
2012-05-27 17:00:00,434.55273
2012-05-27 18:00:00,433.00983
2012-05-27 19:00:00,375.14633
2012-05-27 20:00:00,390.87018
2012-05-27 21:00:00,148.05664
2012-05-27 22:00:00,140.50157
2012-05-27 23:00:00,106.040504
2012-05-28 00:00:00,64.92267
2012-05-28 01:00:00,164.68039
2012-05-28 02:00:00,47.163567
2012-05-28 03:00:00,60.20773
2012-05-28 04:00:00,52.950462
2012-05-28 05:00:00,52.950462
2012-05-28 06:00:00,60.20773
2012-05-28 07:00:00,43.30981
2012-05-28 08:00:00,41.505836
2012-05-28 09:00:00,205.70535
2012-05-28 10:00:00,205.70535
2012-05-28 11:00:00,330.68665
2012-05-28 12:00:00,458.34747
2012-05-28 13:00:00,292.53668
2012-05-28 14:00:00,292.53668
2012-05-28 15:00:00,250.41122
2012-05-28 16:00:00,247.24869
2012-05-28 17:00:00,250.41122
2012-05-28 18:00:00,229.98749
2012-05-28 19:00:00,236.54678
2012-05-28 20:00:00,227.5989
2012-05-28 21:00:00,322.3414
2012-05-28 22:00:00,346.81873
2012-05-28 23:00:00,269.61853
2012-05-29 00:00:00,303.44516
2012-05-29 01:00:00,303.44516
2012-05-29 02:00:00,135.30225
2012-05-29 03:00:00,286.74084
2012-05-29 04:00:00,210.37415
2012-05-29 05:00:00,210.37415
2012-05-29 06:00:00,210.37415
2012-05-29 07:00:00,210.37415
2012-05-29 08:00:00,277.6201
2012-05-29 09:00:00,291.5693
2012-05-29 10:00:00,341.0647
2012-05-29 11:00:00,493.19788
2012-05-29 12:00:00,528.9394
2012-05-29 13:00:00,364.9184
2012-05-29 14:00:00,358.55746
2012-05-29 15:00:00,353.375
2012-05-29 16:00:00,373.8178
2012-05-29 17:00:00,390.5641
2012-05-29 18:00:00,357.97565
2012-05-29 19:00:00,423.59406
2012-05-29 20:00:00,214.36414
2012-05-29 21:00:00,93.29472
2012-05-29 22:00:00,130.95819
2012-05-29 23:00:00,48.997208
2012-05-30 00:00:00,77.72709
2012-05-30 01:00:00,148.56247
2012-05-30 02:00:00,75.931725
2012-05-30 03:00:00,76.59188
2012-05-30 04:00:00,139.75317
2012-05-30 05:00:00,140.03108
2012-05-30 06:00:00,108.59136
2012-05-30 07:00:00,175.17737
2012-05-30 08:00:00,239.39026
2012-05-30 09:00:00,243.66296
2012-05-30 10:00:00,266.06866
2012-05-30 11:00:00,251.1503
2012-05-30 12:00:00,202.79388
2012-05-30 13:00:00,186.05469
2012-05-30 14:00:00,396.3634
2012-05-30 15:00:00,411.13928
2012-05-30 16:00:00,427.0111
2012-05-30 17:00:00,373.01215
2012-05-30 18:00:00,479.05304
2012-05-30 19:00:00,394.80902
2012-05-30 20:00:00,214.56279
2012-05-30 21:00:00,325.00507
2012-05-30 22:00:00,251.85226
2012-05-30 23:00:00,263.5657
2012-05-31 00:00:00,262.36636
2012-05-31 01:00:00,211.71976
2012-05-31 02:00:00,239.51483
2012-05-31 03:00:00,210.86041
2012-05-31 04:00:00,132.85062
2012-05-31 05:00:00,261.22424
2012-05-31 06:00:00,243.47168
2012-05-31 07:00:00,274.25494
2012-05-31 08:00:00,270.5456
2012-05-31 09:00:00,275.21176
2012-05-31 10:00:00,405.2935
2012-05-31 11:00:00,523.57874
2012-05-31 12:00:00,464.5236
2012-05-31 13:00:00,389.72467
2012-05-31 14:00:00,547.8404
2012-05-31 15:00:00,508.9784
2012-05-31 16:00:00,513.2342
2012-05-31 17:00:00,549.7278
2012-05-31 18:00:00,570.9322
2012-05-31 19:00:00,469.84143
2012-05-31 20:00:00,394.752
2012-05-31 21:00:00,394.752
2012-05-31 22:00:00,308.9756
2012-05-31 23:00:00,294.3659
2012-06-20 00:00:00,303.44516
2012-06-20 01:00:00,227.69235
2012-06-20 02:00:00,157.73251
2012-06-20 03:00:00,144.05081
2012-06-20 04:00:00,100.642914
2012-06-20 05:00:00,100.642914
2012-06-20 06:00:00,134.91138
2012-06-20 07:00:00,206.55695
2012-06-20 08:00:00,172.84888
2012-06-20 09:00:00,153.55705
2012-06-20 10:00:00,411.2414
2012-06-20 11:00:00,232.56786
2012-06-20 12:00:00,193.81705
2012-06-20 13:00:00,196.62262
2012-06-20 14:00:00,277.04044
2012-06-20 15:00:00,207.97882
2012-06-20 16:00:00,185.20381
2012-06-20 17:00:00,187.65819
2012-06-20 18:00:00,187.65811
2012-06-20 19:00:00,334.97937
2012-06-20 20:00:00,318.13324
2012-06-20 21:00:00,219.79819
2012-06-20 22:00:00,234.55028
2012-06-20 23:00:00,380.90973
2012-06-21 00:00:00,167.15204
2012-06-21 01:00:00,148.53806
2012-06-21 02:00:00,117.66758
2012-06-21 03:00:00,152.92067
2012-06-21 04:00:00,85.72698
2012-06-21 05:00:00,79.092964
2012-06-21 06:00:00,156.12158
2012-06-21 07:00:00,156.12158
2012-06-21 08:00:00,148.54214
2012-06-21 09:00:00,350.70645
2012-06-21 10:00:00,285.1486
2012-06-21 11:00:00,337.48938
2012-06-21 12:00:00,381.13474
2012-06-21 13:00:00,325.38104
2012-06-21 14:00:00,370.46277
2012-06-21 15:00:00,341.83173
2012-06-21 16:00:00,364.18002
2012-06-21 17:00:00,317.3419
2012-06-21 18:00:00,335.56107
2012-06-21 19:00:00,344.01898
2012-06-21 20:00:00,323.3263
2012-06-21 21:00:00,314.76917
2012-06-21 22:00:00,344.08047
2012-06-21 23:00:00,221.91647
2012-06-22 00:00:00,251.87187
2012-06-22 01:00:00,256.7258
2012-06-22 02:00:00,191.0408
2012-06-22 03:00:00,191.0408
2012-06-22 04:00:00,386.5471
2012-06-22 05:00:00,215.97244
2012-06-22 06:00:00,305.77765
2012-06-22 07:00:00,243.65218
2012-06-22 08:00:00,261.8301
2012-06-22 09:00:00,350.9038
2012-06-22 10:00:00,280.30457
2012-06-22 11:00:00,335.49304
2012-06-22 12:00:00,281.48914
2012-06-22 13:00:00,344.01898
2012-06-22 14:00:00,344.01898
2012-06-22 15:00:00,228.04062
2012-06-22 16:00:00,358.55203
2012-06-22 17:00:00,518.03357
2012-06-22 18:00:00,279.41562
2012-06-22 19:00:00,366.49268
2012-06-22 20:00:00,366.49268
2012-06-22 21:00:00,236.42227
2012-06-22 22:00:00,180.83115
2012-06-22 23:00:00,317.2819
2012-06-23 00:00:00,69.22407
2012-06-23 01:00:00,85.886375
2012-06-23 02:00:00,76.56183
2012-06-23 03:00:00,98.830345
2012-06-23 04:00:00,81.647896
2012-06-23 05:00:00,76.56183
2012-06-23 06:00:00,93.90964
2012-06-23 07:00:00,76.36456
2012-06-23 08:00:00,170.73285
2012-06-23 09:00:00,257.9318
2012-06-23 10:00:00,310.77304
2012-06-23 11:00:00,391.7445
2012-06-23 12:00:00,386.08783
2012-06-23 13:00:00,430.6355
2012-06-23 14:00:00,539.2963
2012-06-23 15:00:00,388.93005
2012-06-23 16:00:00,389.7636
2012-06-23 17:00:00,376.86972
2012-06-23 18:00:00,409.86957
2012-06-23 19:00:00,399.88535
2012-06-23 20:00:00,453.7118
2012-06-23 21:00:00,476.33344
2012-06-23 22:00:00,468.67572
2012-06-23 23:00:00,450.9364
2012-06-24 00:00:00,374.8106
2012-06-24 01:00:00,209.36736
2012-06-24 02:00:00,348.78696
2012-06-24 03:00:00,238.11028
2012-06-24 04:00:00,342.43185
2012-06-24 05:00:00,109.82091
2012-06-24 06:00:00,215.54146
2012-06-24 07:00:00,101.68116
2012-06-24 08:00:00,174.76802
2012-06-24 09:00:00,425.56573
2012-06-24 10:00:00,482.88635
2012-06-24 11:00:00,468.36047
2012-06-24 12:00:00,469.18115
2012-06-24 13:00:00,490.97748
2012-06-24 14:00:00,372.85052
2012-06-24 15:00:00,348.34134
2012-06-24 16:00:00,364.05496
2012-06-24 17:00:00,408.19482
2012-06-24 18:00:00,451.59976
2012-06-24 19:00:00,455.9987
2012-06-24 20:00:00,411.00668
2012-06-24 21:00:00,327.46625
2012-06-24 22:00:00,223.2186
2012-06-24 23:00:00,207.07553
2012-06-25 00:00:00,301.07846
2012-06-25 01:00:00,226.91104
2012-06-25 02:00:00,212.26694
2012-06-25 03:00:00,231.82611
2012-06-25 04:00:00,87.1216
2012-06-25 05:00:00,127.63857
2012-06-25 06:00:00,111.78479
2012-06-25 07:00:00,87.7694
2012-06-25 08:00:00,196.18365
2012-06-25 09:00:00,199.04385
2012-06-25 10:00:00,282.76672
2012-06-25 11:00:00,253.64345
2012-06-25 12:00:00,268.9335
2012-06-25 13:00:00,290.81583
2012-06-25 14:00:00,338.66016
2012-06-25 15:00:00,402.31473
2012-06-25 16:00:00,275.93222
2012-06-25 17:00:00,563.24225
2012-06-25 18:00:00,466.86945
2012-06-25 19:00:00,505.34702
2012-06-25 20:00:00,419.62744
2012-06-25 21:00:00,334.7268
2012-06-25 22:00:00,357.87958
2012-06-25 23:00:00,539.5391
2012-06-26 00:00:00,500.9945
2012-06-26 01:00:00,584.84015
2012-06-26 02:00:00,298.4245
2012-06-26 03:00:00,261.4266
2012-06-26 04:00:00,273.55087
2012-06-26 05:00:00,259.40567
2012-06-26 06:00:00,165.34216
2012-06-26 07:00:00,147.42035
2012-06-26 08:00:00,226.54721
2012-06-26 09:00:00,392.96872
2012-06-26 10:00:00,470.47778
2012-06-26 11:00:00,619.4584
2012-06-26 12:00:00,547.08514
2012-06-26 13:00:00,446.34192
2012-06-26 14:00:00,446.34192
2012-06-26 15:00:00,445.0649
2012-06-26 16:00:00,654.03033
2012-06-26 17:00:00,341.95383
2012-06-26 18:00:00,364.60684
2012-06-26 19:00:00,312.74005
2012-06-26 20:00:00,286.9033
2012-06-26 21:00:00,382.4198
2012-06-26 22:00:00,485.86627
2012-06-26 23:00:00,322.82922
2012-06-27 00:00:00,409.56274
2012-06-27 01:00:00,382.09177
2012-06-27 02:00:00,223.05838
2012-06-27 03:00:00,181.69781
2012-06-27 04:00:00,479.19055
2012-06-27 05:00:00,355.28882
2012-06-27 06:00:00,223.8635
2012-06-27 07:00:00,416.418
2012-06-27 08:00:00,369.40497
2012-06-27 09:00:00,409.2103
2012-06-27 10:00:00,378.34894
2012-06-27 11:00:00,280.6608
2012-06-27 12:00:00,318.5278
2012-06-27 13:00:00,364.08044
2012-06-27 14:00:00,507.82687
2012-06-27 15:00:00,545.29645
2012-06-27 16:00:00,544.81757
2012-06-27 17:00:00,498.98416
2012-06-27 18:00:00,364.08044
2012-06-27 19:00:00,327.70004
2012-06-27 20:00:00,324.2223
2012-06-27 21:00:00,317.1095
2012-06-27 22:00:00,292.99756
2012-06-27 23:00:00,256.98947
2012-06-28 00:00:00,201.27496
2012-06-28 01:00:00,109.221634
2012-06-28 02:00:00,192.62894
2012-06-28 03:00:00,192.62894
2012-06-28 04:00:00,168.45224
2012-06-28 05:00:00,181.22516
2012-06-28 06:00:00,181.22516
2012-06-28 07:00:00,168.45224
2012-06-28 08:00:00,210.73708
2012-06-28 09:00:00,230.2062
2012-06-28 10:00:00,340.2483
2012-06-28 11:00:00,318.44092
2012-06-28 12:00:00,311.06006
2012-06-28 13:00:00,323.1618
2012-06-28 14:00:00,346.55267
2012-06-28 15:00:00,346.55267
2012-06-28 16:00:00,384.4781
2012-06-28 17:00:00,420.20068
2012-06-28 18:00:00,337.4485
2012-06-28 19:00:00,263.56778
2012-06-28 20:00:00,356.29065
2012-06-28 21:00:00,308.31033
2012-06-28 22:00:00,318.08673
2012-06-28 23:00:00,306.5
2012-06-29 00:00:00,306.5
2012-06-29 01:00:00,296.87402
2012-06-29 02:00:00,250.29214
2012-06-29 03:00:00,250.29214
2012-06-29 04:00:00,198.58963
2012-06-29 05:00:00,203.85564
2012-06-29 06:00:00,258.83167
2012-06-29 07:00:00,203.85564
2012-06-29 08:00:00,230.92603
2012-06-29 09:00:00,282.76672
2012-06-29 10:00:00,311.68173
2012-06-29 11:00:00,530.7917
2012-06-29 12:00:00,652.09564
2012-06-29 13:00:00,363.96652
2012-06-29 14:00:00,373.12262
2012-06-29 15:00:00,335.76343
2012-06-29 16:00:00,335.76343
2012-06-29 17:00:00,311.04773
2012-06-29 18:00:00,419.47873
2012-06-29 19:00:00,262.52182
2012-06-29 20:00:00,332.3864
2012-06-29 21:00:00,341.64447
2012-06-29 22:00:00,271.7574
2012-06-29 23:00:00,271.7574
2012-06-30 00:00:00,91.31521
2012-06-30 01:00:00,78.56466
2012-06-30 02:00:00,33.943447
2012-06-30 03:00:00,33.943447
2012-06-30 04:00:00,36.22914
2012-06-30 05:00:00,73.61095
2012-06-30 06:00:00,73.61095
2012-06-30 07:00:00,73.61095
2012-06-30 08:00:00,73.61095
2012-06-30 09:00:00,73.61095
2012-06-30 10:00:00,368.81122
2012-06-30 11:00:00,368.81122
2012-06-30 12:00:00,368.81122
2012-06-30 13:00:00,368.81122
2012-06-30 14:00:00,368.81122
2012-06-30 15:00:00,368.81122
2012-06-30 16:00:00,339.8414
2012-06-30 17:00:00,345.6308
2012-06-30 18:00:00,425.91614
2012-06-30 19:00:00,411.45654
2012-06-30 20:00:00,305.66638
2012-06-30 21:00:00,305.66638
2012-06-30 22:00:00,274.41846
2012-06-30 23:00:00,267.7973
2012-07-20 00:00:00,86.60691
2012-07-20 01:00:00,82.96331
2012-07-20 02:00:00,170.9658
2012-07-20 03:00:00,177.79736
2012-07-20 04:00:00,157.73338
2012-07-20 05:00:00,161.22179
2012-07-20 06:00:00,157.73338
2012-07-20 07:00:00,146.44843
2012-07-20 08:00:00,156.82556
2012-07-20 09:00:00,230.75378
2012-07-20 10:00:00,248.55789
2012-07-20 11:00:00,299.98962
2012-07-20 12:00:00,176.4681
2012-07-20 13:00:00,145.20529
2012-07-20 14:00:00,194.06567
2012-07-20 15:00:00,177.38547
2012-07-20 16:00:00,154.88249
2012-07-20 17:00:00,245.16193
2012-07-20 18:00:00,140.35014
2012-07-20 19:00:00,114.13653
2012-07-20 20:00:00,101.472496
2012-07-20 21:00:00,70.39045
2012-07-20 22:00:00,144.16367
2012-07-20 23:00:00,108.99314
2012-07-21 00:00:00,152.18292
2012-07-21 01:00:00,54.79113
2012-07-21 02:00:00,228.23932
2012-07-21 03:00:00,220.10486
2012-07-21 04:00:00,200.52872
2012-07-21 05:00:00,242.96547
2012-07-21 06:00:00,242.96547
2012-07-21 07:00:00,50.831257
2012-07-21 08:00:00,54.287952
2012-07-21 09:00:00,72.204155
2012-07-21 10:00:00,242.96547
2012-07-21 11:00:00,54.64347
2012-07-21 12:00:00,91.31336
2012-07-21 13:00:00,83.46793
2012-07-21 14:00:00,45.274223
2012-07-21 15:00:00,220.10486
2012-07-21 16:00:00,75.54772
2012-07-21 17:00:00,84.45818
2012-07-21 18:00:00,72.40622
2012-07-21 19:00:00,86.13087
2012-07-21 20:00:00,84.45818
2012-07-21 21:00:00,86.13086
2012-07-21 22:00:00,87.87917
2012-07-21 23:00:00,48.00831
2012-07-22 00:00:00,87.87917
2012-07-22 01:00:00,86.13086
2012-07-22 02:00:00,87.87917
2012-07-22 03:00:00,87.87917
2012-07-22 04:00:00,63.1004
2012-07-22 05:00:00,63.1004
2012-07-22 06:00:00,103.59327
2012-07-22 07:00:00,71.42046
2012-07-22 08:00:00,115.51055
2012-07-22 09:00:00,309.68665
2012-07-22 10:00:00,234.66617
2012-07-22 11:00:00,234.66617
2012-07-22 12:00:00,226.38022
2012-07-22 13:00:00,306.18658
2012-07-22 14:00:00,213.4007
2012-07-22 15:00:00,213.4007
2012-07-22 16:00:00,222.95227
2012-07-22 17:00:00,251.11398
2012-07-22 18:00:00,246.10272
2012-07-22 19:00:00,217.68831
2012-07-22 20:00:00,131.46945
2012-07-22 21:00:00,114.05673
2012-07-22 22:00:00,136.97452
2012-07-22 23:00:00,96.02573
2012-07-23 00:00:00,84.711525
2012-07-23 01:00:00,132.81512
2012-07-23 02:00:00,132.51935
2012-07-23 03:00:00,132.51935
2012-07-23 04:00:00,124.64744
2012-07-23 05:00:00,124.64744
2012-07-23 06:00:00,148.03616
2012-07-23 07:00:00,100.15328
2012-07-23 08:00:00,117.66758
2012-07-23 09:00:00,234.12463
2012-07-23 10:00:00,389.28345
2012-07-23 11:00:00,259.91885
2012-07-23 12:00:00,259.91885
2012-07-23 13:00:00,203.84003
2012-07-23 14:00:00,258.68854
2012-07-23 15:00:00,350.70645
2012-07-23 16:00:00,316.22803
2012-07-23 17:00:00,316.22803
2012-07-23 18:00:00,315.96298
2012-07-23 19:00:00,332.26837
2012-07-23 20:00:00,258.84222
2012-07-23 21:00:00,287.68573
2012-07-23 22:00:00,247.65466
2012-07-23 23:00:00,224.23355
2012-07-24 00:00:00,161.45161
2012-07-24 01:00:00,125.120766
2012-07-24 02:00:00,119.15061
2012-07-24 03:00:00,119.15061
2012-07-24 04:00:00,72.33194
2012-07-24 05:00:00,71.55784
2012-07-24 06:00:00,93.08708
2012-07-24 07:00:00,180.17822
2012-07-24 08:00:00,235.93248
2012-07-24 09:00:00,420.6173
2012-07-24 10:00:00,321.01068
2012-07-24 11:00:00,353.85767
2012-07-24 12:00:00,281.89395
2012-07-24 13:00:00,379.2931
2012-07-24 14:00:00,332.3679
2012-07-24 15:00:00,301.9395
2012-07-24 16:00:00,353.59714
2012-07-24 17:00:00,268.00357
2012-07-24 18:00:00,438.84802
2012-07-24 19:00:00,258.84222
2012-07-24 20:00:00,240.25381
2012-07-24 21:00:00,272.94055
2012-07-24 22:00:00,301.41333
2012-07-24 23:00:00,319.0367
2012-07-25 00:00:00,371.8349
2012-07-25 01:00:00,220.43884
2012-07-25 02:00:00,225.30522
2012-07-25 03:00:00,202.02576
2012-07-25 04:00:00,196.74188
2012-07-25 05:00:00,180.96344
2012-07-25 06:00:00,181.4794
2012-07-25 07:00:00,206.17914
2012-07-25 08:00:00,355.4979
2012-07-25 09:00:00,353.71356
2012-07-25 10:00:00,335.47314
2012-07-25 11:00:00,396.97534
2012-07-25 12:00:00,396.97534
2012-07-25 13:00:00,306.7896
2012-07-25 14:00:00,261.7852
2012-07-25 15:00:00,265.8814
2012-07-25 16:00:00,285.8022
2012-07-25 17:00:00,305.89642
2012-07-25 18:00:00,218.76256
2012-07-25 19:00:00,309.7929
2012-07-25 20:00:00,344.89514
2012-07-25 21:00:00,303.9252
2012-07-25 22:00:00,203.22906
2012-07-25 23:00:00,236.97452
2012-07-26 00:00:00,186.08914
2012-07-26 01:00:00,202.02576
2012-07-26 02:00:00,225.45798
2012-07-26 03:00:00,201.26083
2012-07-26 04:00:00,100.31194
2012-07-26 05:00:00,100.31194
2012-07-26 06:00:00,87.1216
2012-07-26 07:00:00,247.69823
2012-07-26 08:00:00,284.64902
2012-07-26 09:00:00,229.8436
2012-07-26 10:00:00,254.33105
2012-07-26 11:00:00,402.5975
2012-07-26 12:00:00,295.53577
2012-07-26 13:00:00,296.90436
2012-07-26 14:00:00,291.5995
2012-07-26 15:00:00,331.87805
2012-07-26 16:00:00,236.36028
2012-07-26 17:00:00,279.43192
2012-07-26 18:00:00,223.5848
2012-07-26 19:00:00,284.75406
2012-07-26 20:00:00,299.47263
2012-07-26 21:00:00,417.09814
2012-07-26 22:00:00,417.09814
2012-07-26 23:00:00,209.02008
2012-07-27 00:00:00,139.89175
2012-07-27 01:00:00,170.85214
2012-07-27 02:00:00,130.03145
2012-07-27 03:00:00,180.17824
2012-07-27 04:00:00,113.50875
2012-07-27 05:00:00,88.00696
2012-07-27 06:00:00,113.50875
2012-07-27 07:00:00,218.84825
2012-07-27 08:00:00,232.52155
2012-07-27 09:00:00,308.84277
2012-07-27 10:00:00,371.63165
2012-07-27 11:00:00,247.51936
2012-07-27 12:00:00,234.12338
2012-07-27 13:00:00,311.3637
2012-07-27 14:00:00,307.42783
2012-07-27 15:00:00,330.71094
2012-07-27 16:00:00,314.6009
2012-07-27 17:00:00,317.9037
2012-07-27 18:00:00,325.25098
2012-07-27 19:00:00,314.76917
2012-07-27 20:00:00,235.36505
2012-07-27 21:00:00,235.36505
2012-07-27 22:00:00,279.51935
2012-07-27 23:00:00,163.26967
2012-07-28 00:00:00,230.22046
2012-07-28 01:00:00,149.36398
2012-07-28 02:00:00,237.7152
2012-07-28 03:00:00,237.7152
2012-07-28 04:00:00,129.6401
2012-07-28 05:00:00,96.02573
2012-07-28 06:00:00,115.29668
2012-07-28 07:00:00,183.19106
2012-07-28 08:00:00,246.10272
2012-07-28 09:00:00,232.99026
2012-07-28 10:00:00,337.2812
2012-07-28 11:00:00,416.05164
2012-07-28 12:00:00,405.2071
2012-07-28 13:00:00,426.02917
2012-07-28 14:00:00,433.37726
2012-07-28 15:00:00,371.63605
2012-07-28 16:00:00,415.50378
2012-07-28 17:00:00,361.82013
2012-07-28 18:00:00,423.7909
2012-07-28 19:00:00,79.25367
2012-07-28 20:00:00,91.134926
2012-07-28 21:00:00,107.67918
2012-07-28 22:00:00,107.67918
2012-07-28 23:00:00,102.11688
2012-07-29 00:00:00,77.44177
2012-07-29 01:00:00,94.25196
2012-07-29 02:00:00,109.68343
2012-07-29 03:00:00,158.08362
2012-07-29 04:00:00,120.239456
2012-07-29 05:00:00,92.15194
2012-07-29 06:00:00,101.220245
2012-07-29 07:00:00,183.74533
2012-07-29 08:00:00,240.98334
2012-07-29 09:00:00,273.02032
2012-07-29 10:00:00,190.18115
2012-07-29 11:00:00,327.46625
2012-07-29 12:00:00,413.68878
2012-07-29 13:00:00,364.36447
2012-07-29 14:00:00,378.18207
2012-07-29 15:00:00,399.3285
2012-07-29 16:00:00,399.3285
2012-07-29 17:00:00,369.67688
2012-07-29 18:00:00,416.37274
2012-07-29 19:00:00,308.54807
2012-07-29 20:00:00,222.95227
2012-07-29 21:00:00,183.19106
2012-07-29 22:00:00,115.29668
2012-07-29 23:00:00,209.7406
2012-07-30 00:00:00,128.00578
2012-07-30 01:00:00,122.97172
2012-07-30 02:00:00,94.117584
2012-07-30 03:00:00,60.791286
2012-07-30 04:00:00,60.791286
2012-07-30 05:00:00,71.55784
2012-07-30 06:00:00,119.15061
2012-07-30 07:00:00,111.98319
2012-07-30 08:00:00,197.3786
2012-07-30 09:00:00,344.72583
2012-07-30 10:00:00,267.62375
2012-07-30 11:00:00,247.08252
2012-07-30 12:00:00,236.8173
2012-07-30 13:00:00,335.49304
2012-07-30 14:00:00,330.60522
2012-07-30 15:00:00,329.02966
2012-07-30 16:00:00,325.54535
2012-07-30 17:00:00,314.5177
2012-07-30 18:00:00,243.50803
2012-07-30 19:00:00,311.69095
2012-07-30 20:00:00,236.56378
2012-07-30 21:00:00,218.84825
2012-07-30 22:00:00,269.10483
2012-07-30 23:00:00,204.19135
2012-07-31 00:00:00,122.80305
2012-07-31 01:00:00,93.08708
2012-07-31 02:00:00,93.08709
2012-07-31 03:00:00,72.33191
2012-07-31 04:00:00,72.33194
2012-07-31 05:00:00,119.15061
2012-07-31 06:00:00,113.02572
2012-07-31 07:00:00,125.4981
2012-07-31 08:00:00,130.03143
2012-07-31 09:00:00,170.85214
2012-07-31 10:00:00,138.34027
2012-07-31 11:00:00,148.27437
2012-07-31 12:00:00,341.81015
2012-07-31 13:00:00,345.9937
2012-07-31 14:00:00,345.9937
2012-07-31 15:00:00,251.03116
2012-07-31 16:00:00,350.9038
2012-07-31 17:00:00,346.65533
2012-07-31 18:00:00,391.59998
2012-07-31 19:00:00,235.17198
2012-07-31 20:00:00,304.6372
2012-07-31 21:00:00,122.533165
2012-07-31 22:00:00,183.02939
2012-07-31 23:00:00,151.60817
2012-08-20 00:00:00,170.01672
2012-08-20 01:00:00,118.52151
2012-08-20 02:00:00,118.52151
2012-08-20 03:00:00,78.57151
2012-08-20 04:00:00,161.72644
2012-08-20 05:00:00,107.121
2012-08-20 06:00:00,164.89735
2012-08-20 07:00:00,172.43755
2012-08-20 08:00:00,204.38025
2012-08-20 09:00:00,316.32706
2012-08-20 10:00:00,189.86002
2012-08-20 11:00:00,153.22058
2012-08-20 12:00:00,176.93735
2012-08-20 13:00:00,203.22906
2012-08-20 14:00:00,250.46312
2012-08-20 15:00:00,349.8734
2012-08-20 16:00:00,349.8734
2012-08-20 17:00:00,332.51886
2012-08-20 18:00:00,168.92444
2012-08-20 19:00:00,205.98811
2012-08-20 20:00:00,108.99314
2012-08-20 21:00:00,63.911175
2012-08-20 22:00:00,107.121
2012-08-20 23:00:00,107.121
2012-08-21 00:00:00,161.72644
2012-08-21 01:00:00,160.75041
2012-08-21 02:00:00,135.24437
2012-08-21 03:00:00,59.844658
2012-08-21 04:00:00,59.844658
2012-08-21 05:00:00,80.69596
2012-08-21 06:00:00,75.50736
2012-08-21 07:00:00,82.34322
2012-08-21 08:00:00,103.44752
2012-08-21 09:00:00,78.510124
2012-08-21 10:00:00,189.4483
2012-08-21 11:00:00,118.605095
2012-08-21 12:00:00,289.62
2012-08-21 13:00:00,318.04865
2012-08-21 14:00:00,311.99518
2012-08-21 15:00:00,356.9428
2012-08-21 16:00:00,356.9428
2012-08-21 17:00:00,326.19812
2012-08-21 18:00:00,317.1976
2012-08-21 19:00:00,91.22151
2012-08-21 20:00:00,68.780876
2012-08-21 21:00:00,68.780876
2012-08-21 22:00:00,59.190807
2012-08-21 23:00:00,54.00706
2012-08-22 00:00:00,85.09606
2012-08-22 01:00:00,53.0383
2012-08-22 02:00:00,53.0383
2012-08-22 03:00:00,53.0383
2012-08-22 04:00:00,77.9333
2012-08-22 05:00:00,49.191795
2012-08-22 06:00:00,61.493973
2012-08-22 07:00:00,53.0383
2012-08-22 08:00:00,92.85554
2012-08-22 09:00:00,119.38277
2012-08-22 10:00:00,198.54572
2012-08-22 11:00:00,208.70168
2012-08-22 12:00:00,152.80768
2012-08-22 13:00:00,289.14172
2012-08-22 14:00:00,307.88464
2012-08-22 15:00:00,329.03387
2012-08-22 16:00:00,323.97705
2012-08-22 17:00:00,323.97705
2012-08-22 18:00:00,299.49487
2012-08-22 19:00:00,317.2819
2012-08-22 20:00:00,86.02078
2012-08-22 21:00:00,68.780876
2012-08-22 22:00:00,68.780876
2012-08-22 23:00:00,56.033123
2012-08-23 00:00:00,59.190807
2012-08-23 01:00:00,54.00706
2012-08-23 02:00:00,54.007072
2012-08-23 03:00:00,81.53336
2012-08-23 04:00:00,54.00706
2012-08-23 05:00:00,54.00706
2012-08-23 06:00:00,161.1178
2012-08-23 07:00:00,165.52342
2012-08-23 08:00:00,231.29837
2012-08-23 09:00:00,332.92416
2012-08-23 10:00:00,210.90935
2012-08-23 11:00:00,263.78604
2012-08-23 12:00:00,373.00925
2012-08-23 13:00:00,339.40952
2012-08-23 14:00:00,352.32483
2012-08-23 15:00:00,354.43652
2012-08-23 16:00:00,353.32538
2012-08-23 17:00:00,356.39258
2012-08-23 18:00:00,341.78174
2012-08-23 19:00:00,233.48051
2012-08-23 20:00:00,203.85564
2012-08-23 21:00:00,203.01608
2012-08-23 22:00:00,180.21686
2012-08-23 23:00:00,322.8059
2012-08-24 00:00:00,322.8059
2012-08-24 01:00:00,305.71774
2012-08-24 02:00:00,96.94022
2012-08-24 03:00:00,68.780876
2012-08-24 04:00:00,305.71774
2012-08-24 05:00:00,59.190807
2012-08-24 06:00:00,120.2463
2012-08-24 07:00:00,206.33954
2012-08-24 08:00:00,317.2819
2012-08-24 09:00:00,297.2895
2012-08-24 10:00:00,290.34503
2012-08-24 11:00:00,195.21045
2012-08-24 12:00:00,174.61864
2012-08-24 13:00:00,259.62366
2012-08-24 14:00:00,337.83524
2012-08-24 15:00:00,230.06485
2012-08-24 16:00:00,230.06485
2012-08-24 17:00:00,318.5715
2012-08-24 18:00:00,255.94551
2012-08-24 19:00:00,268.0691
2012-08-24 20:00:00,280.2208
2012-08-24 21:00:00,258.83167
2012-08-24 22:00:00,143.27908
2012-08-24 23:00:00,180.35284
2012-08-25 00:00:00,395.92017
2012-08-25 01:00:00,331.16052
2012-08-25 02:00:00,99.46395
2012-08-25 03:00:00,115.66241
2012-08-25 04:00:00,169.17578
2012-08-25 05:00:00,104.87684
2012-08-25 06:00:00,91.53603
2012-08-25 07:00:00,86.85109
2012-08-25 08:00:00,177.74513
2012-08-25 09:00:00,282.94336
2012-08-25 10:00:00,308.8998
2012-08-25 11:00:00,297.53796
2012-08-25 12:00:00,250.28232
2012-08-25 13:00:00,270.9913
2012-08-25 14:00:00,281.95636
2012-08-25 15:00:00,186.59976
2012-08-25 16:00:00,217.57965
2012-08-25 17:00:00,242.80505
2012-08-25 18:00:00,107.058685
2012-08-25 19:00:00,116.86751
2012-08-25 20:00:00,147.59134
2012-08-25 21:00:00,51.339905
2012-08-25 22:00:00,51.339905
2012-08-25 23:00:00,54.79113
2012-08-26 00:00:00,66.87175
2012-08-26 01:00:00,76.0204
2012-08-26 02:00:00,62.905167
2012-08-26 03:00:00,49.46363
2012-08-26 04:00:00,79.74467
2012-08-26 05:00:00,76.0204
2012-08-26 06:00:00,57.28356
2012-08-26 07:00:00,76.0204
2012-08-26 08:00:00,152.21838
2012-08-26 09:00:00,121.29548
2012-08-26 10:00:00,386.93317
2012-08-26 11:00:00,347.63593
2012-08-26 12:00:00,245.2196
2012-08-26 13:00:00,95.19117
2012-08-26 14:00:00,87.876205
2012-08-26 15:00:00,240.93355
2012-08-26 16:00:00,240.93355
2012-08-26 17:00:00,73.38531
2012-08-26 18:00:00,97.376205
2012-08-26 19:00:00,85.54475
2012-08-26 20:00:00,73.61095
2012-08-26 21:00:00,76.75268
2012-08-26 22:00:00,80.46675
2012-08-26 23:00:00,93.1385
2012-08-27 00:00:00,54.00706
2012-08-27 01:00:00,81.22506
2012-08-27 02:00:00,83.85845
2012-08-27 03:00:00,81.22507
2012-08-27 04:00:00,54.00706
2012-08-27 05:00:00,63.667534
2012-08-27 06:00:00,63.667534
2012-08-27 07:00:00,60.791286
2012-08-27 08:00:00,72.33194
2012-08-27 09:00:00,71.55784
2012-08-27 10:00:00,199.0575
2012-08-27 11:00:00,247.93254
2012-08-27 12:00:00,155.87224
2012-08-27 13:00:00,286.17438
2012-08-27 14:00:00,280.31107
2012-08-27 15:00:00,353.59714
2012-08-27 16:00:00,340.37817
2012-08-27 17:00:00,338.68488
2012-08-27 18:00:00,345.4558
2012-08-27 19:00:00,254.33105
2012-08-27 20:00:00,235.93248
2012-08-27 21:00:00,232.63885
2012-08-27 22:00:00,125.716805
2012-08-27 23:00:00,120.82522
2012-08-28 00:00:00,117.27865
2012-08-28 01:00:00,141.449
2012-08-28 02:00:00,126.77146
2012-08-28 03:00:00,82.96331
2012-08-28 04:00:00,93.08708
2012-08-28 05:00:00,165.77582
2012-08-28 06:00:00,177.79736
2012-08-28 07:00:00,168.41306
2012-08-28 08:00:00,167.10721
2012-08-28 09:00:00,248.55792
2012-08-28 10:00:00,316.1925
2012-08-28 11:00:00,377.9331
2012-08-28 12:00:00,325.54535
2012-08-28 13:00:00,280.20026
2012-08-28 14:00:00,262.31354
2012-08-28 15:00:00,267.6925
2012-08-28 16:00:00,253.68869
2012-08-28 17:00:00,303.20404
2012-08-28 18:00:00,347.1728
2012-08-28 19:00:00,351.87067
2012-08-28 20:00:00,258.63043
2012-08-28 21:00:00,237.27615
2012-08-28 22:00:00,118.605095
2012-08-28 23:00:00,121.88202
2012-08-29 00:00:00,96.94022
2012-08-29 01:00:00,177.90646
2012-08-29 02:00:00,116.987114
2012-08-29 03:00:00,112.09983
2012-08-29 04:00:00,58.651604
2012-08-29 05:00:00,74.269104
2012-08-29 06:00:00,74.269104
2012-08-29 07:00:00,136.83717
2012-08-29 08:00:00,186.24274
2012-08-29 09:00:00,285.90826
2012-08-29 10:00:00,319.1601
2012-08-29 11:00:00,289.62
2012-08-29 12:00:00,347.50983
2012-08-29 13:00:00,310.91174
2012-08-29 14:00:00,322.01398
2012-08-29 15:00:00,357.74548
2012-08-29 16:00:00,331.89792
2012-08-29 17:00:00,351.3885
2012-08-29 18:00:00,352.18787
2012-08-29 19:00:00,257.11133
2012-08-29 20:00:00,121.88202
2012-08-29 21:00:00,196.73761
2012-08-29 22:00:00,109.221634
2012-08-29 23:00:00,111.98493
2012-08-30 00:00:00,78.510124
2012-08-30 01:00:00,84.51715
2012-08-30 02:00:00,61.493973
2012-08-30 03:00:00,61.493973
2012-08-30 04:00:00,61.493973
2012-08-30 05:00:00,61.493973
2012-08-30 06:00:00,118.52151
2012-08-30 07:00:00,68.780876
2012-08-30 08:00:00,106.610695
2012-08-30 09:00:00,125.07076
2012-08-30 10:00:00,127.08242
2012-08-30 11:00:00,322.01398
2012-08-30 12:00:00,349.30194
2012-08-30 13:00:00,289.14172
2012-08-30 14:00:00,329.03387
2012-08-30 15:00:00,345.06946
2012-08-30 16:00:00,348.51892
2012-08-30 17:00:00,352.78085
2012-08-30 18:00:00,349.2054
2012-08-30 19:00:00,329.03387
2012-08-30 20:00:00,243.65218
2012-08-30 21:00:00,225.30067
2012-08-30 22:00:00,123.65403
2012-08-30 23:00:00,143.60588
2012-08-31 00:00:00,108.264015
2012-08-31 01:00:00,108.264015
2012-08-31 02:00:00,82.96332
2012-08-31 03:00:00,81.48343
2012-08-31 04:00:00,82.99594
2012-08-31 05:00:00,113.02572
2012-08-31 06:00:00,146.82303
2012-08-31 07:00:00,172.62506
2012-08-31 08:00:00,361.27777
2012-08-31 09:00:00,148.54214
2012-08-31 10:00:00,224.59558
2012-08-31 11:00:00,273.1376
2012-08-31 12:00:00,312.34454
2012-08-31 13:00:00,290.80313
2012-08-31 14:00:00,318.45056
2012-08-31 15:00:00,268.58493
2012-08-31 16:00:00,272.7298
2012-08-31 17:00:00,348.61105
2012-08-31 18:00:00,358.72076
2012-08-31 19:00:00,331.68976
2012-08-31 20:00:00,331.68976
2012-08-31 21:00:00,309.96637
2012-08-31 22:00:00,309.96637
2012-08-31 23:00:00,226.24368
2012-09-20 00:00:00,126.92696
2012-09-20 01:00:00,131.75674
2012-09-20 02:00:00,117.74993
2012-09-20 03:00:00,149.41664
2012-09-20 04:00:00,79.575676
2012-09-20 05:00:00,79.575676
2012-09-20 06:00:00,149.41664
2012-09-20 07:00:00,64.34234
2012-09-20 08:00:00,125.08491
2012-09-20 09:00:00,160.72011
2012-09-20 10:00:00,166.632
2012-09-20 11:00:00,294.47476
2012-09-20 12:00:00,276.08127
2012-09-20 13:00:00,260.37772
2012-09-20 14:00:00,265.2234
2012-09-20 15:00:00,272.51834
2012-09-20 16:00:00,239.64728
2012-09-20 17:00:00,253.04059
2012-09-20 18:00:00,206.0592
2012-09-20 19:00:00,191.97516
2012-09-20 20:00:00,185.6422
2012-09-20 21:00:00,167.4312
2012-09-20 22:00:00,106.01469
2012-09-20 23:00:00,115.67649
2012-09-21 00:00:00,125.78814
2012-09-21 01:00:00,188.75299
2012-09-21 02:00:00,188.75299
2012-09-21 03:00:00,127.97144
2012-09-21 04:00:00,167.69641
2012-09-21 05:00:00,57.523163
2012-09-21 06:00:00,127.97144
2012-09-21 07:00:00,149.89653
2012-09-21 08:00:00,117.82613
2012-09-21 09:00:00,113.29127
2012-09-21 10:00:00,191.08942
2012-09-21 11:00:00,209.8478
2012-09-21 12:00:00,189.43877
2012-09-21 13:00:00,230.2062
2012-09-21 14:00:00,253.31717
2012-09-21 15:00:00,287.6387
2012-09-21 16:00:00,257.1113
2012-09-21 17:00:00,301.1358
2012-09-21 18:00:00,232.87985
2012-09-21 19:00:00,221.33293
2012-09-21 20:00:00,190.49335
2012-09-21 21:00:00,54.423428
2012-09-21 22:00:00,74.269104
2012-09-21 23:00:00,103.71797
2012-09-22 00:00:00,151.99611
2012-09-22 01:00:00,60.18564
2012-09-22 02:00:00,52.27656
2012-09-22 03:00:00,52.620026
2012-09-22 04:00:00,52.620026
2012-09-22 05:00:00,47.636223
2012-09-22 06:00:00,51.160564
2012-09-22 07:00:00,73.85282
2012-09-22 08:00:00,156.8728
2012-09-22 09:00:00,160.67096
2012-09-22 10:00:00,315.28867
2012-09-22 11:00:00,315.98602
2012-09-22 12:00:00,380.5406
2012-09-22 13:00:00,441.92203
2012-09-22 14:00:00,450.60947
2012-09-22 15:00:00,486.99725
2012-09-22 16:00:00,467.44376
2012-09-22 17:00:00,467.44376
2012-09-22 18:00:00,353.09863
2012-09-22 19:00:00,267.0678
2012-09-22 20:00:00,321.38235
2012-09-22 21:00:00,277.6529
2012-09-22 22:00:00,228.88474
2012-09-22 23:00:00,318.1693
2012-09-23 00:00:00,612.68616
2012-09-23 01:00:00,201.02496
2012-09-23 02:00:00,308.2301
2012-09-23 03:00:00,181.51018
2012-09-23 04:00:00,246.4765
2012-09-23 05:00:00,234.58331
2012-09-23 06:00:00,253.7576
2012-09-23 07:00:00,239.80347
2012-09-23 08:00:00,234.14854
2012-09-23 09:00:00,157.56583
2012-09-23 10:00:00,391.36053
2012-09-23 11:00:00,447.55206
2012-09-23 12:00:00,466.34067
2012-09-23 13:00:00,612.77454
2012-09-23 14:00:00,685.9348
2012-09-23 15:00:00,609.9025
2012-09-23 16:00:00,382.6131
2012-09-23 17:00:00,386.19098
2012-09-23 18:00:00,642.29694
2012-09-23 19:00:00,441.54517
2012-09-23 20:00:00,441.54517
2012-09-23 21:00:00,176.2215
2012-09-23 22:00:00,580.14746
2012-09-23 23:00:00,124.0539
2012-09-24 00:00:00,322.84717
2012-09-24 01:00:00,227.84996
2012-09-24 02:00:00,270.93768
2012-09-24 03:00:00,331.12006
2012-09-24 04:00:00,217.61627
2012-09-24 05:00:00,616.42096
2012-09-24 06:00:00,445.93488
2012-09-24 07:00:00,227.84996
2012-09-24 08:00:00,285.0729
2012-09-24 09:00:00,279.12457
2012-09-24 10:00:00,282.87064
2012-09-24 11:00:00,435.8627
2012-09-24 12:00:00,363.21594
2012-09-24 13:00:00,436.46167
2012-09-24 14:00:00,378.661
2012-09-24 15:00:00,442.6726
2012-09-24 16:00:00,374.29343
2012-09-24 17:00:00,337.6787
2012-09-24 18:00:00,407.54694
2012-09-24 19:00:00,325.1612
2012-09-24 20:00:00,234.44981
2012-09-24 21:00:00,218.95648
2012-09-24 22:00:00,239.48901
2012-09-24 23:00:00,329.57117
2012-09-25 00:00:00,221.47688
2012-09-25 01:00:00,257.08224
2012-09-25 02:00:00,175.93861
2012-09-25 03:00:00,288.76382
2012-09-25 04:00:00,233.1791
2012-09-25 05:00:00,206.2374
2012-09-25 06:00:00,290.5076
2012-09-25 07:00:00,270.65363
2012-09-25 08:00:00,250.14569
2012-09-25 09:00:00,292.59097
2012-09-25 10:00:00,169.61484
2012-09-25 11:00:00,217.95688
2012-09-25 12:00:00,241.88922
2012-09-25 13:00:00,465.4583
2012-09-25 14:00:00,334.53275
2012-09-25 15:00:00,379.38245
2012-09-25 16:00:00,318.1741
2012-09-25 17:00:00,344.4848
2012-09-25 18:00:00,464.8792
2012-09-25 19:00:00,434.4831
2012-09-25 20:00:00,285.33954
2012-09-25 21:00:00,285.33954
2012-09-25 22:00:00,333.59677
2012-09-25 23:00:00,306.31842
2012-09-26 00:00:00,331.6999
2012-09-26 01:00:00,261.40253
2012-09-26 02:00:00,337.6217
2012-09-26 03:00:00,337.6217
2012-09-26 04:00:00,264.48193
2012-09-26 05:00:00,213.42734
2012-09-26 06:00:00,226.44183
2012-09-26 07:00:00,290.7964
2012-09-26 08:00:00,172.3339
2012-09-26 09:00:00,542.7884
2012-09-26 10:00:00,348.5249
2012-09-26 11:00:00,552.1365
2012-09-26 12:00:00,551.47943
2012-09-26 13:00:00,563.9326
2012-09-26 14:00:00,657.96735
2012-09-26 15:00:00,612.20404
2012-09-26 16:00:00,568.6262
2012-09-26 17:00:00,612.20404
2012-09-26 18:00:00,709.24603
2012-09-26 19:00:00,629.23096
2012-09-26 20:00:00,331.45627
2012-09-26 21:00:00,490.97995
2012-09-26 22:00:00,433.8753
2012-09-26 23:00:00,278.36194
2012-09-27 00:00:00,164.24753
2012-09-27 01:00:00,164.24753
2012-09-27 02:00:00,164.24753
2012-09-27 03:00:00,123.9743
2012-09-27 04:00:00,69.51422
2012-09-27 05:00:00,229.76715
2012-09-27 06:00:00,104.50634
2012-09-27 07:00:00,123.9743
2012-09-27 08:00:00,478.99426
2012-09-27 09:00:00,664.665
2012-09-27 10:00:00,525.22095
2012-09-27 11:00:00,372.76715
2012-09-27 12:00:00,328.5038
2012-09-27 13:00:00,317.6657
2012-09-27 14:00:00,253.0655
2012-09-27 15:00:00,302.51868
2012-09-27 16:00:00,352.82318
2012-09-27 17:00:00,369.33673
2012-09-27 18:00:00,389.6493
2012-09-27 19:00:00,463.31458
2012-09-27 20:00:00,396.5921
2012-09-27 21:00:00,157.02669
2012-09-27 22:00:00,157.02669
2012-09-27 23:00:00,302.0854
2012-09-28 00:00:00,222.47943
2012-09-28 01:00:00,226.2825
2012-09-28 02:00:00,104.74534
2012-09-28 03:00:00,208.4888
2012-09-28 04:00:00,227.91106
2012-09-28 05:00:00,249.72467
2012-09-28 06:00:00,169.97751
2012-09-28 07:00:00,26.281137
2012-09-28 08:00:00,159.08337
2012-09-28 09:00:00,284.52692
2012-09-28 10:00:00,312.7904
2012-09-28 11:00:00,260.2367
2012-09-28 12:00:00,556.2973
2012-09-28 13:00:00,572.0129
2012-09-28 14:00:00,556.2973
2012-09-28 15:00:00,495.50067
2012-09-28 16:00:00,532.642
2012-09-28 17:00:00,401.65067
2012-09-28 18:00:00,508.6267
2012-09-28 19:00:00,353.7685
2012-09-28 20:00:00,326.7362
2012-09-28 21:00:00,343.73505
2012-09-28 22:00:00,385.9854
2012-09-28 23:00:00,346.32144
2012-09-29 00:00:00,338.93753
2012-09-29 01:00:00,338.93753
2012-09-29 02:00:00,287.86407
2012-09-29 03:00:00,229.4336
2012-09-29 04:00:00,290.03516
2012-09-29 05:00:00,286.4814
2012-09-29 06:00:00,256.50113
2012-09-29 07:00:00,324.50067
2012-09-29 08:00:00,339.11926
2012-09-29 09:00:00,286.4814
2012-09-29 10:00:00,334.60117
2012-09-29 11:00:00,246.64885
2012-09-29 12:00:00,551.56836
2012-09-29 13:00:00,551.56836
2012-09-29 14:00:00,549.0666
2012-09-29 15:00:00,500.47827
2012-09-29 16:00:00,592.3963
2012-09-29 17:00:00,471.8005
2012-09-29 18:00:00,446.3154
2012-09-29 19:00:00,270.6325
2012-09-29 20:00:00,292.8515
2012-09-29 21:00:00,323.55878
2012-09-29 22:00:00,393.43768
2012-09-29 23:00:00,314.96823
2012-09-30 00:00:00,315.4774
2012-09-30 01:00:00,315.4774
2012-09-30 02:00:00,265.0785
2012-09-30 03:00:00,282.6078
2012-09-30 04:00:00,282.6078
2012-09-30 05:00:00,172.267
2012-09-30 06:00:00,251.80515
2012-09-30 07:00:00,126.84787
2012-09-30 08:00:00,270.48334
2012-09-30 09:00:00,396.79666
2012-09-30 10:00:00,453.8017
2012-09-30 11:00:00,597.13916
2012-09-30 12:00:00,551.56836
2012-09-30 13:00:00,592.3963
2012-09-30 14:00:00,592.3963
2012-09-30 15:00:00,648.5307
2012-09-30 16:00:00,696.71906
2012-09-30 17:00:00,520.77045
2012-09-30 18:00:00,113.121254
2012-09-30 19:00:00,172.90793
2012-09-30 20:00:00,172.90793
2012-09-30 21:00:00,254.18924
2012-09-30 22:00:00,201.75793
2012-09-30 23:00:00,273.01624
2012-10-20 00:00:00,120.91303
2012-10-20 01:00:00,236.20712
2012-10-20 02:00:00,177.9839
2012-10-20 03:00:00,156.03397
2012-10-20 04:00:00,172.267
2012-10-20 05:00:00,185.83336
2012-10-20 06:00:00,180.48596
2012-10-20 07:00:00,185.83336
2012-10-20 08:00:00,243.21054
2012-10-20 09:00:00,296.59766
2012-10-20 10:00:00,360.33636
2012-10-20 11:00:00,364.28662
2012-10-20 12:00:00,490.4122
2012-10-20 13:00:00,468.24017
2012-10-20 14:00:00,680.7576
2012-10-20 15:00:00,639.59467
2012-10-20 16:00:00,391.9765
2012-10-20 17:00:00,652.0652
2012-10-20 18:00:00,645.9578
2012-10-20 19:00:00,333.1313
2012-10-20 20:00:00,623.3192
2012-10-20 21:00:00,381.77673
2012-10-20 22:00:00,337.46497
2012-10-20 23:00:00,395.88593
2012-10-21 00:00:00,234.30695
2012-10-21 01:00:00,243.51678
2012-10-21 02:00:00,163.14798
2012-10-21 03:00:00,250.35257
2012-10-21 04:00:00,142.19003
2012-10-21 05:00:00,250.35257
2012-10-21 06:00:00,378.57227
2012-10-21 07:00:00,378.57227
2012-10-21 08:00:00,280.10834
2012-10-21 09:00:00,257.706
2012-10-21 10:00:00,236.73953
2012-10-21 11:00:00,334.2594
2012-10-21 12:00:00,440.90967
2012-10-21 13:00:00,488.79843
2012-10-21 14:00:00,658.8359
2012-10-21 15:00:00,368.09958
2012-10-21 16:00:00,652.0652
2012-10-21 17:00:00,493.04303
2012-10-21 18:00:00,584.2837
2012-10-21 19:00:00,425.21265
2012-10-21 20:00:00,411.3899
2012-10-21 21:00:00,237.21367
2012-10-21 22:00:00,336.64908
2012-10-21 23:00:00,378.09448
2012-10-22 00:00:00,503.97638
2012-10-22 01:00:00,255.57178
2012-10-22 02:00:00,259.6044
2012-10-22 03:00:00,503.97638
2012-10-22 04:00:00,309.8504
2012-10-22 05:00:00,144.77643
2012-10-22 06:00:00,116.27979
2012-10-22 07:00:00,231.54181
2012-10-22 08:00:00,417.96146
2012-10-22 09:00:00,395.8598
2012-10-22 10:00:00,283.80756
2012-10-22 11:00:00,404.93594
2012-10-22 12:00:00,356.83023
2012-10-22 13:00:00,478.9062
2012-10-22 14:00:00,533.338
2012-10-22 15:00:00,456.6972
2012-10-22 16:00:00,432.07617
2012-10-22 17:00:00,404.1461
2012-10-22 18:00:00,547.5343
2012-10-22 19:00:00,234.44977
2012-10-22 20:00:00,326.0594
2012-10-22 21:00:00,353.20526
2012-10-22 22:00:00,111.87197
2012-10-22 23:00:00,216.57362
2012-10-23 00:00:00,49.078346
2012-10-23 01:00:00,250.91681
2012-10-23 02:00:00,57.82563
2012-10-23 03:00:00,206.49739
2012-10-23 04:00:00,178.7114
2012-10-23 05:00:00,227.08682
2012-10-23 06:00:00,68.45695
2012-10-23 07:00:00,283.14355
2012-10-23 08:00:00,318.60315
2012-10-23 09:00:00,309.34512
2012-10-23 10:00:00,372.78525
2012-10-23 11:00:00,299.75275
2012-10-23 12:00:00,199.85678
2012-10-23 13:00:00,315.7483
2012-10-23 14:00:00,640.90704
2012-10-23 15:00:00,589.06213
2012-10-23 16:00:00,406.61774
2012-10-23 17:00:00,358.43875
2012-10-23 18:00:00,403.1598
2012-10-23 19:00:00,450.43243
2012-10-23 20:00:00,590.038
2012-10-23 21:00:00,303.63638
2012-10-23 22:00:00,522.9536
2012-10-23 23:00:00,360.48096
2012-10-24 00:00:00,328.4892
2012-10-24 01:00:00,223.34288
2012-10-24 02:00:00,223.34283
2012-10-24 03:00:00,256.48508
2012-10-24 04:00:00,256.48505
2012-10-24 05:00:00,214.2057
2012-10-24 06:00:00,221.3573
2012-10-24 07:00:00,247.3689
2012-10-24 08:00:00,192.76752
2012-10-24 09:00:00,267.76233
2012-10-24 10:00:00,291.1865
2012-10-24 11:00:00,531.1955
2012-10-24 12:00:00,521.0912
2012-10-24 13:00:00,370.39526
2012-10-24 14:00:00,433.49487
2012-10-24 15:00:00,476.26123
2012-10-24 16:00:00,344.13507
2012-10-24 17:00:00,320.78806
2012-10-24 18:00:00,330.18
2012-10-24 19:00:00,237.98532
2012-10-24 20:00:00,219.34274
2012-10-24 21:00:00,237.16003
2012-10-24 22:00:00,243.42534
2012-10-24 23:00:00,248.00732
2012-10-25 00:00:00,229.99384
2012-10-25 01:00:00,383.60864
2012-10-25 02:00:00,121.071465
2012-10-25 03:00:00,195.51178
2012-10-25 04:00:00,181.1724
2012-10-25 05:00:00,194.69128
2012-10-25 06:00:00,150.84293
2012-10-25 07:00:00,150.84293
2012-10-25 08:00:00,190.50307
2012-10-25 09:00:00,179.73804
2012-10-25 10:00:00,189.96594
2012-10-25 11:00:00,197.56937
2012-10-25 12:00:00,234.78883
2012-10-25 13:00:00,215.75052
2012-10-25 14:00:00,335.82565
2012-10-25 15:00:00,615.0424
2012-10-25 16:00:00,577.7908
2012-10-25 17:00:00,577.7908
2012-10-25 18:00:00,153.3794
2012-10-25 19:00:00,181.34088
2012-10-25 20:00:00,195.51178
2012-10-25 21:00:00,195.51178
2012-10-25 22:00:00,217.47656
2012-10-25 23:00:00,189.96597
2012-10-26 00:00:00,237.26767
2012-10-26 01:00:00,153.27754
2012-10-26 02:00:00,181.1724
2012-10-26 03:00:00,194.69128
2012-10-26 04:00:00,194.69128
2012-10-26 05:00:00,181.1724
2012-10-26 06:00:00,153.27754
2012-10-26 07:00:00,181.1724
2012-10-26 08:00:00,226.61342
2012-10-26 09:00:00,226.61342
2012-10-26 10:00:00,214.36592
2012-10-26 11:00:00,222.68533
2012-10-26 12:00:00,355.79553
2012-10-26 13:00:00,309.0577
2012-10-26 14:00:00,243.42534
2012-10-26 15:00:00,237.16003
2012-10-26 16:00:00,364.8366
2012-10-26 17:00:00,259.71307
2012-10-26 18:00:00,221.05598
2012-10-26 19:00:00,191.95557
2012-10-26 20:00:00,191.95557
2012-10-26 21:00:00,219.04932
2012-10-26 22:00:00,191.49019
2012-10-26 23:00:00,170.32492
2012-10-27 00:00:00,68.13236
2012-10-27 01:00:00,180.08961
2012-10-27 02:00:00,231.6954
2012-10-27 03:00:00,64.06258
2012-10-27 04:00:00,225.86432
2012-10-27 05:00:00,242.73041
2012-10-27 06:00:00,242.73041
2012-10-27 07:00:00,62.425636
2012-10-27 08:00:00,156.62624
2012-10-27 09:00:00,156.62624
2012-10-27 10:00:00,327.09686
2012-10-27 11:00:00,351.05826
2012-10-27 12:00:00,436.1246
2012-10-27 13:00:00,500.47827
2012-10-27 14:00:00,466.7379
2012-10-27 15:00:00,289.73062
2012-10-27 16:00:00,245.7552
2012-10-27 17:00:00,245.7552
2012-10-27 18:00:00,245.7552
2012-10-27 19:00:00,227.00894
2012-10-27 20:00:00,227.00894
2012-10-27 21:00:00,227.00894
2012-10-27 22:00:00,160.87552
2012-10-27 23:00:00,202.64325
2012-10-28 00:00:00,136.64948
2012-10-28 01:00:00,208.99316
2012-10-28 02:00:00,171.21948
2012-10-28 03:00:00,162.02377
2012-10-28 04:00:00,131.85579
2012-10-28 05:00:00,142.64236
2012-10-28 06:00:00,274.75946
2012-10-28 07:00:00,236.88322
2012-10-28 08:00:00,293.33694
2012-10-28 09:00:00,256.58383
2012-10-28 10:00:00,321.3027
2012-10-28 11:00:00,351.9944
2012-10-28 12:00:00,204.1784
2012-10-28 13:00:00,153.62881
2012-10-28 14:00:00,165.42435
2012-10-28 15:00:00,148.22144
2012-10-28 16:00:00,165.85312
2012-10-28 17:00:00,79.0035
2012-10-28 18:00:00,24.371305
2012-10-28 19:00:00,87.195915
2012-10-28 20:00:00,27.312466
2012-10-28 21:00:00,26.623758
2012-10-28 22:00:00,85.09911
2012-10-28 23:00:00,87.195915
2012-10-29 00:00:00,78.474556
2012-10-30 13:00:00,52.314636
2012-10-30 14:00:00,52.314636
2012-10-30 15:00:00,61.47665
2012-10-30 16:00:00,61.47665
2012-10-30 17:00:00,67.84878
2012-10-30 18:00:00,122.17782
2012-10-30 19:00:00,413.135
2012-10-30 20:00:00,223.96474
2012-10-30 21:00:00,204.6407
2012-10-30 22:00:00,122.00628
2012-10-30 23:00:00,122.00628
2012-10-31 00:00:00,171.21384
2012-10-31 01:00:00,157.41403
2012-10-31 02:00:00,241.2151
2012-10-31 03:00:00,171.21384
2012-10-31 04:00:00,183.1348
2012-10-31 05:00:00,241.2151
2012-10-31 06:00:00,171.91066
2012-10-31 07:00:00,243.83292
2012-10-31 08:00:00,81.90217
2012-10-31 09:00:00,134.23193
2012-10-31 10:00:00,234.13126
2012-10-31 11:00:00,163.72678
2012-10-31 12:00:00,306.64355
2012-10-31 13:00:00,251.55112
2012-10-31 14:00:00,328.64087
2012-10-31 15:00:00,300.26093
2012-10-31 16:00:00,322.9633
2012-10-31 17:00:00,266.52844
2012-10-31 18:00:00,266.52844
2012-10-31 19:00:00,328.04926
2012-10-31 20:00:00,328.04926
2012-10-31 21:00:00,328.04926
2012-10-31 22:00:00,422.79236
2012-10-31 23:00:00,381.25403
2012-11-20 00:00:00,158.9498
2012-11-20 01:00:00,180.62074
2012-11-20 02:00:00,116.69334
2012-11-20 03:00:00,214.07205
2012-11-20 04:00:00,171.49799
2012-11-20 05:00:00,183.31192
2012-11-20 06:00:00,178.74078
2012-11-20 07:00:00,114.48291
2012-11-20 08:00:00,168.16307
2012-11-20 09:00:00,333.9554
2012-11-20 10:00:00,327.5449
2012-11-20 11:00:00,326.9026
2012-11-20 12:00:00,493.72577
2012-11-20 13:00:00,352.41238
2012-11-20 14:00:00,214.65579
2012-11-20 15:00:00,231.90103
2012-11-20 16:00:00,217.55206
2012-11-20 17:00:00,288.3687
2012-11-20 18:00:00,327.5449
2012-11-20 19:00:00,629.7943
2012-11-20 20:00:00,425.18903
2012-11-20 21:00:00,179.89177
2012-11-20 22:00:00,179.89177
2012-11-20 23:00:00,111.63752
2012-11-21 00:00:00,110.753
2012-11-21 01:00:00,111.63752
2012-11-21 02:00:00,232.59895
2012-11-21 03:00:00,232.59895
2012-11-21 04:00:00,232.59895
2012-11-21 05:00:00,232.59895
2012-11-21 06:00:00,208.91014
2012-11-21 07:00:00,253.83276
2012-11-21 08:00:00,138.18686
2012-11-21 09:00:00,114.48287
2012-11-21 10:00:00,322.6988
2012-11-21 11:00:00,305.8202
2012-11-21 12:00:00,334.3836
2012-11-21 13:00:00,350.37802
2012-11-21 14:00:00,441.5254
2012-11-21 15:00:00,266.58682
2012-11-21 16:00:00,400.09988
2012-11-21 17:00:00,336.57074
2012-11-21 18:00:00,296.25513
2012-11-21 19:00:00,304.52808
2012-11-21 20:00:00,386.22473
2012-11-21 21:00:00,291.4733
2012-11-21 22:00:00,279.37207
2012-11-21 23:00:00,231.45422
2012-11-22 00:00:00,22.834759
2012-11-22 01:00:00,17.96847
2012-11-22 02:00:00,14.39541
2012-11-22 03:00:00,21.457333
2012-11-22 04:00:00,17.60028
2012-11-22 05:00:00,21.457333
2012-11-22 06:00:00,20.206493
2012-11-22 07:00:00,17.018917
2012-11-22 08:00:00,16.484346
2012-11-22 09:00:00,1.4724666
2012-11-22 10:00:00,115.67216
2012-11-22 11:00:00,307.87976
2012-11-22 12:00:00,328.42847
2012-11-22 13:00:00,380.2514
2012-11-22 14:00:00,288.36658
2012-11-22 15:00:00,288.36658
2012-11-22 16:00:00,371.66498
2012-11-22 17:00:00,328.42847
2012-11-22 18:00:00,251.41887
2012-11-22 19:00:00,76.78819
2012-11-22 20:00:00,48.584263
2012-11-22 21:00:00,62.9926
2012-11-22 22:00:00,39.586308
2012-11-22 23:00:00,70.39675
2012-11-23 00:00:00,23.527922
2012-11-23 01:00:00,155.85234
2012-11-23 02:00:00,87.53415
2012-11-23 03:00:00,44.636047
2012-11-23 04:00:00,98.43505
2012-11-23 05:00:00,64.42371
2012-11-23 06:00:00,64.42371
2012-11-23 07:00:00,64.42371
2012-11-23 08:00:00,204.47221
2012-11-23 09:00:00,102.66698
2012-11-23 10:00:00,231.62595
2012-11-23 11:00:00,305.8202
2012-11-23 12:00:00,300.7507
2012-11-23 13:00:00,323.64398
2012-11-23 14:00:00,358.44525
2012-11-23 15:00:00,280.45288
2012-11-23 16:00:00,220.7633
2012-11-23 17:00:00,185.36395
2012-11-23 18:00:00,297.7406
2012-11-23 19:00:00,299.55054
2012-11-23 20:00:00,202.72388
2012-11-23 21:00:00,218.18
2012-11-23 22:00:00,285.97797
2012-11-23 23:00:00,365.45026
2012-11-24 00:00:00,387.58163
2012-11-24 01:00:00,321.83453
2012-11-24 02:00:00,428.26807
2012-11-24 03:00:00,230.26596
2012-11-24 04:00:00,50.388172
2012-11-24 05:00:00,90.44192
2012-11-24 06:00:00,64.0735
2012-11-24 07:00:00,105.171425
2012-11-24 08:00:00,75.883896
2012-11-24 09:00:00,46.865196
2012-11-24 10:00:00,66.40234
2012-11-24 11:00:00,281.78546
2012-11-24 12:00:00,219.67555
2012-11-24 13:00:00,324.3932
2012-11-24 14:00:00,396.5181
2012-11-24 15:00:00,363.64825
2012-11-24 16:00:00,230.5009
2012-11-24 17:00:00,64.789894
2012-11-24 18:00:00,131.93878
2012-11-24 19:00:00,130.07933
2012-11-24 20:00:00,64.07354
2012-11-24 21:00:00,71.69355
2012-11-24 22:00:00,36.16595
2012-11-24 23:00:00,71.69355
2012-11-25 00:00:00,72.03733
2012-11-25 01:00:00,43.862072
2012-11-25 02:00:00,102.251686
2012-11-25 03:00:00,145.11562
2012-11-25 04:00:00,145.11562
2012-11-25 05:00:00,87.64661
2012-11-25 06:00:00,51.77634
2012-11-25 07:00:00,35.214195
2012-11-25 08:00:00,54.508583
2012-11-25 09:00:00,89.249825
2012-11-25 10:00:00,71.51953
2012-11-25 11:00:00,191.58926
2012-11-25 12:00:00,191.58926
2012-11-25 13:00:00,71.71136
2012-11-25 14:00:00,158.64697
2012-11-25 15:00:00,177.41333
2012-11-25 16:00:00,252.55945
2012-11-25 17:00:00,294.69717
2012-11-25 18:00:00,118.15502
2012-11-25 19:00:00,262.35608
2012-11-25 20:00:00,47.940933
2012-11-25 21:00:00,165.47415
2012-11-25 22:00:00,47.940933
2012-11-25 23:00:00,31.35594
2012-11-26 00:00:00,15.98169
2012-11-26 01:00:00,8.3043165
2012-11-26 02:00:00,8.3043165
2012-11-26 03:00:00,8.3043165
2012-11-26 04:00:00,15.98169
2012-11-26 05:00:00,381.77478
2012-11-26 06:00:00,15.98169
2012-11-26 07:00:00,45.64722
2012-11-26 08:00:00,45.64722
2012-11-26 09:00:00,148.88635
2012-11-26 10:00:00,255.47
2012-11-26 11:00:00,286.04205
2012-11-26 12:00:00,326.2684
2012-11-26 13:00:00,326.2684
2012-11-26 14:00:00,355.5478
2012-11-26 15:00:00,291.95865
2012-11-26 16:00:00,330.02545
2012-11-26 17:00:00,325.2901
2012-11-26 18:00:00,335.26538
2012-11-26 19:00:00,270.55338
2012-11-26 20:00:00,279.37207
2012-11-26 21:00:00,279.37207
2012-11-26 22:00:00,231.45427
2012-11-26 23:00:00,144.0711
2012-11-27 00:00:00,140.25154
2012-11-27 01:00:00,131.34802
2012-11-27 02:00:00,209.5272
2012-11-27 03:00:00,13.647029
2012-11-27 04:00:00,77.6724
2012-11-27 05:00:00,123.317825
2012-11-27 06:00:00,265.49487
2012-11-27 07:00:00,114.883644
2012-11-27 08:00:00,94.93246
2012-11-27 09:00:00,221.50778
2012-11-27 10:00:00,81.351425
2012-11-27 11:00:00,63.482613
2012-11-27 12:00:00,55.666668
2012-11-27 13:00:00,60.322018
2012-11-27 14:00:00,59.3811
2012-11-27 15:00:00,63.166546
2012-11-27 16:00:00,63.166546
2012-11-27 17:00:00,70.99662
2012-11-27 18:00:00,60.219757
2012-11-27 19:00:00,123.02422
2012-11-27 20:00:00,96.40396
2012-11-27 21:00:00,93.3998
2012-11-27 22:00:00,380.60547
2012-11-27 23:00:00,72.34922
2012-11-28 00:00:00,72.5584
2012-11-28 01:00:00,87.01984
2012-11-28 02:00:00,87.01984
2012-11-28 03:00:00,94.501686
2012-11-28 04:00:00,140.32288
2012-11-28 05:00:00,285.51276
2012-11-28 06:00:00,93.26319
2012-11-28 07:00:00,184.05865
2012-11-28 08:00:00,128.1495
2012-11-28 09:00:00,133.50618
2012-11-28 10:00:00,362.9336
2012-11-28 11:00:00,361.0215
2012-11-28 12:00:00,237.49191
2012-11-28 13:00:00,369.7948
2012-11-28 14:00:00,216.10922
2012-11-28 15:00:00,314.52472
2012-11-28 16:00:00,377.33496
2012-11-28 17:00:00,284.26956
2012-11-28 18:00:00,322.68896
2012-11-28 19:00:00,271.50873
2012-11-28 20:00:00,324.59946
2012-11-28 21:00:00,289.5144
2012-11-28 22:00:00,275.21585
2012-11-28 23:00:00,218.74448
2012-11-29 00:00:00,97.9581
2012-11-29 01:00:00,103.736305
2012-11-29 02:00:00,30.477905
2012-11-29 04:00:00,105.278206
2012-11-29 05:00:00,8.3043165
2012-11-29 06:00:00,15.98169
2012-11-29 07:00:00,18.122396
2012-11-29 08:00:00,154.47165
2012-11-29 09:00:00,23.45215
2012-11-29 10:00:00,87.0338
2012-11-29 11:00:00,253.07475
2012-11-29 12:00:00,369.58954
2012-11-29 13:00:00,352.3498
2012-11-29 14:00:00,294.44995
2012-11-29 15:00:00,245.26408
2012-11-29 16:00:00,286.85703
2012-11-29 17:00:00,329.68765
2012-11-29 18:00:00,336.4763
2012-11-29 19:00:00,315.17905
2012-11-29 20:00:00,298.89044
2012-11-29 21:00:00,182.09183
2012-11-29 22:00:00,77.21911
2012-11-29 23:00:00,34.237476
2012-11-30 00:00:00,230.88086
2012-11-30 01:00:00,116.16255
2012-11-30 02:00:00,16.459518
2012-11-30 03:00:00,16.459518
2012-11-30 04:00:00,18.275831
2012-11-30 05:00:00,21.595247
2012-11-30 06:00:00,58.86949
2012-11-30 07:00:00,24.660612
2012-11-30 08:00:00,133.95354
2012-11-30 09:00:00,82.36991
2012-11-30 10:00:00,156.99803
2012-11-30 11:00:00,297.36017
2012-11-30 12:00:00,303.7838
2012-11-30 13:00:00,361.29294
2012-11-30 14:00:00,276.4985
2012-11-30 15:00:00,258.65543
2012-11-30 16:00:00,333.38464
2012-11-30 17:00:00,313.98117
2012-11-30 18:00:00,244.40707
2012-11-30 19:00:00,70.02383
2012-11-30 20:00:00,70.02383
2012-11-30 21:00:00,90.41401
2012-11-30 22:00:00,96.21753
2012-11-30 23:00:00,106.658775
2012-12-20 00:00:00,224.90921
2012-12-20 01:00:00,70.02383
2012-12-20 02:00:00,70.02383
2012-12-20 03:00:00,67.19634
2012-12-20 04:00:00,67.19634
2012-12-20 05:00:00,58.237778
2012-12-20 06:00:00,156.99803
2012-12-20 07:00:00,30.683947
2012-12-20 08:00:00,30.683947
2012-12-20 09:00:00,30.683947
2012-12-20 10:00:00,182.1561
2012-12-20 11:00:00,397.10355
2012-12-20 12:00:00,271.0401
2012-12-20 13:00:00,471.99927
2012-12-20 14:00:00,397.6183
2012-12-20 15:00:00,485.88834
2012-12-20 16:00:00,146.15906
2012-12-20 17:00:00,171.49799
2012-12-20 18:00:00,214.93036
2012-12-20 19:00:00,69.71415
2012-12-20 20:00:00,152.4771
2012-12-20 21:00:00,152.4771
2012-12-20 22:00:00,82.82868
2012-12-20 23:00:00,79.10141
2012-12-21 00:00:00,126.746635
2012-12-21 01:00:00,133.08163
2012-12-21 02:00:00,145.34079
2012-12-21 03:00:00,145.34079
2012-12-21 04:00:00,69.62112
2012-12-21 05:00:00,70.46964
2012-12-21 06:00:00,132.94278
2012-12-21 07:00:00,83.85305
2012-12-21 08:00:00,68.80468
2012-12-21 09:00:00,229.88792
2012-12-21 10:00:00,107.679085
2012-12-21 11:00:00,261.8182
2012-12-21 12:00:00,326.20618
2012-12-21 13:00:00,277.7678
2012-12-21 14:00:00,271.8988
2012-12-21 15:00:00,266.2279
2012-12-21 16:00:00,322.7556
2012-12-21 17:00:00,42.634975
2012-12-21 18:00:00,64.46156
2012-12-21 19:00:00,151.03404
2012-12-21 20:00:00,109.132614
2012-12-21 21:00:00,81.957436
2012-12-21 22:00:00,164.44496
2012-12-21 23:00:00,132.93814
2012-12-22 00:00:00,77.799065
2012-12-22 01:00:00,66.703476
2012-12-22 02:00:00,74.57737
2012-12-22 03:00:00,51.893818
2012-12-22 04:00:00,120.35793
2012-12-22 05:00:00,58.568897
2012-12-22 06:00:00,70.99488
2012-12-22 07:00:00,70.99488
2012-12-22 08:00:00,79.49056
2012-12-22 09:00:00,66.722275
2012-12-22 10:00:00,68.46839
2012-12-22 11:00:00,99.097755
2012-12-22 12:00:00,77.09934
2012-12-22 13:00:00,131.01814
2012-12-22 14:00:00,130.21088
2012-12-22 15:00:00,87.331924
2012-12-22 16:00:00,101.793396
2012-12-22 17:00:00,105.49221
2012-12-22 18:00:00,66.50115
2012-12-22 19:00:00,65.53364
2012-12-22 20:00:00,72.72419
2012-12-22 21:00:00,69.692665
2012-12-22 22:00:00,69.692665
2012-12-22 23:00:00,84.747444
2012-12-23 00:00:00,66.326004
2012-12-23 01:00:00,129.25041
2012-12-23 02:00:00,43.916073
2012-12-23 03:00:00,45.68991
2012-12-23 04:00:00,70.85145
2012-12-23 05:00:00,105.01066
2012-12-23 06:00:00,25.624666
2012-12-23 07:00:00,25.624666
2012-12-23 08:00:00,30.613012
2012-12-23 09:00:00,35.01332
2012-12-23 10:00:00,31.046247
2012-12-23 11:00:00,74.77334
2012-12-23 12:00:00,90.24923
2012-12-23 13:00:00,94.738106
2012-12-23 14:00:00,150.32976
2012-12-23 15:00:00,193.74734
2012-12-23 16:00:00,167.96716
2012-12-23 17:00:00,151.45805
2012-12-23 18:00:00,116.33667
2012-12-23 19:00:00,37.84646
2012-12-23 20:00:00,66.97342
2012-12-23 21:00:00,49.640175
2012-12-23 22:00:00,45.39305
2012-12-23 23:00:00,58.25784
2012-12-24 00:00:00,69.182915
2012-12-24 01:00:00,69.182915
2012-12-24 02:00:00,74.45353
2012-12-24 03:00:00,74.45353
2012-12-24 05:00:00,148.64908
2012-12-24 06:00:00,74.45353
2012-12-24 07:00:00,62.077366
2012-12-24 08:00:00,69.182915
2012-12-24 09:00:00,172.08182
2012-12-24 10:00:00,131.82376
2012-12-24 11:00:00,96.71998
2012-12-24 12:00:00,38.46199
2012-12-24 13:00:00,71.949554
2012-12-24 14:00:00,72.685326
2012-12-24 15:00:00,55.125565
2012-12-24 16:00:00,55.125565
2012-12-24 17:00:00,48.367203
2012-12-24 18:00:00,45.132107
2012-12-24 19:00:00,138.34637
2012-12-24 20:00:00,46.192825
2012-12-24 21:00:00,46.429104
2012-12-24 22:00:00,135.6065
2012-12-24 23:00:00,58.926765
2012-12-25 00:00:00,31.095879
2012-12-25 01:00:00,39.1816
2012-12-25 02:00:00,39.1816
2012-12-25 04:00:00,27.963375
2012-12-25 05:00:00,34.33514
2012-12-25 06:00:00,34.33514
2012-12-25 07:00:00,38.30494
2012-12-25 08:00:00,28.431896
2012-12-25 09:00:00,33.532364
2012-12-25 10:00:00,31.583628
2012-12-25 11:00:00,33.320843
2012-12-25 12:00:00,39.45438
2012-12-25 13:00:00,191.8336
2012-12-25 14:00:00,227.28018
2012-12-25 15:00:00,194.85405
2012-12-25 16:00:00,64.84286
2012-12-25 17:00:00,40.11891
2012-12-25 18:00:00,54.784294
2012-12-25 19:00:00,93.56318
2012-12-25 20:00:00,31.99729
2012-12-25 21:00:00,92.06791
2012-12-25 22:00:00,105.30686
2012-12-25 23:00:00,52.753235
2012-12-26 00:00:00,70.869286
2012-12-26 01:00:00,60.30551
2012-12-26 02:00:00,60.30551
2012-12-26 03:00:00,61.27491
2012-12-26 04:00:00,65.15312
2012-12-26 05:00:00,62.494614
2012-12-26 06:00:00,62.998722
2012-12-26 07:00:00,59.216248
2012-12-26 08:00:00,59.216248
2012-12-26 09:00:00,59.216248
2012-12-26 10:00:00,53.60296
2012-12-26 11:00:00,52.594147
2012-12-26 12:00:00,63.641495
2012-12-26 13:00:00,63.641495
2012-12-26 14:00:00,46.289448
2012-12-26 15:00:00,66.49552
2012-12-26 16:00:00,66.49552
2012-12-26 17:00:00,65.26781
2012-12-26 18:00:00,64.76383
2012-12-26 19:00:00,80.30911
2012-12-26 20:00:00,72.25909
2012-12-26 21:00:00,46.10618
2012-12-26 22:00:00,70.73967
2012-12-26 23:00:00,73.139465
2012-12-27 00:00:00,73.139465
2012-12-27 01:00:00,70.73967
2012-12-27 02:00:00,62.294106
2012-12-27 03:00:00,34.559067
2012-12-27 04:00:00,46.385162
2012-12-27 05:00:00,78.965706
2012-12-27 06:00:00,83.93136
2012-12-27 07:00:00,70.28068
2012-12-27 08:00:00,86.39604
2012-12-27 09:00:00,82.224556
2012-12-27 10:00:00,66.233574
2012-12-27 11:00:00,71.008385
2012-12-27 12:00:00,87.7807
2012-12-27 13:00:00,87.7807
2012-12-27 14:00:00,87.51997
2012-12-27 15:00:00,41.803333
2012-12-27 16:00:00,66.87035
2012-12-27 17:00:00,66.87035
2012-12-27 18:00:00,65.097725
2012-12-27 19:00:00,97.55546
2012-12-27 20:00:00,128.51828
2012-12-27 21:00:00,65.097725
2012-12-27 22:00:00,58.63846
2012-12-27 23:00:00,65.097725
2012-12-28 00:00:00,65.61829
2012-12-28 01:00:00,134.082
2012-12-28 02:00:00,132.63835
2012-12-28 03:00:00,65.61829
2012-12-28 04:00:00,156.74484
2012-12-28 05:00:00,164.02484
2012-12-28 06:00:00,74.58194
2012-12-28 07:00:00,152.32324
2012-12-28 08:00:00,96.67861
2012-12-28 09:00:00,58.63846
2012-12-28 10:00:00,72.34733
2012-12-28 11:00:00,85.06316
2012-12-28 12:00:00,152.59822
2012-12-28 13:00:00,152.59822
2012-12-28 14:00:00,152.59822
2012-12-28 15:00:00,38.876537
2012-12-28 16:00:00,86.107506
2012-12-28 17:00:00,83.96295
2012-12-28 18:00:00,83.96295
2012-12-28 19:00:00,62.983253
2012-12-28 20:00:00,172.08182
2012-12-28 21:00:00,77.47477
2012-12-28 22:00:00,107.083275
2012-12-28 23:00:00,140.52097
2012-12-29 00:00:00,40.591698
2012-12-29 01:00:00,35.660393
2012-12-29 02:00:00,40.591698
2012-12-29 03:00:00,36.10993
2012-12-29 04:00:00,35.660393
2012-12-29 05:00:00,35.660393
2012-12-29 06:00:00,41.07731
2012-12-29 07:00:00,41.86202
2012-12-29 08:00:00,32.24207
2012-12-29 09:00:00,32.24206
2012-12-29 10:00:00,43.012806
2012-12-29 11:00:00,56.32804
2012-12-29 12:00:00,50.819378
2012-12-29 13:00:00,50.819378
2012-12-29 14:00:00,32.1343
2012-12-29 15:00:00,34.51779
2012-12-29 16:00:00,36.243675
2012-12-29 17:00:00,41.58965
2012-12-29 18:00:00,35.49598
2012-12-29 19:00:00,116.85415
2012-12-29 20:00:00,17.561464
2012-12-29 21:00:00,13.129643
2012-12-29 22:00:00,11.440999
2012-12-29 23:00:00,150.43675
2012-12-30 00:00:00,69.44461
2012-12-30 01:00:00,8.914474
2012-12-30 02:00:00,80.11016
2012-12-30 03:00:00,8.914474
2012-12-30 04:00:00,113.54461
2012-12-30 05:00:00,43.825317
2012-12-30 06:00:00,12.590245
2012-12-30 07:00:00,44.34201
2012-12-30 08:00:00,45.562996
2012-12-30 09:00:00,46.163483
2012-12-30 10:00:00,84.76351
2012-12-30 11:00:00,77.72952
2012-12-30 12:00:00,100.79528
2012-12-30 13:00:00,77.09934
2012-12-30 14:00:00,113.59159
2012-12-30 15:00:00,105.124535
2012-12-30 16:00:00,95.1092
2012-12-30 17:00:00,91.13088
2012-12-30 18:00:00,52.98345
2012-12-30 19:00:00,45.03312
2012-12-30 20:00:00,50.100685
2012-12-30 21:00:00,43.916073
2012-12-30 22:00:00,33.363384
2012-12-30 23:00:00,52.935486
2012-12-31 00:00:00,65.1246
2012-12-31 01:00:00,65.1246
2012-12-31 02:00:00,58.669304
2012-12-31 03:00:00,115.048744
2012-12-31 04:00:00,37.83598
2012-12-31 05:00:00,48.573112
2012-12-31 06:00:00,52.125885
2012-12-31 07:00:00,58.259953
2012-12-31 08:00:00,54.742752
2012-12-31 09:00:00,70.05531
2012-12-31 10:00:00,61.85833
2012-12-31 11:00:00,59.95262
2012-12-31 12:00:00,61.768623
2012-12-31 13:00:00,108.25921
2012-12-31 14:00:00,55.692616
2012-12-31 15:00:00,154.98698
2012-12-31 16:00:00,72.89653
2012-12-31 17:00:00,131.5111
2012-12-31 18:00:00,149.91582
2012-12-31 19:00:00,96.71998
2012-12-31 20:00:00,96.71998
2012-12-31 21:00:00,101.10026
2012-12-31 22:00:00,79.73563
2012-12-31 23:00:00,62.0993
