datetime,count
2011-01-20 00:00:00,126.90118
2011-01-20 01:00:00,77.87895
2011-01-20 02:00:00,77.87895
2011-01-20 03:00:00,117.561104
2011-01-20 04:00:00,117.561104
2011-01-20 05:00:00,104.41041
2011-01-20 06:00:00,98.429436
2011-01-20 07:00:00,98.429436
2011-01-20 08:00:00,102.41466
2011-01-20 09:00:00,112.8456
2011-01-20 10:00:00,124.16004
2011-01-20 11:00:00,142.31497
2011-01-20 12:00:00,130.94688
2011-01-20 13:00:00,128.07886
2011-01-20 14:00:00,142.42307
2011-01-20 15:00:00,156.85954
2011-01-20 16:00:00,135.59425
2011-01-20 17:00:00,135.63736
2011-01-20 18:00:00,133.78853
2011-01-20 19:00:00,123.60721
2011-01-20 20:00:00,101.20863
2011-01-20 21:00:00,95.74427
2011-01-20 22:00:00,93.24428
2011-01-20 23:00:00,98.52443
2011-01-21 00:00:00,91.77829
2011-01-21 01:00:00,91.77829
2011-01-21 02:00:00,80.05939
2011-01-21 03:00:00,70.71745
2011-01-21 04:00:00,94.65772
2011-01-21 05:00:00,117.99996
2011-01-21 06:00:00,91.07921
2011-01-21 07:00:00,98.201675
2011-01-21 08:00:00,108.34709
2011-01-21 09:00:00,106.05869
2011-01-21 10:00:00,100.687485
2011-01-21 11:00:00,105.447044
2011-01-21 12:00:00,105.44323
2011-01-21 13:00:00,98.06094
2011-01-21 14:00:00,96.18059
2011-01-21 15:00:00,85.775665
2011-01-21 16:00:00,92.57808
2011-01-21 17:00:00,90.40082
2011-01-21 18:00:00,78.268425
2011-01-21 19:00:00,90.20248
2011-01-21 20:00:00,75.77304
2011-01-21 21:00:00,75.89328
2011-01-21 22:00:00,71.59158
2011-01-21 23:00:00,74.85295
2011-01-22 00:00:00,44.807133
2011-01-22 01:00:00,64.88315
2011-01-22 02:00:00,42.909943
2011-01-22 03:00:00,48.2646
2011-01-22 04:00:00,50.981445
2011-01-22 06:00:00,41.62255
2011-01-22 07:00:00,50.01661
2011-01-22 08:00:00,61.311436
2011-01-22 09:00:00,44.941143
2011-01-22 10:00:00,42.481495
2011-01-22 11:00:00,42.96237
2011-01-22 12:00:00,44.031708
2011-01-22 13:00:00,51.641975
2011-01-22 14:00:00,51.479965
2011-01-22 15:00:00,53.989006
2011-01-22 16:00:00,53.888824
2011-01-22 17:00:00,59.455048
2011-01-22 18:00:00,46.86861
2011-01-22 19:00:00,48.396503
2011-01-22 20:00:00,45.279884
2011-01-22 21:00:00,45.183693
2011-01-22 22:00:00,51.05819
2011-01-22 23:00:00,43.06149
2011-01-23 00:00:00,43.06149
2011-01-23 01:00:00,43.06149
2011-01-23 02:00:00,42.592278
2011-01-23 03:00:00,42.592278
2011-01-23 05:00:00,41.212017
2011-01-23 06:00:00,41.212017
2011-01-23 07:00:00,45.957664
2011-01-23 08:00:00,44.17228
2011-01-23 09:00:00,66.14201
2011-01-23 10:00:00,71.33644
2011-01-23 11:00:00,56.5831
2011-01-23 12:00:00,73.77802
2011-01-23 13:00:00,76.94714
2011-01-23 14:00:00,85.114914
2011-01-23 15:00:00,85.114914
2011-01-23 16:00:00,82.00223
2011-01-23 17:00:00,77.26842
2011-01-23 18:00:00,57.314365
2011-01-23 19:00:00,65.382126
2011-01-23 20:00:00,56.657284
2011-01-23 21:00:00,49.971577
2011-01-23 22:00:00,46.901676
2011-01-23 23:00:00,44.869053
2011-01-24 00:00:00,61.185574
2011-01-24 01:00:00,58.929348
2011-01-24 03:00:00,63.536564
2011-01-24 04:00:00,57.26898
2011-01-24 05:00:00,57.26898
2011-01-24 06:00:00,56.747185
2011-01-24 07:00:00,56.267155
2011-01-24 08:00:00,58.586037
2011-01-24 09:00:00,61.318295
2011-01-24 10:00:00,63.890198
2011-01-24 11:00:00,66.984375
2011-01-24 12:00:00,77.7702
2011-01-24 13:00:00,80.09577
2011-01-24 14:00:00,80.4014
2011-01-24 15:00:00,94.00241
2011-01-24 16:00:00,80.90964
2011-01-24 17:00:00,74.3411
2011-01-24 18:00:00,75.98993
2011-01-24 19:00:00,74.39735
2011-01-24 20:00:00,75.98993
2011-01-24 21:00:00,70.01515
2011-01-24 22:00:00,80.55379
2011-01-24 23:00:00,83.29929
2011-01-25 00:00:00,81.14142
2011-01-25 01:00:00,79.173386
2011-01-25 02:00:00,82.58502
2011-01-25 04:00:00,75.10988
2011-01-25 05:00:00,80.2415
2011-01-25 06:00:00,76.74665
2011-01-25 07:00:00,83.30128
2011-01-25 08:00:00,84.67202
2011-01-25 09:00:00,93.01059
2011-01-25 10:00:00,93.74067
2011-01-25 11:00:00,98.613846
2011-01-25 12:00:00,111.40746
2011-01-25 13:00:00,114.66719
2011-01-25 14:00:00,127.33934
2011-01-25 15:00:00,137.9599
2011-01-25 16:00:00,137.9599
2011-01-25 17:00:00,129.93504
2011-01-25 18:00:00,131.5682
2011-01-25 19:00:00,112.434
2011-01-25 20:00:00,109.38567
2011-01-25 21:00:00,109.38567
2011-01-25 22:00:00,93.82915
2011-01-25 23:00:00,98.22079
2011-01-26 00:00:00,92.229485
2011-01-26 01:00:00,97.69978
2011-01-26 02:00:00,78.053825
2011-01-26 05:00:00,65.56759
2011-01-26 06:00:00,65.56759
2011-01-26 07:00:00,66.93779
2011-01-26 08:00:00,66.93779
2011-01-26 09:00:00,66.93779
2011-01-26 10:00:00,65.741844
2011-01-26 11:00:00,67.63914
2011-01-26 12:00:00,67.63914
2011-01-26 13:00:00,67.63914
2011-01-26 14:00:00,69.853424
2011-01-26 15:00:00,73.47839
2011-01-26 16:00:00,57.52687
2011-01-26 17:00:00,68.96789
2011-01-27 16:00:00,121.14208
2011-01-27 17:00:00,91.61663
2011-01-27 18:00:00,79.45388
2011-01-27 19:00:00,79.45388
2011-01-27 20:00:00,79.58721
2011-01-27 21:00:00,79.58721
2011-01-27 22:00:00,79.58721
2011-01-27 23:00:00,81.924965
2011-01-28 00:00:00,90.38149
2011-01-28 01:00:00,90.38149
2011-01-28 02:00:00,91.29549
2011-01-28 03:00:00,92.66552
2011-01-28 05:00:00,93.204025
2011-01-28 06:00:00,87.42323
2011-01-28 07:00:00,88.133224
2011-01-28 08:00:00,88.133224
2011-01-28 09:00:00,78.14151
2011-01-28 10:00:00,77.16646
2011-01-28 11:00:00,73.55601
2011-01-28 12:00:00,73.55601
2011-01-28 13:00:00,73.55601
2011-01-28 14:00:00,86.65013
2011-01-28 15:00:00,85.3883
2011-01-28 16:00:00,77.7979
2011-01-28 17:00:00,87.87615
2011-01-28 18:00:00,94.893906
2011-01-28 19:00:00,94.73842
2011-01-28 20:00:00,109.43351
2011-01-28 21:00:00,92.67099
2011-01-28 22:00:00,112.84332
2011-01-28 23:00:00,104.41041
2011-01-29 00:00:00,76.920074
2011-01-29 01:00:00,71.09192
2011-01-29 02:00:00,64.57572
2011-01-29 03:00:00,61.024513
2011-01-29 04:00:00,61.237663
2011-01-29 06:00:00,57.114517
2011-01-29 07:00:00,56.74516
2011-01-29 08:00:00,63.327583
2011-01-29 09:00:00,61.448074
2011-01-29 10:00:00,63.963676
2011-01-29 11:00:00,61.724308
2011-01-29 12:00:00,68.093636
2011-01-29 13:00:00,72.62574
2011-01-29 14:00:00,66.671
2011-01-29 15:00:00,71.64647
2011-01-29 16:00:00,72.11972
2011-01-29 17:00:00,72.96527
2011-01-29 18:00:00,63.705524
2011-01-29 19:00:00,76.248924
2011-01-29 20:00:00,70.59261
2011-01-29 21:00:00,70.59261
2011-01-29 22:00:00,70.723145
2011-01-29 23:00:00,70.723145
2011-01-30 00:00:00,69.91962
2011-01-30 01:00:00,67.07787
2011-01-30 02:00:00,67.8158
2011-01-30 03:00:00,68.18312
2011-01-30 04:00:00,68.18312
2011-01-30 05:00:00,67.63273
2011-01-30 07:00:00,67.63273
2011-01-30 08:00:00,78.79379
2011-01-30 09:00:00,80.12163
2011-01-30 10:00:00,81.37593
2011-01-30 11:00:00,70.540726
2011-01-30 12:00:00,101.07173
2011-01-30 13:00:00,78.38075
2011-01-30 14:00:00,85.23969
2011-01-30 15:00:00,99.89458
2011-01-30 16:00:00,99.89458
2011-01-30 17:00:00,112.13962
2011-01-30 18:00:00,73.105705
2011-01-30 19:00:00,86.70695
2011-01-30 20:00:00,74.07741
2011-01-30 21:00:00,70.95475
2011-01-30 22:00:00,74.71334
2011-01-30 23:00:00,77.53448
2011-01-31 00:00:00,111.24866
2011-01-31 01:00:00,88.450096
2011-01-31 02:00:00,107.11556
2011-01-31 03:00:00,107.11556
2011-01-31 04:00:00,93.57781
2011-01-31 05:00:00,85.29233
2011-01-31 06:00:00,79.99129
2011-01-31 07:00:00,83.9757
2011-01-31 08:00:00,87.16921
2011-01-31 09:00:00,88.9495
2011-01-31 10:00:00,84.621254
2011-01-31 11:00:00,84.621254
2011-01-31 12:00:00,83.08243
2011-01-31 13:00:00,80.1672
2011-01-31 14:00:00,83.351555
2011-01-31 15:00:00,77.168076
2011-01-31 16:00:00,90.94764
2011-01-31 17:00:00,84.621254
2011-01-31 18:00:00,85.48277
2011-01-31 19:00:00,99.07239
2011-01-31 20:00:00,67.54276
2011-01-31 21:00:00,67.24791
2011-01-31 22:00:00,76.94635
2011-01-31 23:00:00,84.632675
2011-02-20 00:00:00,97.346306
2011-02-20 01:00:00,91.57131
2011-02-20 02:00:00,92.603
2011-02-20 03:00:00,87.99379
2011-02-20 04:00:00,87.99379
2011-02-20 06:00:00,83.96579
2011-02-20 07:00:00,64.989044
2011-02-20 08:00:00,62.76095
2011-02-20 09:00:00,88.191635
2011-02-20 10:00:00,87.01865
2011-02-20 11:00:00,99.19687
2011-02-20 12:00:00,142.03491
2011-02-20 13:00:00,189.3069
2011-02-20 14:00:00,143.4921
2011-02-20 15:00:00,195.62662
2011-02-20 16:00:00,190.91043
2011-02-20 17:00:00,149.0831
2011-02-20 18:00:00,125.36997
2011-02-20 19:00:00,125.36997
2011-02-20 20:00:00,145.06802
2011-02-20 21:00:00,121.87921
2011-02-20 22:00:00,115.801735
2011-02-20 23:00:00,98.19228
2011-02-21 00:00:00,132.3848
2011-02-21 01:00:00,132.3848
2011-02-21 02:00:00,132.3848
2011-02-21 03:00:00,135.51543
2011-02-21 04:00:00,112.93017
2011-02-21 05:00:00,162.09349
2011-02-21 06:00:00,207.79874
2011-02-21 07:00:00,208.86006
2011-02-21 08:00:00,113.649284
2011-02-21 09:00:00,113.980064
2011-02-21 10:00:00,106.63896
2011-02-21 11:00:00,99.289246
2011-02-21 12:00:00,121.40927
2011-02-21 13:00:00,74.96756
2011-02-21 14:00:00,97.89628
2011-02-21 15:00:00,101.07785
2011-02-21 16:00:00,79.36653
2011-02-21 17:00:00,85.54811
2011-02-21 18:00:00,74.70154
2011-02-21 19:00:00,74.70154
2011-02-21 20:00:00,73.70209
2011-02-21 21:00:00,78.8176
2011-02-21 22:00:00,74.001465
2011-02-21 23:00:00,74.001465
2011-02-22 06:00:00,75.17648
2011-02-22 07:00:00,75.17648
2011-02-22 08:00:00,76.09414
2011-02-22 09:00:00,77.42436
2011-02-22 10:00:00,66.32527
2011-02-22 11:00:00,66.356346
2011-02-22 12:00:00,83.55888
2011-02-22 13:00:00,105.60121
2011-02-22 14:00:00,121.14208
2011-02-22 15:00:00,119.65589
2011-02-22 16:00:00,108.288025
2011-02-22 17:00:00,98.429436
2011-02-22 18:00:00,106.42233
2011-02-22 19:00:00,102.68182
2011-02-22 20:00:00,93.57781
2011-02-22 21:00:00,89.49602
2011-02-22 22:00:00,81.79845
2011-02-22 23:00:00,81.79845
2011-02-23 00:00:00,78.65686
2011-02-23 01:00:00,78.7156
2011-02-23 02:00:00,69.78685
2011-02-23 03:00:00,72.486176
2011-02-23 05:00:00,67.16165
2011-02-23 06:00:00,67.16165
2011-02-23 07:00:00,68.13049
2011-02-23 08:00:00,74.39735
2011-02-23 09:00:00,83.692375
2011-02-23 10:00:00,85.09481
2011-02-23 11:00:00,122.32024
2011-02-23 12:00:00,144.92496
2011-02-23 13:00:00,179.81941
2011-02-23 14:00:00,187.88177
2011-02-23 15:00:00,210.3314
2011-02-23 16:00:00,268.56754
2011-02-23 17:00:00,210.3314
2011-02-23 18:00:00,194.87386
2011-02-23 19:00:00,179.33842
2011-02-23 20:00:00,107.1702
2011-02-23 21:00:00,88.24382
2011-02-23 22:00:00,88.24382
2011-02-23 23:00:00,90.93771
2011-02-24 00:00:00,90.93771
2011-02-24 01:00:00,84.8441
2011-02-24 02:00:00,78.35718
2011-02-24 03:00:00,82.93396
2011-02-24 05:00:00,81.74057
2011-02-24 06:00:00,91.34212
2011-02-24 07:00:00,88.83516
2011-02-24 08:00:00,101.66344
2011-02-24 09:00:00,88.84871
2011-02-24 10:00:00,93.49258
2011-02-24 11:00:00,128.02254
2011-02-24 12:00:00,144.17451
2011-02-24 13:00:00,162.12537
2011-02-24 14:00:00,172.04128
2011-02-24 15:00:00,128.53027
2011-02-24 16:00:00,111.38812
2011-02-24 17:00:00,129.85368
2011-02-24 18:00:00,91.62411
2011-02-24 19:00:00,70.70096
2011-02-24 20:00:00,91.02434
2011-02-24 21:00:00,91.62411
2011-02-24 22:00:00,73.23656
2011-02-24 23:00:00,87.81684
2011-02-25 00:00:00,94.633545
2011-02-25 01:00:00,94.2206
2011-02-25 02:00:00,94.2206
2011-02-25 03:00:00,94.94974
2011-02-25 05:00:00,94.94974
2011-02-25 06:00:00,79.72505
2011-02-25 07:00:00,71.70797
2011-02-25 08:00:00,77.940475
2011-02-25 09:00:00,73.41162
2011-02-25 10:00:00,81.36669
2011-02-25 11:00:00,201.17125
2011-02-25 12:00:00,154.2982
2011-02-25 13:00:00,154.2982
2011-02-25 14:00:00,137.2183
2011-02-25 15:00:00,259.18857
2011-02-25 16:00:00,148.62097
2011-02-25 17:00:00,159.439
2011-02-25 18:00:00,149.46106
2011-02-25 19:00:00,143.71959
2011-02-25 20:00:00,138.67725
2011-02-25 21:00:00,137.82703
2011-02-25 22:00:00,119.79335
2011-02-25 23:00:00,122.929276
2011-02-26 00:00:00,73.94155
2011-02-26 01:00:00,90.412506
2011-02-26 02:00:00,81.0779
2011-02-26 03:00:00,64.00904
2011-02-26 04:00:00,70.767044
2011-02-26 05:00:00,67.38699
2011-02-26 06:00:00,69.50978
2011-02-26 07:00:00,68.97833
2011-02-26 08:00:00,94.74472
2011-02-26 09:00:00,81.04908
2011-02-26 10:00:00,97.020355
2011-02-26 11:00:00,122.93167
2011-02-26 12:00:00,119.22148
2011-02-26 13:00:00,115.52194
2011-02-26 14:00:00,133.48915
2011-02-26 15:00:00,137.33931
2011-02-26 16:00:00,131.28209
2011-02-26 17:00:00,138.6013
2011-02-26 18:00:00,131.56749
2011-02-26 19:00:00,100.841705
2011-02-26 20:00:00,110.64308
2011-02-26 21:00:00,83.88699
2011-02-26 22:00:00,96.287315
2011-02-26 23:00:00,79.559265
2011-02-27 00:00:00,72.65616
2011-02-27 01:00:00,77.677086
2011-02-27 02:00:00,73.70073
2011-02-27 03:00:00,79.12003
2011-02-27 04:00:00,72.634476
2011-02-27 06:00:00,72.93498
2011-02-27 07:00:00,72.634476
2011-02-27 08:00:00,76.02295
2011-02-27 09:00:00,79.91797
2011-02-27 10:00:00,83.6188
2011-02-27 11:00:00,98.88654
2011-02-27 12:00:00,137.10603
2011-02-27 13:00:00,157.60725
2011-02-27 14:00:00,176.24466
2011-02-27 15:00:00,193.26198
2011-02-27 16:00:00,184.5458
2011-02-27 17:00:00,156.50403
2011-02-27 18:00:00,153.889
2011-02-27 19:00:00,153.43198
2011-02-27 20:00:00,137.10603
2011-02-27 21:00:00,151.4011
2011-02-27 22:00:00,132.7035
2011-02-27 23:00:00,130.57071
2011-02-28 00:00:00,127.42268
2011-02-28 01:00:00,75.002914
2011-02-28 03:00:00,75.936035
2011-02-28 05:00:00,99.94227
2011-02-28 06:00:00,93.248314
2011-02-28 07:00:00,98.685745
2011-02-28 08:00:00,86.06986
2011-02-28 09:00:00,118.53701
2011-02-28 10:00:00,189.96916
2011-02-28 11:00:00,192.38708
2011-02-28 12:00:00,192.38708
2011-02-28 13:00:00,86.78316
2011-02-28 14:00:00,79.046104
2011-02-28 15:00:00,79.046104
2011-02-28 16:00:00,76.723305
2011-02-28 17:00:00,76.61313
2011-02-28 18:00:00,88.96629
2011-02-28 19:00:00,111.096375
2011-02-28 20:00:00,111.096375
2011-02-28 21:00:00,113.01831
2011-02-28 22:00:00,76.22092
2011-02-28 23:00:00,99.6566
2011-03-20 00:00:00,132.64487
2011-03-20 01:00:00,122.01393
2011-03-20 02:00:00,112.586555
2011-03-20 03:00:00,87.79928
2011-03-20 04:00:00,91.140976
2011-03-20 05:00:00,89.96579
2011-03-20 06:00:00,91.140976
2011-03-20 07:00:00,74.03036
2011-03-20 08:00:00,92.173706
2011-03-20 09:00:00,102.660286
2011-03-20 10:00:00,132.06683
2011-03-20 11:00:00,157.8468
2011-03-20 12:00:00,166.32735
2011-03-20 13:00:00,222.52039
2011-03-20 14:00:00,266.8121
2011-03-20 15:00:00,219.14809
2011-03-20 16:00:00,266.30472
2011-03-20 17:00:00,190.31075
2011-03-20 18:00:00,164.58356
2011-03-20 19:00:00,134.41507
2011-03-20 20:00:00,131.28209
2011-03-20 21:00:00,114.27785
2011-03-20 22:00:00,113.91038
2011-03-20 23:00:00,89.13464
2011-03-21 00:00:00,92.12877
2011-03-21 01:00:00,117.272354
2011-03-21 02:00:00,109.81609
2011-03-21 03:00:00,109.81609
2011-03-21 05:00:00,121.35999
2011-03-21 06:00:00,83.41838
2011-03-21 07:00:00,77.47867
2011-03-21 08:00:00,94.14801
2011-03-21 09:00:00,95.94067
2011-03-21 10:00:00,129.19144
2011-03-21 11:00:00,134.34747
2011-03-21 12:00:00,137.96133
2011-03-21 13:00:00,213.1584
2011-03-21 14:00:00,215.81839
2011-03-21 15:00:00,217.66722
2011-03-21 16:00:00,180.05565
2011-03-21 17:00:00,198.1736
2011-03-21 18:00:00,202.74437
2011-03-21 19:00:00,247.24149
2011-03-21 20:00:00,191.9842
2011-03-21 21:00:00,128.79549
2011-03-21 22:00:00,130.91711
2011-03-21 23:00:00,106.34016
2011-03-22 00:00:00,133.14095
2011-03-22 01:00:00,95.83675
2011-03-22 02:00:00,102.97395
2011-03-22 03:00:00,135.81944
2011-03-22 04:00:00,129.86995
2011-03-22 05:00:00,113.15094
2011-03-22 06:00:00,127.677765
2011-03-22 07:00:00,124.052986
2011-03-22 08:00:00,158.53578
2011-03-22 09:00:00,151.05112
2011-03-22 10:00:00,176.31009
2011-03-22 11:00:00,196.13484
2011-03-22 12:00:00,184.24611
2011-03-22 13:00:00,206.37271
2011-03-22 14:00:00,257.18063
2011-03-22 15:00:00,223.67172
2011-03-22 16:00:00,250.55202
2011-03-22 17:00:00,250.55202
2011-03-22 18:00:00,241.14941
2011-03-22 19:00:00,175.2814
2011-03-22 20:00:00,169.30489
2011-03-22 21:00:00,170.34117
2011-03-22 22:00:00,159.0035
2011-03-22 23:00:00,159.0035
2011-03-23 00:00:00,122.9386
2011-03-23 01:00:00,102.76286
2011-03-23 02:00:00,102.76286
2011-03-23 03:00:00,103.666115
2011-03-23 05:00:00,78.96265
2011-03-23 06:00:00,94.62128
2011-03-23 07:00:00,87.93576
2011-03-23 08:00:00,101.5857
2011-03-23 09:00:00,97.12908
2011-03-23 10:00:00,95.240654
2011-03-23 11:00:00,103.64487
2011-03-23 12:00:00,98.5796
2011-03-23 13:00:00,80.756744
2011-03-23 14:00:00,106.697075
2011-03-23 15:00:00,121.62843
2011-03-23 16:00:00,151.11253
2011-03-23 17:00:00,151.11253
2011-03-23 18:00:00,91.47768
2011-03-23 19:00:00,91.47768
2011-03-23 20:00:00,92.42339
2011-03-23 21:00:00,74.42399
2011-03-23 22:00:00,93.222404
2011-03-23 23:00:00,94.26942
2011-03-24 00:00:00,87.93576
2011-03-24 01:00:00,79.11429
2011-03-24 02:00:00,80.44513
2011-03-24 03:00:00,77.43811
2011-03-24 04:00:00,77.43811
2011-03-24 05:00:00,83.95151
2011-03-24 06:00:00,83.95151
2011-03-24 07:00:00,65.64953
2011-03-24 08:00:00,66.844666
2011-03-24 09:00:00,81.70981
2011-03-24 10:00:00,79.98978
2011-03-24 11:00:00,90.149445
2011-03-24 12:00:00,103.71361
2011-03-24 13:00:00,136.37218
2011-03-24 14:00:00,104.727036
2011-03-24 15:00:00,102.03804
2011-03-24 16:00:00,140.53728
2011-03-24 17:00:00,129.26231
2011-03-24 18:00:00,112.17435
2011-03-24 19:00:00,146.74254
2011-03-24 20:00:00,115.52088
2011-03-24 21:00:00,128.66252
2011-03-24 22:00:00,108.034
2011-03-24 23:00:00,117.78067
2011-03-25 00:00:00,128.12292
2011-03-25 01:00:00,88.33231
2011-03-25 02:00:00,97.97984
2011-03-25 03:00:00,81.105194
2011-03-25 04:00:00,80.548386
2011-03-25 05:00:00,84.486115
2011-03-25 06:00:00,92.188446
2011-03-25 07:00:00,105.615364
2011-03-25 08:00:00,112.87069
2011-03-25 09:00:00,121.16896
2011-03-25 10:00:00,86.01229
2011-03-25 11:00:00,141.97363
2011-03-25 12:00:00,133.2686
2011-03-25 13:00:00,170.18408
2011-03-25 14:00:00,180.92696
2011-03-25 15:00:00,144.16638
2011-03-25 16:00:00,144.11006
2011-03-25 17:00:00,141.92818
2011-03-25 18:00:00,132.51176
2011-03-25 19:00:00,139.78395
2011-03-25 20:00:00,157.93542
2011-03-25 21:00:00,157.38239
2011-03-25 22:00:00,136.03621
2011-03-25 23:00:00,123.48143
2011-03-26 00:00:00,97.8761
2011-03-26 01:00:00,104.56052
2011-03-26 02:00:00,68.72756
2011-03-26 03:00:00,65.45325
2011-03-26 04:00:00,68.72756
2011-03-26 05:00:00,65.71655
2011-03-26 06:00:00,63.63681
2011-03-26 07:00:00,65.71655
2011-03-26 08:00:00,67.687294
2011-03-26 09:00:00,74.666756
2011-03-26 10:00:00,93.86154
2011-03-26 11:00:00,104.13253
2011-03-26 12:00:00,104.35482
2011-03-26 13:00:00,107.52845
2011-03-26 14:00:00,106.42421
2011-03-26 15:00:00,120.586136
2011-03-26 16:00:00,122.84938
2011-03-26 17:00:00,89.80028
2011-03-26 18:00:00,85.04338
2011-03-26 19:00:00,94.907104
2011-03-26 20:00:00,94.907104
2011-03-26 21:00:00,85.26341
2011-03-26 22:00:00,88.97359
2011-03-26 23:00:00,100.797195
2011-03-27 00:00:00,84.80296
2011-03-27 01:00:00,74.996124
2011-03-27 02:00:00,70.39362
2011-03-27 03:00:00,68.98454
2011-03-27 04:00:00,60.512222
2011-03-27 06:00:00,66.16663
2011-03-27 07:00:00,63.937843
2011-03-27 08:00:00,68.39341
2011-03-27 09:00:00,64.00904
2011-03-27 10:00:00,71.55038
2011-03-27 11:00:00,76.968
2011-03-27 12:00:00,85.33598
2011-03-27 13:00:00,106.810524
2011-03-27 14:00:00,123.903694
2011-03-27 15:00:00,128.9417
2011-03-27 16:00:00,172.38495
2011-03-27 17:00:00,115.63115
2011-03-27 18:00:00,97.73294
2011-03-27 19:00:00,95.82406
2011-03-27 20:00:00,98.83629
2011-03-27 21:00:00,93.86154
2011-03-27 22:00:00,93.86154
2011-03-27 23:00:00,93.33346
2011-03-28 00:00:00,133.47934
2011-03-28 01:00:00,130.3235
2011-03-28 02:00:00,133.07443
2011-03-28 03:00:00,133.07443
2011-03-28 05:00:00,107.807816
2011-03-28 06:00:00,104.07223
2011-03-28 07:00:00,109.33116
2011-03-28 08:00:00,104.192245
2011-03-28 09:00:00,101.69801
2011-03-28 10:00:00,137.37715
2011-03-28 11:00:00,127.20539
2011-03-28 12:00:00,126.282776
2011-03-28 13:00:00,121.6257
2011-03-28 14:00:00,159.28839
2011-03-28 15:00:00,150.19646
2011-03-28 16:00:00,174.60217
2011-03-28 17:00:00,158.21912
2011-03-28 18:00:00,155.44083
2011-03-28 19:00:00,158.95045
2011-03-28 20:00:00,202.4324
2011-03-28 21:00:00,194.54501
2011-03-28 22:00:00,150.30368
2011-03-28 23:00:00,129.10803
2011-03-29 00:00:00,122.61883
2011-03-29 01:00:00,117.22574
2011-03-29 02:00:00,117.22574
2011-03-29 03:00:00,117.22574
2011-03-29 04:00:00,122.59543
2011-03-29 05:00:00,106.8956
2011-03-29 06:00:00,120.47702
2011-03-29 07:00:00,113.30063
2011-03-29 08:00:00,120.755
2011-03-29 09:00:00,138.16994
2011-03-29 10:00:00,134.76738
2011-03-29 11:00:00,132.98894
2011-03-29 12:00:00,189.24326
2011-03-29 13:00:00,153.86127
2011-03-29 14:00:00,186.3084
2011-03-29 15:00:00,259.33353
2011-03-29 16:00:00,255.98746
2011-03-29 17:00:00,274.62842
2011-03-29 18:00:00,246.22853
2011-03-29 19:00:00,186.37
2011-03-29 20:00:00,246.22853
2011-03-29 21:00:00,186.04741
2011-03-29 22:00:00,159.91689
2011-03-29 23:00:00,126.49302
2011-03-30 00:00:00,115.48723
2011-03-30 01:00:00,181.1888
2011-03-30 02:00:00,115.48723
2011-03-30 03:00:00,129.63628
2011-03-30 04:00:00,115.48723
2011-03-30 05:00:00,144.42343
2011-03-30 06:00:00,136.36964
2011-03-30 07:00:00,149.0594
2011-03-30 08:00:00,157.09972
2011-03-30 09:00:00,150.53326
2011-03-30 10:00:00,155.98793
2011-03-30 11:00:00,133.97893
2011-03-30 12:00:00,164.63268
2011-03-30 13:00:00,166.26247
2011-03-30 14:00:00,155.71962
2011-03-30 15:00:00,73.83442
2011-03-30 16:00:00,73.76211
2011-03-30 17:00:00,77.391174
2011-03-30 18:00:00,81.70981
2011-03-30 19:00:00,81.70981
2011-03-30 20:00:00,66.04233
2011-03-30 21:00:00,78.96273
2011-03-30 22:00:00,67.50397
2011-03-30 23:00:00,66.28711
2011-03-31 00:00:00,67.50397
2011-03-31 01:00:00,68.89817
2011-03-31 02:00:00,68.89817
2011-03-31 03:00:00,67.50397
2011-03-31 04:00:00,67.18555
2011-03-31 05:00:00,67.50397
2011-03-31 06:00:00,66.04233
2011-03-31 07:00:00,67.18555
2011-03-31 08:00:00,75.38736
2011-03-31 09:00:00,68.39288
2011-03-31 10:00:00,68.39288
2011-03-31 11:00:00,71.16796
2011-03-31 12:00:00,71.16796
2011-03-31 13:00:00,79.43352
2011-03-31 14:00:00,79.43352
2011-03-31 15:00:00,71.42845
2011-03-31 16:00:00,90.83066
2011-03-31 17:00:00,90.83066
2011-03-31 18:00:00,97.905334
2011-03-31 19:00:00,97.905334
2011-03-31 20:00:00,69.55962
2011-03-31 21:00:00,85.40769
2011-03-31 22:00:00,70.78272
2011-03-31 23:00:00,66.83999
2011-04-20 00:00:00,108.3893
2011-04-20 01:00:00,117.64581
2011-04-20 02:00:00,117.64581
2011-04-20 03:00:00,112.58673
2011-04-20 04:00:00,97.88034
2011-04-20 05:00:00,124.57127
2011-04-20 06:00:00,117.64581
2011-04-20 07:00:00,113.596405
2011-04-20 08:00:00,255.20583
2011-04-20 09:00:00,261.20535
2011-04-20 10:00:00,166.31293
2011-04-20 11:00:00,166.31293
2011-04-20 12:00:00,301.7459
2011-04-20 13:00:00,301.7459
2011-04-20 14:00:00,312.12323
2011-04-20 15:00:00,287.7724
2011-04-20 16:00:00,287.7724
2011-04-20 17:00:00,295.86716
2011-04-20 18:00:00,312.74
2011-04-20 19:00:00,358.51205
2011-04-20 20:00:00,347.32797
2011-04-20 21:00:00,340.3449
2011-04-20 22:00:00,344.87018
2011-04-20 23:00:00,302.91348
2011-04-21 00:00:00,280.09814
2011-04-21 01:00:00,219.74718
2011-04-21 02:00:00,264.73758
2011-04-21 03:00:00,172.99431
2011-04-21 04:00:00,165.96404
2011-04-21 05:00:00,153.88441
2011-04-21 06:00:00,147.63042
2011-04-21 07:00:00,157.56747
2011-04-21 08:00:00,149.63928
2011-04-21 09:00:00,178.09262
2011-04-21 10:00:00,218.70212
2011-04-21 11:00:00,219.57094
2011-04-21 12:00:00,233.25565
2011-04-21 13:00:00,273.89142
2011-04-21 14:00:00,271.89276
2011-04-21 15:00:00,278.97934
2011-04-21 16:00:00,290.13852
2011-04-21 17:00:00,285.11053
2011-04-21 18:00:00,321.01434
2011-04-21 19:00:00,295.7357
2011-04-21 20:00:00,258.68677
2011-04-21 21:00:00,191.2507
2011-04-21 22:00:00,247.41003
2011-04-21 23:00:00,219.94926
2011-04-22 00:00:00,171.25351
2011-04-22 01:00:00,132.45338
2011-04-22 02:00:00,158.98982
2011-04-22 03:00:00,158.98982
2011-04-22 04:00:00,142.97142
2011-04-22 05:00:00,160.2105
2011-04-22 06:00:00,142.97142
2011-04-22 07:00:00,133.6027
2011-04-22 08:00:00,126.28601
2011-04-22 09:00:00,94.00652
2011-04-22 10:00:00,165.10155
2011-04-22 11:00:00,126.234505
2011-04-22 12:00:00,92.38133
2011-04-22 13:00:00,80.34891
2011-04-22 14:00:00,76.68281
2011-04-22 15:00:00,80.34891
2011-04-22 16:00:00,80.756744
2011-04-22 17:00:00,73.037346
2011-04-22 18:00:00,73.037346
2011-04-22 19:00:00,73.037346
2011-04-22 20:00:00,76.88462
2011-04-22 21:00:00,74.465195
2011-04-22 22:00:00,70.19548
2011-04-22 23:00:00,78.48242
2011-04-23 00:00:00,71.713005
2011-04-23 01:00:00,71.713005
2011-04-23 02:00:00,65.153175
2011-04-23 03:00:00,70.60337
2011-04-23 04:00:00,86.508606
2011-04-23 05:00:00,86.508606
2011-04-23 06:00:00,74.04059
2011-04-23 07:00:00,64.97826
2011-04-23 08:00:00,72.06435
2011-04-23 09:00:00,86.39348
2011-04-23 10:00:00,101.75229
2011-04-23 11:00:00,108.22824
2011-04-23 12:00:00,159.1902
2011-04-23 13:00:00,143.8806
2011-04-23 14:00:00,145.00063
2011-04-23 15:00:00,195.97758
2011-04-23 16:00:00,141.17323
2011-04-23 17:00:00,156.51418
2011-04-23 18:00:00,133.62369
2011-04-23 19:00:00,102.0434
2011-04-23 20:00:00,115.52031
2011-04-23 21:00:00,119.99641
2011-04-23 22:00:00,146.38785
2011-04-23 23:00:00,112.269806
2011-04-24 00:00:00,106.32693
2011-04-24 01:00:00,96.86737
2011-04-24 02:00:00,96.86737
2011-04-24 03:00:00,68.877846
2011-04-24 04:00:00,68.877846
2011-04-24 05:00:00,68.877846
2011-04-24 06:00:00,109.31055
2011-04-24 07:00:00,109.31055
2011-04-24 08:00:00,90.50927
2011-04-24 09:00:00,99.05562
2011-04-24 10:00:00,124.41342
2011-04-24 11:00:00,211.60217
2011-04-24 12:00:00,238.48949
2011-04-24 13:00:00,309.27072
2011-04-24 14:00:00,332.07474
2011-04-24 15:00:00,246.90614
2011-04-24 16:00:00,351.78946
2011-04-24 17:00:00,236.55821
2011-04-24 18:00:00,182.66136
2011-04-24 19:00:00,108.91614
2011-04-24 20:00:00,108.91614
2011-04-24 21:00:00,84.99841
2011-04-24 22:00:00,77.33197
2011-04-24 23:00:00,77.368866
2011-04-25 00:00:00,102.08803
2011-04-25 01:00:00,88.38319
2011-04-25 02:00:00,88.38319
2011-04-25 03:00:00,100.75609
2011-04-25 04:00:00,123.716705
2011-04-25 05:00:00,111.93756
2011-04-25 06:00:00,119.76947
2011-04-25 07:00:00,103.43837
2011-04-25 08:00:00,96.15997
2011-04-25 09:00:00,109.13378
2011-04-25 10:00:00,200.71751
2011-04-25 11:00:00,200.71751
2011-04-25 12:00:00,202.3099
2011-04-25 13:00:00,250.28822
2011-04-25 14:00:00,320.78912
2011-04-25 15:00:00,342.58975
2011-04-25 16:00:00,296.98608
2011-04-25 17:00:00,300.09882
2011-04-25 18:00:00,286.54532
2011-04-25 19:00:00,283.63593
2011-04-25 20:00:00,261.20535
2011-04-25 21:00:00,210.43903
2011-04-25 22:00:00,177.2462
2011-04-25 23:00:00,143.55287
2011-04-26 00:00:00,193.0083
2011-04-26 01:00:00,172.9942
2011-04-26 02:00:00,160.17726
2011-04-26 03:00:00,136.67152
2011-04-26 04:00:00,140.63806
2011-04-26 05:00:00,131.15685
2011-04-26 06:00:00,132.96031
2011-04-26 07:00:00,146.72256
2011-04-26 08:00:00,146.72256
2011-04-26 09:00:00,223.40852
2011-04-26 10:00:00,249.34462
2011-04-26 11:00:00,266.98007
2011-04-26 12:00:00,282.72894
2011-04-26 13:00:00,304.5411
2011-04-26 14:00:00,296.84686
2011-04-26 15:00:00,284.77808
2011-04-26 16:00:00,289.56406
2011-04-26 17:00:00,279.38394
2011-04-26 18:00:00,270.42773
2011-04-26 19:00:00,237.52153
2011-04-26 20:00:00,223.40852
2011-04-26 21:00:00,159.21432
2011-04-26 22:00:00,162.13165
2011-04-26 23:00:00,165.70361
2011-04-27 00:00:00,146.26642
2011-04-27 01:00:00,144.76762
2011-04-27 02:00:00,134.8079
2011-04-27 03:00:00,145.2427
2011-04-27 04:00:00,128.4238
2011-04-27 05:00:00,135.39436
2011-04-27 06:00:00,130.00964
2011-04-27 07:00:00,145.2427
2011-04-27 08:00:00,162.39925
2011-04-27 09:00:00,197.97346
2011-04-27 10:00:00,160.57327
2011-04-27 11:00:00,178.44394
2011-04-27 12:00:00,191.75507
2011-04-27 13:00:00,171.14827
2011-04-27 14:00:00,196.40508
2011-04-27 15:00:00,276.99493
2011-04-27 16:00:00,260.27966
2011-04-27 17:00:00,144.83736
2011-04-27 18:00:00,144.83736
2011-04-27 19:00:00,159.21432
2011-04-27 20:00:00,167.03473
2011-04-27 21:00:00,141.41753
2011-04-27 22:00:00,171.16176
2011-04-27 23:00:00,182.75455
2011-04-28 00:00:00,197.59518
2011-04-28 01:00:00,200.52118
2011-04-28 02:00:00,214.85
2011-04-28 03:00:00,212.44627
2011-04-28 04:00:00,207.71605
2011-04-28 05:00:00,200.52118
2011-04-28 06:00:00,233.0407
2011-04-28 07:00:00,228.5171
2011-04-28 08:00:00,238.49269
2011-04-28 09:00:00,118.98186
2011-04-28 10:00:00,153.58093
2011-04-28 11:00:00,160.57327
2011-04-28 12:00:00,178.83565
2011-04-28 13:00:00,164.93222
2011-04-28 14:00:00,152.41145
2011-04-28 15:00:00,244.3676
2011-04-28 16:00:00,164.55782
2011-04-28 17:00:00,296.49973
2011-04-28 18:00:00,296.49973
2011-04-28 19:00:00,307.3699
2011-04-28 20:00:00,290.77603
2011-04-28 21:00:00,247.9526
2011-04-28 22:00:00,228.67177
2011-04-28 23:00:00,284.41632
2011-04-29 00:00:00,281.68875
2011-04-29 01:00:00,245.04279
2011-04-29 02:00:00,141.40536
2011-04-29 03:00:00,162.32213
2011-04-29 04:00:00,186.69621
2011-04-29 05:00:00,205.6764
2011-04-29 06:00:00,234.32607
2011-04-29 07:00:00,226.23103
2011-04-29 08:00:00,290.0129
2011-04-29 09:00:00,281.19507
2011-04-29 10:00:00,300.1033
2011-04-29 11:00:00,360.75143
2011-04-29 12:00:00,314.983
2011-04-29 13:00:00,309.14487
2011-04-29 14:00:00,309.10004
2011-04-29 15:00:00,238.96521
2011-04-29 16:00:00,219.13638
2011-04-29 17:00:00,206.72092
2011-04-29 18:00:00,251.5406
2011-04-29 19:00:00,189.70299
2011-04-29 20:00:00,190.98059
2011-04-29 21:00:00,184.6088
2011-04-29 22:00:00,182.55684
2011-04-29 23:00:00,188.8253
2011-04-30 00:00:00,163.93709
2011-04-30 01:00:00,188.33334
2011-04-30 02:00:00,185.80559
2011-04-30 03:00:00,179.20506
2011-04-30 04:00:00,180.74236
2011-04-30 05:00:00,160.34694
2011-04-30 06:00:00,123.27312
2011-04-30 07:00:00,155.8781
2011-04-30 08:00:00,139.14474
2011-04-30 09:00:00,163.64975
2011-04-30 10:00:00,207.15398
2011-04-30 11:00:00,223.9041
2011-04-30 12:00:00,239.17671
2011-04-30 13:00:00,294.3759
2011-04-30 14:00:00,277.743
2011-04-30 15:00:00,286.73416
2011-04-30 16:00:00,328.69107
2011-04-30 17:00:00,256.23544
2011-04-30 18:00:00,240.82375
2011-04-30 19:00:00,240.82375
2011-04-30 20:00:00,141.83223
2011-04-30 21:00:00,141.83223
2011-04-30 22:00:00,96.017715
2011-04-30 23:00:00,96.017715
2011-05-20 00:00:00,101.2499
2011-05-20 01:00:00,111.231125
2011-05-20 02:00:00,96.60187
2011-05-20 03:00:00,109.94086
2011-05-20 04:00:00,102.97395
2011-05-20 05:00:00,101.45683
2011-05-20 06:00:00,106.19559
2011-05-20 07:00:00,132.95547
2011-05-20 08:00:00,155.98885
2011-05-20 09:00:00,187.43071
2011-05-20 10:00:00,191.9842
2011-05-20 11:00:00,214.85036
2011-05-20 12:00:00,236.83713
2011-05-20 13:00:00,212.31554
2011-05-20 14:00:00,273.48325
2011-05-20 15:00:00,229.74963
2011-05-20 16:00:00,242.79703
2011-05-20 17:00:00,231.99896
2011-05-20 18:00:00,243.00656
2011-05-20 19:00:00,173.21211
2011-05-20 20:00:00,191.02278
2011-05-20 21:00:00,181.84846
2011-05-20 22:00:00,143.9438
2011-05-20 23:00:00,158.49332
2011-05-21 00:00:00,85.5291
2011-05-21 01:00:00,110.25333
2011-05-21 02:00:00,95.08175
2011-05-21 03:00:00,76.664825
2011-05-21 04:00:00,73.56734
2011-05-21 05:00:00,71.96899
2011-05-21 06:00:00,79.41673
2011-05-21 07:00:00,107.22929
2011-05-21 08:00:00,129.8702
2011-05-21 09:00:00,200.85292
2011-05-21 10:00:00,245.75172
2011-05-21 11:00:00,277.7022
2011-05-21 12:00:00,321.70584
2011-05-21 13:00:00,390.12915
2011-05-21 14:00:00,410.0975
2011-05-21 15:00:00,410.96704
2011-05-21 16:00:00,408.4345
2011-05-21 17:00:00,356.76166
2011-05-21 18:00:00,318.6135
2011-05-21 19:00:00,337.35934
2011-05-21 20:00:00,181.43715
2011-05-21 21:00:00,245.75172
2011-05-21 22:00:00,164.29921
2011-05-21 23:00:00,85.238846
2011-05-22 00:00:00,87.39447
2011-05-22 01:00:00,68.0321
2011-05-22 02:00:00,67.167114
2011-05-22 03:00:00,66.52384
2011-05-22 04:00:00,90.04976
2011-05-22 05:00:00,66.52384
2011-05-22 06:00:00,67.167114
2011-05-22 07:00:00,70.70372
2011-05-22 08:00:00,102.98169
2011-05-22 09:00:00,145.01337
2011-05-22 10:00:00,202.73463
2011-05-22 11:00:00,305.7771
2011-05-22 12:00:00,311.4082
2011-05-22 13:00:00,255.18375
2011-05-22 14:00:00,179.90662
2011-05-22 15:00:00,218.17238
2011-05-22 16:00:00,238.30887
2011-05-22 17:00:00,297.39166
2011-05-22 18:00:00,230.18388
2011-05-22 19:00:00,208.49614
2011-05-22 20:00:00,188.11613
2011-05-22 21:00:00,176.87027
2011-05-22 22:00:00,83.374886
2011-05-22 23:00:00,119.18737
2011-05-23 00:00:00,124.636154
2011-05-23 01:00:00,96.15997
2011-05-23 02:00:00,111.98061
2011-05-23 03:00:00,96.804825
2011-05-23 04:00:00,124.35068
2011-05-23 05:00:00,124.35068
2011-05-23 06:00:00,127.575005
2011-05-23 07:00:00,112.0338
2011-05-23 08:00:00,128.8124
2011-05-23 09:00:00,135.8843
2011-05-23 10:00:00,193.64131
2011-05-23 11:00:00,256.1861
2011-05-23 12:00:00,256.1861
2011-05-23 13:00:00,280.7619
2011-05-23 14:00:00,284.75043
2011-05-23 15:00:00,283.05365
2011-05-23 16:00:00,252.77946
2011-05-23 17:00:00,220.96228
2011-05-23 18:00:00,215.03453
2011-05-23 19:00:00,216.06651
2011-05-23 20:00:00,148.69215
2011-05-23 21:00:00,137.74362
2011-05-23 22:00:00,129.26747
2011-05-23 23:00:00,150.73834
2011-05-24 00:00:00,132.55135
2011-05-24 01:00:00,122.23858
2011-05-24 02:00:00,132.55135
2011-05-24 03:00:00,112.91127
2011-05-24 04:00:00,95.12269
2011-05-24 05:00:00,140.16833
2011-05-24 06:00:00,134.37064
2011-05-24 07:00:00,165.25099
2011-05-24 08:00:00,137.53377
2011-05-24 09:00:00,208.70123
2011-05-24 10:00:00,287.33395
2011-05-24 11:00:00,342.58975
2011-05-24 12:00:00,303.9068
2011-05-24 13:00:00,340.69586
2011-05-24 14:00:00,328.20602
2011-05-24 15:00:00,232.4392
2011-05-24 16:00:00,208.17697
2011-05-24 17:00:00,275.7032
2011-05-24 18:00:00,215.06119
2011-05-24 19:00:00,194.85281
2011-05-24 20:00:00,148.32898
2011-05-24 21:00:00,116.59626
2011-05-24 22:00:00,123.60307
2011-05-24 23:00:00,176.55061
2011-05-25 00:00:00,135.28287
2011-05-25 01:00:00,133.28844
2011-05-25 02:00:00,127.05456
2011-05-25 03:00:00,87.843925
2011-05-25 04:00:00,85.27728
2011-05-25 05:00:00,99.97386
2011-05-25 06:00:00,92.52305
2011-05-25 07:00:00,164.72098
2011-05-25 08:00:00,216.63364
2011-05-25 09:00:00,235.18295
2011-05-25 10:00:00,277.05597
2011-05-25 11:00:00,298.83038
2011-05-25 12:00:00,286.31604
2011-05-25 13:00:00,286.31604
2011-05-25 14:00:00,294.81116
2011-05-25 15:00:00,334.06866
2011-05-25 16:00:00,327.38263
2011-05-25 17:00:00,342.58975
2011-05-25 18:00:00,295.75345
2011-05-25 19:00:00,265.81363
2011-05-25 20:00:00,250.45769
2011-05-25 21:00:00,203.89105
2011-05-25 22:00:00,226.26305
2011-05-25 23:00:00,168.27934
2011-05-26 00:00:00,168.27934
2011-05-26 01:00:00,168.27934
2011-05-26 02:00:00,100.752205
2011-05-26 03:00:00,99.1237
2011-05-26 04:00:00,124.56579
2011-05-26 05:00:00,126.198135
2011-05-26 06:00:00,106.94899
2011-05-26 07:00:00,145.68834
2011-05-26 08:00:00,160.93762
2011-05-26 09:00:00,228.03795
2011-05-26 10:00:00,215.03453
2011-05-26 11:00:00,265.2085
2011-05-26 12:00:00,288.96274
2011-05-26 13:00:00,293.10815
2011-05-26 14:00:00,293.10815
2011-05-26 15:00:00,279.64816
2011-05-26 16:00:00,277.1986
2011-05-26 17:00:00,315.23242
2011-05-26 18:00:00,296.81427
2011-05-26 19:00:00,304.8534
2011-05-26 20:00:00,275.15695
2011-05-26 21:00:00,276.25296
2011-05-26 22:00:00,256.10822
2011-05-26 23:00:00,226.5444
2011-05-27 00:00:00,237.5104
2011-05-27 01:00:00,289.42688
2011-05-27 02:00:00,254.12167
2011-05-27 03:00:00,226.5669
2011-05-27 04:00:00,197.99883
2011-05-27 05:00:00,226.05
2011-05-27 06:00:00,168.61272
2011-05-27 07:00:00,186.1466
2011-05-27 08:00:00,187.438
2011-05-27 09:00:00,266.1485
2011-05-27 10:00:00,297.91446
2011-05-27 11:00:00,269.75278
2011-05-27 12:00:00,270.8507
2011-05-27 13:00:00,288.1274
2011-05-27 14:00:00,324.61533
2011-05-27 15:00:00,319.53836
2011-05-27 16:00:00,278.22696
2011-05-27 17:00:00,293.41592
2011-05-27 18:00:00,252.77946
2011-05-27 19:00:00,145.40843
2011-05-27 20:00:00,208.69463
2011-05-27 21:00:00,100.07484
2011-05-27 22:00:00,130.94443
2011-05-27 23:00:00,98.239815
2011-05-28 00:00:00,74.12179
2011-05-28 01:00:00,98.39966
2011-05-28 02:00:00,88.41124
2011-05-28 03:00:00,101.63428
2011-05-28 04:00:00,99.05562
2011-05-28 05:00:00,101.63428
2011-05-28 06:00:00,113.23012
2011-05-28 07:00:00,116.69619
2011-05-28 08:00:00,143.01929
2011-05-28 09:00:00,175.85
2011-05-28 10:00:00,234.638
2011-05-28 11:00:00,234.638
2011-05-28 12:00:00,315.66943
2011-05-28 13:00:00,272.12192
2011-05-28 14:00:00,318.02094
2011-05-28 15:00:00,343.54025
2011-05-28 16:00:00,363.22736
2011-05-28 17:00:00,349.11304
2011-05-28 18:00:00,291.9744
2011-05-28 19:00:00,205.825
2011-05-28 20:00:00,234.638
2011-05-28 21:00:00,162.1126
2011-05-28 22:00:00,151.2479
2011-05-28 23:00:00,113.594124
2011-05-29 00:00:00,120.19389
2011-05-29 01:00:00,89.80049
2011-05-29 02:00:00,71.97221
2011-05-29 03:00:00,71.97221
2011-05-29 04:00:00,73.12562
2011-05-29 05:00:00,76.1182
2011-05-29 06:00:00,122.749794
2011-05-29 07:00:00,121.765175
2011-05-29 08:00:00,124.99506
2011-05-29 09:00:00,112.702286
2011-05-29 10:00:00,145.44305
2011-05-29 11:00:00,138.07089
2011-05-29 12:00:00,200.33665
2011-05-29 13:00:00,242.3494
2011-05-29 14:00:00,255.30965
2011-05-29 15:00:00,261.8864
2011-05-29 16:00:00,255.30965
2011-05-29 17:00:00,255.30965
2011-05-29 18:00:00,218.50906
2011-05-29 19:00:00,225.76602
2011-05-29 20:00:00,151.34747
2011-05-29 21:00:00,115.06546
2011-05-29 22:00:00,77.70466
2011-05-29 23:00:00,90.78876
2011-05-30 00:00:00,81.08394
2011-05-30 01:00:00,72.56109
2011-05-30 02:00:00,81.08394
2011-05-30 03:00:00,81.08394
2011-05-30 04:00:00,75.00055
2011-05-30 05:00:00,92.562164
2011-05-30 06:00:00,95.08375
2011-05-30 07:00:00,117.58104
2011-05-30 08:00:00,106.08282
2011-05-30 09:00:00,140.17918
2011-05-30 10:00:00,353.3051
2011-05-30 11:00:00,352.86627
2011-05-30 12:00:00,354.02725
2011-05-30 13:00:00,369.75745
2011-05-30 14:00:00,401.5619
2011-05-30 15:00:00,427.79456
2011-05-30 16:00:00,422.5849
2011-05-30 17:00:00,432.61874
2011-05-30 18:00:00,425.7166
2011-05-30 19:00:00,259.27744
2011-05-30 20:00:00,253.66022
2011-05-30 21:00:00,203.54741
2011-05-30 22:00:00,172.28929
2011-05-30 23:00:00,82.83861
2011-05-31 00:00:00,141.62514
2011-05-31 01:00:00,101.04866
2011-05-31 02:00:00,118.53941
2011-05-31 03:00:00,136.12743
2011-05-31 04:00:00,104.367386
2011-05-31 05:00:00,104.367386
2011-05-31 06:00:00,127.82208
2011-05-31 07:00:00,259.5138
2011-05-31 08:00:00,283.18018
2011-05-31 09:00:00,289.2292
2011-05-31 10:00:00,278.03342
2011-05-31 11:00:00,285.33325
2011-05-31 12:00:00,298.39343
2011-05-31 13:00:00,303.87833
2011-05-31 14:00:00,289.2766
2011-05-31 15:00:00,311.71548
2011-05-31 16:00:00,300.39722
2011-05-31 17:00:00,291.58746
2011-05-31 18:00:00,297.3467
2011-05-31 19:00:00,281.22046
2011-05-31 20:00:00,281.22046
2011-05-31 21:00:00,263.18265
2011-05-31 22:00:00,235.62607
2011-05-31 23:00:00,155.54317
2011-06-20 00:00:00,140.26846
2011-06-20 01:00:00,96.80427
2011-06-20 02:00:00,96.80427
2011-06-20 03:00:00,112.40344
2011-06-20 04:00:00,115.144554
2011-06-20 05:00:00,122.80013
2011-06-20 06:00:00,140.65506
2011-06-20 07:00:00,117.03138
2011-06-20 08:00:00,130.51225
2011-06-20 09:00:00,172.76869
2011-06-20 10:00:00,172.76869
2011-06-20 11:00:00,143.45277
2011-06-20 12:00:00,187.91542
2011-06-20 13:00:00,224.16173
2011-06-20 14:00:00,264.12622
2011-06-20 15:00:00,249.04903
2011-06-20 16:00:00,265.00363
2011-06-20 17:00:00,244.0298
2011-06-20 18:00:00,285.9055
2011-06-20 19:00:00,231.90463
2011-06-20 20:00:00,223.04884
2011-06-20 21:00:00,186.1466
2011-06-20 22:00:00,210.92647
2011-06-20 23:00:00,164.55782
2011-06-21 00:00:00,152.94864
2011-06-21 01:00:00,164.18904
2011-06-21 02:00:00,143.95293
2011-06-21 03:00:00,143.95293
2011-06-21 04:00:00,127.69418
2011-06-21 05:00:00,131.48563
2011-06-21 06:00:00,131.48563
2011-06-21 07:00:00,130.07132
2011-06-21 08:00:00,129.52518
2011-06-21 09:00:00,154.61455
2011-06-21 10:00:00,167.89622
2011-06-21 11:00:00,140.26846
2011-06-21 12:00:00,190.97462
2011-06-21 13:00:00,259.3009
2011-06-21 14:00:00,286.13513
2011-06-21 15:00:00,306.875
2011-06-21 16:00:00,293.5349
2011-06-21 17:00:00,273.67303
2011-06-21 18:00:00,255.30736
2011-06-21 19:00:00,224.12843
2011-06-21 20:00:00,219.16852
2011-06-21 21:00:00,215.09302
2011-06-21 22:00:00,141.8656
2011-06-21 23:00:00,175.99211
2011-06-22 00:00:00,172.55542
2011-06-22 01:00:00,141.779
2011-06-22 02:00:00,142.54314
2011-06-22 03:00:00,141.779
2011-06-22 04:00:00,132.98346
2011-06-22 05:00:00,125.44128
2011-06-22 06:00:00,135.36818
2011-06-22 07:00:00,153.927
2011-06-22 08:00:00,196.3111
2011-06-22 09:00:00,172.33434
2011-06-22 10:00:00,268.8438
2011-06-22 11:00:00,235.62607
2011-06-22 12:00:00,284.30682
2011-06-22 13:00:00,287.44754
2011-06-22 14:00:00,283.60446
2011-06-22 15:00:00,278.4001
2011-06-22 16:00:00,276.2292
2011-06-22 17:00:00,283.21494
2011-06-22 18:00:00,282.57263
2011-06-22 19:00:00,294.2502
2011-06-22 20:00:00,210.05695
2011-06-22 21:00:00,179.54335
2011-06-22 22:00:00,198.05576
2011-06-22 23:00:00,199.6585
2011-06-23 00:00:00,199.1173
2011-06-23 01:00:00,222.29396
2011-06-23 02:00:00,222.29396
2011-06-23 03:00:00,211.2665
2011-06-23 04:00:00,165.47142
2011-06-23 05:00:00,205.13269
2011-06-23 06:00:00,205.13269
2011-06-23 07:00:00,205.42915
2011-06-23 08:00:00,237.95576
2011-06-23 09:00:00,236.3755
2011-06-23 10:00:00,268.09866
2011-06-23 11:00:00,252.53775
2011-06-23 12:00:00,260.47604
2011-06-23 13:00:00,265.3169
2011-06-23 14:00:00,261.8505
2011-06-23 15:00:00,278.67505
2011-06-23 16:00:00,259.4871
2011-06-23 17:00:00,263.2945
2011-06-23 18:00:00,267.41296
2011-06-23 19:00:00,272.5339
2011-06-23 20:00:00,216.06651
2011-06-23 21:00:00,205.4658
2011-06-23 22:00:00,220.86931
2011-06-23 23:00:00,215.03453
2011-06-24 00:00:00,172.18346
2011-06-24 01:00:00,179.92673
2011-06-24 02:00:00,179.92673
2011-06-24 03:00:00,140.26846
2011-06-24 04:00:00,104.367386
2011-06-24 05:00:00,96.80427
2011-06-24 06:00:00,120.029915
2011-06-24 07:00:00,169.78699
2011-06-24 08:00:00,216.06651
2011-06-24 09:00:00,272.57184
2011-06-24 10:00:00,315.27615
2011-06-24 11:00:00,304.01044
2011-06-24 12:00:00,325.05652
2011-06-24 13:00:00,362.4226
2011-06-24 14:00:00,329.14014
2011-06-24 15:00:00,297.2667
2011-06-24 16:00:00,306.9098
2011-06-24 17:00:00,361.88892
2011-06-24 18:00:00,331.68988
2011-06-24 19:00:00,378.57556
2011-06-24 20:00:00,334.5215
2011-06-24 21:00:00,302.48163
2011-06-24 22:00:00,293.61035
2011-06-24 23:00:00,284.21545
2011-06-25 00:00:00,344.16772
2011-06-25 01:00:00,306.73404
2011-06-25 02:00:00,311.68646
2011-06-25 03:00:00,245.84897
2011-06-25 04:00:00,245.84897
2011-06-25 05:00:00,228.53662
2011-06-25 06:00:00,248.91385
2011-06-25 07:00:00,271.07236
2011-06-25 08:00:00,382.61008
2011-06-25 09:00:00,417.56174
2011-06-25 10:00:00,408.3481
2011-06-25 11:00:00,424.3072
2011-06-25 12:00:00,434.0935
2011-06-25 13:00:00,434.0935
2011-06-25 14:00:00,396.36407
2011-06-25 15:00:00,410.04758
2011-06-25 16:00:00,412.068
2011-06-25 17:00:00,456.53085
2011-06-25 18:00:00,417.56174
2011-06-25 19:00:00,383.55685
2011-06-25 20:00:00,372.80328
2011-06-25 21:00:00,310.6934
2011-06-25 22:00:00,367.7651
2011-06-25 23:00:00,310.41925
2011-06-26 00:00:00,277.77313
2011-06-26 01:00:00,300.36343
2011-06-26 02:00:00,284.3655
2011-06-26 03:00:00,218.49525
2011-06-26 04:00:00,208.84648
2011-06-26 05:00:00,174.00728
2011-06-26 06:00:00,174.00728
2011-06-26 07:00:00,190.48611
2011-06-26 08:00:00,212.87138
2011-06-26 09:00:00,307.97205
2011-06-26 10:00:00,341.4444
2011-06-26 11:00:00,354.95618
2011-06-26 12:00:00,427.6988
2011-06-26 13:00:00,425.4725
2011-06-26 14:00:00,399.61273
2011-06-26 15:00:00,425.4725
2011-06-26 16:00:00,448.2009
2011-06-26 17:00:00,394.05884
2011-06-26 18:00:00,409.9144
2011-06-26 19:00:00,322.51108
2011-06-26 20:00:00,317.02234
2011-06-26 21:00:00,304.68695
2011-06-26 22:00:00,338.475
2011-06-26 23:00:00,322.76044
2011-06-27 00:00:00,164.28218
2011-06-27 01:00:00,166.16408
2011-06-27 02:00:00,147.45172
2011-06-27 03:00:00,147.45172
2011-06-27 04:00:00,163.20148
2011-06-27 05:00:00,164.69603
2011-06-27 06:00:00,181.94801
2011-06-27 07:00:00,216.28477
2011-06-27 08:00:00,194.85281
2011-06-27 09:00:00,238.35942
2011-06-27 10:00:00,266.39896
2011-06-27 11:00:00,211.48479
2011-06-27 12:00:00,238.35942
2011-06-27 13:00:00,264.93076
2011-06-27 14:00:00,265.41812
2011-06-27 15:00:00,238.12355
2011-06-27 16:00:00,291.48535
2011-06-27 17:00:00,286.31604
2011-06-27 18:00:00,278.7987
2011-06-27 19:00:00,260.9984
2011-06-27 20:00:00,252.79239
2011-06-27 21:00:00,187.71149
2011-06-27 22:00:00,176.02449
2011-06-27 23:00:00,176.02449
2011-06-28 00:00:00,167.74767
2011-06-28 01:00:00,157.56595
2011-06-28 02:00:00,166.96117
2011-06-28 03:00:00,166.96117
2011-06-28 04:00:00,157.56595
2011-06-28 05:00:00,142.54314
2011-06-28 06:00:00,140.26846
2011-06-28 07:00:00,152.22055
2011-06-28 08:00:00,165.8626
2011-06-28 09:00:00,179.66122
2011-06-28 10:00:00,324.68774
2011-06-28 11:00:00,302.25656
2011-06-28 12:00:00,318.90945
2011-06-28 13:00:00,306.87054
2011-06-28 14:00:00,312.25223
2011-06-28 15:00:00,296.62823
2011-06-28 16:00:00,272.85742
2011-06-28 17:00:00,293.1811
2011-06-28 18:00:00,284.31235
2011-06-28 19:00:00,288.833
2011-06-28 20:00:00,202.38023
2011-06-28 21:00:00,279.04214
2011-06-28 22:00:00,244.5127
2011-06-28 23:00:00,236.55365
2011-06-29 00:00:00,193.44275
2011-06-29 01:00:00,188.4493
2011-06-29 02:00:00,152.78146
2011-06-29 03:00:00,141.31317
2011-06-29 04:00:00,108.01282
2011-06-29 05:00:00,140.49736
2011-06-29 06:00:00,221.33153
2011-06-29 07:00:00,309.0614
2011-06-29 08:00:00,323.20703
2011-06-29 09:00:00,307.23737
2011-06-29 10:00:00,335.32574
2011-06-29 11:00:00,380.72473
2011-06-29 12:00:00,363.7514
2011-06-29 13:00:00,311.46832
2011-06-29 14:00:00,376.7038
2011-06-29 15:00:00,360.8813
2011-06-29 16:00:00,304.22247
2011-06-29 17:00:00,301.18286
2011-06-29 18:00:00,321.75793
2011-06-29 19:00:00,309.53143
2011-06-29 20:00:00,331.61597
2011-06-29 21:00:00,377.53772
2011-06-29 22:00:00,361.88116
2011-06-29 23:00:00,326.05753
2011-06-30 00:00:00,285.88104
2011-06-30 01:00:00,272.15552
2011-06-30 02:00:00,261.36798
2011-06-30 03:00:00,215.91023
2011-06-30 04:00:00,205.85934
2011-06-30 05:00:00,195.10567
2011-06-30 06:00:00,220.28807
2011-06-30 07:00:00,224.65007
2011-06-30 08:00:00,339.18817
2011-06-30 09:00:00,368.93332
2011-06-30 10:00:00,370.78302
2011-06-30 11:00:00,356.97485
2011-06-30 12:00:00,377.05685
2011-06-30 13:00:00,385.60992
2011-06-30 14:00:00,380.9563
2011-06-30 15:00:00,360.30176
2011-06-30 16:00:00,361.0116
2011-06-30 17:00:00,307.5116
2011-06-30 18:00:00,357.91205
2011-06-30 19:00:00,384.75525
2011-06-30 20:00:00,384.75525
2011-06-30 21:00:00,335.8299
2011-06-30 22:00:00,344.41907
2011-06-30 23:00:00,263.5062
2011-07-20 00:00:00,116.91766
2011-07-20 01:00:00,139.87234
2011-07-20 02:00:00,139.87234
2011-07-20 03:00:00,116.91766
2011-07-20 04:00:00,137.61867
2011-07-20 05:00:00,113.27031
2011-07-20 06:00:00,125.5713
2011-07-20 07:00:00,137.27122
2011-07-20 08:00:00,169.7713
2011-07-20 09:00:00,218.38109
2011-07-20 10:00:00,180.68427
2011-07-20 11:00:00,267.77942
2011-07-20 12:00:00,226.84834
2011-07-20 13:00:00,284.6253
2011-07-20 14:00:00,275.50354
2011-07-20 15:00:00,294.85556
2011-07-20 16:00:00,243.54436
2011-07-20 17:00:00,272.94446
2011-07-20 18:00:00,273.38345
2011-07-20 19:00:00,264.27124
2011-07-20 20:00:00,248.79192
2011-07-20 21:00:00,270.018
2011-07-20 22:00:00,258.67474
2011-07-20 23:00:00,249.75258
2011-07-21 00:00:00,231.36409
2011-07-21 01:00:00,178.95137
2011-07-21 02:00:00,178.95137
2011-07-21 03:00:00,178.67941
2011-07-21 04:00:00,145.09685
2011-07-21 05:00:00,145.09685
2011-07-21 06:00:00,145.09685
2011-07-21 07:00:00,150.55956
2011-07-21 08:00:00,200.21124
2011-07-21 09:00:00,257.87286
2011-07-21 10:00:00,275.8798
2011-07-21 11:00:00,271.23288
2011-07-21 12:00:00,231.56993
2011-07-21 13:00:00,229.42885
2011-07-21 14:00:00,226.71846
2011-07-21 15:00:00,226.73492
2011-07-21 16:00:00,215.77608
2011-07-21 17:00:00,214.24745
2011-07-21 18:00:00,228.26616
2011-07-21 19:00:00,236.08191
2011-07-21 20:00:00,248.1362
2011-07-21 21:00:00,244.9708
2011-07-21 22:00:00,256.55066
2011-07-21 23:00:00,259.66858
2011-07-22 00:00:00,266.90405
2011-07-22 01:00:00,207.07603
2011-07-22 02:00:00,209.51704
2011-07-22 03:00:00,215.08615
2011-07-22 04:00:00,207.38512
2011-07-22 05:00:00,162.05692
2011-07-22 06:00:00,196.22017
2011-07-22 07:00:00,275.4441
2011-07-22 08:00:00,295.73892
2011-07-22 09:00:00,258.93903
2011-07-22 10:00:00,265.96948
2011-07-22 11:00:00,267.08173
2011-07-22 12:00:00,251.53398
2011-07-22 13:00:00,244.94493
2011-07-22 14:00:00,187.46346
2011-07-22 15:00:00,194.04167
2011-07-22 16:00:00,278.23035
2011-07-22 17:00:00,274.98492
2011-07-22 18:00:00,311.71548
2011-07-22 19:00:00,310.26044
2011-07-22 20:00:00,243.54436
2011-07-22 21:00:00,275.98706
2011-07-22 22:00:00,298.63617
2011-07-22 23:00:00,274.79785
2011-07-23 00:00:00,307.0582
2011-07-23 01:00:00,343.18414
2011-07-23 02:00:00,356.53888
2011-07-23 03:00:00,284.8548
2011-07-23 04:00:00,285.01117
2011-07-23 05:00:00,281.41965
2011-07-23 06:00:00,340.48718
2011-07-23 07:00:00,339.62216
2011-07-23 08:00:00,401.74683
2011-07-23 09:00:00,386.85858
2011-07-23 10:00:00,437.61734
2011-07-23 11:00:00,419.26807
2011-07-23 12:00:00,367.43283
2011-07-23 13:00:00,378.08173
2011-07-23 14:00:00,319.0287
2011-07-23 15:00:00,336.32916
2011-07-23 16:00:00,373.1259
2011-07-23 17:00:00,373.1259
2011-07-23 18:00:00,352.15942
2011-07-23 19:00:00,350.3504
2011-07-23 20:00:00,335.5775
2011-07-23 21:00:00,335.5775
2011-07-23 22:00:00,327.63934
2011-07-23 23:00:00,322.27634
2011-07-24 00:00:00,322.27634
2011-07-24 01:00:00,292.3625
2011-07-24 02:00:00,310.91403
2011-07-24 03:00:00,310.91403
2011-07-24 04:00:00,292.3625
2011-07-24 05:00:00,284.8548
2011-07-24 06:00:00,346.9058
2011-07-24 07:00:00,306.28683
2011-07-24 08:00:00,358.56693
2011-07-24 09:00:00,340.79218
2011-07-24 10:00:00,352.42102
2011-07-24 11:00:00,377.05804
2011-07-24 12:00:00,373.5905
2011-07-24 13:00:00,402.79938
2011-07-24 14:00:00,369.9094
2011-07-24 15:00:00,363.93045
2011-07-24 16:00:00,363.93045
2011-07-24 17:00:00,386.73862
2011-07-24 18:00:00,410.21332
2011-07-24 19:00:00,401.78876
2011-07-24 20:00:00,386.85858
2011-07-24 21:00:00,296.06055
2011-07-24 22:00:00,213.92015
2011-07-24 23:00:00,253.75752
2011-07-25 00:00:00,186.66643
2011-07-25 01:00:00,199.82079
2011-07-25 02:00:00,167.33171
2011-07-25 03:00:00,161.39821
2011-07-25 04:00:00,130.61261
2011-07-25 05:00:00,130.61261
2011-07-25 06:00:00,145.01059
2011-07-25 07:00:00,173.66388
2011-07-25 08:00:00,181.18275
2011-07-25 09:00:00,191.49052
2011-07-25 10:00:00,226.84834
2011-07-25 11:00:00,295.67386
2011-07-25 12:00:00,295.67386
2011-07-25 13:00:00,212.19022
2011-07-25 14:00:00,198.05576
2011-07-25 15:00:00,225.88179
2011-07-25 16:00:00,161.13322
2011-07-25 17:00:00,170.78394
2011-07-25 18:00:00,193.84941
2011-07-25 19:00:00,218.38109
2011-07-25 20:00:00,199.40231
2011-07-25 21:00:00,139.87234
2011-07-25 22:00:00,139.87234
2011-07-25 23:00:00,114.979164
2011-07-26 00:00:00,141.8656
2011-07-26 01:00:00,141.8656
2011-07-26 02:00:00,99.54583
2011-07-26 03:00:00,108.14687
2011-07-26 04:00:00,127.1202
2011-07-26 05:00:00,97.47016
2011-07-26 06:00:00,157.27238
2011-07-26 07:00:00,273.31577
2011-07-26 08:00:00,307.60297
2011-07-26 09:00:00,368.55988
2011-07-26 10:00:00,367.44623
2011-07-26 11:00:00,336.48834
2011-07-26 12:00:00,332.74612
2011-07-26 13:00:00,312.58026
2011-07-26 14:00:00,311.7854
2011-07-26 15:00:00,295.3389
2011-07-26 16:00:00,311.68472
2011-07-26 17:00:00,293.1569
2011-07-26 18:00:00,291.95007
2011-07-26 19:00:00,303.24347
2011-07-26 20:00:00,328.5587
2011-07-26 21:00:00,347.54672
2011-07-26 22:00:00,288.8606
2011-07-26 23:00:00,287.6577
2011-07-27 00:00:00,281.62665
2011-07-27 01:00:00,341.44647
2011-07-27 02:00:00,310.8903
2011-07-27 03:00:00,275.15695
2011-07-27 04:00:00,323.43433
2011-07-27 05:00:00,302.6991
2011-07-27 06:00:00,309.0614
2011-07-27 07:00:00,342.52875
2011-07-27 08:00:00,351.2638
2011-07-27 09:00:00,363.7514
2011-07-27 10:00:00,340.9395
2011-07-27 11:00:00,339.74738
2011-07-27 12:00:00,322.81946
2011-07-27 13:00:00,301.16904
2011-07-27 14:00:00,354.01538
2011-07-27 15:00:00,329.43463
2011-07-27 16:00:00,357.0821
2011-07-27 17:00:00,362.069
2011-07-27 18:00:00,351.22604
2011-07-27 19:00:00,351.497
2011-07-27 20:00:00,362.2157
2011-07-27 21:00:00,303.16187
2011-07-27 22:00:00,299.2266
2011-07-27 23:00:00,312.07278
2011-07-28 00:00:00,291.02692
2011-07-28 01:00:00,275.5838
2011-07-28 02:00:00,292.72705
2011-07-28 03:00:00,251.61055
2011-07-28 04:00:00,275.7032
2011-07-28 05:00:00,252.79239
2011-07-28 06:00:00,196.76054
2011-07-28 07:00:00,228.03795
2011-07-28 08:00:00,259.3009
2011-07-28 09:00:00,297.94357
2011-07-28 10:00:00,301.57446
2011-07-28 11:00:00,265.53082
2011-07-28 12:00:00,282.72992
2011-07-28 13:00:00,284.85254
2011-07-28 14:00:00,290.35016
2011-07-28 15:00:00,294.6746
2011-07-28 16:00:00,306.91544
2011-07-28 17:00:00,297.3467
2011-07-28 18:00:00,281.4964
2011-07-28 19:00:00,280.22137
2011-07-28 20:00:00,274.79785
2011-07-28 21:00:00,280.99384
2011-07-28 22:00:00,280.8001
2011-07-28 23:00:00,230.5512
2011-07-29 00:00:00,179.54335
2011-07-29 01:00:00,171.67862
2011-07-29 02:00:00,161.39821
2011-07-29 03:00:00,161.39821
2011-07-29 04:00:00,137.70212
2011-07-29 05:00:00,148.22112
2011-07-29 06:00:00,159.90239
2011-07-29 07:00:00,167.33171
2011-07-29 08:00:00,182.00093
2011-07-29 09:00:00,284.85254
2011-07-29 10:00:00,244.3498
2011-07-29 11:00:00,226.48189
2011-07-29 12:00:00,241.0897
2011-07-29 13:00:00,285.79852
2011-07-29 14:00:00,270.10114
2011-07-29 15:00:00,256.76312
2011-07-29 16:00:00,243.84
2011-07-29 17:00:00,235.48549
2011-07-29 18:00:00,233.6831
2011-07-29 19:00:00,274.1651
2011-07-29 20:00:00,273.49478
2011-07-29 21:00:00,333.89038
2011-07-29 22:00:00,332.52234
2011-07-29 23:00:00,295.53964
2011-07-30 00:00:00,343.03683
2011-07-30 01:00:00,331.94162
2011-07-30 02:00:00,321.63754
2011-07-30 03:00:00,254.78645
2011-07-30 04:00:00,226.4398
2011-07-30 05:00:00,240.08876
2011-07-30 06:00:00,246.56194
2011-07-30 07:00:00,250.40991
2011-07-30 08:00:00,335.2029
2011-07-30 09:00:00,407.1112
2011-07-30 10:00:00,423.69556
2011-07-30 11:00:00,494.41595
2011-07-30 12:00:00,486.5782
2011-07-30 13:00:00,442.30746
2011-07-30 14:00:00,417.9757
2011-07-30 15:00:00,430.4364
2011-07-30 16:00:00,442.56256
2011-07-30 17:00:00,434.72403
2011-07-30 18:00:00,488.90393
2011-07-30 19:00:00,496.21082
2011-07-30 20:00:00,411.09247
2011-07-30 21:00:00,382.27966
2011-07-30 22:00:00,333.1281
2011-07-30 23:00:00,331.94162
2011-07-31 00:00:00,331.94162
2011-07-31 01:00:00,303.98856
2011-07-31 02:00:00,264.4707
2011-07-31 03:00:00,197.69786
2011-07-31 04:00:00,171.54707
2011-07-31 05:00:00,176.39256
2011-07-31 06:00:00,177.20793
2011-07-31 07:00:00,282.5279
2011-07-31 08:00:00,355.87598
2011-07-31 09:00:00,391.48077
2011-07-31 10:00:00,476.36896
2011-07-31 11:00:00,481.26917
2011-07-31 12:00:00,473.52744
2011-07-31 13:00:00,452.7121
2011-07-31 14:00:00,460.27502
2011-07-31 15:00:00,392.38925
2011-07-31 16:00:00,405.8938
2011-07-31 17:00:00,445.94537
2011-07-31 18:00:00,399.08557
2011-07-31 19:00:00,359.04196
2011-07-31 20:00:00,359.04196
2011-07-31 21:00:00,343.80267
2011-07-31 22:00:00,260.24396
2011-07-31 23:00:00,250.596
2011-08-20 00:00:00,104.804756
2011-08-20 01:00:00,114.194214
2011-08-20 02:00:00,125.93721
2011-08-20 03:00:00,125.93721
2011-08-20 04:00:00,138.41487
2011-08-20 05:00:00,111.1714
2011-08-20 06:00:00,141.19522
2011-08-20 07:00:00,114.194214
2011-08-20 08:00:00,159.81476
2011-08-20 09:00:00,186.82097
2011-08-20 10:00:00,297.2833
2011-08-20 11:00:00,250.30379
2011-08-20 12:00:00,282.5279
2011-08-20 13:00:00,307.60822
2011-08-20 14:00:00,406.32758
2011-08-20 15:00:00,453.10632
2011-08-20 16:00:00,431.19046
2011-08-20 17:00:00,406.32758
2011-08-20 18:00:00,344.90546
2011-08-20 19:00:00,255.08855
2011-08-20 20:00:00,279.417
2011-08-20 21:00:00,216.03731
2011-08-20 22:00:00,207.24583
2011-08-20 23:00:00,154.84781
2011-08-21 00:00:00,179.72354
2011-08-21 01:00:00,149.8249
2011-08-21 02:00:00,143.30856
2011-08-21 03:00:00,121.941986
2011-08-21 04:00:00,127.737724
2011-08-21 05:00:00,119.89498
2011-08-21 06:00:00,114.91375
2011-08-21 07:00:00,143.6121
2011-08-21 08:00:00,161.7869
2011-08-21 09:00:00,200.95338
2011-08-21 10:00:00,227.75029
2011-08-21 11:00:00,322.07654
2011-08-21 12:00:00,338.96115
2011-08-21 13:00:00,333.12097
2011-08-21 14:00:00,167.63768
2011-08-21 15:00:00,145.5903
2011-08-21 16:00:00,142.17407
2011-08-21 17:00:00,135.2152
2011-08-21 18:00:00,190.85506
2011-08-21 19:00:00,239.55162
2011-08-21 20:00:00,179.64616
2011-08-21 21:00:00,179.64616
2011-08-21 22:00:00,187.93535
2011-08-21 23:00:00,163.99138
2011-08-22 00:00:00,160.66124
2011-08-22 01:00:00,127.82208
2011-08-22 02:00:00,241.70146
2011-08-22 03:00:00,229.66342
2011-08-22 04:00:00,219.4095
2011-08-22 05:00:00,262.33307
2011-08-22 06:00:00,268.67526
2011-08-22 07:00:00,276.0207
2011-08-22 08:00:00,276.0207
2011-08-22 09:00:00,303.6497
2011-08-22 10:00:00,323.20703
2011-08-22 11:00:00,315.25818
2011-08-22 12:00:00,310.13345
2011-08-22 13:00:00,315.10294
2011-08-22 14:00:00,309.66794
2011-08-22 15:00:00,338.76172
2011-08-22 16:00:00,309.66794
2011-08-22 17:00:00,318.4723
2011-08-22 18:00:00,334.96606
2011-08-22 19:00:00,340.20062
2011-08-22 20:00:00,379.9011
2011-08-22 21:00:00,364.0899
2011-08-22 22:00:00,322.79004
2011-08-22 23:00:00,344.87018
2011-08-23 00:00:00,324.36972
2011-08-23 01:00:00,224.85457
2011-08-23 02:00:00,199.5247
2011-08-23 03:00:00,236.76073
2011-08-23 04:00:00,192.06317
2011-08-23 05:00:00,186.40709
2011-08-23 06:00:00,185.24908
2011-08-23 07:00:00,287.82004
2011-08-23 08:00:00,238.567
2011-08-23 09:00:00,272.68668
2011-08-23 10:00:00,337.26544
2011-08-23 11:00:00,343.7611
2011-08-23 12:00:00,322.06778
2011-08-23 13:00:00,363.20496
2011-08-23 14:00:00,355.4538
2011-08-23 15:00:00,378.02835
2011-08-23 16:00:00,373.80795
2011-08-23 17:00:00,378.02835
2011-08-23 18:00:00,383.874
2011-08-23 19:00:00,309.067
2011-08-23 20:00:00,291.33188
2011-08-23 21:00:00,206.34048
2011-08-23 22:00:00,261.36798
2011-08-23 23:00:00,239.81769
2011-08-24 00:00:00,261.36798
2011-08-24 01:00:00,259.4288
2011-08-24 02:00:00,185.58904
2011-08-24 03:00:00,185.58904
2011-08-24 04:00:00,125.992966
2011-08-24 05:00:00,125.992966
2011-08-24 06:00:00,145.97908
2011-08-24 07:00:00,216.9281
2011-08-24 08:00:00,195.6354
2011-08-24 09:00:00,215.9841
2011-08-24 10:00:00,289.66055
2011-08-24 11:00:00,304.51758
2011-08-24 12:00:00,302.3118
2011-08-24 13:00:00,304.7843
2011-08-24 14:00:00,304.7843
2011-08-24 15:00:00,307.87677
2011-08-24 16:00:00,299.46194
2011-08-24 17:00:00,298.887
2011-08-24 18:00:00,303.46777
2011-08-24 19:00:00,303.46777
2011-08-24 20:00:00,294.82104
2011-08-24 21:00:00,284.77808
2011-08-24 22:00:00,276.20212
2011-08-24 23:00:00,236.69316
2011-08-25 00:00:00,203.24754
2011-08-25 01:00:00,256.1861
2011-08-25 02:00:00,256.1861
2011-08-25 03:00:00,210.88603
2011-08-25 04:00:00,222.37352
2011-08-25 05:00:00,220.35217
2011-08-25 06:00:00,179.92673
2011-08-25 07:00:00,208.56868
2011-08-25 08:00:00,222.80713
2011-08-25 09:00:00,244.85593
2011-08-25 10:00:00,256.56308
2011-08-25 11:00:00,149.27477
2011-08-25 12:00:00,149.27477
2011-08-25 13:00:00,141.8656
2011-08-25 14:00:00,181.17554
2011-08-25 15:00:00,184.02725
2011-08-25 16:00:00,148.22112
2011-08-25 17:00:00,148.22112
2011-08-25 18:00:00,146.09349
2011-08-25 19:00:00,202.38606
2011-08-25 20:00:00,197.59518
2011-08-25 21:00:00,163.08699
2011-08-25 22:00:00,133.33862
2011-08-25 23:00:00,100.974236
2011-08-26 00:00:00,113.40738
2011-08-26 01:00:00,133.33862
2011-08-26 02:00:00,99.7581
2011-08-26 03:00:00,95.12269
2011-08-26 04:00:00,125.68618
2011-08-26 05:00:00,136.43027
2011-08-26 06:00:00,125.68618
2011-08-26 07:00:00,132.98346
2011-08-26 08:00:00,108.01282
2011-08-26 09:00:00,170.00728
2011-08-26 10:00:00,246.60045
2011-08-26 11:00:00,206.94861
2011-08-26 12:00:00,258.64307
2011-08-26 13:00:00,279.20728
2011-08-26 14:00:00,229.7646
2011-08-26 15:00:00,288.6785
2011-08-26 16:00:00,281.22046
2011-08-26 17:00:00,247.85753
2011-08-26 18:00:00,212.19022
2011-08-26 19:00:00,155.31676
2011-08-26 20:00:00,155.54317
2011-08-26 21:00:00,172.33434
2011-08-26 22:00:00,155.31676
2011-08-26 23:00:00,114.979164
2011-08-27 00:00:00,90.011086
2011-08-27 01:00:00,116.01858
2011-08-27 02:00:00,125.05881
2011-08-27 03:00:00,162.86003
2011-08-27 04:00:00,162.86003
2011-08-27 05:00:00,163.60852
2011-08-27 06:00:00,163.60852
2011-08-27 07:00:00,183.68935
2011-08-27 08:00:00,168.25122
2011-08-27 09:00:00,220.47176
2011-08-27 10:00:00,258.0983
2011-08-27 11:00:00,120.85349
2011-08-27 12:00:00,152.33067
2011-08-27 13:00:00,130.82393
2011-08-27 14:00:00,140.35446
2011-08-27 15:00:00,140.35446
2011-08-27 16:00:00,136.72095
2011-08-27 17:00:00,154.55206
2011-08-28 07:00:00,117.82283
2011-08-28 08:00:00,125.79132
2011-08-28 09:00:00,230.22708
2011-08-28 10:00:00,288.70273
2011-08-28 11:00:00,316.85864
2011-08-28 12:00:00,349.3138
2011-08-28 13:00:00,377.85043
2011-08-28 14:00:00,376.56232
2011-08-28 15:00:00,390.4415
2011-08-28 16:00:00,387.13025
2011-08-28 17:00:00,428.49854
2011-08-28 18:00:00,456.53085
2011-08-28 19:00:00,341.4444
2011-08-28 20:00:00,346.4996
2011-08-28 21:00:00,235.0945
2011-08-28 22:00:00,153.38016
2011-08-28 23:00:00,115.17878
2011-08-29 00:00:00,143.80699
2011-08-29 01:00:00,165.01137
2011-08-29 02:00:00,200.10536
2011-08-29 03:00:00,165.01137
2011-08-29 04:00:00,179.96121
2011-08-29 05:00:00,145.23009
2011-08-29 06:00:00,145.23009
2011-08-29 07:00:00,221.45668
2011-08-29 08:00:00,260.7554
2011-08-29 09:00:00,283.3224
2011-08-29 10:00:00,326.9297
2011-08-29 11:00:00,302.02393
2011-08-29 12:00:00,276.6818
2011-08-29 13:00:00,287.7652
2011-08-29 14:00:00,320.6151
2011-08-29 15:00:00,344.41907
2011-08-29 16:00:00,350.8746
2011-08-29 17:00:00,302.45007
2011-08-29 18:00:00,327.08133
2011-08-29 19:00:00,327.08133
2011-08-29 20:00:00,263.48462
2011-08-29 21:00:00,270.55655
2011-08-29 22:00:00,261.36798
2011-08-29 23:00:00,255.63533
2011-08-30 00:00:00,145.23009
2011-08-30 01:00:00,148.09012
2011-08-30 02:00:00,123.16576
2011-08-30 03:00:00,184.39265
2011-08-30 04:00:00,137.59605
2011-08-30 05:00:00,113.17069
2011-08-30 06:00:00,123.16576
2011-08-30 07:00:00,179.96121
2011-08-30 08:00:00,261.36798
2011-08-30 09:00:00,309.067
2011-08-30 10:00:00,377.6732
2011-08-30 11:00:00,385.3171
2011-08-30 12:00:00,337.29843
2011-08-30 13:00:00,345.46362
2011-08-30 14:00:00,381.71173
2011-08-30 15:00:00,381.98386
2011-08-30 16:00:00,376.16852
2011-08-30 17:00:00,370.78302
2011-08-30 18:00:00,326.3928
2011-08-30 19:00:00,289.63684
2011-08-30 20:00:00,263.5062
2011-08-30 21:00:00,214.59901
2011-08-30 22:00:00,189.22803
2011-08-30 23:00:00,189.22803
2011-08-31 00:00:00,166.22498
2011-08-31 01:00:00,166.22498
2011-08-31 02:00:00,145.97908
2011-08-31 03:00:00,136.98239
2011-08-31 04:00:00,145.97908
2011-08-31 05:00:00,106.220024
2011-08-31 06:00:00,137.13704
2011-08-31 07:00:00,141.18205
2011-08-31 08:00:00,171.09431
2011-08-31 09:00:00,168.61272
2011-08-31 10:00:00,303.25317
2011-08-31 11:00:00,330.8982
2011-08-31 12:00:00,330.56924
2011-08-31 13:00:00,337.47528
2011-08-31 14:00:00,343.5894
2011-08-31 15:00:00,343.5894
2011-08-31 16:00:00,335.47992
2011-08-31 17:00:00,316.15195
2011-08-31 18:00:00,327.5172
2011-08-31 19:00:00,307.61127
2011-08-31 20:00:00,260.70386
2011-08-31 21:00:00,261.15268
2011-08-31 22:00:00,170.09642
2011-08-31 23:00:00,113.66786
2011-09-20 00:00:00,202.42162
2011-09-20 01:00:00,142.00728
2011-09-20 02:00:00,142.00728
2011-09-20 03:00:00,157.12767
2011-09-20 04:00:00,128.98122
2011-09-20 05:00:00,148.97539
2011-09-20 06:00:00,148.97539
2011-09-20 07:00:00,142.00728
2011-09-20 08:00:00,99.65099
2011-09-20 09:00:00,100.18622
2011-09-20 10:00:00,112.49355
2011-09-20 11:00:00,112.49355
2011-09-20 12:00:00,129.06975
2011-09-20 13:00:00,118.682686
2011-09-20 14:00:00,152.78423
2011-09-20 15:00:00,155.67043
2011-09-20 16:00:00,163.20148
2011-09-20 17:00:00,100.07484
2011-09-20 18:00:00,100.07484
2011-09-20 19:00:00,123.2034
2011-09-20 20:00:00,118.28807
2011-09-20 21:00:00,118.28807
2011-09-20 22:00:00,118.28807
2011-09-20 23:00:00,118.28807
2011-09-21 00:00:00,115.46852
2011-09-21 01:00:00,116.85912
2011-09-21 02:00:00,116.85912
2011-09-21 03:00:00,116.041794
2011-09-21 04:00:00,108.0564
2011-09-21 05:00:00,114.78955
2011-09-21 06:00:00,122.01326
2011-09-21 07:00:00,122.01326
2011-09-21 08:00:00,104.93532
2011-09-21 09:00:00,109.313
2011-09-21 10:00:00,133.06712
2011-09-21 11:00:00,164.69603
2011-09-21 12:00:00,153.93684
2011-09-21 13:00:00,203.9568
2011-09-21 14:00:00,212.04463
2011-09-21 15:00:00,171.58455
2011-09-21 16:00:00,171.58455
2011-09-21 17:00:00,185.30423
2011-09-21 18:00:00,145.36446
2011-09-21 19:00:00,115.06373
2011-09-21 20:00:00,115.06373
2011-09-21 21:00:00,107.31207
2011-09-21 22:00:00,134.59326
2011-09-21 23:00:00,89.05786
2011-09-22 00:00:00,89.05786
2011-09-22 01:00:00,116.57973
2011-09-22 02:00:00,114.04646
2011-09-22 03:00:00,116.57973
2011-09-22 04:00:00,116.57973
2011-09-22 05:00:00,114.04646
2011-09-22 06:00:00,107.32541
2011-09-22 07:00:00,103.656395
2011-09-22 08:00:00,111.67424
2011-09-22 09:00:00,139.24251
2011-09-22 10:00:00,159.84212
2011-09-22 11:00:00,153.25882
2011-09-22 12:00:00,166.2902
2011-09-22 13:00:00,169.66513
2011-09-22 14:00:00,169.78699
2011-09-22 15:00:00,180.77957
2011-09-22 16:00:00,191.27687
2011-09-22 17:00:00,154.1311
2011-09-22 18:00:00,142.69353
2011-09-22 19:00:00,130.20567
2011-09-22 20:00:00,120.49218
2011-09-22 21:00:00,130.20567
2011-09-22 22:00:00,109.90212
2011-09-22 23:00:00,134.59326
2011-09-23 00:00:00,129.74333
2011-09-23 01:00:00,135.9631
2011-09-23 02:00:00,110.05732
2011-09-23 03:00:00,135.9631
2011-09-23 04:00:00,114.2537
2011-09-23 05:00:00,145.84663
2011-09-23 06:00:00,129.74333
2011-09-23 07:00:00,103.2716
2011-09-23 08:00:00,103.2716
2011-09-23 09:00:00,87.28139
2011-09-23 10:00:00,85.10404
2011-09-23 11:00:00,85.10404
2011-09-23 12:00:00,100.1931
2011-09-23 13:00:00,86.35793
2011-09-23 14:00:00,86.35793
2011-09-23 15:00:00,100.1931
2011-09-23 16:00:00,127.43383
2011-09-23 17:00:00,135.9631
2011-09-23 18:00:00,134.99074
2011-09-23 19:00:00,107.79328
2011-09-23 20:00:00,137.60893
2011-09-23 21:00:00,114.01233
2011-09-23 22:00:00,120.51531
2011-09-23 23:00:00,116.96599
2011-09-24 00:00:00,77.27327
2011-09-24 01:00:00,117.984665
2011-09-24 02:00:00,117.984665
2011-09-24 03:00:00,123.87498
2011-09-24 04:00:00,78.486374
2011-09-24 05:00:00,113.65322
2011-09-24 06:00:00,113.65322
2011-09-24 07:00:00,135.5542
2011-09-24 08:00:00,132.66882
2011-09-24 09:00:00,141.43018
2011-09-24 10:00:00,141.43018
2011-09-24 11:00:00,154.57576
2011-09-24 12:00:00,154.57576
2011-09-24 13:00:00,160.93791
2011-09-24 14:00:00,208.13846
2011-09-24 15:00:00,208.13846
2011-09-24 16:00:00,170.50931
2011-09-24 17:00:00,152.70946
2011-09-24 18:00:00,131.24803
2011-09-24 19:00:00,135.55708
2011-09-24 20:00:00,149.57753
2011-09-24 21:00:00,111.434105
2011-09-24 22:00:00,166.1707
2011-09-24 23:00:00,141.43018
2011-09-25 00:00:00,162.77382
2011-09-25 01:00:00,138.73465
2011-09-25 02:00:00,127.57497
2011-09-25 03:00:00,127.57497
2011-09-25 04:00:00,101.681946
2011-09-25 05:00:00,93.29491
2011-09-25 06:00:00,138.73465
2011-09-25 07:00:00,117.75377
2011-09-25 08:00:00,166.1707
2011-09-25 09:00:00,181.47972
2011-09-25 10:00:00,181.47972
2011-09-25 11:00:00,186.53354
2011-09-25 12:00:00,196.6344
2011-09-25 13:00:00,219.9132
2011-09-25 14:00:00,196.6344
2011-09-25 15:00:00,196.6344
2011-09-25 16:00:00,196.54689
2011-09-25 17:00:00,178.778
2011-09-25 18:00:00,178.778
2011-09-25 19:00:00,118.510506
2011-09-25 20:00:00,109.87054
2011-09-25 21:00:00,80.86047
2011-09-25 22:00:00,94.79785
2011-09-25 23:00:00,117.64241
2011-09-26 00:00:00,145.84663
2011-09-26 01:00:00,149.84552
2011-09-26 02:00:00,149.84552
2011-09-26 03:00:00,145.84663
2011-09-26 04:00:00,129.74333
2011-09-26 05:00:00,152.30843
2011-09-26 06:00:00,129.74333
2011-09-26 07:00:00,145.84663
2011-09-26 08:00:00,145.84663
2011-09-26 09:00:00,169.25116
2011-09-26 10:00:00,169.25116
2011-09-26 11:00:00,178.09761
2011-09-26 12:00:00,201.32385
2011-09-26 13:00:00,223.32811
2011-09-26 14:00:00,217.4974
2011-09-26 15:00:00,273.0403
2011-09-26 16:00:00,237.35141
2011-09-26 17:00:00,213.29736
2011-09-26 18:00:00,113.7937
2011-09-26 19:00:00,114.6658
2011-09-26 20:00:00,110.09667
2011-09-26 21:00:00,110.09667
2011-09-26 22:00:00,107.79328
2011-09-26 23:00:00,107.79328
2011-09-27 00:00:00,107.79328
2011-09-27 01:00:00,116.25335
2011-09-27 02:00:00,102.78771
2011-09-27 03:00:00,145.84663
2011-09-27 04:00:00,102.85565
2011-09-27 05:00:00,102.85565
2011-09-27 06:00:00,126.888916
2011-09-27 07:00:00,126.888916
2011-09-27 08:00:00,148.27696
2011-09-27 09:00:00,140.55008
2011-09-27 10:00:00,110.3651
2011-09-27 11:00:00,148.8567
2011-09-27 12:00:00,152.11609
2011-09-27 13:00:00,241.64577
2011-09-27 14:00:00,175.43935
2011-09-27 15:00:00,161.50853
2011-09-27 16:00:00,192.89435
2011-09-27 17:00:00,169.43175
2011-09-27 18:00:00,168.9279
2011-09-27 19:00:00,151.5511
2011-09-27 20:00:00,155.35765
2011-09-27 21:00:00,148.59059
2011-09-27 22:00:00,115.18026
2011-09-27 23:00:00,115.18026
2011-09-28 00:00:00,143.16095
2011-09-28 01:00:00,143.16095
2011-09-28 02:00:00,146.58153
2011-09-28 03:00:00,125.23465
2011-09-28 04:00:00,143.16095
2011-09-28 05:00:00,139.60928
2011-09-28 06:00:00,102.70148
2011-09-28 07:00:00,102.70148
2011-09-28 08:00:00,119.01658
2011-09-28 09:00:00,119.01658
2011-09-28 10:00:00,145.84663
2011-09-28 11:00:00,163.62784
2011-09-28 12:00:00,179.98775
2011-09-28 13:00:00,226.73813
2011-09-28 14:00:00,290.11642
2011-09-28 15:00:00,213.29736
2011-09-28 16:00:00,217.05675
2011-09-28 17:00:00,231.59386
2011-09-28 18:00:00,162.42503
2011-09-28 19:00:00,162.42503
2011-09-28 20:00:00,140.51347
2011-09-28 21:00:00,131.11638
2011-09-28 22:00:00,115.18026
2011-09-28 23:00:00,109.583954
2011-09-29 00:00:00,134.56345
2011-09-29 01:00:00,128.92113
2011-09-29 02:00:00,128.92113
2011-09-29 03:00:00,145.6505
2011-09-29 04:00:00,168.66972
2011-09-29 05:00:00,147.31445
2011-09-29 06:00:00,149.89595
2011-09-29 07:00:00,116.05086
2011-09-29 08:00:00,148.59059
2011-09-29 09:00:00,168.42322
2011-09-29 10:00:00,215.36024
2011-09-29 11:00:00,214.99986
2011-09-29 12:00:00,231.01576
2011-09-29 13:00:00,220.5481
2011-09-29 14:00:00,299.68988
2011-09-29 15:00:00,303.64026
2011-09-29 16:00:00,307.39453
2011-09-29 17:00:00,304.02484
2011-09-29 18:00:00,355.45297
2011-09-29 19:00:00,290.69263
2011-09-29 20:00:00,283.62085
2011-09-29 21:00:00,207.44672
2011-09-29 22:00:00,177.95287
2011-09-29 23:00:00,142.1446
2011-09-30 00:00:00,126.280495
2011-09-30 01:00:00,139.01329
2011-09-30 02:00:00,126.280495
2011-09-30 03:00:00,126.280495
2011-09-30 04:00:00,151.82867
2011-09-30 05:00:00,151.82867
2011-09-30 06:00:00,153.31172
2011-09-30 07:00:00,153.31172
2011-09-30 08:00:00,147.61163
2011-09-30 09:00:00,197.2558
2011-09-30 10:00:00,193.2296
2011-09-30 11:00:00,278.7929
2011-09-30 12:00:00,261.05478
2011-09-30 13:00:00,298.15442
2011-09-30 14:00:00,304.85056
2011-09-30 15:00:00,293.95444
2011-09-30 16:00:00,275.49698
2011-09-30 17:00:00,267.31235
2011-09-30 18:00:00,278.6066
2011-09-30 19:00:00,229.0393
2011-09-30 20:00:00,229.0393
2011-09-30 21:00:00,200.91241
2011-09-30 22:00:00,224.30238
2011-09-30 23:00:00,224.30238
2011-10-20 00:00:00,163.65271
2011-10-20 01:00:00,190.60135
2011-10-20 02:00:00,229.00768
2011-10-20 03:00:00,226.20943
2011-10-20 04:00:00,226.20943
2011-10-20 05:00:00,188.9717
2011-10-20 06:00:00,211.32848
2011-10-20 07:00:00,217.2082
2011-10-20 08:00:00,237.4003
2011-10-20 09:00:00,242.37659
2011-10-20 10:00:00,230.54115
2011-10-20 11:00:00,249.85101
2011-10-20 12:00:00,259.91983
2011-10-20 13:00:00,273.3439
2011-10-20 14:00:00,195.81964
2011-10-20 15:00:00,192.46638
2011-10-20 16:00:00,192.46638
2011-10-20 17:00:00,198.5913
2011-10-20 18:00:00,207.76958
2011-10-20 19:00:00,225.217
2011-10-20 20:00:00,197.30267
2011-10-20 21:00:00,202.63347
2011-10-20 22:00:00,210.49435
2011-10-20 23:00:00,178.92012
2011-10-21 00:00:00,176.08391
2011-10-21 01:00:00,198.98167
2011-10-21 02:00:00,187.72763
2011-10-21 03:00:00,124.17308
2011-10-21 04:00:00,139.00557
2011-10-21 05:00:00,141.22527
2011-10-21 06:00:00,139.00557
2011-10-21 07:00:00,139.00557
2011-10-21 08:00:00,203.05464
2011-10-21 09:00:00,216.36916
2011-10-21 10:00:00,208.64555
2011-10-21 11:00:00,225.55725
2011-10-21 12:00:00,248.73058
2011-10-21 13:00:00,235.78174
2011-10-21 14:00:00,272.7824
2011-10-21 15:00:00,246.30472
2011-10-21 16:00:00,232.25163
2011-10-21 17:00:00,216.92155
2011-10-21 18:00:00,206.9432
2011-10-21 19:00:00,177.78194
2011-10-21 20:00:00,227.3882
2011-10-21 21:00:00,202.02458
2011-10-21 22:00:00,205.57812
2011-10-21 23:00:00,198.98167
2011-10-22 00:00:00,210.37239
2011-10-22 01:00:00,210.37239
2011-10-22 02:00:00,175.97368
2011-10-22 03:00:00,193.00679
2011-10-22 04:00:00,148.2023
2011-10-22 05:00:00,152.36775
2011-10-22 06:00:00,133.17143
2011-10-22 07:00:00,112.11952
2011-10-22 08:00:00,143.91304
2011-10-22 09:00:00,148.86623
2011-10-22 10:00:00,192.86072
2011-10-22 11:00:00,192.86072
2011-10-22 12:00:00,230.31046
2011-10-22 13:00:00,292.15054
2011-10-22 14:00:00,231.78088
2011-10-22 15:00:00,225.76729
2011-10-22 16:00:00,253.08775
2011-10-22 17:00:00,221.74374
2011-10-22 18:00:00,229.12915
2011-10-22 19:00:00,161.1334
2011-10-22 20:00:00,158.58885
2011-10-22 21:00:00,132.44933
2011-10-22 22:00:00,132.44933
2011-10-22 23:00:00,115.266495
2011-10-23 00:00:00,104.591644
2011-10-23 01:00:00,104.591644
2011-10-23 02:00:00,87.63041
2011-10-23 03:00:00,98.14509
2011-10-23 04:00:00,98.14509
2011-10-23 05:00:00,92.09657
2011-10-23 06:00:00,86.459694
2011-10-23 07:00:00,87.63041
2011-10-23 08:00:00,88.88319
2011-10-23 09:00:00,132.44933
2011-10-23 10:00:00,136.5092
2011-10-23 11:00:00,185.9861
2011-10-23 12:00:00,202.00084
2011-10-23 13:00:00,233.81267
2011-10-23 14:00:00,225.34169
2011-10-23 15:00:00,247.47029
2011-10-23 16:00:00,233.81267
2011-10-23 17:00:00,223.34059
2011-10-23 18:00:00,192.64603
2011-10-23 19:00:00,141.80156
2011-10-23 20:00:00,135.65823
2011-10-23 21:00:00,135.65823
2011-10-23 22:00:00,121.24787
2011-10-23 23:00:00,134.04951
2011-10-24 00:00:00,150.81761
2011-10-24 01:00:00,132.0184
2011-10-24 02:00:00,124.83899
2011-10-24 03:00:00,126.054855
2011-10-24 04:00:00,140.79817
2011-10-24 05:00:00,131.55731
2011-10-24 06:00:00,124.83899
2011-10-24 07:00:00,109.01921
2011-10-24 08:00:00,138.43536
2011-10-24 09:00:00,157.24535
2011-10-24 10:00:00,152.39807
2011-10-24 11:00:00,217.09213
2011-10-24 12:00:00,198.48088
2011-10-24 13:00:00,244.87508
2011-10-24 14:00:00,248.16957
2011-10-24 15:00:00,200.65253
2011-10-24 16:00:00,199.99873
2011-10-24 17:00:00,182.58682
2011-10-24 18:00:00,210.5656
2011-10-24 19:00:00,130.53555
2011-10-24 20:00:00,132.89021
2011-10-24 21:00:00,127.51314
2011-10-24 22:00:00,156.45686
2011-10-24 23:00:00,135.73848
2011-10-25 00:00:00,135.63063
2011-10-25 01:00:00,135.63063
2011-10-25 02:00:00,133.08737
2011-10-25 03:00:00,134.78474
2011-10-25 04:00:00,128.9968
2011-10-25 05:00:00,128.9968
2011-10-25 06:00:00,126.98247
2011-10-25 07:00:00,168.11932
2011-10-25 08:00:00,163.61853
2011-10-25 09:00:00,196.39323
2011-10-25 10:00:00,190.65085
2011-10-25 11:00:00,240.07309
2011-10-25 12:00:00,284.86374
2011-10-25 13:00:00,289.9374
2011-10-25 14:00:00,319.5935
2011-10-25 15:00:00,296.97064
2011-10-25 16:00:00,308.39557
2011-10-25 17:00:00,296.97064
2011-10-25 18:00:00,272.2791
2011-10-25 19:00:00,195.68596
2011-10-25 20:00:00,155.65305
2011-10-25 21:00:00,140.6743
2011-10-25 22:00:00,195.4575
2011-10-25 23:00:00,140.6743
2011-10-26 00:00:00,191.04944
2011-10-26 01:00:00,172.3269
2011-10-26 02:00:00,196.12946
2011-10-26 03:00:00,197.63094
2011-10-26 04:00:00,165.44142
2011-10-26 05:00:00,192.87297
2011-10-26 06:00:00,192.87297
2011-10-26 07:00:00,160.08105
2011-10-26 08:00:00,228.33138
2011-10-26 09:00:00,238.22069
2011-10-26 10:00:00,226.17792
2011-10-26 11:00:00,208.66028
2011-10-26 12:00:00,217.62683
2011-10-26 13:00:00,204.39888
2011-10-26 14:00:00,156.79137
2011-10-26 15:00:00,156.79137
2011-10-26 16:00:00,171.61812
2011-10-26 17:00:00,175.78624
2011-10-26 18:00:00,157.4973
2011-10-26 19:00:00,149.1415
2011-10-26 20:00:00,139.84103
2011-10-26 21:00:00,156.79137
2011-10-26 22:00:00,131.96161
2011-10-26 23:00:00,131.96161
2011-10-27 00:00:00,133.15181
2011-10-27 01:00:00,133.15181
2011-10-27 02:00:00,113.73956
2011-10-27 03:00:00,113.73956
2011-10-27 04:00:00,121.99713
2011-10-27 05:00:00,104.11031
2011-10-27 06:00:00,133.8139
2011-10-27 07:00:00,116.34537
2011-10-27 08:00:00,116.34254
2011-10-27 09:00:00,173.04785
2011-10-27 10:00:00,120.791046
2011-10-27 11:00:00,108.661575
2011-10-27 12:00:00,108.661575
2011-10-27 13:00:00,151.25449
2011-10-27 14:00:00,145.28995
2011-10-27 15:00:00,156.7419
2011-10-27 16:00:00,225.43991
2011-10-27 17:00:00,189.81844
2011-10-27 18:00:00,185.50789
2011-10-27 19:00:00,172.52568
2011-10-27 20:00:00,231.87794
2011-10-27 21:00:00,233.82239
2011-10-27 22:00:00,192.75157
2011-10-27 23:00:00,177.9435
2011-10-28 00:00:00,138.94777
2011-10-28 01:00:00,133.62933
2011-10-28 02:00:00,143.1055
2011-10-28 03:00:00,132.98128
2011-10-28 04:00:00,137.18237
2011-10-28 05:00:00,128.7323
2011-10-28 06:00:00,125.410065
2011-10-28 07:00:00,125.410065
2011-10-28 08:00:00,141.05962
2011-10-28 09:00:00,184.45308
2011-10-28 10:00:00,188.38509
2011-10-28 11:00:00,191.44818
2011-10-28 12:00:00,227.13551
2011-10-28 13:00:00,220.02666
2011-10-28 14:00:00,198.54019
2011-10-28 15:00:00,172.04306
2011-10-28 16:00:00,201.55737
2011-10-28 17:00:00,195.03232
2011-10-28 18:00:00,193.8524
2011-10-28 19:00:00,195.03232
2011-10-28 20:00:00,129.91235
2011-10-28 21:00:00,104.96466
2011-10-28 22:00:00,80.51082
2011-10-28 23:00:00,77.525055
2011-10-29 00:00:00,71.27466
2011-10-29 01:00:00,72.277405
2011-10-29 02:00:00,72.277405
2011-10-29 03:00:00,80.14486
2011-10-29 04:00:00,80.14486
2011-10-29 05:00:00,71.065254
2011-10-29 06:00:00,72.20401
2011-10-29 07:00:00,72.20401
2011-10-29 08:00:00,72.79965
2011-10-29 09:00:00,72.79965
2011-10-29 10:00:00,69.25442
2011-10-29 11:00:00,72.47968
2011-10-29 12:00:00,78.3901
2011-10-29 13:00:00,79.69246
2011-10-29 14:00:00,75.76386
2011-10-29 15:00:00,66.62752
2011-10-29 16:00:00,67.866135
2011-10-29 17:00:00,67.866135
2011-10-29 18:00:00,67.866135
2011-10-29 19:00:00,73.84908
2011-10-29 20:00:00,73.84908
2011-10-29 21:00:00,73.84908
2011-10-29 22:00:00,79.50121
2011-10-29 23:00:00,77.361984
2011-10-30 00:00:00,79.50121
2011-10-30 01:00:00,78.513954
2011-10-30 02:00:00,73.2409
2011-10-30 03:00:00,77.89389
2011-10-30 04:00:00,71.8571
2011-10-30 05:00:00,77.803535
2011-10-30 06:00:00,84.64934
2011-10-30 07:00:00,83.6327
2011-10-30 08:00:00,111.938576
2011-10-30 09:00:00,107.74024
2011-10-30 10:00:00,131.81447
2011-10-30 11:00:00,177.1734
2011-10-30 12:00:00,214.81891
2011-10-30 13:00:00,234.46745
2011-10-30 14:00:00,257.40503
2011-10-30 15:00:00,277.52988
2011-10-30 16:00:00,295.935
2011-10-30 17:00:00,291.3301
2011-10-30 18:00:00,213.27342
2011-10-30 19:00:00,298.12457
2011-10-30 20:00:00,158.7354
2011-10-30 21:00:00,129.41951
2011-10-30 22:00:00,99.517105
2011-10-30 23:00:00,81.6634
2011-10-31 00:00:00,99.884476
2011-10-31 01:00:00,97.999466
2011-10-31 02:00:00,94.93665
2011-10-31 03:00:00,104.281876
2011-10-31 04:00:00,94.93665
2011-10-31 05:00:00,92.848755
2011-10-31 06:00:00,94.93665
2011-10-31 07:00:00,96.87796
2011-10-31 08:00:00,99.46648
2011-10-31 09:00:00,130.60638
2011-10-31 10:00:00,190.97911
2011-10-31 11:00:00,219.15569
2011-10-31 12:00:00,221.46967
2011-10-31 13:00:00,235.75017
2011-10-31 14:00:00,233.16475
2011-10-31 15:00:00,218.8487
2011-10-31 16:00:00,205.57812
2011-10-31 17:00:00,204.8055
2011-10-31 18:00:00,150.39003
2011-10-31 19:00:00,150.39003
2011-10-31 20:00:00,150.39003
2011-10-31 21:00:00,147.67426
2011-10-31 22:00:00,147.67426
2011-10-31 23:00:00,147.67426
2011-11-20 00:00:00,193.07808
2011-11-20 01:00:00,175.97368
2011-11-20 02:00:00,153.9095
2011-11-20 03:00:00,156.70406
2011-11-20 04:00:00,145.69057
2011-11-20 05:00:00,160.65396
2011-11-20 06:00:00,181.64424
2011-11-20 07:00:00,208.97081
2011-11-20 08:00:00,151.20488
2011-11-20 09:00:00,175.31763
2011-11-20 10:00:00,170.35304
2011-11-20 11:00:00,212.15265
2011-11-20 12:00:00,235.84178
2011-11-20 13:00:00,247.40071
2011-11-20 14:00:00,203.12312
2011-11-20 15:00:00,242.47383
2011-11-20 16:00:00,239.55167
2011-11-20 17:00:00,240.83858
2011-11-20 18:00:00,248.07231
2011-11-20 19:00:00,183.01523
2011-11-20 20:00:00,194.64873
2011-11-20 21:00:00,166.51997
2011-11-20 22:00:00,103.95253
2011-11-20 23:00:00,103.95253
2011-11-21 00:00:00,122.74604
2011-11-21 01:00:00,95.546036
2011-11-21 02:00:00,84.22494
2011-11-21 03:00:00,81.021774
2011-11-21 04:00:00,81.021774
2011-11-21 05:00:00,113.64984
2011-11-21 06:00:00,111.242065
2011-11-21 07:00:00,128.83456
2011-11-21 08:00:00,122.74604
2011-11-21 09:00:00,117.993805
2011-11-21 10:00:00,145.28995
2011-11-21 11:00:00,156.7419
2011-11-21 12:00:00,178.411
2011-11-21 13:00:00,178.411
2011-11-21 14:00:00,170.98906
2011-11-21 15:00:00,89.34046
2011-11-21 16:00:00,89.34046
2011-11-21 17:00:00,87.81867
2011-11-21 18:00:00,100.89408
2011-11-21 19:00:00,86.177185
2011-11-21 20:00:00,96.65882
2011-11-21 21:00:00,102.36667
2011-11-21 22:00:00,94.59316
2011-11-21 23:00:00,102.36667
2011-11-22 00:00:00,83.40473
2011-11-22 01:00:00,82.88706
2011-11-22 02:00:00,79.8454
2011-11-22 03:00:00,79.8454
2011-11-22 04:00:00,83.575226
2011-11-22 05:00:00,83.575226
2011-11-22 06:00:00,109.01921
2011-11-22 07:00:00,81.776955
2011-11-22 08:00:00,81.776955
2011-11-22 09:00:00,106.66215
2011-11-22 10:00:00,106.66215
2011-11-22 11:00:00,82.88706
2011-11-22 12:00:00,81.53476
2011-11-22 13:00:00,82.10377
2011-11-22 14:00:00,82.10377
2011-11-22 15:00:00,111.23676
2011-11-22 16:00:00,111.23676
2011-11-22 17:00:00,82.71896
2011-11-22 18:00:00,103.785126
2011-11-22 19:00:00,87.63955
2011-11-22 20:00:00,120.689606
2011-11-22 21:00:00,122.0525
2011-11-22 22:00:00,142.1098
2011-11-22 23:00:00,134.67659
2011-11-23 00:00:00,134.67659
2011-11-23 01:00:00,136.74203
2011-11-23 02:00:00,107.358154
2011-11-23 03:00:00,107.358154
2011-11-23 04:00:00,116.170685
2011-11-23 05:00:00,134.6429
2011-11-23 06:00:00,113.64984
2011-11-23 07:00:00,107.25306
2011-11-23 08:00:00,117.993805
2011-11-23 09:00:00,144.08177
2011-11-23 10:00:00,144.08177
2011-11-23 11:00:00,182.82701
2011-11-23 12:00:00,236.5183
2011-11-23 13:00:00,173.89062
2011-11-23 14:00:00,233.84566
2011-11-23 15:00:00,167.64523
2011-11-23 16:00:00,159.60884
2011-11-23 17:00:00,113.01713
2011-11-23 18:00:00,158.6782
2011-11-23 19:00:00,206.9156
2011-11-23 20:00:00,185.2223
2011-11-23 21:00:00,192.54103
2011-11-23 22:00:00,180.85059
2011-11-23 23:00:00,173.51115
2011-11-24 00:00:00,130.75146
2011-11-24 01:00:00,120.33794
2011-11-24 02:00:00,118.012505
2011-11-24 03:00:00,87.20511
2011-11-24 04:00:00,105.76277
2011-11-24 05:00:00,102.216675
2011-11-24 06:00:00,105.76277
2011-11-24 07:00:00,97.35135
2011-11-24 08:00:00,106.85955
2011-11-24 09:00:00,146.0343
2011-11-24 10:00:00,160.67783
2011-11-24 11:00:00,230.53214
2011-11-24 12:00:00,235.88832
2011-11-24 13:00:00,259.43088
2011-11-24 14:00:00,352.0619
2011-11-24 15:00:00,320.68274
2011-11-24 16:00:00,336.45227
2011-11-24 17:00:00,289.59753
2011-11-24 18:00:00,203.08583
2011-11-24 19:00:00,185.27365
2011-11-24 20:00:00,113.80131
2011-11-24 21:00:00,114.64672
2011-11-24 22:00:00,114.64672
2011-11-24 23:00:00,121.806305
2011-11-25 00:00:00,126.230354
2011-11-25 01:00:00,130.99155
2011-11-25 02:00:00,113.771484
2011-11-25 03:00:00,108.5494
2011-11-25 04:00:00,114.83513
2011-11-25 05:00:00,105.19616
2011-11-25 06:00:00,109.70395
2011-11-25 07:00:00,97.999466
2011-11-25 08:00:00,105.894424
2011-11-25 09:00:00,120.906654
2011-11-25 10:00:00,139.00557
2011-11-25 11:00:00,148.924
2011-11-25 12:00:00,214.8559
2011-11-25 13:00:00,225.55725
2011-11-25 14:00:00,282.56244
2011-11-25 15:00:00,287.66815
2011-11-25 16:00:00,263.35657
2011-11-25 17:00:00,294.50912
2011-11-25 18:00:00,252.92322
2011-11-25 19:00:00,172.28171
2011-11-25 20:00:00,179.73787
2011-11-25 21:00:00,145.49667
2011-11-25 22:00:00,124.18466
2011-11-25 23:00:00,122.69835
2011-11-26 00:00:00,109.02513
2011-11-26 01:00:00,104.490204
2011-11-26 02:00:00,95.13202
2011-11-26 03:00:00,90.35092
2011-11-26 04:00:00,90.35092
2011-11-26 05:00:00,103.87315
2011-11-26 06:00:00,120.549904
2011-11-26 07:00:00,84.659935
2011-11-26 08:00:00,104.490204
2011-11-26 09:00:00,107.504616
2011-11-26 10:00:00,110.66765
2011-11-26 11:00:00,170.7161
2011-11-26 12:00:00,210.463
2011-11-26 13:00:00,286.11893
2011-11-26 14:00:00,239.15074
2011-11-26 15:00:00,296.6334
2011-11-26 16:00:00,232.8344
2011-11-26 17:00:00,232.8344
2011-11-26 18:00:00,197.27278
2011-11-26 19:00:00,160.87544
2011-11-26 20:00:00,194.74895
2011-11-26 21:00:00,140.7519
2011-11-26 22:00:00,151.59067
2011-11-26 23:00:00,110.66765
2011-11-27 00:00:00,110.66765
2011-11-27 01:00:00,110.66765
2011-11-27 02:00:00,103.57416
2011-11-27 03:00:00,98.14509
2011-11-27 04:00:00,86.81781
2011-11-27 05:00:00,99.74176
2011-11-27 06:00:00,115.41327
2011-11-27 07:00:00,107.45659
2011-11-27 08:00:00,113.4911
2011-11-27 09:00:00,134.14842
2011-11-27 10:00:00,134.14842
2011-11-27 11:00:00,179.03798
2011-11-27 12:00:00,226.57254
2011-11-27 13:00:00,234.55081
2011-11-27 14:00:00,349.27557
2011-11-27 15:00:00,404.29895
2011-11-27 16:00:00,260.05573
2011-11-27 17:00:00,237.92638
2011-11-27 18:00:00,227.90439
2011-11-27 19:00:00,216.92207
2011-11-27 20:00:00,197.19128
2011-11-27 21:00:00,153.80554
2011-11-27 22:00:00,168.33324
2011-11-27 23:00:00,168.33324
2011-11-28 00:00:00,153.9162
2011-11-28 01:00:00,163.76373
2011-11-28 03:00:00,146.52791
2011-11-28 04:00:00,128.15413
2011-11-28 05:00:00,134.78474
2011-11-28 06:00:00,127.065155
2011-11-28 07:00:00,136.3977
2011-11-28 08:00:00,115.83011
2011-11-28 09:00:00,136.39919
2011-11-28 10:00:00,173.47227
2011-11-28 11:00:00,198.48088
2011-11-28 12:00:00,222.87114
2011-11-28 13:00:00,224.67252
2011-11-28 14:00:00,211.88129
2011-11-28 15:00:00,202.54305
2011-11-28 16:00:00,199.78076
2011-11-28 17:00:00,206.78456
2011-11-28 18:00:00,199.70204
2011-11-28 19:00:00,188.37627
2011-11-28 20:00:00,203.09021
2011-11-28 21:00:00,214.61609
2011-11-28 22:00:00,156.7419
2011-11-28 23:00:00,160.49931
2011-11-29 00:00:00,148.139
2011-11-29 01:00:00,129.56088
2011-11-29 02:00:00,133.33357
2011-11-29 03:00:00,133.33357
2011-11-29 04:00:00,158.27013
2011-11-29 05:00:00,153.3483
2011-11-29 06:00:00,153.6952
2011-11-29 07:00:00,174.75832
2011-11-29 08:00:00,154.79993
2011-11-29 09:00:00,161.6527
2011-11-29 10:00:00,161.6527
2011-11-29 11:00:00,106.524414
2011-11-29 12:00:00,111.401596
2011-11-29 13:00:00,105.652115
2011-11-29 14:00:00,86.177185
2011-11-29 15:00:00,89.74115
2011-11-29 16:00:00,96.65882
2011-11-29 17:00:00,120.742065
2011-11-29 18:00:00,127.23102
2011-11-29 19:00:00,130.15303
2011-11-29 20:00:00,120.07284
2011-11-29 21:00:00,120.07284
2011-11-29 22:00:00,153.92764
2011-11-29 23:00:00,177.96402
2011-11-30 00:00:00,190.82628
2011-11-30 01:00:00,166.1026
2011-11-30 02:00:00,131.21936
2011-11-30 03:00:00,131.21936
2011-11-30 04:00:00,144.07152
2011-11-30 05:00:00,123.80344
2011-11-30 06:00:00,108.5551
2011-11-30 07:00:00,109.70395
2011-11-30 08:00:00,123.80344
2011-11-30 09:00:00,129.07205
2011-11-30 10:00:00,183.87611
2011-11-30 11:00:00,189.46596
2011-11-30 12:00:00,160.4097
2011-11-30 13:00:00,176.0137
2011-11-30 14:00:00,176.0137
2011-11-30 15:00:00,185.518
2011-11-30 16:00:00,171.64734
2011-11-30 17:00:00,154.27348
2011-11-30 18:00:00,174.0451
2011-11-30 19:00:00,139.65198
2011-11-30 20:00:00,139.65198
2011-11-30 21:00:00,172.0157
2011-11-30 22:00:00,151.83691
2011-11-30 23:00:00,142.89525
2011-12-20 00:00:00,167.26295
2011-12-20 01:00:00,182.94969
2011-12-20 02:00:00,136.9665
2011-12-20 03:00:00,136.9665
2011-12-20 04:00:00,187.37799
2011-12-20 05:00:00,149.95374
2011-12-20 06:00:00,149.95374
2011-12-20 07:00:00,142.21059
2011-12-20 08:00:00,212.09795
2011-12-20 09:00:00,136.33731
2011-12-20 10:00:00,220.93135
2011-12-20 11:00:00,215.78664
2011-12-20 12:00:00,224.86761
2011-12-20 13:00:00,224.86761
2011-12-20 14:00:00,213.047
2011-12-20 15:00:00,183.6151
2011-12-20 16:00:00,200.25394
2011-12-20 17:00:00,203.07852
2011-12-20 18:00:00,201.8523
2011-12-20 19:00:00,164.6405
2011-12-20 20:00:00,155.65126
2011-12-20 21:00:00,136.8715
2011-12-20 22:00:00,136.33731
2011-12-20 23:00:00,149.35251
2011-12-21 00:00:00,110.62132
2011-12-21 01:00:00,127.42268
2011-12-21 02:00:00,107.62949
2011-12-21 03:00:00,107.62949
2011-12-21 04:00:00,107.62949
2011-12-21 05:00:00,117.255516
2011-12-21 06:00:00,104.09968
2011-12-21 07:00:00,106.48523
2011-12-21 08:00:00,97.03552
2011-12-21 09:00:00,115.02873
2011-12-21 10:00:00,168.84885
2011-12-21 11:00:00,168.84885
2011-12-21 12:00:00,92.32233
2011-12-21 13:00:00,84.58087
2011-12-21 14:00:00,141.96169
2011-12-21 15:00:00,151.88588
2011-12-21 16:00:00,81.82383
2011-12-21 17:00:00,81.82383
2011-12-21 18:00:00,109.63801
2011-12-21 19:00:00,133.49467
2011-12-21 20:00:00,146.97002
2011-12-21 21:00:00,121.11385
2011-12-21 22:00:00,115.81493
2011-12-21 23:00:00,118.215744
2011-12-22 00:00:00,130.51451
2011-12-22 01:00:00,92.30475
2011-12-22 02:00:00,98.1154
2011-12-22 03:00:00,162.3578
2011-12-22 04:00:00,100.52678
2011-12-22 05:00:00,107.515686
2011-12-22 06:00:00,100.79013
2011-12-22 07:00:00,98.752625
2011-12-22 08:00:00,104.09968
2011-12-22 09:00:00,110.495186
2011-12-22 10:00:00,119.73537
2011-12-22 11:00:00,118.66784
2011-12-22 12:00:00,161.69011
2011-12-22 13:00:00,141.40314
2011-12-22 14:00:00,141.40314
2011-12-22 15:00:00,154.07906
2011-12-22 16:00:00,141.40314
2011-12-22 17:00:00,194.42068
2011-12-22 18:00:00,157.14986
2011-12-22 19:00:00,138.98221
2011-12-22 20:00:00,114.026344
2011-12-22 21:00:00,114.026344
2011-12-22 22:00:00,79.112366
2011-12-22 23:00:00,101.93747
2011-12-23 00:00:00,90.22496
2011-12-23 01:00:00,90.22496
2011-12-23 02:00:00,78.66009
2011-12-23 03:00:00,78.66009
2011-12-23 04:00:00,78.309296
2011-12-23 05:00:00,106.27341
2011-12-23 06:00:00,115.98221
2011-12-23 07:00:00,117.813095
2011-12-23 08:00:00,122.70173
2011-12-23 09:00:00,138.09946
2011-12-23 10:00:00,173.15434
2011-12-23 11:00:00,199.22533
2011-12-23 12:00:00,209.52982
2011-12-23 13:00:00,208.49736
2011-12-23 14:00:00,194.55379
2011-12-23 15:00:00,176.80602
2011-12-23 16:00:00,165.1519
2011-12-23 17:00:00,154.92337
2011-12-23 18:00:00,127.834915
2011-12-23 19:00:00,157.65776
2011-12-23 20:00:00,144.10669
2011-12-23 21:00:00,142.99435
2011-12-23 22:00:00,151.74194
2011-12-23 23:00:00,98.53605
2011-12-24 00:00:00,99.04529
2011-12-24 01:00:00,104.719696
2011-12-24 02:00:00,100.59633
2011-12-24 03:00:00,97.54134
2011-12-24 04:00:00,99.32422
2011-12-24 05:00:00,99.32422
2011-12-24 06:00:00,93.310486
2011-12-24 07:00:00,92.131966
2011-12-24 08:00:00,93.431046
2011-12-24 09:00:00,121.11222
2011-12-24 10:00:00,112.895256
2011-12-24 11:00:00,131.97702
2011-12-24 12:00:00,134.7337
2011-12-24 13:00:00,136.64903
2011-12-24 14:00:00,136.64903
2011-12-24 15:00:00,120.656525
2011-12-24 16:00:00,130.1287
2011-12-24 17:00:00,100.969086
2011-12-24 18:00:00,114.50198
2011-12-24 19:00:00,98.80218
2011-12-24 20:00:00,77.84987
2011-12-24 21:00:00,81.66695
2011-12-24 22:00:00,78.30919
2011-12-24 23:00:00,70.46508
2011-12-25 00:00:00,72.959755
2011-12-25 01:00:00,63.705524
2011-12-25 02:00:00,77.49767
2011-12-25 03:00:00,70.63794
2011-12-25 05:00:00,72.23784
2011-12-25 06:00:00,72.23784
2011-12-25 07:00:00,79.222855
2011-12-25 08:00:00,69.48965
2011-12-25 09:00:00,71.360275
2011-12-25 10:00:00,79.948135
2011-12-25 11:00:00,86.27105
2011-12-25 12:00:00,83.89522
2011-12-25 13:00:00,89.49606
2011-12-25 14:00:00,92.455475
2011-12-25 15:00:00,133.96141
2011-12-25 16:00:00,107.27648
2011-12-25 17:00:00,97.68573
2011-12-25 18:00:00,112.60482
2011-12-25 19:00:00,110.502464
2011-12-25 20:00:00,112.8085
2011-12-25 21:00:00,98.305336
2011-12-25 22:00:00,87.59143
2011-12-25 23:00:00,70.53563
2011-12-26 00:00:00,67.919716
2011-12-26 01:00:00,99.05224
2011-12-26 02:00:00,101.97772
2011-12-26 04:00:00,119.56284
2011-12-26 05:00:00,130.12863
2011-12-26 06:00:00,111.22554
2011-12-26 07:00:00,116.53119
2011-12-26 08:00:00,116.9693
2011-12-26 09:00:00,119.56284
2011-12-26 10:00:00,105.932465
2011-12-26 11:00:00,105.48992
2011-12-26 12:00:00,122.191444
2011-12-26 13:00:00,152.97975
2011-12-26 14:00:00,153.62115
2011-12-26 15:00:00,124.23525
2011-12-26 16:00:00,117.607376
2011-12-26 17:00:00,101.97772
2011-12-26 18:00:00,84.578415
2011-12-26 19:00:00,81.289925
2011-12-26 20:00:00,77.15016
2011-12-26 21:00:00,93.14812
2011-12-26 22:00:00,93.14812
2011-12-26 23:00:00,71.445625
2011-12-27 00:00:00,93.79922
2011-12-27 01:00:00,86.8239
2011-12-27 02:00:00,86.8239
2011-12-27 03:00:00,140.42464
2011-12-27 04:00:00,139.85823
2011-12-27 05:00:00,103.57504
2011-12-27 06:00:00,111.919685
2011-12-27 07:00:00,104.78506
2011-12-27 08:00:00,124.23717
2011-12-27 09:00:00,98.130005
2011-12-27 10:00:00,118.18751
2011-12-27 11:00:00,98.130005
2011-12-27 12:00:00,85.77481
2011-12-27 13:00:00,79.21335
2011-12-27 14:00:00,91.20693
2011-12-27 15:00:00,91.20693
2011-12-27 16:00:00,87.40533
2011-12-27 17:00:00,85.114655
2011-12-27 18:00:00,115.03548
2011-12-27 19:00:00,102.49123
2011-12-27 20:00:00,92.510315
2011-12-27 21:00:00,93.42818
2011-12-27 22:00:00,93.42818
2011-12-27 23:00:00,86.92635
2011-12-28 00:00:00,98.32645
2011-12-28 01:00:00,98.935326
2011-12-28 02:00:00,106.48331
2011-12-28 03:00:00,106.48331
2011-12-28 05:00:00,146.2266
2011-12-28 06:00:00,108.01366
2011-12-28 07:00:00,108.01366
2011-12-28 08:00:00,146.2266
2011-12-28 09:00:00,145.84859
2011-12-28 10:00:00,147.07596
2011-12-28 11:00:00,164.507
2011-12-28 12:00:00,154.52058
2011-12-28 13:00:00,154.02298
2011-12-28 14:00:00,153.99149
2011-12-28 15:00:00,152.14801
2011-12-28 16:00:00,143.93706
2011-12-28 17:00:00,124.42824
2011-12-28 18:00:00,124.3345
2011-12-28 19:00:00,105.20056
2011-12-28 20:00:00,107.55644
2011-12-28 21:00:00,110.36094
2011-12-28 22:00:00,111.8375
2011-12-28 23:00:00,96.53266
2011-12-29 00:00:00,112.84528
2011-12-29 01:00:00,98.429436
2011-12-29 02:00:00,91.83828
2011-12-29 03:00:00,105.235054
2011-12-29 04:00:00,99.18355
2011-12-29 05:00:00,87.92513
2011-12-29 06:00:00,69.0706
2011-12-29 07:00:00,76.10075
2011-12-29 08:00:00,86.15532
2011-12-29 09:00:00,86.81463
2011-12-29 10:00:00,98.22079
2011-12-29 11:00:00,102.120995
2011-12-29 12:00:00,106.07598
2011-12-29 13:00:00,116.0702
2011-12-29 14:00:00,118.98663
2011-12-29 15:00:00,125.87843
2011-12-29 16:00:00,148.55156
2011-12-29 17:00:00,126.64256
2011-12-29 18:00:00,119.4234
2011-12-29 19:00:00,107.74744
2011-12-29 20:00:00,87.35968
2011-12-29 21:00:00,112.1747
2011-12-29 22:00:00,93.50685
2011-12-29 23:00:00,111.681656
2011-12-30 00:00:00,87.912384
2011-12-30 01:00:00,85.791824
2011-12-30 02:00:00,84.47027
2011-12-30 03:00:00,84.47027
2011-12-30 04:00:00,84.69698
2011-12-30 05:00:00,84.83284
2011-12-30 06:00:00,84.69698
2011-12-30 07:00:00,86.27723
2011-12-30 08:00:00,99.106346
2011-12-30 09:00:00,82.06067
2011-12-30 10:00:00,102.4884
2011-12-30 11:00:00,151.74194
2011-12-30 12:00:00,128.19562
2011-12-30 13:00:00,154.81212
2011-12-30 14:00:00,181.63152
2011-12-30 15:00:00,193.76584
2011-12-30 16:00:00,177.28612
2011-12-30 17:00:00,168.84114
2011-12-30 18:00:00,116.50521
2011-12-30 19:00:00,131.71353
2011-12-30 20:00:00,122.60921
2011-12-30 21:00:00,127.42268
2011-12-30 22:00:00,122.13264
2011-12-30 23:00:00,119.40329
2011-12-31 00:00:00,132.30951
2011-12-31 01:00:00,134.17442
2011-12-31 02:00:00,134.17442
2011-12-31 03:00:00,134.17442
2011-12-31 04:00:00,135.56389
2011-12-31 05:00:00,116.648865
2011-12-31 06:00:00,116.937874
2011-12-31 07:00:00,99.29672
2011-12-31 08:00:00,80.09381
2011-12-31 09:00:00,86.85855
2011-12-31 10:00:00,91.11043
2011-12-31 11:00:00,111.23308
2011-12-31 12:00:00,263.7921
2011-12-31 13:00:00,215.73518
2011-12-31 14:00:00,164.3723
2011-12-31 15:00:00,190.39732
2011-12-31 16:00:00,167.36902
2011-12-31 17:00:00,156.50403
2011-12-31 18:00:00,152.34209
2011-12-31 19:00:00,146.61461
2011-12-31 20:00:00,146.61461
2011-12-31 21:00:00,154.09358
2011-12-31 22:00:00,113.63125
2011-12-31 23:00:00,95.53639
2012-01-20 00:00:00,118.15256
2012-01-20 01:00:00,119.98788
2012-01-20 02:00:00,119.98788
2012-01-20 03:00:00,100.26699
2012-01-20 04:00:00,85.52884
2012-01-20 05:00:00,85.52884
2012-01-20 06:00:00,99.804985
2012-01-20 07:00:00,96.81049
2012-01-20 08:00:00,88.450096
2012-01-20 09:00:00,114.97165
2012-01-20 10:00:00,110.52098
2012-01-20 11:00:00,116.49104
2012-01-20 12:00:00,118.65618
2012-01-20 13:00:00,114.4444
2012-01-20 14:00:00,118.421844
2012-01-20 15:00:00,115.20091
2012-01-20 16:00:00,109.45479
2012-01-20 17:00:00,114.14567
2012-01-20 18:00:00,100.98711
2012-01-20 19:00:00,98.47891
2012-01-20 20:00:00,100.98711
2012-01-20 21:00:00,98.24838
2012-01-20 22:00:00,96.95522
2012-01-20 23:00:00,69.37851
2012-01-21 00:00:00,61.9034
2012-01-21 01:00:00,50.890816
2012-01-21 02:00:00,78.073364
2012-01-21 03:00:00,69.368065
2012-01-21 04:00:00,72.165596
2012-01-21 05:00:00,70.81475
2012-01-21 06:00:00,60.7184
2012-01-21 07:00:00,60.7184
2012-01-21 08:00:00,63.972687
2012-01-21 09:00:00,63.972687
2012-01-21 10:00:00,57.938435
2012-01-21 11:00:00,77.343376
2012-01-21 12:00:00,74.13052
2012-01-21 13:00:00,72.92859
2012-01-21 14:00:00,71.647995
2012-01-21 15:00:00,71.647995
2012-01-21 16:00:00,72.214836
2012-01-21 17:00:00,74.54117
2012-01-21 18:00:00,75.622406
2012-01-21 19:00:00,71.82331
2012-01-21 20:00:00,71.03785
2012-01-21 21:00:00,66.332504
2012-01-21 22:00:00,73.8417
2012-01-21 23:00:00,70.66678
2012-01-22 00:00:00,65.28627
2012-01-22 01:00:00,73.8417
2012-01-22 02:00:00,72.936676
2012-01-22 03:00:00,73.76175
2012-01-22 04:00:00,61.89744
2012-01-22 05:00:00,68.35047
2012-01-22 06:00:00,67.432495
2012-01-22 07:00:00,67.432495
2012-01-22 08:00:00,67.432495
2012-01-22 09:00:00,67.432495
2012-01-22 10:00:00,69.35809
2012-01-22 11:00:00,68.573944
2012-01-22 12:00:00,71.57162
2012-01-22 13:00:00,67.9758
2012-01-22 14:00:00,62.99057
2012-01-22 15:00:00,65.33742
2012-01-22 16:00:00,65.33742
2012-01-22 17:00:00,73.47974
2012-01-22 18:00:00,70.81475
2012-01-22 19:00:00,70.81475
2012-01-22 20:00:00,64.71175
2012-01-22 21:00:00,70.81475
2012-01-22 22:00:00,74.13422
2012-01-22 23:00:00,70.95107
2012-01-23 00:00:00,84.192184
2012-01-23 01:00:00,89.85446
2012-01-23 02:00:00,89.85446
2012-01-23 03:00:00,84.192184
2012-01-23 04:00:00,85.61339
2012-01-23 05:00:00,85.3883
2012-01-23 06:00:00,85.3883
2012-01-23 07:00:00,86.112274
2012-01-23 08:00:00,74.34259
2012-01-23 09:00:00,92.50441
2012-01-23 10:00:00,85.22645
2012-01-23 11:00:00,87.62272
2012-01-23 12:00:00,86.3866
2012-01-23 13:00:00,77.16188
2012-01-23 14:00:00,68.10376
2012-01-23 15:00:00,73.90506
2012-01-23 16:00:00,80.68053
2012-01-23 17:00:00,85.53423
2012-01-23 18:00:00,82.938156
2012-01-23 19:00:00,82.83255
2012-01-23 20:00:00,78.12216
2012-01-23 21:00:00,77.27917
2012-01-23 22:00:00,77.27917
2012-01-23 23:00:00,82.85017
2012-01-24 00:00:00,81.73061
2012-01-24 01:00:00,86.988945
2012-01-24 02:00:00,87.81684
2012-01-24 03:00:00,91.851555
2012-01-24 04:00:00,88.24124
2012-01-24 05:00:00,88.24124
2012-01-24 06:00:00,90.69939
2012-01-24 07:00:00,91.851555
2012-01-24 08:00:00,91.851555
2012-01-24 09:00:00,103.23694
2012-01-24 10:00:00,92.510315
2012-01-24 11:00:00,98.04485
2012-01-24 12:00:00,102.49123
2012-01-24 13:00:00,102.49123
2012-01-24 14:00:00,115.61415
2012-01-24 15:00:00,148.00429
2012-01-24 16:00:00,103.53423
2012-01-24 17:00:00,115.6087
2012-01-24 18:00:00,125.83977
2012-01-24 19:00:00,182.49593
2012-01-24 20:00:00,94.86756
2012-01-24 21:00:00,112.7683
2012-01-24 22:00:00,94.02199
2012-01-24 23:00:00,94.86756
2012-01-25 00:00:00,87.80922
2012-01-25 01:00:00,124.12187
2012-01-25 02:00:00,111.30789
2012-01-25 03:00:00,99.47045
2012-01-25 04:00:00,96.4951
2012-01-25 05:00:00,96.4951
2012-01-25 06:00:00,101.37056
2012-01-25 07:00:00,100.92922
2012-01-25 08:00:00,93.33932
2012-01-25 09:00:00,93.33932
2012-01-25 10:00:00,97.14862
2012-01-25 11:00:00,111.919685
2012-01-25 12:00:00,134.79741
2012-01-25 13:00:00,147.61005
2012-01-25 14:00:00,146.30006
2012-01-25 15:00:00,161.4575
2012-01-25 16:00:00,155.89795
2012-01-25 17:00:00,157.60428
2012-01-25 18:00:00,98.53605
2012-01-25 19:00:00,127.621704
2012-01-25 20:00:00,153.90987
2012-01-25 21:00:00,94.18526
2012-01-25 22:00:00,90.58713
2012-01-25 23:00:00,99.68482
2012-01-26 00:00:00,104.83369
2012-01-26 01:00:00,93.62923
2012-01-26 02:00:00,101.67445
2012-01-26 03:00:00,107.099464
2012-01-26 04:00:00,85.719986
2012-01-26 05:00:00,110.076515
2012-01-26 06:00:00,93.022545
2012-01-26 07:00:00,106.41852
2012-01-26 08:00:00,106.41852
2012-01-26 09:00:00,95.72008
2012-01-26 10:00:00,104.301926
2012-01-26 11:00:00,101.04779
2012-01-26 12:00:00,109.03997
2012-01-26 13:00:00,111.62287
2012-01-26 14:00:00,129.98628
2012-01-26 15:00:00,134.77534
2012-01-26 16:00:00,127.846054
2012-01-26 17:00:00,121.38821
2012-01-26 18:00:00,121.38821
2012-01-26 19:00:00,124.17458
2012-01-26 20:00:00,119.49688
2012-01-26 21:00:00,124.17458
2012-01-26 22:00:00,99.30659
2012-01-26 23:00:00,109.52756
2012-01-27 00:00:00,121.578285
2012-01-27 01:00:00,115.02873
2012-01-27 02:00:00,91.68723
2012-01-27 03:00:00,108.971436
2012-01-27 04:00:00,101.13333
2012-01-27 05:00:00,111.24217
2012-01-27 06:00:00,108.05432
2012-01-27 07:00:00,105.42978
2012-01-27 08:00:00,97.13686
2012-01-27 09:00:00,97.13686
2012-01-27 10:00:00,80.19287
2012-01-27 11:00:00,109.94825
2012-01-27 12:00:00,134.07191
2012-01-27 13:00:00,219.11961
2012-01-27 14:00:00,230.19466
2012-01-27 15:00:00,191.83836
2012-01-27 16:00:00,221.9316
2012-01-27 17:00:00,221.10507
2012-01-27 18:00:00,210.74762
2012-01-27 19:00:00,166.43971
2012-01-27 20:00:00,152.82549
2012-01-27 21:00:00,153.62843
2012-01-27 22:00:00,156.4277
2012-01-27 23:00:00,152.85292
2012-01-28 00:00:00,112.586555
2012-01-28 01:00:00,119.4814
2012-01-28 02:00:00,78.2446
2012-01-28 03:00:00,80.303635
2012-01-28 04:00:00,79.31757
2012-01-28 05:00:00,78.571205
2012-01-28 06:00:00,72.57888
2012-01-28 07:00:00,70.540726
2012-01-28 08:00:00,75.26266
2012-01-28 09:00:00,70.708984
2012-01-28 10:00:00,72.33545
2012-01-28 11:00:00,98.305336
2012-01-28 12:00:00,96.0886
2012-01-28 13:00:00,96.177124
2012-01-28 14:00:00,153.43623
2012-01-28 15:00:00,157.69545
2012-01-28 16:00:00,166.58519
2012-01-28 17:00:00,173.2731
2012-01-28 18:00:00,166.3715
2012-01-28 19:00:00,139.19632
2012-01-28 20:00:00,180.47453
2012-01-28 21:00:00,149.51042
2012-01-28 22:00:00,124.990875
2012-01-28 23:00:00,112.85334
2012-01-29 00:00:00,103.21693
2012-01-29 01:00:00,123.8362
2012-01-29 02:00:00,119.20648
2012-01-29 03:00:00,75.001854
2012-01-29 04:00:00,78.04909
2012-01-29 05:00:00,63.343525
2012-01-29 06:00:00,66.02253
2012-01-29 07:00:00,66.17964
2012-01-29 08:00:00,62.98896
2012-01-29 09:00:00,62.586487
2012-01-29 10:00:00,80.189125
2012-01-29 11:00:00,83.884
2012-01-29 12:00:00,96.127754
2012-01-29 13:00:00,96.127754
2012-01-29 14:00:00,113.202576
2012-01-29 15:00:00,151.96106
2012-01-29 16:00:00,154.43068
2012-01-29 17:00:00,154.43068
2012-01-29 18:00:00,135.88011
2012-01-29 19:00:00,116.58748
2012-01-29 20:00:00,109.9742
2012-01-29 21:00:00,126.94888
2012-01-29 22:00:00,129.09329
2012-01-29 23:00:00,127.16822
2012-01-30 00:00:00,127.11958
2012-01-30 01:00:00,124.87247
2012-01-30 02:00:00,119.26858
2012-01-30 03:00:00,119.65589
2012-01-30 04:00:00,94.857414
2012-01-30 05:00:00,94.857414
2012-01-30 06:00:00,96.53266
2012-01-30 07:00:00,116.043686
2012-01-30 08:00:00,93.57781
2012-01-30 09:00:00,93.57781
2012-01-30 10:00:00,117.14818
2012-01-30 11:00:00,99.13205
2012-01-30 12:00:00,126.07066
2012-01-30 13:00:00,150.24905
2012-01-30 14:00:00,180.46162
2012-01-30 15:00:00,151.1535
2012-01-30 16:00:00,166.32954
2012-01-30 17:00:00,178.9315
2012-01-30 18:00:00,171.73637
2012-01-30 19:00:00,140.79608
2012-01-30 20:00:00,157.98509
2012-01-30 21:00:00,153.87387
2012-01-30 22:00:00,125.48695
2012-01-30 23:00:00,133.91985
2012-01-31 00:00:00,104.54166
2012-01-31 01:00:00,138.2412
2012-01-31 02:00:00,141.51596
2012-01-31 03:00:00,138.14319
2012-01-31 04:00:00,144.9459
2012-01-31 05:00:00,144.9459
2012-01-31 06:00:00,131.89609
2012-01-31 07:00:00,133.91985
2012-01-31 08:00:00,91.610115
2012-01-31 09:00:00,146.11592
2012-01-31 10:00:00,153.58907
2012-01-31 11:00:00,198.95226
2012-01-31 12:00:00,179.55185
2012-01-31 13:00:00,227.73262
2012-01-31 14:00:00,255.83333
2012-01-31 15:00:00,262.3459
2012-01-31 16:00:00,262.3459
2012-01-31 17:00:00,264.88187
2012-01-31 18:00:00,267.27597
2012-01-31 19:00:00,282.56073
2012-01-31 20:00:00,144.25378
2012-01-31 21:00:00,241.95778
2012-01-31 22:00:00,232.44048
2012-01-31 23:00:00,215.60316
2012-02-20 00:00:00,82.049194
2012-02-20 01:00:00,82.049194
2012-02-20 02:00:00,82.049194
2012-02-20 03:00:00,78.49631
2012-02-20 05:00:00,88.92121
2012-02-20 06:00:00,99.35664
2012-02-20 07:00:00,88.68973
2012-02-20 08:00:00,86.39693
2012-02-20 09:00:00,86.39693
2012-02-20 10:00:00,97.500725
2012-02-20 11:00:00,107.5011
2012-02-20 12:00:00,86.344444
2012-02-20 13:00:00,107.92146
2012-02-20 14:00:00,93.44305
2012-02-20 15:00:00,89.77141
2012-02-20 16:00:00,149.07318
2012-02-20 17:00:00,133.95683
2012-02-20 18:00:00,89.77141
2012-02-20 19:00:00,89.77141
2012-02-20 20:00:00,93.39337
2012-02-20 21:00:00,103.806854
2012-02-20 22:00:00,85.47543
2012-02-20 23:00:00,108.68419
2012-02-21 00:00:00,80.88768
2012-02-21 01:00:00,85.52181
2012-02-21 02:00:00,76.13522
2012-02-21 04:00:00,72.5591
2012-02-21 05:00:00,72.25522
2012-02-21 06:00:00,74.4014
2012-02-21 07:00:00,72.5591
2012-02-21 08:00:00,79.45388
2012-02-21 09:00:00,83.237656
2012-02-21 10:00:00,100.65741
2012-02-21 11:00:00,93.49258
2012-02-21 12:00:00,125.4513
2012-02-21 13:00:00,159.28593
2012-02-21 14:00:00,129.94632
2012-02-21 15:00:00,159.28593
2012-02-21 16:00:00,177.25238
2012-02-21 17:00:00,212.85231
2012-02-21 18:00:00,212.85231
2012-02-21 19:00:00,153.8955
2012-02-21 20:00:00,117.32934
2012-02-21 21:00:00,144.64066
2012-02-21 22:00:00,145.84055
2012-02-21 23:00:00,140.10468
2012-02-22 00:00:00,140.10468
2012-02-22 01:00:00,90.58038
2012-02-22 02:00:00,116.28387
2012-02-22 03:00:00,138.02983
2012-02-22 04:00:00,104.06511
2012-02-22 05:00:00,91.67961
2012-02-22 06:00:00,98.935326
2012-02-22 07:00:00,93.11665
2012-02-22 08:00:00,90.31081
2012-02-22 09:00:00,91.161606
2012-02-22 10:00:00,92.671616
2012-02-22 11:00:00,133.90218
2012-02-22 12:00:00,137.86548
2012-02-22 13:00:00,163.6309
2012-02-22 14:00:00,174.96251
2012-02-22 15:00:00,251.50218
2012-02-22 16:00:00,256.83157
2012-02-22 17:00:00,253.22003
2012-02-22 18:00:00,197.88548
2012-02-22 19:00:00,191.86519
2012-02-22 20:00:00,201.09073
2012-02-22 21:00:00,217.4766
2012-02-22 22:00:00,181.63759
2012-02-22 23:00:00,194.47153
2012-02-23 00:00:00,181.63759
2012-02-23 01:00:00,166.22238
2012-02-23 02:00:00,195.86176
2012-02-23 03:00:00,160.10884
2012-02-23 04:00:00,142.36423
2012-02-23 05:00:00,142.36423
2012-02-23 06:00:00,111.46913
2012-02-23 07:00:00,115.61415
2012-02-23 08:00:00,107.36593
2012-02-23 09:00:00,110.191765
2012-02-23 10:00:00,168.35173
2012-02-23 11:00:00,186.49373
2012-02-23 12:00:00,219.75453
2012-02-23 13:00:00,234.21028
2012-02-23 14:00:00,286.54825
2012-02-23 15:00:00,280.4897
2012-02-23 16:00:00,305.53738
2012-02-23 17:00:00,275.108
2012-02-23 18:00:00,264.608
2012-02-23 19:00:00,249.21593
2012-02-23 20:00:00,207.049
2012-02-23 21:00:00,171.15965
2012-02-23 22:00:00,153.19254
2012-02-23 23:00:00,162.47737
2012-02-24 00:00:00,169.94559
2012-02-24 01:00:00,165.5216
2012-02-24 02:00:00,93.35054
2012-02-24 03:00:00,101.23159
2012-02-24 04:00:00,98.6282
2012-02-24 05:00:00,118.669174
2012-02-24 06:00:00,121.83711
2012-02-24 07:00:00,150.56242
2012-02-24 08:00:00,120.45175
2012-02-24 09:00:00,81.822
2012-02-24 10:00:00,90.85634
2012-02-24 11:00:00,115.5741
2012-02-24 12:00:00,124.2582
2012-02-24 13:00:00,134.77534
2012-02-24 14:00:00,154.40073
2012-02-24 15:00:00,90.22496
2012-02-24 16:00:00,90.22496
2012-02-24 17:00:00,80.86307
2012-02-24 18:00:00,110.2652
2012-02-24 19:00:00,115.36594
2012-02-24 20:00:00,193.46877
2012-02-24 21:00:00,257.8305
2012-02-24 22:00:00,231.55367
2012-02-24 23:00:00,235.23476
2012-02-25 00:00:00,142.25803
2012-02-25 01:00:00,134.36482
2012-02-25 02:00:00,105.34779
2012-02-25 03:00:00,122.46746
2012-02-25 04:00:00,128.44519
2012-02-25 05:00:00,114.34278
2012-02-25 06:00:00,114.34278
2012-02-25 07:00:00,107.88469
2012-02-25 08:00:00,98.81482
2012-02-25 09:00:00,70.2847
2012-02-25 10:00:00,90.5635
2012-02-25 11:00:00,121.785484
2012-02-25 12:00:00,140.39288
2012-02-25 13:00:00,135.46013
2012-02-25 14:00:00,132.11414
2012-02-25 15:00:00,132.62148
2012-02-25 16:00:00,136.37537
2012-02-25 17:00:00,127.83285
2012-02-25 18:00:00,125.94963
2012-02-25 19:00:00,97.26166
2012-02-25 20:00:00,97.601944
2012-02-25 21:00:00,107.77702
2012-02-25 22:00:00,91.54175
2012-02-25 23:00:00,93.65267
2012-02-26 00:00:00,106.449615
2012-02-26 01:00:00,101.33407
2012-02-26 02:00:00,101.33407
2012-02-26 03:00:00,73.20807
2012-02-26 04:00:00,73.20807
2012-02-26 05:00:00,68.72756
2012-02-26 06:00:00,95.47128
2012-02-26 07:00:00,81.64679
2012-02-26 08:00:00,68.51597
2012-02-26 09:00:00,69.34364
2012-02-26 10:00:00,94.183
2012-02-26 11:00:00,111.027565
2012-02-26 12:00:00,129.5619
2012-02-26 13:00:00,154.25542
2012-02-26 14:00:00,198.68005
2012-02-26 15:00:00,211.346
2012-02-26 16:00:00,131.23903
2012-02-26 17:00:00,131.57776
2012-02-26 18:00:00,136.40749
2012-02-26 19:00:00,131.15868
2012-02-26 20:00:00,134.53488
2012-02-26 21:00:00,113.179214
2012-02-26 22:00:00,111.008896
2012-02-26 23:00:00,81.66695
2012-02-27 00:00:00,97.07768
2012-02-27 01:00:00,117.58451
2012-02-27 02:00:00,97.656075
2012-02-27 03:00:00,91.947296
2012-02-27 04:00:00,87.61132
2012-02-27 05:00:00,87.61132
2012-02-27 06:00:00,93.33932
2012-02-27 07:00:00,104.41041
2012-02-27 08:00:00,70.34038
2012-02-27 09:00:00,133.91985
2012-02-27 10:00:00,123.57719
2012-02-27 11:00:00,139.52238
2012-02-27 12:00:00,197.34218
2012-02-27 13:00:00,176.01884
2012-02-27 14:00:00,237.87587
2012-02-27 15:00:00,258.97345
2012-02-27 16:00:00,262.3459
2012-02-27 17:00:00,264.4959
2012-02-27 18:00:00,257.63156
2012-02-27 19:00:00,251.4405
2012-02-27 20:00:00,245.02132
2012-02-27 21:00:00,237.87587
2012-02-27 22:00:00,177.27776
2012-02-27 23:00:00,177.03975
2012-02-28 00:00:00,171.04851
2012-02-28 01:00:00,166.13249
2012-02-28 02:00:00,171.9976
2012-02-28 03:00:00,227.51242
2012-02-28 04:00:00,150.07341
2012-02-28 05:00:00,150.07341
2012-02-28 06:00:00,139.34113
2012-02-28 07:00:00,132.80006
2012-02-28 08:00:00,124.9514
2012-02-28 09:00:00,136.01828
2012-02-28 10:00:00,138.2412
2012-02-28 11:00:00,142.15862
2012-02-28 12:00:00,180.11888
2012-02-28 13:00:00,210.69904
2012-02-28 14:00:00,251.58661
2012-02-28 15:00:00,263.13785
2012-02-28 16:00:00,257.8401
2012-02-28 17:00:00,263.13785
2012-02-28 18:00:00,233.53769
2012-02-28 19:00:00,299.20193
2012-02-28 20:00:00,231.09863
2012-02-28 21:00:00,155.60442
2012-02-28 22:00:00,155.60442
2012-02-28 23:00:00,142.99435
2012-02-29 00:00:00,126.313896
2012-02-29 01:00:00,140.86748
2012-02-29 02:00:00,135.21822
2012-02-29 03:00:00,87.89104
2012-02-29 05:00:00,87.12793
2012-02-29 06:00:00,107.099464
2012-02-29 07:00:00,98.61572
2012-02-29 08:00:00,104.83369
2012-02-29 09:00:00,84.68042
2012-02-29 10:00:00,84.68042
2012-02-29 11:00:00,76.93585
2012-02-29 12:00:00,71.30724
2012-02-29 13:00:00,96.41883
2012-02-29 14:00:00,96.41883
2012-02-29 15:00:00,111.84014
2012-02-29 16:00:00,98.079346
2012-02-29 17:00:00,121.83711
2012-02-29 18:00:00,101.93747
2012-02-29 19:00:00,112.16475
2012-02-29 20:00:00,93.99653
2012-02-29 21:00:00,93.99653
2012-02-29 22:00:00,81.56122
2012-02-29 23:00:00,81.56122
2012-03-20 00:00:00,142.70396
2012-03-20 01:00:00,113.224785
2012-03-20 02:00:00,90.16892
2012-03-20 03:00:00,123.09624
2012-03-20 04:00:00,122.08671
2012-03-20 05:00:00,121.98389
2012-03-20 06:00:00,121.9088
2012-03-20 07:00:00,96.90285
2012-03-20 08:00:00,120.19549
2012-03-20 09:00:00,136.19226
2012-03-20 10:00:00,115.05849
2012-03-20 11:00:00,99.77454
2012-03-20 12:00:00,145.00642
2012-03-20 13:00:00,151.23953
2012-03-20 14:00:00,196.2809
2012-03-20 15:00:00,187.61897
2012-03-20 16:00:00,207.95717
2012-03-20 17:00:00,184.24437
2012-03-20 18:00:00,187.89717
2012-03-20 19:00:00,141.43564
2012-03-20 20:00:00,138.81073
2012-03-20 21:00:00,133.63295
2012-03-20 22:00:00,126.7694
2012-03-20 23:00:00,117.39814
2012-03-21 00:00:00,119.36048
2012-03-21 01:00:00,108.071846
2012-03-21 02:00:00,102.67662
2012-03-21 03:00:00,139.618
2012-03-21 04:00:00,121.24142
2012-03-21 05:00:00,121.24142
2012-03-21 06:00:00,121.77712
2012-03-21 07:00:00,94.03087
2012-03-21 08:00:00,82.80623
2012-03-21 09:00:00,134.20082
2012-03-21 10:00:00,147.43442
2012-03-21 11:00:00,147.43442
2012-03-21 12:00:00,129.54466
2012-03-21 13:00:00,124.54999
2012-03-21 14:00:00,129.887
2012-03-21 15:00:00,129.887
2012-03-21 16:00:00,147.75517
2012-03-21 17:00:00,156.21283
2012-03-21 18:00:00,166.22498
2012-03-21 19:00:00,187.28403
2012-03-21 20:00:00,109.31351
2012-03-21 21:00:00,103.41469
2012-03-21 22:00:00,124.01444
2012-03-21 23:00:00,137.13704
2012-03-22 00:00:00,108.071846
2012-03-22 01:00:00,108.071846
2012-03-22 02:00:00,108.071846
2012-03-22 03:00:00,108.071846
2012-03-22 04:00:00,101.04262
2012-03-22 05:00:00,101.04262
2012-03-22 06:00:00,101.04262
2012-03-22 07:00:00,101.04262
2012-03-22 08:00:00,110.93842
2012-03-22 09:00:00,110.93842
2012-03-22 10:00:00,102.50197
2012-03-22 11:00:00,121.67622
2012-03-22 12:00:00,144.14917
2012-03-22 13:00:00,107.70427
2012-03-22 14:00:00,142.49635
2012-03-22 15:00:00,202.0892
2012-03-22 16:00:00,209.87305
2012-03-22 17:00:00,217.57999
2012-03-22 18:00:00,217.57999
2012-03-22 19:00:00,192.4949
2012-03-22 20:00:00,172.9942
2012-03-22 21:00:00,143.63766
2012-03-22 22:00:00,135.64299
2012-03-22 23:00:00,104.16902
2012-03-23 00:00:00,128.79024
2012-03-23 01:00:00,120.61085
2012-03-23 02:00:00,100.82144
2012-03-23 03:00:00,98.128426
2012-03-23 04:00:00,109.59189
2012-03-23 05:00:00,119.029205
2012-03-23 06:00:00,118.51706
2012-03-23 07:00:00,113.1142
2012-03-23 08:00:00,111.548134
2012-03-23 09:00:00,118.33943
2012-03-23 10:00:00,122.4587
2012-03-23 11:00:00,163.61497
2012-03-23 12:00:00,232.22154
2012-03-23 13:00:00,260.77167
2012-03-23 14:00:00,266.41742
2012-03-23 15:00:00,270.28668
2012-03-23 16:00:00,285.4744
2012-03-23 17:00:00,285.4744
2012-03-23 18:00:00,326.3928
2012-03-23 19:00:00,294.13043
2012-03-23 20:00:00,296.45886
2012-03-23 21:00:00,278.88776
2012-03-23 22:00:00,213.8112
2012-03-23 23:00:00,199.14574
2012-03-24 00:00:00,135.0824
2012-03-24 01:00:00,94.32574
2012-03-24 02:00:00,86.155075
2012-03-24 03:00:00,86.155075
2012-03-24 04:00:00,76.85356
2012-03-24 05:00:00,129.4312
2012-03-24 06:00:00,129.4312
2012-03-24 07:00:00,99.80951
2012-03-24 08:00:00,104.48512
2012-03-24 09:00:00,113.88162
2012-03-24 10:00:00,116.63225
2012-03-24 11:00:00,104.48512
2012-03-24 12:00:00,86.263565
2012-03-24 13:00:00,86.83439
2012-03-24 14:00:00,92.78068
2012-03-24 15:00:00,88.72018
2012-03-24 16:00:00,85.516
2012-03-24 17:00:00,96.87502
2012-03-24 18:00:00,79.70221
2012-03-24 19:00:00,77.61235
2012-03-24 20:00:00,73.0187
2012-03-24 21:00:00,73.0187
2012-03-24 22:00:00,73.372765
2012-03-24 23:00:00,95.96889
2012-03-25 00:00:00,95.96889
2012-03-25 01:00:00,86.11498
2012-03-25 02:00:00,74.437325
2012-03-25 03:00:00,76.85138
2012-03-25 04:00:00,93.77791
2012-03-25 05:00:00,84.16372
2012-03-25 06:00:00,84.16372
2012-03-25 07:00:00,91.212524
2012-03-25 08:00:00,91.212524
2012-03-25 09:00:00,89.20909
2012-03-25 10:00:00,95.413826
2012-03-25 11:00:00,89.20909
2012-03-25 12:00:00,88.61005
2012-03-25 13:00:00,104.85569
2012-03-25 14:00:00,106.562965
2012-03-25 15:00:00,106.583664
2012-03-25 16:00:00,97.94398
2012-03-25 17:00:00,91.91669
2012-03-25 18:00:00,91.91669
2012-03-25 19:00:00,116.92232
2012-03-25 20:00:00,124.79724
2012-03-25 21:00:00,96.92677
2012-03-25 22:00:00,79.910965
2012-03-25 23:00:00,79.65799
2012-03-26 00:00:00,142.94197
2012-03-26 01:00:00,137.9056
2012-03-26 02:00:00,130.91711
2012-03-26 03:00:00,134.98149
2012-03-26 04:00:00,125.339005
2012-03-26 05:00:00,123.009224
2012-03-26 06:00:00,132.26071
2012-03-26 07:00:00,175.48982
2012-03-26 08:00:00,180.76549
2012-03-26 09:00:00,198.87833
2012-03-26 10:00:00,267.9382
2012-03-26 11:00:00,268.10742
2012-03-26 12:00:00,265.9438
2012-03-26 13:00:00,273.73355
2012-03-26 14:00:00,268.1137
2012-03-26 15:00:00,269.6575
2012-03-26 16:00:00,272.18906
2012-03-26 17:00:00,272.06345
2012-03-26 18:00:00,269.92834
2012-03-26 19:00:00,280.23706
2012-03-26 20:00:00,260.89114
2012-03-26 21:00:00,254.60356
2012-03-26 22:00:00,198.13145
2012-03-26 23:00:00,172.09113
2012-03-27 00:00:00,168.45432
2012-03-27 01:00:00,154.39659
2012-03-27 02:00:00,121.05754
2012-03-27 03:00:00,123.44095
2012-03-27 04:00:00,118.238144
2012-03-27 05:00:00,117.89082
2012-03-27 06:00:00,136.81352
2012-03-27 07:00:00,136.81352
2012-03-27 08:00:00,119.289536
2012-03-27 09:00:00,136.47562
2012-03-27 10:00:00,146.7645
2012-03-27 11:00:00,161.8028
2012-03-27 12:00:00,167.084
2012-03-27 13:00:00,269.23785
2012-03-27 14:00:00,263.60327
2012-03-27 15:00:00,327.00995
2012-03-27 16:00:00,327.00995
2012-03-27 17:00:00,321.2838
2012-03-27 18:00:00,292.68936
2012-03-27 19:00:00,325.47934
2012-03-27 20:00:00,292.68936
2012-03-27 21:00:00,186.37262
2012-03-27 22:00:00,189.76488
2012-03-27 23:00:00,187.59595
2012-03-28 00:00:00,156.50522
2012-03-28 01:00:00,161.70592
2012-03-28 02:00:00,153.45941
2012-03-28 03:00:00,159.88591
2012-03-28 04:00:00,162.03667
2012-03-28 05:00:00,162.03667
2012-03-28 06:00:00,173.7749
2012-03-28 07:00:00,169.70859
2012-03-28 08:00:00,199.34131
2012-03-28 09:00:00,231.39648
2012-03-28 10:00:00,250.65715
2012-03-28 11:00:00,264.73758
2012-03-28 12:00:00,224.34218
2012-03-28 13:00:00,278.12326
2012-03-28 14:00:00,302.54294
2012-03-28 15:00:00,271.2862
2012-03-28 16:00:00,255.27533
2012-03-28 17:00:00,221.45668
2012-03-28 18:00:00,221.45668
2012-03-28 19:00:00,237.00911
2012-03-28 20:00:00,265.41672
2012-03-28 21:00:00,204.75479
2012-03-28 22:00:00,199.72453
2012-03-28 23:00:00,173.48244
2012-03-29 00:00:00,189.88634
2012-03-29 01:00:00,198.02554
2012-03-29 02:00:00,328.80786
2012-03-29 03:00:00,363.7564
2012-03-29 04:00:00,304.36035
2012-03-29 05:00:00,206.37271
2012-03-29 06:00:00,164.03926
2012-03-29 07:00:00,212.31935
2012-03-29 08:00:00,239.62614
2012-03-29 09:00:00,244.4063
2012-03-29 10:00:00,241.05772
2012-03-29 11:00:00,256.79877
2012-03-29 12:00:00,263.40073
2012-03-29 13:00:00,229.47147
2012-03-29 14:00:00,262.37433
2012-03-29 15:00:00,273.3013
2012-03-29 16:00:00,281.0586
2012-03-29 17:00:00,272.86554
2012-03-29 18:00:00,267.59238
2012-03-29 19:00:00,260.0467
2012-03-29 20:00:00,253.2109
2012-03-29 21:00:00,205.1379
2012-03-29 22:00:00,197.46834
2012-03-29 23:00:00,191.37589
2012-03-30 00:00:00,187.00658
2012-03-30 01:00:00,170.10893
2012-03-30 02:00:00,158.98982
2012-03-30 03:00:00,122.19905
2012-03-30 04:00:00,138.39523
2012-03-30 05:00:00,105.844246
2012-03-30 06:00:00,140.61102
2012-03-30 07:00:00,160.00325
2012-03-30 08:00:00,121.31296
2012-03-30 09:00:00,171.07123
2012-03-30 10:00:00,141.28755
2012-03-30 11:00:00,132.4826
2012-03-30 12:00:00,135.44261
2012-03-30 13:00:00,141.67607
2012-03-30 14:00:00,133.33568
2012-03-30 15:00:00,139.75844
2012-03-30 16:00:00,118.23433
2012-03-30 17:00:00,184.71822
2012-03-30 18:00:00,182.79262
2012-03-30 19:00:00,181.2235
2012-03-30 20:00:00,183.28947
2012-03-30 21:00:00,122.5895
2012-03-30 22:00:00,112.34253
2012-03-30 23:00:00,121.47845
2012-03-31 00:00:00,93.9425
2012-03-31 01:00:00,142.93173
2012-03-31 02:00:00,122.43799
2012-03-31 03:00:00,96.62376
2012-03-31 04:00:00,151.40784
2012-03-31 05:00:00,98.96943
2012-03-31 06:00:00,88.75134
2012-03-31 07:00:00,88.75134
2012-03-31 08:00:00,87.091064
2012-03-31 09:00:00,142.93173
2012-03-31 10:00:00,115.20403
2012-03-31 11:00:00,92.45485
2012-03-31 12:00:00,116.68735
2012-03-31 13:00:00,166.4727
2012-03-31 14:00:00,174.99582
2012-03-31 15:00:00,171.97247
2012-03-31 16:00:00,156.67393
2012-03-31 17:00:00,170.03589
2012-03-31 18:00:00,140.0252
2012-03-31 19:00:00,165.48822
2012-03-31 20:00:00,117.68455
2012-03-31 21:00:00,117.68455
2012-03-31 22:00:00,126.23295
2012-03-31 23:00:00,84.76079
2012-04-20 00:00:00,131.35954
2012-04-20 01:00:00,134.98149
2012-04-20 02:00:00,132.1489
2012-04-20 03:00:00,107.62976
2012-04-20 04:00:00,103.358055
2012-04-20 05:00:00,112.58673
2012-04-20 06:00:00,117.68858
2012-04-20 07:00:00,112.58673
2012-04-20 08:00:00,113.596405
2012-04-20 09:00:00,106.34016
2012-04-20 10:00:00,152.54265
2012-04-20 11:00:00,186.8366
2012-04-20 12:00:00,207.21169
2012-04-20 13:00:00,328.77362
2012-04-20 14:00:00,337.7053
2012-04-20 15:00:00,309.05157
2012-04-20 16:00:00,332.542
2012-04-20 17:00:00,304.46634
2012-04-20 18:00:00,287.94946
2012-04-20 19:00:00,259.72278
2012-04-20 20:00:00,198.24487
2012-04-20 21:00:00,179.96121
2012-04-20 22:00:00,161.46936
2012-04-20 23:00:00,136.18547
2012-04-21 00:00:00,131.96356
2012-04-21 01:00:00,131.96356
2012-04-21 02:00:00,91.74952
2012-04-21 03:00:00,106.56438
2012-04-21 04:00:00,103.49655
2012-04-21 05:00:00,103.49655
2012-04-21 06:00:00,106.56438
2012-04-21 07:00:00,96.031654
2012-04-21 08:00:00,107.82763
2012-04-21 09:00:00,111.50152
2012-04-21 10:00:00,195.36018
2012-04-21 11:00:00,258.83392
2012-04-21 12:00:00,240.80959
2012-04-21 13:00:00,279.27917
2012-04-21 14:00:00,383.44083
2012-04-21 15:00:00,448.96906
2012-04-21 16:00:00,376.83804
2012-04-21 17:00:00,354.97235
2012-04-21 18:00:00,301.77615
2012-04-21 19:00:00,141.5517
2012-04-21 20:00:00,96.105095
2012-04-21 21:00:00,95.64177
2012-04-21 22:00:00,97.445854
2012-04-21 23:00:00,107.809326
2012-04-22 00:00:00,127.3562
2012-04-22 01:00:00,108.024376
2012-04-22 02:00:00,102.43045
2012-04-22 03:00:00,117.726074
2012-04-22 04:00:00,132.33606
2012-04-22 05:00:00,148.1211
2012-04-22 06:00:00,123.16173
2012-04-22 07:00:00,90.446045
2012-04-22 08:00:00,92.74147
2012-04-22 09:00:00,92.74147
2012-04-22 10:00:00,78.080826
2012-04-22 11:00:00,74.888245
2012-04-22 12:00:00,76.15203
2012-04-22 13:00:00,79.19328
2012-04-22 14:00:00,76.15203
2012-04-22 15:00:00,77.716095
2012-04-22 16:00:00,84.91112
2012-04-22 17:00:00,75.80112
2012-04-22 18:00:00,75.80112
2012-04-22 19:00:00,85.50661
2012-04-22 20:00:00,73.745445
2012-04-22 21:00:00,73.35469
2012-04-22 22:00:00,82.884445
2012-04-22 23:00:00,83.02436
2012-04-23 00:00:00,86.16877
2012-04-23 01:00:00,75.185745
2012-04-23 02:00:00,91.259026
2012-04-23 03:00:00,93.09204
2012-04-23 04:00:00,74.758446
2012-04-23 05:00:00,74.758446
2012-04-23 06:00:00,90.149445
2012-04-23 07:00:00,77.50469
2012-04-23 08:00:00,98.55756
2012-04-23 09:00:00,103.95452
2012-04-23 10:00:00,110.617676
2012-04-23 11:00:00,110.888245
2012-04-23 12:00:00,83.72206
2012-04-23 13:00:00,92.12877
2012-04-23 14:00:00,107.4464
2012-04-23 15:00:00,134.98894
2012-04-23 16:00:00,75.73914
2012-04-23 17:00:00,74.089
2012-04-23 18:00:00,85.20615
2012-04-23 19:00:00,123.4384
2012-04-23 20:00:00,107.76014
2012-04-23 21:00:00,103.0131
2012-04-23 22:00:00,113.521866
2012-04-23 23:00:00,101.06592
2012-04-24 00:00:00,107.20549
2012-04-24 01:00:00,107.222206
2012-04-24 02:00:00,112.689255
2012-04-24 03:00:00,117.51576
2012-04-24 04:00:00,129.23276
2012-04-24 05:00:00,129.23276
2012-04-24 06:00:00,133.0615
2012-04-24 07:00:00,122.776474
2012-04-24 08:00:00,116.46068
2012-04-24 09:00:00,203.37862
2012-04-24 10:00:00,191.37589
2012-04-24 11:00:00,266.5907
2012-04-24 12:00:00,272.79712
2012-04-24 13:00:00,277.35168
2012-04-24 14:00:00,282.15536
2012-04-24 15:00:00,281.61273
2012-04-24 16:00:00,309.63864
2012-04-24 17:00:00,291.96475
2012-04-24 18:00:00,320.4629
2012-04-24 19:00:00,331.51443
2012-04-24 20:00:00,286.78165
2012-04-24 21:00:00,208.45378
2012-04-24 22:00:00,253.94548
2012-04-24 23:00:00,247.41003
2012-04-25 00:00:00,273.58218
2012-04-25 01:00:00,240.00703
2012-04-25 02:00:00,134.52815
2012-04-25 03:00:00,96.20579
2012-04-25 04:00:00,102.84244
2012-04-25 05:00:00,119.70007
2012-04-25 06:00:00,119.70007
2012-04-25 07:00:00,114.5953
2012-04-25 08:00:00,103.296394
2012-04-25 09:00:00,173.12047
2012-04-25 10:00:00,312.4161
2012-04-25 11:00:00,291.346
2012-04-25 12:00:00,334.01132
2012-04-25 13:00:00,354.28662
2012-04-25 14:00:00,304.76315
2012-04-25 15:00:00,347.0324
2012-04-25 16:00:00,314.27042
2012-04-25 17:00:00,333.99362
2012-04-25 18:00:00,341.9828
2012-04-25 19:00:00,363.6466
2012-04-25 20:00:00,332.97772
2012-04-25 21:00:00,192.456
2012-04-25 22:00:00,198.1224
2012-04-25 23:00:00,216.05716
2012-04-26 00:00:00,145.5251
2012-04-26 01:00:00,210.86917
2012-04-26 02:00:00,203.13884
2012-04-26 03:00:00,204.54454
2012-04-26 04:00:00,187.13402
2012-04-26 05:00:00,200.21506
2012-04-26 06:00:00,183.88972
2012-04-26 07:00:00,98.517136
2012-04-26 08:00:00,113.85293
2012-04-26 09:00:00,100.93081
2012-04-26 10:00:00,115.46416
2012-04-26 11:00:00,117.18669
2012-04-26 12:00:00,131.63698
2012-04-26 13:00:00,146.81027
2012-04-26 14:00:00,186.49648
2012-04-26 15:00:00,143.93584
2012-04-26 16:00:00,152.64407
2012-04-26 17:00:00,141.97864
2012-04-26 18:00:00,186.49648
2012-04-26 19:00:00,183.37828
2012-04-26 20:00:00,157.38638
2012-04-26 21:00:00,137.92033
2012-04-26 22:00:00,124.01444
2012-04-26 23:00:00,120.75595
2012-04-27 00:00:00,241.81334
2012-04-27 01:00:00,228.66853
2012-04-27 02:00:00,216.15982
2012-04-27 03:00:00,238.69618
2012-04-27 04:00:00,187.0274
2012-04-27 05:00:00,218.70212
2012-04-27 06:00:00,189.58769
2012-04-27 07:00:00,170.10893
2012-04-27 08:00:00,180.97926
2012-04-27 09:00:00,238.32227
2012-04-27 10:00:00,249.50218
2012-04-27 11:00:00,244.87437
2012-04-27 12:00:00,264.54788
2012-04-27 13:00:00,264.99216
2012-04-27 14:00:00,269.16763
2012-04-27 15:00:00,278.8203
2012-04-27 16:00:00,335.36835
2012-04-27 17:00:00,296.4423
2012-04-27 18:00:00,291.01892
2012-04-27 19:00:00,279.8485
2012-04-27 20:00:00,284.94202
2012-04-27 21:00:00,269.51953
2012-04-27 22:00:00,229.14662
2012-04-27 23:00:00,206.76234
2012-04-28 00:00:00,162.84648
2012-04-28 01:00:00,133.31737
2012-04-28 02:00:00,140.55138
2012-04-28 03:00:00,123.01564
2012-04-28 04:00:00,129.85011
2012-04-28 05:00:00,133.89735
2012-04-28 06:00:00,127.46753
2012-04-28 07:00:00,129.85011
2012-04-28 08:00:00,184.60223
2012-04-28 09:00:00,180.11028
2012-04-28 10:00:00,170.1557
2012-04-28 11:00:00,172.3086
2012-04-28 12:00:00,163.29172
2012-04-28 13:00:00,189.84541
2012-04-28 14:00:00,212.97914
2012-04-28 15:00:00,170.77638
2012-04-28 16:00:00,189.45853
2012-04-28 17:00:00,201.10564
2012-04-28 18:00:00,147.7366
2012-04-28 19:00:00,83.429985
2012-04-28 20:00:00,123.27505
2012-04-28 21:00:00,105.80095
2012-04-28 22:00:00,100.292046
2012-04-28 23:00:00,107.70996
2012-04-29 00:00:00,83.639496
2012-04-29 01:00:00,90.03074
2012-04-29 02:00:00,89.251884
2012-04-29 03:00:00,87.091064
2012-04-29 04:00:00,87.049034
2012-04-29 05:00:00,84.034996
2012-04-29 06:00:00,76.84476
2012-04-29 07:00:00,84.78906
2012-04-29 08:00:00,81.35695
2012-04-29 09:00:00,87.40487
2012-04-29 10:00:00,94.82063
2012-04-29 11:00:00,158.99127
2012-04-29 12:00:00,213.79453
2012-04-29 13:00:00,217.3024
2012-04-29 14:00:00,353.96646
2012-04-29 15:00:00,286.73416
2012-04-29 16:00:00,435.2945
2012-04-29 17:00:00,420.39032
2012-04-29 18:00:00,429.06305
2012-04-29 19:00:00,295.84314
2012-04-29 20:00:00,312.3686
2012-04-29 21:00:00,192.7461
2012-04-29 22:00:00,224.36293
2012-04-29 23:00:00,139.97182
2012-04-30 00:00:00,113.88388
2012-04-30 01:00:00,108.750786
2012-04-30 02:00:00,110.92938
2012-04-30 03:00:00,116.872215
2012-04-30 04:00:00,150.83203
2012-04-30 05:00:00,150.83203
2012-04-30 06:00:00,190.72444
2012-04-30 07:00:00,185.28038
2012-04-30 08:00:00,200.81477
2012-04-30 09:00:00,193.16457
2012-04-30 10:00:00,204.837
2012-04-30 11:00:00,202.31685
2012-04-30 12:00:00,206.3435
2012-04-30 13:00:00,205.8283
2012-04-30 14:00:00,203.80144
2012-04-30 15:00:00,218.00531
2012-04-30 16:00:00,189.23253
2012-04-30 17:00:00,188.94202
2012-04-30 18:00:00,217.66722
2012-04-30 19:00:00,198.1736
2012-04-30 20:00:00,212.18913
2012-04-30 21:00:00,212.18913
2012-04-30 22:00:00,214.43053
2012-04-30 23:00:00,212.0405
2012-05-20 00:00:00,229.742
2012-05-20 01:00:00,200.44417
2012-05-20 02:00:00,200.44417
2012-05-20 03:00:00,198.7574
2012-05-20 04:00:00,101.987495
2012-05-20 05:00:00,93.12586
2012-05-20 06:00:00,155.38292
2012-05-20 07:00:00,164.07356
2012-05-20 08:00:00,184.37946
2012-05-20 09:00:00,443.53943
2012-05-20 10:00:00,419.05933
2012-05-20 11:00:00,391.332
2012-05-20 12:00:00,399.94904
2012-05-20 13:00:00,427.95184
2012-05-20 14:00:00,375.22113
2012-05-20 15:00:00,327.86902
2012-05-20 16:00:00,370.82855
2012-05-20 17:00:00,372.11176
2012-05-20 18:00:00,342.24304
2012-05-20 19:00:00,281.69296
2012-05-20 20:00:00,281.69296
2012-05-20 21:00:00,231.15207
2012-05-20 22:00:00,159.64261
2012-05-20 23:00:00,116.72944
2012-05-21 00:00:00,111.91954
2012-05-21 01:00:00,117.81845
2012-05-21 02:00:00,103.55667
2012-05-21 03:00:00,142.11824
2012-05-21 04:00:00,108.57237
2012-05-21 05:00:00,108.57237
2012-05-21 06:00:00,108.57237
2012-05-21 07:00:00,108.57237
2012-05-21 08:00:00,112.764275
2012-05-21 09:00:00,116.844154
2012-05-21 10:00:00,112.52322
2012-05-21 11:00:00,157.24539
2012-05-21 12:00:00,160.21199
2012-05-21 13:00:00,129.00551
2012-05-21 14:00:00,136.20941
2012-05-21 15:00:00,208.70123
2012-05-21 16:00:00,204.53006
2012-05-21 17:00:00,225.06044
2012-05-21 18:00:00,149.91267
2012-05-21 19:00:00,181.23668
2012-05-21 20:00:00,197.99883
2012-05-21 21:00:00,166.31293
2012-05-21 22:00:00,198.8401
2012-05-21 23:00:00,172.9942
2012-05-22 00:00:00,142.39072
2012-05-22 01:00:00,137.49254
2012-05-22 02:00:00,132.89424
2012-05-22 03:00:00,132.89424
2012-05-22 04:00:00,137.84395
2012-05-22 05:00:00,117.03138
2012-05-22 06:00:00,96.59034
2012-05-22 07:00:00,96.59034
2012-05-22 08:00:00,124.636154
2012-05-22 09:00:00,132.83264
2012-05-22 10:00:00,141.24767
2012-05-22 11:00:00,133.83151
2012-05-22 12:00:00,144.03267
2012-05-22 13:00:00,155.97859
2012-05-22 14:00:00,166.57469
2012-05-22 15:00:00,277.05597
2012-05-22 16:00:00,269.88223
2012-05-22 17:00:00,251.61055
2012-05-22 18:00:00,258.2265
2012-05-22 19:00:00,223.04884
2012-05-22 20:00:00,196.4312
2012-05-22 21:00:00,135.17644
2012-05-22 22:00:00,138.40395
2012-05-22 23:00:00,143.80699
2012-05-23 00:00:00,135.17644
2012-05-23 01:00:00,129.3892
2012-05-23 02:00:00,157.24539
2012-05-23 03:00:00,113.66786
2012-05-23 04:00:00,133.28844
2012-05-23 05:00:00,112.764275
2012-05-23 06:00:00,96.15997
2012-05-23 07:00:00,130.02847
2012-05-23 08:00:00,130.02847
2012-05-23 09:00:00,138.5211
2012-05-23 10:00:00,114.83397
2012-05-23 11:00:00,156.68962
2012-05-23 12:00:00,186.99309
2012-05-23 13:00:00,198.21884
2012-05-23 14:00:00,246.20265
2012-05-23 15:00:00,192.68532
2012-05-23 16:00:00,242.96046
2012-05-23 17:00:00,172.62228
2012-05-23 18:00:00,172.62228
2012-05-23 19:00:00,158.11
2012-05-23 20:00:00,131.9125
2012-05-23 21:00:00,134.55923
2012-05-23 22:00:00,158.11
2012-05-23 23:00:00,109.13378
2012-05-24 00:00:00,101.2984
2012-05-24 01:00:00,99.1237
2012-05-24 02:00:00,124.56579
2012-05-24 03:00:00,123.92699
2012-05-24 04:00:00,139.43803
2012-05-24 05:00:00,139.43803
2012-05-24 06:00:00,139.43803
2012-05-24 07:00:00,100.07484
2012-05-24 08:00:00,164.72098
2012-05-24 09:00:00,181.70738
2012-05-24 10:00:00,226.84941
2012-05-24 11:00:00,236.14572
2012-05-24 12:00:00,280.77408
2012-05-24 13:00:00,294.7221
2012-05-24 14:00:00,320.23206
2012-05-24 15:00:00,320.4251
2012-05-24 16:00:00,299.10983
2012-05-24 17:00:00,310.99622
2012-05-24 18:00:00,303.16888
2012-05-24 19:00:00,281.32526
2012-05-24 20:00:00,214.46097
2012-05-24 21:00:00,158.31017
2012-05-24 22:00:00,145.00674
2012-05-24 23:00:00,160.43205
2012-05-25 00:00:00,113.40738
2012-05-25 01:00:00,100.974236
2012-05-25 02:00:00,134.55923
2012-05-25 03:00:00,124.760574
2012-05-25 04:00:00,133.35959
2012-05-25 05:00:00,126.22116
2012-05-25 06:00:00,124.760574
2012-05-25 07:00:00,140.41528
2012-05-25 08:00:00,124.50013
2012-05-25 09:00:00,125.28108
2012-05-25 10:00:00,160.66124
2012-05-25 11:00:00,143.22423
2012-05-25 12:00:00,256.01764
2012-05-25 13:00:00,272.57184
2012-05-25 14:00:00,278.70428
2012-05-25 15:00:00,277.64575
2012-05-25 16:00:00,337.45807
2012-05-25 17:00:00,292.4753
2012-05-25 18:00:00,277.64575
2012-05-25 19:00:00,296.2489
2012-05-25 20:00:00,235.29517
2012-05-25 21:00:00,256.10822
2012-05-25 22:00:00,149.62796
2012-05-25 23:00:00,173.18523
2012-05-26 00:00:00,105.91608
2012-05-26 01:00:00,88.64111
2012-05-26 02:00:00,75.30384
2012-05-26 03:00:00,71.97221
2012-05-26 04:00:00,75.26262
2012-05-26 05:00:00,120.36952
2012-05-26 06:00:00,99.5786
2012-05-26 07:00:00,115.11782
2012-05-26 08:00:00,108.464745
2012-05-26 09:00:00,113.594124
2012-05-26 10:00:00,155.41716
2012-05-26 11:00:00,179.93407
2012-05-26 12:00:00,253.0188
2012-05-26 13:00:00,249.83334
2012-05-26 14:00:00,269.75342
2012-05-26 15:00:00,293.59186
2012-05-26 16:00:00,375.66672
2012-05-26 17:00:00,349.95782
2012-05-26 18:00:00,330.18478
2012-05-26 19:00:00,236.64697
2012-05-26 20:00:00,298.52817
2012-05-26 21:00:00,245.25212
2012-05-26 22:00:00,209.96391
2012-05-26 23:00:00,209.96391
2012-05-27 00:00:00,203.3018
2012-05-27 01:00:00,182.09518
2012-05-27 02:00:00,183.59236
2012-05-27 03:00:00,157.74489
2012-05-27 04:00:00,114.43637
2012-05-27 05:00:00,114.43637
2012-05-27 06:00:00,105.12807
2012-05-27 07:00:00,89.80049
2012-05-27 08:00:00,113.594124
2012-05-27 09:00:00,124.980804
2012-05-27 10:00:00,192.92854
2012-05-27 11:00:00,240.2454
2012-05-27 12:00:00,277.4211
2012-05-27 13:00:00,317.8235
2012-05-27 14:00:00,346.07324
2012-05-27 15:00:00,388.18304
2012-05-27 16:00:00,388.18304
2012-05-27 17:00:00,390.7276
2012-05-27 18:00:00,343.75778
2012-05-27 19:00:00,317.8235
2012-05-27 20:00:00,307.6728
2012-05-27 21:00:00,188.35744
2012-05-27 22:00:00,113.0591
2012-05-27 23:00:00,114.63884
2012-05-28 00:00:00,116.96863
2012-05-28 01:00:00,148.44432
2012-05-28 02:00:00,115.87428
2012-05-28 03:00:00,160.64857
2012-05-28 04:00:00,107.36768
2012-05-28 05:00:00,107.36768
2012-05-28 06:00:00,160.64857
2012-05-28 07:00:00,94.90818
2012-05-28 08:00:00,123.07203
2012-05-28 09:00:00,182.01451
2012-05-28 10:00:00,182.01451
2012-05-28 11:00:00,236.7565
2012-05-28 12:00:00,267.54364
2012-05-28 13:00:00,279.7022
2012-05-28 14:00:00,279.7022
2012-05-28 15:00:00,311.8725
2012-05-28 16:00:00,306.62476
2012-05-28 17:00:00,311.8725
2012-05-28 18:00:00,298.65033
2012-05-28 19:00:00,316.46252
2012-05-28 20:00:00,278.69055
2012-05-28 21:00:00,246.56612
2012-05-28 22:00:00,204.62064
2012-05-28 23:00:00,172.28929
2012-05-29 00:00:00,180.80072
2012-05-29 01:00:00,180.80072
2012-05-29 02:00:00,125.52672
2012-05-29 03:00:00,181.15309
2012-05-29 04:00:00,173.18523
2012-05-29 05:00:00,173.18523
2012-05-29 06:00:00,173.18523
2012-05-29 07:00:00,173.18523
2012-05-29 08:00:00,205.4658
2012-05-29 09:00:00,257.01242
2012-05-29 10:00:00,270.58527
2012-05-29 11:00:00,285.73553
2012-05-29 12:00:00,287.87433
2012-05-29 13:00:00,276.14838
2012-05-29 14:00:00,280.24374
2012-05-29 15:00:00,276.64932
2012-05-29 16:00:00,290.60324
2012-05-29 17:00:00,289.8122
2012-05-29 18:00:00,300.78955
2012-05-29 19:00:00,296.16232
2012-05-29 20:00:00,198.28809
2012-05-29 21:00:00,128.376
2012-05-29 22:00:00,126.22116
2012-05-29 23:00:00,108.819244
2012-05-30 00:00:00,99.45517
2012-05-30 01:00:00,120.793495
2012-05-30 02:00:00,88.688065
2012-05-30 03:00:00,104.80426
2012-05-30 04:00:00,126.96266
2012-05-30 05:00:00,158.94484
2012-05-30 06:00:00,143.45277
2012-05-30 07:00:00,161.55353
2012-05-30 08:00:00,196.81334
2012-05-30 09:00:00,213.14886
2012-05-30 10:00:00,200.96742
2012-05-30 11:00:00,217.01122
2012-05-30 12:00:00,244.0298
2012-05-30 13:00:00,269.81335
2012-05-30 14:00:00,330.8982
2012-05-30 15:00:00,296.46597
2012-05-30 16:00:00,309.33167
2012-05-30 17:00:00,305.37766
2012-05-30 18:00:00,325.94937
2012-05-30 19:00:00,294.7221
2012-05-30 20:00:00,217.3617
2012-05-30 21:00:00,276.74384
2012-05-30 22:00:00,192.1934
2012-05-30 23:00:00,236.29282
2012-05-31 00:00:00,197.99883
2012-05-31 01:00:00,168.61272
2012-05-31 02:00:00,214.59901
2012-05-31 03:00:00,166.31293
2012-05-31 04:00:00,171.09431
2012-05-31 05:00:00,210.43903
2012-05-31 06:00:00,194.1243
2012-05-31 07:00:00,213.8112
2012-05-31 08:00:00,260.7554
2012-05-31 09:00:00,327.08133
2012-05-31 10:00:00,309.10822
2012-05-31 11:00:00,339.26962
2012-05-31 12:00:00,385.3171
2012-05-31 13:00:00,365.62714
2012-05-31 14:00:00,384.42148
2012-05-31 15:00:00,337.2733
2012-05-31 16:00:00,342.54297
2012-05-31 17:00:00,379.66412
2012-05-31 18:00:00,382.76337
2012-05-31 19:00:00,381.3966
2012-05-31 20:00:00,328.61398
2012-05-31 21:00:00,328.61398
2012-05-31 22:00:00,285.88104
2012-05-31 23:00:00,281.47485
2012-06-20 00:00:00,180.80072
2012-06-20 01:00:00,172.18346
2012-06-20 02:00:00,140.26846
2012-06-20 03:00:00,120.029915
2012-06-20 04:00:00,104.367386
2012-06-20 05:00:00,104.367386
2012-06-20 06:00:00,126.71098
2012-06-20 07:00:00,136.36787
2012-06-20 08:00:00,154.27356
2012-06-20 09:00:00,177.79936
2012-06-20 10:00:00,293.6248
2012-06-20 11:00:00,314.7616
2012-06-20 12:00:00,306.91544
2012-06-20 13:00:00,301.3023
2012-06-20 14:00:00,316.07724
2012-06-20 15:00:00,289.62674
2012-06-20 16:00:00,301.18893
2012-06-20 17:00:00,289.2766
2012-06-20 18:00:00,289.2766
2012-06-20 19:00:00,307.19528
2012-06-20 20:00:00,332.26483
2012-06-20 21:00:00,310.74384
2012-06-20 22:00:00,307.6563
2012-06-20 23:00:00,284.46185
2012-06-21 00:00:00,218.38109
2012-06-21 01:00:00,164.06206
2012-06-21 02:00:00,155.31676
2012-06-21 03:00:00,170.78394
2012-06-21 04:00:00,114.979164
2012-06-21 05:00:00,116.91766
2012-06-21 06:00:00,137.11516
2012-06-21 07:00:00,137.11516
2012-06-21 08:00:00,179.66122
2012-06-21 09:00:00,313.32513
2012-06-21 10:00:00,289.82697
2012-06-21 11:00:00,321.90845
2012-06-21 12:00:00,304.79688
2012-06-21 13:00:00,289.62674
2012-06-21 14:00:00,330.66696
2012-06-21 15:00:00,300.2334
2012-06-21 16:00:00,307.8368
2012-06-21 17:00:00,302.53796
2012-06-21 18:00:00,325.24365
2012-06-21 19:00:00,308.7611
2012-06-21 20:00:00,322.44165
2012-06-21 21:00:00,317.05292
2012-06-21 22:00:00,274.58414
2012-06-21 23:00:00,281.8171
2012-06-22 00:00:00,233.92067
2012-06-22 01:00:00,219.15166
2012-06-22 02:00:00,161.39821
2012-06-22 03:00:00,161.39821
2012-06-22 04:00:00,194.25215
2012-06-22 05:00:00,238.3927
2012-06-22 06:00:00,191.09846
2012-06-22 07:00:00,281.02283
2012-06-22 08:00:00,288.8606
2012-06-22 09:00:00,305.0002
2012-06-22 10:00:00,287.62463
2012-06-22 11:00:00,324.68774
2012-06-22 12:00:00,298.46747
2012-06-22 13:00:00,308.7611
2012-06-22 14:00:00,308.7611
2012-06-22 15:00:00,261.3717
2012-06-22 16:00:00,309.2262
2012-06-22 17:00:00,326.3791
2012-06-22 18:00:00,293.03442
2012-06-22 19:00:00,293.20758
2012-06-22 20:00:00,293.20758
2012-06-22 21:00:00,212.58067
2012-06-22 22:00:00,212.33504
2012-06-22 23:00:00,166.96117
2012-06-23 00:00:00,114.92634
2012-06-23 01:00:00,112.6107
2012-06-23 02:00:00,160.35269
2012-06-23 03:00:00,133.87744
2012-06-23 04:00:00,159.10088
2012-06-23 05:00:00,160.35269
2012-06-23 06:00:00,80.980576
2012-06-23 07:00:00,106.17292
2012-06-23 08:00:00,211.17212
2012-06-23 09:00:00,251.98534
2012-06-23 10:00:00,332.91312
2012-06-23 11:00:00,421.13513
2012-06-23 12:00:00,453.10632
2012-06-23 13:00:00,500.90356
2012-06-23 14:00:00,485.6267
2012-06-23 15:00:00,413.8282
2012-06-23 16:00:00,434.96777
2012-06-23 17:00:00,466.8431
2012-06-23 18:00:00,432.3135
2012-06-23 19:00:00,511.10748
2012-06-23 20:00:00,515.1316
2012-06-23 21:00:00,453.49738
2012-06-23 22:00:00,393.84253
2012-06-23 23:00:00,408.132
2012-06-24 00:00:00,338.475
2012-06-24 01:00:00,306.31522
2012-06-24 02:00:00,317.46918
2012-06-24 03:00:00,230.2468
2012-06-24 04:00:00,220.5483
2012-06-24 05:00:00,171.81767
2012-06-24 06:00:00,194.88745
2012-06-24 07:00:00,153.38016
2012-06-24 08:00:00,237.78595
2012-06-24 09:00:00,350.51703
2012-06-24 10:00:00,435.10425
2012-06-24 11:00:00,415.26376
2012-06-24 12:00:00,502.28586
2012-06-24 13:00:00,457.1325
2012-06-24 14:00:00,430.4771
2012-06-24 15:00:00,477.63635
2012-06-24 16:00:00,465.37485
2012-06-24 17:00:00,467.64597
2012-06-24 18:00:00,467.70142
2012-06-24 19:00:00,439.7908
2012-06-24 20:00:00,429.51825
2012-06-24 21:00:00,355.87598
2012-06-24 22:00:00,317.3404
2012-06-24 23:00:00,311.31207
2012-06-25 00:00:00,289.9774
2012-06-25 01:00:00,250.28822
2012-06-25 02:00:00,230.79918
2012-06-25 03:00:00,237.5104
2012-06-25 04:00:00,177.43584
2012-06-25 05:00:00,183.38312
2012-06-25 06:00:00,154.9075
2012-06-25 07:00:00,201.66512
2012-06-25 08:00:00,208.17697
2012-06-25 09:00:00,226.5444
2012-06-25 10:00:00,299.14392
2012-06-25 11:00:00,296.58893
2012-06-25 12:00:00,293.4133
2012-06-25 13:00:00,311.31113
2012-06-25 14:00:00,341.39886
2012-06-25 15:00:00,313.21362
2012-06-25 16:00:00,304.90228
2012-06-25 17:00:00,314.06137
2012-06-25 18:00:00,314.8055
2012-06-25 19:00:00,315.48752
2012-06-25 20:00:00,313.8781
2012-06-25 21:00:00,317.11453
2012-06-25 22:00:00,308.34262
2012-06-25 23:00:00,314.2533
2012-06-26 00:00:00,312.97247
2012-06-26 01:00:00,302.8897
2012-06-26 02:00:00,285.13168
2012-06-26 03:00:00,265.63797
2012-06-26 04:00:00,265.4602
2012-06-26 05:00:00,255.35829
2012-06-26 06:00:00,216.4193
2012-06-26 07:00:00,234.88722
2012-06-26 08:00:00,263.41483
2012-06-26 09:00:00,278.05783
2012-06-26 10:00:00,299.6548
2012-06-26 11:00:00,308.07864
2012-06-26 12:00:00,308.79587
2012-06-26 13:00:00,313.19604
2012-06-26 14:00:00,313.19604
2012-06-26 15:00:00,314.50348
2012-06-26 16:00:00,314.90363
2012-06-26 17:00:00,310.92783
2012-06-26 18:00:00,310.5042
2012-06-26 19:00:00,372.7339
2012-06-26 20:00:00,340.20062
2012-06-26 21:00:00,381.04694
2012-06-26 22:00:00,360.02866
2012-06-26 23:00:00,321.76672
2012-06-27 00:00:00,340.8987
2012-06-27 01:00:00,316.6955
2012-06-27 02:00:00,231.11752
2012-06-27 03:00:00,278.7972
2012-06-27 04:00:00,345.3566
2012-06-27 05:00:00,309.00623
2012-06-27 06:00:00,280.82928
2012-06-27 07:00:00,294.9277
2012-06-27 08:00:00,300.83194
2012-06-27 09:00:00,304.89444
2012-06-27 10:00:00,361.01636
2012-06-27 11:00:00,318.14618
2012-06-27 12:00:00,335.50586
2012-06-27 13:00:00,310.3379
2012-06-27 14:00:00,307.88232
2012-06-27 15:00:00,312.02417
2012-06-27 16:00:00,308.7885
2012-06-27 17:00:00,301.13867
2012-06-27 18:00:00,310.3379
2012-06-27 19:00:00,313.88492
2012-06-27 20:00:00,384.42148
2012-06-27 21:00:00,365.62714
2012-06-27 22:00:00,324.77002
2012-06-27 23:00:00,300.92175
2012-06-28 00:00:00,286.79562
2012-06-28 01:00:00,229.6463
2012-06-28 02:00:00,289.63684
2012-06-28 03:00:00,289.63684
2012-06-28 04:00:00,257.74026
2012-06-28 05:00:00,275.86642
2012-06-28 06:00:00,275.86642
2012-06-28 07:00:00,257.74026
2012-06-28 08:00:00,281.89648
2012-06-28 09:00:00,285.41656
2012-06-28 10:00:00,342.92508
2012-06-28 11:00:00,376.7038
2012-06-28 12:00:00,324.0855
2012-06-28 13:00:00,347.68405
2012-06-28 14:00:00,304.27658
2012-06-28 15:00:00,304.27658
2012-06-28 16:00:00,364.88312
2012-06-28 17:00:00,363.28162
2012-06-28 18:00:00,355.32306
2012-06-28 19:00:00,309.9466
2012-06-28 20:00:00,366.27457
2012-06-28 21:00:00,312.9295
2012-06-28 22:00:00,310.6345
2012-06-28 23:00:00,309.75323
2012-06-29 00:00:00,309.75323
2012-06-29 01:00:00,312.241
2012-06-29 02:00:00,279.02097
2012-06-29 03:00:00,279.02097
2012-06-29 04:00:00,235.29517
2012-06-29 05:00:00,275.7032
2012-06-29 06:00:00,246.23457
2012-06-29 07:00:00,275.7032
2012-06-29 08:00:00,270.65506
2012-06-29 09:00:00,299.14392
2012-06-29 10:00:00,250.7192
2012-06-29 11:00:00,273.63367
2012-06-29 12:00:00,285.15692
2012-06-29 13:00:00,269.23108
2012-06-29 14:00:00,244.9156
2012-06-29 15:00:00,261.34027
2012-06-29 16:00:00,261.34027
2012-06-29 17:00:00,242.61813
2012-06-29 18:00:00,275.9652
2012-06-29 19:00:00,267.02188
2012-06-29 20:00:00,234.88467
2012-06-29 21:00:00,307.4547
2012-06-29 22:00:00,305.3105
2012-06-29 23:00:00,305.3105
2012-06-30 00:00:00,112.66786
2012-06-30 01:00:00,118.32932
2012-06-30 02:00:00,142.08449
2012-06-30 03:00:00,142.08449
2012-06-30 04:00:00,127.97672
2012-06-30 05:00:00,88.16931
2012-06-30 06:00:00,88.16931
2012-06-30 07:00:00,88.16931
2012-06-30 08:00:00,88.16931
2012-06-30 09:00:00,88.16931
2012-06-30 10:00:00,437.95413
2012-06-30 11:00:00,437.95413
2012-06-30 12:00:00,437.95413
2012-06-30 13:00:00,437.95413
2012-06-30 14:00:00,437.95413
2012-06-30 15:00:00,437.95413
2012-06-30 16:00:00,447.21506
2012-06-30 17:00:00,454.28174
2012-06-30 18:00:00,406.57745
2012-06-30 19:00:00,444.50165
2012-06-30 20:00:00,364.5688
2012-06-30 21:00:00,364.5688
2012-06-30 22:00:00,291.94345
2012-06-30 23:00:00,320.40213
2012-07-20 00:00:00,105.60676
2012-07-20 01:00:00,102.09401
2012-07-20 02:00:00,129.63408
2012-07-20 03:00:00,128.6526
2012-07-20 04:00:00,142.08617
2012-07-20 05:00:00,130.73846
2012-07-20 06:00:00,142.08617
2012-07-20 07:00:00,152.37231
2012-07-20 08:00:00,166.58678
2012-07-20 09:00:00,165.47142
2012-07-20 10:00:00,180.9158
2012-07-20 11:00:00,206.35385
2012-07-20 12:00:00,150.83992
2012-07-20 13:00:00,120.12625
2012-07-20 14:00:00,147.6314
2012-07-20 15:00:00,195.39104
2012-07-20 16:00:00,201.38075
2012-07-20 17:00:00,216.6791
2012-07-20 18:00:00,202.38606
2012-07-20 19:00:00,166.86285
2012-07-20 20:00:00,140.64413
2012-07-20 21:00:00,126.33412
2012-07-20 22:00:00,167.59087
2012-07-20 23:00:00,163.31624
2012-07-21 00:00:00,121.49878
2012-07-21 01:00:00,152.62985
2012-07-21 02:00:00,107.6966
2012-07-21 03:00:00,111.37887
2012-07-21 04:00:00,107.58533
2012-07-21 05:00:00,110.67614
2012-07-21 06:00:00,110.67614
2012-07-21 07:00:00,130.87239
2012-07-21 08:00:00,146.77621
2012-07-21 09:00:00,156.16579
2012-07-21 10:00:00,110.67614
2012-07-21 11:00:00,149.72986
2012-07-21 12:00:00,136.60573
2012-07-21 13:00:00,135.24257
2012-07-21 14:00:00,131.65907
2012-07-21 15:00:00,111.37887
2012-07-21 16:00:00,117.94649
2012-07-21 17:00:00,113.16522
2012-07-21 18:00:00,138.20537
2012-07-21 19:00:00,132.68388
2012-07-21 20:00:00,113.16522
2012-07-21 21:00:00,132.68388
2012-07-21 22:00:00,117.737
2012-07-21 23:00:00,138.41487
2012-07-22 00:00:00,117.737
2012-07-22 01:00:00,132.68388
2012-07-22 02:00:00,117.737
2012-07-22 03:00:00,117.737
2012-07-22 04:00:00,104.804756
2012-07-22 05:00:00,104.804756
2012-07-22 06:00:00,132.515
2012-07-22 07:00:00,153.07275
2012-07-22 08:00:00,168.23936
2012-07-22 09:00:00,205.61435
2012-07-22 10:00:00,187.20905
2012-07-22 11:00:00,187.20905
2012-07-22 12:00:00,212.29587
2012-07-22 13:00:00,251.19106
2012-07-22 14:00:00,256.87173
2012-07-22 15:00:00,256.87173
2012-07-22 16:00:00,267.77664
2012-07-22 17:00:00,250.596
2012-07-22 18:00:00,235.4278
2012-07-22 19:00:00,200.72357
2012-07-22 20:00:00,163.99138
2012-07-22 21:00:00,110.56422
2012-07-22 22:00:00,179.72354
2012-07-22 23:00:00,131.14157
2012-07-23 00:00:00,97.47016
2012-07-23 01:00:00,130.76752
2012-07-23 02:00:00,125.93004
2012-07-23 03:00:00,125.93004
2012-07-23 04:00:00,122.7391
2012-07-23 05:00:00,122.7391
2012-07-23 06:00:00,127.33929
2012-07-23 07:00:00,125.81703
2012-07-23 08:00:00,155.31676
2012-07-23 09:00:00,212.19022
2012-07-23 10:00:00,215.68626
2012-07-23 11:00:00,289.07278
2012-07-23 12:00:00,289.07278
2012-07-23 13:00:00,284.87128
2012-07-23 14:00:00,278.86008
2012-07-23 15:00:00,313.32513
2012-07-23 16:00:00,293.6248
2012-07-23 17:00:00,293.6248
2012-07-23 18:00:00,307.6563
2012-07-23 19:00:00,322.42596
2012-07-23 20:00:00,274.7846
2012-07-23 21:00:00,277.64575
2012-07-23 22:00:00,264.4822
2012-07-23 23:00:00,251.03781
2012-07-24 00:00:00,184.65425
2012-07-24 01:00:00,160.66124
2012-07-24 02:00:00,140.26846
2012-07-24 03:00:00,140.26846
2012-07-24 04:00:00,104.367386
2012-07-24 05:00:00,108.01282
2012-07-24 06:00:00,120.029915
2012-07-24 07:00:00,190.97462
2012-07-24 08:00:00,235.06543
2012-07-24 09:00:00,264.9078
2012-07-24 10:00:00,278.5577
2012-07-24 11:00:00,277.73853
2012-07-24 12:00:00,293.87375
2012-07-24 13:00:00,276.6504
2012-07-24 14:00:00,298.05762
2012-07-24 15:00:00,286.3501
2012-07-24 16:00:00,295.77448
2012-07-24 17:00:00,292.40222
2012-07-24 18:00:00,289.53192
2012-07-24 19:00:00,274.7846
2012-07-24 20:00:00,259.3009
2012-07-24 21:00:00,265.2085
2012-07-24 22:00:00,285.79932
2012-07-24 23:00:00,298.19305
2012-07-25 00:00:00,294.82104
2012-07-25 01:00:00,267.83838
2012-07-25 02:00:00,254.12167
2012-07-25 03:00:00,231.90463
2012-07-25 04:00:00,224.11333
2012-07-25 05:00:00,213.38548
2012-07-25 06:00:00,209.87305
2012-07-25 07:00:00,295.36084
2012-07-25 08:00:00,354.98376
2012-07-25 09:00:00,328.8255
2012-07-25 10:00:00,336.48914
2012-07-25 11:00:00,345.26025
2012-07-25 12:00:00,345.26025
2012-07-25 13:00:00,372.15723
2012-07-25 14:00:00,361.68115
2012-07-25 15:00:00,355.92612
2012-07-25 16:00:00,366.07056
2012-07-25 17:00:00,339.74738
2012-07-25 18:00:00,361.26666
2012-07-25 19:00:00,373.19516
2012-07-25 20:00:00,363.85358
2012-07-25 21:00:00,316.15195
2012-07-25 22:00:00,270.48386
2012-07-25 23:00:00,286.57684
2012-07-26 00:00:00,214.86813
2012-07-26 01:00:00,231.90463
2012-07-26 02:00:00,226.26305
2012-07-26 03:00:00,223.04884
2012-07-26 04:00:00,194.85281
2012-07-26 05:00:00,194.85281
2012-07-26 06:00:00,177.43584
2012-07-26 07:00:00,226.32135
2012-07-26 08:00:00,221.86832
2012-07-26 09:00:00,230.15717
2012-07-26 10:00:00,242.32404
2012-07-26 11:00:00,263.92087
2012-07-26 12:00:00,277.21735
2012-07-26 13:00:00,252.33946
2012-07-26 14:00:00,239.08041
2012-07-26 15:00:00,218.90892
2012-07-26 16:00:00,232.94911
2012-07-26 17:00:00,237.54718
2012-07-26 18:00:00,229.67876
2012-07-26 19:00:00,234.67873
2012-07-26 20:00:00,273.45068
2012-07-26 21:00:00,302.84366
2012-07-26 22:00:00,302.84366
2012-07-26 23:00:00,229.86905
2012-07-27 00:00:00,178.40256
2012-07-27 01:00:00,224.38667
2012-07-27 02:00:00,150.59636
2012-07-27 03:00:00,190.97462
2012-07-27 04:00:00,153.927
2012-07-27 05:00:00,139.87234
2012-07-27 06:00:00,153.927
2012-07-27 07:00:00,226.36958
2012-07-27 08:00:00,250.93767
2012-07-27 09:00:00,291.84177
2012-07-27 10:00:00,294.41602
2012-07-27 11:00:00,282.11563
2012-07-27 12:00:00,269.01697
2012-07-27 13:00:00,295.1274
2012-07-27 14:00:00,267.77496
2012-07-27 15:00:00,316.83362
2012-07-27 16:00:00,318.90945
2012-07-27 17:00:00,284.591
2012-07-27 18:00:00,333.89038
2012-07-27 19:00:00,317.05292
2012-07-27 20:00:00,284.46185
2012-07-27 21:00:00,284.46185
2012-07-27 22:00:00,283.18018
2012-07-27 23:00:00,191.4803
2012-07-28 00:00:00,264.74527
2012-07-28 01:00:00,199.8246
2012-07-28 02:00:00,171.54707
2012-07-28 03:00:00,171.54707
2012-07-28 04:00:00,151.00061
2012-07-28 05:00:00,131.14157
2012-07-28 06:00:00,183.82774
2012-07-28 07:00:00,201.94678
2012-07-28 08:00:00,235.4278
2012-07-28 09:00:00,321.89615
2012-07-28 10:00:00,388.04407
2012-07-28 11:00:00,481.15912
2012-07-28 12:00:00,468.3332
2012-07-28 13:00:00,399.08557
2012-07-28 14:00:00,437.1413
2012-07-28 15:00:00,416.62524
2012-07-28 16:00:00,457.6805
2012-07-28 17:00:00,434.07916
2012-07-28 18:00:00,432.4309
2012-07-28 19:00:00,116.70972
2012-07-28 20:00:00,121.941986
2012-07-28 21:00:00,96.28463
2012-07-28 22:00:00,96.28463
2012-07-28 23:00:00,82.11492
2012-07-29 00:00:00,78.65341
2012-07-29 01:00:00,83.49399
2012-07-29 02:00:00,138.386
2012-07-29 03:00:00,209.78444
2012-07-29 04:00:00,188.5536
2012-07-29 05:00:00,144.45921
2012-07-29 06:00:00,158.446
2012-07-29 07:00:00,204.97615
2012-07-29 08:00:00,233.44125
2012-07-29 09:00:00,290.7203
2012-07-29 10:00:00,217.15451
2012-07-29 11:00:00,355.87598
2012-07-29 12:00:00,352.04684
2012-07-29 13:00:00,410.82852
2012-07-29 14:00:00,431.19046
2012-07-29 15:00:00,405.41766
2012-07-29 16:00:00,405.41766
2012-07-29 17:00:00,452.16385
2012-07-29 18:00:00,431.995
2012-07-29 19:00:00,323.12524
2012-07-29 20:00:00,267.77664
2012-07-29 21:00:00,201.94678
2012-07-29 22:00:00,183.82774
2012-07-29 23:00:00,163.57472
2012-07-30 00:00:00,173.87166
2012-07-30 01:00:00,170.00728
2012-07-30 02:00:00,161.5055
2012-07-30 03:00:00,135.36818
2012-07-30 04:00:00,135.36818
2012-07-30 05:00:00,108.01282
2012-07-30 06:00:00,140.26846
2012-07-30 07:00:00,141.62514
2012-07-30 08:00:00,198.564
2012-07-30 09:00:00,184.02725
2012-07-30 10:00:00,250.23232
2012-07-30 11:00:00,276.43713
2012-07-30 12:00:00,274.11588
2012-07-30 13:00:00,324.68774
2012-07-30 14:00:00,332.52234
2012-07-30 15:00:00,320.8403
2012-07-30 16:00:00,308.2669
2012-07-30 17:00:00,301.28302
2012-07-30 18:00:00,291.10904
2012-07-30 19:00:00,305.92438
2012-07-30 20:00:00,235.28731
2012-07-30 21:00:00,226.36958
2012-07-30 22:00:00,220.86931
2012-07-30 23:00:00,205.4658
2012-07-31 00:00:00,143.22423
2012-07-31 01:00:00,120.029915
2012-07-31 02:00:00,120.029915
2012-07-31 03:00:00,104.367386
2012-07-31 04:00:00,104.367386
2012-07-31 05:00:00,140.26846
2012-07-31 06:00:00,114.172874
2012-07-31 07:00:00,157.27238
2012-07-31 08:00:00,150.59636
2012-07-31 09:00:00,224.38667
2012-07-31 10:00:00,188.76706
2012-07-31 11:00:00,231.95183
2012-07-31 12:00:00,304.6054
2012-07-31 13:00:00,301.57446
2012-07-31 14:00:00,301.57446
2012-07-31 15:00:00,277.28732
2012-07-31 16:00:00,305.0002
2012-07-31 17:00:00,337.45807
2012-07-31 18:00:00,313.94122
2012-07-31 19:00:00,247.84499
2012-07-31 20:00:00,206.33922
2012-07-31 21:00:00,172.18346
2012-07-31 22:00:00,212.16945
2012-07-31 23:00:00,166.2902
2012-08-20 00:00:00,141.5991
2012-08-20 01:00:00,129.3892
2012-08-20 02:00:00,129.3892
2012-08-20 03:00:00,95.12269
2012-08-20 04:00:00,140.06749
2012-08-20 05:00:00,135.92328
2012-08-20 06:00:00,164.82367
2012-08-20 07:00:00,166.16408
2012-08-20 08:00:00,172.13768
2012-08-20 09:00:00,175.43185
2012-08-20 10:00:00,184.83719
2012-08-20 11:00:00,236.29282
2012-08-20 12:00:00,254.72134
2012-08-20 13:00:00,270.48386
2012-08-20 14:00:00,294.7221
2012-08-20 15:00:00,319.33676
2012-08-20 16:00:00,319.33676
2012-08-20 17:00:00,289.66055
2012-08-20 18:00:00,179.63324
2012-08-20 19:00:00,194.77907
2012-08-20 20:00:00,163.31624
2012-08-20 21:00:00,131.26552
2012-08-20 22:00:00,135.92328
2012-08-20 23:00:00,135.92328
2012-08-21 00:00:00,140.06749
2012-08-21 01:00:00,148.4306
2012-08-21 02:00:00,149.0484
2012-08-21 03:00:00,121.90777
2012-08-21 04:00:00,121.90777
2012-08-21 05:00:00,104.16902
2012-08-21 06:00:00,102.615845
2012-08-21 07:00:00,113.66786
2012-08-21 08:00:00,130.94443
2012-08-21 09:00:00,170.09642
2012-08-21 10:00:00,264.12622
2012-08-21 11:00:00,244.0298
2012-08-21 12:00:00,310.97833
2012-08-21 13:00:00,326.70322
2012-08-21 14:00:00,333.4728
2012-08-21 15:00:00,337.2658
2012-08-21 16:00:00,337.2658
2012-08-21 17:00:00,327.38263
2012-08-21 18:00:00,320.78912
2012-08-21 19:00:00,153.17181
2012-08-21 20:00:00,156.68962
2012-08-21 21:00:00,156.68962
2012-08-21 22:00:00,140.90341
2012-08-21 23:00:00,133.33862
2012-08-22 00:00:00,100.752205
2012-08-22 01:00:00,142.24796
2012-08-22 02:00:00,142.24796
2012-08-22 03:00:00,142.24796
2012-08-22 04:00:00,100.99548
2012-08-22 05:00:00,141.18205
2012-08-22 06:00:00,153.58347
2012-08-22 07:00:00,142.24796
2012-08-22 08:00:00,144.72015
2012-08-22 09:00:00,184.92383
2012-08-22 10:00:00,277.05597
2012-08-22 11:00:00,289.706
2012-08-22 12:00:00,278.7987
2012-08-22 13:00:00,302.99054
2012-08-22 14:00:00,311.50662
2012-08-22 15:00:00,311.92114
2012-08-22 16:00:00,284.02777
2012-08-22 17:00:00,284.02777
2012-08-22 18:00:00,226.13579
2012-08-22 19:00:00,166.96117
2012-08-22 20:00:00,197.06609
2012-08-22 21:00:00,156.68962
2012-08-22 22:00:00,156.68962
2012-08-22 23:00:00,132.98346
2012-08-23 00:00:00,140.90341
2012-08-23 01:00:00,133.33862
2012-08-23 02:00:00,133.33862
2012-08-23 03:00:00,100.974236
2012-08-23 04:00:00,133.33862
2012-08-23 05:00:00,133.33862
2012-08-23 06:00:00,130.4474
2012-08-23 07:00:00,140.318
2012-08-23 08:00:00,170.34772
2012-08-23 09:00:00,185.90738
2012-08-23 10:00:00,289.67374
2012-08-23 11:00:00,305.03635
2012-08-23 12:00:00,331.0919
2012-08-23 13:00:00,329.77988
2012-08-23 14:00:00,357.41577
2012-08-23 15:00:00,322.0773
2012-08-23 16:00:00,328.22375
2012-08-23 17:00:00,362.2157
2012-08-23 18:00:00,357.67133
2012-08-23 19:00:00,299.12958
2012-08-23 20:00:00,275.7032
2012-08-23 21:00:00,265.81363
2012-08-23 22:00:00,257.28204
2012-08-23 23:00:00,180.90495
2012-08-24 00:00:00,180.90495
2012-08-24 01:00:00,164.38408
2012-08-24 02:00:00,173.5942
2012-08-24 03:00:00,156.68962
2012-08-24 04:00:00,164.38408
2012-08-24 05:00:00,140.90341
2012-08-24 06:00:00,139.55434
2012-08-24 07:00:00,151.4459
2012-08-24 08:00:00,166.96117
2012-08-24 09:00:00,215.72847
2012-08-24 10:00:00,279.16556
2012-08-24 11:00:00,274.82428
2012-08-24 12:00:00,278.32074
2012-08-24 13:00:00,290.3035
2012-08-24 14:00:00,319.52203
2012-08-24 15:00:00,277.34186
2012-08-24 16:00:00,277.34186
2012-08-24 17:00:00,295.3135
2012-08-24 18:00:00,251.50873
2012-08-24 19:00:00,261.5683
2012-08-24 20:00:00,239.45721
2012-08-24 21:00:00,246.23457
2012-08-24 22:00:00,200.71272
2012-08-24 23:00:00,198.93939
2012-08-25 00:00:00,248.21326
2012-08-25 01:00:00,212.07143
2012-08-25 02:00:00,168.1208
2012-08-25 03:00:00,154.60338
2012-08-25 04:00:00,202.0681
2012-08-25 05:00:00,196.30803
2012-08-25 06:00:00,176.32144
2012-08-25 07:00:00,184.43512
2012-08-25 08:00:00,197.87668
2012-08-25 09:00:00,212.81874
2012-08-25 10:00:00,253.2525
2012-08-25 11:00:00,279.90982
2012-08-25 12:00:00,251.0277
2012-08-25 13:00:00,321.99826
2012-08-25 14:00:00,204.27097
2012-08-25 15:00:00,178.97273
2012-08-25 16:00:00,178.89316
2012-08-25 17:00:00,185.01923
2012-08-25 18:00:00,255.52727
2012-08-25 19:00:00,159.92528
2012-08-25 20:00:00,131.62929
2012-08-25 21:00:00,154.43039
2012-08-25 22:00:00,154.43039
2012-08-25 23:00:00,152.62985
2012-08-26 00:00:00,105.87422
2012-08-26 01:00:00,97.49933
2012-08-26 02:00:00,138.47392
2012-08-26 03:00:00,134.67415
2012-08-26 04:00:00,138.43358
2012-08-26 05:00:00,97.49933
2012-08-26 06:00:00,113.61209
2012-08-26 07:00:00,97.49933
2012-08-26 08:00:00,147.78918
2012-08-26 09:00:00,162.94266
2012-08-26 10:00:00,302.69363
2012-08-26 11:00:00,306.07077
2012-08-26 12:00:00,201.58852
2012-08-26 13:00:00,153.86621
2012-08-26 14:00:00,74.02966
2012-08-26 15:00:00,112.96304
2012-08-26 16:00:00,112.96304
2012-08-26 17:00:00,104.30887
2012-08-26 18:00:00,119.334175
2012-08-26 19:00:00,131.72093
2012-08-26 20:00:00,88.16931
2012-08-26 21:00:00,89.95225
2012-08-26 22:00:00,75.693474
2012-08-26 23:00:00,80.69921
2012-08-27 00:00:00,133.33862
2012-08-27 01:00:00,98.45549
2012-08-27 02:00:00,99.7581
2012-08-27 03:00:00,98.45549
2012-08-27 04:00:00,133.33862
2012-08-27 05:00:00,125.68618
2012-08-27 06:00:00,125.68618
2012-08-27 07:00:00,135.36818
2012-08-27 08:00:00,104.367386
2012-08-27 09:00:00,108.01282
2012-08-27 10:00:00,199.40231
2012-08-27 11:00:00,251.11087
2012-08-27 12:00:00,208.7884
2012-08-27 13:00:00,292.31815
2012-08-27 14:00:00,300.94885
2012-08-27 15:00:00,295.77448
2012-08-27 16:00:00,316.1305
2012-08-27 17:00:00,343.3406
2012-08-27 18:00:00,333.81158
2012-08-27 19:00:00,242.32404
2012-08-27 20:00:00,235.06543
2012-08-27 21:00:00,215.09302
2012-08-27 22:00:00,153.4836
2012-08-27 23:00:00,146.02394
2012-08-28 00:00:00,174.26955
2012-08-28 01:00:00,135.07
2012-08-28 02:00:00,167.24152
2012-08-28 03:00:00,102.09401
2012-08-28 04:00:00,120.029915
2012-08-28 05:00:00,139.59737
2012-08-28 06:00:00,128.6526
2012-08-28 07:00:00,141.31317
2012-08-28 08:00:00,134.81252
2012-08-28 09:00:00,180.9158
2012-08-28 10:00:00,296.2489
2012-08-28 11:00:00,322.4573
2012-08-28 12:00:00,308.2669
2012-08-28 13:00:00,303.24347
2012-08-28 14:00:00,297.09854
2012-08-28 15:00:00,312.11188
2012-08-28 16:00:00,310.00937
2012-08-28 17:00:00,303.4255
2012-08-28 18:00:00,343.9991
2012-08-28 19:00:00,339.4854
2012-08-28 20:00:00,303.44067
2012-08-28 21:00:00,305.60852
2012-08-28 22:00:00,244.0298
2012-08-28 23:00:00,215.21336
2012-08-29 00:00:00,173.5942
2012-08-29 01:00:00,197.99883
2012-08-29 02:00:00,164.72098
2012-08-29 03:00:00,143.80699
2012-08-29 04:00:00,194.1243
2012-08-29 05:00:00,192.8257
2012-08-29 06:00:00,192.8257
2012-08-29 07:00:00,214.59901
2012-08-29 08:00:00,227.21422
2012-08-29 09:00:00,311.9493
2012-08-29 10:00:00,323.5678
2012-08-29 11:00:00,310.97833
2012-08-29 12:00:00,325.39227
2012-08-29 13:00:00,321.82825
2012-08-29 14:00:00,324.2693
2012-08-29 15:00:00,375.95084
2012-08-29 16:00:00,361.4377
2012-08-29 17:00:00,375.55112
2012-08-29 18:00:00,355.22217
2012-08-29 19:00:00,293.59763
2012-08-29 20:00:00,215.21336
2012-08-29 21:00:00,276.2809
2012-08-29 22:00:00,229.6463
2012-08-29 23:00:00,209.39227
2012-08-30 00:00:00,170.09642
2012-08-30 01:00:00,181.16527
2012-08-30 02:00:00,153.58347
2012-08-30 03:00:00,153.58347
2012-08-30 04:00:00,153.58347
2012-08-30 05:00:00,153.58347
2012-08-30 06:00:00,129.3892
2012-08-30 07:00:00,156.68962
2012-08-30 08:00:00,182.1169
2012-08-30 09:00:00,215.01611
2012-08-30 10:00:00,251.61055
2012-08-30 11:00:00,324.2693
2012-08-30 12:00:00,324.14105
2012-08-30 13:00:00,302.99054
2012-08-30 14:00:00,311.92114
2012-08-30 15:00:00,338.1943
2012-08-30 16:00:00,347.44073
2012-08-30 17:00:00,355.02118
2012-08-30 18:00:00,351.83807
2012-08-30 19:00:00,311.92114
2012-08-30 20:00:00,281.02283
2012-08-30 21:00:00,264.4622
2012-08-30 22:00:00,175.14807
2012-08-30 23:00:00,175.99211
2012-08-31 00:00:00,145.94261
2012-08-31 01:00:00,145.94261
2012-08-31 02:00:00,102.09401
2012-08-31 03:00:00,96.28223
2012-08-31 04:00:00,100.02269
2012-08-31 05:00:00,114.172874
2012-08-31 06:00:00,142.66138
2012-08-31 07:00:00,130.20567
2012-08-31 08:00:00,178.63882
2012-08-31 09:00:00,179.66122
2012-08-31 10:00:00,279.18884
2012-08-31 11:00:00,302.55978
2012-08-31 12:00:00,329.43463
2012-08-31 13:00:00,294.55328
2012-08-31 14:00:00,331.4183
2012-08-31 15:00:00,274.7502
2012-08-31 16:00:00,298.1742
2012-08-31 17:00:00,336.68942
2012-08-31 18:00:00,331.59433
2012-08-31 19:00:00,308.53326
2012-08-31 20:00:00,308.53326
2012-08-31 21:00:00,298.88882
2012-08-31 22:00:00,298.88882
2012-08-31 23:00:00,281.6612
2012-09-20 00:00:00,164.13953
2012-09-20 01:00:00,116.81265
2012-09-20 02:00:00,115.93561
2012-09-20 03:00:00,130.24477
2012-09-20 04:00:00,111.0858
2012-09-20 05:00:00,111.0858
2012-09-20 06:00:00,130.24477
2012-09-20 07:00:00,109.8447
2012-09-20 08:00:00,130.83089
2012-09-20 09:00:00,208.00174
2012-09-20 10:00:00,254.08638
2012-09-20 11:00:00,314.4198
2012-09-20 12:00:00,312.61334
2012-09-20 13:00:00,308.87152
2012-09-20 14:00:00,309.05157
2012-09-20 15:00:00,314.22287
2012-09-20 16:00:00,299.90652
2012-09-20 17:00:00,302.21698
2012-09-20 18:00:00,255.67714
2012-09-20 19:00:00,202.68657
2012-09-20 20:00:00,199.72453
2012-09-20 21:00:00,191.9842
2012-09-20 22:00:00,123.16576
2012-09-20 23:00:00,144.29323
2012-09-21 00:00:00,155.98885
2012-09-21 01:00:00,144.28061
2012-09-21 02:00:00,144.28061
2012-09-21 03:00:00,113.061264
2012-09-21 04:00:00,134.509
2012-09-21 05:00:00,126.17512
2012-09-21 06:00:00,113.061264
2012-09-21 07:00:00,135.64429
2012-09-21 08:00:00,139.53416
2012-09-21 09:00:00,185.58904
2012-09-21 10:00:00,224.65007
2012-09-21 11:00:00,259.03546
2012-09-21 12:00:00,255.9712
2012-09-21 13:00:00,285.41656
2012-09-21 14:00:00,300.09882
2012-09-21 15:00:00,309.0614
2012-09-21 16:00:00,293.59763
2012-09-21 17:00:00,285.11737
2012-09-21 18:00:00,261.35
2012-09-21 19:00:00,232.74184
2012-09-21 20:00:00,202.0892
2012-09-21 21:00:00,179.44917
2012-09-21 22:00:00,192.8257
2012-09-21 23:00:00,191.0049
2012-09-22 00:00:00,138.74187
2012-09-22 01:00:00,114.83065
2012-09-22 02:00:00,100.61319
2012-09-22 03:00:00,105.2166
2012-09-22 04:00:00,105.2166
2012-09-22 05:00:00,125.25534
2012-09-22 06:00:00,111.82076
2012-09-22 07:00:00,122.064
2012-09-22 08:00:00,144.51074
2012-09-22 09:00:00,196.42445
2012-09-22 10:00:00,258.19666
2012-09-22 11:00:00,307.93365
2012-09-22 12:00:00,343.62985
2012-09-22 13:00:00,352.8092
2012-09-22 14:00:00,400.2394
2012-09-22 15:00:00,358.35464
2012-09-22 16:00:00,359.71423
2012-09-22 17:00:00,359.71423
2012-09-22 18:00:00,345.54547
2012-09-22 19:00:00,270.26813
2012-09-22 20:00:00,329.54712
2012-09-22 21:00:00,260.34613
2012-09-22 22:00:00,242.19882
2012-09-22 23:00:00,303.61725
2012-09-23 00:00:00,472.5284
2012-09-23 01:00:00,245.68834
2012-09-23 02:00:00,254.50333
2012-09-23 03:00:00,201.93208
2012-09-23 04:00:00,216.0951
2012-09-23 05:00:00,191.76048
2012-09-23 06:00:00,184.32074
2012-09-23 07:00:00,216.0951
2012-09-23 08:00:00,196.40031
2012-09-23 09:00:00,220.27885
2012-09-23 10:00:00,304.45468
2012-09-23 11:00:00,318.83588
2012-09-23 12:00:00,334.09808
2012-09-23 13:00:00,438.35272
2012-09-23 14:00:00,454.9826
2012-09-23 15:00:00,491.18845
2012-09-23 16:00:00,428.8941
2012-09-23 17:00:00,394.84225
2012-09-23 18:00:00,351.96582
2012-09-23 19:00:00,297.73175
2012-09-23 20:00:00,297.73175
2012-09-23 21:00:00,270.65237
2012-09-23 22:00:00,277.73074
2012-09-23 23:00:00,234.88249
2012-09-24 00:00:00,199.48761
2012-09-24 01:00:00,161.8395
2012-09-24 02:00:00,222.5581
2012-09-24 03:00:00,199.93697
2012-09-24 04:00:00,152.36768
2012-09-24 05:00:00,183.25397
2012-09-24 06:00:00,191.46683
2012-09-24 07:00:00,161.8395
2012-09-24 08:00:00,200.4883
2012-09-24 09:00:00,203.71577
2012-09-24 10:00:00,222.16066
2012-09-24 11:00:00,308.39557
2012-09-24 12:00:00,323.17444
2012-09-24 13:00:00,326.70535
2012-09-24 14:00:00,353.35632
2012-09-24 15:00:00,349.38058
2012-09-24 16:00:00,372.10925
2012-09-24 17:00:00,341.87936
2012-09-24 18:00:00,295.21173
2012-09-24 19:00:00,284.5636
2012-09-24 20:00:00,224.5551
2012-09-24 21:00:00,207.50838
2012-09-24 22:00:00,200.3739
2012-09-24 23:00:00,189.85039
2012-09-25 00:00:00,197.20584
2012-09-25 01:00:00,140.6743
2012-09-25 02:00:00,132.32089
2012-09-25 03:00:00,141.4946
2012-09-25 04:00:00,139.12378
2012-09-25 05:00:00,132.12105
2012-09-25 06:00:00,172.14882
2012-09-25 07:00:00,166.74336
2012-09-25 08:00:00,195.68596
2012-09-25 09:00:00,197.79414
2012-09-25 10:00:00,256.1483
2012-09-25 11:00:00,295.41415
2012-09-25 12:00:00,316.0785
2012-09-25 13:00:00,321.4534
2012-09-25 14:00:00,310.2298
2012-09-25 15:00:00,313.06433
2012-09-25 16:00:00,323.43378
2012-09-25 17:00:00,334.20328
2012-09-25 18:00:00,355.45297
2012-09-25 19:00:00,298.67386
2012-09-25 20:00:00,265.7366
2012-09-25 21:00:00,265.7366
2012-09-25 22:00:00,260.6628
2012-09-25 23:00:00,273.40857
2012-09-26 00:00:00,204.83528
2012-09-26 01:00:00,218.59132
2012-09-26 02:00:00,218.66264
2012-09-26 03:00:00,218.66264
2012-09-26 04:00:00,165.85658
2012-09-26 05:00:00,189.30882
2012-09-26 06:00:00,194.93993
2012-09-26 07:00:00,147.61163
2012-09-26 08:00:00,171.23212
2012-09-26 09:00:00,208.24657
2012-09-26 10:00:00,174.77461
2012-09-26 11:00:00,252.69427
2012-09-26 12:00:00,254.57846
2012-09-26 13:00:00,285.72162
2012-09-26 14:00:00,332.63467
2012-09-26 15:00:00,319.32697
2012-09-26 16:00:00,334.1239
2012-09-26 17:00:00,319.32697
2012-09-26 18:00:00,357.8553
2012-09-26 19:00:00,286.1818
2012-09-26 20:00:00,212.37901
2012-09-26 21:00:00,218.99744
2012-09-26 22:00:00,210.47171
2012-09-26 23:00:00,201.57088
2012-09-27 00:00:00,128.29884
2012-09-27 01:00:00,128.29884
2012-09-27 02:00:00,128.29884
2012-09-27 03:00:00,156.3983
2012-09-27 04:00:00,109.59595
2012-09-27 05:00:00,149.50967
2012-09-27 06:00:00,117.28275
2012-09-27 07:00:00,156.3983
2012-09-27 08:00:00,159.75604
2012-09-27 09:00:00,187.1968
2012-09-27 10:00:00,319.33554
2012-09-27 11:00:00,318.2373
2012-09-27 12:00:00,318.09277
2012-09-27 13:00:00,309.777
2012-09-27 14:00:00,315.24133
2012-09-27 15:00:00,319.14102
2012-09-27 16:00:00,296.85312
2012-09-27 17:00:00,231.60066
2012-09-27 18:00:00,255.06349
2012-09-27 19:00:00,241.22963
2012-09-27 20:00:00,252.77415
2012-09-27 21:00:00,143.8686
2012-09-27 22:00:00,143.8686
2012-09-27 23:00:00,159.4602
2012-09-28 00:00:00,132.22734
2012-09-28 01:00:00,137.80191
2012-09-28 02:00:00,126.15878
2012-09-28 03:00:00,170.80608
2012-09-28 04:00:00,114.591
2012-09-28 05:00:00,141.28407
2012-09-28 06:00:00,126.48463
2012-09-28 07:00:00,137.27702
2012-09-28 08:00:00,119.02929
2012-09-28 09:00:00,164.16747
2012-09-28 10:00:00,189.96461
2012-09-28 11:00:00,206.92635
2012-09-28 12:00:00,322.93765
2012-09-28 13:00:00,340.6639
2012-09-28 14:00:00,322.93765
2012-09-28 15:00:00,300.38745
2012-09-28 16:00:00,317.41556
2012-09-28 17:00:00,286.4182
2012-09-28 18:00:00,308.48422
2012-09-28 19:00:00,280.79855
2012-09-28 20:00:00,258.54227
2012-09-28 21:00:00,259.58856
2012-09-28 22:00:00,257.57864
2012-09-28 23:00:00,245.88347
2012-09-29 00:00:00,229.08534
2012-09-29 01:00:00,229.08534
2012-09-29 02:00:00,240.13293
2012-09-29 03:00:00,237.96211
2012-09-29 04:00:00,208.02147
2012-09-29 05:00:00,226.17702
2012-09-29 06:00:00,197.19128
2012-09-29 07:00:00,153.80554
2012-09-29 08:00:00,153.27612
2012-09-29 09:00:00,226.17702
2012-09-29 10:00:00,222.30527
2012-09-29 11:00:00,274.07028
2012-09-29 12:00:00,406.5912
2012-09-29 13:00:00,406.5912
2012-09-29 14:00:00,450.3186
2012-09-29 15:00:00,425.54156
2012-09-29 16:00:00,449.8592
2012-09-29 17:00:00,379.33667
2012-09-29 18:00:00,289.71338
2012-09-29 19:00:00,240.51978
2012-09-29 20:00:00,233.81267
2012-09-29 21:00:00,231.57199
2012-09-29 22:00:00,192.64603
2012-09-29 23:00:00,220.8142
2012-09-30 00:00:00,192.44093
2012-09-30 01:00:00,192.44093
2012-09-30 02:00:00,175.49622
2012-09-30 03:00:00,153.18204
2012-09-30 04:00:00,153.18204
2012-09-30 05:00:00,149.015
2012-09-30 06:00:00,135.65823
2012-09-30 07:00:00,138.59343
2012-09-30 08:00:00,159.49068
2012-09-30 09:00:00,201.76233
2012-09-30 10:00:00,316.25824
2012-09-30 11:00:00,421.04858
2012-09-30 12:00:00,406.5912
2012-09-30 13:00:00,449.8592
2012-09-30 14:00:00,449.8592
2012-09-30 15:00:00,493.13068
2012-09-30 16:00:00,494.5655
2012-09-30 17:00:00,461.96106
2012-09-30 18:00:00,225.62639
2012-09-30 19:00:00,161.06154
2012-09-30 20:00:00,161.06154
2012-09-30 21:00:00,165.76494
2012-09-30 22:00:00,154.46225
2012-09-30 23:00:00,140.36688
2012-10-20 00:00:00,109.889786
2012-10-20 01:00:00,143.97536
2012-10-20 02:00:00,123.68167
2012-10-20 03:00:00,121.01936
2012-10-20 04:00:00,149.015
2012-10-20 05:00:00,119.9308
2012-10-20 06:00:00,148.32263
2012-10-20 07:00:00,119.9308
2012-10-20 08:00:00,178.72762
2012-10-20 09:00:00,225.54381
2012-10-20 10:00:00,243.5841
2012-10-20 11:00:00,238.771
2012-10-20 12:00:00,318.80945
2012-10-20 13:00:00,322.52704
2012-10-20 14:00:00,393.31555
2012-10-20 15:00:00,366.74448
2012-10-20 16:00:00,333.12347
2012-10-20 17:00:00,368.9423
2012-10-20 18:00:00,324.51657
2012-10-20 19:00:00,275.26468
2012-10-20 20:00:00,303.85193
2012-10-20 21:00:00,233.81065
2012-10-20 22:00:00,233.14084
2012-10-20 23:00:00,178.15527
2012-10-21 00:00:00,224.87549
2012-10-21 01:00:00,210.20753
2012-10-21 02:00:00,210.37239
2012-10-21 03:00:00,148.2023
2012-10-21 04:00:00,127.9015
2012-10-21 05:00:00,148.2023
2012-10-21 06:00:00,165.55962
2012-10-21 07:00:00,165.55962
2012-10-21 08:00:00,158.58885
2012-10-21 09:00:00,226.8279
2012-10-21 10:00:00,251.66371
2012-10-21 11:00:00,265.91125
2012-10-21 12:00:00,315.02457
2012-10-21 13:00:00,405.54016
2012-10-21 14:00:00,385.28925
2012-10-21 15:00:00,358.1127
2012-10-21 16:00:00,368.9423
2012-10-21 17:00:00,343.76785
2012-10-21 18:00:00,319.33945
2012-10-21 19:00:00,283.19037
2012-10-21 20:00:00,251.81111
2012-10-21 21:00:00,220.72855
2012-10-21 22:00:00,188.77637
2012-10-21 23:00:00,194.00114
2012-10-22 00:00:00,177.88066
2012-10-22 01:00:00,158.48897
2012-10-22 02:00:00,153.13068
2012-10-22 03:00:00,177.88066
2012-10-22 04:00:00,164.6405
2012-10-22 05:00:00,128.59932
2012-10-22 06:00:00,123.93074
2012-10-22 07:00:00,147.47952
2012-10-22 08:00:00,174.32321
2012-10-22 09:00:00,168.69757
2012-10-22 10:00:00,204.579
2012-10-22 11:00:00,303.01614
2012-10-22 12:00:00,329.02832
2012-10-22 13:00:00,377.31436
2012-10-22 14:00:00,375.65857
2012-10-22 15:00:00,379.55695
2012-10-22 16:00:00,371.5146
2012-10-22 17:00:00,339.7074
2012-10-22 18:00:00,190.30804
2012-10-22 19:00:00,224.5551
2012-10-22 20:00:00,207.95871
2012-10-22 21:00:00,159.2925
2012-10-22 22:00:00,135.73936
2012-10-22 23:00:00,132.03767
2012-10-23 00:00:00,145.43843
2012-10-23 01:00:00,150.79834
2012-10-23 02:00:00,129.68063
2012-10-23 03:00:00,135.63063
2012-10-23 04:00:00,132.67998
2012-10-23 05:00:00,133.55156
2012-10-23 06:00:00,126.054855
2012-10-23 07:00:00,159.80257
2012-10-23 08:00:00,170.0871
2012-10-23 09:00:00,183.04749
2012-10-23 10:00:00,196.25334
2012-10-23 11:00:00,231.38803
2012-10-23 12:00:00,310.71497
2012-10-23 13:00:00,311.96506
2012-10-23 14:00:00,345.72034
2012-10-23 15:00:00,368.17444
2012-10-23 16:00:00,308.97675
2012-10-23 17:00:00,324.72513
2012-10-23 18:00:00,284.21045
2012-10-23 19:00:00,277.87384
2012-10-23 20:00:00,218.34438
2012-10-23 21:00:00,177.95287
2012-10-23 22:00:00,164.97554
2012-10-23 23:00:00,148.32307
2012-10-24 00:00:00,148.18799
2012-10-24 01:00:00,177.18341
2012-10-24 02:00:00,177.18341
2012-10-24 03:00:00,139.40494
2012-10-24 04:00:00,139.40494
2012-10-24 05:00:00,149.1415
2012-10-24 06:00:00,132.89021
2012-10-24 07:00:00,122.48546
2012-10-24 08:00:00,156.7419
2012-10-24 09:00:00,171.61812
2012-10-24 10:00:00,167.15536
2012-10-24 11:00:00,188.21669
2012-10-24 12:00:00,254.30444
2012-10-24 13:00:00,231.63747
2012-10-24 14:00:00,359.16403
2012-10-24 15:00:00,323.805
2012-10-24 16:00:00,373.81705
2012-10-24 17:00:00,290.0635
2012-10-24 18:00:00,313.5926
2012-10-24 19:00:00,301.38956
2012-10-24 20:00:00,271.25595
2012-10-24 21:00:00,273.6519
2012-10-24 22:00:00,258.80112
2012-10-24 23:00:00,198.71088
2012-10-25 00:00:00,251.73679
2012-10-25 01:00:00,178.80273
2012-10-25 02:00:00,159.404
2012-10-25 03:00:00,141.46973
2012-10-25 04:00:00,137.5539
2012-10-25 05:00:00,154.65147
2012-10-25 06:00:00,157.42488
2012-10-25 07:00:00,157.42488
2012-10-25 08:00:00,173.92415
2012-10-25 09:00:00,177.76794
2012-10-25 10:00:00,163.7629
2012-10-25 11:00:00,159.81273
2012-10-25 12:00:00,175.50444
2012-10-25 13:00:00,160.7039
2012-10-25 14:00:00,169.72342
2012-10-25 15:00:00,232.46107
2012-10-25 16:00:00,211.16579
2012-10-25 17:00:00,211.16579
2012-10-25 18:00:00,122.50223
2012-10-25 19:00:00,150.23778
2012-10-25 20:00:00,141.46973
2012-10-25 21:00:00,141.46973
2012-10-25 22:00:00,160.22472
2012-10-25 23:00:00,163.7629
2012-10-26 00:00:00,159.95236
2012-10-26 01:00:00,139.29
2012-10-26 02:00:00,137.5539
2012-10-26 03:00:00,154.65147
2012-10-26 04:00:00,154.65147
2012-10-26 05:00:00,137.5539
2012-10-26 06:00:00,139.29
2012-10-26 07:00:00,137.5539
2012-10-26 08:00:00,144.8993
2012-10-26 09:00:00,144.8993
2012-10-26 10:00:00,140.9686
2012-10-26 11:00:00,199.80365
2012-10-26 12:00:00,246.8709
2012-10-26 13:00:00,235.57242
2012-10-26 14:00:00,258.80112
2012-10-26 15:00:00,273.6519
2012-10-26 16:00:00,227.97533
2012-10-26 17:00:00,227.21141
2012-10-26 18:00:00,185.4392
2012-10-26 19:00:00,177.73917
2012-10-26 20:00:00,177.73917
2012-10-26 21:00:00,186.02196
2012-10-26 22:00:00,160.49931
2012-10-26 23:00:00,143.50305
2012-10-27 00:00:00,89.63555
2012-10-27 01:00:00,133.54372
2012-10-27 02:00:00,148.57811
2012-10-27 03:00:00,106.17261
2012-10-27 04:00:00,146.70465
2012-10-27 05:00:00,173.93599
2012-10-27 06:00:00,173.93599
2012-10-27 07:00:00,131.44919
2012-10-27 08:00:00,153.18983
2012-10-27 09:00:00,153.18983
2012-10-27 10:00:00,142.25128
2012-10-27 11:00:00,187.3306
2012-10-27 12:00:00,318.53387
2012-10-27 13:00:00,425.54156
2012-10-27 14:00:00,399.3345
2012-10-27 15:00:00,220.42357
2012-10-27 16:00:00,203.15788
2012-10-27 17:00:00,203.15788
2012-10-27 18:00:00,203.15788
2012-10-27 19:00:00,224.35164
2012-10-27 20:00:00,224.35164
2012-10-27 21:00:00,224.35164
2012-10-27 22:00:00,193.89879
2012-10-27 23:00:00,173.52092
2012-10-28 00:00:00,156.11624
2012-10-28 01:00:00,169.22409
2012-10-28 02:00:00,177.36226
2012-10-28 03:00:00,188.95119
2012-10-28 04:00:00,182.10341
2012-10-28 05:00:00,191.9931
2012-10-28 06:00:00,200.69707
2012-10-28 07:00:00,203.34439
2012-10-28 08:00:00,191.15016
2012-10-28 09:00:00,204.87898
2012-10-28 10:00:00,203.8856
2012-10-28 11:00:00,219.2823
2012-10-28 12:00:00,182.59325
2012-10-28 13:00:00,185.21843
2012-10-28 14:00:00,194.3901
2012-10-28 15:00:00,187.70703
2012-10-28 16:00:00,141.3912
2012-10-28 17:00:00,132.65857
2012-10-28 18:00:00,99.31861
2012-10-28 19:00:00,88.27284
2012-10-28 20:00:00,95.50378
2012-10-28 21:00:00,97.429825
2012-10-28 22:00:00,96.87582
2012-10-28 23:00:00,88.27284
2012-10-29 00:00:00,99.688034
2012-10-30 13:00:00,79.035355
2012-10-30 14:00:00,79.035355
2012-10-30 15:00:00,76.20826
2012-10-30 16:00:00,76.20826
2012-10-30 17:00:00,77.73677
2012-10-30 18:00:00,82.74385
2012-10-30 19:00:00,241.84299
2012-10-30 20:00:00,113.75513
2012-10-30 21:00:00,110.89087
2012-10-30 22:00:00,114.73491
2012-10-30 23:00:00,114.73491
2012-10-31 00:00:00,118.16615
2012-10-31 01:00:00,116.112076
2012-10-31 02:00:00,115.707924
2012-10-31 03:00:00,118.16615
2012-10-31 04:00:00,106.5721
2012-10-31 05:00:00,115.707924
2012-10-31 06:00:00,123.01562
2012-10-31 07:00:00,107.71879
2012-10-31 08:00:00,119.611435
2012-10-31 09:00:00,115.16666
2012-10-31 10:00:00,147.27501
2012-10-31 11:00:00,189.4668
2012-10-31 12:00:00,203.05464
2012-10-31 13:00:00,203.75548
2012-10-31 14:00:00,223.60898
2012-10-31 15:00:00,205.57812
2012-10-31 16:00:00,220.99214
2012-10-31 17:00:00,215.78664
2012-10-31 18:00:00,215.78664
2012-10-31 19:00:00,220.34413
2012-10-31 20:00:00,220.34413
2012-10-31 21:00:00,220.34413
2012-10-31 22:00:00,176.19255
2012-10-31 23:00:00,162.17624
2012-11-20 00:00:00,116.33445
2012-11-20 01:00:00,131.22168
2012-11-20 02:00:00,122.98361
2012-11-20 03:00:00,138.27005
2012-11-20 04:00:00,185.24431
2012-11-20 05:00:00,142.94781
2012-11-20 06:00:00,144.39067
2012-11-20 07:00:00,118.17918
2012-11-20 08:00:00,118.47736
2012-11-20 09:00:00,128.54178
2012-11-20 10:00:00,165.35028
2012-11-20 11:00:00,169.334
2012-11-20 12:00:00,155.86842
2012-11-20 13:00:00,176.20288
2012-11-20 14:00:00,213.047
2012-11-20 15:00:00,227.59154
2012-11-20 16:00:00,182.00359
2012-11-20 17:00:00,181.40921
2012-11-20 18:00:00,165.35028
2012-11-20 19:00:00,141.88504
2012-11-20 20:00:00,126.8764
2012-11-20 21:00:00,145.49667
2012-11-20 22:00:00,145.49667
2012-11-20 23:00:00,119.815544
2012-11-21 00:00:00,125.12549
2012-11-21 01:00:00,119.815544
2012-11-21 02:00:00,111.34466
2012-11-21 03:00:00,111.34466
2012-11-21 04:00:00,111.34466
2012-11-21 05:00:00,111.34466
2012-11-21 06:00:00,110.56479
2012-11-21 07:00:00,107.69382
2012-11-21 08:00:00,113.53579
2012-11-21 09:00:00,118.17918
2012-11-21 10:00:00,162.9922
2012-11-21 11:00:00,208.21565
2012-11-21 12:00:00,230.59679
2012-11-21 13:00:00,265.16833
2012-11-21 14:00:00,270.39328
2012-11-21 15:00:00,284.08344
2012-11-21 16:00:00,273.8208
2012-11-21 17:00:00,239.23729
2012-11-21 18:00:00,264.70828
2012-11-21 19:00:00,223.79305
2012-11-21 20:00:00,141.0241
2012-11-21 21:00:00,190.94334
2012-11-21 22:00:00,184.71605
2012-11-21 23:00:00,144.85698
2012-11-22 00:00:00,112.77117
2012-11-22 01:00:00,102.065
2012-11-22 02:00:00,97.24226
2012-11-22 03:00:00,93.16022
2012-11-22 04:00:00,85.09062
2012-11-22 05:00:00,93.16022
2012-11-22 06:00:00,91.3517
2012-11-22 07:00:00,80.712326
2012-11-22 08:00:00,83.32317
2012-11-22 09:00:00,138.58192
2012-11-22 10:00:00,136.54327
2012-11-22 11:00:00,232.36554
2012-11-22 12:00:00,329.12265
2012-11-22 13:00:00,382.07645
2012-11-22 14:00:00,410.1189
2012-11-22 15:00:00,410.1189
2012-11-22 16:00:00,370.073
2012-11-22 17:00:00,329.12265
2012-11-22 18:00:00,231.97392
2012-11-22 19:00:00,126.17089
2012-11-22 20:00:00,133.46925
2012-11-22 21:00:00,118.31438
2012-11-22 22:00:00,147.6357
2012-11-22 23:00:00,130.24588
2012-11-23 00:00:00,113.31425
2012-11-23 01:00:00,113.21499
2012-11-23 02:00:00,106.11492
2012-11-23 03:00:00,99.90525
2012-11-23 04:00:00,100.33418
2012-11-23 05:00:00,93.03095
2012-11-23 06:00:00,93.03095
2012-11-23 07:00:00,93.03095
2012-11-23 08:00:00,101.74136
2012-11-23 09:00:00,108.5494
2012-11-23 10:00:00,186.25356
2012-11-23 11:00:00,208.21565
2012-11-23 12:00:00,254.28752
2012-11-23 13:00:00,269.8546
2012-11-23 14:00:00,301.21155
2012-11-23 15:00:00,249.29117
2012-11-23 16:00:00,259.59988
2012-11-23 17:00:00,260.51617
2012-11-23 18:00:00,210.9655
2012-11-23 19:00:00,241.52783
2012-11-23 20:00:00,268.4595
2012-11-23 21:00:00,198.70164
2012-11-23 22:00:00,271.98718
2012-11-23 23:00:00,254.44868
2012-11-24 00:00:00,210.1167
2012-11-24 01:00:00,143.0993
2012-11-24 02:00:00,142.95691
2012-11-24 03:00:00,136.02292
2012-11-24 04:00:00,107.78811
2012-11-24 05:00:00,123.827896
2012-11-24 06:00:00,104.964424
2012-11-24 07:00:00,119.22761
2012-11-24 08:00:00,109.93625
2012-11-24 09:00:00,112.63351
2012-11-24 10:00:00,117.18393
2012-11-24 11:00:00,131.74623
2012-11-24 12:00:00,97.724045
2012-11-24 13:00:00,151.38705
2012-11-24 14:00:00,145.17131
2012-11-24 15:00:00,134.45758
2012-11-24 16:00:00,119.08304
2012-11-24 17:00:00,123.09857
2012-11-24 18:00:00,123.51585
2012-11-24 19:00:00,102.81399
2012-11-24 20:00:00,104.964424
2012-11-24 21:00:00,87.45524
2012-11-24 22:00:00,94.70978
2012-11-24 23:00:00,87.45524
2012-11-25 00:00:00,86.91271
2012-11-25 01:00:00,87.587074
2012-11-25 02:00:00,108.20846
2012-11-25 03:00:00,100.80574
2012-11-25 04:00:00,100.80574
2012-11-25 05:00:00,81.647675
2012-11-25 06:00:00,78.44531
2012-11-25 07:00:00,76.64116
2012-11-25 08:00:00,82.63045
2012-11-25 09:00:00,83.2742
2012-11-25 10:00:00,93.85725
2012-11-25 11:00:00,95.01717
2012-11-25 12:00:00,95.01717
2012-11-25 13:00:00,102.87772
2012-11-25 14:00:00,115.59456
2012-11-25 15:00:00,129.41267
2012-11-25 16:00:00,132.6476
2012-11-25 17:00:00,129.09164
2012-11-25 18:00:00,113.96484
2012-11-25 19:00:00,136.21965
2012-11-25 20:00:00,102.04515
2012-11-25 21:00:00,136.70679
2012-11-25 22:00:00,102.04515
2012-11-25 23:00:00,88.88763
2012-11-26 00:00:00,88.18002
2012-11-26 01:00:00,82.92197
2012-11-26 02:00:00,82.92197
2012-11-26 03:00:00,82.92197
2012-11-26 04:00:00,88.18002
2012-11-26 05:00:00,109.071106
2012-11-26 06:00:00,88.18002
2012-11-26 07:00:00,95.00903
2012-11-26 08:00:00,95.00903
2012-11-26 09:00:00,131.25803
2012-11-26 10:00:00,169.73236
2012-11-26 11:00:00,235.73265
2012-11-26 12:00:00,274.141
2012-11-26 13:00:00,274.141
2012-11-26 14:00:00,305.40808
2012-11-26 15:00:00,280.0628
2012-11-26 16:00:00,326.85938
2012-11-26 17:00:00,321.51242
2012-11-26 18:00:00,197.76453
2012-11-26 19:00:00,173.57933
2012-11-26 20:00:00,184.71605
2012-11-26 21:00:00,184.71605
2012-11-26 22:00:00,144.85698
2012-11-26 23:00:00,141.17827
2012-11-27 00:00:00,138.45999
2012-11-27 01:00:00,134.43674
2012-11-27 02:00:00,141.16872
2012-11-27 03:00:00,103.296646
2012-11-27 04:00:00,89.28368
2012-11-27 05:00:00,112.63028
2012-11-27 06:00:00,117.20185
2012-11-27 07:00:00,92.77795
2012-11-27 08:00:00,95.98599
2012-11-27 09:00:00,119.09951
2012-11-27 10:00:00,93.38164
2012-11-27 11:00:00,74.27956
2012-11-27 12:00:00,78.35387
2012-11-27 13:00:00,75.166504
2012-11-27 14:00:00,76.67048
2012-11-27 15:00:00,105.201935
2012-11-27 16:00:00,105.201935
2012-11-27 17:00:00,114.00532
2012-11-27 18:00:00,124.423584
2012-11-27 19:00:00,123.29315
2012-11-27 20:00:00,121.41271
2012-11-27 21:00:00,98.64067
2012-11-27 22:00:00,108.60407
2012-11-27 23:00:00,97.038574
2012-11-28 00:00:00,103.192986
2012-11-28 01:00:00,125.0967
2012-11-28 02:00:00,125.0967
2012-11-28 03:00:00,134.88054
2012-11-28 04:00:00,133.29443
2012-11-28 05:00:00,119.35669
2012-11-28 06:00:00,142.93004
2012-11-28 07:00:00,155.42455
2012-11-28 08:00:00,116.68704
2012-11-28 09:00:00,183.5508
2012-11-28 10:00:00,172.10349
2012-11-28 11:00:00,196.40318
2012-11-28 12:00:00,181.23781
2012-11-28 13:00:00,199.02742
2012-11-28 14:00:00,178.87657
2012-11-28 15:00:00,194.00362
2012-11-28 16:00:00,199.19356
2012-11-28 17:00:00,212.9163
2012-11-28 18:00:00,159.88405
2012-11-28 19:00:00,198.60168
2012-11-28 20:00:00,207.73148
2012-11-28 21:00:00,198.28294
2012-11-28 22:00:00,181.87059
2012-11-28 23:00:00,158.40712
2012-11-29 00:00:00,113.27962
2012-11-29 01:00:00,99.935295
2012-11-29 02:00:00,87.060425
2012-11-29 04:00:00,91.21072
2012-11-29 05:00:00,82.92197
2012-11-29 06:00:00,88.18002
2012-11-29 07:00:00,80.49482
2012-11-29 08:00:00,91.81465
2012-11-29 09:00:00,97.53995
2012-11-29 10:00:00,113.53244
2012-11-29 11:00:00,214.60803
2012-11-29 12:00:00,207.97205
2012-11-29 13:00:00,264.2759
2012-11-29 14:00:00,201.24388
2012-11-29 15:00:00,173.48143
2012-11-29 16:00:00,207.56563
2012-11-29 17:00:00,203.85025
2012-11-29 18:00:00,196.11101
2012-11-29 19:00:00,187.86952
2012-11-29 20:00:00,192.23126
2012-11-29 21:00:00,115.8521
2012-11-29 22:00:00,104.58824
2012-11-29 23:00:00,120.7514
2012-11-30 00:00:00,117.89915
2012-11-30 01:00:00,97.66976
2012-11-30 02:00:00,93.0516
2012-11-30 03:00:00,93.0516
2012-11-30 04:00:00,87.79379
2012-11-30 05:00:00,84.19902
2012-11-30 06:00:00,86.37169
2012-11-30 07:00:00,88.27342
2012-11-30 08:00:00,106.11968
2012-11-30 09:00:00,97.94334
2012-11-30 10:00:00,119.95663
2012-11-30 11:00:00,170.39001
2012-11-30 12:00:00,177.78326
2012-11-30 13:00:00,235.37727
2012-11-30 14:00:00,232.67053
2012-11-30 15:00:00,238.64551
2012-11-30 16:00:00,241.01056
2012-11-30 17:00:00,197.28279
2012-11-30 18:00:00,136.9665
2012-11-30 19:00:00,135.77841
2012-11-30 20:00:00,135.77841
2012-11-30 21:00:00,113.56519
2012-11-30 22:00:00,111.9872
2012-11-30 23:00:00,120.3174
2012-12-20 00:00:00,147.44626
2012-12-20 01:00:00,135.77841
2012-12-20 02:00:00,135.77841
2012-12-20 03:00:00,128.02661
2012-12-20 04:00:00,128.02661
2012-12-20 05:00:00,130.73715
2012-12-20 06:00:00,119.95663
2012-12-20 07:00:00,112.87887
2012-12-20 08:00:00,112.87887
2012-12-20 09:00:00,112.87887
2012-12-20 10:00:00,119.93336
2012-12-20 11:00:00,178.75618
2012-12-20 12:00:00,193.8524
2012-12-20 13:00:00,190.97911
2012-12-20 14:00:00,191.19267
2012-12-20 15:00:00,184.43636
2012-12-20 16:00:00,151.55269
2012-12-20 17:00:00,185.24431
2012-12-20 18:00:00,170.66995
2012-12-20 19:00:00,98.483635
2012-12-20 20:00:00,106.112175
2012-12-20 21:00:00,106.112175
2012-12-20 22:00:00,83.2047
2012-12-20 23:00:00,93.31283
2012-12-21 00:00:00,83.79643
2012-12-21 01:00:00,89.03849
2012-12-21 02:00:00,89.64121
2012-12-21 03:00:00,89.64121
2012-12-21 04:00:00,126.302925
2012-12-21 05:00:00,114.51976
2012-12-21 06:00:00,114.94778
2012-12-21 07:00:00,153.58907
2012-12-21 08:00:00,120.37709
2012-12-21 09:00:00,109.13928
2012-12-21 10:00:00,149.34995
2012-12-21 11:00:00,129.38486
2012-12-21 12:00:00,141.24913
2012-12-21 13:00:00,129.144
2012-12-21 14:00:00,122.71654
2012-12-21 15:00:00,131.72185
2012-12-21 16:00:00,139.95798
2012-12-21 17:00:00,113.07069
2012-12-21 18:00:00,108.4188
2012-12-21 19:00:00,132.80006
2012-12-21 20:00:00,120.40493
2012-12-21 21:00:00,125.95147
2012-12-21 22:00:00,124.12444
2012-12-21 23:00:00,126.52661
2012-12-22 00:00:00,98.27836
2012-12-22 01:00:00,97.41539
2012-12-22 02:00:00,96.89028
2012-12-22 03:00:00,97.46052
2012-12-22 04:00:00,93.38817
2012-12-22 05:00:00,102.664825
2012-12-22 06:00:00,102.80842
2012-12-22 07:00:00,102.80842
2012-12-22 08:00:00,99.90308
2012-12-22 09:00:00,105.15373
2012-12-22 10:00:00,102.971016
2012-12-22 11:00:00,120.48499
2012-12-22 12:00:00,128.39789
2012-12-22 13:00:00,129.71074
2012-12-22 14:00:00,130.2489
2012-12-22 15:00:00,131.73013
2012-12-22 16:00:00,119.2771
2012-12-22 17:00:00,117.544266
2012-12-22 18:00:00,97.269806
2012-12-22 19:00:00,99.19301
2012-12-22 20:00:00,77.59513
2012-12-22 21:00:00,84.825195
2012-12-22 22:00:00,84.825195
2012-12-22 23:00:00,73.5193
2012-12-23 00:00:00,88.191635
2012-12-23 01:00:00,73.129814
2012-12-23 02:00:00,66.4883
2012-12-23 03:00:00,63.343525
2012-12-23 04:00:00,63.56473
2012-12-23 05:00:00,70.05725
2012-12-23 06:00:00,61.570045
2012-12-23 07:00:00,61.570045
2012-12-23 08:00:00,58.9309
2012-12-23 09:00:00,62.32023
2012-12-23 10:00:00,71.09192
2012-12-23 11:00:00,73.94155
2012-12-23 12:00:00,113.74392
2012-12-23 13:00:00,120.656525
2012-12-23 14:00:00,132.91989
2012-12-23 15:00:00,140.86823
2012-12-23 16:00:00,124.990875
2012-12-23 17:00:00,127.139175
2012-12-23 18:00:00,124.26718
2012-12-23 19:00:00,129.38737
2012-12-23 20:00:00,76.177246
2012-12-23 21:00:00,72.57888
2012-12-23 22:00:00,66.94534
2012-12-23 23:00:00,72.96527
2012-12-24 00:00:00,75.0363
2012-12-24 01:00:00,75.0363
2012-12-24 02:00:00,74.4014
2012-12-24 03:00:00,74.4014
2012-12-24 05:00:00,82.227005
2012-12-24 06:00:00,74.4014
2012-12-24 07:00:00,72.25522
2012-12-24 08:00:00,75.0363
2012-12-24 09:00:00,97.73499
2012-12-24 10:00:00,96.28317
2012-12-24 11:00:00,119.47708
2012-12-24 12:00:00,116.27121
2012-12-24 13:00:00,80.92765
2012-12-24 14:00:00,79.87411
2012-12-24 15:00:00,73.61017
2012-12-24 16:00:00,73.61017
2012-12-24 17:00:00,70.46438
2012-12-24 18:00:00,76.14661
2012-12-24 19:00:00,82.938156
2012-12-24 20:00:00,72.49687
2012-12-24 21:00:00,77.967896
2012-12-24 22:00:00,87.60382
2012-12-24 23:00:00,88.855034
2012-12-25 00:00:00,74.67482
2012-12-25 01:00:00,77.61534
2012-12-25 02:00:00,77.61534
2012-12-25 04:00:00,82.049194
2012-12-25 05:00:00,72.29353
2012-12-25 06:00:00,72.29353
2012-12-25 07:00:00,70.52107
2012-12-25 08:00:00,91.320496
2012-12-25 09:00:00,88.61955
2012-12-25 10:00:00,83.053276
2012-12-25 11:00:00,86.171844
2012-12-25 12:00:00,86.5223
2012-12-25 13:00:00,141.21541
2012-12-25 14:00:00,147.15575
2012-12-25 15:00:00,96.346344
2012-12-25 16:00:00,122.83256
2012-12-25 17:00:00,106.63896
2012-12-25 18:00:00,105.362045
2012-12-25 19:00:00,114.843124
2012-12-25 20:00:00,98.95671
2012-12-25 21:00:00,99.68858
2012-12-25 22:00:00,89.95106
2012-12-25 23:00:00,91.998314
2012-12-26 00:00:00,101.0605
2012-12-26 01:00:00,98.93542
2012-12-26 02:00:00,98.93542
2012-12-26 03:00:00,94.32371
2012-12-26 04:00:00,100.02055
2012-12-26 05:00:00,89.48072
2012-12-26 06:00:00,103.99137
2012-12-26 07:00:00,68.46242
2012-12-26 08:00:00,68.46242
2012-12-26 09:00:00,68.46242
2012-12-26 10:00:00,66.076294
2012-12-26 11:00:00,75.314125
2012-12-26 12:00:00,68.976425
2012-12-26 13:00:00,68.976425
2012-12-26 14:00:00,65.9837
2012-12-26 15:00:00,72.59507
2012-12-26 16:00:00,72.59507
2012-12-26 17:00:00,71.40259
2012-12-26 18:00:00,67.826126
2012-12-26 19:00:00,76.93585
2012-12-26 20:00:00,71.67024
2012-12-26 21:00:00,84.63475
2012-12-26 22:00:00,74.27421
2012-12-26 23:00:00,68.042046
2012-12-27 00:00:00,68.042046
2012-12-27 01:00:00,74.27421
2012-12-27 02:00:00,84.66619
2012-12-27 03:00:00,88.14233
2012-12-27 04:00:00,80.54794
2012-12-27 05:00:00,91.947296
2012-12-27 06:00:00,114.41638
2012-12-27 07:00:00,101.66344
2012-12-27 08:00:00,121.02438
2012-12-27 09:00:00,119.606346
2012-12-27 10:00:00,124.22706
2012-12-27 11:00:00,111.67998
2012-12-27 12:00:00,141.55156
2012-12-27 13:00:00,141.55156
2012-12-27 14:00:00,94.80585
2012-12-27 15:00:00,106.41937
2012-12-27 16:00:00,110.85069
2012-12-27 17:00:00,110.85069
2012-12-27 18:00:00,95.74427
2012-12-27 19:00:00,99.804985
2012-12-27 20:00:00,107.1702
2012-12-27 21:00:00,95.74427
2012-12-27 22:00:00,96.836624
2012-12-27 23:00:00,95.74427
2012-12-28 00:00:00,110.57888
2012-12-28 01:00:00,117.22623
2012-12-28 02:00:00,93.33133
2012-12-28 03:00:00,110.57888
2012-12-28 04:00:00,100.4691
2012-12-28 05:00:00,102.120995
2012-12-28 06:00:00,94.195435
2012-12-28 07:00:00,93.82915
2012-12-28 08:00:00,98.613846
2012-12-28 09:00:00,96.836624
2012-12-28 10:00:00,101.18383
2012-12-28 11:00:00,130.26552
2012-12-28 12:00:00,135.59425
2012-12-28 13:00:00,135.59425
2012-12-28 14:00:00,135.59425
2012-12-28 15:00:00,119.54379
2012-12-28 16:00:00,130.85526
2012-12-28 17:00:00,93.72193
2012-12-28 18:00:00,93.72193
2012-12-28 19:00:00,113.02226
2012-12-28 20:00:00,97.73499
2012-12-28 21:00:00,94.28681
2012-12-28 22:00:00,97.12884
2012-12-28 23:00:00,98.704254
2012-12-29 00:00:00,83.36268
2012-12-29 01:00:00,80.7296
2012-12-29 02:00:00,83.36268
2012-12-29 03:00:00,83.01474
2012-12-29 04:00:00,80.7296
2012-12-29 05:00:00,80.7296
2012-12-29 06:00:00,69.949394
2012-12-29 07:00:00,68.152374
2012-12-29 08:00:00,82.84607
2012-12-29 09:00:00,82.84607
2012-12-29 10:00:00,74.50277
2012-12-29 11:00:00,71.98509
2012-12-29 12:00:00,79.71022
2012-12-29 13:00:00,79.71022
2012-12-29 14:00:00,80.89903
2012-12-29 15:00:00,82.448166
2012-12-29 16:00:00,80.019684
2012-12-29 17:00:00,81.5044
2012-12-29 18:00:00,84.30045
2012-12-29 19:00:00,84.459915
2012-12-29 20:00:00,90.376915
2012-12-29 21:00:00,98.149155
2012-12-29 22:00:00,98.79752
2012-12-29 23:00:00,86.709305
2012-12-30 00:00:00,79.27365
2012-12-30 01:00:00,98.849594
2012-12-30 02:00:00,87.9909
2012-12-30 03:00:00,98.849594
2012-12-30 04:00:00,88.120316
2012-12-30 05:00:00,96.482895
2012-12-30 06:00:00,94.539406
2012-12-30 07:00:00,90.20708
2012-12-30 08:00:00,91.734856
2012-12-30 09:00:00,96.26751
2012-12-30 10:00:00,98.13774
2012-12-30 11:00:00,102.88425
2012-12-30 12:00:00,105.55035
2012-12-30 13:00:00,128.39789
2012-12-30 14:00:00,120.56457
2012-12-30 15:00:00,123.62855
2012-12-30 16:00:00,109.03813
2012-12-30 17:00:00,110.95809
2012-12-30 18:00:00,95.75478
2012-12-30 19:00:00,99.57577
2012-12-30 20:00:00,92.514465
2012-12-30 21:00:00,66.4883
2012-12-30 22:00:00,65.71655
2012-12-30 23:00:00,65.64343
2012-12-31 00:00:00,95.716736
2012-12-31 01:00:00,95.716736
2012-12-31 02:00:00,75.11378
2012-12-31 03:00:00,73.45412
2012-12-31 04:00:00,73.16902
2012-12-31 05:00:00,78.50119
2012-12-31 06:00:00,73.20948
2012-12-31 07:00:00,75.07969
2012-12-31 08:00:00,73.05352
2012-12-31 09:00:00,85.58563
2012-12-31 10:00:00,89.016266
2012-12-31 11:00:00,109.959755
2012-12-31 12:00:00,116.08571
2012-12-31 13:00:00,137.30812
2012-12-31 14:00:00,130.94984
2012-12-31 15:00:00,133.02486
2012-12-31 16:00:00,134.57881
2012-12-31 17:00:00,117.19466
2012-12-31 18:00:00,122.09936
2012-12-31 19:00:00,119.47708
2012-12-31 20:00:00,119.47708
2012-12-31 21:00:00,113.65615
2012-12-31 22:00:00,105.658714
2012-12-31 23:00:00,91.22681
