datetime,count
2011-01-20 00:00:00,93.00026
2011-01-20 01:00:00,79.207016
2011-01-20 02:00:00,79.207016
2011-01-20 03:00:00,86.15736
2011-01-20 04:00:00,86.15736
2011-01-20 05:00:00,68.14057
2011-01-20 06:00:00,62.389797
2011-01-20 07:00:00,77.62193
2011-01-20 08:00:00,81.63849
2011-01-20 09:00:00,98.36579
2011-01-20 10:00:00,111.343445
2011-01-20 11:00:00,131.24553
2011-01-20 12:00:00,147.40614
2011-01-20 13:00:00,131.35295
2011-01-20 14:00:00,139.08151
2011-01-20 15:00:00,148.84883
2011-01-20 16:00:00,126.89581
2011-01-20 17:00:00,129.01491
2011-01-20 18:00:00,94.01611
2011-01-20 19:00:00,88.983665
2011-01-20 20:00:00,83.7346
2011-01-20 21:00:00,75.99932
2011-01-20 22:00:00,58.6548
2011-01-20 23:00:00,61.66892
2011-01-21 00:00:00,45.535057
2011-01-21 01:00:00,45.535057
2011-01-21 02:00:00,34.23217
2011-01-21 03:00:00,18.18797
2011-01-21 04:00:00,-10.700513
2011-01-21 05:00:00,72.97181
2011-01-21 06:00:00,79.62685
2011-01-21 07:00:00,83.97653
2011-01-21 08:00:00,99.17634
2011-01-21 09:00:00,88.99557
2011-01-21 10:00:00,104.11505
2011-01-21 11:00:00,128.11722
2011-01-21 12:00:00,178.80031
2011-01-21 13:00:00,187.23122
2011-01-21 14:00:00,171.0289
2011-01-21 15:00:00,151.48906
2011-01-21 16:00:00,149.58488
2011-01-21 17:00:00,137.74127
2011-01-21 18:00:00,122.991
2011-01-21 19:00:00,123.91988
2011-01-21 20:00:00,110.95441
2011-01-21 21:00:00,85.05996
2011-01-21 22:00:00,68.97967
2011-01-21 23:00:00,78.2264
2011-01-22 00:00:00,44.400486
2011-01-22 01:00:00,63.261417
2011-01-22 02:00:00,62.440002
2011-01-22 03:00:00,64.45166
2011-01-22 04:00:00,38.405506
2011-01-22 06:00:00,49.669067
2011-01-22 07:00:00,43.73492
2011-01-22 08:00:00,42.625
2011-01-22 09:00:00,56.586174
2011-01-22 10:00:00,64.639435
2011-01-22 11:00:00,77.517845
2011-01-22 12:00:00,83.73385
2011-01-22 13:00:00,98.057175
2011-01-22 14:00:00,104.58655
2011-01-22 15:00:00,118.511635
2011-01-22 16:00:00,127.46691
2011-01-22 17:00:00,130.85658
2011-01-22 18:00:00,90.543495
2011-01-22 19:00:00,90.65095
2011-01-22 20:00:00,52.35068
2011-01-22 21:00:00,67.73827
2011-01-22 22:00:00,49.656464
2011-01-22 23:00:00,10.150263
2011-01-23 00:00:00,10.150263
2011-01-23 01:00:00,10.150263
2011-01-23 02:00:00,-8.827704
2011-01-23 03:00:00,-8.827704
2011-01-23 05:00:00,16.004086
2011-01-23 06:00:00,16.004086
2011-01-23 07:00:00,22.594814
2011-01-23 08:00:00,0.56145287
2011-01-23 09:00:00,41.238503
2011-01-23 10:00:00,79.09597
2011-01-23 11:00:00,85.40891
2011-01-23 12:00:00,117.25644
2011-01-23 13:00:00,118.69948
2011-01-23 14:00:00,141.76762
2011-01-23 15:00:00,141.76762
2011-01-23 16:00:00,145.85556
2011-01-23 17:00:00,140.02448
2011-01-23 18:00:00,121.26659
2011-01-23 19:00:00,123.27824
2011-01-23 20:00:00,97.2644
2011-01-23 21:00:00,93.247826
2011-01-23 22:00:00,81.40422
2011-01-23 23:00:00,64.428925
2011-01-24 00:00:00,64.14169
2011-01-24 01:00:00,46.23235
2011-01-24 03:00:00,46.12489
2011-01-24 04:00:00,35.546665
2011-01-24 05:00:00,35.546665
2011-01-24 06:00:00,36.66331
2011-01-24 07:00:00,42.952892
2011-01-24 08:00:00,45.657238
2011-01-24 09:00:00,75.75229
2011-01-24 10:00:00,71.86245
2011-01-24 11:00:00,64.58832
2011-01-24 12:00:00,92.39518
2011-01-24 13:00:00,92.98716
2011-01-24 14:00:00,83.84788
2011-01-24 15:00:00,102.10369
2011-01-24 16:00:00,82.67618
2011-01-24 17:00:00,63.689236
2011-01-24 18:00:00,36.378876
2011-01-24 19:00:00,53.70297
2011-01-24 20:00:00,36.378876
2011-01-24 21:00:00,26.285141
2011-01-24 22:00:00,32.058624
2011-01-24 23:00:00,36.74077
2011-01-25 00:00:00,19.423409
2011-01-25 01:00:00,19.61118
2011-01-25 02:00:00,13.6499
2011-01-25 04:00:00,-7.118062
2011-01-25 05:00:00,-7.305875
2011-01-25 06:00:00,-1.3944387
2011-01-25 07:00:00,-1.5822229
2011-01-25 08:00:00,6.4643083
2011-01-25 09:00:00,49.519592
2011-01-25 10:00:00,68.4314
2011-01-25 11:00:00,72.063065
2011-01-25 12:00:00,95.213066
2011-01-25 13:00:00,94.096436
2011-01-25 14:00:00,138.26683
2011-01-25 15:00:00,153.15689
2011-01-25 16:00:00,153.15689
2011-01-25 17:00:00,132.41301
2011-01-25 18:00:00,128.01245
2011-01-25 19:00:00,64.59336
2011-01-25 20:00:00,50.89679
2011-01-25 21:00:00,50.89679
2011-01-25 22:00:00,50.311543
2011-01-25 23:00:00,56.165363
2011-01-26 00:00:00,38.921604
2011-01-26 01:00:00,56.830936
2011-01-26 02:00:00,48.79199
2011-01-26 05:00:00,-10.940694
2011-01-26 06:00:00,-10.940694
2011-01-26 07:00:00,-3.1369886
2011-01-26 08:00:00,-3.1369886
2011-01-26 09:00:00,-3.1369886
2011-01-26 10:00:00,-22.417995
2011-01-26 11:00:00,-23.500805
2011-01-26 12:00:00,-23.500805
2011-01-26 13:00:00,-23.500805
2011-01-26 14:00:00,-21.495876
2011-01-26 15:00:00,-18.589241
2011-01-26 16:00:00,-17.64698
2011-01-26 17:00:00,-27.24664
2011-01-27 16:00:00,79.73431
2011-01-27 17:00:00,77.80971
2011-01-27 18:00:00,28.433651
2011-01-27 19:00:00,28.433651
2011-01-27 20:00:00,7.450747
2011-01-27 21:00:00,7.450747
2011-01-27 22:00:00,7.450747
2011-01-27 23:00:00,-9.905639
2011-01-28 00:00:00,14.892266
2011-01-28 01:00:00,14.892266
2011-01-28 02:00:00,16.903927
2011-01-28 03:00:00,17.01138
2011-01-28 05:00:00,-3.9715185
2011-01-28 06:00:00,-6.063468
2011-01-28 07:00:00,-28.976154
2011-01-28 08:00:00,-28.976154
2011-01-28 09:00:00,-17.398682
2011-01-28 10:00:00,-16.396229
2011-01-28 11:00:00,-37.72123
2011-01-28 12:00:00,-37.72123
2011-01-28 13:00:00,-37.72123
2011-01-28 14:00:00,14.546971
2011-01-28 15:00:00,-15.309041
2011-01-28 16:00:00,2.8393192
2011-01-28 17:00:00,20.512852
2011-01-28 18:00:00,20.432522
2011-01-28 19:00:00,26.366676
2011-01-28 20:00:00,41.518482
2011-01-28 21:00:00,20.643044
2011-01-28 22:00:00,57.820004
2011-01-28 23:00:00,68.14057
2011-01-29 00:00:00,53.41839
2011-01-29 01:00:00,50.592045
2011-01-29 02:00:00,48.58713
2011-01-29 03:00:00,40.82471
2011-01-29 04:00:00,12.113277
2011-01-29 06:00:00,29.350304
2011-01-29 07:00:00,42.57752
2011-01-29 08:00:00,64.53056
2011-01-29 09:00:00,51.42271
2011-01-29 10:00:00,43.046875
2011-01-29 11:00:00,40.954914
2011-01-29 12:00:00,61.83034
2011-01-29 13:00:00,81.858795
2011-01-29 14:00:00,64.61501
2011-01-29 15:00:00,35.25246
2011-01-29 16:00:00,66.496475
2011-01-29 17:00:00,67.794174
2011-01-29 18:00:00,31.34335
2011-01-29 19:00:00,41.106297
2011-01-29 20:00:00,5.7263327
2011-01-29 21:00:00,5.7263327
2011-01-29 22:00:00,-18.275852
2011-01-29 23:00:00,-18.275852
2011-01-30 00:00:00,-21.397408
2011-01-30 01:00:00,-21.833893
2011-01-30 02:00:00,-16.083157
2011-01-30 03:00:00,-61.437428
2011-01-30 04:00:00,-61.437428
2011-01-30 05:00:00,-40.11246
2011-01-30 07:00:00,-40.11246
2011-01-30 08:00:00,-34.258656
2011-01-30 09:00:00,-10.229312
2011-01-30 10:00:00,-4.505678
2011-01-30 11:00:00,16.347036
2011-01-30 12:00:00,112.29741
2011-01-30 13:00:00,75.03192
2011-01-30 14:00:00,78.12634
2011-01-30 15:00:00,97.17791
2011-01-30 16:00:00,97.17791
2011-01-30 17:00:00,97.91228
2011-01-30 18:00:00,57.01512
2011-01-30 19:00:00,59.020046
2011-01-30 20:00:00,62.949265
2011-01-30 21:00:00,41.886044
2011-01-30 22:00:00,39.794075
2011-01-30 23:00:00,56.930386
2011-01-31 00:00:00,58.762257
2011-01-31 01:00:00,52.209
2011-01-31 02:00:00,52.316467
2011-01-31 03:00:00,52.316467
2011-01-31 04:00:00,59.71258
2011-01-31 05:00:00,38.649376
2011-01-31 06:00:00,16.58369
2011-01-31 07:00:00,34.655533
2011-01-31 08:00:00,49.88766
2011-01-31 09:00:00,50.89012
2011-01-31 10:00:00,47.956333
2011-01-31 11:00:00,47.956333
2011-01-31 12:00:00,72.189125
2011-01-31 13:00:00,55.470024
2011-01-31 14:00:00,70.09716
2011-01-31 15:00:00,52.160683
2011-01-31 16:00:00,65.316536
2011-01-31 17:00:00,47.956333
2011-01-31 18:00:00,62.153683
2011-01-31 19:00:00,86.60397
2011-01-31 20:00:00,55.92927
2011-01-31 21:00:00,59.131153
2011-01-31 22:00:00,50.15577
2011-01-31 23:00:00,38.045204
2011-02-20 00:00:00,155.14333
2011-02-20 01:00:00,132.14359
2011-02-20 02:00:00,138.16507
2011-02-20 03:00:00,123.27503
2011-02-20 04:00:00,123.27503
2011-02-20 06:00:00,95.44028
2011-02-20 07:00:00,74.51683
2011-02-20 08:00:00,82.54734
2011-02-20 09:00:00,104.285484
2011-02-20 10:00:00,137.98805
2011-02-20 11:00:00,175.92583
2011-02-20 12:00:00,170.17946
2011-02-20 13:00:00,182.68488
2011-02-20 14:00:00,205.57574
2011-02-20 15:00:00,204.65364
2011-02-20 16:00:00,198.56079
2011-02-20 17:00:00,185.67041
2011-02-20 18:00:00,176.24928
2011-02-20 19:00:00,176.24928
2011-02-20 20:00:00,157.15611
2011-02-20 21:00:00,117.92178
2011-02-20 22:00:00,108.45495
2011-02-20 23:00:00,90.625946
2011-02-21 00:00:00,154.4842
2011-02-21 01:00:00,154.4842
2011-02-21 02:00:00,154.4842
2011-02-21 03:00:00,152.47256
2011-02-21 04:00:00,130.94118
2011-02-21 05:00:00,167.11009
2011-02-21 06:00:00,240.606
2011-02-21 07:00:00,239.60353
2011-02-21 08:00:00,105.14944
2011-02-21 09:00:00,104.146965
2011-02-21 10:00:00,102.13533
2011-02-21 11:00:00,100.318184
2011-02-21 12:00:00,74.82496
2011-02-21 13:00:00,30.05304
2011-02-21 14:00:00,44.253242
2011-02-21 15:00:00,65.74304
2011-02-21 16:00:00,44.505436
2011-02-21 17:00:00,40.77069
2011-02-21 18:00:00,-13.396493
2011-02-21 19:00:00,-13.396493
2011-02-21 20:00:00,12.747539
2011-02-21 21:00:00,29.319038
2011-02-21 22:00:00,17.45971
2011-02-21 23:00:00,17.45971
2011-02-22 06:00:00,-21.464806
2011-02-22 07:00:00,-21.464806
2011-02-22 08:00:00,-23.47644
2011-02-22 09:00:00,-3.571148
2011-02-22 10:00:00,6.807006
2011-02-22 11:00:00,34.38407
2011-02-22 12:00:00,59.900352
2011-02-22 13:00:00,77.72938
2011-02-22 14:00:00,79.73431
2011-02-22 15:00:00,102.686
2011-02-22 16:00:00,89.915085
2011-02-22 17:00:00,89.80762
2011-02-22 18:00:00,100.08912
2011-02-22 19:00:00,96.162224
2011-02-22 20:00:00,96.2697
2011-02-22 21:00:00,98.27461
2011-02-22 22:00:00,94.86189
2011-02-22 23:00:00,94.86189
2011-02-23 00:00:00,63.7967
2011-02-23 01:00:00,78.07437
2011-02-23 02:00:00,62.250275
2011-02-23 03:00:00,60.16503
2011-02-23 05:00:00,60.245358
2011-02-23 06:00:00,60.245358
2011-02-23 07:00:00,50.06458
2011-02-23 08:00:00,53.70297
2011-02-23 09:00:00,77.51854
2011-02-23 10:00:00,118.97268
2011-02-23 11:00:00,126.21044
2011-02-23 12:00:00,153.3342
2011-02-23 13:00:00,186.13359
2011-02-23 14:00:00,189.81323
2011-02-23 15:00:00,206.74718
2011-02-23 16:00:00,204.81589
2011-02-23 17:00:00,206.74718
2011-02-23 18:00:00,197.95
2011-02-23 19:00:00,168.97011
2011-02-23 20:00:00,68.22089
2011-02-23 21:00:00,106.0757
2011-02-23 22:00:00,106.0757
2011-02-23 23:00:00,80.93127
2011-02-24 00:00:00,80.93127
2011-02-24 01:00:00,65.699135
2011-02-24 02:00:00,43.66577
2011-02-24 03:00:00,42.549133
2011-02-24 05:00:00,27.317005
2011-02-24 06:00:00,27.236694
2011-02-24 07:00:00,18.097404
2011-02-24 08:00:00,37.676308
2011-02-24 09:00:00,29.193024
2011-02-24 10:00:00,53.270336
2011-02-24 11:00:00,117.12972
2011-02-24 12:00:00,142.87505
2011-02-24 13:00:00,153.88066
2011-02-24 14:00:00,171.8171
2011-02-24 15:00:00,171.51343
2011-02-24 16:00:00,134.36063
2011-02-24 17:00:00,102.20215
2011-02-24 18:00:00,27.444012
2011-02-24 19:00:00,13.007664
2011-02-24 20:00:00,11.170383
2011-02-24 21:00:00,27.444012
2011-02-24 22:00:00,34.40777
2011-02-24 23:00:00,0.50804615
2011-02-25 00:00:00,3.6429925
2011-02-25 01:00:00,-23.535774
2011-02-25 02:00:00,-23.535774
2011-02-25 03:00:00,0.69581604
2011-02-25 05:00:00,0.69581604
2011-02-25 06:00:00,11.297981
2011-02-25 07:00:00,-11.143628
2011-02-25 08:00:00,15.932105
2011-02-25 09:00:00,17.024223
2011-02-25 10:00:00,51.3635
2011-02-25 11:00:00,128.17783
2011-02-25 12:00:00,198.42793
2011-02-25 13:00:00,198.42793
2011-02-25 14:00:00,226.37529
2011-02-25 15:00:00,244.72333
2011-02-25 16:00:00,140.6663
2011-02-25 17:00:00,155.62267
2011-02-25 18:00:00,142.67123
2011-02-25 19:00:00,124.77382
2011-02-25 20:00:00,140.85669
2011-02-25 21:00:00,127.219315
2011-02-25 22:00:00,117.26418
2011-02-25 23:00:00,113.35509
2011-02-26 00:00:00,88.77591
2011-02-26 01:00:00,91.68257
2011-02-26 02:00:00,65.60408
2011-02-26 03:00:00,73.99332
2011-02-26 04:00:00,69.82855
2011-02-26 05:00:00,54.52129
2011-02-26 06:00:00,62.0434
2011-02-26 07:00:00,63.974724
2011-02-26 08:00:00,73.648
2011-02-26 09:00:00,90.28677
2011-02-26 10:00:00,125.17139
2011-02-26 11:00:00,130.68858
2011-02-26 12:00:00,145.11954
2011-02-26 13:00:00,161.90698
2011-02-26 14:00:00,181.08727
2011-02-26 15:00:00,175.73514
2011-02-26 16:00:00,151.60277
2011-02-26 17:00:00,160.84947
2011-02-26 18:00:00,143.94785
2011-02-26 19:00:00,128.97745
2011-02-26 20:00:00,100.004234
2011-02-26 21:00:00,68.76024
2011-02-26 22:00:00,36.291065
2011-02-26 23:00:00,36.21074
2011-02-27 00:00:00,-6.097127
2011-02-27 01:00:00,-8.001323
2011-02-27 02:00:00,-7.9209967
2011-02-27 03:00:00,-6.804351
2011-02-27 04:00:00,-17.768673
2011-02-27 06:00:00,-14.459296
2011-02-27 07:00:00,-17.768673
2011-02-27 08:00:00,-8.73569
2011-02-27 09:00:00,-1.0807171
2011-02-27 10:00:00,23.843605
2011-02-27 11:00:00,96.93921
2011-02-27 12:00:00,137.99854
2011-02-27 13:00:00,159.01897
2011-02-27 14:00:00,170.7979
2011-02-27 15:00:00,188.66823
2011-02-27 16:00:00,196.43065
2011-02-27 17:00:00,150.74611
2011-02-27 18:00:00,145.0225
2011-02-27 19:00:00,141.00594
2011-02-27 20:00:00,137.99854
2011-02-27 21:00:00,112.89542
2011-02-27 22:00:00,114.732666
2011-02-27 23:00:00,104.80467
2011-02-28 00:00:00,94.42372
2011-02-28 01:00:00,35.302765
2011-02-28 03:00:00,6.4693317
2011-02-28 05:00:00,3.5128217
2011-02-28 06:00:00,-2.6926956
2011-02-28 07:00:00,12.170242
2011-02-28 08:00:00,7.153819
2011-02-28 09:00:00,73.19885
2011-02-28 10:00:00,152.27112
2011-02-28 11:00:00,175.06474
2011-02-28 12:00:00,175.0648
2011-02-28 13:00:00,55.80726
2011-02-28 14:00:00,31.073318
2011-02-28 15:00:00,31.073318
2011-02-28 16:00:00,20.0261
2011-02-28 17:00:00,25.349678
2011-02-28 18:00:00,53.795605
2011-02-28 19:00:00,94.46647
2011-02-28 20:00:00,94.46647
2011-02-28 21:00:00,59.37683
2011-02-28 22:00:00,21.040787
2011-02-28 23:00:00,44.01552
2011-03-20 00:00:00,141.65144
2011-03-20 01:00:00,119.72552
2011-03-20 02:00:00,116.12619
2011-03-20 03:00:00,96.17806
2011-03-20 04:00:00,88.44952
2011-03-20 05:00:00,74.25217
2011-03-20 06:00:00,76.263824
2011-03-20 07:00:00,66.416145
2011-03-20 08:00:00,90.156586
2011-03-20 09:00:00,110.1783
2011-03-20 10:00:00,142.2932
2011-03-20 11:00:00,163.37529
2011-03-20 12:00:00,166.05252
2011-03-20 13:00:00,187.14806
2011-03-20 14:00:00,205.08453
2011-03-20 15:00:00,205.01988
2011-03-20 16:00:00,204.71527
2011-03-20 17:00:00,208.93279
2011-03-20 18:00:00,192.9689
2011-03-20 19:00:00,160.74205
2011-03-20 20:00:00,151.60277
2011-03-20 21:00:00,130.40799
2011-03-20 22:00:00,129.29808
2011-03-20 23:00:00,114.79709
2011-03-21 00:00:00,123.95714
2011-03-21 01:00:00,102.87121
2011-03-21 02:00:00,98.85464
2011-03-21 03:00:00,98.85464
2011-03-21 05:00:00,58.898167
2011-03-21 06:00:00,82.82384
2011-03-21 07:00:00,50.512737
2011-03-21 08:00:00,44.65891
2011-03-21 09:00:00,68.39039
2011-03-21 10:00:00,115.5553
2011-03-21 11:00:00,136.23363
2011-03-21 12:00:00,120.69175
2011-03-21 13:00:00,178.5348
2011-03-21 14:00:00,186.98993
2011-03-21 15:00:00,204.89928
2011-03-21 16:00:00,191.00645
2011-03-21 17:00:00,188.99481
2011-03-21 18:00:00,156.86778
2011-03-21 19:00:00,217.84839
2011-03-21 20:00:00,184.84805
2011-03-21 21:00:00,64.75576
2011-03-21 22:00:00,85.04596
2011-03-21 23:00:00,76.01036
2011-03-22 00:00:00,83.0343
2011-03-22 01:00:00,30.98621
2011-03-22 02:00:00,52.008156
2011-03-22 03:00:00,97.600876
2011-03-22 04:00:00,93.68735
2011-03-22 05:00:00,70.71993
2011-03-22 06:00:00,72.89925
2011-03-22 07:00:00,102.22572
2011-03-22 08:00:00,170.11348
2011-03-22 09:00:00,181.1607
2011-03-22 10:00:00,193.77357
2011-03-22 11:00:00,199.07071
2011-03-22 12:00:00,211.95428
2011-03-22 13:00:00,227.51657
2011-03-22 14:00:00,243.68657
2011-03-22 15:00:00,236.65594
2011-03-22 16:00:00,228.62283
2011-03-22 17:00:00,228.62283
2011-03-22 18:00:00,215.80382
2011-03-22 19:00:00,190.75949
2011-03-22 20:00:00,197.79018
2011-03-22 21:00:00,187.02039
2011-03-22 22:00:00,167.09938
2011-03-22 23:00:00,167.09938
2011-03-23 00:00:00,111.649475
2011-03-23 01:00:00,86.56967
2011-03-23 02:00:00,86.56967
2011-03-23 03:00:00,82.720795
2011-03-23 05:00:00,49.420612
2011-03-23 06:00:00,49.2101
2011-03-23 07:00:00,23.175854
2011-03-23 08:00:00,43.56678
2011-03-23 09:00:00,61.737885
2011-03-23 10:00:00,69.500305
2011-03-23 11:00:00,49.290424
2011-03-23 12:00:00,47.205162
2011-03-23 13:00:00,51.127678
2011-03-23 14:00:00,53.116592
2011-03-23 15:00:00,86.22954
2011-03-23 16:00:00,110.258835
2011-03-23 17:00:00,110.258835
2011-03-23 18:00:00,94.088264
2011-03-23 19:00:00,94.088264
2011-03-23 20:00:00,78.67767
2011-03-23 21:00:00,16.659966
2011-03-23 22:00:00,23.283333
2011-03-23 23:00:00,31.326065
2011-03-24 00:00:00,23.175854
2011-03-24 01:00:00,-3.872779
2011-03-24 02:00:00,-1.8678408
2011-03-24 03:00:00,-11.635161
2011-03-24 04:00:00,-11.635161
2011-03-24 05:00:00,11.701455
2011-03-24 06:00:00,11.701455
2011-03-24 07:00:00,-9.493329
2011-03-24 08:00:00,-12.69521
2011-03-24 09:00:00,5.9778256
2011-03-24 10:00:00,4.787571
2011-03-24 11:00:00,54.904324
2011-03-24 12:00:00,90.42665
2011-03-24 13:00:00,93.243645
2011-03-24 14:00:00,85.58868
2011-03-24 15:00:00,89.524925
2011-03-24 16:00:00,102.75214
2011-03-24 17:00:00,87.51999
2011-03-24 18:00:00,115.83281
2011-03-24 19:00:00,131.23938
2011-03-24 20:00:00,103.25293
2011-03-24 21:00:00,85.4239
2011-03-24 22:00:00,81.40734
2011-03-24 23:00:00,73.564606
2011-03-25 00:00:00,88.796715
2011-03-25 01:00:00,51.99644
2011-03-25 02:00:00,51.916126
2011-03-25 03:00:00,52.10391
2011-03-25 04:00:00,31.121021
2011-03-25 05:00:00,31.040707
2011-03-25 06:00:00,30.933231
2011-03-25 07:00:00,87.29196
2011-03-25 08:00:00,116.492004
2011-03-25 09:00:00,128.26048
2011-03-25 10:00:00,122.14931
2011-03-25 11:00:00,161.84338
2011-03-25 12:00:00,174.69466
2011-03-25 13:00:00,183.94138
2011-03-25 14:00:00,221.65901
2011-03-25 15:00:00,204.5778
2011-03-25 16:00:00,209.56068
2011-03-25 17:00:00,201.76076
2011-03-25 18:00:00,178.11026
2011-03-25 19:00:00,195.115
2011-03-25 20:00:00,180.02783
2011-03-25 21:00:00,182.0395
2011-03-25 22:00:00,182.18863
2011-03-25 23:00:00,173.42374
2011-03-26 00:00:00,171.69933
2011-03-26 01:00:00,162.75107
2011-03-26 02:00:00,132.07599
2011-03-26 03:00:00,115.20144
2011-03-26 04:00:00,132.07599
2011-03-26 05:00:00,103.015724
2011-03-26 06:00:00,85.07928
2011-03-26 07:00:00,103.01575
2011-03-26 08:00:00,130.17181
2011-03-26 09:00:00,145.0347
2011-03-26 10:00:00,152.79712
2011-03-26 11:00:00,167.66003
2011-03-26 12:00:00,181.50854
2011-03-26 13:00:00,198.38312
2011-03-26 14:00:00,216.3196
2011-03-26 15:00:00,218.4048
2011-03-26 16:00:00,236.68333
2011-03-26 17:00:00,225.80092
2011-03-26 18:00:00,240.9015
2011-03-26 19:00:00,158.21036
2011-03-26 20:00:00,158.21036
2011-03-26 21:00:00,151.51659
2011-03-26 22:00:00,168.39117
2011-03-26 23:00:00,153.42078
2011-03-27 00:00:00,158.65094
2011-03-27 01:00:00,117.29754
2011-03-27 02:00:00,112.38535
2011-03-27 03:00:00,61.899364
2011-03-27 04:00:00,41.023933
2011-03-27 06:00:00,-3.2955828
2011-03-27 07:00:00,-5.380822
2011-03-27 08:00:00,50.191723
2011-03-27 09:00:00,96.66112
2011-03-27 10:00:00,104.41914
2011-03-27 11:00:00,131.57521
2011-03-27 12:00:00,153.52824
2011-03-27 13:00:00,174.38092
2011-03-27 14:00:00,189.3513
2011-03-27 15:00:00,193.26038
2011-03-27 16:00:00,190.12059
2011-03-27 17:00:00,206.48088
2011-03-27 18:00:00,190.64783
2011-03-27 19:00:00,198.7523
2011-03-27 20:00:00,173.75287
2011-03-27 21:00:00,152.79712
2011-03-27 22:00:00,152.79712
2011-03-27 23:00:00,145.66277
2011-03-28 00:00:00,102.4021
2011-03-28 01:00:00,135.91277
2011-03-28 02:00:00,133.90785
2011-03-28 03:00:00,133.90785
2011-03-28 05:00:00,123.36077
2011-03-28 06:00:00,152.70992
2011-03-28 07:00:00,167.54048
2011-03-28 08:00:00,158.54102
2011-03-28 09:00:00,176.21129
2011-03-28 10:00:00,180.18948
2011-03-28 11:00:00,197.79517
2011-03-28 12:00:00,202.16782
2011-03-28 13:00:00,227.65558
2011-03-28 14:00:00,233.61823
2011-03-28 15:00:00,231.54192
2011-03-28 16:00:00,236.32256
2011-03-28 17:00:00,237.21753
2011-03-28 18:00:00,240.68118
2011-03-28 19:00:00,225.96324
2011-03-28 20:00:00,233.80595
2011-03-28 21:00:00,238.85736
2011-03-28 22:00:00,227.89459
2011-03-28 23:00:00,216.97308
2011-03-29 00:00:00,196.95137
2011-03-29 01:00:00,177.00325
2011-03-29 02:00:00,177.00325
2011-03-29 03:00:00,177.00325
2011-03-29 04:00:00,128.15706
2011-03-29 05:00:00,157.1303
2011-03-29 06:00:00,147.95874
2011-03-29 07:00:00,147.8784
2011-03-29 08:00:00,171.88054
2011-03-29 09:00:00,210.8156
2011-03-29 10:00:00,222.69678
2011-03-29 11:00:00,243.00674
2011-03-29 12:00:00,230.31009
2011-03-29 13:00:00,231.1247
2011-03-29 14:00:00,237.95824
2011-03-29 15:00:00,254.02188
2011-03-29 16:00:00,259.14456
2011-03-29 17:00:00,268.9766
2011-03-29 18:00:00,247.32436
2011-03-29 19:00:00,238.40784
2011-03-29 20:00:00,247.32436
2011-03-29 21:00:00,175.69447
2011-03-29 22:00:00,154.36954
2011-03-29 23:00:00,133.03497
2011-03-30 00:00:00,130.12831
2011-03-30 01:00:00,179.1101
2011-03-30 02:00:00,130.12831
2011-03-30 03:00:00,154.49971
2011-03-30 04:00:00,130.12831
2011-03-30 05:00:00,128.15831
2011-03-30 06:00:00,149.56361
2011-03-30 07:00:00,169.59207
2011-03-30 08:00:00,157.32597
2011-03-30 09:00:00,169.40425
2011-03-30 10:00:00,172.1086
2011-03-30 11:00:00,174.11357
2011-03-30 12:00:00,172.18895
2011-03-30 13:00:00,181.9563
2011-03-30 14:00:00,182.85127
2011-03-30 15:00:00,55.03451
2011-03-30 16:00:00,37.838757
2011-03-30 17:00:00,7.89539
2011-03-30 18:00:00,5.9778256
2011-03-30 19:00:00,5.9778256
2011-03-30 20:00:00,2.8789635
2011-03-30 21:00:00,-1.8649426
2011-03-30 22:00:00,1.9839649
2011-03-30 23:00:00,1.876534
2011-03-31 00:00:00,1.9839649
2011-03-31 01:00:00,-0.027655602
2011-03-31 02:00:00,-0.027655602
2011-03-31 03:00:00,1.9839649
2011-03-31 04:00:00,3.9888935
2011-03-31 05:00:00,1.9839649
2011-03-31 06:00:00,2.8789635
2011-03-31 07:00:00,3.9888935
2011-03-31 08:00:00,-23.18993
2011-03-31 09:00:00,9.712564
2011-03-31 10:00:00,9.712564
2011-03-31 11:00:00,15.5436325
2011-03-31 12:00:00,15.5436325
2011-03-31 13:00:00,39.653267
2011-03-31 14:00:00,39.65327
2011-03-31 15:00:00,42.479607
2011-03-31 16:00:00,37.735687
2011-03-31 17:00:00,37.735687
2011-03-31 18:00:00,33.799458
2011-03-31 19:00:00,33.799458
2011-03-31 20:00:00,17.474957
2011-03-31 21:00:00,7.6848927
2011-03-31 22:00:00,19.5602
2011-03-31 23:00:00,-13.509923
2011-04-20 00:00:00,73.2941
2011-04-20 01:00:00,51.27642
2011-04-20 02:00:00,51.27642
2011-04-20 03:00:00,40.22918
2011-04-20 04:00:00,23.25767
2011-04-20 05:00:00,47.55769
2011-04-20 06:00:00,51.27642
2011-04-20 07:00:00,45.979942
2011-04-20 08:00:00,213.13995
2011-04-20 09:00:00,232.812
2011-04-20 10:00:00,188.03807
2011-04-20 11:00:00,188.03807
2011-04-20 12:00:00,290.9207
2011-04-20 13:00:00,290.9207
2011-04-20 14:00:00,323.56458
2011-04-20 15:00:00,343.37054
2011-04-20 16:00:00,343.37054
2011-04-20 17:00:00,335.54355
2011-04-20 18:00:00,346.99817
2011-04-20 19:00:00,326.5242
2011-04-20 20:00:00,310.73544
2011-04-20 21:00:00,308.97272
2011-04-20 22:00:00,288.4754
2011-04-20 23:00:00,294.9208
2011-04-21 00:00:00,259.87027
2011-04-21 01:00:00,233.2674
2011-04-21 02:00:00,247.70311
2011-04-21 03:00:00,219.68379
2011-04-21 04:00:00,203.81837
2011-04-21 05:00:00,205.09152
2011-04-21 06:00:00,189.19385
2011-04-21 07:00:00,220.39507
2011-04-21 08:00:00,207.53706
2011-04-21 09:00:00,208.34532
2011-04-21 10:00:00,216.64978
2011-04-21 11:00:00,226.52084
2011-04-21 12:00:00,233.35062
2011-04-21 13:00:00,265.38074
2011-04-21 14:00:00,272.07452
2011-04-21 15:00:00,295.06223
2011-04-21 16:00:00,297.1388
2011-04-21 17:00:00,272.2429
2011-04-21 18:00:00,292.46167
2011-04-21 19:00:00,271.84802
2011-04-21 20:00:00,249.98674
2011-04-21 21:00:00,196.46327
2011-04-21 22:00:00,216.85716
2011-04-21 23:00:00,196.90388
2011-04-22 00:00:00,125.347984
2011-04-22 01:00:00,152.65837
2011-04-22 02:00:00,155.67249
2011-04-22 03:00:00,155.67249
2011-04-22 04:00:00,148.94637
2011-04-22 05:00:00,144.92982
2011-04-22 06:00:00,148.94638
2011-04-22 07:00:00,154.80017
2011-04-22 08:00:00,152.78856
2011-04-22 09:00:00,133.16106
2011-04-22 10:00:00,131.20181
2011-04-22 11:00:00,119.11919
2011-04-22 12:00:00,84.63838
2011-04-22 13:00:00,55.144253
2011-04-22 14:00:00,55.063923
2011-04-22 15:00:00,55.144253
2011-04-22 16:00:00,51.12769
2011-04-22 17:00:00,29.029675
2011-04-22 18:00:00,29.029675
2011-04-22 19:00:00,29.029675
2011-04-22 20:00:00,47.30823
2011-04-22 21:00:00,23.386383
2011-04-22 22:00:00,0.04974842
2011-04-22 23:00:00,29.217484
2011-04-23 00:00:00,2.2388177
2011-04-23 01:00:00,2.2388177
2011-04-23 02:00:00,8.172992
2011-04-23 03:00:00,5.165637
2011-04-23 04:00:00,8.985059
2011-04-23 05:00:00,8.985059
2011-04-23 06:00:00,5.957558
2011-04-23 07:00:00,11.811404
2011-04-23 08:00:00,13.605775
2011-04-23 09:00:00,52.967003
2011-04-23 10:00:00,77.70096
2011-04-23 11:00:00,89.17538
2011-04-23 12:00:00,128.83101
2011-04-23 13:00:00,126.826096
2011-04-23 14:00:00,157.27174
2011-04-23 15:00:00,188.46004
2011-04-23 16:00:00,181.42937
2011-04-23 17:00:00,184.4435
2011-04-23 18:00:00,146.2245
2011-04-23 19:00:00,131.26979
2011-04-23 20:00:00,114.156235
2011-04-23 21:00:00,137.12363
2011-04-23 22:00:00,156.09486
2011-04-23 23:00:00,108.134735
2011-04-24 00:00:00,115.77884
2011-04-24 01:00:00,92.78429
2011-04-24 02:00:00,92.78429
2011-04-24 03:00:00,67.48177
2011-04-24 04:00:00,67.48177
2011-04-24 05:00:00,67.48177
2011-04-24 06:00:00,49.028835
2011-04-24 07:00:00,49.028835
2011-04-24 08:00:00,82.26816
2011-04-24 09:00:00,114.02603
2011-04-24 10:00:00,154.06726
2011-04-24 11:00:00,208.8571
2011-04-24 12:00:00,222.64104
2011-04-24 13:00:00,251.7013
2011-04-24 14:00:00,266.9011
2011-04-24 15:00:00,229.07597
2011-04-24 16:00:00,296.57355
2011-04-24 17:00:00,219.90434
2011-04-24 18:00:00,192.95941
2011-04-24 19:00:00,154.4519
2011-04-24 20:00:00,154.4519
2011-04-24 21:00:00,95.71002
2011-04-24 22:00:00,77.431435
2011-04-24 23:00:00,72.41242
2011-04-25 00:00:00,62.35786
2011-04-25 01:00:00,62.42918
2011-04-25 02:00:00,62.42918
2011-04-25 03:00:00,57.78394
2011-04-25 04:00:00,56.50404
2011-04-25 05:00:00,39.27887
2011-04-25 06:00:00,50.753265
2011-04-25 07:00:00,62.53226
2011-04-25 08:00:00,105.7124
2011-04-25 09:00:00,134.42384
2011-04-25 10:00:00,186.5147
2011-04-25 11:00:00,186.5147
2011-04-25 12:00:00,191.19685
2011-04-25 13:00:00,228.08417
2011-04-25 14:00:00,267.34564
2011-04-25 15:00:00,278.11157
2011-04-25 16:00:00,270.6304
2011-04-25 17:00:00,266.6139
2011-04-25 18:00:00,255.76749
2011-04-25 19:00:00,248.01183
2011-04-25 20:00:00,232.812
2011-04-25 21:00:00,199.0786
2011-04-25 22:00:00,184.15617
2011-04-25 23:00:00,153.97713
2011-04-26 00:00:00,201.09024
2011-04-26 01:00:00,184.78055
2011-04-26 02:00:00,136.00832
2011-04-26 03:00:00,112.03846
2011-04-26 04:00:00,130.98254
2011-04-26 05:00:00,110.026794
2011-04-26 06:00:00,113.74555
2011-04-26 07:00:00,139.74744
2011-04-26 08:00:00,139.74745
2011-04-26 09:00:00,195.55031
2011-04-26 10:00:00,213.45964
2011-04-26 11:00:00,233.40775
2011-04-26 12:00:00,253.3221
2011-04-26 13:00:00,293.1755
2011-04-26 14:00:00,262.19052
2011-04-26 15:00:00,249.30551
2011-04-26 16:00:00,260.45636
2011-04-26 17:00:00,243.58177
2011-04-26 18:00:00,237.4243
2011-04-26 19:00:00,199.56688
2011-04-26 20:00:00,195.55031
2011-04-26 21:00:00,169.54842
2011-04-26 22:00:00,144.29424
2011-04-26 23:00:00,146.3059
2011-04-27 00:00:00,140.45207
2011-04-27 01:00:00,142.45699
2011-04-27 02:00:00,121.50124
2011-04-27 03:00:00,129.36671
2011-04-27 04:00:00,95.46697
2011-04-27 05:00:00,103.32573
2011-04-27 06:00:00,97.47188
2011-04-27 07:00:00,129.36671
2011-04-27 08:00:00,132.3808
2011-04-27 09:00:00,140.02904
2011-04-27 10:00:00,156.07323
2011-04-27 11:00:00,177.02898
2011-04-27 12:00:00,179.94003
2011-04-27 13:00:00,172.17757
2011-04-27 14:00:00,198.95924
2011-04-27 15:00:00,246.1554
2011-04-27 16:00:00,223.89926
2011-04-27 17:00:00,180.43208
2011-04-27 18:00:00,180.43208
2011-04-27 19:00:00,169.54842
2011-04-27 20:00:00,154.86026
2011-04-27 21:00:00,130.86324
2011-04-27 22:00:00,139.73117
2011-04-27 23:00:00,141.73611
2011-04-28 00:00:00,176.19417
2011-04-28 01:00:00,163.10388
2011-04-28 02:00:00,167.12042
2011-04-28 03:00:00,184.05965
2011-04-28 04:00:00,165.10878
2011-04-28 05:00:00,163.10388
2011-04-28 06:00:00,189.07866
2011-04-28 07:00:00,188.07619
2011-04-28 08:00:00,193.82695
2011-04-28 09:00:00,145.58502
2011-04-28 10:00:00,136.71709
2011-04-28 11:00:00,156.07323
2011-04-28 12:00:00,173.39055
2011-04-28 13:00:00,157.07567
2011-04-28 14:00:00,151.22183
2011-04-28 15:00:00,211.4547
2011-04-28 16:00:00,167.53677
2011-04-28 17:00:00,278.8542
2011-04-28 18:00:00,278.8542
2011-04-28 19:00:00,285.39667
2011-04-28 20:00:00,256.58542
2011-04-28 21:00:00,235.66713
2011-04-28 22:00:00,235.00159
2011-04-28 23:00:00,248.26112
2011-04-29 00:00:00,255.56247
2011-04-29 01:00:00,218.48105
2011-04-29 02:00:00,153.17346
2011-04-29 03:00:00,164.35667
2011-04-29 04:00:00,191.73549
2011-04-29 05:00:00,203.92114
2011-04-29 06:00:00,231.53319
2011-04-29 07:00:00,240.395
2011-04-29 08:00:00,262.31583
2011-04-29 09:00:00,264.32733
2011-04-29 10:00:00,263.99045
2011-04-29 11:00:00,293.98294
2011-04-29 12:00:00,273.12973
2011-04-29 13:00:00,274.13223
2011-04-29 14:00:00,310.1529
2011-04-29 15:00:00,270.8467
2011-04-29 16:00:00,263.04688
2011-04-29 17:00:00,250.1685
2011-04-29 18:00:00,233.16365
2011-04-29 19:00:00,192.60864
2011-04-29 20:00:00,212.6537
2011-04-29 21:00:00,195.75208
2011-04-29 22:00:00,160.94774
2011-04-29 23:00:00,179.71901
2011-04-30 00:00:00,189.03511
2011-04-30 01:00:00,183.01364
2011-04-30 02:00:00,187.0302
2011-04-30 03:00:00,179.26776
2011-04-30 04:00:00,181.27942
2011-04-30 05:00:00,186.47276
2011-04-30 06:00:00,161.53279
2011-04-30 07:00:00,180.74913
2011-04-30 08:00:00,174.721
2011-04-30 09:00:00,199.35115
2011-04-30 10:00:00,234.16226
2011-04-30 11:00:00,243.96706
2011-04-30 12:00:00,251.72945
2011-04-30 13:00:00,260.59134
2011-04-30 14:00:00,255.57227
2011-04-30 15:00:00,261.36057
2011-04-30 16:00:00,271.12793
2011-04-30 17:00:00,243.08202
2011-04-30 18:00:00,237.35841
2011-04-30 19:00:00,237.35841
2011-04-30 20:00:00,150.77678
2011-04-30 21:00:00,150.77678
2011-04-30 22:00:00,133.53969
2011-04-30 23:00:00,133.53969
2011-05-20 00:00:00,57.731808
2011-05-20 01:00:00,33.425037
2011-05-20 02:00:00,33.729614
2011-05-20 03:00:00,27.7014
2011-05-20 04:00:00,52.008156
2011-05-20 05:00:00,53.010616
2011-05-20 06:00:00,77.012825
2011-05-20 07:00:00,126.01446
2011-05-20 08:00:00,153.88657
2011-05-20 09:00:00,168.9504
2011-05-20 10:00:00,184.84805
2011-05-20 11:00:00,208.6384
2011-05-20 12:00:00,247.00606
2011-05-20 13:00:00,254.87163
2011-05-20 14:00:00,249.9134
2011-05-20 15:00:00,242.98946
2011-05-20 16:00:00,250.1239
2011-05-20 17:00:00,234.8496
2011-05-20 18:00:00,235.13081
2011-05-20 19:00:00,183.57492
2011-05-20 20:00:00,184.57735
2011-05-20 21:00:00,178.82658
2011-05-20 22:00:00,138.65448
2011-05-20 23:00:00,146.99738
2011-05-21 00:00:00,126.02425
2011-05-21 01:00:00,134.22568
2011-05-21 02:00:00,141.25638
2011-05-21 03:00:00,99.31773
2011-05-21 04:00:00,77.29333
2011-05-21 05:00:00,75.288414
2011-05-21 06:00:00,107.04627
2011-05-21 07:00:00,145.96567
2011-05-21 08:00:00,176.96617
2011-05-21 09:00:00,208.95467
2011-05-21 10:00:00,211.68758
2011-05-21 11:00:00,243.78748
2011-05-21 12:00:00,245.51793
2011-05-21 13:00:00,268.12756
2011-05-21 14:00:00,282.99054
2011-05-21 15:00:00,290.91992
2011-05-21 16:00:00,315.05234
2011-05-21 17:00:00,299.8916
2011-05-21 18:00:00,285.02866
2011-05-21 19:00:00,271.4552
2011-05-21 20:00:00,204.65681
2011-05-21 21:00:00,211.68758
2011-05-21 22:00:00,183.57028
2011-05-21 23:00:00,139.20056
2011-05-22 00:00:00,102.28091
2011-05-22 01:00:00,76.23995
2011-05-22 02:00:00,74.23503
2011-05-22 03:00:00,50.2057
2011-05-22 04:00:00,43.175022
2011-05-22 05:00:00,50.2057
2011-05-22 06:00:00,74.23503
2011-05-22 07:00:00,98.26434
2011-05-22 08:00:00,168.37721
2011-05-22 09:00:00,187.31615
2011-05-22 10:00:00,203.1335
2011-05-22 11:00:00,257.85873
2011-05-22 12:00:00,278.6027
2011-05-22 13:00:00,254.24986
2011-05-22 14:00:00,205.04527
2011-05-22 15:00:00,228.90834
2011-05-22 16:00:00,226.7936
2011-05-22 17:00:00,249.68964
2011-05-22 18:00:00,227.07112
2011-05-22 19:00:00,225.0594
2011-05-22 20:00:00,205.14516
2011-05-22 21:00:00,177.02783
2011-05-22 22:00:00,132.69945
2011-05-22 23:00:00,132.8296
2011-05-23 00:00:00,113.571144
2011-05-23 01:00:00,105.7124
2011-05-23 02:00:00,121.4366
2011-05-23 03:00:00,97.434425
2011-05-23 04:00:00,80.53337
2011-05-23 05:00:00,80.53337
2011-05-23 06:00:00,62.254787
2011-05-23 07:00:00,93.28767
2011-05-23 08:00:00,119.111404
2011-05-23 09:00:00,121.12305
2011-05-23 10:00:00,194.2109
2011-05-23 11:00:00,221.2221
2011-05-23 12:00:00,221.2221
2011-05-23 13:00:00,279.78955
2011-05-23 14:00:00,273.0078
2011-05-23 15:00:00,267.98877
2011-05-23 16:00:00,257.94397
2011-05-23 17:00:00,245.45454
2011-05-23 18:00:00,208.80692
2011-05-23 19:00:00,204.79033
2011-05-23 20:00:00,147.8296
2011-05-23 21:00:00,129.55104
2011-05-23 22:00:00,104.47124
2011-05-23 23:00:00,130.68886
2011-05-24 00:00:00,98.465775
2011-05-24 01:00:00,96.46086
2011-05-24 02:00:00,98.465775
2011-05-24 03:00:00,99.03844
2011-05-24 04:00:00,113.08991
2011-05-24 05:00:00,109.07651
2011-05-24 06:00:00,105.05991
2011-05-24 07:00:00,176.85458
2011-05-24 08:00:00,157.91048
2011-05-24 09:00:00,190.35689
2011-05-24 10:00:00,247.30054
2011-05-24 11:00:00,278.11157
2011-05-24 12:00:00,313.1611
2011-05-24 13:00:00,306.8231
2011-05-24 14:00:00,308.83478
2011-05-24 15:00:00,294.78262
2011-05-24 16:00:00,202.41237
2011-05-24 17:00:00,232.23674
2011-05-24 18:00:00,210.84038
2011-05-24 19:00:00,187.18025
2011-05-24 20:00:00,180.15631
2011-05-24 21:00:00,158.12299
2011-05-24 22:00:00,138.55435
2011-05-24 23:00:00,196.88306
2011-05-25 00:00:00,152.15971
2011-05-25 01:00:00,144.4244
2011-05-25 02:00:00,86.25699
2011-05-25 03:00:00,65.43657
2011-05-25 04:00:00,63.43164
2011-05-25 05:00:00,104.70992
2011-05-25 06:00:00,86.431366
2011-05-25 07:00:00,174.73576
2011-05-25 08:00:00,198.70045
2011-05-25 09:00:00,213.32495
2011-05-25 10:00:00,231.23427
2011-05-25 11:00:00,269.07608
2011-05-25 12:00:00,263.99457
2011-05-25 13:00:00,263.99457
2011-05-25 14:00:00,266.00623
2011-05-25 15:00:00,286.9177
2011-05-25 16:00:00,282.12808
2011-05-25 17:00:00,278.11157
2011-05-25 18:00:00,255.15987
2011-05-25 19:00:00,234.24162
2011-05-25 20:00:00,236.25331
2011-05-25 21:00:00,198.39584
2011-05-25 22:00:00,206.42899
2011-05-25 23:00:00,180.48651
2011-05-26 00:00:00,180.48654
2011-05-26 01:00:00,180.48654
2011-05-26 02:00:00,138.1697
2011-05-26 03:00:00,112.087425
2011-05-26 04:00:00,106.05922
2011-05-26 05:00:00,117.941284
2011-05-26 06:00:00,69.03923
2011-05-26 07:00:00,112.33001
2011-05-26 08:00:00,159.51448
2011-05-26 09:00:00,218.68314
2011-05-26 10:00:00,208.80692
2011-05-26 11:00:00,240.63615
2011-05-26 12:00:00,284.5631
2011-05-26 13:00:00,314.3484
2011-05-26 14:00:00,314.3484
2011-05-26 15:00:00,334.3839
2011-05-26 16:00:00,324.51285
2011-05-26 17:00:00,318.68243
2011-05-26 18:00:00,321.6966
2011-05-26 19:00:00,311.84875
2011-05-26 20:00:00,251.14336
2011-05-26 21:00:00,238.03548
2011-05-26 22:00:00,222.05592
2011-05-26 23:00:00,226.07246
2011-05-27 00:00:00,212.1797
2011-05-27 01:00:00,254.42819
2011-05-27 02:00:00,234.54623
2011-05-27 03:00:00,207.57414
2011-05-27 04:00:00,192.67224
2011-05-27 05:00:00,214.90268
2011-05-27 06:00:00,189.66486
2011-05-27 07:00:00,182.49815
2011-05-27 08:00:00,193.20845
2011-05-27 09:00:00,232.1007
2011-05-27 10:00:00,278.3929
2011-05-27 11:00:00,282.9073
2011-05-27 12:00:00,286.64636
2011-05-27 13:00:00,258.8719
2011-05-27 14:00:00,277.7786
2011-05-27 15:00:00,303.79233
2011-05-27 16:00:00,292.6746
2011-05-27 17:00:00,271.93076
2011-05-27 18:00:00,257.94397
2011-05-27 19:00:00,173.52074
2011-05-27 20:00:00,186.61775
2011-05-27 21:00:00,132.41891
2011-05-27 22:00:00,153.78003
2011-05-27 23:00:00,113.46811
2011-05-28 00:00:00,111.743675
2011-05-28 01:00:00,115.76022
2011-05-28 02:00:00,91.73091
2011-05-28 03:00:00,112.021095
2011-05-28 04:00:00,114.02603
2011-05-28 05:00:00,112.021095
2011-05-28 06:00:00,135.00894
2011-05-28 07:00:00,140.73256
2011-05-28 08:00:00,161.79579
2011-05-28 09:00:00,186.79523
2011-05-28 10:00:00,226.35976
2011-05-28 11:00:00,226.35976
2011-05-28 12:00:00,255.4404
2011-05-28 13:00:00,245.34666
2011-05-28 14:00:00,259.15915
2011-05-28 15:00:00,268.2984
2011-05-28 16:00:00,278.06573
2011-05-28 17:00:00,273.3174
2011-05-28 18:00:00,247.35161
2011-05-28 19:00:00,224.34813
2011-05-28 20:00:00,226.35976
2011-05-28 21:00:00,192.48656
2011-05-28 22:00:00,171.18495
2011-05-28 23:00:00,144.0935
2011-05-29 00:00:00,146.10518
2011-05-29 01:00:00,121.10571
2011-05-29 02:00:00,117.089134
2011-05-29 03:00:00,117.089134
2011-05-29 04:00:00,110.36303
2011-05-29 05:00:00,88.88261
2011-05-29 06:00:00,128.96443
2011-05-29 07:00:00,132.98099
2011-05-29 08:00:00,130.9761
2011-05-29 09:00:00,110.605576
2011-05-29 10:00:00,161.80666
2011-05-29 11:00:00,165.8232
2011-05-29 12:00:00,208.91977
2011-05-29 13:00:00,224.99179
2011-05-29 14:00:00,230.74261
2011-05-29 15:00:00,231.74506
2011-05-29 16:00:00,230.74261
2011-05-29 17:00:00,230.74261
2011-05-29 18:00:00,216.93019
2011-05-29 19:00:00,214.91852
2011-05-29 20:00:00,185.82216
2011-05-29 21:00:00,161.78392
2011-05-29 22:00:00,127.52203
2011-05-29 23:00:00,129.53368
2011-05-30 00:00:00,98.13427
2011-05-30 01:00:00,94.11771
2011-05-30 02:00:00,98.13427
2011-05-30 03:00:00,98.13427
2011-05-30 04:00:00,90.40573
2011-05-30 05:00:00,92.24298
2011-05-30 06:00:00,96.96415
2011-05-30 07:00:00,90.935936
2011-05-30 08:00:00,123.04637
2011-05-30 09:00:00,195.5535
2011-05-30 10:00:00,287.42487
2011-05-30 11:00:00,285.21902
2011-05-30 12:00:00,318.95618
2011-05-30 13:00:00,322.9962
2011-05-30 14:00:00,337.92383
2011-05-30 15:00:00,354.99255
2011-05-30 16:00:00,359.00003
2011-05-30 17:00:00,341.17108
2011-05-30 18:00:00,337.15454
2011-05-30 19:00:00,211.89989
2011-05-30 20:00:00,245.61845
2011-05-30 21:00:00,212.37328
2011-05-30 22:00:00,200.57248
2011-05-30 23:00:00,156.24403
2011-05-31 00:00:00,180.52261
2011-05-31 01:00:00,140.21074
2011-05-31 02:00:00,119.86815
2011-05-31 03:00:00,100.9849
2011-05-31 04:00:00,148.64162
2011-05-31 05:00:00,148.64162
2011-05-31 06:00:00,170.67499
2011-05-31 07:00:00,232.60303
2011-05-31 08:00:00,271.5042
2011-05-31 09:00:00,289.44073
2011-05-31 10:00:00,296.2419
2011-05-31 11:00:00,321.97464
2011-05-31 12:00:00,331.0102
2011-05-31 13:00:00,368.8676
2011-05-31 14:00:00,359.8163
2011-05-31 15:00:00,370.86353
2011-05-31 16:00:00,366.85593
2011-05-31 17:00:00,317.13306
2011-05-31 18:00:00,315.12143
2011-05-31 19:00:00,260.36005
2011-05-31 20:00:00,260.36005
2011-05-31 21:00:00,242.45065
2011-05-31 22:00:00,224.43394
2011-05-31 23:00:00,190.37029
2011-06-20 00:00:00,153.66069
2011-06-20 01:00:00,120.51544
2011-06-20 02:00:00,120.51544
2011-06-20 03:00:00,126.19489
2011-06-20 04:00:00,134.53778
2011-06-20 05:00:00,151.88228
2011-06-20 06:00:00,165.48766
2011-06-20 07:00:00,123.44155
2011-06-20 08:00:00,138.67366
2011-06-20 09:00:00,167.66695
2011-06-20 10:00:00,167.66695
2011-06-20 11:00:00,157.62892
2011-06-20 12:00:00,194.89438
2011-06-20 13:00:00,202.85298
2011-06-20 14:00:00,220.76237
2011-06-20 15:00:00,222.76726
2011-06-20 16:00:00,245.39256
2011-06-20 17:00:00,246.53105
2011-06-20 18:00:00,242.27481
2011-06-20 19:00:00,216.60973
2011-06-20 20:00:00,204.42406
2011-06-20 21:00:00,182.49817
2011-06-20 22:00:00,192.36856
2011-06-20 23:00:00,167.53677
2011-06-21 00:00:00,184.18309
2011-06-21 01:00:00,195.8907
2011-06-21 02:00:00,176.56168
2011-06-21 03:00:00,176.56168
2011-06-21 04:00:00,141.61153
2011-06-21 05:00:00,143.61647
2011-06-21 06:00:00,143.61647
2011-06-21 07:00:00,108.08139
2011-06-21 08:00:00,147.3352
2011-06-21 09:00:00,157.37321
2011-06-21 10:00:00,174.3395
2011-06-21 11:00:00,176.32846
2011-06-21 12:00:00,223.44157
2011-06-21 13:00:00,259.28738
2011-06-21 14:00:00,281.21326
2011-06-21 15:00:00,302.20508
2011-06-21 16:00:00,310.04797
2011-06-21 17:00:00,282.99927
2011-06-21 18:00:00,268.8247
2011-06-21 19:00:00,248.88324
2011-06-21 20:00:00,262.82584
2011-06-21 21:00:00,235.29417
2011-06-21 22:00:00,204.19292
2011-06-21 23:00:00,219.42503
2011-06-22 00:00:00,193.56546
2011-06-22 01:00:00,189.54892
2011-06-22 02:00:00,180.5133
2011-06-22 03:00:00,189.54892
2011-06-22 04:00:00,155.43356
2011-06-22 05:00:00,137.155
2011-06-22 06:00:00,165.28119
2011-06-22 07:00:00,197.16225
2011-06-22 08:00:00,229.27274
2011-06-22 09:00:00,218.05708
2011-06-22 10:00:00,253.12318
2011-06-22 11:00:00,247.10176
2011-06-22 12:00:00,315.90173
2011-06-22 13:00:00,332.79666
2011-06-22 14:00:00,342.8701
2011-06-22 15:00:00,334.80844
2011-06-22 16:00:00,332.78015
2011-06-22 17:00:00,335.03775
2011-06-22 18:00:00,317.90668
2011-06-22 19:00:00,331.01077
2011-06-22 20:00:00,237.00124
2011-06-22 21:00:00,223.7808
2011-06-22 22:00:00,225.9158
2011-06-22 23:00:00,227.9275
2011-06-23 00:00:00,222.07365
2011-06-23 01:00:00,237.3058
2011-06-23 02:00:00,237.3058
2011-06-23 03:00:00,239.14302
2011-06-23 04:00:00,212.05165
2011-06-23 05:00:00,233.28929
2011-06-23 06:00:00,233.28925
2011-06-23 07:00:00,237.13141
2011-06-23 08:00:00,254.96046
2011-06-23 09:00:00,250.9439
2011-06-23 10:00:00,272.9773
2011-06-23 11:00:00,286.8643
2011-06-23 12:00:00,283.02203
2011-06-23 13:00:00,291.0838
2011-06-23 14:00:00,284.0245
2011-06-23 15:00:00,322.47003
2011-06-23 16:00:00,282.23856
2011-06-23 17:00:00,260.25696
2011-06-23 18:00:00,258.41968
2011-06-23 19:00:00,254.4031
2011-06-23 20:00:00,227.45818
2011-06-23 21:00:00,225.44649
2011-06-23 22:00:00,233.312
2011-06-23 23:00:00,231.47475
2011-06-24 00:00:00,200.36671
2011-06-24 01:00:00,187.37573
2011-06-24 02:00:00,187.37573
2011-06-24 03:00:00,176.32846
2011-06-24 04:00:00,171.30943
2011-06-24 05:00:00,143.18323
2011-06-24 06:00:00,174.31677
2011-06-24 07:00:00,186.19884
2011-06-24 08:00:00,227.45818
2011-06-24 09:00:00,265.33743
2011-06-24 10:00:00,350.4894
2011-06-24 11:00:00,364.61166
2011-06-24 12:00:00,352.4584
2011-06-24 13:00:00,363.67386
2011-06-24 14:00:00,340.64185
2011-06-24 15:00:00,386.56473
2011-06-24 16:00:00,381.76834
2011-06-24 17:00:00,347.06107
2011-06-24 18:00:00,350.0751
2011-06-24 19:00:00,330.1662
2011-06-24 20:00:00,309.29065
2011-06-24 21:00:00,296.5131
2011-06-24 22:00:00,287.47736
2011-06-24 23:00:00,281.65002
2011-06-25 00:00:00,294.12302
2011-06-25 01:00:00,279.23294
2011-06-25 02:00:00,287.0917
2011-06-25 03:00:00,258.28616
2011-06-25 04:00:00,258.28616
2011-06-25 05:00:00,236.36026
2011-06-25 06:00:00,260.29782
2011-06-25 07:00:00,264.31436
2011-06-25 08:00:00,302.8217
2011-06-25 09:00:00,313.5878
2011-06-25 10:00:00,309.57114
2011-06-25 11:00:00,311.40903
2011-06-25 12:00:00,332.45822
2011-06-25 13:00:00,332.45822
2011-06-25 14:00:00,322.3526
2011-06-25 15:00:00,302.26974
2011-06-25 16:00:00,334.16913
2011-06-25 17:00:00,326.47293
2011-06-25 18:00:00,313.5878
2011-06-25 19:00:00,310.58395
2011-06-25 20:00:00,298.8051
2011-06-25 21:00:00,281.93732
2011-06-25 22:00:00,296.12793
2011-06-25 23:00:00,294.12234
2011-06-26 00:00:00,257.41968
2011-06-26 01:00:00,264.45038
2011-06-26 02:00:00,250.6379
2011-06-26 03:00:00,223.5893
2011-06-26 04:00:00,222.58687
2011-06-26 05:00:00,216.5587
2011-06-26 06:00:00,216.5587
2011-06-26 07:00:00,227.32468
2011-06-26 08:00:00,246.10039
2011-06-26 09:00:00,262.02823
2011-06-26 10:00:00,298.53442
2011-06-26 11:00:00,305.55463
2011-06-26 12:00:00,324.42505
2011-06-26 13:00:00,313.3778
2011-06-26 14:00:00,322.41354
2011-06-26 15:00:00,313.3778
2011-06-26 16:00:00,324.4612
2011-06-26 17:00:00,322.55923
2011-06-26 18:00:00,319.44156
2011-06-26 19:00:00,306.3932
2011-06-26 20:00:00,298.63748
2011-06-26 21:00:00,280.35895
2011-06-26 22:00:00,276.6137
2011-06-26 23:00:00,273.5027
2011-06-27 00:00:00,224.90674
2011-06-27 01:00:00,188.02525
2011-06-27 02:00:00,193.87903
2011-06-27 03:00:00,193.87903
2011-06-27 04:00:00,164.9571
2011-06-27 05:00:00,170.70787
2011-06-27 06:00:00,190.03691
2011-06-27 07:00:00,215.03638
2011-06-27 08:00:00,209.84807
2011-06-27 09:00:00,280.8034
2011-06-27 10:00:00,289.83902
2011-06-27 11:00:00,262.867
2011-06-27 12:00:00,280.8034
2011-06-27 13:00:00,283.68146
2011-06-27 14:00:00,274.64594
2011-06-27 15:00:00,283.4807
2011-06-27 16:00:00,284.6575
2011-06-27 17:00:00,286.66245
2011-06-27 18:00:00,285.71558
2011-06-27 19:00:00,267.7272
2011-06-27 20:00:00,242.71881
2011-06-27 21:00:00,235.68811
2011-06-27 22:00:00,217.77885
2011-06-27 23:00:00,217.77885
2011-06-28 00:00:00,195.40274
2011-06-28 01:00:00,196.79594
2011-06-28 02:00:00,202.64967
2011-06-28 03:00:00,202.64967
2011-06-28 04:00:00,196.79594
2011-06-28 05:00:00,180.5133
2011-06-28 06:00:00,176.32846
2011-06-28 07:00:00,188.18105
2011-06-28 08:00:00,208.20949
2011-06-28 09:00:00,236.05444
2011-06-28 10:00:00,328.27466
2011-06-28 11:00:00,332.11746
2011-06-28 12:00:00,349.8586
2011-06-28 13:00:00,339.83713
2011-06-28 14:00:00,364.74854
2011-06-28 15:00:00,358.824
2011-06-28 16:00:00,363.72278
2011-06-28 17:00:00,340.66232
2011-06-28 18:00:00,334.8634
2011-06-28 19:00:00,305.47144
2011-06-28 20:00:00,256.3019
2011-06-28 21:00:00,267.32053
2011-06-28 22:00:00,240.53891
2011-06-28 23:00:00,239.53642
2011-06-29 00:00:00,212.24876
2011-06-29 01:00:00,207.39738
2011-06-29 02:00:00,180.345
2011-06-29 03:00:00,178.1657
2011-06-29 04:00:00,172.31189
2011-06-29 05:00:00,168.48573
2011-06-29 06:00:00,232.11092
2011-06-29 07:00:00,284.26266
2011-06-29 08:00:00,306.55786
2011-06-29 09:00:00,324.35443
2011-06-29 10:00:00,332.21384
2011-06-29 11:00:00,351.14893
2011-06-29 12:00:00,353.1539
2011-06-29 13:00:00,381.83975
2011-06-29 14:00:00,372.7974
2011-06-29 15:00:00,379.56253
2011-06-29 16:00:00,396.63135
2011-06-29 17:00:00,408.81705
2011-06-29 18:00:00,385.92096
2011-06-29 19:00:00,362.19626
2011-06-29 20:00:00,344.3245
2011-06-29 21:00:00,331.58575
2011-06-29 22:00:00,314.7112
2011-06-29 23:00:00,297.85236
2011-06-30 00:00:00,280.95737
2011-06-30 01:00:00,268.17972
2011-06-30 02:00:00,254.36726
2011-06-30 03:00:00,241.51595
2011-06-30 04:00:00,209.25008
2011-06-30 05:00:00,217.28316
2011-06-30 06:00:00,235.35176
2011-06-30 07:00:00,244.11284
2011-06-30 08:00:00,299.86404
2011-06-30 09:00:00,316.7229
2011-06-30 10:00:00,320.43478
2011-06-30 11:00:00,333.2772
2011-06-30 12:00:00,347.13242
2011-06-30 13:00:00,355.2303
2011-06-30 14:00:00,367.04663
2011-06-30 15:00:00,385.24493
2011-06-30 16:00:00,384.01303
2011-06-30 17:00:00,390.27963
2011-06-30 18:00:00,371.4325
2011-06-30 19:00:00,349.4794
2011-06-30 20:00:00,349.4794
2011-06-30 21:00:00,329.64554
2011-06-30 22:00:00,312.7063
2011-06-30 23:00:00,269.91013
2011-07-20 00:00:00,188.96078
2011-07-20 01:00:00,181.93005
2011-07-20 02:00:00,181.93005
2011-07-20 03:00:00,188.96078
2011-07-20 04:00:00,175.12888
2011-07-20 05:00:00,182.15948
2011-07-20 06:00:00,169.73482
2011-07-20 07:00:00,194.8146
2011-07-20 08:00:00,227.96565
2011-07-20 09:00:00,242.08263
2011-07-20 10:00:00,245.90211
2011-07-20 11:00:00,292.95068
2011-07-20 12:00:00,304.83176
2011-07-20 13:00:00,332.77405
2011-07-20 14:00:00,349.64862
2011-07-20 15:00:00,350.67432
2011-07-20 16:00:00,319.72183
2011-07-20 17:00:00,327.73157
2011-07-20 18:00:00,329.74326
2011-07-20 19:00:00,303.85257
2011-07-20 20:00:00,277.7469
2011-07-20 21:00:00,292.92728
2011-07-20 22:00:00,274.91043
2011-07-20 23:00:00,251.83566
2011-07-21 00:00:00,253.67296
2011-07-21 01:00:00,222.54308
2011-07-21 02:00:00,222.54308
2011-07-21 03:00:00,227.62292
2011-07-21 04:00:00,208.75919
2011-07-21 05:00:00,208.75919
2011-07-21 06:00:00,208.75919
2011-07-21 07:00:00,216.51488
2011-07-21 08:00:00,243.60631
2011-07-21 09:00:00,281.50873
2011-07-21 10:00:00,305.63406
2011-07-21 11:00:00,346.49896
2011-07-21 12:00:00,365.6085
2011-07-21 13:00:00,363.5969
2011-07-21 14:00:00,387.5187
2011-07-21 15:00:00,379.5697
2011-07-21 16:00:00,398.44028
2011-07-21 17:00:00,404.48502
2011-07-21 18:00:00,382.49963
2011-07-21 19:00:00,335.67783
2011-07-21 20:00:00,309.6279
2011-07-21 21:00:00,295.8155
2011-07-21 22:00:00,295.76373
2011-07-21 23:00:00,281.81918
2011-07-22 00:00:00,309.9025
2011-07-22 01:00:00,286.9224
2011-07-22 02:00:00,249.68529
2011-07-22 03:00:00,255.7693
2011-07-22 04:00:00,241.79755
2011-07-22 05:00:00,219.76422
2011-07-22 06:00:00,240.79512
2011-07-22 07:00:00,294.76465
2011-07-22 08:00:00,323.51892
2011-07-22 09:00:00,326.59048
2011-07-22 10:00:00,368.52914
2011-07-22 11:00:00,370.4501
2011-07-22 12:00:00,400.25473
2011-07-22 13:00:00,399.3363
2011-07-22 14:00:00,423.26196
2011-07-22 15:00:00,408.37186
2011-07-22 16:00:00,412.27866
2011-07-22 17:00:00,365.64474
2011-07-22 18:00:00,393.53128
2011-07-22 19:00:00,371.70856
2011-07-22 20:00:00,319.72183
2011-07-22 21:00:00,310.85995
2011-07-22 22:00:00,344.7079
2011-07-22 23:00:00,299.97458
2011-07-23 00:00:00,308.14957
2011-07-23 01:00:00,323.2421
2011-07-23 02:00:00,316.21124
2011-07-23 03:00:00,272.2393
2011-07-23 04:00:00,263.39407
2011-07-23 05:00:00,273.4606
2011-07-23 06:00:00,315.39935
2011-07-23 07:00:00,313.3944
2011-07-23 08:00:00,348.17026
2011-07-23 09:00:00,342.14865
2011-07-23 10:00:00,372.16348
2011-07-23 11:00:00,393.81192
2011-07-23 12:00:00,401.73492
2011-07-23 13:00:00,408.45584
2011-07-23 14:00:00,387.69308
2011-07-23 15:00:00,397.40848
2011-07-23 16:00:00,406.44418
2011-07-23 17:00:00,406.44418
2011-07-23 18:00:00,404.75284
2011-07-23 19:00:00,317.99686
2011-07-23 20:00:00,318.17114
2011-07-23 21:00:00,318.17114
2011-07-23 22:00:00,306.31177
2011-07-23 23:00:00,300.29034
2011-07-24 00:00:00,300.29034
2011-07-24 01:00:00,273.2418
2011-07-24 02:00:00,291.2263
2011-07-24 03:00:00,291.2263
2011-07-24 04:00:00,273.2418
2011-07-24 05:00:00,272.2393
2011-07-24 06:00:00,297.08005
2011-07-24 07:00:00,302.29526
2011-07-24 08:00:00,327.23004
2011-07-24 09:00:00,334.2608
2011-07-24 10:00:00,359.99722
2011-07-24 11:00:00,340.08136
2011-07-24 12:00:00,379.7534
2011-07-24 13:00:00,357.98178
2011-07-24 14:00:00,356.983
2011-07-24 15:00:00,390.81717
2011-07-24 16:00:00,390.81717
2011-07-24 17:00:00,385.79453
2011-07-24 18:00:00,374.94815
2011-07-24 19:00:00,353.96518
2011-07-24 20:00:00,342.14865
2011-07-24 21:00:00,294.23355
2011-07-24 22:00:00,266.2111
2011-07-24 23:00:00,256.0597
2011-07-25 00:00:00,251.756
2011-07-25 01:00:00,246.64897
2011-07-25 02:00:00,224.61557
2011-07-25 03:00:00,212.73354
2011-07-25 04:00:00,201.90288
2011-07-25 05:00:00,201.90288
2011-07-25 06:00:00,207.75676
2011-07-25 07:00:00,218.5873
2011-07-25 08:00:00,240.62065
2011-07-25 09:00:00,281.88007
2011-07-25 10:00:00,304.83176
2011-07-25 11:00:00,333.58536
2011-07-25 12:00:00,333.58536
2011-07-25 13:00:00,242.85504
2011-07-25 14:00:00,225.91585
2011-07-25 15:00:00,208.04114
2011-07-25 16:00:00,196.99385
2011-07-25 17:00:00,222.24199
2011-07-25 18:00:00,233.99388
2011-07-25 19:00:00,242.08263
2011-07-25 20:00:00,231.2776
2011-07-25 21:00:00,181.93005
2011-07-25 22:00:00,181.93005
2011-07-25 23:00:00,187.95828
2011-07-26 00:00:00,204.19289
2011-07-26 01:00:00,204.19289
2011-07-26 02:00:00,163.88098
2011-07-26 03:00:00,165.88588
2011-07-26 04:00:00,170.94397
2011-07-26 05:00:00,148.90688
2011-07-26 06:00:00,190.19269
2011-07-26 07:00:00,261.5698
2011-07-26 08:00:00,290.67902
2011-07-26 09:00:00,340.01367
2011-07-26 10:00:00,374.80902
2011-07-26 11:00:00,368.5155
2011-07-26 12:00:00,380.35895
2011-07-26 13:00:00,388.25607
2011-07-26 14:00:00,399.07013
2011-07-26 15:00:00,413.9279
2011-07-26 16:00:00,384.91568
2011-07-26 17:00:00,389.93466
2011-07-26 18:00:00,377.0562
2011-07-26 19:00:00,357.2155
2011-07-26 20:00:00,339.33862
2011-07-26 21:00:00,322.44354
2011-07-26 22:00:00,292.41315
2011-07-26 23:00:00,285.36588
2011-07-27 00:00:00,315.14148
2011-07-27 01:00:00,320.4319
2011-07-27 02:00:00,312.5996
2011-07-27 03:00:00,273.8111
2011-07-27 04:00:00,297.14096
2011-07-27 05:00:00,288.2792
2011-07-27 06:00:00,284.26266
2011-07-27 07:00:00,310.29688
2011-07-27 08:00:00,330.2022
2011-07-27 09:00:00,353.1539
2011-07-27 10:00:00,347.90167
2011-07-27 11:00:00,359.74518
2011-07-27 12:00:00,387.59573
2011-07-27 13:00:00,398.3655
2011-07-27 14:00:00,395.42282
2011-07-27 15:00:00,409.24423
2011-07-27 16:00:00,402.17215
2011-07-27 17:00:00,397.39163
2011-07-27 18:00:00,381.63885
2011-07-27 19:00:00,371.86633
2011-07-27 20:00:00,324.7816
2011-07-27 21:00:00,301.88553
2011-07-27 22:00:00,293.2281
2011-07-27 23:00:00,310.02228
2011-07-28 00:00:00,287.3737
2011-07-28 01:00:00,284.08893
2011-07-28 02:00:00,281.9802
2011-07-28 03:00:00,274.94955
2011-07-28 04:00:00,254.9046
2011-07-28 05:00:00,242.71881
2011-07-28 06:00:00,226.48424
2011-07-28 07:00:00,241.35094
2011-07-28 08:00:00,259.28738
2011-07-28 09:00:00,298.18857
2011-07-28 10:00:00,322.15326
2011-07-28 11:00:00,338.80222
2011-07-28 12:00:00,341.8059
2011-07-28 13:00:00,361.71112
2011-07-28 14:00:00,355.74838
2011-07-28 15:00:00,352.6793
2011-07-28 16:00:00,355.6895
2011-07-28 17:00:00,337.78912
2011-07-28 18:00:00,334.78564
2011-07-28 19:00:00,317.88382
2011-07-28 20:00:00,299.97458
2011-07-28 21:00:00,287.01584
2011-07-28 22:00:00,262.9709
2011-07-28 23:00:00,247.81908
2011-07-29 00:00:00,223.7808
2011-07-29 01:00:00,221.76906
2011-07-29 02:00:00,212.73354
2011-07-29 03:00:00,212.73354
2011-07-29 04:00:00,204.91023
2011-07-29 05:00:00,195.87468
2011-07-29 06:00:00,201.72841
2011-07-29 07:00:00,224.61557
2011-07-29 08:00:00,242.74872
2011-07-29 09:00:00,361.71112
2011-07-29 10:00:00,394.5533
2011-07-29 11:00:00,411.49622
2011-07-29 12:00:00,437.04108
2011-07-29 13:00:00,408.113
2011-07-29 14:00:00,436.071
2011-07-29 15:00:00,438.0759
2011-07-29 16:00:00,447.11826
2011-07-29 17:00:00,441.0899
2011-07-29 18:00:00,418.52325
2011-07-29 19:00:00,390.53665
2011-07-29 20:00:00,380.91843
2011-07-29 21:00:00,343.1646
2011-07-29 22:00:00,332.29117
2011-07-29 23:00:00,305.27118
2011-07-30 00:00:00,294.70535
2011-07-30 01:00:00,287.68127
2011-07-30 02:00:00,288.68375
2011-07-30 03:00:00,265.62466
2011-07-30 04:00:00,251.8122
2011-07-30 05:00:00,247.65967
2011-07-30 06:00:00,248.66211
2011-07-30 07:00:00,269.41556
2011-07-30 08:00:00,298.47583
2011-07-30 09:00:00,350.47586
2011-07-30 10:00:00,361.584
2011-07-30 11:00:00,371.41226
2011-07-30 12:00:00,377.4961
2011-07-30 13:00:00,387.06247
2011-07-30 14:00:00,396.91022
2011-07-30 15:00:00,403.9499
2011-07-30 16:00:00,418.0669
2011-07-30 17:00:00,403.94092
2011-07-30 18:00:00,403.16116
2011-07-30 19:00:00,349.76663
2011-07-30 20:00:00,344.44385
2011-07-30 21:00:00,326.5502
2011-07-30 22:00:00,303.54678
2011-07-30 23:00:00,287.68134
2011-07-31 00:00:00,287.68127
2011-07-31 01:00:00,260.60565
2011-07-31 02:00:00,252.54393
2011-07-31 03:00:00,246.5157
2011-07-31 04:00:00,228.57927
2011-07-31 05:00:00,231.62572
2011-07-31 06:00:00,234.33006
2011-07-31 07:00:00,275.79877
2011-07-31 08:00:00,296.71692
2011-07-31 09:00:00,315.50302
2011-07-31 10:00:00,369.40732
2011-07-31 11:00:00,395.40536
2011-07-31 12:00:00,418.02402
2011-07-31 13:00:00,417.05386
2011-07-31 14:00:00,419.06552
2011-07-31 15:00:00,448.00632
2011-07-31 16:00:00,450.05048
2011-07-31 17:00:00,445.0637
2011-07-31 18:00:00,376.18
2011-07-31 19:00:00,323.4429
2011-07-31 20:00:00,323.4429
2011-07-31 21:00:00,303.4948
2011-07-31 22:00:00,254.41283
2011-07-31 23:00:00,261.5795
2011-08-20 00:00:00,127.00262
2011-08-20 01:00:00,152.08241
2011-08-20 02:00:00,171.41142
2011-08-20 03:00:00,171.41142
2011-08-20 04:00:00,132.85645
2011-08-20 05:00:00,146.33163
2011-08-20 06:00:00,161.22104
2011-08-20 07:00:00,152.08241
2011-08-20 08:00:00,210.3036
2011-08-20 09:00:00,233.96375
2011-08-20 10:00:00,259.98135
2011-08-20 11:00:00,261.03943
2011-08-20 12:00:00,275.79877
2011-08-20 13:00:00,290.6888
2011-08-20 14:00:00,328.55527
2011-08-20 15:00:00,342.73685
2011-08-20 16:00:00,333.5976
2011-08-20 17:00:00,328.55527
2011-08-20 18:00:00,293.67957
2011-08-20 19:00:00,267.62958
2011-08-20 20:00:00,269.6412
2011-08-20 21:00:00,243.6431
2011-08-20 22:00:00,229.57588
2011-08-20 23:00:00,219.70546
2011-08-21 00:00:00,223.72205
2011-08-21 01:00:00,200.65399
2011-08-21 02:00:00,198.64229
2011-08-21 03:00:00,178.62056
2011-08-21 04:00:00,188.46823
2011-08-21 05:00:00,161.23701
2011-08-21 06:00:00,160.23457
2011-08-21 07:00:00,193.48726
2011-08-21 08:00:00,210.50157
2011-08-21 09:00:00,235.58138
2011-08-21 10:00:00,243.31
2011-08-21 11:00:00,304.27844
2011-08-21 12:00:00,322.18774
2011-08-21 13:00:00,321.37564
2011-08-21 14:00:00,233.2565
2011-08-21 15:00:00,199.28606
2011-08-21 16:00:00,216.33269
2011-08-21 17:00:00,214.32109
2011-08-21 18:00:00,222.3542
2011-08-21 19:00:00,245.64801
2011-08-21 20:00:00,212.50655
2011-08-21 21:00:00,212.50655
2011-08-21 22:00:00,214.34383
2011-08-21 23:00:00,221.71716
2011-08-22 00:00:00,198.36182
2011-08-22 01:00:00,193.34276
2011-08-22 02:00:00,248.5727
2011-08-22 03:00:00,256.43137
2011-08-22 04:00:00,243.01662
2011-08-22 05:00:00,248.31313
2011-08-22 06:00:00,256.4823
2011-08-22 07:00:00,258.49396
2011-08-22 08:00:00,258.49396
2011-08-22 09:00:00,280.5439
2011-08-22 10:00:00,306.55786
2011-08-22 11:00:00,353.84866
2011-08-22 12:00:00,356.44553
2011-08-22 13:00:00,376.69656
2011-08-22 14:00:00,371.67767
2011-08-22 15:00:00,365.64932
2011-08-22 16:00:00,371.67767
2011-08-22 17:00:00,376.8003
2011-08-22 18:00:00,370.11548
2011-08-22 19:00:00,357.29666
2011-08-22 20:00:00,331.7051
2011-08-22 21:00:00,317.89264
2011-08-22 22:00:00,324.9233
2011-08-22 23:00:00,311.1432
2011-08-23 00:00:00,299.40695
2011-08-23 01:00:00,258.963
2011-08-23 02:00:00,244.07298
2011-08-23 03:00:00,250.10121
2011-08-23 04:00:00,224.15874
2011-08-23 05:00:00,226.16368
2011-08-23 06:00:00,213.97792
2011-08-23 07:00:00,281.12842
2011-08-23 08:00:00,272.51047
2011-08-23 09:00:00,294.0426
2011-08-23 10:00:00,316.8913
2011-08-23 11:00:00,333.0611
2011-08-23 12:00:00,316.8266
2011-08-23 13:00:00,350.97055
2011-08-23 14:00:00,349.96793
2011-08-23 15:00:00,346.81793
2011-08-23 16:00:00,346.8826
2011-08-23 17:00:00,346.81793
2011-08-23 18:00:00,344.80624
2011-08-23 19:00:00,284.97394
2011-08-23 20:00:00,276.21286
2011-08-23 21:00:00,245.33167
2011-08-23 22:00:00,254.36726
2011-08-23 23:00:00,238.08469
2011-08-24 00:00:00,254.36726
2011-08-24 01:00:00,237.49945
2011-08-24 02:00:00,197.06435
2011-08-24 03:00:00,197.06435
2011-08-24 04:00:00,174.07657
2011-08-24 05:00:00,174.07657
2011-08-24 06:00:00,167.04587
2011-08-24 07:00:00,224.31128
2011-08-24 08:00:00,213.71327
2011-08-24 09:00:00,223.37317
2011-08-24 10:00:00,276.0935
2011-08-24 11:00:00,295.03238
2011-08-24 12:00:00,299.72128
2011-08-24 13:00:00,328.69458
2011-08-24 14:00:00,328.69458
2011-08-24 15:00:00,330.7061
2011-08-24 16:00:00,320.63284
2011-08-24 17:00:00,316.61624
2011-08-24 18:00:00,297.70966
2011-08-24 19:00:00,297.70966
2011-08-24 20:00:00,282.84668
2011-08-24 21:00:00,271.97324
2011-08-24 22:00:00,259.78757
2011-08-24 23:00:00,237.86168
2011-08-25 00:00:00,222.62947
2011-08-25 01:00:00,243.88991
2011-08-25 02:00:00,243.88991
2011-08-25 03:00:00,218.89037
2011-08-25 04:00:00,206.62436
2011-08-25 05:00:00,193.39717
2011-08-25 06:00:00,187.37573
2011-08-25 07:00:00,215.2629
2011-08-25 08:00:00,238.33098
2011-08-25 09:00:00,256.24033
2011-08-25 10:00:00,274.17685
2011-08-25 11:00:00,208.86983
2011-08-25 12:00:00,208.86983
2011-08-25 13:00:00,204.19289
2011-08-25 14:00:00,228.09581
2011-08-25 15:00:00,241.90825
2011-08-25 16:00:00,195.87468
2011-08-25 17:00:00,195.87468
2011-08-25 18:00:00,210.76402
2011-08-25 19:00:00,208.4617
2011-08-25 20:00:00,198.86198
2011-08-25 21:00:00,193.84291
2011-08-25 22:00:00,153.80682
2011-08-25 23:00:00,159.835
2011-08-26 00:00:00,162.84242
2011-08-26 01:00:00,153.80682
2011-08-26 02:00:00,143.48628
2011-08-26 03:00:00,135.75774
2011-08-26 04:00:00,134.45065
2011-08-26 05:00:00,140.30449
2011-08-26 06:00:00,134.45065
2011-08-26 07:00:00,155.43356
2011-08-26 08:00:00,172.31189
2011-08-26 09:00:00,212.39433
2011-08-26 10:00:00,254.26837
2011-08-26 11:00:00,272.00336
2011-08-26 12:00:00,270.97235
2011-08-26 13:00:00,298.02097
2011-08-26 14:00:00,294.98404
2011-08-26 15:00:00,313.89
2011-08-26 16:00:00,283.0277
2011-08-26 17:00:00,245.03432
2011-08-26 18:00:00,242.85504
2011-08-26 19:00:00,214.04056
2011-08-26 20:00:00,213.03809
2011-08-26 21:00:00,218.05708
2011-08-26 22:00:00,214.04053
2011-08-26 23:00:00,187.9583
2011-08-27 00:00:00,187.23637
2011-08-27 01:00:00,191.25293
2011-08-27 02:00:00,193.25786
2011-08-27 03:00:00,201.12329
2011-08-27 04:00:00,201.12329
2011-08-27 05:00:00,206.14226
2011-08-27 06:00:00,206.14226
2011-08-27 07:00:00,210.15887
2011-08-27 08:00:00,203.12822
2011-08-27 09:00:00,214.1754
2011-08-27 10:00:00,232.4217
2011-08-27 11:00:00,180.97783
2011-08-27 12:00:00,208.39943
2011-08-27 13:00:00,201.37544
2011-08-27 14:00:00,184.28976
2011-08-27 15:00:00,184.28976
2011-08-27 16:00:00,182.28488
2011-08-27 17:00:00,203.37018
2011-08-28 07:00:00,187.88942
2011-08-28 08:00:00,191.906
2011-08-28 09:00:00,223.18748
2011-08-28 10:00:00,287.31754
2011-08-28 11:00:00,281.39972
2011-08-28 12:00:00,310.10214
2011-08-28 13:00:00,332.0928
2011-08-28 14:00:00,347.95303
2011-08-28 15:00:00,343.93628
2011-08-28 16:00:00,372.9966
2011-08-28 17:00:00,343.3084
2011-08-28 18:00:00,326.47293
2011-08-28 19:00:00,298.5344
2011-08-28 20:00:00,303.54965
2011-08-28 21:00:00,243.71054
2011-08-28 22:00:00,211.61066
2011-08-28 23:00:00,193.67422
2011-08-29 00:00:00,195.39865
2011-08-29 01:00:00,205.95757
2011-08-29 02:00:00,211.97906
2011-08-29 03:00:00,205.95757
2011-08-29 04:00:00,191.31363
2011-08-29 05:00:00,176.08147
2011-08-29 06:00:00,176.08147
2011-08-29 07:00:00,245.53261
2011-08-29 08:00:00,262.4004
2011-08-29 09:00:00,274.58612
2011-08-29 10:00:00,294.11322
2011-08-29 11:00:00,290.09662
2011-08-29 12:00:00,310.8405
2011-08-29 13:00:00,316.6521
2011-08-29 14:00:00,301.65903
2011-08-29 15:00:00,312.7063
2011-08-29 16:00:00,318.43
2011-08-29 17:00:00,307.34454
2011-08-29 18:00:00,296.11816
2011-08-29 19:00:00,296.11816
2011-08-29 20:00:00,270.19144
2011-08-29 21:00:00,272.19623
2011-08-29 22:00:00,254.36726
2011-08-29 23:00:00,236.49702
2011-08-30 00:00:00,176.08147
2011-08-30 01:00:00,189.30873
2011-08-30 02:00:00,168.35295
2011-08-30 03:00:00,174.37439
2011-08-30 04:00:00,154.43303
2011-08-30 05:00:00,149.41402
2011-08-30 06:00:00,168.35295
2011-08-30 07:00:00,191.31363
2011-08-30 08:00:00,254.36726
2011-08-30 09:00:00,284.97394
2011-08-30 10:00:00,325.86215
2011-08-30 11:00:00,335.667
2011-08-30 12:00:00,322.61493
2011-08-30 13:00:00,337.36508
2011-08-30 14:00:00,347.4746
2011-08-30 15:00:00,345.3982
2011-08-30 16:00:00,335.28888
2011-08-30 17:00:00,320.43478
2011-08-30 18:00:00,303.56708
2011-08-30 19:00:00,275.9384
2011-08-30 20:00:00,269.91013
2011-08-30 21:00:00,224.51834
2011-08-30 22:00:00,229.04906
2011-08-30 23:00:00,229.04906
2011-08-31 00:00:00,198.92686
2011-08-31 01:00:00,198.92686
2011-08-31 02:00:00,167.04588
2011-08-31 03:00:00,151.81375
2011-08-31 04:00:00,167.04588
2011-08-31 05:00:00,136.88626
2011-08-31 06:00:00,149.13655
2011-08-31 07:00:00,167.41222
2011-08-31 08:00:00,204.67766
2011-08-31 09:00:00,212.33264
2011-08-31 10:00:00,299.55035
2011-08-31 11:00:00,316.41824
2011-08-31 12:00:00,319.12262
2011-08-31 13:00:00,331.27225
2011-08-31 14:00:00,324.138
2011-08-31 15:00:00,324.138
2011-08-31 16:00:00,322.1691
2011-08-31 17:00:00,307.27896
2011-08-31 18:00:00,293.40195
2011-08-31 19:00:00,351.86346
2011-08-31 20:00:00,257.62073
2011-08-31 21:00:00,242.42772
2011-08-31 22:00:00,206.30441
2011-08-31 23:00:00,174.44289
2011-09-20 00:00:00,183.94699
2011-09-20 01:00:00,132.52696
2011-09-20 02:00:00,132.52696
2011-09-20 03:00:00,151.77562
2011-09-20 04:00:00,128.67807
2011-09-20 05:00:00,134.53186
2011-09-20 06:00:00,134.53186
2011-09-20 07:00:00,132.52696
2011-09-20 08:00:00,126.1237
2011-09-20 09:00:00,124.11878
2011-09-20 10:00:00,144.10443
2011-09-20 11:00:00,144.10443
2011-09-20 12:00:00,119.97203
2011-09-20 13:00:00,117.96037
2011-09-20 14:00:00,146.00626
2011-09-20 15:00:00,186.02031
2011-09-20 16:00:00,164.9571
2011-09-20 17:00:00,155.08669
2011-09-20 18:00:00,155.08669
2011-09-20 19:00:00,127.100296
2011-09-20 20:00:00,103.07098
2011-09-20 21:00:00,103.07097
2011-09-20 22:00:00,103.07097
2011-09-20 23:00:00,103.07097
2011-09-21 00:00:00,79.06878
2011-09-21 01:00:00,97.34733
2011-09-21 02:00:00,97.34733
2011-09-21 03:00:00,109.22938
2011-09-21 04:00:00,93.9582
2011-09-21 05:00:00,95.96983
2011-09-21 06:00:00,97.97478
2011-09-21 07:00:00,97.97478
2011-09-21 08:00:00,91.95326
2011-09-21 09:00:00,96.674446
2011-09-21 10:00:00,134.58086
2011-09-21 11:00:00,170.70787
2011-09-21 12:00:00,186.6446
2011-09-21 13:00:00,213.697
2011-09-21 14:00:00,215.70192
2011-09-21 15:00:00,209.68045
2011-09-21 16:00:00,209.68045
2011-09-21 17:00:00,219.5508
2011-09-21 18:00:00,178.18845
2011-09-21 19:00:00,123.7829
2011-09-21 20:00:00,123.7829
2011-09-21 21:00:00,91.70703
2011-09-21 22:00:00,117.92904
2011-09-21 23:00:00,109.25824
2011-09-22 00:00:00,109.25824
2011-09-22 01:00:00,114.10962
2011-09-22 02:00:00,115.11209
2011-09-22 03:00:00,114.10962
2011-09-22 04:00:00,114.10962
2011-09-22 05:00:00,115.11209
2011-09-22 06:00:00,94.7144
2011-09-22 07:00:00,92.709496
2011-09-22 08:00:00,96.72603
2011-09-22 09:00:00,130.9812
2011-09-22 10:00:00,158.07263
2011-09-22 11:00:00,156.061
2011-09-22 12:00:00,182.18222
2011-09-22 13:00:00,184.18718
2011-09-22 14:00:00,186.19884
2011-09-22 15:00:00,204.21568
2011-09-22 16:00:00,217.43613
2011-09-22 17:00:00,192.3954
2011-09-22 18:00:00,168.31805
2011-09-22 19:00:00,149.03706
2011-09-22 20:00:00,126.96464
2011-09-22 21:00:00,149.03706
2011-09-22 22:00:00,97.45781
2011-09-22 23:00:00,117.92904
2011-09-23 00:00:00,146.62506
2011-09-23 01:00:00,108.34661
2011-09-23 02:00:00,115.37731
2011-09-23 03:00:00,108.34661
2011-09-23 04:00:00,114.20046
2011-09-23 05:00:00,140.5969
2011-09-23 06:00:00,146.62506
2011-09-23 07:00:00,155.48628
2011-09-23 08:00:00,155.48628
2011-09-23 09:00:00,128.9868
2011-09-23 10:00:00,126.98189
2011-09-23 11:00:00,126.9819
2011-09-23 12:00:00,153.48137
2011-09-23 13:00:00,120.228676
2011-09-23 14:00:00,120.228676
2011-09-23 15:00:00,153.48137
2011-09-23 16:00:00,146.45067
2011-09-23 17:00:00,108.34661
2011-09-23 18:00:00,102.49278
2011-09-23 19:00:00,143.77864
2011-09-23 20:00:00,124.89537
2011-09-23 21:00:00,113.54002
2011-09-23 22:00:00,135.9426
2011-09-23 23:00:00,128.10039
2011-09-24 00:00:00,117.514786
2011-09-24 01:00:00,141.64717
2011-09-24 02:00:00,141.64717
2011-09-24 03:00:00,129.7651
2011-09-24 04:00:00,131.04503
2011-09-24 05:00:00,136.89886
2011-09-24 06:00:00,136.89886
2011-09-24 07:00:00,155.1774
2011-09-24 08:00:00,153.83286
2011-09-24 09:00:00,161.55246
2011-09-24 10:00:00,161.55246
2011-09-24 11:00:00,186.63222
2011-09-24 12:00:00,186.63222
2011-09-24 13:00:00,195.70595
2011-09-24 14:00:00,232.62871
2011-09-24 15:00:00,232.62871
2011-09-24 16:00:00,207.58804
2011-09-24 17:00:00,224.77
2011-09-24 18:00:00,202.73668
2011-09-24 19:00:00,155.39404
2011-09-24 20:00:00,174.7502
2011-09-24 21:00:00,180.7784
2011-09-24 22:00:00,161.2479
2011-09-24 23:00:00,161.55246
2011-09-25 00:00:00,155.52429
2011-09-25 01:00:00,162.55489
2011-09-25 02:00:00,134.87859
2011-09-25 03:00:00,134.87859
2011-09-25 04:00:00,143.91422
2011-09-25 05:00:00,155.69864
2011-09-25 06:00:00,162.55489
2011-09-25 07:00:00,138.06036
2011-09-25 08:00:00,161.2479
2011-09-25 09:00:00,182.23074
2011-09-25 10:00:00,182.23074
2011-09-25 11:00:00,216.34615
2011-09-25 12:00:00,207.31055
2011-09-25 13:00:00,229.34389
2011-09-25 14:00:00,207.31055
2011-09-25 15:00:00,207.31055
2011-09-25 16:00:00,241.39941
2011-09-25 17:00:00,223.49008
2011-09-25 18:00:00,223.49008
2011-09-25 19:00:00,185.41255
2011-09-25 20:00:00,182.40512
2011-09-25 21:00:00,139.0468
2011-09-25 22:00:00,161.42227
2011-09-25 23:00:00,145.9031
2011-09-26 00:00:00,140.5969
2011-09-26 01:00:00,170.00298
2011-09-26 02:00:00,170.00298
2011-09-26 03:00:00,140.59688
2011-09-26 04:00:00,146.62506
2011-09-26 05:00:00,162.97232
2011-09-26 06:00:00,146.62506
2011-09-26 07:00:00,140.5969
2011-09-26 08:00:00,140.5969
2011-09-26 09:00:00,178.7288
2011-09-26 10:00:00,178.7288
2011-09-26 11:00:00,225.04619
2011-09-26 12:00:00,226.8834
2011-09-26 13:00:00,251.9632
2011-09-26 14:00:00,254.17114
2011-09-26 15:00:00,286.37845
2011-09-26 16:00:00,269.4032
2011-09-26 17:00:00,252.15942
2011-09-26 18:00:00,194.97966
2011-09-26 19:00:00,197.02365
2011-09-26 20:00:00,168.8584
2011-09-26 21:00:00,168.8584
2011-09-26 22:00:00,143.77864
2011-09-26 23:00:00,143.77864
2011-09-27 00:00:00,143.77864
2011-09-27 01:00:00,145.79025
2011-09-27 02:00:00,141.7737
2011-09-27 03:00:00,140.5969
2011-09-27 04:00:00,152.47888
2011-09-27 05:00:00,152.47888
2011-09-27 06:00:00,147.62752
2011-09-27 07:00:00,147.62752
2011-09-27 08:00:00,172.70734
2011-09-27 09:00:00,184.58261
2011-09-27 10:00:00,163.22153
2011-09-27 11:00:00,178.43092
2011-09-27 12:00:00,180.43584
2011-09-27 13:00:00,255.97975
2011-09-27 14:00:00,222.86687
2011-09-27 15:00:00,209.67873
2011-09-27 16:00:00,206.855
2011-09-27 17:00:00,184.45241
2011-09-27 18:00:00,180.74046
2011-09-27 19:00:00,174.71216
2011-09-27 20:00:00,195.80367
2011-09-27 21:00:00,170.72385
2011-09-27 22:00:00,157.42303
2011-09-27 23:00:00,157.42303
2011-09-28 00:00:00,151.39482
2011-09-28 01:00:00,151.39482
2011-09-28 02:00:00,168.46355
2011-09-28 03:00:00,136.77742
2011-09-28 04:00:00,151.39482
2011-09-28 05:00:00,130.74919
2011-09-28 06:00:00,147.6503
2011-09-28 07:00:00,147.6503
2011-09-28 08:00:00,161.5145
2011-09-28 09:00:00,161.5145
2011-09-28 10:00:00,140.5969
2011-09-28 11:00:00,200.83348
2011-09-28 12:00:00,215.83623
2011-09-28 13:00:00,252.13087
2011-09-28 14:00:00,294.41162
2011-09-28 15:00:00,252.15942
2011-09-28 16:00:00,256.176
2011-09-28 17:00:00,258.18765
2011-09-28 18:00:00,216.72536
2011-09-28 19:00:00,216.7254
2011-09-28 20:00:00,202.51433
2011-09-28 21:00:00,180.17123
2011-09-28 22:00:00,157.42303
2011-09-28 23:00:00,133.93097
2011-09-29 00:00:00,137.94753
2011-09-29 01:00:00,121.39877
2011-09-29 02:00:00,121.39877
2011-09-29 03:00:00,143.80138
2011-09-29 04:00:00,170.3008
2011-09-29 05:00:00,164.27931
2011-09-29 06:00:00,163.27684
2011-09-29 07:00:00,160.43042
2011-09-29 08:00:00,170.72385
2011-09-29 09:00:00,212.87236
2011-09-29 10:00:00,254.21011
2011-09-29 11:00:00,264.76904
2011-09-29 12:00:00,270.11447
2011-09-29 13:00:00,270.4926
2011-09-29 14:00:00,315.36508
2011-09-29 15:00:00,339.6719
2011-09-29 16:00:00,349.84598
2011-09-29 17:00:00,321.80002
2011-09-29 18:00:00,333.43277
2011-09-29 19:00:00,295.35263
2011-09-29 20:00:00,284.5867
2011-09-29 21:00:00,247.25368
2011-09-29 22:00:00,204.94585
2011-09-29 23:00:00,173.0842
2011-09-30 00:00:00,154.80571
2011-09-30 01:00:00,172.08179
2011-09-30 02:00:00,154.80571
2011-09-30 03:00:00,154.80571
2011-09-30 04:00:00,160.8272
2011-09-30 05:00:00,160.8272
2011-09-30 06:00:00,162.8388
2011-09-30 07:00:00,162.8388
2011-09-30 08:00:00,180.83992
2011-09-30 09:00:00,202.76582
2011-09-30 10:00:00,240.95085
2011-09-30 11:00:00,275.6544
2011-09-30 12:00:00,288.5322
2011-09-30 13:00:00,329.6655
2011-09-30 14:00:00,326.027
2011-09-30 15:00:00,310.0316
2011-09-30 16:00:00,295.24902
2011-09-30 17:00:00,293.23734
2011-09-30 18:00:00,292.6781
2011-09-30 19:00:00,267.0453
2011-09-30 20:00:00,267.0453
2011-09-30 21:00:00,246.12706
2011-09-30 22:00:00,255.16937
2011-09-30 23:00:00,255.16937
2011-10-20 00:00:00,145.82161
2011-10-20 01:00:00,168.11671
2011-10-20 02:00:00,174.14491
2011-10-20 03:00:00,176.20079
2011-10-20 04:00:00,176.20079
2011-10-20 05:00:00,163.44644
2011-10-20 06:00:00,155.98862
2011-10-20 07:00:00,167.4816
2011-10-20 08:00:00,208.7156
2011-10-20 09:00:00,212.73222
2011-10-20 10:00:00,233.79161
2011-10-20 11:00:00,256.7472
2011-10-20 12:00:00,278.07214
2011-10-20 13:00:00,296.9517
2011-10-20 14:00:00,285.93088
2011-10-20 15:00:00,269.76767
2011-10-20 16:00:00,269.76767
2011-10-20 17:00:00,274.8904
2011-10-20 18:00:00,253.97212
2011-10-20 19:00:00,252.13489
2011-10-20 20:00:00,255.98378
2011-10-20 21:00:00,242.3947
2011-10-20 22:00:00,244.40623
2011-10-20 23:00:00,212.3048
2011-10-21 00:00:00,194.39546
2011-10-21 01:00:00,192.39055
2011-10-21 02:00:00,170.4375
2011-10-21 03:00:00,139.2492
2011-10-21 04:00:00,141.26085
2011-10-21 05:00:00,122.282906
2011-10-21 06:00:00,141.26085
2011-10-21 07:00:00,141.26085
2011-10-21 08:00:00,190.37892
2011-10-21 09:00:00,210.12544
2011-10-21 10:00:00,239.08264
2011-10-21 11:00:00,272.85223
2011-10-21 12:00:00,277.8712
2011-10-21 13:00:00,265.02002
2011-10-21 14:00:00,292.76135
2011-10-21 15:00:00,276.86874
2011-10-21 16:00:00,274.85718
2011-10-21 17:00:00,250.95805
2011-10-21 18:00:00,236.09511
2011-10-21 19:00:00,245.1374
2011-10-21 20:00:00,234.09016
2011-10-21 21:00:00,206.28331
2011-10-21 22:00:00,218.46901
2011-10-21 23:00:00,192.39055
2011-10-22 00:00:00,188.65443
2011-10-22 01:00:00,188.65443
2011-10-22 02:00:00,192.6711
2011-10-22 03:00:00,184.6379
2011-10-22 04:00:00,163.69408
2011-10-22 05:00:00,157.66585
2011-10-22 06:00:00,136.7101
2011-10-22 07:00:00,124.38463
2011-10-22 08:00:00,148.18451
2011-10-22 09:00:00,172.12206
2011-10-22 10:00:00,199.96123
2011-10-22 11:00:00,199.96123
2011-10-22 12:00:00,220.15353
2011-10-22 13:00:00,256.064
2011-10-22 14:00:00,262.11874
2011-10-22 15:00:00,247.12563
2011-10-22 16:00:00,269.11618
2011-10-22 17:00:00,223.16096
2011-10-22 18:00:00,217.47635
2011-10-22 19:00:00,171.84456
2011-10-22 20:00:00,166.09387
2011-10-22 21:00:00,132.95241
2011-10-22 22:00:00,132.95241
2011-10-22 23:00:00,108.92305
2011-10-23 00:00:00,87.96731
2011-10-23 01:00:00,87.96731
2011-10-23 02:00:00,84.147865
2011-10-23 03:00:00,82.21654
2011-10-23 04:00:00,82.21654
2011-10-23 05:00:00,76.49288
2011-10-23 06:00:00,79.39956
2011-10-23 07:00:00,84.147865
2011-10-23 08:00:00,88.78197
2011-10-23 09:00:00,132.95241
2011-10-23 10:00:00,159.93639
2011-10-23 11:00:00,173.38335
2011-10-23 12:00:00,230.48274
2011-10-23 13:00:00,244.4027
2011-10-23 14:00:00,246.41426
2011-10-23 15:00:00,251.53706
2011-10-23 16:00:00,244.4027
2011-10-23 17:00:00,210.26393
2011-10-23 18:00:00,208.25902
2011-10-23 19:00:00,147.104
2011-10-23 20:00:00,162.64073
2011-10-23 21:00:00,162.64073
2011-10-23 22:00:00,142.66028
2011-10-23 23:00:00,146.67683
2011-10-24 00:00:00,137.35402
2011-10-24 01:00:00,125.43384
2011-10-24 02:00:00,108.1968
2011-10-24 03:00:00,122.42647
2011-10-24 04:00:00,116.39824
2011-10-24 05:00:00,95.41534
2011-10-24 06:00:00,108.1968
2011-10-24 07:00:00,86.97488
2011-10-24 08:00:00,120.74441
2011-10-24 09:00:00,144.77371
2011-10-24 10:00:00,156.51883
2011-10-24 11:00:00,192.43597
2011-10-24 12:00:00,206.35593
2011-10-24 13:00:00,232.3255
2011-10-24 14:00:00,230.31389
2011-10-24 15:00:00,240.36443
2011-10-24 16:00:00,224.46002
2011-10-24 17:00:00,202.50694
2011-10-24 18:00:00,229.62183
2011-10-24 19:00:00,151.05472
2011-10-24 20:00:00,146.37776
2011-10-24 21:00:00,125.39482
2011-10-24 22:00:00,171.71928
2011-10-24 23:00:00,154.85664
2011-10-25 00:00:00,152.14037
2011-10-25 01:00:00,152.14037
2011-10-25 02:00:00,131.15746
2011-10-25 03:00:00,101.16612
2011-10-25 04:00:00,104.45094
2011-10-25 05:00:00,104.45094
2011-10-25 06:00:00,117.67815
2011-10-25 07:00:00,147.72896
2011-10-25 08:00:00,158.3369
2011-10-25 09:00:00,236.66434
2011-10-25 10:00:00,256.5786
2011-10-25 11:00:00,273.48032
2011-10-25 12:00:00,311.66794
2011-10-25 13:00:00,325.49603
2011-10-25 14:00:00,307.31436
2011-10-25 15:00:00,306.41556
2011-10-25 16:00:00,312.43713
2011-10-25 17:00:00,306.41556
2011-10-25 18:00:00,279.7092
2011-10-25 19:00:00,198.09557
2011-10-25 20:00:00,186.32333
2011-10-25 21:00:00,167.37251
2011-10-25 22:00:00,192.3448
2011-10-25 23:00:00,167.37251
2011-10-26 00:00:00,171.38907
2011-10-26 01:00:00,190.63777
2011-10-26 02:00:00,184.61629
2011-10-26 03:00:00,188.6328
2011-10-26 04:00:00,172.7013
2011-10-26 05:00:00,170.69633
2011-10-26 06:00:00,170.69633
2011-10-26 07:00:00,166.67976
2011-10-26 08:00:00,192.47504
2011-10-26 09:00:00,218.14674
2011-10-26 10:00:00,234.67247
2011-10-26 11:00:00,242.98364
2011-10-26 12:00:00,283.1644
2011-10-26 13:00:00,248.05554
2011-10-26 14:00:00,171.9074
2011-10-26 15:00:00,171.9074
2011-10-26 16:00:00,177.93561
2011-10-26 17:00:00,178.93806
2011-10-26 18:00:00,177.10085
2011-10-26 19:00:00,145.07072
2011-10-26 20:00:00,126.792145
2011-10-26 21:00:00,171.9074
2011-10-26 22:00:00,132.95055
2011-10-26 23:00:00,132.95055
2011-10-27 00:00:00,97.0392
2011-10-27 01:00:00,97.0392
2011-10-27 02:00:00,108.746864
2011-10-27 03:00:00,108.74687
2011-10-27 04:00:00,132.77615
2011-10-27 05:00:00,138.80437
2011-10-27 06:00:00,156.77835
2011-10-27 07:00:00,108.921234
2011-10-27 08:00:00,145.82832
2011-10-27 09:00:00,161.97176
2011-10-27 10:00:00,151.55196
2011-10-27 11:00:00,147.53539
2011-10-27 12:00:00,147.53539
2011-10-27 13:00:00,143.6932
2011-10-27 14:00:00,153.62886
2011-10-27 15:00:00,160.65952
2011-10-27 16:00:00,206.61478
2011-10-27 17:00:00,212.51884
2011-10-27 18:00:00,222.02736
2011-10-27 19:00:00,210.55292
2011-10-27 20:00:00,200.9533
2011-10-27 21:00:00,212.47336
2011-10-27 22:00:00,170.3598
2011-10-27 23:00:00,174.82208
2011-10-28 00:00:00,152.66678
2011-10-28 01:00:00,146.91605
2011-10-28 02:00:00,148.92769
2011-10-28 03:00:00,131.01833
2011-10-28 04:00:00,146.25044
2011-10-28 05:00:00,162.2783
2011-10-28 06:00:00,138.48808
2011-10-28 07:00:00,138.48808
2011-10-28 08:00:00,158.43617
2011-10-28 09:00:00,172.329
2011-10-28 10:00:00,178.0797
2011-10-28 11:00:00,209.2523
2011-10-28 12:00:00,255.49834
2011-10-28 13:00:00,253.42213
2011-10-28 14:00:00,225.28027
2011-10-28 15:00:00,234.31209
2011-10-28 16:00:00,223.27528
2011-10-28 17:00:00,209.07797
2011-10-28 18:00:00,201.95032
2011-10-28 19:00:00,209.07797
2011-10-28 20:00:00,177.60165
2011-10-28 21:00:00,144.54054
2011-10-28 22:00:00,127.49384
2011-10-28 23:00:00,108.10539
2011-10-29 00:00:00,80.36714
2011-10-29 01:00:00,86.09078
2011-10-29 02:00:00,86.09078
2011-10-29 03:00:00,112.40247
2011-10-29 04:00:00,112.40247
2011-10-29 05:00:00,56.25749
2011-10-29 06:00:00,74.53603
2011-10-29 07:00:00,74.53603
2011-10-29 08:00:00,84.38371
2011-10-29 09:00:00,84.38371
2011-10-29 10:00:00,54.25257
2011-10-29 11:00:00,58.269135
2011-10-29 12:00:00,73.72399
2011-10-29 13:00:00,75.73563
2011-10-29 14:00:00,70.7166
2011-10-29 15:00:00,41.849308
2011-10-29 16:00:00,42.77818
2011-10-29 17:00:00,42.77818
2011-10-29 18:00:00,42.77818
2011-10-29 19:00:00,57.077625
2011-10-29 20:00:00,57.077625
2011-10-29 21:00:00,57.077633
2011-10-29 22:00:00,46.415287
2011-10-29 23:00:00,48.52767
2011-10-30 00:00:00,46.415287
2011-10-30 01:00:00,48.420216
2011-10-30 02:00:00,50.431847
2011-10-30 03:00:00,93.63472
2011-10-30 04:00:00,70.67405
2011-10-30 05:00:00,89.61818
2011-10-30 06:00:00,90.72807
2011-10-30 07:00:00,90.101166
2011-10-30 08:00:00,113.80297
2011-10-30 09:00:00,142.51442
2011-10-30 10:00:00,157.60417
2011-10-30 11:00:00,198.38869
2011-10-30 12:00:00,219.46083
2011-10-30 13:00:00,248.54816
2011-10-30 14:00:00,267.49234
2011-10-30 15:00:00,274.62668
2011-10-30 16:00:00,281.75427
2011-10-30 17:00:00,264.88647
2011-10-30 18:00:00,231.96397
2011-10-30 19:00:00,281.18634
2011-10-30 20:00:00,173.60927
2011-10-30 21:00:00,140.46785
2011-10-30 22:00:00,107.29923
2011-10-30 23:00:00,59.267727
2011-10-31 00:00:00,60.992153
2011-10-31 01:00:00,79.270706
2011-10-31 02:00:00,55.268505
2011-10-31 03:00:00,54.078255
2011-10-31 04:00:00,55.268505
2011-10-31 05:00:00,31.239174
2011-10-31 06:00:00,55.268505
2011-10-31 07:00:00,36.98994
2011-10-31 08:00:00,72.59673
2011-10-31 09:00:00,120.40812
2011-10-31 10:00:00,189.76457
2011-10-31 11:00:00,222.91945
2011-10-31 12:00:00,252.9499
2011-10-31 13:00:00,264.5544
2011-10-31 14:00:00,255.41515
2011-10-31 15:00:00,245.54474
2011-10-31 16:00:00,218.46901
2011-10-31 17:00:00,216.45735
2011-10-31 18:00:00,171.16925
2011-10-31 19:00:00,171.16925
2011-10-31 20:00:00,171.16925
2011-10-31 21:00:00,133.8875
2011-10-31 22:00:00,133.8875
2011-10-31 23:00:00,133.8875
2011-11-20 00:00:00,168.7131
2011-11-20 01:00:00,192.6711
2011-11-20 02:00:00,194.68268
2011-11-20 03:00:00,188.35078
2011-11-20 04:00:00,173.11871
2011-11-20 05:00:00,191.02803
2011-11-20 06:00:00,189.01636
2011-11-20 07:00:00,181.15767
2011-11-20 08:00:00,178.84229
2011-11-20 09:00:00,167.65974
2011-11-20 10:00:00,169.49695
2011-11-20 11:00:00,214.11287
2011-11-20 12:00:00,216.11772
2011-11-20 13:00:00,240.77516
2011-11-20 14:00:00,224.0479
2011-11-20 15:00:00,210.653
2011-11-20 16:00:00,221.86858
2011-11-20 17:00:00,225.88506
2011-11-20 18:00:00,228.58943
2011-11-20 19:00:00,186.69502
2011-11-20 20:00:00,204.63152
2011-11-20 21:00:00,164.73679
2011-11-20 22:00:00,131.32918
2011-11-20 23:00:00,131.32918
2011-11-21 00:00:00,102.893036
2011-11-21 01:00:00,121.799
2011-11-21 02:00:00,97.7968
2011-11-21 03:00:00,93.78024
2011-11-21 04:00:00,93.78024
2011-11-21 05:00:00,78.89082
2011-11-21 06:00:00,73.14006
2011-11-21 07:00:00,113.94026
2011-11-21 08:00:00,102.893036
2011-11-21 09:00:00,115.674446
2011-11-21 10:00:00,153.62886
2011-11-21 11:00:00,160.65952
2011-11-21 12:00:00,175.19221
2011-11-21 13:00:00,175.19221
2011-11-21 14:00:00,158.25307
2011-11-21 15:00:00,118.08701
2011-11-21 16:00:00,118.08701
2011-11-21 17:00:00,117.35527
2011-11-21 18:00:00,128.60313
2011-11-21 19:00:00,104.60097
2011-11-21 20:00:00,127.937584
2011-11-21 21:00:00,123.92102
2011-11-21 22:00:00,121.90938
2011-11-21 23:00:00,123.92102
2011-11-22 00:00:00,92.82872
2011-11-22 01:00:00,100.5844
2011-11-22 02:00:00,74.550156
2011-11-22 03:00:00,74.550156
2011-11-22 04:00:00,96.845276
2011-11-22 05:00:00,96.845276
2011-11-22 06:00:00,86.97488
2011-11-22 07:00:00,100.86184
2011-11-22 08:00:00,100.86184
2011-11-22 09:00:00,91.548805
2011-11-22 10:00:00,91.548805
2011-11-22 11:00:00,100.5844
2011-11-22 12:00:00,79.298454
2011-11-22 13:00:00,85.02209
2011-11-22 14:00:00,85.02209
2011-11-22 15:00:00,103.0232
2011-11-22 16:00:00,103.0232
2011-11-22 17:00:00,90.772865
2011-11-22 18:00:00,84.744644
2011-11-22 19:00:00,115.77751
2011-11-22 20:00:00,99.67827
2011-11-22 21:00:00,101.68319
2011-11-22 22:00:00,127.41957
2011-11-22 23:00:00,125.71249
2011-11-23 00:00:00,125.71249
2011-11-23 01:00:00,128.72662
2011-11-23 02:00:00,144.32065
2011-11-23 03:00:00,144.32066
2011-11-23 04:00:00,168.34996
2011-11-23 05:00:00,115.94517
2011-11-23 06:00:00,78.89082
2011-11-23 07:00:00,90.64268
2011-11-23 08:00:00,115.674446
2011-11-23 09:00:00,133.17032
2011-11-23 10:00:00,133.17032
2011-11-23 11:00:00,209.5047
2011-11-23 12:00:00,249.71655
2011-11-23 13:00:00,252.16139
2011-11-23 14:00:00,238.55188
2011-11-23 15:00:00,243.40323
2011-11-23 16:00:00,214.31062
2011-11-23 17:00:00,181.9768
2011-11-23 18:00:00,230.51291
2011-11-23 19:00:00,209.87277
2011-11-23 20:00:00,179.61848
2011-11-23 21:00:00,195.77267
2011-11-23 22:00:00,176.83379
2011-11-23 23:00:00,170.80554
2011-11-24 00:00:00,162.28
2011-11-24 01:00:00,171.23526
2011-11-24 02:00:00,148.38722
2011-11-24 03:00:00,124.52999
2011-11-24 04:00:00,143.55598
2011-11-24 05:00:00,144.55844
2011-11-24 06:00:00,143.55598
2011-11-24 07:00:00,86.31004
2011-11-24 08:00:00,131.37029
2011-11-24 09:00:00,149.00215
2011-11-24 10:00:00,171.03555
2011-11-24 11:00:00,257.0592
2011-11-24 12:00:00,278.74667
2011-11-24 13:00:00,293.63672
2011-11-24 14:00:00,310.47223
2011-11-24 15:00:00,307.45813
2011-11-24 16:00:00,300.3305
2011-11-24 17:00:00,285.60355
2011-11-24 18:00:00,215.58673
2011-11-24 19:00:00,198.67992
2011-11-24 20:00:00,115.97977
2011-11-24 21:00:00,131.21191
2011-11-24 22:00:00,131.21191
2011-11-24 23:00:00,110.33646
2011-11-25 00:00:00,120.27796
2011-11-25 01:00:00,117.45165
2011-11-25 02:00:00,83.83121
2011-11-25 03:00:00,102.10977
2011-11-25 04:00:00,111.95743
2011-11-25 05:00:00,103.30001
2011-11-25 06:00:00,78.08045
2011-11-25 07:00:00,79.270706
2011-11-25 08:00:00,80.085365
2011-11-25 09:00:00,111.727974
2011-11-25 10:00:00,141.26085
2011-11-25 11:00:00,172.17174
2011-11-25 12:00:00,235.06613
2011-11-25 13:00:00,272.85223
2011-11-25 14:00:00,296.8815
2011-11-25 15:00:00,304.00925
2011-11-25 16:00:00,287.11423
2011-11-25 17:00:00,298.32977
2011-11-25 18:00:00,255.38869
2011-11-25 19:00:00,167.81824
2011-11-25 20:00:00,195.54062
2011-11-25 21:00:00,138.43454
2011-11-25 22:00:00,134.61504
2011-11-25 23:00:00,120.38542
2011-11-26 00:00:00,118.660995
2011-11-26 01:00:00,111.907776
2011-11-26 02:00:00,91.95445
2011-11-26 03:00:00,89.02067
2011-11-26 04:00:00,89.02067
2011-11-26 05:00:00,110.23299
2011-11-26 06:00:00,115.08437
2011-11-26 07:00:00,58.077484
2011-11-26 08:00:00,111.907776
2011-11-26 09:00:00,117.65853
2011-11-26 10:00:00,106.24587
2011-11-26 11:00:00,182.63298
2011-11-26 12:00:00,220.58745
2011-11-26 13:00:00,253.38681
2011-11-26 14:00:00,256.09048
2011-11-26 15:00:00,278.08777
2011-11-26 16:00:00,253.3862
2011-11-26 17:00:00,253.3862
2011-11-26 18:00:00,198.227
2011-11-26 19:00:00,160.06653
2011-11-26 20:00:00,199.36545
2011-11-26 21:00:00,114.776886
2011-11-26 22:00:00,133.05545
2011-11-26 23:00:00,106.24587
2011-11-27 00:00:00,106.24587
2011-11-27 01:00:00,106.24587
2011-11-27 02:00:00,100.49509
2011-11-27 03:00:00,82.21654
2011-11-27 04:00:00,85.150314
2011-11-27 05:00:00,92.79855
2011-11-27 06:00:00,119.9703
2011-11-27 07:00:00,108.75473
2011-11-27 08:00:00,134.75665
2011-11-27 09:00:00,181.41649
2011-11-27 10:00:00,181.41649
2011-11-27 11:00:00,225.32777
2011-11-27 12:00:00,253.1352
2011-11-27 13:00:00,234.92131
2011-11-27 14:00:00,340.05502
2011-11-27 15:00:00,328.0053
2011-11-27 16:00:00,269.0329
2011-11-27 17:00:00,247.10701
2011-11-27 18:00:00,212.27559
2011-11-27 19:00:00,198.38283
2011-11-27 20:00:00,218.29706
2011-11-27 21:00:00,202.39938
2011-11-27 22:00:00,185.1556
2011-11-27 23:00:00,185.1556
2011-11-28 00:00:00,167.90878
2011-11-28 01:00:00,168.91125
2011-11-28 03:00:00,124.65792
2011-11-28 04:00:00,133.90082
2011-11-28 05:00:00,101.16612
2011-11-28 06:00:00,128.15009
2011-11-28 07:00:00,103.84334
2011-11-28 08:00:00,91.4186
2011-11-28 09:00:00,130.51173
2011-11-28 10:00:00,169.46855
2011-11-28 11:00:00,206.35591
2011-11-28 12:00:00,236.34789
2011-11-28 13:00:00,253.1075
2011-11-28 14:00:00,269.41913
2011-11-28 15:00:00,246.11519
2011-11-28 16:00:00,242.36932
2011-11-28 17:00:00,260.30588
2011-11-28 18:00:00,232.1953
2011-11-28 19:00:00,199.05386
2011-11-28 20:00:00,206.91263
2011-11-28 21:00:00,192.722
2011-11-28 22:00:00,160.65952
2011-11-28 23:00:00,162.66444
2011-11-29 00:00:00,147.77504
2011-11-29 01:00:00,153.80325
2011-11-29 02:00:00,132.64595
2011-11-29 03:00:00,132.64595
2011-11-29 04:00:00,175.72333
2011-11-29 05:00:00,145.87254
2011-11-29 06:00:00,166.85541
2011-11-29 07:00:00,181.1174
2011-11-29 08:00:00,190.88469
2011-11-29 09:00:00,229.5373
2011-11-29 10:00:00,229.5373
2011-11-29 11:00:00,158.58258
2011-11-29 12:00:00,161.94548
2011-11-29 13:00:00,168.14203
2011-11-29 14:00:00,104.60097
2011-11-29 15:00:00,134.96826
2011-11-29 16:00:00,127.93757
2011-11-29 17:00:00,127.10279
2011-11-29 18:00:00,142.33492
2011-11-29 19:00:00,144.34657
2011-11-29 20:00:00,118.337906
2011-11-29 21:00:00,118.337906
2011-11-29 22:00:00,130.73033
2011-11-29 23:00:00,136.96852
2011-11-30 00:00:00,181.62335
2011-11-30 01:00:00,153.56853
2011-11-30 02:00:00,132.83289
2011-11-30 03:00:00,132.83289
2011-11-30 04:00:00,111.769646
2011-11-30 05:00:00,85.72869
2011-11-30 06:00:00,59.801907
2011-11-30 07:00:00,78.08045
2011-11-30 08:00:00,85.72869
2011-11-30 09:00:00,115.786194
2011-11-30 10:00:00,150.66191
2011-11-30 11:00:00,216.03023
2011-11-30 12:00:00,205.85948
2011-11-30 13:00:00,259.41125
2011-11-30 14:00:00,259.41125
2011-11-30 15:00:00,224.34468
2011-11-30 16:00:00,221.33058
2011-11-30 17:00:00,211.21153
2011-11-30 18:00:00,205.35771
2011-11-30 19:00:00,182.19934
2011-11-30 20:00:00,182.19934
2011-11-30 21:00:00,191.46495
2011-11-30 22:00:00,170.54674
2011-11-30 23:00:00,176.00632
2011-12-20 00:00:00,183.9911
2011-12-20 01:00:00,193.27017
2011-12-20 02:00:00,169.0018
2011-12-20 03:00:00,169.0018
2011-12-20 04:00:00,202.03064
2011-12-20 05:00:00,186.93832
2011-12-20 06:00:00,186.93837
2011-12-20 07:00:00,171.70619
2011-12-20 08:00:00,219.3038
2011-12-20 09:00:00,159.52048
2011-12-20 10:00:00,214.14207
2011-12-20 11:00:00,194.22783
2011-12-20 12:00:00,228.06198
2011-12-20 13:00:00,228.06198
2011-12-20 14:00:00,213.8714
2011-12-20 15:00:00,219.02637
2011-12-20 16:00:00,213.17259
2011-12-20 17:00:00,188.37398
2011-12-20 18:00:00,172.44243
2011-12-20 19:00:00,159.39024
2011-12-20 20:00:00,153.66666
2011-12-20 21:00:00,155.57085
2011-12-20 22:00:00,159.52048
2011-12-20 23:00:00,177.42981
2011-12-21 00:00:00,71.34886
2011-12-21 01:00:00,94.42372
2011-12-21 02:00:00,76.28495
2011-12-21 03:00:00,76.28495
2011-12-21 04:00:00,76.28495
2011-12-21 05:00:00,55.528584
2011-12-21 06:00:00,27.542149
2011-12-21 07:00:00,30.448788
2011-12-21 08:00:00,15.117414
2011-12-21 09:00:00,54.08035
2011-12-21 10:00:00,105.31347
2011-12-21 11:00:00,105.31347
2011-12-21 12:00:00,85.13306
2011-12-21 13:00:00,55.102642
2011-12-21 14:00:00,83.01836
2011-12-21 15:00:00,85.02998
2011-12-21 16:00:00,38.835735
2011-12-21 17:00:00,38.835735
2011-12-21 18:00:00,30.970272
2011-12-21 19:00:00,68.4585
2011-12-21 20:00:00,70.46342
2011-12-21 21:00:00,77.86913
2011-12-21 22:00:00,75.85746
2011-12-21 23:00:00,71.840904
2011-12-22 00:00:00,89.9518
2011-12-22 01:00:00,29.340363
2011-12-22 02:00:00,78.374344
2011-12-22 03:00:00,116.61285
2011-12-22 04:00:00,51.679688
2011-12-22 05:00:00,42.644085
2011-12-22 06:00:00,21.688305
2011-12-22 07:00:00,-2.340994
2011-12-22 08:00:00,27.542149
2011-12-22 09:00:00,39.293995
2011-12-22 10:00:00,60.276886
2011-12-22 11:00:00,80.955215
2011-12-22 12:00:00,159.45099
2011-12-22 13:00:00,129.32881
2011-12-22 14:00:00,129.32881
2011-12-22 15:00:00,147.26527
2011-12-22 16:00:00,129.32881
2011-12-22 17:00:00,122.46672
2011-12-22 18:00:00,132.67981
2011-12-22 19:00:00,126.651596
2011-12-22 20:00:00,99.336815
2011-12-22 21:00:00,99.336815
2011-12-22 22:00:00,18.024052
2011-12-22 23:00:00,44.870384
2011-12-23 00:00:00,57.92254
2011-12-23 01:00:00,57.92254
2011-12-23 02:00:00,26.83023
2011-12-23 03:00:00,26.83023
2011-12-23 04:00:00,36.875004
2011-12-23 05:00:00,8.241009
2011-12-23 06:00:00,59.712803
2011-12-23 07:00:00,57.707897
2011-12-23 08:00:00,83.74213
2011-12-23 09:00:00,117.22049
2011-12-23 10:00:00,133.42274
2011-12-23 11:00:00,151.63666
2011-12-23 12:00:00,168.84142
2011-12-23 13:00:00,177.01051
2011-12-23 14:00:00,161.8107
2011-12-23 15:00:00,152.04338
2011-12-23 16:00:00,160.21251
2011-12-23 17:00:00,132.10966
2011-12-23 18:00:00,139.12984
2011-12-23 19:00:00,124.34726
2011-12-23 20:00:00,99.170525
2011-12-23 21:00:00,92.13985
2011-12-23 22:00:00,79.0201
2011-12-23 23:00:00,79.10041
2011-12-24 00:00:00,68.95888
2011-12-24 01:00:00,78.318245
2011-12-24 02:00:00,80.22246
2011-12-24 03:00:00,68.03675
2011-12-24 04:00:00,81.144585
2011-12-24 05:00:00,81.144585
2011-12-24 06:00:00,47.975986
2011-12-24 07:00:00,62.185528
2011-12-24 08:00:00,49.511547
2011-12-24 09:00:00,142.36275
2011-12-24 10:00:00,152.42415
2011-12-24 11:00:00,162.37544
2011-12-24 12:00:00,167.20409
2011-12-24 13:00:00,164.08255
2011-12-24 14:00:00,164.08255
2011-12-24 15:00:00,157.43675
2011-12-24 16:00:00,150.40985
2011-12-24 17:00:00,125.77966
2011-12-24 18:00:00,141.7592
2011-12-24 19:00:00,111.29492
2011-12-24 20:00:00,86.5182
2011-12-24 21:00:00,84.43297
2011-12-24 22:00:00,92.16557
2011-12-24 23:00:00,71.758965
2011-12-25 00:00:00,64.4045
2011-12-25 01:00:00,31.34335
2011-12-25 02:00:00,18.27834
2011-12-25 03:00:00,25.486313
2011-12-25 05:00:00,9.433172
2011-12-25 06:00:00,9.433172
2011-12-25 07:00:00,-0.075377464
2011-12-25 08:00:00,-5.9064417
2011-12-25 09:00:00,-15.757007
2011-12-25 10:00:00,10.169776
2011-12-25 11:00:00,57.354282
2011-12-25 12:00:00,42.93683
2011-12-25 13:00:00,65.00251
2011-12-25 14:00:00,98.17112
2011-12-25 15:00:00,98.25145
2011-12-25 16:00:00,114.26332
2011-12-25 17:00:00,94.23489
2011-12-25 18:00:00,65.10998
2011-12-25 19:00:00,104.793846
2011-12-25 20:00:00,126.157845
2011-12-25 21:00:00,97.99258
2011-12-25 22:00:00,74.92445
2011-12-25 23:00:00,59.100365
2011-12-26 00:00:00,6.751923
2011-12-26 01:00:00,83.83696
2011-12-26 02:00:00,133.53804
2011-12-26 04:00:00,134.43301
2011-12-26 05:00:00,152.64696
2011-12-26 06:00:00,134.85027
2011-12-26 07:00:00,132.94608
2011-12-26 08:00:00,133.02638
2011-12-26 09:00:00,134.43301
2011-12-26 10:00:00,157.58565
2011-12-26 11:00:00,149.41652
2011-12-26 12:00:00,160.37033
2011-12-26 13:00:00,180.62776
2011-12-26 14:00:00,182.63945
2011-12-26 15:00:00,177.61371
2011-12-26 16:00:00,152.41751
2011-12-26 17:00:00,133.53804
2011-12-26 18:00:00,117.83334
2011-12-26 19:00:00,63.366863
2011-12-26 20:00:00,90.7847
2011-12-26 21:00:00,34.72901
2011-12-26 22:00:00,34.729004
2011-12-26 23:00:00,33.538773
2011-12-27 00:00:00,43.507397
2011-12-27 01:00:00,45.592648
2011-12-27 02:00:00,45.592648
2011-12-27 03:00:00,92.27004
2011-12-27 04:00:00,80.08434
2011-12-27 05:00:00,83.0233
2011-12-27 06:00:00,93.16503
2011-12-27 07:00:00,84.10089
2011-12-27 08:00:00,80.16465
2011-12-27 09:00:00,88.80316
2011-12-27 10:00:00,81.94688
2011-12-27 11:00:00,88.80316
2011-12-27 12:00:00,36.380665
2011-12-27 13:00:00,16.985474
2011-12-27 14:00:00,91.93718
2011-12-27 15:00:00,91.93718
2011-12-27 16:00:00,75.39283
2011-12-27 17:00:00,53.905975
2011-12-27 18:00:00,46.492325
2011-12-27 19:00:00,18.763882
2011-12-27 20:00:00,-6.160445
2011-12-27 21:00:00,12.118116
2011-12-27 22:00:00,12.118116
2011-12-27 23:00:00,-13.000751
2011-12-28 00:00:00,13.040243
2011-12-28 01:00:00,46.55091
2011-12-28 02:00:00,94.144745
2011-12-28 03:00:00,94.144745
2011-12-28 05:00:00,109.26422
2011-12-28 06:00:00,106.33047
2011-12-28 07:00:00,106.33047
2011-12-28 08:00:00,109.26425
2011-12-28 09:00:00,111.35622
2011-12-28 10:00:00,110.076294
2011-12-28 11:00:00,158.34624
2011-12-28 12:00:00,157.45383
2011-12-28 13:00:00,172.75734
2011-12-28 14:00:00,166.11154
2011-12-28 15:00:00,177.25575
2011-12-28 16:00:00,171.50496
2011-12-28 17:00:00,152.73811
2011-12-28 18:00:00,143.81937
2011-12-28 19:00:00,128.02756
2011-12-28 20:00:00,126.022644
2011-12-28 21:00:00,109.22842
2011-12-28 22:00:00,111.320404
2011-12-28 23:00:00,113.137535
2011-12-29 00:00:00,109.959526
2011-12-29 01:00:00,101.993324
2011-12-29 02:00:00,84.27176
2011-12-29 03:00:00,69.88664
2011-12-29 04:00:00,71.978615
2011-12-29 05:00:00,72.086075
2011-12-29 06:00:00,61.09061
2011-12-29 07:00:00,37.91501
2011-12-29 08:00:00,51.712296
2011-12-29 09:00:00,48.40296
2011-12-29 10:00:00,56.165363
2011-12-29 11:00:00,73.17972
2011-12-29 12:00:00,92.09151
2011-12-29 13:00:00,110.027985
2011-12-29 14:00:00,116.94188
2011-12-29 15:00:00,118.87317
2011-12-29 16:00:00,113.91435
2011-12-29 17:00:00,86.49654
2011-12-29 18:00:00,99.717
2011-12-29 19:00:00,101.83612
2011-12-29 20:00:00,64.57062
2011-12-29 21:00:00,84.615074
2011-12-29 22:00:00,66.575554
2011-12-29 23:00:00,74.31083
2011-12-30 00:00:00,51.343414
2011-12-30 01:00:00,61.941425
2011-12-30 02:00:00,37.864082
2011-12-30 03:00:00,37.864082
2011-12-30 04:00:00,36.861626
2011-12-30 05:00:00,20.002739
2011-12-30 06:00:00,36.861626
2011-12-30 07:00:00,21.629505
2011-12-30 08:00:00,27.483341
2011-12-30 09:00:00,29.545834
2011-12-30 10:00:00,76.23543
2011-12-30 11:00:00,79.0201
2011-12-30 12:00:00,106.51825
2011-12-30 13:00:00,131.93529
2011-12-30 14:00:00,166.90178
2011-12-30 15:00:00,169.88264
2011-12-30 16:00:00,173.79553
2011-12-30 17:00:00,138.99123
2011-12-30 18:00:00,98.66363
2011-12-30 19:00:00,149.22968
2011-12-30 20:00:00,88.70008
2011-12-30 21:00:00,94.42372
2011-12-30 22:00:00,73.36051
2011-12-30 23:00:00,96.240875
2011-12-31 00:00:00,129.79646
2011-12-31 01:00:00,132.53311
2011-12-31 02:00:00,132.53311
2011-12-31 03:00:00,132.53311
2011-12-31 04:00:00,89.49415
2011-12-31 05:00:00,66.171295
2011-12-31 06:00:00,92.063156
2011-12-31 07:00:00,70.90587
2011-12-31 08:00:00,33.306374
2011-12-31 09:00:00,59.198215
2011-12-31 10:00:00,75.99623
2011-12-31 11:00:00,96.951996
2011-12-31 12:00:00,232.17278
2011-12-31 13:00:00,230.33488
2011-12-31 14:00:00,180.40211
2011-12-31 15:00:00,203.62836
2011-12-31 16:00:00,178.69504
2011-12-31 17:00:00,150.74611
2011-12-31 18:00:00,146.72958
2011-12-31 19:00:00,152.75775
2011-12-31 20:00:00,152.75775
2011-12-31 21:00:00,132.83679
2011-12-31 22:00:00,110.88379
2011-12-31 23:00:00,83.93884
2012-01-20 00:00:00,117.197266
2012-01-20 01:00:00,112.61398
2012-01-20 02:00:00,112.61398
2012-01-20 03:00:00,92.69973
2012-01-20 04:00:00,62.577576
2012-01-20 05:00:00,62.577576
2012-01-20 06:00:00,68.03311
2012-01-20 07:00:00,34.971962
2012-01-20 08:00:00,52.209
2012-01-20 09:00:00,108.943665
2012-01-20 10:00:00,121.003006
2012-01-20 11:00:00,152.73143
2012-01-20 12:00:00,144.63373
2012-01-20 13:00:00,152.70871
2012-01-20 14:00:00,149.42328
2012-01-20 15:00:00,146.51665
2012-01-20 16:00:00,132.66809
2012-01-20 17:00:00,156.85287
2012-01-20 18:00:00,140.9124
2012-01-20 19:00:00,132.77554
2012-01-20 20:00:00,140.9124
2012-01-20 21:00:00,131.7731
2012-01-20 22:00:00,132.58777
2012-01-20 23:00:00,40.589684
2012-01-21 00:00:00,38.865257
2012-01-21 01:00:00,-30.037579
2012-01-21 02:00:00,-28.404804
2012-01-21 03:00:00,-51.922466
2012-01-21 04:00:00,-24.846748
2012-01-21 05:00:00,-27.968292
2012-01-21 06:00:00,-49.37363
2012-01-21 07:00:00,-49.37363
2012-01-21 08:00:00,-53.329945
2012-01-21 09:00:00,-53.329945
2012-01-21 10:00:00,-47.47615
2012-01-21 11:00:00,-23.974491
2012-01-21 12:00:00,-0.052607536
2012-01-21 13:00:00,1.8719578
2012-01-21 14:00:00,3.709228
2012-01-21 15:00:00,3.7092366
2012-01-21 16:00:00,0.7620735
2012-01-21 17:00:00,6.7902784
2012-01-21 18:00:00,22.022413
2012-01-21 19:00:00,-3.0574017
2012-01-21 20:00:00,-4.961585
2012-01-21 21:00:00,5.3507977
2012-01-21 22:00:00,13.316976
2012-01-21 23:00:00,-13.726457
2012-01-22 00:00:00,-20.663033
2012-01-22 01:00:00,13.316976
2012-01-22 02:00:00,12.314517
2012-01-22 03:00:00,27.546654
2012-01-22 04:00:00,-9.95787
2012-01-22 05:00:00,8.401022
2012-01-22 06:00:00,2.5472002
2012-01-22 07:00:00,2.5472002
2012-01-22 08:00:00,2.5472002
2012-01-22 09:00:00,2.5472002
2012-01-22 10:00:00,2.4668746
2012-01-22 11:00:00,-7.8726225
2012-01-22 12:00:00,-15.73137
2012-01-22 13:00:00,-13.538663
2012-01-22 14:00:00,-15.623908
2012-01-22 15:00:00,-17.743011
2012-01-22 16:00:00,-17.743011
2012-01-22 17:00:00,-15.5435915
2012-01-22 18:00:00,-27.968292
2012-01-22 19:00:00,-27.968292
2012-01-22 20:00:00,-28.048626
2012-01-22 21:00:00,-27.968292
2012-01-22 22:00:00,-52.025566
2012-01-22 23:00:00,-55.147106
2012-01-23 00:00:00,-21.059814
2012-01-23 01:00:00,-22.250069
2012-01-23 02:00:00,-22.250069
2012-01-23 03:00:00,-21.059845
2012-01-23 04:00:00,2.9694905
2012-01-23 05:00:00,-15.309041
2012-01-23 06:00:00,-15.309041
2012-01-23 07:00:00,-9.455249
2012-01-23 08:00:00,-12.764556
2012-01-23 09:00:00,-17.501732
2012-01-23 10:00:00,-36.634037
2012-01-23 11:00:00,-38.826736
2012-01-23 12:00:00,-30.9104
2012-01-23 13:00:00,-23.12524
2012-01-23 14:00:00,-24.3222
2012-01-23 15:00:00,-53.61341
2012-01-23 16:00:00,-26.457306
2012-01-23 17:00:00,-35.489166
2012-01-23 18:00:00,-28.468948
2012-01-23 19:00:00,-20.706547
2012-01-23 20:00:00,-42.03152
2012-01-23 21:00:00,-38.122406
2012-01-23 22:00:00,-38.122406
2012-01-23 23:00:00,-8.032538
2012-01-24 00:00:00,-22.52398
2012-01-24 01:00:00,2.512982
2012-01-24 02:00:00,0.50804615
2012-01-24 03:00:00,2.7007418
2012-01-24 04:00:00,-27.355244
2012-01-24 05:00:00,-27.355244
2012-01-24 06:00:00,2.6204062
2012-01-24 07:00:00,2.7007546
2012-01-24 08:00:00,2.7007546
2012-01-24 09:00:00,17.971935
2012-01-24 10:00:00,-6.160445
2012-01-24 11:00:00,16.75224
2012-01-24 12:00:00,18.763882
2012-01-24 13:00:00,18.763882
2012-01-24 14:00:00,46.809757
2012-01-24 15:00:00,98.806595
2012-01-24 16:00:00,90.941124
2012-01-24 17:00:00,105.843094
2012-01-24 18:00:00,115.35158
2012-01-24 19:00:00,160.33665
2012-01-24 20:00:00,43.72458
2012-01-24 21:00:00,70.43112
2012-01-24 22:00:00,28.49247
2012-01-24 23:00:00,43.72458
2012-01-25 00:00:00,-25.289814
2012-01-25 01:00:00,58.99838
2012-01-25 02:00:00,51.23596
2012-01-25 03:00:00,30.280197
2012-01-25 04:00:00,47.416515
2012-01-25 05:00:00,47.416515
2012-01-25 06:00:00,28.53704
2012-01-25 07:00:00,22.444183
2012-01-25 08:00:00,39.681236
2012-01-25 09:00:00,39.681236
2012-01-25 10:00:00,52.187553
2012-01-25 11:00:00,93.16503
2012-01-25 12:00:00,118.70395
2012-01-25 13:00:00,132.51639
2012-01-25 14:00:00,133.63303
2012-01-25 15:00:00,146.59175
2012-01-25 16:00:00,122.342354
2012-01-25 17:00:00,128.0931
2012-01-25 18:00:00,79.10041
2012-01-25 19:00:00,125.36984
2012-01-25 20:00:00,94.25221
2012-01-25 21:00:00,71.484505
2012-01-25 22:00:00,73.41583
2012-01-25 23:00:00,71.6147
2012-01-26 00:00:00,39.960197
2012-01-26 01:00:00,41.150436
2012-01-26 02:00:00,39.852734
2012-01-26 03:00:00,43.05462
2012-01-26 04:00:00,35.29661
2012-01-26 05:00:00,49.807846
2012-01-26 06:00:00,22.871887
2012-01-26 07:00:00,24.776064
2012-01-26 08:00:00,24.776064
2012-01-26 09:00:00,28.595524
2012-01-26 10:00:00,29.410198
2012-01-26 11:00:00,13.250734
2012-01-26 12:00:00,40.8846
2012-01-26 13:00:00,82.00859
2012-01-26 14:00:00,94.79002
2012-01-26 15:00:00,100.513664
2012-01-26 16:00:00,93.78757
2012-01-26 17:00:00,93.48299
2012-01-26 18:00:00,93.48299
2012-01-26 19:00:00,79.5579
2012-01-26 20:00:00,63.284267
2012-01-26 21:00:00,79.5579
2012-01-26 22:00:00,49.674755
2012-01-26 23:00:00,54.248684
2012-01-27 00:00:00,71.317406
2012-01-27 01:00:00,54.08035
2012-01-27 02:00:00,26.59697
2012-01-27 03:00:00,42.49558
2012-01-27 04:00:00,19.495853
2012-01-27 05:00:00,45.509678
2012-01-27 06:00:00,27.231148
2012-01-27 07:00:00,25.219482
2012-01-27 08:00:00,89.57678
2012-01-27 09:00:00,89.57678
2012-01-27 10:00:00,39.262905
2012-01-27 11:00:00,49.675972
2012-01-27 12:00:00,75.68982
2012-01-27 13:00:00,178.26514
2012-01-27 14:00:00,196.47234
2012-01-27 15:00:00,187.87729
2012-01-27 16:00:00,191.45996
2012-01-27 17:00:00,190.76724
2012-01-27 18:00:00,179.0154
2012-01-27 19:00:00,148.1722
2012-01-27 20:00:00,127.17359
2012-01-27 21:00:00,134.12392
2012-01-27 22:00:00,141.37096
2012-01-27 23:00:00,137.6522
2012-01-28 00:00:00,116.12619
2012-01-28 01:00:00,112.18996
2012-01-28 02:00:00,73.51781
2012-01-28 03:00:00,75.449135
2012-01-28 04:00:00,72.247246
2012-01-28 05:00:00,19.905098
2012-01-28 06:00:00,37.329926
2012-01-28 07:00:00,16.347021
2012-01-28 08:00:00,-6.801442
2012-01-28 09:00:00,1.114893
2012-01-28 10:00:00,43.86824
2012-01-28 11:00:00,97.99258
2012-01-28 12:00:00,88.70836
2012-01-28 13:00:00,110.35683
2012-01-28 14:00:00,164.51633
2012-01-28 15:00:00,175.38974
2012-01-28 16:00:00,192.25761
2012-01-28 17:00:00,194.26926
2012-01-28 18:00:00,192.36131
2012-01-28 19:00:00,220.30287
2012-01-28 20:00:00,215.96344
2012-01-28 21:00:00,208.41106
2012-01-28 22:00:00,180.50493
2012-01-28 23:00:00,183.92053
2012-01-29 00:00:00,169.99171
2012-01-29 01:00:00,190.1354
2012-01-29 02:00:00,188.49966
2012-01-29 03:00:00,171.73776
2012-01-29 04:00:00,150.96603
2012-01-29 05:00:00,80.42825
2012-01-29 06:00:00,116.05804
2012-01-29 07:00:00,123.0782
2012-01-29 08:00:00,108.2153
2012-01-29 09:00:00,99.07602
2012-01-29 10:00:00,140.64546
2012-01-29 11:00:00,179.47304
2012-01-29 12:00:00,197.04031
2012-01-29 13:00:00,197.04031
2012-01-29 14:00:00,199.04524
2012-01-29 15:00:00,215.57768
2012-01-29 16:00:00,236.799
2012-01-29 17:00:00,236.799
2012-01-29 18:00:00,216.84189
2012-01-29 19:00:00,189.90593
2012-01-29 20:00:00,151.71313
2012-01-29 21:00:00,174.00829
2012-01-29 22:00:00,203.99065
2012-01-29 23:00:00,172.89836
2012-01-30 00:00:00,213.57378
2012-01-30 01:00:00,78.802895
2012-01-30 02:00:00,109.60925
2012-01-30 03:00:00,102.686
2012-01-30 04:00:00,82.15267
2012-01-30 05:00:00,82.15267
2012-01-30 06:00:00,113.137535
2012-01-30 07:00:00,115.14917
2012-01-30 08:00:00,96.26969
2012-01-30 09:00:00,96.26969
2012-01-30 10:00:00,124.28844
2012-01-30 11:00:00,129.94579
2012-01-30 12:00:00,156.97519
2012-01-30 13:00:00,175.79732
2012-01-30 14:00:00,207.05028
2012-01-30 15:00:00,206.96999
2012-01-30 16:00:00,209.64716
2012-01-30 17:00:00,227.58365
2012-01-30 18:00:00,213.73508
2012-01-30 19:00:00,135.3468
2012-01-30 20:00:00,153.51787
2012-01-30 21:00:00,144.37862
2012-01-30 22:00:00,120.26898
2012-01-30 23:00:00,75.97659
2012-01-31 00:00:00,110.088196
2012-01-31 01:00:00,145.19331
2012-01-31 02:00:00,144.29826
2012-01-31 03:00:00,135.15901
2012-01-31 04:00:00,120.961655
2012-01-31 05:00:00,120.961655
2012-01-31 06:00:00,104.06671
2012-01-31 07:00:00,75.97659
2012-01-31 08:00:00,74.05199
2012-01-31 09:00:00,111.82239
2012-01-31 10:00:00,112.29177
2012-01-31 11:00:00,204.56435
2012-01-31 12:00:00,187.28822
2012-01-31 13:00:00,220.79227
2012-01-31 14:00:00,260.62228
2012-01-31 15:00:00,289.2962
2012-01-31 16:00:00,289.2962
2012-01-31 17:00:00,287.28455
2012-01-31 18:00:00,289.36087
2012-01-31 19:00:00,257.60812
2012-01-31 20:00:00,128.53972
2012-01-31 21:00:00,234.95058
2012-01-31 22:00:00,223.13405
2012-01-31 23:00:00,210.98067
2012-02-20 00:00:00,-19.12273
2012-02-20 01:00:00,-19.12273
2012-02-20 02:00:00,-19.12273
2012-02-20 03:00:00,-2.0411673
2012-02-20 05:00:00,68.85701
2012-02-20 06:00:00,87.294266
2012-02-20 07:00:00,76.36058
2012-02-20 08:00:00,54.575195
2012-02-20 09:00:00,54.575195
2012-02-20 10:00:00,78.53989
2012-02-20 11:00:00,105.311066
2012-02-20 12:00:00,119.35928
2012-02-20 13:00:00,138.26588
2012-02-20 14:00:00,160.36386
2012-02-20 15:00:00,170.09512
2012-02-20 16:00:00,195.36269
2012-02-20 17:00:00,217.21724
2012-02-20 18:00:00,170.09512
2012-02-20 19:00:00,170.09512
2012-02-20 20:00:00,172.18036
2012-02-20 21:00:00,143.46892
2012-02-20 22:00:00,124.29537
2012-02-20 23:00:00,140.64262
2012-02-21 00:00:00,60.01009
2012-02-21 01:00:00,87.427925
2012-02-21 02:00:00,69.518585
2012-02-21 04:00:00,51.58212
2012-02-21 05:00:00,30.626347
2012-02-21 06:00:00,12.347815
2012-02-21 07:00:00,51.58212
2012-02-21 08:00:00,28.433651
2012-02-21 09:00:00,11.157558
2012-02-21 10:00:00,35.664654
2012-02-21 11:00:00,53.270336
2012-02-21 12:00:00,114.42535
2012-02-21 13:00:00,143.37584
2012-02-21 14:00:00,129.31543
2012-02-21 15:00:00,143.37584
2012-02-21 16:00:00,162.36278
2012-02-21 17:00:00,200.72151
2012-02-21 18:00:00,200.72151
2012-02-21 19:00:00,154.32967
2012-02-21 20:00:00,124.26694
2012-02-21 21:00:00,97.97094
2012-02-21 22:00:00,75.36543
2012-02-21 23:00:00,76.907715
2012-02-22 00:00:00,76.907715
2012-02-22 01:00:00,66.91473
2012-02-22 02:00:00,86.67506
2012-02-22 03:00:00,73.28018
2012-02-22 04:00:00,67.50668
2012-02-22 05:00:00,64.9098
2012-02-22 06:00:00,46.55091
2012-02-22 07:00:00,45.628784
2012-02-22 08:00:00,42.951557
2012-02-22 09:00:00,63.907345
2012-02-22 10:00:00,66.61169
2012-02-22 11:00:00,88.48958
2012-02-22 12:00:00,128.40375
2012-02-22 13:00:00,159.50122
2012-02-22 14:00:00,167.26364
2012-02-22 15:00:00,260.55096
2012-02-22 16:00:00,275.40866
2012-02-22 17:00:00,261.25037
2012-02-22 18:00:00,224.19542
2012-02-22 19:00:00,206.29124
2012-02-22 20:00:00,185.40015
2012-02-22 21:00:00,245.5527
2012-02-22 22:00:00,189.41667
2012-02-22 23:00:00,215.43044
2012-02-23 00:00:00,189.41667
2012-02-23 01:00:00,157.91763
2012-02-23 02:00:00,141.71541
2012-02-23 03:00:00,130.32545
2012-02-23 04:00:00,81.73721
2012-02-23 05:00:00,81.73721
2012-02-23 06:00:00,26.51955
2012-02-23 07:00:00,46.809757
2012-02-23 08:00:00,20.768784
2012-02-23 09:00:00,44.690666
2012-02-23 10:00:00,112.86702
2012-02-23 11:00:00,194.00249
2012-02-23 12:00:00,215.993
2012-02-23 13:00:00,226.86646
2012-02-23 14:00:00,242.72667
2012-02-23 15:00:00,246.87926
2012-02-23 16:00:00,246.61372
2012-02-23 17:00:00,251.93736
2012-02-23 18:00:00,234.69357
2012-02-23 19:00:00,214.09177
2012-02-23 20:00:00,190.39265
2012-02-23 21:00:00,169.37225
2012-02-23 22:00:00,162.23785
2012-02-23 23:00:00,145.16919
2012-02-24 00:00:00,144.86551
2012-02-24 01:00:00,133.84993
2012-02-24 02:00:00,100.13863
2012-02-24 03:00:00,63.15407
2012-02-24 04:00:00,42.198307
2012-02-24 05:00:00,52.068707
2012-02-24 06:00:00,50.06378
2012-02-24 07:00:00,87.591034
2012-02-24 08:00:00,88.870926
2012-02-24 09:00:00,56.39831
2012-02-24 10:00:00,54.500847
2012-02-24 11:00:00,48.72734
2012-02-24 12:00:00,81.56283
2012-02-24 13:00:00,100.513664
2012-02-24 14:00:00,124.17377
2012-02-24 15:00:00,57.92254
2012-02-24 16:00:00,57.92254
2012-02-24 17:00:00,36.299698
2012-02-24 18:00:00,23.4152
2012-02-24 19:00:00,54.475204
2012-02-24 20:00:00,148.91376
2012-02-24 21:00:00,251.52748
2012-02-24 22:00:00,224.6472
2012-02-24 23:00:00,225.92705
2012-02-25 00:00:00,167.77274
2012-02-25 01:00:00,158.95985
2012-02-25 02:00:00,141.16316
2012-02-25 03:00:00,134.3296
2012-02-25 04:00:00,145.48053
2012-02-25 05:00:00,149.32271
2012-02-25 06:00:00,149.32271
2012-02-25 07:00:00,134.5267
2012-02-25 08:00:00,109.619
2012-02-25 09:00:00,29.610447
2012-02-25 10:00:00,77.07849
2012-02-25 11:00:00,169.59654
2012-02-25 12:00:00,208.79852
2012-02-25 13:00:00,195.78246
2012-02-25 14:00:00,201.76784
2012-02-25 15:00:00,196.85631
2012-02-25 16:00:00,212.91878
2012-02-25 17:00:00,174.90326
2012-02-25 18:00:00,201.1023
2012-02-25 19:00:00,161.23613
2012-02-25 20:00:00,177.39934
2012-02-25 21:00:00,145.48343
2012-02-25 22:00:00,141.28285
2012-02-25 23:00:00,129.12949
2012-02-26 00:00:00,129.20981
2012-02-26 01:00:00,118.065605
2012-02-26 02:00:00,118.065605
2012-02-26 03:00:00,122.28659
2012-02-26 04:00:00,122.28659
2012-02-26 05:00:00,109.40819
2012-02-26 06:00:00,112.34198
2012-02-26 07:00:00,83.254585
2012-02-26 08:00:00,84.36451
2012-02-26 09:00:00,100.26892
2012-02-26 10:00:00,130.12933
2012-02-26 11:00:00,139.78917
2012-02-26 12:00:00,149.78183
2012-02-26 13:00:00,159.73318
2012-02-26 14:00:00,180.716
2012-02-26 15:00:00,188.4357
2012-02-26 16:00:00,192.24112
2012-02-26 17:00:00,194.36015
2012-02-26 18:00:00,176.34335
2012-02-26 19:00:00,178.49998
2012-02-26 20:00:00,148.40497
2012-02-26 21:00:00,131.5033
2012-02-26 22:00:00,142.5739
2012-02-26 23:00:00,84.43297
2012-02-27 00:00:00,75.86912
2012-02-27 01:00:00,62.756096
2012-02-27 02:00:00,44.32208
2012-02-27 03:00:00,22.52451
2012-02-27 04:00:00,-0.44290352
2012-02-27 05:00:00,-0.44290352
2012-02-27 06:00:00,39.681236
2012-02-27 07:00:00,68.14057
2012-02-27 08:00:00,57.17365
2012-02-27 09:00:00,75.97659
2012-02-27 10:00:00,142.88759
2012-02-27 11:00:00,160.45485
2012-02-27 12:00:00,205.5668
2012-02-27 13:00:00,186.28577
2012-02-27 14:00:00,224.80885
2012-02-27 15:00:00,284.58023
2012-02-27 16:00:00,289.2962
2012-02-27 17:00:00,295.38907
2012-02-27 18:00:00,278.48737
2012-02-27 19:00:00,264.63882
2012-02-27 20:00:00,244.7179
2012-02-27 21:00:00,224.80885
2012-02-27 22:00:00,192.70216
2012-02-27 23:00:00,162.65132
2012-02-28 00:00:00,148.454
2012-02-28 01:00:00,114.61983
2012-02-28 02:00:00,140.72545
2012-02-28 03:00:00,224.81549
2012-02-28 04:00:00,154.96062
2012-02-28 05:00:00,154.96062
2012-02-28 06:00:00,138.06569
2012-02-28 07:00:00,130.33037
2012-02-28 08:00:00,114.437874
2012-02-28 09:00:00,134.34695
2012-02-28 10:00:00,145.19331
2012-02-28 11:00:00,176.05617
2012-02-28 12:00:00,183.96355
2012-02-28 13:00:00,192.14833
2012-02-28 14:00:00,219.93253
2012-02-28 15:00:00,230.74654
2012-02-28 16:00:00,224.65367
2012-02-28 17:00:00,230.74654
2012-02-28 18:00:00,229.67265
2012-02-28 19:00:00,224.71828
2012-02-28 20:00:00,215.84456
2012-02-28 21:00:00,143.77477
2012-02-28 22:00:00,143.77477
2012-02-28 23:00:00,116.51123
2012-02-29 00:00:00,116.69901
2012-02-29 01:00:00,128.88475
2012-02-29 02:00:00,101.64832
2012-02-29 03:00:00,52.43293
2012-02-29 05:00:00,31.477177
2012-02-29 06:00:00,43.05462
2012-02-29 07:00:00,17.935781
2012-02-29 08:00:00,39.960197
2012-02-29 09:00:00,37.275665
2012-02-29 10:00:00,37.275665
2012-02-29 11:00:00,16.905172
2012-02-29 12:00:00,13.392559
2012-02-29 13:00:00,21.018063
2012-02-29 14:00:00,21.018063
2012-02-29 15:00:00,73.329056
2012-02-29 16:00:00,75.16632
2012-02-29 17:00:00,50.06378
2012-02-29 18:00:00,44.870388
2012-02-29 19:00:00,46.047234
2012-02-29 20:00:00,58.59483
2012-02-29 21:00:00,58.59483
2012-02-29 22:00:00,46.33776
2012-02-29 23:00:00,46.33776
2012-03-20 00:00:00,118.360214
2012-03-20 01:00:00,70.29029
2012-03-20 02:00:00,76.3185
2012-03-20 03:00:00,76.14412
2012-03-20 04:00:00,79.428925
2012-03-20 05:00:00,52.11478
2012-03-20 06:00:00,63.162014
2012-03-20 07:00:00,73.03242
2012-03-20 08:00:00,77.42401
2012-03-20 09:00:00,87.19134
2012-03-20 10:00:00,83.34244
2012-03-20 11:00:00,106.0324
2012-03-20 12:00:00,139.14534
2012-03-20 13:00:00,135.12875
2012-03-20 14:00:00,158.30667
2012-03-20 15:00:00,172.22661
2012-03-20 16:00:00,183.54514
2012-03-20 17:00:00,154.45775
2012-03-20 18:00:00,170.65999
2012-03-20 19:00:00,136.49663
2012-03-20 20:00:00,148.72139
2012-03-20 21:00:00,121.71032
2012-03-20 22:00:00,103.800964
2012-03-20 23:00:00,79.77165
2012-03-21 00:00:00,87.20731
2012-03-21 01:00:00,108.467636
2012-03-21 02:00:00,90.49215
2012-03-21 03:00:00,100.36252
2012-03-21 04:00:00,96.34595
2012-03-21 05:00:00,96.34595
2012-03-21 06:00:00,78.37201
2012-03-21 07:00:00,82.21417
2012-03-21 08:00:00,76.19269
2012-03-21 09:00:00,98.35762
2012-03-21 10:00:00,119.340515
2012-03-21 11:00:00,119.340515
2012-03-21 12:00:00,132.32262
2012-03-21 13:00:00,114.04402
2012-03-21 14:00:00,134.99977
2012-03-21 15:00:00,134.99977
2012-03-21 16:00:00,150.12889
2012-03-21 17:00:00,182.28737
2012-03-21 18:00:00,176.25911
2012-03-21 19:00:00,195.61526
2012-03-21 20:00:00,135.1742
2012-03-21 21:00:00,115.220894
2012-03-21 22:00:00,113.486664
2012-03-21 23:00:00,126.46876
2012-03-22 00:00:00,108.467636
2012-03-22 01:00:00,108.467636
2012-03-22 02:00:00,108.467636
2012-03-22 03:00:00,108.467636
2012-03-22 04:00:00,51.05786
2012-03-22 05:00:00,51.05786
2012-03-22 06:00:00,51.05786
2012-03-22 07:00:00,51.05786
2012-03-22 08:00:00,75.060036
2012-03-22 09:00:00,75.060036
2012-03-22 10:00:00,56.781467
2012-03-22 11:00:00,74.78259
2012-03-22 12:00:00,111.86408
2012-03-22 13:00:00,140.92494
2012-03-22 14:00:00,171.1041
2012-03-22 15:00:00,195.06206
2012-03-22 16:00:00,208.87453
2012-03-22 17:00:00,212.5932
2012-03-22 18:00:00,212.5932
2012-03-22 19:00:00,213.73169
2012-03-22 20:00:00,184.78055
2012-03-22 21:00:00,145.94398
2012-03-22 22:00:00,126.96603
2012-03-22 23:00:00,119.94206
2012-03-23 00:00:00,113.91383
2012-03-23 01:00:00,92.95808
2012-03-23 02:00:00,98.9863
2012-03-23 03:00:00,94.237976
2012-03-23 04:00:00,76.062485
2012-03-23 05:00:00,69.03183
2012-03-23 06:00:00,87.31037
2012-03-23 07:00:00,81.113846
2012-03-23 08:00:00,78.06741
2012-03-23 09:00:00,92.996506
2012-03-23 10:00:00,111.56622
2012-03-23 11:00:00,178.58463
2012-03-23 12:00:00,234.64928
2012-03-23 13:00:00,270.66342
2012-03-23 14:00:00,297.59933
2012-03-23 15:00:00,299.60434
2012-03-23 16:00:00,301.61597
2012-03-23 17:00:00,301.61597
2012-03-23 18:00:00,280.89926
2012-03-23 19:00:00,260.2945
2012-03-23 20:00:00,265.41724
2012-03-23 21:00:00,241.88026
2012-03-23 22:00:00,214.69565
2012-03-23 23:00:00,193.3278
2012-03-24 00:00:00,163.6366
2012-03-24 01:00:00,148.6819
2012-03-24 02:00:00,131.77502
2012-03-24 03:00:00,131.77502
2012-03-24 04:00:00,106.74323
2012-03-24 05:00:00,117.616104
2012-03-24 06:00:00,117.616104
2012-03-24 07:00:00,94.62154
2012-03-24 08:00:00,80.35957
2012-03-24 09:00:00,115.604454
2012-03-24 10:00:00,104.38891
2012-03-24 11:00:00,80.35957
2012-03-24 12:00:00,93.97581
2012-03-24 13:00:00,95.98073
2012-03-24 14:00:00,121.289955
2012-03-24 15:00:00,101.2772
2012-03-24 16:00:00,93.244064
2012-03-24 17:00:00,106.50359
2012-03-24 18:00:00,76.75065
2012-03-24 19:00:00,70.72244
2012-03-24 20:00:00,50.736794
2012-03-24 21:00:00,50.736794
2012-03-24 22:00:00,54.753353
2012-03-24 23:00:00,69.18975
2012-03-25 00:00:00,69.18975
2012-03-25 01:00:00,43.148766
2012-03-25 02:00:00,52.016685
2012-03-25 03:00:00,70.29526
2012-03-25 04:00:00,66.45306
2012-03-25 05:00:00,37.425125
2012-03-25 06:00:00,37.425125
2012-03-25 07:00:00,60.729424
2012-03-25 08:00:00,60.729424
2012-03-25 09:00:00,55.70367
2012-03-25 10:00:00,82.05443
2012-03-25 11:00:00,55.70367
2012-03-25 12:00:00,53.698757
2012-03-25 13:00:00,73.68439
2012-03-25 14:00:00,79.435165
2012-03-25 15:00:00,81.44008
2012-03-25 16:00:00,107.51916
2012-03-25 17:00:00,134.50313
2012-03-25 18:00:00,134.50313
2012-03-25 19:00:00,145.54366
2012-03-25 20:00:00,122.58299
2012-03-25 21:00:00,118.56645
2012-03-25 22:00:00,95.571884
2012-03-25 23:00:00,101.32266
2012-03-26 00:00:00,110.912544
2012-03-26 01:00:00,111.08017
2012-03-26 02:00:00,85.04596
2012-03-26 03:00:00,101.31285
2012-03-26 04:00:00,93.584305
2012-03-26 05:00:00,108.81642
2012-03-26 06:00:00,89.838455
2012-03-26 07:00:00,126.05348
2012-03-26 08:00:00,158.52936
2012-03-26 09:00:00,213.96594
2012-03-26 10:00:00,279.0338
2012-03-26 11:00:00,288.54236
2012-03-26 12:00:00,278.4329
2012-03-26 13:00:00,301.66592
2012-03-26 14:00:00,273.4139
2012-03-26 15:00:00,296.64008
2012-03-26 16:00:00,310.83755
2012-03-26 17:00:00,295.0809
2012-03-26 18:00:00,283.26443
2012-03-26 19:00:00,277.57834
2012-03-26 20:00:00,276.8092
2012-03-26 21:00:00,272.0931
2012-03-26 22:00:00,244.98888
2012-03-26 23:00:00,242.09158
2012-03-27 00:00:00,237.41844
2012-03-27 01:00:00,227.6511
2012-03-27 02:00:00,188.84688
2012-03-27 03:00:00,190.85854
2012-03-27 04:00:00,181.01987
2012-03-27 05:00:00,159.14194
2012-03-27 06:00:00,157.23775
2012-03-27 07:00:00,157.23775
2012-03-27 08:00:00,160.1444
2012-03-27 09:00:00,155.81808
2012-03-27 10:00:00,176.81659
2012-03-27 11:00:00,200.55707
2012-03-27 12:00:00,206.30788
2012-03-27 13:00:00,218.9207
2012-03-27 14:00:00,256.79083
2012-03-27 15:00:00,265.66464
2012-03-27 16:00:00,265.66464
2012-03-27 17:00:00,283.601
2012-03-27 18:00:00,280.83212
2012-03-27 19:00:00,274.8039
2012-03-27 20:00:00,280.83203
2012-03-27 21:00:00,199.5037
2012-03-27 22:00:00,197.49208
2012-03-27 23:00:00,201.50856
2012-03-28 00:00:00,194.27354
2012-03-28 01:00:00,176.99742
2012-03-28 02:00:00,158.01051
2012-03-28 03:00:00,181.34715
2012-03-28 04:00:00,186.13667
2012-03-28 05:00:00,186.13667
2012-03-28 06:00:00,181.01396
2012-03-28 07:00:00,179.00911
2012-03-28 08:00:00,199.08257
2012-03-28 09:00:00,220.00082
2012-03-28 10:00:00,241.28008
2012-03-28 11:00:00,247.70311
2012-03-28 12:00:00,272.18613
2012-03-28 13:00:00,257.86533
2012-03-28 14:00:00,304.64526
2012-03-28 15:00:00,297.34335
2012-03-28 16:00:00,283.04965
2012-03-28 17:00:00,222.86475
2012-03-28 18:00:00,222.86475
2012-03-28 19:00:00,237.13576
2012-03-28 20:00:00,244.16637
2012-03-28 21:00:00,206.80116
2012-03-28 22:00:00,180.83148
2012-03-28 23:00:00,162.92215
2012-03-29 00:00:00,166.93872
2012-03-29 01:00:00,193.01717
2012-03-29 02:00:00,325.3694
2012-03-29 03:00:00,304.2867
2012-03-29 04:00:00,262.69003
2012-03-29 05:00:00,227.51657
2012-03-29 06:00:00,175.39716
2012-03-29 07:00:00,206.79922
2012-03-29 08:00:00,223.00151
2012-03-29 09:00:00,225.70592
2012-03-29 10:00:00,225.01315
2012-03-29 11:00:00,240.56877
2012-03-29 12:00:00,254.72707
2012-03-29 13:00:00,226.11937
2012-03-29 14:00:00,245.69145
2012-03-29 15:00:00,260.58148
2012-03-29 16:00:00,267.71597
2012-03-29 17:00:00,265.6396
2012-03-29 18:00:00,250.81416
2012-03-29 19:00:00,244.08815
2012-03-29 20:00:00,242.38625
2012-03-29 21:00:00,217.38164
2012-03-29 22:00:00,211.63078
2012-03-29 23:00:00,203.494
2012-03-30 00:00:00,197.77037
2012-03-30 01:00:00,181.87782
2012-03-30 02:00:00,155.67249
2012-03-30 03:00:00,118.62709
2012-03-30 04:00:00,144.11513
2012-03-30 05:00:00,113.99295
2012-03-30 06:00:00,129.18607
2012-03-30 07:00:00,127.1008
2012-03-30 08:00:00,99.68297
2012-03-30 09:00:00,132.82446
2012-03-30 10:00:00,144.50935
2012-03-30 11:00:00,153.78839
2012-03-30 12:00:00,156.4656
2012-03-30 13:00:00,180.2559
2012-03-30 14:00:00,168.07018
2012-03-30 15:00:00,173.79382
2012-03-30 16:00:00,162.77919
2012-03-30 17:00:00,152.90878
2012-03-30 18:00:00,175.13835
2012-03-30 19:00:00,147.05495
2012-03-30 20:00:00,143.03839
2012-03-30 21:00:00,123.09029
2012-03-30 22:00:00,95.92526
2012-03-30 23:00:00,93.09892
2012-03-31 00:00:00,76.63964
2012-03-31 01:00:00,106.52277
2012-03-31 02:00:00,113.216545
2012-03-31 03:00:00,86.40696
2012-03-31 04:00:00,118.40995
2012-03-31 05:00:00,84.40203
2012-03-31 06:00:00,51.311844
2012-03-31 07:00:00,51.311844
2012-03-31 08:00:00,53.31676
2012-03-31 09:00:00,106.52277
2012-03-31 10:00:00,102.5062
2012-03-31 11:00:00,126.03613
2012-03-31 12:00:00,137.98343
2012-03-31 13:00:00,185.56917
2012-03-31 14:00:00,178.8153
2012-03-31 15:00:00,198.76343
2012-03-31 16:00:00,181.82944
2012-03-31 17:00:00,166.09938
2012-03-31 18:00:00,148.26077
2012-03-31 19:00:00,138.70018
2012-03-31 20:00:00,130.79721
2012-03-31 21:00:00,130.79721
2012-03-31 22:00:00,120.02066
2012-03-31 23:00:00,88.73164
2012-04-20 00:00:00,146.73851
2012-04-20 01:00:00,101.31285
2012-04-20 02:00:00,77.31066
2012-04-20 03:00:00,71.28918
2012-04-20 04:00:00,47.25986
2012-04-20 05:00:00,40.22918
2012-04-20 06:00:00,58.50773
2012-04-20 07:00:00,40.22918
2012-04-20 08:00:00,45.979942
2012-04-20 09:00:00,76.01036
2012-04-20 10:00:00,128.01938
2012-04-20 11:00:00,164.9338
2012-04-20 12:00:00,224.10956
2012-04-20 13:00:00,278.366
2012-04-20 14:00:00,278.95795
2012-04-20 15:00:00,267.807
2012-04-20 16:00:00,278.573
2012-04-20 17:00:00,273.8353
2012-04-20 18:00:00,263.06927
2012-04-20 19:00:00,246.2749
2012-04-20 20:00:00,212.96532
2012-04-20 21:00:00,168.64583
2012-04-20 22:00:00,170.95528
2012-04-20 23:00:00,144.9857
2012-04-21 00:00:00,134.05737
2012-04-21 01:00:00,134.05737
2012-04-21 02:00:00,128.02917
2012-04-21 03:00:00,113.07449
2012-04-21 04:00:00,115.07939
2012-04-21 05:00:00,115.07939
2012-04-21 06:00:00,113.07448
2012-04-21 07:00:00,117.09104
2012-04-21 08:00:00,123.87659
2012-04-21 09:00:00,135.79161
2012-04-21 10:00:00,212.9712
2012-04-21 11:00:00,226.75136
2012-04-21 12:00:00,237.63002
2012-04-21 13:00:00,248.3961
2012-04-21 14:00:00,287.208
2012-04-21 15:00:00,309.19846
2012-04-21 16:00:00,299.36124
2012-04-21 17:00:00,353.13925
2012-04-21 18:00:00,299.39685
2012-04-21 19:00:00,187.4963
2012-04-21 20:00:00,129.80118
2012-04-21 21:00:00,135.8294
2012-04-21 22:00:00,112.36987
2012-04-21 23:00:00,111.47049
2012-04-22 00:00:00,105.44225
2012-04-22 01:00:00,114.4846
2012-04-22 02:00:00,136.08092
2012-04-22 03:00:00,97.713715
2012-04-22 04:00:00,112.94585
2012-04-22 05:00:00,116.9624
2012-04-22 06:00:00,139.2252
2012-04-22 07:00:00,128.11269
2012-04-22 08:00:00,98.11461
2012-04-22 09:00:00,98.11461
2012-04-22 10:00:00,97.38961
2012-04-22 11:00:00,80.145836
2012-04-22 12:00:00,82.157486
2012-04-22 13:00:00,99.39452
2012-04-22 14:00:00,82.157486
2012-04-22 15:00:00,86.17406
2012-04-22 16:00:00,90.19059
2012-04-22 17:00:00,49.746582
2012-04-22 18:00:00,49.746582
2012-04-22 19:00:00,73.044174
2012-04-22 20:00:00,51.83184
2012-04-22 21:00:00,68.10548
2012-04-22 22:00:00,63.19651
2012-04-22 23:00:00,87.306145
2012-04-23 00:00:00,90.113365
2012-04-23 01:00:00,57.970554
2012-04-23 02:00:00,48.485092
2012-04-23 03:00:00,63.749535
2012-04-23 04:00:00,63.879723
2012-04-23 05:00:00,63.879723
2012-04-23 06:00:00,54.904324
2012-04-23 07:00:00,61.868084
2012-04-23 08:00:00,75.19453
2012-04-23 09:00:00,79.2111
2012-04-23 10:00:00,100.27432
2012-04-23 11:00:00,98.18234
2012-04-23 12:00:00,106.71338
2012-04-23 13:00:00,123.95714
2012-04-23 14:00:00,145.91019
2012-04-23 15:00:00,140.1367
2012-04-23 16:00:00,64.77473
2012-04-23 17:00:00,59.72337
2012-04-23 18:00:00,67.77949
2012-04-23 19:00:00,80.71585
2012-04-23 20:00:00,75.072556
2012-04-23 21:00:00,59.732967
2012-04-23 22:00:00,71.22364
2012-04-23 23:00:00,69.21873
2012-04-24 00:00:00,77.1578
2012-04-24 01:00:00,61.925667
2012-04-24 02:00:00,55.991524
2012-04-24 03:00:00,53.879124
2012-04-24 04:00:00,79.654526
2012-04-24 05:00:00,79.654526
2012-04-24 06:00:00,81.666176
2012-04-24 07:00:00,103.59208
2012-04-24 08:00:00,122.56331
2012-04-24 09:00:00,201.78693
2012-04-24 10:00:00,203.494
2012-04-24 11:00:00,269.7394
2012-04-24 12:00:00,281.58304
2012-04-24 13:00:00,287.3067
2012-04-24 14:00:00,299.49234
2012-04-24 15:00:00,307.59012
2012-04-24 16:00:00,292.52628
2012-04-24 17:00:00,314.3824
2012-04-24 18:00:00,294.70627
2012-04-24 19:00:00,311.775
2012-04-24 20:00:00,301.93784
2012-04-24 21:00:00,269.6687
2012-04-24 22:00:00,232.74968
2012-04-24 23:00:00,216.85716
2012-04-25 00:00:00,216.57973
2012-04-25 01:00:00,201.68971
2012-04-25 02:00:00,120.516754
2012-04-25 03:00:00,86.57515
2012-04-25 04:00:00,104.5116
2012-04-25 05:00:00,102.58028
2012-04-25 06:00:00,102.58028
2012-04-25 07:00:00,87.34816
2012-04-25 08:00:00,79.77101
2012-04-25 09:00:00,162.08617
2012-04-25 10:00:00,251.71425
2012-04-25 11:00:00,266.84268
2012-04-25 12:00:00,294.8239
2012-04-25 13:00:00,302.62387
2012-04-25 14:00:00,323.84512
2012-04-25 15:00:00,325.68304
2012-04-25 16:00:00,347.6284
2012-04-25 17:00:00,345.61667
2012-04-25 18:00:00,344.6143
2012-04-25 19:00:00,338.58618
2012-04-25 20:00:00,305.77396
2012-04-25 21:00:00,205.91425
2012-04-25 22:00:00,194.17424
2012-04-25 23:00:00,206.05627
2012-04-26 00:00:00,157.74738
2012-04-26 01:00:00,209.47198
2012-04-26 02:00:00,189.14944
2012-04-26 03:00:00,188.147
2012-04-26 04:00:00,175.96124
2012-04-26 05:00:00,166.78299
2012-04-26 06:00:00,174.81609
2012-04-26 07:00:00,124.06777
2012-04-26 08:00:00,113.02049
2012-04-26 09:00:00,92.73704
2012-04-26 10:00:00,68.60467
2012-04-26 11:00:00,72.62122
2012-04-26 12:00:00,117.32887
2012-04-26 13:00:00,116.63616
2012-04-26 14:00:00,145.37479
2012-04-26 15:00:00,130.38777
2012-04-26 16:00:00,123.35712
2012-04-26 17:00:00,137.51599
2012-04-26 18:00:00,145.37479
2012-04-26 19:00:00,147.38638
2012-04-26 20:00:00,139.52089
2012-04-26 21:00:00,117.50324
2012-04-26 22:00:00,113.486664
2012-04-26 23:00:00,92.50379
2012-04-27 00:00:00,191.03816
2012-04-27 01:00:00,199.93048
2012-04-27 02:00:00,192.19524
2012-04-27 03:00:00,222.29692
2012-04-27 04:00:00,209.61919
2012-04-27 05:00:00,216.64978
2012-04-27 06:00:00,206.94194
2012-04-27 07:00:00,181.87782
2012-04-27 08:00:00,168.54826
2012-04-27 09:00:00,225.68542
2012-04-27 10:00:00,244.69576
2012-04-27 11:00:00,238.67424
2012-04-27 12:00:00,252.4956
2012-04-27 13:00:00,263.6466
2012-04-27 14:00:00,259.62997
2012-04-27 15:00:00,300.08136
2012-04-27 16:00:00,284.01508
2012-04-27 17:00:00,314.04044
2012-04-27 18:00:00,303.23154
2012-04-27 19:00:00,293.39944
2012-04-27 20:00:00,262.70877
2012-04-27 21:00:00,251.89467
2012-04-27 22:00:00,227.89774
2012-04-27 23:00:00,216.08125
2012-04-28 00:00:00,193.4453
2012-04-28 01:00:00,163.08736
2012-04-28 02:00:00,179.50072
2012-04-28 03:00:00,155.39108
2012-04-28 04:00:00,155.47142
2012-04-28 05:00:00,162.59903
2012-04-28 06:00:00,157.4763
2012-04-28 07:00:00,155.47142
2012-04-28 08:00:00,200.5729
2012-04-28 09:00:00,206.53041
2012-04-28 10:00:00,208.4384
2012-04-28 11:00:00,204.4218
2012-04-28 12:00:00,188.25186
2012-04-28 13:00:00,212.28114
2012-04-28 14:00:00,216.13524
2012-04-28 15:00:00,215.0291
2012-04-28 16:00:00,233.76132
2012-04-28 17:00:00,214.85469
2012-04-28 18:00:00,187.67073
2012-04-28 19:00:00,103.89684
2012-04-28 20:00:00,118.18409
2012-04-28 21:00:00,107.913414
2012-04-28 22:00:00,98.043015
2012-04-28 23:00:00,93.74806
2012-04-29 00:00:00,73.43259
2012-04-29 01:00:00,67.57875
2012-04-29 02:00:00,51.392174
2012-04-29 03:00:00,53.316765
2012-04-29 04:00:00,49.300198
2012-04-29 05:00:00,36.880928
2012-04-29 06:00:00,37.695618
2012-04-29 07:00:00,43.549442
2012-04-29 08:00:00,90.90163
2012-04-29 09:00:00,111.8845
2012-04-29 10:00:00,126.78647
2012-04-29 11:00:00,180.9754
2012-04-29 12:00:00,215.08192
2012-04-29 13:00:00,217.75906
2012-04-29 14:00:00,255.74065
2012-04-29 15:00:00,261.36057
2012-04-29 16:00:00,316.61432
2012-04-29 17:00:00,328.31815
2012-04-29 18:00:00,328.73535
2012-04-29 19:00:00,267.45343
2012-04-29 20:00:00,273.58533
2012-04-29 21:00:00,216.37549
2012-04-29 22:00:00,210.7284
2012-04-29 23:00:00,162.35484
2012-04-30 00:00:00,120.03199
2012-04-30 01:00:00,98.046616
2012-04-30 02:00:00,119.332565
2012-04-30 03:00:00,100.38841
2012-04-30 04:00:00,143.30913
2012-04-30 05:00:00,143.30913
2012-04-30 06:00:00,190.73967
2012-04-30 07:00:00,181.60037
2012-04-30 08:00:00,202.92534
2012-04-30 09:00:00,208.77927
2012-04-30 10:00:00,218.59077
2012-04-30 11:00:00,211.18565
2012-04-30 12:00:00,204.05136
2012-04-30 13:00:00,200.33272
2012-04-30 14:00:00,196.87798
2012-04-30 15:00:00,200.6239
2012-04-30 16:00:00,197.03375
2012-04-30 17:00:00,195.02885
2012-04-30 18:00:00,204.89928
2012-04-30 19:00:00,188.99481
2012-04-30 20:00:00,194.45969
2012-04-30 21:00:00,194.45969
2012-04-30 22:00:00,204.64044
2012-04-30 23:00:00,208.657
2012-05-20 00:00:00,216.36363
2012-05-20 01:00:00,206.62859
2012-05-20 02:00:00,206.62859
2012-05-20 03:00:00,194.74748
2012-05-20 04:00:00,152.43962
2012-05-20 05:00:00,135.50562
2012-05-20 06:00:00,164.92836
2012-05-20 07:00:00,159.4636
2012-05-20 08:00:00,205.49016
2012-05-20 09:00:00,314.16876
2012-05-20 10:00:00,314.34354
2012-05-20 11:00:00,310.26236
2012-05-20 12:00:00,316.0132
2012-05-20 13:00:00,311.57928
2012-05-20 14:00:00,318.2409
2012-05-20 15:00:00,320.37592
2012-05-20 16:00:00,307.0899
2012-05-20 17:00:00,295.9457
2012-05-20 18:00:00,276.0404
2012-05-20 19:00:00,240.12321
2012-05-20 20:00:00,240.12321
2012-05-20 21:00:00,208.02322
2012-05-20 22:00:00,186.07011
2012-05-20 23:00:00,178.82704
2012-05-21 00:00:00,136.22299
2012-05-21 01:00:00,140.23955
2012-05-21 02:00:00,109.17955
2012-05-21 03:00:00,124.61836
2012-05-21 04:00:00,130.4722
2012-05-21 05:00:00,130.4722
2012-05-21 06:00:00,130.4722
2012-05-21 07:00:00,130.4722
2012-05-21 08:00:00,127.45811
2012-05-21 09:00:00,125.453186
2012-05-21 10:00:00,135.22052
2012-05-21 11:00:00,142.28932
2012-05-21 12:00:00,148.3108
2012-05-21 13:00:00,154.16461
2012-05-21 14:00:00,150.14803
2012-05-21 15:00:00,190.35689
2012-05-21 16:00:00,194.37347
2012-05-21 17:00:00,212.28279
2012-05-21 18:00:00,178.48155
2012-05-21 19:00:00,195.38846
2012-05-21 20:00:00,192.67224
2012-05-21 21:00:00,188.03807
2012-05-21 22:00:00,182.60127
2012-05-21 23:00:00,184.78055
2012-05-22 00:00:00,136.73332
2012-05-22 01:00:00,134.55403
2012-05-22 02:00:00,132.5491
2012-05-22 03:00:00,132.5491
2012-05-22 04:00:00,115.58278
2012-05-22 05:00:00,123.44155
2012-05-22 06:00:00,117.42004
2012-05-22 07:00:00,117.42004
2012-05-22 08:00:00,113.571144
2012-05-22 09:00:00,138.27275
2012-05-22 10:00:00,156.62645
2012-05-22 11:00:00,150.59822
2012-05-22 12:00:00,163.35254
2012-05-22 13:00:00,177.30472
2012-05-22 14:00:00,184.3354
2012-05-22 15:00:00,231.23427
2012-05-22 16:00:00,226.51317
2012-05-22 17:00:00,252.2818
2012-05-22 18:00:00,228.51804
2012-05-22 19:00:00,204.42406
2012-05-22 20:00:00,188.51965
2012-05-22 21:00:00,159.50365
2012-05-22 22:00:00,171.72836
2012-05-22 23:00:00,172.7308
2012-05-23 00:00:00,159.50365
2012-05-23 01:00:00,136.43549
2012-05-23 02:00:00,142.28932
2012-05-23 03:00:00,151.77505
2012-05-23 04:00:00,144.4244
2012-05-23 05:00:00,127.45811
2012-05-23 06:00:00,105.7124
2012-05-23 07:00:00,119.66462
2012-05-23 08:00:00,119.66462
2012-05-23 09:00:00,156.32188
2012-05-23 10:00:00,156.49626
2012-05-23 11:00:00,171.45091
2012-05-23 12:00:00,201.2423
2012-05-23 13:00:00,191.02922
2012-05-23 14:00:00,216.33229
2012-05-23 15:00:00,231.0599
2012-05-23 16:00:00,242.94199
2012-05-23 17:00:00,202.37495
2012-05-23 18:00:00,202.37495
2012-05-23 19:00:00,148.04012
2012-05-23 20:00:00,143.02107
2012-05-23 21:00:00,136.99286
2012-05-23 22:00:00,148.04012
2012-05-23 23:00:00,134.42384
2012-05-24 00:00:00,131.41646
2012-05-24 01:00:00,112.087425
2012-05-24 02:00:00,106.05922
2012-05-24 03:00:00,118.94373
2012-05-24 04:00:00,122.960304
2012-05-24 05:00:00,122.960304
2012-05-24 06:00:00,122.960304
2012-05-24 07:00:00,132.41891
2012-05-24 08:00:00,174.73576
2012-05-24 09:00:00,176.7474
2012-05-24 10:00:00,204.85791
2012-05-24 11:00:00,210.58157
2012-05-24 12:00:00,241.37607
2012-05-24 13:00:00,263.32898
2012-05-24 14:00:00,270.02283
2012-05-24 15:00:00,272.0278
2012-05-24 16:00:00,279.05844
2012-05-24 17:00:00,274.03934
2012-05-24 18:00:00,274.37628
2012-05-24 19:00:00,245.2889
2012-05-24 20:00:00,214.29448
2012-05-24 21:00:00,174.84967
2012-05-24 22:00:00,164.97922
2012-05-24 23:00:00,166.98418
2012-05-25 00:00:00,140.17464
2012-05-25 01:00:00,137.16722
2012-05-25 02:00:00,136.99286
2012-05-25 03:00:00,124.66737
2012-05-25 04:00:00,117.63671
2012-05-25 05:00:00,123.66495
2012-05-25 06:00:00,124.66737
2012-05-25 07:00:00,128.68394
2012-05-25 08:00:00,127.37172
2012-05-25 09:00:00,129.37663
2012-05-25 10:00:00,175.69394
2012-05-25 11:00:00,173.68236
2012-05-25 12:00:00,226.85231
2012-05-25 13:00:00,242.66957
2012-05-25 14:00:00,254.85535
2012-05-25 15:00:00,256.5338
2012-05-25 16:00:00,290.63647
2012-05-25 17:00:00,262.56204
2012-05-25 18:00:00,256.5338
2012-05-25 19:00:00,250.70279
2012-05-25 20:00:00,224.06763
2012-05-25 21:00:00,222.05592
2012-05-25 22:00:00,181.15881
2012-05-25 23:00:00,172.90936
2012-05-26 00:00:00,142.08861
2012-05-26 01:00:00,140.07695
2012-05-26 02:00:00,121.798386
2012-05-26 03:00:00,117.08915
2012-05-26 04:00:00,119.09404
2012-05-26 05:00:00,146.48334
2012-05-26 06:00:00,123.11062
2012-05-26 07:00:00,126.95952
2012-05-26 08:00:00,159.40596
2012-05-26 09:00:00,144.0935
2012-05-26 10:00:00,177.98619
2012-05-26 11:00:00,201.05429
2012-05-26 12:00:00,238.91173
2012-05-26 13:00:00,246.74776
2012-05-26 14:00:00,248.75941
2012-05-26 15:00:00,252.77602
2012-05-26 16:00:00,285.90173
2012-05-26 17:00:00,296.7708
2012-05-26 18:00:00,287.03058
2012-05-26 19:00:00,244.76555
2012-05-26 20:00:00,272.1406
2012-05-26 21:00:00,249.18887
2012-05-26 22:00:00,205.07088
2012-05-26 23:00:00,205.07088
2012-05-27 00:00:00,210.28761
2012-05-27 01:00:00,187.46751
2012-05-27 02:00:00,184.79033
2012-05-27 03:00:00,180.77374
2012-05-27 04:00:00,142.46675
2012-05-27 05:00:00,142.46675
2012-05-27 06:00:00,140.46184
2012-05-27 07:00:00,121.10571
2012-05-27 08:00:00,144.0935
2012-05-27 09:00:00,155.95282
2012-05-27 10:00:00,195.2232
2012-05-27 11:00:00,233.161
2012-05-27 12:00:00,240.91667
2012-05-27 13:00:00,266.9951
2012-05-27 14:00:00,271.01175
2012-05-27 15:00:00,292.92865
2012-05-27 16:00:00,292.92865
2012-05-27 17:00:00,303.07037
2012-05-27 18:00:00,274.0258
2012-05-27 19:00:00,266.9951
2012-05-27 20:00:00,264.28183
2012-05-27 21:00:00,227.45946
2012-05-27 22:00:00,141.12227
2012-05-27 23:00:00,150.15787
2012-05-28 00:00:00,136.15388
2012-05-28 01:00:00,166.35571
2012-05-28 02:00:00,130.4031
2012-05-28 03:00:00,166.69844
2012-05-28 04:00:00,143.73106
2012-05-28 05:00:00,143.73106
2012-05-28 06:00:00,166.69844
2012-05-28 07:00:00,147.44977
2012-05-28 08:00:00,179.31134
2012-05-28 09:00:00,215.15706
2012-05-28 10:00:00,215.15706
2012-05-28 11:00:00,218.80818
2012-05-28 12:00:00,242.46829
2012-05-28 13:00:00,273.28604
2012-05-28 14:00:00,273.28604
2012-05-28 15:00:00,297.2402
2012-05-28 16:00:00,299.2519
2012-05-28 17:00:00,297.2402
2012-05-28 18:00:00,282.35013
2012-05-28 19:00:00,290.43896
2012-05-28 20:00:00,263.36328
2012-05-28 21:00:00,244.45149
2012-05-28 22:00:00,214.38492
2012-05-28 23:00:00,200.57248
2012-05-29 00:00:00,187.54654
2012-05-29 01:00:00,187.54654
2012-05-29 02:00:00,161.49669
2012-05-29 03:00:00,183.72716
2012-05-29 04:00:00,172.90936
2012-05-29 05:00:00,172.90936
2012-05-29 06:00:00,172.90936
2012-05-29 07:00:00,172.90936
2012-05-29 08:00:00,202.77867
2012-05-29 09:00:00,224.7046
2012-05-29 10:00:00,233.46948
2012-05-29 11:00:00,263.5645
2012-05-29 12:00:00,302.49957
2012-05-29 13:00:00,321.37903
2012-05-29 14:00:00,323.384
2012-05-29 15:00:00,330.51822
2012-05-29 16:00:00,337.5423
2012-05-29 17:00:00,337.56558
2012-05-29 18:00:00,327.6946
2012-05-29 19:00:00,299.6721
2012-05-29 20:00:00,272.0604
2012-05-29 21:00:00,147.89449
2012-05-29 22:00:00,123.66495
2012-05-29 23:00:00,101.11508
2012-05-30 00:00:00,133.22556
2012-05-30 01:00:00,139.24706
2012-05-30 02:00:00,107.14331
2012-05-30 03:00:00,132.52612
2012-05-30 04:00:00,126.6723
2012-05-30 05:00:00,165.35744
2012-05-30 06:00:00,157.62892
2012-05-30 07:00:00,169.50421
2012-05-30 08:00:00,180.97444
2012-05-30 09:00:00,200.91588
2012-05-30 10:00:00,206.94409
2012-05-30 11:00:00,220.45195
2012-05-30 12:00:00,246.53105
2012-05-30 13:00:00,255.6703
2012-05-30 14:00:00,293.7505
2012-05-30 15:00:00,270.45663
2012-05-30 16:00:00,272.46826
2012-05-30 17:00:00,278.21533
2012-05-30 18:00:00,283.23434
2012-05-30 19:00:00,263.32898
2012-05-30 20:00:00,193.14743
2012-05-30 21:00:00,238.69884
2012-05-30 22:00:00,196.39091
2012-05-30 23:00:00,208.57668
2012-05-31 00:00:00,192.67224
2012-05-31 01:00:00,189.66487
2012-05-31 02:00:00,201.85051
2012-05-31 03:00:00,188.03807
2012-05-31 04:00:00,182.00989
2012-05-31 05:00:00,199.0786
2012-05-31 06:00:00,179.1372
2012-05-31 07:00:00,214.69565
2012-05-31 08:00:00,239.73259
2012-05-31 09:00:00,273.45032
2012-05-31 10:00:00,314.24164
2012-05-31 11:00:00,319.02744
2012-05-31 12:00:00,312.99915
2012-05-31 13:00:00,316.70224
2012-05-31 14:00:00,338.65518
2012-05-31 15:00:00,339.593
2012-05-31 16:00:00,338.59055
2012-05-31 17:00:00,336.65024
2012-05-31 18:00:00,335.95093
2012-05-31 19:00:00,320.13358
2012-05-31 20:00:00,282.3189
2012-05-31 21:00:00,282.3189
2012-05-31 22:00:00,258.28955
2012-05-31 23:00:00,250.12044
2012-06-20 00:00:00,187.54654
2012-06-20 01:00:00,177.69894
2012-06-20 02:00:00,153.66069
2012-06-20 03:00:00,151.64897
2012-06-20 04:00:00,148.64162
2012-06-20 05:00:00,148.64162
2012-06-20 06:00:00,126.369255
2012-06-20 07:00:00,126.06468
2012-06-20 08:00:00,187.37894
2012-06-20 09:00:00,205.42804
2012-06-20 10:00:00,304.30365
2012-06-20 11:00:00,323.2102
2012-06-20 12:00:00,333.02194
2012-06-20 13:00:00,334.04752
2012-06-20 14:00:00,361.02487
2012-06-20 15:00:00,365.90915
2012-06-20 16:00:00,372.9398
2012-06-20 17:00:00,359.8163
2012-06-20 18:00:00,359.81628
2012-06-20 19:00:00,367.03738
2012-06-20 20:00:00,353.18887
2012-06-20 21:00:00,323.19754
2012-06-20 22:00:00,316.48038
2012-06-20 23:00:00,269.4993
2012-06-21 00:00:00,242.08263
2012-06-21 01:00:00,216.0454
2012-06-21 02:00:00,214.04056
2012-06-21 03:00:00,222.24199
2012-06-21 04:00:00,187.95828
2012-06-21 05:00:00,188.96078
2012-06-21 06:00:00,193.81215
2012-06-21 07:00:00,193.81215
2012-06-21 08:00:00,236.05444
2012-06-21 09:00:00,316.1251
2012-06-21 10:00:00,339.85657
2012-06-21 11:00:00,367.85962
2012-06-21 12:00:00,401.62915
2012-06-21 13:00:00,388.57693
2012-06-21 14:00:00,383.68375
2012-06-21 15:00:00,411.4407
2012-06-21 16:00:00,397.61264
2012-06-21 17:00:00,372.63638
2012-06-21 18:00:00,371.8762
2012-06-21 19:00:00,385.7043
2012-06-21 20:00:00,362.7369
2012-06-21 21:00:00,330.98798
2012-06-21 22:00:00,297.9697
2012-06-21 23:00:00,301.01236
2012-06-22 00:00:00,258.78662
2012-06-22 01:00:00,245.81416
2012-06-22 02:00:00,212.73352
2012-06-22 03:00:00,212.73352
2012-06-22 04:00:00,263.94168
2012-06-22 05:00:00,260.12216
2012-06-22 06:00:00,254.09395
2012-06-22 07:00:00,279.53476
2012-06-22 08:00:00,292.4132
2012-06-22 09:00:00,293.39905
2012-06-22 10:00:00,332.1875
2012-06-22 11:00:00,328.27466
2012-06-22 12:00:00,341.86142
2012-06-22 13:00:00,385.7043
2012-06-22 14:00:00,385.7043
2012-06-22 15:00:00,412.6764
2012-06-22 16:00:00,411.7024
2012-06-22 17:00:00,365.16904
2012-06-22 18:00:00,321.97885
2012-06-22 19:00:00,324.378
2012-06-22 20:00:00,324.378
2012-06-22 21:00:00,260.75256
2012-06-22 22:00:00,226.81444
2012-06-22 23:00:00,202.64967
2012-06-23 00:00:00,153.70912
2012-06-23 01:00:00,187.8245
2012-06-23 02:00:00,172.61513
2012-06-23 03:00:00,165.5912
2012-06-23 04:00:00,170.61021
2012-06-23 05:00:00,172.61513
2012-06-23 06:00:00,159.73735
2012-06-23 07:00:00,164.7564
2012-06-23 08:00:00,231.11823
2012-06-23 09:00:00,266.00287
2012-06-23 10:00:00,288.9545
2012-06-23 11:00:00,313.9179
2012-06-23 12:00:00,342.73685
2012-06-23 13:00:00,371.78143
2012-06-23 14:00:00,363.24594
2012-06-23 15:00:00,394.63626
2012-06-23 16:00:00,400.68616
2012-06-23 17:00:00,396.04538
2012-06-23 18:00:00,399.05954
2012-06-23 19:00:00,383.2587
2012-06-23 20:00:00,365.32236
2012-06-23 21:00:00,349.48923
2012-06-23 22:00:00,329.5479
2012-06-23 23:00:00,299.56537
2012-06-24 00:00:00,276.6137
2012-06-24 01:00:00,273.63278
2012-06-24 02:00:00,276.74384
2012-06-24 03:00:00,234.37141
2012-06-24 04:00:00,228.34315
2012-06-24 05:00:00,211.98886
2012-06-24 06:00:00,227.81294
2012-06-24 07:00:00,211.61066
2012-06-24 08:00:00,255.28873
2012-06-24 09:00:00,282.36444
2012-06-24 10:00:00,323.22556
2012-06-24 11:00:00,332.26102
2012-06-24 12:00:00,366.9917
2012-06-24 13:00:00,371.00833
2012-06-24 14:00:00,392.6246
2012-06-24 15:00:00,399.4219
2012-06-24 16:00:00,389.6105
2012-06-24 17:00:00,383.51752
2012-06-24 18:00:00,375.798
2012-06-24 19:00:00,360.87558
2012-06-24 20:00:00,327.7664
2012-06-24 21:00:00,296.71692
2012-06-24 22:00:00,282.93304
2012-06-24 23:00:00,273.79382
2012-06-25 00:00:00,271.74387
2012-06-25 01:00:00,250.752
2012-06-25 02:00:00,235.51979
2012-06-25 03:00:00,234.84753
2012-06-25 04:00:00,197.5821
2012-06-25 05:00:00,207.84315
2012-06-25 06:00:00,185.8098
2012-06-25 07:00:00,211.85968
2012-06-25 08:00:00,225.0802
2012-06-25 09:00:00,248.74031
2012-06-25 10:00:00,294.42484
2012-06-25 11:00:00,353.50363
2012-06-25 12:00:00,335.65445
2012-06-25 13:00:00,304.17163
2012-06-25 14:00:00,338.6301
2012-06-25 15:00:00,363.7996
2012-06-25 16:00:00,385.8564
2012-06-25 17:00:00,408.07626
2012-06-25 18:00:00,390.58408
2012-06-25 19:00:00,385.83597
2012-06-25 20:00:00,374.06735
2012-06-25 21:00:00,354.55988
2012-06-25 22:00:00,359.99615
2012-06-25 23:00:00,342.1671
2012-06-26 00:00:00,340.54028
2012-06-26 01:00:00,336.83737
2012-06-26 02:00:00,277.519
2012-06-26 03:00:00,265.7025
2012-06-26 04:00:00,266.705
2012-06-26 05:00:00,257.8431
2012-06-26 06:00:00,239.62926
2012-06-26 07:00:00,243.64577
2012-06-26 08:00:00,262.25455
2012-06-26 09:00:00,283.16614
2012-06-26 10:00:00,318.1739
2012-06-26 11:00:00,339.04932
2012-06-26 12:00:00,348.78055
2012-06-26 13:00:00,369.34634
2012-06-26 14:00:00,369.34634
2012-06-26 15:00:00,381.1627
2012-06-26 16:00:00,385.16364
2012-06-26 17:00:00,378.14856
2012-06-26 18:00:00,374.132
2012-06-26 19:00:00,365.09644
2012-06-26 20:00:00,357.29666
2012-06-26 21:00:00,337.45584
2012-06-26 22:00:00,335.72162
2012-06-26 23:00:00,303.1101
2012-06-27 00:00:00,307.12662
2012-06-27 01:00:00,297.40207
2012-06-27 02:00:00,249.19566
2012-06-27 03:00:00,261.07837
2012-06-27 04:00:00,312.56293
2012-06-27 05:00:00,305.43524
2012-06-27 06:00:00,274.1305
2012-06-27 07:00:00,310.4542
2012-06-27 08:00:00,310.07614
2012-06-27 09:00:00,321.42737
2012-06-27 10:00:00,333.95993
2012-06-27 11:00:00,367.661
2012-06-27 12:00:00,374.4465
2012-06-27 13:00:00,394.02545
2012-06-27 14:00:00,401.0457
2012-06-27 15:00:00,406.10745
2012-06-27 16:00:00,412.82462
2012-06-27 17:00:00,408.80807
2012-06-27 18:00:00,394.02545
2012-06-27 19:00:00,382.1819
2012-06-27 20:00:00,361.3231
2012-06-27 21:00:00,339.37003
2012-06-27 22:00:00,322.5502
2012-06-27 23:00:00,293.83575
2012-06-28 00:00:00,276.9409
2012-06-28 01:00:00,257.72443
2012-06-28 02:00:00,275.9384
2012-06-28 03:00:00,275.9384
2012-06-28 04:00:00,236.0797
2012-06-28 05:00:00,251.35986
2012-06-28 06:00:00,251.35986
2012-06-28 07:00:00,236.0797
2012-06-28 08:00:00,278.9458
2012-06-28 09:00:00,280.24615
2012-06-28 10:00:00,307.90707
2012-06-28 11:00:00,372.7974
2012-06-28 12:00:00,401.40826
2012-06-28 13:00:00,407.23917
2012-06-28 14:00:00,413.2195
2012-06-28 15:00:00,413.2195
2012-06-28 16:00:00,415.9936
2012-06-28 17:00:00,419.04004
2012-06-28 18:00:00,406.1888
2012-06-28 19:00:00,394.34897
2012-06-28 20:00:00,373.50583
2012-06-28 21:00:00,296.42972
2012-06-28 22:00:00,303.56406
2012-06-28 23:00:00,303.89047
2012-06-29 00:00:00,303.89047
2012-06-29 01:00:00,296.76282
2012-06-29 02:00:00,275.81607
2012-06-29 03:00:00,275.81607
2012-06-29 04:00:00,246.73537
2012-06-29 05:00:00,254.9046
2012-06-29 06:00:00,264.77496
2012-06-29 07:00:00,254.9046
2012-06-29 08:00:00,290.51132
2012-06-29 09:00:00,294.42484
2012-06-29 10:00:00,400.57108
2012-06-29 11:00:00,400.4071
2012-06-29 12:00:00,414.33594
2012-06-29 13:00:00,412.18515
2012-06-29 14:00:00,430.1373
2012-06-29 15:00:00,415.07346
2012-06-29 16:00:00,415.07346
2012-06-29 17:00:00,439.94208
2012-06-29 18:00:00,417.9607
2012-06-29 19:00:00,381.51382
2012-06-29 20:00:00,406.48618
2012-06-29 21:00:00,353.49072
2012-06-29 22:00:00,325.62683
2012-06-29 23:00:00,325.62683
2012-06-30 00:00:00,158.18549
2012-06-30 01:00:00,162.20204
2012-06-30 02:00:00,141.28447
2012-06-30 03:00:00,141.28447
2012-06-30 04:00:00,116.20464
2012-06-30 05:00:00,146.47783
2012-06-30 06:00:00,146.47783
2012-06-30 07:00:00,146.47783
2012-06-30 08:00:00,146.47783
2012-06-30 09:00:00,146.47783
2012-06-30 10:00:00,405.18173
2012-06-30 11:00:00,405.18173
2012-06-30 12:00:00,405.18173
2012-06-30 13:00:00,405.18173
2012-06-30 14:00:00,405.18173
2012-06-30 15:00:00,405.18173
2012-06-30 16:00:00,407.95746
2012-06-30 17:00:00,391.05576
2012-06-30 18:00:00,377.00504
2012-06-30 19:00:00,355.18143
2012-06-30 20:00:00,327.25858
2012-06-30 21:00:00,327.25858
2012-06-30 22:00:00,285.31998
2012-06-30 23:00:00,280.3009
2012-07-20 00:00:00,160.61447
2012-07-20 01:00:00,151.91425
2012-07-20 02:00:00,154.7607
2012-07-20 03:00:00,155.76314
2012-07-20 04:00:00,159.77972
2012-07-20 05:00:00,157.76807
2012-07-20 06:00:00,159.77972
2012-07-20 07:00:00,161.78464
2012-07-20 08:00:00,192.02992
2012-07-20 09:00:00,212.05165
2012-07-20 10:00:00,214.0633
2012-07-20 11:00:00,247.00177
2012-07-20 12:00:00,197.88377
2012-07-20 13:00:00,193.86714
2012-07-20 14:00:00,204.68501
2012-07-20 15:00:00,207.86674
2012-07-20 16:00:00,203.07715
2012-07-20 17:00:00,176.84843
2012-07-20 18:00:00,208.4617
2012-07-20 19:00:00,180.36772
2012-07-20 20:00:00,193.25226
2012-07-20 21:00:00,187.60893
2012-07-20 22:00:00,172.71278
2012-07-20 23:00:00,178.74097
2012-07-21 00:00:00,182.87042
2012-07-21 01:00:00,175.00494
2012-07-21 02:00:00,157.79066
2012-07-21 03:00:00,155.77898
2012-07-21 04:00:00,156.1639
2012-07-21 05:00:00,154.15227
2012-07-21 06:00:00,154.15227
2012-07-21 07:00:00,148.2984
2012-07-21 08:00:00,163.53053
2012-07-21 09:00:00,159.51398
2012-07-21 10:00:00,154.15227
2012-07-21 11:00:00,169.2542
2012-07-21 12:00:00,173.10306
2012-07-21 13:00:00,169.08652
2012-07-21 14:00:00,149.92514
2012-07-21 15:00:00,155.77898
2012-07-21 16:00:00,151.76245
2012-07-21 17:00:00,149.7575
2012-07-21 18:00:00,145.90862
2012-07-21 19:00:00,143.9037
2012-07-21 20:00:00,149.7575
2012-07-21 21:00:00,143.90367
2012-07-21 22:00:00,139.88712
2012-07-21 23:00:00,132.85645
2012-07-22 00:00:00,139.88712
2012-07-22 01:00:00,143.90367
2012-07-22 02:00:00,139.88712
2012-07-22 03:00:00,139.88712
2012-07-22 04:00:00,127.00262
2012-07-22 05:00:00,127.00262
2012-07-22 06:00:00,163.96445
2012-07-22 07:00:00,157.93622
2012-07-22 08:00:00,178.89198
2012-07-22 09:00:00,216.15742
2012-07-22 10:00:00,200.92534
2012-07-22 11:00:00,200.92534
2012-07-22 12:00:00,231.61623
2012-07-22 13:00:00,245.8458
2012-07-22 14:00:00,247.79564
2012-07-22 15:00:00,247.79564
2012-07-22 16:00:00,253.54648
2012-07-22 17:00:00,261.5795
2012-07-22 18:00:00,257.56302
2012-07-22 19:00:00,239.62648
2012-07-22 20:00:00,221.71716
2012-07-22 21:00:00,202.4685
2012-07-22 22:00:00,223.72205
2012-07-22 23:00:00,196.63737
2012-07-23 00:00:00,148.90688
2012-07-23 01:00:00,155.93083
2012-07-23 02:00:00,139.52858
2012-07-23 03:00:00,139.52858
2012-07-23 04:00:00,142.53593
2012-07-23 05:00:00,142.53593
2012-07-23 06:00:00,168.73233
2012-07-23 07:00:00,190.96568
2012-07-23 08:00:00,214.04056
2012-07-23 09:00:00,242.85504
2012-07-23 10:00:00,281.85095
2012-07-23 11:00:00,324.9892
2012-07-23 12:00:00,324.9892
2012-07-23 13:00:00,320.97263
2012-07-23 14:00:00,302.0375
2012-07-23 15:00:00,316.1251
2012-07-23 16:00:00,326.97134
2012-07-23 17:00:00,326.97134
2012-07-23 18:00:00,339.1481
2012-07-23 19:00:00,325.157
2012-07-23 20:00:00,277.19672
2012-07-23 21:00:00,279.20172
2012-07-23 22:00:00,269.354
2012-07-23 23:00:00,253.53664
2012-07-24 00:00:00,221.42998
2012-07-24 01:00:00,198.36182
2012-07-24 02:00:00,176.32846
2012-07-24 03:00:00,176.32846
2012-07-24 04:00:00,171.30943
2012-07-24 05:00:00,172.31189
2012-07-24 06:00:00,174.31677
2012-07-24 07:00:00,223.44157
2012-07-24 08:00:00,249.10658
2012-07-24 09:00:00,324.737
2012-07-24 10:00:00,329.95697
2012-07-24 11:00:00,352.68536
2012-07-24 12:00:00,330.7918
2012-07-24 13:00:00,350.67368
2012-07-24 14:00:00,345.65466
2012-07-24 15:00:00,347.15796
2012-07-24 16:00:00,323.1557
2012-07-24 17:00:00,330.1826
2012-07-24 18:00:00,288.244
2012-07-24 19:00:00,277.19672
2012-07-24 20:00:00,259.28738
2012-07-24 21:00:00,263.30396
2012-07-24 22:00:00,265.3089
2012-07-24 23:00:00,290.58206
2012-07-25 00:00:00,282.84668
2012-07-25 01:00:00,270.0653
2012-07-25 02:00:00,257.21402
2012-07-25 03:00:00,239.27756
2012-07-25 04:00:00,233.55397
2012-07-25 05:00:00,229.53737
2012-07-25 06:00:00,231.54228
2012-07-25 07:00:00,292.00452
2012-07-25 08:00:00,318.72778
2012-07-25 09:00:00,342.6976
2012-07-25 10:00:00,324.24164
2012-07-25 11:00:00,342.17795
2012-07-25 12:00:00,342.17795
2012-07-25 13:00:00,365.04175
2012-07-25 14:00:00,374.87375
2012-07-25 15:00:00,360.02277
2012-07-25 16:00:00,376.88544
2012-07-25 17:00:00,359.74518
2012-07-25 18:00:00,380.96658
2012-07-25 19:00:00,351.21365
2012-07-25 20:00:00,326.14957
2012-07-25 21:00:00,307.27896
2012-07-25 22:00:00,266.04874
2012-07-25 23:00:00,274.4188
2012-07-26 00:00:00,237.26588
2012-07-26 01:00:00,239.27756
2012-07-26 02:00:00,229.09679
2012-07-26 03:00:00,227.09183
2012-07-26 04:00:00,209.84807
2012-07-26 05:00:00,209.84807
2012-07-26 06:00:00,197.5821
2012-07-26 07:00:00,229.46312
2012-07-26 08:00:00,235.31686
2012-07-26 09:00:00,245.19318
2012-07-26 10:00:00,251.11824
2012-07-26 11:00:00,296.94376
2012-07-26 12:00:00,336.79047
2012-07-26 13:00:00,354.6676
2012-07-26 14:00:00,385.53043
2012-07-26 15:00:00,409.50037
2012-07-26 16:00:00,425.24417
2012-07-26 17:00:00,398.54654
2012-07-26 18:00:00,415.51288
2012-07-26 19:00:00,392.52502
2012-07-26 20:00:00,356.69583
2012-07-26 21:00:00,358.39554
2012-07-26 22:00:00,358.39554
2012-07-26 23:00:00,239.33926
2012-07-27 00:00:00,230.30373
2012-07-27 01:00:00,237.33437
2012-07-27 02:00:00,206.19783
2012-07-27 03:00:00,223.44159
2012-07-27 04:00:00,197.16225
2012-07-27 05:00:00,181.93005
2012-07-27 06:00:00,197.16225
2012-07-27 07:00:00,243.35583
2012-07-27 08:00:00,264.11606
2012-07-27 09:00:00,346.1554
2012-07-27 10:00:00,334.7948
2012-07-27 11:00:00,356.8892
2012-07-27 12:00:00,356.92532
2012-07-27 13:00:00,353.87512
2012-07-27 14:00:00,364.72522
2012-07-27 15:00:00,373.88785
2012-07-27 16:00:00,349.8586
2012-07-27 17:00:00,377.9044
2012-07-27 18:00:00,343.1646
2012-07-27 19:00:00,330.98798
2012-07-27 20:00:00,292.16708
2012-07-27 21:00:00,292.16708
2012-07-27 22:00:00,294.1721
2012-07-27 23:00:00,258.08783
2012-07-28 00:00:00,263.613
2012-07-28 01:00:00,234.60753
2012-07-28 02:00:00,228.57927
2012-07-28 03:00:00,228.57927
2012-07-28 04:00:00,208.48994
2012-07-28 05:00:00,196.63737
2012-07-28 06:00:00,225.76233
2012-07-28 07:00:00,237.61485
2012-07-28 08:00:00,257.56302
2012-07-28 09:00:00,290.44272
2012-07-28 10:00:00,331.27524
2012-07-28 11:00:00,364.28458
2012-07-28 12:00:00,362.31564
2012-07-28 13:00:00,376.18
2012-07-28 14:00:00,376.13712
2012-07-28 15:00:00,401.1004
2012-07-28 16:00:00,374.13214
2012-07-28 17:00:00,343.44522
2012-07-28 18:00:00,354.4887
2012-07-28 19:00:00,173.40445
2012-07-28 20:00:00,178.62056
2012-07-28 21:00:00,184.81711
2012-07-28 22:00:00,184.81711
2012-07-28 23:00:00,169.585
2012-07-29 00:00:00,150.18983
2012-07-29 01:00:00,170.58746
2012-07-29 02:00:00,204.10709
2012-07-29 03:00:00,225.36746
2012-07-29 04:00:00,217.6321
2012-07-29 05:00:00,184.46358
2012-07-29 06:00:00,203.44148
2012-07-29 07:00:00,227.37236
2012-07-29 08:00:00,249.02753
2012-07-29 09:00:00,270.01938
2012-07-29 10:00:00,254.57745
2012-07-29 11:00:00,296.71692
2012-07-29 12:00:00,303.74762
2012-07-29 13:00:00,330.56686
2012-07-29 14:00:00,333.5976
2012-07-29 15:00:00,338.72028
2012-07-29 16:00:00,338.72028
2012-07-29 17:00:00,352.5484
2012-07-29 18:00:00,351.73636
2012-07-29 19:00:00,292.7004
2012-07-29 20:00:00,253.54648
2012-07-29 21:00:00,237.61485
2012-07-29 22:00:00,225.76233
2012-07-29 23:00:00,218.73161
2012-07-30 00:00:00,218.42253
2012-07-30 01:00:00,212.39433
2012-07-30 02:00:00,202.54666
2012-07-30 03:00:00,165.28119
2012-07-30 04:00:00,165.28119
2012-07-30 05:00:00,172.31189
2012-07-30 06:00:00,176.32846
2012-07-30 07:00:00,203.19043
2012-07-30 08:00:00,235.12654
2012-07-30 09:00:00,241.90825
2012-07-30 10:00:00,269.1578
2012-07-30 11:00:00,308.11462
2012-07-30 12:00:00,291.21967
2012-07-30 13:00:00,328.27466
2012-07-30 14:00:00,332.29117
2012-07-30 15:00:00,334.2962
2012-07-30 16:00:00,336.30786
2012-07-30 17:00:00,305.47205
2012-07-30 18:00:00,306.4511
2012-07-30 19:00:00,328.98306
2012-07-30 20:00:00,245.36751
2012-07-30 21:00:00,243.35583
2012-07-30 22:00:00,233.312
2012-07-30 23:00:00,225.44649
2012-07-31 00:00:00,196.35019
2012-07-31 01:00:00,174.31677
2012-07-31 02:00:00,174.31677
2012-07-31 03:00:00,171.30945
2012-07-31 04:00:00,171.30943
2012-07-31 05:00:00,176.32846
2012-07-31 06:00:00,148.20226
2012-07-31 07:00:00,190.19269
2012-07-31 08:00:00,206.19788
2012-07-31 09:00:00,237.33437
2012-07-31 10:00:00,242.48941
2012-07-31 11:00:00,278.3352
2012-07-31 12:00:00,322.26993
2012-07-31 13:00:00,322.15326
2012-07-31 14:00:00,322.15326
2012-07-31 15:00:00,275.1851
2012-07-31 16:00:00,293.39905
2012-07-31 17:00:00,313.30426
2012-07-31 18:00:00,302.45792
2012-07-31 19:00:00,292.1089
2012-07-31 20:00:00,245.21582
2012-07-31 21:00:00,200.36671
2012-07-31 22:00:00,219.61539
2012-07-31 23:00:00,182.18222
2012-08-20 00:00:00,160.94054
2012-08-20 01:00:00,159.10329
2012-08-20 02:00:00,159.10329
2012-08-20 03:00:00,135.75774
2012-08-20 04:00:00,159.93808
2012-08-20 05:00:00,153.9099
2012-08-20 06:00:00,182.3016
2012-08-20 07:00:00,188.02525
2012-08-20 08:00:00,201.25246
2012-08-20 09:00:00,212.1583
2012-08-20 10:00:00,218.18646
2012-08-20 11:00:00,231.24442
2012-08-20 12:00:00,249.28397
2012-08-20 13:00:00,266.04874
2012-08-20 14:00:00,285.99673
2012-08-20 15:00:00,292.0183
2012-08-20 16:00:00,292.0183
2012-08-20 17:00:00,276.0935
2012-08-20 18:00:00,196.05836
2012-08-20 19:00:00,192.04181
2012-08-20 20:00:00,178.74097
2012-08-20 21:00:00,148.05605
2012-08-20 22:00:00,153.9099
2012-08-20 23:00:00,153.9099
2012-08-21 00:00:00,159.93808
2012-08-21 01:00:00,162.94547
2012-08-21 02:00:00,152.03448
2012-08-21 03:00:00,121.34952
2012-08-21 04:00:00,121.34952
2012-08-21 05:00:00,142.60986
2012-08-21 06:00:00,143.61232
2012-08-21 07:00:00,174.44289
2012-08-21 08:00:00,176.44777
2012-08-21 09:00:00,206.30441
2012-08-21 10:00:00,243.4301
2012-08-21 11:00:00,269.1988
2012-08-21 12:00:00,298.24344
2012-08-21 13:00:00,315.10233
2012-08-21 14:00:00,336.02057
2012-08-21 15:00:00,329.9924
2012-08-21 16:00:00,329.9924
2012-08-21 17:00:00,304.7959
2012-08-21 18:00:00,290.01337
2012-08-21 19:00:00,207.10628
2012-08-21 20:00:00,194.11868
2012-08-21 21:00:00,194.11868
2012-08-21 22:00:00,174.76257
2012-08-21 23:00:00,153.80682
2012-08-22 00:00:00,160.83751
2012-08-22 01:00:00,173.13583
2012-08-22 02:00:00,173.13583
2012-08-22 03:00:00,173.13583
2012-08-22 04:00:00,149.36308
2012-08-22 05:00:00,167.41222
2012-08-22 06:00:00,188.3679
2012-08-22 07:00:00,173.13583
2012-08-22 08:00:00,200.14691
2012-08-22 09:00:00,229.9645
2012-08-22 10:00:00,253.90208
2012-08-22 11:00:00,268.7921
2012-08-22 12:00:00,285.71558
2012-08-22 13:00:00,307.6091
2012-08-22 14:00:00,316.7484
2012-08-22 15:00:00,309.61417
2012-08-22 16:00:00,304.39825
2012-08-22 17:00:00,304.39825
2012-08-22 18:00:00,263.17093
2012-08-22 19:00:00,202.64967
2012-08-22 20:00:00,207.17088
2012-08-22 21:00:00,194.11868
2012-08-22 22:00:00,194.11868
2012-08-22 23:00:00,155.43356
2012-08-23 00:00:00,174.76257
2012-08-23 01:00:00,153.80682
2012-08-23 02:00:00,153.80685
2012-08-23 03:00:00,159.83504
2012-08-23 04:00:00,153.80682
2012-08-23 05:00:00,153.80682
2012-08-23 06:00:00,140.60907
2012-08-23 07:00:00,165.68884
2012-08-23 08:00:00,208.67801
2012-08-23 09:00:00,226.30988
2012-08-23 10:00:00,274.51572
2012-08-23 11:00:00,306.60678
2012-08-23 12:00:00,332.66953
2012-08-23 13:00:00,354.29617
2012-08-23 14:00:00,327.48587
2012-08-23 15:00:00,321.45776
2012-08-23 16:00:00,311.62576
2012-08-23 17:00:00,324.7816
2012-08-23 18:00:00,309.9187
2012-08-23 19:00:00,290.11716
2012-08-23 20:00:00,254.9046
2012-08-23 21:00:00,256.90945
2012-08-23 22:00:00,255.03471
2012-08-23 23:00:00,217.88188
2012-08-24 00:00:00,217.88188
2012-08-24 01:00:00,199.9726
2012-08-24 02:00:00,212.02808
2012-08-24 03:00:00,194.11868
2012-08-24 04:00:00,199.9726
2012-08-24 05:00:00,174.76257
2012-08-24 06:00:00,159.66063
2012-08-24 07:00:00,180.6164
2012-08-24 08:00:00,202.64967
2012-08-24 09:00:00,268.61765
2012-08-24 10:00:00,306.43237
2012-08-24 11:00:00,313.46307
2012-08-24 12:00:00,321.5999
2012-08-24 13:00:00,346.26242
2012-08-24 14:00:00,328.59222
2012-08-24 15:00:00,315.4679
2012-08-24 16:00:00,315.4679
2012-08-24 17:00:00,306.6332
2012-08-24 18:00:00,273.581
2012-08-24 19:00:00,279.6649
2012-08-24 20:00:00,256.60574
2012-08-24 21:00:00,264.77496
2012-08-24 22:00:00,253.72768
2012-08-24 23:00:00,229.66092
2012-08-25 00:00:00,252.00331
2012-08-25 01:00:00,221.9082
2012-08-25 02:00:00,206.95354
2012-08-25 03:00:00,216.33183
2012-08-25 04:00:00,223.18813
2012-08-25 05:00:00,209.29541
2012-08-25 06:00:00,189.93924
2012-08-25 07:00:00,191.9442
2012-08-25 08:00:00,217.99403
2012-08-25 09:00:00,240.98862
2012-08-25 10:00:00,259.90042
2012-08-25 11:00:00,277.88486
2012-08-25 12:00:00,311.04385
2012-08-25 13:00:00,312.3176
2012-08-25 14:00:00,251.26575
2012-08-25 15:00:00,220.34265
2012-08-25 16:00:00,221.00813
2012-08-25 17:00:00,223.01982
2012-08-25 18:00:00,247.28755
2012-08-25 19:00:00,198.97482
2012-08-25 20:00:00,180.85876
2012-08-25 21:00:00,176.1818
2012-08-25 22:00:00,176.1818
2012-08-25 23:00:00,175.00494
2012-08-26 00:00:00,152.49931
2012-08-26 01:00:00,148.48274
2012-08-26 02:00:00,156.34824
2012-08-26 03:00:00,158.35316
2012-08-26 04:00:00,154.33656
2012-08-26 05:00:00,148.48274
2012-08-26 06:00:00,152.8091
2012-08-26 07:00:00,148.48274
2012-08-26 08:00:00,204.67049
2012-08-26 09:00:00,202.65884
2012-08-26 10:00:00,272.62683
2012-08-26 11:00:00,270.61517
2012-08-26 12:00:00,256.32465
2012-08-26 13:00:00,218.61255
2012-08-26 14:00:00,142.46126
2012-08-26 15:00:00,166.21857
2012-08-26 16:00:00,166.21857
2012-08-26 17:00:00,150.4944
2012-08-26 18:00:00,147.31267
2012-08-26 19:00:00,152.3317
2012-08-26 20:00:00,146.47783
2012-08-26 21:00:00,162.7447
2012-08-26 22:00:00,138.75447
2012-08-26 23:00:00,158.11061
2012-08-27 00:00:00,153.80682
2012-08-27 01:00:00,140.47888
2012-08-27 02:00:00,143.48628
2012-08-27 03:00:00,140.47893
2012-08-27 04:00:00,153.80682
2012-08-27 05:00:00,134.45065
2012-08-27 06:00:00,134.45065
2012-08-27 07:00:00,165.28119
2012-08-27 08:00:00,171.30943
2012-08-27 09:00:00,172.31189
2012-08-27 10:00:00,231.2776
2012-08-27 11:00:00,261.29233
2012-08-27 12:00:00,266.14944
2012-08-27 13:00:00,292.42883
2012-08-27 14:00:00,323.2557
2012-08-27 15:00:00,323.1557
2012-08-27 16:00:00,320.14157
2012-08-27 17:00:00,337.3336
2012-08-27 18:00:00,315.30927
2012-08-27 19:00:00,251.11824
2012-08-27 20:00:00,249.10658
2012-08-27 21:00:00,235.29417
2012-08-27 22:00:00,194.98228
2012-08-27 23:00:00,192.97734
2012-08-28 00:00:00,198.99886
2012-08-28 01:00:00,169.9025
2012-08-28 02:00:00,192.19759
2012-08-28 03:00:00,151.91425
2012-08-28 04:00:00,174.31677
2012-08-28 05:00:00,177.16327
2012-08-28 06:00:00,155.76314
2012-08-28 07:00:00,178.1657
2012-08-28 08:00:00,176.16977
2012-08-28 09:00:00,214.06328
2012-08-28 10:00:00,273.37057
2012-08-28 11:00:00,310.29398
2012-08-28 12:00:00,336.30786
2012-08-28 13:00:00,357.2155
2012-08-28 14:00:00,376.0862
2012-08-28 15:00:00,380.53653
2012-08-28 16:00:00,381.47058
2012-08-28 17:00:00,373.6707
2012-08-28 18:00:00,347.76956
2012-08-28 19:00:00,315.0414
2012-08-28 20:00:00,300.25873
2012-08-28 21:00:00,299.25635
2012-08-28 22:00:00,269.1988
2012-08-28 23:00:00,254.33592
2012-08-29 00:00:00,212.02808
2012-08-29 01:00:00,215.34004
2012-08-29 02:00:00,197.40347
2012-08-29 03:00:00,195.39865
2012-08-29 04:00:00,201.80495
2012-08-29 05:00:00,199.79333
2012-08-29 06:00:00,199.79333
2012-08-29 07:00:00,224.51834
2012-08-29 08:00:00,247.4467
2012-08-29 09:00:00,291.39023
2012-08-29 10:00:00,304.27536
2012-08-29 11:00:00,298.24344
2012-08-29 12:00:00,324.95
2012-08-29 13:00:00,313.1334
2012-08-29 14:00:00,330.97815
2012-08-29 15:00:00,338.002
2012-08-29 16:00:00,339.02786
2012-08-29 17:00:00,356.87265
2012-08-29 18:00:00,324.1807
2012-08-29 19:00:00,282.25098
2012-08-29 20:00:00,254.33592
2012-08-29 21:00:00,264.75513
2012-08-29 22:00:00,257.72443
2012-08-29 23:00:00,248.58516
2012-08-30 00:00:00,206.30441
2012-08-30 01:00:00,218.4901
2012-08-30 02:00:00,188.3679
2012-08-30 03:00:00,188.3679
2012-08-30 04:00:00,188.3679
2012-08-30 05:00:00,188.3679
2012-08-30 06:00:00,159.10329
2012-08-30 07:00:00,194.11868
2012-08-30 08:00:00,224.21379
2012-08-30 09:00:00,257.01312
2012-08-30 10:00:00,274.94955
2012-08-30 11:00:00,330.97815
2012-08-30 12:00:00,318.75345
2012-08-30 13:00:00,307.6091
2012-08-30 14:00:00,309.61417
2012-08-30 15:00:00,333.31705
2012-08-30 16:00:00,342.4564
2012-08-30 17:00:00,375.5175
2012-08-30 18:00:00,351.55283
2012-08-30 19:00:00,309.61417
2012-08-30 20:00:00,279.53476
2012-08-30 21:00:00,251.52498
2012-08-30 22:00:00,220.45604
2012-08-30 23:00:00,219.42505
2012-08-31 00:00:00,186.17607
2012-08-31 01:00:00,186.17607
2012-08-31 02:00:00,151.91425
2012-08-31 03:00:00,149.90935
2012-08-31 04:00:00,146.19063
2012-08-31 05:00:00,148.20226
2012-08-31 06:00:00,154.05609
2012-08-31 07:00:00,149.03706
2012-08-31 08:00:00,218.24821
2012-08-31 09:00:00,236.05444
2012-08-31 10:00:00,272.17773
2012-08-31 11:00:00,406.1655
2012-08-31 12:00:00,409.24423
2012-08-31 13:00:00,416.9744
2012-08-31 14:00:00,421.76
2012-08-31 15:00:00,424.81042
2012-08-31 16:00:00,421.7962
2012-08-31 17:00:00,394.79187
2012-08-31 18:00:00,382.90402
2012-08-31 19:00:00,326.26297
2012-08-31 20:00:00,326.26297
2012-08-31 21:00:00,291.3874
2012-08-31 22:00:00,291.3874
2012-08-31 23:00:00,263.33255
2012-09-20 00:00:00,180.28499
2012-09-20 01:00:00,148.42342
2012-09-20 02:00:00,147.42096
2012-09-20 03:00:00,120.43701
2012-09-20 04:00:00,127.46766
2012-09-20 05:00:00,127.46766
2012-09-20 06:00:00,120.43701
2012-09-20 07:00:00,117.95917
2012-09-20 08:00:00,171.08104
2012-09-20 09:00:00,212.67766
2012-09-20 10:00:00,239.75334
2012-09-20 11:00:00,287.98166
2012-09-20 12:00:00,297.01724
2012-09-20 13:00:00,295.59756
2012-09-20 14:00:00,290.47482
2012-09-20 15:00:00,292.10153
2012-09-20 16:00:00,288.46994
2012-09-20 17:00:00,283.34723
2012-09-20 18:00:00,263.82004
2012-09-20 19:00:00,227.46397
2012-09-20 20:00:00,203.49924
2012-09-20 21:00:00,207.51582
2012-09-20 22:00:00,168.35295
2012-09-20 23:00:00,183.58504
2012-09-21 00:00:00,176.55437
2012-09-21 01:00:00,158.6179
2012-09-21 02:00:00,158.6179
2012-09-21 03:00:00,143.66324
2012-09-21 04:00:00,137.63503
2012-09-21 05:00:00,122.40289
2012-09-21 06:00:00,143.66324
2012-09-21 07:00:00,143.38579
2012-09-21 08:00:00,170.35783
2012-09-21 09:00:00,197.06435
2012-09-21 10:00:00,244.11284
2012-09-21 11:00:00,263.64902
2012-09-21 12:00:00,265.38315
2012-09-21 13:00:00,280.24615
2012-09-21 14:00:00,289.28174
2012-09-21 15:00:00,284.26266
2012-09-21 16:00:00,282.251
2012-09-21 17:00:00,273.41632
2012-09-21 18:00:00,253.46812
2012-09-21 19:00:00,235.55885
2012-09-21 20:00:00,217.72983
2012-09-21 21:00:00,203.80994
2012-09-21 22:00:00,199.79333
2012-09-21 23:00:00,208.83568
2012-09-22 00:00:00,204.09718
2012-09-22 01:00:00,160.69083
2012-09-22 02:00:00,136.69382
2012-09-22 03:00:00,153.93759
2012-09-22 04:00:00,153.93759
2012-09-22 05:00:00,156.95169
2012-09-22 06:00:00,154.94002
2012-09-22 07:00:00,172.90883
2012-09-22 08:00:00,205.09961
2012-09-22 09:00:00,221.64868
2012-09-22 10:00:00,244.58379
2012-09-22 11:00:00,274.36905
2012-09-22 12:00:00,293.308
2012-09-22 13:00:00,308.09067
2012-09-22 14:00:00,317.93448
2012-09-22 15:00:00,319.2415
2012-09-22 16:00:00,306.08572
2012-09-22 17:00:00,306.08572
2012-09-22 18:00:00,292.30554
2012-09-22 19:00:00,268.34088
2012-09-22 20:00:00,284.54312
2012-09-22 21:00:00,262.30267
2012-09-22 22:00:00,256.65936
2012-09-22 23:00:00,277.9844
2012-09-23 00:00:00,341.22592
2012-09-23 01:00:00,270.33994
2012-09-23 02:00:00,269.74423
2012-09-23 03:00:00,239.95891
2012-09-23 04:00:00,229.18918
2012-09-23 05:00:00,219.00835
2012-09-23 06:00:00,204.14545
2012-09-23 07:00:00,217.00348
2012-09-23 08:00:00,243.97548
2012-09-23 09:00:00,259.87994
2012-09-23 10:00:00,284.63428
2012-09-23 11:00:00,287.31143
2012-09-23 12:00:00,286.4127
2012-09-23 13:00:00,333.57764
2012-09-23 14:00:00,335.58252
2012-09-23 15:00:00,352.8263
2012-09-23 16:00:00,359.85696
2012-09-23 17:00:00,323.83627
2012-09-23 18:00:00,304.989
2012-09-23 19:00:00,282.00134
2012-09-23 20:00:00,282.00134
2012-09-23 21:00:00,265.56
2012-09-23 22:00:00,252.67543
2012-09-23 23:00:00,226.29854
2012-09-24 00:00:00,204.5305
2012-09-24 01:00:00,188.3283
2012-09-24 02:00:00,206.36772
2012-09-24 03:00:00,202.52565
2012-09-24 04:00:00,180.59972
2012-09-24 05:00:00,191.4784
2012-09-24 06:00:00,203.66411
2012-09-24 07:00:00,188.3283
2012-09-24 08:00:00,240.37637
2012-09-24 09:00:00,255.26633
2012-09-24 10:00:00,272.16806
2012-09-24 11:00:00,312.43716
2012-09-24 12:00:00,325.56064
2012-09-24 13:00:00,365.6627
2012-09-24 14:00:00,350.62216
2012-09-24 15:00:00,345.57968
2012-09-24 16:00:00,343.52945
2012-09-24 17:00:00,326.46075
2012-09-24 18:00:00,304.70865
2012-09-24 19:00:00,290.8533
2012-09-24 20:00:00,249.24489
2012-09-24 21:00:00,248.54549
2012-09-24 22:00:00,254.5737
2012-09-24 23:00:00,200.51393
2012-09-25 00:00:00,190.33987
2012-09-25 01:00:00,167.37251
2012-09-25 02:00:00,146.38963
2012-09-25 03:00:00,161.66077
2012-09-25 04:00:00,164.6682
2012-09-25 05:00:00,143.38225
2012-09-25 06:00:00,158.1686
2012-09-25 07:00:00,156.15697
2012-09-25 08:00:00,198.09555
2012-09-25 09:00:00,252.84799
2012-09-25 10:00:00,273.7714
2012-09-25 11:00:00,319.96625
2012-09-25 12:00:00,329.72986
2012-09-25 13:00:00,317.1591
2012-09-25 14:00:00,348.1831
2012-09-25 15:00:00,357.3224
2012-09-25 16:00:00,346.17142
2012-09-25 17:00:00,345.16904
2012-09-25 18:00:00,333.4328
2012-09-25 19:00:00,306.39316
2012-09-25 20:00:00,289.50192
2012-09-25 21:00:00,289.50192
2012-09-25 22:00:00,288.49948
2012-09-25 23:00:00,291.51358
2012-09-26 00:00:00,242.9651
2012-09-26 01:00:00,244.97673
2012-09-26 02:00:00,247.81656
2012-09-26 03:00:00,247.81656
2012-09-26 04:00:00,206.7824
2012-09-26 05:00:00,204.77751
2012-09-26 06:00:00,197.04219
2012-09-26 07:00:00,180.83992
2012-09-26 08:00:00,209.79646
2012-09-26 09:00:00,254.00294
2012-09-26 10:00:00,228.48938
2012-09-26 11:00:00,274.5093
2012-09-26 12:00:00,279.8818
2012-09-26 13:00:00,294.74472
2012-09-26 14:00:00,336.6031
2012-09-26 15:00:00,337.6055
2012-09-26 16:00:00,345.7423
2012-09-26 17:00:00,337.6055
2012-09-26 18:00:00,332.58646
2012-09-26 19:00:00,302.91385
2012-09-26 20:00:00,247.74805
2012-09-26 21:00:00,259.93372
2012-09-26 22:00:00,252.10522
2012-09-26 23:00:00,213.00255
2012-09-27 00:00:00,196.10814
2012-09-27 01:00:00,196.10814
2012-09-27 02:00:00,196.1082
2012-09-27 03:00:00,190.08
2012-09-27 04:00:00,134.77434
2012-09-27 05:00:00,165.00017
2012-09-27 06:00:00,150.04552
2012-09-27 07:00:00,190.07999
2012-09-27 08:00:00,227.2809
2012-09-27 09:00:00,246.88155
2012-09-27 10:00:00,325.9401
2012-09-27 11:00:00,323.65768
2012-09-27 12:00:00,332.41214
2012-09-27 13:00:00,323.37653
2012-09-27 14:00:00,344.2677
2012-09-27 15:00:00,338.23935
2012-09-27 16:00:00,313.37997
2012-09-27 17:00:00,260.63248
2012-09-27 18:00:00,255.61348
2012-09-27 19:00:00,255.91714
2012-09-27 20:00:00,249.88986
2012-09-27 21:00:00,208.26508
2012-09-27 22:00:00,208.26508
2012-09-27 23:00:00,199.22945
2012-09-28 00:00:00,174.14973
2012-09-28 01:00:00,163.10248
2012-09-28 02:00:00,183.18536
2012-09-28 03:00:00,185.6133
2012-09-28 04:00:00,162.75565
2012-09-28 05:00:00,144.0173
2012-09-28 06:00:00,137.6208
2012-09-28 07:00:00,131.59258
2012-09-28 08:00:00,176.75208
2012-09-28 09:00:00,189.35909
2012-09-28 10:00:00,212.31976
2012-09-28 11:00:00,240.54968
2012-09-28 12:00:00,314.7892
2012-09-28 13:00:00,323.92844
2012-09-28 14:00:00,314.7892
2012-09-28 15:00:00,311.0772
2012-09-28 16:00:00,313.49554
2012-09-28 17:00:00,306.3289
2012-09-28 18:00:00,311.8688
2012-09-28 19:00:00,318.1008
2012-09-28 20:00:00,301.31335
2012-09-28 21:00:00,303.3182
2012-09-28 22:00:00,277.31058
2012-09-28 23:00:00,260.40887
2012-09-29 00:00:00,236.93298
2012-09-29 01:00:00,236.93298
2012-09-29 02:00:00,254.97243
2012-09-29 03:00:00,238.07083
2012-09-29 04:00:00,236.23352
2012-09-29 05:00:00,214.28049
2012-09-29 06:00:00,218.29706
2012-09-29 07:00:00,202.39938
2012-09-29 08:00:00,205.07658
2012-09-29 09:00:00,214.28049
2012-09-29 10:00:00,251.12358
2012-09-29 11:00:00,271.04453
2012-09-29 12:00:00,335.10068
2012-09-29 13:00:00,335.10068
2012-09-29 14:00:00,333.50623
2012-09-29 15:00:00,324.3669
2012-09-29 16:00:00,332.08658
2012-09-29 17:00:00,346.62976
2012-09-29 18:00:00,283.29495
2012-09-29 19:00:00,242.39775
2012-09-29 20:00:00,244.4027
2012-09-29 21:00:00,240.38618
2012-09-29 22:00:00,208.25902
2012-09-29 23:00:00,219.44229
2012-09-30 00:00:00,213.4141
2012-09-30 01:00:00,213.4141
2012-09-30 02:00:00,195.50473
2012-09-30 03:00:00,183.59647
2012-09-30 04:00:00,183.59647
2012-09-30 05:00:00,156.61249
2012-09-30 06:00:00,162.64073
2012-09-30 07:00:00,141.38037
2012-09-30 08:00:00,190.34972
2012-09-30 09:00:00,214.00984
2012-09-30 10:00:00,287.0408
2012-09-30 11:00:00,322.36212
2012-09-30 12:00:00,335.10068
2012-09-30 13:00:00,332.08658
2012-09-30 14:00:00,332.08658
2012-09-30 15:00:00,348.94537
2012-09-30 16:00:00,346.94058
2012-09-30 17:00:00,352.3768
2012-09-30 18:00:00,249.29243
2012-09-30 19:00:00,194.55373
2012-09-30 20:00:00,194.55373
2012-09-30 21:00:00,185.99625
2012-09-30 22:00:00,168.08687
2012-09-30 23:00:00,174.1151
2012-10-20 00:00:00,140.9075
2012-10-20 01:00:00,171.37164
2012-10-20 02:00:00,148.41104
2012-10-20 03:00:00,144.6652
2012-10-20 04:00:00,156.61249
2012-10-20 05:00:00,114.67381
2012-10-20 06:00:00,153.90811
2012-10-20 07:00:00,114.67381
2012-10-20 08:00:00,186.60382
2012-10-20 09:00:00,222.44968
2012-10-20 10:00:00,249.5254
2012-10-20 11:00:00,261.30435
2012-10-20 12:00:00,277.27335
2012-10-20 13:00:00,290.42926
2012-10-20 14:00:00,288.52127
2012-10-20 15:00:00,279.38202
2012-10-20 16:00:00,295.78516
2012-10-20 17:00:00,307.00076
2012-10-20 18:00:00,295.15707
2012-10-20 19:00:00,265.09955
2012-10-20 20:00:00,289.4063
2012-10-20 21:00:00,253.56053
2012-10-20 22:00:00,227.61809
2012-10-20 23:00:00,193.51169
2012-10-21 00:00:00,222.4954
2012-10-21 01:00:00,208.57547
2012-10-21 02:00:00,186.64955
2012-10-21 03:00:00,163.69408
2012-10-21 04:00:00,139.53644
2012-10-21 05:00:00,163.69408
2012-10-21 06:00:00,175.60233
2012-10-21 07:00:00,175.60233
2012-10-21 08:00:00,166.09387
2012-10-21 09:00:00,225.17265
2012-10-21 10:00:00,267.0075
2012-10-21 11:00:00,286.9557
2012-10-21 12:00:00,307.9385
2012-10-21 13:00:00,314.72925
2012-10-21 14:00:00,316.80566
2012-10-21 15:00:00,325.84793
2012-10-21 16:00:00,307.00076
2012-10-21 17:00:00,297.16196
2012-10-21 18:00:00,293.14536
2012-10-21 19:00:00,276.25055
2012-10-21 20:00:00,266.43896
2012-10-21 21:00:00,216.74461
2012-10-21 22:00:00,205.69734
2012-10-21 23:00:00,211.44812
2012-10-22 00:00:00,177.3267
2012-10-22 01:00:00,149.90889
2012-10-22 02:00:00,144.15817
2012-10-22 03:00:00,177.3267
2012-10-22 04:00:00,159.39024
2012-10-22 05:00:00,134.95422
2012-10-22 06:00:00,125.106606
2012-10-22 07:00:00,165.41849
2012-10-22 08:00:00,173.56902
2012-10-22 09:00:00,197.50662
2012-10-22 10:00:00,227.3242
2012-10-22 11:00:00,310.43222
2012-10-22 12:00:00,311.22864
2012-10-22 13:00:00,364.34668
2012-10-22 14:00:00,368.3474
2012-10-22 15:00:00,365.9734
2012-10-22 16:00:00,352.16086
2012-10-22 17:00:00,348.14432
2012-10-22 18:00:00,218.43858
2012-10-22 19:00:00,249.24484
2012-10-22 20:00:00,222.16914
2012-10-22 21:00:00,191.07162
2012-10-22 22:00:00,142.6319
2012-10-22 23:00:00,140.627
2012-10-23 00:00:00,126.365005
2012-10-23 01:00:00,159.87566
2012-10-23 02:00:00,118.62971
2012-10-23 03:00:00,152.14037
2012-10-23 04:00:00,144.38469
2012-10-23 05:00:00,149.13298
2012-10-23 06:00:00,122.42647
2012-10-23 07:00:00,155.98927
2012-10-23 08:00:00,175.94258
2012-10-23 09:00:00,188.41942
2012-10-23 10:00:00,223.59355
2012-10-23 11:00:00,278.5584
2012-10-23 12:00:00,313.39212
2012-10-23 13:00:00,315.08347
2012-10-23 14:00:00,336.79382
2012-10-23 15:00:00,340.8104
2012-10-23 16:00:00,322.63553
2012-10-23 17:00:00,325.74655
2012-10-23 18:00:00,286.2134
2012-10-23 19:00:00,274.02768
2012-10-23 20:00:00,231.91788
2012-10-23 21:00:00,204.94585
2012-10-23 22:00:00,211.9765
2012-10-23 23:00:00,191.02069
2012-10-24 00:00:00,190.0183
2012-10-24 01:00:00,199.22218
2012-10-24 02:00:00,199.22218
2012-10-24 03:00:00,166.33102
2012-10-24 04:00:00,166.33101
2012-10-24 05:00:00,145.07072
2012-10-24 06:00:00,146.37776
2012-10-24 07:00:00,132.82037
2012-10-24 08:00:00,160.65952
2012-10-24 09:00:00,177.93561
2012-10-24 10:00:00,189.84386
2012-10-24 11:00:00,222.88226
2012-10-24 12:00:00,257.74512
2012-10-24 13:00:00,280.39224
2012-10-24 14:00:00,385.30304
2012-10-24 15:00:00,340.49677
2012-10-24 16:00:00,368.13077
2012-10-24 17:00:00,301.71722
2012-10-24 18:00:00,310.85638
2012-10-24 19:00:00,293.69388
2012-10-24 20:00:00,263.59888
2012-10-24 21:00:00,264.6014
2012-10-24 22:00:00,255.84026
2012-10-24 23:00:00,222.5786
2012-10-25 00:00:00,253.83534
2012-10-25 01:00:00,210.69652
2012-10-25 02:00:00,171.80438
2012-10-25 03:00:00,147.43233
2012-10-25 04:00:00,145.42741
2012-10-25 05:00:00,149.44395
2012-10-25 06:00:00,151.44891
2012-10-25 07:00:00,151.44891
2012-10-25 08:00:00,164.67609
2012-10-25 09:00:00,166.68103
2012-10-25 10:00:00,168.41518
2012-10-25 11:00:00,166.4103
2012-10-25 12:00:00,187.36604
2012-10-25 13:00:00,180.33539
2012-10-25 14:00:00,218.44456
2012-10-25 15:00:00,248.5668
2012-10-25 16:00:00,232.64198
2012-10-25 17:00:00,232.64198
2012-10-25 18:00:00,166.28008
2012-10-25 19:00:00,166.57794
2012-10-25 20:00:00,147.43233
2012-10-25 21:00:00,147.43233
2012-10-25 22:00:00,165.40782
2012-10-25 23:00:00,168.41519
2012-10-26 00:00:00,177.6582
2012-10-26 01:00:00,144.42496
2012-10-26 02:00:00,145.42741
2012-10-26 03:00:00,149.44395
2012-10-26 04:00:00,149.44395
2012-10-26 05:00:00,145.42741
2012-10-26 06:00:00,144.42496
2012-10-26 07:00:00,145.42741
2012-10-26 08:00:00,153.18309
2012-10-26 09:00:00,153.18309
2012-10-26 10:00:00,151.17818
2012-10-26 11:00:00,191.38257
2012-10-26 12:00:00,214.37045
2012-10-26 13:00:00,225.58595
2012-10-26 14:00:00,255.84026
2012-10-26 15:00:00,264.6014
2012-10-26 16:00:00,212.3655
2012-10-26 17:00:00,199.4804
2012-10-26 18:00:00,189.37096
2012-10-26 19:00:00,170.42683
2012-10-26 20:00:00,170.42686
2012-10-26 21:00:00,186.69368
2012-10-26 22:00:00,162.66444
2012-10-26 23:00:00,158.82231
2012-10-27 00:00:00,134.10332
2012-10-27 01:00:00,139.95714
2012-10-27 02:00:00,143.97371
2012-10-27 03:00:00,136.11496
2012-10-27 04:00:00,141.96878
2012-10-27 05:00:00,162.25227
2012-10-27 06:00:00,162.25227
2012-10-27 07:00:00,147.62837
2012-10-27 08:00:00,175.6471
2012-10-27 09:00:00,175.6471
2012-10-27 10:00:00,201.346
2012-10-27 11:00:00,234.48747
2012-10-27 12:00:00,293.9027
2012-10-27 13:00:00,324.3669
2012-10-27 14:00:00,315.22772
2012-10-27 15:00:00,252.52698
2012-10-27 16:00:00,240.3413
2012-10-27 17:00:00,240.3413
2012-10-27 18:00:00,240.3413
2012-10-27 19:00:00,200.47888
2012-10-27 20:00:00,200.47888
2012-10-27 21:00:00,200.47888
2012-10-27 22:00:00,202.48383
2012-10-27 23:00:00,223.71184
2012-10-28 00:00:00,223.53746
2012-10-28 01:00:00,198.74474
2012-10-28 02:00:00,211.93288
2012-10-28 03:00:00,229.17664
2012-10-28 04:00:00,231.18155
2012-10-28 05:00:00,227.165
2012-10-28 06:00:00,241.36235
2012-10-28 07:00:00,239.35071
2012-10-28 08:00:00,256.41943
2012-10-28 09:00:00,259.56952
2012-10-28 10:00:00,266.0316
2012-10-28 11:00:00,269.75024
2012-10-28 12:00:00,246.67917
2012-10-28 13:00:00,241.66019
2012-10-28 14:00:00,249.39546
2012-10-28 15:00:00,240.21721
2012-10-28 16:00:00,226.15671
2012-10-28 17:00:00,193.95828
2012-10-28 18:00:00,128.68301
2012-10-28 19:00:00,119.64743
2012-10-28 20:00:00,126.67807
2012-10-28 21:00:00,147.69328
2012-10-28 22:00:00,143.67673
2012-10-28 23:00:00,119.64743
2012-10-29 00:00:00,145.40114
2012-10-30 13:00:00,110.1103
2012-10-30 14:00:00,110.1103
2012-10-30 15:00:00,88.925125
2012-10-30 16:00:00,88.925125
2012-10-30 17:00:00,86.92021
2012-10-30 18:00:00,84.98888
2012-10-30 19:00:00,206.62662
2012-10-30 20:00:00,97.333275
2012-10-30 21:00:00,81.25415
2012-10-30 22:00:00,91.55977
2012-10-30 23:00:00,91.55977
2012-10-31 00:00:00,99.5327
2012-10-31 01:00:00,98.53024
2012-10-31 02:00:00,97.413605
2012-10-31 03:00:00,99.5327
2012-10-31 04:00:00,79.05472
2012-10-31 05:00:00,97.413605
2012-10-31 06:00:00,93.57142
2012-10-31 07:00:00,79.135056
2012-10-31 08:00:00,101.40744
2012-10-31 09:00:00,118.26631
2012-10-31 10:00:00,145.16998
2012-10-31 11:00:00,166.36339
2012-10-31 12:00:00,202.56462
2012-10-31 13:00:00,234.67128
2012-10-31 14:00:00,240.52516
2012-10-31 15:00:00,218.46901
2012-10-31 16:00:00,228.3394
2012-10-31 17:00:00,206.41353
2012-10-31 18:00:00,206.41353
2012-10-31 19:00:00,232.78981
2012-10-31 20:00:00,232.78981
2012-10-31 21:00:00,232.78981
2012-10-31 22:00:00,181.89911
2012-10-31 23:00:00,182.98863
2012-11-20 00:00:00,134.9181
2012-11-20 01:00:00,150.84962
2012-11-20 02:00:00,119.48602
2012-11-20 03:00:00,141.47136
2012-11-20 04:00:00,158.60094
2012-11-20 05:00:00,154.58438
2012-11-20 06:00:00,141.36389
2012-11-20 07:00:00,113.6322
2012-11-20 08:00:00,133.49843
2012-11-20 09:00:00,144.28835
2012-11-20 10:00:00,177.02307
2012-11-20 11:00:00,179.70024
2012-11-20 12:00:00,173.67207
2012-11-20 13:00:00,206.84065
2012-11-20 14:00:00,213.8714
2012-11-20 15:00:00,228.73428
2012-11-20 16:00:00,194.93242
2012-11-20 17:00:00,166.81
2012-11-20 18:00:00,177.02307
2012-11-20 19:00:00,155.76274
2012-11-20 20:00:00,134.77985
2012-11-20 21:00:00,138.43454
2012-11-20 22:00:00,138.43454
2012-11-20 23:00:00,99.40252
2012-11-21 00:00:00,102.21951
2012-11-21 01:00:00,99.40252
2012-11-21 02:00:00,65.552666
2012-11-21 03:00:00,65.552666
2012-11-21 04:00:00,65.552666
2012-11-21 05:00:00,65.552666
2012-11-21 06:00:00,68.6471
2012-11-21 07:00:00,62.923462
2012-11-21 08:00:00,92.77948
2012-11-21 09:00:00,113.63219
2012-11-21 10:00:00,165.85239
2012-11-21 11:00:00,226.93608
2012-11-21 12:00:00,265.82828
2012-11-21 13:00:00,286.1185
2012-11-21 14:00:00,295.92328
2012-11-21 15:00:00,279.76004
2012-11-21 16:00:00,286.18314
2012-11-21 17:00:00,255.39537
2012-11-21 18:00:00,263.1953
2012-11-21 19:00:00,242.51018
2012-11-21 20:00:00,166.08174
2012-11-21 21:00:00,202.40947
2012-11-21 22:00:00,199.70514
2012-11-21 23:00:00,157.42436
2012-11-22 00:00:00,134.04745
2012-11-22 01:00:00,125.619514
2012-11-22 02:00:00,79.583954
2012-11-22 03:00:00,80.5864
2012-11-22 04:00:00,57.51154
2012-11-22 05:00:00,80.5864
2012-11-22 06:00:00,101.54218
2012-11-22 07:00:00,72.74366
2012-11-22 08:00:00,78.467316
2012-11-22 09:00:00,129.43895
2012-11-22 10:00:00,173.94212
2012-11-22 11:00:00,243.00458
2012-11-22 12:00:00,261.00565
2012-11-22 13:00:00,278.91498
2012-11-22 14:00:00,290.75867
2012-11-22 15:00:00,290.75867
2012-11-22 16:00:00,272.8222
2012-11-22 17:00:00,261.00565
2012-11-22 18:00:00,225.15987
2012-11-22 19:00:00,113.153435
2012-11-22 20:00:00,122.63481
2012-11-22 21:00:00,155.03033
2012-11-22 22:00:00,147.3754
2012-11-22 23:00:00,114.20685
2012-11-23 00:00:00,133.76428
2012-11-23 01:00:00,86.92566
2012-11-23 02:00:00,99.48056
2012-11-23 03:00:00,112.78138
2012-11-23 04:00:00,90.63536
2012-11-23 05:00:00,73.54706
2012-11-23 06:00:00,73.54706
2012-11-23 07:00:00,73.54706
2012-11-23 08:00:00,53.0758
2012-11-23 09:00:00,102.10977
2012-11-23 10:00:00,165.97432
2012-11-23 11:00:00,226.93608
2012-11-23 12:00:00,278.9841
2012-11-23 13:00:00,286.7194
2012-11-23 14:00:00,302.275
2012-11-23 15:00:00,281.3192
2012-11-23 16:00:00,277.135
2012-11-23 17:00:00,282.22546
2012-11-23 18:00:00,255.21428
2012-11-23 19:00:00,257.12216
2012-11-23 20:00:00,264.52795
2012-11-23 21:00:00,257.28986
2012-11-23 22:00:00,312.294
2012-11-23 23:00:00,286.29227
2012-11-24 00:00:00,279.87894
2012-11-24 01:00:00,231.90196
2012-11-24 02:00:00,243.32358
2012-11-24 03:00:00,212.81168
2012-11-24 04:00:00,204.86812
2012-11-24 05:00:00,200.959
2012-11-24 06:00:00,183.05489
2012-11-24 07:00:00,206.81288
2012-11-24 08:00:00,202.58519
2012-11-24 09:00:00,210.72195
2012-11-24 10:00:00,195.66188
2012-11-24 11:00:00,214.64888
2012-11-24 12:00:00,252.59303
2012-11-24 13:00:00,241.61012
2012-11-24 14:00:00,255.68808
2012-11-24 15:00:00,240.79802
2012-11-24 16:00:00,223.85506
2012-11-24 17:00:00,204.97556
2012-11-24 18:00:00,214.11487
2012-11-24 19:00:00,200.0302
2012-11-24 20:00:00,183.05492
2012-11-24 21:00:00,181.1507
2012-11-24 22:00:00,185.1673
2012-11-24 23:00:00,181.1507
2012-11-25 00:00:00,170.27722
2012-11-25 01:00:00,179.52394
2012-11-25 02:00:00,182.3503
2012-11-25 03:00:00,178.78958
2012-11-25 04:00:00,178.78958
2012-11-25 05:00:00,174.23357
2012-11-25 06:00:00,174.31392
2012-11-25 07:00:00,162.12822
2012-11-25 08:00:00,164.0528
2012-11-25 09:00:00,176.83046
2012-11-25 10:00:00,172.98155
2012-11-25 11:00:00,208.00307
2012-11-25 12:00:00,208.00307
2012-11-25 13:00:00,203.98653
2012-11-25 14:00:00,218.43604
2012-11-25 15:00:00,212.5822
2012-11-25 16:00:00,219.7165
2012-11-25 17:00:00,203.85638
2012-11-25 18:00:00,188.99345
2012-11-25 19:00:00,199.40324
2012-11-25 20:00:00,135.79755
2012-11-25 21:00:00,178.07835
2012-11-25 22:00:00,135.79755
2012-11-25 23:00:00,104.5603
2012-11-26 00:00:00,104.3534
2012-11-26 01:00:00,98.629745
2012-11-26 02:00:00,98.629745
2012-11-26 03:00:00,98.629745
2012-11-26 04:00:00,104.3534
2012-11-26 05:00:00,103.082825
2012-11-26 06:00:00,104.3534
2012-11-26 07:00:00,122.28985
2012-11-26 08:00:00,122.28985
2012-11-26 09:00:00,163.08626
2012-11-26 10:00:00,193.98148
2012-11-26 11:00:00,273.5702
2012-11-26 12:00:00,272.3345
2012-11-26 13:00:00,272.3345
2012-11-26 14:00:00,265.30386
2012-11-26 15:00:00,271.33203
2012-11-26 16:00:00,286.2867
2012-11-26 17:00:00,274.44315
2012-11-26 18:00:00,205.23582
2012-11-26 19:00:00,187.5194
2012-11-26 20:00:00,199.70514
2012-11-26 21:00:00,199.70514
2012-11-26 22:00:00,157.42435
2012-11-26 23:00:00,150.95271
2012-11-27 00:00:00,149.95027
2012-11-27 01:00:00,140.77196
2012-11-27 02:00:00,138.68669
2012-11-27 03:00:00,146.62578
2012-11-27 04:00:00,103.187126
2012-11-27 05:00:00,99.344925
2012-11-27 06:00:00,99.42523
2012-11-27 07:00:00,103.267426
2012-11-27 08:00:00,111.02986
2012-11-27 09:00:00,107.26128
2012-11-27 10:00:00,113.03478
2012-11-27 11:00:00,87.81519
2012-11-27 12:00:00,88.119774
2012-11-27 13:00:00,83.17434
2012-11-27 14:00:00,86.108116
2012-11-27 15:00:00,118.51846
2012-11-27 16:00:00,118.51846
2012-11-27 17:00:00,124.54669
2012-11-27 18:00:00,82.83136
2012-11-27 19:00:00,111.40713
2012-11-27 20:00:00,99.104996
2012-11-27 21:00:00,72.06158
2012-11-27 22:00:00,72.24935
2012-11-27 23:00:00,85.75142
2012-11-28 00:00:00,104.02995
2012-11-28 01:00:00,106.14906
2012-11-28 02:00:00,106.14906
2012-11-28 03:00:00,121.3812
2012-11-28 04:00:00,119.369545
2012-11-28 05:00:00,119.44989
2012-11-28 06:00:00,136.61333
2012-11-28 07:00:00,162.01949
2012-11-28 08:00:00,136.0365
2012-11-28 09:00:00,174.075
2012-11-28 10:00:00,191.16447
2012-11-28 11:00:00,208.99352
2012-11-28 12:00:00,230.69931
2012-11-28 13:00:00,225.8613
2012-11-28 14:00:00,240.61166
2012-11-28 15:00:00,266.99466
2012-11-28 16:00:00,271.10822
2012-11-28 17:00:00,255.3554
2012-11-28 18:00:00,249.4597
2012-11-28 19:00:00,236.4113
2012-11-28 20:00:00,238.49657
2012-11-28 21:00:00,221.52127
2012-11-28 22:00:00,193.39513
2012-11-28 23:00:00,180.61734
2012-11-29 00:00:00,147.51498
2012-11-29 01:00:00,121.51682
2012-11-29 02:00:00,119.585526
2012-11-29 04:00:00,78.15849
2012-11-29 05:00:00,98.629745
2012-11-29 06:00:00,104.3534
2012-11-29 07:00:00,113.86186
2012-11-29 08:00:00,97.43951
2012-11-29 09:00:00,137.522
2012-11-29 10:00:00,135.66846
2012-11-29 11:00:00,248.85588
2012-11-29 12:00:00,235.70004
2012-11-29 13:00:00,272.00427
2012-11-29 14:00:00,230.57733
2012-11-29 15:00:00,230.46986
2012-11-29 16:00:00,239.71658
2012-11-29 17:00:00,235.0006
2012-11-29 18:00:00,196.80782
2012-11-29 19:00:00,179.82574
2012-11-29 20:00:00,181.91776
2012-11-29 21:00:00,128.82816
2012-11-29 22:00:00,114.712715
2012-11-29 23:00:00,145.94995
2012-11-30 00:00:00,111.51081
2012-11-30 01:00:00,104.86503
2012-11-30 02:00:00,91.82561
2012-11-30 03:00:00,91.82561
2012-11-30 04:00:00,86.074844
2012-11-30 05:00:00,65.11907
2012-11-30 06:00:00,46.840508
2012-11-30 07:00:00,70.842705
2012-11-30 08:00:00,78.62787
2012-11-30 09:00:00,89.632935
2012-11-30 10:00:00,145.34175
2012-11-30 11:00:00,195.30453
2012-11-30 12:00:00,226.17259
2012-11-30 13:00:00,261.2492
2012-11-30 14:00:00,257.23264
2012-11-30 15:00:00,269.04904
2012-11-30 16:00:00,244.24442
2012-11-30 17:00:00,207.24074
2012-11-30 18:00:00,169.0018
2012-11-30 19:00:00,142.19228
2012-11-30 20:00:00,142.19228
2012-11-30 21:00:00,110.95496
2012-11-30 22:00:00,109.02365
2012-11-30 23:00:00,116.80881
2012-12-20 00:00:00,162.33594
2012-12-20 01:00:00,142.19228
2012-12-20 02:00:00,142.19228
2012-12-20 03:00:00,132.04091
2012-12-20 04:00:00,132.04091
2012-12-20 05:00:00,133.04337
2012-12-20 06:00:00,145.34175
2012-12-20 07:00:00,130.10962
2012-12-20 08:00:00,130.10962
2012-12-20 09:00:00,130.10962
2012-12-20 10:00:00,143.92204
2012-12-20 11:00:00,183.93347
2012-12-20 12:00:00,201.95032
2012-12-20 13:00:00,191.76952
2012-12-20 14:00:00,203.95522
2012-12-20 15:00:00,186.0188
2012-12-20 16:00:00,199.02585
2012-12-20 17:00:00,158.60094
2012-12-20 18:00:00,143.36882
2012-12-20 19:00:00,149.14233
2012-12-20 20:00:00,131.98561
2012-12-20 21:00:00,131.98561
2012-12-20 22:00:00,100.47985
2012-12-20 23:00:00,148.18872
2012-12-21 00:00:00,67.6304
2012-12-21 01:00:00,79.40942
2012-12-21 02:00:00,66.854485
2012-12-21 03:00:00,66.854485
2012-12-21 04:00:00,92.97812
2012-12-21 05:00:00,66.97619
2012-12-21 06:00:00,131.80862
2012-12-21 07:00:00,112.29175
2012-12-21 08:00:00,114.19594
2012-12-21 09:00:00,160.60329
2012-12-21 10:00:00,161.99129
2012-12-21 11:00:00,164.83102
2012-12-21 12:00:00,169.95372
2012-12-21 13:00:00,173.97026
2012-12-21 14:00:00,175.98189
2012-12-21 15:00:00,157.0753
2012-12-21 16:00:00,162.19801
2012-12-21 17:00:00,94.8375
2012-12-21 18:00:00,92.825874
2012-12-21 19:00:00,130.33037
2012-12-21 20:00:00,143.59889
2012-12-21 21:00:00,140.70154
2012-12-21 22:00:00,123.52916
2012-12-21 23:00:00,126.62358
2012-12-22 00:00:00,136.76106
2012-12-22 01:00:00,127.725464
2012-12-22 02:00:00,132.7445
2012-12-22 03:00:00,115.539795
2012-12-22 04:00:00,110.809265
2012-12-22 05:00:00,117.652176
2012-12-22 06:00:00,129.83786
2012-12-22 07:00:00,129.83786
2012-12-22 08:00:00,138.766
2012-12-22 09:00:00,115.64723
2012-12-22 10:00:00,111.63066
2012-12-22 11:00:00,144.80823
2012-12-22 12:00:00,181.74994
2012-12-22 13:00:00,177.54298
2012-12-22 14:00:00,178.54543
2012-12-22 15:00:00,191.5938
2012-12-22 16:00:00,162.65291
2012-12-22 17:00:00,140.79164
2012-12-22 18:00:00,128.72794
2012-12-22 19:00:00,107.88481
2012-12-22 20:00:00,103.05358
2012-12-22 21:00:00,92.09978
2012-12-22 22:00:00,92.09978
2012-12-22 23:00:00,90.19559
2012-12-23 00:00:00,104.285484
2012-12-23 01:00:00,102.38126
2012-12-23 02:00:00,82.439896
2012-12-23 03:00:00,80.42825
2012-12-23 04:00:00,92.61393
2012-12-23 05:00:00,83.7376
2012-12-23 06:00:00,30.46696
2012-12-23 07:00:00,30.46696
2012-12-23 08:00:00,6.3896294
2012-12-23 09:00:00,58.17595
2012-12-23 10:00:00,50.592045
2012-12-23 11:00:00,88.77591
2012-12-23 12:00:00,140.5622
2012-12-23 13:00:00,157.43675
2012-12-23 14:00:00,188.45393
2012-12-23 15:00:00,176.48833
2012-12-23 16:00:00,180.50493
2012-12-23 17:00:00,129.08488
2012-12-23 18:00:00,133.51494
2012-12-23 19:00:00,139.8279
2012-12-23 20:00:00,58.28568
2012-12-23 21:00:00,37.329926
2012-12-23 22:00:00,66.60394
2012-12-23 23:00:00,67.794174
2012-12-24 00:00:00,36.34999
2012-12-24 01:00:00,36.34999
2012-12-24 02:00:00,12.347815
2012-12-24 03:00:00,12.347815
2012-12-24 05:00:00,-11.9172945
2012-12-24 06:00:00,12.347815
2012-12-24 07:00:00,30.626347
2012-12-24 08:00:00,36.34999
2012-12-24 09:00:00,58.950054
2012-12-24 10:00:00,65.86393
2012-12-24 11:00:00,79.825485
2012-12-24 12:00:00,100.9367
2012-12-24 13:00:00,16.06108
2012-12-24 14:00:00,-2.2174997
2012-12-24 15:00:00,-2.40526
2012-12-24 16:00:00,-2.40526
2012-12-24 17:00:00,-20.603474
2012-12-24 18:00:00,-20.496021
2012-12-24 19:00:00,-28.468948
2012-12-24 20:00:00,-22.615147
2012-12-24 21:00:00,-21.498478
2012-12-24 22:00:00,-25.159618
2012-12-24 23:00:00,-19.305794
2012-12-25 00:00:00,-31.547443
2012-12-25 01:00:00,-12.476964
2012-12-25 02:00:00,-12.476964
2012-12-25 04:00:00,-19.12273
2012-12-25 05:00:00,-44.241543
2012-12-25 06:00:00,-44.241543
2012-12-25 07:00:00,-42.229923
2012-12-25 08:00:00,-16.930016
2012-12-25 09:00:00,-25.150944
2012-12-25 10:00:00,6.9691024
2012-12-25 11:00:00,32.90261
2012-12-25 12:00:00,35.579826
2012-12-25 13:00:00,157.926
2012-12-25 14:00:00,162.34926
2012-12-25 15:00:00,129.08087
2012-12-25 16:00:00,134.93471
2012-12-25 17:00:00,102.13533
2012-12-25 18:00:00,74.717514
2012-12-25 19:00:00,72.712585
2012-12-25 20:00:00,76.72915
2012-12-25 21:00:00,68.02373
2012-12-25 22:00:00,54.88358
2012-12-25 23:00:00,66.28952
2012-12-26 00:00:00,76.33847
2012-12-26 01:00:00,65.408035
2012-12-26 02:00:00,65.408035
2012-12-26 03:00:00,48.441715
2012-12-26 04:00:00,39.910667
2012-12-26 05:00:00,44.842354
2012-12-26 06:00:00,40.82579
2012-12-26 07:00:00,-7.926589
2012-12-26 08:00:00,-7.926589
2012-12-26 09:00:00,-7.926589
2012-12-26 10:00:00,-9.938224
2012-12-26 11:00:00,-2.9878836
2012-12-26 12:00:00,-5.2222795
2012-12-26 13:00:00,-5.2222795
2012-12-26 14:00:00,-24.42968
2012-12-26 15:00:00,8.2570505
2012-12-26 16:00:00,8.2570505
2012-12-26 17:00:00,-10.021483
2012-12-26 18:00:00,-4.190382
2012-12-26 19:00:00,16.905172
2012-12-26 20:00:00,8.366817
2012-12-26 21:00:00,13.957978
2012-12-26 22:00:00,-13.840898
2012-12-26 23:00:00,4.2405066
2012-12-27 00:00:00,4.2405066
2012-12-27 01:00:00,-13.840898
2012-12-27 02:00:00,-1.4162254
2012-12-27 03:00:00,-8.259097
2012-12-27 04:00:00,-5.3524284
2012-12-27 05:00:00,22.52451
2012-12-27 06:00:00,47.526585
2012-12-27 07:00:00,37.676308
2012-12-27 08:00:00,63.57077
2012-12-27 09:00:00,83.71448
2012-12-27 10:00:00,103.66258
2012-12-27 11:00:00,108.59427
2012-12-27 12:00:00,134.91556
2012-12-27 13:00:00,134.91556
2012-12-27 14:00:00,103.76565
2012-12-27 15:00:00,98.74663
2012-12-27 16:00:00,108.105995
2012-12-27 17:00:00,108.105995
2012-12-27 18:00:00,75.99932
2012-12-27 19:00:00,68.03311
2012-12-27 20:00:00,68.22089
2012-12-27 21:00:00,75.99932
2012-12-27 22:00:00,73.886925
2012-12-27 23:00:00,75.99932
2012-12-28 00:00:00,74.074715
2012-12-28 01:00:00,66.128914
2012-12-28 02:00:00,70.145485
2012-12-28 03:00:00,74.074715
2012-12-28 04:00:00,74.18217
2012-12-28 05:00:00,73.17972
2012-12-28 06:00:00,54.220654
2012-12-28 07:00:00,50.311543
2012-12-28 08:00:00,72.063065
2012-12-28 09:00:00,73.886925
2012-12-28 10:00:00,93.90867
2012-12-28 11:00:00,113.93709
2012-12-28 12:00:00,126.89581
2012-12-28 13:00:00,126.89581
2012-12-28 14:00:00,126.89581
2012-12-28 15:00:00,121.98422
2012-12-28 16:00:00,121.04199
2012-12-28 17:00:00,66.20925
2012-12-28 18:00:00,66.20925
2012-12-28 19:00:00,56.75062
2012-12-28 20:00:00,58.950054
2012-12-28 21:00:00,41.59882
2012-12-28 22:00:00,42.715466
2012-12-28 23:00:00,57.947582
2012-12-29 00:00:00,30.838799
2012-12-29 01:00:00,21.6349
2012-12-29 02:00:00,30.838799
2012-12-29 03:00:00,15.606664
2012-12-29 04:00:00,21.6349
2012-12-29 05:00:00,21.6349
2012-12-29 06:00:00,39.496216
2012-12-29 07:00:00,41.50115
2012-12-29 08:00:00,-1.0451365
2012-12-29 09:00:00,-1.0451164
2012-12-29 10:00:00,13.844313
2012-12-29 11:00:00,-30.60046
2012-12-29 12:00:00,-57.953632
2012-12-29 13:00:00,-57.953632
2012-12-29 14:00:00,-14.9222
2012-12-29 15:00:00,-20.950397
2012-12-29 16:00:00,21.663765
2012-12-29 17:00:00,6.224564
2012-12-29 18:00:00,42.917366
2012-12-29 19:00:00,80.205605
2012-12-29 20:00:00,115.52058
2012-12-29 21:00:00,109.87725
2012-12-29 22:00:00,94.05988
2012-12-29 23:00:00,62.929802
2012-12-30 00:00:00,78.101074
2012-12-30 01:00:00,99.13458
2012-12-30 02:00:00,94.19588
2012-12-30 03:00:00,99.13458
2012-12-30 04:00:00,94.30335
2012-12-30 05:00:00,115.472855
2012-12-30 06:00:00,101.47263
2012-12-30 07:00:00,83.51342
2012-12-30 08:00:00,98.632904
2012-12-30 09:00:00,97.71076
2012-12-30 10:00:00,145.90036
2012-12-30 11:00:00,138.97713
2012-12-30 12:00:00,166.88324
2012-12-30 13:00:00,181.74994
2012-12-30 14:00:00,172.79463
2012-12-30 15:00:00,151.94257
2012-12-30 16:00:00,153.84003
2012-12-30 17:00:00,132.95566
2012-12-30 18:00:00,121.9078
2012-12-30 19:00:00,93.4202
2012-12-30 20:00:00,103.20269
2012-12-30 21:00:00,82.439896
2012-12-30 22:00:00,68.16222
2012-12-30 23:00:00,82.35958
2012-12-31 00:00:00,64.13588
2012-12-31 01:00:00,64.13588
2012-12-31 02:00:00,44.221607
2012-12-31 03:00:00,44.30194
2012-12-31 04:00:00,8.11405
2012-12-31 05:00:00,26.870369
2012-12-31 06:00:00,28.989487
2012-12-31 07:00:00,31.074734
2012-12-31 08:00:00,5.9949446
2012-12-31 09:00:00,44.77129
2012-12-31 10:00:00,33.17083
2012-12-31 11:00:00,70.35599
2012-12-31 12:00:00,84.16845
2012-12-31 13:00:00,128.5683
2012-12-31 14:00:00,135.26205
2012-12-31 15:00:00,133.3579
2012-12-31 16:00:00,118.3875
2012-12-31 17:00:00,119.58447
2012-12-31 18:00:00,118.467834
2012-12-31 19:00:00,79.825485
2012-12-31 20:00:00,79.825485
2012-12-31 21:00:00,73.97166
2012-12-31 22:00:00,88.2426
2012-12-31 23:00:00,60.82478
